timestamp_iso,x,y,z
2026-05-09T12:14:00.138,-1.7026,0.0000,-0.0906
2026-05-09T12:14:00.528,-1.7026,-0.0039,-0.0906
2026-05-09T12:14:00.696,-1.5000,0.2500,-22.7500
2026-05-09T12:14:00.730,-1.5000,0.0800,-22.7500
2026-05-09T12:14:01.816,-1.5022,0.0800,-22.8248
2026-05-09T12:14:01.848,-1.5065,0.0800,-22.9705
2026-05-09T12:14:01.880,-1.5130,0.0800,-23.1057
2026-05-09T12:14:01.916,-1.5220,0.0800,-23.2361
2026-05-09T12:14:01.954,-1.5336,0.0800,-23.3574
2026-05-09T12:14:01.993,-1.5490,0.0800,-23.4753
2026-05-09T12:14:02.025,-1.5683,0.0800,-23.5888
2026-05-09T12:14:02.054,-1.5928,0.0800,-23.7008
2026-05-09T12:14:02.084,-1.6152,0.0800,-23.7823
2026-05-09T12:14:02.113,-1.6379,0.0800,-23.8537
2026-05-09T12:14:02.142,-1.6631,0.0800,-23.8748
2026-05-09T12:14:02.174,-1.6845,0.0800,-23.8760
2026-05-09T12:14:02.208,-1.7000,0.0800,-23.8774
2026-05-09T12:14:02.245,-1.7076,0.0800,-23.8790
2026-05-09T12:14:02.286,-1.7098,0.0800,-23.8809
2026-05-09T12:14:02.317,-1.6973,0.0800,-23.8622
2026-05-09T12:14:02.348,-1.6734,0.0800,-23.8301
2026-05-09T12:14:02.375,-1.6445,0.0800,-23.7954
2026-05-09T12:14:02.401,-1.6078,0.0800,-23.7548
2026-05-09T12:14:02.427,-1.5701,0.0800,-23.7164
2026-05-09T12:14:02.452,-1.5304,0.0800,-23.6786
2026-05-09T12:14:02.476,-1.4887,0.0800,-23.6414
2026-05-09T12:14:02.499,-1.4440,0.0800,-23.6041
2026-05-09T12:14:02.523,-1.4026,0.0800,-23.5717
2026-05-09T12:14:02.547,-1.3601,0.0800,-23.5404
2026-05-09T12:14:02.569,-1.3166,0.0800,-23.5103
2026-05-09T12:14:02.592,-1.2708,0.0800,-23.4805
2026-05-09T12:14:02.615,-1.2282,0.0800,-23.4545
2026-05-09T12:14:02.637,-1.1824,0.0800,-23.4281
2026-05-09T12:14:02.660,-1.1352,0.0800,-23.4027
2026-05-09T12:14:02.682,-1.0905,0.0800,-23.3803
2026-05-09T12:14:02.704,-1.0332,0.0800,-23.3535
2026-05-09T12:14:02.726,-0.9729,0.0800,-23.3273
2026-05-09T12:14:02.748,-0.9034,0.0800,-23.2994
2026-05-09T12:14:02.769,-0.8286,0.0800,-23.2715
2026-05-09T12:14:02.790,-0.7468,0.0800,-23.2431
2026-05-09T12:14:02.812,-0.6620,0.0800,-23.2157
2026-05-09T12:14:02.833,-0.5770,0.0800,-23.1899
2026-05-09T12:14:02.856,-0.4675,0.0800,-23.1587
2026-05-09T12:14:02.877,-0.3902,0.0800,-23.1382
2026-05-09T12:14:02.900,-0.2881,0.0800,-23.1122
2026-05-09T12:14:02.923,-0.1881,0.0800,-23.0880
2026-05-09T12:14:02.946,-0.0797,0.0800,-23.0629
2026-05-09T12:14:02.970,0.0252,0.0800,-23.0399
2026-05-09T12:14:02.995,0.1340,0.0800,-23.0171
2026-05-09T12:14:03.019,0.2478,0.0800,-22.9944
2026-05-09T12:14:03.043,0.3608,0.0800,-22.9731
2026-05-09T12:14:03.065,0.4803,0.0800,-22.9519
2026-05-09T12:14:03.086,0.5931,0.0800,-22.9330
2026-05-09T12:14:03.110,0.6972,0.0800,-22.9167
2026-05-09T12:14:03.133,0.7973,0.0800,-22.9020
2026-05-09T12:14:03.156,0.9112,0.0800,-22.8861
2026-05-09T12:14:03.176,1.0191,0.0800,-22.8721
2026-05-09T12:14:03.197,1.1320,0.0800,-22.8584
2026-05-09T12:14:03.218,1.2324,0.0800,-22.8472
2026-05-09T12:14:03.239,1.3307,0.0800,-22.8372
2026-05-09T12:14:03.258,1.4327,0.0800,-22.8276
2026-05-09T12:14:03.278,1.5321,0.0800,-22.8192
2026-05-09T12:14:03.298,1.6239,0.0800,-22.8121
2026-05-09T12:14:03.318,1.7233,0.0800,-22.8052
2026-05-09T12:14:03.339,1.8158,0.0800,-22.7996
2026-05-09T12:14:03.361,1.9122,0.0800,-22.7944
2026-05-09T12:14:03.384,2.0129,0.0800,-22.7897
2026-05-09T12:14:03.407,2.1197,0.0800,-22.7855
2026-05-09T12:14:03.430,2.2333,0.0800,-22.7821
2026-05-09T12:14:03.450,2.3441,0.0800,-22.7799
2026-05-09T12:14:03.471,2.4535,0.0800,-22.7786
2026-05-09T12:14:03.491,2.5542,0.0800,-22.7784
2026-05-09T12:14:03.510,2.6567,0.0800,-22.7787
2026-05-09T12:14:03.529,2.7506,0.0800,-22.7791
2026-05-09T12:14:03.550,2.8461,0.0800,-22.7794
2026-05-09T12:14:03.569,2.9421,0.0800,-22.7798
2026-05-09T12:14:03.591,3.0444,0.0800,-22.7802
2026-05-09T12:14:03.611,3.1435,0.0800,-22.7806
2026-05-09T12:14:03.632,3.2516,0.0800,-22.7810
2026-05-09T12:14:03.651,3.3535,0.0800,-22.7813
2026-05-09T12:14:03.670,3.4563,0.0800,-22.7816
2026-05-09T12:14:03.690,3.5510,0.0800,-22.7819
2026-05-09T12:14:03.710,3.6456,0.0800,-22.7820
2026-05-09T12:14:03.732,3.7435,0.0800,-22.7821
2026-05-09T12:14:03.753,3.8471,0.0800,-22.7822
2026-05-09T12:14:03.773,3.9555,0.0800,-22.7823
2026-05-09T12:14:03.794,4.0596,0.0800,-22.7825
2026-05-09T12:14:03.815,4.1621,0.0800,-22.7829
2026-05-09T12:14:03.835,4.2614,0.0800,-22.7833
2026-05-09T12:14:03.857,4.3686,0.0800,-22.7837
2026-05-09T12:14:03.877,4.4664,0.0800,-22.7841
2026-05-09T12:14:03.897,4.5725,0.0800,-22.7844
2026-05-09T12:14:03.917,4.6741,0.0800,-22.7846
2026-05-09T12:14:03.937,4.7710,0.0800,-22.7848
2026-05-09T12:14:03.958,4.8736,0.0800,-22.7849
2026-05-09T12:14:03.979,4.9729,0.0800,-22.7850
2026-05-09T12:14:03.999,5.0732,0.0800,-22.7852
2026-05-09T12:14:04.019,5.1762,0.0800,-22.7854
2026-05-09T12:14:04.039,5.2740,0.0800,-22.7856
2026-05-09T12:14:04.059,5.3768,0.0800,-22.7859
2026-05-09T12:14:04.078,5.4704,0.0800,-22.7862
2026-05-09T12:14:04.097,5.5695,0.0800,-22.7858
2026-05-09T12:14:04.116,5.6600,0.0800,-22.7848
2026-05-09T12:14:04.135,5.7485,0.0800,-22.7831
2026-05-09T12:14:04.154,5.8424,0.0800,-22.7804
2026-05-09T12:14:04.173,5.9239,0.0800,-22.7773
2026-05-09T12:14:04.191,6.0123,0.0800,-22.7730
2026-05-09T12:14:04.210,6.0986,0.0800,-22.7677
2026-05-09T12:14:04.229,6.1760,0.0800,-22.7620
2026-05-09T12:14:04.247,6.2583,0.0800,-22.7545
2026-05-09T12:14:04.266,6.3365,0.0800,-22.7463
2026-05-09T12:14:04.285,6.4161,0.0800,-22.7367
2026-05-09T12:14:04.303,6.4938,0.0800,-22.7262
2026-05-09T12:14:04.322,6.5726,0.0800,-22.7143
2026-05-09T12:14:04.341,6.6490,0.0800,-22.7015
2026-05-09T12:14:04.359,6.7299,0.0800,-22.6867
2026-05-09T12:14:04.378,6.8059,0.0800,-22.6715
2026-05-09T12:14:04.396,6.8795,0.0800,-22.6556
2026-05-09T12:14:04.414,6.9581,0.0800,-22.6374
2026-05-09T12:14:04.434,7.0318,0.0800,-22.6190
2026-05-09T12:14:04.453,7.1058,0.0800,-22.5993
2026-05-09T12:14:04.472,7.1860,0.0800,-22.5766
2026-05-09T12:14:04.491,7.2629,0.0800,-22.5534
2026-05-09T12:14:04.508,7.3375,0.0800,-22.5295
2026-05-09T12:14:04.525,7.4115,0.0800,-22.5047
2026-05-09T12:14:04.542,7.4839,0.0800,-22.4792
2026-05-09T12:14:04.559,7.5455,0.0800,-22.4563
2026-05-09T12:14:04.577,7.6245,0.0800,-22.4259
2026-05-09T12:14:04.595,7.6817,0.0800,-22.4028
2026-05-09T12:14:04.612,7.7503,0.0800,-22.3741
2026-05-09T12:14:04.629,7.8183,0.0800,-22.3444
2026-05-09T12:14:04.646,7.8905,0.0800,-22.3117
2026-05-09T12:14:04.663,7.9515,0.0800,-22.2830
2026-05-09T12:14:04.679,8.0144,0.0800,-22.2522
2026-05-09T12:14:04.696,8.0783,0.0800,-22.2199
2026-05-09T12:14:04.713,8.1402,0.0800,-22.1875
2026-05-09T12:14:04.728,8.2026,0.0800,-22.1536
2026-05-09T12:14:04.742,8.2611,0.0800,-22.1208
2026-05-09T12:14:04.758,8.3148,0.0800,-22.0897
2026-05-09T12:14:04.774,8.3665,0.0800,-22.0588
2026-05-09T12:14:04.791,8.4212,0.0800,-22.0250
2026-05-09T12:14:04.807,8.4774,0.0800,-21.9894
2026-05-09T12:14:04.824,8.5349,0.0800,-21.9518
2026-05-09T12:14:04.839,8.5965,0.0800,-21.9102
2026-05-09T12:14:04.853,8.6497,0.0800,-21.8730
2026-05-09T12:14:04.868,8.6982,0.0800,-21.8380
2026-05-09T12:14:04.883,8.7497,0.0800,-21.7999
2026-05-09T12:14:04.900,8.7953,0.0800,-21.7652
2026-05-09T12:14:04.918,8.8431,0.0800,-21.7278
2026-05-09T12:14:04.935,8.8966,0.0800,-21.6846
2026-05-09T12:14:04.952,8.9568,0.0800,-21.6343
2026-05-09T12:14:04.968,9.0013,0.0800,-21.5955
2026-05-09T12:14:04.984,9.0518,0.0800,-21.5501
2026-05-09T12:14:05.000,9.0962,0.0800,-21.5087
2026-05-09T12:14:05.015,9.1428,0.0800,-21.4637
2026-05-09T12:14:05.031,9.1853,0.0800,-21.4211
2026-05-09T12:14:05.048,9.2314,0.0800,-21.3731
2026-05-09T12:14:05.062,9.2681,0.0800,-21.3333
2026-05-09T12:14:05.077,9.3111,0.0800,-21.2849
2026-05-09T12:14:05.092,9.3448,0.0800,-21.2453
2026-05-09T12:14:05.109,9.3799,0.0800,-21.2025
2026-05-09T12:14:05.129,9.4141,0.0800,-21.1592
2026-05-09T12:14:05.151,9.4527,0.0800,-21.1084
2026-05-09T12:14:05.173,9.4915,0.0800,-21.0546
2026-05-09T12:14:05.190,9.5409,0.0800,-20.9823
2026-05-09T12:14:05.206,9.5812,0.0800,-20.9193
2026-05-09T12:14:05.224,9.6071,0.0800,-20.8768
2026-05-09T12:14:05.242,9.6348,0.0800,-20.8289
2026-05-09T12:14:05.261,9.6649,0.0800,-20.7748
2026-05-09T12:14:05.280,9.6927,0.0800,-20.7222
2026-05-09T12:14:05.298,9.7187,0.0800,-20.6706
2026-05-09T12:14:05.316,9.7473,0.0800,-20.6109
2026-05-09T12:14:05.334,9.7712,0.0800,-20.5579
2026-05-09T12:14:05.350,9.7948,0.0800,-20.5027
2026-05-09T12:14:05.365,9.8173,0.0800,-20.4471
2026-05-09T12:14:05.379,9.8368,0.0800,-20.3958
2026-05-09T12:14:05.397,9.8521,0.0800,-20.3532
2026-05-09T12:14:05.417,9.8692,0.0800,-20.3027
2026-05-09T12:14:05.437,9.8871,0.0800,-20.2470
2026-05-09T12:14:05.454,9.9088,0.0800,-20.1749
2026-05-09T12:14:05.471,9.9295,0.0800,-20.1005
2026-05-09T12:14:05.489,9.9477,0.0800,-20.0300
2026-05-09T12:14:05.505,9.9650,0.0800,-19.9589
2026-05-09T12:14:05.521,9.9820,0.0800,-19.8850
2026-05-09T12:14:05.537,9.9972,0.0800,-19.8138
2026-05-09T12:14:05.555,10.0110,0.0800,-19.7452
2026-05-09T12:14:05.573,10.0233,0.0800,-19.6794
2026-05-09T12:14:05.593,10.0367,0.0800,-19.6033
2026-05-09T12:14:05.613,10.0500,0.0800,-19.5206
2026-05-09T12:14:05.630,10.0624,0.0800,-19.4357
2026-05-09T12:14:05.647,10.0738,0.0800,-19.3495
2026-05-09T12:14:05.663,10.0825,0.0800,-19.2753
2026-05-09T12:14:05.680,10.0904,0.0800,-19.1991
2026-05-09T12:14:05.698,10.0974,0.0800,-19.1248
2026-05-09T12:14:05.717,10.1039,0.0800,-19.0472
2026-05-09T12:14:05.736,10.1099,0.0800,-18.9664
2026-05-09T12:14:05.756,10.1156,0.0800,-18.8756
2026-05-09T12:14:05.772,10.1203,0.0800,-18.7872
2026-05-09T12:14:05.788,10.1245,0.0800,-18.6919
2026-05-09T12:14:05.804,10.1269,0.0800,-18.6178
2026-05-09T12:14:05.822,10.1290,0.0800,-18.5405
2026-05-09T12:14:05.841,10.1303,0.0800,-18.4643
2026-05-09T12:14:05.860,10.1314,0.0800,-18.3761
2026-05-09T12:14:05.880,10.1321,0.0800,-18.2774
2026-05-09T12:14:05.897,10.1327,0.0800,-18.1862
2026-05-09T12:14:05.914,10.1335,0.0800,-18.0871
2026-05-09T12:14:05.932,10.1342,0.0800,-17.9990
2026-05-09T12:14:05.949,10.1349,0.0800,-17.9185
2026-05-09T12:14:05.966,10.1359,0.0800,-17.8232
2026-05-09T12:14:05.983,10.1368,0.0800,-17.7401
2026-05-09T12:14:06.000,10.1378,0.0800,-17.6611
2026-05-09T12:14:06.020,10.1389,0.0800,-17.5770
2026-05-09T12:14:06.037,10.1402,0.0800,-17.4845
2026-05-09T12:14:06.056,10.1417,0.0800,-17.3769
2026-05-09T12:14:06.073,10.1428,0.0800,-17.3054
2026-05-09T12:14:06.091,10.1441,0.0800,-17.2097
2026-05-09T12:14:06.108,10.1454,0.0800,-17.1209
2026-05-09T12:14:06.126,10.1468,0.0800,-17.0235
2026-05-09T12:14:06.145,10.1477,0.0800,-16.9551
2026-05-09T12:14:06.163,10.1490,0.0800,-16.8621
2026-05-09T12:14:06.180,10.1502,0.0800,-16.7661
2026-05-09T12:14:06.197,10.1513,0.0800,-16.6815
2026-05-09T12:14:06.214,10.1524,0.0800,-16.5929
2026-05-09T12:14:06.230,10.1535,0.0800,-16.5083
2026-05-09T12:14:06.246,10.1546,0.0800,-16.4233
2026-05-09T12:14:06.264,10.1556,0.0800,-16.3440
2026-05-09T12:14:06.281,10.1567,0.0800,-16.2653
2026-05-09T12:14:06.297,10.1579,0.0800,-16.1763
2026-05-09T12:14:06.313,10.1591,0.0800,-16.0872
2026-05-09T12:14:06.330,10.1602,0.0800,-16.0116
2026-05-09T12:14:06.348,10.1614,0.0800,-15.9292
2026-05-09T12:14:06.367,10.1626,0.0800,-15.8488
2026-05-09T12:14:06.386,10.1640,0.0800,-15.7536
2026-05-09T12:14:06.405,10.1655,0.0800,-15.6614
2026-05-09T12:14:06.423,10.1668,0.0800,-15.5699
2026-05-09T12:14:06.438,10.1682,0.0800,-15.4762
2026-05-09T12:14:06.454,10.1696,0.0800,-15.3871
2026-05-09T12:14:06.470,10.1708,0.0800,-15.3104
2026-05-09T12:14:06.487,10.1720,0.0800,-15.2298
2026-05-09T12:14:06.505,10.1733,0.0800,-15.1498
2026-05-09T12:14:06.521,10.1747,0.0800,-15.0665
2026-05-09T12:14:06.536,10.1761,0.0800,-14.9785
2026-05-09T12:14:06.551,10.1774,0.0800,-14.8998
2026-05-09T12:14:06.566,10.1786,0.0800,-14.8250
2026-05-09T12:14:06.582,10.1798,0.0800,-14.7483
2026-05-09T12:14:06.596,10.1810,0.0800,-14.6749
2026-05-09T12:14:06.611,10.1822,0.0800,-14.5969
2026-05-09T12:14:06.625,10.1833,0.0800,-14.5228
2026-05-09T12:14:06.638,10.1844,0.0800,-14.4492
2026-05-09T12:14:06.653,10.1854,0.0800,-14.3819
2026-05-09T12:14:06.667,10.1864,0.0800,-14.3137
2026-05-09T12:14:06.682,10.1875,0.0800,-14.2398
2026-05-09T12:14:06.698,10.1886,0.0800,-14.1706
2026-05-09T12:14:06.713,10.1897,0.0800,-14.0933
2026-05-09T12:14:06.729,10.1909,0.0800,-14.0165
2026-05-09T12:14:06.744,10.1922,0.0800,-13.9365
2026-05-09T12:14:06.760,10.1934,0.0800,-13.8638
2026-05-09T12:14:06.775,10.1946,0.0800,-13.7896
2026-05-09T12:14:06.789,10.1959,0.0800,-13.7115
2026-05-09T12:14:06.804,10.1972,0.0800,-13.6344
2026-05-09T12:14:06.819,10.1983,0.0800,-13.5632
2026-05-09T12:14:06.833,10.1996,0.0800,-13.4873
2026-05-09T12:14:06.847,10.2008,0.0800,-13.4161
2026-05-09T12:14:06.860,10.2019,0.0800,-13.3483
2026-05-09T12:14:06.875,10.2031,0.0800,-13.2762
2026-05-09T12:14:06.890,10.2042,0.0800,-13.2101
2026-05-09T12:14:06.905,10.2054,0.0800,-13.1335
2026-05-09T12:14:06.921,10.2065,0.0800,-13.0639
2026-05-09T12:14:06.936,10.2077,0.0800,-12.9869
2026-05-09T12:14:06.951,10.2089,0.0800,-12.9045
2026-05-09T12:14:06.965,10.2100,0.0800,-12.8316
2026-05-09T12:14:06.979,10.2111,0.0800,-12.7595
2026-05-09T12:14:06.993,10.2122,0.0800,-12.6890
2026-05-09T12:14:07.007,10.2133,0.0800,-12.6174
2026-05-09T12:14:07.021,10.2144,0.0800,-12.5503
2026-05-09T12:14:07.037,10.2155,0.0800,-12.4821
2026-05-09T12:14:07.052,10.2168,0.0800,-12.4106
2026-05-09T12:14:07.068,10.2183,0.0800,-12.3306
2026-05-09T12:14:07.081,10.2197,0.0800,-12.2540
2026-05-09T12:14:07.095,10.2211,0.0800,-12.1766
2026-05-09T12:14:07.108,10.2223,0.0800,-12.1114
2026-05-09T12:14:07.127,10.2236,0.0800,-12.0424
2026-05-09T12:14:07.141,10.2248,0.0800,-11.9719
2026-05-09T12:14:07.155,10.2264,0.0800,-11.8810
2026-05-09T12:14:07.169,10.2276,0.0800,-11.8116
2026-05-09T12:14:07.183,10.2288,0.0800,-11.7446
2026-05-09T12:14:07.198,10.2299,0.0800,-11.6769
2026-05-09T12:14:07.212,10.2308,0.0800,-11.6088
2026-05-09T12:14:07.229,10.2311,0.0800,-11.5410
2026-05-09T12:14:07.239,10.2310,0.0800,-11.4740
2026-05-09T12:14:07.253,10.2303,0.0800,-11.3970
2026-05-09T12:14:07.266,10.2295,0.0800,-11.3603
2026-05-09T12:14:07.279,10.2280,0.0800,-11.3169
2026-05-09T12:14:07.295,10.2266,0.0800,-11.2878
2026-05-09T12:14:07.309,10.2260,0.0800,-11.2790
2026-05-09T12:14:07.323,10.2263,0.0800,-11.2835
2026-05-09T12:14:07.337,10.2287,0.0800,-11.3048
2026-05-09T12:14:07.350,10.2321,0.0800,-11.3311
2026-05-09T12:14:07.364,10.2368,0.0800,-11.3626
2026-05-09T12:14:07.378,10.2422,0.0800,-11.3944
2026-05-09T12:14:07.392,10.2485,0.0800,-11.4284
2026-05-09T12:14:07.406,10.2568,0.0800,-11.4689
2026-05-09T12:14:07.419,10.2656,0.0800,-11.5076
2026-05-09T12:14:07.434,10.2753,0.0800,-11.5472
2026-05-09T12:14:07.448,10.2856,0.0800,-11.5865
2026-05-09T12:14:07.461,10.2983,0.0800,-11.6319
2026-05-09T12:14:07.476,10.3117,0.0800,-11.6764
2026-05-09T12:14:07.490,10.3243,0.0800,-11.7157
2026-05-09T12:14:07.503,10.3401,0.0800,-11.7628
2026-05-09T12:14:07.517,10.3545,0.0800,-11.8030
2026-05-09T12:14:07.531,10.3701,0.0800,-11.8445
2026-05-09T12:14:07.544,10.3875,0.0800,-11.8886
2026-05-09T12:14:07.558,10.4031,0.0800,-11.9261
2026-05-09T12:14:07.573,10.4207,0.0800,-11.9669
2026-05-09T12:14:07.587,10.4396,0.0800,-12.0088
2026-05-09T12:14:07.600,10.4584,0.0800,-12.0488
2026-05-09T12:14:07.614,10.4772,0.0800,-12.0867
2026-05-09T12:14:07.628,10.4940,0.0800,-12.1193
2026-05-09T12:14:07.642,10.5134,0.0800,-12.1556
2026-05-09T12:14:07.656,10.5319,0.0800,-12.1885
2026-05-09T12:14:07.670,10.5512,0.0800,-12.2216
2026-05-09T12:14:07.684,10.5712,0.0800,-12.2545
2026-05-09T12:14:07.698,10.5916,0.0800,-12.2866
2026-05-09T12:14:07.712,10.6111,0.0800,-12.3161
2026-05-09T12:14:07.726,10.6315,0.0800,-12.3459
2026-05-09T12:14:07.739,10.6507,0.0800,-12.3727
2026-05-09T12:14:07.754,10.6708,0.0800,-12.3998
2026-05-09T12:14:07.767,10.6909,0.0800,-12.4257
2026-05-09T12:14:07.781,10.7130,0.0800,-12.4534
2026-05-09T12:14:07.795,10.7313,0.0800,-12.4751
2026-05-09T12:14:07.809,10.7527,0.0800,-12.4998
2026-05-09T12:14:07.823,10.7724,0.0800,-12.5216
2026-05-09T12:14:07.837,10.7942,0.0800,-12.5448
2026-05-09T12:14:07.850,10.8121,0.0800,-12.5631
2026-05-09T12:14:07.864,10.8319,0.0800,-12.5827
2026-05-09T12:14:07.878,10.8516,0.0800,-12.6012
2026-05-09T12:14:07.892,10.8692,0.0800,-12.6172
2026-05-09T12:14:07.906,10.8895,0.0800,-12.6350
2026-05-09T12:14:07.920,10.9080,0.0800,-12.6506
2026-05-09T12:14:07.934,10.9269,0.0800,-12.6657
2026-05-09T12:14:07.948,10.9472,0.0800,-12.6814
2026-05-09T12:14:07.962,10.9645,0.0800,-12.6941
2026-05-09T12:14:07.976,10.9853,0.0800,-12.7088
2026-05-09T12:14:07.990,11.0031,0.0800,-12.7208
2026-05-09T12:14:08.003,11.0239,0.0800,-12.7342
2026-05-09T12:14:08.018,11.0431,0.0800,-12.7460
2026-05-09T12:14:08.032,11.0622,0.0800,-12.7572
2026-05-09T12:14:08.046,11.0844,0.0800,-12.7697
2026-05-09T12:14:08.059,11.1037,0.0800,-12.7800
2026-05-09T12:14:08.074,11.1253,0.0800,-12.7908
2026-05-09T12:14:08.087,11.1451,0.0800,-12.8004
2026-05-09T12:14:08.100,11.1678,0.0800,-12.8108
2026-05-09T12:14:08.115,11.1864,0.0800,-12.8187
2026-05-09T12:14:08.129,11.2058,0.0800,-12.8266
2026-05-09T12:14:08.142,11.2294,0.0800,-12.8358
2026-05-09T12:14:08.157,11.2481,0.0800,-12.8424
2026-05-09T12:14:08.171,11.2672,0.0800,-12.8489
2026-05-09T12:14:08.185,11.2877,0.0800,-12.8554
2026-05-09T12:14:08.199,11.3080,0.0800,-12.8613
2026-05-09T12:14:08.213,11.3237,0.0800,-12.8654
2026-05-09T12:14:08.227,11.3354,0.0800,-12.8683
2026-05-09T12:14:08.240,11.3433,0.0800,-12.8701
2026-05-09T12:14:08.255,11.3463,0.0800,-12.8707
2026-05-09T12:14:08.282,11.3462,0.0800,-12.8708
2026-05-09T12:14:08.297,11.3431,0.0800,-12.8704
2026-05-09T12:14:08.311,11.3355,0.0800,-12.8697
2026-05-09T12:14:08.325,11.3249,0.0800,-12.8689
2026-05-09T12:14:08.338,11.3141,0.0800,-12.8683
2026-05-09T12:14:08.353,11.2985,0.0800,-12.8677
2026-05-09T12:14:08.366,11.2841,0.0800,-12.8675
2026-05-09T12:14:08.380,11.2652,0.0800,-12.8676
2026-05-09T12:14:08.394,11.2457,0.0800,-12.8681
2026-05-09T12:14:08.408,11.2249,0.0800,-12.8691
2026-05-09T12:14:08.421,11.2046,0.0800,-12.8705
2026-05-09T12:14:08.436,11.1836,0.0800,-12.8723
2026-05-09T12:14:08.450,11.1634,0.0800,-12.8745
2026-05-09T12:14:08.463,11.1371,0.0800,-12.8779
2026-05-09T12:14:08.478,11.1106,0.0800,-12.8819
2026-05-09T12:14:08.492,11.0858,0.0800,-12.8862
2026-05-09T12:14:08.505,11.0582,0.0800,-12.8915
2026-05-09T12:14:08.519,11.0304,0.0800,-12.8975
2026-05-09T12:14:08.534,11.0037,0.0800,-12.9038
2026-05-09T12:14:08.548,10.9745,0.0800,-12.9113
2026-05-09T12:14:08.561,10.9457,0.0800,-12.9194
2026-05-09T12:14:08.575,10.9155,0.0800,-12.9285
2026-05-09T12:14:08.589,10.8902,0.0800,-12.9367
2026-05-09T12:14:08.602,10.8589,0.0800,-12.9475
2026-05-09T12:14:08.617,10.8300,0.0800,-12.9580
2026-05-09T12:14:08.631,10.8015,0.0800,-12.9691
2026-05-09T12:14:08.645,10.7702,0.0800,-12.9819
2026-05-09T12:14:08.659,10.7404,0.0800,-12.9948
2026-05-09T12:14:08.672,10.7102,0.0800,-13.0085
2026-05-09T12:14:08.686,10.6801,0.0800,-13.0229
2026-05-09T12:14:08.699,10.6527,0.0800,-13.0367
2026-05-09T12:14:08.715,10.6238,0.0800,-13.0518
2026-05-09T12:14:08.728,10.5967,0.0800,-13.0667
2026-05-09T12:14:08.742,10.5638,0.0800,-13.0855
2026-05-09T12:14:08.756,10.5368,0.0800,-13.1016
2026-05-09T12:14:08.770,10.5085,0.0800,-13.1193
2026-05-09T12:14:08.783,10.4789,0.0800,-13.1387
2026-05-09T12:14:08.797,10.4520,0.0800,-13.1569
2026-05-09T12:14:08.811,10.4233,0.0800,-13.1774
2026-05-09T12:14:08.825,10.3961,0.0800,-13.1975
2026-05-09T12:14:08.839,10.3683,0.0800,-13.2189
2026-05-09T12:14:08.853,10.3407,0.0800,-13.2410
2026-05-09T12:14:08.867,10.3117,0.0800,-13.2651
2026-05-09T12:14:08.880,10.2807,0.0800,-13.2918
2026-05-09T12:14:08.894,10.2547,0.0800,-13.3151
2026-05-09T12:14:08.908,10.2240,0.0800,-13.3437
2026-05-09T12:14:08.921,10.1984,0.0800,-13.3686
2026-05-09T12:14:08.936,10.1693,0.0800,-13.3976
2026-05-09T12:14:08.949,10.1447,0.0800,-13.4233
2026-05-09T12:14:08.962,10.1165,0.0800,-13.4537
2026-05-09T12:14:08.976,10.0915,0.0800,-13.4815
2026-05-09T12:14:08.991,10.0670,0.0800,-13.5099
2026-05-09T12:14:09.005,10.0392,0.0800,-13.5432
2026-05-09T12:14:09.018,10.0137,0.0800,-13.5750
2026-05-09T12:14:09.032,9.9893,0.0800,-13.6065
2026-05-09T12:14:09.046,9.9667,0.0800,-13.6368
2026-05-09T12:14:09.059,9.9430,0.0800,-13.6698
2026-05-09T12:14:09.073,9.9180,0.0800,-13.7059
2026-05-09T12:14:09.087,9.8993,0.0800,-13.7340
2026-05-09T12:14:09.101,9.8764,0.0800,-13.7697
2026-05-09T12:14:09.115,9.8542,0.0800,-13.8056
2026-05-09T12:14:09.128,9.8354,0.0800,-13.8376
2026-05-09T12:14:09.142,9.8131,0.0800,-13.8768
2026-05-09T12:14:09.157,9.7957,0.0800,-13.9087
2026-05-09T12:14:09.172,9.7764,0.0800,-13.9454
2026-05-09T12:14:09.188,9.7567,0.0800,-13.9847
2026-05-09T12:14:09.202,9.7376,0.0800,-14.0247
2026-05-09T12:14:09.216,9.7181,0.0800,-14.0672
2026-05-09T12:14:09.230,9.7009,0.0800,-14.1071
2026-05-09T12:14:09.243,9.6848,0.0800,-14.1462
2026-05-09T12:14:09.259,9.6696,0.0800,-14.1850
2026-05-09T12:14:09.273,9.6549,0.0800,-14.2244
2026-05-09T12:14:09.287,9.6381,0.0800,-14.2722
2026-05-09T12:14:09.301,9.6227,0.0800,-14.3187
2026-05-09T12:14:09.315,9.6090,0.0800,-14.3624
2026-05-09T12:14:09.331,9.5954,0.0800,-14.4082
2026-05-09T12:14:09.348,9.5817,0.0800,-14.4577
2026-05-09T12:14:09.361,9.5673,0.0800,-14.5133
2026-05-09T12:14:09.376,9.5533,0.0800,-14.5711
2026-05-09T12:14:09.390,9.5432,0.0800,-14.6169
2026-05-09T12:14:09.404,9.5317,0.0800,-14.6720
2026-05-09T12:14:09.418,9.5222,0.0800,-14.7216
2026-05-09T12:14:09.431,9.5132,0.0800,-14.7726
2026-05-09T12:14:09.448,9.5048,0.0800,-14.8248
2026-05-09T12:14:09.463,9.4974,0.0800,-14.8744
2026-05-09T12:14:09.477,9.4879,0.0800,-14.9443
2026-05-09T12:14:09.491,9.4815,0.0800,-14.9994
2026-05-09T12:14:09.504,9.4752,0.0800,-15.0582
2026-05-09T12:14:09.519,9.4696,0.0800,-15.1185
2026-05-09T12:14:09.533,9.4650,0.0800,-15.1750
2026-05-09T12:14:09.547,9.4604,0.0800,-15.2400
2026-05-09T12:14:09.560,9.4568,0.0800,-15.3012
2026-05-09T12:14:09.575,9.4534,0.0800,-15.3685
2026-05-09T12:14:09.588,9.4510,0.0800,-15.4274
2026-05-09T12:14:09.602,9.4488,0.0800,-15.4977
2026-05-09T12:14:09.616,9.4475,0.0800,-15.5562
2026-05-09T12:14:09.630,9.4466,0.0800,-15.6190
2026-05-09T12:14:09.643,9.4461,0.0800,-15.6921
2026-05-09T12:14:09.658,9.4461,0.0800,-15.7547
2026-05-09T12:14:09.672,9.4466,0.0800,-15.8194
2026-05-09T12:14:09.686,9.4474,0.0800,-15.8890
2026-05-09T12:14:09.699,9.4485,0.0800,-15.9621
2026-05-09T12:14:09.714,9.4495,0.0800,-16.0308
2026-05-09T12:14:09.728,9.4504,0.0800,-16.0939
2026-05-09T12:14:09.742,9.4515,0.0800,-16.1704
2026-05-09T12:14:09.755,9.4524,0.0800,-16.2344
2026-05-09T12:14:09.769,9.4533,0.0800,-16.3049
2026-05-09T12:14:09.783,9.4541,0.0800,-16.3685
2026-05-09T12:14:09.797,9.4550,0.0800,-16.4379
2026-05-09T12:14:09.811,9.4559,0.0800,-16.5052
2026-05-09T12:14:09.825,9.4572,0.0800,-16.5750
2026-05-09T12:14:09.839,9.4588,0.0800,-16.6443
2026-05-09T12:14:09.853,9.4607,0.0800,-16.7080
2026-05-09T12:14:09.867,9.4631,0.0800,-16.7755
2026-05-09T12:14:09.880,9.4661,0.0800,-16.8461
2026-05-09T12:14:09.894,9.4692,0.0800,-16.9091
2026-05-09T12:14:09.908,9.4728,0.0800,-16.9756
2026-05-09T12:14:09.922,9.4768,0.0800,-17.0395
2026-05-09T12:14:09.935,9.4813,0.0800,-17.1070
2026-05-09T12:14:09.949,9.4861,0.0800,-17.1711
2026-05-09T12:14:09.963,9.4911,0.0800,-17.2331
2026-05-09T12:14:09.977,9.4973,0.0800,-17.3049
2026-05-09T12:14:09.991,9.5031,0.0800,-17.3666
2026-05-09T12:14:10.004,9.5099,0.0800,-17.4348
2026-05-09T12:14:10.020,9.5167,0.0800,-17.4987
2026-05-09T12:14:10.033,9.5236,0.0800,-17.5602
2026-05-09T12:14:10.047,9.5322,0.0800,-17.6324
2026-05-09T12:14:10.060,9.5399,0.0800,-17.6938
2026-05-09T12:14:10.075,9.5491,0.0800,-17.7632
2026-05-09T12:14:10.088,9.5575,0.0800,-17.8235
2026-05-09T12:14:10.102,9.5676,0.0800,-17.8930
2026-05-09T12:14:10.116,9.5772,0.0800,-17.9560
2026-05-09T12:14:10.131,9.5871,0.0800,-18.0183
2026-05-09T12:14:10.143,9.5988,0.0800,-18.0889
2026-05-09T12:14:10.157,9.6105,0.0800,-18.1556
2026-05-09T12:14:10.172,9.6205,0.0800,-18.2110
2026-05-09T12:14:10.186,9.6332,0.0800,-18.2785
2026-05-09T12:14:10.199,9.6467,0.0800,-18.3482
2026-05-09T12:14:10.214,9.6604,0.0800,-18.4196
2026-05-09T12:14:10.228,9.6724,0.0800,-18.4819
2026-05-09T12:14:10.240,9.6871,0.0800,-18.5584
2026-05-09T12:14:10.255,9.7000,0.0800,-18.6254
2026-05-09T12:14:10.269,9.7109,0.0800,-18.6827
2026-05-09T12:14:10.282,9.7253,0.0800,-18.7586
2026-05-09T12:14:10.297,9.7375,0.0800,-18.8225
2026-05-09T12:14:10.311,9.7493,0.0800,-18.8867
2026-05-09T12:14:10.325,9.7617,0.0800,-18.9557
2026-05-09T12:14:10.339,9.7729,0.0800,-19.0204
2026-05-09T12:14:10.353,9.7849,0.0800,-19.0914
2026-05-09T12:14:10.367,9.7951,0.0800,-19.1539
2026-05-09T12:14:10.380,9.8064,0.0800,-19.2258
2026-05-09T12:14:10.395,9.8156,0.0800,-19.2865
2026-05-09T12:14:10.408,9.8257,0.0800,-19.3555
2026-05-09T12:14:10.422,9.8349,0.0800,-19.4214
2026-05-09T12:14:10.436,9.8437,0.0800,-19.4872
2026-05-09T12:14:10.450,9.8522,0.0800,-19.5537
2026-05-09T12:14:10.464,9.8603,0.0800,-19.6205
2026-05-09T12:14:10.478,9.8678,0.0800,-19.6861
2026-05-09T12:14:10.492,9.8743,0.0800,-19.7474
2026-05-09T12:14:10.505,9.8813,0.0800,-19.8173
2026-05-09T12:14:10.519,9.8871,0.0800,-19.8814
2026-05-09T12:14:10.534,9.8921,0.0800,-19.9409
2026-05-09T12:14:10.548,9.8970,0.0800,-20.0065
2026-05-09T12:14:10.561,9.9009,0.0800,-20.0680
2026-05-09T12:14:10.576,9.9046,0.0800,-20.1349
2026-05-09T12:14:10.589,9.9072,0.0800,-20.1933
2026-05-09T12:14:10.602,9.9095,0.0800,-20.2579
2026-05-09T12:14:10.617,9.9109,0.0800,-20.3134
2026-05-09T12:14:10.631,9.9118,0.0800,-20.3758
2026-05-09T12:14:10.645,9.9121,0.0800,-20.4406
2026-05-09T12:14:10.659,9.9117,0.0800,-20.5014
2026-05-09T12:14:10.672,9.9107,0.0800,-20.5663
2026-05-09T12:14:10.687,9.9091,0.0800,-20.6244
2026-05-09T12:14:10.700,9.9069,0.0800,-20.6794
2026-05-09T12:14:10.715,9.9041,0.0800,-20.7380
2026-05-09T12:14:10.728,9.9008,0.0800,-20.7900
2026-05-09T12:14:10.742,9.8965,0.0800,-20.8472
2026-05-09T12:14:10.756,9.8920,0.0800,-20.8979
2026-05-09T12:14:10.770,9.8869,0.0800,-20.9471
2026-05-09T12:14:10.784,9.8807,0.0800,-20.9991
2026-05-09T12:14:10.798,9.8741,0.0800,-21.0483
2026-05-09T12:14:10.812,9.8667,0.0800,-21.0977
2026-05-09T12:14:10.826,9.8591,0.0800,-21.1433
2026-05-09T12:14:10.839,9.8511,0.0800,-21.1866
2026-05-09T12:14:10.854,9.8424,0.0800,-21.2304
2026-05-09T12:14:10.867,9.8339,0.0800,-21.2692
2026-05-09T12:14:10.881,9.8244,0.0800,-21.3097
2026-05-09T12:14:10.895,9.8160,0.0800,-21.3427
2026-05-09T12:14:10.909,9.8069,0.0800,-21.3760
2026-05-09T12:14:10.922,9.7970,0.0800,-21.4101
2026-05-09T12:14:10.936,9.7876,0.0800,-21.4404
2026-05-09T12:14:10.950,9.7786,0.0800,-21.4676
2026-05-09T12:14:10.964,9.7685,0.0800,-21.4964
2026-05-09T12:14:10.979,9.7583,0.0800,-21.5242
2026-05-09T12:14:10.993,9.7477,0.0800,-21.5512
2026-05-09T12:14:11.006,9.7369,0.0800,-21.5774
2026-05-09T12:14:11.020,9.7262,0.0800,-21.6021
2026-05-09T12:14:11.034,9.7157,0.0800,-21.6251
2026-05-09T12:14:11.048,9.7041,0.0800,-21.6494
2026-05-09T12:14:11.062,9.6925,0.0800,-21.6725
2026-05-09T12:14:11.075,9.6792,0.0800,-21.6981
2026-05-09T12:14:11.089,9.6673,0.0800,-21.7199
2026-05-09T12:14:11.103,9.6540,0.0800,-21.7430
2026-05-09T12:14:11.117,9.6406,0.0800,-21.7658
2026-05-09T12:14:11.132,9.6257,0.0800,-21.7897
2026-05-09T12:14:11.145,9.6072,0.0800,-21.8184
2026-05-09T12:14:11.159,9.5895,0.0800,-21.8448
2026-05-09T12:14:11.173,9.5711,0.0800,-21.8712
2026-05-09T12:14:11.187,9.5486,0.0800,-21.9022
2026-05-09T12:14:11.200,9.5256,0.0800,-21.9329
2026-05-09T12:14:11.215,9.5006,0.0800,-21.9650
2026-05-09T12:14:11.229,9.4759,0.0800,-21.9954
2026-05-09T12:14:11.242,9.4478,0.0800,-22.0290
2026-05-09T12:14:11.257,9.4207,0.0800,-22.0603
2026-05-09T12:14:11.270,9.3934,0.0800,-22.0906
2026-05-09T12:14:11.284,9.3616,0.0800,-22.1248
2026-05-09T12:14:11.297,9.3327,0.0800,-22.1548
2026-05-09T12:14:11.312,9.3020,0.0800,-22.1856
2026-05-09T12:14:11.326,9.2704,0.0800,-22.2162
2026-05-09T12:14:11.339,9.2357,0.0800,-22.2488
2026-05-09T12:14:11.353,9.2049,0.0800,-22.2767
2026-05-09T12:14:11.367,9.1719,0.0800,-22.3056
2026-05-09T12:14:11.381,9.1381,0.0800,-22.3342
2026-05-09T12:14:11.395,9.1045,0.0800,-22.3617
2026-05-09T12:14:11.409,9.0682,0.0800,-22.3905
2026-05-09T12:14:11.422,9.0341,0.0800,-22.4166
2026-05-09T12:14:11.437,8.9967,0.0800,-22.4442
2026-05-09T12:14:11.451,8.9622,0.0800,-22.4688
2026-05-09T12:14:11.464,8.9239,0.0800,-22.4953
2026-05-09T12:14:11.478,8.8841,0.0800,-22.5217
2026-05-09T12:14:11.491,8.8496,0.0800,-22.5439
2026-05-09T12:14:11.505,8.8095,0.0800,-22.5687
2026-05-09T12:14:11.519,8.7699,0.0800,-22.5924
2026-05-09T12:14:11.533,8.7268,0.0800,-22.6173
2026-05-09T12:14:11.546,8.6780,0.0800,-22.6446
2026-05-09T12:14:11.560,8.6352,0.0800,-22.6676
2026-05-09T12:14:11.575,8.5871,0.0800,-22.6927
2026-05-09T12:14:11.588,8.5387,0.0800,-22.7171
2026-05-09T12:14:11.601,8.4829,0.0800,-22.7444
2026-05-09T12:14:11.615,8.4336,0.0800,-22.7676
2026-05-09T12:14:11.629,8.3855,0.0800,-22.7895
2026-05-09T12:14:11.644,8.3309,0.0800,-22.8136
2026-05-09T12:14:11.659,8.2786,0.0800,-22.8360
2026-05-09T12:14:11.675,8.2218,0.0800,-22.8594
2026-05-09T12:14:11.689,8.1616,0.0800,-22.8833
2026-05-09T12:14:11.703,8.1006,0.0800,-22.9066
2026-05-09T12:14:11.718,8.0456,0.0800,-22.9269
2026-05-09T12:14:11.732,7.9888,0.0800,-22.9470
2026-05-09T12:14:11.748,7.9279,0.0800,-22.9679
2026-05-09T12:14:11.764,7.8698,0.0800,-22.9871
2026-05-09T12:14:11.782,7.8027,0.0800,-23.0083
2026-05-09T12:14:11.798,7.7389,0.0800,-23.0277
2026-05-09T12:14:11.813,7.6650,0.0800,-23.0490
2026-05-09T12:14:11.826,7.5997,0.0800,-23.0669
2026-05-09T12:14:11.840,7.5414,0.0800,-23.0819
2026-05-09T12:14:11.855,7.4846,0.0800,-23.0960
2026-05-09T12:14:11.869,7.4249,0.0800,-23.1100
2026-05-09T12:14:11.886,7.3640,0.0800,-23.1235
2026-05-09T12:14:11.903,7.2977,0.0800,-23.1375
2026-05-09T12:14:11.922,7.2210,0.0800,-23.1530
2026-05-09T12:14:11.939,7.1386,0.0800,-23.1690
2026-05-09T12:14:11.953,7.0473,0.0800,-23.1861
2026-05-09T12:14:11.968,6.9667,0.0800,-23.2007
2026-05-09T12:14:11.984,6.8990,0.0800,-23.2126
2026-05-09T12:14:12.002,6.8298,0.0800,-23.2248
2026-05-09T12:14:12.019,6.7443,0.0800,-23.2399
2026-05-09T12:14:12.034,6.6606,0.0800,-23.2547
2026-05-09T12:14:12.049,6.5793,0.0800,-23.2691
2026-05-09T12:14:12.063,6.5081,0.0800,-23.2816
2026-05-09T12:14:12.077,6.4310,0.0800,-23.2952
2026-05-09T12:14:12.091,6.3689,0.0800,-23.3061
2026-05-09T12:14:12.107,6.2968,0.0800,-23.3188
2026-05-09T12:14:12.127,6.2308,0.0800,-23.3303
2026-05-09T12:14:12.144,6.1468,0.0800,-23.3450
2026-05-09T12:14:12.159,6.0578,0.0800,-23.3605
2026-05-09T12:14:12.174,5.9734,0.0800,-23.3752
2026-05-09T12:14:12.188,5.9006,0.0800,-23.3879
2026-05-09T12:14:12.202,5.8312,0.0800,-23.4000
2026-05-09T12:14:12.217,5.7619,0.0800,-23.4120
2026-05-09T12:14:12.232,5.6944,0.0800,-23.4238
2026-05-09T12:14:12.247,5.6205,0.0800,-23.4366
2026-05-09T12:14:12.265,5.5476,0.0800,-23.4493
2026-05-09T12:14:12.284,5.4736,0.0800,-23.4623
2026-05-09T12:14:12.300,5.3878,0.0800,-23.4773
2026-05-09T12:14:12.314,5.2951,0.0800,-23.4936
2026-05-09T12:14:12.328,5.2208,0.0800,-23.5067
2026-05-09T12:14:12.344,5.1516,0.0800,-23.5185
2026-05-09T12:14:12.362,5.0868,0.0800,-23.5292
2026-05-09T12:14:12.380,5.0124,0.0800,-23.5410
2026-05-09T12:14:12.395,4.9300,0.0800,-23.5532
2026-05-09T12:14:12.411,4.8466,0.0800,-23.5647
2026-05-09T12:14:12.425,4.7777,0.0800,-23.5734
2026-05-09T12:14:12.440,4.7070,0.0800,-23.5816
2026-05-09T12:14:12.456,4.6441,0.0800,-23.5883
2026-05-09T12:14:12.474,4.5780,0.0800,-23.5946
2026-05-09T12:14:12.491,4.5101,0.0800,-23.6004
2026-05-09T12:14:12.506,4.4312,0.0800,-23.6061
2026-05-09T12:14:12.521,4.3608,0.0800,-23.6103
2026-05-09T12:14:12.535,4.3018,0.0800,-23.6128
2026-05-09T12:14:12.549,4.2412,0.0800,-23.6147
2026-05-09T12:14:12.563,4.1854,0.0800,-23.6157
2026-05-09T12:14:12.578,4.1272,0.0800,-23.6160
2026-05-09T12:14:12.596,4.0725,0.0800,-23.6155
2026-05-09T12:14:12.615,4.0109,0.0800,-23.6141
2026-05-09T12:14:12.631,3.9365,0.0800,-23.6113
2026-05-09T12:14:12.646,3.8633,0.0800,-23.6072
2026-05-09T12:14:12.660,3.7996,0.0800,-23.6026
2026-05-09T12:14:12.675,3.7393,0.0800,-23.5972
2026-05-09T12:14:12.690,3.6851,0.0800,-23.5916
2026-05-09T12:14:12.705,3.6225,0.0800,-23.5844
2026-05-09T12:14:12.725,3.5579,0.0800,-23.5761
2026-05-09T12:14:12.744,3.4881,0.0800,-23.5663
2026-05-09T12:14:12.761,3.3992,0.0800,-23.5528
2026-05-09T12:14:12.778,3.3077,0.0800,-23.5379
2026-05-09T12:14:12.794,3.2272,0.0800,-23.5240
2026-05-09T12:14:12.810,3.1440,0.0800,-23.5091
2026-05-09T12:14:12.824,3.0669,0.0800,-23.4949
2026-05-09T12:14:12.839,2.9919,0.0800,-23.4812
2026-05-09T12:14:12.854,2.9201,0.0800,-23.4680
2026-05-09T12:14:12.869,2.8468,0.0800,-23.4546
2026-05-09T12:14:12.884,2.7738,0.0800,-23.4413
2026-05-09T12:14:12.904,2.7011,0.0800,-23.4280
2026-05-09T12:14:12.922,2.6256,0.0800,-23.4142
2026-05-09T12:14:12.938,2.5284,0.0800,-23.3963
2026-05-09T12:14:12.954,2.4393,0.0800,-23.3798
2026-05-09T12:14:12.969,2.3615,0.0800,-23.3654
2026-05-09T12:14:12.983,2.2857,0.0800,-23.3513
2026-05-09T12:14:12.998,2.2122,0.0800,-23.3376
2026-05-09T12:14:13.015,2.1394,0.0800,-23.3241
2026-05-09T12:14:13.031,2.0646,0.0800,-23.3102
2026-05-09T12:14:13.045,1.9832,0.0800,-23.2951
2026-05-09T12:14:13.060,1.9055,0.0800,-23.2807
2026-05-09T12:14:13.074,1.8373,0.0800,-23.2681
2026-05-09T12:14:13.089,1.7645,0.0800,-23.2546
2026-05-09T12:14:13.104,1.6902,0.0800,-23.2409
2026-05-09T12:14:13.119,1.6204,0.0800,-23.2280
2026-05-09T12:14:13.134,1.5480,0.0800,-23.2145
2026-05-09T12:14:13.149,1.4727,0.0800,-23.2006
2026-05-09T12:14:13.163,1.4024,0.0800,-23.1875
2026-05-09T12:14:13.177,1.3250,0.0800,-23.1731
2026-05-09T12:14:13.192,1.2575,0.0800,-23.1605
2026-05-09T12:14:13.206,1.1849,0.0800,-23.1470
2026-05-09T12:14:13.221,1.1170,0.0800,-23.1343
2026-05-09T12:14:13.238,1.0450,0.0800,-23.1209
2026-05-09T12:14:13.254,0.9743,0.0800,-23.1080
2026-05-09T12:14:13.268,0.8954,0.0800,-23.0941
2026-05-09T12:14:13.283,0.8186,0.0800,-23.0810
2026-05-09T12:14:13.297,0.7495,0.0800,-23.0697
2026-05-09T12:14:13.312,0.6812,0.0800,-23.0588
2026-05-09T12:14:13.327,0.6124,0.0800,-23.0483
2026-05-09T12:14:13.343,0.5400,0.0800,-23.0376
2026-05-09T12:14:13.362,0.4692,0.0800,-23.0275
2026-05-09T12:14:13.381,0.3885,0.0800,-23.0165
2026-05-09T12:14:13.397,0.2954,0.0800,-23.0037
2026-05-09T12:14:13.413,0.2039,0.0800,-22.9913
2026-05-09T12:14:13.428,0.1262,0.0800,-22.9807
2026-05-09T12:14:13.444,0.0462,0.0800,-22.9698
2026-05-09T12:14:13.460,-0.0270,0.0800,-22.9598
2026-05-09T12:14:13.476,-0.1048,0.0800,-22.9491
2026-05-09T12:14:13.492,-0.1802,0.0800,-22.9387
2026-05-09T12:14:13.507,-0.2600,0.0800,-22.9276
2026-05-09T12:14:13.521,-0.3394,0.0800,-22.9166
2026-05-09T12:14:13.535,-0.4122,0.0800,-22.9065
2026-05-09T12:14:13.549,-0.4802,0.0800,-22.8970
2026-05-09T12:14:13.563,-0.5512,0.0800,-22.8872
2026-05-09T12:14:13.578,-0.6198,0.0800,-22.8777
2026-05-09T12:14:13.592,-0.6866,0.0800,-22.8684
2026-05-09T12:14:13.606,-0.7578,0.0800,-22.8586
2026-05-09T12:14:13.620,-0.8297,0.0800,-22.8487
2026-05-09T12:14:13.634,-0.8961,0.0800,-22.8396
2026-05-09T12:14:13.657,-0.9639,0.0800,-22.8303
2026-05-09T12:14:13.671,-1.0353,0.0800,-22.8205
2026-05-09T12:14:13.685,-1.1495,0.0800,-22.8048
2026-05-09T12:14:13.699,-1.2169,0.0800,-22.7955
2026-05-09T12:14:13.713,-1.2849,0.0800,-22.7861
2026-05-09T12:14:13.727,-1.3539,0.0800,-22.7766
2026-05-09T12:14:13.741,-1.4233,0.0800,-22.7670
2026-05-09T12:14:13.754,-1.4896,0.0800,-22.7579
2026-05-09T12:14:13.768,-1.5589,0.0800,-22.7483
2026-05-09T12:14:13.782,-1.6246,0.0800,-22.7393
2026-05-09T12:14:13.797,-1.6931,0.0800,-22.7299
2026-05-09T12:14:13.810,-1.7645,0.0800,-22.7201
2026-05-09T12:14:13.824,-1.8344,0.0800,-22.7106
2026-05-09T12:14:13.838,-1.9021,0.0800,-22.7013
2026-05-09T12:14:13.853,-1.9687,0.0800,-22.6921
2026-05-09T12:14:13.866,-2.0382,0.0800,-22.6826
2026-05-09T12:14:13.880,-2.1107,0.0800,-22.6727
2026-05-09T12:14:13.894,-2.1734,0.0800,-22.6641
2026-05-09T12:14:13.908,-2.2467,0.0800,-22.6540
2026-05-09T12:14:13.921,-2.3068,0.0800,-22.6458
2026-05-09T12:14:13.935,-2.3756,0.0800,-22.6367
2026-05-09T12:14:13.950,-2.4355,0.0800,-22.6293
2026-05-09T12:14:13.963,-2.5025,0.0800,-22.6213
2026-05-09T12:14:13.977,-2.5748,0.0800,-22.6134
2026-05-09T12:14:13.992,-2.6344,0.0800,-22.6073
2026-05-09T12:14:14.005,-2.7003,0.0800,-22.6010
2026-05-09T12:14:14.019,-2.7708,0.0800,-22.5948
2026-05-09T12:14:14.033,-2.8317,0.0800,-22.5899
2026-05-09T12:14:14.047,-2.8954,0.0800,-22.5852
2026-05-09T12:14:14.060,-2.9613,0.0800,-22.5808
2026-05-09T12:14:14.075,-3.0292,0.0800,-22.5767
2026-05-09T12:14:14.089,-3.0910,0.0800,-22.5736
2026-05-09T12:14:14.102,-3.1602,0.0800,-22.5704
2026-05-09T12:14:14.116,-3.2277,0.0800,-22.5679
2026-05-09T12:14:14.130,-3.2897,0.0800,-22.5660
2026-05-09T12:14:14.144,-3.3641,0.0800,-22.5642
2026-05-09T12:14:14.159,-3.4270,0.0800,-22.5630
2026-05-09T12:14:14.172,-3.4947,0.0800,-22.5617
2026-05-09T12:14:14.186,-3.5671,0.0800,-22.5604
2026-05-09T12:14:14.199,-3.6346,0.0800,-22.5592
2026-05-09T12:14:14.214,-3.7052,0.0800,-22.5579
2026-05-09T12:14:14.228,-3.7684,0.0800,-22.5568
2026-05-09T12:14:14.241,-3.8417,0.0800,-22.5555
2026-05-09T12:14:14.256,-3.9128,0.0800,-22.5542
2026-05-09T12:14:14.270,-3.9809,0.0800,-22.5530
2026-05-09T12:14:14.283,-4.0562,0.0800,-22.5516
2026-05-09T12:14:14.298,-4.1202,0.0800,-22.5505
2026-05-09T12:14:14.311,-4.1871,0.0800,-22.5493
2026-05-09T12:14:14.325,-4.2603,0.0800,-22.5479
2026-05-09T12:14:14.339,-4.3293,0.0800,-22.5466
2026-05-09T12:14:14.353,-4.3985,0.0800,-22.5453
2026-05-09T12:14:14.367,-4.4664,0.0800,-22.5441
2026-05-09T12:14:14.380,-4.5403,0.0800,-22.5427
2026-05-09T12:14:14.395,-4.6076,0.0800,-22.5414
2026-05-09T12:14:14.408,-4.6760,0.0800,-22.5402
2026-05-09T12:14:14.422,-4.7480,0.0800,-22.5388
2026-05-09T12:14:14.436,-4.8165,0.0800,-22.5375
2026-05-09T12:14:14.450,-4.8809,0.0800,-22.5363
2026-05-09T12:14:14.463,-4.9548,0.0800,-22.5349
2026-05-09T12:14:14.478,-5.0244,0.0800,-22.5336
2026-05-09T12:14:14.492,-5.0894,0.0800,-22.5324
2026-05-09T12:14:14.505,-5.1595,0.0800,-22.5312
2026-05-09T12:14:14.519,-5.2291,0.0800,-22.5299
2026-05-09T12:14:14.533,-5.2975,0.0800,-22.5287
2026-05-09T12:14:14.547,-5.3655,0.0800,-22.5276
2026-05-09T12:14:14.561,-5.4364,0.0800,-22.5263
2026-05-09T12:14:14.575,-5.5048,0.0800,-22.5252
2026-05-09T12:14:14.589,-5.5705,0.0800,-22.5240
2026-05-09T12:14:14.602,-5.6426,0.0800,-22.5227
2026-05-09T12:14:14.617,-5.7105,0.0800,-22.5215
2026-05-09T12:14:14.631,-5.7744,0.0800,-22.5200
2026-05-09T12:14:14.644,-5.8469,0.0800,-22.5180
2026-05-09T12:14:14.659,-5.9138,0.0800,-22.5158
2026-05-09T12:14:14.672,-5.9762,0.0800,-22.5134
2026-05-09T12:14:14.687,-6.0467,0.0800,-22.5103
2026-05-09T12:14:14.700,-6.1098,0.0800,-22.5071
2026-05-09T12:14:14.715,-6.1764,0.0800,-22.5033
2026-05-09T12:14:14.728,-6.2374,0.0800,-22.4994
2026-05-09T12:14:14.742,-6.3103,0.0800,-22.4942
2026-05-09T12:14:14.756,-6.3716,0.0800,-22.4894
2026-05-09T12:14:14.770,-6.4367,0.0800,-22.4838
2026-05-09T12:14:14.783,-6.5014,0.0800,-22.4777
2026-05-09T12:14:14.798,-6.5660,0.0800,-22.4712
2026-05-09T12:14:14.812,-6.6310,0.0800,-22.4642
2026-05-09T12:14:14.826,-6.6992,0.0800,-22.4563
2026-05-09T12:14:14.839,-6.7644,0.0800,-22.4482
2026-05-09T12:14:14.854,-6.8323,0.0800,-22.4393
2026-05-09T12:14:14.867,-6.8918,0.0800,-22.4310
2026-05-09T12:14:14.881,-6.9610,0.0800,-22.4209
2026-05-09T12:14:14.895,-7.0222,0.0800,-22.4115
2026-05-09T12:14:14.909,-7.0863,0.0800,-22.4011
2026-05-09T12:14:14.923,-7.1498,0.0800,-22.3904
2026-05-09T12:14:14.937,-7.2139,0.0800,-22.3789
2026-05-09T12:14:14.951,-7.2743,0.0800,-22.3676
2026-05-09T12:14:14.964,-7.3349,0.0800,-22.3556
2026-05-09T12:14:14.979,-7.3965,0.0800,-22.3428
2026-05-09T12:14:14.993,-7.4489,0.0800,-22.3313
2026-05-09T12:14:15.006,-7.5042,0.0800,-22.3184
2026-05-09T12:14:15.020,-7.5540,0.0800,-22.3061
2026-05-09T12:14:15.034,-7.5999,0.0800,-22.2941
2026-05-09T12:14:15.048,-7.6461,0.0800,-22.2813
2026-05-09T12:14:15.062,-7.6883,0.0800,-22.2688
2026-05-09T12:14:15.076,-7.7297,0.0800,-22.2558
2026-05-09T12:14:15.090,-7.7616,0.0800,-22.2452
2026-05-09T12:14:15.104,-7.7960,0.0800,-22.2330
2026-05-09T12:14:15.118,-7.8259,0.0800,-22.2218
2026-05-09T12:14:15.132,-7.8522,0.0800,-22.2113
2026-05-09T12:14:15.145,-7.8786,0.0800,-22.2001
2026-05-09T12:14:15.159,-7.8993,0.0800,-22.1907
2026-05-09T12:14:15.173,-7.9179,0.0800,-22.1820
2026-05-09T12:14:15.188,-7.9373,0.0800,-22.1723
2026-05-09T12:14:15.200,-7.9562,0.0800,-22.1624
2026-05-09T12:14:15.215,-7.9757,0.0800,-22.1517
2026-05-09T12:14:15.229,-7.9914,0.0800,-22.1426
2026-05-09T12:14:15.243,-8.0116,0.0800,-22.1304
2026-05-09T12:14:15.256,-8.0289,0.0800,-22.1195
2026-05-09T12:14:15.270,-8.0462,0.0800,-22.1080
2026-05-09T12:14:15.283,-8.0630,0.0800,-22.0963
2026-05-09T12:14:15.298,-8.0802,0.0800,-22.0839
2026-05-09T12:14:15.311,-8.0988,0.0800,-22.0698
2026-05-09T12:14:15.325,-8.1207,0.0800,-22.0526
2026-05-09T12:14:15.338,-8.1431,0.0800,-22.0342
2026-05-09T12:14:15.353,-8.1690,0.0800,-22.0122
2026-05-09T12:14:15.366,-8.1949,0.0800,-21.9892
2026-05-09T12:14:15.379,-8.2241,0.0800,-21.9624
2026-05-09T12:14:15.394,-8.2535,0.0800,-21.9344
2026-05-09T12:14:15.408,-8.2843,0.0800,-21.9039
2026-05-09T12:14:15.421,-8.3168,0.0800,-21.8708
2026-05-09T12:14:15.435,-8.3521,0.0800,-21.8337
2026-05-09T12:14:15.450,-8.3810,0.0800,-21.8022
2026-05-09T12:14:15.464,-8.4157,0.0800,-21.7633
2026-05-09T12:14:15.482,-8.4525,0.0800,-21.7207
2026-05-09T12:14:15.501,-8.4847,0.0800,-21.6821
2026-05-09T12:14:15.521,-8.5264,0.0800,-21.6304
2026-05-09T12:14:15.539,-8.5676,0.0800,-21.5774
2026-05-09T12:14:15.555,-8.6110,0.0800,-21.5190
2026-05-09T12:14:15.572,-8.6494,0.0800,-21.4652
2026-05-09T12:14:15.588,-8.6836,0.0800,-21.4152
2026-05-09T12:14:15.604,-8.7175,0.0800,-21.3637
2026-05-09T12:14:15.620,-8.7490,0.0800,-21.3140
2026-05-09T12:14:15.635,-8.7779,0.0800,-21.2667
2026-05-09T12:14:15.651,-8.8075,0.0800,-21.2163
2026-05-09T12:14:15.669,-8.8351,0.0800,-21.1673
2026-05-09T12:14:15.688,-8.8660,0.0800,-21.1103
2026-05-09T12:14:15.705,-8.8947,0.0800,-21.0548
2026-05-09T12:14:15.722,-8.9241,0.0800,-20.9951
2026-05-09T12:14:15.739,-8.9512,0.0800,-20.9372
2026-05-09T12:14:15.756,-8.9766,0.0800,-20.8801
2026-05-09T12:14:15.773,-9.0007,0.0800,-20.8233
2026-05-09T12:14:15.790,-9.0239,0.0800,-20.7658
2026-05-09T12:14:15.807,-9.0461,0.0800,-20.7079
2026-05-09T12:14:15.825,-9.0678,0.0800,-20.6482
2026-05-09T12:14:15.843,-9.0880,0.0800,-20.5891
2026-05-09T12:14:15.859,-9.1081,0.0800,-20.5266
2026-05-09T12:14:15.875,-9.1281,0.0800,-20.4600
2026-05-09T12:14:15.892,-9.1447,0.0800,-20.4006
2026-05-09T12:14:15.910,-9.1625,0.0800,-20.3330
2026-05-09T12:14:15.927,-9.1788,0.0800,-20.2668
2026-05-09T12:14:15.946,-9.1977,0.0800,-20.1862
2026-05-09T12:14:15.966,-9.2151,0.0800,-20.1075
2026-05-09T12:14:15.986,-9.2340,0.0800,-20.0184
2026-05-09T12:14:16.004,-9.2520,0.0800,-19.9288
2026-05-09T12:14:16.023,-9.2703,0.0800,-19.8334
2026-05-09T12:14:16.039,-9.2856,0.0800,-19.7486
2026-05-09T12:14:16.056,-9.3007,0.0800,-19.6607
2026-05-09T12:14:16.074,-9.3138,0.0800,-19.5806
2026-05-09T12:14:16.092,-9.3263,0.0800,-19.4999
2026-05-09T12:14:16.111,-9.3390,0.0800,-19.4142
2026-05-09T12:14:16.130,-9.3509,0.0800,-19.3301
2026-05-09T12:14:16.149,-9.3636,0.0800,-19.2350
2026-05-09T12:14:16.165,-9.3744,0.0800,-19.1502
2026-05-09T12:14:16.182,-9.3864,0.0800,-19.0503
2026-05-09T12:14:16.198,-9.3950,0.0800,-18.9728
2026-05-09T12:14:16.216,-9.4033,0.0800,-18.8949
2026-05-09T12:14:16.234,-9.4110,0.0800,-18.8164
2026-05-09T12:14:16.252,-9.4190,0.0800,-18.7301
2026-05-09T12:14:16.271,-9.4264,0.0800,-18.6437
2026-05-09T12:14:16.289,-9.4332,0.0800,-18.5574
2026-05-09T12:14:16.306,-9.4398,0.0800,-18.4649
2026-05-09T12:14:16.326,-9.4455,0.0800,-18.3779
2026-05-09T12:14:16.344,-9.4505,0.0800,-18.2924
2026-05-09T12:14:16.362,-9.4551,0.0800,-18.2046
2026-05-09T12:14:16.380,-9.4593,0.0800,-18.1145
2026-05-09T12:14:16.396,-9.4620,0.0800,-18.0460
2026-05-09T12:14:16.413,-9.4637,0.0800,-18.0030
2026-05-09T12:14:16.432,-9.4648,0.0800,-17.9759
2026-05-09T12:14:16.450,-9.4651,0.0800,-17.9687
2026-05-09T12:14:16.468,-9.4652,0.0800,-17.9659
2026-05-09T12:14:16.595,-9.4653,0.0800,-17.9637
2026-05-09T12:14:16.612,-9.4659,0.0800,-17.9470
2026-05-09T12:14:16.629,-9.4667,0.0800,-17.9294
2026-05-09T12:14:16.647,-9.4677,0.0800,-17.9032
2026-05-09T12:14:16.664,-9.4690,0.0800,-17.8733
2026-05-09T12:14:16.681,-9.4711,0.0800,-17.8215
2026-05-09T12:14:16.699,-9.4735,0.0800,-17.7664
2026-05-09T12:14:16.715,-9.4757,0.0800,-17.7140
2026-05-09T12:14:16.730,-9.4780,0.0800,-17.6599
2026-05-09T12:14:16.746,-9.4804,0.0800,-17.6027
2026-05-09T12:14:16.762,-9.4826,0.0800,-17.5568
2026-05-09T12:14:16.780,-9.4854,0.0800,-17.5044
2026-05-09T12:14:16.799,-9.4884,0.0800,-17.4510
2026-05-09T12:14:16.816,-9.4925,0.0800,-17.3825
2026-05-09T12:14:16.832,-9.4966,0.0800,-17.3163
2026-05-09T12:14:16.851,-9.5009,0.0800,-17.2457
2026-05-09T12:14:16.867,-9.5052,0.0800,-17.1751
2026-05-09T12:14:16.884,-9.5100,0.0800,-17.0981
2026-05-09T12:14:16.901,-9.5143,0.0800,-17.0300
2026-05-09T12:14:16.918,-9.5188,0.0800,-16.9579
2026-05-09T12:14:16.934,-9.5240,0.0800,-16.8773
2026-05-09T12:14:16.949,-9.5286,0.0800,-16.8040
2026-05-09T12:14:16.965,-9.5335,0.0800,-16.7286
2026-05-09T12:14:16.980,-9.5385,0.0800,-16.6496
2026-05-09T12:14:16.996,-9.5423,0.0800,-16.5892
2026-05-09T12:14:17.012,-9.5469,0.0800,-16.5170
2026-05-09T12:14:17.028,-9.5520,0.0800,-16.4366
2026-05-09T12:14:17.047,-9.5571,0.0800,-16.3555
2026-05-09T12:14:17.066,-9.5618,0.0800,-16.2810
2026-05-09T12:14:17.082,-9.5672,0.0800,-16.1939
2026-05-09T12:14:17.098,-9.5725,0.0800,-16.1100
2026-05-09T12:14:17.114,-9.5772,0.0800,-16.0354
2026-05-09T12:14:17.129,-9.5813,0.0800,-15.9690
2026-05-09T12:14:17.144,-9.5850,0.0800,-15.9098
2026-05-09T12:14:17.159,-9.5877,0.0800,-15.8670
2026-05-09T12:14:17.175,-9.5891,0.0800,-15.8447
2026-05-09T12:14:17.193,-9.5897,0.0800,-15.8344
2026-05-09T12:14:17.533,-9.5903,0.0800,-15.8246
2026-05-09T12:14:17.551,-9.5913,0.0800,-15.8051
2026-05-09T12:14:17.569,-9.5916,0.0800,-15.7887
2026-05-09T12:14:17.584,-9.5916,0.0800,-15.7701
2026-05-09T12:14:17.601,-9.5913,0.0800,-15.7526
2026-05-09T12:14:17.616,-9.5905,0.0800,-15.7370
2026-05-09T12:14:17.630,-9.5894,0.0800,-15.7210
2026-05-09T12:14:17.645,-9.5881,0.0800,-15.7060
2026-05-09T12:14:17.660,-9.5866,0.0800,-15.6918
2026-05-09T12:14:17.675,-9.5849,0.0800,-15.6787
2026-05-09T12:14:17.690,-9.5828,0.0800,-15.6654
2026-05-09T12:14:17.706,-9.5805,0.0800,-15.6519
2026-05-09T12:14:17.724,-9.5782,0.0800,-15.6396
2026-05-09T12:14:17.739,-9.5751,0.0800,-15.6254
2026-05-09T12:14:17.755,-9.5715,0.0800,-15.6104
2026-05-09T12:14:17.770,-9.5683,0.0800,-15.5981
2026-05-09T12:14:17.784,-9.5647,0.0800,-15.5857
2026-05-09T12:14:17.798,-9.5609,0.0800,-15.5731
2026-05-09T12:14:17.812,-9.5570,0.0800,-15.5616
2026-05-09T12:14:17.826,-9.5530,0.0800,-15.5504
2026-05-09T12:14:17.840,-9.5488,0.0800,-15.5392
2026-05-09T12:14:17.857,-9.5444,0.0800,-15.5280
2026-05-09T12:14:17.874,-9.5396,0.0800,-15.5167
2026-05-09T12:14:17.890,-9.5336,0.0800,-15.5034
2026-05-09T12:14:17.904,-9.5273,0.0800,-15.4901
2026-05-09T12:14:17.919,-9.5219,0.0800,-15.4795
2026-05-09T12:14:17.934,-9.5170,0.0800,-15.4703
2026-05-09T12:14:17.948,-9.5118,0.0800,-15.4610
2026-05-09T12:14:17.961,-9.5069,0.0800,-15.4527
2026-05-09T12:14:17.975,-9.5015,0.0800,-15.4438
2026-05-09T12:14:17.989,-9.4968,0.0800,-15.4366
2026-05-09T12:14:18.004,-9.4912,0.0800,-15.4283
2026-05-09T12:14:18.019,-9.4856,0.0800,-15.4202
2026-05-09T12:14:18.035,-9.4796,0.0800,-15.4121
2026-05-09T12:14:18.051,-9.4732,0.0800,-15.4038
2026-05-09T12:14:18.065,-9.4661,0.0800,-15.3949
2026-05-09T12:14:18.079,-9.4585,0.0800,-15.3859
2026-05-09T12:14:18.094,-9.4509,0.0800,-15.3772
2026-05-09T12:14:18.108,-9.4416,0.0800,-15.3672
2026-05-09T12:14:18.123,-9.4316,0.0800,-15.3568
2026-05-09T12:14:18.140,-9.4214,0.0800,-15.3466
2026-05-09T12:14:18.156,-9.4074,0.0800,-15.3334
2026-05-09T12:14:18.170,-9.3916,0.0800,-15.3191
2026-05-09T12:14:18.184,-9.3733,0.0800,-15.3034
2026-05-09T12:14:18.199,-9.3553,0.0800,-15.2885
2026-05-09T12:14:18.213,-9.3356,0.0800,-15.2730
2026-05-09T12:14:18.227,-9.3145,0.0800,-15.2572
2026-05-09T12:14:18.241,-9.2913,0.0800,-15.2405
2026-05-09T12:14:18.256,-9.2672,0.0800,-15.2238
2026-05-09T12:14:18.272,-9.2392,0.0800,-15.2052
2026-05-09T12:14:18.287,-9.2092,0.0800,-15.1862
2026-05-09T12:14:18.302,-9.1757,0.0800,-15.1660
2026-05-09T12:14:18.317,-9.1438,0.0800,-15.1475
2026-05-09T12:14:18.332,-9.1088,0.0800,-15.1283
2026-05-09T12:14:18.351,-9.0714,0.0800,-15.1087
2026-05-09T12:14:18.365,-9.0382,0.0800,-15.0923
2026-05-09T12:14:18.379,-8.9913,0.0800,-15.0702
2026-05-09T12:14:18.393,-8.9577,0.0800,-15.0553
2026-05-09T12:14:18.407,-8.9230,0.0800,-15.0408
2026-05-09T12:14:18.421,-8.8873,0.0800,-15.0266
2026-05-09T12:14:18.435,-8.8507,0.0800,-15.0128
2026-05-09T12:14:18.450,-8.8144,0.0800,-14.9999
2026-05-09T12:14:18.464,-8.7771,0.0800,-14.9874
2026-05-09T12:14:18.478,-8.7365,0.0800,-14.9747
2026-05-09T12:14:18.492,-8.6973,0.0800,-14.9632
2026-05-09T12:14:18.506,-8.6576,0.0800,-14.9523
2026-05-09T12:14:18.519,-8.6164,0.0800,-14.9418
2026-05-09T12:14:18.533,-8.5741,0.0800,-14.9317
2026-05-09T12:14:18.547,-8.5347,0.0800,-14.9232
2026-05-09T12:14:18.561,-8.4949,0.0800,-14.9152
2026-05-09T12:14:18.575,-8.4518,0.0800,-14.9073
2026-05-09T12:14:18.589,-8.4079,0.0800,-14.9000
2026-05-09T12:14:18.603,-8.3671,0.0800,-14.8941
2026-05-09T12:14:18.618,-8.3251,0.0800,-14.8887
2026-05-09T12:14:18.631,-8.2826,0.0800,-14.8839
2026-05-09T12:14:18.646,-8.2368,0.0800,-14.8797
2026-05-09T12:14:18.659,-8.1952,0.0800,-14.8766
2026-05-09T12:14:18.673,-8.1507,0.0800,-14.8740
2026-05-09T12:14:18.687,-8.1106,0.0800,-14.8725
2026-05-09T12:14:18.701,-8.0690,0.0800,-14.8715
2026-05-09T12:14:18.715,-8.0250,0.0800,-14.8713
2026-05-09T12:14:18.729,-7.9846,0.0800,-14.8718
2026-05-09T12:14:18.742,-7.9370,0.0800,-14.8732
2026-05-09T12:14:18.756,-7.8975,0.0800,-14.8751
2026-05-09T12:14:18.770,-7.8569,0.0800,-14.8777
2026-05-09T12:14:18.784,-7.8128,0.0800,-14.8814
2026-05-09T12:14:18.799,-7.7713,0.0800,-14.8855
2026-05-09T12:14:18.813,-7.7286,0.0800,-14.8905
2026-05-09T12:14:18.827,-7.6862,0.0800,-14.8962
2026-05-09T12:14:18.839,-7.6425,0.0800,-14.9029
2026-05-09T12:14:18.855,-7.6009,0.0800,-14.9100
2026-05-09T12:14:18.868,-7.5617,0.0800,-14.9174
2026-05-09T12:14:18.882,-7.5162,0.0800,-14.9268
2026-05-09T12:14:18.896,-7.4766,0.0800,-14.9357
2026-05-09T12:14:18.911,-7.4343,0.0800,-14.9460
2026-05-09T12:14:18.924,-7.3925,0.0800,-14.9570
2026-05-09T12:14:18.937,-7.3502,0.0800,-14.9688
2026-05-09T12:14:18.951,-7.3125,0.0800,-14.9802
2026-05-09T12:14:18.965,-7.2733,0.0800,-14.9927
2026-05-09T12:14:18.979,-7.2303,0.0800,-15.0072
2026-05-09T12:14:18.994,-7.1920,0.0800,-15.0208
2026-05-09T12:14:19.008,-7.1532,0.0800,-15.0355
2026-05-09T12:14:19.021,-7.1098,0.0800,-15.0526
2026-05-09T12:14:19.035,-7.0704,0.0800,-15.0690
2026-05-09T12:14:19.049,-7.0330,0.0800,-15.0854
2026-05-09T12:14:19.063,-6.9948,0.0800,-15.1028
2026-05-09T12:14:19.076,-6.9554,0.0800,-15.1215
2026-05-09T12:14:19.091,-6.9155,0.0800,-15.1414
2026-05-09T12:14:19.104,-6.8788,0.0800,-15.1606
2026-05-09T12:14:19.118,-6.8407,0.0800,-15.1812
2026-05-09T12:14:19.132,-6.8073,0.0800,-15.2000
2026-05-09T12:14:19.146,-6.7689,0.0800,-15.2226
2026-05-09T12:14:19.159,-6.7376,0.0800,-15.2418
2026-05-09T12:14:19.173,-6.6980,0.0800,-15.2669
2026-05-09T12:14:19.186,-6.6698,0.0800,-15.2857
2026-05-09T12:14:19.200,-6.6369,0.0800,-15.3083
2026-05-09T12:14:19.214,-6.6069,0.0800,-15.3298
2026-05-09T12:14:19.228,-6.5769,0.0800,-15.3520
2026-05-09T12:14:19.241,-6.5420,0.0800,-15.3787
2026-05-09T12:14:19.256,-6.5116,0.0800,-15.4029
2026-05-09T12:14:19.269,-6.4822,0.0800,-15.4273
2026-05-09T12:14:19.283,-6.4518,0.0800,-15.4534
2026-05-09T12:14:19.298,-6.4230,0.0800,-15.4789
2026-05-09T12:14:19.313,-6.3949,0.0800,-15.5049
2026-05-09T12:14:19.330,-6.3645,0.0800,-15.5339
2026-05-09T12:14:19.348,-6.3318,0.0800,-15.5662
2026-05-09T12:14:19.367,-6.2997,0.0800,-15.5992
2026-05-09T12:14:19.385,-6.2625,0.0800,-15.6391
2026-05-09T12:14:19.401,-6.2282,0.0800,-15.6777
2026-05-09T12:14:19.418,-6.1950,0.0800,-15.7168
2026-05-09T12:14:19.434,-6.1654,0.0800,-15.7535
2026-05-09T12:14:19.451,-6.1357,0.0800,-15.7919
2026-05-09T12:14:19.469,-6.1097,0.0800,-15.8270
2026-05-09T12:14:19.487,-6.0803,0.0800,-15.8685
2026-05-09T12:14:19.504,-6.0522,0.0800,-15.9100
2026-05-09T12:14:19.526,-6.0249,0.0800,-15.9526
2026-05-09T12:14:19.549,-5.9989,0.0800,-15.9953
2026-05-09T12:14:19.575,-5.9681,0.0800,-16.0483
2026-05-09T12:14:19.598,-5.9370,0.0800,-16.1053
2026-05-09T12:14:19.619,-5.9033,0.0800,-16.1716
2026-05-09T12:14:19.638,-5.8737,0.0800,-16.2350
2026-05-09T12:14:19.657,-5.8516,0.0800,-16.2865
2026-05-09T12:14:19.677,-5.8312,0.0800,-16.3374
2026-05-09T12:14:19.697,-5.8118,0.0800,-16.3896
2026-05-09T12:14:19.718,-5.7937,0.0800,-16.4422
2026-05-09T12:14:19.739,-5.7763,0.0800,-16.4973
2026-05-09T12:14:19.760,-5.7600,0.0800,-16.5539
2026-05-09T12:14:19.781,-5.7430,0.0800,-16.6197
2026-05-09T12:14:19.802,-5.7320,0.0800,-16.6681
2026-05-09T12:14:19.820,-5.7195,0.0800,-16.7300
2026-05-09T12:14:19.837,-5.7097,0.0800,-16.7867
2026-05-09T12:14:19.856,-5.7020,0.0800,-16.8393
2026-05-09T12:14:19.876,-5.6962,0.0800,-16.8862
2026-05-09T12:14:19.898,-5.6907,0.0800,-16.9412
2026-05-09T12:14:19.921,-5.6864,0.0800,-16.9968
2026-05-09T12:14:19.941,-5.6831,0.0800,-17.0616
2026-05-09T12:14:19.960,-5.6816,0.0800,-17.1265
2026-05-09T12:14:19.979,-5.6820,0.0800,-17.1857
2026-05-09T12:14:19.996,-5.6837,0.0800,-17.2366
2026-05-09T12:14:20.014,-5.6869,0.0800,-17.2913
2026-05-09T12:14:20.033,-5.6909,0.0800,-17.3394
2026-05-09T12:14:20.054,-5.6962,0.0800,-17.3899
2026-05-09T12:14:20.075,-5.7032,0.0800,-17.4438
2026-05-09T12:14:20.095,-5.7129,0.0800,-17.5074
2026-05-09T12:14:20.116,-5.7245,0.0800,-17.5713
2026-05-09T12:14:20.134,-5.7377,0.0800,-17.6346
2026-05-09T12:14:20.153,-5.7530,0.0800,-17.7006
2026-05-09T12:14:20.173,-5.7672,0.0800,-17.7552
2026-05-09T12:14:20.193,-5.7848,0.0800,-17.8174
2026-05-09T12:14:20.213,-5.8050,0.0800,-17.8837
2026-05-09T12:14:20.232,-5.8282,0.0800,-17.9542
2026-05-09T12:14:20.257,-5.8531,0.0800,-18.0244
2026-05-09T12:14:20.271,-5.8791,0.0800,-18.0929
2026-05-09T12:14:20.290,-5.9165,0.0800,-18.1863
2026-05-09T12:14:20.311,-5.9373,0.0800,-18.2348
2026-05-09T12:14:20.331,-5.9705,0.0800,-18.3097
2026-05-09T12:14:20.352,-6.0075,0.0800,-18.3895
2026-05-09T12:14:20.373,-6.0385,0.0800,-18.4534
2026-05-09T12:14:20.391,-6.0478,0.0800,-18.4716
2026-05-09T12:14:20.409,-6.0405,0.0800,-18.4578
2026-05-09T12:14:20.427,-6.0292,0.0800,-18.4382
2026-05-09T12:14:20.446,-6.0092,0.0800,-18.4055
2026-05-09T12:14:20.465,-5.9872,0.0800,-18.3714
2026-05-09T12:14:20.485,-5.9632,0.0800,-18.3362
2026-05-09T12:14:20.504,-5.9365,0.0800,-18.2993
2026-05-09T12:14:20.523,-5.9087,0.0800,-18.2630
2026-05-09T12:14:20.542,-5.8814,0.0800,-18.2292
2026-05-09T12:14:20.561,-5.8508,0.0800,-18.1933
2026-05-09T12:14:20.579,-5.8208,0.0800,-18.1600
2026-05-09T12:14:20.597,-5.7920,0.0800,-18.1298
2026-05-09T12:14:20.617,-5.7604,0.0800,-18.0981
2026-05-09T12:14:20.636,-5.7298,0.0800,-18.0691
2026-05-09T12:14:20.654,-5.6953,0.0800,-18.0379
2026-05-09T12:14:20.673,-5.6633,0.0800,-18.0105
2026-05-09T12:14:20.691,-5.6295,0.0800,-17.9829
2026-05-09T12:14:20.709,-5.5946,0.0800,-17.9560
2026-05-09T12:14:20.728,-5.5602,0.0800,-17.9309
2026-05-09T12:14:20.745,-5.5256,0.0800,-17.9070
2026-05-09T12:14:20.763,-5.4877,0.0800,-17.8822
2026-05-09T12:14:20.781,-5.4542,0.0800,-17.8615
2026-05-09T12:14:20.800,-5.4190,0.0800,-17.8411
2026-05-09T12:14:20.819,-5.3797,0.0800,-17.8196
2026-05-09T12:14:20.837,-5.3425,0.0800,-17.8006
2026-05-09T12:14:20.854,-5.3030,0.0800,-17.7817
2026-05-09T12:14:20.872,-5.2643,0.0800,-17.7648
2026-05-09T12:14:20.889,-5.2266,0.0800,-17.7495
2026-05-09T12:14:20.907,-5.1871,0.0800,-17.7347
2026-05-09T12:14:20.925,-5.1504,0.0800,-17.7222
2026-05-09T12:14:20.942,-5.1108,0.0800,-17.7097
2026-05-09T12:14:20.959,-5.0708,0.0800,-17.6982
2026-05-09T12:14:20.977,-5.0302,0.0800,-17.6878
2026-05-09T12:14:20.994,-4.9935,0.0800,-17.6793
2026-05-09T12:14:21.011,-4.9528,0.0800,-17.6710
2026-05-09T12:14:21.028,-4.9144,0.0800,-17.6641
2026-05-09T12:14:21.046,-4.8727,0.0800,-17.6577
2026-05-09T12:14:21.063,-4.8351,0.0800,-17.6529
2026-05-09T12:14:21.081,-4.7939,0.0800,-17.6487
2026-05-09T12:14:21.097,-4.7569,0.0800,-17.6460
2026-05-09T12:14:21.116,-4.7187,0.0800,-17.6441
2026-05-09T12:14:21.133,-4.6847,0.0800,-17.6433
2026-05-09T12:14:21.150,-4.6472,0.0800,-17.6434
2026-05-09T12:14:21.166,-4.6301,0.0800,-17.6439
2026-05-09T12:14:21.185,-4.6300,0.0800,-17.6456
2026-05-09T12:14:21.202,-4.6298,0.0800,-17.6477
2026-05-09T12:14:21.219,-4.6297,0.0800,-17.6503
2026-05-09T12:14:21.236,-4.6293,0.0800,-17.6514
2026-05-09T12:14:21.255,-4.6290,0.0800,-17.6513
2026-05-09T12:14:21.271,-4.6292,0.0800,-17.6512
2026-05-09T12:14:21.286,-4.6398,0.0800,-17.6487
2026-05-09T12:14:21.303,-4.6545,0.0800,-17.6450
2026-05-09T12:14:21.321,-4.6801,0.0800,-17.6376
2026-05-09T12:14:21.339,-4.7131,0.0800,-17.6274
2026-05-09T12:14:21.357,-4.7561,0.0800,-17.6129
2026-05-09T12:14:21.375,-4.8036,0.0800,-17.5955
2026-05-09T12:14:21.391,-4.8553,0.0800,-17.5753
2026-05-09T12:14:21.406,-4.9093,0.0800,-17.5528
2026-05-09T12:14:21.422,-4.9599,0.0800,-17.5305
2026-05-09T12:14:21.437,-5.0135,0.0800,-17.5057
2026-05-09T12:14:21.452,-5.0644,0.0800,-17.4811
2026-05-09T12:14:21.467,-5.1174,0.0800,-17.4544
2026-05-09T12:14:21.483,-5.1723,0.0800,-17.4257
2026-05-09T12:14:21.501,-5.2254,0.0800,-17.3972
2026-05-09T12:14:21.518,-5.2886,0.0800,-17.3621
2026-05-09T12:14:21.533,-5.3595,0.0800,-17.3216
2026-05-09T12:14:21.549,-5.4322,0.0800,-17.2791
2026-05-09T12:14:21.563,-5.4917,0.0800,-17.2436
2026-05-09T12:14:21.579,-5.5576,0.0800,-17.2036
2026-05-09T12:14:21.597,-5.6187,0.0800,-17.1662
2026-05-09T12:14:21.614,-5.6860,0.0800,-17.1250
2026-05-09T12:14:21.630,-5.7590,0.0800,-17.0802
2026-05-09T12:14:21.646,-5.8351,0.0800,-17.0334
2026-05-09T12:14:21.661,-5.8994,0.0800,-16.9939
2026-05-09T12:14:21.676,-5.9654,0.0800,-16.9533
2026-05-09T12:14:21.693,-6.0284,0.0800,-16.9145
2026-05-09T12:14:21.711,-6.0913,0.0800,-16.8758
2026-05-09T12:14:21.727,-6.1659,0.0800,-16.8300
2026-05-09T12:14:21.744,-6.2418,0.0800,-16.7834
2026-05-09T12:14:21.759,-6.3088,0.0800,-16.7423
2026-05-09T12:14:21.774,-6.3813,0.0800,-16.6979
2026-05-09T12:14:21.791,-6.4439,0.0800,-16.6595
2026-05-09T12:14:21.808,-6.5083,0.0800,-16.6201
2026-05-09T12:14:21.825,-6.5789,0.0800,-16.5769
2026-05-09T12:14:21.840,-6.6540,0.0800,-16.5311
2026-05-09T12:14:21.856,-6.7245,0.0800,-16.4880
2026-05-09T12:14:21.871,-6.7885,0.0800,-16.4489
2026-05-09T12:14:21.887,-6.8503,0.0800,-16.4111
2026-05-09T12:14:21.905,-6.9171,0.0800,-16.3702
2026-05-09T12:14:21.923,-6.9837,0.0800,-16.3295
2026-05-09T12:14:21.939,-7.0611,0.0800,-16.2822
2026-05-09T12:14:21.954,-7.1363,0.0800,-16.2364
2026-05-09T12:14:21.969,-7.2000,0.0800,-16.1975
2026-05-09T12:14:21.985,-7.2667,0.0800,-16.1569
2026-05-09T12:14:22.001,-7.3306,0.0800,-16.1179
2026-05-09T12:14:22.018,-7.3964,0.0800,-16.0778
2026-05-09T12:14:22.033,-7.4627,0.0800,-16.0370
2026-05-09T12:14:22.048,-7.5320,0.0800,-15.9938
2026-05-09T12:14:22.062,-7.5946,0.0800,-15.9544
2026-05-09T12:14:22.076,-7.6559,0.0800,-15.9154
2026-05-09T12:14:22.090,-7.7105,0.0800,-15.8804
2026-05-09T12:14:22.106,-7.7709,0.0800,-15.8412
2026-05-09T12:14:22.125,-7.8272,0.0800,-15.8043
2026-05-09T12:14:22.143,-7.8931,0.0800,-15.7606
2026-05-09T12:14:22.158,-7.9687,0.0800,-15.7099
2026-05-09T12:14:22.173,-8.0404,0.0800,-15.6610
2026-05-09T12:14:22.187,-8.0994,0.0800,-15.6203
2026-05-09T12:14:22.201,-8.1590,0.0800,-15.5786
2026-05-09T12:14:22.216,-8.2128,0.0800,-15.5405
2026-05-09T12:14:22.232,-8.2631,0.0800,-15.5041
2026-05-09T12:14:22.249,-8.3145,0.0800,-15.4662
2026-05-09T12:14:22.265,-8.3695,0.0800,-15.4246
2026-05-09T12:14:22.282,-8.4242,0.0800,-15.3821
2026-05-09T12:14:22.297,-8.4743,0.0800,-15.3418
2026-05-09T12:14:22.313,-8.5290,0.0800,-15.2966
2026-05-09T12:14:22.327,-8.5734,0.0800,-15.2587
2026-05-09T12:14:22.341,-8.6168,0.0800,-15.2206
2026-05-09T12:14:22.357,-8.6589,0.0800,-15.1826
2026-05-09T12:14:22.375,-8.6962,0.0800,-15.1478
2026-05-09T12:14:22.392,-8.7372,0.0800,-15.1085
2026-05-09T12:14:22.410,-8.7816,0.0800,-15.0642
2026-05-09T12:14:22.425,-8.8224,0.0800,-15.0220
2026-05-09T12:14:22.440,-8.8645,0.0800,-14.9769
2026-05-09T12:14:22.458,-8.8974,0.0800,-14.9399
2026-05-09T12:14:22.475,-8.9332,0.0800,-14.8984
2026-05-09T12:14:22.494,-8.9706,0.0800,-14.8534
2026-05-09T12:14:22.511,-9.0095,0.0800,-14.8047
2026-05-09T12:14:22.527,-9.0502,0.0800,-14.7516
2026-05-09T12:14:22.545,-9.0894,0.0800,-14.6984
2026-05-09T12:14:22.561,-9.1220,0.0800,-14.6527
2026-05-09T12:14:22.578,-9.1478,0.0800,-14.6155
2026-05-09T12:14:22.593,-9.1621,0.0800,-14.5947
2026-05-09T12:14:22.609,-9.1692,0.0800,-14.5844
2026-05-09T12:14:23.003,-9.1770,0.0800,-14.5729
2026-05-09T12:14:23.020,-9.1975,0.0800,-14.5426
2026-05-09T12:14:23.035,-9.2194,0.0800,-14.5089
2026-05-09T12:14:23.050,-9.2418,0.0800,-14.4728
2026-05-09T12:14:23.064,-9.2617,0.0800,-14.4392
2026-05-09T12:14:23.078,-9.2827,0.0800,-14.4026
2026-05-09T12:14:23.093,-9.3012,0.0800,-14.3687
2026-05-09T12:14:23.108,-9.3203,0.0800,-14.3325
2026-05-09T12:14:23.123,-9.3401,0.0800,-14.2935
2026-05-09T12:14:23.141,-9.3606,0.0800,-14.2516
2026-05-09T12:14:23.155,-9.3811,0.0800,-14.2076
2026-05-09T12:14:23.170,-9.4021,0.0800,-14.1601
2026-05-09T12:14:23.183,-9.4192,0.0800,-14.1196
2026-05-09T12:14:23.197,-9.4362,0.0800,-14.0772
2026-05-09T12:14:23.211,-9.4532,0.0800,-14.0327
2026-05-09T12:14:23.225,-9.4670,0.0800,-13.9943
2026-05-09T12:14:23.239,-9.4819,0.0800,-13.9510
2026-05-09T12:14:23.256,-9.4959,0.0800,-13.9079
2026-05-09T12:14:23.271,-9.5107,0.0800,-13.8600
2026-05-09T12:14:23.286,-9.5259,0.0800,-13.8071
2026-05-09T12:14:23.301,-9.5397,0.0800,-13.7561
2026-05-09T12:14:23.317,-9.5532,0.0800,-13.7025
2026-05-09T12:14:23.333,-9.5661,0.0800,-13.6478
2026-05-09T12:14:23.349,-9.5797,0.0800,-13.5862
2026-05-09T12:14:23.362,-9.5929,0.0800,-13.5216
2026-05-09T12:14:23.377,-9.6042,0.0800,-13.4622
2026-05-09T12:14:23.391,-9.6134,0.0800,-13.4089
2026-05-09T12:14:23.406,-9.6232,0.0800,-13.3481
2026-05-09T12:14:23.420,-9.6312,0.0800,-13.2930
2026-05-09T12:14:23.436,-9.6394,0.0800,-13.2325
2026-05-09T12:14:23.452,-9.6465,0.0800,-13.1732
2026-05-09T12:14:23.468,-9.6535,0.0800,-13.1083
2026-05-09T12:14:23.484,-9.6595,0.0800,-13.0435
2026-05-09T12:14:23.502,-9.6647,0.0800,-12.9785
2026-05-09T12:14:23.517,-9.6695,0.0800,-12.9063
2026-05-09T12:14:23.532,-9.6732,0.0800,-12.8342
2026-05-09T12:14:23.547,-9.6758,0.0800,-12.7671
2026-05-09T12:14:23.561,-9.6774,0.0800,-12.7022
2026-05-09T12:14:23.575,-9.6784,0.0800,-12.6349
2026-05-09T12:14:23.590,-9.6785,0.0800,-12.5761
2026-05-09T12:14:23.603,-9.6779,0.0800,-12.5091
2026-05-09T12:14:23.621,-9.6767,0.0800,-12.4437
2026-05-09T12:14:23.638,-9.6750,0.0800,-12.3847
2026-05-09T12:14:23.657,-9.6720,0.0800,-12.3045
2026-05-09T12:14:23.672,-9.6680,0.0800,-12.2219
2026-05-09T12:14:23.688,-9.6629,0.0800,-12.1342
2026-05-09T12:14:23.703,-9.6577,0.0800,-12.0609
2026-05-09T12:14:23.717,-9.6524,0.0800,-11.9926
2026-05-09T12:14:23.731,-9.6461,0.0800,-11.9215
2026-05-09T12:14:23.744,-9.6397,0.0800,-11.8556
2026-05-09T12:14:23.759,-9.6329,0.0800,-11.7917
2026-05-09T12:14:23.773,-9.6259,0.0800,-11.7306
2026-05-09T12:14:23.789,-9.6175,0.0800,-11.6621
2026-05-09T12:14:23.802,-9.6084,0.0800,-11.5921
2026-05-09T12:14:23.817,-9.5982,0.0800,-11.5188
2026-05-09T12:14:23.831,-9.5890,0.0800,-11.4558
2026-05-09T12:14:23.846,-9.5779,0.0800,-11.3827
2026-05-09T12:14:23.860,-9.5674,0.0800,-11.3171
2026-05-09T12:14:23.876,-9.5560,0.0800,-11.2482
2026-05-09T12:14:23.890,-9.5443,0.0800,-11.1800
2026-05-09T12:14:23.904,-9.5312,0.0800,-11.1063
2026-05-09T12:14:23.918,-9.5190,0.0800,-11.0397
2026-05-09T12:14:23.932,-9.5068,0.0800,-10.9760
2026-05-09T12:14:23.946,-9.4931,0.0800,-10.9069
2026-05-09T12:14:23.959,-9.4800,0.0800,-10.8426
2026-05-09T12:14:23.974,-9.4660,0.0800,-10.7761
2026-05-09T12:14:23.987,-9.4527,0.0800,-10.7146
2026-05-09T12:14:24.001,-9.4369,0.0800,-10.6442
2026-05-09T12:14:24.016,-9.4226,0.0800,-10.5825
2026-05-09T12:14:24.030,-9.4070,0.0800,-10.5168
2026-05-09T12:14:24.044,-9.3906,0.0800,-10.4498
2026-05-09T12:14:24.059,-9.3745,0.0800,-10.3861
2026-05-09T12:14:24.074,-9.3577,0.0800,-10.3211
2026-05-09T12:14:24.089,-9.3390,0.0800,-10.2508
2026-05-09T12:14:24.103,-9.3201,0.0800,-10.1817
2026-05-09T12:14:24.117,-9.3002,0.0800,-10.1105
2026-05-09T12:14:24.131,-9.2826,0.0800,-10.0497
2026-05-09T12:14:24.144,-9.2609,0.0800,-9.9761
2026-05-09T12:14:24.158,-9.2440,0.0800,-9.9200
2026-05-09T12:14:24.171,-9.2246,0.0800,-9.8571
2026-05-09T12:14:24.188,-9.2051,0.0800,-9.7953
2026-05-09T12:14:24.206,-9.1841,0.0800,-9.7300
2026-05-09T12:14:24.226,-9.1599,0.0800,-9.6562
2026-05-09T12:14:24.243,-9.1326,0.0800,-9.5750
2026-05-09T12:14:24.257,-9.1015,0.0800,-9.4849
2026-05-09T12:14:24.271,-9.0752,0.0800,-9.4107
2026-05-09T12:14:24.286,-9.0519,0.0800,-9.3465
2026-05-09T12:14:24.301,-9.0270,0.0800,-9.2794
2026-05-09T12:14:24.320,-9.0028,0.0800,-9.2156
2026-05-09T12:14:24.336,-8.9752,0.0800,-9.1441
2026-05-09T12:14:24.350,-8.9424,0.0800,-9.0610
2026-05-09T12:14:24.363,-8.9136,0.0800,-8.9900
2026-05-09T12:14:24.377,-8.8849,0.0800,-8.9204
2026-05-09T12:14:24.391,-8.8634,0.0800,-8.8693
2026-05-09T12:14:24.406,-8.8377,0.0800,-8.8089
2026-05-09T12:14:24.420,-8.8098,0.0800,-8.7448
2026-05-09T12:14:24.434,-8.7821,0.0800,-8.6818
2026-05-09T12:14:24.448,-8.7541,0.0800,-8.6194
2026-05-09T12:14:24.461,-8.7272,0.0800,-8.5606
2026-05-09T12:14:24.475,-8.6976,0.0800,-8.4970
2026-05-09T12:14:24.489,-8.6788,0.0800,-8.4580
2026-05-09T12:14:24.502,-8.6583,0.0800,-8.4166
2026-05-09T12:14:24.516,-8.6421,0.0800,-8.3849
2026-05-09T12:14:24.530,-8.6267,0.0800,-8.3563
2026-05-09T12:14:24.543,-8.6098,0.0800,-8.3258
2026-05-09T12:14:24.558,-8.5961,0.0800,-8.3020
2026-05-09T12:14:24.572,-8.5846,0.0800,-8.2829
2026-05-09T12:14:24.586,-8.5713,0.0800,-8.2618
2026-05-09T12:14:24.599,-8.5581,0.0800,-8.2414
2026-05-09T12:14:24.614,-8.5443,0.0800,-8.2210
2026-05-09T12:14:24.628,-8.5321,0.0800,-8.2037
2026-05-09T12:14:24.641,-8.5173,0.0800,-8.1833
2026-05-09T12:14:24.656,-8.5034,0.0800,-8.1648
2026-05-09T12:14:24.670,-8.4891,0.0800,-8.1466
2026-05-09T12:14:24.683,-8.4747,0.0800,-8.1290
2026-05-09T12:14:24.698,-8.4587,0.0800,-8.1099
2026-05-09T12:14:24.712,-8.4390,0.0800,-8.0874
2026-05-09T12:14:24.726,-8.4194,0.0800,-8.0658
2026-05-09T12:14:24.739,-8.3964,0.0800,-8.0413
2026-05-09T12:14:24.753,-8.3727,0.0800,-8.0167
2026-05-09T12:14:24.768,-8.3447,0.0800,-7.9886
2026-05-09T12:14:24.781,-8.3121,0.0800,-7.9570
2026-05-09T12:14:24.796,-8.2797,0.0800,-7.9266
2026-05-09T12:14:24.809,-8.2418,0.0800,-7.8921
2026-05-09T12:14:24.823,-8.2051,0.0800,-7.8599
2026-05-09T12:14:24.837,-8.1650,0.0800,-7.8256
2026-05-09T12:14:24.851,-8.1223,0.0800,-7.7901
2026-05-09T12:14:24.865,-8.0755,0.0800,-7.7522
2026-05-09T12:14:24.879,-8.0201,0.0800,-7.7082
2026-05-09T12:14:24.893,-7.9698,0.0800,-7.6690
2026-05-09T12:14:24.906,-7.9185,0.0800,-7.6296
2026-05-09T12:14:24.919,-7.8666,0.0800,-7.5902
2026-05-09T12:14:24.934,-7.8118,0.0800,-7.5490
2026-05-09T12:14:24.948,-7.7619,0.0800,-7.5121
2026-05-09T12:14:24.961,-7.7085,0.0800,-7.4729
2026-05-09T12:14:24.976,-7.6463,0.0800,-7.4278
2026-05-09T12:14:24.990,-7.5995,0.0800,-7.3944
2026-05-09T12:14:25.003,-7.5407,0.0800,-7.3527
2026-05-09T12:14:25.017,-7.4875,0.0800,-7.3155
2026-05-09T12:14:25.031,-7.4340,0.0800,-7.2785
2026-05-09T12:14:25.044,-7.3782,0.0800,-7.2403
2026-05-09T12:14:25.059,-7.3235,0.0800,-7.2034
2026-05-09T12:14:25.073,-7.2674,0.0800,-7.1659
2026-05-09T12:14:25.087,-7.2090,0.0800,-7.1274
2026-05-09T12:14:25.100,-7.1539,0.0800,-7.0915
2026-05-09T12:14:25.115,-7.0948,0.0800,-7.0534
2026-05-09T12:14:25.128,-7.0436,0.0800,-7.0209
2026-05-09T12:14:25.142,-6.9771,0.0800,-6.9790
2026-05-09T12:14:25.156,-6.9233,0.0800,-6.9451
2026-05-09T12:14:25.170,-6.8669,0.0800,-6.9096
2026-05-09T12:14:25.184,-6.8056,0.0800,-6.8710
2026-05-09T12:14:25.198,-6.7487,0.0800,-6.8352
2026-05-09T12:14:25.212,-6.6919,0.0800,-6.7990
2026-05-09T12:14:25.226,-6.6439,0.0800,-6.7679
2026-05-09T12:14:25.239,-6.5884,0.0800,-6.7312
2026-05-09T12:14:25.253,-6.5347,0.0800,-6.6951
2026-05-09T12:14:25.268,-6.4899,0.0800,-6.6643
2026-05-09T12:14:25.281,-6.4342,0.0800,-6.6253
2026-05-09T12:14:25.295,-6.3818,0.0800,-6.5876
2026-05-09T12:14:25.309,-6.3342,0.0800,-6.5526
2026-05-09T12:14:25.323,-6.2880,0.0800,-6.5178
2026-05-09T12:14:25.337,-6.2390,0.0800,-6.4801
2026-05-09T12:14:25.351,-6.1923,0.0800,-6.4432
2026-05-09T12:14:25.364,-6.1457,0.0800,-6.4057
2026-05-09T12:14:25.378,-6.0999,0.0800,-6.3677
2026-05-09T12:14:25.392,-6.0603,0.0800,-6.3342
2026-05-09T12:14:25.406,-6.0183,0.0800,-6.2977
2026-05-09T12:14:25.420,-5.9764,0.0800,-6.2604
2026-05-09T12:14:25.434,-5.9345,0.0800,-6.2221
2026-05-09T12:14:25.448,-5.8999,0.0800,-6.1894
2026-05-09T12:14:25.461,-5.8615,0.0800,-6.1521
2026-05-09T12:14:25.476,-5.8225,0.0800,-6.1131
2026-05-09T12:14:25.489,-5.7916,0.0800,-6.0811
2026-05-09T12:14:25.503,-5.7569,0.0800,-6.0442
2026-05-09T12:14:25.517,-5.7260,0.0800,-6.0102
2026-05-09T12:14:25.531,-5.6975,0.0800,-5.9777
2026-05-09T12:14:25.544,-5.6685,0.0800,-5.9436
2026-05-09T12:14:25.558,-5.6443,0.0800,-5.9141
2026-05-09T12:14:25.572,-5.6202,0.0800,-5.8836
2026-05-09T12:14:25.586,-5.5979,0.0800,-5.8543
2026-05-09T12:14:25.599,-5.5747,0.0800,-5.8228
2026-05-09T12:14:25.614,-5.5536,0.0800,-5.7929
2026-05-09T12:14:25.628,-5.5371,0.0800,-5.7685
2026-05-09T12:14:25.641,-5.5187,0.0800,-5.7402
2026-05-09T12:14:25.656,-5.5043,0.0800,-5.7171
2026-05-09T12:14:25.670,-5.4902,0.0800,-5.6935
2026-05-09T12:14:25.684,-5.4769,0.0800,-5.6701
2026-05-09T12:14:25.699,-5.4646,0.0800,-5.6475
2026-05-09T12:14:25.713,-5.4528,0.0800,-5.6244
2026-05-09T12:14:25.727,-5.4412,0.0800,-5.6006
2026-05-09T12:14:25.740,-5.4303,0.0800,-5.5768
2026-05-09T12:14:25.754,-5.4204,0.0800,-5.5545
2026-05-09T12:14:25.768,-5.4111,0.0800,-5.5318
2026-05-09T12:14:25.782,-5.4011,0.0800,-5.5062
2026-05-09T12:14:25.798,-5.3914,0.0800,-5.4799
2026-05-09T12:14:25.814,-5.3812,0.0800,-5.4500
2026-05-09T12:14:25.830,-5.3710,0.0800,-5.4180
2026-05-09T12:14:25.847,-5.3603,0.0800,-5.3818
2026-05-09T12:14:25.862,-5.3506,0.0800,-5.3460
2026-05-09T12:14:25.877,-5.3405,0.0800,-5.3052
2026-05-09T12:14:25.891,-5.3335,0.0800,-5.2738
2026-05-09T12:14:25.906,-5.3265,0.0800,-5.2391
2026-05-09T12:14:25.921,-5.3206,0.0800,-5.2068
2026-05-09T12:14:25.935,-5.3152,0.0800,-5.1727
2026-05-09T12:14:25.950,-5.3100,0.0800,-5.1358
2026-05-09T12:14:25.964,-5.3063,0.0800,-5.1040
2026-05-09T12:14:25.979,-5.3026,0.0800,-5.0677
2026-05-09T12:14:25.995,-5.3002,0.0800,-5.0366
2026-05-09T12:14:26.010,-5.2981,0.0800,-4.9998
2026-05-09T12:14:26.025,-5.2969,0.0800,-4.9657
2026-05-09T12:14:26.043,-5.2963,0.0800,-4.9281
2026-05-09T12:14:26.058,-5.2966,0.0800,-4.8932
2026-05-09T12:14:26.073,-5.2978,0.0800,-4.8528
2026-05-09T12:14:26.087,-5.2997,0.0800,-4.8173
2026-05-09T12:14:26.101,-5.3024,0.0800,-4.7817
2026-05-09T12:14:26.116,-5.3054,0.0800,-4.7493
2026-05-09T12:14:26.131,-5.3091,0.0800,-4.7172
2026-05-09T12:14:26.146,-5.3144,0.0800,-4.6785
2026-05-09T12:14:26.161,-5.3191,0.0800,-4.6477
2026-05-09T12:14:26.176,-5.3257,0.0800,-4.6104
2026-05-09T12:14:26.192,-5.3321,0.0800,-4.5780
2026-05-09T12:14:26.209,-5.3395,0.0800,-4.5445
2026-05-09T12:14:26.224,-5.3483,0.0800,-4.5077
2026-05-09T12:14:26.240,-5.3585,0.0800,-4.4689
2026-05-09T12:14:26.254,-5.3679,0.0800,-4.4363
2026-05-09T12:14:26.269,-5.3797,0.0800,-4.3986
2026-05-09T12:14:26.283,-5.3902,0.0800,-4.3674
2026-05-09T12:14:26.298,-5.4014,0.0800,-4.3358
2026-05-09T12:14:26.312,-5.4132,0.0800,-4.3050
2026-05-09T12:14:26.326,-5.4254,0.0800,-4.2750
2026-05-09T12:14:26.340,-5.4388,0.0800,-4.2439
2026-05-09T12:14:26.355,-5.4516,0.0800,-4.2156
2026-05-09T12:14:26.369,-5.4657,0.0800,-4.1863
2026-05-09T12:14:26.383,-5.4807,0.0800,-4.1565
2026-05-09T12:14:26.397,-5.4963,0.0800,-4.1271
2026-05-09T12:14:26.411,-5.5117,0.0800,-4.0993
2026-05-09T12:14:26.425,-5.5288,0.0800,-4.0700
2026-05-09T12:14:26.438,-5.5449,0.0800,-4.0436
2026-05-09T12:14:26.452,-5.5613,0.0800,-4.0178
2026-05-09T12:14:26.466,-5.5786,0.0800,-3.9918
2026-05-09T12:14:26.480,-5.5970,0.0800,-3.9651
2026-05-09T12:14:26.504,-5.6144,0.0800,-3.9408
2026-05-09T12:14:26.518,-5.6350,0.0800,-3.9134
2026-05-09T12:14:26.531,-5.6680,0.0800,-3.8713
2026-05-09T12:14:26.545,-5.6898,0.0800,-3.8452
2026-05-09T12:14:26.559,-5.7122,0.0800,-3.8195
2026-05-09T12:14:26.573,-5.7341,0.0800,-3.7953
2026-05-09T12:14:26.587,-5.7576,0.0800,-3.7704
2026-05-09T12:14:26.600,-5.7833,0.0800,-3.7442
2026-05-09T12:14:26.615,-5.8098,0.0800,-3.7181
2026-05-09T12:14:26.629,-5.8348,0.0800,-3.6946
2026-05-09T12:14:26.642,-5.8673,0.0800,-3.6651
2026-05-09T12:14:26.656,-5.8939,0.0800,-3.6418
2026-05-09T12:14:26.671,-5.9237,0.0800,-3.6168
2026-05-09T12:14:26.686,-5.9560,0.0800,-3.5907
2026-05-09T12:14:26.699,-5.9902,0.0800,-3.5641
2026-05-09T12:14:26.713,-6.0247,0.0800,-3.5383
2026-05-09T12:14:26.727,-6.0557,0.0800,-3.5162
2026-05-09T12:14:26.740,-6.0919,0.0800,-3.4911
2026-05-09T12:14:26.754,-6.1260,0.0800,-3.4685
2026-05-09T12:14:26.769,-6.1590,0.0800,-3.4474
2026-05-09T12:14:26.782,-6.1973,0.0800,-3.4239
2026-05-09T12:14:26.796,-6.2343,0.0800,-3.4020
2026-05-09T12:14:26.810,-6.2728,0.0800,-3.3802
2026-05-09T12:14:26.824,-6.3103,0.0800,-3.3598
2026-05-09T12:14:26.838,-6.3536,0.0800,-3.3369
2026-05-09T12:14:26.853,-6.3971,0.0800,-3.3150
2026-05-09T12:14:26.866,-6.4481,0.0800,-3.2901
2026-05-09T12:14:26.879,-6.5062,0.0800,-3.2627
2026-05-09T12:14:26.894,-6.5618,0.0800,-3.2372
2026-05-09T12:14:26.908,-6.6175,0.0800,-3.2123
2026-05-09T12:14:26.922,-6.6795,0.0800,-3.1851
2026-05-09T12:14:26.936,-6.7413,0.0800,-3.1586
2026-05-09T12:14:26.950,-6.8034,0.0800,-3.1324
2026-05-09T12:14:26.963,-6.8662,0.0800,-3.1059
2026-05-09T12:14:26.978,-6.9348,0.0800,-3.0770
2026-05-09T12:14:26.992,-6.9932,0.0800,-3.0523
2026-05-09T12:14:27.005,-7.0591,0.0800,-3.0244
2026-05-09T12:14:27.019,-7.1265,0.0800,-2.9960
2026-05-09T12:14:27.033,-7.1891,0.0800,-2.9695
2026-05-09T12:14:27.047,-7.2500,0.0800,-2.9437
2026-05-09T12:14:27.061,-7.3120,0.0800,-2.9175
2026-05-09T12:14:27.075,-7.3807,0.0800,-2.8885
2026-05-09T12:14:27.089,-7.4410,0.0800,-2.8630
2026-05-09T12:14:27.102,-7.5040,0.0800,-2.8364
2026-05-09T12:14:27.117,-7.5677,0.0800,-2.8100
2026-05-09T12:14:27.131,-7.6230,0.0800,-2.7875
2026-05-09T12:14:27.144,-7.6907,0.0800,-2.7605
2026-05-09T12:14:27.159,-7.7456,0.0800,-2.7391
2026-05-09T12:14:27.173,-7.8016,0.0800,-2.7179
2026-05-09T12:14:27.186,-7.8667,0.0800,-2.6939
2026-05-09T12:14:27.199,-7.9236,0.0800,-2.6736
2026-05-09T12:14:27.213,-7.9807,0.0800,-2.6538
2026-05-09T12:14:27.228,-8.0299,0.0800,-2.6374
2026-05-09T12:14:27.241,-8.0896,0.0800,-2.6181
2026-05-09T12:14:27.255,-8.1467,0.0800,-2.6003
2026-05-09T12:14:27.268,-8.1992,0.0800,-2.5848
2026-05-09T12:14:27.282,-8.2520,0.0800,-2.5698
2026-05-09T12:14:27.297,-8.3019,0.0800,-2.5563
2026-05-09T12:14:27.311,-8.3553,0.0800,-2.5428
2026-05-09T12:14:27.324,-8.4067,0.0800,-2.5304
2026-05-09T12:14:27.338,-8.4578,0.0800,-2.5189
2026-05-09T12:14:27.352,-8.5057,0.0800,-2.5089
2026-05-09T12:14:27.366,-8.5589,0.0800,-2.4985
2026-05-09T12:14:27.380,-8.6094,0.0800,-2.4895
2026-05-09T12:14:27.394,-8.6600,0.0800,-2.4811
2026-05-09T12:14:27.408,-8.7124,0.0800,-2.4733
2026-05-09T12:14:27.421,-8.7636,0.0800,-2.4664
2026-05-09T12:14:27.435,-8.8166,0.0800,-2.4600
2026-05-09T12:14:27.449,-8.8633,0.0800,-2.4552
2026-05-09T12:14:27.462,-8.9165,0.0800,-2.4504
2026-05-09T12:14:27.476,-8.9699,0.0800,-2.4463
2026-05-09T12:14:27.490,-9.0170,0.0800,-2.4435
2026-05-09T12:14:27.503,-9.0720,0.0800,-2.4409
2026-05-09T12:14:27.519,-9.1234,0.0800,-2.4391
2026-05-09T12:14:27.531,-9.1728,0.0800,-2.4382
2026-05-09T12:14:27.545,-9.2379,0.0800,-2.4379
2026-05-09T12:14:27.559,-9.2780,0.0800,-2.4383
2026-05-09T12:14:27.573,-9.3309,0.0800,-2.4395
2026-05-09T12:14:27.588,-9.3850,0.0800,-2.4415
2026-05-09T12:14:27.601,-9.4377,0.0800,-2.4443
2026-05-09T12:14:27.615,-9.4933,0.0800,-2.4480
2026-05-09T12:14:27.629,-9.5405,0.0800,-2.4518
2026-05-09T12:14:27.643,-9.5983,0.0800,-2.4573
2026-05-09T12:14:27.658,-9.6445,0.0800,-2.4625
2026-05-09T12:14:27.671,-9.6923,0.0800,-2.4685
2026-05-09T12:14:27.685,-9.7357,0.0800,-2.4747
2026-05-09T12:14:27.700,-9.7724,0.0800,-2.4806
2026-05-09T12:14:27.714,-9.8021,0.0800,-2.4860
2026-05-09T12:14:27.728,-9.8254,0.0800,-2.4908
2026-05-09T12:14:27.741,-9.8414,0.0800,-2.4944
2026-05-09T12:14:27.755,-9.8433,0.0800,-2.4949
2026-05-09T12:14:27.769,-9.8408,0.0800,-2.4943
2026-05-09T12:14:27.783,-9.8322,0.0800,-2.4919
2026-05-09T12:14:27.797,-9.8171,0.0800,-2.4872
2026-05-09T12:14:27.812,-9.7978,0.0800,-2.4808
2026-05-09T12:14:27.826,-9.7787,0.0800,-2.4739
2026-05-09T12:14:27.838,-9.7540,0.0800,-2.4645
2026-05-09T12:14:27.853,-9.7289,0.0800,-2.4542
2026-05-09T12:14:27.867,-9.7061,0.0800,-2.4444
2026-05-09T12:14:27.880,-9.6788,0.0800,-2.4321
2026-05-09T12:14:27.894,-9.6543,0.0800,-2.4202
2026-05-09T12:14:27.909,-9.6298,0.0800,-2.4079
2026-05-09T12:14:27.922,-9.6036,0.0800,-2.3942
2026-05-09T12:14:27.936,-9.5775,0.0800,-2.3796
2026-05-09T12:14:27.950,-9.5524,0.0800,-2.3650
2026-05-09T12:14:27.964,-9.5284,0.0800,-2.3504
2026-05-09T12:14:27.978,-9.5036,0.0800,-2.3345
2026-05-09T12:14:27.992,-9.4807,0.0800,-2.3193
2026-05-09T12:14:28.005,-9.4570,0.0800,-2.3029
2026-05-09T12:14:28.019,-9.4332,0.0800,-2.2857
2026-05-09T12:14:28.033,-9.4111,0.0800,-2.2689
2026-05-09T12:14:28.048,-9.3889,0.0800,-2.2515
2026-05-09T12:14:28.061,-9.3678,0.0800,-2.2343
2026-05-09T12:14:28.076,-9.3454,0.0800,-2.2152
2026-05-09T12:14:28.090,-9.3265,0.0800,-2.1985
2026-05-09T12:14:28.103,-9.3063,0.0800,-2.1799
2026-05-09T12:14:28.117,-9.2893,0.0800,-2.1633
2026-05-09T12:14:28.131,-9.2731,0.0800,-2.1471
2026-05-09T12:14:28.145,-9.2552,0.0800,-2.1284
2026-05-09T12:14:28.159,-9.2395,0.0800,-2.1112
2026-05-09T12:14:28.172,-9.2243,0.0800,-2.0940
2026-05-09T12:14:28.186,-9.2090,0.0800,-2.0758
2026-05-09T12:14:28.199,-9.1948,0.0800,-2.0583
2026-05-09T12:14:28.214,-9.1807,0.0800,-2.0400
2026-05-09T12:14:28.228,-9.1685,0.0800,-2.0236
2026-05-09T12:14:28.242,-9.1550,0.0800,-2.0048
2026-05-09T12:14:28.255,-9.1418,0.0800,-1.9852
2026-05-09T12:14:28.269,-9.1308,0.0800,-1.9682
2026-05-09T12:14:28.283,-9.1198,0.0800,-1.9506
2026-05-09T12:14:28.297,-9.1090,0.0800,-1.9322
2026-05-09T12:14:28.311,-9.0986,0.0800,-1.9140
2026-05-09T12:14:28.325,-9.0892,0.0800,-1.8966
2026-05-09T12:14:28.339,-9.0796,0.0800,-1.8776
2026-05-09T12:14:28.353,-9.0709,0.0800,-1.8598
2026-05-09T12:14:28.367,-9.0614,0.0800,-1.8394
2026-05-09T12:14:28.380,-9.0543,0.0800,-1.8231
2026-05-09T12:14:28.395,-9.0478,0.0800,-1.8072
2026-05-09T12:14:28.408,-9.0425,0.0800,-1.7935
2026-05-09T12:14:28.422,-9.0377,0.0800,-1.7805
2026-05-09T12:14:28.436,-9.0338,0.0800,-1.7689
2026-05-09T12:14:28.450,-9.0312,0.0800,-1.7608
2026-05-09T12:14:28.463,-9.0287,0.0800,-1.7523
2026-05-09T12:14:28.478,-9.0266,0.0800,-1.7445
2026-05-09T12:14:28.492,-9.0258,0.0800,-1.7412
2026-05-09T12:14:28.505,-9.0251,0.0800,-1.7386
2026-05-09T12:14:28.547,-9.0249,0.0800,-1.7388
2026-05-09T12:14:28.560,-9.0251,0.0800,-1.7412
2026-05-09T12:14:28.574,-9.0254,0.0800,-1.7439
2026-05-09T12:14:28.589,-9.0256,0.0800,-1.7468
2026-05-09T12:14:28.601,-9.0258,0.0800,-1.7527
2026-05-09T12:14:28.616,-9.0261,0.0800,-1.7591
2026-05-09T12:14:28.630,-9.0261,0.0800,-1.7654
2026-05-09T12:14:28.643,-9.0260,0.0800,-1.7732
2026-05-09T12:14:28.657,-9.0258,0.0800,-1.7806
2026-05-09T12:14:28.672,-9.0254,0.0800,-1.7883
2026-05-09T12:14:28.686,-9.0247,0.0800,-1.7970
2026-05-09T12:14:28.698,-9.0238,0.0800,-1.8062
2026-05-09T12:14:28.713,-9.0227,0.0800,-1.8151
2026-05-09T12:14:28.727,-9.0215,0.0800,-1.8236
2026-05-09T12:14:28.740,-9.0199,0.0800,-1.8331
2026-05-09T12:14:28.755,-9.0183,0.0800,-1.8424
2026-05-09T12:14:28.768,-9.0163,0.0800,-1.8519
2026-05-09T12:14:28.782,-9.0140,0.0800,-1.8617
2026-05-09T12:14:28.796,-9.0118,0.0800,-1.8707
2026-05-09T12:14:28.810,-9.0090,0.0800,-1.8806
2026-05-09T12:14:28.824,-9.0062,0.0800,-1.8901
2026-05-09T12:14:28.838,-9.0032,0.0800,-1.8995
2026-05-09T12:14:28.852,-8.9999,0.0800,-1.9088
2026-05-09T12:14:28.865,-8.9962,0.0800,-1.9188
2026-05-09T12:14:28.879,-8.9920,0.0800,-1.9295
2026-05-09T12:14:28.894,-8.9883,0.0800,-1.9383
2026-05-09T12:14:28.907,-8.9839,0.0800,-1.9481
2026-05-09T12:14:28.921,-8.9789,0.0800,-1.9587
2026-05-09T12:14:28.935,-8.9740,0.0800,-1.9688
2026-05-09T12:14:28.949,-8.9685,0.0800,-1.9792
2026-05-09T12:14:28.963,-8.9628,0.0800,-1.9896
2026-05-09T12:14:28.977,-8.9565,0.0800,-2.0005
2026-05-09T12:14:28.990,-8.9507,0.0800,-2.0099
2026-05-09T12:14:29.004,-8.9436,0.0800,-2.0209
2026-05-09T12:14:29.018,-8.9368,0.0800,-2.0312
2026-05-09T12:14:29.032,-8.9295,0.0800,-2.0416
2026-05-09T12:14:29.046,-8.9211,0.0800,-2.0530
2026-05-09T12:14:29.060,-8.9133,0.0800,-2.0631
2026-05-09T12:14:29.074,-8.9043,0.0800,-2.0744
2026-05-09T12:14:29.088,-8.8948,0.0800,-2.0858
2026-05-09T12:14:29.102,-8.8840,0.0800,-2.0982
2026-05-09T12:14:29.116,-8.8716,0.0800,-2.1119
2026-05-09T12:14:29.129,-8.8614,0.0800,-2.1226
2026-05-09T12:14:29.143,-8.8460,0.0800,-2.1382
2026-05-09T12:14:29.157,-8.8329,0.0800,-2.1510
2026-05-09T12:14:29.171,-8.8168,0.0800,-2.1660
2026-05-09T12:14:29.185,-8.7961,0.0800,-2.1846
2026-05-09T12:14:29.198,-8.7736,0.0800,-2.2038
2026-05-09T12:14:29.212,-8.7491,0.0800,-2.2242
2026-05-09T12:14:29.226,-8.7250,0.0800,-2.2433
2026-05-09T12:14:29.240,-8.6980,0.0800,-2.2640
2026-05-09T12:14:29.254,-8.6705,0.0800,-2.2843
2026-05-09T12:14:29.268,-8.6417,0.0800,-2.3047
2026-05-09T12:14:29.281,-8.6104,0.0800,-2.3261
2026-05-09T12:14:29.295,-8.5826,0.0800,-2.3444
2026-05-09T12:14:29.309,-8.5508,0.0800,-2.3643
2026-05-09T12:14:29.322,-8.5179,0.0800,-2.3842
2026-05-09T12:14:29.337,-8.4828,0.0800,-2.4047
2026-05-09T12:14:29.351,-8.4486,0.0800,-2.4238
2026-05-09T12:14:29.365,-8.4114,0.0800,-2.4438
2026-05-09T12:14:29.380,-8.3712,0.0800,-2.4645
2026-05-09T12:14:29.394,-8.3330,0.0800,-2.4833
2026-05-09T12:14:29.408,-8.2893,0.0800,-2.5039
2026-05-09T12:14:29.422,-8.2468,0.0800,-2.5231
2026-05-09T12:14:29.436,-8.2041,0.0800,-2.5415
2026-05-09T12:14:29.451,-8.1632,0.0800,-2.5583
2026-05-09T12:14:29.464,-8.1188,0.0800,-2.5756
2026-05-09T12:14:29.479,-8.0724,0.0800,-2.5930
2026-05-09T12:14:29.493,-8.0289,0.0800,-2.6084
2026-05-09T12:14:29.507,-7.9806,0.0800,-2.6246
2026-05-09T12:14:29.521,-7.9340,0.0800,-2.6395
2026-05-09T12:14:29.536,-7.8825,0.0800,-2.6551
2026-05-09T12:14:29.552,-7.8339,0.0800,-2.6689
2026-05-09T12:14:29.570,-7.7791,0.0800,-2.6836
2026-05-09T12:14:29.586,-7.7154,0.0800,-2.6998
2026-05-09T12:14:29.601,-7.6464,0.0800,-2.7163
2026-05-09T12:14:29.616,-7.5754,0.0800,-2.7320
2026-05-09T12:14:29.630,-7.5097,0.0800,-2.7459
2026-05-09T12:14:29.644,-7.4423,0.0800,-2.7595
2026-05-09T12:14:29.659,-7.3756,0.0800,-2.7724
2026-05-09T12:14:29.673,-7.3098,0.0800,-2.7846
2026-05-09T12:14:29.688,-7.2364,0.0800,-2.7982
2026-05-09T12:14:29.703,-7.1658,0.0800,-2.8114
2026-05-09T12:14:29.721,-7.0914,0.0800,-2.8252
2026-05-09T12:14:29.739,-7.0172,0.0800,-2.8390
2026-05-09T12:14:29.753,-6.9309,0.0800,-2.8550
2026-05-09T12:14:29.768,-6.8448,0.0800,-2.8709
2026-05-09T12:14:29.783,-6.7737,0.0800,-2.8840
2026-05-09T12:14:29.798,-6.6982,0.0800,-2.8980
2026-05-09T12:14:29.812,-6.6244,0.0800,-2.9116
2026-05-09T12:14:29.827,-6.5512,0.0800,-2.9250
2026-05-09T12:14:29.841,-6.4844,0.0800,-2.9373
2026-05-09T12:14:29.857,-6.4145,0.0800,-2.9501
2026-05-09T12:14:29.875,-6.3436,0.0800,-2.9632
2026-05-09T12:14:29.891,-6.2629,0.0800,-2.9780
2026-05-09T12:14:29.906,-6.1767,0.0800,-2.9938
2026-05-09T12:14:29.920,-6.0944,0.0800,-3.0089
2026-05-09T12:14:29.936,-6.0245,0.0800,-3.0218
2026-05-09T12:14:29.950,-5.9529,0.0800,-3.0350
2026-05-09T12:14:29.964,-5.8789,0.0800,-3.0486
2026-05-09T12:14:29.979,-5.8071,0.0800,-3.0618
2026-05-09T12:14:29.993,-5.7400,0.0800,-3.0741
2026-05-09T12:14:30.007,-5.6671,0.0800,-3.0875
2026-05-09T12:14:30.021,-5.5981,0.0800,-3.1002
2026-05-09T12:14:30.036,-5.5272,0.0800,-3.1132
2026-05-09T12:14:30.052,-5.4584,0.0800,-3.1257
2026-05-09T12:14:30.067,-5.3878,0.0800,-3.1386
2026-05-09T12:14:30.084,-5.3082,0.0800,-3.1531
2026-05-09T12:14:30.099,-5.2320,0.0800,-3.1669
2026-05-09T12:14:30.114,-5.1498,0.0800,-3.1819
2026-05-09T12:14:30.128,-5.0790,0.0800,-3.1948
2026-05-09T12:14:30.141,-5.0019,0.0800,-3.2089
2026-05-09T12:14:30.156,-4.9430,0.0800,-3.2200
2026-05-09T12:14:30.171,-4.8782,0.0800,-3.2325
2026-05-09T12:14:30.187,-4.8088,0.0800,-3.2463
2026-05-09T12:14:30.203,-4.7349,0.0800,-3.2616
2026-05-09T12:14:30.217,-4.6649,0.0800,-3.2766
2026-05-09T12:14:30.231,-4.5960,0.0800,-3.2919
2026-05-09T12:14:30.246,-4.5277,0.0800,-3.3076
2026-05-09T12:14:30.262,-4.4638,0.0800,-3.3228
2026-05-09T12:14:30.279,-4.3952,0.0800,-3.3397
2026-05-09T12:14:30.294,-4.3199,0.0800,-3.3588
2026-05-09T12:14:30.309,-4.2480,0.0800,-3.3777
2026-05-09T12:14:30.323,-4.1742,0.0800,-3.3979
2026-05-09T12:14:30.337,-4.1106,0.0800,-3.4158
2026-05-09T12:14:30.351,-4.0477,0.0800,-3.4340
2026-05-09T12:14:30.366,-3.9850,0.0800,-3.4528
2026-05-09T12:14:30.380,-3.9205,0.0800,-3.4727
2026-05-09T12:14:30.394,-3.8602,0.0800,-3.4920
2026-05-09T12:14:30.408,-3.7995,0.0800,-3.5119
2026-05-09T12:14:30.422,-3.7371,0.0800,-3.5330
2026-05-09T12:14:30.436,-3.6767,0.0800,-3.5540
2026-05-09T12:14:30.450,-3.6240,0.0800,-3.5729
2026-05-09T12:14:30.464,-3.5689,0.0800,-3.5930
2026-05-09T12:14:30.479,-3.5221,0.0800,-3.6103
2026-05-09T12:14:30.493,-3.4814,0.0800,-3.6257
2026-05-09T12:14:30.507,-3.4378,0.0800,-3.6425
2026-05-09T12:14:30.521,-3.4065,0.0800,-3.6550
2026-05-09T12:14:30.535,-3.3744,0.0800,-3.6681
2026-05-09T12:14:30.551,-3.3449,0.0800,-3.6807
2026-05-09T12:14:30.565,-3.3146,0.0800,-3.6942
2026-05-09T12:14:30.580,-3.2900,0.0800,-3.7056
2026-05-09T12:14:30.594,-3.2668,0.0800,-3.7169
2026-05-09T12:14:30.609,-3.2424,0.0800,-3.7294
2026-05-09T12:14:30.622,-3.2205,0.0800,-3.7411
2026-05-09T12:14:30.637,-3.2024,0.0800,-3.7510
2026-05-09T12:14:30.650,-3.1913,0.0800,-3.7574
2026-05-09T12:14:30.664,-3.1831,0.0800,-3.7621
2026-05-09T12:14:30.878,-3.1909,0.0800,-3.7576
2026-05-09T12:14:30.893,-3.2189,0.0800,-3.7415
2026-05-09T12:14:30.907,-3.2649,0.0800,-3.7148
2026-05-09T12:14:30.920,-3.3214,0.0800,-3.6813
2026-05-09T12:14:30.934,-3.3726,0.0800,-3.6501
2026-05-09T12:14:30.948,-3.4210,0.0800,-3.6199
2026-05-09T12:14:30.962,-3.4722,0.0800,-3.5872
2026-05-09T12:14:30.976,-3.5237,0.0800,-3.5534
2026-05-09T12:14:30.990,-3.5706,0.0800,-3.5219
2026-05-09T12:14:31.004,-3.6197,0.0800,-3.4881
2026-05-09T12:14:31.018,-3.6668,0.0800,-3.4548
2026-05-09T12:14:31.032,-3.7114,0.0800,-3.4225
2026-05-09T12:14:31.046,-3.7565,0.0800,-3.3889
2026-05-09T12:14:31.059,-3.7978,0.0800,-3.3573
2026-05-09T12:14:31.073,-3.8369,0.0800,-3.3265
2026-05-09T12:14:31.087,-3.8737,0.0800,-3.2966
2026-05-09T12:14:31.101,-3.9115,0.0800,-3.2650
2026-05-09T12:14:31.115,-3.9450,0.0800,-3.2359
2026-05-09T12:14:31.130,-3.9758,0.0800,-3.2084
2026-05-09T12:14:31.143,-4.0070,0.0800,-3.1795
2026-05-09T12:14:31.157,-4.0341,0.0800,-3.1533
2026-05-09T12:14:31.171,-4.0603,0.0800,-3.1272
2026-05-09T12:14:31.184,-4.0846,0.0800,-3.1021
2026-05-09T12:14:31.199,-4.1087,0.0800,-3.0761
2026-05-09T12:14:31.212,-4.1301,0.0800,-3.0524
2026-05-09T12:14:31.226,-4.1502,0.0800,-3.0292
2026-05-09T12:14:31.240,-4.1678,0.0800,-3.0079
2026-05-09T12:14:31.254,-4.1816,0.0800,-2.9906
2026-05-09T12:14:31.268,-4.1939,0.0800,-2.9745
2026-05-09T12:14:31.281,-4.2045,0.0800,-2.9601
2026-05-09T12:14:31.295,-4.2126,0.0800,-2.9486
2026-05-09T12:14:31.309,-4.2196,0.0800,-2.9381
2026-05-09T12:14:31.323,-4.2254,0.0800,-2.9292
2026-05-09T12:14:31.337,-4.2307,0.0800,-2.9205
2026-05-09T12:14:31.351,-4.2352,0.0800,-2.9129
2026-05-09T12:14:31.364,-4.2392,0.0800,-2.9059
2026-05-09T12:14:31.378,-4.2425,0.0800,-2.8996
2026-05-09T12:14:31.393,-4.2451,0.0800,-2.8945
2026-05-09T12:14:31.407,-4.2477,0.0800,-2.8891
2026-05-09T12:14:31.420,-4.2499,0.0800,-2.8843
2026-05-09T12:14:31.434,-4.2517,0.0800,-2.8801
2026-05-09T12:14:31.448,-4.2533,0.0800,-2.8761
2026-05-09T12:14:31.462,-4.2549,0.0800,-2.8721
2026-05-09T12:14:31.476,-4.2562,0.0800,-2.8682
2026-05-09T12:14:31.490,-4.2575,0.0800,-2.8643
2026-05-09T12:14:31.503,-4.2587,0.0800,-2.8605
2026-05-09T12:14:31.518,-4.2596,0.0800,-2.8573
2026-05-09T12:14:31.531,-4.2602,0.0800,-2.8551
2026-05-09T12:14:31.545,-4.2603,0.0800,-2.8550
2026-05-09T12:14:31.573,-4.2601,0.0800,-2.8569
2026-05-09T12:14:31.587,-4.2595,0.0800,-2.8610
2026-05-09T12:14:31.601,-4.2587,0.0800,-2.8676
2026-05-09T12:14:31.615,-4.2575,0.0800,-2.8787
2026-05-09T12:14:31.628,-4.2563,0.0800,-2.8923
2026-05-09T12:14:31.642,-4.2552,0.0800,-2.9095
2026-05-09T12:14:31.656,-4.2540,0.0800,-2.9337
2026-05-09T12:14:31.670,-4.2533,0.0800,-2.9622
2026-05-09T12:14:31.684,-4.2531,0.0800,-2.9963
2026-05-09T12:14:31.698,-4.2536,0.0800,-3.0343
2026-05-09T12:14:31.712,-4.2549,0.0800,-3.0745
2026-05-09T12:14:31.726,-4.2571,0.0800,-3.1176
2026-05-09T12:14:31.740,-4.2604,0.0800,-3.1642
2026-05-09T12:14:31.754,-4.2644,0.0800,-3.2122
2026-05-09T12:14:31.768,-4.2694,0.0800,-3.2615
2026-05-09T12:14:31.781,-4.2749,0.0800,-3.3082
2026-05-09T12:14:31.796,-4.2813,0.0800,-3.3574
2026-05-09T12:14:31.810,-4.2891,0.0800,-3.4108
2026-05-09T12:14:31.823,-4.2971,0.0800,-3.4599
2026-05-09T12:14:31.837,-4.3060,0.0800,-3.5103
2026-05-09T12:14:31.852,-4.3149,0.0800,-3.5559
2026-05-09T12:14:31.865,-4.3256,0.0800,-3.6080
2026-05-09T12:14:31.879,-4.3381,0.0800,-3.6638
2026-05-09T12:14:31.893,-4.3491,0.0800,-3.7099
2026-05-09T12:14:31.907,-4.3617,0.0800,-3.7594
2026-05-09T12:14:31.921,-4.3755,0.0800,-3.8104
2026-05-09T12:14:31.935,-4.3906,0.0800,-3.8633
2026-05-09T12:14:31.949,-4.4051,0.0800,-3.9112
2026-05-09T12:14:31.963,-4.4211,0.0800,-3.9611
2026-05-09T12:14:31.977,-4.4382,0.0800,-4.0122
2026-05-09T12:14:31.990,-4.4546,0.0800,-4.0588
2026-05-09T12:14:32.004,-4.4733,0.0800,-4.1098
2026-05-09T12:14:32.019,-4.4913,0.0800,-4.1565
2026-05-09T12:14:32.032,-4.5102,0.0800,-4.2035
2026-05-09T12:14:32.046,-4.5311,0.0800,-4.2534
2026-05-09T12:14:32.060,-4.5515,0.0800,-4.3001
2026-05-09T12:14:32.074,-4.5733,0.0800,-4.3484
2026-05-09T12:14:32.088,-4.5954,0.0800,-4.3951
2026-05-09T12:14:32.102,-4.6190,0.0800,-4.4434
2026-05-09T12:14:32.116,-4.6421,0.0800,-4.4887
2026-05-09T12:14:32.130,-4.6659,0.0800,-4.5340
2026-05-09T12:14:32.143,-4.6936,0.0800,-4.5849
2026-05-09T12:14:32.158,-4.7168,0.0800,-4.6260
2026-05-09T12:14:32.171,-4.7426,0.0800,-4.6704
2026-05-09T12:14:32.185,-4.7700,0.0800,-4.7159
2026-05-09T12:14:32.199,-4.7971,0.0800,-4.7596
2026-05-09T12:14:32.213,-4.8253,0.0800,-4.8034
2026-05-09T12:14:32.227,-4.8539,0.0800,-4.8466
2026-05-09T12:14:32.241,-4.8854,0.0800,-4.8924
2026-05-09T12:14:32.255,-4.9142,0.0800,-4.9333
2026-05-09T12:14:32.269,-4.9447,0.0800,-4.9750
2026-05-09T12:14:32.282,-4.9769,0.0800,-5.0177
2026-05-09T12:14:32.297,-5.0074,0.0800,-5.0572
2026-05-09T12:14:32.310,-5.0398,0.0800,-5.0977
2026-05-09T12:14:32.324,-5.0736,0.0800,-5.1388
2026-05-09T12:14:32.338,-5.1070,0.0800,-5.1783
2026-05-09T12:14:32.352,-5.1412,0.0800,-5.2175
2026-05-09T12:14:32.366,-5.1747,0.0800,-5.2548
2026-05-09T12:14:32.380,-5.2112,0.0800,-5.2944
2026-05-09T12:14:32.394,-5.2464,0.0800,-5.3315
2026-05-09T12:14:32.407,-5.2833,0.0800,-5.3692
2026-05-09T12:14:32.421,-5.3227,0.0800,-5.4083
2026-05-09T12:14:32.435,-5.3569,0.0800,-5.4413
2026-05-09T12:14:32.449,-5.3939,0.0800,-5.4760
2026-05-09T12:14:32.463,-5.4330,0.0800,-5.5116
2026-05-09T12:14:32.477,-5.4748,0.0800,-5.5488
2026-05-09T12:14:32.490,-5.5109,0.0800,-5.5797
2026-05-09T12:14:32.504,-5.5515,0.0800,-5.6136
2026-05-09T12:14:32.519,-5.5920,0.0800,-5.6464
2026-05-09T12:14:32.533,-5.6323,0.0800,-5.6781
2026-05-09T12:14:32.546,-5.6780,0.0800,-5.7129
2026-05-09T12:14:32.560,-5.7171,0.0800,-5.7418
2026-05-09T12:14:32.574,-5.7613,0.0800,-5.7737
2026-05-09T12:14:32.589,-5.8020,0.0800,-5.8020
2026-05-09T12:14:32.602,-5.8433,0.0800,-5.8298
2026-05-09T12:14:32.616,-5.8901,0.0800,-5.8606
2026-05-09T12:14:32.630,-5.9311,0.0800,-5.8865
2026-05-09T12:14:32.643,-5.9789,0.0800,-5.9158
2026-05-09T12:14:32.658,-6.0229,0.0800,-5.9420
2026-05-09T12:14:32.672,-6.0659,0.0800,-5.9668
2026-05-09T12:14:32.686,-6.1145,0.0800,-5.9938
2026-05-09T12:14:32.699,-6.1590,0.0800,-6.0177
2026-05-09T12:14:32.713,-6.2097,0.0800,-6.0441
2026-05-09T12:14:32.727,-6.2591,0.0800,-6.0690
2026-05-09T12:14:32.741,-6.3194,0.0800,-6.0985
2026-05-09T12:14:32.755,-6.3798,0.0800,-6.1275
2026-05-09T12:14:32.769,-6.4371,0.0800,-6.1545
2026-05-09T12:14:32.782,-6.4948,0.0800,-6.1818
2026-05-09T12:14:32.797,-6.5513,0.0800,-6.2084
2026-05-09T12:14:32.811,-6.6045,0.0800,-6.2336
2026-05-09T12:14:32.824,-6.6645,0.0800,-6.2619
2026-05-09T12:14:32.838,-6.7236,0.0800,-6.2902
2026-05-09T12:14:32.853,-6.7814,0.0800,-6.3185
2026-05-09T12:14:32.866,-6.8394,0.0800,-6.3474
2026-05-09T12:14:32.880,-6.9005,0.0800,-6.3785
2026-05-09T12:14:32.894,-6.9530,0.0800,-6.4057
2026-05-09T12:14:32.908,-7.0093,0.0800,-6.4357
2026-05-09T12:14:32.921,-7.0697,0.0800,-6.4684
2026-05-09T12:14:32.936,-7.1256,0.0800,-6.4993
2026-05-09T12:14:32.950,-7.1783,0.0800,-6.5291
2026-05-09T12:14:32.963,-7.2375,0.0800,-6.5632
2026-05-09T12:14:32.977,-7.2920,0.0800,-6.5952
2026-05-09T12:14:32.991,-7.3435,0.0800,-6.6261
2026-05-09T12:14:33.004,-7.3998,0.0800,-6.6605
2026-05-09T12:14:33.019,-7.4547,0.0800,-6.6946
2026-05-09T12:14:33.033,-7.5064,0.0800,-6.7275
2026-05-09T12:14:33.047,-7.5632,0.0800,-6.7642
2026-05-09T12:14:33.061,-7.6148,0.0800,-6.7981
2026-05-09T12:14:33.075,-7.6690,0.0800,-6.8344
2026-05-09T12:14:33.088,-7.7195,0.0800,-6.8690
2026-05-09T12:14:33.102,-7.7701,0.0800,-6.9045
2026-05-09T12:14:33.116,-7.8184,0.0800,-6.9389
2026-05-09T12:14:33.130,-7.8647,0.0800,-6.9727
2026-05-09T12:14:33.144,-7.9183,0.0800,-7.0128
2026-05-09T12:14:33.158,-7.9640,0.0800,-7.0477
2026-05-09T12:14:33.172,-8.0108,0.0800,-7.0844
2026-05-09T12:14:33.186,-8.0560,0.0800,-7.1206
2026-05-09T12:14:33.199,-8.1031,0.0800,-7.1592
2026-05-09T12:14:33.213,-8.1535,0.0800,-7.2014
2026-05-09T12:14:33.227,-8.1929,0.0800,-7.2354
2026-05-09T12:14:33.241,-8.2392,0.0800,-7.2761
2026-05-09T12:14:33.255,-8.2825,0.0800,-7.3151
2026-05-09T12:14:33.268,-8.3249,0.0800,-7.3542
2026-05-09T12:14:33.282,-8.3676,0.0800,-7.3945
2026-05-09T12:14:33.296,-8.4082,0.0800,-7.4336
2026-05-09T12:14:33.310,-8.4487,0.0800,-7.4737
2026-05-09T12:14:33.323,-8.4910,0.0800,-7.5164
2026-05-09T12:14:33.338,-8.5318,0.0800,-7.5586
2026-05-09T12:14:33.351,-8.5697,0.0800,-7.5989
2026-05-09T12:14:33.365,-8.6102,0.0800,-7.6428
2026-05-09T12:14:33.379,-8.6494,0.0800,-7.6865
2026-05-09T12:14:33.393,-8.6855,0.0800,-7.7276
2026-05-09T12:14:33.407,-8.7223,0.0800,-7.7706
2026-05-09T12:14:33.420,-8.7600,0.0800,-7.8158
2026-05-09T12:14:33.435,-8.7986,0.0800,-7.8633
2026-05-09T12:14:33.449,-8.8330,0.0800,-7.9069
2026-05-09T12:14:33.462,-8.8693,0.0800,-7.9539
2026-05-09T12:14:33.476,-8.9045,0.0800,-8.0008
2026-05-09T12:14:33.490,-8.9364,0.0800,-8.0443
2026-05-09T12:14:33.503,-8.9702,0.0800,-8.0916
2026-05-09T12:14:33.517,-9.0031,0.0800,-8.1388
2026-05-09T12:14:33.531,-9.0344,0.0800,-8.1849
2026-05-09T12:14:33.546,-9.0669,0.0800,-8.2340
2026-05-09T12:14:33.560,-9.0985,0.0800,-8.2830
2026-05-09T12:14:33.575,-9.1303,0.0800,-8.3337
2026-05-09T12:14:33.589,-9.1594,0.0800,-8.3814
2026-05-09T12:14:33.602,-9.1917,0.0800,-8.4358
2026-05-09T12:14:33.617,-9.2197,0.0800,-8.4844
2026-05-09T12:14:33.631,-9.2468,0.0800,-8.5331
2026-05-09T12:14:33.646,-9.2745,0.0800,-8.5842
2026-05-09T12:14:33.659,-9.3008,0.0800,-8.6344
2026-05-09T12:14:33.673,-9.3258,0.0800,-8.6837
2026-05-09T12:14:33.687,-9.3489,0.0800,-8.7308
2026-05-09T12:14:33.701,-9.3726,0.0800,-8.7809
2026-05-09T12:14:33.716,-9.3943,0.0800,-8.8286
2026-05-09T12:14:33.730,-9.4155,0.0800,-8.8769
2026-05-09T12:14:33.746,-9.4380,0.0800,-8.9306
2026-05-09T12:14:33.762,-9.4570,0.0800,-8.9779
2026-05-09T12:14:33.778,-9.4784,0.0800,-9.0336
2026-05-09T12:14:33.792,-9.4994,0.0800,-9.0913
2026-05-09T12:14:33.806,-9.5186,0.0800,-9.1470
2026-05-09T12:14:33.820,-9.5345,0.0800,-9.1955
2026-05-09T12:14:33.835,-9.5506,0.0800,-9.2470
2026-05-09T12:14:33.850,-9.5652,0.0800,-9.2965
2026-05-09T12:14:33.865,-9.5801,0.0800,-9.3497
2026-05-09T12:14:33.881,-9.5948,0.0800,-9.4053
2026-05-09T12:14:33.895,-9.6077,0.0800,-9.4575
2026-05-09T12:14:33.909,-9.6209,0.0800,-9.5146
2026-05-09T12:14:33.922,-9.6319,0.0800,-9.5662
2026-05-09T12:14:33.937,-9.6420,0.0800,-9.6173
2026-05-09T12:14:33.952,-9.6510,0.0800,-9.6670
2026-05-09T12:14:33.967,-9.6603,0.0800,-9.7229
2026-05-09T12:14:33.982,-9.6688,0.0800,-9.7795
2026-05-09T12:14:33.999,-9.6771,0.0800,-9.8404
2026-05-09T12:14:34.016,-9.6853,0.0800,-9.9073
2026-05-09T12:14:34.031,-9.6936,0.0800,-9.9824
2026-05-09T12:14:34.047,-9.7014,0.0800,-10.0612
2026-05-09T12:14:34.061,-9.7073,0.0800,-10.1279
2026-05-09T12:14:34.076,-9.7130,0.0800,-10.2008
2026-05-09T12:14:34.090,-9.7174,0.0800,-10.2645
2026-05-09T12:14:34.104,-9.7215,0.0800,-10.3324
2026-05-09T12:14:34.119,-9.7248,0.0800,-10.3970
2026-05-09T12:14:34.135,-9.7279,0.0800,-10.4665
2026-05-09T12:14:34.153,-9.7308,0.0800,-10.5425
2026-05-09T12:14:34.168,-9.7339,0.0800,-10.6232
2026-05-09T12:14:34.183,-9.7373,0.0800,-10.7111
2026-05-09T12:14:34.198,-9.7401,0.0800,-10.7849
2026-05-09T12:14:34.213,-9.7432,0.0800,-10.8650
2026-05-09T12:14:34.227,-9.7460,0.0800,-10.9363
2026-05-09T12:14:34.240,-9.7488,0.0800,-11.0097
2026-05-09T12:14:34.254,-9.7515,0.0800,-11.0783
2026-05-09T12:14:34.269,-9.7540,0.0800,-11.1463
2026-05-09T12:14:34.284,-9.7567,0.0800,-11.2184
2026-05-09T12:14:34.300,-9.7594,0.0800,-11.2904
2026-05-09T12:14:34.315,-9.7622,0.0800,-11.3691
2026-05-09T12:14:34.329,-9.7650,0.0800,-11.4433
2026-05-09T12:14:34.342,-9.7679,0.0800,-11.5232
2026-05-09T12:14:34.364,-9.7704,0.0800,-11.5884
2026-05-09T12:14:34.379,-9.7729,0.0800,-11.6562
2026-05-09T12:14:34.393,-9.7771,0.0800,-11.7655
2026-05-09T12:14:34.407,-9.7802,0.0800,-11.8427
2026-05-09T12:14:34.420,-9.7829,0.0800,-11.9112
2026-05-09T12:14:34.434,-9.7856,0.0800,-11.9809
2026-05-09T12:14:34.448,-9.7882,0.0800,-12.0461
2026-05-09T12:14:34.462,-9.7909,0.0800,-12.1161
2026-05-09T12:14:34.476,-9.7937,0.0800,-12.1863
2026-05-09T12:14:34.490,-9.7962,0.0800,-12.2526
2026-05-09T12:14:34.503,-9.7990,0.0800,-12.3237
2026-05-09T12:14:34.517,-9.8016,0.0800,-12.3920
2026-05-09T12:14:34.531,-9.8043,0.0800,-12.4611
2026-05-09T12:14:34.544,-9.8070,0.0800,-12.5320
2026-05-09T12:14:34.558,-9.8096,0.0800,-12.5985
2026-05-09T12:14:34.571,-9.8121,0.0800,-12.6636
2026-05-09T12:14:34.586,-9.8150,0.0800,-12.7348
2026-05-09T12:14:34.599,-9.8176,0.0800,-12.8017
2026-05-09T12:14:34.614,-9.8205,0.0800,-12.8736
2026-05-09T12:14:34.627,-9.8231,0.0800,-12.9378
2026-05-09T12:14:34.641,-9.8262,0.0800,-13.0143
2026-05-09T12:14:34.656,-9.8289,0.0800,-13.0806
2026-05-09T12:14:34.670,-9.8318,0.0800,-13.1510
2026-05-09T12:14:34.684,-9.8348,0.0800,-13.2244
2026-05-09T12:14:34.699,-9.8378,0.0800,-13.2952
2026-05-09T12:14:34.712,-9.8408,0.0800,-13.3672
2026-05-09T12:14:34.726,-9.8436,0.0800,-13.4359
2026-05-09T12:14:34.739,-9.8466,0.0800,-13.5055
2026-05-09T12:14:34.753,-9.8495,0.0800,-13.5729
2026-05-09T12:14:34.767,-9.8523,0.0800,-13.6394
2026-05-09T12:14:34.781,-9.8552,0.0800,-13.7088
2026-05-09T12:14:34.797,-9.8582,0.0800,-13.7802
2026-05-09T12:14:34.811,-9.8613,0.0800,-13.8523
2026-05-09T12:14:34.824,-9.8644,0.0800,-13.9275
2026-05-09T12:14:34.838,-9.8673,0.0800,-13.9964
2026-05-09T12:14:34.852,-9.8701,0.0800,-14.0637
2026-05-09T12:14:34.866,-9.8731,0.0800,-14.1342
2026-05-09T12:14:34.880,-9.8760,0.0800,-14.2033
2026-05-09T12:14:34.895,-9.8790,0.0800,-14.2737
2026-05-09T12:14:34.909,-9.8820,0.0800,-14.3427
2026-05-09T12:14:34.923,-9.8852,0.0800,-14.4163
2026-05-09T12:14:34.937,-9.8882,0.0800,-14.4851
2026-05-09T12:14:34.951,-9.8913,0.0800,-14.5546
2026-05-09T12:14:34.965,-9.8945,0.0800,-14.6276
2026-05-09T12:14:34.979,-9.8977,0.0800,-14.6998
2026-05-09T12:14:34.993,-9.9010,0.0800,-14.7759
2026-05-09T12:14:35.006,-9.9036,0.0800,-14.8342
2026-05-09T12:14:35.020,-9.9066,0.0800,-14.9041
2026-05-09T12:14:35.034,-9.9097,0.0800,-14.9759
2026-05-09T12:14:35.050,-9.9125,0.0800,-15.0415
2026-05-09T12:14:35.064,-9.9156,0.0800,-15.1125
2026-05-09T12:14:35.080,-9.9190,0.0800,-15.1904
2026-05-09T12:14:35.094,-9.9220,0.0800,-15.2598
2026-05-09T12:14:35.107,-9.9257,0.0800,-15.3441
2026-05-09T12:14:35.121,-9.9286,0.0800,-15.4094
2026-05-09T12:14:35.135,-9.9317,0.0800,-15.4802
2026-05-09T12:14:35.149,-9.9346,0.0800,-15.5452
2026-05-09T12:14:35.163,-9.9378,0.0800,-15.6157
2026-05-09T12:14:35.177,-9.9411,0.0800,-15.6894
2026-05-09T12:14:35.191,-9.9441,0.0800,-15.7550
2026-05-09T12:14:35.204,-9.9474,0.0800,-15.8291
2026-05-09T12:14:35.218,-9.9504,0.0800,-15.8948
2026-05-09T12:14:35.240,-9.9535,0.0800,-15.9622
2026-05-09T12:14:35.253,-9.9568,0.0800,-16.0337
2026-05-09T12:14:35.267,-9.9617,0.0800,-16.1415
2026-05-09T12:14:35.281,-9.9647,0.0800,-16.2068
2026-05-09T12:14:35.295,-9.9680,0.0800,-16.2770
2026-05-09T12:14:35.309,-9.9712,0.0800,-16.3468
2026-05-09T12:14:35.322,-9.9743,0.0800,-16.4164
2026-05-09T12:14:35.336,-9.9775,0.0800,-16.4865
2026-05-09T12:14:35.350,-9.9804,0.0800,-16.5503
2026-05-09T12:14:35.364,-9.9835,0.0800,-16.6202
2026-05-09T12:14:35.380,-9.9866,0.0800,-16.6915
2026-05-09T12:14:35.393,-9.9897,0.0800,-16.7616
2026-05-09T12:14:35.406,-9.9933,0.0800,-16.8413
2026-05-09T12:14:35.419,-9.9961,0.0800,-16.9047
2026-05-09T12:14:35.434,-9.9993,0.0800,-16.9746
2026-05-09T12:14:35.448,-10.0020,0.0800,-17.0359
2026-05-09T12:14:35.461,-10.0053,0.0800,-17.1092
2026-05-09T12:14:35.475,-10.0086,0.0800,-17.1820
2026-05-09T12:14:35.490,-10.0114,0.0800,-17.2438
2026-05-09T12:14:35.503,-10.0147,0.0800,-17.3164
2026-05-09T12:14:35.517,-10.0180,0.0800,-17.3899
2026-05-09T12:14:35.532,-10.0208,0.0800,-17.4533
2026-05-09T12:14:35.546,-10.0240,0.0800,-17.5261
2026-05-09T12:14:35.559,-10.0271,0.0800,-17.5972
2026-05-09T12:14:35.573,-10.0301,0.0800,-17.6665
2026-05-09T12:14:35.587,-10.0331,0.0800,-17.7347
2026-05-09T12:14:35.601,-10.0362,0.0800,-17.8067
2026-05-09T12:14:35.615,-10.0392,0.0800,-17.8773
2026-05-09T12:14:35.629,-10.0419,0.0800,-17.9391
2026-05-09T12:14:35.642,-10.0446,0.0800,-18.0104
2026-05-09T12:14:35.657,-10.0465,0.0800,-18.0734
2026-05-09T12:14:35.671,-10.0479,0.0800,-18.1347
2026-05-09T12:14:35.685,-10.0490,0.0800,-18.2018
2026-05-09T12:14:35.699,-10.0495,0.0800,-18.2673
2026-05-09T12:14:35.713,-10.0494,0.0800,-18.3316
2026-05-09T12:14:35.726,-10.0488,0.0800,-18.3960
2026-05-09T12:14:35.740,-10.0476,0.0800,-18.4627
2026-05-09T12:14:35.754,-10.0460,0.0800,-18.5238
2026-05-09T12:14:35.768,-10.0437,0.0800,-18.5878
2026-05-09T12:14:35.782,-10.0410,0.0800,-18.6502
2026-05-09T12:14:35.796,-10.0377,0.0800,-18.7145
2026-05-09T12:14:35.809,-10.0338,0.0800,-18.7788
2026-05-09T12:14:35.823,-10.0293,0.0800,-18.8446
2026-05-09T12:14:35.837,-10.0244,0.0800,-18.9072
2026-05-09T12:14:35.852,-10.0192,0.0800,-18.9672
2026-05-09T12:14:35.865,-10.0128,0.0800,-19.0332
2026-05-09T12:14:35.879,-10.0058,0.0800,-19.1006
2026-05-09T12:14:35.893,-9.9990,0.0800,-19.1605
2026-05-09T12:14:35.907,-9.9913,0.0800,-19.2231
2026-05-09T12:14:35.920,-9.9825,0.0800,-19.2903
2026-05-09T12:14:35.935,-9.9737,0.0800,-19.3532
2026-05-09T12:14:35.949,-9.9646,0.0800,-19.4149
2026-05-09T12:14:35.962,-9.9545,0.0800,-19.4792
2026-05-09T12:14:35.977,-9.9436,0.0800,-19.5449
2026-05-09T12:14:35.990,-9.9335,0.0800,-19.6028
2026-05-09T12:14:36.003,-9.9216,0.0800,-19.6683
2026-05-09T12:14:36.018,-9.9098,0.0800,-19.7297
2026-05-09T12:14:36.032,-9.8977,0.0800,-19.7898
2026-05-09T12:14:36.046,-9.8837,0.0800,-19.8565
2026-05-09T12:14:36.059,-9.8702,0.0800,-19.9180
2026-05-09T12:14:36.074,-9.8560,0.0800,-19.9800
2026-05-09T12:14:36.087,-9.8414,0.0800,-20.0412
2026-05-09T12:14:36.101,-9.8259,0.0800,-20.1038
2026-05-09T12:14:36.116,-9.8111,0.0800,-20.1612
2026-05-09T12:14:36.129,-9.7958,0.0800,-20.2180
2026-05-09T12:14:36.143,-9.7770,0.0800,-20.2851
2026-05-09T12:14:36.157,-9.7617,0.0800,-20.3377
2026-05-09T12:14:36.170,-9.7448,0.0800,-20.3930
2026-05-09T12:14:36.185,-9.7277,0.0800,-20.4473
2026-05-09T12:14:36.199,-9.7096,0.0800,-20.5023
2026-05-09T12:14:36.213,-9.6906,0.0800,-20.5576
2026-05-09T12:14:36.227,-9.6714,0.0800,-20.6111
2026-05-09T12:14:36.240,-9.6526,0.0800,-20.6616
2026-05-09T12:14:36.254,-9.6338,0.0800,-20.7099
2026-05-09T12:14:36.268,-9.6150,0.0800,-20.7564
2026-05-09T12:14:36.282,-9.5943,0.0800,-20.8052
2026-05-09T12:14:36.296,-9.5755,0.0800,-20.8479
2026-05-09T12:14:36.310,-9.5543,0.0800,-20.8942
2026-05-09T12:14:36.324,-9.5347,0.0800,-20.9349
2026-05-09T12:14:36.338,-9.5140,0.0800,-20.9766
2026-05-09T12:14:36.352,-9.4935,0.0800,-21.0159
2026-05-09T12:14:36.366,-9.4725,0.0800,-21.0545
2026-05-09T12:14:36.379,-9.4498,0.0800,-21.0947
2026-05-09T12:14:36.394,-9.4293,0.0800,-21.1296
2026-05-09T12:14:36.408,-9.4071,0.0800,-21.1659
2026-05-09T12:14:36.421,-9.3840,0.0800,-21.2022
2026-05-09T12:14:36.435,-9.3615,0.0800,-21.2364
2026-05-09T12:14:36.449,-9.3382,0.0800,-21.2703
2026-05-09T12:14:36.463,-9.3149,0.0800,-21.3030
2026-05-09T12:14:36.477,-9.2891,0.0800,-21.3382
2026-05-09T12:14:36.491,-9.2649,0.0800,-21.3699
2026-05-09T12:14:36.504,-9.2385,0.0800,-21.4031
2026-05-09T12:14:36.519,-9.2128,0.0800,-21.4345
2026-05-09T12:14:36.533,-9.1876,0.0800,-21.4641
2026-05-09T12:14:36.547,-9.1580,0.0800,-21.4976
2026-05-09T12:14:36.560,-9.1307,0.0800,-21.5275
2026-05-09T12:14:36.574,-9.1016,0.0800,-21.5582
2026-05-09T12:14:36.588,-9.0728,0.0800,-21.5875
2026-05-09T12:14:36.602,-9.0442,0.0800,-21.6155
2026-05-09T12:14:36.616,-9.0126,0.0800,-21.6455
2026-05-09T12:14:36.630,-8.9830,0.0800,-21.6725
2026-05-09T12:14:36.644,-8.9499,0.0800,-21.7017
2026-05-09T12:14:36.658,-8.9201,0.0800,-21.7271
2026-05-09T12:14:36.672,-8.8881,0.0800,-21.7534
2026-05-09T12:14:36.686,-8.8541,0.0800,-21.7802
2026-05-09T12:14:36.699,-8.8222,0.0800,-21.8046
2026-05-09T12:14:36.714,-8.7878,0.0800,-21.8301
2026-05-09T12:14:36.728,-8.7555,0.0800,-21.8529
2026-05-09T12:14:36.742,-8.7195,0.0800,-21.8776
2026-05-09T12:14:36.756,-8.6842,0.0800,-21.9009
2026-05-09T12:14:36.769,-8.6505,0.0800,-21.9222
2026-05-09T12:14:36.783,-8.6132,0.0800,-21.9449
2026-05-09T12:14:36.797,-8.5770,0.0800,-21.9662
2026-05-09T12:14:36.811,-8.5406,0.0800,-21.9867
2026-05-09T12:14:36.824,-8.5012,0.0800,-22.0080
2026-05-09T12:14:36.838,-8.4631,0.0800,-22.0279
2026-05-09T12:14:36.852,-8.4247,0.0800,-22.0470
2026-05-09T12:14:36.866,-8.3848,0.0800,-22.0660
2026-05-09T12:14:36.879,-8.3400,0.0800,-22.0865
2026-05-09T12:14:36.894,-8.2987,0.0800,-22.1046
2026-05-09T12:14:36.907,-8.2546,0.0800,-22.1230
2026-05-09T12:14:36.921,-8.2059,0.0800,-22.1425
2026-05-09T12:14:36.935,-8.1557,0.0800,-22.1617
2026-05-09T12:14:36.948,-8.1102,0.0800,-22.1783
2026-05-09T12:14:36.962,-8.0590,0.0800,-22.1963
2026-05-09T12:14:36.976,-8.0101,0.0800,-22.2127
2026-05-09T12:14:36.990,-7.9602,0.0800,-22.2287
2026-05-09T12:14:37.003,-7.9078,0.0800,-22.2447
2026-05-09T12:14:37.017,-7.8544,0.0800,-22.2604
2026-05-09T12:14:37.031,-7.8018,0.0800,-22.2750
2026-05-09T12:14:37.045,-7.7455,0.0800,-22.2898
2026-05-09T12:14:37.059,-7.6918,0.0800,-22.3033
2026-05-09T12:14:37.073,-7.6362,0.0800,-22.3165
2026-05-09T12:14:37.087,-7.5809,0.0800,-22.3288
2026-05-09T12:14:37.100,-7.5229,0.0800,-22.3411
2026-05-09T12:14:37.117,-7.4649,0.0800,-22.3526
2026-05-09T12:14:37.132,-7.4070,0.0800,-22.3633
2026-05-09T12:14:37.148,-7.3355,0.0800,-22.3757
2026-05-09T12:14:37.165,-7.2701,0.0800,-22.3863
2026-05-09T12:14:37.185,-7.1915,0.0800,-22.3982
2026-05-09T12:14:37.201,-7.1181,0.0800,-22.4085
2026-05-09T12:14:37.216,-7.0276,0.0800,-22.4204
2026-05-09T12:14:37.231,-6.9522,0.0800,-22.4294
2026-05-09T12:14:37.249,-6.8800,0.0800,-22.4375
2026-05-09T12:14:37.266,-6.8057,0.0800,-22.4452
2026-05-09T12:14:37.282,-6.7162,0.0800,-22.4541
2026-05-09T12:14:37.297,-6.6380,0.0800,-22.4615
2026-05-09T12:14:37.312,-6.5578,0.0800,-22.4691
2026-05-09T12:14:37.327,-6.4870,0.0800,-22.4758
2026-05-09T12:14:37.343,-6.4102,0.0800,-22.4831
2026-05-09T12:14:37.361,-6.3402,0.0800,-22.4897
2026-05-09T12:14:37.379,-6.2559,0.0800,-22.4976
2026-05-09T12:14:37.395,-6.1685,0.0800,-22.5058
2026-05-09T12:14:37.410,-6.0800,0.0800,-22.5140
2026-05-09T12:14:37.426,-6.0047,0.0800,-22.5210
2026-05-09T12:14:37.443,-5.9337,0.0800,-22.5276
2026-05-09T12:14:37.460,-5.8608,0.0800,-22.5337
2026-05-09T12:14:37.478,-5.7786,0.0800,-22.5399
2026-05-09T12:14:37.493,-5.7020,0.0800,-22.5448
2026-05-09T12:14:37.509,-5.6201,0.0800,-22.5494
2026-05-09T12:14:37.524,-5.5529,0.0800,-22.5525
2026-05-09T12:14:37.543,-5.4802,0.0800,-22.5551
2026-05-09T12:14:37.561,-5.4130,0.0800,-22.5567
2026-05-09T12:14:37.577,-5.3308,0.0800,-22.5577
2026-05-09T12:14:37.593,-5.2547,0.0800,-22.5575
2026-05-09T12:14:37.610,-5.1895,0.0800,-22.5564
2026-05-09T12:14:37.627,-5.1190,0.0800,-22.5542
2026-05-09T12:14:37.644,-5.0481,0.0800,-22.5510
2026-05-09T12:14:37.660,-4.9803,0.0800,-22.5469
2026-05-09T12:14:37.676,-4.9083,0.0800,-22.5416
2026-05-09T12:14:37.692,-4.8433,0.0800,-22.5358
2026-05-09T12:14:37.711,-4.7763,0.0800,-22.5289
2026-05-09T12:14:37.729,-4.7091,0.0800,-22.5210
2026-05-09T12:14:37.745,-4.6337,0.0800,-22.5112
2026-05-09T12:14:37.762,-4.5595,0.0800,-22.5004
2026-05-09T12:14:37.779,-4.4896,0.0800,-22.4890
2026-05-09T12:14:37.795,-4.4201,0.0800,-22.4767
2026-05-09T12:14:37.812,-4.3509,0.0800,-22.4634
2026-05-09T12:14:37.828,-4.2869,0.0800,-22.4501
2026-05-09T12:14:37.844,-4.2204,0.0800,-22.4353
2026-05-09T12:14:37.862,-4.1559,0.0800,-22.4201
2026-05-09T12:14:37.880,-4.0865,0.0800,-22.4027
2026-05-09T12:14:37.897,-4.0153,0.0800,-22.3837
2026-05-09T12:14:37.914,-3.9415,0.0800,-22.3627
2026-05-09T12:14:37.932,-3.8771,0.0800,-22.3433
2026-05-09T12:14:37.951,-3.8061,0.0800,-22.3208
2026-05-09T12:14:37.967,-3.7360,0.0800,-22.2973
2026-05-09T12:14:37.984,-3.6624,0.0800,-22.2715
2026-05-09T12:14:38.002,-3.6000,0.0800,-22.2484
2026-05-09T12:14:38.020,-3.5309,0.0800,-22.2218
2026-05-09T12:14:38.037,-3.4643,0.0800,-22.1950
2026-05-09T12:14:38.053,-3.3954,0.0800,-22.1660
2026-05-09T12:14:38.071,-3.3306,0.0800,-22.1376
2026-05-09T12:14:38.089,-3.2653,0.0800,-22.1079
2026-05-09T12:14:38.106,-3.2008,0.0800,-22.0773
2026-05-09T12:14:38.123,-3.1342,0.0800,-22.0445
2026-05-09T12:14:38.140,-3.0671,0.0800,-22.0101
2026-05-09T12:14:38.158,-3.0027,0.0800,-21.9758
2026-05-09T12:14:38.176,-2.9373,0.0800,-21.9399
2026-05-09T12:14:38.194,-2.8698,0.0800,-21.9016
2026-05-09T12:14:38.211,-2.7979,0.0800,-21.8597
2026-05-09T12:14:38.229,-2.7311,0.0800,-21.8196
2026-05-09T12:14:38.246,-2.6663,0.0800,-21.7796
2026-05-09T12:14:38.264,-2.5989,0.0800,-21.7369
2026-05-09T12:14:38.283,-2.5330,0.0800,-21.6940
2026-05-09T12:14:38.301,-2.4626,0.0800,-21.6469
2026-05-09T12:14:38.320,-2.3926,0.0800,-21.5990
2026-05-09T12:14:38.338,-2.3244,0.0800,-21.5511
2026-05-09T12:14:38.355,-2.2550,0.0800,-21.5011
2026-05-09T12:14:38.372,-2.1860,0.0800,-21.4502
2026-05-09T12:14:38.389,-2.1263,0.0800,-21.4051
2026-05-09T12:14:38.405,-2.0587,0.0800,-21.3530
2026-05-09T12:14:38.424,-1.9961,0.0800,-21.3038
2026-05-09T12:14:38.444,-1.9357,0.0800,-21.2555
2026-05-09T12:14:38.462,-1.8653,0.0800,-21.1984
2026-05-09T12:14:38.482,-1.7874,0.0800,-21.1353
2026-05-09T12:14:38.500,-1.7155,0.0800,-21.0769
2026-05-09T12:14:38.517,-1.6358,0.0800,-21.0122
2026-05-09T12:14:38.533,-1.5700,0.0800,-20.9589
2026-05-09T12:14:38.550,-1.5051,0.0800,-20.9063
2026-05-09T12:14:38.565,-1.4436,0.0800,-20.8565
2026-05-09T12:14:38.583,-1.3812,0.0800,-20.8061
2026-05-09T12:14:38.601,-1.3176,0.0800,-20.7553
2026-05-09T12:14:38.619,-1.2528,0.0800,-20.7042
2026-05-09T12:14:38.635,-1.1908,0.0800,-20.6563
2026-05-09T12:14:38.652,-1.1255,0.0800,-20.6066
2026-05-09T12:14:38.668,-1.0667,0.0800,-20.5630
2026-05-09T12:14:38.684,-1.0050,0.0800,-20.5181
2026-05-09T12:14:38.701,-0.9457,0.0800,-20.4761
2026-05-09T12:14:38.716,-0.8868,0.0800,-20.4353
2026-05-09T12:14:38.732,-0.8252,0.0800,-20.3937
2026-05-09T12:14:38.750,-0.7677,0.0800,-20.3558
2026-05-09T12:14:38.766,-0.7096,0.0800,-20.3185
2026-05-09T12:14:38.782,-0.6418,0.0800,-20.2760
2026-05-09T12:14:38.798,-0.5805,0.0800,-20.2387
2026-05-09T12:14:38.813,-0.5187,0.0800,-20.2022
2026-05-09T12:14:38.829,-0.4618,0.0800,-20.1694
2026-05-09T12:14:38.844,-0.4007,0.0800,-20.1352
2026-05-09T12:14:38.861,-0.3408,0.0800,-20.1024
2026-05-09T12:14:38.877,-0.2768,0.0800,-20.0684
2026-05-09T12:14:38.893,-0.2152,0.0800,-20.0366
2026-05-09T12:14:38.908,-0.1513,0.0800,-20.0045
2026-05-09T12:14:38.923,-0.0883,0.0800,-19.9738
2026-05-09T12:14:38.938,-0.0263,0.0800,-19.9445
2026-05-09T12:14:38.955,0.0332,0.0800,-19.9171
2026-05-09T12:14:38.974,0.0947,0.0800,-19.8895
2026-05-09T12:14:38.992,0.1615,0.0800,-19.8605
2026-05-09T12:14:39.009,0.2427,0.0800,-19.8262
2026-05-09T12:14:39.025,0.3214,0.0800,-19.7941
2026-05-09T12:14:39.042,0.4009,0.0800,-19.7624
2026-05-09T12:14:39.058,0.4739,0.0800,-19.7333
2026-05-09T12:14:39.075,0.5517,0.0800,-19.7024
2026-05-09T12:14:39.091,0.6277,0.0800,-19.6722
2026-05-09T12:14:39.106,0.7073,0.0800,-19.6406
2026-05-09T12:14:39.124,0.7741,0.0800,-19.6141
2026-05-09T12:14:39.141,0.8420,0.0800,-19.5865
2026-05-09T12:14:39.159,0.9175,0.0800,-19.5551
2026-05-09T12:14:39.175,0.9919,0.0800,-19.5232
2026-05-09T12:14:39.190,1.0644,0.0800,-19.4911
2026-05-09T12:14:39.204,1.1340,0.0800,-19.4594
2026-05-09T12:14:39.222,1.1934,0.0800,-19.4315
2026-05-09T12:14:39.238,1.2549,0.0800,-19.4019
2026-05-09T12:14:39.256,1.3246,0.0800,-19.3675
2026-05-09T12:14:39.272,1.3921,0.0800,-19.3333
2026-05-09T12:14:39.287,1.4619,0.0800,-19.2970
2026-05-09T12:14:39.302,1.5274,0.0800,-19.2619
2026-05-09T12:14:39.319,1.5934,0.0800,-19.2260
2026-05-09T12:14:39.335,1.6591,0.0800,-19.1898
2026-05-09T12:14:39.352,1.7344,0.0800,-19.1482
2026-05-09T12:14:39.367,1.8046,0.0800,-19.1094
2026-05-09T12:14:39.382,1.8777,0.0800,-19.0690
2026-05-09T12:14:39.398,1.9424,0.0800,-19.0333
2026-05-09T12:14:39.413,2.0090,0.0800,-18.9964
2026-05-09T12:14:39.428,2.0748,0.0800,-18.9601
2026-05-09T12:14:39.443,2.1410,0.0800,-18.9235
2026-05-09T12:14:39.459,2.2075,0.0800,-18.8868
2026-05-09T12:14:39.475,2.2751,0.0800,-18.8494
2026-05-09T12:14:39.491,2.3407,0.0800,-18.8131
2026-05-09T12:14:39.507,2.4101,0.0800,-18.7747
2026-05-09T12:14:39.521,2.4784,0.0800,-18.7368
2026-05-09T12:14:39.537,2.5478,0.0800,-18.6982
2026-05-09T12:14:39.553,2.6087,0.0800,-18.6644
2026-05-09T12:14:39.570,2.6747,0.0800,-18.6278
2026-05-09T12:14:39.587,2.7458,0.0800,-18.5884
2026-05-09T12:14:39.602,2.8208,0.0800,-18.5468
2026-05-09T12:14:39.617,2.8921,0.0800,-18.5074
2026-05-09T12:14:39.632,2.9577,0.0800,-18.4711
2026-05-09T12:14:39.647,3.0238,0.0800,-18.4346
2026-05-09T12:14:39.661,3.0854,0.0800,-18.4006
2026-05-09T12:14:39.677,3.1534,0.0800,-18.3629
2026-05-09T12:14:39.693,3.2105,0.0800,-18.3313
2026-05-09T12:14:39.709,3.2849,0.0800,-18.2901
2026-05-09T12:14:39.724,3.3519,0.0800,-18.2530
2026-05-09T12:14:39.740,3.4229,0.0800,-18.2136
2026-05-09T12:14:39.755,3.4859,0.0800,-18.1785
2026-05-09T12:14:39.771,3.5575,0.0800,-18.1388
2026-05-09T12:14:39.785,3.6210,0.0800,-18.1035
2026-05-09T12:14:39.801,3.6885,0.0800,-18.0660
2026-05-09T12:14:39.817,3.7531,0.0800,-18.0302
2026-05-09T12:14:39.834,3.8227,0.0800,-17.9917
2026-05-09T12:14:39.849,3.8917,0.0800,-17.9534
2026-05-09T12:14:39.863,3.9561,0.0800,-17.9172
2026-05-09T12:14:39.879,4.0225,0.0800,-17.8792
2026-05-09T12:14:39.894,4.0758,0.0800,-17.8481
2026-05-09T12:14:39.909,4.1420,0.0800,-17.8088
2026-05-09T12:14:39.924,4.1992,0.0800,-17.7741
2026-05-09T12:14:39.939,4.2575,0.0800,-17.7381
2026-05-09T12:14:39.953,4.3141,0.0800,-17.7024
2026-05-09T12:14:39.966,4.3723,0.0800,-17.6650
2026-05-09T12:14:39.989,4.4214,0.0800,-17.6327
2026-05-09T12:14:40.002,4.4781,0.0800,-17.5946
2026-05-09T12:14:40.017,4.5528,0.0800,-17.5429
2026-05-09T12:14:40.031,4.5969,0.0800,-17.5112
2026-05-09T12:14:40.045,4.6461,0.0800,-17.4751
2026-05-09T12:14:40.059,4.6935,0.0800,-17.4394
2026-05-09T12:14:40.073,4.7396,0.0800,-17.4037
2026-05-09T12:14:40.087,4.7854,0.0800,-17.3674
2026-05-09T12:14:40.100,4.8311,0.0800,-17.3303
2026-05-09T12:14:40.115,4.8763,0.0800,-17.2928
2026-05-09T12:14:40.129,4.9200,0.0800,-17.2556
2026-05-09T12:14:40.142,4.9687,0.0800,-17.2133
2026-05-09T12:14:40.156,5.0093,0.0800,-17.1771
2026-05-09T12:14:40.170,5.0522,0.0800,-17.1380
2026-05-09T12:14:40.183,5.0930,0.0800,-17.0999
2026-05-09T12:14:40.197,5.1358,0.0800,-17.0591
2026-05-09T12:14:40.211,5.1780,0.0800,-17.0179
2026-05-09T12:14:40.225,5.2180,0.0800,-16.9778
2026-05-09T12:14:40.239,5.2578,0.0800,-16.9370
2026-05-09T12:14:40.253,5.2977,0.0800,-16.8951
2026-05-09T12:14:40.267,5.3402,0.0800,-16.8494
2026-05-09T12:14:40.280,5.3830,0.0800,-16.8022
2026-05-09T12:14:40.294,5.4157,0.0800,-16.7652
2026-05-09T12:14:40.307,5.4544,0.0800,-16.7205
2026-05-09T12:14:40.321,5.4943,0.0800,-16.6732
2026-05-09T12:14:40.335,5.5293,0.0800,-16.6309
2026-05-09T12:14:40.349,5.5632,0.0800,-16.5888
2026-05-09T12:14:40.362,5.5985,0.0800,-16.5439
2026-05-09T12:14:40.377,5.6355,0.0800,-16.4959
2026-05-09T12:14:40.392,5.6689,0.0800,-16.4515
2026-05-09T12:14:40.406,5.7049,0.0800,-16.4024
2026-05-09T12:14:40.420,5.7409,0.0800,-16.3518
2026-05-09T12:14:40.435,5.7753,0.0800,-16.3025
2026-05-09T12:14:40.448,5.8079,0.0800,-16.2544
2026-05-09T12:14:40.462,5.8414,0.0800,-16.2036
2026-05-09T12:14:40.477,5.8742,0.0800,-16.1526
2026-05-09T12:14:40.490,5.9034,0.0800,-16.1059
2026-05-09T12:14:40.504,5.9349,0.0800,-16.0542
2026-05-09T12:14:40.519,5.9642,0.0800,-16.0049
2026-05-09T12:14:40.533,5.9934,0.0800,-15.9542
2026-05-09T12:14:40.548,6.0231,0.0800,-15.9013
2026-05-09T12:14:40.563,6.0523,0.0800,-15.8477
2026-05-09T12:14:40.578,6.0822,0.0800,-15.7911
2026-05-09T12:14:40.594,6.1092,0.0800,-15.7383
2026-05-09T12:14:40.610,6.1401,0.0800,-15.6760
2026-05-09T12:14:40.625,6.1674,0.0800,-15.6189
2026-05-09T12:14:40.640,6.1969,0.0800,-15.5554
2026-05-09T12:14:40.655,6.2215,0.0800,-15.5003
2026-05-09T12:14:40.669,6.2471,0.0800,-15.4410
2026-05-09T12:14:40.683,6.2712,0.0800,-15.3832
2026-05-09T12:14:40.697,6.2934,0.0800,-15.3282
2026-05-09T12:14:40.712,6.3154,0.0800,-15.2716
2026-05-09T12:14:40.727,6.3361,0.0800,-15.2160
2026-05-09T12:14:40.741,6.3566,0.0800,-15.1590
2026-05-09T12:14:40.755,6.3762,0.0800,-15.1020
2026-05-09T12:14:40.770,6.3940,0.0800,-15.0479
2026-05-09T12:14:40.785,6.4118,0.0800,-14.9908
2026-05-09T12:14:40.800,6.4291,0.0800,-14.9325
2026-05-09T12:14:40.817,6.4456,0.0800,-14.8739
2026-05-09T12:14:40.834,6.4619,0.0800,-14.8124
2026-05-09T12:14:40.850,6.4791,0.0800,-14.7436
2026-05-09T12:14:40.864,6.4941,0.0800,-14.6797
2026-05-09T12:14:40.879,6.5084,0.0800,-14.6141
2026-05-09T12:14:40.893,6.5195,0.0800,-14.5593
2026-05-09T12:14:40.906,6.5310,0.0800,-14.4989
2026-05-09T12:14:40.920,6.5403,0.0800,-14.4462
2026-05-09T12:14:40.936,6.5496,0.0800,-14.3894
2026-05-09T12:14:40.952,6.5578,0.0800,-14.3345
2026-05-09T12:14:40.968,6.5665,0.0800,-14.2718
2026-05-09T12:14:40.983,6.5751,0.0800,-14.2014
2026-05-09T12:14:40.998,6.5832,0.0800,-14.1288
2026-05-09T12:14:41.012,6.5899,0.0800,-14.0598
2026-05-09T12:14:41.026,6.5957,0.0800,-13.9954
2026-05-09T12:14:41.040,6.6010,0.0800,-13.9291
2026-05-09T12:14:41.055,6.6056,0.0800,-13.8653
2026-05-09T12:14:41.068,6.6097,0.0800,-13.7998
2026-05-09T12:14:41.081,6.6132,0.0800,-13.7333
2026-05-09T12:14:41.095,6.6159,0.0800,-13.6735
2026-05-09T12:14:41.110,6.6182,0.0800,-13.6086
2026-05-09T12:14:41.125,6.6200,0.0800,-13.5451
2026-05-09T12:14:41.139,6.6215,0.0800,-13.4700
2026-05-09T12:14:41.153,6.6224,0.0800,-13.4074
2026-05-09T12:14:41.168,6.6228,0.0800,-13.3372
2026-05-09T12:14:41.183,6.6229,0.0800,-13.2664
2026-05-09T12:14:41.199,6.6227,0.0800,-13.1941
2026-05-09T12:14:41.215,6.6225,0.0800,-13.1155
2026-05-09T12:14:41.229,6.6223,0.0800,-13.0403
2026-05-09T12:14:41.243,6.6221,0.0800,-12.9611
2026-05-09T12:14:41.258,6.6220,0.0800,-12.8931
2026-05-09T12:14:41.274,6.6218,0.0800,-12.8224
2026-05-09T12:14:41.289,6.6217,0.0800,-12.7482
2026-05-09T12:14:41.305,6.6214,0.0800,-12.6624
2026-05-09T12:14:41.320,6.6212,0.0800,-12.5876
2026-05-09T12:14:41.336,6.6209,0.0800,-12.5106
2026-05-09T12:14:41.350,6.6206,0.0800,-12.4341
2026-05-09T12:14:41.364,6.6203,0.0800,-12.3565
2026-05-09T12:14:41.379,6.6200,0.0800,-12.2861
2026-05-09T12:14:41.395,6.6198,0.0800,-12.2160
2026-05-09T12:14:41.411,6.6195,0.0800,-12.1402
2026-05-09T12:14:41.428,6.6192,0.0800,-12.0621
2026-05-09T12:14:41.447,6.6189,0.0800,-11.9840
2026-05-09T12:14:41.464,6.6186,0.0800,-11.8953
2026-05-09T12:14:41.481,6.6182,0.0800,-11.8028
2026-05-09T12:14:41.496,6.6178,0.0800,-11.7224
2026-05-09T12:14:41.511,6.6179,0.0800,-11.6364
2026-05-09T12:14:41.527,6.6184,0.0800,-11.5629
2026-05-09T12:14:41.543,6.6194,0.0800,-11.4893
2026-05-09T12:14:41.559,6.6210,0.0800,-11.4165
2026-05-09T12:14:41.574,6.6231,0.0800,-11.3469
2026-05-09T12:14:41.589,6.6260,0.0800,-11.2751
2026-05-09T12:14:41.604,6.6294,0.0800,-11.2068
2026-05-09T12:14:41.619,6.6334,0.0800,-11.1406
2026-05-09T12:14:41.634,6.6380,0.0800,-11.0760
2026-05-09T12:14:41.652,6.6435,0.0800,-11.0086
2026-05-09T12:14:41.668,6.6492,0.0800,-10.9486
2026-05-09T12:14:41.684,6.6579,0.0800,-10.8671
2026-05-09T12:14:41.700,6.6654,0.0800,-10.8048
2026-05-09T12:14:41.715,6.6753,0.0800,-10.7317
2026-05-09T12:14:41.730,6.6849,0.0800,-10.6675
2026-05-09T12:14:41.744,6.6957,0.0800,-10.6009
2026-05-09T12:14:41.759,6.7058,0.0800,-10.5431
2026-05-09T12:14:41.776,6.7170,0.0800,-10.4830
2026-05-09T12:14:41.793,6.7296,0.0800,-10.4197
2026-05-09T12:14:41.809,6.7451,0.0800,-10.3468
2026-05-09T12:14:41.824,6.7613,0.0800,-10.2747
2026-05-09T12:14:41.839,6.7772,0.0800,-10.2083
2026-05-09T12:14:41.854,6.7919,0.0800,-10.1506
2026-05-09T12:14:41.871,6.8091,0.0800,-10.0857
2026-05-09T12:14:41.888,6.8261,0.0800,-10.0249
2026-05-09T12:14:41.905,6.8463,0.0800,-9.9552
2026-05-09T12:14:41.920,6.8690,0.0800,-9.8816
2026-05-09T12:14:41.934,6.8901,0.0800,-9.8163
2026-05-09T12:14:41.949,6.9110,0.0800,-9.7549
2026-05-09T12:14:41.963,6.9311,0.0800,-9.6979
2026-05-09T12:14:41.979,6.9536,0.0800,-9.6361
2026-05-09T12:14:41.993,6.9740,0.0800,-9.5826
2026-05-09T12:14:42.010,6.9981,0.0800,-9.5215
2026-05-09T12:14:42.027,7.0209,0.0800,-9.4655
2026-05-09T12:14:42.045,7.0500,0.0800,-9.3965
2026-05-09T12:14:42.060,7.0775,0.0800,-9.3340
2026-05-09T12:14:42.075,7.1091,0.0800,-9.2648
2026-05-09T12:14:42.089,7.1364,0.0800,-9.2073
2026-05-09T12:14:42.103,7.1639,0.0800,-9.1513
2026-05-09T12:14:42.118,7.1908,0.0800,-9.0980
2026-05-09T12:14:42.134,7.2184,0.0800,-9.0448
2026-05-09T12:14:42.150,7.2497,0.0800,-8.9862
2026-05-09T12:14:42.165,7.2826,0.0800,-8.9264
2026-05-09T12:14:42.179,7.3218,0.0800,-8.8566
2026-05-09T12:14:42.196,7.3552,0.0800,-8.7988
2026-05-09T12:14:42.210,7.3908,0.0800,-8.7381
2026-05-09T12:14:42.223,7.4317,0.0800,-8.6693
2026-05-09T12:14:42.238,7.4661,0.0800,-8.6121
2026-05-09T12:14:42.252,7.5004,0.0800,-8.5554
2026-05-09T12:14:42.266,7.5403,0.0800,-8.4893
2026-05-09T12:14:42.279,7.5747,0.0800,-8.4324
2026-05-09T12:14:42.294,7.6092,0.0800,-8.3753
2026-05-09T12:14:42.308,7.6436,0.0800,-8.3184
2026-05-09T12:14:42.322,7.6801,0.0800,-8.2581
2026-05-09T12:14:42.337,7.7174,0.0800,-8.1963
2026-05-09T12:14:42.351,7.7533,0.0800,-8.1369
2026-05-09T12:14:42.365,7.7898,0.0800,-8.0764
2026-05-09T12:14:42.379,7.8268,0.0800,-8.0151
2026-05-09T12:14:42.393,7.8613,0.0800,-7.9579
2026-05-09T12:14:42.406,7.8980,0.0800,-7.8970
2026-05-09T12:14:42.420,7.9342,0.0800,-7.8371
2026-05-09T12:14:42.435,7.9687,0.0800,-7.7800
2026-05-09T12:14:42.449,8.0044,0.0800,-7.7207
2026-05-09T12:14:42.462,8.0419,0.0800,-7.6585
2026-05-09T12:14:42.476,8.0783,0.0800,-7.5981
2026-05-09T12:14:42.491,8.1116,0.0800,-7.5429
2026-05-09T12:14:42.503,8.1479,0.0800,-7.4827
2026-05-09T12:14:42.518,8.1847,0.0800,-7.4216
2026-05-09T12:14:42.532,8.2175,0.0800,-7.3670
2026-05-09T12:14:42.546,8.2555,0.0800,-7.3040
2026-05-09T12:14:42.560,8.2899,0.0800,-7.2469
2026-05-09T12:14:42.574,8.3260,0.0800,-7.1870
2026-05-09T12:14:42.588,8.3601,0.0800,-7.1303
2026-05-09T12:14:42.601,8.3969,0.0800,-7.0692
2026-05-09T12:14:42.615,8.4335,0.0800,-7.0085
2026-05-09T12:14:42.629,8.4626,0.0800,-6.9596
2026-05-09T12:14:42.642,8.4982,0.0800,-6.8989
2026-05-09T12:14:42.657,8.5306,0.0800,-6.8428
2026-05-09T12:14:42.670,8.5600,0.0800,-6.7909
2026-05-09T12:14:42.684,8.5924,0.0800,-6.7326
2026-05-09T12:14:42.698,8.6216,0.0800,-6.6791
2026-05-09T12:14:42.712,8.6511,0.0800,-6.6234
2026-05-09T12:14:42.726,8.6768,0.0800,-6.5736
2026-05-09T12:14:42.740,8.7027,0.0800,-6.5220
2026-05-09T12:14:42.754,8.7259,0.0800,-6.4742
2026-05-09T12:14:42.767,8.7462,0.0800,-6.4308
2026-05-09T12:14:42.781,8.7659,0.0800,-6.3867
2026-05-09T12:14:42.795,8.7839,0.0800,-6.3451
2026-05-09T12:14:42.809,8.8017,0.0800,-6.3018
2026-05-09T12:14:42.823,8.8163,0.0800,-6.2642
2026-05-09T12:14:42.837,8.8310,0.0800,-6.2246
2026-05-09T12:14:42.851,8.8438,0.0800,-6.1880
2026-05-09T12:14:42.864,8.8572,0.0800,-6.1474
2026-05-09T12:14:42.879,8.8690,0.0800,-6.1096
2026-05-09T12:14:42.893,8.8800,0.0800,-6.0719
2026-05-09T12:14:42.906,8.8908,0.0800,-6.0322
2026-05-09T12:14:42.920,8.9007,0.0800,-5.9930
2026-05-09T12:14:42.934,8.9100,0.0800,-5.9535
2026-05-09T12:14:42.948,8.9183,0.0800,-5.9153
2026-05-09T12:14:42.961,8.9262,0.0800,-5.8749
2026-05-09T12:14:42.975,8.9335,0.0800,-5.8350
2026-05-09T12:14:42.989,8.9393,0.0800,-5.7988
2026-05-09T12:14:43.002,8.9454,0.0800,-5.7562
2026-05-09T12:14:43.017,8.9505,0.0800,-5.7167
2026-05-09T12:14:43.030,8.9548,0.0800,-5.6762
2026-05-09T12:14:43.044,8.9587,0.0800,-5.6338
2026-05-09T12:14:43.058,8.9618,0.0800,-5.5922
2026-05-09T12:14:43.072,8.9643,0.0800,-5.5486
2026-05-09T12:14:43.086,8.9662,0.0800,-5.5015
2026-05-09T12:14:43.100,8.9673,0.0800,-5.4533
2026-05-09T12:14:43.114,8.9678,0.0800,-5.4050
2026-05-09T12:14:43.128,8.9675,0.0800,-5.3578
2026-05-09T12:14:43.141,8.9662,0.0800,-5.3020
2026-05-09T12:14:43.155,8.9646,0.0800,-5.2565
2026-05-09T12:14:43.169,8.9620,0.0800,-5.2090
2026-05-09T12:14:43.183,8.9585,0.0800,-5.1569
2026-05-09T12:14:43.198,8.9545,0.0800,-5.1078
2026-05-09T12:14:43.213,8.9492,0.0800,-5.0539
2026-05-09T12:14:43.228,8.9431,0.0800,-5.0010
2026-05-09T12:14:43.242,8.9359,0.0800,-4.9460
2026-05-09T12:14:43.256,8.9285,0.0800,-4.8956
2026-05-09T12:14:43.271,8.9200,0.0800,-4.8442
2026-05-09T12:14:43.285,8.9107,0.0800,-4.7922
2026-05-09T12:14:43.300,8.9009,0.0800,-4.7416
2026-05-09T12:14:43.315,8.8901,0.0800,-4.6909
2026-05-09T12:14:43.333,8.8781,0.0800,-4.6381
2026-05-09T12:14:43.349,8.8635,0.0800,-4.5783
2026-05-09T12:14:43.365,8.8486,0.0800,-4.5219
2026-05-09T12:14:43.380,8.8321,0.0800,-4.4636
2026-05-09T12:14:43.395,8.8162,0.0800,-4.4112
2026-05-09T12:14:43.409,8.7992,0.0800,-4.3583
2026-05-09T12:14:43.423,8.7826,0.0800,-4.3098
2026-05-09T12:14:43.440,8.7660,0.0800,-4.2633
2026-05-09T12:14:43.457,8.7482,0.0800,-4.2162
2026-05-09T12:14:43.473,8.7266,0.0800,-4.1616
2026-05-09T12:14:43.488,8.7058,0.0800,-4.1121
2026-05-09T12:14:43.501,8.6841,0.0800,-4.0632
2026-05-09T12:14:43.516,8.6650,0.0800,-4.0220
2026-05-09T12:14:43.531,8.6460,0.0800,-3.9831
2026-05-09T12:14:43.547,8.6240,0.0800,-3.9398
2026-05-09T12:14:43.561,8.6034,0.0800,-3.9010
2026-05-09T12:14:43.576,8.5806,0.0800,-3.8600
2026-05-09T12:14:43.592,8.5600,0.0800,-3.8246
2026-05-09T12:14:43.608,8.5375,0.0800,-3.7876
2026-05-09T12:14:43.624,8.5146,0.0800,-3.7515
2026-05-09T12:14:43.640,8.4893,0.0800,-3.7133
2026-05-09T12:14:43.655,8.4673,0.0800,-3.6817
2026-05-09T12:14:43.669,8.4421,0.0800,-3.6471
2026-05-09T12:14:43.683,8.4209,0.0800,-3.6193
2026-05-09T12:14:43.699,8.3999,0.0800,-3.5928
2026-05-09T12:14:43.714,8.3775,0.0800,-3.5657
2026-05-09T12:14:43.728,8.3558,0.0800,-3.5406
2026-05-09T12:14:43.743,8.3322,0.0800,-3.5145
2026-05-09T12:14:43.758,8.3120,0.0800,-3.4929
2026-05-09T12:14:43.774,8.2912,0.0800,-3.4717
2026-05-09T12:14:43.790,8.2672,0.0800,-3.4482
2026-05-09T12:14:43.805,8.2409,0.0800,-3.4236
2026-05-09T12:14:43.821,8.2186,0.0800,-3.4034
2026-05-09T12:14:43.836,8.1944,0.0800,-3.3827
2026-05-09T12:14:43.850,8.1694,0.0800,-3.3622
2026-05-09T12:14:43.863,8.1442,0.0800,-3.3424
2026-05-09T12:14:43.877,8.1220,0.0800,-3.3256
2026-05-09T12:14:43.891,8.0997,0.0800,-3.3096
2026-05-09T12:14:43.905,8.0755,0.0800,-3.2929
2026-05-09T12:14:43.919,8.0513,0.0800,-3.2769
2026-05-09T12:14:43.933,8.0269,0.0800,-3.2613
2026-05-09T12:14:43.947,8.0019,0.0800,-3.2463
2026-05-09T12:14:43.959,7.9778,0.0800,-3.2324
2026-05-09T12:14:43.974,7.9508,0.0800,-3.2174
2026-05-09T12:14:43.987,7.9284,0.0800,-3.2057
2026-05-09T12:14:44.001,7.8973,0.0800,-3.1901
2026-05-09T12:14:44.015,7.8698,0.0800,-3.1769
2026-05-09T12:14:44.029,7.8390,0.0800,-3.1629
2026-05-09T12:14:44.042,7.8048,0.0800,-3.1482
2026-05-09T12:14:44.058,7.7737,0.0800,-3.1354
2026-05-09T12:14:44.072,7.7395,0.0800,-3.1221
2026-05-09T12:14:44.086,7.6987,0.0800,-3.1071
2026-05-09T12:14:44.100,7.6576,0.0800,-3.0928
2026-05-09T12:14:44.114,7.6151,0.0800,-3.0789
2026-05-09T12:14:44.128,7.5720,0.0800,-3.0656
2026-05-09T12:14:44.141,7.5202,0.0800,-3.0505
2026-05-09T12:14:44.155,7.4769,0.0800,-3.0386
2026-05-09T12:14:44.169,7.4287,0.0800,-3.0262
2026-05-09T12:14:44.183,7.3798,0.0800,-3.0143
2026-05-09T12:14:44.198,7.3268,0.0800,-3.0022
2026-05-09T12:14:44.212,7.2710,0.0800,-2.9904
2026-05-09T12:14:44.226,7.2162,0.0800,-2.9796
2026-05-09T12:14:44.239,7.1633,0.0800,-2.9700
2026-05-09T12:14:44.253,7.1059,0.0800,-2.9604
2026-05-09T12:14:44.267,7.0546,0.0800,-2.9524
2026-05-09T12:14:44.281,6.9955,0.0800,-2.9440
2026-05-09T12:14:44.295,6.9364,0.0800,-2.9363
2026-05-09T12:14:44.309,6.8773,0.0800,-2.9292
2026-05-09T12:14:44.323,6.8160,0.0800,-2.9226
2026-05-09T12:14:44.337,6.7568,0.0800,-2.9169
2026-05-09T12:14:44.350,6.6994,0.0800,-2.9120
2026-05-09T12:14:44.364,6.6374,0.0800,-2.9073
2026-05-09T12:14:44.379,6.5802,0.0800,-2.9037
2026-05-09T12:14:44.392,6.5233,0.0800,-2.9008
2026-05-09T12:14:44.406,6.4609,0.0800,-2.8982
2026-05-09T12:14:44.420,6.4014,0.0800,-2.8966
2026-05-09T12:14:44.434,6.3449,0.0800,-2.8956
2026-05-09T12:14:44.447,6.2892,0.0800,-2.8954
2026-05-09T12:14:44.462,6.2328,0.0800,-2.8959
2026-05-09T12:14:44.476,6.1785,0.0800,-2.8971
2026-05-09T12:14:44.490,6.1274,0.0800,-2.8990
2026-05-09T12:14:44.503,6.0740,0.0800,-2.9017
2026-05-09T12:14:44.517,6.0199,0.0800,-2.9052
2026-05-09T12:14:44.531,5.9739,0.0800,-2.9090
2026-05-09T12:14:44.545,5.9216,0.0800,-2.9139
2026-05-09T12:14:44.559,5.8733,0.0800,-2.9193
2026-05-09T12:14:44.573,5.8257,0.0800,-2.9253
2026-05-09T12:14:44.587,5.7814,0.0800,-2.9316
2026-05-09T12:14:44.600,5.7344,0.0800,-2.9391
2026-05-09T12:14:44.615,5.6894,0.0800,-2.9470
2026-05-09T12:14:44.629,5.6468,0.0800,-2.9553
2026-05-09T12:14:44.642,5.6025,0.0800,-2.9647
2026-05-09T12:14:44.656,5.5629,0.0800,-2.9737
2026-05-09T12:14:44.670,5.5238,0.0800,-2.9834
2026-05-09T12:14:44.684,5.4827,0.0800,-2.9943
2026-05-09T12:14:44.698,5.4433,0.0800,-3.0055
2026-05-09T12:14:44.712,5.4048,0.0800,-3.0173
2026-05-09T12:14:44.726,5.3661,0.0800,-3.0298
2026-05-09T12:14:44.739,5.3270,0.0800,-3.0434
2026-05-09T12:14:44.754,5.2926,0.0800,-3.0559
2026-05-09T12:14:44.767,5.2567,0.0800,-3.0698
2026-05-09T12:14:44.781,5.2198,0.0800,-3.0849
2026-05-09T12:14:44.796,5.1846,0.0800,-3.0999
2026-05-09T12:14:44.809,5.1480,0.0800,-3.1164
2026-05-09T12:14:44.822,5.1120,0.0800,-3.1334
2026-05-09T12:14:44.837,5.0804,0.0800,-3.1490
2026-05-09T12:14:44.851,5.0466,0.0800,-3.1665
2026-05-09T12:14:44.864,5.0114,0.0800,-3.1855
2026-05-09T12:14:44.878,4.9750,0.0800,-3.2059
2026-05-09T12:14:44.893,4.9444,0.0800,-3.2238
2026-05-09T12:14:44.906,4.9105,0.0800,-3.2446
2026-05-09T12:14:44.919,4.8775,0.0800,-3.2656
2026-05-09T12:14:44.934,4.8469,0.0800,-3.2859
2026-05-09T12:14:44.948,4.8162,0.0800,-3.3071
2026-05-09T12:14:44.962,4.7830,0.0800,-3.3309
2026-05-09T12:14:44.976,4.7512,0.0800,-3.3545
2026-05-09T12:14:44.990,4.7221,0.0800,-3.3771
2026-05-09T12:14:45.003,4.6859,0.0800,-3.4063
2026-05-09T12:14:45.017,4.6617,0.0800,-3.4265
2026-05-09T12:14:45.031,4.6334,0.0800,-3.4510
2026-05-09T12:14:45.044,4.6038,0.0800,-3.4775
2026-05-09T12:14:45.059,4.5732,0.0800,-3.5059
2026-05-09T12:14:45.073,4.5413,0.0800,-3.5365
2026-05-09T12:14:45.087,4.5030,0.0800,-3.5743
2026-05-09T12:14:45.100,4.4627,0.0800,-3.6153
2026-05-09T12:14:45.115,4.4178,0.0800,-3.6620
2026-05-09T12:14:45.129,4.3777,0.0800,-3.7047
2026-05-09T12:14:45.142,4.3286,0.0800,-3.7578
2026-05-09T12:14:45.156,4.2890,0.0800,-3.8014
2026-05-09T12:14:45.171,4.2459,0.0800,-3.8497
2026-05-09T12:14:45.185,4.2033,0.0800,-3.8980
2026-05-09T12:14:45.198,4.1489,0.0800,-3.9277
2026-05-09T12:14:45.213,4.0966,0.0800,-3.9639
2026-05-09T12:14:45.227,4.0565,0.0800,-4.0116
2026-05-09T12:14:45.240,4.0122,0.0800,-4.0650
2026-05-09T12:14:45.254,3.9721,0.0800,-4.1141
2026-05-09T12:14:45.268,3.9301,0.0800,-4.1664
2026-05-09T12:14:45.281,3.8902,0.0800,-4.2168
2026-05-09T12:14:45.296,3.8508,0.0800,-4.2672
2026-05-09T12:14:45.310,3.8104,0.0800,-4.3197
2026-05-09T12:14:45.324,3.7698,0.0800,-4.3733
2026-05-09T12:14:45.337,3.7313,0.0800,-4.3859
2026-05-09T12:14:45.351,3.6939,0.0800,-4.3860
2026-05-09T12:14:45.365,3.6574,0.0800,-4.3860
2026-05-09T12:14:45.379,3.6177,0.0800,-4.3872
2026-05-09T12:14:45.394,3.5733,0.0800,-4.3958
2026-05-09T12:14:45.407,3.5248,0.0800,-4.4148
2026-05-09T12:14:45.421,3.4753,0.0800,-4.4457
2026-05-09T12:14:45.435,3.4353,0.0800,-4.4849
2026-05-09T12:14:45.449,3.3993,0.0800,-4.5363
2026-05-09T12:14:45.462,3.3661,0.0800,-4.5887
2026-05-09T12:14:45.477,3.3325,0.0800,-4.6431
2026-05-09T12:14:45.491,3.3023,0.0800,-4.6930
2026-05-09T12:14:45.504,3.2707,0.0800,-4.7466
2026-05-09T12:14:45.519,3.2397,0.0800,-4.8001
2026-05-09T12:14:45.533,3.2107,0.0800,-4.8516
2026-05-09T12:14:45.546,3.1789,0.0800,-4.9093
2026-05-09T12:14:45.560,3.1509,0.0800,-4.9613
2026-05-09T12:14:45.575,3.1224,0.0800,-5.0155
2026-05-09T12:14:45.589,3.0943,0.0800,-5.0703
2026-05-09T12:14:45.601,3.0664,0.0800,-5.1263
2026-05-09T12:14:45.616,3.0382,0.0800,-5.1840
2026-05-09T12:14:45.630,3.0155,0.0800,-5.2319
2026-05-09T12:14:45.643,2.9873,0.0800,-5.2926
2026-05-09T12:14:45.657,2.9625,0.0800,-5.3477
2026-05-09T12:14:45.671,2.9381,0.0800,-5.4032
2026-05-09T12:14:45.685,2.9144,0.0800,-5.4588
2026-05-09T12:14:45.699,2.8895,0.0800,-5.5187
2026-05-09T12:14:45.712,2.8668,0.0800,-5.5749
2026-05-09T12:14:45.726,2.8456,0.0800,-5.6292
2026-05-09T12:14:45.739,2.8247,0.0800,-5.6842
2026-05-09T12:14:45.754,2.8032,0.0800,-5.7424
2026-05-09T12:14:45.767,2.7832,0.0800,-5.7986
2026-05-09T12:14:45.780,2.7628,0.0800,-5.8575
2026-05-09T12:14:45.794,2.7440,0.0800,-5.9138
2026-05-09T12:14:45.809,2.7256,0.0800,-5.9709
2026-05-09T12:14:45.822,2.7077,0.0800,-6.0284
2026-05-09T12:14:45.837,2.6884,0.0800,-6.0922
2026-05-09T12:14:45.851,2.6723,0.0800,-6.1480
2026-05-09T12:14:45.864,2.6555,0.0800,-6.2085
2026-05-09T12:14:45.880,2.6390,0.0800,-6.2699
2026-05-09T12:14:45.895,2.6244,0.0800,-6.3268
2026-05-09T12:14:45.911,2.6077,0.0800,-6.3944
2026-05-09T12:14:45.927,2.5922,0.0800,-6.4607
2026-05-09T12:14:45.942,2.5764,0.0800,-6.5322
2026-05-09T12:14:45.957,2.5626,0.0800,-6.5979
2026-05-09T12:14:45.973,2.5482,0.0800,-6.6710
2026-05-09T12:14:45.987,2.5363,0.0800,-6.7348
2026-05-09T12:14:46.001,2.5238,0.0800,-6.8060
2026-05-09T12:14:46.016,2.5130,0.0800,-6.8705
2026-05-09T12:14:46.030,2.5031,0.0800,-6.9340
2026-05-09T12:14:46.043,2.4931,0.0800,-7.0015
2026-05-09T12:14:46.057,2.4849,0.0800,-7.0609
2026-05-09T12:14:46.072,2.4767,0.0800,-7.1242
2026-05-09T12:14:46.086,2.4690,0.0800,-7.1876
2026-05-09T12:14:46.100,2.4615,0.0800,-7.2542
2026-05-09T12:14:46.115,2.4545,0.0800,-7.3214
2026-05-09T12:14:46.129,2.4483,0.0800,-7.3864
2026-05-09T12:14:46.142,2.4416,0.0800,-7.4627
2026-05-09T12:14:46.156,2.4368,0.0800,-7.5220
2026-05-09T12:14:46.170,2.4320,0.0800,-7.5861
2026-05-09T12:14:46.184,2.4276,0.0800,-7.6520
2026-05-09T12:14:46.199,2.4234,0.0800,-7.7191
2026-05-09T12:14:46.213,2.4197,0.0800,-7.7868
2026-05-09T12:14:46.227,2.4163,0.0800,-7.8572
2026-05-09T12:14:46.240,2.4135,0.0800,-7.9259
2026-05-09T12:14:46.254,2.4113,0.0800,-7.9911
2026-05-09T12:14:46.268,2.4095,0.0800,-8.0548
2026-05-09T12:14:46.281,2.4081,0.0800,-8.1219
2026-05-09T12:14:46.296,2.4070,0.0800,-8.1871
2026-05-09T12:14:46.310,2.4063,0.0800,-8.2556
2026-05-09T12:14:46.324,2.4058,0.0800,-8.3266
2026-05-09T12:14:46.338,2.4053,0.0800,-8.3944
2026-05-09T12:14:46.352,2.4049,0.0800,-8.4630
2026-05-09T12:14:46.365,2.4044,0.0800,-8.5325
2026-05-09T12:14:46.378,2.4039,0.0800,-8.5997
2026-05-09T12:14:46.392,2.4034,0.0800,-8.6649
2026-05-09T12:14:46.405,2.4029,0.0800,-8.7325
2026-05-09T12:14:46.419,2.4024,0.0800,-8.8013
2026-05-09T12:14:46.432,2.4019,0.0800,-8.8702
2026-05-09T12:14:46.446,2.4014,0.0800,-8.9361
2026-05-09T12:14:46.459,2.4008,0.0800,-9.0025
2026-05-09T12:14:46.473,2.4003,0.0800,-9.0749
2026-05-09T12:14:46.487,2.3999,0.0800,-9.1370
2026-05-09T12:14:46.500,2.3994,0.0800,-9.2075
2026-05-09T12:14:46.514,2.3990,0.0800,-9.2736
2026-05-09T12:14:46.528,2.3987,0.0800,-9.3390
2026-05-09T12:14:46.543,2.3982,0.0800,-9.4149
2026-05-09T12:14:46.557,2.3979,0.0800,-9.4818
2026-05-09T12:14:46.571,2.3975,0.0800,-9.5535
2026-05-09T12:14:46.584,2.3971,0.0800,-9.6225
2026-05-09T12:14:46.600,2.3967,0.0800,-9.6908
2026-05-09T12:14:46.614,2.3963,0.0800,-9.7591
2026-05-09T12:14:46.628,2.3958,0.0800,-9.8381
2026-05-09T12:14:46.641,2.3954,0.0800,-9.9075
2026-05-09T12:14:46.655,2.3950,0.0800,-9.9730
2026-05-09T12:14:46.669,2.3945,0.0800,-10.0412
2026-05-09T12:14:46.683,2.3941,0.0800,-10.1094
2026-05-09T12:14:46.697,2.3936,0.0800,-10.1765
2026-05-09T12:14:46.712,2.3932,0.0800,-10.2474
2026-05-09T12:14:46.726,2.3927,0.0800,-10.3159
2026-05-09T12:14:46.739,2.3922,0.0800,-10.3880
2026-05-09T12:14:46.753,2.3918,0.0800,-10.4550
2026-05-09T12:14:46.767,2.3914,0.0800,-10.5216
2026-05-09T12:14:46.781,2.3910,0.0800,-10.5922
2026-05-09T12:14:46.796,2.3907,0.0800,-10.6597
2026-05-09T12:14:46.809,2.3904,0.0800,-10.7317
2026-05-09T12:14:46.823,2.3900,0.0800,-10.8024
2026-05-09T12:14:46.837,2.3897,0.0800,-10.8668
2026-05-09T12:14:46.851,2.3894,0.0800,-10.9330
2026-05-09T12:14:46.864,2.3887,0.0800,-11.0016
2026-05-09T12:14:46.879,2.3877,0.0800,-11.0690
2026-05-09T12:14:46.892,2.3863,0.0800,-11.1278
2026-05-09T12:14:46.906,2.3842,0.0800,-11.1923
2026-05-09T12:14:46.920,2.3817,0.0800,-11.2501
2026-05-09T12:14:46.934,2.3786,0.0800,-11.3087
2026-05-09T12:14:46.949,2.3748,0.0800,-11.3642
2026-05-09T12:14:46.962,2.3704,0.0800,-11.4193
2026-05-09T12:14:46.976,2.3650,0.0800,-11.4782
2026-05-09T12:14:46.990,2.3597,0.0800,-11.5274
2026-05-09T12:14:47.003,2.3529,0.0800,-11.5846
2026-05-09T12:14:47.017,2.3462,0.0800,-11.6348
2026-05-09T12:14:47.031,2.3388,0.0800,-11.6852
2026-05-09T12:14:47.045,2.3303,0.0800,-11.7380
2026-05-09T12:14:47.059,2.3211,0.0800,-11.7906
2026-05-09T12:14:47.073,2.3114,0.0800,-11.8415
2026-05-09T12:14:47.087,2.3005,0.0800,-11.8947
2026-05-09T12:14:47.100,2.2891,0.0800,-11.9465
2026-05-09T12:14:47.115,2.2765,0.0800,-12.0005
2026-05-09T12:14:47.129,2.2649,0.0800,-12.0467
2026-05-09T12:14:47.142,2.2495,0.0800,-12.1047
2026-05-09T12:14:47.156,2.2365,0.0800,-12.1510
2026-05-09T12:14:47.170,2.2216,0.0800,-12.2012
2026-05-09T12:14:47.183,2.2058,0.0800,-12.2521
2026-05-09T12:14:47.198,2.1896,0.0800,-12.3018
2026-05-09T12:14:47.212,2.1727,0.0800,-12.3511
2026-05-09T12:14:47.225,2.1545,0.0800,-12.4019
2026-05-09T12:14:47.239,2.1361,0.0800,-12.4509
2026-05-09T12:14:47.253,2.1170,0.0800,-12.4998
2026-05-09T12:14:47.267,2.0972,0.0800,-12.5486
2026-05-09T12:14:47.280,2.0762,0.0800,-12.5982
2026-05-09T12:14:47.295,2.0552,0.0800,-12.6462
2026-05-09T12:14:47.309,2.0334,0.0800,-12.6938
2026-05-09T12:14:47.322,2.0112,0.0800,-12.7408
2026-05-09T12:14:47.336,1.9869,0.0800,-12.7906
2026-05-09T12:14:47.351,1.9643,0.0800,-12.8350
2026-05-09T12:14:47.364,1.9392,0.0800,-12.8827
2026-05-09T12:14:47.378,1.9134,0.0800,-12.9301
2026-05-09T12:14:47.392,1.8898,0.0800,-12.9719
2026-05-09T12:14:47.406,1.8631,0.0800,-13.0175
2026-05-09T12:14:47.419,1.8377,0.0800,-13.0595
2026-05-09T12:14:47.433,1.8143,0.0800,-13.0968
2026-05-09T12:14:47.447,1.7916,0.0800,-13.1316
2026-05-09T12:14:47.461,1.7675,0.0800,-13.1671
2026-05-09T12:14:47.476,1.7435,0.0800,-13.2014
2026-05-09T12:14:47.490,1.7209,0.0800,-13.2323
2026-05-09T12:14:47.503,1.6965,0.0800,-13.2646
2026-05-09T12:14:47.517,1.6733,0.0800,-13.2941
2026-05-09T12:14:47.531,1.6497,0.0800,-13.3230
2026-05-09T12:14:47.544,1.6263,0.0800,-13.3506
2026-05-09T12:14:47.558,1.6044,0.0800,-13.3756
2026-05-09T12:14:47.572,1.5829,0.0800,-13.3992
2026-05-09T12:14:47.587,1.5604,0.0800,-13.4228
2026-05-09T12:14:47.600,1.5376,0.0800,-13.4459
2026-05-09T12:14:47.614,1.5168,0.0800,-13.4662
2026-05-09T12:14:47.628,1.4976,0.0800,-13.4841
2026-05-09T12:14:47.642,1.4765,0.0800,-13.5030
2026-05-09T12:14:47.656,1.4557,0.0800,-13.5210
2026-05-09T12:14:47.670,1.4348,0.0800,-13.5382
2026-05-09T12:14:47.683,1.4144,0.0800,-13.5543
2026-05-09T12:14:47.698,1.3946,0.0800,-13.5694
2026-05-09T12:14:47.712,1.3747,0.0800,-13.5838
2026-05-09T12:14:47.726,1.3550,0.0800,-13.5974
2026-05-09T12:14:47.739,1.3352,0.0800,-13.6105
2026-05-09T12:14:47.753,1.3157,0.0800,-13.6230
2026-05-09T12:14:47.767,1.2979,0.0800,-13.6337
2026-05-09T12:14:47.781,1.2783,0.0800,-13.6450
2026-05-09T12:14:47.795,1.2587,0.0800,-13.6559
2026-05-09T12:14:47.809,1.2386,0.0800,-13.6664
2026-05-09T12:14:47.823,1.2181,0.0800,-13.6766
2026-05-09T12:14:47.837,1.1983,0.0800,-13.6861
2026-05-09T12:14:47.851,1.1785,0.0800,-13.6949
2026-05-09T12:14:47.864,1.1578,0.0800,-13.7036
2026-05-09T12:14:47.878,1.1371,0.0800,-13.7119
2026-05-09T12:14:47.893,1.1172,0.0800,-13.7193
2026-05-09T12:14:47.906,1.0954,0.0800,-13.7269
2026-05-09T12:14:47.920,1.0734,0.0800,-13.7341
2026-05-09T12:14:47.934,1.0532,0.0800,-13.7403
2026-05-09T12:14:47.948,1.0317,0.0800,-13.7463
2026-05-09T12:14:47.961,1.0100,0.0800,-13.7518
2026-05-09T12:14:47.976,0.9856,0.0800,-13.7577
2026-05-09T12:14:47.990,0.9629,0.0800,-13.7625
2026-05-09T12:14:48.003,0.9350,0.0800,-13.7679
2026-05-09T12:14:48.017,0.9070,0.0800,-13.7729
2026-05-09T12:14:48.031,0.8781,0.0800,-13.7773
2026-05-09T12:14:48.044,0.8461,0.0800,-13.7815
2026-05-09T12:14:48.058,0.8126,0.0800,-13.7855
2026-05-09T12:14:48.072,0.7799,0.0800,-13.7886
2026-05-09T12:14:48.086,0.7435,0.0800,-13.7914
2026-05-09T12:14:48.100,0.7059,0.0800,-13.7936
2026-05-09T12:14:48.114,0.6683,0.0800,-13.7951
2026-05-09T12:14:48.128,0.6304,0.0800,-13.7959
2026-05-09T12:14:48.142,0.5877,0.0800,-13.7960
2026-05-09T12:14:48.156,0.5480,0.0800,-13.7955
2026-05-09T12:14:48.170,0.5066,0.0800,-13.7941
2026-05-09T12:14:48.183,0.4632,0.0800,-13.7919
2026-05-09T12:14:48.198,0.4186,0.0800,-13.7890
2026-05-09T12:14:48.211,0.3755,0.0800,-13.7853
2026-05-09T12:14:48.225,0.3306,0.0800,-13.7807
2026-05-09T12:14:48.239,0.2870,0.0800,-13.7757
2026-05-09T12:14:48.253,0.2440,0.0800,-13.7699
2026-05-09T12:14:48.267,0.1993,0.0800,-13.7631
2026-05-09T12:14:48.280,0.1538,0.0800,-13.7554
2026-05-09T12:14:48.294,0.1093,0.0800,-13.7472
2026-05-09T12:14:48.308,0.0633,0.0800,-13.7379
2026-05-09T12:14:48.321,0.0166,0.0800,-13.7277
2026-05-09T12:14:48.336,-0.0290,0.0800,-13.7171
2026-05-09T12:14:48.350,-0.0740,0.0800,-13.7058
2026-05-09T12:14:48.364,-0.1219,0.0800,-13.6930
2026-05-09T12:14:48.378,-0.1709,0.0800,-13.6792
2026-05-09T12:14:48.392,-0.2177,0.0800,-13.6651
2026-05-09T12:14:48.405,-0.2678,0.0800,-13.6493
2026-05-09T12:14:48.419,-0.3147,0.0800,-13.6335
2026-05-09T12:14:48.434,-0.3612,0.0800,-13.6173
2026-05-09T12:14:48.448,-0.4063,0.0800,-13.6006
2026-05-09T12:14:48.462,-0.4546,0.0800,-13.5820
2026-05-09T12:14:48.477,-0.5057,0.0800,-13.5615
2026-05-09T12:14:48.492,-0.5515,0.0800,-13.5422
2026-05-09T12:14:48.506,-0.6012,0.0800,-13.5204
2026-05-09T12:14:48.520,-0.6515,0.0800,-13.4974
2026-05-09T12:14:48.535,-0.7014,0.0800,-13.4738
2026-05-09T12:14:48.548,-0.7481,0.0800,-13.4508
2026-05-09T12:14:48.563,-0.7974,0.0800,-13.4257
2026-05-09T12:14:48.580,-0.8493,0.0800,-13.3985
2026-05-09T12:14:48.596,-0.9042,0.0800,-13.3687
2026-05-09T12:14:48.613,-0.9700,0.0800,-13.3320
2026-05-09T12:14:48.627,-1.0297,0.0800,-13.2975
2026-05-09T12:14:48.640,-1.0956,0.0800,-13.2587
2026-05-09T12:14:48.655,-1.1524,0.0800,-13.2244
2026-05-09T12:14:48.670,-1.2065,0.0800,-13.1912
2026-05-09T12:14:48.685,-1.2677,0.0800,-13.1530
2026-05-09T12:14:48.701,-1.3277,0.0800,-13.1151
2026-05-09T12:14:48.716,-1.3904,0.0800,-13.0748
2026-05-09T12:14:48.730,-1.4525,0.0800,-13.0344
2026-05-09T12:14:48.745,-1.5145,0.0800,-12.9935
2026-05-09T12:14:48.761,-1.5715,0.0800,-12.9556
2026-05-09T12:14:48.777,-1.6323,0.0800,-12.9150
2026-05-09T12:14:48.793,-1.6992,0.0800,-12.8705
2026-05-09T12:14:48.807,-1.7663,0.0800,-12.8258
2026-05-09T12:14:48.821,-1.8310,0.0800,-12.7828
2026-05-09T12:14:48.836,-1.8895,0.0800,-12.7439
2026-05-09T12:14:48.850,-1.9487,0.0800,-12.7046
2026-05-09T12:14:48.863,-2.0105,0.0800,-12.6636
2026-05-09T12:14:48.877,-2.0681,0.0800,-12.6254
2026-05-09T12:14:48.891,-2.1211,0.0800,-12.5903
2026-05-09T12:14:48.905,-2.1801,0.0800,-12.5511
2026-05-09T12:14:48.919,-2.2390,0.0800,-12.5121
2026-05-09T12:14:48.933,-2.2962,0.0800,-12.4741
2026-05-09T12:14:48.946,-2.3559,0.0800,-12.4344
2026-05-09T12:14:48.959,-2.4122,0.0800,-12.3970
2026-05-09T12:14:48.973,-2.4718,0.0800,-12.3574
2026-05-09T12:14:48.987,-2.5259,0.0800,-12.3214
2026-05-09T12:14:49.000,-2.5826,0.0800,-12.2837
2026-05-09T12:14:49.015,-2.6401,0.0800,-12.2454
2026-05-09T12:14:49.030,-2.6931,0.0800,-12.2102
2026-05-09T12:14:49.043,-2.7610,0.0800,-12.1651
2026-05-09T12:14:49.057,-2.8200,0.0800,-12.1260
2026-05-09T12:14:49.072,-2.8725,0.0800,-12.0912
2026-05-09T12:14:49.086,-2.9306,0.0800,-12.0527
2026-05-09T12:14:49.099,-2.9933,0.0800,-12.0112
2026-05-09T12:14:49.113,-3.0515,0.0800,-11.9727
2026-05-09T12:14:49.127,-3.1066,0.0800,-11.9362
2026-05-09T12:14:49.141,-3.1673,0.0800,-11.8960
2026-05-09T12:14:49.155,-3.2235,0.0800,-11.8588
2026-05-09T12:14:49.169,-3.2796,0.0800,-11.8217
2026-05-09T12:14:49.183,-3.3379,0.0800,-11.7830
2026-05-09T12:14:49.197,-3.3973,0.0800,-11.7436
2026-05-09T12:14:49.211,-3.4561,0.0800,-11.7047
2026-05-09T12:14:49.224,-3.5154,0.0800,-11.6654
2026-05-09T12:14:49.239,-3.5710,0.0800,-11.6285
2026-05-09T12:14:49.253,-3.6277,0.0800,-11.5910
2026-05-09T12:14:49.266,-3.6886,0.0800,-11.5506
2026-05-09T12:14:49.280,-3.7463,0.0800,-11.5124
2026-05-09T12:14:49.294,-3.8025,0.0800,-11.4751
2026-05-09T12:14:49.308,-3.8616,0.0800,-11.4359
2026-05-09T12:14:49.321,-3.9190,0.0800,-11.3979
2026-05-09T12:14:49.335,-3.9768,0.0800,-11.3595
2026-05-09T12:14:49.350,-4.0297,0.0800,-11.3245
2026-05-09T12:14:49.363,-4.0857,0.0800,-11.2874
2026-05-09T12:14:49.378,-4.1471,0.0800,-11.2472
2026-05-09T12:14:49.391,-4.1978,0.0800,-11.2146
2026-05-09T12:14:49.405,-4.2536,0.0800,-11.1792
2026-05-09T12:14:49.419,-4.3074,0.0800,-11.1458
2026-05-09T12:14:49.433,-4.3622,0.0800,-11.1123
2026-05-09T12:14:49.448,-4.4181,0.0800,-11.0787
2026-05-09T12:14:49.461,-4.4706,0.0800,-11.0479
2026-05-09T12:14:49.475,-4.5288,0.0800,-11.0144
2026-05-09T12:14:49.489,-4.5778,0.0800,-10.9869
2026-05-09T12:14:49.502,-4.6320,0.0800,-10.9572
2026-05-09T12:14:49.517,-4.6802,0.0800,-10.9314
2026-05-09T12:14:49.531,-4.7282,0.0800,-10.9066
2026-05-09T12:14:49.544,-4.7784,0.0800,-10.8814
2026-05-09T12:14:49.559,-4.8211,0.0800,-10.8608
2026-05-09T12:14:49.573,-4.8542,0.0800,-10.8456
2026-05-09T12:14:49.587,-4.8884,0.0800,-10.8307
2026-05-09T12:14:49.600,-4.9173,0.0800,-10.8187
2026-05-09T12:14:49.614,-4.9365,0.0800,-10.8111
2026-05-09T12:14:49.628,-4.9517,0.0800,-10.8056
2026-05-09T12:14:49.642,-4.9636,0.0800,-10.8017
2026-05-09T12:14:49.656,-4.9678,0.0800,-10.8003
2026-05-09T12:14:49.670,-4.9680,0.0800,-10.8004
2026-05-09T12:14:49.684,-4.9635,0.0800,-10.8018
2026-05-09T12:14:49.698,-4.9566,0.0800,-10.8035
2026-05-09T12:14:49.711,-4.9474,0.0800,-10.8058
2026-05-09T12:14:49.726,-4.9344,0.0800,-10.8086
2026-05-09T12:14:49.739,-4.9199,0.0800,-10.8114
2026-05-09T12:14:49.753,-4.8990,0.0800,-10.8148
2026-05-09T12:14:49.767,-4.8774,0.0800,-10.8180
2026-05-09T12:14:49.780,-4.8502,0.0800,-10.8214
2026-05-09T12:14:49.795,-4.8221,0.0800,-10.8242
2026-05-09T12:14:49.809,-4.7921,0.0800,-10.8268
2026-05-09T12:14:49.822,-4.7568,0.0800,-10.8291
2026-05-09T12:14:49.837,-4.7247,0.0800,-10.8303
2026-05-09T12:14:49.851,-4.6920,0.0800,-10.8312
2026-05-09T12:14:49.864,-4.6542,0.0800,-10.8315
2026-05-09T12:14:49.878,-4.6152,0.0800,-10.8311
2026-05-09T12:14:49.892,-4.5824,0.0800,-10.8299
2026-05-09T12:14:49.906,-4.5465,0.0800,-10.8281
2026-05-09T12:14:49.920,-4.5101,0.0800,-10.8256
2026-05-09T12:14:49.934,-4.4740,0.0800,-10.8223
2026-05-09T12:14:49.948,-4.4379,0.0800,-10.8185
2026-05-09T12:14:49.962,-4.4024,0.0800,-10.8141
2026-05-09T12:14:49.975,-4.3664,0.0800,-10.8089
2026-05-09T12:14:49.989,-4.3373,0.0800,-10.8042
2026-05-09T12:14:50.003,-4.3267,0.0800,-10.8024
2026-05-09T12:14:50.045,-4.3327,0.0800,-10.8035
2026-05-09T12:14:50.059,-4.3573,0.0800,-10.8083
2026-05-09T12:14:50.073,-4.4217,0.0800,-10.8208
2026-05-09T12:14:50.087,-4.4875,0.0800,-10.8330
2026-05-09T12:14:50.100,-4.5507,0.0800,-10.8443
2026-05-09T12:14:50.115,-4.6132,0.0800,-10.8549
2026-05-09T12:14:50.129,-4.6719,0.0800,-10.8644
2026-05-09T12:14:50.143,-4.7444,0.0800,-10.8756
2026-05-09T12:14:50.157,-4.8081,0.0800,-10.8849
2026-05-09T12:14:50.170,-4.8705,0.0800,-10.8935
2026-05-09T12:14:50.184,-4.9349,0.0800,-10.9018
2026-05-09T12:14:50.198,-5.0000,0.0800,-10.9099
2026-05-09T12:14:50.215,-5.0654,0.0800,-10.9173
2026-05-09T12:14:50.226,-5.1270,0.0800,-10.9239
2026-05-09T12:14:50.239,-5.2157,0.0800,-10.9327
2026-05-09T12:14:50.253,-5.2581,0.0800,-10.9365
2026-05-09T12:14:50.267,-5.3234,0.0800,-10.9420
2026-05-09T12:14:50.281,-5.3912,0.0800,-10.9472
2026-05-09T12:14:50.296,-5.4552,0.0800,-10.9517
2026-05-09T12:14:50.309,-5.5236,0.0800,-10.9560
2026-05-09T12:14:50.323,-5.5948,0.0800,-10.9601
2026-05-09T12:14:50.336,-5.6600,0.0800,-10.9636
2026-05-09T12:14:50.351,-5.7316,0.0800,-10.9674
2026-05-09T12:14:50.365,-5.7817,0.0800,-10.9700
2026-05-09T12:14:50.379,-5.8226,0.0800,-10.9725
2026-05-09T12:14:50.393,-5.8469,0.0800,-10.9746
2026-05-09T12:14:50.407,-5.8539,0.0800,-10.9754
2026-05-09T12:14:50.420,-5.8540,0.0800,-10.9755
2026-05-09T12:14:50.434,-5.8509,0.0800,-10.9751
2026-05-09T12:14:50.448,-5.8421,0.0800,-10.9738
2026-05-09T12:14:50.462,-5.8298,0.0800,-10.9716
2026-05-09T12:14:50.476,-5.8158,0.0800,-10.9687
2026-05-09T12:14:50.489,-5.7973,0.0800,-10.9645
2026-05-09T12:14:50.503,-5.7762,0.0800,-10.9593
2026-05-09T12:14:50.518,-5.7540,0.0800,-10.9532
2026-05-09T12:14:50.532,-5.7290,0.0800,-10.9460
2026-05-09T12:14:50.545,-5.6997,0.0800,-10.9368
2026-05-09T12:14:50.559,-5.6750,0.0800,-10.9285
2026-05-09T12:14:50.574,-5.6511,0.0800,-10.9198
2026-05-09T12:14:50.587,-5.6265,0.0800,-10.9104
2026-05-09T12:14:50.601,-5.5999,0.0800,-10.8997
2026-05-09T12:14:50.615,-5.5751,0.0800,-10.8888
2026-05-09T12:14:50.629,-5.5525,0.0800,-10.8785
2026-05-09T12:14:50.643,-5.5289,0.0800,-10.8673
2026-05-09T12:14:50.657,-5.5095,0.0800,-10.8574
2026-05-09T12:14:50.671,-5.4914,0.0800,-10.8478
2026-05-09T12:14:50.685,-5.4735,0.0800,-10.8378
2026-05-09T12:14:50.698,-5.4569,0.0800,-10.8280
2026-05-09T12:14:50.712,-5.4423,0.0800,-10.8191
2026-05-09T12:14:50.727,-5.4282,0.0800,-10.8101
2026-05-09T12:14:50.740,-5.4149,0.0800,-10.8012
2026-05-09T12:14:50.754,-5.4016,0.0800,-10.7918
2026-05-09T12:14:50.768,-5.3901,0.0800,-10.7833
2026-05-09T12:14:50.782,-5.3776,0.0800,-10.7738
2026-05-09T12:14:50.796,-5.3661,0.0800,-10.7645
2026-05-09T12:14:50.810,-5.3540,0.0800,-10.7544
2026-05-09T12:14:50.824,-5.3433,0.0800,-10.7451
2026-05-09T12:14:50.838,-5.3334,0.0800,-10.7359
2026-05-09T12:14:50.852,-5.3238,0.0800,-10.7268
2026-05-09T12:14:50.865,-5.3145,0.0800,-10.7177
2026-05-09T12:14:50.879,-5.3055,0.0800,-10.7085
2026-05-09T12:14:50.894,-5.2976,0.0800,-10.6997
2026-05-09T12:14:50.907,-5.2894,0.0800,-10.6905
2026-05-09T12:14:50.921,-5.2814,0.0800,-10.6811
2026-05-09T12:14:50.935,-5.2744,0.0800,-10.6722
2026-05-09T12:14:50.949,-5.2682,0.0800,-10.6643
2026-05-09T12:14:50.962,-5.2626,0.0800,-10.6568
2026-05-09T12:14:50.976,-5.2573,0.0800,-10.6492
2026-05-09T12:14:50.991,-5.2528,0.0800,-10.6427
2026-05-09T12:14:51.004,-5.2483,0.0800,-10.6357
2026-05-09T12:14:51.018,-5.2440,0.0800,-10.6286
2026-05-09T12:14:51.032,-5.2403,0.0800,-10.6224
2026-05-09T12:14:51.046,-5.2364,0.0800,-10.6155
2026-05-09T12:14:51.059,-5.2332,0.0800,-10.6096
2026-05-09T12:14:51.074,-5.2302,0.0800,-10.6034
2026-05-09T12:14:51.088,-5.2275,0.0800,-10.5979
2026-05-09T12:14:51.101,-5.2249,0.0800,-10.5921
2026-05-09T12:14:51.116,-5.2226,0.0800,-10.5865
2026-05-09T12:14:51.130,-5.2206,0.0800,-10.5818
2026-05-09T12:14:51.143,-5.2186,0.0800,-10.5767
2026-05-09T12:14:51.157,-5.2172,0.0800,-10.5725
2026-05-09T12:14:51.172,-5.2158,0.0800,-10.5684
2026-05-09T12:14:51.184,-5.2145,0.0800,-10.5642
2026-05-09T12:14:51.197,-5.2131,0.0800,-10.5596
2026-05-09T12:14:51.211,-5.2123,0.0800,-10.5559
2026-05-09T12:14:51.225,-5.2113,0.0800,-10.5520
2026-05-09T12:14:51.241,-5.2104,0.0800,-10.5476
2026-05-09T12:14:51.257,-5.2095,0.0800,-10.5435
2026-05-09T12:14:51.275,-5.2086,0.0800,-10.5387
2026-05-09T12:14:51.291,-5.2079,0.0800,-10.5343
2026-05-09T12:14:51.305,-5.2072,0.0800,-10.5290
2026-05-09T12:14:51.320,-5.2069,0.0800,-10.5246
2026-05-09T12:14:51.334,-5.2066,0.0800,-10.5208
2026-05-09T12:14:51.348,-5.2063,0.0800,-10.5174
2026-05-09T12:14:51.361,-5.2062,0.0800,-10.5147
2026-05-09T12:14:51.376,-5.2062,0.0800,-10.5119
2026-05-09T12:14:51.390,-5.2062,0.0800,-10.5099
2026-05-09T12:14:51.405,-5.2062,0.0800,-10.5079
2026-05-09T12:14:51.421,-5.2063,0.0800,-10.5064
2026-05-09T12:14:51.437,-5.2061,0.0800,-10.5065
2026-05-09T12:14:51.453,-5.2059,0.0800,-10.5066
2026-05-09T12:14:51.468,-5.2058,0.0800,-10.5067
2026-05-09T12:14:51.483,-5.2053,0.0800,-10.5084
2026-05-09T12:14:51.500,-5.2047,0.0800,-10.5111
2026-05-09T12:14:51.516,-5.2036,0.0800,-10.5146
2026-05-09T12:14:51.530,-5.2016,0.0800,-10.5217
2026-05-09T12:14:51.544,-5.1991,0.0800,-10.5295
2026-05-09T12:14:51.559,-5.1968,0.0800,-10.5368
2026-05-09T12:14:51.573,-5.1933,0.0800,-10.5464
2026-05-09T12:14:51.588,-5.1893,0.0800,-10.5566
2026-05-09T12:14:51.603,-5.1848,0.0800,-10.5675
2026-05-09T12:14:51.618,-5.1790,0.0800,-10.5813
2026-05-09T12:14:51.633,-5.1723,0.0800,-10.5956
2026-05-09T12:14:51.650,-5.1639,0.0800,-10.6127
2026-05-09T12:14:51.666,-5.1546,0.0800,-10.6305
2026-05-09T12:14:51.681,-5.1429,0.0800,-10.6521
2026-05-09T12:14:51.695,-5.1313,0.0800,-10.6717
2026-05-09T12:14:51.709,-5.1176,0.0800,-10.6938
2026-05-09T12:14:51.724,-5.1027,0.0800,-10.7165
2026-05-09T12:14:51.739,-5.0868,0.0800,-10.7400
2026-05-09T12:14:51.755,-5.0673,0.0800,-10.7672
2026-05-09T12:14:51.772,-5.0443,0.0800,-10.7981
2026-05-09T12:14:51.788,-5.0174,0.0800,-10.8327
2026-05-09T12:14:51.804,-4.9839,0.0800,-10.8738
2026-05-09T12:14:51.821,-4.9471,0.0800,-10.9173
2026-05-09T12:14:51.836,-4.9096,0.0800,-10.9598
2026-05-09T12:14:51.851,-4.8678,0.0800,-11.0056
2026-05-09T12:14:51.865,-4.8285,0.0800,-11.0473
2026-05-09T12:14:51.882,-4.7869,0.0800,-11.0903
2026-05-09T12:14:51.898,-4.7475,0.0800,-11.1297
2026-05-09T12:14:51.914,-4.6981,0.0800,-11.1779
2026-05-09T12:14:51.930,-4.6460,0.0800,-11.2272
2026-05-09T12:14:51.947,-4.5913,0.0800,-11.2777
2026-05-09T12:14:51.966,-4.5404,0.0800,-11.3238
2026-05-09T12:14:51.985,-4.4780,0.0800,-11.3790
2026-05-09T12:14:52.002,-4.4114,0.0800,-11.4367
2026-05-09T12:14:52.019,-4.3401,0.0800,-11.4974
2026-05-09T12:14:52.035,-4.2783,0.0800,-11.5493
2026-05-09T12:14:52.050,-4.2125,0.0800,-11.6046
2026-05-09T12:14:52.065,-4.1502,0.0800,-11.6569
2026-05-09T12:14:52.082,-4.0925,0.0800,-11.7054
2026-05-09T12:14:52.098,-4.0356,0.0800,-11.7534
2026-05-09T12:14:52.116,-3.9713,0.0800,-11.8075
2026-05-09T12:14:52.131,-3.9102,0.0800,-11.8591
2026-05-09T12:14:52.146,-3.8422,0.0800,-11.8984
2026-05-09T12:14:52.161,-3.7872,0.0800,-11.8984
2026-05-09T12:14:52.175,-3.7279,0.0800,-11.9044
2026-05-09T12:14:52.190,-3.6622,0.0800,-11.9318
2026-05-09T12:14:52.205,-3.6062,0.0800,-11.9788
2026-05-09T12:14:52.220,-3.5518,0.0800,-12.0246
2026-05-09T12:14:52.235,-3.4929,0.0800,-12.0741
2026-05-09T12:14:52.249,-3.4379,0.0800,-12.1203
2026-05-09T12:14:52.262,-3.3826,0.0800,-12.1668
2026-05-09T12:14:52.277,-3.3274,0.0800,-12.2133
2026-05-09T12:14:52.291,-3.2762,0.0800,-12.2564
2026-05-09T12:14:52.306,-3.2203,0.0800,-12.3035
2026-05-09T12:14:52.321,-3.1687,0.0800,-12.3469
2026-05-09T12:14:52.337,-3.1123,0.0800,-12.3944
2026-05-09T12:14:52.351,-3.0544,0.0800,-12.4248
2026-05-09T12:14:52.365,-2.9944,0.0800,-12.4587
2026-05-09T12:14:52.379,-2.9431,0.0800,-12.4999
2026-05-09T12:14:52.393,-2.8938,0.0800,-12.5386
2026-05-09T12:14:52.407,-2.8393,0.0800,-12.5807
2026-05-09T12:14:52.421,-2.7910,0.0800,-12.6172
2026-05-09T12:14:52.436,-2.7397,0.0800,-12.6554
2026-05-09T12:14:52.450,-2.6913,0.0800,-12.6905
2026-05-09T12:14:52.464,-2.6371,0.0800,-12.7292
2026-05-09T12:14:52.479,-2.5847,0.0800,-12.7659
2026-05-09T12:14:52.493,-2.5337,0.0800,-12.8007
2026-05-09T12:14:52.507,-2.4785,0.0800,-12.8377
2026-05-09T12:14:52.521,-2.4264,0.0800,-12.8718
2026-05-09T12:14:52.537,-2.3705,0.0800,-12.9078
2026-05-09T12:14:52.551,-2.3160,0.0800,-12.9420
2026-05-09T12:14:52.566,-2.2567,0.0800,-12.9784
2026-05-09T12:14:52.580,-2.1996,0.0800,-13.0127
2026-05-09T12:14:52.594,-2.1431,0.0800,-13.0460
2026-05-09T12:14:52.609,-2.0864,0.0800,-13.0785
2026-05-09T12:14:52.622,-2.0327,0.0800,-13.1086
2026-05-09T12:14:52.638,-1.9753,0.0800,-13.1403
2026-05-09T12:14:52.653,-1.9219,0.0800,-13.1689
2026-05-09T12:14:52.668,-1.8618,0.0800,-13.2004
2026-05-09T12:14:52.681,-1.8070,0.0800,-13.2283
2026-05-09T12:14:52.696,-1.7550,0.0800,-13.2540
2026-05-09T12:14:52.710,-1.7042,0.0800,-13.2782
2026-05-09T12:14:52.723,-1.6563,0.0800,-13.3002
2026-05-09T12:14:52.738,-1.6100,0.0800,-13.3207
2026-05-09T12:14:52.751,-1.5686,0.0800,-13.3381
2026-05-09T12:14:52.764,-1.5254,0.0800,-13.3556
2026-05-09T12:14:52.780,-1.4859,0.0800,-13.3708
2026-05-09T12:14:52.794,-1.4494,0.0800,-13.3841
2026-05-09T12:14:52.808,-1.4051,0.0800,-13.3994
2026-05-09T12:14:52.821,-1.3686,0.0800,-13.4112
2026-05-09T12:14:52.835,-1.3306,0.0800,-13.4229
2026-05-09T12:14:52.850,-1.2961,0.0800,-13.4327
2026-05-09T12:14:52.863,-1.2563,0.0800,-13.4433
2026-05-09T12:14:52.878,-1.2159,0.0800,-13.4534
2026-05-09T12:14:52.892,-1.1816,0.0800,-13.4611
2026-05-09T12:14:52.906,-1.1418,0.0800,-13.4694
2026-05-09T12:14:52.919,-1.1024,0.0800,-13.4769
2026-05-09T12:14:52.934,-1.0652,0.0800,-13.4833
2026-05-09T12:14:52.947,-1.0272,0.0800,-13.4891
2026-05-09T12:14:52.961,-0.9877,0.0800,-13.4944
2026-05-09T12:14:52.975,-0.9485,0.0800,-13.4990
2026-05-09T12:14:52.989,-0.9121,0.0800,-13.5025
2026-05-09T12:14:53.003,-0.8715,0.0800,-13.5057
2026-05-09T12:14:53.017,-0.8310,0.0800,-13.5082
2026-05-09T12:14:53.031,-0.7918,0.0800,-13.5098
2026-05-09T12:14:53.045,-0.7475,0.0800,-13.5109
2026-05-09T12:14:53.060,-0.7048,0.0800,-13.5113
2026-05-09T12:14:53.073,-0.6589,0.0800,-13.5109
2026-05-09T12:14:53.087,-0.6108,0.0800,-13.5096
2026-05-09T12:14:53.100,-0.5641,0.0800,-13.5076
2026-05-09T12:14:53.115,-0.5153,0.0800,-13.5049
2026-05-09T12:14:53.129,-0.4711,0.0800,-13.5016
2026-05-09T12:14:53.142,-0.4160,0.0800,-13.4967
2026-05-09T12:14:53.157,-0.3742,0.0800,-13.4924
2026-05-09T12:14:53.170,-0.3271,0.0800,-13.4866
2026-05-09T12:14:53.184,-0.2788,0.0800,-13.4800
2026-05-09T12:14:53.198,-0.2315,0.0800,-13.4728
2026-05-09T12:14:53.212,-0.1840,0.0800,-13.4646
2026-05-09T12:14:53.226,-0.1371,0.0800,-13.4558
2026-05-09T12:14:53.239,-0.0896,0.0800,-13.4461
2026-05-09T12:14:53.254,-0.0460,0.0800,-13.4365
2026-05-09T12:14:53.267,-0.0013,0.0800,-13.4258
2026-05-09T12:14:53.281,0.0464,0.0800,-13.4136
2026-05-09T12:14:53.295,0.0894,0.0800,-13.4019
2026-05-09T12:14:53.309,0.1316,0.0800,-13.3896
2026-05-09T12:14:53.323,0.1752,0.0800,-13.3761
2026-05-09T12:14:53.337,0.2182,0.0800,-13.3621
2026-05-09T12:14:53.351,0.2598,0.0800,-13.3477
2026-05-09T12:14:53.364,0.3021,0.0800,-13.3323
2026-05-09T12:14:53.378,0.3440,0.0800,-13.3163
2026-05-09T12:14:53.392,0.3793,0.0800,-13.3019
2026-05-09T12:14:53.406,0.4195,0.0800,-13.2849
2026-05-09T12:14:53.419,0.4600,0.0800,-13.2669
2026-05-09T12:14:53.433,0.4964,0.0800,-13.2500
2026-05-09T12:14:53.447,0.5307,0.0800,-13.2332
2026-05-09T12:14:53.461,0.5688,0.0800,-13.2138
2026-05-09T12:14:53.475,0.6045,0.0800,-13.1949
2026-05-09T12:14:53.489,0.6397,0.0800,-13.1753
2026-05-09T12:14:53.502,0.6764,0.0800,-13.1541
2026-05-09T12:14:53.517,0.7111,0.0800,-13.1334
2026-05-09T12:14:53.531,0.7455,0.0800,-13.1119
2026-05-09T12:14:53.544,0.7809,0.0800,-13.0932
2026-05-09T12:14:53.558,0.8144,0.0800,-13.0932
2026-05-09T12:14:53.572,0.8464,0.0800,-13.0930
2026-05-09T12:14:53.586,0.8836,0.0800,-13.0893
2026-05-09T12:14:53.599,0.9198,0.0800,-13.0809
2026-05-09T12:14:53.613,0.9564,0.0800,-13.0668
2026-05-09T12:14:53.627,0.9894,0.0800,-13.0479
2026-05-09T12:14:53.641,1.0235,0.0800,-13.0226
2026-05-09T12:14:53.655,1.0536,0.0800,-12.9968
2026-05-09T12:14:53.669,1.0856,0.0800,-12.9694
2026-05-09T12:14:53.682,1.1165,0.0800,-12.9407
2026-05-09T12:14:53.696,1.1462,0.0800,-12.9122
2026-05-09T12:14:53.711,1.1740,0.0800,-12.8845
2026-05-09T12:14:53.724,1.2028,0.0800,-12.8547
2026-05-09T12:14:53.738,1.2315,0.0800,-12.8241
2026-05-09T12:14:53.752,1.2580,0.0800,-12.7946
2026-05-09T12:14:53.766,1.2878,0.0800,-12.7603
2026-05-09T12:14:53.780,1.3156,0.0800,-12.7271
2026-05-09T12:14:53.795,1.3421,0.0800,-12.6943
2026-05-09T12:14:53.809,1.3706,0.0800,-12.6578
2026-05-09T12:14:53.823,1.3970,0.0800,-12.6227
2026-05-09T12:14:53.837,1.4249,0.0800,-12.5846
2026-05-09T12:14:53.852,1.4512,0.0800,-12.5470
2026-05-09T12:14:53.866,1.4808,0.0800,-12.5033
2026-05-09T12:14:53.881,1.5111,0.0800,-12.4571
2026-05-09T12:14:53.898,1.5404,0.0800,-12.4110
2026-05-09T12:14:53.915,1.5738,0.0800,-12.3567
2026-05-09T12:14:53.930,1.6095,0.0800,-12.2970
2026-05-09T12:14:53.945,1.6506,0.0800,-12.2261
2026-05-09T12:14:53.960,1.6794,0.0800,-12.1751
2026-05-09T12:14:53.975,1.7150,0.0800,-12.1103
2026-05-09T12:14:53.990,1.7441,0.0800,-12.0557
2026-05-09T12:14:54.005,1.7756,0.0800,-11.9951
2026-05-09T12:14:54.021,1.8064,0.0800,-11.9344
2026-05-09T12:14:54.037,1.8376,0.0800,-11.8713
2026-05-09T12:14:54.054,1.8686,0.0800,-11.8071
2026-05-09T12:14:54.069,1.9015,0.0800,-11.7373
2026-05-09T12:14:54.084,1.9329,0.0800,-11.6686
2026-05-09T12:14:54.098,1.9596,0.0800,-11.6089
2026-05-09T12:14:54.114,1.9879,0.0800,-11.5439
2026-05-09T12:14:54.129,2.0134,0.0800,-11.4837
2026-05-09T12:14:54.144,2.0446,0.0800,-11.4086
2026-05-09T12:14:54.159,2.0679,0.0800,-11.3509
2026-05-09T12:14:54.176,2.0937,0.0800,-11.2853
2026-05-09T12:14:54.192,2.1189,0.0800,-11.2196
2026-05-09T12:14:54.208,2.1472,0.0800,-11.1441
2026-05-09T12:14:54.224,2.1745,0.0800,-11.0693
2026-05-09T12:14:54.239,2.1991,0.0800,-11.0001
2026-05-09T12:14:54.254,2.2234,0.0800,-10.9297
2026-05-09T12:14:54.269,2.2474,0.0800,-10.8585
2026-05-09T12:14:54.283,2.2684,0.0800,-10.7944
2026-05-09T12:14:54.298,2.2892,0.0800,-10.7295
2026-05-09T12:14:54.314,2.3099,0.0800,-10.6631
2026-05-09T12:14:54.330,2.3302,0.0800,-10.5964
2026-05-09T12:14:54.347,2.3540,0.0800,-10.5161
2026-05-09T12:14:54.362,2.3739,0.0800,-10.4471
2026-05-09T12:14:54.377,2.3958,0.0800,-10.3684
2026-05-09T12:14:54.391,2.4135,0.0800,-10.3030
2026-05-09T12:14:54.405,2.4309,0.0800,-10.2366
2026-05-09T12:14:54.420,2.4479,0.0800,-10.1700
2026-05-09T12:14:54.436,2.4643,0.0800,-10.1036
2026-05-09T12:14:54.451,2.4805,0.0800,-10.0360
2026-05-09T12:14:54.467,2.4970,0.0800,-9.9646
2026-05-09T12:14:54.484,2.5139,0.0800,-9.8892
2026-05-09T12:14:54.501,2.5300,0.0800,-9.8148
2026-05-09T12:14:54.516,2.5461,0.0800,-9.7366
2026-05-09T12:14:54.532,2.5612,0.0800,-9.6604
2026-05-09T12:14:54.547,2.5748,0.0800,-9.5887
2026-05-09T12:14:54.561,2.5878,0.0800,-9.5170
2026-05-09T12:14:54.575,2.6012,0.0800,-9.4399
2026-05-09T12:14:54.590,2.6107,0.0800,-9.3825
2026-05-09T12:14:54.604,2.6217,0.0800,-9.3130
2026-05-09T12:14:54.623,2.6322,0.0800,-9.2442
2026-05-09T12:14:54.640,2.6423,0.0800,-9.1749
2026-05-09T12:14:54.657,2.6540,0.0800,-9.0900
2026-05-09T12:14:54.673,2.6653,0.0800,-9.0028
2026-05-09T12:14:54.688,2.6739,0.0800,-8.9311
2026-05-09T12:14:54.702,2.6828,0.0800,-8.8518
2026-05-09T12:14:54.719,2.6901,0.0800,-8.7816
2026-05-09T12:14:54.735,2.6967,0.0800,-8.7135
2026-05-09T12:14:54.752,2.7039,0.0800,-8.6326
2026-05-09T12:14:54.768,2.7099,0.0800,-8.5590
2026-05-09T12:14:54.784,2.7159,0.0800,-8.4765
2026-05-09T12:14:54.799,2.7208,0.0800,-8.4022
2026-05-09T12:14:54.815,2.7253,0.0800,-8.3256
2026-05-09T12:14:54.832,2.7291,0.0800,-8.2522
2026-05-09T12:14:54.848,2.7327,0.0800,-8.1735
2026-05-09T12:14:54.862,2.7363,0.0800,-8.0899
2026-05-09T12:14:54.877,2.7396,0.0800,-8.0110
2026-05-09T12:14:54.892,2.7427,0.0800,-7.9402
2026-05-09T12:14:54.908,2.7459,0.0800,-7.8655
2026-05-09T12:14:54.924,2.7492,0.0800,-7.7899
2026-05-09T12:14:54.942,2.7527,0.0800,-7.7109
2026-05-09T12:14:54.958,2.7563,0.0800,-7.6302
2026-05-09T12:14:54.977,2.7601,0.0800,-7.5442
2026-05-09T12:14:54.992,2.7638,0.0800,-7.4648
2026-05-09T12:14:55.009,2.7690,0.0800,-7.3638
2026-05-09T12:14:55.025,2.7727,0.0800,-7.3014
2026-05-09T12:14:55.042,2.7782,0.0800,-7.2160
2026-05-09T12:14:55.059,2.7835,0.0800,-7.1424
2026-05-09T12:14:55.077,2.7899,0.0800,-7.0610
2026-05-09T12:14:55.096,2.7965,0.0800,-6.9834
2026-05-09T12:14:55.113,2.8049,0.0800,-6.8946
2026-05-09T12:14:55.130,2.8140,0.0800,-6.8059
2026-05-09T12:14:55.146,2.8244,0.0800,-6.7138
2026-05-09T12:14:55.163,2.8325,0.0800,-6.6470
2026-05-09T12:14:55.180,2.8427,0.0800,-6.5688
2026-05-09T12:14:55.198,2.8539,0.0800,-6.4871
2026-05-09T12:14:55.217,2.8657,0.0800,-6.4072
2026-05-09T12:14:55.232,2.8786,0.0800,-6.3238
2026-05-09T12:14:55.248,2.8932,0.0800,-6.2356
2026-05-09T12:14:55.263,2.9047,0.0800,-6.1707
2026-05-09T12:14:55.279,2.9185,0.0800,-6.0966
2026-05-09T12:14:55.295,2.9302,0.0800,-6.0378
2026-05-09T12:14:55.312,2.9454,0.0800,-5.9651
2026-05-09T12:14:55.328,2.9606,0.0800,-5.8967
2026-05-09T12:14:55.346,2.9771,0.0800,-5.8266
2026-05-09T12:14:55.363,2.9942,0.0800,-5.7577
2026-05-09T12:14:55.379,3.0136,0.0800,-5.6844
2026-05-09T12:14:55.395,3.0335,0.0800,-5.6131
2026-05-09T12:14:55.411,3.0531,0.0800,-5.5471
2026-05-09T12:14:55.427,3.0723,0.0800,-5.4852
2026-05-09T12:14:55.445,3.0930,0.0800,-5.4208
2026-05-09T12:14:55.461,3.1152,0.0800,-5.3556
2026-05-09T12:14:55.477,3.1410,0.0800,-5.2829
2026-05-09T12:14:55.493,3.1630,0.0800,-5.2243
2026-05-09T12:14:55.508,3.1868,0.0800,-5.1631
2026-05-09T12:14:55.524,3.2105,0.0800,-5.1046
2026-05-09T12:14:55.542,3.2362,0.0800,-5.0436
2026-05-09T12:14:55.556,3.2609,0.0800,-4.9877
2026-05-09T12:14:55.572,3.2872,0.0800,-4.9257
2026-05-09T12:14:55.587,3.2873,0.0800,-4.8727
2026-05-09T12:14:55.602,3.2874,0.0800,-4.8162
2026-05-09T12:14:55.617,3.2874,0.0800,-4.7643
2026-05-09T12:14:55.631,3.2994,0.0800,-4.7089
2026-05-09T12:14:55.644,3.3273,0.0800,-4.6583
2026-05-09T12:14:55.658,3.3552,0.0800,-4.6090
2026-05-09T12:14:55.682,3.3803,0.0800,-4.5651
2026-05-09T12:14:55.696,3.4097,0.0800,-4.5165
2026-05-09T12:14:55.710,3.4614,0.0800,-4.4336
2026-05-09T12:14:55.723,3.4902,0.0800,-4.3898
2026-05-09T12:14:55.737,3.5214,0.0800,-4.3434
2026-05-09T12:14:55.752,3.5506,0.0800,-4.3012
2026-05-09T12:14:55.765,3.5835,0.0800,-4.2550
2026-05-09T12:14:55.779,3.6173,0.0800,-4.2089
2026-05-09T12:14:55.793,3.6492,0.0800,-4.1664
2026-05-09T12:14:55.807,3.6877,0.0800,-4.1165
2026-05-09T12:14:55.820,3.7205,0.0800,-4.0751
2026-05-09T12:14:55.834,3.7604,0.0800,-4.0257
2026-05-09T12:14:55.849,3.7969,0.0800,-3.9816
2026-05-09T12:14:55.863,3.8425,0.0800,-3.9274
2026-05-09T12:14:55.877,3.8903,0.0800,-3.8712
2026-05-09T12:14:55.891,3.9317,0.0800,-3.8229
2026-05-09T12:14:55.904,3.9767,0.0800,-3.7705
2026-05-09T12:14:55.919,4.0224,0.0800,-3.7172
2026-05-09T12:14:55.933,4.0670,0.0800,-3.6653
2026-05-09T12:14:55.947,4.1152,0.0800,-3.6091
2026-05-09T12:14:55.960,4.1581,0.0800,-3.5591
2026-05-09T12:14:55.975,4.2053,0.0800,-3.5040
2026-05-09T12:14:55.989,4.2477,0.0800,-3.4546
2026-05-09T12:14:56.002,4.2951,0.0800,-3.3993
2026-05-09T12:14:56.016,4.3417,0.0800,-3.3450
2026-05-09T12:14:56.030,4.3826,0.0800,-3.2972
2026-05-09T12:14:56.044,4.4303,0.0800,-3.2415
2026-05-09T12:14:56.058,4.4733,0.0800,-3.1913
2026-05-09T12:14:56.072,4.5159,0.0800,-3.1415
2026-05-09T12:14:56.086,4.5620,0.0800,-3.0870
2026-05-09T12:14:56.099,4.6055,0.0800,-3.0350
2026-05-09T12:14:56.113,4.6516,0.0800,-2.9794
2026-05-09T12:14:56.128,4.6876,0.0800,-2.9355
2026-05-09T12:14:56.141,4.7351,0.0800,-2.8768
2026-05-09T12:14:56.156,4.7754,0.0800,-2.8267
2026-05-09T12:14:56.169,4.8167,0.0800,-2.7746
2026-05-09T12:14:56.183,4.8596,0.0800,-2.7201
2026-05-09T12:14:56.197,4.9019,0.0800,-2.6664
2026-05-09T12:14:56.211,4.9455,0.0800,-2.6109
2026-05-09T12:14:56.225,4.9870,0.0800,-2.5583
2026-05-09T12:14:56.239,5.0302,0.0800,-2.5035
2026-05-09T12:14:56.253,5.0726,0.0800,-2.4496
2026-05-09T12:14:56.266,5.1157,0.0800,-2.3946
2026-05-09T12:14:56.280,5.1604,0.0800,-2.3378
2026-05-09T12:14:56.294,5.1997,0.0800,-2.2878
2026-05-09T12:14:56.308,5.2426,0.0800,-2.2331
2026-05-09T12:14:56.322,5.2849,0.0800,-2.1791
2026-05-09T12:14:56.336,5.3285,0.0800,-2.1237
2026-05-09T12:14:56.350,5.3699,0.0800,-2.0709
2026-05-09T12:14:56.363,5.4122,0.0800,-2.0169
2026-05-09T12:14:56.378,5.4559,0.0800,-1.9613
2026-05-09T12:14:56.392,5.4976,0.0800,-1.9081
2026-05-09T12:14:56.405,5.5421,0.0800,-1.8515
2026-05-09T12:14:56.419,5.5855,0.0800,-1.7962
2026-05-09T12:14:56.433,5.6263,0.0800,-1.7444
2026-05-09T12:14:56.447,5.6696,0.0800,-1.6892
2026-05-09T12:14:56.460,5.7107,0.0800,-1.6369
2026-05-09T12:14:56.475,5.7561,0.0800,-1.5791
2026-05-09T12:14:56.489,5.7964,0.0800,-1.5279
2026-05-09T12:14:56.503,5.8408,0.0800,-1.4713
2026-05-09T12:14:56.517,5.8853,0.0800,-1.4146
2026-05-09T12:14:56.531,5.9262,0.0800,-1.3627
2026-05-09T12:14:56.544,5.9743,0.0800,-1.3014
2026-05-09T12:14:56.559,6.0142,0.0800,-1.2506
2026-05-09T12:14:56.573,6.0545,0.0800,-1.1991
2026-05-09T12:14:56.587,6.1001,0.0800,-1.1410
2026-05-09T12:14:56.600,6.1426,0.0800,-1.0867
2026-05-09T12:14:56.614,6.1862,0.0800,-1.0311
2026-05-09T12:14:56.628,6.2269,0.0800,-0.9791
2026-05-09T12:14:56.642,6.2722,0.0800,-0.9213
2026-05-09T12:14:56.656,6.3146,0.0800,-0.8672
2026-05-09T12:14:56.670,6.3585,0.0800,-0.8112
2026-05-09T12:14:56.684,6.4008,0.0800,-0.7573
2026-05-09T12:14:56.698,6.4431,0.0800,-0.7035
2026-05-09T12:14:56.712,6.4862,0.0800,-0.6487
2026-05-09T12:14:56.726,6.5301,0.0800,-0.5928
2026-05-09T12:14:56.738,6.5745,0.0800,-0.5363
2026-05-09T12:14:56.757,6.6172,0.0800,-0.4820
2026-05-09T12:14:56.767,6.6536,0.0800,0.0631
2026-05-09T12:14:56.781,6.7136,0.0800,0.1396
2026-05-09T12:14:56.794,6.7426,0.0800,0.1766
2026-05-09T12:14:56.809,6.7865,0.0800,0.2327
2026-05-09T12:14:56.822,6.8248,0.0800,0.2815
2026-05-09T12:14:56.837,6.8684,0.0800,0.3372
2026-05-09T12:14:56.851,6.9092,0.0800,0.3893
2026-05-09T12:14:56.865,6.9523,0.0800,0.4439
2026-05-09T12:14:56.878,6.9968,0.0800,0.4995
2026-05-09T12:14:56.893,7.0372,0.0800,0.5496
2026-05-09T12:14:56.906,7.0772,0.0800,0.5986
2026-05-09T12:14:56.920,7.1248,0.0800,0.6563
2026-05-09T12:14:56.933,7.1669,0.0800,0.7069
2026-05-09T12:14:56.948,7.2115,0.0800,0.7599
2026-05-09T12:14:56.960,7.2514,0.0800,0.8068
2026-05-09T12:14:56.975,7.2988,0.0800,0.8620
2026-05-09T12:14:56.988,7.3361,0.0800,0.9050
2026-05-09T12:14:57.001,7.3840,0.0800,0.9597
2026-05-09T12:14:57.015,7.4277,0.0800,1.0091
2026-05-09T12:14:57.029,7.4689,0.0800,1.0552
2026-05-09T12:14:57.042,7.5184,0.0800,1.1101
2026-05-09T12:14:57.057,7.5612,0.0800,1.1572
2026-05-09T12:14:57.071,7.6049,0.0800,1.2046
2026-05-09T12:14:57.084,7.6532,0.0800,1.2567
2026-05-09T12:14:57.098,7.6999,0.0800,1.3067
2026-05-09T12:14:57.113,7.7450,0.0800,1.3544
2026-05-09T12:14:57.127,7.7916,0.0800,1.4032
2026-05-09T12:14:57.141,7.8430,0.0800,1.4565
2026-05-09T12:14:57.156,7.8876,0.0800,1.5023
2026-05-09T12:14:57.172,7.9371,0.0800,1.5526
2026-05-09T12:14:57.188,7.9884,0.0800,1.6048
2026-05-09T12:14:57.206,8.0107,0.0800,1.6274
2026-05-09T12:14:57.224,8.0236,0.0800,1.6406
2026-05-09T12:14:57.512,8.0397,0.0800,1.6568
2026-05-09T12:14:57.527,8.0954,0.0800,1.7130
2026-05-09T12:14:57.541,8.1548,0.0800,1.7730
2026-05-09T12:14:57.556,8.2025,0.0800,1.8211
2026-05-09T12:14:57.571,8.2546,0.0800,1.8737
2026-05-09T12:14:57.586,8.3052,0.0800,1.9248
2026-05-09T12:14:57.600,8.3580,0.0800,1.9782
2026-05-09T12:14:57.616,8.4115,0.0800,2.0323
2026-05-09T12:14:57.629,8.4604,0.0800,2.0817
2026-05-09T12:14:57.643,8.5149,0.0800,2.1368
2026-05-09T12:14:57.668,8.5610,0.0800,2.1834
2026-05-09T12:14:57.682,8.6065,0.0800,2.2295
2026-05-09T12:14:57.696,8.6878,0.0800,2.3127
2026-05-09T12:14:57.710,8.7359,0.0800,2.3635
2026-05-09T12:14:57.724,8.7756,0.0800,2.4062
2026-05-09T12:14:57.738,8.8183,0.0800,2.4527
2026-05-09T12:14:57.752,8.8587,0.0800,2.4978
2026-05-09T12:14:57.766,8.9001,0.0800,2.5448
2026-05-09T12:14:57.779,8.9404,0.0800,2.5917
2026-05-09T12:14:57.793,8.9771,0.0800,2.6351
2026-05-09T12:14:57.808,9.0149,0.0800,2.6810
2026-05-09T12:14:57.821,9.0527,0.0800,2.7277
2026-05-09T12:14:57.835,9.0925,0.0800,2.7781
2026-05-09T12:14:57.849,9.1268,0.0800,2.8225
2026-05-09T12:14:57.862,9.1641,0.0800,2.8720
2026-05-09T12:14:57.876,9.2003,0.0800,2.9209
2026-05-09T12:14:57.890,9.2334,0.0800,2.9668
2026-05-09T12:14:57.903,9.2696,0.0800,3.0181
2026-05-09T12:14:57.918,9.3019,0.0800,3.0649
2026-05-09T12:14:57.931,9.3339,0.0800,3.1123
2026-05-09T12:14:57.945,9.3691,0.0800,3.1658
2026-05-09T12:14:57.959,9.3993,0.0800,3.2129
2026-05-09T12:14:57.973,9.4322,0.0800,3.2653
2026-05-09T12:14:57.987,9.4620,0.0800,3.3140
2026-05-09T12:14:58.000,9.4915,0.0800,3.3637
2026-05-09T12:14:58.015,9.5213,0.0800,3.4148
2026-05-09T12:14:58.029,9.5489,0.0800,3.4637
2026-05-09T12:14:58.043,9.5803,0.0800,3.5210
2026-05-09T12:14:58.057,9.6054,0.0800,3.5680
2026-05-09T12:14:58.070,9.6319,0.0800,3.6191
2026-05-09T12:14:58.084,9.6567,0.0800,3.6687
2026-05-09T12:14:58.098,9.6802,0.0800,3.7170
2026-05-09T12:14:58.114,9.7037,0.0800,3.7670
2026-05-09T12:14:58.129,9.7273,0.0800,3.8192
2026-05-09T12:14:58.144,9.7527,0.0800,3.8778
2026-05-09T12:14:58.158,9.7732,0.0800,3.9267
2026-05-09T12:14:58.173,9.7943,0.0800,3.9798
2026-05-09T12:14:58.188,9.8136,0.0800,4.0307
2026-05-09T12:14:58.202,9.8316,0.0800,4.0804
2026-05-09T12:14:58.218,9.8465,0.0800,4.1235
2026-05-09T12:14:58.234,9.8603,0.0800,4.1665
2026-05-09T12:14:58.250,9.8739,0.0800,4.2118
2026-05-09T12:14:58.265,9.8856,0.0800,4.2536
2026-05-09T12:14:58.280,9.8982,0.0800,4.3016
2026-05-09T12:14:58.295,9.9075,0.0800,4.3411
2026-05-09T12:14:58.311,9.9173,0.0800,4.3865
2026-05-09T12:14:58.324,9.9254,0.0800,4.4278
2026-05-09T12:14:58.339,9.9332,0.0800,4.4715
2026-05-09T12:14:58.354,9.9391,0.0800,4.5099
2026-05-09T12:14:58.371,9.9450,0.0800,4.5534
2026-05-09T12:14:58.388,9.9499,0.0800,4.5958
2026-05-09T12:14:58.406,9.9549,0.0800,4.6472
2026-05-09T12:14:58.423,9.9585,0.0800,4.6948
2026-05-09T12:14:58.439,9.9615,0.0800,4.7512
2026-05-09T12:14:58.454,9.9633,0.0800,4.8106
2026-05-09T12:14:58.470,9.9640,0.0800,4.8691
2026-05-09T12:14:58.486,9.9637,0.0800,4.9292
2026-05-09T12:14:58.502,9.9626,0.0800,4.9944
2026-05-09T12:14:58.517,9.9604,0.0800,5.0608
2026-05-09T12:14:58.532,9.9571,0.0800,5.1306
2026-05-09T12:14:58.548,9.9532,0.0800,5.1961
2026-05-09T12:14:58.564,9.9488,0.0800,5.2588
2026-05-09T12:14:58.582,9.9430,0.0800,5.3296
2026-05-09T12:14:58.598,9.9364,0.0800,5.4003
2026-05-09T12:14:58.617,9.9281,0.0800,5.4778
2026-05-09T12:14:58.633,9.9197,0.0800,5.5470
2026-05-09T12:14:58.650,9.9088,0.0800,5.6281
2026-05-09T12:14:58.666,9.8984,0.0800,5.6978
2026-05-09T12:14:58.681,9.8859,0.0800,5.7752
2026-05-09T12:14:58.697,9.8756,0.0800,5.8340
2026-05-09T12:14:58.714,9.8637,0.0800,5.8968
2026-05-09T12:14:58.730,9.8525,0.0800,5.9505
2026-05-09T12:14:58.746,9.8417,0.0800,5.9991
2026-05-09T12:14:58.763,9.8328,0.0800,6.0355
2026-05-09T12:14:58.781,9.8263,0.0800,6.0589
2026-05-09T12:14:58.799,9.8218,0.0800,6.0736
2026-05-09T12:14:58.818,9.8225,0.0800,6.0709
2026-05-09T12:14:58.834,9.8278,0.0800,6.0554
2026-05-09T12:14:58.852,9.8379,0.0800,6.0287
2026-05-09T12:14:58.868,9.8475,0.0800,6.0052
2026-05-09T12:14:58.885,9.8624,0.0800,5.9716
2026-05-09T12:14:58.903,9.8794,0.0800,5.9362
2026-05-09T12:14:58.921,9.8999,0.0800,5.8953
2026-05-09T12:14:58.939,9.9244,0.0800,5.8492
2026-05-09T12:14:58.957,9.9544,0.0800,5.7958
2026-05-09T12:14:58.975,9.9883,0.0800,5.7385
2026-05-09T12:14:58.992,10.0238,0.0800,5.6809
2026-05-09T12:14:59.008,10.0636,0.0800,5.6189
2026-05-09T12:14:59.025,10.1033,0.0800,5.5592
2026-05-09T12:14:59.044,10.1467,0.0800,5.4959
2026-05-09T12:14:59.062,10.1905,0.0800,5.4337
2026-05-09T12:14:59.081,10.2418,0.0800,5.3622
2026-05-09T12:14:59.098,10.2916,0.0800,5.2945
2026-05-09T12:14:59.115,10.3460,0.0800,5.2221
2026-05-09T12:14:59.131,10.3931,0.0800,5.1607
2026-05-09T12:14:59.146,10.4444,0.0800,5.0952
2026-05-09T12:14:59.163,10.4873,0.0800,5.0416
2026-05-09T12:14:59.181,10.5341,0.0800,4.9841
2026-05-09T12:14:59.199,10.5848,0.0800,4.9229
2026-05-09T12:14:59.216,10.6418,0.0800,4.8555
2026-05-09T12:14:59.233,10.6903,0.0800,4.7992
2026-05-09T12:14:59.250,10.7390,0.0800,4.7439
2026-05-09T12:14:59.265,10.7876,0.0800,4.6903
2026-05-09T12:14:59.282,10.8333,0.0800,4.6415
2026-05-09T12:14:59.298,10.8709,0.0800,4.6026
2026-05-09T12:14:59.314,10.9143,0.0800,4.5589
2026-05-09T12:14:59.330,10.9546,0.0800,4.5198
2026-05-09T12:14:59.346,10.9997,0.0800,4.4775
2026-05-09T12:14:59.361,11.0354,0.0800,4.4456
2026-05-09T12:14:59.377,11.0760,0.0800,4.4103
2026-05-09T12:14:59.392,11.1137,0.0800,4.3788
2026-05-09T12:14:59.408,11.1533,0.0800,4.3469
2026-05-09T12:14:59.423,11.1934,0.0800,4.3158
2026-05-09T12:14:59.440,11.2346,0.0800,4.2853
2026-05-09T12:14:59.457,11.2717,0.0800,4.2587
2026-05-09T12:14:59.476,11.3176,0.0800,4.2271
2026-05-09T12:14:59.491,11.3601,0.0800,4.1992
2026-05-09T12:14:59.507,11.3820,0.0800,4.1688
2026-05-09T12:14:59.523,11.3818,0.0800,4.1454
2026-05-09T12:14:59.542,11.3818,0.0800,4.1214
2026-05-09T12:14:59.560,11.3817,0.0800,4.1000
2026-05-09T12:14:59.576,11.3815,0.0800,4.0777
2026-05-09T12:14:59.592,11.3813,0.0800,4.0596
2026-05-09T12:14:59.608,11.3811,0.0800,4.0480
2026-05-09T12:14:59.625,11.3809,0.0800,4.0380
2026-05-09T12:14:59.643,11.3809,0.0800,4.0280
2026-05-09T12:14:59.659,11.3807,0.0800,4.0195
2026-05-09T12:14:59.674,11.3806,0.0800,4.0106
2026-05-09T12:14:59.691,11.3804,0.0800,4.0038
2026-05-09T12:14:59.709,11.3802,0.0800,3.9968
2026-05-09T12:14:59.724,11.3801,0.0800,3.9905
2026-05-09T12:14:59.740,11.3800,0.0800,3.9844
2026-05-09T12:14:59.756,11.3799,0.0800,3.9798
2026-05-09T12:14:59.771,11.3797,0.0800,3.9755
2026-05-09T12:14:59.788,11.3796,0.0800,3.9718
2026-05-09T12:14:59.804,11.3794,0.0800,3.9689
2026-05-09T12:14:59.821,11.3794,0.0800,3.9666
2026-05-09T12:14:59.838,11.3793,0.0800,3.9648
2026-05-09T12:14:59.853,11.3792,0.0800,3.9635
2026-05-09T12:14:59.868,11.3790,0.0800,3.9633
2026-05-09T12:14:59.884,11.3789,0.0800,3.9631
2026-05-09T12:14:59.918,11.3788,0.0800,3.9629
2026-05-09T12:14:59.934,11.3786,0.0800,3.9640
2026-05-09T12:14:59.951,11.3785,0.0800,3.9654
2026-05-09T12:14:59.966,11.3784,0.0800,3.9671
2026-05-09T12:14:59.982,11.3784,0.0800,3.9694
2026-05-09T12:14:59.997,11.3783,0.0800,3.9714
2026-05-09T12:15:00.013,11.3782,0.0800,3.9731
2026-05-09T12:15:00.028,11.3781,0.0800,3.9743
2026-05-09T12:15:00.043,11.3749,0.0800,3.9733
2026-05-09T12:15:00.059,11.3631,0.0800,3.9701
2026-05-09T12:15:00.073,11.3422,0.0800,3.9637
2026-05-09T12:15:00.088,11.3044,0.0800,3.9514
2026-05-09T12:15:00.102,11.2615,0.0800,3.9366
2026-05-09T12:15:00.117,11.2066,0.0800,3.9167
2026-05-09T12:15:00.133,11.1492,0.0800,3.8949
2026-05-09T12:15:00.150,11.0800,0.0800,3.8678
2026-05-09T12:15:00.167,11.0112,0.0800,3.8401
2026-05-09T12:15:00.183,10.9392,0.0800,3.8103
2026-05-09T12:15:00.198,10.8715,0.0800,3.7814
2026-05-09T12:15:00.213,10.7968,0.0800,3.7487
2026-05-09T12:15:00.228,10.7347,0.0800,3.7209
2026-05-09T12:15:00.242,10.6676,0.0800,3.6902
2026-05-09T12:15:00.258,10.6061,0.0800,3.6617
2026-05-09T12:15:00.273,10.5422,0.0800,3.6316
2026-05-09T12:15:00.288,10.4707,0.0800,3.5979
2026-05-09T12:15:00.305,10.4020,0.0800,3.5656
2026-05-09T12:15:00.323,10.3323,0.0800,3.5330
2026-05-09T12:15:00.338,10.2566,0.0800,3.4975
2026-05-09T12:15:00.353,10.1764,0.0800,3.4600
2026-05-09T12:15:00.368,10.1099,0.0800,3.4290
2026-05-09T12:15:00.383,10.0399,0.0800,3.3964
2026-05-09T12:15:00.399,9.9742,0.0800,3.3658
2026-05-09T12:15:00.415,9.9026,0.0800,3.3325
2026-05-09T12:15:00.430,9.8304,0.0800,3.2988
2026-05-09T12:15:00.444,9.7552,0.0800,3.2637
2026-05-09T12:15:00.459,9.6928,0.0800,3.2345
2026-05-09T12:15:00.473,9.6251,0.0800,3.2029
2026-05-09T12:15:00.488,9.5617,0.0800,3.1733
2026-05-09T12:15:00.503,9.4952,0.0800,3.1422
2026-05-09T12:15:00.518,9.4284,0.0800,3.1110
2026-05-09T12:15:00.533,9.3623,0.0800,3.0802
2026-05-09T12:15:00.548,9.2923,0.0800,3.0476
2026-05-09T12:15:00.563,9.2252,0.0800,3.0163
2026-05-09T12:15:00.578,9.1531,0.0800,2.9828
2026-05-09T12:15:00.591,9.0910,0.0800,2.9539
2026-05-09T12:15:00.605,9.0179,0.0800,2.9199
2026-05-09T12:15:00.619,8.9601,0.0800,2.8930
2026-05-09T12:15:00.634,8.8978,0.0800,2.8641
2026-05-09T12:15:00.650,8.8359,0.0800,2.8354
2026-05-09T12:15:00.664,8.7685,0.0800,2.8042
2026-05-09T12:15:00.680,8.6934,0.0800,2.7694
2026-05-09T12:15:00.694,8.6330,0.0800,2.7415
2026-05-09T12:15:00.709,8.6125,0.0800,2.6976
2026-05-09T12:15:00.722,8.5979,0.0800,2.6576
2026-05-09T12:15:00.737,8.5712,0.0800,2.6072
2026-05-09T12:15:00.751,8.5338,0.0800,2.5653
2026-05-09T12:15:00.765,8.4801,0.0800,2.5218
2026-05-09T12:15:00.779,8.4129,0.0800,2.4907
2026-05-09T12:15:00.793,8.3543,0.0800,2.4636
2026-05-09T12:15:00.807,8.2919,0.0800,2.4347
2026-05-09T12:15:00.820,8.2328,0.0800,2.4078
2026-05-09T12:15:00.835,8.1694,0.0800,2.3792
2026-05-09T12:15:00.849,8.1091,0.0800,2.3524
2026-05-09T12:15:00.862,8.0475,0.0800,2.3255
2026-05-09T12:15:00.877,7.9813,0.0800,2.2970
2026-05-09T12:15:00.891,7.9257,0.0800,2.2736
2026-05-09T12:15:00.905,7.8611,0.0800,2.2468
2026-05-09T12:15:00.919,7.7981,0.0800,2.2213
2026-05-09T12:15:00.932,7.7396,0.0800,2.1981
2026-05-09T12:15:00.946,7.6772,0.0800,2.1739
2026-05-09T12:15:00.960,7.6187,0.0800,2.1518
2026-05-09T12:15:00.975,7.5558,0.0800,2.1284
2026-05-09T12:15:00.989,7.4962,0.0800,2.1069
2026-05-09T12:15:01.002,7.4352,0.0800,2.0855
2026-05-09T12:15:01.016,7.3717,0.0800,2.0637
2026-05-09T12:15:01.030,7.3188,0.0800,2.0461
2026-05-09T12:15:01.043,7.2523,0.0800,2.0247
2026-05-09T12:15:01.057,7.1949,0.0800,2.0067
2026-05-09T12:15:01.072,7.1392,0.0800,1.9899
2026-05-09T12:15:01.086,7.0787,0.0800,1.9722
2026-05-09T12:15:01.099,7.0143,0.0800,1.9541
2026-05-09T12:15:01.113,6.9525,0.0800,1.9373
2026-05-09T12:15:01.128,6.8981,0.0800,1.9232
2026-05-09T12:15:01.141,6.8314,0.0800,1.9065
2026-05-09T12:15:01.155,6.7726,0.0800,1.8923
2026-05-09T12:15:01.169,6.7130,0.0800,1.8787
2026-05-09T12:15:01.183,6.6537,0.0800,1.8656
2026-05-09T12:15:01.197,6.5915,0.0800,1.8525
2026-05-09T12:15:01.211,6.5269,0.0800,1.8396
2026-05-09T12:15:01.224,6.4678,0.0800,1.8284
2026-05-09T12:15:01.239,6.4038,0.0800,1.8169
2026-05-09T12:15:01.253,6.3425,0.0800,1.8064
2026-05-09T12:15:01.266,6.2759,0.0800,1.7956
2026-05-09T12:15:01.280,6.2113,0.0800,1.7855
2026-05-09T12:15:01.295,6.1449,0.0800,1.7755
2026-05-09T12:15:01.308,6.0780,0.0800,1.7658
2026-05-09T12:15:01.322,6.0081,0.0800,1.7561
2026-05-09T12:15:01.336,5.9433,0.0800,1.7473
2026-05-09T12:15:01.349,5.8776,0.0800,1.7385
2026-05-09T12:15:01.363,5.8080,0.0800,1.7291
2026-05-09T12:15:01.377,5.7382,0.0800,1.7197
2026-05-09T12:15:01.391,5.6770,0.0800,1.7114
2026-05-09T12:15:01.405,5.6042,0.0800,1.7016
2026-05-09T12:15:01.419,5.5344,0.0800,1.6922
2026-05-09T12:15:01.433,5.4662,0.0800,1.6830
2026-05-09T12:15:01.447,5.3979,0.0800,1.6738
2026-05-09T12:15:01.461,5.3279,0.0800,1.6643
2026-05-09T12:15:01.475,5.2551,0.0800,1.6545
2026-05-09T12:15:01.489,5.1907,0.0800,1.6458
2026-05-09T12:15:01.502,5.1165,0.0800,1.6357
2026-05-09T12:15:01.517,5.0506,0.0800,1.6267
2026-05-09T12:15:01.531,4.9838,0.0800,1.6176
2026-05-09T12:15:01.544,4.9118,0.0800,1.6078
2026-05-09T12:15:01.558,4.8427,0.0800,1.5984
2026-05-09T12:15:01.572,4.7794,0.0800,1.5897
2026-05-09T12:15:01.586,4.7069,0.0800,1.5798
2026-05-09T12:15:01.599,4.6405,0.0800,1.5707
2026-05-09T12:15:01.613,4.5718,0.0800,1.5613
2026-05-09T12:15:01.628,4.5073,0.0800,1.5525
2026-05-09T12:15:01.642,4.4327,0.0800,1.5422
2026-05-09T12:15:01.655,4.3617,0.0800,1.5325
2026-05-09T12:15:01.669,4.2957,0.0800,1.5234
2026-05-09T12:15:01.682,4.2269,0.0800,1.5140
2026-05-09T12:15:01.696,4.1589,0.0800,1.5047
2026-05-09T12:15:01.710,4.0925,0.0800,1.4956
2026-05-09T12:15:01.724,4.0257,0.0800,1.4864
2026-05-09T12:15:01.739,3.9546,0.0800,1.4767
2026-05-09T12:15:01.753,3.8874,0.0800,1.4675
2026-05-09T12:15:01.766,3.8148,0.0800,1.4576
2026-05-09T12:15:01.780,3.7470,0.0800,1.4483
2026-05-09T12:15:01.794,3.6807,0.0800,1.4392
2026-05-09T12:15:01.808,3.6110,0.0800,1.4297
2026-05-09T12:15:01.821,3.5383,0.0800,1.4197
2026-05-09T12:15:01.836,3.4709,0.0800,1.4104
2026-05-09T12:15:01.850,3.4064,0.0800,1.4015
2026-05-09T12:15:01.863,3.3349,0.0800,1.3917
2026-05-09T12:15:01.877,3.2618,0.0800,1.3816
2026-05-09T12:15:01.892,3.2012,0.0800,1.3732
2026-05-09T12:15:01.905,3.1295,0.0800,1.3633
2026-05-09T12:15:01.918,3.0569,0.0800,1.3533
2026-05-09T12:15:01.932,2.9945,0.0800,1.3448
2026-05-09T12:15:01.946,2.9263,0.0800,1.3354
2026-05-09T12:15:01.960,2.8567,0.0800,1.3259
2026-05-09T12:15:01.975,2.7839,0.0800,1.3159
2026-05-09T12:15:01.989,2.7181,0.0800,1.3069
2026-05-09T12:15:02.002,2.6465,0.0800,1.2971
2026-05-09T12:15:02.016,2.5806,0.0800,1.2881
2026-05-09T12:15:02.029,2.5138,0.0800,1.2789
2026-05-09T12:15:02.043,2.4412,0.0800,1.2689
2026-05-09T12:15:02.057,2.3806,0.0800,1.2606
2026-05-09T12:15:02.072,2.3126,0.0800,1.2512
2026-05-09T12:15:02.086,2.2450,0.0800,1.2419
2026-05-09T12:15:02.099,2.1742,0.0800,1.2321
2026-05-09T12:15:02.113,2.1064,0.0800,1.2227
2026-05-09T12:15:02.127,2.0422,0.0800,1.2139
2026-05-09T12:15:02.141,1.9671,0.0800,1.2035
2026-05-09T12:15:02.155,1.9053,0.0800,1.1950
2026-05-09T12:15:02.169,1.8378,0.0800,1.1857
2026-05-09T12:15:02.183,1.7698,0.0800,1.1767
2026-05-09T12:15:02.197,1.7032,0.0800,1.1682
2026-05-09T12:15:02.211,1.6322,0.0800,1.1594
2026-05-09T12:15:02.224,1.5678,0.0800,1.1518
2026-05-09T12:15:02.238,1.4990,0.0800,1.1439
2026-05-09T12:15:02.252,1.4315,0.0800,1.1365
2026-05-09T12:15:02.266,1.3644,0.0800,1.1295
2026-05-09T12:15:02.280,1.2955,0.0800,1.1226
2026-05-09T12:15:02.295,1.2306,0.0800,1.1163
2026-05-09T12:15:02.307,1.1603,0.0800,1.1099
2026-05-09T12:15:02.322,1.0921,0.0800,1.1040
2026-05-09T12:15:02.336,1.0276,0.0800,1.0987
2026-05-09T12:15:02.350,0.9541,0.0800,1.0926
2026-05-09T12:15:02.363,0.8888,0.0800,1.0872
2026-05-09T12:15:02.377,0.8192,0.0800,1.0814
2026-05-09T12:15:02.391,0.7561,0.0800,1.0761
2026-05-09T12:15:02.405,0.6857,0.0800,1.0702
2026-05-09T12:15:02.419,0.6161,0.0800,1.0644
2026-05-09T12:15:02.433,0.5527,0.0800,1.0591
2026-05-09T12:15:02.447,0.4844,0.0800,1.0535
2026-05-09T12:15:02.460,0.4131,0.0800,1.0476
2026-05-09T12:15:02.475,0.3426,0.0800,1.0418
2026-05-09T12:15:02.488,0.2816,0.0800,1.0368
2026-05-09T12:15:02.502,0.2074,0.0800,1.0307
2026-05-09T12:15:02.516,0.1443,0.0800,1.0255
2026-05-09T12:15:02.530,0.0786,0.0800,1.0201
2026-05-09T12:15:02.543,0.0036,0.0800,1.0139
2026-05-09T12:15:02.557,-0.0594,0.0800,1.0087
2026-05-09T12:15:02.572,-0.1230,0.0800,1.0034
2026-05-09T12:15:02.586,-0.1928,0.0800,0.9976
2026-05-09T12:15:02.599,-0.2657,0.0800,0.9915
2026-05-09T12:15:02.613,-0.3366,0.0800,0.9856
2026-05-09T12:15:02.627,-0.3959,0.0800,0.9806
2026-05-09T12:15:02.641,-0.4697,0.0800,0.9744
2026-05-09T12:15:02.655,-0.5330,0.0800,0.9691
2026-05-09T12:15:02.669,-0.6008,0.0800,0.9635
2026-05-09T12:15:02.682,-0.6727,0.0800,0.9579
2026-05-09T12:15:02.697,-0.7160,0.0800,0.9546
2026-05-09T12:15:02.711,-0.7418,0.0800,0.9527
2026-05-09T12:15:02.724,-0.7486,0.0800,0.9522
2026-05-09T12:15:02.780,-0.7473,0.0800,0.9523
2026-05-09T12:15:02.794,-0.7416,0.0800,0.9528
2026-05-09T12:15:02.808,-0.7211,0.0800,0.9543
2026-05-09T12:15:02.821,-0.6877,0.0800,0.9566
2026-05-09T12:15:02.835,-0.6546,0.0800,0.9580
2026-05-09T12:15:02.850,-0.6242,0.0800,0.9589
2026-05-09T12:15:02.863,-0.5904,0.0800,0.9592
2026-05-09T12:15:02.878,-0.5560,0.0800,0.9588
2026-05-09T12:15:02.892,-0.5246,0.0800,0.9579
2026-05-09T12:15:02.905,-0.4910,0.0800,0.9564
2026-05-09T12:15:02.919,-0.4573,0.0800,0.9542
2026-05-09T12:15:02.933,-0.4254,0.0800,0.9513
2026-05-09T12:15:02.947,-0.3942,0.0800,0.9480
2026-05-09T12:15:02.961,-0.3612,0.0800,0.9439
2026-05-09T12:15:02.975,-0.3264,0.0800,0.9388
2026-05-09T12:15:02.989,-0.2963,0.0800,0.9338
2026-05-09T12:15:03.002,-0.2624,0.0800,0.9275
2026-05-09T12:15:03.016,-0.2296,0.0800,0.9206
2026-05-09T12:15:03.030,-0.2002,0.0800,0.9139
2026-05-09T12:15:03.044,-0.1665,0.0800,0.9057
2026-05-09T12:15:03.059,-0.1361,0.0800,0.8974
2026-05-09T12:15:03.072,-0.1038,0.0800,0.8882
2026-05-09T12:15:03.086,-0.0690,0.0800,0.8775
2026-05-09T12:15:03.099,-0.0391,0.0800,0.8677
2026-05-09T12:15:03.114,-0.0084,0.0800,0.8568
2026-05-09T12:15:03.127,0.0203,0.0800,0.8461
2026-05-09T12:15:03.140,0.0540,0.0800,0.8330
2026-05-09T12:15:03.156,0.0834,0.0800,0.8206
2026-05-09T12:15:03.170,0.1121,0.0800,0.8080
2026-05-09T12:15:03.183,0.1452,0.0800,0.7928
2026-05-09T12:15:03.197,0.1758,0.0800,0.7778
2026-05-09T12:15:03.211,0.2051,0.0800,0.7628
2026-05-09T12:15:03.225,0.2325,0.0800,0.7482
2026-05-09T12:15:03.239,0.2626,0.0800,0.7312
2026-05-09T12:15:03.253,0.2898,0.0800,0.7153
2026-05-09T12:15:03.267,0.3191,0.0800,0.6974
2026-05-09T12:15:03.280,0.3477,0.0800,0.6792
2026-05-09T12:15:03.295,0.3743,0.0800,0.6613
2026-05-09T12:15:03.308,0.4002,0.0800,0.6433
2026-05-09T12:15:03.322,0.4262,0.0800,0.6245
2026-05-09T12:15:03.336,0.4505,0.0800,0.6060
2026-05-09T12:15:03.350,0.4728,0.0800,0.5885
2026-05-09T12:15:03.363,0.4954,0.0800,0.5700
2026-05-09T12:15:03.377,0.5174,0.0800,0.5511
2026-05-09T12:15:03.392,0.5355,0.0800,0.5350
2026-05-09T12:15:03.405,0.5550,0.0800,0.5172
2026-05-09T12:15:03.419,0.5723,0.0800,0.5007
2026-05-09T12:15:03.433,0.5862,0.0800,0.4865
2026-05-09T12:15:03.447,0.6014,0.0800,0.4708
2026-05-09T12:15:03.461,0.6152,0.0800,0.4559
2026-05-09T12:15:03.475,0.6304,0.0800,0.4386
2026-05-09T12:15:03.489,0.6416,0.0800,0.4253
2026-05-09T12:15:03.502,0.6546,0.0800,0.4093
2026-05-09T12:15:03.517,0.6668,0.0800,0.3934
2026-05-09T12:15:03.530,0.6779,0.0800,0.3785
2026-05-09T12:15:03.543,0.6902,0.0800,0.3613
2026-05-09T12:15:03.558,0.7002,0.0800,0.3462
2026-05-09T12:15:03.571,0.7107,0.0800,0.3301
2026-05-09T12:15:03.585,0.7214,0.0800,0.3131
2026-05-09T12:15:03.598,0.7312,0.0800,0.2967
2026-05-09T12:15:03.612,0.7410,0.0800,0.2790
2026-05-09T12:15:03.626,0.7494,0.0800,0.2636
2026-05-09T12:15:03.639,0.7589,0.0800,0.2451
2026-05-09T12:15:03.654,0.7668,0.0800,0.2285
2026-05-09T12:15:03.667,0.7748,0.0800,0.2113
2026-05-09T12:15:03.682,0.7829,0.0800,0.1929
2026-05-09T12:15:03.698,0.7899,0.0800,0.1755
2026-05-09T12:15:03.714,0.7976,0.0800,0.1558
2026-05-09T12:15:03.729,0.8049,0.0800,0.1357
2026-05-09T12:15:03.744,0.8122,0.0800,0.1261
2026-05-09T12:15:03.758,0.8174,0.0800,0.1261
2026-05-09T12:15:03.773,0.8225,0.0800,0.1260
2026-05-09T12:15:03.787,0.8270,0.0800,0.1260
2026-05-09T12:15:03.802,0.8312,0.0800,0.1260
2026-05-09T12:15:03.817,0.8344,0.0800,0.1260
2026-05-09T12:15:03.832,0.8375,0.0800,0.1260
2026-05-09T12:15:03.846,0.8401,0.0800,0.1260
2026-05-09T12:15:03.860,0.8422,0.0800,0.1260
2026-05-09T12:15:03.874,0.8438,0.0800,0.1260
2026-05-09T12:15:03.888,0.8450,0.0800,0.1259
2026-05-09T12:15:03.903,0.8452,0.0800,0.1259
2026-05-09T12:15:03.935,0.8454,0.0800,0.1258
2026-05-09T12:15:03.949,0.8456,0.0800,0.1258
2026-05-09T12:15:03.962,0.8458,0.0800,0.1257
2026-05-09T12:15:03.992,0.8460,0.0800,0.1257
2026-05-09T12:15:04.008,0.8462,0.0800,0.1256
2026-05-09T12:15:04.023,0.8463,0.0800,0.1255
2026-05-09T12:15:04.054,0.8466,0.0800,0.1255
2026-05-09T12:15:04.068,0.8468,0.0800,0.1254
2026-05-09T12:15:04.082,0.8470,0.0800,0.1253
2026-05-09T12:15:04.111,0.8471,0.0800,0.1252
2026-05-09T12:15:04.126,0.8473,0.0800,0.1251
2026-05-09T12:15:04.140,0.8481,0.0800,0.1268
2026-05-09T12:15:04.155,0.8488,0.0800,0.1291
2026-05-09T12:15:04.170,0.8503,0.0800,0.1327
2026-05-09T12:15:04.184,0.8520,0.0800,0.1365
2026-05-09T12:15:04.198,0.8541,0.0800,0.1415
2026-05-09T12:15:04.212,0.8566,0.0800,0.1466
2026-05-09T12:15:04.227,0.8595,0.0800,0.1524
2026-05-09T12:15:04.240,0.8627,0.0800,0.1582
2026-05-09T12:15:04.255,0.8661,0.0800,0.1648
2026-05-09T12:15:04.270,0.8700,0.0800,0.1713
2026-05-09T12:15:04.285,0.8743,0.0800,0.1783
2026-05-09T12:15:04.301,0.8790,0.0800,0.1861
2026-05-09T12:15:04.317,0.8844,0.0800,0.1941
2026-05-09T12:15:04.332,0.8911,0.0800,0.2035
2026-05-09T12:15:04.347,0.8986,0.0800,0.2135
2026-05-09T12:15:04.361,0.9065,0.0800,0.2237
2026-05-09T12:15:04.375,0.9161,0.0800,0.2359
2026-05-09T12:15:04.389,0.9247,0.0800,0.2462
2026-05-09T12:15:04.402,0.9371,0.0800,0.2605
2026-05-09T12:15:04.416,0.9525,0.0800,0.2778
2026-05-09T12:15:04.429,0.9714,0.0800,0.2982
2026-05-09T12:15:04.443,0.9957,0.0800,0.3235
2026-05-09T12:15:04.457,1.0204,0.0800,0.3487
2026-05-09T12:15:04.470,1.0503,0.0800,0.3780
2026-05-09T12:15:04.484,1.0851,0.0800,0.4110
2026-05-09T12:15:04.497,1.1209,0.0800,0.4441
2026-05-09T12:15:04.511,1.1592,0.0800,0.4784
2026-05-09T12:15:04.524,1.1964,0.0800,0.5106
2026-05-09T12:15:04.537,1.2412,0.0800,0.5484
2026-05-09T12:15:04.555,1.2804,0.0800,0.5808
2026-05-09T12:15:04.570,1.3230,0.0800,0.6149
2026-05-09T12:15:04.584,1.3857,0.0800,0.6641
2026-05-09T12:15:04.598,1.4320,0.0800,0.6993
2026-05-09T12:15:04.612,1.4805,0.0800,0.7354
2026-05-09T12:15:04.626,1.5332,0.0800,0.7736
2026-05-09T12:15:04.639,1.5816,0.0800,0.8080
2026-05-09T12:15:04.654,1.6323,0.0800,0.8435
2026-05-09T12:15:04.668,1.6836,0.0800,0.8784
2026-05-09T12:15:04.682,1.7378,0.0800,0.9147
2026-05-09T12:15:04.696,1.7909,0.0800,0.9496
2026-05-09T12:15:04.710,1.8447,0.0800,0.9840
2026-05-09T12:15:04.723,1.8967,0.0800,1.0166
2026-05-09T12:15:04.738,1.9514,0.0800,1.0503
2026-05-09T12:15:04.751,2.0035,0.0800,1.0817
2026-05-09T12:15:04.765,2.0584,0.0800,1.1140
2026-05-09T12:15:04.778,2.1132,0.0800,1.1457
2026-05-09T12:15:04.793,2.1665,0.0800,1.1758
2026-05-09T12:15:04.807,2.2205,0.0800,1.2057
2026-05-09T12:15:04.821,2.2774,0.0800,1.2365
2026-05-09T12:15:04.835,2.3348,0.0800,1.2670
2026-05-09T12:15:04.849,2.3895,0.0800,1.2953
2026-05-09T12:15:04.862,2.4480,0.0800,1.3249
2026-05-09T12:15:04.876,2.5083,0.0800,1.3548
2026-05-09T12:15:04.890,2.5581,0.0800,1.3789
2026-05-09T12:15:04.903,2.6150,0.0800,1.4058
2026-05-09T12:15:04.918,2.6675,0.0800,1.4300
2026-05-09T12:15:04.932,2.7221,0.0800,1.4546
2026-05-09T12:15:04.946,2.7822,0.0800,1.4807
2026-05-09T12:15:04.960,2.8317,0.0800,1.5016
2026-05-09T12:15:04.974,2.8871,0.0800,1.5242
2026-05-09T12:15:04.987,2.9366,0.0800,1.5436
2026-05-09T12:15:05.001,2.9898,0.0800,1.5637
2026-05-09T12:15:05.016,3.0452,0.0800,1.5838
2026-05-09T12:15:05.029,3.0866,0.0800,1.5980
2026-05-09T12:15:05.043,3.1452,0.0800,1.6173
2026-05-09T12:15:05.057,3.1893,0.0800,1.6312
2026-05-09T12:15:05.072,3.2402,0.0800,1.6463
2026-05-09T12:15:05.085,3.2902,0.0800,1.6605
2026-05-09T12:15:05.099,3.3439,0.0800,1.6748
2026-05-09T12:15:05.113,3.3971,0.0800,1.6883
2026-05-09T12:15:05.127,3.4448,0.0800,1.6996
2026-05-09T12:15:05.141,3.5002,0.0800,1.7120
2026-05-09T12:15:05.155,3.5508,0.0800,1.7227
2026-05-09T12:15:05.169,3.6015,0.0800,1.7325
2026-05-09T12:15:05.183,3.6567,0.0800,1.7425
2026-05-09T12:15:05.196,3.7076,0.0800,1.7510
2026-05-09T12:15:05.211,3.7612,0.0800,1.7591
2026-05-09T12:15:05.224,3.8107,0.0800,1.7658
2026-05-09T12:15:05.238,3.8661,0.0800,1.7727
2026-05-09T12:15:05.252,3.9176,0.0800,1.7782
2026-05-09T12:15:05.266,3.9698,0.0800,1.7830
2026-05-09T12:15:05.279,4.0230,0.0800,1.7872
2026-05-09T12:15:05.294,4.0748,0.0800,1.7906
2026-05-09T12:15:05.308,4.1273,0.0800,1.7933
2026-05-09T12:15:05.321,4.1813,0.0800,1.7952
2026-05-09T12:15:05.335,4.2355,0.0800,1.7965
2026-05-09T12:15:05.350,4.2865,0.0800,1.7969
2026-05-09T12:15:05.363,4.3397,0.0800,1.7966
2026-05-09T12:15:05.378,4.3943,0.0800,1.7956
2026-05-09T12:15:05.392,4.4467,0.0800,1.7937
2026-05-09T12:15:05.405,4.5016,0.0800,1.7910
2026-05-09T12:15:05.418,4.5564,0.0800,1.7876
2026-05-09T12:15:05.433,4.6114,0.0800,1.7835
2026-05-09T12:15:05.446,4.6710,0.0800,1.7784
2026-05-09T12:15:05.460,4.7370,0.0800,1.7721
2026-05-09T12:15:05.474,4.8053,0.0800,1.7652
2026-05-09T12:15:05.489,4.8697,0.0800,1.7581
2026-05-09T12:15:05.502,4.9375,0.0800,1.7504
2026-05-09T12:15:05.516,5.0094,0.0800,1.7423
2026-05-09T12:15:05.530,5.0711,0.0800,1.7352
2026-05-09T12:15:05.544,5.1476,0.0800,1.7265
2026-05-09T12:15:05.558,5.2127,0.0800,1.7190
2026-05-09T12:15:05.572,5.2799,0.0800,1.7113
2026-05-09T12:15:05.586,5.3461,0.0800,1.7037
2026-05-09T12:15:05.599,5.4157,0.0800,1.6957
2026-05-09T12:15:05.613,5.4851,0.0800,1.6877
2026-05-09T12:15:05.627,5.5473,0.0800,1.6805
2026-05-09T12:15:05.640,5.6210,0.0800,1.6721
2026-05-09T12:15:05.655,5.6848,0.0800,1.6648
2026-05-09T12:15:05.668,5.7513,0.0800,1.6573
2026-05-09T12:15:05.682,5.8217,0.0800,1.6493
2026-05-09T12:15:05.696,5.8902,0.0800,1.6415
2026-05-09T12:15:05.711,5.9574,0.0800,1.6339
2026-05-09T12:15:05.724,6.0264,0.0800,1.6261
2026-05-09T12:15:05.739,6.1022,0.0800,1.6175
2026-05-09T12:15:05.752,6.1662,0.0800,1.6102
2026-05-09T12:15:05.765,6.2372,0.0800,1.6022
2026-05-09T12:15:05.779,6.3015,0.0800,1.5948
2026-05-09T12:15:05.794,6.3697,0.0800,1.5871
2026-05-09T12:15:05.807,6.4371,0.0800,1.5794
2026-05-09T12:15:05.821,6.5102,0.0800,1.5711
2026-05-09T12:15:05.835,6.5774,0.0800,1.5634
2026-05-09T12:15:05.850,6.6449,0.0800,1.5557
2026-05-09T12:15:05.863,6.7141,0.0800,1.5479
2026-05-09T12:15:05.877,6.7838,0.0800,1.5403
2026-05-09T12:15:05.891,6.8445,0.0800,1.5342
2026-05-09T12:15:05.904,6.9093,0.0800,1.5283
2026-05-09T12:15:05.918,6.9700,0.0800,1.5232
2026-05-09T12:15:05.932,7.0325,0.0800,1.5186
2026-05-09T12:15:05.946,7.0953,0.0800,1.5145
2026-05-09T12:15:05.960,7.1552,0.0800,1.5113
2026-05-09T12:15:05.974,7.2155,0.0800,1.5086
2026-05-09T12:15:05.989,7.2738,0.0800,1.5067
2026-05-09T12:15:06.002,7.3345,0.0800,1.5055
2026-05-09T12:15:06.016,7.3955,0.0800,1.5049
2026-05-09T12:15:06.029,7.4513,0.0800,1.5051
2026-05-09T12:15:06.043,7.5029,0.0800,1.5060
2026-05-09T12:15:06.058,7.5558,0.0800,1.5075
2026-05-09T12:15:06.072,7.6095,0.0800,1.5097
2026-05-09T12:15:06.086,7.6659,0.0800,1.5128
2026-05-09T12:15:06.099,7.7198,0.0800,1.5166
2026-05-09T12:15:06.113,7.7718,0.0800,1.5209
2026-05-09T12:15:06.127,7.8209,0.0800,1.5257
2026-05-09T12:15:06.140,7.8760,0.0800,1.5319
2026-05-09T12:15:06.154,7.9281,0.0800,1.5385
2026-05-09T12:15:06.169,7.9745,0.0800,1.5452
2026-05-09T12:15:06.183,8.0280,0.0800,1.5536
2026-05-09T12:15:06.197,8.0819,0.0800,1.5628
2026-05-09T12:15:06.211,8.1352,0.0800,1.5729
2026-05-09T12:15:06.224,8.1834,0.0800,1.5827
2026-05-09T12:15:06.239,8.2363,0.0800,1.5942
2026-05-09T12:15:06.253,8.2854,0.0800,1.6056
2026-05-09T12:15:06.267,8.3368,0.0800,1.6184
2026-05-09T12:15:06.280,8.3892,0.0800,1.6322
2026-05-09T12:15:06.295,8.4380,0.0800,1.6458
2026-05-09T12:15:06.308,8.4887,0.0800,1.6608
2026-05-09T12:15:06.322,8.5368,0.0800,1.6757
2026-05-09T12:15:06.335,8.5860,0.0800,1.6917
2026-05-09T12:15:06.349,8.6294,0.0800,1.7067
2026-05-09T12:15:06.363,8.6760,0.0800,1.7235
2026-05-09T12:15:06.378,8.7230,0.0800,1.7412
2026-05-09T12:15:06.392,8.7673,0.0800,1.7587
2026-05-09T12:15:06.406,8.8170,0.0800,1.7792
2026-05-09T12:15:06.419,8.8627,0.0800,1.7990
2026-05-09T12:15:06.434,8.9054,0.0800,1.8182
2026-05-09T12:15:06.448,8.9488,0.0800,1.8386
2026-05-09T12:15:06.461,8.9936,0.0800,1.8605
2026-05-09T12:15:06.475,9.0409,0.0800,1.8845
2026-05-09T12:15:06.489,9.0801,0.0800,1.9053
2026-05-09T12:15:06.503,9.1240,0.0800,1.9294
2026-05-09T12:15:06.517,9.1662,0.0800,1.9533
2026-05-09T12:15:06.531,9.2054,0.0800,1.9765
2026-05-09T12:15:06.545,9.2497,0.0800,2.0036
2026-05-09T12:15:06.559,9.2898,0.0800,2.0289
2026-05-09T12:15:06.573,9.3281,0.0800,2.0540
2026-05-09T12:15:06.587,9.3693,0.0800,2.0819
2026-05-09T12:15:06.600,9.4087,0.0800,2.1096
2026-05-09T12:15:06.615,9.4484,0.0800,2.1383
2026-05-09T12:15:06.629,9.4826,0.0800,2.1639
2026-05-09T12:15:06.642,9.5247,0.0800,2.1965
2026-05-09T12:15:06.656,9.5612,0.0800,2.2257
2026-05-09T12:15:06.669,9.5973,0.0800,2.2556
2026-05-09T12:15:06.683,9.6328,0.0800,2.2861
2026-05-09T12:15:06.697,9.6676,0.0800,2.3169
2026-05-09T12:15:06.711,9.7023,0.0800,2.3486
2026-05-09T12:15:06.725,9.7380,0.0800,2.3823
2026-05-09T12:15:06.739,9.7721,0.0800,2.4157
2026-05-09T12:15:06.752,9.8046,0.0800,2.4483
2026-05-09T12:15:06.766,9.8372,0.0800,2.4822
2026-05-09T12:15:06.779,9.8697,0.0800,2.5172
2026-05-09T12:15:06.794,9.9002,0.0800,2.5509
2026-05-09T12:15:06.807,9.9309,0.0800,2.5859
2026-05-09T12:15:06.820,9.9622,0.0800,2.6229
2026-05-09T12:15:06.835,9.9924,0.0800,2.6594
2026-05-09T12:15:06.849,10.0209,0.0800,2.6953
2026-05-09T12:15:06.862,10.0518,0.0800,2.7355
2026-05-09T12:15:06.876,10.0798,0.0800,2.7729
2026-05-09T12:15:06.890,10.1064,0.0800,2.8098
2026-05-09T12:15:06.904,10.1332,0.0800,2.8484
2026-05-09T12:15:06.920,10.1602,0.0800,2.8882
2026-05-09T12:15:06.936,10.1872,0.0800,2.9298
2026-05-09T12:15:06.953,10.2158,0.0800,2.9756
2026-05-09T12:15:06.972,10.2438,0.0800,3.0224
2026-05-09T12:15:06.989,10.2734,0.0800,3.0740
2026-05-09T12:15:07.005,10.3047,0.0800,3.1312
2026-05-09T12:15:07.021,10.3310,0.0800,3.1816
2026-05-09T12:15:07.036,10.3560,0.0800,3.2323
2026-05-09T12:15:07.053,10.3785,0.0800,3.2802
2026-05-09T12:15:07.070,10.4006,0.0800,3.3296
2026-05-09T12:15:07.087,10.4234,0.0800,3.3831
2026-05-09T12:15:07.105,10.4446,0.0800,3.4355
2026-05-09T12:15:07.123,10.4658,0.0800,3.4914
2026-05-09T12:15:07.140,10.4870,0.0800,3.5511
2026-05-09T12:15:07.157,10.5057,0.0800,3.6076
2026-05-09T12:15:07.173,10.5233,0.0800,3.6648
2026-05-09T12:15:07.189,10.5386,0.0800,3.7189
2026-05-09T12:15:07.206,10.5533,0.0800,3.7746
2026-05-09T12:15:07.225,10.5668,0.0800,3.8302
2026-05-09T12:15:07.245,10.5794,0.0800,3.8873
2026-05-09T12:15:07.265,10.5919,0.0800,3.9507
2026-05-09T12:15:07.283,10.6041,0.0800,4.0204
2026-05-09T12:15:07.300,10.6136,0.0800,4.0842
2026-05-09T12:15:07.318,10.6211,0.0800,4.1444
2026-05-09T12:15:07.335,10.6275,0.0800,4.2059
2026-05-09T12:15:07.353,10.6324,0.0800,4.2660
2026-05-09T12:15:07.371,10.6360,0.0800,4.3259
2026-05-09T12:15:07.390,10.6383,0.0800,4.3865
2026-05-09T12:15:07.409,10.6393,0.0800,4.4488
2026-05-09T12:15:07.428,10.6391,0.0800,4.5125
2026-05-09T12:15:07.447,10.6372,0.0800,4.5804
2026-05-09T12:15:07.464,10.6339,0.0800,4.6429
2026-05-09T12:15:07.482,10.6291,0.0800,4.7081
2026-05-09T12:15:07.501,10.6236,0.0800,4.7658
2026-05-09T12:15:07.521,10.6163,0.0800,4.8283
2026-05-09T12:15:07.541,10.6079,0.0800,4.8895
2026-05-09T12:15:07.558,10.5967,0.0800,4.9598
2026-05-09T12:15:07.576,10.5848,0.0800,5.0247
2026-05-09T12:15:07.594,10.5725,0.0800,5.0840
2026-05-09T12:15:07.612,10.5582,0.0800,5.1466
2026-05-09T12:15:07.631,10.5442,0.0800,5.2023
2026-05-09T12:15:07.649,10.5286,0.0800,5.2601
2026-05-09T12:15:07.671,10.5111,0.0800,5.3202
2026-05-09T12:15:07.692,10.4914,0.0800,5.3827
2026-05-09T12:15:07.715,10.4684,0.0800,5.4506
2026-05-09T12:15:07.733,10.4431,0.0800,5.5197
2026-05-09T12:15:07.751,10.4135,0.0800,5.5945
2026-05-09T12:15:07.768,10.3906,0.0800,5.6483
2026-05-09T12:15:07.787,10.3660,0.0800,5.7033
2026-05-09T12:15:07.806,10.3408,0.0800,5.7568
2026-05-09T12:15:07.828,10.3107,0.0800,5.8172
2026-05-09T12:15:07.848,10.2807,0.0800,5.8746
2026-05-09T12:15:07.867,10.2433,0.0800,5.9425
2026-05-09T12:15:07.885,10.2074,0.0800,6.0041
2026-05-09T12:15:07.904,10.1757,0.0800,6.0558
2026-05-09T12:15:07.924,10.1407,0.0800,6.1106
2026-05-09T12:15:07.944,10.1056,0.0800,6.1629
2026-05-09T12:15:07.965,10.0658,0.0800,6.2198
2026-05-09T12:15:07.984,10.0276,0.0800,6.2717
2026-05-09T12:15:08.002,9.9911,0.0800,6.3187
2026-05-09T12:15:08.021,9.9574,0.0800,6.3598
2026-05-09T12:15:08.039,9.9275,0.0800,6.3943
2026-05-09T12:15:08.060,9.8944,0.0800,6.4309
2026-05-09T12:15:08.080,9.8619,0.0800,6.4650
2026-05-09T12:15:08.099,9.8281,0.0800,6.4987
2026-05-09T12:15:08.119,9.7901,0.0800,6.5346
2026-05-09T12:15:08.139,9.7510,0.0800,6.5696
2026-05-09T12:15:08.159,9.7026,0.0800,6.6110
2026-05-09T12:15:08.177,9.6481,0.0800,6.6554
2026-05-09T12:15:08.195,9.5880,0.0800,6.7030
2026-05-09T12:15:08.214,9.5270,0.0800,6.7502
2026-05-09T12:15:08.232,9.4697,0.0800,6.7939
2026-05-09T12:15:08.253,9.3920,0.0800,6.8523
2026-05-09T12:15:08.273,9.3209,0.0800,6.9057
2026-05-09T12:15:08.294,9.2437,0.0800,6.9684
2026-05-09T12:15:08.312,9.2437,0.0800,7.0274
2026-05-09T12:15:08.331,9.2437,0.0800,7.0871
2026-05-09T12:15:08.350,9.2436,0.0800,7.1438
2026-05-09T12:15:08.368,9.2436,0.0800,7.1985
2026-05-09T12:15:08.387,9.2436,0.0800,7.2547
2026-05-09T12:15:08.406,9.2259,0.0800,7.3220
2026-05-09T12:15:08.425,9.1859,0.0800,7.3909
2026-05-09T12:15:08.444,9.1170,0.0800,7.4532
2026-05-09T12:15:08.461,9.0439,0.0800,7.5083
2026-05-09T12:15:08.479,8.9664,0.0800,7.5668
2026-05-09T12:15:08.496,8.8988,0.0800,7.6178
2026-05-09T12:15:08.513,8.8273,0.0800,7.6717
2026-05-09T12:15:08.529,8.7665,0.0800,7.7167
2026-05-09T12:15:08.546,8.7010,0.0800,7.7642
2026-05-09T12:15:08.563,8.6424,0.0800,7.8056
2026-05-09T12:15:08.581,8.5845,0.0800,7.8456
2026-05-09T12:15:08.599,8.5545,0.0800,7.8956
2026-05-09T12:15:08.617,8.5089,0.0800,7.9438
2026-05-09T12:15:08.635,8.4537,0.0800,7.9778
2026-05-09T12:15:08.652,8.4108,0.0800,8.0047
2026-05-09T12:15:08.668,8.3705,0.0800,8.0272
2026-05-09T12:15:08.683,8.3411,0.0800,8.0428
2026-05-09T12:15:08.699,8.3162,0.0800,8.0553
2026-05-09T12:15:08.716,8.2989,0.0800,8.0634
2026-05-09T12:15:08.733,8.2907,0.0800,8.0668
2026-05-09T12:15:08.752,8.2919,0.0800,8.0661
2026-05-09T12:15:08.770,8.2982,0.0800,8.0635
2026-05-09T12:15:08.785,8.3142,0.0800,8.0575
2026-05-09T12:15:08.801,8.3377,0.0800,8.0500
2026-05-09T12:15:08.818,8.3665,0.0800,8.0413
2026-05-09T12:15:08.833,8.3979,0.0800,8.0327
2026-05-09T12:15:08.849,8.4374,0.0800,8.0228
2026-05-09T12:15:08.864,8.4731,0.0800,8.0148
2026-05-09T12:15:08.879,8.5152,0.0800,8.0064
2026-05-09T12:15:08.894,8.5535,0.0800,7.9995
2026-05-09T12:15:08.910,8.5975,0.0800,7.9924
2026-05-09T12:15:08.926,8.6393,0.0800,7.9865
2026-05-09T12:15:08.944,8.6879,0.0800,7.9808
2026-05-09T12:15:08.959,8.7400,0.0800,7.9754
2026-05-09T12:15:08.975,8.7987,0.0800,7.9706
2026-05-09T12:15:08.990,8.8486,0.0800,7.9675
2026-05-09T12:15:09.005,8.9031,0.0800,7.9651
2026-05-09T12:15:09.020,8.9527,0.0800,7.9640
2026-05-09T12:15:09.036,9.0008,0.0800,7.9637
2026-05-09T12:15:09.053,9.0530,0.0800,7.9642
2026-05-09T12:15:09.070,9.1049,0.0800,7.9657
2026-05-09T12:15:09.085,9.1604,0.0800,7.9683
2026-05-09T12:15:09.101,9.2119,0.0800,7.9719
2026-05-09T12:15:09.116,9.2526,0.0800,7.9756
2026-05-09T12:15:09.132,9.2929,0.0800,7.9799
2026-05-09T12:15:09.149,9.3206,0.0800,7.9834
2026-05-09T12:15:09.166,9.3438,0.0800,7.9868
2026-05-09T12:15:09.183,9.3690,0.0800,7.9913
2026-05-09T12:15:09.198,9.3887,0.0800,7.9951
2026-05-09T12:15:09.214,9.4067,0.0800,7.9991
2026-05-09T12:15:09.229,9.4168,0.0800,8.0015
2026-05-09T12:15:09.244,9.4258,0.0800,8.0038
2026-05-09T12:15:09.262,9.4292,0.0800,8.0049
2026-05-09T12:15:09.278,9.4319,0.0800,8.0056
2026-05-09T12:15:09.293,9.4333,0.0800,8.0059
2026-05-09T12:15:09.309,9.4333,0.0800,8.0057
2026-05-09T12:15:09.323,9.4332,0.0800,8.0054
2026-05-09T12:15:09.355,9.4332,0.0800,8.0052
2026-05-09T12:15:09.372,9.4332,0.0800,8.0050
2026-05-09T12:15:09.388,9.4322,0.0800,8.0042
2026-05-09T12:15:09.405,9.4301,0.0800,8.0028
2026-05-09T12:15:09.421,9.4274,0.0800,8.0011
2026-05-09T12:15:09.436,9.4228,0.0800,7.9979
2026-05-09T12:15:09.452,9.4161,0.0800,7.9930
2026-05-09T12:15:09.469,9.4070,0.0800,7.9862
2026-05-09T12:15:09.486,9.3979,0.0800,7.9790
2026-05-09T12:15:09.503,9.3878,0.0800,7.9709
2026-05-09T12:15:09.518,9.3750,0.0800,7.9599
2026-05-09T12:15:09.534,9.3608,0.0800,7.9470
2026-05-09T12:15:09.550,9.3456,0.0800,7.9326
2026-05-09T12:15:09.567,9.3305,0.0800,7.9175
2026-05-09T12:15:09.583,9.3108,0.0800,7.8970
2026-05-09T12:15:09.600,9.2933,0.0800,7.8781
2026-05-09T12:15:09.616,9.2751,0.0800,7.8571
2026-05-09T12:15:09.632,9.2554,0.0800,7.8333
2026-05-09T12:15:09.647,9.2367,0.0800,7.8096
2026-05-09T12:15:09.662,9.2160,0.0800,7.7821
2026-05-09T12:15:09.679,9.1930,0.0800,7.7504
2026-05-09T12:15:09.694,9.1756,0.0800,7.7248
2026-05-09T12:15:09.710,9.1551,0.0800,7.6935
2026-05-09T12:15:09.726,9.1354,0.0800,7.6621
2026-05-09T12:15:09.742,9.1149,0.0800,7.6282
2026-05-09T12:15:09.758,9.0951,0.0800,7.5931
2026-05-09T12:15:09.774,9.0844,0.0800,7.5698
2026-05-09T12:15:09.790,9.0888,0.0800,7.5666
2026-05-09T12:15:09.805,9.0949,0.0800,7.5619
2026-05-09T12:15:09.821,9.1025,0.0800,7.5556
2026-05-09T12:15:09.836,9.1118,0.0800,7.5472
2026-05-09T12:15:09.851,9.1232,0.0800,7.5360
2026-05-09T12:15:09.864,9.1367,0.0800,7.5209
2026-05-09T12:15:09.879,9.1514,0.0800,7.5015
2026-05-09T12:15:09.894,9.1661,0.0800,7.4782
2026-05-09T12:15:09.909,9.1830,0.0800,7.4450
2026-05-09T12:15:09.924,9.1959,0.0800,7.4056
2026-05-09T12:15:09.939,9.2060,0.0800,7.3518
2026-05-09T12:15:09.955,9.2034,0.0800,7.2935
2026-05-09T12:15:09.971,9.2012,0.0800,7.2230
2026-05-09T12:15:09.985,9.2002,0.0800,7.1584
2026-05-09T12:15:09.999,9.1994,0.0800,7.0919
2026-05-09T12:15:10.013,9.1986,0.0800,7.0255
2026-05-09T12:15:10.026,9.1978,0.0800,6.9638
2026-05-09T12:15:10.039,9.1972,0.0800,6.8982
2026-05-09T12:15:10.054,9.1965,0.0800,6.8415
2026-05-09T12:15:10.069,9.1958,0.0800,6.7803
2026-05-09T12:15:10.084,9.1953,0.0800,6.7147
2026-05-09T12:15:10.099,9.1947,0.0800,6.6444
2026-05-09T12:15:10.115,9.1941,0.0800,6.5740
2026-05-09T12:15:10.129,9.1935,0.0800,6.5030
2026-05-09T12:15:10.143,9.1929,0.0800,6.4261
2026-05-09T12:15:10.157,9.1924,0.0800,6.3627
2026-05-09T12:15:10.181,9.1919,0.0800,6.2941
2026-05-09T12:15:10.195,9.1915,0.0800,6.2285
2026-05-09T12:15:10.210,9.1912,0.0800,6.1061
2026-05-09T12:15:10.223,9.1904,0.0800,6.0423
2026-05-09T12:15:10.238,9.1900,0.0800,5.9729
2026-05-09T12:15:10.252,9.1896,0.0800,5.9068
2026-05-09T12:15:10.265,9.1893,0.0800,5.8377
2026-05-09T12:15:10.279,9.1889,0.0800,5.7689
2026-05-09T12:15:10.293,9.1884,0.0800,5.7052
2026-05-09T12:15:10.307,9.1880,0.0800,5.6391
2026-05-09T12:15:10.320,9.1876,0.0800,5.5686
2026-05-09T12:15:10.335,9.1872,0.0800,5.5053
2026-05-09T12:15:10.349,9.1867,0.0800,5.4367
2026-05-09T12:15:10.362,9.1863,0.0800,5.3665
2026-05-09T12:15:10.377,9.1859,0.0800,5.2985
2026-05-09T12:15:10.391,9.1855,0.0800,5.2336
2026-05-09T12:15:10.404,9.1855,0.0800,5.1574
2026-05-09T12:15:10.417,9.1855,0.0800,5.0931
2026-05-09T12:15:10.432,9.1855,0.0800,5.0260
2026-05-09T12:15:10.446,9.1855,0.0800,4.9567
2026-05-09T12:15:10.460,9.1855,0.0800,4.8856
2026-05-09T12:15:10.474,9.1855,0.0800,4.8136
2026-05-09T12:15:10.488,9.1855,0.0800,4.7505
2026-05-09T12:15:10.501,9.1855,0.0800,4.6763
2026-05-09T12:15:10.516,9.1855,0.0800,4.6112
2026-05-09T12:15:10.530,9.1855,0.0800,4.5448
2026-05-09T12:15:10.543,9.1855,0.0800,4.4696
2026-05-09T12:15:10.557,9.1855,0.0800,4.4026
2026-05-09T12:15:10.571,9.1855,0.0800,4.3410
2026-05-09T12:15:10.585,9.1855,0.0800,4.2706
2026-05-09T12:15:10.598,9.1855,0.0800,4.2009
2026-05-09T12:15:10.612,9.1855,0.0800,4.1340
2026-05-09T12:15:10.627,9.1854,0.0800,4.0709
2026-05-09T12:15:10.640,9.1854,0.0800,4.0038
2026-05-09T12:15:10.654,9.1854,0.0800,3.9375
2026-05-09T12:15:10.668,9.1853,0.0800,3.8761
2026-05-09T12:15:10.682,9.1853,0.0800,3.8109
2026-05-09T12:15:10.696,9.1853,0.0800,3.7522
2026-05-09T12:15:10.710,9.1852,0.0800,3.6885
2026-05-09T12:15:10.723,9.1851,0.0800,3.6343
2026-05-09T12:15:10.737,9.1851,0.0800,3.5760
2026-05-09T12:15:10.751,9.1850,0.0800,3.5218
2026-05-09T12:15:10.765,9.1849,0.0800,3.4682
2026-05-09T12:15:10.779,9.1849,0.0800,3.4149
2026-05-09T12:15:10.793,9.1849,0.0800,3.3634
2026-05-09T12:15:10.807,9.1848,0.0800,3.3079
2026-05-09T12:15:10.821,9.1847,0.0800,3.2565
2026-05-09T12:15:10.835,9.1822,0.0800,3.2078
2026-05-09T12:15:10.849,9.1701,0.0800,3.1633
2026-05-09T12:15:10.862,9.1576,0.0800,3.1200
2026-05-09T12:15:10.876,9.1446,0.0800,3.0770
2026-05-09T12:15:10.890,9.1337,0.0800,3.0439
2026-05-09T12:15:10.904,9.1209,0.0800,3.0067
2026-05-09T12:15:10.918,9.1087,0.0800,2.9731
2026-05-09T12:15:10.931,9.0983,0.0800,2.9464
2026-05-09T12:15:10.945,9.0868,0.0800,2.9187
2026-05-09T12:15:10.959,9.0776,0.0800,2.8976
2026-05-09T12:15:10.974,9.0688,0.0800,2.8783
2026-05-09T12:15:10.988,9.0605,0.0800,2.8613
2026-05-09T12:15:11.001,9.0516,0.0800,2.8442
2026-05-09T12:15:11.015,9.0435,0.0800,2.8289
2026-05-09T12:15:11.029,9.0365,0.0800,2.8168
2026-05-09T12:15:11.043,9.0283,0.0800,2.8032
2026-05-09T12:15:11.057,9.0202,0.0800,2.7900
2026-05-09T12:15:11.071,9.0121,0.0800,2.7780
2026-05-09T12:15:11.085,9.0037,0.0800,2.7659
2026-05-09T12:15:11.099,8.9953,0.0800,2.7541
2026-05-09T12:15:11.113,8.9868,0.0800,2.7429
2026-05-09T12:15:11.127,8.9780,0.0800,2.7318
2026-05-09T12:15:11.140,8.9688,0.0800,2.7208
2026-05-09T12:15:11.155,8.9598,0.0800,2.7102
2026-05-09T12:15:11.168,8.9505,0.0800,2.7000
2026-05-09T12:15:11.182,8.9406,0.0800,2.6894
2026-05-09T12:15:11.196,8.9312,0.0800,2.6797
2026-05-09T12:15:11.210,8.9210,0.0800,2.6697
2026-05-09T12:15:11.224,8.9109,0.0800,2.6603
2026-05-09T12:15:11.238,8.8995,0.0800,2.6499
2026-05-09T12:15:11.252,8.8859,0.0800,2.6383
2026-05-09T12:15:11.265,8.8691,0.0800,2.6244
2026-05-09T12:15:11.279,8.8496,0.0800,2.6089
2026-05-09T12:15:11.294,8.8263,0.0800,2.5910
2026-05-09T12:15:11.307,8.7982,0.0800,2.5704
2026-05-09T12:15:11.320,8.7685,0.0800,2.5495
2026-05-09T12:15:11.334,8.7380,0.0800,2.5287
2026-05-09T12:15:11.349,8.7056,0.0800,2.5077
2026-05-09T12:15:11.363,8.6692,0.0800,2.4849
2026-05-09T12:15:11.377,8.6291,0.0800,2.4605
2026-05-09T12:15:11.391,8.5936,0.0800,2.4400
2026-05-09T12:15:11.404,8.5526,0.0800,2.4171
2026-05-09T12:15:11.419,8.5142,0.0800,2.3964
2026-05-09T12:15:11.432,8.4755,0.0800,2.3765
2026-05-09T12:15:11.447,8.4333,0.0800,2.3557
2026-05-09T12:15:11.460,8.3937,0.0800,2.3370
2026-05-09T12:15:11.475,8.3502,0.0800,2.3172
2026-05-09T12:15:11.488,8.3096,0.0800,2.2997
2026-05-09T12:15:11.501,8.2642,0.0800,2.2810
2026-05-09T12:15:11.516,8.2203,0.0800,2.2636
2026-05-09T12:15:11.530,8.1774,0.0800,2.2475
2026-05-09T12:15:11.543,8.1262,0.0800,2.2291
2026-05-09T12:15:11.557,8.0816,0.0800,2.2139
2026-05-09T12:15:11.572,8.0359,0.0800,2.1991
2026-05-09T12:15:11.585,7.9854,0.0800,2.1836
2026-05-09T12:15:11.599,7.9338,0.0800,2.1686
2026-05-09T12:15:11.613,7.8824,0.0800,2.1544
2026-05-09T12:15:11.627,7.8338,0.0800,2.1418
2026-05-09T12:15:11.640,7.7791,0.0800,2.1285
2026-05-09T12:15:11.655,7.7265,0.0800,2.1163
2026-05-09T12:15:11.669,7.6735,0.0800,2.1049
2026-05-09T12:15:11.682,7.6154,0.0800,2.0931
2026-05-09T12:15:11.696,7.5608,0.0800,2.0827
2026-05-09T12:15:11.711,7.5040,0.0800,2.0728
2026-05-09T12:15:11.724,7.4469,0.0800,2.0634
2026-05-09T12:15:11.738,7.3864,0.0800,2.0541
2026-05-09T12:15:11.752,7.3278,0.0800,2.0459
2026-05-09T12:15:11.766,7.2680,0.0800,2.0382
2026-05-09T12:15:11.780,7.2082,0.0800,2.0311
2026-05-09T12:15:11.794,7.1484,0.0800,2.0247
2026-05-09T12:15:11.808,7.0858,0.0800,2.0187
2026-05-09T12:15:11.822,7.0262,0.0800,2.0138
2026-05-09T12:15:11.836,6.9634,0.0800,2.0092
2026-05-09T12:15:11.850,6.9062,0.0800,2.0057
2026-05-09T12:15:11.863,6.8434,0.0800,2.0025
2026-05-09T12:15:11.877,6.7799,0.0800,1.9998
2026-05-09T12:15:11.891,6.7243,0.0800,1.9982
2026-05-09T12:15:11.905,6.6597,0.0800,1.9969
2026-05-09T12:15:11.918,6.5972,0.0800,1.9963
2026-05-09T12:15:11.933,6.5391,0.0800,1.9962
2026-05-09T12:15:11.946,6.4744,0.0800,1.9968
2026-05-09T12:15:11.960,6.4094,0.0800,1.9980
2026-05-09T12:15:11.974,6.3409,0.0800,1.9997
2026-05-09T12:15:11.988,6.2758,0.0800,2.0018
2026-05-09T12:15:12.002,6.2034,0.0800,2.0044
2026-05-09T12:15:12.016,6.1382,0.0800,2.0068
2026-05-09T12:15:12.030,6.0704,0.0800,2.0093
2026-05-09T12:15:12.043,5.9977,0.0800,2.0121
2026-05-09T12:15:12.057,5.9315,0.0800,2.0146
2026-05-09T12:15:12.071,5.8615,0.0800,2.0173
2026-05-09T12:15:12.085,5.7944,0.0800,2.0198
2026-05-09T12:15:12.099,5.7250,0.0800,2.0225
2026-05-09T12:15:12.113,5.6556,0.0800,2.0251
2026-05-09T12:15:12.127,5.5863,0.0800,2.0278
2026-05-09T12:15:12.140,5.5101,0.0800,2.0307
2026-05-09T12:15:12.155,5.4434,0.0800,2.0332
2026-05-09T12:15:12.168,5.3780,0.0800,2.0357
2026-05-09T12:15:12.182,5.3070,0.0800,2.0385
2026-05-09T12:15:12.196,5.2403,0.0800,2.0410
2026-05-09T12:15:12.210,5.1699,0.0800,2.0437
2026-05-09T12:15:12.224,5.1007,0.0800,2.0463
2026-05-09T12:15:12.238,5.0318,0.0800,2.0489
2026-05-09T12:15:12.252,4.9650,0.0800,2.0514
2026-05-09T12:15:12.265,4.8929,0.0800,2.0540
2026-05-09T12:15:12.279,4.8240,0.0800,2.0566
2026-05-09T12:15:12.293,4.7605,0.0800,2.0589
2026-05-09T12:15:12.307,4.6917,0.0800,2.0615
2026-05-09T12:15:12.321,4.6224,0.0800,2.0640
2026-05-09T12:15:12.335,4.5537,0.0800,2.0666
2026-05-09T12:15:12.349,4.4825,0.0800,2.0693
2026-05-09T12:15:12.362,4.4162,0.0800,2.0718
2026-05-09T12:15:12.377,4.3428,0.0800,2.0745
2026-05-09T12:15:12.390,4.2816,0.0800,2.0768
2026-05-09T12:15:12.404,4.2082,0.0800,2.0795
2026-05-09T12:15:12.419,4.1444,0.0800,2.0819
2026-05-09T12:15:12.433,4.0779,0.0800,2.0843
2026-05-09T12:15:12.446,4.0028,0.0800,2.0870
2026-05-09T12:15:12.460,3.9369,0.0800,2.0894
2026-05-09T12:15:12.474,3.8645,0.0800,2.0919
2026-05-09T12:15:12.488,3.8013,0.0800,2.0942
2026-05-09T12:15:12.501,3.7311,0.0800,2.0966
2026-05-09T12:15:12.516,3.6619,0.0800,2.0990
2026-05-09T12:15:12.530,3.5971,0.0800,2.1013
2026-05-09T12:15:12.543,3.5236,0.0800,2.1038
2026-05-09T12:15:12.558,3.4573,0.0800,2.1062
2026-05-09T12:15:12.571,3.3934,0.0800,2.1084
2026-05-09T12:15:12.585,3.3186,0.0800,2.1110
2026-05-09T12:15:12.599,3.2536,0.0800,2.1133
2026-05-09T12:15:12.613,3.1859,0.0800,2.1156
2026-05-09T12:15:12.627,3.1202,0.0800,2.1176
2026-05-09T12:15:12.640,3.0485,0.0800,2.1194
2026-05-09T12:15:12.655,2.9841,0.0800,2.1207
2026-05-09T12:15:12.668,2.9193,0.0800,2.1216
2026-05-09T12:15:12.682,2.8507,0.0800,2.1221
2026-05-09T12:15:12.696,2.7883,0.0800,2.1222
2026-05-09T12:15:12.710,2.7193,0.0800,2.1218
2026-05-09T12:15:12.724,2.6561,0.0800,2.1209
2026-05-09T12:15:12.738,2.5944,0.0800,2.1195
2026-05-09T12:15:12.752,2.5285,0.0800,2.1174
2026-05-09T12:15:12.765,2.4668,0.0800,2.1149
2026-05-09T12:15:12.778,2.4009,0.0800,2.1117
2026-05-09T12:15:12.793,2.3406,0.0800,2.1082
2026-05-09T12:15:12.807,2.2771,0.0800,2.1040
2026-05-09T12:15:12.821,2.2104,0.0800,2.0991
2026-05-09T12:15:12.834,2.1477,0.0800,2.0939
2026-05-09T12:15:12.848,2.0812,0.0800,2.0878
2026-05-09T12:15:12.863,2.0219,0.0800,2.0818
2026-05-09T12:15:12.877,1.9550,0.0800,2.0747
2026-05-09T12:15:12.891,1.8917,0.0800,2.0673
2026-05-09T12:15:12.904,1.8246,0.0800,2.0589
2026-05-09T12:15:12.919,1.7572,0.0800,2.0502
2026-05-09T12:15:12.932,1.6917,0.0800,2.0416
2026-05-09T12:15:12.946,1.6171,0.0800,2.0318
2026-05-09T12:15:12.960,1.5515,0.0800,2.0232
2026-05-09T12:15:12.974,1.4822,0.0800,2.0140
2026-05-09T12:15:12.987,1.4169,0.0800,2.0053
2026-05-09T12:15:13.001,1.3484,0.0800,1.9962
2026-05-09T12:15:13.016,1.2819,0.0800,1.9876
2026-05-09T12:15:13.030,1.2165,0.0800,1.9796
2026-05-09T12:15:13.043,1.1420,0.0800,1.9707
2026-05-09T12:15:13.058,1.0788,0.0800,1.9635
2026-05-09T12:15:13.072,1.0148,0.0800,1.9566
2026-05-09T12:15:13.086,0.9426,0.0800,1.9491
2026-05-09T12:15:13.099,0.8770,0.0800,1.9427
2026-05-09T12:15:13.113,0.8087,0.0800,1.9365
2026-05-09T12:15:13.127,0.7479,0.0800,1.9313
2026-05-09T12:15:13.140,0.6746,0.0800,1.9255
2026-05-09T12:15:13.155,0.6119,0.0800,1.9208
2026-05-09T12:15:13.169,0.5465,0.0800,1.9165
2026-05-09T12:15:13.182,0.4769,0.0800,1.9122
2026-05-09T12:15:13.196,0.4104,0.0800,1.9085
2026-05-09T12:15:13.210,0.3438,0.0800,1.9052
2026-05-09T12:15:13.224,0.2783,0.0800,1.9024
2026-05-09T12:15:13.238,0.2110,0.0800,1.8999
2026-05-09T12:15:13.252,0.1454,0.0800,1.8978
2026-05-09T12:15:13.266,0.0801,0.0800,1.8961
2026-05-09T12:15:13.279,0.0103,0.0800,1.8947
2026-05-09T12:15:13.294,-0.0534,0.0800,1.8937
2026-05-09T12:15:13.307,-0.1207,0.0800,1.8932
2026-05-09T12:15:13.321,-0.1884,0.0800,1.8931
2026-05-09T12:15:13.335,-0.2523,0.0800,1.8933
2026-05-09T12:15:13.349,-0.3190,0.0800,1.8940
2026-05-09T12:15:13.363,-0.3843,0.0800,1.8951
2026-05-09T12:15:13.378,-0.4566,0.0800,1.8967
2026-05-09T12:15:13.391,-0.5214,0.0800,1.8987
2026-05-09T12:15:13.404,-0.5902,0.0800,1.9012
2026-05-09T12:15:13.418,-0.6555,0.0800,1.9039
2026-05-09T12:15:13.432,-0.7170,0.0800,1.9069
2026-05-09T12:15:13.446,-0.7874,0.0800,1.9107
2026-05-09T12:15:13.460,-0.8543,0.0800,1.9147
2026-05-09T12:15:13.475,-0.9254,0.0800,1.9194
2026-05-09T12:15:13.488,-0.9862,0.0800,1.9238
2026-05-09T12:15:13.501,-1.0563,0.0800,1.9293
2026-05-09T12:15:13.516,-1.1218,0.0800,1.9347
2026-05-09T12:15:13.530,-1.1846,0.0800,1.9403
2026-05-09T12:15:13.543,-1.2583,0.0800,1.9472
2026-05-09T12:15:13.557,-1.3266,0.0800,1.9539
2026-05-09T12:15:13.571,-1.3880,0.0800,1.9599
2026-05-09T12:15:13.585,-1.4580,0.0800,1.9668
2026-05-09T12:15:13.599,-1.5277,0.0800,1.9736
2026-05-09T12:15:13.613,-1.5994,0.0800,1.9807
2026-05-09T12:15:13.627,-1.6680,0.0800,1.9874
2026-05-09T12:15:13.640,-1.7388,0.0800,1.9944
2026-05-09T12:15:13.654,-1.8061,0.0800,2.0010
2026-05-09T12:15:13.668,-1.8663,0.0800,2.0067
2026-05-09T12:15:13.682,-1.9336,0.0800,2.0126
2026-05-09T12:15:13.697,-1.9990,0.0800,2.0179
2026-05-09T12:15:13.711,-2.0638,0.0800,2.0226
2026-05-09T12:15:13.724,-2.1320,0.0800,2.0271
2026-05-09T12:15:13.738,-2.1953,0.0800,2.0307
2026-05-09T12:15:13.752,-2.2578,0.0800,2.0337
2026-05-09T12:15:13.766,-2.3240,0.0800,2.0363
2026-05-09T12:15:13.780,-2.3886,0.0800,2.0382
2026-05-09T12:15:13.794,-2.4496,0.0800,2.0396
2026-05-09T12:15:13.808,-2.5176,0.0800,2.0405
2026-05-09T12:15:13.821,-2.5799,0.0800,2.0408
2026-05-09T12:15:13.836,-2.6457,0.0800,2.0406
2026-05-09T12:15:13.849,-2.7055,0.0800,2.0399
2026-05-09T12:15:13.863,-2.7711,0.0800,2.0386
2026-05-09T12:15:13.877,-2.8350,0.0800,2.0369
2026-05-09T12:15:13.892,-2.8998,0.0800,2.0346
2026-05-09T12:15:13.905,-2.9632,0.0800,2.0318
2026-05-09T12:15:13.919,-3.0314,0.0800,2.0283
2026-05-09T12:15:13.933,-3.0918,0.0800,2.0247
2026-05-09T12:15:13.947,-3.1544,0.0800,2.0204
2026-05-09T12:15:13.961,-3.2173,0.0800,2.0155
2026-05-09T12:15:13.975,-3.2854,0.0800,2.0098
2026-05-09T12:15:13.989,-3.3471,0.0800,2.0039
2026-05-09T12:15:14.001,-3.4154,0.0800,1.9969
2026-05-09T12:15:14.016,-3.4813,0.0800,1.9898
2026-05-09T12:15:14.030,-3.5413,0.0800,1.9828
2026-05-09T12:15:14.043,-3.6144,0.0800,1.9740
2026-05-09T12:15:14.057,-3.6821,0.0800,1.9655
2026-05-09T12:15:14.071,-3.7443,0.0800,1.9574
2026-05-09T12:15:14.086,-3.8148,0.0800,1.9482
2026-05-09T12:15:14.099,-3.8829,0.0800,1.9394
2026-05-09T12:15:14.113,-3.9511,0.0800,1.9306
2026-05-09T12:15:14.127,-4.0167,0.0800,1.9222
2026-05-09T12:15:14.140,-4.0903,0.0800,1.9128
2026-05-09T12:15:14.155,-4.1533,0.0800,1.9048
2026-05-09T12:15:14.168,-4.2221,0.0800,1.8960
2026-05-09T12:15:14.182,-4.2914,0.0800,1.8872
2026-05-09T12:15:14.196,-4.3603,0.0800,1.8785
2026-05-09T12:15:14.210,-4.4322,0.0800,1.8694
2026-05-09T12:15:14.223,-4.4994,0.0800,1.8609
2026-05-09T12:15:14.237,-4.5673,0.0800,1.8523
2026-05-09T12:15:14.251,-4.6331,0.0800,1.8440
2026-05-09T12:15:14.264,-4.7015,0.0800,1.8354
2026-05-09T12:15:14.280,-4.7723,0.0800,1.8265
2026-05-09T12:15:14.297,-4.8381,0.0800,1.8182
2026-05-09T12:15:14.316,-4.9177,0.0800,1.8081
2026-05-09T12:15:14.334,-4.9994,0.0800,1.7978
2026-05-09T12:15:14.349,-5.0984,0.0800,1.7853
2026-05-09T12:15:14.364,-5.1807,0.0800,1.7749
2026-05-09T12:15:14.379,-5.2584,0.0800,1.7652
2026-05-09T12:15:14.394,-5.3290,0.0800,1.7565
2026-05-09T12:15:14.409,-5.4093,0.0800,1.7465
2026-05-09T12:15:14.425,-5.4788,0.0800,1.7379
2026-05-09T12:15:14.443,-5.5542,0.0800,1.7286
2026-05-09T12:15:14.461,-5.6320,0.0800,1.7190
2026-05-09T12:15:14.477,-5.7201,0.0800,1.7086
2026-05-09T12:15:14.491,-5.8051,0.0800,1.6992
2026-05-09T12:15:14.506,-5.8792,0.0800,1.6914
2026-05-09T12:15:14.522,-5.9479,0.0800,1.6846
2026-05-09T12:15:14.537,-6.0156,0.0800,1.6784
2026-05-09T12:15:14.554,-6.0874,0.0800,1.6725
2026-05-09T12:15:14.568,-6.1577,0.0800,1.6674
2026-05-09T12:15:14.582,-6.2298,0.0800,1.6631
2026-05-09T12:15:14.596,-6.2941,0.0800,1.6599
2026-05-09T12:15:14.610,-6.3554,0.0800,1.6576
2026-05-09T12:15:14.624,-6.4132,0.0800,1.6561
2026-05-09T12:15:14.638,-6.4711,0.0800,1.6553
2026-05-09T12:15:14.652,-6.5244,0.0800,1.6552
2026-05-09T12:15:14.665,-6.5807,0.0800,1.6559
2026-05-09T12:15:14.679,-6.6388,0.0800,1.6574
2026-05-09T12:15:14.693,-6.6867,0.0800,1.6592
2026-05-09T12:15:14.707,-6.7375,0.0800,1.6619
2026-05-09T12:15:14.721,-6.7889,0.0800,1.6654
2026-05-09T12:15:14.735,-6.8384,0.0800,1.6694
2026-05-09T12:15:14.749,-6.8850,0.0800,1.6742
2026-05-09T12:15:14.762,-6.9306,0.0800,1.6795
2026-05-09T12:15:14.776,-6.9752,0.0800,1.6854
2026-05-09T12:15:14.792,-7.0160,0.0800,1.6915
2026-05-09T12:15:14.806,-7.0603,0.0800,1.6989
2026-05-09T12:15:14.819,-7.1082,0.0800,1.7078
2026-05-09T12:15:14.834,-7.1449,0.0800,1.7152
2026-05-09T12:15:14.848,-7.1834,0.0800,1.7237
2026-05-09T12:15:14.862,-7.2180,0.0800,1.7322
2026-05-09T12:15:14.876,-7.2552,0.0800,1.7418
2026-05-09T12:15:14.890,-7.2848,0.0800,1.7502
2026-05-09T12:15:14.903,-7.3180,0.0800,1.7603
2026-05-09T12:15:14.918,-7.3487,0.0800,1.7702
2026-05-09T12:15:14.932,-7.3765,0.0800,1.7799
2026-05-09T12:15:14.946,-7.4044,0.0800,1.7902
2026-05-09T12:15:14.960,-7.4301,0.0800,1.8004
2026-05-09T12:15:14.974,-7.4565,0.0800,1.8112
2026-05-09T12:15:14.988,-7.4806,0.0800,1.8219
2026-05-09T12:15:15.001,-7.5043,0.0800,1.8330
2026-05-09T12:15:15.016,-7.5274,0.0800,1.8441
2026-05-09T12:15:15.030,-7.5483,0.0800,1.8549
2026-05-09T12:15:15.043,-7.5721,0.0800,1.8678
2026-05-09T12:15:15.058,-7.5935,0.0800,1.8797
2026-05-09T12:15:15.072,-7.6141,0.0800,1.8920
2026-05-09T12:15:15.085,-7.6372,0.0800,1.9063
2026-05-09T12:15:15.098,-7.6581,0.0800,1.9200
2026-05-09T12:15:15.113,-7.6787,0.0800,1.9339
2026-05-09T12:15:15.127,-7.6975,0.0800,1.9472
2026-05-09T12:15:15.141,-7.7194,0.0800,1.9634
2026-05-09T12:15:15.155,-7.7392,0.0800,1.9785
2026-05-09T12:15:15.168,-7.7579,0.0800,1.9936
2026-05-09T12:15:15.182,-7.7778,0.0800,2.0103
2026-05-09T12:15:15.195,-7.7977,0.0800,2.0276
2026-05-09T12:15:15.209,-7.8208,0.0800,2.0486
2026-05-09T12:15:15.223,-7.8417,0.0800,2.0684
2026-05-09T12:15:15.237,-7.8672,0.0800,2.0932
2026-05-09T12:15:15.251,-7.8911,0.0800,2.1175
2026-05-09T12:15:15.265,-7.9197,0.0800,2.1477
2026-05-09T12:15:15.278,-7.9497,0.0800,2.1804
2026-05-09T12:15:15.292,-7.9787,0.0800,2.2130
2026-05-09T12:15:15.306,-8.0088,0.0800,2.2482
2026-05-09T12:15:15.320,-8.0401,0.0800,2.2859
2026-05-09T12:15:15.334,-8.0724,0.0800,2.3258
2026-05-09T12:15:15.348,-8.1028,0.0800,2.3647
2026-05-09T12:15:15.361,-8.1325,0.0800,2.4040
2026-05-09T12:15:15.376,-8.1644,0.0800,2.4472
2026-05-09T12:15:15.389,-8.1913,0.0800,2.4850
2026-05-09T12:15:15.403,-8.2219,0.0800,2.5291
2026-05-09T12:15:15.417,-8.2492,0.0800,2.5697
2026-05-09T12:15:15.430,-8.2760,0.0800,2.6111
2026-05-09T12:15:15.444,-8.3035,0.0800,2.6550
2026-05-09T12:15:15.458,-8.3289,0.0800,2.6966
2026-05-09T12:15:15.472,-8.3549,0.0800,2.7409
2026-05-09T12:15:15.486,-8.3797,0.0800,2.7846
2026-05-09T12:15:15.500,-8.4028,0.0800,2.8270
2026-05-09T12:15:15.515,-8.4254,0.0800,2.8698
2026-05-09T12:15:15.529,-8.4454,0.0800,2.9093
2026-05-09T12:15:15.543,-8.4677,0.0800,2.9552
2026-05-09T12:15:15.557,-8.4850,0.0800,2.9924
2026-05-09T12:15:15.571,-8.5015,0.0800,3.0297
2026-05-09T12:15:15.585,-8.5157,0.0800,3.0634
2026-05-09T12:15:15.599,-8.5273,0.0800,3.0921
2026-05-09T12:15:15.615,-8.5370,0.0800,3.1178
2026-05-09T12:15:15.631,-8.5440,0.0800,3.1378
2026-05-09T12:15:15.646,-8.5500,0.0800,3.1562
2026-05-09T12:15:15.663,-8.5531,0.0800,3.1665
2026-05-09T12:15:15.678,-8.5552,0.0800,3.1748
2026-05-09T12:15:15.692,-8.5561,0.0800,3.1792
2026-05-09T12:15:15.706,-8.5566,0.0800,3.1821
2026-05-09T12:15:15.720,-8.5568,0.0800,3.1840
2026-05-09T12:15:15.735,-8.5571,0.0800,3.1853
2026-05-09T12:15:15.750,-8.5570,0.0800,3.1861
2026-05-09T12:15:15.765,-8.5568,0.0800,3.1859
2026-05-09T12:15:15.795,-8.5566,0.0800,3.1858
2026-05-09T12:15:15.809,-8.5564,0.0800,3.1856
2026-05-09T12:15:15.823,-8.5562,0.0800,3.1854
2026-05-09T12:15:15.855,-8.5560,0.0800,3.1852
2026-05-09T12:15:15.873,-8.5558,0.0800,3.1875
2026-05-09T12:15:15.890,-8.5552,0.0800,3.1941
2026-05-09T12:15:15.905,-8.5543,0.0800,3.2036
2026-05-09T12:15:15.920,-8.5526,0.0800,3.2200
2026-05-09T12:15:15.935,-8.5504,0.0800,3.2355
2026-05-09T12:15:15.950,-8.5469,0.0800,3.2574
2026-05-09T12:15:15.964,-8.5417,0.0800,3.2857
2026-05-09T12:15:15.981,-8.5347,0.0800,3.3208
2026-05-09T12:15:15.997,-8.5260,0.0800,3.3591
2026-05-09T12:15:16.013,-8.5148,0.0800,3.4043
2026-05-09T12:15:16.027,-8.5034,0.0800,3.4461
2026-05-09T12:15:16.042,-8.4892,0.0800,3.4950
2026-05-09T12:15:16.056,-8.4775,0.0800,3.5327
2026-05-09T12:15:16.072,-8.4633,0.0800,3.5753
2026-05-09T12:15:16.088,-8.4482,0.0800,3.6184
2026-05-09T12:15:16.103,-8.4308,0.0800,3.6651
2026-05-09T12:15:16.120,-8.4125,0.0800,3.7122
2026-05-09T12:15:16.136,-8.3928,0.0800,3.7599
2026-05-09T12:15:16.152,-8.3702,0.0800,3.8118
2026-05-09T12:15:16.166,-8.3487,0.0800,3.8586
2026-05-09T12:15:16.180,-8.3232,0.0800,3.9117
2026-05-09T12:15:16.195,-8.3017,0.0800,3.9547
2026-05-09T12:15:16.210,-8.2766,0.0800,4.0026
2026-05-09T12:15:16.224,-8.2518,0.0800,4.0482
2026-05-09T12:15:16.240,-8.2234,0.0800,4.0989
2026-05-09T12:15:16.254,-8.1934,0.0800,4.1504
2026-05-09T12:15:16.269,-8.1594,0.0800,4.2071
2026-05-09T12:15:16.284,-8.1278,0.0800,4.2581
2026-05-09T12:15:16.301,-8.0939,0.0800,4.3117
2026-05-09T12:15:16.319,-8.0534,0.0800,4.3741
2026-05-09T12:15:16.333,-8.0101,0.0800,4.4394
2026-05-09T12:15:16.349,-7.9614,0.0800,4.5117
2026-05-09T12:15:16.362,-7.9242,0.0800,4.5658
2026-05-09T12:15:16.378,-7.8806,0.0800,4.6286
2026-05-09T12:15:16.393,-7.8432,0.0800,4.6817
2026-05-09T12:15:16.408,-7.8001,0.0800,4.7420
2026-05-09T12:15:16.423,-7.7583,0.0800,4.7998
2026-05-09T12:15:16.439,-7.7121,0.0800,4.8631
2026-05-09T12:15:16.455,-7.6700,0.0800,4.9199
2026-05-09T12:15:16.471,-7.6219,0.0800,4.9842
2026-05-09T12:15:16.486,-7.5759,0.0800,5.0447
2026-05-09T12:15:16.499,-7.5282,0.0800,5.1068
2026-05-09T12:15:16.515,-7.4846,0.0800,5.1629
2026-05-09T12:15:16.530,-7.4445,0.0800,5.2136
2026-05-09T12:15:16.546,-7.3971,0.0800,5.2731
2026-05-09T12:15:16.561,-7.3537,0.0800,5.3268
2026-05-09T12:15:16.577,-7.3044,0.0800,5.3868
2026-05-09T12:15:16.593,-7.2607,0.0800,5.4390
2026-05-09T12:15:16.609,-7.2139,0.0800,5.4937
2026-05-09T12:15:16.623,-7.1703,0.0800,5.5435
2026-05-09T12:15:16.638,-7.1253,0.0800,5.5938
2026-05-09T12:15:16.652,-7.0837,0.0800,5.6390
2026-05-09T12:15:16.667,-7.0364,0.0800,5.6892
2026-05-09T12:15:16.681,-6.9981,0.0800,5.7286
2026-05-09T12:15:16.696,-6.9566,0.0800,5.7706
2026-05-09T12:15:16.712,-6.9101,0.0800,5.8164
2026-05-09T12:15:16.727,-6.8650,0.0800,5.8596
2026-05-09T12:15:16.742,-6.8172,0.0800,5.9043
2026-05-09T12:15:16.757,-6.7715,0.0800,5.9459
2026-05-09T12:15:16.771,-6.7216,0.0800,5.9902
2026-05-09T12:15:16.786,-6.6767,0.0800,6.0289
2026-05-09T12:15:16.800,-6.6274,0.0800,6.0704
2026-05-09T12:15:16.815,-6.5822,0.0800,6.1075
2026-05-09T12:15:16.829,-6.5348,0.0800,6.1455
2026-05-09T12:15:16.842,-6.4823,0.0800,6.1865
2026-05-09T12:15:16.861,-6.4316,0.0800,6.2252
2026-05-09T12:15:16.875,-6.3770,0.0800,6.2663
2026-05-09T12:15:16.889,-6.3066,0.0800,6.3186
2026-05-09T12:15:16.902,-6.2499,0.0800,6.3602
2026-05-09T12:15:16.916,-6.1974,0.0800,6.3987
2026-05-09T12:15:16.930,-6.1422,0.0800,6.4392
2026-05-09T12:15:16.944,-6.0821,0.0800,6.4834
2026-05-09T12:15:16.958,-6.0320,0.0800,6.5202
2026-05-09T12:15:16.972,-5.9744,0.0800,6.5625
2026-05-09T12:15:16.986,-5.9161,0.0800,6.6053
2026-05-09T12:15:16.999,-5.8606,0.0800,6.6460
2026-05-09T12:15:17.013,-5.8067,0.0800,6.6855
2026-05-09T12:15:17.027,-5.7551,0.0800,6.7232
2026-05-09T12:15:17.040,-5.6959,0.0800,6.7665
2026-05-09T12:15:17.055,-5.6442,0.0800,6.8043
2026-05-09T12:15:17.069,-5.5883,0.0800,6.8450
2026-05-09T12:15:17.082,-5.5322,0.0800,6.8859
2026-05-09T12:15:17.096,-5.4762,0.0800,6.9267
2026-05-09T12:15:17.110,-5.4188,0.0800,6.9686
2026-05-09T12:15:17.124,-5.3645,0.0800,7.0082
2026-05-09T12:15:17.138,-5.3079,0.0800,7.0496
2026-05-09T12:15:17.152,-5.2531,0.0800,7.0896
2026-05-09T12:15:17.166,-5.1962,0.0800,7.1311
2026-05-09T12:15:17.180,-5.1417,0.0800,7.1709
2026-05-09T12:15:17.194,-5.0893,0.0800,7.2088
2026-05-09T12:15:17.209,-5.0307,0.0800,7.2504
2026-05-09T12:15:17.222,-4.9836,0.0800,7.2832
2026-05-09T12:15:17.235,-4.9324,0.0800,7.3184
2026-05-09T12:15:17.249,-4.8881,0.0800,7.3479
2026-05-09T12:15:17.263,-4.8418,0.0800,7.3780
2026-05-09T12:15:17.277,-4.7938,0.0800,7.4085
2026-05-09T12:15:17.291,-4.7530,0.0800,7.4334
2026-05-09T12:15:17.305,-4.7079,0.0800,7.4602
2026-05-09T12:15:17.319,-4.6638,0.0800,7.4854
2026-05-09T12:15:17.333,-4.6252,0.0800,7.5068
2026-05-09T12:15:17.347,-4.5865,0.0800,7.5273
2026-05-09T12:15:17.360,-4.5520,0.0800,7.5448
2026-05-09T12:15:17.374,-4.5214,0.0800,7.5597
2026-05-09T12:15:17.387,-4.4982,0.0800,7.5703
2026-05-09T12:15:17.401,-4.4775,0.0800,7.5793
2026-05-09T12:15:17.416,-4.4585,0.0800,7.5873
2026-05-09T12:15:17.430,-4.4429,0.0800,7.5932
2026-05-09T12:15:17.444,-4.4293,0.0800,7.5981
2026-05-09T12:15:17.459,-4.4162,0.0800,7.6027
2026-05-09T12:15:17.473,-4.4051,0.0800,7.6061
2026-05-09T12:15:17.487,-4.3943,0.0800,7.6091
2026-05-09T12:15:17.500,-4.3843,0.0800,7.6117
2026-05-09T12:15:17.514,-4.3752,0.0800,7.6140
2026-05-09T12:15:17.528,-4.3659,0.0800,7.6159
2026-05-09T12:15:17.541,-4.3557,0.0800,7.6178
2026-05-09T12:15:17.555,-4.3469,0.0800,7.6195
2026-05-09T12:15:17.570,-4.3372,0.0800,7.6209
2026-05-09T12:15:17.584,-4.3279,0.0800,7.6220
2026-05-09T12:15:17.598,-4.3168,0.0800,7.6233
2026-05-09T12:15:17.612,-4.3067,0.0800,7.6241
2026-05-09T12:15:17.626,-4.2921,0.0800,7.6251
2026-05-09T12:15:17.639,-4.2720,0.0800,7.6260
2026-05-09T12:15:17.653,-4.2453,0.0800,7.6269
2026-05-09T12:15:17.667,-4.2145,0.0800,7.6272
2026-05-09T12:15:17.681,-4.1805,0.0800,7.6268
2026-05-09T12:15:17.695,-4.1424,0.0800,7.6260
2026-05-09T12:15:17.709,-4.0998,0.0800,7.6241
2026-05-09T12:15:17.722,-4.0555,0.0800,7.6213
2026-05-09T12:15:17.737,-4.0063,0.0800,7.6176
2026-05-09T12:15:17.751,-3.9601,0.0800,7.6132
2026-05-09T12:15:17.764,-3.9094,0.0800,7.6076
2026-05-09T12:15:17.779,-3.8589,0.0800,7.6015
2026-05-09T12:15:17.793,-3.8093,0.0800,7.5946
2026-05-09T12:15:17.807,-3.7511,0.0800,7.5856
2026-05-09T12:15:17.819,-3.6967,0.0800,7.5765
2026-05-09T12:15:17.833,-3.6419,0.0800,7.5667
2026-05-09T12:15:17.848,-3.5906,0.0800,7.5651
2026-05-09T12:15:17.862,-3.5332,0.0800,7.5650
2026-05-09T12:15:17.876,-3.4678,0.0800,7.5650
2026-05-09T12:15:17.890,-3.4142,0.0800,7.5649
2026-05-09T12:15:17.903,-3.3570,0.0800,7.5649
2026-05-09T12:15:17.918,-3.2998,0.0800,7.5649
2026-05-09T12:15:17.932,-3.2417,0.0800,7.5636
2026-05-09T12:15:17.946,-3.1780,0.0800,7.5458
2026-05-09T12:15:17.959,-3.1232,0.0800,7.5298
2026-05-09T12:15:17.973,-3.0637,0.0800,7.5120
2026-05-09T12:15:17.987,-3.0085,0.0800,7.4948
2026-05-09T12:15:18.001,-2.9471,0.0800,7.4750
2026-05-09T12:15:18.015,-2.8895,0.0800,7.4559
2026-05-09T12:15:18.029,-2.8326,0.0800,7.4362
2026-05-09T12:15:18.042,-2.7671,0.0800,7.4129
2026-05-09T12:15:18.057,-2.7125,0.0800,7.3930
2026-05-09T12:15:18.071,-2.6527,0.0800,7.3704
2026-05-09T12:15:18.084,-2.5888,0.0800,7.3458
2026-05-09T12:15:18.098,-2.5274,0.0800,7.3217
2026-05-09T12:15:18.113,-2.4626,0.0800,7.2959
2026-05-09T12:15:18.127,-2.4001,0.0800,7.2711
2026-05-09T12:15:18.140,-2.3310,0.0800,7.2436
2026-05-09T12:15:18.154,-2.2695,0.0800,7.2191
2026-05-09T12:15:18.168,-2.2067,0.0800,7.1942
2026-05-09T12:15:18.181,-2.1407,0.0800,7.1680
2026-05-09T12:15:18.196,-2.0807,0.0800,7.1443
2026-05-09T12:15:18.209,-2.0146,0.0800,7.1182
2026-05-09T12:15:18.223,-1.9495,0.0800,7.0924
2026-05-09T12:15:18.237,-1.8874,0.0800,7.0680
2026-05-09T12:15:18.251,-1.8277,0.0800,7.0448
2026-05-09T12:15:18.264,-1.7643,0.0800,7.0207
2026-05-09T12:15:18.279,-1.7024,0.0800,6.9975
2026-05-09T12:15:18.292,-1.6447,0.0800,6.9765
2026-05-09T12:15:18.306,-1.5805,0.0800,6.9535
2026-05-09T12:15:18.320,-1.5203,0.0800,6.9325
2026-05-09T12:15:18.334,-1.4569,0.0800,6.9108
2026-05-09T12:15:18.348,-1.3941,0.0800,6.8899
2026-05-09T12:15:18.362,-1.3327,0.0800,6.8700
2026-05-09T12:15:18.376,-1.2675,0.0800,6.8492
2026-05-09T12:15:18.390,-1.2093,0.0800,6.8313
2026-05-09T12:15:18.403,-1.1421,0.0800,6.8111
2026-05-09T12:15:18.418,-1.0769,0.0800,6.7919
2026-05-09T12:15:18.432,-1.0176,0.0800,6.7749
2026-05-09T12:15:18.446,-0.9494,0.0800,6.7557
2026-05-09T12:15:18.460,-0.8834,0.0800,6.7371
2026-05-09T12:15:18.474,-0.8115,0.0800,6.7169
2026-05-09T12:15:18.488,-0.7496,0.0800,6.6995
2026-05-09T12:15:18.501,-0.6780,0.0800,6.6795
2026-05-09T12:15:18.515,-0.6127,0.0800,6.6612
2026-05-09T12:15:18.529,-0.5516,0.0800,6.6441
2026-05-09T12:15:18.542,-0.4787,0.0800,6.6237
2026-05-09T12:15:18.557,-0.4170,0.0800,6.6064
2026-05-09T12:15:18.571,-0.3526,0.0800,6.5884
2026-05-09T12:15:18.585,-0.2840,0.0800,6.5692
2026-05-09T12:15:18.598,-0.2149,0.0800,6.5498
2026-05-09T12:15:18.612,-0.1466,0.0800,6.5305
2026-05-09T12:15:18.626,-0.0901,0.0800,6.5146
2026-05-09T12:15:18.640,-0.0201,0.0800,6.4949
2026-05-09T12:15:18.655,0.0432,0.0800,6.4770
2026-05-09T12:15:18.668,0.1087,0.0800,6.4586
2026-05-09T12:15:18.682,0.1790,0.0800,6.4388
2026-05-09T12:15:18.696,0.2441,0.0800,6.4205
2026-05-09T12:15:18.710,0.3069,0.0800,6.4028
2026-05-09T12:15:18.723,0.3733,0.0800,6.3842
2026-05-09T12:15:18.738,0.4406,0.0800,6.3652
2026-05-09T12:15:18.752,0.5023,0.0800,6.3479
2026-05-09T12:15:18.765,0.5708,0.0800,6.3287
2026-05-09T12:15:18.778,0.6383,0.0800,6.3097
2026-05-09T12:15:18.793,0.6962,0.0800,6.2934
2026-05-09T12:15:18.807,0.7609,0.0800,6.2751
2026-05-09T12:15:18.820,0.8336,0.0800,6.2546
2026-05-09T12:15:18.834,0.8968,0.0800,6.2367
2026-05-09T12:15:18.849,0.9587,0.0800,6.2192
2026-05-09T12:15:18.862,1.0264,0.0800,6.2000
2026-05-09T12:15:18.876,1.0977,0.0800,6.1797
2026-05-09T12:15:18.890,1.1601,0.0800,6.1620
2026-05-09T12:15:18.903,1.2278,0.0800,6.1428
2026-05-09T12:15:18.918,1.2954,0.0800,6.1236
2026-05-09T12:15:18.932,1.3576,0.0800,6.1059
2026-05-09T12:15:18.946,1.4301,0.0800,6.0853
2026-05-09T12:15:18.959,1.4937,0.0800,6.0672
2026-05-09T12:15:18.974,1.5595,0.0800,6.0484
2026-05-09T12:15:18.988,1.6238,0.0800,6.0300
2026-05-09T12:15:19.000,1.6941,0.0800,6.0099
2026-05-09T12:15:19.015,1.7616,0.0800,5.9907
2026-05-09T12:15:19.029,1.8220,0.0800,5.9734
2026-05-09T12:15:19.042,1.8916,0.0800,5.9536
2026-05-09T12:15:19.057,1.9583,0.0800,5.9345
2026-05-09T12:15:19.071,2.0217,0.0800,5.9164
2026-05-09T12:15:19.084,2.0918,0.0800,5.8964
2026-05-09T12:15:19.098,2.1579,0.0800,5.8775
2026-05-09T12:15:19.112,2.2227,0.0800,5.8589
2026-05-09T12:15:19.126,2.2894,0.0800,5.8398
2026-05-09T12:15:19.139,2.3557,0.0800,5.8208
2026-05-09T12:15:19.154,2.4210,0.0800,5.8019
2026-05-09T12:15:19.168,2.4869,0.0800,5.7829
2026-05-09T12:15:19.181,2.5559,0.0800,5.7630
2026-05-09T12:15:19.196,2.6200,0.0800,5.7445
2026-05-09T12:15:19.210,2.6853,0.0800,5.7257
2026-05-09T12:15:19.223,2.7504,0.0800,5.7073
2026-05-09T12:15:19.237,2.8132,0.0800,5.6900
2026-05-09T12:15:19.251,2.8740,0.0800,5.6738
2026-05-09T12:15:19.265,2.9366,0.0800,5.6577
2026-05-09T12:15:19.279,3.0032,0.0800,5.6411
2026-05-09T12:15:19.293,3.0598,0.0800,5.6275
2026-05-09T12:15:19.307,3.1217,0.0800,5.6133
2026-05-09T12:15:19.321,3.1844,0.0800,5.5994
2026-05-09T12:15:19.334,3.2480,0.0800,5.5857
2026-05-09T12:15:19.349,3.3109,0.0800,5.5729
2026-05-09T12:15:19.362,3.3713,0.0800,5.5611
2026-05-09T12:15:19.377,3.4389,0.0800,5.5484
2026-05-09T12:15:19.390,3.4999,0.0800,5.5376
2026-05-09T12:15:19.403,3.5633,0.0800,5.5268
2026-05-09T12:15:19.418,3.6280,0.0800,5.5164
2026-05-09T12:15:19.432,3.6858,0.0800,5.5075
2026-05-09T12:15:19.446,3.7526,0.0800,5.4979
2026-05-09T12:15:19.459,3.8187,0.0800,5.4888
2026-05-09T12:15:19.474,3.8854,0.0800,5.4800
2026-05-09T12:15:19.488,3.9497,0.0800,5.4721
2026-05-09T12:15:19.501,4.0192,0.0800,5.4639
2026-05-09T12:15:19.515,4.0886,0.0800,5.4560
2026-05-09T12:15:19.529,4.1514,0.0800,5.4489
2026-05-09T12:15:19.543,4.2241,0.0800,5.4408
2026-05-09T12:15:19.557,4.2933,0.0800,5.4329
2026-05-09T12:15:19.571,4.3608,0.0800,5.4254
2026-05-09T12:15:19.584,4.4321,0.0800,5.4174
2026-05-09T12:15:19.599,4.4982,0.0800,5.4100
2026-05-09T12:15:19.612,4.5691,0.0800,5.4020
2026-05-09T12:15:19.626,4.6368,0.0800,5.3944
2026-05-09T12:15:19.640,4.7075,0.0800,5.3865
2026-05-09T12:15:19.654,4.7744,0.0800,5.3790
2026-05-09T12:15:19.668,4.8438,0.0800,5.3712
2026-05-09T12:15:19.681,4.9130,0.0800,5.3635
2026-05-09T12:15:19.696,4.9799,0.0800,5.3559
2026-05-09T12:15:19.710,5.0487,0.0800,5.3482
2026-05-09T12:15:19.723,5.1213,0.0800,5.3401
2026-05-09T12:15:19.737,5.1902,0.0800,5.3325
2026-05-09T12:15:19.751,5.2550,0.0800,5.3253
2026-05-09T12:15:19.764,5.3250,0.0800,5.3176
2026-05-09T12:15:19.779,5.3950,0.0800,5.3099
2026-05-09T12:15:19.792,5.4575,0.0800,5.3030
2026-05-09T12:15:19.808,5.5307,0.0800,5.2950
2026-05-09T12:15:19.820,5.5982,0.0800,5.2877
2026-05-09T12:15:19.834,5.6748,0.0800,5.2794
2026-05-09T12:15:19.848,5.7194,0.0800,5.2751
2026-05-09T12:15:19.861,5.7683,0.0800,5.2708
2026-05-09T12:15:19.875,5.8064,0.0800,5.2680
2026-05-09T12:15:19.890,5.8239,0.0800,5.2673
2026-05-09T12:15:19.903,5.8351,0.0800,5.2670
2026-05-09T12:15:19.917,5.8334,0.0800,5.2671
2026-05-09T12:15:19.931,5.8283,0.0800,5.2672
2026-05-09T12:15:19.945,5.8198,0.0800,5.2671
2026-05-09T12:15:19.960,5.8097,0.0800,5.2666
2026-05-09T12:15:19.973,5.7972,0.0800,5.2658
2026-05-09T12:15:19.987,5.7827,0.0800,5.2646
2026-05-09T12:15:20.000,5.7688,0.0800,5.2631
2026-05-09T12:15:20.015,5.7528,0.0800,5.2609
2026-05-09T12:15:20.028,5.7372,0.0800,5.2585
2026-05-09T12:15:20.042,5.7164,0.0800,5.2549
2026-05-09T12:15:20.056,5.6977,0.0800,5.2510
2026-05-09T12:15:20.071,5.6777,0.0800,5.2467
2026-05-09T12:15:20.084,5.6566,0.0800,5.2415
2026-05-09T12:15:20.098,5.6332,0.0800,5.2352
2026-05-09T12:15:20.113,5.6106,0.0800,5.2286
2026-05-09T12:15:20.126,5.5871,0.0800,5.2213
2026-05-09T12:15:20.140,5.5615,0.0800,5.2128
2026-05-09T12:15:20.153,5.5385,0.0800,5.2044
2026-05-09T12:15:20.167,5.5147,0.0800,5.1953
2026-05-09T12:15:20.181,5.4921,0.0800,5.1862
2026-05-09T12:15:20.195,5.4680,0.0800,5.1758
2026-05-09T12:15:20.210,5.4425,0.0800,5.1643
2026-05-09T12:15:20.223,5.4184,0.0800,5.1528
2026-05-09T12:15:20.237,5.3941,0.0800,5.1405
2026-05-09T12:15:20.251,5.3712,0.0800,5.1285
2026-05-09T12:15:20.265,5.3479,0.0800,5.1156
2026-05-09T12:15:20.278,5.3238,0.0800,5.1017
2026-05-09T12:15:20.293,5.3024,0.0800,5.0884
2026-05-09T12:15:20.307,5.2799,0.0800,5.0742
2026-05-09T12:15:20.320,5.2567,0.0800,5.0588
2026-05-09T12:15:20.335,5.2346,0.0800,5.0432
2026-05-09T12:15:20.348,5.2137,0.0800,5.0280
2026-05-09T12:15:20.361,5.1918,0.0800,5.0114
2026-05-09T12:15:20.376,5.1712,0.0800,4.9950
2026-05-09T12:15:20.389,5.1520,0.0800,4.9791
2026-05-09T12:15:20.403,5.1310,0.0800,4.9612
2026-05-09T12:15:20.418,5.1112,0.0800,4.9433
2026-05-09T12:15:20.431,5.0922,0.0800,4.9257
2026-05-09T12:15:20.445,5.0725,0.0800,4.9067
2026-05-09T12:15:20.459,5.0539,0.0800,4.8878
2026-05-09T12:15:20.473,5.0359,0.0800,4.8690
2026-05-09T12:15:20.487,5.0170,0.0800,4.8484
2026-05-09T12:15:20.500,5.0019,0.0800,4.8312
2026-05-09T12:15:20.515,4.9876,0.0800,4.8141
2026-05-09T12:15:20.529,4.9745,0.0800,4.7981
2026-05-09T12:15:20.542,4.9608,0.0800,4.7806
2026-05-09T12:15:20.557,4.9492,0.0800,4.7646
2026-05-09T12:15:20.571,4.9399,0.0800,4.7517
2026-05-09T12:15:20.583,4.9319,0.0800,4.7400
2026-05-09T12:15:20.597,4.9250,0.0800,4.7292
2026-05-09T12:15:20.611,4.9207,0.0800,4.7225
2026-05-09T12:15:20.625,4.9169,0.0800,4.7162
2026-05-09T12:15:20.639,4.9155,0.0800,4.7142
2026-05-09T12:15:20.668,4.9154,0.0800,4.7144
2026-05-09T12:15:20.683,4.9162,0.0800,4.7165
2026-05-09T12:15:20.697,4.9182,0.0800,4.7212
2026-05-09T12:15:20.712,4.9204,0.0800,4.7269
2026-05-09T12:15:20.725,4.9235,0.0800,4.7352
2026-05-09T12:15:20.739,4.9265,0.0800,4.7441
2026-05-09T12:15:20.753,4.9293,0.0800,4.7525
2026-05-09T12:15:20.767,4.9320,0.0800,4.7615
2026-05-09T12:15:20.783,4.9346,0.0800,4.7711
2026-05-09T12:15:20.801,4.9371,0.0800,4.7807
2026-05-09T12:15:20.819,4.9397,0.0800,4.7921
2026-05-09T12:15:20.835,4.9422,0.0800,4.8049
2026-05-09T12:15:20.850,4.9444,0.0800,4.8180
2026-05-09T12:15:20.864,4.9459,0.0800,4.8293
2026-05-09T12:15:20.878,4.9474,0.0800,4.8406
2026-05-09T12:15:20.892,4.9483,0.0800,4.8506
2026-05-09T12:15:20.907,4.9491,0.0800,4.8613
2026-05-09T12:15:20.922,4.9496,0.0800,4.8718
2026-05-09T12:15:20.939,4.9500,0.0800,4.8826
2026-05-09T12:15:20.955,4.9501,0.0800,4.8944
2026-05-09T12:15:20.969,4.9498,0.0800,4.9083
2026-05-09T12:15:20.983,4.9492,0.0800,4.9216
2026-05-09T12:15:20.998,4.9486,0.0800,4.9337
2026-05-09T12:15:21.012,4.9474,0.0800,4.9468
2026-05-09T12:15:21.026,4.9459,0.0800,4.9597
2026-05-09T12:15:21.041,4.9438,0.0800,4.9754
2026-05-09T12:15:21.055,4.9417,0.0800,4.9901
2026-05-09T12:15:21.070,4.9387,0.0800,5.0072
2026-05-09T12:15:21.085,4.9350,0.0800,5.0254
2026-05-09T12:15:21.099,4.9309,0.0800,5.0446
2026-05-09T12:15:21.114,4.9263,0.0800,5.0634
2026-05-09T12:15:21.128,4.9209,0.0800,5.0832
2026-05-09T12:15:21.142,4.9146,0.0800,5.1048
2026-05-09T12:15:21.157,4.9090,0.0800,5.1230
2026-05-09T12:15:21.172,4.9020,0.0800,5.1436
2026-05-09T12:15:21.187,4.8938,0.0800,5.1661
2026-05-09T12:15:21.203,4.8836,0.0800,5.1923
2026-05-09T12:15:21.221,4.8745,0.0800,5.2147
2026-05-09T12:15:21.235,4.8626,0.0800,5.2419
2026-05-09T12:15:21.252,4.8494,0.0800,5.2699
2026-05-09T12:15:21.264,4.8377,0.0800,5.2933
2026-05-09T12:15:21.279,4.8227,0.0800,5.3221
2026-05-09T12:15:21.293,4.8120,0.0800,5.3416
2026-05-09T12:15:21.310,4.7982,0.0800,5.3655
2026-05-09T12:15:21.327,4.7840,0.0800,5.3886
2026-05-09T12:15:21.345,4.7673,0.0800,5.4151
2026-05-09T12:15:21.360,4.7480,0.0800,5.4437
2026-05-09T12:15:21.376,4.7273,0.0800,5.4729
2026-05-09T12:15:21.390,4.7097,0.0800,5.4962
2026-05-09T12:15:21.404,4.6901,0.0800,5.5213
2026-05-09T12:15:21.420,4.6713,0.0800,5.5445
2026-05-09T12:15:21.435,4.6521,0.0800,5.5669
2026-05-09T12:15:21.451,4.6298,0.0800,5.5919
2026-05-09T12:15:21.469,4.6068,0.0800,5.6167
2026-05-09T12:15:21.483,4.5775,0.0800,5.6470
2026-05-09T12:15:21.499,4.5479,0.0800,5.6766
2026-05-09T12:15:21.514,4.5237,0.0800,5.6992
2026-05-09T12:15:21.529,4.4956,0.0800,5.7247
2026-05-09T12:15:21.544,4.4653,0.0800,5.7510
2026-05-09T12:15:21.559,4.4378,0.0800,5.7742
2026-05-09T12:15:21.575,4.4073,0.0800,5.7985
2026-05-09T12:15:21.589,4.3742,0.0800,5.8240
2026-05-09T12:15:21.603,4.3386,0.0800,5.8503
2026-05-09T12:15:21.619,4.3045,0.0800,5.8747
2026-05-09T12:15:21.633,4.2700,0.0800,5.8982
2026-05-09T12:15:21.648,4.2290,0.0800,5.9250
2026-05-09T12:15:21.661,4.1924,0.0800,5.9479
2026-05-09T12:15:21.675,4.1523,0.0800,5.9723
2026-05-09T12:15:21.694,4.1177,0.0800,5.9924
2026-05-09T12:15:21.708,4.0768,0.0800,6.0152
2026-05-09T12:15:21.721,4.0245,0.0800,6.0433
2026-05-09T12:15:21.735,3.9833,0.0800,6.0646
2026-05-09T12:15:21.749,3.9427,0.0800,6.0845
2026-05-09T12:15:21.762,3.9013,0.0800,6.1041
2026-05-09T12:15:21.776,3.8556,0.0800,6.1250
2026-05-09T12:15:21.790,3.8152,0.0800,6.1425
2026-05-09T12:15:21.803,3.7682,0.0800,6.1621
2026-05-09T12:15:21.818,3.7238,0.0800,6.1799
2026-05-09T12:15:21.831,3.6799,0.0800,6.1967
2026-05-09T12:15:21.846,3.6298,0.0800,6.2149
2026-05-09T12:15:21.860,3.5859,0.0800,6.2302
2026-05-09T12:15:21.873,3.5325,0.0800,6.2479
2026-05-09T12:15:21.887,3.4844,0.0800,6.2629
2026-05-09T12:15:21.901,3.4363,0.0800,6.2772
2026-05-09T12:15:21.916,3.3866,0.0800,6.2914
2026-05-09T12:15:21.930,3.3387,0.0800,6.3042
2026-05-09T12:15:21.944,3.2808,0.0800,6.3187
2026-05-09T12:15:21.958,3.2333,0.0800,6.3300
2026-05-09T12:15:21.972,3.1825,0.0800,6.3412
2026-05-09T12:15:21.986,3.1304,0.0800,6.3518
2026-05-09T12:15:22.000,3.0792,0.0800,6.3615
2026-05-09T12:15:22.014,3.0267,0.0800,6.3708
2026-05-09T12:15:22.028,2.9714,0.0800,6.3797
2026-05-09T12:15:22.041,2.9073,0.0800,6.3892
2026-05-09T12:15:22.055,2.8475,0.0800,6.3975
2026-05-09T12:15:22.069,2.7838,0.0800,6.4057
2026-05-09T12:15:22.083,2.7179,0.0800,6.4137
2026-05-09T12:15:22.097,2.6507,0.0800,6.4215
2026-05-09T12:15:22.111,2.5777,0.0800,6.4298
2026-05-09T12:15:22.125,2.5112,0.0800,6.4374
2026-05-09T12:15:22.139,2.4389,0.0800,6.4410
2026-05-09T12:15:22.153,2.3750,0.0800,6.4410
2026-05-09T12:15:22.166,2.3070,0.0800,6.4410
2026-05-09T12:15:22.181,2.2386,0.0800,6.4411
2026-05-09T12:15:22.196,2.1712,0.0800,6.4411
2026-05-09T12:15:22.210,2.0973,0.0800,6.4411
2026-05-09T12:15:22.223,2.0270,0.0800,6.4411
2026-05-09T12:15:22.237,1.9623,0.0800,6.4411
2026-05-09T12:15:22.252,1.8958,0.0800,6.4411
2026-05-09T12:15:22.266,1.8280,0.0800,6.4412
2026-05-09T12:15:22.280,1.7557,0.0800,6.4412
2026-05-09T12:15:22.294,1.6924,0.0800,6.4412
2026-05-09T12:15:22.307,1.6210,0.0800,6.4413
2026-05-09T12:15:22.321,1.5547,0.0800,6.4413
2026-05-09T12:15:22.335,1.4889,0.0800,6.4413
2026-05-09T12:15:22.349,1.4246,0.0800,6.4413
2026-05-09T12:15:22.363,1.3576,0.0800,6.4414
2026-05-09T12:15:22.378,1.2873,0.0800,6.4414
2026-05-09T12:15:22.391,1.2222,0.0800,6.4414
2026-05-09T12:15:22.405,1.1517,0.0800,6.4414
2026-05-09T12:15:22.419,1.0850,0.0800,6.4415
2026-05-09T12:15:22.432,1.0223,0.0800,6.4415
2026-05-09T12:15:22.447,0.9558,0.0800,6.4415
2026-05-09T12:15:22.460,0.8926,0.0800,6.4415
2026-05-09T12:15:22.474,0.8253,0.0800,6.4416
2026-05-09T12:15:22.488,0.7662,0.0800,6.4416
2026-05-09T12:15:22.501,0.7083,0.0800,6.4417
2026-05-09T12:15:22.516,0.6508,0.0800,6.4417
2026-05-09T12:15:22.530,0.5983,0.0800,6.4418
2026-05-09T12:15:22.543,0.5382,0.0800,6.4419
2026-05-09T12:15:22.558,0.4856,0.0800,6.4419
2026-05-09T12:15:22.572,0.4359,0.0800,6.4419
2026-05-09T12:15:22.586,0.3770,0.0800,6.4420
2026-05-09T12:15:22.598,0.3280,0.0800,6.4421
2026-05-09T12:15:22.613,0.2757,0.0800,6.4421
2026-05-09T12:15:22.627,0.2292,0.0800,6.4421
2026-05-09T12:15:22.641,0.1726,0.0800,6.4538
2026-05-09T12:15:22.655,0.1219,0.0800,6.4726
2026-05-09T12:15:22.669,0.0732,0.0800,6.4916
2026-05-09T12:15:22.683,0.0209,0.0800,6.5128
2026-05-09T12:15:22.696,-0.0304,0.0800,6.5343
2026-05-09T12:15:22.710,-0.0793,0.0800,6.5556
2026-05-09T12:15:22.723,-0.1275,0.0800,6.5775
2026-05-09T12:15:22.737,-0.1761,0.0800,6.6002
2026-05-09T12:15:22.751,-0.2258,0.0800,6.6243
2026-05-09T12:15:22.765,-0.2720,0.0800,6.6475
2026-05-09T12:15:22.778,-0.3211,0.0800,6.6731
2026-05-09T12:15:22.792,-0.3683,0.0800,6.6983
2026-05-09T12:15:22.806,-0.4135,0.0800,6.7234
2026-05-09T12:15:22.820,-0.4609,0.0800,6.7505
2026-05-09T12:15:22.835,-0.5084,0.0800,6.7784
2026-05-09T12:15:22.848,-0.5539,0.0800,6.8061
2026-05-09T12:15:22.862,-0.6017,0.0800,6.8360
2026-05-09T12:15:22.876,-0.6486,0.0800,6.8662
2026-05-09T12:15:22.889,-0.6917,0.0800,6.8949
2026-05-09T12:15:22.903,-0.7388,0.0800,6.9271
2026-05-09T12:15:22.917,-0.7812,0.0800,6.9568
2026-05-09T12:15:22.930,-0.8237,0.0800,6.9876
2026-05-09T12:15:22.944,-0.8714,0.0800,7.0231
2026-05-09T12:15:22.958,-0.9153,0.0800,7.0565
2026-05-09T12:15:22.972,-0.9624,0.0800,7.0932
2026-05-09T12:15:22.986,-1.0157,0.0800,7.1357
2026-05-09T12:15:23.000,-1.0702,0.0800,7.1798
2026-05-09T12:15:23.015,-1.1239,0.0800,7.2231
2026-05-09T12:15:23.029,-1.1715,0.0800,7.2616
2026-05-09T12:15:23.043,-1.2276,0.0800,7.3069
2026-05-09T12:15:23.057,-1.2795,0.0800,7.3488
2026-05-09T12:15:23.071,-1.3297,0.0800,7.3886
2026-05-09T12:15:23.085,-1.3806,0.0800,7.4285
2026-05-09T12:15:23.099,-1.4313,0.0800,7.4675
2026-05-09T12:15:23.114,-1.4838,0.0800,7.5071
2026-05-09T12:15:23.128,-1.5320,0.0800,7.5428
2026-05-09T12:15:23.143,-1.5912,0.0800,7.5858
2026-05-09T12:15:23.158,-1.6425,0.0800,7.6225
2026-05-09T12:15:23.172,-1.6953,0.0800,7.6592
2026-05-09T12:15:23.187,-1.7484,0.0800,7.6954
2026-05-09T12:15:23.201,-1.8009,0.0800,7.7304
2026-05-09T12:15:23.217,-1.8513,0.0800,7.7631
2026-05-09T12:15:23.232,-1.8984,0.0800,7.7927
2026-05-09T12:15:23.246,-1.9510,0.0800,7.8247
2026-05-09T12:15:23.260,-1.9945,0.0800,7.8501
2026-05-09T12:15:23.274,-2.0370,0.0800,7.8742
2026-05-09T12:15:23.288,-2.0740,0.0800,7.8943
2026-05-09T12:15:23.302,-2.1122,0.0800,7.9141
2026-05-09T12:15:23.318,-2.1483,0.0800,7.9323
2026-05-09T12:15:23.333,-2.1842,0.0800,7.9493
2026-05-09T12:15:23.348,-2.2263,0.0800,7.9684
2026-05-09T12:15:23.363,-2.2619,0.0800,7.9836
2026-05-09T12:15:23.377,-2.3020,0.0800,8.0000
2026-05-09T12:15:23.391,-2.3396,0.0800,8.0144
2026-05-09T12:15:23.404,-2.3766,0.0800,8.0277
2026-05-09T12:15:23.418,-2.4123,0.0800,8.0399
2026-05-09T12:15:23.432,-2.4474,0.0800,8.0511
2026-05-09T12:15:23.446,-2.4842,0.0800,8.0621
2026-05-09T12:15:23.460,-2.5205,0.0800,8.0722
2026-05-09T12:15:23.475,-2.5590,0.0800,8.0823
2026-05-09T12:15:23.489,-2.5956,0.0800,8.0911
2026-05-09T12:15:23.502,-2.6353,0.0800,8.0998
2026-05-09T12:15:23.517,-2.6709,0.0800,8.1071
2026-05-09T12:15:23.531,-2.7079,0.0800,8.1137
2026-05-09T12:15:23.545,-2.7473,0.0800,8.1201
2026-05-09T12:15:23.559,-2.7845,0.0800,8.1256
2026-05-09T12:15:23.573,-2.8226,0.0800,8.1304
2026-05-09T12:15:23.587,-2.8621,0.0800,8.1346
2026-05-09T12:15:23.600,-2.9001,0.0800,8.1379
2026-05-09T12:15:23.614,-2.9382,0.0800,8.1406
2026-05-09T12:15:23.629,-2.9735,0.0800,8.1424
2026-05-09T12:15:23.644,-3.0129,0.0800,8.1437
2026-05-09T12:15:23.658,-3.0526,0.0800,8.1444
2026-05-09T12:15:23.672,-3.0926,0.0800,8.1441
2026-05-09T12:15:23.686,-3.1322,0.0800,8.1431
2026-05-09T12:15:23.699,-3.1712,0.0800,8.1413
2026-05-09T12:15:23.722,-3.2115,0.0800,8.1389
2026-05-09T12:15:23.737,-3.2521,0.0800,8.1356
2026-05-09T12:15:23.750,-3.3271,0.0800,8.1284
2026-05-09T12:15:23.763,-3.3754,0.0800,8.1224
2026-05-09T12:15:23.778,-3.4206,0.0800,8.1162
2026-05-09T12:15:23.791,-3.4656,0.0800,8.1092
2026-05-09T12:15:23.805,-3.5169,0.0800,8.1004
2026-05-09T12:15:23.819,-3.5671,0.0800,8.0910
2026-05-09T12:15:23.833,-3.6198,0.0800,8.0806
2026-05-09T12:15:23.847,-3.6727,0.0800,8.0692
2026-05-09T12:15:23.861,-3.7336,0.0800,8.0553
2026-05-09T12:15:23.875,-3.7964,0.0800,8.0404
2026-05-09T12:15:23.889,-3.8566,0.0800,8.0254
2026-05-09T12:15:23.902,-3.9214,0.0800,8.0085
2026-05-09T12:15:23.917,-3.9808,0.0800,7.9926
2026-05-09T12:15:23.930,-4.0389,0.0800,7.9763
2026-05-09T12:15:23.944,-4.1050,0.0800,7.9573
2026-05-09T12:15:23.959,-4.1627,0.0800,7.9402
2026-05-09T12:15:23.972,-4.2234,0.0800,7.9215
2026-05-09T12:15:23.986,-4.2880,0.0800,7.9010
2026-05-09T12:15:24.000,-4.3484,0.0800,7.8813
2026-05-09T12:15:24.014,-4.4100,0.0800,7.8607
2026-05-09T12:15:24.028,-4.4699,0.0800,7.8400
2026-05-09T12:15:24.041,-4.5334,0.0800,7.8176
2026-05-09T12:15:24.055,-4.5955,0.0800,7.7953
2026-05-09T12:15:24.070,-4.6567,0.0800,7.7727
2026-05-09T12:15:24.083,-4.7175,0.0800,7.7500
2026-05-09T12:15:24.098,-4.7808,0.0800,7.7258
2026-05-09T12:15:24.112,-4.8432,0.0800,7.7015
2026-05-09T12:15:24.126,-4.9038,0.0800,7.6774
2026-05-09T12:15:24.139,-4.9744,0.0800,7.6489
2026-05-09T12:15:24.153,-5.0270,0.0800,7.6272
2026-05-09T12:15:24.166,-5.0860,0.0800,7.6022
2026-05-09T12:15:24.180,-5.1443,0.0800,7.5770
2026-05-09T12:15:24.195,-5.1979,0.0800,7.5533
2026-05-09T12:15:24.209,-5.2559,0.0800,7.5269
2026-05-09T12:15:24.222,-5.3136,0.0800,7.5000
2026-05-09T12:15:24.236,-5.3675,0.0800,7.4741
2026-05-09T12:15:24.250,-5.4184,0.0800,7.4490
2026-05-09T12:15:24.263,-5.4709,0.0800,7.4223
2026-05-09T12:15:24.278,-5.5221,0.0800,7.3957
2026-05-09T12:15:24.292,-5.5708,0.0800,7.3695
2026-05-09T12:15:24.306,-5.6213,0.0800,7.3416
2026-05-09T12:15:24.319,-5.6741,0.0800,7.3116
2026-05-09T12:15:24.334,-5.7226,0.0800,7.2833
2026-05-09T12:15:24.347,-5.7690,0.0800,7.2554
2026-05-09T12:15:24.361,-5.8190,0.0800,7.2245
2026-05-09T12:15:24.375,-5.8695,0.0800,7.1924
2026-05-09T12:15:24.389,-5.9133,0.0800,7.1637
2026-05-09T12:15:24.403,-5.9635,0.0800,7.1300
2026-05-09T12:15:24.417,-6.0104,0.0800,7.0978
2026-05-09T12:15:24.431,-6.0540,0.0800,7.0667
2026-05-09T12:15:24.444,-6.1020,0.0800,7.0318
2026-05-09T12:15:24.458,-6.1462,0.0800,6.9989
2026-05-09T12:15:24.472,-6.1918,0.0800,6.9638
2026-05-09T12:15:24.486,-6.2362,0.0800,6.9289
2026-05-09T12:15:24.500,-6.2851,0.0800,6.8896
2026-05-09T12:15:24.514,-6.3292,0.0800,6.8534
2026-05-09T12:15:24.528,-6.3721,0.0800,6.8172
2026-05-09T12:15:24.541,-6.4188,0.0800,6.7768
2026-05-09T12:15:24.555,-6.4614,0.0800,6.7393
2026-05-09T12:15:24.569,-6.5051,0.0800,6.6997
2026-05-09T12:15:24.583,-6.5482,0.0800,6.6599
2026-05-09T12:15:24.597,-6.5917,0.0800,6.6189
2026-05-09T12:15:24.611,-6.6366,0.0800,6.5755
2026-05-09T12:15:24.625,-6.6762,0.0800,6.5362
2026-05-09T12:15:24.639,-6.7199,0.0800,6.4920
2026-05-09T12:15:24.653,-6.7606,0.0800,6.4501
2026-05-09T12:15:24.667,-6.8031,0.0800,6.4052
2026-05-09T12:15:24.680,-6.8449,0.0800,6.3602
2026-05-09T12:15:24.695,-6.8865,0.0800,6.3145
2026-05-09T12:15:24.708,-6.9298,0.0800,6.2662
2026-05-09T12:15:24.722,-6.9764,0.0800,6.2131
2026-05-09T12:15:24.736,-7.0171,0.0800,6.1663
2026-05-09T12:15:24.750,-7.0598,0.0800,6.1164
2026-05-09T12:15:24.764,-7.1057,0.0800,6.0621
2026-05-09T12:15:24.777,-7.1499,0.0800,6.0095
2026-05-09T12:15:24.792,-7.1919,0.0800,5.9596
2026-05-09T12:15:24.806,-7.2360,0.0800,5.9072
2026-05-09T12:15:24.819,-7.2824,0.0800,5.8520
2026-05-09T12:15:24.833,-7.3266,0.0800,5.7995
2026-05-09T12:15:24.847,-7.3697,0.0800,5.7483
2026-05-09T12:15:24.861,-7.4153,0.0800,5.6941
2026-05-09T12:15:24.875,-7.4599,0.0800,5.6412
2026-05-09T12:15:24.889,-7.5061,0.0800,5.5864
2026-05-09T12:15:24.903,-7.5515,0.0800,5.5325
2026-05-09T12:15:24.916,-7.5958,0.0800,5.4798
2026-05-09T12:15:24.930,-7.6396,0.0800,5.4279
2026-05-09T12:15:24.944,-7.6839,0.0800,5.3752
2026-05-09T12:15:24.958,-7.7262,0.0800,5.3249
2026-05-09T12:15:24.972,-7.7681,0.0800,5.2749
2026-05-09T12:15:24.986,-7.8089,0.0800,5.2256
2026-05-09T12:15:25.000,-7.8507,0.0800,5.1744
2026-05-09T12:15:25.016,-7.8920,0.0800,5.1227
2026-05-09T12:15:25.030,-7.9260,0.0800,5.0792
2026-05-09T12:15:25.046,-7.9664,0.0800,5.0263
2026-05-09T12:15:25.060,-7.9982,0.0800,4.9836
2026-05-09T12:15:25.074,-8.0301,0.0800,4.9389
2026-05-09T12:15:25.088,-8.0590,0.0800,4.8972
2026-05-09T12:15:25.103,-8.0831,0.0800,4.8609
2026-05-09T12:15:25.118,-8.1083,0.0800,4.8219
2026-05-09T12:15:25.134,-8.1307,0.0800,4.7856
2026-05-09T12:15:25.151,-8.1549,0.0800,4.7446
2026-05-09T12:15:25.165,-8.1758,0.0800,4.7076
2026-05-09T12:15:25.180,-8.1973,0.0800,4.6679
2026-05-09T12:15:25.194,-8.2151,0.0800,4.6331
2026-05-09T12:15:25.208,-8.2340,0.0800,4.5942
2026-05-09T12:15:25.222,-8.2500,0.0800,4.5595
2026-05-09T12:15:25.238,-8.2659,0.0800,4.5237
2026-05-09T12:15:25.254,-8.2808,0.0800,4.4879
2026-05-09T12:15:25.270,-8.2967,0.0800,4.4475
2026-05-09T12:15:25.286,-8.3119,0.0800,4.4063
2026-05-09T12:15:25.304,-8.3266,0.0800,4.3647
2026-05-09T12:15:25.320,-8.3408,0.0800,4.3205
2026-05-09T12:15:25.335,-8.3546,0.0800,4.2748
2026-05-09T12:15:25.351,-8.3665,0.0800,4.2316
2026-05-09T12:15:25.365,-8.3768,0.0800,4.1909
2026-05-09T12:15:25.382,-8.3865,0.0800,4.1498
2026-05-09T12:15:25.399,-8.3946,0.0800,4.1112
2026-05-09T12:15:25.415,-8.4039,0.0800,4.0623
2026-05-09T12:15:25.431,-8.4111,0.0800,4.0196
2026-05-09T12:15:25.448,-8.4177,0.0800,3.9737
2026-05-09T12:15:25.463,-8.4231,0.0800,3.9293
2026-05-09T12:15:25.479,-8.4279,0.0800,3.8828
2026-05-09T12:15:25.496,-8.4311,0.0800,3.8427
2026-05-09T12:15:25.513,-8.4337,0.0800,3.7984
2026-05-09T12:15:25.530,-8.4354,0.0800,3.7525
2026-05-09T12:15:25.547,-8.4362,0.0800,3.7057
2026-05-09T12:15:25.566,-8.4361,0.0800,3.6590
2026-05-09T12:15:25.583,-8.4346,0.0800,3.6078
2026-05-09T12:15:25.600,-8.4320,0.0800,3.5592
2026-05-09T12:15:25.616,-8.4284,0.0800,3.5104
2026-05-09T12:15:25.632,-8.4241,0.0800,3.4678
2026-05-09T12:15:25.648,-8.4185,0.0800,3.4212
2026-05-09T12:15:25.666,-8.4124,0.0800,3.3782
2026-05-09T12:15:25.684,-8.4053,0.0800,3.3341
2026-05-09T12:15:25.704,-8.3971,0.0800,3.2906
2026-05-09T12:15:25.723,-8.3869,0.0800,3.2423
2026-05-09T12:15:25.740,-8.3747,0.0800,3.1909
2026-05-09T12:15:25.757,-8.3627,0.0800,3.1457
2026-05-09T12:15:25.774,-8.3502,0.0800,3.1033
2026-05-09T12:15:25.792,-8.3369,0.0800,3.0616
2026-05-09T12:15:25.809,-8.3224,0.0800,3.0199
2026-05-09T12:15:25.824,-8.3067,0.0800,2.9777
2026-05-09T12:15:25.840,-8.2913,0.0800,2.9385
2026-05-09T12:15:25.858,-8.2763,0.0800,2.9034
2026-05-09T12:15:25.877,-8.2585,0.0800,2.8638
2026-05-09T12:15:25.893,-8.2398,0.0800,2.8245
2026-05-09T12:15:25.910,-8.2179,0.0800,2.7813
2026-05-09T12:15:25.927,-8.1984,0.0800,2.7449
2026-05-09T12:15:25.944,-8.1751,0.0800,2.7039
2026-05-09T12:15:25.960,-8.1553,0.0800,2.6706
2026-05-09T12:15:25.976,-8.1317,0.0800,2.6331
2026-05-09T12:15:25.992,-8.1093,0.0800,2.5994
2026-05-09T12:15:26.008,-8.0859,0.0800,2.5660
2026-05-09T12:15:26.024,-8.0616,0.0800,2.5326
2026-05-09T12:15:26.041,-8.0359,0.0800,2.4987
2026-05-09T12:15:26.057,-8.0118,0.0800,2.4686
2026-05-09T12:15:26.072,-7.9837,0.0800,2.4348
2026-05-09T12:15:26.087,-7.9575,0.0800,2.4048
2026-05-09T12:15:26.101,-7.9308,0.0800,2.3754
2026-05-09T12:15:26.117,-7.9051,0.0800,2.3481
2026-05-09T12:15:26.132,-7.8805,0.0800,2.3231
2026-05-09T12:15:26.148,-7.8496,0.0800,2.2928
2026-05-09T12:15:26.162,-7.8220,0.0800,2.2671
2026-05-09T12:15:26.176,-7.7906,0.0800,2.2387
2026-05-09T12:15:26.191,-7.7650,0.0800,2.2168
2026-05-09T12:15:26.205,-7.7346,0.0800,2.1916
2026-05-09T12:15:26.220,-7.7070,0.0800,2.1695
2026-05-09T12:15:26.234,-7.6771,0.0800,2.1467
2026-05-09T12:15:26.249,-7.6460,0.0800,2.1239
2026-05-09T12:15:26.263,-7.6144,0.0800,2.1017
2026-05-09T12:15:26.278,-7.5813,0.0800,2.0791
2026-05-09T12:15:26.292,-7.5507,0.0800,2.0593
2026-05-09T12:15:26.306,-7.5163,0.0800,2.0380
2026-05-09T12:15:26.319,-7.4818,0.0800,2.0174
2026-05-09T12:15:26.334,-7.4478,0.0800,1.9979
2026-05-09T12:15:26.348,-7.4134,0.0800,1.9791
2026-05-09T12:15:26.362,-7.3773,0.0800,1.9603
2026-05-09T12:15:26.377,-7.3388,0.0800,1.9408
2026-05-09T12:15:26.391,-7.3013,0.0800,1.9228
2026-05-09T12:15:26.405,-7.2554,0.0800,1.9017
2026-05-09T12:15:26.420,-7.2082,0.0800,1.8808
2026-05-09T12:15:26.434,-7.1591,0.0800,1.8601
2026-05-09T12:15:26.448,-7.1056,0.0800,1.8385
2026-05-09T12:15:26.462,-7.0507,0.0800,1.8172
2026-05-09T12:15:26.478,-6.9902,0.0800,1.7944
2026-05-09T12:15:26.493,-6.9342,0.0800,1.7742
2026-05-09T12:15:26.508,-6.8615,0.0800,1.7487
2026-05-09T12:15:26.522,-6.7986,0.0800,1.7273
2026-05-09T12:15:26.537,-6.7288,0.0800,1.7043
2026-05-09T12:15:26.552,-6.6681,0.0800,1.6849
2026-05-09T12:15:26.566,-6.6008,0.0800,1.6640
2026-05-09T12:15:26.580,-6.5370,0.0800,1.6448
2026-05-09T12:15:26.593,-6.4740,0.0800,1.6262
2026-05-09T12:15:26.608,-6.4104,0.0800,1.6081
2026-05-09T12:15:26.621,-6.3481,0.0800,1.5908
2026-05-09T12:15:26.636,-6.2833,0.0800,1.5734
2026-05-09T12:15:26.651,-6.2224,0.0800,1.5575
2026-05-09T12:15:26.665,-6.1565,0.0800,1.5408
2026-05-09T12:15:26.679,-6.0861,0.0800,1.5236
2026-05-09T12:15:26.694,-6.0253,0.0800,1.5093
2026-05-09T12:15:26.707,-5.9565,0.0800,1.4937
2026-05-09T12:15:26.720,-5.8930,0.0800,1.4798
2026-05-09T12:15:26.735,-5.8264,0.0800,1.4657
2026-05-09T12:15:26.748,-5.7686,0.0800,1.4540
2026-05-09T12:15:26.762,-5.7062,0.0800,1.4418
2026-05-09T12:15:26.776,-5.6412,0.0800,1.4296
2026-05-09T12:15:26.790,-5.5822,0.0800,1.4191
2026-05-09T12:15:26.803,-5.5164,0.0800,1.4078
2026-05-09T12:15:26.817,-5.4543,0.0800,1.3977
2026-05-09T12:15:26.833,-5.3946,0.0800,1.3886
2026-05-09T12:15:26.847,-5.3292,0.0800,1.3791
2026-05-09T12:15:26.861,-5.2543,0.0800,1.3689
2026-05-09T12:15:26.875,-5.1830,0.0800,1.3597
2026-05-09T12:15:26.889,-5.1245,0.0800,1.3528
2026-05-09T12:15:26.902,-5.0575,0.0800,1.3453
2026-05-09T12:15:26.917,-4.9951,0.0800,1.3387
2026-05-09T12:15:26.931,-4.9326,0.0800,1.3327
2026-05-09T12:15:26.944,-4.8629,0.0800,1.3265
2026-05-09T12:15:26.959,-4.8019,0.0800,1.3215
2026-05-09T12:15:26.973,-4.7389,0.0800,1.3169
2026-05-09T12:15:26.987,-4.6723,0.0800,1.3126
2026-05-09T12:15:27.000,-4.6070,0.0800,1.3090
2026-05-09T12:15:27.014,-4.5408,0.0800,1.3057
2026-05-09T12:15:27.028,-4.4771,0.0800,1.3031
2026-05-09T12:15:27.041,-4.4051,0.0800,1.3007
2026-05-09T12:15:27.056,-4.3386,0.0800,1.2986
2026-05-09T12:15:27.070,-4.2714,0.0800,1.2966
2026-05-09T12:15:27.083,-4.2019,0.0800,1.2946
2026-05-09T12:15:27.098,-4.1331,0.0800,1.2925
2026-05-09T12:15:27.112,-4.0637,0.0800,1.2904
2026-05-09T12:15:27.126,-3.9936,0.0800,1.2882
2026-05-09T12:15:27.139,-3.9193,0.0800,1.2860
2026-05-09T12:15:27.153,-3.8540,0.0800,1.2839
2026-05-09T12:15:27.167,-3.7878,0.0800,1.2819
2026-05-09T12:15:27.181,-3.7173,0.0800,1.2797
2026-05-09T12:15:27.195,-3.6499,0.0800,1.2776
2026-05-09T12:15:27.209,-3.5784,0.0800,1.2754
2026-05-09T12:15:27.223,-3.5082,0.0800,1.2732
2026-05-09T12:15:27.237,-3.4422,0.0800,1.2711
2026-05-09T12:15:27.251,-3.3735,0.0800,1.2689
2026-05-09T12:15:27.264,-3.3026,0.0800,1.2666
2026-05-09T12:15:27.278,-3.2316,0.0800,1.2643
2026-05-09T12:15:27.292,-3.1714,0.0800,1.2623
2026-05-09T12:15:27.305,-3.1008,0.0800,1.2600
2026-05-09T12:15:27.320,-3.0298,0.0800,1.2577
2026-05-09T12:15:27.333,-2.9628,0.0800,1.2556
2026-05-09T12:15:27.348,-2.8916,0.0800,1.2533
2026-05-09T12:15:27.361,-2.8257,0.0800,1.2512
2026-05-09T12:15:27.376,-2.7509,0.0800,1.2488
2026-05-09T12:15:27.389,-2.6879,0.0800,1.2467
2026-05-09T12:15:27.402,-2.6158,0.0800,1.2444
2026-05-09T12:15:27.417,-2.5500,0.0800,1.2423
2026-05-09T12:15:27.431,-2.4751,0.0800,1.2398
2026-05-09T12:15:27.444,-2.4102,0.0800,1.2376
2026-05-09T12:15:27.459,-2.3430,0.0800,1.2353
2026-05-09T12:15:27.473,-2.2755,0.0800,1.2330
2026-05-09T12:15:27.487,-2.2019,0.0800,1.2305
2026-05-09T12:15:27.500,-2.1365,0.0800,1.2283
2026-05-09T12:15:27.514,-2.0659,0.0800,1.2259
2026-05-09T12:15:27.528,-2.0033,0.0800,1.2238
2026-05-09T12:15:27.542,-1.9301,0.0800,1.2213
2026-05-09T12:15:27.556,-1.8604,0.0800,1.2190
2026-05-09T12:15:27.570,-1.7950,0.0800,1.2168
2026-05-09T12:15:27.584,-1.7247,0.0800,1.2144
2026-05-09T12:15:27.598,-1.6544,0.0800,1.2121
2026-05-09T12:15:27.612,-1.5836,0.0800,1.2097
2026-05-09T12:15:27.626,-1.5160,0.0800,1.2074
2026-05-09T12:15:27.639,-1.4460,0.0800,1.2051
2026-05-09T12:15:27.653,-1.3779,0.0800,1.2028
2026-05-09T12:15:27.667,-1.3130,0.0800,1.2005
2026-05-09T12:15:27.681,-1.2416,0.0800,1.1981
2026-05-09T12:15:27.696,-1.1737,0.0800,1.1958
2026-05-09T12:15:27.710,-1.1031,0.0800,1.1933
2026-05-09T12:15:27.723,-1.0305,0.0800,1.1908
2026-05-09T12:15:27.737,-0.9646,0.0800,1.1885
2026-05-09T12:15:27.751,-0.8996,0.0800,1.1863
2026-05-09T12:15:27.764,-0.8287,0.0800,1.1838
2026-05-09T12:15:27.779,-0.7588,0.0800,1.1814
2026-05-09T12:15:27.793,-0.6941,0.0800,1.1791
2026-05-09T12:15:27.807,-0.6203,0.0800,1.1765
2026-05-09T12:15:27.820,-0.5531,0.0800,1.1742
2026-05-09T12:15:27.834,-0.4842,0.0800,1.1718
2026-05-09T12:15:27.848,-0.4175,0.0800,1.1696
2026-05-09T12:15:27.862,-0.3481,0.0800,1.1672
2026-05-09T12:15:27.876,-0.2758,0.0800,1.1648
2026-05-09T12:15:27.890,-0.2083,0.0800,1.1625
2026-05-09T12:15:27.903,-0.1401,0.0800,1.1603
2026-05-09T12:15:27.918,-0.0680,0.0800,1.1579
2026-05-09T12:15:27.932,-0.0060,0.0800,1.1558
2026-05-09T12:15:27.945,0.0684,0.0800,1.1533
2026-05-09T12:15:27.959,0.1367,0.0800,1.1509
2026-05-09T12:15:27.974,0.2069,0.0800,1.1485
2026-05-09T12:15:27.988,0.2713,0.0800,1.1463
2026-05-09T12:15:28.000,0.3435,0.0800,1.1439
2026-05-09T12:15:28.015,0.4129,0.0800,1.1415
2026-05-09T12:15:28.029,0.4736,0.0800,1.1395
2026-05-09T12:15:28.042,0.5481,0.0800,1.1370
2026-05-09T12:15:28.056,0.6169,0.0800,1.1347
2026-05-09T12:15:28.070,0.6812,0.0800,1.1327
2026-05-09T12:15:28.084,0.7520,0.0800,1.1304
2026-05-09T12:15:28.098,0.8201,0.0800,1.1282
2026-05-09T12:15:28.112,0.8891,0.0800,1.1260
2026-05-09T12:15:28.126,0.9558,0.0800,1.1239
2026-05-09T12:15:28.140,1.0310,0.0800,1.1216
2026-05-09T12:15:28.153,1.0974,0.0800,1.1195
2026-05-09T12:15:28.167,1.1662,0.0800,1.1173
2026-05-09T12:15:28.181,1.2323,0.0800,1.1152
2026-05-09T12:15:28.195,1.3004,0.0800,1.1131
2026-05-09T12:15:28.210,1.3690,0.0800,1.1109
2026-05-09T12:15:28.222,1.4419,0.0800,1.1086
2026-05-09T12:15:28.237,1.5113,0.0800,1.1064
2026-05-09T12:15:28.251,1.5746,0.0800,1.1044
2026-05-09T12:15:28.263,1.6462,0.0800,1.1022
2026-05-09T12:15:28.278,1.7173,0.0800,1.0999
2026-05-09T12:15:28.292,1.7760,0.0800,1.0981
2026-05-09T12:15:28.306,1.8466,0.0800,1.0958
2026-05-09T12:15:28.320,1.9221,0.0800,1.0934
2026-05-09T12:15:28.334,1.9879,0.0800,1.0914
2026-05-09T12:15:28.348,2.0547,0.0800,1.0892
2026-05-09T12:15:28.362,2.1234,0.0800,1.0871
2026-05-09T12:15:28.376,2.1993,0.0800,1.0848
2026-05-09T12:15:28.390,2.2642,0.0800,1.0828
2026-05-09T12:15:28.403,2.3345,0.0800,1.0807
2026-05-09T12:15:28.417,2.4032,0.0800,1.0786
2026-05-09T12:15:28.432,2.4663,0.0800,1.0767
2026-05-09T12:15:28.445,2.5415,0.0800,1.0744
2026-05-09T12:15:28.459,2.6102,0.0800,1.0723
2026-05-09T12:15:28.472,2.6755,0.0800,1.0703
2026-05-09T12:15:28.486,2.7442,0.0800,1.0681
2026-05-09T12:15:28.500,2.8111,0.0800,1.0660
2026-05-09T12:15:28.515,2.8818,0.0800,1.0638
2026-05-09T12:15:28.529,2.9483,0.0800,1.0617
2026-05-09T12:15:28.542,3.0243,0.0800,1.0593
2026-05-09T12:15:28.556,3.0907,0.0800,1.0572
2026-05-09T12:15:28.571,3.1575,0.0800,1.0552
2026-05-09T12:15:28.585,3.2273,0.0800,1.0531
2026-05-09T12:15:28.599,3.2976,0.0800,1.0510
2026-05-09T12:15:28.613,3.3679,0.0800,1.0489
2026-05-09T12:15:28.627,3.4340,0.0800,1.0469
2026-05-09T12:15:28.639,3.5077,0.0800,1.0448
2026-05-09T12:15:28.654,3.5741,0.0800,1.0428
2026-05-09T12:15:28.668,3.6366,0.0800,1.0410
2026-05-09T12:15:28.682,3.7085,0.0800,1.0388
2026-05-09T12:15:28.696,3.7803,0.0800,1.0367
2026-05-09T12:15:28.710,3.8508,0.0800,1.0346
2026-05-09T12:15:28.724,3.9191,0.0800,1.0325
2026-05-09T12:15:28.737,3.9895,0.0800,1.0304
2026-05-09T12:15:28.752,4.0590,0.0800,1.0283
2026-05-09T12:15:28.765,4.1238,0.0800,1.0264
2026-05-09T12:15:28.779,4.1992,0.0800,1.0241
2026-05-09T12:15:28.793,4.2631,0.0800,1.0222
2026-05-09T12:15:28.807,4.3309,0.0800,1.0201
2026-05-09T12:15:28.821,4.4012,0.0800,1.0180
2026-05-09T12:15:28.835,4.4705,0.0800,1.0158
2026-05-09T12:15:28.849,4.5367,0.0800,1.0139
2026-05-09T12:15:28.862,4.6033,0.0800,1.0122
2026-05-09T12:15:28.877,4.6731,0.0800,1.0108
2026-05-09T12:15:28.890,4.7397,0.0800,1.0098
2026-05-09T12:15:28.904,4.8088,0.0800,1.0092
2026-05-09T12:15:28.918,4.8763,0.0800,1.0090
2026-05-09T12:15:28.931,4.9395,0.0800,1.0092
2026-05-09T12:15:28.945,5.0099,0.0800,1.0097
2026-05-09T12:15:28.959,5.0722,0.0800,1.0105
2026-05-09T12:15:28.973,5.1411,0.0800,1.0118
2026-05-09T12:15:28.987,5.2075,0.0800,1.0134
2026-05-09T12:15:29.000,5.2749,0.0800,1.0153
2026-05-09T12:15:29.015,5.3430,0.0800,1.0176
2026-05-09T12:15:29.029,5.4059,0.0800,1.0202
2026-05-09T12:15:29.042,5.4764,0.0800,1.0234
2026-05-09T12:15:29.056,5.5474,0.0800,1.0271
2026-05-09T12:15:29.070,5.6073,0.0800,1.0306
2026-05-09T12:15:29.084,5.6735,0.0800,1.0350
2026-05-09T12:15:29.098,5.7398,0.0800,1.0397
2026-05-09T12:15:29.111,5.8036,0.0800,1.0448
2026-05-09T12:15:29.125,5.8683,0.0800,1.0505
2026-05-09T12:15:29.139,5.9357,0.0800,1.0569
2026-05-09T12:15:29.153,5.9956,0.0800,1.0630
2026-05-09T12:15:29.168,6.0600,0.0800,1.0701
2026-05-09T12:15:29.183,6.1263,0.0800,1.0780
2026-05-09T12:15:29.198,6.1941,0.0800,1.0866
2026-05-09T12:15:29.214,6.2599,0.0800,1.0957
2026-05-09T12:15:29.231,6.3319,0.0800,1.1062
2026-05-09T12:15:29.249,6.4069,0.0800,1.1179
2026-05-09T12:15:29.263,6.4820,0.0800,1.1303
2026-05-09T12:15:29.279,6.5596,0.0800,1.1440
2026-05-09T12:15:29.294,6.6195,0.0800,1.1554
2026-05-09T12:15:29.309,6.6914,0.0800,1.1697
2026-05-09T12:15:29.324,6.7540,0.0800,1.1830
2026-05-09T12:15:29.339,6.8188,0.0800,1.1975
2026-05-09T12:15:29.354,6.8808,0.0800,1.2122
2026-05-09T12:15:29.371,6.9436,0.0800,1.2279
2026-05-09T12:15:29.387,7.0043,0.0800,1.2439
2026-05-09T12:15:29.402,7.0716,0.0800,1.2626
2026-05-09T12:15:29.417,7.1351,0.0800,1.2813
2026-05-09T12:15:29.431,7.1964,0.0800,1.3004
2026-05-09T12:15:29.445,7.2535,0.0800,1.3189
2026-05-09T12:15:29.460,7.3073,0.0800,1.3370
2026-05-09T12:15:29.475,7.3649,0.0800,1.3573
2026-05-09T12:15:29.489,7.4207,0.0800,1.3777
2026-05-09T12:15:29.503,7.4779,0.0800,1.3994
2026-05-09T12:15:29.518,7.5329,0.0800,1.4210
2026-05-09T12:15:29.532,7.5861,0.0800,1.4428
2026-05-09T12:15:29.548,7.6424,0.0800,1.4668
2026-05-09T12:15:29.562,7.6916,0.0800,1.4886
2026-05-09T12:15:29.577,7.7491,0.0800,1.5148
2026-05-09T12:15:29.591,7.7978,0.0800,1.5382
2026-05-09T12:15:29.605,7.8504,0.0800,1.5643
2026-05-09T12:15:29.619,7.8967,0.0800,1.5883
2026-05-09T12:15:29.633,7.9432,0.0800,1.6131
2026-05-09T12:15:29.647,7.9879,0.0800,1.6379
2026-05-09T12:15:29.660,8.0337,0.0800,1.6642
2026-05-09T12:15:29.674,8.0790,0.0800,1.6910
2026-05-09T12:15:29.688,8.1196,0.0800,1.7159
2026-05-09T12:15:29.701,8.1655,0.0800,1.7449
2026-05-09T12:15:29.715,8.2066,0.0800,1.7716
2026-05-09T12:15:29.729,8.2477,0.0800,1.7992
2026-05-09T12:15:29.742,8.2922,0.0800,1.8301
2026-05-09T12:15:29.764,8.3299,0.0800,1.8569
2026-05-09T12:15:29.777,8.3725,0.0800,1.8884
2026-05-09T12:15:29.791,8.4312,0.0800,1.9332
2026-05-09T12:15:29.805,8.4688,0.0800,1.9631
2026-05-09T12:15:29.819,8.5068,0.0800,1.9942
2026-05-09T12:15:29.833,8.5464,0.0800,2.0277
2026-05-09T12:15:29.847,8.5841,0.0800,2.0608
2026-05-09T12:15:29.860,8.6213,0.0800,2.0943
2026-05-09T12:15:29.875,8.6593,0.0800,2.1295
2026-05-09T12:15:29.888,8.6915,0.0800,2.1605
2026-05-09T12:15:29.902,8.7277,0.0800,2.1963
2026-05-09T12:15:29.916,8.7611,0.0800,2.2302
2026-05-09T12:15:29.930,8.7954,0.0800,2.2664
2026-05-09T12:15:29.943,8.8288,0.0800,2.3028
2026-05-09T12:15:29.957,8.8600,0.0800,2.3378
2026-05-09T12:15:29.972,8.8906,0.0800,2.3732
2026-05-09T12:15:29.985,8.9216,0.0800,2.4102
2026-05-09T12:15:29.999,8.9530,0.0800,2.4490
2026-05-09T12:15:30.013,8.9824,0.0800,2.4862
2026-05-09T12:15:30.027,9.0103,0.0800,2.5229
2026-05-09T12:15:30.040,9.0397,0.0800,2.5629
2026-05-09T12:15:30.055,9.0673,0.0800,2.6014
2026-05-09T12:15:30.069,9.0932,0.0800,2.6390
2026-05-09T12:15:30.083,9.1207,0.0800,2.6803
2026-05-09T12:15:30.098,9.1472,0.0800,2.7214
2026-05-09T12:15:30.114,9.1734,0.0800,2.7637
2026-05-09T12:15:30.128,9.1994,0.0800,2.8073
2026-05-09T12:15:30.143,9.2286,0.0800,2.8584
2026-05-09T12:15:30.158,9.2502,0.0800,2.8974
2026-05-09T12:15:30.173,9.2734,0.0800,2.9415
2026-05-09T12:15:30.188,9.2969,0.0800,2.9879
2026-05-09T12:15:30.203,9.3205,0.0800,3.0365
2026-05-09T12:15:30.218,9.3432,0.0800,3.0851
2026-05-09T12:15:30.233,9.3652,0.0800,3.1346
2026-05-09T12:15:30.248,9.3859,0.0800,3.1834
2026-05-09T12:15:30.261,9.4050,0.0800,3.2305
2026-05-09T12:15:30.276,9.4251,0.0800,3.2819
2026-05-09T12:15:30.291,9.4415,0.0800,3.3264
2026-05-09T12:15:30.305,9.4590,0.0800,3.3760
2026-05-09T12:15:30.321,9.4759,0.0800,3.4261
2026-05-09T12:15:30.336,9.4915,0.0800,3.4753
2026-05-09T12:15:30.352,9.5081,0.0800,3.5308
2026-05-09T12:15:30.368,9.5238,0.0800,3.5863
2026-05-09T12:15:30.385,9.5393,0.0800,3.6447
2026-05-09T12:15:30.402,9.5541,0.0800,3.7045
2026-05-09T12:15:30.417,9.5692,0.0800,3.7698
2026-05-09T12:15:30.432,9.5834,0.0800,3.8366
2026-05-09T12:15:30.447,9.5966,0.0800,3.9033
2026-05-09T12:15:30.462,9.6087,0.0800,3.9682
2026-05-09T12:15:30.477,9.6216,0.0800,4.0413
2026-05-09T12:15:30.494,9.6322,0.0800,4.1044
2026-05-09T12:15:30.511,9.6446,0.0800,4.1822
2026-05-09T12:15:30.528,9.6580,0.0800,4.2651
2026-05-09T12:15:30.545,9.6718,0.0800,4.3504
2026-05-09T12:15:30.560,9.6848,0.0800,4.4312
2026-05-09T12:15:30.575,9.6980,0.0800,4.5125
2026-05-09T12:15:30.592,9.7103,0.0800,4.5881
2026-05-09T12:15:30.609,9.7228,0.0800,4.6656
2026-05-09T12:15:30.626,9.7357,0.0800,4.7456
2026-05-09T12:15:30.643,9.7492,0.0800,4.8304
2026-05-09T12:15:30.658,9.7620,0.0800,4.9110
2026-05-09T12:15:30.673,9.7757,0.0800,4.9968
2026-05-09T12:15:30.690,9.7880,0.0800,5.0742
2026-05-09T12:15:30.706,9.8003,0.0800,5.1509
2026-05-09T12:15:30.723,9.8125,0.0800,5.2273
2026-05-09T12:15:30.739,9.8244,0.0800,5.3044
2026-05-09T12:15:30.754,9.8361,0.0800,5.3833
2026-05-09T12:15:30.769,9.8459,0.0800,5.4541
2026-05-09T12:15:30.786,9.8553,0.0800,5.5269
2026-05-09T12:15:30.804,9.8631,0.0800,5.5912
2026-05-09T12:15:30.820,9.8709,0.0800,5.6644
2026-05-09T12:15:30.836,9.8774,0.0800,5.7352
2026-05-09T12:15:30.851,9.8822,0.0800,5.7980
2026-05-09T12:15:30.866,9.8861,0.0800,5.8606
2026-05-09T12:15:30.883,9.8886,0.0800,5.9177
2026-05-09T12:15:30.901,9.8903,0.0800,5.9719
2026-05-09T12:15:30.919,9.8911,0.0800,6.0319
2026-05-09T12:15:30.935,9.8907,0.0800,6.0944
2026-05-09T12:15:30.951,9.8890,0.0800,6.1569
2026-05-09T12:15:30.967,9.8865,0.0800,6.2098
2026-05-09T12:15:30.984,9.8830,0.0800,6.2635
2026-05-09T12:15:31.002,9.8788,0.0800,6.3149
2026-05-09T12:15:31.017,9.8730,0.0800,6.3697
2026-05-09T12:15:31.033,9.8662,0.0800,6.4243
2026-05-09T12:15:31.048,9.8590,0.0800,6.4732
2026-05-09T12:15:31.066,9.8511,0.0800,6.5211
2026-05-09T12:15:31.084,9.8418,0.0800,6.5717
2026-05-09T12:15:31.102,9.8315,0.0800,6.6216
2026-05-09T12:15:31.119,9.8187,0.0800,6.6779
2026-05-09T12:15:31.136,9.8052,0.0800,6.7313
2026-05-09T12:15:31.153,9.7909,0.0800,6.7834
2026-05-09T12:15:31.169,9.7765,0.0800,6.8315
2026-05-09T12:15:31.185,9.7599,0.0800,6.8831
2026-05-09T12:15:31.200,9.7439,0.0800,6.9299
2026-05-09T12:15:31.218,9.7267,0.0800,6.9766
2026-05-09T12:15:31.235,9.7090,0.0800,7.0221
2026-05-09T12:15:31.253,9.6879,0.0800,7.0731
2026-05-09T12:15:31.269,9.6669,0.0800,7.1211
2026-05-09T12:15:31.285,9.6436,0.0800,7.1713
2026-05-09T12:15:31.302,9.6215,0.0800,7.2167
2026-05-09T12:15:31.318,9.5987,0.0800,7.2609
2026-05-09T12:15:31.335,9.5746,0.0800,7.3055
2026-05-09T12:15:31.351,9.5488,0.0800,7.3511
2026-05-09T12:15:31.366,9.5233,0.0800,7.3940
2026-05-09T12:15:31.383,9.4971,0.0800,7.4364
2026-05-09T12:15:31.401,9.4707,0.0800,7.4771
2026-05-09T12:15:31.418,9.4392,0.0800,7.5236
2026-05-09T12:15:31.434,9.4098,0.0800,7.5650
2026-05-09T12:15:31.450,9.3764,0.0800,7.6099
2026-05-09T12:15:31.466,9.3469,0.0800,7.6479
2026-05-09T12:15:31.484,9.3145,0.0800,7.6883
2026-05-09T12:15:31.499,9.2829,0.0800,7.7258
2026-05-09T12:15:31.514,9.2469,0.0800,7.7667
2026-05-09T12:15:31.530,9.2158,0.0800,7.8007
2026-05-09T12:15:31.545,9.1814,0.0800,7.8369
2026-05-09T12:15:31.561,9.1482,0.0800,7.8708
2026-05-09T12:15:31.578,9.1147,0.0800,7.9034
2026-05-09T12:15:31.595,9.0777,0.0800,7.9382
2026-05-09T12:15:31.612,9.0387,0.0800,7.9734
2026-05-09T12:15:31.629,8.9995,0.0800,8.0074
2026-05-09T12:15:31.646,8.9584,0.0800,8.0416
2026-05-09T12:15:31.662,8.9170,0.0800,8.0747
2026-05-09T12:15:31.678,8.8731,0.0800,8.1082
2026-05-09T12:15:31.693,8.8347,0.0800,8.1361
2026-05-09T12:15:31.707,8.7936,0.0800,8.1647
2026-05-09T12:15:31.722,8.7571,0.0800,8.1891
2026-05-09T12:15:31.737,8.7173,0.0800,8.2150
2026-05-09T12:15:31.752,8.6777,0.0800,8.2395
2026-05-09T12:15:31.767,8.6366,0.0800,8.2639
2026-05-09T12:15:31.782,8.5938,0.0800,8.2884
2026-05-09T12:15:31.797,8.5529,0.0800,8.3109
2026-05-09T12:15:31.814,8.5096,0.0800,8.3336
2026-05-09T12:15:31.830,8.4648,0.0800,8.3561
2026-05-09T12:15:31.846,8.4097,0.0800,8.3826
2026-05-09T12:15:31.861,8.3631,0.0800,8.4040
2026-05-09T12:15:31.876,8.3106,0.0800,8.4268
2026-05-09T12:15:31.891,8.2631,0.0800,8.4464
2026-05-09T12:15:31.905,8.2126,0.0800,8.4663
2026-05-09T12:15:31.920,8.1621,0.0800,8.4853
2026-05-09T12:15:31.936,8.1122,0.0800,8.5032
2026-05-09T12:15:31.953,8.0511,0.0800,8.5241
2026-05-09T12:15:31.969,7.9818,0.0800,8.5468
2026-05-09T12:15:31.984,7.9091,0.0800,8.5698
2026-05-09T12:15:31.999,7.8419,0.0800,8.5902
2026-05-09T12:15:32.014,7.7705,0.0800,8.6111
2026-05-09T12:15:32.028,7.7044,0.0800,8.6298
2026-05-09T12:15:32.042,7.6323,0.0800,8.6495
2026-05-09T12:15:32.057,7.5705,0.0800,8.6659
2026-05-09T12:15:32.072,7.5050,0.0800,8.6829
2026-05-09T12:15:32.086,7.4374,0.0800,8.7000
2026-05-09T12:15:32.101,7.3659,0.0800,8.7181
2026-05-09T12:15:32.116,7.2949,0.0800,8.7361
2026-05-09T12:15:32.129,7.2252,0.0800,8.7539
2026-05-09T12:15:32.143,7.1480,0.0800,8.7735
2026-05-09T12:15:32.157,7.0860,0.0800,8.7893
2026-05-09T12:15:32.171,7.0188,0.0800,8.8064
2026-05-09T12:15:32.193,6.9539,0.0800,8.8229
2026-05-09T12:15:32.207,6.8866,0.0800,8.8399
2026-05-09T12:15:32.222,6.7809,0.0800,8.8666
2026-05-09T12:15:32.236,6.7111,0.0800,8.8842
2026-05-09T12:15:32.250,6.6429,0.0800,8.9015
2026-05-09T12:15:32.263,6.5743,0.0800,8.9188
2026-05-09T12:15:32.277,6.5056,0.0800,8.9361
2026-05-09T12:15:32.291,6.4455,0.0800,8.9513
2026-05-09T12:15:32.305,6.3772,0.0800,8.9686
2026-05-09T12:15:32.318,6.3099,0.0800,8.9859
2026-05-09T12:15:32.332,6.2466,0.0800,9.0026
2026-05-09T12:15:32.347,6.1841,0.0800,9.0195
2026-05-09T12:15:32.360,6.1189,0.0800,9.0374
2026-05-09T12:15:32.375,6.0508,0.0800,9.0566
2026-05-09T12:15:32.388,5.9916,0.0800,9.0738
2026-05-09T12:15:32.401,5.9287,0.0800,9.0926
2026-05-09T12:15:32.416,5.8713,0.0800,9.1103
2026-05-09T12:15:32.429,5.8086,0.0800,9.1303
2026-05-09T12:15:32.442,5.7552,0.0800,9.1480
2026-05-09T12:15:32.457,5.7020,0.0800,9.1662
2026-05-09T12:15:32.472,5.6500,0.0800,9.1846
2026-05-09T12:15:32.486,5.5945,0.0800,9.2050
2026-05-09T12:15:32.499,5.5372,0.0800,9.2268
2026-05-09T12:15:32.513,5.4837,0.0800,9.2479
2026-05-09T12:15:32.527,5.4358,0.0800,9.2676
2026-05-09T12:15:32.541,5.3826,0.0800,9.2903
2026-05-09T12:15:32.554,5.3385,0.0800,9.3098
2026-05-09T12:15:32.569,5.2912,0.0800,9.3316
2026-05-09T12:15:32.582,5.2473,0.0800,9.3526
2026-05-09T12:15:32.596,5.1994,0.0800,9.3763
2026-05-09T12:15:32.610,5.1552,0.0800,9.3992
2026-05-09T12:15:32.624,5.1132,0.0800,9.4217
2026-05-09T12:15:32.639,5.0673,0.0800,9.4471
2026-05-09T12:15:32.652,5.0249,0.0800,9.4715
2026-05-09T12:15:32.666,4.9787,0.0800,9.4990
2026-05-09T12:15:32.679,4.9362,0.0800,9.5252
2026-05-09T12:15:32.693,4.8955,0.0800,9.5511
2026-05-09T12:15:32.708,4.8540,0.0800,9.5784
2026-05-09T12:15:32.721,4.8127,0.0800,9.6064
2026-05-09T12:15:32.735,4.7681,0.0800,9.6375
2026-05-09T12:15:32.749,4.7294,0.0800,9.6655
2026-05-09T12:15:32.762,4.6882,0.0800,9.6961
2026-05-09T12:15:32.777,4.6442,0.0800,9.7297
2026-05-09T12:15:32.791,4.6048,0.0800,9.7608
2026-05-09T12:15:32.805,4.5611,0.0800,9.7962
2026-05-09T12:15:32.819,4.5183,0.0800,9.8318
2026-05-09T12:15:32.833,4.4783,0.0800,9.8662
2026-05-09T12:15:32.846,4.4371,0.0800,9.9027
2026-05-09T12:15:32.860,4.3970,0.0800,9.9391
2026-05-09T12:15:32.874,4.3556,0.0800,9.9777
2026-05-09T12:15:32.888,4.3172,0.0800,10.0146
2026-05-09T12:15:32.901,4.2783,0.0800,10.0530
2026-05-09T12:15:32.916,4.2415,0.0800,10.0902
2026-05-09T12:15:32.930,4.2053,0.0800,10.1279
2026-05-09T12:15:32.943,4.1647,0.0800,10.1713
2026-05-09T12:15:32.958,4.1302,0.0800,10.2091
2026-05-09T12:15:32.971,4.0940,0.0800,10.2501
2026-05-09T12:15:32.985,4.0591,0.0800,10.2907
2026-05-09T12:15:32.999,4.0242,0.0800,10.3324
2026-05-09T12:15:33.013,3.9893,0.0800,10.3751
2026-05-09T12:15:33.027,3.9569,0.0800,10.4160
2026-05-09T12:15:33.040,3.9216,0.0800,10.4618
2026-05-09T12:15:33.055,3.8893,0.0800,10.5046
2026-05-09T12:15:33.068,3.8560,0.0800,10.5501
2026-05-09T12:15:33.082,3.8214,0.0800,10.5986
2026-05-09T12:15:33.096,3.7896,0.0800,10.6444
2026-05-09T12:15:33.109,3.7578,0.0800,10.6915
2026-05-09T12:15:33.123,3.7253,0.0800,10.7408
2026-05-09T12:15:33.137,3.6937,0.0800,10.7899
2026-05-09T12:15:33.151,3.6648,0.0800,10.8365
2026-05-09T12:15:33.165,3.6350,0.0800,10.8857
2026-05-09T12:15:33.180,3.6039,0.0800,10.9383
2026-05-09T12:15:33.197,3.5673,0.0800,10.9762
2026-05-09T12:15:33.214,3.5270,0.0800,11.0239
2026-05-09T12:15:33.232,3.4955,0.0800,11.0824
2026-05-09T12:15:33.247,3.4629,0.0800,11.1451
2026-05-09T12:15:33.261,3.4331,0.0800,11.2047
2026-05-09T12:15:33.275,3.4056,0.0800,11.2619
2026-05-09T12:15:33.289,3.3865,0.0800,11.3037
2026-05-09T12:15:33.303,3.3634,0.0800,11.3557
2026-05-09T12:15:33.319,3.3424,0.0800,11.4046
2026-05-09T12:15:33.335,3.3219,0.0800,11.4547
2026-05-09T12:15:33.351,3.2996,0.0800,11.5115
2026-05-09T12:15:33.366,3.2780,0.0800,11.5694
2026-05-09T12:15:33.380,3.2572,0.0800,11.6277
2026-05-09T12:15:33.394,3.2383,0.0800,11.6837
2026-05-09T12:15:33.409,3.2213,0.0800,11.7368
2026-05-09T12:15:33.423,3.2047,0.0800,11.7913
2026-05-09T12:15:33.440,3.1871,0.0800,11.8512
2026-05-09T12:15:33.455,3.1710,0.0800,11.9092
2026-05-09T12:15:33.471,3.1518,0.0800,11.9816
2026-05-09T12:15:33.484,3.1354,0.0800,12.0465
2026-05-09T12:15:33.499,3.1186,0.0800,12.1161
2026-05-09T12:15:33.513,3.1051,0.0800,12.1748
2026-05-09T12:15:33.529,3.0910,0.0800,12.2385
2026-05-09T12:15:33.543,3.0760,0.0800,12.3087
2026-05-09T12:15:33.558,3.0620,0.0800,12.3770
2026-05-09T12:15:33.573,3.0487,0.0800,12.4450
2026-05-09T12:15:33.587,3.0357,0.0800,12.5140
2026-05-09T12:15:33.602,3.0235,0.0800,12.5821
2026-05-09T12:15:33.619,3.0121,0.0800,12.6477
2026-05-09T12:15:33.634,3.0003,0.0800,12.7195
2026-05-09T12:15:33.649,2.9879,0.0800,12.7986
2026-05-09T12:15:33.663,2.9776,0.0800,12.8693
2026-05-09T12:15:33.678,2.9678,0.0800,12.9393
2026-05-09T12:15:33.692,2.9597,0.0800,13.0016
2026-05-09T12:15:33.706,2.9508,0.0800,13.0746
2026-05-09T12:15:33.720,2.9436,0.0800,13.1368
2026-05-09T12:15:33.734,2.9363,0.0800,13.2049
2026-05-09T12:15:33.749,2.9298,0.0800,13.2699
2026-05-09T12:15:33.762,2.9235,0.0800,13.3375
2026-05-09T12:15:33.776,2.9174,0.0800,13.4073
2026-05-09T12:15:33.790,2.9127,0.0800,13.4683
2026-05-09T12:15:33.803,2.9079,0.0800,13.5343
2026-05-09T12:15:33.818,2.9039,0.0800,13.5963
2026-05-09T12:15:33.832,2.9007,0.0800,13.6555
2026-05-09T12:15:33.846,2.8978,0.0800,13.7210
2026-05-09T12:15:33.860,2.8958,0.0800,13.7807
2026-05-09T12:15:33.874,2.8944,0.0800,13.8407
2026-05-09T12:15:33.888,2.8940,0.0800,13.8938
2026-05-09T12:15:33.901,2.8943,0.0800,13.9496
2026-05-09T12:15:33.916,2.8952,0.0800,13.9980
2026-05-09T12:15:33.930,2.8968,0.0800,14.0455
2026-05-09T12:15:33.943,2.8995,0.0800,14.0989
2026-05-09T12:15:33.957,2.9024,0.0800,14.1446
2026-05-09T12:15:33.971,2.9063,0.0800,14.1920
2026-05-09T12:15:33.986,2.9107,0.0800,14.2369
2026-05-09T12:15:33.999,2.9161,0.0800,14.2842
2026-05-09T12:15:34.013,2.9224,0.0800,14.3334
2026-05-09T12:15:34.027,2.9287,0.0800,14.3754
2026-05-09T12:15:34.040,2.9368,0.0800,14.4247
2026-05-09T12:15:34.054,2.9442,0.0800,14.4661
2026-05-09T12:15:34.069,2.9531,0.0800,14.5108
2026-05-09T12:15:34.083,2.9628,0.0800,14.5555
2026-05-09T12:15:34.097,2.9729,0.0800,14.5994
2026-05-09T12:15:34.111,2.9841,0.0800,14.6442
2026-05-09T12:15:34.125,2.9954,0.0800,14.6862
2026-05-09T12:15:34.138,3.0084,0.0800,14.7316
2026-05-09T12:15:34.152,3.0214,0.0800,14.7750
2026-05-09T12:15:34.167,3.0340,0.0800,14.8139
2026-05-09T12:15:34.180,3.0488,0.0800,14.8572
2026-05-09T12:15:34.195,3.0644,0.0800,14.9010
2026-05-09T12:15:34.208,3.0802,0.0800,14.9427
2026-05-09T12:15:34.222,3.0972,0.0800,14.9854
2026-05-09T12:15:34.236,3.1141,0.0800,15.0260
2026-05-09T12:15:34.250,3.1318,0.0800,15.0664
2026-05-09T12:15:34.263,3.1496,0.0800,15.1051
2026-05-09T12:15:34.278,3.1699,0.0800,15.1479
2026-05-09T12:15:34.292,3.1881,0.0800,15.1843
2026-05-09T12:15:34.306,3.2101,0.0800,15.2269
2026-05-09T12:15:34.320,3.2315,0.0800,15.2666
2026-05-09T12:15:34.334,3.2532,0.0800,15.3056
2026-05-09T12:15:34.348,3.2764,0.0800,15.3453
2026-05-09T12:15:34.362,3.2987,0.0800,15.3820
2026-05-09T12:15:34.376,3.3245,0.0800,15.4232
2026-05-09T12:15:34.390,3.3478,0.0800,15.4588
2026-05-09T12:15:34.403,3.3732,0.0800,15.4963
2026-05-09T12:15:34.418,3.3995,0.0800,15.5339
2026-05-09T12:15:34.432,3.4239,0.0800,15.5674
2026-05-09T12:15:34.446,3.4531,0.0800,15.6062
2026-05-09T12:15:34.459,3.4789,0.0800,15.6393
2026-05-09T12:15:34.473,3.5074,0.0800,15.6747
2026-05-09T12:15:34.487,3.5333,0.0800,15.7057
2026-05-09T12:15:34.501,3.5602,0.0800,15.7367
2026-05-09T12:15:34.515,3.5868,0.0800,15.7667
2026-05-09T12:15:34.529,3.6124,0.0800,15.7942
2026-05-09T12:15:34.543,3.6414,0.0800,15.8242
2026-05-09T12:15:34.557,3.6661,0.0800,15.8491
2026-05-09T12:15:34.572,3.6905,0.0800,15.8726
2026-05-09T12:15:34.585,3.7183,0.0800,15.8983
2026-05-09T12:15:34.599,3.7454,0.0800,15.9224
2026-05-09T12:15:34.613,3.7725,0.0800,15.9459
2026-05-09T12:15:34.627,3.7969,0.0800,15.9660
2026-05-09T12:15:34.640,3.8259,0.0800,15.9891
2026-05-09T12:15:34.655,3.8530,0.0800,16.0100
2026-05-09T12:15:34.668,3.8795,0.0800,16.0296
2026-05-09T12:15:34.682,3.9090,0.0800,16.0504
2026-05-09T12:15:34.696,3.9351,0.0800,16.0683
2026-05-09T12:15:34.710,3.9641,0.0800,16.0872
2026-05-09T12:15:34.724,3.9920,0.0800,16.1046
2026-05-09T12:15:34.737,4.0196,0.0800,16.1213
2026-05-09T12:15:34.752,4.0472,0.0800,16.1370
2026-05-09T12:15:34.765,4.0738,0.0800,16.1516
2026-05-09T12:15:34.779,4.1032,0.0800,16.1669
2026-05-09T12:15:34.793,4.1309,0.0800,16.1809
2026-05-09T12:15:34.807,4.1606,0.0800,16.1949
2026-05-09T12:15:34.820,4.1873,0.0800,16.2069
2026-05-09T12:15:34.834,4.2173,0.0800,16.2200
2026-05-09T12:15:34.848,4.2445,0.0800,16.2310
2026-05-09T12:15:34.861,4.2746,0.0800,16.2426
2026-05-09T12:15:34.875,4.3055,0.0800,16.2539
2026-05-09T12:15:34.889,4.3323,0.0800,16.2631
2026-05-09T12:15:34.902,4.3652,0.0800,16.2736
2026-05-09T12:15:34.916,4.4004,0.0800,16.2843
2026-05-09T12:15:34.930,4.4378,0.0800,16.2948
2026-05-09T12:15:34.943,4.4810,0.0800,16.3062
2026-05-09T12:15:34.957,4.5276,0.0800,16.3177
2026-05-09T12:15:34.972,4.5771,0.0800,16.3291
2026-05-09T12:15:34.987,4.6297,0.0800,16.3403
2026-05-09T12:15:35.005,4.6897,0.0800,16.3524
2026-05-09T12:15:35.025,4.7574,0.0800,16.3653
2026-05-09T12:15:35.047,4.8436,0.0800,16.3807
2026-05-09T12:15:35.064,4.9365,0.0800,16.3963
2026-05-09T12:15:35.082,5.0431,0.0800,16.4132
2026-05-09T12:15:35.098,5.1208,0.0800,16.4247
2026-05-09T12:15:35.114,5.2062,0.0800,16.4369
2026-05-09T12:15:35.130,5.2798,0.0800,16.4469
2026-05-09T12:15:35.148,5.3615,0.0800,16.4576
2026-05-09T12:15:35.166,5.4378,0.0800,16.4673
2026-05-09T12:15:35.186,5.5293,0.0800,16.4788
2026-05-09T12:15:35.206,5.6121,0.0800,16.4893
2026-05-09T12:15:35.224,5.7116,0.0800,16.5018
2026-05-09T12:15:35.242,5.8066,0.0800,16.5137
2026-05-09T12:15:35.259,5.8978,0.0800,16.5250
2026-05-09T12:15:35.277,5.9850,0.0800,16.5359
2026-05-09T12:15:35.294,6.0665,0.0800,16.5460
2026-05-09T12:15:35.312,6.1530,0.0800,16.5567
2026-05-09T12:15:35.329,6.2348,0.0800,16.5668
2026-05-09T12:15:35.347,6.3256,0.0800,16.5775
2026-05-09T12:15:35.364,6.4020,0.0800,16.5860
2026-05-09T12:15:35.380,6.4870,0.0800,16.5947
2026-05-09T12:15:35.398,6.5618,0.0800,16.6016
2026-05-09T12:15:35.417,6.6360,0.0800,16.6076
2026-05-09T12:15:35.435,6.7027,0.0800,16.6119
2026-05-09T12:15:35.453,6.7781,0.0800,16.6157
2026-05-09T12:15:35.471,6.8424,0.0800,16.6176
2026-05-09T12:15:35.487,6.9133,0.0800,16.6185
2026-05-09T12:15:35.504,6.9782,0.0800,16.6182
2026-05-09T12:15:35.521,7.0357,0.0800,16.6166
2026-05-09T12:15:35.539,7.0963,0.0800,16.6139
2026-05-09T12:15:35.558,7.1572,0.0800,16.6100
2026-05-09T12:15:35.576,7.2200,0.0800,16.6049
2026-05-09T12:15:35.595,7.2874,0.0800,16.5981
2026-05-09T12:15:35.613,7.3558,0.0800,16.5896
2026-05-09T12:15:35.630,7.4156,0.0800,16.5810
2026-05-09T12:15:35.646,7.4799,0.0800,16.5704
2026-05-09T12:15:35.666,7.5354,0.0800,16.5604
2026-05-09T12:15:35.685,7.5893,0.0800,16.5493
2026-05-09T12:15:35.704,7.6480,0.0800,16.5361
2026-05-09T12:15:35.721,7.7072,0.0800,16.5213
2026-05-09T12:15:35.738,7.7647,0.0800,16.5055
2026-05-09T12:15:35.755,7.8154,0.0800,16.4903
2026-05-09T12:15:35.773,7.8666,0.0800,16.4738
2026-05-09T12:15:35.791,7.9183,0.0800,16.4558
2026-05-09T12:15:35.807,7.9692,0.0800,16.4368
2026-05-09T12:15:35.825,8.0211,0.0800,16.4164
2026-05-09T12:15:35.842,8.0686,0.0800,16.3964
2026-05-09T12:15:35.860,8.1161,0.0800,16.3751
2026-05-09T12:15:35.879,8.1640,0.0800,16.3525
2026-05-09T12:15:35.896,8.2109,0.0800,16.3291
2026-05-09T12:15:35.914,8.2578,0.0800,16.3043
2026-05-09T12:15:35.931,8.2976,0.0800,16.2819
2026-05-09T12:15:35.948,8.3397,0.0800,16.2570
2026-05-09T12:15:35.967,8.3741,0.0800,16.2358
2026-05-09T12:15:35.985,8.4091,0.0800,16.2127
2026-05-09T12:15:36.003,8.4439,0.0800,16.1886
2026-05-09T12:15:36.020,8.4742,0.0800,16.1663
2026-05-09T12:15:36.037,8.5020,0.0800,16.1448
2026-05-09T12:15:36.055,8.5265,0.0800,16.1247
2026-05-09T12:15:36.074,8.5496,0.0800,16.1047
2026-05-09T12:15:36.093,8.5736,0.0800,16.0830
2026-05-09T12:15:36.112,8.5964,0.0800,16.0619
2026-05-09T12:15:36.130,8.6214,0.0800,16.0477
2026-05-09T12:15:36.148,8.6459,0.0800,16.0310
2026-05-09T12:15:36.166,8.6680,0.0800,16.0131
2026-05-09T12:15:36.185,8.6879,0.0800,15.9941
2026-05-09T12:15:36.203,8.7055,0.0800,15.9749
2026-05-09T12:15:36.222,8.7243,0.0800,15.9522
2026-05-09T12:15:36.240,8.7408,0.0800,15.9287
2026-05-09T12:15:36.259,8.8197,0.0800,15.9546
2026-05-09T12:15:36.278,8.8351,0.0800,15.9298
2026-05-09T12:15:36.296,8.8486,0.0800,15.9064
2026-05-09T12:15:36.315,8.8614,0.0800,15.8829
2026-05-09T12:15:36.333,8.8736,0.0800,15.8589
2026-05-09T12:15:36.351,8.8858,0.0800,15.8330
2026-05-09T12:15:36.368,8.8954,0.0800,15.8111
2026-05-09T12:15:36.387,8.9056,0.0800,15.7866
2026-05-09T12:15:36.407,8.9145,0.0800,15.7629
2026-05-09T12:15:36.426,8.9231,0.0800,15.7381
2026-05-09T12:15:36.446,8.9313,0.0800,15.7121
2026-05-09T12:15:36.464,8.9391,0.0800,15.6845
2026-05-09T12:15:36.483,8.9461,0.0800,15.6565
2026-05-09T12:15:36.502,8.9514,0.0800,15.6320
2026-05-09T12:15:36.521,8.9565,0.0800,15.6051
2026-05-09T12:15:36.540,8.9605,0.0800,15.5800
2026-05-09T12:15:36.558,8.9641,0.0800,15.5524
2026-05-09T12:15:36.575,8.9667,0.0800,15.5263
2026-05-09T12:15:36.593,8.9684,0.0800,15.5024
2026-05-09T12:15:36.612,8.9696,0.0800,15.4751
2026-05-09T12:15:36.630,8.9700,0.0800,15.4524
2026-05-09T12:15:36.648,8.9697,0.0800,15.4251
2026-05-09T12:15:36.668,8.9690,0.0800,15.4008
2026-05-09T12:15:36.686,8.9673,0.0800,15.3749
2026-05-09T12:15:36.705,8.9648,0.0800,15.3487
2026-05-09T12:15:36.723,8.9617,0.0800,15.3235
2026-05-09T12:15:36.742,8.9581,0.0800,15.2995
2026-05-09T12:15:36.759,8.9536,0.0800,15.2743
2026-05-09T12:15:36.777,8.9484,0.0800,15.2495
2026-05-09T12:15:36.794,8.9432,0.0800,15.2276
2026-05-09T12:15:36.811,8.9372,0.0800,15.2052
2026-05-09T12:15:36.829,8.9313,0.0800,15.1852
2026-05-09T12:15:36.847,8.9240,0.0800,15.1629
2026-05-09T12:15:36.867,8.9171,0.0800,15.1428
2026-05-09T12:15:36.887,8.9092,0.0800,15.1223
2026-05-09T12:15:36.906,8.8998,0.0800,15.0997
2026-05-09T12:15:36.925,8.8896,0.0800,15.0771
2026-05-09T12:15:36.944,8.8796,0.0800,15.0565
2026-05-09T12:15:36.962,8.8686,0.0800,15.0355
2026-05-09T12:15:36.981,8.8576,0.0800,15.0159
2026-05-09T12:15:36.998,8.8460,0.0800,14.9966
2026-05-09T12:15:37.016,8.8423,0.0800,14.9765
2026-05-09T12:15:37.032,8.8422,0.0800,14.9600
2026-05-09T12:15:37.050,8.8421,0.0800,14.9420
2026-05-09T12:15:37.067,8.8420,0.0800,14.9223
2026-05-09T12:15:37.086,8.8420,0.0800,14.8982
2026-05-09T12:15:37.104,8.8420,0.0800,14.8733
2026-05-09T12:15:37.123,8.8419,0.0800,14.8375
2026-05-09T12:15:37.139,8.8419,0.0800,14.8025
2026-05-09T12:15:37.156,8.8419,0.0800,14.7671
2026-05-09T12:15:37.172,8.8388,0.0800,14.7313
2026-05-09T12:15:37.190,8.8298,0.0800,14.6888
2026-05-09T12:15:37.209,8.8117,0.0800,14.6414
2026-05-09T12:15:37.228,8.7802,0.0800,14.5913
2026-05-09T12:15:37.246,8.7283,0.0800,14.5475
2026-05-09T12:15:37.262,8.6716,0.0800,14.5015
2026-05-09T12:15:37.279,8.6160,0.0800,14.4581
2026-05-09T12:15:37.296,8.5628,0.0800,14.4180
2026-05-09T12:15:37.313,8.5070,0.0800,14.3774
2026-05-09T12:15:37.331,8.4490,0.0800,14.3364
2026-05-09T12:15:37.350,8.3877,0.0800,14.2944
2026-05-09T12:15:37.367,8.3241,0.0800,14.2522
2026-05-09T12:15:37.385,8.2531,0.0800,14.2064
2026-05-09T12:15:37.402,8.1900,0.0800,14.1670
2026-05-09T12:15:37.419,8.1195,0.0800,14.1240
2026-05-09T12:15:37.436,8.0519,0.0800,14.0840
2026-05-09T12:15:37.453,7.9907,0.0800,14.0487
2026-05-09T12:15:37.470,7.9242,0.0800,14.0112
2026-05-09T12:15:37.488,7.8535,0.0800,13.9724
2026-05-09T12:15:37.506,7.7867,0.0800,13.9366
2026-05-09T12:15:37.522,7.7131,0.0800,13.8984
2026-05-09T12:15:37.539,7.6441,0.0800,13.8637
2026-05-09T12:15:37.555,7.5789,0.0800,13.8318
2026-05-09T12:15:37.571,7.5054,0.0800,13.7968
2026-05-09T12:15:37.587,7.4394,0.0800,13.7662
2026-05-09T12:15:37.603,7.3708,0.0800,13.7351
2026-05-09T12:15:37.621,7.3008,0.0800,13.7042
2026-05-09T12:15:37.637,7.2279,0.0800,13.6727
2026-05-09T12:15:37.654,7.1522,0.0800,13.6406
2026-05-09T12:15:37.670,7.0801,0.0800,13.6106
2026-05-09T12:15:37.685,7.0080,0.0800,13.5812
2026-05-09T12:15:37.708,6.9334,0.0800,13.5513
2026-05-09T12:15:38.017,6.8614,0.0800,13.5231
2026-05-09T12:15:38.031,8.2148,0.0800,14.0483
2026-05-09T12:15:38.048,8.2490,0.0800,14.0534
2026-05-09T12:15:38.065,8.3316,0.0800,14.0652
2026-05-09T12:15:38.081,8.3939,0.0800,14.0732
2026-05-09T12:15:38.098,8.4617,0.0800,14.0812
2026-05-09T12:15:38.122,8.5328,0.0800,14.0888
2026-05-09T12:15:38.144,8.6022,0.0800,14.0953
2026-05-09T12:15:38.169,8.6988,0.0800,14.1030
2026-05-09T12:15:38.188,8.7891,0.0800,14.1082
2026-05-09T12:15:38.206,8.8874,0.0800,14.1118
2026-05-09T12:15:38.225,8.9595,0.0800,14.1127
2026-05-09T12:15:38.244,9.0311,0.0800,14.1123
2026-05-09T12:15:38.266,9.1072,0.0800,14.1105
2026-05-09T12:15:38.288,9.1813,0.0800,14.1075
2026-05-09T12:15:38.311,9.2662,0.0800,14.1024
2026-05-09T12:15:38.335,9.3545,0.0800,14.0954
2026-05-09T12:15:38.360,9.4484,0.0800,14.0858
2026-05-09T12:15:38.385,9.5388,0.0800,14.0744
2026-05-09T12:15:38.409,9.6312,0.0800,14.0606
2026-05-09T12:15:38.434,9.7203,0.0800,14.0450
2026-05-09T12:15:38.458,9.7980,0.0800,14.0292
2026-05-09T12:15:38.481,9.8687,0.0800,14.0129
2026-05-09T12:15:38.505,9.9347,0.0800,13.9955
2026-05-09T12:15:38.530,9.9950,0.0800,13.9776
2026-05-09T12:15:38.556,10.0472,0.0800,13.9603
2026-05-09T12:15:38.585,10.0982,0.0800,13.9416
2026-05-09T12:15:38.617,10.1464,0.0800,13.9218
2026-05-09T12:15:38.651,10.1967,0.0800,13.8989
2026-05-09T12:15:38.684,10.2455,0.0800,13.8740
2026-05-09T12:15:38.712,10.2887,0.0800,13.8494
2026-05-09T12:15:38.738,10.3121,0.0800,13.8345
2026-05-09T12:15:38.764,10.3219,0.0800,13.8278
2026-05-09T12:15:38.792,10.3121,0.0800,13.8364
2026-05-09T12:15:38.822,10.2853,0.0800,13.8610
2026-05-09T12:15:38.854,10.2405,0.0800,13.9054
2026-05-09T12:15:38.887,10.1865,0.0800,13.9636
2026-05-09T12:15:38.915,10.1283,0.0800,14.0321
2026-05-09T12:15:38.944,10.0729,0.0800,14.1040
2026-05-09T12:15:38.971,10.0246,0.0800,14.1729
2026-05-09T12:15:38.999,9.9788,0.0800,14.2440
2026-05-09T12:15:39.028,9.9326,0.0800,14.3216
2026-05-09T12:15:39.058,9.8885,0.0800,14.4019
2026-05-09T12:15:39.088,9.8420,0.0800,14.4932
2026-05-09T12:15:39.115,9.7949,0.0800,14.5935
2026-05-09T12:15:39.140,9.7516,0.0800,14.6939
2026-05-09T12:15:39.165,9.7138,0.0800,14.7895
2026-05-09T12:15:39.190,9.6817,0.0800,14.8777
2026-05-09T12:15:39.216,9.6507,0.0800,14.9698
2026-05-09T12:15:39.244,9.6210,0.0800,15.0659
2026-05-09T12:15:39.274,9.5932,0.0800,15.1644
2026-05-09T12:15:39.306,9.5655,0.0800,15.2725
2026-05-09T12:15:39.337,9.5383,0.0800,15.3914
2026-05-09T12:15:39.366,9.5119,0.0800,15.5225
2026-05-09T12:15:39.392,9.4903,0.0800,15.6486
2026-05-09T12:15:39.419,9.4733,0.0800,15.7672
2026-05-09T12:15:39.445,9.4608,0.0800,15.8736
2026-05-09T12:15:39.474,9.4506,0.0800,15.9824
2026-05-09T12:15:39.503,9.4427,0.0800,16.0948
2026-05-09T12:15:39.529,9.4372,0.0800,16.2155
2026-05-09T12:15:39.556,9.4345,0.0800,16.3313
2026-05-09T12:15:39.583,9.4344,0.0800,16.4504
2026-05-09T12:15:39.611,9.4362,0.0800,16.5823
2026-05-09T12:15:39.640,9.4384,0.0800,16.7217
2026-05-09T12:15:39.667,9.4403,0.0800,16.8544
2026-05-09T12:15:39.698,9.4421,0.0800,16.9919
2026-05-09T12:15:39.728,9.4419,0.0800,17.1162
2026-05-09T12:15:39.758,9.4394,0.0800,17.2596
2026-05-09T12:15:39.787,9.4343,0.0800,17.4011
2026-05-09T12:15:39.815,9.4268,0.0800,17.5381
2026-05-09T12:15:39.843,9.4171,0.0800,17.6706
2026-05-09T12:15:39.871,9.4054,0.0800,17.7979
2026-05-09T12:15:39.899,9.3912,0.0800,17.9252
2026-05-09T12:15:39.928,9.3752,0.0800,18.0466
2026-05-09T12:15:39.958,9.3560,0.0800,18.1742
2026-05-09T12:15:39.989,9.3347,0.0800,18.2981
2026-05-09T12:15:40.024,9.3090,0.0800,18.4318
2026-05-09T12:15:40.059,9.2799,0.0800,18.5669
2026-05-09T12:15:40.095,9.2447,0.0800,18.7135
2026-05-09T12:15:40.128,9.2063,0.0800,18.8561
2026-05-09T12:15:40.161,9.1658,0.0800,18.9894
2026-05-09T12:15:40.196,9.1245,0.0800,19.1098
2026-05-09T12:15:40.227,9.0805,0.0800,19.2244
2026-05-09T12:15:40.259,9.0316,0.0800,19.3396
2026-05-09T12:15:40.293,8.9852,0.0800,19.4383
2026-05-09T12:15:40.327,8.9383,0.0800,19.5292
2026-05-09T12:15:40.362,8.8861,0.0800,19.6216
2026-05-09T12:15:40.397,8.8306,0.0800,19.7105
2026-05-09T12:15:40.433,8.7724,0.0800,19.7951
2026-05-09T12:15:40.466,8.7104,0.0800,19.8774
2026-05-09T12:15:40.499,8.6397,0.0800,19.9630
2026-05-09T12:15:40.530,8.5753,0.0800,20.0340
2026-05-09T12:15:40.561,8.5079,0.0800,20.1022
2026-05-09T12:15:40.596,8.4392,0.0800,20.1662
2026-05-09T12:15:40.631,8.3685,0.0800,20.2267
2026-05-09T12:15:40.666,8.2858,0.0800,20.2921
2026-05-09T12:15:40.698,8.1902,0.0800,20.3615
2026-05-09T12:15:40.730,8.0824,0.0800,20.4333
2026-05-09T12:15:40.764,7.9668,0.0800,20.5045
2026-05-09T12:15:40.796,7.8402,0.0800,20.5777
2026-05-09T12:15:40.828,7.7036,0.0800,20.6528
2026-05-09T12:15:40.862,7.5706,0.0800,20.7223
2026-05-09T12:15:40.895,7.4411,0.0800,20.7862
2026-05-09T12:15:40.927,7.3003,0.0800,20.8522
2026-05-09T12:15:40.960,7.1637,0.0800,20.9128
2026-05-09T12:15:40.992,7.0278,0.0800,20.9698
2026-05-09T12:15:41.024,6.8856,0.0800,21.0261
2026-05-09T12:15:41.056,6.7463,0.0800,21.0778
2026-05-09T12:15:41.087,6.6053,0.0800,21.1268
2026-05-09T12:15:41.119,6.4690,0.0800,21.1709
2026-05-09T12:15:41.153,6.3269,0.0800,21.2138
2026-05-09T12:15:41.185,6.1817,0.0800,21.2549
2026-05-09T12:15:41.217,6.0296,0.0800,21.2950
2026-05-09T12:15:41.251,5.8806,0.0800,21.3314
2026-05-09T12:15:41.283,5.7328,0.0800,21.3650
2026-05-09T12:15:41.314,5.5726,0.0800,21.3988
2026-05-09T12:15:41.348,5.4174,0.0800,21.4292
2026-05-09T12:15:41.380,5.2601,0.0800,21.4599
2026-05-09T12:15:41.413,5.0967,0.0800,21.4917
2026-05-09T12:15:41.446,4.9360,0.0800,21.5231
2026-05-09T12:15:41.479,4.7740,0.0800,21.5547
2026-05-09T12:15:41.511,4.6143,0.0800,21.5859
2026-05-09T12:15:41.541,4.4548,0.0800,21.6171
2026-05-09T12:15:41.572,4.2976,0.0800,21.6476
2026-05-09T12:15:41.603,4.1504,0.0800,21.6760
2026-05-09T12:15:41.636,4.0006,0.0800,21.7049
2026-05-09T12:15:41.668,3.8472,0.0800,21.7345
2026-05-09T12:15:41.699,3.6965,0.0800,21.7634
2026-05-09T12:15:41.731,3.5520,0.0800,21.7887
2026-05-09T12:15:41.764,3.4075,0.0800,21.8113
2026-05-09T12:15:41.795,3.2634,0.0800,21.8310
2026-05-09T12:15:41.827,3.1124,0.0800,21.8487
2026-05-09T12:15:41.859,2.9689,0.0800,21.8624
2026-05-09T12:15:41.890,2.8234,0.0800,21.8735
2026-05-09T12:15:41.920,2.6732,0.0800,21.8818
2026-05-09T12:15:41.950,2.5336,0.0800,21.8870
2026-05-09T12:15:41.982,2.3897,0.0800,21.8898
2026-05-09T12:15:42.016,2.2459,0.0800,21.8903
2026-05-09T12:15:42.049,2.0889,0.0800,21.8886
2026-05-09T12:15:42.080,1.9298,0.0800,21.8844
2026-05-09T12:15:42.112,1.7617,0.0800,21.8778
2026-05-09T12:15:42.143,1.6079,0.0800,21.8716
2026-05-09T12:15:42.173,1.4474,0.0800,21.8652
2026-05-09T12:15:42.203,1.2988,0.0800,21.8594
2026-05-09T12:15:42.233,1.1455,0.0800,21.8535
2026-05-09T12:15:42.261,0.9980,0.0800,21.8479
2026-05-09T12:15:42.289,0.8516,0.0800,21.8423
2026-05-09T12:15:42.317,0.7124,0.0800,21.8370
2026-05-09T12:15:42.345,0.5746,0.0800,21.8318
2026-05-09T12:15:42.372,0.4335,0.0800,21.8264
2026-05-09T12:15:42.400,0.2980,0.0800,21.8211
2026-05-09T12:15:42.427,0.1606,0.0800,21.8158
2026-05-09T12:15:42.455,0.0259,0.0800,21.8107
2026-05-09T12:15:42.483,-0.1115,0.0800,21.8056
2026-05-09T12:15:42.510,-0.2486,0.0800,21.8006
2026-05-09T12:15:42.538,-0.3890,0.0800,21.7955
2026-05-09T12:15:42.566,-0.5282,0.0800,21.7904
2026-05-09T12:15:42.593,-0.6650,0.0800,21.7853
2026-05-09T12:15:42.620,-0.8052,0.0800,21.7799
2026-05-09T12:15:42.647,-0.9385,0.0800,21.7749
2026-05-09T12:15:42.674,-1.0753,0.0800,21.7697
2026-05-09T12:15:42.700,-1.2123,0.0800,21.7647
2026-05-09T12:15:42.727,-1.3463,0.0800,21.7598
2026-05-09T12:15:42.753,-1.4758,0.0800,21.7552
2026-05-09T12:15:42.780,-1.6070,0.0800,21.7505
2026-05-09T12:15:42.804,-1.7367,0.0800,21.7459
2026-05-09T12:15:42.828,-1.8779,0.0800,21.7410
2026-05-09T12:15:42.851,-1.9925,0.0800,21.7369
2026-05-09T12:15:42.873,-2.1093,0.0800,21.7326
2026-05-09T12:15:42.899,-2.2233,0.0800,21.7284
2026-05-09T12:15:42.923,-2.3349,0.0800,21.7242
2026-05-09T12:15:42.947,-2.4607,0.0800,21.7195
2026-05-09T12:15:42.971,-2.5809,0.0800,21.7152
2026-05-09T12:15:42.995,-2.7031,0.0800,21.7109
2026-05-09T12:15:43.018,-2.8188,0.0800,21.7069
2026-05-09T12:15:43.040,-2.9380,0.0800,21.7028
2026-05-09T12:15:43.062,-3.0519,0.0800,21.6988
2026-05-09T12:15:43.085,-3.1601,0.0800,21.6948
2026-05-09T12:15:43.105,-3.2698,0.0800,21.6908
2026-05-09T12:15:43.124,-3.3803,0.0800,21.6869
2026-05-09T12:15:43.146,-3.4792,0.0800,21.6833
2026-05-09T12:15:43.166,-3.5754,0.0800,21.6798
2026-05-09T12:15:43.190,-3.6840,0.0800,21.6759
2026-05-09T12:15:43.213,-3.7767,0.0800,21.6718
2026-05-09T12:15:43.233,-3.8885,0.0800,21.6660
2026-05-09T12:15:43.253,-4.0006,0.0800,21.6587
2026-05-09T12:15:43.274,-4.0927,0.0800,21.6516
2026-05-09T12:15:43.296,-4.1871,0.0800,21.6433
2026-05-09T12:15:43.318,-4.2827,0.0800,21.6337
2026-05-09T12:15:43.339,-4.3858,0.0800,21.6221
2026-05-09T12:15:43.359,-4.4860,0.0800,21.6092
2026-05-09T12:15:43.381,-4.5797,0.0800,21.5959
2026-05-09T12:15:43.402,-4.6705,0.0800,21.5817
2026-05-09T12:15:43.425,-4.7711,0.0800,21.5646
2026-05-09T12:15:43.445,-4.8594,0.0800,21.5481
2026-05-09T12:15:43.465,-4.9591,0.0800,21.5281
2026-05-09T12:15:43.485,-5.0482,0.0800,21.5087
2026-05-09T12:15:43.507,-5.1316,0.0800,21.4892
2026-05-09T12:15:43.529,-5.2172,0.0800,21.4680
2026-05-09T12:15:43.555,-5.3131,0.0800,21.4426
2026-05-09T12:15:43.581,-5.4053,0.0800,21.4165
2026-05-09T12:15:43.605,-5.5187,0.0800,21.3824
2026-05-09T12:15:43.628,-5.6346,0.0800,21.3451
2026-05-09T12:15:43.648,-5.7358,0.0800,21.3108
2026-05-09T12:15:43.668,-5.8345,0.0800,21.2755
2026-05-09T12:15:43.689,-5.9229,0.0800,21.2426
2026-05-09T12:15:43.712,-6.0057,0.0800,21.2105
2026-05-09T12:15:43.736,-6.0960,0.0800,21.1743
2026-05-09T12:15:43.759,-6.1962,0.0800,21.1325
2026-05-09T12:15:43.782,-6.2976,0.0800,21.0885
2026-05-09T12:15:43.805,-6.3950,0.0800,21.0447
2026-05-09T12:15:43.826,-6.4952,0.0800,20.9981
2026-05-09T12:15:43.847,-6.5924,0.0800,20.9516
2026-05-09T12:15:43.870,-6.6833,0.0800,20.9067
2026-05-09T12:15:43.896,-6.7765,0.0800,20.8593
2026-05-09T12:15:43.921,-6.8684,0.0800,20.8113
2026-05-09T12:15:43.942,-6.9758,0.0800,20.7536
2026-05-09T12:15:43.962,-7.0777,0.0800,20.6970
2026-05-09T12:15:43.983,-7.1577,0.0800,20.6510
2026-05-09T12:15:44.005,-7.2346,0.0800,20.6053
2026-05-09T12:15:44.028,-7.3089,0.0800,20.5596
2026-05-09T12:15:44.048,-7.3885,0.0800,20.5085
2026-05-09T12:15:44.068,-7.4563,0.0800,20.4627
2026-05-09T12:15:44.091,-7.5181,0.0800,20.4189
2026-05-09T12:15:44.112,-7.5764,0.0800,20.3757
2026-05-09T12:15:44.134,-7.6415,0.0800,20.3251
2026-05-09T12:15:44.155,-7.7053,0.0800,20.2730
2026-05-09T12:15:44.176,-7.7594,0.0800,20.2264
2026-05-09T12:15:44.196,-7.8170,0.0800,20.1748
2026-05-09T12:15:44.216,-7.8702,0.0800,20.1247
2026-05-09T12:15:44.235,-7.9225,0.0800,20.0733
2026-05-09T12:15:44.257,-7.9734,0.0800,20.0210
2026-05-09T12:15:44.276,-8.0211,0.0800,19.9698
2026-05-09T12:15:44.295,-8.0716,0.0800,19.9132
2026-05-09T12:15:44.314,-8.1170,0.0800,19.8599
2026-05-09T12:15:44.334,-8.1600,0.0800,19.8071
2026-05-09T12:15:44.355,-8.2039,0.0800,19.7509
2026-05-09T12:15:44.377,-8.2474,0.0800,19.6926
2026-05-09T12:15:44.397,-8.2929,0.0800,19.6290
2026-05-09T12:15:44.417,-8.3484,0.0800,19.5811
2026-05-09T12:15:44.438,-8.4137,0.0800,19.5454
2026-05-09T12:15:44.458,-8.4679,0.0800,19.4755
2026-05-09T12:15:44.478,-8.5185,0.0800,19.3923
2026-05-09T12:15:44.497,-8.5658,0.0800,19.3125
2026-05-09T12:15:44.519,-8.6138,0.0800,19.2296
2026-05-09T12:15:44.539,-8.6623,0.0800,19.1460
2026-05-09T12:15:44.559,-8.7169,0.0800,19.0519
2026-05-09T12:15:44.579,-8.7676,0.0800,18.9645
2026-05-09T12:15:44.598,-8.8165,0.0800,18.8799
2026-05-09T12:15:44.618,-8.8675,0.0800,18.7918
2026-05-09T12:15:44.637,-8.9152,0.0800,18.7092
2026-05-09T12:15:44.658,-8.9648,0.0800,18.6233
2026-05-09T12:15:44.678,-9.0126,0.0800,18.5405
2026-05-09T12:15:44.698,-9.0630,0.0800,18.4530
2026-05-09T12:15:44.716,-9.1076,0.0800,18.3739
2026-05-09T12:15:44.734,-9.1541,0.0800,18.2894
2026-05-09T12:15:44.752,-9.1944,0.0800,18.2140
2026-05-09T12:15:44.771,-9.2300,0.0800,18.1456
2026-05-09T12:15:44.790,-9.2671,0.0800,18.0723
2026-05-09T12:15:44.808,-9.3033,0.0800,17.9984
2026-05-09T12:15:44.826,-9.3384,0.0800,17.9242
2026-05-09T12:15:44.844,-9.3709,0.0800,17.8524
2026-05-09T12:15:44.863,-9.4004,0.0800,17.7845
2026-05-09T12:15:44.881,-9.4292,0.0800,17.7153
2026-05-09T12:15:44.900,-9.4582,0.0800,17.6426
2026-05-09T12:15:44.920,-9.4868,0.0800,17.5669
2026-05-09T12:15:44.939,-9.5123,0.0800,17.4960
2026-05-09T12:15:44.957,-9.5398,0.0800,17.4155
2026-05-09T12:15:44.976,-9.5639,0.0800,17.3407
2026-05-09T12:15:44.993,-9.5855,0.0800,17.2699
2026-05-09T12:15:45.013,-9.6091,0.0800,17.1885
2026-05-09T12:15:45.032,-9.6304,0.0800,17.1113
2026-05-09T12:15:45.051,-9.6539,0.0800,17.0228
2026-05-09T12:15:45.071,-9.6752,0.0800,16.9386
2026-05-09T12:15:45.091,-9.6966,0.0800,16.8497
2026-05-09T12:15:45.110,-9.7181,0.0800,16.7553
2026-05-09T12:15:45.128,-9.7370,0.0800,16.6682
2026-05-09T12:15:45.146,-9.7559,0.0800,16.5758
2026-05-09T12:15:45.166,-9.7714,0.0800,16.4967
2026-05-09T12:15:45.186,-9.7867,0.0800,16.4142
2026-05-09T12:15:45.206,-9.8033,0.0800,16.3200
2026-05-09T12:15:45.224,-9.8186,0.0800,16.2277
2026-05-09T12:15:45.242,-9.8330,0.0800,16.1349
2026-05-09T12:15:45.260,-9.8451,0.0800,16.0518
2026-05-09T12:15:45.278,-9.8566,0.0800,15.9665
2026-05-09T12:15:45.296,-9.8670,0.0800,15.8835
2026-05-09T12:15:45.315,-9.8772,0.0800,15.7958
2026-05-09T12:15:45.334,-9.8863,0.0800,15.7102
2026-05-09T12:15:45.354,-9.8959,0.0800,15.6142
2026-05-09T12:15:45.373,-9.9049,0.0800,15.5245
2026-05-09T12:15:45.393,-9.9146,0.0800,15.4272
2026-05-09T12:15:45.411,-9.9242,0.0800,15.3312
2026-05-09T12:15:45.427,-9.9341,0.0800,15.2309
2026-05-09T12:15:45.444,-9.9428,0.0800,15.1436
2026-05-09T12:15:45.460,-9.9505,0.0800,15.0659
2026-05-09T12:15:45.477,-9.9594,0.0800,14.9756
2026-05-09T12:15:45.496,-9.9667,0.0800,14.9025
2026-05-09T12:15:45.515,-9.9750,0.0800,14.8199
2026-05-09T12:15:45.535,-9.9842,0.0800,14.7289
2026-05-09T12:15:45.554,-9.9940,0.0800,14.6330
2026-05-09T12:15:45.571,-10.0039,0.0800,14.5357
2026-05-09T12:15:45.587,-10.0135,0.0800,14.4419
2026-05-09T12:15:45.604,-10.0219,0.0800,14.3592
2026-05-09T12:15:45.623,-10.0300,0.0800,14.2802
2026-05-09T12:15:45.643,-10.0387,0.0800,14.1938
2026-05-09T12:15:45.661,-10.0480,0.0800,14.1012
2026-05-09T12:15:45.679,-10.0579,0.0800,14.0036
2026-05-09T12:15:45.695,-10.0674,0.0800,13.9098
2026-05-09T12:15:45.711,-10.0762,0.0800,13.8225
2026-05-09T12:15:45.729,-10.0842,0.0800,13.7444
2026-05-09T12:15:45.746,-10.0922,0.0800,13.6651
2026-05-09T12:15:45.766,-10.1001,0.0800,13.5816
2026-05-09T12:15:45.783,-10.1073,0.0800,13.4982
2026-05-09T12:15:45.801,-10.1143,0.0800,13.4071
2026-05-09T12:15:45.819,-10.1195,0.0800,13.3267
2026-05-09T12:15:45.835,-10.1240,0.0800,13.2470
2026-05-09T12:15:45.851,-10.1279,0.0800,13.1616
2026-05-09T12:15:45.869,-10.1305,0.0800,13.0901
2026-05-09T12:15:45.890,-10.1328,0.0800,13.0128
2026-05-09T12:15:45.908,-10.1345,0.0800,12.9250
2026-05-09T12:15:45.926,-10.1355,0.0800,12.8248
2026-05-09T12:15:45.944,-10.1358,0.0800,12.7339
2026-05-09T12:15:45.960,-10.1360,0.0800,12.6456
2026-05-09T12:15:45.976,-10.1363,0.0800,12.5585
2026-05-09T12:15:45.995,-10.1365,0.0800,12.4823
2026-05-09T12:15:46.015,-10.1368,0.0800,12.3997
2026-05-09T12:15:46.033,-10.1370,0.0800,12.3083
2026-05-09T12:15:46.051,-10.1374,0.0800,12.2048
2026-05-09T12:15:46.069,-10.1377,0.0800,12.1199
2026-05-09T12:15:46.085,-10.1381,0.0800,12.0272
2026-05-09T12:15:46.101,-10.1384,0.0800,11.9410
2026-05-09T12:15:46.120,-10.1387,0.0800,11.8611
2026-05-09T12:15:46.140,-10.1389,0.0800,11.7795
2026-05-09T12:15:46.157,-10.1391,0.0800,11.6834
2026-05-09T12:15:46.174,-10.1393,0.0800,11.5846
2026-05-09T12:15:46.192,-10.1394,0.0800,11.5001
2026-05-09T12:15:46.209,-10.1396,0.0800,11.4102
2026-05-09T12:15:46.225,-10.1397,0.0800,11.3239
2026-05-09T12:15:46.242,-10.1399,0.0800,11.2412
2026-05-09T12:15:46.261,-10.1399,0.0800,11.1616
2026-05-09T12:15:46.279,-10.1396,0.0800,11.0782
2026-05-09T12:15:46.297,-10.1384,0.0800,10.9924
2026-05-09T12:15:46.315,-10.1365,0.0800,10.9096
2026-05-09T12:15:46.332,-10.1336,0.0800,10.8276
2026-05-09T12:15:46.349,-10.1294,0.0800,10.7373
2026-05-09T12:15:46.364,-10.1254,0.0800,10.6695
2026-05-09T12:15:46.383,-10.1201,0.0800,10.5921
2026-05-09T12:15:46.400,-10.1148,0.0800,10.5267
2026-05-09T12:15:46.417,-10.1071,0.0800,10.4437
2026-05-09T12:15:46.433,-10.0987,0.0800,10.3657
2026-05-09T12:15:46.449,-10.0897,0.0800,10.2909
2026-05-09T12:15:46.468,-10.0807,0.0800,10.2236
2026-05-09T12:15:46.488,-10.0699,0.0800,10.1485
2026-05-09T12:15:46.505,-10.0576,0.0800,10.0713
2026-05-09T12:15:46.523,-10.0427,0.0800,9.9843
2026-05-09T12:15:46.541,-10.0285,0.0800,9.9082
2026-05-09T12:15:46.559,-10.0130,0.0800,9.8305
2026-05-09T12:15:46.573,-9.9964,0.0800,9.7529
2026-05-09T12:15:46.592,-9.9781,0.0800,9.6719
2026-05-09T12:15:46.610,-9.9638,0.0800,9.6126
2026-05-09T12:15:46.626,-9.9438,0.0800,9.5331
2026-05-09T12:15:46.643,-9.9236,0.0800,9.4568
2026-05-09T12:15:46.660,-9.9048,0.0800,9.3898
2026-05-09T12:15:46.677,-9.8850,0.0800,9.3230
2026-05-09T12:15:46.695,-9.8660,0.0800,9.2623
2026-05-09T12:15:46.711,-9.8489,0.0800,9.2111
2026-05-09T12:15:46.727,-9.8407,0.0800,9.1891
2026-05-09T12:15:46.746,-9.8438,0.0800,9.1981
2026-05-09T12:15:46.765,-9.8586,0.0800,9.2339
2026-05-09T12:15:46.783,-9.8776,0.0800,9.2775
2026-05-09T12:15:46.802,-9.8957,0.0800,9.3159
2026-05-09T12:15:46.819,-9.9210,0.0800,9.3674
2026-05-09T12:15:46.835,-9.9472,0.0800,9.4176
2026-05-09T12:15:46.850,-9.9729,0.0800,9.4641
2026-05-09T12:15:46.867,-9.9962,0.0800,9.5043
2026-05-09T12:15:46.886,-10.0228,0.0800,9.5477
2026-05-09T12:15:46.904,-10.0498,0.0800,9.5902
2026-05-09T12:15:46.923,-10.0820,0.0800,9.6387
2026-05-09T12:15:46.941,-10.1138,0.0800,9.6843
2026-05-09T12:15:46.957,-10.1481,0.0800,9.7311
2026-05-09T12:15:46.974,-10.1833,0.0800,9.7768
2026-05-09T12:15:46.989,-10.2127,0.0800,9.8132
2026-05-09T12:15:47.004,-10.2437,0.0800,9.8501
2026-05-09T12:15:47.022,-10.2729,0.0800,9.8831
2026-05-09T12:15:47.041,-10.3017,0.0800,9.9147
2026-05-09T12:15:47.059,-10.3312,0.0800,9.9460
2026-05-09T12:15:47.077,-10.3615,0.0800,9.9767
2026-05-09T12:15:47.095,-10.3821,0.0800,9.9966
2026-05-09T12:15:47.111,-10.4033,0.0800,10.0161
2026-05-09T12:15:47.126,-10.4226,0.0800,10.0330
2026-05-09T12:15:47.142,-10.4416,0.0800,10.0486
2026-05-09T12:15:47.161,-10.4590,0.0800,10.0618
2026-05-09T12:15:47.179,-10.4765,0.0800,10.0749
2026-05-09T12:15:47.197,-10.4970,0.0800,10.0895
2026-05-09T12:15:47.215,-10.5171,0.0800,10.1030
2026-05-09T12:15:47.233,-10.5331,0.0800,10.1131
2026-05-09T12:15:47.250,-10.5507,0.0800,10.1236
2026-05-09T12:15:47.266,-10.5689,0.0800,10.1338
2026-05-09T12:15:47.282,-10.5858,0.0800,10.1422
2026-05-09T12:15:47.300,-10.6007,0.0800,10.1495
2026-05-09T12:15:47.319,-10.6138,0.0800,10.1557
2026-05-09T12:15:47.336,-10.6270,0.0800,10.1615
2026-05-09T12:15:47.353,-10.6393,0.0800,10.1666
2026-05-09T12:15:47.372,-10.6480,0.0800,10.1699
2026-05-09T12:15:47.390,-10.6566,0.0800,10.1730
2026-05-09T12:15:47.405,-10.6662,0.0800,10.1762
2026-05-09T12:15:47.422,-10.6740,0.0800,10.1782
2026-05-09T12:15:47.440,-10.6796,0.0800,10.1798
2026-05-09T12:15:47.459,-10.6853,0.0800,10.1812
2026-05-09T12:15:47.475,-10.6922,0.0800,10.1828
2026-05-09T12:15:47.491,-10.6985,0.0800,10.1841
2026-05-09T12:15:47.511,-10.7040,0.0800,10.1851
2026-05-09T12:15:47.529,-10.7082,0.0800,10.1858
2026-05-09T12:15:47.545,-10.7126,0.0800,10.1864
2026-05-09T12:15:47.562,-10.7160,0.0800,10.1865
2026-05-09T12:15:47.581,-10.7172,0.0800,10.1869
2026-05-09T12:15:47.598,-10.7169,0.0800,10.1872
2026-05-09T12:15:47.617,-10.7166,0.0800,10.1876
2026-05-09T12:15:47.635,-10.7142,0.0800,10.1882
2026-05-09T12:15:47.652,-10.7106,0.0800,10.1889
2026-05-09T12:15:47.668,-10.7032,0.0800,10.1903
2026-05-09T12:15:47.684,-10.6951,0.0800,10.1920
2026-05-09T12:15:47.702,-10.6864,0.0800,10.1936
2026-05-09T12:15:47.721,-10.6752,0.0800,10.1964
2026-05-09T12:15:47.739,-10.6623,0.0800,10.2000
2026-05-09T12:15:47.757,-10.6447,0.0800,10.2052
2026-05-09T12:15:47.775,-10.6183,0.0800,10.2137
2026-05-09T12:15:47.792,-10.5920,0.0800,10.2230
2026-05-09T12:15:47.808,-10.5603,0.0800,10.2350
2026-05-09T12:15:47.824,-10.5274,0.0800,10.2484
2026-05-09T12:15:47.841,-10.4896,0.0800,10.2645
2026-05-09T12:15:47.857,-10.4522,0.0800,10.2817
2026-05-09T12:15:47.876,-10.4102,0.0800,10.3021
2026-05-09T12:15:47.896,-10.3685,0.0800,10.3235
2026-05-09T12:15:47.916,-10.3158,0.0800,10.3518
2026-05-09T12:15:47.934,-10.2593,0.0800,10.3839
2026-05-09T12:15:47.952,-10.1977,0.0800,10.4207
2026-05-09T12:15:47.972,-10.1441,0.0800,10.4545
2026-05-09T12:15:47.989,-10.0865,0.0800,10.4923
2026-05-09T12:15:48.006,-10.0187,0.0800,10.5386
2026-05-09T12:15:48.025,-9.9591,0.0800,10.5807
2026-05-09T12:15:48.045,-9.8935,0.0800,10.6284
2026-05-09T12:15:48.061,-9.8246,0.0800,10.6796
2026-05-09T12:15:48.077,-9.7521,0.0800,10.7348
2026-05-09T12:15:48.094,-9.6937,0.0800,10.7804
2026-05-09T12:15:48.112,-9.6344,0.0800,10.8275
2026-05-09T12:15:48.129,-9.5705,0.0800,10.8791
2026-05-09T12:15:48.145,-9.5041,0.0800,10.9338
2026-05-09T12:15:48.163,-9.4437,0.0800,10.9842
2026-05-09T12:15:48.181,-9.3783,0.0800,11.0390
2026-05-09T12:15:48.199,-9.3122,0.0800,11.0944
2026-05-09T12:15:48.217,-9.2407,0.0800,11.1544
2026-05-09T12:15:48.233,-9.1762,0.0800,11.2084
2026-05-09T12:15:48.249,-9.1072,0.0800,11.2664
2026-05-09T12:15:48.265,-9.0474,0.0800,11.3165
2026-05-09T12:15:48.281,-8.9837,0.0800,11.3700
2026-05-09T12:15:48.296,-8.9272,0.0800,11.4173
2026-05-09T12:15:48.314,-8.8619,0.0800,11.4720
2026-05-09T12:15:48.330,-8.8060,0.0800,11.5188
2026-05-09T12:15:48.345,-8.7364,0.0800,11.5771
2026-05-09T12:15:48.360,-8.6803,0.0800,11.6241
2026-05-09T12:15:48.375,-8.6213,0.0800,11.6734
2026-05-09T12:15:48.389,-8.5668,0.0800,11.7190
2026-05-09T12:15:48.404,-8.5113,0.0800,11.7649
2026-05-09T12:15:48.421,-8.4548,0.0800,11.8111
2026-05-09T12:15:48.439,-8.4020,0.0800,11.8537
2026-05-09T12:15:48.456,-8.3387,0.0800,11.9040
2026-05-09T12:15:48.472,-8.2717,0.0800,11.9564
2026-05-09T12:15:48.487,-8.2098,0.0800,12.0039
2026-05-09T12:15:48.501,-8.1484,0.0800,12.0503
2026-05-09T12:15:48.516,-8.0953,0.0800,12.0898
2026-05-09T12:15:48.534,-8.0394,0.0800,12.1306
2026-05-09T12:15:48.553,-7.9816,0.0800,12.1721
2026-05-09T12:15:48.568,-7.9113,0.0800,12.2216
2026-05-09T12:15:48.583,-7.8364,0.0800,12.2735
2026-05-09T12:15:48.598,-7.7750,0.0800,12.3159
2026-05-09T12:15:48.612,-7.7132,0.0800,12.3585
2026-05-09T12:15:48.628,-7.6560,0.0800,12.3980
2026-05-09T12:15:48.645,-7.5946,0.0800,12.4404
2026-05-09T12:15:48.662,-7.5331,0.0800,12.4828
2026-05-09T12:15:48.677,-7.4591,0.0800,12.5338
2026-05-09T12:15:48.691,-7.3937,0.0800,12.5789
2026-05-09T12:15:48.706,-7.3352,0.0800,12.6189
2026-05-09T12:15:48.720,-7.2759,0.0800,12.6590
2026-05-09T12:15:48.734,-7.2171,0.0800,12.6983
2026-05-09T12:15:48.748,-7.1619,0.0800,12.7346
2026-05-09T12:15:48.762,-7.1076,0.0800,12.7699
2026-05-09T12:15:48.778,-7.0488,0.0800,12.8076
2026-05-09T12:15:48.792,-6.9946,0.0800,12.8417
2026-05-09T12:15:48.807,-6.9303,0.0800,12.8815
2026-05-09T12:15:48.822,-6.8739,0.0800,12.9158
2026-05-09T12:15:48.839,-6.8121,0.0800,12.9529
2026-05-09T12:15:48.854,-6.7490,0.0800,12.9899
2026-05-09T12:15:48.869,-6.6810,0.0800,13.0292
2026-05-09T12:15:48.883,-6.6178,0.0800,13.0649
2026-05-09T12:15:48.897,-6.5588,0.0800,13.0978
2026-05-09T12:15:48.911,-6.5004,0.0800,13.1298
2026-05-09T12:15:48.925,-6.4404,0.0800,13.1620
2026-05-09T12:15:48.938,-6.3805,0.0800,13.1936
2026-05-09T12:15:48.953,-6.3248,0.0800,13.2226
2026-05-09T12:15:48.967,-6.2676,0.0800,13.2518
2026-05-09T12:15:48.982,-6.2061,0.0800,13.2827
2026-05-09T12:15:48.996,-6.1456,0.0800,13.3126
2026-05-09T12:15:49.010,-6.0812,0.0800,13.3439
2026-05-09T12:15:49.023,-6.0218,0.0800,13.3722
2026-05-09T12:15:49.037,-5.9603,0.0800,13.4011
2026-05-09T12:15:49.051,-5.9043,0.0800,13.4269
2026-05-09T12:15:49.066,-5.8436,0.0800,13.4543
2026-05-09T12:15:49.080,-5.7822,0.0800,13.4816
2026-05-09T12:15:49.094,-5.7208,0.0800,13.5084
2026-05-09T12:15:49.108,-5.6541,0.0800,13.5369
2026-05-09T12:15:49.121,-5.5952,0.0800,13.5615
2026-05-09T12:15:49.135,-5.5282,0.0800,13.5893
2026-05-09T12:15:49.149,-5.4690,0.0800,13.6139
2026-05-09T12:15:49.163,-5.4060,0.0800,13.6400
2026-05-09T12:15:49.177,-5.3388,0.0800,13.6678
2026-05-09T12:15:49.191,-5.2800,0.0800,13.6923
2026-05-09T12:15:49.204,-5.2116,0.0800,13.7206
2026-05-09T12:15:49.218,-5.1517,0.0800,13.7455
2026-05-09T12:15:49.231,-5.0916,0.0800,13.7706
2026-05-09T12:15:49.245,-5.0274,0.0800,13.7972
2026-05-09T12:15:49.259,-4.9653,0.0800,13.8231
2026-05-09T12:15:49.272,-4.8982,0.0800,13.8510
2026-05-09T12:15:49.289,-4.8375,0.0800,13.8763
2026-05-09T12:15:49.302,-4.7724,0.0800,13.9033
2026-05-09T12:15:49.316,-4.6974,0.0800,13.9345
2026-05-09T12:15:49.330,-4.6374,0.0800,13.9594
2026-05-09T12:15:49.344,-4.5683,0.0800,13.9881
2026-05-09T12:15:49.359,-4.5063,0.0800,14.0139
2026-05-09T12:15:49.372,-4.4422,0.0800,14.0405
2026-05-09T12:15:49.386,-4.3761,0.0800,14.0679
2026-05-09T12:15:49.400,-4.3125,0.0800,14.0944
2026-05-09T12:15:49.414,-4.2508,0.0800,14.1201
2026-05-09T12:15:49.428,-4.1923,0.0800,14.1449
2026-05-09T12:15:49.442,-4.1302,0.0800,14.1718
2026-05-09T12:15:49.456,-4.0745,0.0800,14.1963
2026-05-09T12:15:49.470,-4.0213,0.0800,14.2205
2026-05-09T12:15:49.484,-3.9699,0.0800,14.2446
2026-05-09T12:15:49.498,-3.9233,0.0800,14.2671
2026-05-09T12:15:49.512,-3.8813,0.0800,14.2884
2026-05-09T12:15:49.526,-3.8450,0.0800,14.3076
2026-05-09T12:15:49.540,-3.8061,0.0800,14.3291
2026-05-09T12:15:49.553,-3.7718,0.0800,14.3486
2026-05-09T12:15:49.567,-3.7386,0.0800,14.3686
2026-05-09T12:15:49.580,-3.7063,0.0800,14.3888
2026-05-09T12:15:49.595,-3.6765,0.0800,14.4079
2026-05-09T12:15:49.608,-3.6445,0.0800,14.4295
2026-05-09T12:15:49.622,-3.6135,0.0800,14.4513
2026-05-09T12:15:49.636,-3.5827,0.0800,14.4734
2026-05-09T12:15:49.651,-3.5525,0.0800,14.4964
2026-05-09T12:15:49.663,-3.5240,0.0800,14.5188
2026-05-09T12:15:49.678,-3.4934,0.0800,14.5435
2026-05-09T12:15:49.692,-3.4679,0.0800,14.5652
2026-05-09T12:15:49.706,-3.4369,0.0800,14.5926
2026-05-09T12:15:49.719,-3.4105,0.0800,14.6167
2026-05-09T12:15:49.734,-3.3813,0.0800,14.6442
2026-05-09T12:15:49.747,-3.3568,0.0800,14.6684
2026-05-09T12:15:49.761,-3.3303,0.0800,14.6956
2026-05-09T12:15:49.775,-3.3044,0.0800,14.7228
2026-05-09T12:15:49.789,-3.2811,0.0800,14.7486
2026-05-09T12:15:49.803,-3.2549,0.0800,14.7786
2026-05-09T12:15:49.817,-3.2306,0.0800,14.8071
2026-05-09T12:15:49.830,-3.2071,0.0800,14.8360
2026-05-09T12:15:49.844,-3.1838,0.0800,14.8659
2026-05-09T12:15:49.858,-3.1626,0.0800,14.8938
2026-05-09T12:15:49.872,-3.1407,0.0800,14.9239
2026-05-09T12:15:49.886,-3.1190,0.0800,14.9550
2026-05-09T12:15:49.899,-3.0979,0.0800,14.9866
2026-05-09T12:15:49.913,-3.0785,0.0800,15.0163
2026-05-09T12:15:49.927,-3.0593,0.0800,15.0474
2026-05-09T12:15:49.941,-3.0392,0.0800,15.0813
2026-05-09T12:15:49.955,-3.0213,0.0800,15.1122
2026-05-09T12:15:49.968,-3.0031,0.0800,15.1456
2026-05-09T12:15:49.981,-2.9863,0.0800,15.1780
2026-05-09T12:15:49.996,-2.9698,0.0800,15.2104
2026-05-09T12:15:50.011,-2.9544,0.0800,15.2428
2026-05-09T12:15:50.024,-2.9378,0.0800,15.2793
2026-05-09T12:15:50.038,-2.9226,0.0800,15.3141
2026-05-09T12:15:50.052,-2.9093,0.0800,15.3469
2026-05-09T12:15:50.066,-2.8963,0.0800,15.3805
2026-05-09T12:15:50.079,-2.8837,0.0800,15.4150
2026-05-09T12:15:50.094,-2.8731,0.0800,15.4454
2026-05-09T12:15:50.108,-2.8617,0.0800,15.4807
2026-05-09T12:15:50.122,-2.8526,0.0800,15.5109
2026-05-09T12:15:50.136,-2.8432,0.0800,15.5436
2026-05-09T12:15:50.150,-2.8355,0.0800,15.5733
2026-05-09T12:15:50.163,-2.8279,0.0800,15.6053
2026-05-09T12:15:50.177,-2.8206,0.0800,15.6373
2026-05-09T12:15:50.191,-2.8149,0.0800,15.6664
2026-05-09T12:15:50.205,-2.8091,0.0800,15.6988
2026-05-09T12:15:50.218,-2.8041,0.0800,15.7301
2026-05-09T12:15:50.232,-2.7996,0.0800,15.7614
2026-05-09T12:15:50.246,-2.7961,0.0800,15.7913
2026-05-09T12:15:50.259,-2.7931,0.0800,15.8216
2026-05-09T12:15:50.273,-2.7905,0.0800,15.8522
2026-05-09T12:15:50.287,-2.7888,0.0800,15.8812
2026-05-09T12:15:50.300,-2.7875,0.0800,15.9129
2026-05-09T12:15:50.314,-2.7867,0.0800,15.9433
2026-05-09T12:15:50.327,-2.7866,0.0800,15.9721
2026-05-09T12:15:50.340,-2.7872,0.0800,16.0044
2026-05-09T12:15:50.355,-2.7880,0.0800,16.0320
2026-05-09T12:15:50.369,-2.7897,0.0800,16.0613
2026-05-09T12:15:50.383,-2.7919,0.0800,16.0905
2026-05-09T12:15:50.398,-2.7945,0.0800,16.1202
2026-05-09T12:15:50.411,-2.7977,0.0800,16.1475
2026-05-09T12:15:50.425,-2.8016,0.0800,16.1760
2026-05-09T12:15:50.438,-2.8058,0.0800,16.2025
2026-05-09T12:15:50.452,-2.8100,0.0800,16.2271
2026-05-09T12:15:50.466,-2.8142,0.0800,16.2479
2026-05-09T12:15:50.480,-2.8188,0.0800,16.2687
2026-05-09T12:15:50.494,-2.8233,0.0800,16.2880
2026-05-09T12:15:50.511,-2.8285,0.0800,16.3073
2026-05-09T12:15:50.525,-2.8336,0.0800,16.3248
2026-05-09T12:15:50.538,-2.8408,0.0800,16.3475
2026-05-09T12:15:50.552,-2.8463,0.0800,16.3643
2026-05-09T12:15:50.566,-2.8525,0.0800,16.3813
2026-05-09T12:15:50.580,-2.8595,0.0800,16.3989
2026-05-09T12:15:50.594,-2.8661,0.0800,16.4155
2026-05-09T12:15:50.608,-2.8742,0.0800,16.4338
2026-05-09T12:15:50.622,-2.8817,0.0800,16.4499
2026-05-09T12:15:50.636,-2.8896,0.0800,16.4664
2026-05-09T12:15:50.650,-2.8977,0.0800,16.4820
2026-05-09T12:15:50.663,-2.9069,0.0800,16.4988
2026-05-09T12:15:50.677,-2.9157,0.0800,16.5148
2026-05-09T12:15:50.691,-2.9247,0.0800,16.5297
2026-05-09T12:15:50.705,-2.9350,0.0800,16.5460
2026-05-09T12:15:50.719,-2.9449,0.0800,16.5609
2026-05-09T12:15:50.733,-2.9554,0.0800,16.5766
2026-05-09T12:15:50.747,-2.9667,0.0800,16.5921
2026-05-09T12:15:50.761,-2.9775,0.0800,16.6064
2026-05-09T12:15:50.775,-2.9893,0.0800,16.6217
2026-05-09T12:15:50.788,-3.0011,0.0800,16.6360
2026-05-09T12:15:50.802,-3.0139,0.0800,16.6508
2026-05-09T12:15:50.817,-3.0253,0.0800,16.6639
2026-05-09T12:15:50.831,-3.0378,0.0800,16.6773
2026-05-09T12:15:50.845,-3.0521,0.0800,16.6919
2026-05-09T12:15:50.858,-3.0658,0.0800,16.7053
2026-05-09T12:15:50.872,-3.0790,0.0800,16.7181
2026-05-09T12:15:50.886,-3.0926,0.0800,16.7303
2026-05-09T12:15:50.899,-3.1076,0.0800,16.7432
2026-05-09T12:15:50.914,-3.1212,0.0800,16.7549
2026-05-09T12:15:50.928,-3.1353,0.0800,16.7660
2026-05-09T12:15:50.941,-3.1517,0.0800,16.7785
2026-05-09T12:15:50.955,-3.1653,0.0800,16.7887
2026-05-09T12:15:50.970,-3.1811,0.0800,16.7997
2026-05-09T12:15:50.984,-3.1962,0.0800,16.8098
2026-05-09T12:15:50.998,-3.2131,0.0800,16.8208
2026-05-09T12:15:51.012,-3.2319,0.0800,16.8322
2026-05-09T12:15:51.027,-3.2529,0.0800,16.8444
2026-05-09T12:15:51.039,-3.2791,0.0800,16.8589
2026-05-09T12:15:51.053,-3.3103,0.0800,16.8758
2026-05-09T12:15:51.068,-3.3421,0.0800,16.8920
2026-05-09T12:15:51.082,-3.3889,0.0800,16.9149
2026-05-09T12:15:51.096,-3.4381,0.0800,16.9384
2026-05-09T12:15:51.110,-3.4914,0.0800,16.9627
2026-05-09T12:15:51.124,-3.5494,0.0800,16.9884
2026-05-09T12:15:51.137,-3.6127,0.0800,17.0158
2026-05-09T12:15:51.151,-3.6694,0.0800,17.0398
2026-05-09T12:15:51.165,-3.7249,0.0800,17.0627
2026-05-09T12:15:51.179,-3.7862,0.0800,17.0876
2026-05-09T12:15:51.193,-3.8458,0.0800,17.1112
2026-05-09T12:15:51.207,-3.9095,0.0800,17.1358
2026-05-09T12:15:51.220,-3.9704,0.0800,17.1588
2026-05-09T12:15:51.234,-4.0316,0.0800,17.1815
2026-05-09T12:15:51.248,-4.0910,0.0800,17.2028
2026-05-09T12:15:51.262,-4.1514,0.0800,17.2240
2026-05-09T12:15:51.276,-4.2162,0.0800,17.2463
2026-05-09T12:15:51.290,-4.2753,0.0800,17.2659
2026-05-09T12:15:51.304,-4.3371,0.0800,17.2859
2026-05-09T12:15:51.319,-4.3947,0.0800,17.3042
2026-05-09T12:15:51.332,-4.4519,0.0800,17.3215
2026-05-09T12:15:51.346,-4.5129,0.0800,17.3393
2026-05-09T12:15:51.359,-4.5654,0.0800,17.3539
2026-05-09T12:15:51.374,-4.6217,0.0800,17.3689
2026-05-09T12:15:51.388,-4.6680,0.0800,17.3805
2026-05-09T12:15:51.401,-4.7198,0.0800,17.3927
2026-05-09T12:15:51.415,-4.7707,0.0800,17.4041
2026-05-09T12:15:51.430,-4.8140,0.0800,17.4129
2026-05-09T12:15:51.443,-4.8634,0.0800,17.4222
2026-05-09T12:15:51.457,-4.9083,0.0800,17.4300
2026-05-09T12:15:51.471,-4.9513,0.0800,17.4366
2026-05-09T12:15:51.485,-4.9966,0.0800,17.4428
2026-05-09T12:15:51.502,-5.0365,0.0800,17.4477
2026-05-09T12:15:51.513,-5.0789,0.0800,17.4520
2026-05-09T12:15:51.527,-5.1308,0.0800,17.4563
2026-05-09T12:15:51.540,-5.1583,0.0800,17.4580
2026-05-09T12:15:51.554,-5.1973,0.0800,17.4599
2026-05-09T12:15:51.568,-5.2341,0.0800,17.4610
2026-05-09T12:15:51.581,-5.2724,0.0800,17.4613
2026-05-09T12:15:51.595,-5.3053,0.0800,17.4612
2026-05-09T12:15:51.609,-5.3351,0.0800,17.4603
2026-05-09T12:15:51.623,-5.3616,0.0800,17.4590
2026-05-09T12:15:51.637,-5.3773,0.0800,17.4580
2026-05-09T12:15:51.651,-5.3874,0.0800,17.4569
2026-05-09T12:15:51.664,-5.3926,0.0800,17.4561
2026-05-09T12:15:51.678,-5.3900,0.0800,17.4562
2026-05-09T12:15:51.692,-5.3833,0.0800,17.4572
2026-05-09T12:15:51.705,-5.3708,0.0800,17.4590
2026-05-09T12:15:51.720,-5.3571,0.0800,17.4613
2026-05-09T12:15:51.734,-5.3386,0.0800,17.4653
2026-05-09T12:15:51.748,-5.3155,0.0800,17.4704
2026-05-09T12:15:51.761,-5.2914,0.0800,17.4764
2026-05-09T12:15:51.776,-5.2627,0.0800,17.4844
2026-05-09T12:15:51.790,-5.2363,0.0800,17.4921
2026-05-09T12:15:51.803,-5.2059,0.0800,17.5017
2026-05-09T12:15:51.817,-5.1770,0.0800,17.5117
2026-05-09T12:15:51.831,-5.1471,0.0800,17.5224
2026-05-09T12:15:51.844,-5.1156,0.0800,17.5344
2026-05-09T12:15:51.858,-5.0871,0.0800,17.5462
2026-05-09T12:15:51.872,-5.0583,0.0800,17.5584
2026-05-09T12:15:51.887,-5.0283,0.0800,17.5717
2026-05-09T12:15:51.902,-4.9976,0.0800,17.5861
2026-05-09T12:15:51.919,-4.9670,0.0800,17.6015
2026-05-09T12:15:51.935,-4.9350,0.0800,17.6180
2026-05-09T12:15:51.954,-4.8997,0.0800,17.6373
2026-05-09T12:15:51.970,-4.8665,0.0800,17.6565
2026-05-09T12:15:51.985,-4.8292,0.0800,17.6790
2026-05-09T12:15:52.000,-4.7977,0.0800,17.6996
2026-05-09T12:15:52.014,-4.7672,0.0800,17.7201
2026-05-09T12:15:52.028,-4.7399,0.0800,17.7394
2026-05-09T12:15:52.042,-4.7116,0.0800,17.7602
2026-05-09T12:15:52.058,-4.6861,0.0800,17.7801
2026-05-09T12:15:52.075,-4.6606,0.0800,17.8005
2026-05-09T12:15:52.092,-4.6308,0.0800,17.8253
2026-05-09T12:15:52.108,-4.6005,0.0800,17.8517
2026-05-09T12:15:52.122,-4.5723,0.0800,17.8775
2026-05-09T12:15:52.137,-4.5455,0.0800,17.9035
2026-05-09T12:15:52.152,-4.5215,0.0800,17.9275
2026-05-09T12:15:52.166,-4.4973,0.0800,17.9525
2026-05-09T12:15:52.181,-4.4731,0.0800,17.9787
2026-05-09T12:15:52.196,-4.4506,0.0800,18.0045
2026-05-09T12:15:52.212,-4.4279,0.0800,18.0310
2026-05-09T12:15:52.231,-4.4077,0.0800,18.0557
2026-05-09T12:15:52.248,-4.3853,0.0800,18.0841
2026-05-09T12:15:52.263,-4.3632,0.0800,18.1142
2026-05-09T12:15:52.278,-4.3438,0.0800,18.1417
2026-05-09T12:15:52.293,-4.3295,0.0800,18.1628
2026-05-09T12:15:52.307,-4.3157,0.0800,18.1844
2026-05-09T12:15:52.324,-4.3047,0.0800,18.2024
2026-05-09T12:15:52.343,-4.2934,0.0800,18.2224
2026-05-09T12:15:52.361,-4.2820,0.0800,18.2430
2026-05-09T12:15:52.377,-4.2688,0.0800,18.2683
2026-05-09T12:15:52.392,-4.2583,0.0800,18.2898
2026-05-09T12:15:52.409,-4.2496,0.0800,18.3088
2026-05-09T12:15:52.427,-4.2421,0.0800,18.3263
2026-05-09T12:15:52.444,-4.2348,0.0800,18.3454
2026-05-09T12:15:52.459,-4.2281,0.0800,18.3635
2026-05-09T12:15:52.473,-4.2215,0.0800,18.3735
2026-05-09T12:15:52.492,-4.2167,0.0800,18.3733
2026-05-09T12:15:52.510,-4.2120,0.0800,18.3730
2026-05-09T12:15:52.527,-4.2069,0.0800,18.3727
2026-05-09T12:15:52.543,-4.2027,0.0800,18.3727
2026-05-09T12:15:52.558,-4.1992,0.0800,18.3724
2026-05-09T12:15:52.575,-4.1965,0.0800,18.3721
2026-05-09T12:15:52.593,-4.1944,0.0800,18.3719
2026-05-09T12:15:52.608,-4.1925,0.0800,18.3716
2026-05-09T12:15:52.623,-4.1922,0.0800,18.3713
2026-05-09T12:15:52.653,-4.1919,0.0800,18.3711
2026-05-09T12:15:52.668,-4.1916,0.0800,18.3709
2026-05-09T12:15:52.685,-4.1913,0.0800,18.3707
2026-05-09T12:15:52.704,-4.1909,0.0800,18.3612
2026-05-09T12:15:52.722,-4.1893,0.0800,18.3416
2026-05-09T12:15:52.737,-4.1866,0.0800,18.3146
2026-05-09T12:15:52.753,-4.1830,0.0800,18.2868
2026-05-09T12:15:52.767,-4.1785,0.0800,18.2573
2026-05-09T12:15:52.785,-4.1730,0.0800,18.2260
2026-05-09T12:15:52.803,-4.1666,0.0800,18.1922
2026-05-09T12:15:52.818,-4.1579,0.0800,18.1523
2026-05-09T12:15:52.834,-4.1477,0.0800,18.1109
2026-05-09T12:15:52.849,-4.1378,0.0800,18.0742
2026-05-09T12:15:52.864,-4.1265,0.0800,18.0357
2026-05-09T12:15:52.882,-4.1152,0.0800,17.9992
2026-05-09T12:15:52.899,-4.1027,0.0800,17.9624
2026-05-09T12:15:52.915,-4.0852,0.0800,17.9138
2026-05-09T12:15:52.930,-4.0673,0.0800,17.8673
2026-05-09T12:15:52.944,-4.0453,0.0800,17.8135
2026-05-09T12:15:52.959,-4.0266,0.0800,17.7695
2026-05-09T12:15:52.978,-4.0029,0.0800,17.7166
2026-05-09T12:15:52.997,-3.9755,0.0800,17.6577
2026-05-09T12:15:53.014,-3.9364,0.0800,17.5755
2026-05-09T12:15:53.029,-3.8978,0.0800,17.4969
2026-05-09T12:15:53.045,-3.8625,0.0800,17.4271
2026-05-09T12:15:53.062,-3.8282,0.0800,17.3601
2026-05-09T12:15:53.079,-3.7924,0.0800,17.2905
2026-05-09T12:15:53.094,-3.7549,0.0800,17.2176
2026-05-09T12:15:53.109,-3.7156,0.0800,17.1414
2026-05-09T12:15:53.124,-3.6821,0.0800,17.0765
2026-05-09T12:15:53.139,-3.6462,0.0800,17.0068
2026-05-09T12:15:53.154,-3.6139,0.0800,16.9442
2026-05-09T12:15:53.171,-3.5785,0.0800,16.8755
2026-05-09T12:15:53.189,-3.5470,0.0800,16.8141
2026-05-09T12:15:53.206,-3.5081,0.0800,16.7374
2026-05-09T12:15:53.223,-3.4684,0.0800,16.6580
2026-05-09T12:15:53.238,-3.4342,0.0800,16.5881
2026-05-09T12:15:53.253,-3.3991,0.0800,16.5148
2026-05-09T12:15:53.269,-3.3699,0.0800,16.4525
2026-05-09T12:15:53.286,-3.3414,0.0800,16.3904
2026-05-09T12:15:53.302,-3.3135,0.0800,16.3281
2026-05-09T12:15:53.318,-3.2870,0.0800,16.2663
2026-05-09T12:15:53.332,-3.2637,0.0800,16.2097
2026-05-09T12:15:53.347,-3.2409,0.0800,16.1519
2026-05-09T12:15:53.361,-3.2220,0.0800,16.1015
2026-05-09T12:15:53.376,-3.2027,0.0800,16.0481
2026-05-09T12:15:53.392,-3.1859,0.0800,15.9986
2026-05-09T12:15:53.409,-3.1690,0.0800,15.9466
2026-05-09T12:15:53.426,-3.1522,0.0800,15.8914
2026-05-09T12:15:53.443,-3.1353,0.0800,15.8332
2026-05-09T12:15:53.457,-3.1198,0.0800,15.7752
2026-05-09T12:15:53.471,-3.1069,0.0800,15.7226
2026-05-09T12:15:53.486,-3.0971,0.0800,15.6789
2026-05-09T12:15:53.500,-3.0874,0.0800,15.6320
2026-05-09T12:15:53.517,-3.0792,0.0800,15.5894
2026-05-09T12:15:53.533,-3.0719,0.0800,15.5462
2026-05-09T12:15:53.550,-3.0646,0.0800,15.4976
2026-05-09T12:15:53.566,-3.0589,0.0800,15.4528
2026-05-09T12:15:53.582,-3.0539,0.0800,15.4087
2026-05-09T12:15:53.597,-3.0501,0.0800,15.3645
2026-05-09T12:15:53.611,-3.0474,0.0800,15.3214
2026-05-09T12:15:53.626,-3.0459,0.0800,15.2863
2026-05-09T12:15:53.639,-3.0451,0.0800,15.2506
2026-05-09T12:15:53.658,-3.0448,0.0800,15.2164
2026-05-09T12:15:53.677,-3.0453,0.0800,15.1874
2026-05-09T12:15:53.694,-3.0468,0.0800,15.1504
2026-05-09T12:15:53.709,-3.0494,0.0800,15.1123
2026-05-09T12:15:53.723,-3.0524,0.0800,15.0804
2026-05-09T12:15:53.738,-3.0555,0.0800,15.0524
2026-05-09T12:15:53.755,-3.0591,0.0800,15.0271
2026-05-09T12:15:53.774,-3.0633,0.0800,15.0018
2026-05-09T12:15:53.790,-3.0688,0.0800,14.9723
2026-05-09T12:15:53.804,-3.0756,0.0800,14.9400
2026-05-09T12:15:53.820,-3.0817,0.0800,14.9132
2026-05-09T12:15:53.834,-3.0878,0.0800,14.8903
2026-05-09T12:15:53.849,-3.0947,0.0800,14.8667
2026-05-09T12:15:53.864,-3.1020,0.0800,14.8432
2026-05-09T12:15:53.882,-3.1096,0.0800,14.8200
2026-05-09T12:15:53.899,-3.1181,0.0800,14.7968
2026-05-09T12:15:53.916,-3.1288,0.0800,14.7693
2026-05-09T12:15:53.930,-3.1391,0.0800,14.7451
2026-05-09T12:15:53.944,-3.1506,0.0800,14.7196
2026-05-09T12:15:53.959,-3.1598,0.0800,14.6997
2026-05-09T12:15:53.973,-3.1705,0.0800,14.6788
2026-05-09T12:15:53.990,-3.1812,0.0800,14.6588
2026-05-09T12:15:54.006,-3.1932,0.0800,14.6377
2026-05-09T12:15:54.023,-3.2065,0.0800,14.6146
2026-05-09T12:15:54.037,-3.2210,0.0800,14.5916
2026-05-09T12:15:54.051,-3.2350,0.0800,14.5705
2026-05-09T12:15:54.065,-3.2482,0.0800,14.5515
2026-05-09T12:15:54.079,-3.2620,0.0800,14.5327
2026-05-09T12:15:54.093,-3.2755,0.0800,14.5145
2026-05-09T12:15:54.107,-3.2903,0.0800,14.4959
2026-05-09T12:15:54.121,-3.3036,0.0800,14.4798
2026-05-09T12:15:54.135,-3.3185,0.0800,14.4623
2026-05-09T12:15:54.150,-3.3336,0.0800,14.4455
2026-05-09T12:15:54.163,-3.3491,0.0800,14.4290
2026-05-09T12:15:54.177,-3.3665,0.0800,14.4109
2026-05-09T12:15:54.191,-3.3803,0.0800,14.3975
2026-05-09T12:15:54.205,-3.3970,0.0800,14.3819
2026-05-09T12:15:54.220,-3.4139,0.0800,14.3663
2026-05-09T12:15:54.234,-3.4312,0.0800,14.3514
2026-05-09T12:15:54.248,-3.4489,0.0800,14.3369
2026-05-09T12:15:54.261,-3.4671,0.0800,14.3225
2026-05-09T12:15:54.275,-3.4857,0.0800,14.3082
2026-05-09T12:15:54.289,-3.5019,0.0800,14.2964
2026-05-09T12:15:54.303,-3.5211,0.0800,14.2832
2026-05-09T12:15:54.317,-3.5397,0.0800,14.2705
2026-05-09T12:15:54.331,-3.5587,0.0800,14.2584
2026-05-09T12:15:54.344,-3.5786,0.0800,14.2464
2026-05-09T12:15:54.358,-3.5974,0.0800,14.2353
2026-05-09T12:15:54.372,-3.6164,0.0800,14.2248
2026-05-09T12:15:54.386,-3.6368,0.0800,14.2141
2026-05-09T12:15:54.399,-3.6571,0.0800,14.2040
2026-05-09T12:15:54.413,-3.6786,0.0800,14.1936
2026-05-09T12:15:54.427,-3.6970,0.0800,14.1854
2026-05-09T12:15:54.441,-3.7187,0.0800,14.1763
2026-05-09T12:15:54.456,-3.7387,0.0800,14.1680
2026-05-09T12:15:54.470,-3.7604,0.0800,14.1599
2026-05-09T12:15:54.484,-3.7843,0.0800,14.1516
2026-05-09T12:15:54.497,-3.8070,0.0800,14.1439
2026-05-09T12:15:54.511,-3.8324,0.0800,14.1361
2026-05-09T12:15:54.525,-3.8583,0.0800,14.1288
2026-05-09T12:15:54.538,-3.8910,0.0800,14.1201
2026-05-09T12:15:54.552,-3.9224,0.0800,14.1122
2026-05-09T12:15:54.566,-3.9560,0.0800,14.1047
2026-05-09T12:15:54.579,-3.9935,0.0800,14.0970
2026-05-09T12:15:54.594,-4.0305,0.0800,14.0898
2026-05-09T12:15:54.608,-4.0748,0.0800,14.0822
2026-05-09T12:15:54.621,-4.1260,0.0800,14.0743
2026-05-09T12:15:54.636,-4.1800,0.0800,14.0666
2026-05-09T12:15:54.650,-4.2349,0.0800,14.0597
2026-05-09T12:15:54.663,-4.2982,0.0800,14.0524
2026-05-09T12:15:54.678,-4.3624,0.0800,14.0456
2026-05-09T12:15:54.692,-4.4279,0.0800,14.0393
2026-05-09T12:15:54.706,-4.4947,0.0800,14.0333
2026-05-09T12:15:54.719,-4.5633,0.0800,14.0276
2026-05-09T12:15:54.734,-4.6319,0.0800,14.0222
2026-05-09T12:15:54.748,-4.6989,0.0800,14.0172
2026-05-09T12:15:54.762,-4.7676,0.0800,14.0121
2026-05-09T12:15:54.776,-4.8401,0.0800,14.0067
2026-05-09T12:15:54.790,-4.9081,0.0800,14.0017
2026-05-09T12:15:54.803,-4.9792,0.0800,13.9964
2026-05-09T12:15:54.817,-5.0475,0.0800,13.9912
2026-05-09T12:15:54.831,-5.1118,0.0800,13.9864
2026-05-09T12:15:54.846,-5.1838,0.0800,13.9809
2026-05-09T12:15:54.859,-5.2540,0.0800,13.9755
2026-05-09T12:15:54.873,-5.3289,0.0800,13.9698
2026-05-09T12:15:54.886,-5.3882,0.0800,13.9651
2026-05-09T12:15:54.900,-5.4557,0.0800,13.9594
2026-05-09T12:15:54.915,-5.5119,0.0800,13.9542
2026-05-09T12:15:54.929,-5.5725,0.0800,13.9481
2026-05-09T12:15:54.943,-5.6452,0.0800,13.9400
2026-05-09T12:15:54.957,-5.7042,0.0800,13.9330
2026-05-09T12:15:54.971,-5.7717,0.0800,13.9241
2026-05-09T12:15:54.983,-5.8244,0.0800,13.9165
2026-05-09T12:15:54.997,-5.8872,0.0800,13.9070
2026-05-09T12:15:55.012,-5.9404,0.0800,13.8982
2026-05-09T12:15:55.027,-6.0001,0.0800,13.8878
2026-05-09T12:15:55.039,-6.0670,0.0800,13.8754
2026-05-09T12:15:55.054,-6.1258,0.0800,13.8640
2026-05-09T12:15:55.068,-6.1830,0.0800,13.8522
2026-05-09T12:15:55.082,-6.2453,0.0800,13.8386
2026-05-09T12:15:55.096,-6.3069,0.0800,13.8246
2026-05-09T12:15:55.110,-6.3653,0.0800,13.8105
2026-05-09T12:15:55.123,-6.4232,0.0800,13.7959
2026-05-09T12:15:55.137,-6.4878,0.0800,13.7791
2026-05-09T12:15:55.152,-6.5483,0.0800,13.7626
2026-05-09T12:15:55.165,-6.6105,0.0800,13.7451
2026-05-09T12:15:55.179,-6.6799,0.0800,13.7252
2026-05-09T12:15:55.193,-6.7438,0.0800,13.7068
2026-05-09T12:15:55.207,-6.8084,0.0800,13.6884
2026-05-09T12:15:55.221,-6.8721,0.0800,13.6706
2026-05-09T12:15:55.235,-6.9298,0.0800,13.6550
2026-05-09T12:15:55.249,-6.9876,0.0800,13.6401
2026-05-09T12:15:55.263,-7.0424,0.0800,13.6267
2026-05-09T12:15:55.277,-7.0992,0.0800,13.6134
2026-05-09T12:15:55.291,-7.1494,0.0800,13.6024
2026-05-09T12:15:55.304,-7.2050,0.0800,13.5910
2026-05-09T12:15:55.318,-7.2583,0.0800,13.5806
2026-05-09T12:15:55.332,-7.3087,0.0800,13.5717
2026-05-09T12:15:55.346,-7.3644,0.0800,13.5625
2026-05-09T12:15:55.360,-7.4153,0.0800,13.5549
2026-05-09T12:15:55.374,-7.4679,0.0800,13.5475
2026-05-09T12:15:55.388,-7.5201,0.0800,13.5412
2026-05-09T12:15:55.401,-7.5706,0.0800,13.5358
2026-05-09T12:15:55.416,-7.6210,0.0800,13.5310
2026-05-09T12:15:55.429,-7.6637,0.0800,13.5278
2026-05-09T12:15:55.443,-7.7142,0.0800,13.5247
2026-05-09T12:15:55.456,-7.7535,0.0800,13.5229
2026-05-09T12:15:55.471,-7.7969,0.0800,13.5218
2026-05-09T12:15:55.483,-7.8361,0.0800,13.5215
2026-05-09T12:15:55.498,-7.8764,0.0800,13.5217
2026-05-09T12:15:55.511,-7.9135,0.0800,13.5228
2026-05-09T12:15:55.526,-7.9491,0.0800,13.5244
2026-05-09T12:15:55.539,-7.9834,0.0800,13.5267
2026-05-09T12:15:55.553,-8.0188,0.0800,13.5295
2026-05-09T12:15:55.567,-8.0476,0.0800,13.5325
2026-05-09T12:15:55.581,-8.0758,0.0800,13.5361
2026-05-09T12:15:55.594,-8.1023,0.0800,13.5397
2026-05-09T12:15:55.609,-8.1267,0.0800,13.5438
2026-05-09T12:15:55.621,-8.1463,0.0800,13.5475
2026-05-09T12:15:55.635,-8.1652,0.0800,13.5513
2026-05-09T12:15:55.649,-8.1795,0.0800,13.5547
2026-05-09T12:15:55.663,-8.1977,0.0800,13.5594
2026-05-09T12:15:55.678,-8.2071,0.0800,13.5618
2026-05-09T12:15:55.694,-8.2154,0.0800,13.5645
2026-05-09T12:15:55.709,-8.2236,0.0800,13.5674
2026-05-09T12:15:55.722,-8.2302,0.0800,13.5699
2026-05-09T12:15:55.737,-8.2371,0.0800,13.5724
2026-05-09T12:15:55.750,-8.2421,0.0800,13.5747
2026-05-09T12:15:55.766,-8.2475,0.0800,13.5773
2026-05-09T12:15:55.782,-8.2530,0.0800,13.5797
2026-05-09T12:15:55.800,-8.2585,0.0800,13.5826
2026-05-09T12:15:55.817,-8.2647,0.0800,13.5860
2026-05-09T12:15:55.832,-8.2711,0.0800,13.5898
2026-05-09T12:15:55.847,-8.2771,0.0800,13.5936
2026-05-09T12:15:55.861,-8.2828,0.0800,13.5974
2026-05-09T12:15:55.875,-8.2906,0.0800,13.6024
2026-05-09T12:15:55.891,-8.2981,0.0800,13.6077
2026-05-09T12:15:55.907,-8.3104,0.0800,13.6166
2026-05-09T12:15:55.927,-8.3306,0.0800,13.6314
2026-05-09T12:15:55.944,-8.3544,0.0800,13.6501
2026-05-09T12:15:55.959,-8.3829,0.0800,13.6736
2026-05-09T12:15:55.974,-8.4107,0.0800,13.6978
2026-05-09T12:15:55.990,-8.4349,0.0800,13.7199
2026-05-09T12:15:56.008,-8.4624,0.0800,13.7461
2026-05-09T12:15:56.026,-8.4905,0.0800,13.7734
2026-05-09T12:15:56.042,-8.5219,0.0800,13.8061
2026-05-09T12:15:56.058,-8.5521,0.0800,13.8390
2026-05-09T12:15:56.075,-8.5776,0.0800,13.8682
2026-05-09T12:15:56.092,-8.6041,0.0800,13.8999
2026-05-09T12:15:56.111,-8.6339,0.0800,13.9369
2026-05-09T12:15:56.129,-8.6609,0.0800,13.9722
2026-05-09T12:15:56.146,-8.6929,0.0800,14.0159
2026-05-09T12:15:56.164,-8.7239,0.0800,14.0597
2026-05-09T12:15:56.180,-8.7560,0.0800,14.1082
2026-05-09T12:15:56.196,-8.7840,0.0800,14.1524
2026-05-09T12:15:56.212,-8.8106,0.0800,14.1964
2026-05-09T12:15:56.231,-8.8360,0.0800,14.2404
2026-05-09T12:15:56.249,-8.8612,0.0800,14.2861
2026-05-09T12:15:56.268,-8.8889,0.0800,14.3384
2026-05-09T12:15:56.287,-8.9185,0.0800,14.3977
2026-05-09T12:15:56.304,-8.9470,0.0800,14.4581
2026-05-09T12:15:56.321,-8.9748,0.0800,14.5203
2026-05-09T12:15:56.337,-9.0000,0.0800,14.5795
2026-05-09T12:15:56.353,-9.0239,0.0800,14.6388
2026-05-09T12:15:56.372,-9.0494,0.0800,14.7049
2026-05-09T12:15:56.392,-9.0744,0.0800,14.7722
2026-05-09T12:15:56.412,-9.1047,0.0800,14.8576
2026-05-09T12:15:56.432,-9.1348,0.0800,14.9449
2026-05-09T12:15:56.450,-9.1671,0.0800,15.0417
2026-05-09T12:15:56.467,-9.1943,0.0800,15.1263
2026-05-09T12:15:56.486,-9.2210,0.0800,15.2111
2026-05-09T12:15:56.503,-9.2438,0.0800,15.2861
2026-05-09T12:15:56.521,-9.2699,0.0800,15.3747
2026-05-09T12:15:56.540,-9.2929,0.0800,15.4549
2026-05-09T12:15:56.559,-9.3153,0.0800,15.5359
2026-05-09T12:15:56.577,-9.3383,0.0800,15.6227
2026-05-09T12:15:56.596,-9.3590,0.0800,15.7042
2026-05-09T12:15:56.614,-9.3790,0.0800,15.7871
2026-05-09T12:15:56.631,-9.3983,0.0800,15.8711
2026-05-09T12:15:56.648,-9.4152,0.0800,15.9496
2026-05-09T12:15:56.667,-9.4311,0.0800,16.0273
2026-05-09T12:15:56.687,-9.4468,0.0800,16.1082
2026-05-09T12:15:56.707,-9.4609,0.0800,16.1865
2026-05-09T12:15:56.727,-9.4762,0.0800,16.2788
2026-05-09T12:15:56.747,-9.4898,0.0800,16.3678
2026-05-09T12:15:56.765,-9.5018,0.0800,16.4551
2026-05-09T12:15:56.784,-9.5127,0.0800,16.5433
2026-05-09T12:15:56.803,-9.5204,0.0800,16.6142
2026-05-09T12:15:56.823,-9.5276,0.0800,16.6927
2026-05-09T12:15:56.842,-9.5329,0.0800,16.7649
2026-05-09T12:15:56.863,-9.5370,0.0800,16.8397
2026-05-09T12:15:56.880,-9.5395,0.0800,16.9100
2026-05-09T12:15:56.898,-9.5406,0.0800,16.9867
2026-05-09T12:15:56.917,-9.5400,0.0800,17.0518
2026-05-09T12:15:56.936,-9.5383,0.0800,17.1132
2026-05-09T12:15:56.956,-9.5349,0.0800,17.1829
2026-05-09T12:15:56.977,-9.5303,0.0800,17.2487
2026-05-09T12:15:56.998,-9.5243,0.0800,17.3133
2026-05-09T12:15:57.019,-9.5159,0.0800,17.3864
2026-05-09T12:15:57.039,-9.5064,0.0800,17.4536
2026-05-09T12:15:57.058,-9.4947,0.0800,17.5241
2026-05-09T12:15:57.077,-9.4824,0.0800,17.5887
2026-05-09T12:15:57.098,-9.4690,0.0800,17.6508
2026-05-09T12:15:57.118,-9.4539,0.0800,17.7143
2026-05-09T12:15:57.137,-9.4368,0.0800,17.7796
2026-05-09T12:15:57.159,-9.4176,0.0800,17.8462
2026-05-09T12:15:57.179,-9.3978,0.0800,17.9096
2026-05-09T12:15:57.198,-9.3728,0.0800,17.9840
2026-05-09T12:15:57.217,-9.3460,0.0800,18.0578
2026-05-09T12:15:57.238,-9.3192,0.0800,18.1271
2026-05-09T12:15:57.260,-9.2891,0.0800,18.2011
2026-05-09T12:15:57.280,-9.2533,0.0800,18.2850
2026-05-09T12:15:57.301,-9.2158,0.0800,18.3684
2026-05-09T12:15:57.321,-9.1778,0.0800,18.4496
2026-05-09T12:15:57.341,-9.1396,0.0800,18.5281
2026-05-09T12:15:57.362,-9.0998,0.0800,18.6070
2026-05-09T12:15:57.382,-9.0577,0.0800,18.6874
2026-05-09T12:15:57.402,-9.0163,0.0800,18.7634
2026-05-09T12:15:57.423,-8.9719,0.0800,18.8424
2026-05-09T12:15:57.443,-8.9291,0.0800,18.9155
2026-05-09T12:15:57.465,-8.8861,0.0800,18.9864
2026-05-09T12:15:57.485,-8.8423,0.0800,19.0554
2026-05-09T12:15:57.504,-8.7971,0.0800,19.1237
2026-05-09T12:15:57.522,-8.7536,0.0800,19.1864
2026-05-09T12:15:57.542,-8.7131,0.0800,19.2424
2026-05-09T12:15:57.562,-8.6719,0.0800,19.2969
2026-05-09T12:15:57.581,-8.6270,0.0800,19.3539
2026-05-09T12:15:57.600,-8.5821,0.0800,19.4085
2026-05-09T12:15:57.620,-8.5346,0.0800,19.4639
2026-05-09T12:15:57.639,-8.4901,0.0800,19.5135
2026-05-09T12:15:57.658,-8.4428,0.0800,19.5643
2026-05-09T12:15:57.677,-8.3944,0.0800,19.6143
2026-05-09T12:15:57.696,-8.3444,0.0800,19.6637
2026-05-09T12:15:57.713,-8.2935,0.0800,19.7121
2026-05-09T12:15:57.730,-8.2385,0.0800,19.7622
2026-05-09T12:15:57.746,-8.1712,0.0800,19.8215
2026-05-09T12:15:57.764,-8.1310,0.0800,19.8560
2026-05-09T12:15:57.780,-8.0759,0.0800,19.9018
2026-05-09T12:15:57.795,-8.0197,0.0800,19.9473
2026-05-09T12:15:57.810,-7.9600,0.0800,19.9943
2026-05-09T12:15:57.823,-7.9091,0.0800,20.0335
2026-05-09T12:15:57.838,-7.8527,0.0800,20.0765
2026-05-09T12:15:57.852,-7.8015,0.0800,20.1147
2026-05-09T12:15:57.866,-7.7447,0.0800,20.1564
2026-05-09T12:15:57.880,-7.6903,0.0800,20.1960
2026-05-09T12:15:57.894,-7.6336,0.0800,20.2368
2026-05-09T12:15:57.908,-7.5762,0.0800,20.2775
2026-05-09T12:15:57.922,-7.5217,0.0800,20.3159
2026-05-09T12:15:57.935,-7.4629,0.0800,20.3573
2026-05-09T12:15:57.949,-7.4120,0.0800,20.3933
2026-05-09T12:15:57.963,-7.3562,0.0800,20.4326
2026-05-09T12:15:57.979,-7.3008,0.0800,20.4717
2026-05-09T12:15:57.993,-7.2416,0.0800,20.5134
2026-05-09T12:15:58.007,-7.1781,0.0800,20.5582
2026-05-09T12:15:58.020,-7.1236,0.0800,20.5966
2026-05-09T12:15:58.035,-7.0645,0.0800,20.6383
2026-05-09T12:15:58.049,-7.0135,0.0800,20.6744
2026-05-09T12:15:58.062,-6.9580,0.0800,20.7141
2026-05-09T12:15:58.077,-6.9022,0.0800,20.7544
2026-05-09T12:15:58.090,-6.8533,0.0800,20.7905
2026-05-09T12:15:58.104,-6.7995,0.0800,20.8309
2026-05-09T12:15:58.118,-6.7506,0.0800,20.8681
2026-05-09T12:15:58.132,-6.6999,0.0800,20.9076
2026-05-09T12:15:58.147,-6.6487,0.0800,20.9482
2026-05-09T12:15:58.161,-6.6003,0.0800,20.9874
2026-05-09T12:15:58.176,-6.5481,0.0800,21.0304
2026-05-09T12:15:58.190,-6.5032,0.0800,21.0683
2026-05-09T12:15:58.203,-6.4539,0.0800,21.1108
2026-05-09T12:15:58.218,-6.4077,0.0800,21.1514
2026-05-09T12:15:58.231,-6.3640,0.0800,21.1907
2026-05-09T12:15:58.246,-6.3157,0.0800,21.2351
2026-05-09T12:15:58.260,-6.2737,0.0800,21.2746
2026-05-09T12:15:58.275,-6.2263,0.0800,21.3199
2026-05-09T12:15:58.288,-6.1857,0.0800,21.3599
2026-05-09T12:15:58.303,-6.1411,0.0800,21.4047
2026-05-09T12:15:58.317,-6.1006,0.0800,21.4462
2026-05-09T12:15:58.332,-6.0589,0.0800,21.4902
2026-05-09T12:15:58.347,-6.0171,0.0800,21.5356
2026-05-09T12:15:58.361,-5.9758,0.0800,21.5815
2026-05-09T12:15:58.376,-5.9342,0.0800,21.6287
2026-05-09T12:15:58.390,-5.8963,0.0800,21.6731
2026-05-09T12:15:58.404,-5.8558,0.0800,21.7218
2026-05-09T12:15:58.419,-5.8196,0.0800,21.7662
2026-05-09T12:15:58.434,-5.7810,0.0800,21.8150
2026-05-09T12:15:58.449,-5.7431,0.0800,21.8641
2026-05-09T12:15:58.466,-5.7045,0.0800,21.9156
2026-05-09T12:15:58.483,-5.6640,0.0800,21.9706
2026-05-09T12:15:58.499,-5.6255,0.0800,22.0248
2026-05-09T12:15:58.513,-5.5837,0.0800,22.0853
2026-05-09T12:15:58.527,-5.5477,0.0800,22.1389
2026-05-09T12:15:58.541,-5.5131,0.0800,22.1921
2026-05-09T12:15:58.557,-5.4830,0.0800,22.2394
2026-05-09T12:15:58.574,-5.4510,0.0800,22.2910
2026-05-09T12:15:58.589,-5.4167,0.0800,22.3480
2026-05-09T12:15:58.603,-5.3789,0.0800,22.4129
2026-05-09T12:15:58.618,-5.3481,0.0800,22.4670
2026-05-09T12:15:58.632,-5.3217,0.0800,22.5155
2026-05-09T12:15:58.645,-5.2951,0.0800,22.5660
2026-05-09T12:15:58.658,-5.2708,0.0800,22.6136
2026-05-09T12:15:58.677,-5.2494,0.0800,22.6568
2026-05-09T12:15:58.691,-5.2300,0.0800,22.6980
2026-05-09T12:15:58.705,-5.2037,0.0800,22.7562
2026-05-09T12:15:58.719,-5.1874,0.0800,22.7945
2026-05-09T12:15:58.733,-5.1715,0.0800,22.8332
2026-05-09T12:15:58.747,-5.1560,0.0800,22.8733
2026-05-09T12:15:58.761,-5.1427,0.0800,22.9097
2026-05-09T12:15:58.775,-5.1289,0.0800,22.9490
2026-05-09T12:15:58.789,-5.1177,0.0800,22.9836
2026-05-09T12:15:58.802,-5.1058,0.0800,23.0225
2026-05-09T12:15:58.817,-5.0954,0.0800,23.0581
2026-05-09T12:15:58.831,-5.0851,0.0800,23.0968
2026-05-09T12:15:58.844,-5.0756,0.0800,23.1357
2026-05-09T12:15:58.859,-5.0671,0.0800,23.1724
2026-05-09T12:15:58.872,-5.0595,0.0800,23.2097
2026-05-09T12:15:58.886,-5.0519,0.0800,23.2501
2026-05-09T12:15:58.899,-5.0458,0.0800,23.2871
2026-05-09T12:15:58.914,-5.0397,0.0800,23.3260
2026-05-09T12:15:58.928,-5.0353,0.0800,23.3604
2026-05-09T12:15:58.942,-5.0304,0.0800,23.4034
2026-05-09T12:15:58.956,-5.0266,0.0800,23.4409
2026-05-09T12:15:58.970,-5.0236,0.0800,23.4801
2026-05-09T12:15:58.983,-5.0213,0.0800,23.5196
2026-05-09T12:15:58.997,-5.0196,0.0800,23.5573
2026-05-09T12:15:59.012,-5.0188,0.0800,23.5954
2026-05-09T12:15:59.026,-5.0186,0.0800,23.6345
2026-05-09T12:15:59.038,-5.0191,0.0800,23.6753
2026-05-09T12:15:59.057,-5.0201,0.0800,23.7145
2026-05-09T12:15:59.066,-5.0219,0.0800,24.0515
2026-05-09T12:15:59.080,-5.0255,0.0800,24.1050
2026-05-09T12:15:59.094,-5.0273,0.0800,24.1288
2026-05-09T12:15:59.108,-5.0315,0.0800,24.1692
2026-05-09T12:15:59.121,-5.0359,0.0800,24.2052
2026-05-09T12:15:59.136,-5.0409,0.0800,24.2424
2026-05-09T12:15:59.149,-5.0465,0.0800,24.2767
2026-05-09T12:15:59.164,-5.0529,0.0800,24.3126
2026-05-09T12:15:59.178,-5.0592,0.0800,24.3458
2026-05-09T12:15:59.193,-5.0667,0.0800,24.3798
2026-05-09T12:15:59.205,-5.0746,0.0800,24.4130
2026-05-09T12:15:59.219,-5.0835,0.0800,24.4472
2026-05-09T12:15:59.233,-5.0914,0.0800,24.4763
2026-05-09T12:15:59.247,-5.1006,0.0800,24.5070
2026-05-09T12:15:59.262,-5.1108,0.0800,24.5386
2026-05-09T12:15:59.276,-5.1222,0.0800,24.5731
2026-05-09T12:15:59.289,-5.1334,0.0800,24.6038
2026-05-09T12:15:59.303,-5.1454,0.0800,24.6350
2026-05-09T12:15:59.317,-5.1574,0.0800,24.6650
2026-05-09T12:15:59.332,-5.1704,0.0800,24.6954
2026-05-09T12:15:59.345,-5.1846,0.0800,24.7268
2026-05-09T12:15:59.359,-5.1990,0.0800,24.7571
2026-05-09T12:15:59.373,-5.2139,0.0800,24.7875
2026-05-09T12:15:59.387,-5.2285,0.0800,24.8152
2026-05-09T12:15:59.400,-5.2454,0.0800,24.8460
2026-05-09T12:15:59.415,-5.2609,0.0800,24.8736
2026-05-09T12:15:59.429,-5.2772,0.0800,24.9008
2026-05-09T12:15:59.442,-5.2964,0.0800,24.9315
2026-05-09T12:15:59.457,-5.3134,0.0800,24.9578
2026-05-09T12:15:59.471,-5.3321,0.0800,24.9853
2026-05-09T12:15:59.485,-5.3519,0.0800,25.0133
2026-05-09T12:15:59.498,-5.3724,0.0800,25.0411
2026-05-09T12:15:59.513,-5.3921,0.0800,25.0671
2026-05-09T12:15:59.527,-5.4120,0.0800,25.0919
2026-05-09T12:15:59.540,-5.4337,0.0800,25.1181
2026-05-09T12:15:59.555,-5.4557,0.0800,25.1439
2026-05-09T12:15:59.569,-5.4768,0.0800,25.1674
2026-05-09T12:15:59.583,-5.5006,0.0800,25.1929
2026-05-09T12:15:59.597,-5.5233,0.0800,25.2167
2026-05-09T12:15:59.611,-5.5479,0.0800,25.2412
2026-05-09T12:15:59.624,-5.5704,0.0800,25.2627
2026-05-09T12:15:59.638,-5.5960,0.0800,25.2866
2026-05-09T12:15:59.653,-5.6193,0.0800,25.3072
2026-05-09T12:15:59.666,-5.6450,0.0800,25.3290
2026-05-09T12:15:59.679,-5.6722,0.0800,25.3513
2026-05-09T12:15:59.694,-5.6956,0.0800,25.3702
2026-05-09T12:15:59.707,-5.7222,0.0800,25.3903
2026-05-09T12:15:59.722,-5.7507,0.0800,25.4111
2026-05-09T12:15:59.734,-5.7772,0.0800,25.4300
2026-05-09T12:15:59.749,-5.8075,0.0800,25.4503
2026-05-09T12:15:59.762,-5.8355,0.0800,25.4684
2026-05-09T12:15:59.777,-5.8713,0.0800,25.4910
2026-05-09T12:15:59.790,-5.9057,0.0800,25.5116
2026-05-09T12:15:59.804,-5.9489,0.0800,25.5366
2026-05-09T12:15:59.818,-5.9897,0.0800,25.5596
2026-05-09T12:15:59.831,-6.0389,0.0800,25.5862
2026-05-09T12:15:59.845,-6.0920,0.0800,25.6140
2026-05-09T12:15:59.860,-6.1438,0.0800,25.6407
2026-05-09T12:15:59.873,-6.2003,0.0800,25.6690
2026-05-09T12:15:59.887,-6.2654,0.0800,25.7008
2026-05-09T12:15:59.900,-6.3214,0.0800,25.7275
2026-05-09T12:15:59.915,-6.3771,0.0800,25.7537
2026-05-09T12:15:59.928,-6.4361,0.0800,25.7809
2026-05-09T12:15:59.942,-6.5021,0.0800,25.8108
2026-05-09T12:15:59.956,-6.5573,0.0800,25.8355
2026-05-09T12:15:59.969,-6.6201,0.0800,25.8632
2026-05-09T12:15:59.984,-6.6828,0.0800,25.8909
2026-05-09T12:16:00.000,-6.7448,0.0800,25.9183
2026-05-09T12:16:00.017,-6.8123,0.0800,25.9481
2026-05-09T12:16:00.037,-6.8864,0.0800,25.9809
2026-05-09T12:16:00.055,-6.9654,0.0800,26.0159
2026-05-09T12:16:00.071,-7.0528,0.0800,26.0545
2026-05-09T12:16:00.087,-7.1358,0.0800,26.0912
2026-05-09T12:16:00.104,-7.2083,0.0800,26.1232
2026-05-09T12:16:00.122,-7.2813,0.0800,26.1555
2026-05-09T12:16:00.140,-7.3576,0.0800,26.1894
2026-05-09T12:16:00.156,-7.4355,0.0800,26.2244
2026-05-09T12:16:00.172,-7.5161,0.0800,26.2613
2026-05-09T12:16:00.188,-7.5836,0.0800,26.2867
2026-05-09T12:16:00.205,-7.6498,0.0800,26.2868
2026-05-09T12:16:00.221,-7.7151,0.0800,26.2868
2026-05-09T12:16:00.236,-7.7803,0.0800,26.2950
2026-05-09T12:16:00.252,-7.8354,0.0800,26.3236
2026-05-09T12:16:00.267,-7.8897,0.0800,26.3530
2026-05-09T12:16:00.283,-7.9422,0.0800,26.3823
2026-05-09T12:16:00.300,-7.9884,0.0800,26.4089
2026-05-09T12:16:00.318,-8.0326,0.0800,26.4357
2026-05-09T12:16:00.334,-8.0764,0.0800,26.4635
2026-05-09T12:16:00.349,-8.1210,0.0800,26.4931
2026-05-09T12:16:00.364,-8.1569,0.0800,26.5181
2026-05-09T12:16:00.381,-8.1954,0.0800,26.5457
2026-05-09T12:16:00.398,-8.2269,0.0800,26.5696
2026-05-09T12:16:00.416,-8.2651,0.0800,26.5997
2026-05-09T12:16:00.432,-8.2993,0.0800,26.6279
2026-05-09T12:16:00.447,-8.3368,0.0800,26.6602
2026-05-09T12:16:00.462,-8.3694,0.0800,26.6896
2026-05-09T12:16:00.480,-8.4015,0.0800,26.7195
2026-05-09T12:16:00.497,-8.4279,0.0800,26.7454
2026-05-09T12:16:00.515,-8.4612,0.0800,26.7795
2026-05-09T12:16:00.531,-8.4874,0.0800,26.8078
2026-05-09T12:16:00.547,-8.5189,0.0800,26.8432
2026-05-09T12:16:00.563,-8.5436,0.0800,26.8724
2026-05-09T12:16:00.581,-8.5687,0.0800,26.9030
2026-05-09T12:16:00.597,-8.5912,0.0800,26.9321
2026-05-09T12:16:00.614,-8.6160,0.0800,26.9658
2026-05-09T12:16:00.630,-8.6368,0.0800,26.9955
2026-05-09T12:16:00.645,-8.6559,0.0800,27.0242
2026-05-09T12:16:00.663,-8.6725,0.0800,27.0500
2026-05-09T12:16:00.680,-8.6873,0.0800,27.0746
2026-05-09T12:16:00.698,-8.7018,0.0800,27.1003
2026-05-09T12:16:00.717,-8.7147,0.0800,27.1244
2026-05-09T12:16:00.735,-8.7272,0.0800,27.1494
2026-05-09T12:16:00.751,-8.7387,0.0800,27.1739
2026-05-09T12:16:00.767,-8.7493,0.0800,27.1983
2026-05-09T12:16:00.786,-8.7586,0.0800,27.2205
2026-05-09T12:16:00.804,-8.7673,0.0800,27.2437
2026-05-09T12:16:00.823,-8.7764,0.0800,27.2701
2026-05-09T12:16:00.841,-8.7847,0.0800,27.2964
2026-05-09T12:16:00.859,-8.7923,0.0800,27.3229
2026-05-09T12:16:00.877,-8.7998,0.0800,27.3525
2026-05-09T12:16:00.894,-8.8063,0.0800,27.3807
2026-05-09T12:16:00.912,-8.8148,0.0800,27.4224
2026-05-09T12:16:00.930,-8.8220,0.0800,27.4623
2026-05-09T12:16:00.948,-8.8294,0.0800,27.5099
2026-05-09T12:16:00.966,-8.8371,0.0800,27.5645
2026-05-09T12:16:00.983,-8.8450,0.0800,27.6333
2026-05-09T12:16:00.999,-8.8510,0.0800,27.6976
2026-05-09T12:16:01.016,-8.8570,0.0800,27.7738
2026-05-09T12:16:01.033,-8.8621,0.0800,27.8491
2026-05-09T12:16:01.050,-8.8669,0.0800,27.9322
2026-05-09T12:16:01.067,-8.8712,0.0800,28.0144
2026-05-09T12:16:01.084,-8.8752,0.0800,28.0989
2026-05-09T12:16:01.101,-8.8783,0.0800,28.1775
2026-05-09T12:16:01.118,-8.8812,0.0800,28.2640
2026-05-09T12:16:01.135,-8.8833,0.0800,28.3429
2026-05-09T12:16:01.152,-8.8852,0.0800,28.4299
2026-05-09T12:16:01.169,-8.8864,0.0800,28.5072
2026-05-09T12:16:01.185,-8.8872,0.0800,28.5902
2026-05-09T12:16:01.202,-8.8877,0.0800,28.6736
2026-05-09T12:16:01.219,-8.8875,0.0800,28.7529
2026-05-09T12:16:01.236,-8.8869,0.0800,28.8352
2026-05-09T12:16:01.252,-8.8855,0.0800,28.9140
2026-05-09T12:16:01.268,-8.8835,0.0800,28.9895
2026-05-09T12:16:01.287,-8.8808,0.0800,29.0586
2026-05-09T12:16:01.305,-8.8776,0.0800,29.1224
2026-05-09T12:16:01.323,-8.8727,0.0800,29.1926
2026-05-09T12:16:01.341,-8.8666,0.0800,29.2632
2026-05-09T12:16:01.359,-8.8601,0.0800,29.3236
2026-05-09T12:16:01.376,-8.8529,0.0800,29.3803
2026-05-09T12:16:01.392,-8.8449,0.0800,29.4332
2026-05-09T12:16:01.409,-8.8377,0.0800,29.4740
2026-05-09T12:16:01.426,-8.8299,0.0800,29.5133
2026-05-09T12:16:01.445,-8.8216,0.0800,29.5522
2026-05-09T12:16:01.461,-8.8129,0.0800,29.5870
2026-05-09T12:16:01.477,-8.8025,0.0800,29.6254
2026-05-09T12:16:01.493,-8.7928,0.0800,29.6573
2026-05-09T12:16:01.511,-8.7808,0.0800,29.6944
2026-05-09T12:16:01.530,-8.7666,0.0800,29.7352
2026-05-09T12:16:01.545,-8.7489,0.0800,29.7824
2026-05-09T12:16:01.562,-8.7231,0.0800,29.8484
2026-05-09T12:16:01.579,-8.6927,0.0800,29.9213
2026-05-09T12:16:01.596,-8.6627,0.0800,29.9914
2026-05-09T12:16:01.613,-8.6293,0.0800,30.0683
2026-05-09T12:16:01.629,-8.5971,0.0800,30.1412
2026-05-09T12:16:01.644,-8.5615,0.0800,30.2219
2026-05-09T12:16:01.661,-8.5305,0.0800,30.2921
2026-05-09T12:16:01.679,-8.4983,0.0800,30.3650
2026-05-09T12:16:01.696,-8.4656,0.0800,30.4393
2026-05-09T12:16:01.713,-8.4299,0.0800,30.5204
2026-05-09T12:16:01.730,-8.3939,0.0800,30.6022
2026-05-09T12:16:01.747,-8.3576,0.0800,30.6848
2026-05-09T12:16:01.764,-8.3267,0.0800,30.7550
2026-05-09T12:16:01.780,-8.2913,0.0800,30.8354
2026-05-09T12:16:01.796,-8.2592,0.0800,30.9082
2026-05-09T12:16:01.813,-8.2321,0.0800,30.9697
2026-05-09T12:16:01.830,-8.2125,0.0800,31.0141
2026-05-09T12:16:01.847,-8.2034,0.0800,31.0348
2026-05-09T12:16:01.864,-8.2005,0.0800,31.0412
2026-05-09T12:16:01.898,-8.2016,0.0800,31.0385
2026-05-09T12:16:01.914,-8.2083,0.0800,31.0230
2026-05-09T12:16:01.930,-8.2224,0.0800,30.9926
2026-05-09T12:16:01.946,-8.2385,0.0800,30.9597
2026-05-09T12:16:01.961,-8.2549,0.0800,30.9290
2026-05-09T12:16:01.976,-8.2764,0.0800,30.8899
2026-05-09T12:16:01.993,-8.2972,0.0800,30.8542
2026-05-09T12:16:02.010,-8.3201,0.0800,30.8165
2026-05-09T12:16:02.027,-8.3456,0.0800,30.7764
2026-05-09T12:16:02.045,-8.3742,0.0800,30.7341
2026-05-09T12:16:02.061,-8.4024,0.0800,30.6938
2026-05-09T12:16:02.077,-8.4337,0.0800,30.6510
2026-05-09T12:16:02.093,-8.4629,0.0800,30.6130
2026-05-09T12:16:02.108,-8.4932,0.0800,30.5751
2026-05-09T12:16:02.123,-8.5218,0.0800,30.5409
2026-05-09T12:16:02.138,-8.5520,0.0800,30.5066
2026-05-09T12:16:02.153,-8.5789,0.0800,30.4769
2026-05-09T12:16:02.168,-8.6080,0.0800,30.4460
2026-05-09T12:16:02.184,-8.6352,0.0800,30.4182
2026-05-09T12:16:02.201,-8.6628,0.0800,30.3913
2026-05-09T12:16:02.217,-8.6884,0.0800,30.3671
2026-05-09T12:16:02.232,-8.7149,0.0800,30.3431
2026-05-09T12:16:02.247,-8.7362,0.0800,30.3247
2026-05-09T12:16:02.262,-8.7550,0.0800,30.3092
2026-05-09T12:16:02.278,-8.7743,0.0800,30.2942
2026-05-09T12:16:02.292,-8.7901,0.0800,30.2822
2026-05-09T12:16:02.307,-8.8070,0.0800,30.2700
2026-05-09T12:16:02.323,-8.8205,0.0800,30.2607
2026-05-09T12:16:02.339,-8.8328,0.0800,30.2528
2026-05-09T12:16:02.355,-8.8439,0.0800,30.2457
2026-05-09T12:16:02.371,-8.8549,0.0800,30.2391
2026-05-09T12:16:02.385,-8.8644,0.0800,30.2336
2026-05-09T12:16:02.400,-8.8732,0.0800,30.2291
2026-05-09T12:16:02.415,-8.8810,0.0800,30.2251
2026-05-09T12:16:02.429,-8.8880,0.0800,30.2216
2026-05-09T12:16:02.443,-8.8950,0.0800,30.2183
2026-05-09T12:16:02.458,-8.9009,0.0800,30.2160
2026-05-09T12:16:02.472,-8.9061,0.0800,30.2137
2026-05-09T12:16:02.487,-8.9089,0.0800,30.2124
2026-05-09T12:16:02.502,-8.9062,0.0800,30.2129
2026-05-09T12:16:02.518,-8.9010,0.0800,30.2145
2026-05-09T12:16:02.535,-8.8880,0.0800,30.2176
2026-05-09T12:16:02.551,-8.8710,0.0800,30.2213
2026-05-09T12:16:02.565,-8.8510,0.0800,30.2252
2026-05-09T12:16:02.580,-8.8240,0.0800,30.2299
2026-05-09T12:16:02.595,-8.7968,0.0800,30.2344
2026-05-09T12:16:02.610,-8.7605,0.0800,30.2392
2026-05-09T12:16:02.623,-8.7267,0.0800,30.2430
2026-05-09T12:16:02.638,-8.6875,0.0800,30.2469
2026-05-09T12:16:02.652,-8.6474,0.0800,30.2499
2026-05-09T12:16:02.667,-8.6023,0.0800,30.2525
2026-05-09T12:16:02.683,-8.5544,0.0800,30.2545
2026-05-09T12:16:02.700,-8.5003,0.0800,30.2561
2026-05-09T12:16:02.716,-8.4369,0.0800,30.2567
2026-05-09T12:16:02.731,-8.3670,0.0800,30.2563
2026-05-09T12:16:02.745,-8.3006,0.0800,30.2549
2026-05-09T12:16:02.760,-8.2413,0.0800,30.2530
2026-05-09T12:16:02.775,-8.1788,0.0800,30.2500
2026-05-09T12:16:02.789,-8.1203,0.0800,30.2463
2026-05-09T12:16:02.803,-8.0576,0.0800,30.2417
2026-05-09T12:16:02.818,-7.9961,0.0800,30.2366
2026-05-09T12:16:02.833,-7.9340,0.0800,30.2304
2026-05-09T12:16:02.849,-7.8691,0.0800,30.2234
2026-05-09T12:16:02.865,-7.8044,0.0800,30.2156
2026-05-09T12:16:02.882,-7.7257,0.0800,30.2057
2026-05-09T12:16:02.897,-7.6514,0.0800,30.1955
2026-05-09T12:16:02.913,-7.5679,0.0800,30.1834
2026-05-09T12:16:02.926,-7.5018,0.0800,30.1733
2026-05-09T12:16:02.941,-7.4258,0.0800,30.1612
2026-05-09T12:16:02.956,-7.3665,0.0800,30.1514
2026-05-09T12:16:02.972,-7.2924,0.0800,30.1387
2026-05-09T12:16:02.987,-7.2252,0.0800,30.1266
2026-05-09T12:16:03.001,-7.1521,0.0800,30.1130
2026-05-09T12:16:03.016,-7.0795,0.0800,30.0991
2026-05-09T12:16:03.030,-7.0131,0.0800,30.0858
2026-05-09T12:16:03.045,-6.9429,0.0800,30.0712
2026-05-09T12:16:03.059,-6.8783,0.0800,30.0574
2026-05-09T12:16:03.075,-6.8025,0.0800,30.0405
2026-05-09T12:16:03.090,-6.7443,0.0800,30.0270
2026-05-09T12:16:03.105,-6.6719,0.0800,30.0098
2026-05-09T12:16:03.120,-6.6061,0.0800,29.9936
2026-05-09T12:16:03.133,-6.5360,0.0800,29.9757
2026-05-09T12:16:03.147,-6.4686,0.0800,29.9579
2026-05-09T12:16:03.161,-6.4100,0.0800,29.9420
2026-05-09T12:16:03.176,-6.3436,0.0800,29.9235
2026-05-09T12:16:03.190,-6.2854,0.0800,29.9067
2026-05-09T12:16:03.205,-6.2161,0.0800,29.8861
2026-05-09T12:16:03.219,-6.1512,0.0800,29.8664
2026-05-09T12:16:03.233,-6.0848,0.0800,29.8456
2026-05-09T12:16:03.247,-6.0236,0.0800,29.8259
2026-05-09T12:16:03.261,-5.9611,0.0800,29.8053
2026-05-09T12:16:03.276,-5.8932,0.0800,29.7825
2026-05-09T12:16:03.290,-5.8361,0.0800,29.7627
2026-05-09T12:16:03.305,-5.7683,0.0800,29.7387
2026-05-09T12:16:03.319,-5.7065,0.0800,29.7164
2026-05-09T12:16:03.333,-5.6455,0.0800,29.6936
2026-05-09T12:16:03.348,-5.5847,0.0800,29.6703
2026-05-09T12:16:03.362,-5.5262,0.0800,29.6472
2026-05-09T12:16:03.377,-5.4649,0.0800,29.6223
2026-05-09T12:16:03.392,-5.4121,0.0800,29.6000
2026-05-09T12:16:03.408,-5.3517,0.0800,29.5738
2026-05-09T12:16:03.423,-5.2930,0.0800,29.5476
2026-05-09T12:16:03.438,-5.2299,0.0800,29.5186
2026-05-09T12:16:03.453,-5.1763,0.0800,29.4929
2026-05-09T12:16:03.467,-5.1173,0.0800,29.4638
2026-05-09T12:16:03.481,-5.0646,0.0800,29.4371
2026-05-09T12:16:03.495,-5.0120,0.0800,29.4097
2026-05-09T12:16:03.510,-4.9616,0.0800,29.3825
2026-05-09T12:16:03.523,-4.9104,0.0800,29.3540
2026-05-09T12:16:03.537,-4.8600,0.0800,29.3254
2026-05-09T12:16:03.551,-4.8148,0.0800,29.2987
2026-05-09T12:16:03.564,-4.7669,0.0800,29.2695
2026-05-09T12:16:03.579,-4.7191,0.0800,29.2398
2026-05-09T12:16:03.592,-4.6760,0.0800,29.2121
2026-05-09T12:16:03.606,-4.6272,0.0800,29.1798
2026-05-09T12:16:03.619,-4.5830,0.0800,29.1496
2026-05-09T12:16:03.633,-4.5362,0.0800,29.1171
2026-05-09T12:16:03.646,-4.4955,0.0800,29.0877
2026-05-09T12:16:03.660,-4.4517,0.0800,29.0553
2026-05-09T12:16:03.676,-4.4068,0.0800,29.0213
2026-05-09T12:16:03.690,-4.3638,0.0800,28.9877
2026-05-09T12:16:03.704,-4.3160,0.0800,28.9494
2026-05-09T12:16:03.718,-4.2714,0.0800,28.9127
2026-05-09T12:16:03.733,-4.2323,0.0800,28.8793
2026-05-09T12:16:03.747,-4.1873,0.0800,28.8401
2026-05-09T12:16:03.760,-4.1466,0.0800,28.8036
2026-05-09T12:16:03.774,-4.1036,0.0800,28.7642
2026-05-09T12:16:03.788,-4.0649,0.0800,28.7277
2026-05-09T12:16:03.802,-4.0201,0.0800,28.6845
2026-05-09T12:16:03.816,-3.9705,0.0800,28.6359
2026-05-09T12:16:03.830,-3.9260,0.0800,28.5915
2026-05-09T12:16:03.843,-3.8766,0.0800,28.5417
2026-05-09T12:16:03.858,-3.8299,0.0800,28.4942
2026-05-09T12:16:03.872,-3.7814,0.0800,28.4448
2026-05-09T12:16:03.886,-3.7329,0.0800,28.3954
2026-05-09T12:16:03.899,-3.6837,0.0800,28.3452
2026-05-09T12:16:03.913,-3.6337,0.0800,28.2943
2026-05-09T12:16:03.927,-3.5893,0.0800,28.2490
2026-05-09T12:16:03.941,-3.5383,0.0800,28.1969
2026-05-09T12:16:03.954,-3.4901,0.0800,28.1478
2026-05-09T12:16:03.969,-3.4439,0.0800,28.1007
2026-05-09T12:16:03.983,-3.3953,0.0800,28.0513
2026-05-09T12:16:03.997,-3.3450,0.0800,28.0001
2026-05-09T12:16:04.010,-3.2955,0.0800,27.9498
2026-05-09T12:16:04.024,-3.2484,0.0800,27.9020
2026-05-09T12:16:04.038,-3.2006,0.0800,27.8534
2026-05-09T12:16:04.052,-3.1537,0.0800,27.8059
2026-05-09T12:16:04.066,-3.1039,0.0800,27.7558
2026-05-09T12:16:04.079,-3.0572,0.0800,27.7095
2026-05-09T12:16:04.094,-3.0118,0.0800,27.6648
2026-05-09T12:16:04.108,-2.9666,0.0800,27.6213
2026-05-09T12:16:04.121,-2.9200,0.0800,27.5770
2026-05-09T12:16:04.136,-2.8718,0.0800,27.5318
2026-05-09T12:16:04.149,-2.8246,0.0800,27.4885
2026-05-09T12:16:04.163,-2.7768,0.0800,27.4453
2026-05-09T12:16:04.177,-2.7306,0.0800,27.4043
2026-05-09T12:16:04.191,-2.6851,0.0800,27.3647
2026-05-09T12:16:04.205,-2.6353,0.0800,27.3222
2026-05-09T12:16:04.219,-2.5862,0.0800,27.2812
2026-05-09T12:16:04.233,-2.5409,0.0800,27.2439
2026-05-09T12:16:04.246,-2.4955,0.0800,27.2075
2026-05-09T12:16:04.260,-2.4485,0.0800,27.1707
2026-05-09T12:16:04.275,-2.4014,0.0800,27.1345
2026-05-09T12:16:04.288,-2.3596,0.0800,27.1035
2026-05-09T12:16:04.302,-2.3141,0.0800,27.0707
2026-05-09T12:16:04.316,-2.2721,0.0800,27.0411
2026-05-09T12:16:04.330,-2.2317,0.0800,27.0138
2026-05-09T12:16:04.344,-2.1888,0.0800,26.9856
2026-05-09T12:16:04.358,-2.1486,0.0800,26.9599
2026-05-09T12:16:04.372,-2.1096,0.0800,26.9361
2026-05-09T12:16:04.386,-2.0668,0.0800,26.9108
2026-05-09T12:16:04.400,-2.0266,0.0800,26.8880
2026-05-09T12:16:04.414,-1.9849,0.0800,26.8649
2026-05-09T12:16:04.428,-1.9463,0.0800,26.8447
2026-05-09T12:16:04.441,-1.9034,0.0800,26.8230
2026-05-09T12:16:04.456,-1.8646,0.0800,26.8041
2026-05-09T12:16:04.470,-1.8217,0.0800,26.7842
2026-05-09T12:16:04.483,-1.7871,0.0800,26.7691
2026-05-09T12:16:04.497,-1.7484,0.0800,26.7527
2026-05-09T12:16:04.511,-1.7103,0.0800,26.7375
2026-05-09T12:16:04.525,-1.6723,0.0800,26.7232
2026-05-09T12:16:04.539,-1.6326,0.0800,26.7090
2026-05-09T12:16:04.554,-1.5942,0.0800,26.6958
2026-05-09T12:16:04.567,-1.5569,0.0800,26.6839
2026-05-09T12:16:04.581,-1.5148,0.0800,26.6713
2026-05-09T12:16:04.596,-1.4760,0.0800,26.6602
2026-05-09T12:16:04.610,-1.4359,0.0800,26.6497
2026-05-09T12:16:04.623,-1.3950,0.0800,26.6398
2026-05-09T12:16:04.637,-1.3546,0.0800,26.6306
2026-05-09T12:16:04.651,-1.3173,0.0800,26.6230
2026-05-09T12:16:04.665,-1.2781,0.0800,26.6157
2026-05-09T12:16:04.679,-1.2383,0.0800,26.6088
2026-05-09T12:16:04.693,-1.1996,0.0800,26.6030
2026-05-09T12:16:04.706,-1.1566,0.0800,26.5973
2026-05-09T12:16:04.720,-1.1182,0.0800,26.5930
2026-05-09T12:16:04.734,-1.0791,0.0800,26.5891
2026-05-09T12:16:04.748,-1.0400,0.0800,26.5861
2026-05-09T12:16:04.763,-1.0001,0.0800,26.5837
2026-05-09T12:16:04.777,-0.9584,0.0800,26.5817
2026-05-09T12:16:04.791,-0.9192,0.0800,26.5809
2026-05-09T12:16:04.804,-0.8772,0.0800,26.5807
2026-05-09T12:16:04.819,-0.8365,0.0800,26.5810
2026-05-09T12:16:04.833,-0.7933,0.0800,26.5823
2026-05-09T12:16:04.847,-0.7309,0.0800,26.5849
2026-05-09T12:16:04.860,-0.6691,0.0800,26.5884
2026-05-09T12:16:04.874,-0.6060,0.0800,26.5924
2026-05-09T12:16:04.887,-0.5449,0.0800,26.5969
2026-05-09T12:16:04.901,-0.4798,0.0800,26.6022
2026-05-09T12:16:04.915,-0.4148,0.0800,26.6079
2026-05-09T12:16:04.929,-0.3555,0.0800,26.6136
2026-05-09T12:16:04.943,-0.2829,0.0800,26.6212
2026-05-09T12:16:04.958,-0.2222,0.0800,26.6279
2026-05-09T12:16:04.972,-0.1578,0.0800,26.6355
2026-05-09T12:16:04.986,-0.0885,0.0800,26.6443
2026-05-09T12:16:04.999,-0.0205,0.0800,26.6534
2026-05-09T12:16:05.013,0.0454,0.0800,26.6626
2026-05-09T12:16:05.027,0.1042,0.0800,26.6714
2026-05-09T12:16:05.041,0.1761,0.0800,26.6826
2026-05-09T12:16:05.055,0.2360,0.0800,26.6925
2026-05-09T12:16:05.068,0.2978,0.0800,26.7033
2026-05-09T12:16:05.082,0.3599,0.0800,26.7147
2026-05-09T12:16:05.096,0.4164,0.0800,26.7255
2026-05-09T12:16:05.110,0.4781,0.0800,26.7382
2026-05-09T12:16:05.124,0.5342,0.0800,26.7504
2026-05-09T12:16:05.138,0.5890,0.0800,26.7628
2026-05-09T12:16:05.152,0.6387,0.0800,26.7749
2026-05-09T12:16:05.165,0.6888,0.0800,26.7878
2026-05-09T12:16:05.179,0.7403,0.0800,26.8018
2026-05-09T12:16:05.193,0.7874,0.0800,26.8152
2026-05-09T12:16:05.207,0.8313,0.0800,26.8287
2026-05-09T12:16:05.220,0.8780,0.0800,26.8437
2026-05-09T12:16:05.234,0.9225,0.0800,26.8586
2026-05-09T12:16:05.248,0.9653,0.0800,26.8740
2026-05-09T12:16:05.261,1.0088,0.0800,26.8904
2026-05-09T12:16:05.275,1.0531,0.0800,26.9077
2026-05-09T12:16:05.289,1.0895,0.0800,26.9228
2026-05-09T12:16:05.302,1.1308,0.0800,26.9407
2026-05-09T12:16:05.316,1.1703,0.0800,26.9584
2026-05-09T12:16:05.330,1.2085,0.0800,26.9765
2026-05-09T12:16:05.344,1.2482,0.0800,26.9961
2026-05-09T12:16:05.361,1.2862,0.0800,27.0155
2026-05-09T12:16:05.377,1.3256,0.0800,27.0367
2026-05-09T12:16:05.397,1.3707,0.0800,27.0619
2026-05-09T12:16:05.416,1.4234,0.0800,27.0926
2026-05-09T12:16:05.433,1.4952,0.0800,27.1362
2026-05-09T12:16:05.451,1.5705,0.0800,27.1833
2026-05-09T12:16:05.469,1.6346,0.0800,27.2245
2026-05-09T12:16:05.487,1.7033,0.0800,27.2694
2026-05-09T12:16:05.504,1.7698,0.0800,27.3135
2026-05-09T12:16:05.522,1.8402,0.0800,27.3610
2026-05-09T12:16:05.541,1.9130,0.0800,27.4101
2026-05-09T12:16:05.559,1.9866,0.0800,27.4598
2026-05-09T12:16:05.577,2.0648,0.0800,27.5127
2026-05-09T12:16:05.596,2.1383,0.0800,27.5623
2026-05-09T12:16:05.613,2.2156,0.0800,27.6145
2026-05-09T12:16:05.630,2.2899,0.0800,27.6646
2026-05-09T12:16:05.648,2.3633,0.0800,27.7143
2026-05-09T12:16:05.665,2.4318,0.0800,27.7605
2026-05-09T12:16:05.683,2.5040,0.0800,27.8094
2026-05-09T12:16:05.700,2.5687,0.0800,27.8539
2026-05-09T12:16:05.718,2.6408,0.0800,27.9042
2026-05-09T12:16:05.735,2.7058,0.0800,27.9504
2026-05-09T12:16:05.753,2.7765,0.0800,28.0014
2026-05-09T12:16:05.769,2.8403,0.0800,28.0484
2026-05-09T12:16:05.786,2.9075,0.0800,28.0987
2026-05-09T12:16:05.804,2.9697,0.0800,28.1461
2026-05-09T12:16:05.820,3.0335,0.0800,28.1957
2026-05-09T12:16:05.838,3.0993,0.0800,28.2480
2026-05-09T12:16:05.855,3.1576,0.0800,28.2952
2026-05-09T12:16:05.874,3.2206,0.0800,28.3473
2026-05-09T12:16:05.891,3.2811,0.0800,28.3984
2026-05-09T12:16:05.908,3.3473,0.0800,28.4555
2026-05-09T12:16:05.927,3.4019,0.0800,28.5035
2026-05-09T12:16:05.945,3.4613,0.0800,28.5573
2026-05-09T12:16:05.963,3.5161,0.0800,28.6084
2026-05-09T12:16:05.980,3.5755,0.0800,28.6654
2026-05-09T12:16:05.997,3.6289,0.0800,28.7182
2026-05-09T12:16:06.014,3.6836,0.0800,28.7739
2026-05-09T12:16:06.030,3.7310,0.0800,28.8237
2026-05-09T12:16:06.046,3.7806,0.0800,28.8771
2026-05-09T12:16:06.065,3.8276,0.0800,28.9290
2026-05-09T12:16:06.083,3.8758,0.0800,28.9838
2026-05-09T12:16:06.101,3.9234,0.0800,29.0396
2026-05-09T12:16:06.120,3.9741,0.0800,29.1007
2026-05-09T12:16:06.137,4.0282,0.0800,29.1675
2026-05-09T12:16:06.155,4.0801,0.0800,29.2333
2026-05-09T12:16:06.171,4.1283,0.0800,29.2959
2026-05-09T12:16:06.189,4.1813,0.0800,29.3659
2026-05-09T12:16:06.206,4.2327,0.0800,29.4347
2026-05-09T12:16:06.224,4.2835,0.0800,29.5026
2026-05-09T12:16:06.241,4.3352,0.0800,29.5717
2026-05-09T12:16:06.259,4.3884,0.0800,29.6427
2026-05-09T12:16:06.277,4.4416,0.0800,29.7139
2026-05-09T12:16:06.293,4.4926,0.0800,29.7820
2026-05-09T12:16:06.309,4.5447,0.0800,29.8518
2026-05-09T12:16:06.327,4.5933,0.0800,29.9170
2026-05-09T12:16:06.347,4.6447,0.0800,29.9859
2026-05-09T12:16:06.364,4.6953,0.0800,30.0536
2026-05-09T12:16:06.382,4.7562,0.0800,30.1354
2026-05-09T12:16:06.399,4.8038,0.0800,30.1994
2026-05-09T12:16:06.416,4.8554,0.0800,30.2699
2026-05-09T12:16:06.433,4.9000,0.0800,30.3321
2026-05-09T12:16:06.450,4.9473,0.0800,30.3992
2026-05-09T12:16:06.467,4.9886,0.0800,30.4592
2026-05-09T12:16:06.486,5.0330,0.0800,30.5250
2026-05-09T12:16:06.502,5.0748,0.0800,30.5889
2026-05-09T12:16:06.519,5.1179,0.0800,30.6567
2026-05-09T12:16:06.537,5.1562,0.0800,30.7188
2026-05-09T12:16:06.554,5.1937,0.0800,30.7816
2026-05-09T12:16:06.571,5.2297,0.0800,30.8439
2026-05-09T12:16:06.587,5.2651,0.0800,30.9074
2026-05-09T12:16:06.604,5.2985,0.0800,30.9689
2026-05-09T12:16:06.620,5.3308,0.0800,31.0308
2026-05-09T12:16:06.637,5.3625,0.0800,31.0937
2026-05-09T12:16:06.654,5.3926,0.0800,31.1555
2026-05-09T12:16:06.671,5.4229,0.0800,31.2202
2026-05-09T12:16:06.688,5.4526,0.0800,31.2857
2026-05-09T12:16:06.705,5.4808,0.0800,31.3508
2026-05-09T12:16:06.721,5.5080,0.0800,31.4153
2026-05-09T12:16:06.737,5.5348,0.0800,31.4822
2026-05-09T12:16:06.754,5.5597,0.0800,31.5471
2026-05-09T12:16:06.771,5.5826,0.0800,31.6091
2026-05-09T12:16:06.788,5.6064,0.0800,31.6766
2026-05-09T12:16:06.807,5.6294,0.0800,31.7442
2026-05-09T12:16:06.825,5.6531,0.0800,31.8177
2026-05-09T12:16:06.843,5.6759,0.0800,31.8929
2026-05-09T12:16:06.859,5.6966,0.0800,31.9646
2026-05-09T12:16:06.876,5.7172,0.0800,32.0405
2026-05-09T12:16:06.892,5.7340,0.0800,32.1058
2026-05-09T12:16:06.910,5.7514,0.0800,32.1771
2026-05-09T12:16:06.926,5.7676,0.0800,32.2478
2026-05-09T12:16:06.945,5.7853,0.0800,32.3282
2026-05-09T12:16:06.961,5.8001,0.0800,32.4002
2026-05-09T12:16:06.977,5.8170,0.0800,32.4865
2026-05-09T12:16:06.994,5.8306,0.0800,32.5603
2026-05-09T12:16:07.012,5.8458,0.0800,32.6458
2026-05-09T12:16:07.028,5.8598,0.0800,32.7244
2026-05-09T12:16:07.045,5.8751,0.0800,32.8110
2026-05-09T12:16:07.063,5.8890,0.0800,32.8896
2026-05-09T12:16:07.080,5.9046,0.0800,32.9781
2026-05-09T12:16:07.096,5.9190,0.0800,33.0593
2026-05-09T12:16:07.112,5.9337,0.0800,33.1425
2026-05-09T12:16:07.128,5.9480,0.0800,33.2229
2026-05-09T12:16:07.143,5.9626,0.0800,33.3055
2026-05-09T12:16:07.160,5.9757,0.0800,33.3792
2026-05-09T12:16:07.176,5.9897,0.0800,33.4577
2026-05-09T12:16:07.192,6.0034,0.0800,33.5344
2026-05-09T12:16:07.208,6.0181,0.0800,33.6168
2026-05-09T12:16:07.223,6.0321,0.0800,33.6951
2026-05-09T12:16:07.239,6.0456,0.0800,33.7713
2026-05-09T12:16:07.255,6.0588,0.0800,33.8449
2026-05-09T12:16:07.272,6.0729,0.0800,33.9239
2026-05-09T12:16:07.287,6.0866,0.0800,34.0009
2026-05-09T12:16:07.302,6.1009,0.0800,34.0818
2026-05-09T12:16:07.317,6.1130,0.0800,34.1529
2026-05-09T12:16:07.332,6.1240,0.0800,34.2213
2026-05-09T12:16:07.347,6.1349,0.0800,34.2925
2026-05-09T12:16:07.361,6.1451,0.0800,34.3631
2026-05-09T12:16:07.376,6.1545,0.0800,34.4311
2026-05-09T12:16:07.391,6.1631,0.0800,34.4978
2026-05-09T12:16:07.407,6.1713,0.0800,34.5655
2026-05-09T12:16:07.424,6.1791,0.0800,34.6351
2026-05-09T12:16:07.440,6.1876,0.0800,34.7146
2026-05-09T12:16:07.455,6.1945,0.0800,34.7875
2026-05-09T12:16:07.470,6.2009,0.0800,34.8632
2026-05-09T12:16:07.484,6.2058,0.0800,34.9285
2026-05-09T12:16:07.500,6.2105,0.0800,34.9985
2026-05-09T12:16:07.517,6.2144,0.0800,35.0661
2026-05-09T12:16:07.533,6.2178,0.0800,35.1403
2026-05-09T12:16:07.550,6.2207,0.0800,35.2178
2026-05-09T12:16:07.566,6.2226,0.0800,35.2909
2026-05-09T12:16:07.582,6.2241,0.0800,35.3717
2026-05-09T12:16:07.598,6.2246,0.0800,35.4401
2026-05-09T12:16:07.613,6.2244,0.0800,35.5184
2026-05-09T12:16:07.629,6.2235,0.0800,35.5853
2026-05-09T12:16:07.645,6.2218,0.0800,35.6569
2026-05-09T12:16:07.662,6.2195,0.0800,35.7276
2026-05-09T12:16:07.677,6.2162,0.0800,35.7995
2026-05-09T12:16:07.693,6.2122,0.0800,35.8685
2026-05-09T12:16:07.708,6.2073,0.0800,35.9385
2026-05-09T12:16:07.723,6.2018,0.0800,36.0064
2026-05-09T12:16:07.739,6.1956,0.0800,36.0749
2026-05-09T12:16:07.754,6.1889,0.0800,36.1404
2026-05-09T12:16:07.770,6.1803,0.0800,36.2168
2026-05-09T12:16:07.787,6.1712,0.0800,36.2920
2026-05-09T12:16:07.803,6.1616,0.0800,36.3682
2026-05-09T12:16:07.818,6.1507,0.0800,36.4540
2026-05-09T12:16:07.833,6.1404,0.0800,36.5339
2026-05-09T12:16:07.847,6.1310,0.0800,36.6075
2026-05-09T12:16:07.862,6.1220,0.0800,36.6775
2026-05-09T12:16:07.879,6.1120,0.0800,36.7558
2026-05-09T12:16:07.896,6.1034,0.0800,36.8237
2026-05-09T12:16:07.912,6.0921,0.0800,36.9128
2026-05-09T12:16:07.930,6.0822,0.0800,36.9910
2026-05-09T12:16:07.944,6.0716,0.0800,37.0755
2026-05-09T12:16:07.960,6.0611,0.0800,37.1588
2026-05-09T12:16:07.975,6.0513,0.0800,37.2372
2026-05-09T12:16:07.990,6.0426,0.0800,37.3069
2026-05-09T12:16:08.004,6.0324,0.0800,37.3876
2026-05-09T12:16:08.019,6.0234,0.0800,37.4589
2026-05-09T12:16:08.034,6.0141,0.0800,37.5327
2026-05-09T12:16:08.048,6.0051,0.0800,37.6035
2026-05-09T12:16:08.062,5.9960,0.0800,37.6752
2026-05-09T12:16:08.077,5.9869,0.0800,37.7473
2026-05-09T12:16:08.091,5.9786,0.0800,37.8135
2026-05-09T12:16:08.104,5.9696,0.0800,37.8844
2026-05-09T12:16:08.119,5.9612,0.0800,37.9517
2026-05-09T12:16:08.133,5.9526,0.0800,38.0197
2026-05-09T12:16:08.148,5.9434,0.0800,38.0935
2026-05-09T12:16:08.163,5.9347,0.0800,38.1638
2026-05-09T12:16:08.178,5.9256,0.0800,38.2373
2026-05-09T12:16:08.191,5.9170,0.0800,38.3068
2026-05-09T12:16:08.205,5.9079,0.0800,38.3806
2026-05-09T12:16:08.219,5.9002,0.0800,38.4442
2026-05-09T12:16:08.234,5.8929,0.0800,38.5072
2026-05-09T12:16:08.249,5.8870,0.0800,38.5644
2026-05-09T12:16:08.263,5.8812,0.0800,38.6272
2026-05-09T12:16:08.278,5.8761,0.0800,38.6888
2026-05-09T12:16:08.291,5.8728,0.0800,38.7416
2026-05-09T12:16:08.305,5.8698,0.0800,38.7991
2026-05-09T12:16:08.320,5.8678,0.0800,38.8517
2026-05-09T12:16:08.336,5.8663,0.0800,38.9069
2026-05-09T12:16:08.352,5.8658,0.0800,38.9605
2026-05-09T12:16:08.367,5.8662,0.0800,39.0229
2026-05-09T12:16:08.380,5.8675,0.0800,39.0839
2026-05-09T12:16:08.395,5.8695,0.0800,39.1391
2026-05-09T12:16:08.409,5.8724,0.0800,39.1915
2026-05-09T12:16:08.422,5.8759,0.0800,39.2411
2026-05-09T12:16:08.436,5.8802,0.0800,39.2926
2026-05-09T12:16:08.450,5.8846,0.0800,39.3358
2026-05-09T12:16:08.464,5.8906,0.0800,39.3861
2026-05-09T12:16:08.480,5.8969,0.0800,39.4354
2026-05-09T12:16:08.494,5.9043,0.0800,39.4847
2026-05-09T12:16:08.508,5.9134,0.0800,39.5401
2026-05-09T12:16:08.521,5.9226,0.0800,39.5906
2026-05-09T12:16:08.536,5.9336,0.0800,39.6477
2026-05-09T12:16:08.549,5.9460,0.0800,39.7076
2026-05-09T12:16:08.563,5.9607,0.0800,39.7759
2026-05-09T12:16:08.577,5.9728,0.0800,39.8325
2026-05-09T12:16:08.591,5.9836,0.0800,39.8829
2026-05-09T12:16:08.606,5.9961,0.0800,39.9410
2026-05-09T12:16:08.619,6.0095,0.0800,40.0042
2026-05-09T12:16:08.632,6.0233,0.0800,40.0710
2026-05-09T12:16:08.646,6.0342,0.0800,40.1265
2026-05-09T12:16:08.660,6.0461,0.0800,40.1896
2026-05-09T12:16:08.675,6.0579,0.0800,40.2547
2026-05-09T12:16:08.689,6.0684,0.0800,40.3160
2026-05-09T12:16:08.702,6.0795,0.0800,40.3843
2026-05-09T12:16:08.716,6.0889,0.0800,40.4456
2026-05-09T12:16:08.729,6.0977,0.0800,40.5066
2026-05-09T12:16:08.742,6.1065,0.0800,40.5707
2026-05-09T12:16:08.762,6.1142,0.0800,40.6306
2026-05-09T12:16:08.774,6.1215,0.0800,40.6914
2026-05-09T12:16:08.789,6.1313,0.0800,40.7809
2026-05-09T12:16:08.802,6.1356,0.0800,40.8269
2026-05-09T12:16:08.817,6.1397,0.0800,40.8755
2026-05-09T12:16:08.831,6.1422,0.0800,40.9161
2026-05-09T12:16:08.845,6.1435,0.0800,40.9481
2026-05-09T12:16:08.858,6.1439,0.0800,40.9693
2026-05-09T12:16:08.871,6.1439,0.0800,40.9744
2026-05-09T12:16:08.885,6.1436,0.0800,40.9731
2026-05-09T12:16:08.899,6.1436,0.0800,40.9660
2026-05-09T12:16:08.913,6.1443,0.0800,40.9527
2026-05-09T12:16:08.927,6.1450,0.0800,40.9384
2026-05-09T12:16:08.941,6.1467,0.0800,40.9179
2026-05-09T12:16:08.955,6.1491,0.0800,40.8978
2026-05-09T12:16:08.969,6.1517,0.0800,40.8770
2026-05-09T12:16:08.983,6.1557,0.0800,40.8502
2026-05-09T12:16:08.997,6.1603,0.0800,40.8245
2026-05-09T12:16:09.011,6.1656,0.0800,40.7969
2026-05-09T12:16:09.025,6.1710,0.0800,40.7719
2026-05-09T12:16:09.038,6.1773,0.0800,40.7447
2026-05-09T12:16:09.052,6.1844,0.0800,40.7186
2026-05-09T12:16:09.066,6.1910,0.0800,40.6949
2026-05-09T12:16:09.080,6.1981,0.0800,40.6710
2026-05-09T12:16:09.095,6.2048,0.0800,40.6510
2026-05-09T12:16:09.108,6.2120,0.0800,40.6299
2026-05-09T12:16:09.122,6.2187,0.0800,40.6115
2026-05-09T12:16:09.136,6.2251,0.0800,40.5959
2026-05-09T12:16:09.150,6.2306,0.0800,40.5824
2026-05-09T12:16:09.163,6.2354,0.0800,40.5711
2026-05-09T12:16:09.178,6.2405,0.0800,40.5604
2026-05-09T12:16:09.192,6.2448,0.0800,40.5515
2026-05-09T12:16:09.205,6.2491,0.0800,40.5428
2026-05-09T12:16:09.219,6.2532,0.0800,40.5348
2026-05-09T12:16:09.233,6.2573,0.0800,40.5279
2026-05-09T12:16:09.247,6.2612,0.0800,40.5212
2026-05-09T12:16:09.261,6.2655,0.0800,40.5140
2026-05-09T12:16:09.275,6.2701,0.0800,40.5072
2026-05-09T12:16:09.289,6.2743,0.0800,40.5010
2026-05-09T12:16:09.302,6.2787,0.0800,40.4946
2026-05-09T12:16:09.317,6.2837,0.0800,40.4883
2026-05-09T12:16:09.331,6.2882,0.0800,40.4824
2026-05-09T12:16:09.345,6.2934,0.0800,40.4758
2026-05-09T12:16:09.359,6.2986,0.0800,40.4700
2026-05-09T12:16:09.373,6.3035,0.0800,40.4644
2026-05-09T12:16:09.387,6.3087,0.0800,40.4587
2026-05-09T12:16:09.400,6.3137,0.0800,40.4534
2026-05-09T12:16:09.414,6.3194,0.0800,40.4481
2026-05-09T12:16:09.428,6.3238,0.0800,40.4437
2026-05-09T12:16:09.442,6.3289,0.0800,40.4390
2026-05-09T12:16:09.456,6.3336,0.0800,40.4352
2026-05-09T12:16:09.470,6.3380,0.0800,40.4314
2026-05-09T12:16:09.484,6.3426,0.0800,40.4275
2026-05-09T12:16:09.497,6.3467,0.0800,40.4246
2026-05-09T12:16:09.512,6.3506,0.0800,40.4215
2026-05-09T12:16:09.526,6.3540,0.0800,40.4190
2026-05-09T12:16:09.539,6.3577,0.0800,40.4163
2026-05-09T12:16:09.554,6.3617,0.0800,40.4140
2026-05-09T12:16:09.567,6.3651,0.0800,40.4118
2026-05-09T12:16:09.581,6.3687,0.0800,40.4095
2026-05-09T12:16:09.595,6.3727,0.0800,40.4075
2026-05-09T12:16:09.609,6.3763,0.0800,40.4055
2026-05-09T12:16:09.623,6.3799,0.0800,40.4035
2026-05-09T12:16:09.636,6.3839,0.0800,40.4018
2026-05-09T12:16:09.651,6.3872,0.0800,40.4002
2026-05-09T12:16:09.664,6.3906,0.0800,40.3986
2026-05-09T12:16:09.678,6.3942,0.0800,40.3974
2026-05-09T12:16:09.692,6.3972,0.0800,40.3961
2026-05-09T12:16:09.706,6.4004,0.0800,40.3948
2026-05-09T12:16:09.720,6.4034,0.0800,40.3936
2026-05-09T12:16:09.734,6.4067,0.0800,40.3928
2026-05-09T12:16:09.748,6.4091,0.0800,40.3919
2026-05-09T12:16:09.762,6.4115,0.0800,40.3911
2026-05-09T12:16:09.775,6.4140,0.0800,40.3906
2026-05-09T12:16:09.789,6.4149,0.0800,40.3902
2026-05-09T12:16:09.803,6.4155,0.0800,40.3898
2026-05-09T12:16:09.831,6.4152,0.0800,40.3895
2026-05-09T12:16:09.846,6.4149,0.0800,40.3892
2026-05-09T12:16:09.859,6.4127,0.0800,40.3890
2026-05-09T12:16:09.873,6.4100,0.0800,40.3890
2026-05-09T12:16:09.887,6.4070,0.0800,40.3888
2026-05-09T12:16:09.900,6.4017,0.0800,40.3884
2026-05-09T12:16:09.914,6.3959,0.0800,40.3881
2026-05-09T12:16:09.929,6.3900,0.0800,40.3875
2026-05-09T12:16:09.942,6.3825,0.0800,40.3866
2026-05-09T12:16:09.956,6.3755,0.0800,40.3859
2026-05-09T12:16:09.970,6.3681,0.0800,40.3846
2026-05-09T12:16:09.984,6.3602,0.0800,40.3832
2026-05-09T12:16:09.998,6.3531,0.0800,40.3820
2026-05-09T12:16:10.012,6.3450,0.0800,40.3801
2026-05-09T12:16:10.025,6.3372,0.0800,40.3781
2026-05-09T12:16:10.039,6.3287,0.0800,40.3757
2026-05-09T12:16:10.053,6.3209,0.0800,40.3737
2026-05-09T12:16:10.067,6.3126,0.0800,40.3710
2026-05-09T12:16:10.080,6.3040,0.0800,40.3680
2026-05-09T12:16:10.094,6.2954,0.0800,40.3650
2026-05-09T12:16:10.108,6.2861,0.0800,40.3613
2026-05-09T12:16:10.121,6.2774,0.0800,40.3575
2026-05-09T12:16:10.135,6.2685,0.0800,40.3538
2026-05-09T12:16:10.149,6.2594,0.0800,40.3494
2026-05-09T12:16:10.163,6.2504,0.0800,40.3448
2026-05-09T12:16:10.177,6.2416,0.0800,40.3404
2026-05-09T12:16:10.191,6.2330,0.0800,40.3356
2026-05-09T12:16:10.204,6.2238,0.0800,40.3301
2026-05-09T12:16:10.219,6.2154,0.0800,40.3252
2026-05-09T12:16:10.234,6.2068,0.0800,40.3195
2026-05-09T12:16:10.249,6.1976,0.0800,40.3131
2026-05-09T12:16:10.264,6.1885,0.0800,40.3065
2026-05-09T12:16:10.280,6.1793,0.0800,40.2998
2026-05-09T12:16:10.298,6.1703,0.0800,40.2925
2026-05-09T12:16:10.317,6.1594,0.0800,40.2832
2026-05-09T12:16:10.332,6.1480,0.0800,40.2730
2026-05-09T12:16:10.347,6.1353,0.0800,40.2608
2026-05-09T12:16:10.361,6.1248,0.0800,40.2502
2026-05-09T12:16:10.376,6.1125,0.0800,40.2378
2026-05-09T12:16:10.391,6.1019,0.0800,40.2260
2026-05-09T12:16:10.407,6.0889,0.0800,40.2111
2026-05-09T12:16:10.423,6.0743,0.0800,40.1938
2026-05-09T12:16:10.441,6.0580,0.0800,40.1740
2026-05-09T12:16:10.457,6.0427,0.0800,40.1539
2026-05-09T12:16:10.473,6.0249,0.0800,40.1294
2026-05-09T12:16:10.488,6.0098,0.0800,40.1075
2026-05-09T12:16:10.502,5.9943,0.0800,40.0838
2026-05-09T12:16:10.519,5.9797,0.0800,40.0608
2026-05-09T12:16:10.536,5.9663,0.0800,40.0380
2026-05-09T12:16:10.553,5.9512,0.0800,40.0109
2026-05-09T12:16:10.569,5.9363,0.0800,39.9827
2026-05-09T12:16:10.583,5.9215,0.0800,39.9529
2026-05-09T12:16:10.598,5.9086,0.0800,39.9263
2026-05-09T12:16:10.615,5.8962,0.0800,39.8984
2026-05-09T12:16:10.632,5.8817,0.0800,39.8641
2026-05-09T12:16:10.649,5.8660,0.0800,39.8246
2026-05-09T12:16:10.664,5.8491,0.0800,39.7792
2026-05-09T12:16:10.680,5.8298,0.0800,39.7257
2026-05-09T12:16:10.694,5.8132,0.0800,39.6753
2026-05-09T12:16:10.709,5.7940,0.0800,39.6144
2026-05-09T12:16:10.724,5.7788,0.0800,39.5629
2026-05-09T12:16:10.742,5.7621,0.0800,39.5045
2026-05-09T12:16:10.759,5.7459,0.0800,39.4441
2026-05-09T12:16:10.775,5.7262,0.0800,39.3670
2026-05-09T12:16:10.790,5.7092,0.0800,39.2961
2026-05-09T12:16:10.805,5.6933,0.0800,39.2263
2026-05-09T12:16:10.820,5.6794,0.0800,39.1627
2026-05-09T12:16:10.837,5.6665,0.0800,39.0988
2026-05-09T12:16:10.853,5.6540,0.0800,39.0338
2026-05-09T12:16:10.870,5.6402,0.0800,38.9575
2026-05-09T12:16:10.887,5.6280,0.0800,38.8852
2026-05-09T12:16:10.905,5.6167,0.0800,38.8152
2026-05-09T12:16:10.922,5.6050,0.0800,38.7371
2026-05-09T12:16:10.938,5.5937,0.0800,38.6546
2026-05-09T12:16:10.954,5.5843,0.0800,38.5811
2026-05-09T12:16:10.969,5.5752,0.0800,38.5044
2026-05-09T12:16:10.985,5.5675,0.0800,38.4344
2026-05-09T12:16:11.000,5.5599,0.0800,38.3625
2026-05-09T12:16:11.016,5.5534,0.0800,38.2933
2026-05-09T12:16:11.031,5.5473,0.0800,38.2205
2026-05-09T12:16:11.049,5.5419,0.0800,38.1481
2026-05-09T12:16:11.067,5.5374,0.0800,38.0788
2026-05-09T12:16:11.086,5.5327,0.0800,37.9951
2026-05-09T12:16:11.102,5.5291,0.0800,37.9139
2026-05-09T12:16:11.118,5.5264,0.0800,37.8266
2026-05-09T12:16:11.134,5.5249,0.0800,37.7515
2026-05-09T12:16:11.149,5.5241,0.0800,37.6764
2026-05-09T12:16:11.164,5.5240,0.0800,37.6083
2026-05-09T12:16:11.181,5.5244,0.0800,37.5359
2026-05-09T12:16:11.197,5.5255,0.0800,37.4670
2026-05-09T12:16:11.213,5.5275,0.0800,37.3868
2026-05-09T12:16:11.231,5.5300,0.0800,37.3104
2026-05-09T12:16:11.249,5.5331,0.0800,37.2292
2026-05-09T12:16:11.265,5.5364,0.0800,37.1428
2026-05-09T12:16:11.281,5.5398,0.0800,37.0527
2026-05-09T12:16:11.297,5.5428,0.0800,36.9727
2026-05-09T12:16:11.314,5.5460,0.0800,36.8891
2026-05-09T12:16:11.329,5.5490,0.0800,36.8125
2026-05-09T12:16:11.345,5.5524,0.0800,36.7241
2026-05-09T12:16:11.361,5.5551,0.0800,36.6534
2026-05-09T12:16:11.376,5.5581,0.0800,36.5761
2026-05-09T12:16:11.393,5.5612,0.0800,36.4981
2026-05-09T12:16:11.411,5.5643,0.0800,36.4191
2026-05-09T12:16:11.427,5.5677,0.0800,36.3328
2026-05-09T12:16:11.442,5.5711,0.0800,36.2425
2026-05-09T12:16:11.458,5.5740,0.0800,36.1688
2026-05-09T12:16:11.474,5.5769,0.0800,36.0920
2026-05-09T12:16:11.489,5.5800,0.0800,36.0111
2026-05-09T12:16:11.504,5.5830,0.0800,35.9325
2026-05-09T12:16:11.521,5.5858,0.0800,35.8580
2026-05-09T12:16:11.537,5.5888,0.0800,35.7804
2026-05-09T12:16:11.553,5.5920,0.0800,35.6999
2026-05-09T12:16:11.568,5.5952,0.0800,35.6189
2026-05-09T12:16:11.583,5.5982,0.0800,35.5431
2026-05-09T12:16:11.598,5.6014,0.0800,35.4654
2026-05-09T12:16:11.614,5.6044,0.0800,35.3919
2026-05-09T12:16:11.630,5.6076,0.0800,35.3146
2026-05-09T12:16:11.648,5.6110,0.0800,35.2315
2026-05-09T12:16:11.663,5.6140,0.0800,35.1557
2026-05-09T12:16:11.679,5.6178,0.0800,35.0636
2026-05-09T12:16:11.694,5.6206,0.0800,34.9926
2026-05-09T12:16:11.709,5.6237,0.0800,34.9156
2026-05-09T12:16:11.724,5.6267,0.0800,34.8419
2026-05-09T12:16:11.739,5.6299,0.0800,34.7639
2026-05-09T12:16:11.756,5.6327,0.0800,34.6923
2026-05-09T12:16:11.773,5.6360,0.0800,34.6102
2026-05-09T12:16:11.789,5.6391,0.0800,34.5327
2026-05-09T12:16:11.804,5.6425,0.0800,34.4479
2026-05-09T12:16:11.820,5.6459,0.0800,34.3661
2026-05-09T12:16:11.835,5.6487,0.0800,34.2954
2026-05-09T12:16:11.851,5.6512,0.0800,34.2223
2026-05-09T12:16:11.868,5.6533,0.0800,34.1490
2026-05-09T12:16:11.885,5.6551,0.0800,34.0675
2026-05-09T12:16:11.900,5.6563,0.0800,33.9912
2026-05-09T12:16:11.916,5.6567,0.0800,33.9132
2026-05-09T12:16:11.930,5.6564,0.0800,33.8415
2026-05-09T12:16:11.945,5.6555,0.0800,33.7691
2026-05-09T12:16:11.961,5.6543,0.0800,33.7018
2026-05-09T12:16:11.978,5.6523,0.0800,33.6325
2026-05-09T12:16:11.994,5.6494,0.0800,33.5519
2026-05-09T12:16:12.011,5.6457,0.0800,33.4703
2026-05-09T12:16:12.027,5.6420,0.0800,33.4018
2026-05-09T12:16:12.042,5.6368,0.0800,33.3203
2026-05-09T12:16:12.057,5.6320,0.0800,33.2516
2026-05-09T12:16:12.074,5.6262,0.0800,33.1803
2026-05-09T12:16:12.092,5.6196,0.0800,33.1090
2026-05-09T12:16:12.109,5.6119,0.0800,33.0332
2026-05-09T12:16:12.124,5.6027,0.0800,32.9522
2026-05-09T12:16:12.139,5.5935,0.0800,32.8772
2026-05-09T12:16:12.155,5.5845,0.0800,32.8104
2026-05-09T12:16:12.171,5.5742,0.0800,32.7404
2026-05-09T12:16:12.187,5.5633,0.0800,32.6704
2026-05-09T12:16:12.205,5.5510,0.0800,32.5970
2026-05-09T12:16:12.223,5.5386,0.0800,32.5265
2026-05-09T12:16:12.239,5.5238,0.0800,32.4483
2026-05-09T12:16:12.255,5.5076,0.0800,32.3680
2026-05-09T12:16:12.271,5.4922,0.0800,32.2961
2026-05-09T12:16:12.287,5.4760,0.0800,32.2242
2026-05-09T12:16:12.303,5.4591,0.0800,32.1528
2026-05-09T12:16:12.320,5.4418,0.0800,32.0825
2026-05-09T12:16:12.335,5.4240,0.0800,32.0139
2026-05-09T12:16:12.352,5.4052,0.0800,31.9445
2026-05-09T12:16:12.369,5.3868,0.0800,31.8797
2026-05-09T12:16:12.385,5.3663,0.0800,31.8107
2026-05-09T12:16:12.401,5.3452,0.0800,31.7426
2026-05-09T12:16:12.416,5.3234,0.0800,31.6768
2026-05-09T12:16:12.431,5.3039,0.0800,31.6204
2026-05-09T12:16:12.447,5.2825,0.0800,31.5610
2026-05-09T12:16:12.462,5.2609,0.0800,31.5039
2026-05-09T12:16:12.477,5.2367,0.0800,31.4419
2026-05-09T12:16:12.491,5.2152,0.0800,31.3896
2026-05-09T12:16:12.505,5.1908,0.0800,31.3325
2026-05-09T12:16:12.518,5.1688,0.0800,31.2831
2026-05-09T12:16:12.532,5.1443,0.0800,31.2293
2026-05-09T12:16:12.546,5.1218,0.0800,31.1821
2026-05-09T12:16:12.564,5.0980,0.0800,31.1336
2026-05-09T12:16:12.578,5.0726,0.0800,31.0831
2026-05-09T12:16:12.592,5.0402,0.0800,31.0211
2026-05-09T12:16:12.606,5.0127,0.0800,30.9706
2026-05-09T12:16:12.620,4.9855,0.0800,30.9222
2026-05-09T12:16:12.634,4.9574,0.0800,30.8732
2026-05-09T12:16:12.648,4.9303,0.0800,30.8280
2026-05-09T12:16:12.662,4.9007,0.0800,30.7797
2026-05-09T12:16:12.676,4.8687,0.0800,30.7289
2026-05-09T12:16:12.690,4.8399,0.0800,30.6848
2026-05-09T12:16:12.704,4.8050,0.0800,30.6326
2026-05-09T12:16:12.718,4.7702,0.0800,30.5814
2026-05-09T12:16:12.732,4.7336,0.0800,30.5288
2026-05-09T12:16:12.746,4.6923,0.0800,30.4705
2026-05-09T12:16:12.760,4.6547,0.0800,30.4180
2026-05-09T12:16:12.774,4.6142,0.0800,30.3620
2026-05-09T12:16:12.788,4.5753,0.0800,30.3088
2026-05-09T12:16:12.801,4.5336,0.0800,30.2517
2026-05-09T12:16:12.815,4.4934,0.0800,30.1965
2026-05-09T12:16:12.829,4.4556,0.0800,30.1446
2026-05-09T12:16:12.843,4.4138,0.0800,30.0871
2026-05-09T12:16:12.857,4.3733,0.0800,30.0316
2026-05-09T12:16:12.871,4.3328,0.0800,29.9759
2026-05-09T12:16:12.885,4.2924,0.0800,29.9203
2026-05-09T12:16:12.899,4.2514,0.0800,29.8641
2026-05-09T12:16:12.913,4.2115,0.0800,29.8092
2026-05-09T12:16:12.927,4.1728,0.0800,29.7561
2026-05-09T12:16:12.940,4.1293,0.0800,29.6964
2026-05-09T12:16:12.955,4.0902,0.0800,29.6427
2026-05-09T12:16:12.968,4.0503,0.0800,29.5880
2026-05-09T12:16:12.982,4.0090,0.0800,29.5315
2026-05-09T12:16:12.996,3.9690,0.0800,29.4766
2026-05-09T12:16:13.010,3.9213,0.0800,29.4113
2026-05-09T12:16:13.024,3.8887,0.0800,29.3666
2026-05-09T12:16:13.038,3.8483,0.0800,29.3111
2026-05-09T12:16:13.052,3.8078,0.0800,29.2555
2026-05-09T12:16:13.066,3.7668,0.0800,29.1992
2026-05-09T12:16:13.079,3.7262,0.0800,29.1434
2026-05-09T12:16:13.094,3.6879,0.0800,29.0912
2026-05-09T12:16:13.107,3.6476,0.0800,29.0368
2026-05-09T12:16:13.121,3.6058,0.0800,28.9810
2026-05-09T12:16:13.135,3.5658,0.0800,28.9280
2026-05-09T12:16:13.150,3.5244,0.0800,28.8738
2026-05-09T12:16:13.162,3.4842,0.0800,28.8217
2026-05-09T12:16:13.177,3.4400,0.0800,28.7649
2026-05-09T12:16:13.191,3.4023,0.0800,28.7170
2026-05-09T12:16:13.204,3.3548,0.0800,28.6573
2026-05-09T12:16:13.219,3.3150,0.0800,28.6077
2026-05-09T12:16:13.233,3.2734,0.0800,28.5566
2026-05-09T12:16:13.247,3.2297,0.0800,28.5037
2026-05-09T12:16:13.260,3.1884,0.0800,28.4543
2026-05-09T12:16:13.274,3.1442,0.0800,28.4019
2026-05-09T12:16:13.288,3.1062,0.0800,28.3577
2026-05-09T12:16:13.301,3.0609,0.0800,28.3057
2026-05-09T12:16:13.316,3.0169,0.0800,28.2558
2026-05-09T12:16:13.329,2.9751,0.0800,28.2094
2026-05-09T12:16:13.343,2.9294,0.0800,28.1593
2026-05-09T12:16:13.357,2.8886,0.0800,28.1152
2026-05-09T12:16:13.371,2.8447,0.0800,28.0685
2026-05-09T12:16:13.385,2.8005,0.0800,28.0224
2026-05-09T12:16:13.399,2.7546,0.0800,27.9752
2026-05-09T12:16:13.413,2.7091,0.0800,27.9291
2026-05-09T12:16:13.427,2.6676,0.0800,27.8881
2026-05-09T12:16:13.440,2.6197,0.0800,27.8414
2026-05-09T12:16:13.454,2.5760,0.0800,27.7996
2026-05-09T12:16:13.468,2.5314,0.0800,27.7579
2026-05-09T12:16:13.482,2.4837,0.0800,27.7140
2026-05-09T12:16:13.496,2.4388,0.0800,27.6733
2026-05-09T12:16:13.511,2.3911,0.0800,27.6311
2026-05-09T12:16:13.524,2.3442,0.0800,27.5904
2026-05-09T12:16:13.538,2.2940,0.0800,27.5475
2026-05-09T12:16:13.552,2.2490,0.0800,27.5099
2026-05-09T12:16:13.566,2.1983,0.0800,27.4684
2026-05-09T12:16:13.580,2.1511,0.0800,27.4304
2026-05-09T12:16:13.594,2.1021,0.0800,27.3916
2026-05-09T12:16:13.607,2.0529,0.0800,27.3536
2026-05-09T12:16:13.621,2.0042,0.0800,27.3167
2026-05-09T12:16:13.635,1.9561,0.0800,27.2808
2026-05-09T12:16:13.649,1.9057,0.0800,27.2442
2026-05-09T12:16:13.662,1.8539,0.0800,27.2075
2026-05-09T12:16:13.676,1.8041,0.0800,27.1726
2026-05-09T12:16:13.691,1.7557,0.0800,27.1397
2026-05-09T12:16:13.704,1.7030,0.0800,27.1046
2026-05-09T12:16:13.718,1.6498,0.0800,27.0697
2026-05-09T12:16:13.732,1.6015,0.0800,27.0389
2026-05-09T12:16:13.746,1.5463,0.0800,27.0045
2026-05-09T12:16:13.760,1.4957,0.0800,26.9737
2026-05-09T12:16:13.774,1.4445,0.0800,26.9431
2026-05-09T12:16:13.788,1.3983,0.0800,26.9165
2026-05-09T12:16:13.801,1.3534,0.0800,26.8915
2026-05-09T12:16:13.816,1.3137,0.0800,26.8700
2026-05-09T12:16:13.830,1.2773,0.0800,26.8513
2026-05-09T12:16:13.843,1.2400,0.0800,26.8329
2026-05-09T12:16:13.858,1.2058,0.0800,26.8166
2026-05-09T12:16:13.872,1.1747,0.0800,26.8027
2026-05-09T12:16:13.886,1.1413,0.0800,26.7886
2026-05-09T12:16:13.899,1.1102,0.0800,26.7761
2026-05-09T12:16:13.913,1.0796,0.0800,26.7642
2026-05-09T12:16:13.928,1.0521,0.0800,26.7545
2026-05-09T12:16:13.940,1.0198,0.0800,26.7437
2026-05-09T12:16:13.955,0.9933,0.0800,26.7351
2026-05-09T12:16:13.969,0.9676,0.0800,26.7276
2026-05-09T12:16:13.983,0.9409,0.0800,26.7205
2026-05-09T12:16:13.997,0.9130,0.0800,26.7133
2026-05-09T12:16:14.012,0.8846,0.0800,26.7070
2026-05-09T12:16:14.025,0.8578,0.0800,26.7016
2026-05-09T12:16:14.038,0.8293,0.0800,26.6964
2026-05-09T12:16:14.053,0.8029,0.0800,26.6919
2026-05-09T12:16:14.067,0.7769,0.0800,26.6882
2026-05-09T12:16:14.081,0.7484,0.0800,26.6848
2026-05-09T12:16:14.095,0.7203,0.0800,26.6816
2026-05-09T12:16:14.109,0.6924,0.0800,26.6793
2026-05-09T12:16:14.123,0.6643,0.0800,26.6777
2026-05-09T12:16:14.136,0.6361,0.0800,26.6762
2026-05-09T12:16:14.151,0.6092,0.0800,26.6757
2026-05-09T12:16:14.164,0.5814,0.0800,26.6757
2026-05-09T12:16:14.178,0.5527,0.0800,26.6760
2026-05-09T12:16:14.193,0.5230,0.0800,26.6772
2026-05-09T12:16:14.206,0.4898,0.0800,26.6791
2026-05-09T12:16:14.219,0.4554,0.0800,26.6818
2026-05-09T12:16:14.234,0.4231,0.0800,26.6847
2026-05-09T12:16:14.248,0.3898,0.0800,26.6886
2026-05-09T12:16:14.262,0.3544,0.0800,26.6933
2026-05-09T12:16:14.276,0.3140,0.0800,26.6992
2026-05-09T12:16:14.289,0.2787,0.0800,26.7054
2026-05-09T12:16:14.303,0.2398,0.0800,26.7129
2026-05-09T12:16:14.318,0.1989,0.0800,26.7212
2026-05-09T12:16:14.332,0.1590,0.0800,26.7303
2026-05-09T12:16:14.346,0.1141,0.0800,26.7414
2026-05-09T12:16:14.359,0.0714,0.0800,26.7528
2026-05-09T12:16:14.373,0.0270,0.0800,26.7651
2026-05-09T12:16:14.387,-0.0137,0.0800,26.7774
2026-05-09T12:16:14.400,-0.0591,0.0800,26.7919
2026-05-09T12:16:14.414,-0.1090,0.0800,26.8083
2026-05-09T12:16:14.429,-0.1514,0.0800,26.8233
2026-05-09T12:16:14.442,-0.2037,0.0800,26.8425
2026-05-09T12:16:14.457,-0.2546,0.0800,26.8618
2026-05-09T12:16:14.470,-0.3026,0.0800,26.8811
2026-05-09T12:16:14.484,-0.3582,0.0800,26.9041
2026-05-09T12:16:14.498,-0.4088,0.0800,26.9257
2026-05-09T12:16:14.512,-0.4608,0.0800,26.9489
2026-05-09T12:16:14.526,-0.5133,0.0800,26.9731
2026-05-09T12:16:14.539,-0.5703,0.0800,27.0001
2026-05-09T12:16:14.553,-0.6235,0.0800,27.0258
2026-05-09T12:16:14.567,-0.6782,0.0800,27.0531
2026-05-09T12:16:14.580,-0.7382,0.0800,27.0837
2026-05-09T12:16:14.595,-0.7954,0.0800,27.1131
2026-05-09T12:16:14.608,-0.8551,0.0800,27.1444
2026-05-09T12:16:14.621,-0.9161,0.0800,27.1767
2026-05-09T12:16:14.636,-0.9748,0.0800,27.2080
2026-05-09T12:16:14.649,-1.0318,0.0800,27.2384
2026-05-09T12:16:14.663,-1.0955,0.0800,27.2724
2026-05-09T12:16:14.676,-1.1537,0.0800,27.3035
2026-05-09T12:16:14.690,-1.2120,0.0800,27.3346
2026-05-09T12:16:14.704,-1.2732,0.0800,27.3673
2026-05-09T12:16:14.719,-1.3320,0.0800,27.3987
2026-05-09T12:16:14.734,-1.3920,0.0800,27.4308
2026-05-09T12:16:14.750,-1.4611,0.0800,27.4676
2026-05-09T12:16:14.767,-1.5242,0.0800,27.5013
2026-05-09T12:16:14.786,-1.5956,0.0800,27.5393
2026-05-09T12:16:14.804,-1.6705,0.0800,27.5793
2026-05-09T12:16:14.821,-1.7555,0.0800,27.6247
2026-05-09T12:16:14.837,-1.8363,0.0800,27.6678
2026-05-09T12:16:14.856,-1.9083,0.0800,27.7062
2026-05-09T12:16:14.873,-1.9838,0.0800,27.7465
2026-05-09T12:16:14.889,-2.0586,0.0800,27.7864
2026-05-09T12:16:14.905,-2.1349,0.0800,27.8271
2026-05-09T12:16:14.923,-2.2047,0.0800,27.8638
2026-05-09T12:16:14.940,-2.2744,0.0800,27.8997
2026-05-09T12:16:14.959,-2.3522,0.0800,27.9391
2026-05-09T12:16:14.976,-2.4239,0.0800,27.9745
2026-05-09T12:16:14.993,-2.5013,0.0800,28.0119
2026-05-09T12:16:15.010,-2.5733,0.0800,28.0457
2026-05-09T12:16:15.026,-2.6402,0.0800,28.0763
2026-05-09T12:16:15.043,-2.7133,0.0800,28.1091
2026-05-09T12:16:15.059,-2.7799,0.0800,28.1381
2026-05-09T12:16:15.078,-2.8554,0.0800,28.1700
2026-05-09T12:16:15.096,-2.9234,0.0800,28.1979
2026-05-09T12:16:15.113,-3.0064,0.0800,28.2310
2026-05-09T12:16:15.129,-3.0824,0.0800,28.2603
2026-05-09T12:16:15.147,-3.1578,0.0800,28.2883
2026-05-09T12:16:15.164,-3.2262,0.0800,28.3131
2026-05-09T12:16:15.179,-3.3038,0.0800,28.3401
2026-05-09T12:16:15.195,-3.3758,0.0800,28.3643
2026-05-09T12:16:15.210,-3.4442,0.0800,28.3865
2026-05-09T12:16:15.226,-3.5118,0.0800,28.4078
2026-05-09T12:16:15.245,-3.5815,0.0800,28.4292
2026-05-09T12:16:15.262,-3.6516,0.0800,28.4498
2026-05-09T12:16:15.278,-3.7354,0.0800,28.4736
2026-05-09T12:16:15.294,-3.8098,0.0800,28.4939
2026-05-09T12:16:15.310,-3.8830,0.0800,28.5130
2026-05-09T12:16:15.326,-3.9526,0.0800,28.5304
2026-05-09T12:16:15.343,-4.0297,0.0800,28.5491
2026-05-09T12:16:15.359,-4.0963,0.0800,28.5644
2026-05-09T12:16:15.374,-4.1747,0.0800,28.5817
2026-05-09T12:16:15.390,-4.2443,0.0800,28.5963
2026-05-09T12:16:15.405,-4.3146,0.0800,28.6103
2026-05-09T12:16:15.421,-4.3846,0.0800,28.6238
2026-05-09T12:16:15.438,-4.4546,0.0800,28.6363
2026-05-09T12:16:15.454,-4.5289,0.0800,28.6489
2026-05-09T12:16:15.470,-4.6077,0.0800,28.6614
2026-05-09T12:16:15.485,-4.6795,0.0800,28.6720
2026-05-09T12:16:15.500,-4.7523,0.0800,28.6822
2026-05-09T12:16:15.516,-4.8238,0.0800,28.6915
2026-05-09T12:16:15.531,-4.8986,0.0800,28.7008
2026-05-09T12:16:15.545,-4.9771,0.0800,28.7102
2026-05-09T12:16:15.561,-5.0501,0.0800,28.7190
2026-05-09T12:16:15.575,-5.1249,0.0800,28.7280
2026-05-09T12:16:15.590,-5.1986,0.0800,28.7369
2026-05-09T12:16:15.604,-5.2725,0.0800,28.7458
2026-05-09T12:16:15.619,-5.3444,0.0800,28.7545
2026-05-09T12:16:15.633,-5.4137,0.0800,28.7629
2026-05-09T12:16:15.648,-5.4861,0.0800,28.7716
2026-05-09T12:16:15.663,-5.5560,0.0800,28.7799
2026-05-09T12:16:15.678,-5.6319,0.0800,28.7890
2026-05-09T12:16:15.692,-5.7021,0.0800,28.7974
2026-05-09T12:16:15.707,-5.7797,0.0800,28.8066
2026-05-09T12:16:15.720,-5.8482,0.0800,28.8148
2026-05-09T12:16:15.735,-5.9188,0.0800,28.8233
2026-05-09T12:16:15.749,-5.9857,0.0800,28.8313
2026-05-09T12:16:15.763,-6.0572,0.0800,28.8398
2026-05-09T12:16:15.779,-6.1259,0.0800,28.8480
2026-05-09T12:16:15.793,-6.1963,0.0800,28.8565
2026-05-09T12:16:15.807,-6.2771,0.0800,28.8662
2026-05-09T12:16:15.821,-6.3429,0.0800,28.8741
2026-05-09T12:16:15.836,-6.4150,0.0800,28.8827
2026-05-09T12:16:15.851,-6.4815,0.0800,28.8907
2026-05-09T12:16:15.866,-6.5567,0.0800,28.8997
2026-05-09T12:16:15.881,-6.6333,0.0800,28.9089
2026-05-09T12:16:15.896,-6.7048,0.0800,28.9175
2026-05-09T12:16:15.910,-6.7801,0.0800,28.9266
2026-05-09T12:16:15.923,-6.8503,0.0800,28.9350
2026-05-09T12:16:15.937,-6.9197,0.0800,28.9434
2026-05-09T12:16:15.951,-6.9841,0.0800,28.9512
2026-05-09T12:16:15.965,-7.0535,0.0800,28.9595
2026-05-09T12:16:15.980,-7.1219,0.0800,28.9677
2026-05-09T12:16:15.994,-7.1912,0.0800,28.9760
2026-05-09T12:16:16.009,-7.2721,0.0800,28.9857
2026-05-09T12:16:16.022,-7.3348,0.0800,28.9932
2026-05-09T12:16:16.036,-7.4076,0.0800,29.0019
2026-05-09T12:16:16.051,-7.4721,0.0800,29.0096
2026-05-09T12:16:16.064,-7.5419,0.0800,29.0180
2026-05-09T12:16:16.079,-7.6119,0.0800,29.0265
2026-05-09T12:16:16.093,-7.6780,0.0800,29.0345
2026-05-09T12:16:16.107,-7.7536,0.0800,29.0436
2026-05-09T12:16:16.121,-7.8200,0.0800,29.0517
2026-05-09T12:16:16.135,-7.8907,0.0800,29.0602
2026-05-09T12:16:16.148,-7.9532,0.0800,29.0678
2026-05-09T12:16:16.162,-8.0073,0.0800,29.0747
2026-05-09T12:16:16.176,-8.0605,0.0800,29.0816
2026-05-09T12:16:16.190,-8.1068,0.0800,29.0879
2026-05-09T12:16:16.203,-8.1508,0.0800,29.0941
2026-05-09T12:16:16.217,-8.1869,0.0800,29.0993
2026-05-09T12:16:16.230,-8.2148,0.0800,29.1036
2026-05-09T12:16:16.244,-8.2411,0.0800,29.1079
2026-05-09T12:16:16.260,-8.2682,0.0800,29.1123
2026-05-09T12:16:16.273,-8.2981,0.0800,29.1179
2026-05-09T12:16:16.287,-8.3279,0.0800,29.1240
2026-05-09T12:16:16.301,-8.3509,0.0800,29.1293
2026-05-09T12:16:16.316,-8.3729,0.0800,29.1345
2026-05-09T12:16:16.330,-8.3925,0.0800,29.1400
2026-05-09T12:16:16.343,-8.4122,0.0800,29.1459
2026-05-09T12:16:16.358,-8.4298,0.0800,29.1512
2026-05-09T12:16:16.372,-8.4445,0.0800,29.1564
2026-05-09T12:16:16.386,-8.4587,0.0800,29.1617
2026-05-09T12:16:16.399,-8.4721,0.0800,29.1671
2026-05-09T12:16:16.413,-8.4842,0.0800,29.1720
2026-05-09T12:16:16.427,-8.4931,0.0800,29.1761
2026-05-09T12:16:16.440,-8.5017,0.0800,29.1804
2026-05-09T12:16:16.454,-8.5089,0.0800,29.1838
2026-05-09T12:16:16.469,-8.5152,0.0800,29.1873
2026-05-09T12:16:16.483,-8.5209,0.0800,29.1908
2026-05-09T12:16:16.497,-8.5263,0.0800,29.1938
2026-05-09T12:16:16.511,-8.5307,0.0800,29.1968
2026-05-09T12:16:16.524,-8.5349,0.0800,29.1997
2026-05-09T12:16:16.539,-8.5395,0.0800,29.2027
2026-05-09T12:16:16.552,-8.5428,0.0800,29.2054
2026-05-09T12:16:16.566,-8.5463,0.0800,29.2082
2026-05-09T12:16:16.579,-8.5491,0.0800,29.2107
2026-05-09T12:16:16.594,-8.5523,0.0800,29.2133
2026-05-09T12:16:16.607,-8.5550,0.0800,29.2159
2026-05-09T12:16:16.621,-8.5575,0.0800,29.2185
2026-05-09T12:16:16.635,-8.5606,0.0800,29.2213
2026-05-09T12:16:16.649,-8.5630,0.0800,29.2239
2026-05-09T12:16:16.662,-8.5655,0.0800,29.2268
2026-05-09T12:16:16.676,-8.5684,0.0800,29.2297
2026-05-09T12:16:16.691,-8.5706,0.0800,29.2326
2026-05-09T12:16:16.704,-8.5729,0.0800,29.2356
2026-05-09T12:16:16.718,-8.5756,0.0800,29.2388
2026-05-09T12:16:16.732,-8.5778,0.0800,29.2419
2026-05-09T12:16:16.746,-8.5799,0.0800,29.2451
2026-05-09T12:16:16.759,-8.5828,0.0800,29.2495
2026-05-09T12:16:16.773,-8.5898,0.0800,29.2593
2026-05-09T12:16:16.787,-8.5969,0.0800,29.2701
2026-05-09T12:16:16.801,-8.6066,0.0800,29.2853
2026-05-09T12:16:16.815,-8.6206,0.0800,29.3076
2026-05-09T12:16:16.830,-8.6354,0.0800,29.3329
2026-05-09T12:16:16.844,-8.6535,0.0800,29.3650
2026-05-09T12:16:16.859,-8.6720,0.0800,29.3987
2026-05-09T12:16:16.873,-8.6901,0.0800,29.4340
2026-05-09T12:16:16.888,-8.7097,0.0800,29.4737
2026-05-09T12:16:16.902,-8.7287,0.0800,29.5142
2026-05-09T12:16:16.916,-8.7469,0.0800,29.5543
2026-05-09T12:16:16.931,-8.7646,0.0800,29.5957
2026-05-09T12:16:16.946,-8.7823,0.0800,29.6394
2026-05-09T12:16:16.960,-8.7992,0.0800,29.6833
2026-05-09T12:16:16.977,-8.8164,0.0800,29.7298
2026-05-09T12:16:16.992,-8.8307,0.0800,29.7711
2026-05-09T12:16:17.008,-8.8489,0.0800,29.8266
2026-05-09T12:16:17.022,-8.8633,0.0800,29.8737
2026-05-09T12:16:17.037,-8.8797,0.0800,29.9293
2026-05-09T12:16:17.052,-8.8921,0.0800,29.9756
2026-05-09T12:16:17.067,-8.9047,0.0800,30.0259
2026-05-09T12:16:17.082,-8.9162,0.0800,30.0752
2026-05-09T12:16:17.098,-8.9276,0.0800,30.1268
2026-05-09T12:16:17.113,-8.9367,0.0800,30.1736
2026-05-09T12:16:17.127,-8.9446,0.0800,30.2184
2026-05-09T12:16:17.141,-8.9506,0.0800,30.2578
2026-05-09T12:16:17.157,-8.9556,0.0800,30.2930
2026-05-09T12:16:17.172,-8.9598,0.0800,30.3302
2026-05-09T12:16:17.188,-8.9629,0.0800,30.3643
2026-05-09T12:16:17.204,-8.9656,0.0800,30.4016
2026-05-09T12:16:17.221,-8.9680,0.0800,30.4411
2026-05-09T12:16:17.236,-8.9691,0.0800,30.4775
2026-05-09T12:16:17.251,-8.9693,0.0800,30.5170
2026-05-09T12:16:17.267,-8.9688,0.0800,30.5525
2026-05-09T12:16:17.283,-8.9674,0.0800,30.5895
2026-05-09T12:16:17.299,-8.9656,0.0800,30.6258
2026-05-09T12:16:17.315,-8.9627,0.0800,30.6615
2026-05-09T12:16:17.331,-8.9594,0.0800,30.6929
2026-05-09T12:16:17.346,-8.9551,0.0800,30.7263
2026-05-09T12:16:17.361,-8.9505,0.0800,30.7566
2026-05-09T12:16:17.378,-8.9455,0.0800,30.7867
2026-05-09T12:16:17.394,-8.9402,0.0800,30.8132
2026-05-09T12:16:17.412,-8.9327,0.0800,30.8472
2026-05-09T12:16:17.428,-8.9254,0.0800,30.8769
2026-05-09T12:16:17.444,-8.9167,0.0800,30.9087
2026-05-09T12:16:17.460,-8.9080,0.0800,30.9392
2026-05-09T12:16:17.476,-8.8981,0.0800,30.9698
2026-05-09T12:16:17.492,-8.8880,0.0800,30.9984
2026-05-09T12:16:17.508,-8.8772,0.0800,31.0271
2026-05-09T12:16:17.522,-8.8657,0.0800,31.0556
2026-05-09T12:16:17.537,-8.8536,0.0800,31.0849
2026-05-09T12:16:17.553,-8.8424,0.0800,31.1093
2026-05-09T12:16:17.569,-8.8295,0.0800,31.1361
2026-05-09T12:16:17.584,-8.8164,0.0800,31.1617
2026-05-09T12:16:17.601,-8.8018,0.0800,31.1896
2026-05-09T12:16:17.617,-8.7868,0.0800,31.2159
2026-05-09T12:16:17.634,-8.7698,0.0800,31.2445
2026-05-09T12:16:17.650,-8.7532,0.0800,31.2706
2026-05-09T12:16:17.665,-8.7362,0.0800,31.2961
2026-05-09T12:16:17.680,-8.7179,0.0800,31.3230
2026-05-09T12:16:17.694,-8.7015,0.0800,31.3453
2026-05-09T12:16:17.708,-8.6832,0.0800,31.3693
2026-05-09T12:16:17.722,-8.6664,0.0800,31.3901
2026-05-09T12:16:17.738,-8.6490,0.0800,31.4115
2026-05-09T12:16:17.753,-8.6307,0.0800,31.4324
2026-05-09T12:16:17.770,-8.6098,0.0800,31.4555
2026-05-09T12:16:17.785,-8.5899,0.0800,31.4765
2026-05-09T12:16:17.800,-8.5672,0.0800,31.4997
2026-05-09T12:16:17.815,-8.5462,0.0800,31.5199
2026-05-09T12:16:17.829,-8.5252,0.0800,31.5391
2026-05-09T12:16:17.843,-8.5035,0.0800,31.5582
2026-05-09T12:16:17.857,-8.4826,0.0800,31.5763
2026-05-09T12:16:17.871,-8.4618,0.0800,31.5930
2026-05-09T12:16:17.885,-8.4403,0.0800,31.6097
2026-05-09T12:16:17.899,-8.4192,0.0800,31.6257
2026-05-09T12:16:17.914,-8.3966,0.0800,31.6418
2026-05-09T12:16:17.929,-8.3742,0.0800,31.6571
2026-05-09T12:16:17.944,-8.3487,0.0800,31.6737
2026-05-09T12:16:17.958,-8.3258,0.0800,31.6883
2026-05-09T12:16:17.972,-8.2977,0.0800,31.7051
2026-05-09T12:16:17.987,-8.2653,0.0800,31.7235
2026-05-09T12:16:18.001,-8.2321,0.0800,31.7417
2026-05-09T12:16:18.016,-8.1893,0.0800,31.7645
2026-05-09T12:16:18.031,-8.1440,0.0800,31.7873
2026-05-09T12:16:18.047,-8.1039,0.0800,31.8183
2026-05-09T12:16:18.060,-8.0884,0.0800,31.8610
2026-05-09T12:16:18.075,-8.0582,0.0800,31.9104
2026-05-09T12:16:18.089,-8.0199,0.0800,31.9484
2026-05-09T12:16:18.104,-7.9653,0.0800,31.9887
2026-05-09T12:16:18.119,-7.9072,0.0800,32.0134
2026-05-09T12:16:18.133,-7.8405,0.0800,32.0411
2026-05-09T12:16:18.148,-7.7722,0.0800,32.0689
2026-05-09T12:16:18.161,-7.7097,0.0800,32.0937
2026-05-09T12:16:18.176,-7.6444,0.0800,32.1194
2026-05-09T12:16:18.190,-7.5874,0.0800,32.1413
2026-05-09T12:16:18.204,-7.5179,0.0800,32.1676
2026-05-09T12:16:18.218,-7.4557,0.0800,32.1908
2026-05-09T12:16:18.232,-7.3912,0.0800,32.2143
2026-05-09T12:16:18.247,-7.3279,0.0800,32.2371
2026-05-09T12:16:18.260,-7.2626,0.0800,32.2601
2026-05-09T12:16:18.275,-7.1935,0.0800,32.2842
2026-05-09T12:16:18.289,-7.1325,0.0800,32.3051
2026-05-09T12:16:18.302,-7.0657,0.0800,32.3276
2026-05-09T12:16:18.317,-7.0008,0.0800,32.3491
2026-05-09T12:16:18.331,-6.9367,0.0800,32.3701
2026-05-09T12:16:18.345,-6.8701,0.0800,32.3916
2026-05-09T12:16:18.360,-6.8035,0.0800,32.4130
2026-05-09T12:16:18.374,-6.7357,0.0800,32.4349
2026-05-09T12:16:18.388,-6.6683,0.0800,32.4566
2026-05-09T12:16:18.401,-6.5987,0.0800,32.4791
2026-05-09T12:16:18.417,-6.5344,0.0800,32.4998
2026-05-09T12:16:18.432,-6.4697,0.0800,32.5207
2026-05-09T12:16:18.448,-6.3948,0.0800,32.5449
2026-05-09T12:16:18.462,-6.3253,0.0800,32.5673
2026-05-09T12:16:18.477,-6.2455,0.0800,32.5931
2026-05-09T12:16:18.491,-6.1840,0.0800,32.6135
2026-05-09T12:16:18.504,-6.1158,0.0800,32.6366
2026-05-09T12:16:18.519,-6.0574,0.0800,32.6568
2026-05-09T12:16:18.533,-5.9957,0.0800,32.6787
2026-05-09T12:16:18.549,-5.9323,0.0800,32.7017
2026-05-09T12:16:18.562,-5.8681,0.0800,32.7256
2026-05-09T12:16:18.578,-5.8016,0.0800,32.7508
2026-05-09T12:16:18.593,-5.7443,0.0800,32.7731
2026-05-09T12:16:18.606,-5.6763,0.0800,32.8002
2026-05-09T12:16:18.620,-5.6112,0.0800,32.8268
2026-05-09T12:16:18.634,-5.5528,0.0800,32.8512
2026-05-09T12:16:18.649,-5.4990,0.0800,32.8743
2026-05-09T12:16:18.662,-5.4376,0.0800,32.9012
2026-05-09T12:16:18.677,-5.3744,0.0800,32.9294
2026-05-09T12:16:18.691,-5.3178,0.0800,32.9555
2026-05-09T12:16:18.704,-5.2574,0.0800,32.9839
2026-05-09T12:16:18.719,-5.1999,0.0800,33.0115
2026-05-09T12:16:18.732,-5.1449,0.0800,33.0386
2026-05-09T12:16:18.746,-5.0827,0.0800,33.0699
2026-05-09T12:16:18.760,-5.0280,0.0800,33.0980
2026-05-09T12:16:18.774,-4.9688,0.0800,33.1289
2026-05-09T12:16:18.788,-4.9134,0.0800,33.1586
2026-05-09T12:16:18.801,-4.8578,0.0800,33.1890
2026-05-09T12:16:18.815,-4.7989,0.0800,33.2216
2026-05-09T12:16:18.830,-4.7470,0.0800,33.2509
2026-05-09T12:16:18.843,-4.6865,0.0800,33.2857
2026-05-09T12:16:18.858,-4.6293,0.0800,33.3189
2026-05-09T12:16:18.872,-4.5723,0.0800,33.3527
2026-05-09T12:16:18.886,-4.5143,0.0800,33.3876
2026-05-09T12:16:18.898,-4.4546,0.0800,33.4240
2026-05-09T12:16:18.913,-4.4007,0.0800,33.4574
2026-05-09T12:16:18.927,-4.3494,0.0800,33.4896
2026-05-09T12:16:18.940,-4.2876,0.0800,33.5291
2026-05-09T12:16:18.954,-4.2349,0.0800,33.5631
2026-05-09T12:16:18.968,-4.1781,0.0800,33.6003
2026-05-09T12:16:18.983,-4.1261,0.0800,33.6350
2026-05-09T12:16:18.996,-4.0689,0.0800,33.6735
2026-05-09T12:16:19.011,-4.0114,0.0800,33.7129
2026-05-09T12:16:19.024,-3.9586,0.0800,33.7497
2026-05-09T12:16:19.038,-3.9024,0.0800,33.7892
2026-05-09T12:16:19.052,-3.8519,0.0800,33.8254
2026-05-09T12:16:19.066,-3.7993,0.0800,33.8637
2026-05-09T12:16:19.080,-3.7475,0.0800,33.9022
2026-05-09T12:16:19.094,-3.6974,0.0800,33.9398
2026-05-09T12:16:19.108,-3.6473,0.0800,33.9782
2026-05-09T12:16:19.122,-3.5984,0.0800,34.0165
2026-05-09T12:16:19.136,-3.5486,0.0800,34.0560
2026-05-09T12:16:19.150,-3.5050,0.0800,34.0917
2026-05-09T12:16:19.163,-3.4606,0.0800,34.1289
2026-05-09T12:16:19.178,-3.4163,0.0800,34.1666
2026-05-09T12:16:19.192,-3.3747,0.0800,34.2033
2026-05-09T12:16:19.205,-3.3317,0.0800,34.2422
2026-05-09T12:16:19.219,-3.2901,0.0800,34.2809
2026-05-09T12:16:19.233,-3.2532,0.0800,34.3159
2026-05-09T12:16:19.247,-3.2152,0.0800,34.3533
2026-05-09T12:16:19.261,-3.1768,0.0800,34.3921
2026-05-09T12:16:19.275,-3.1371,0.0800,34.4329
2026-05-09T12:16:19.289,-3.1020,0.0800,34.4704
2026-05-09T12:16:19.302,-3.0662,0.0800,34.5098
2026-05-09T12:16:19.317,-3.0287,0.0800,34.5517
2026-05-09T12:16:19.330,-2.9969,0.0800,34.5888
2026-05-09T12:16:19.344,-2.9606,0.0800,34.6320
2026-05-09T12:16:19.358,-2.9265,0.0800,34.6735
2026-05-09T12:16:19.372,-2.8932,0.0800,34.7156
2026-05-09T12:16:19.386,-2.8603,0.0800,34.7583
2026-05-09T12:16:19.400,-2.8276,0.0800,34.8021
2026-05-09T12:16:19.414,-2.7955,0.0800,34.8459
2026-05-09T12:16:19.427,-2.7630,0.0800,34.8922
2026-05-09T12:16:19.441,-2.7347,0.0800,34.9336
2026-05-09T12:16:19.455,-2.7053,0.0800,34.9776
2026-05-09T12:16:19.469,-2.6754,0.0800,35.0239
2026-05-09T12:16:19.483,-2.6447,0.0800,35.0728
2026-05-09T12:16:19.497,-2.6183,0.0800,35.1158
2026-05-09T12:16:19.511,-2.5900,0.0800,35.1638
2026-05-09T12:16:19.525,-2.5631,0.0800,35.2109
2026-05-09T12:16:19.539,-2.5323,0.0800,35.2663
2026-05-09T12:16:19.553,-2.5083,0.0800,35.3108
2026-05-09T12:16:19.566,-2.4832,0.0800,35.3593
2026-05-09T12:16:19.580,-2.4570,0.0800,35.4114
2026-05-09T12:16:19.595,-2.4348,0.0800,35.4567
2026-05-09T12:16:19.608,-2.4100,0.0800,35.5093
2026-05-09T12:16:19.622,-2.3872,0.0800,35.5596
2026-05-09T12:16:19.635,-2.3653,0.0800,35.6090
2026-05-09T12:16:19.650,-2.3443,0.0800,35.6587
2026-05-09T12:16:19.663,-2.3238,0.0800,35.7089
2026-05-09T12:16:19.677,-2.3022,0.0800,35.7631
2026-05-09T12:16:19.691,-2.2845,0.0800,35.8101
2026-05-09T12:16:19.705,-2.2650,0.0800,35.8640
2026-05-09T12:16:19.718,-2.2467,0.0800,35.9165
2026-05-09T12:16:19.732,-2.2296,0.0800,35.9673
2026-05-09T12:16:19.747,-2.2133,0.0800,36.0189
2026-05-09T12:16:19.760,-2.1970,0.0800,36.0727
2026-05-09T12:16:19.774,-2.1805,0.0800,36.1289
2026-05-09T12:16:19.788,-2.1669,0.0800,36.1786
2026-05-09T12:16:19.802,-2.1524,0.0800,36.2344
2026-05-09T12:16:19.816,-2.1382,0.0800,36.2907
2026-05-09T12:16:19.829,-2.1250,0.0800,36.3471
2026-05-09T12:16:19.843,-2.1108,0.0800,36.4105
2026-05-09T12:16:19.857,-2.0981,0.0800,36.4688
2026-05-09T12:16:19.870,-2.0851,0.0800,36.5322
2026-05-09T12:16:19.884,-2.0729,0.0800,36.5938
2026-05-09T12:16:19.898,-2.0606,0.0800,36.6578
2026-05-09T12:16:19.912,-2.0486,0.0800,36.7241
2026-05-09T12:16:19.927,-2.0378,0.0800,36.7854
2026-05-09T12:16:19.941,-2.0256,0.0800,36.8580
2026-05-09T12:16:19.956,-2.0144,0.0800,36.9254
2026-05-09T12:16:19.971,-2.0026,0.0800,36.9972
2026-05-09T12:16:19.985,-1.9907,0.0800,37.0688
2026-05-09T12:16:19.999,-1.9785,0.0800,37.1429
2026-05-09T12:16:20.013,-1.9672,0.0800,37.2117
2026-05-09T12:16:20.028,-1.9557,0.0800,37.2815
2026-05-09T12:16:20.044,-1.9438,0.0800,37.3536
2026-05-09T12:16:20.059,-1.9320,0.0800,37.4249
2026-05-09T12:16:20.074,-1.9183,0.0800,37.5078
2026-05-09T12:16:20.088,-1.9065,0.0800,37.5791
2026-05-09T12:16:20.101,-1.8941,0.0800,37.6535
2026-05-09T12:16:20.116,-1.8828,0.0800,37.7217
2026-05-09T12:16:20.130,-1.8717,0.0800,37.7886
2026-05-09T12:16:20.145,-1.8597,0.0800,37.8607
2026-05-09T12:16:20.159,-1.8482,0.0800,37.9291
2026-05-09T12:16:20.174,-1.8365,0.0800,37.9994
2026-05-09T12:16:20.187,-1.8249,0.0800,38.0695
2026-05-09T12:16:20.201,-1.8130,0.0800,38.1408
2026-05-09T12:16:20.216,-1.8019,0.0800,38.2076
2026-05-09T12:16:20.230,-1.7908,0.0800,38.2745
2026-05-09T12:16:20.244,-1.7784,0.0800,38.3495
2026-05-09T12:16:20.258,-1.7678,0.0800,38.4143
2026-05-09T12:16:20.272,-1.7572,0.0800,38.4808
2026-05-09T12:16:20.286,-1.7467,0.0800,38.5504
2026-05-09T12:16:20.300,-1.7373,0.0800,38.6152
2026-05-09T12:16:20.314,-1.7283,0.0800,38.6798
2026-05-09T12:16:20.328,-1.7202,0.0800,38.7421
2026-05-09T12:16:20.342,-1.7119,0.0800,38.8103
2026-05-09T12:16:20.357,-1.7047,0.0800,38.8726
2026-05-09T12:16:20.370,-1.6979,0.0800,38.9368
2026-05-09T12:16:20.384,-1.6914,0.0800,39.0041
2026-05-09T12:16:20.398,-1.6856,0.0800,39.0679
2026-05-09T12:16:20.412,-1.6806,0.0800,39.1310
2026-05-09T12:16:20.426,-1.6760,0.0800,39.1956
2026-05-09T12:16:20.440,-1.6719,0.0800,39.2609
2026-05-09T12:16:20.454,-1.6682,0.0800,39.3250
2026-05-09T12:16:20.468,-1.6653,0.0800,39.3880
2026-05-09T12:16:20.481,-1.6630,0.0800,39.4505
2026-05-09T12:16:20.496,-1.6609,0.0800,39.5162
2026-05-09T12:16:20.510,-1.6597,0.0800,39.5800
2026-05-09T12:16:20.524,-1.6589,0.0800,39.6448
2026-05-09T12:16:20.539,-1.6586,0.0800,39.7138
2026-05-09T12:16:20.553,-1.6590,0.0800,39.7749
2026-05-09T12:16:20.566,-1.6601,0.0800,39.8445
2026-05-09T12:16:20.580,-1.6616,0.0800,39.9074
2026-05-09T12:16:20.593,-1.6636,0.0800,39.9729
2026-05-09T12:16:20.607,-1.6662,0.0800,40.0378
2026-05-09T12:16:20.620,-1.6691,0.0800,40.0978
2026-05-09T12:16:20.635,-1.6726,0.0800,40.1632
2026-05-09T12:16:20.648,-1.6765,0.0800,40.2262
2026-05-09T12:16:20.662,-1.6811,0.0800,40.2936
2026-05-09T12:16:20.676,-1.6861,0.0800,40.3635
2026-05-09T12:16:20.690,-1.6909,0.0800,40.4292
2026-05-09T12:16:20.704,-1.6961,0.0800,40.5011
2026-05-09T12:16:20.718,-1.7013,0.0800,40.5716
2026-05-09T12:16:20.732,-1.7062,0.0800,40.6376
2026-05-09T12:16:20.746,-1.7115,0.0800,40.7099
2026-05-09T12:16:20.760,-1.7165,0.0800,40.7769
2026-05-09T12:16:20.774,-1.7219,0.0800,40.8499
2026-05-09T12:16:20.788,-1.7268,0.0800,40.9148
2026-05-09T12:16:20.801,-1.7320,0.0800,40.9855
2026-05-09T12:16:20.816,-1.7372,0.0800,41.0544
2026-05-09T12:16:20.830,-1.7421,0.0800,41.1210
2026-05-09T12:16:20.843,-1.7475,0.0800,41.1932
2026-05-09T12:16:20.858,-1.7525,0.0800,41.2608
2026-05-09T12:16:20.872,-1.7575,0.0800,41.3276
2026-05-09T12:16:20.886,-1.7627,0.0800,41.3981
2026-05-09T12:16:20.898,-1.7679,0.0800,41.4674
2026-05-09T12:16:20.913,-1.7731,0.0800,41.5386
2026-05-09T12:16:20.927,-1.7776,0.0800,41.5996
2026-05-09T12:16:20.940,-1.7833,0.0800,41.6766
2026-05-09T12:16:20.955,-1.7880,0.0800,41.7408
2026-05-09T12:16:20.968,-1.7933,0.0800,41.8115
2026-05-09T12:16:20.982,-1.7982,0.0800,41.8792
2026-05-09T12:16:20.996,-1.8031,0.0800,41.9449
2026-05-09T12:16:21.010,-1.8085,0.0800,42.0193
2026-05-09T12:16:21.024,-1.8133,0.0800,42.0842
2026-05-09T12:16:21.038,-1.8182,0.0800,42.1491
2026-05-09T12:16:21.052,-1.8237,0.0800,42.2148
2026-05-09T12:16:21.065,-1.8294,0.0800,42.2761
2026-05-09T12:16:21.079,-1.8359,0.0800,42.3394
2026-05-09T12:16:21.093,-1.8420,0.0800,42.3930
2026-05-09T12:16:21.107,-1.8494,0.0800,42.4521
2026-05-09T12:16:21.121,-1.8556,0.0800,42.4975
2026-05-09T12:16:21.135,-1.8622,0.0800,42.5436
2026-05-09T12:16:21.149,-1.8649,0.0800,42.5612
2026-05-09T12:16:21.162,-1.8674,0.0800,42.5782
2026-05-09T12:16:21.176,-1.8682,0.0800,42.5837
2026-05-09T12:16:21.191,-1.8690,0.0800,42.5886
2026-05-09T12:16:21.204,-1.8719,0.0800,42.6095
2026-05-09T12:16:21.218,-1.8748,0.0800,42.6328
2026-05-09T12:16:21.231,-1.8776,0.0800,42.6558
2026-05-09T12:16:21.245,-1.8798,0.0800,42.6804
2026-05-09T12:16:21.259,-1.8815,0.0800,42.7043
2026-05-09T12:16:21.274,-1.8831,0.0800,42.7282
2026-05-09T12:16:21.287,-1.8837,0.0800,42.7495
2026-05-09T12:16:21.301,-1.8839,0.0800,42.7715
2026-05-09T12:16:21.315,-1.8840,0.0800,42.7917
2026-05-09T12:16:21.329,-1.8833,0.0800,42.8129
2026-05-09T12:16:21.342,-1.8821,0.0800,42.8345
2026-05-09T12:16:21.357,-1.8808,0.0800,42.8566
2026-05-09T12:16:21.371,-1.8790,0.0800,42.8750
2026-05-09T12:16:21.385,-1.8764,0.0800,42.8972
2026-05-09T12:16:21.398,-1.8739,0.0800,42.9177
2026-05-09T12:16:21.412,-1.8705,0.0800,42.9386
2026-05-09T12:16:21.426,-1.8670,0.0800,42.9578
2026-05-09T12:16:21.440,-1.8627,0.0800,42.9789
2026-05-09T12:16:21.455,-1.8585,0.0800,42.9993
2026-05-09T12:16:21.468,-1.8534,0.0800,43.0196
2026-05-09T12:16:21.481,-1.8478,0.0800,43.0406
2026-05-09T12:16:21.496,-1.8425,0.0800,43.0600
2026-05-09T12:16:21.510,-1.8364,0.0800,43.0791
2026-05-09T12:16:21.523,-1.8296,0.0800,43.0994
2026-05-09T12:16:21.537,-1.8225,0.0800,43.1200
2026-05-09T12:16:21.552,-1.8154,0.0800,43.1385
2026-05-09T12:16:21.565,-1.8073,0.0800,43.1584
2026-05-09T12:16:21.579,-1.7992,0.0800,43.1771
2026-05-09T12:16:21.593,-1.7910,0.0800,43.1958
2026-05-09T12:16:21.607,-1.7817,0.0800,43.2151
2026-05-09T12:16:21.620,-1.7725,0.0800,43.2330
2026-05-09T12:16:21.635,-1.7628,0.0800,43.2519
2026-05-09T12:16:21.648,-1.7534,0.0800,43.2686
2026-05-09T12:16:21.662,-1.7426,0.0800,43.2868
2026-05-09T12:16:21.676,-1.7318,0.0800,43.3050
2026-05-09T12:16:21.690,-1.7212,0.0800,43.3212
2026-05-09T12:16:21.704,-1.7094,0.0800,43.3386
2026-05-09T12:16:21.718,-1.6975,0.0800,43.3560
2026-05-09T12:16:21.732,-1.6853,0.0800,43.3724
2026-05-09T12:16:21.746,-1.6723,0.0800,43.3893
2026-05-09T12:16:21.759,-1.6600,0.0800,43.4045
2026-05-09T12:16:21.774,-1.6450,0.0800,43.4229
2026-05-09T12:16:21.787,-1.6303,0.0800,43.4398
2026-05-09T12:16:21.800,-1.6115,0.0800,43.4606
2026-05-09T12:16:21.816,-1.5939,0.0800,43.4797
2026-05-09T12:16:21.829,-1.5739,0.0800,43.5003
2026-05-09T12:16:21.843,-1.5494,0.0800,43.5244
2026-05-09T12:16:21.858,-1.5267,0.0800,43.5463
2026-05-09T12:16:21.871,-1.5024,0.0800,43.5685
2026-05-09T12:16:21.885,-1.4760,0.0800,43.5916
2026-05-09T12:16:21.899,-1.4513,0.0800,43.6128
2026-05-09T12:16:21.913,-1.4249,0.0800,43.6342
2026-05-09T12:16:21.927,-1.3986,0.0800,43.6548
2026-05-09T12:16:21.940,-1.3696,0.0800,43.6765
2026-05-09T12:16:21.955,-1.3402,0.0800,43.6982
2026-05-09T12:16:21.969,-1.3114,0.0800,43.7182
2026-05-09T12:16:21.983,-1.2776,0.0800,43.7408
2026-05-09T12:16:21.996,-1.2455,0.0800,43.7616
2026-05-09T12:16:22.010,-1.2137,0.0800,43.7811
2026-05-09T12:16:22.024,-1.1829,0.0800,43.7993
2026-05-09T12:16:22.038,-1.1459,0.0800,43.8203
2026-05-09T12:16:22.052,-1.1142,0.0800,43.8378
2026-05-09T12:16:22.066,-1.0798,0.0800,43.8557
2026-05-09T12:16:22.080,-1.0427,0.0800,43.8742
2026-05-09T12:16:22.094,-1.0066,0.0800,43.8918
2026-05-09T12:16:22.108,-0.9659,0.0800,43.9104
2026-05-09T12:16:22.121,-0.9272,0.0800,43.9272
2026-05-09T12:16:22.135,-0.8855,0.0800,43.9448
2026-05-09T12:16:22.149,-0.8467,0.0800,43.9602
2026-05-09T12:16:22.162,-0.8055,0.0800,43.9758
2026-05-09T12:16:22.177,-0.7598,0.0800,43.9924
2026-05-09T12:16:22.191,-0.7161,0.0800,44.0073
2026-05-09T12:16:22.204,-0.6661,0.0800,44.0236
2026-05-09T12:16:22.219,-0.6157,0.0800,44.0394
2026-05-09T12:16:22.233,-0.5668,0.0800,44.0538
2026-05-09T12:16:22.247,-0.5075,0.0800,44.0704
2026-05-09T12:16:22.260,-0.4457,0.0800,44.0870
2026-05-09T12:16:22.274,-0.3763,0.0800,44.1053
2026-05-09T12:16:22.288,-0.3167,0.0800,44.1204
2026-05-09T12:16:22.302,-0.2503,0.0800,44.1370
2026-05-09T12:16:22.317,-0.1858,0.0800,44.1528
2026-05-09T12:16:22.330,-0.1231,0.0800,44.1677
2026-05-09T12:16:22.344,-0.0502,0.0800,44.1846
2026-05-09T12:16:22.358,0.0122,0.0800,44.1988
2026-05-09T12:16:22.372,0.0790,0.0800,44.2136
2026-05-09T12:16:22.386,0.1468,0.0800,44.2283
2026-05-09T12:16:22.399,0.2109,0.0800,44.2418
2026-05-09T12:16:22.413,0.2803,0.0800,44.2561
2026-05-09T12:16:22.427,0.3392,0.0800,44.2678
2026-05-09T12:16:22.441,0.4104,0.0800,44.2817
2026-05-09T12:16:22.456,0.4749,0.0800,44.2940
2026-05-09T12:16:22.469,0.5398,0.0800,44.3060
2026-05-09T12:16:22.483,0.6109,0.0800,44.3187
2026-05-09T12:16:22.497,0.6756,0.0800,44.3300
2026-05-09T12:16:22.511,0.7427,0.0800,44.3413
2026-05-09T12:16:22.524,0.8073,0.0800,44.3518
2026-05-09T12:16:22.539,0.8774,0.0800,44.3629
2026-05-09T12:16:22.553,0.9405,0.0800,44.3725
2026-05-09T12:16:22.567,1.0092,0.0800,44.3826
2026-05-09T12:16:22.580,1.0764,0.0800,44.3920
2026-05-09T12:16:22.594,1.1431,0.0800,44.4012
2026-05-09T12:16:22.608,1.2075,0.0800,44.4095
2026-05-09T12:16:22.622,1.2742,0.0800,44.4178
2026-05-09T12:16:22.635,1.3419,0.0800,44.4259
2026-05-09T12:16:22.650,1.4079,0.0800,44.4334
2026-05-09T12:16:22.663,1.4708,0.0800,44.4401
2026-05-09T12:16:22.677,1.5411,0.0800,44.4473
2026-05-09T12:16:22.691,1.6017,0.0800,44.4530
2026-05-09T12:16:22.704,1.6709,0.0800,44.4592
2026-05-09T12:16:22.719,1.7392,0.0800,44.4650
2026-05-09T12:16:22.733,1.8063,0.0800,44.4702
2026-05-09T12:16:22.747,1.8736,0.0800,44.4750
2026-05-09T12:16:22.760,1.9400,0.0800,44.4794
2026-05-09T12:16:22.774,2.0090,0.0800,44.4837
2026-05-09T12:16:22.788,2.0724,0.0800,44.4872
2026-05-09T12:16:22.801,2.1418,0.0800,44.4907
2026-05-09T12:16:22.816,2.2086,0.0800,44.4938
2026-05-09T12:16:22.829,2.2740,0.0800,44.4964
2026-05-09T12:16:22.843,2.3477,0.0800,44.4994
2026-05-09T12:16:22.857,2.4116,0.0800,44.5021
2026-05-09T12:16:22.870,2.4794,0.0800,44.5048
2026-05-09T12:16:22.884,2.5527,0.0800,44.5078
2026-05-09T12:16:22.898,2.6152,0.0800,44.5104
2026-05-09T12:16:22.913,2.6855,0.0800,44.5132
2026-05-09T12:16:22.926,2.7547,0.0800,44.5160
2026-05-09T12:16:22.940,2.8286,0.0800,44.5190
2026-05-09T12:16:22.955,2.8949,0.0800,44.5217
2026-05-09T12:16:22.969,2.9663,0.0800,44.5245
2026-05-09T12:16:22.983,3.0405,0.0800,44.5274
2026-05-09T12:16:22.997,3.0806,0.0800,44.5289
2026-05-09T12:16:23.011,3.1076,0.0800,44.5300
2026-05-09T12:16:23.025,3.1101,0.0800,44.5300
2026-05-09T12:16:23.066,3.0942,0.0800,44.5292
2026-05-09T12:16:23.079,3.0651,0.0800,44.5283
2026-05-09T12:16:23.094,3.0349,0.0800,44.5282
2026-05-09T12:16:23.109,3.0029,0.0800,44.5285
2026-05-09T12:16:23.122,2.9708,0.0800,44.5294
2026-05-09T12:16:23.136,2.9351,0.0800,44.5314
2026-05-09T12:16:23.150,2.9022,0.0800,44.5336
2026-05-09T12:16:23.165,2.8655,0.0800,44.5368
2026-05-09T12:16:23.180,2.8289,0.0800,44.5411
2026-05-09T12:16:23.193,2.7918,0.0800,44.5458
2026-05-09T12:16:23.207,2.7504,0.0800,44.5518
2026-05-09T12:16:23.221,2.7174,0.0800,44.5573
2026-05-09T12:16:23.235,2.6809,0.0800,44.5643
2026-05-09T12:16:23.249,2.6469,0.0800,44.5712
2026-05-09T12:16:23.263,2.6101,0.0800,44.5793
2026-05-09T12:16:23.278,2.5754,0.0800,44.5880
2026-05-09T12:16:23.291,2.5414,0.0800,44.5968
2026-05-09T12:16:23.305,2.5050,0.0800,44.6070
2026-05-09T12:16:23.319,2.4771,0.0800,44.6158
2026-05-09T12:16:23.333,2.4475,0.0800,44.6253
2026-05-09T12:16:23.347,2.4183,0.0800,44.6353
2026-05-09T12:16:23.361,2.3924,0.0800,44.6447
2026-05-09T12:16:23.375,2.3643,0.0800,44.6560
2026-05-09T12:16:23.398,2.3416,0.0800,44.6653
2026-05-09T12:16:23.412,2.3183,0.0800,44.6754
2026-05-09T12:16:23.426,2.2801,0.0800,44.6928
2026-05-09T12:16:23.439,2.2578,0.0800,44.7040
2026-05-09T12:16:23.453,2.2391,0.0800,44.7142
2026-05-09T12:16:23.467,2.2208,0.0800,44.7243
2026-05-09T12:16:23.481,2.2034,0.0800,44.7343
2026-05-09T12:16:23.495,2.1872,0.0800,44.7445
2026-05-09T12:16:23.510,2.1700,0.0800,44.7553
2026-05-09T12:16:23.523,2.1564,0.0800,44.7643
2026-05-09T12:16:23.536,2.1469,0.0800,44.7712
2026-05-09T12:16:23.550,2.1392,0.0800,44.7766
2026-05-09T12:16:23.564,2.1328,0.0800,44.7812
2026-05-09T12:16:23.579,2.1269,0.0800,44.7861
2026-05-09T12:16:23.593,2.1248,0.0800,44.7875
2026-05-09T12:16:23.608,2.1275,0.0800,44.7845
2026-05-09T12:16:23.622,2.1306,0.0800,44.7812
2026-05-09T12:16:23.636,2.1353,0.0800,44.7765
2026-05-09T12:16:23.650,2.1413,0.0800,44.7698
2026-05-09T12:16:23.664,2.1475,0.0800,44.7627
2026-05-09T12:16:23.679,2.1549,0.0800,44.7544
2026-05-09T12:16:23.694,2.1640,0.0800,44.7432
2026-05-09T12:16:23.709,2.1746,0.0800,44.7296
2026-05-09T12:16:23.724,2.1844,0.0800,44.7164
2026-05-09T12:16:23.739,2.1955,0.0800,44.7015
2026-05-09T12:16:23.755,2.2067,0.0800,44.6850
2026-05-09T12:16:23.771,2.2203,0.0800,44.6641
2026-05-09T12:16:23.786,2.2326,0.0800,44.6443
2026-05-09T12:16:23.800,2.2467,0.0800,44.6204
2026-05-09T12:16:23.816,2.2593,0.0800,44.5986
2026-05-09T12:16:23.830,2.2702,0.0800,44.5780
2026-05-09T12:16:23.846,2.2824,0.0800,44.5539
2026-05-09T12:16:23.861,2.2936,0.0800,44.5312
2026-05-09T12:16:23.877,2.3064,0.0800,44.5032
2026-05-09T12:16:23.893,2.3173,0.0800,44.4775
2026-05-09T12:16:23.910,2.3285,0.0800,44.4493
2026-05-09T12:16:23.926,2.3388,0.0800,44.4217
2026-05-09T12:16:23.943,2.3504,0.0800,44.3896
2026-05-09T12:16:23.958,2.3602,0.0800,44.3590
2026-05-09T12:16:23.973,2.3699,0.0800,44.3261
2026-05-09T12:16:23.989,2.3787,0.0800,44.2938
2026-05-09T12:16:24.005,2.3879,0.0800,44.2570
2026-05-09T12:16:24.021,2.3982,0.0800,44.2135
2026-05-09T12:16:24.037,2.4072,0.0800,44.1701
2026-05-09T12:16:24.053,2.4162,0.0800,44.1222
2026-05-09T12:16:24.069,2.4246,0.0800,44.0714
2026-05-09T12:16:24.084,2.4324,0.0800,44.0188
2026-05-09T12:16:24.100,2.4392,0.0800,43.9679
2026-05-09T12:16:24.118,2.4458,0.0800,43.9092
2026-05-09T12:16:24.134,2.4519,0.0800,43.8458
2026-05-09T12:16:24.151,2.4576,0.0800,43.7752
2026-05-09T12:16:24.166,2.4621,0.0800,43.7067
2026-05-09T12:16:24.182,2.4661,0.0800,43.6345
2026-05-09T12:16:24.197,2.4688,0.0800,43.5655
2026-05-09T12:16:24.213,2.4713,0.0800,43.4872
2026-05-09T12:16:24.227,2.4730,0.0800,43.4126
2026-05-09T12:16:24.242,2.4743,0.0800,43.3358
2026-05-09T12:16:24.257,2.4750,0.0800,43.2683
2026-05-09T12:16:24.272,2.4754,0.0800,43.1958
2026-05-09T12:16:24.287,2.4754,0.0800,43.1259
2026-05-09T12:16:24.303,2.4751,0.0800,43.0484
2026-05-09T12:16:24.319,2.4749,0.0800,42.9759
2026-05-09T12:16:24.333,2.4747,0.0800,42.8998
2026-05-09T12:16:24.348,2.4745,0.0800,42.8208
2026-05-09T12:16:24.362,2.4743,0.0800,42.7494
2026-05-09T12:16:24.379,2.4741,0.0800,42.6749
2026-05-09T12:16:24.395,2.4739,0.0800,42.6045
2026-05-09T12:16:24.411,2.4737,0.0800,42.5224
2026-05-09T12:16:24.427,2.4734,0.0800,42.4432
2026-05-09T12:16:24.442,2.4731,0.0800,42.3587
2026-05-09T12:16:24.458,2.4729,0.0800,42.2869
2026-05-09T12:16:24.473,2.4726,0.0800,42.2078
2026-05-09T12:16:24.488,2.4723,0.0800,42.1340
2026-05-09T12:16:24.505,2.4720,0.0800,42.0547
2026-05-09T12:16:24.521,2.4718,0.0800,41.9795
2026-05-09T12:16:24.536,2.4714,0.0800,41.8949
2026-05-09T12:16:24.551,2.4711,0.0800,41.8125
2026-05-09T12:16:24.566,2.4708,0.0800,41.7411
2026-05-09T12:16:24.581,2.4705,0.0800,41.6649
2026-05-09T12:16:24.596,2.4703,0.0800,41.5916
2026-05-09T12:16:24.611,2.4700,0.0800,41.5172
2026-05-09T12:16:24.627,2.4698,0.0800,41.4417
2026-05-09T12:16:24.642,2.4696,0.0800,41.3647
2026-05-09T12:16:24.659,2.4694,0.0800,41.2865
2026-05-09T12:16:24.673,2.4692,0.0800,41.2091
2026-05-09T12:16:24.688,2.4690,0.0800,41.1302
2026-05-09T12:16:24.702,2.4688,0.0800,41.0553
2026-05-09T12:16:24.717,2.4686,0.0800,40.9828
2026-05-09T12:16:24.731,2.4683,0.0800,40.9119
2026-05-09T12:16:24.746,2.4680,0.0800,40.8371
2026-05-09T12:16:24.761,2.4676,0.0800,40.7660
2026-05-09T12:16:24.776,2.4673,0.0800,40.6895
2026-05-09T12:16:24.790,2.4670,0.0800,40.6207
2026-05-09T12:16:24.804,2.4667,0.0800,40.5436
2026-05-09T12:16:24.819,2.4665,0.0800,40.4736
2026-05-09T12:16:24.834,2.4663,0.0800,40.4061
2026-05-09T12:16:24.850,2.4662,0.0800,40.3312
2026-05-09T12:16:24.865,2.4660,0.0800,40.2525
2026-05-09T12:16:24.880,2.4658,0.0800,40.1734
2026-05-09T12:16:24.894,2.4656,0.0800,40.1002
2026-05-09T12:16:24.909,2.4654,0.0800,40.0205
2026-05-09T12:16:24.925,2.4651,0.0800,39.9522
2026-05-09T12:16:24.939,2.4648,0.0800,39.8802
2026-05-09T12:16:24.953,2.4645,0.0800,39.8026
2026-05-09T12:16:24.966,2.4642,0.0800,39.7334
2026-05-09T12:16:24.980,2.4639,0.0800,39.6627
2026-05-09T12:16:24.994,2.4635,0.0800,39.5929
2026-05-09T12:16:25.008,2.4632,0.0800,39.5221
2026-05-09T12:16:25.022,2.4629,0.0800,39.4561
2026-05-09T12:16:25.036,2.4626,0.0800,39.3865
2026-05-09T12:16:25.050,2.4623,0.0800,39.3185
2026-05-09T12:16:25.064,2.4619,0.0800,39.2478
2026-05-09T12:16:25.078,2.4615,0.0800,39.1789
2026-05-09T12:16:25.092,2.4611,0.0800,39.1111
2026-05-09T12:16:25.106,2.4607,0.0800,39.0371
2026-05-09T12:16:25.119,2.4604,0.0800,38.9682
2026-05-09T12:16:25.133,2.4600,0.0800,38.9007
2026-05-09T12:16:25.147,2.4596,0.0800,38.8337
2026-05-09T12:16:25.161,2.4593,0.0800,38.7646
2026-05-09T12:16:25.175,2.4589,0.0800,38.6958
2026-05-09T12:16:25.189,2.4586,0.0800,38.6309
2026-05-09T12:16:25.202,2.4582,0.0800,38.5578
2026-05-09T12:16:25.216,2.4577,0.0800,38.4886
2026-05-09T12:16:25.231,2.4573,0.0800,38.4222
2026-05-09T12:16:25.244,2.4568,0.0800,38.3529
2026-05-09T12:16:25.258,2.4563,0.0800,38.2821
2026-05-09T12:16:25.272,2.4558,0.0800,38.2146
2026-05-09T12:16:25.287,2.4553,0.0800,38.1447
2026-05-09T12:16:25.300,2.4548,0.0800,38.0749
2026-05-09T12:16:25.314,2.4543,0.0800,38.0027
2026-05-09T12:16:25.328,2.4539,0.0800,37.9353
2026-05-09T12:16:25.342,2.4534,0.0800,37.8639
2026-05-09T12:16:25.355,2.4530,0.0800,37.7985
2026-05-09T12:16:25.369,2.4525,0.0800,37.7302
2026-05-09T12:16:25.383,2.4520,0.0800,37.6624
2026-05-09T12:16:25.397,2.4515,0.0800,37.5898
2026-05-09T12:16:25.411,2.4509,0.0800,37.5226
2026-05-09T12:16:25.424,2.4504,0.0800,37.4536
2026-05-09T12:16:25.439,2.4498,0.0800,37.3844
2026-05-09T12:16:25.453,2.4492,0.0800,37.3209
2026-05-09T12:16:25.466,2.4484,0.0800,37.2478
2026-05-09T12:16:25.480,2.4477,0.0800,37.1787
2026-05-09T12:16:25.495,2.4470,0.0800,37.1111
2026-05-09T12:16:25.509,2.4463,0.0800,37.0394
2026-05-09T12:16:25.522,2.4456,0.0800,36.9715
2026-05-09T12:16:25.537,2.4449,0.0800,36.9006
2026-05-09T12:16:25.550,2.4442,0.0800,36.8331
2026-05-09T12:16:25.564,2.4434,0.0800,36.7628
2026-05-09T12:16:25.578,2.4427,0.0800,36.6933
2026-05-09T12:16:25.592,2.4419,0.0800,36.6285
2026-05-09T12:16:25.606,2.4411,0.0800,36.5558
2026-05-09T12:16:25.620,2.4404,0.0800,36.4880
2026-05-09T12:16:25.634,2.4396,0.0800,36.4159
2026-05-09T12:16:25.648,2.4389,0.0800,36.3516
2026-05-09T12:16:25.661,2.4382,0.0800,36.2817
2026-05-09T12:16:25.675,2.4374,0.0800,36.2123
2026-05-09T12:16:25.689,2.4367,0.0800,36.1477
2026-05-09T12:16:25.703,2.4360,0.0800,36.0785
2026-05-09T12:16:25.717,2.4352,0.0800,36.0105
2026-05-09T12:16:25.731,2.4345,0.0800,35.9431
2026-05-09T12:16:25.745,2.4337,0.0800,35.8696
2026-05-09T12:16:25.759,2.4329,0.0800,35.8024
2026-05-09T12:16:25.773,2.4320,0.0800,35.7332
2026-05-09T12:16:25.787,2.4312,0.0800,35.6664
2026-05-09T12:16:25.800,2.4303,0.0800,35.5940
2026-05-09T12:16:25.814,2.4296,0.0800,35.5286
2026-05-09T12:16:25.828,2.4288,0.0800,35.4626
2026-05-09T12:16:25.841,2.4280,0.0800,35.3921
2026-05-09T12:16:25.856,2.4273,0.0800,35.3267
2026-05-09T12:16:25.870,2.4266,0.0800,35.2589
2026-05-09T12:16:25.884,2.4259,0.0800,35.1907
2026-05-09T12:16:25.898,2.4252,0.0800,35.1193
2026-05-09T12:16:25.912,2.4245,0.0800,35.0484
2026-05-09T12:16:25.926,2.4238,0.0800,34.9828
2026-05-09T12:16:25.939,2.4231,0.0800,34.9132
2026-05-09T12:16:25.953,2.4224,0.0800,34.8438
2026-05-09T12:16:25.967,2.4217,0.0800,34.7779
2026-05-09T12:16:25.981,2.4209,0.0800,34.7109
2026-05-09T12:16:25.995,2.4202,0.0800,34.6406
2026-05-09T12:16:26.009,2.4195,0.0800,34.5718
2026-05-09T12:16:26.022,2.4188,0.0800,34.5036
2026-05-09T12:16:26.037,2.4181,0.0800,34.4352
2026-05-09T12:16:26.050,2.4174,0.0800,34.3693
2026-05-09T12:16:26.063,2.4167,0.0800,34.2982
2026-05-09T12:16:26.078,2.4161,0.0800,34.2325
2026-05-09T12:16:26.091,2.4154,0.0800,34.1647
2026-05-09T12:16:26.106,2.4147,0.0800,34.0956
2026-05-09T12:16:26.119,2.4141,0.0800,34.0281
2026-05-09T12:16:26.212,2.4135,0.0800,33.9567
2026-05-09T12:16:26.245,2.4129,0.0800,33.8913
2026-05-09T12:16:26.258,2.4123,0.0800,33.8220
2026-05-09T12:16:26.272,2.4125,0.0800,33.8245
2026-05-09T12:16:26.287,2.4127,0.0800,33.8431
2026-05-09T12:16:26.303,2.4122,0.0800,33.8841
2026-05-09T12:16:26.321,2.4104,0.0800,33.9319
2026-05-09T12:16:26.343,2.4076,0.0800,33.9894
2026-05-09T12:16:26.363,2.4030,0.0800,34.0551
2026-05-09T12:16:26.379,2.3954,0.0800,34.1419
2026-05-09T12:16:26.395,2.3860,0.0800,34.2272
2026-05-09T12:16:26.410,2.3774,0.0800,34.2939
2026-05-09T12:16:26.426,2.3678,0.0800,34.3601
2026-05-09T12:16:26.441,2.3571,0.0800,34.4270
2026-05-09T12:16:26.457,2.3459,0.0800,34.4922
2026-05-09T12:16:26.476,2.3334,0.0800,34.5607
2026-05-09T12:16:26.496,2.3206,0.0800,34.6264
2026-05-09T12:16:26.514,2.3031,0.0800,34.7117
2026-05-09T12:16:26.531,2.2843,0.0800,34.7967
2026-05-09T12:16:26.550,2.2662,0.0800,34.8740
2026-05-09T12:16:26.567,2.2479,0.0800,34.9474
2026-05-09T12:16:26.585,2.2265,0.0800,35.0285
2026-05-09T12:16:26.605,2.2076,0.0800,35.0965
2026-05-09T12:16:26.624,2.1884,0.0800,35.1619
2026-05-09T12:16:26.645,2.1674,0.0800,35.2290
2026-05-09T12:16:26.665,2.1463,0.0800,35.2917
2026-05-09T12:16:26.683,2.1225,0.0800,35.3573
2026-05-09T12:16:26.701,2.0982,0.0800,35.4194
2026-05-09T12:16:26.721,2.0751,0.0800,35.4748
2026-05-09T12:16:26.743,2.0519,0.0800,35.5274
2026-05-09T12:16:26.763,2.0241,0.0800,35.5871
2026-05-09T12:16:26.789,1.9929,0.0800,35.6502
2026-05-09T12:16:26.815,1.9611,0.0800,35.7105
2026-05-09T12:16:26.845,1.9202,0.0800,35.7838
2026-05-09T12:16:26.868,1.8783,0.0800,35.8535
2026-05-09T12:16:26.892,1.8284,0.0800,35.9309
2026-05-09T12:16:26.916,1.7881,0.0800,35.9885
2026-05-09T12:16:26.940,1.7463,0.0800,36.0448
2026-05-09T12:16:26.967,1.7028,0.0800,36.1001
2026-05-09T12:16:26.993,1.6579,0.0800,36.1537
2026-05-09T12:16:27.019,1.6067,0.0800,36.2111
2026-05-09T12:16:27.045,1.5566,0.0800,36.2635
2026-05-09T12:16:27.071,1.5055,0.0800,36.3134
2026-05-09T12:16:27.098,1.4525,0.0800,36.3619
2026-05-09T12:16:27.125,1.4017,0.0800,36.4052
2026-05-09T12:16:27.153,1.3518,0.0800,36.4447
2026-05-09T12:16:27.178,1.2993,0.0800,36.4832
2026-05-09T12:16:27.201,1.2470,0.0800,36.5200
2026-05-09T12:16:27.224,1.2477,0.0800,36.5505
2026-05-09T12:16:27.249,1.2483,0.0800,36.5759
2026-05-09T12:16:27.273,1.2490,0.0800,36.5992
2026-05-09T12:16:27.298,1.2497,0.0800,36.6207
2026-05-09T12:16:27.328,1.2503,0.0800,36.6400
2026-05-09T12:16:27.361,1.2510,0.0800,36.6552
2026-05-09T12:16:27.390,1.2518,0.0800,36.6710
2026-05-09T12:16:27.414,1.2527,0.0800,36.6859
2026-05-09T12:16:27.436,1.2535,0.0800,36.6967
2026-05-09T12:16:27.457,1.2541,0.0800,36.7044
2026-05-09T12:16:27.481,1.2547,0.0800,36.7101
2026-05-09T12:16:27.508,1.2552,0.0800,36.7148
2026-05-09T12:16:27.538,1.2558,0.0800,36.7188
2026-05-09T12:16:27.565,1.2564,0.0800,36.7219
2026-05-09T12:16:27.590,1.2570,0.0800,36.7238
2026-05-09T12:16:27.615,1.2576,0.0800,36.7244
2026-05-09T12:16:27.640,1.2581,0.0800,36.7229
2026-05-09T12:16:27.665,1.2585,0.0800,36.7200
2026-05-09T12:16:27.690,1.2590,0.0800,36.7158
2026-05-09T12:16:27.715,1.2589,0.0800,36.7106
2026-05-09T12:16:27.740,1.2583,0.0800,36.7043
2026-05-09T12:16:27.765,1.2576,0.0800,36.6969
2026-05-09T12:16:27.789,1.2568,0.0800,36.6887
2026-05-09T12:16:27.813,1.2558,0.0800,36.6800
2026-05-09T12:16:27.837,1.2548,0.0800,36.6706
2026-05-09T12:16:27.861,1.2537,0.0800,36.6608
2026-05-09T12:16:27.887,1.2524,0.0800,36.6504
2026-05-09T12:16:27.915,1.2511,0.0800,36.6409
2026-05-09T12:16:27.941,1.2498,0.0800,36.6341
2026-05-09T12:16:27.965,1.2482,0.0800,36.6293
2026-05-09T12:16:27.989,1.2473,0.0800,36.6294
2026-05-09T12:16:28.014,1.2507,0.0800,36.6326
2026-05-09T12:16:28.042,1.2609,0.0800,36.6413
2026-05-09T12:16:28.072,1.2759,0.0800,36.6548
2026-05-09T12:16:28.099,1.3058,0.0800,36.6832
2026-05-09T12:16:28.122,1.3373,0.0800,36.7157
2026-05-09T12:16:28.145,1.3709,0.0800,36.7534
2026-05-09T12:16:28.167,1.3993,0.0800,36.7879
2026-05-09T12:16:28.192,1.4288,0.0800,36.8262
2026-05-09T12:16:28.220,1.4566,0.0800,36.8646
2026-05-09T12:16:28.248,1.4883,0.0800,36.9114
2026-05-09T12:16:28.279,1.5226,0.0800,36.9657
2026-05-09T12:16:28.308,1.5553,0.0800,37.0222
2026-05-09T12:16:28.331,1.5919,0.0800,37.0912
2026-05-09T12:16:28.355,1.6229,0.0800,37.1566
2026-05-09T12:16:28.379,1.6460,0.0800,37.2107
2026-05-09T12:16:28.406,1.6719,0.0800,37.2767
2026-05-09T12:16:28.436,1.7036,0.0800,37.3644
2026-05-09T12:16:28.467,1.7389,0.0800,37.4703
2026-05-09T12:16:28.498,1.7780,0.0800,37.5965
2026-05-09T12:16:28.525,1.8188,0.0800,37.7377
2026-05-09T12:16:28.552,1.8546,0.0800,37.8719
2026-05-09T12:16:28.578,1.8842,0.0800,37.9917
2026-05-09T12:16:28.604,1.9130,0.0800,38.1166
2026-05-09T12:16:28.631,1.9401,0.0800,38.2423
2026-05-09T12:16:28.658,1.9663,0.0800,38.3692
2026-05-09T12:16:28.686,1.9924,0.0800,38.4961
2026-05-09T12:16:28.715,2.0199,0.0800,38.6305
2026-05-09T12:16:28.744,2.0476,0.0800,38.7660
2026-05-09T12:16:28.770,2.0769,0.0800,38.9094
2026-05-09T12:16:28.796,2.1054,0.0800,39.0484
2026-05-09T12:16:28.823,2.1310,0.0800,39.1731
2026-05-09T12:16:28.851,2.1570,0.0800,39.2999
2026-05-09T12:16:28.881,2.1834,0.0800,39.4299
2026-05-09T12:16:28.911,2.2110,0.0800,39.5661
2026-05-09T12:16:28.939,2.2400,0.0800,39.7094
2026-05-09T12:16:28.966,2.2705,0.0800,39.8528
2026-05-09T12:16:28.993,2.2996,0.0800,39.9831
2026-05-09T12:16:29.020,2.3296,0.0800,40.1108
2026-05-09T12:16:29.048,2.3606,0.0800,40.2376
2026-05-09T12:16:29.077,2.3946,0.0800,40.3709
2026-05-09T12:16:29.107,2.4295,0.0800,40.5026
2026-05-09T12:16:29.134,2.4665,0.0800,40.6364
2026-05-09T12:16:29.245,2.5049,0.0800,40.7690
2026-05-09T12:16:29.271,2.6054,0.0800,41.0935
2026-05-09T12:16:29.451,2.6112,0.0800,41.1106
2026-05-09T12:16:29.478,2.8012,0.0800,41.4971
2026-05-09T12:16:29.531,2.8399,0.0800,41.5598
2026-05-09T12:16:29.589,2.8912,0.0800,41.6431
2026-05-09T12:16:29.644,2.9325,0.0800,41.7122
2026-05-09T12:16:29.684,2.9513,0.0800,41.7443
2026-05-09T12:16:30.011,3.0163,0.0800,41.8565
2026-05-09T12:16:30.057,3.1539,0.0800,42.0934
2026-05-09T12:16:30.097,3.2940,0.0800,42.3350
2026-05-09T12:16:30.135,3.3943,0.0800,42.5205
2026-05-09T12:16:30.173,3.4136,0.0800,42.6878
2026-05-09T12:16:30.212,3.4154,0.0800,42.8416
2026-05-09T12:16:30.258,3.4171,0.0800,42.9995
2026-05-09T12:16:30.306,3.4189,0.0800,43.1715
2026-05-09T12:16:30.353,3.4203,0.0800,43.3775
2026-05-09T12:16:30.392,3.4650,0.0800,43.4952
2026-05-09T12:16:30.431,3.4827,0.0800,43.5420
2026-05-09T12:16:30.471,3.4985,0.0800,43.5840
2026-05-09T12:16:30.513,3.5362,0.0800,43.6825
2026-05-09T12:16:30.556,3.5771,0.0800,43.7782
2026-05-09T12:16:30.599,3.6166,0.0800,43.8596
2026-05-09T12:16:30.637,3.6621,0.0800,43.9420
2026-05-09T12:16:30.673,3.7072,0.0800,44.0127
2026-05-09T12:16:30.709,3.7466,0.0800,44.0667
2026-05-09T12:16:30.747,3.7873,0.0800,44.1165
2026-05-09T12:16:30.788,3.8311,0.0800,44.1646
2026-05-09T12:16:30.832,3.8778,0.0800,44.2106
2026-05-09T12:16:30.873,3.9327,0.0800,44.2589
2026-05-09T12:16:30.911,3.9942,0.0800,44.3068
2026-05-09T12:16:30.947,4.0567,0.0800,44.3493
2026-05-09T12:16:30.984,4.1315,0.0800,44.3942
2026-05-09T12:16:31.022,4.2108,0.0800,44.4361
2026-05-09T12:16:31.062,4.3096,0.0800,44.4822
2026-05-09T12:16:31.101,4.4350,0.0800,44.5342
2026-05-09T12:16:31.139,4.5766,0.0800,44.5863
2026-05-09T12:16:31.178,4.7186,0.0800,44.6317
2026-05-09T12:16:31.216,4.8676,0.0800,44.6730
2026-05-09T12:16:31.254,5.0291,0.0800,44.7117
2026-05-09T12:16:31.291,5.2070,0.0800,44.7494
2026-05-09T12:16:31.329,5.3885,0.0800,44.7847
2026-05-09T12:16:31.365,5.5691,0.0800,44.8170
2026-05-09T12:16:31.402,5.7490,0.0800,44.8489
2026-05-09T12:16:31.439,5.9257,0.0800,44.8801
2026-05-09T12:16:31.476,6.1023,0.0800,44.9114
2026-05-09T12:16:31.512,6.2783,0.0800,44.9403
2026-05-09T12:16:31.548,6.4495,0.0800,44.9654
2026-05-09T12:16:31.583,6.6110,0.0800,44.9854
2026-05-09T12:16:31.619,6.7600,0.0800,44.9996
2026-05-09T12:16:31.657,6.9074,0.0800,45.0095
2026-05-09T12:16:31.694,7.0537,0.0800,45.0146
2026-05-09T12:16:31.731,7.2064,0.0800,45.0147
2026-05-09T12:16:31.769,7.3532,0.0800,45.0096
2026-05-09T12:16:31.805,7.4952,0.0800,44.9996
2026-05-09T12:16:31.841,7.6275,0.0800,44.9848
2026-05-09T12:16:31.876,7.7444,0.0800,44.9662
2026-05-09T12:16:31.909,7.8523,0.0800,44.9430
2026-05-09T12:16:31.941,7.9605,0.0800,44.9148
2026-05-09T12:16:31.973,8.0585,0.0800,44.8844
2026-05-09T12:16:32.004,8.1544,0.0800,44.8503
2026-05-09T12:16:32.038,8.2465,0.0800,44.8134
2026-05-09T12:16:32.071,8.3347,0.0800,44.7739
2026-05-09T12:16:32.104,8.4193,0.0800,44.7316
2026-05-09T12:16:32.137,8.4957,0.0800,44.6889
2026-05-09T12:16:32.171,8.5671,0.0800,44.6445
2026-05-09T12:16:32.203,8.6365,0.0800,44.5970
2026-05-09T12:16:32.392,8.7236,0.0800,44.5314
2026-05-09T12:16:32.427,9.2692,0.0800,44.0732
2026-05-09T12:16:32.458,9.3458,0.0800,43.9715
2026-05-09T12:16:32.512,9.3607,0.0800,43.9515
2026-05-09T12:16:32.568,9.4340,0.0800,43.8453
2026-05-09T12:16:32.606,9.5513,0.0800,43.6641
2026-05-09T12:16:32.639,9.6677,0.0800,43.4641
2026-05-09T12:16:32.672,9.7388,0.0800,43.3259
2026-05-09T12:16:32.705,9.7963,0.0800,43.2043
2026-05-09T12:16:32.738,9.8497,0.0800,43.0823
2026-05-09T12:16:32.772,9.9013,0.0800,42.9548
2026-05-09T12:16:32.804,9.9490,0.0800,42.8264
2026-05-09T12:16:32.837,10.0118,0.0800,42.6424
2026-05-09T12:16:32.869,10.0428,0.0800,42.5422
2026-05-09T12:16:32.911,10.0868,0.0800,42.3935
2026-05-09T12:16:32.955,10.1311,0.0800,42.2373
2026-05-09T12:16:32.993,10.1867,0.0800,42.0422
2026-05-09T12:16:33.027,10.2465,0.0800,41.8338
2026-05-09T12:16:33.060,10.2987,0.0800,41.6518
2026-05-09T12:16:33.093,10.3449,0.0800,41.4909
2026-05-09T12:16:33.126,10.3891,0.0800,41.3363
2026-05-09T12:16:33.158,10.4317,0.0800,41.1801
2026-05-09T12:16:33.192,10.4698,0.0800,41.0330
2026-05-09T12:16:33.226,10.5043,0.0800,40.8899
2026-05-09T12:16:33.262,10.5367,0.0800,40.7426
2026-05-09T12:16:33.298,10.5631,0.0800,40.6056
2026-05-09T12:16:33.331,10.5863,0.0800,40.4636
2026-05-09T12:16:33.364,10.6017,0.0800,40.3407
2026-05-09T12:16:33.398,10.6105,0.0800,40.2363
2026-05-09T12:16:33.432,10.6144,0.0800,40.1398
2026-05-09T12:16:33.465,10.6143,0.0800,40.0453
2026-05-09T12:16:33.500,10.6096,0.0800,39.9324
2026-05-09T12:16:33.534,10.5995,0.0800,39.8060
2026-05-09T12:16:33.570,10.5824,0.0800,39.6518
2026-05-09T12:16:33.603,10.5607,0.0800,39.4928
2026-05-09T12:16:33.637,10.5345,0.0800,39.3209
2026-05-09T12:16:33.671,10.5078,0.0800,39.1563
2026-05-09T12:16:33.704,10.4817,0.0800,38.9915
2026-05-09T12:16:33.739,10.4558,0.0800,38.8243
2026-05-09T12:16:33.773,10.4308,0.0800,38.6600
2026-05-09T12:16:33.807,10.4056,0.0800,38.4898
2026-05-09T12:16:33.841,10.3814,0.0800,38.3237
2026-05-09T12:16:33.875,10.3600,0.0800,38.1633
2026-05-09T12:16:33.910,10.3410,0.0800,38.0014
2026-05-09T12:16:33.945,10.3244,0.0800,37.8401
2026-05-09T12:16:33.980,10.3097,0.0800,37.6737
2026-05-09T12:16:34.015,10.2941,0.0800,37.4958
2026-05-09T12:16:34.050,10.2791,0.0800,37.3216
2026-05-09T12:16:34.085,10.2639,0.0800,37.1479
2026-05-09T12:16:34.119,10.2485,0.0800,36.9735
2026-05-09T12:16:34.152,10.2334,0.0800,36.8043
2026-05-09T12:16:34.186,10.2179,0.0800,36.6329
2026-05-09T12:16:34.219,10.2033,0.0800,36.4738
2026-05-09T12:16:34.253,10.1865,0.0800,36.3114
2026-05-09T12:16:34.285,10.1674,0.0800,36.1471
2026-05-09T12:16:34.317,10.1469,0.0800,35.9885
2026-05-09T12:16:34.350,10.1247,0.0800,35.8290
2026-05-09T12:16:34.382,10.1025,0.0800,35.6698
2026-05-09T12:16:34.414,10.0802,0.0800,35.5104
2026-05-09T12:16:34.446,10.0583,0.0800,35.3543
2026-05-09T12:16:34.478,10.0368,0.0800,35.1991
2026-05-09T12:16:34.510,10.0170,0.0800,35.0440
2026-05-09T12:16:34.541,9.9997,0.0800,34.8934
2026-05-09T12:16:34.575,9.9843,0.0800,34.7404
2026-05-09T12:16:34.609,9.9717,0.0800,34.5924
2026-05-09T12:16:34.644,9.9608,0.0800,34.4341
2026-05-09T12:16:34.679,9.9526,0.0800,34.2746
2026-05-09T12:16:34.711,9.9468,0.0800,34.1093
2026-05-09T12:16:34.742,9.9435,0.0800,33.9384
2026-05-09T12:16:34.774,9.9420,0.0800,33.7811
2026-05-09T12:16:34.805,9.9403,0.0800,33.6256
2026-05-09T12:16:34.837,9.9388,0.0800,33.4683
2026-05-09T12:16:34.871,9.9371,0.0800,33.3092
2026-05-09T12:16:34.903,9.9350,0.0800,33.1521
2026-05-09T12:16:34.934,9.9317,0.0800,32.9817
2026-05-09T12:16:34.966,9.9271,0.0800,32.8254
2026-05-09T12:16:34.996,9.9215,0.0800,32.6669
2026-05-09T12:16:35.027,9.9141,0.0800,32.5058
2026-05-09T12:16:35.058,9.9063,0.0800,32.3611
2026-05-09T12:16:35.089,9.8964,0.0800,32.2055
2026-05-09T12:16:35.119,9.8856,0.0800,32.0527
2026-05-09T12:16:35.149,9.8724,0.0800,31.9010
2026-05-09T12:16:35.178,9.8576,0.0800,31.7496
2026-05-09T12:16:35.206,9.8415,0.0800,31.6013
2026-05-09T12:16:35.234,9.8183,0.0800,31.4111
2026-05-09T12:16:35.397,9.8059,0.0800,31.3183
2026-05-09T12:16:35.425,9.6782,0.0800,30.4141
2026-05-09T12:16:35.473,9.6590,0.0800,30.2857
2026-05-09T12:16:35.529,9.6353,0.0800,30.1207
2026-05-09T12:16:35.583,9.6173,0.0800,29.9789
2026-05-09T12:16:35.622,9.5869,0.0800,29.7316
2026-05-09T12:16:35.653,9.5533,0.0800,29.4597
2026-05-09T12:16:35.686,9.5306,0.0800,29.2728
2026-05-09T12:16:35.717,9.5020,0.0800,29.0297
2026-05-09T12:16:35.760,9.4940,0.0800,28.9580
2026-05-09T12:16:35.802,9.4707,0.0800,28.7297
2026-05-09T12:16:35.842,9.4586,0.0800,28.5972
2026-05-09T12:16:35.876,9.4390,0.0800,28.4059
2026-05-09T12:16:35.911,9.4172,0.0800,28.2405
2026-05-09T12:16:35.945,9.3957,0.0800,28.1114
2026-05-09T12:16:35.978,9.3735,0.0800,28.0056
2026-05-09T12:16:36.014,9.3600,0.0800,27.9553
2026-05-09T12:16:36.049,9.3538,0.0800,27.9388
2026-05-09T12:16:36.087,9.3511,0.0800,27.9351
2026-05-09T12:16:36.127,9.3481,0.0800,27.9313
2026-05-09T12:16:36.166,9.3386,0.0800,27.9145
2026-05-09T12:16:36.201,9.3253,0.0800,27.8936
2026-05-09T12:16:36.235,9.2966,0.0800,27.8513
2026-05-09T12:16:36.270,9.2653,0.0800,27.8102
2026-05-09T12:16:36.306,9.2158,0.0800,27.7509
2026-05-09T12:16:36.342,9.1595,0.0800,27.6891
2026-05-09T12:16:36.382,9.1049,0.0800,27.6020
2026-05-09T12:16:36.422,9.1043,0.0800,27.5063
2026-05-09T12:16:36.460,9.1039,0.0800,27.3884
2026-05-09T12:16:36.495,9.1037,0.0800,27.2649
2026-05-09T12:16:36.528,9.0907,0.0800,27.1382
2026-05-09T12:16:36.562,8.9608,0.0800,27.0262
2026-05-09T12:16:36.596,8.8327,0.0800,26.9286
2026-05-09T12:16:36.631,8.7040,0.0800,26.8333
2026-05-09T12:16:36.666,8.6146,0.0800,26.7357
2026-05-09T12:16:36.700,8.6144,0.0800,26.6493
2026-05-09T12:16:36.733,8.6140,0.0800,26.5709
2026-05-09T12:16:36.765,8.6137,0.0800,26.5031
2026-05-09T12:16:36.798,8.6134,0.0800,26.4483
2026-05-09T12:16:36.833,8.6131,0.0800,26.4002
2026-05-09T12:16:36.868,8.6107,0.0800,26.3494
2026-05-09T12:16:36.902,8.5982,0.0800,26.2916
2026-05-09T12:16:36.934,8.5633,0.0800,26.2116
2026-05-09T12:16:36.967,8.4680,0.0800,26.1183
2026-05-09T12:16:36.998,8.3189,0.0800,26.0723
2026-05-09T12:16:37.030,8.1676,0.0800,26.0277
2026-05-09T12:16:37.062,8.0147,0.0800,25.9841
2026-05-09T12:16:37.095,7.8691,0.0800,25.9421
2026-05-09T12:16:37.128,7.7237,0.0800,25.8976
2026-05-09T12:16:37.163,7.5842,0.0800,25.8518
2026-05-09T12:16:37.197,7.4420,0.0800,25.8021
2026-05-09T12:16:37.230,7.2783,0.0800,25.7419
2026-05-09T12:16:37.263,7.1205,0.0800,25.6838
2026-05-09T12:16:37.295,6.9649,0.0800,25.6265
2026-05-09T12:16:37.331,6.8161,0.0800,25.5715
2026-05-09T12:16:37.362,6.6672,0.0800,25.5162
2026-05-09T12:16:37.395,6.4984,0.0800,25.4535
2026-05-09T12:16:37.428,6.3565,0.0800,25.4005
2026-05-09T12:16:37.461,6.2036,0.0800,25.3434
2026-05-09T12:16:37.493,6.0544,0.0800,25.2881
2026-05-09T12:16:37.524,5.9028,0.0800,25.2336
2026-05-09T12:16:37.556,5.7554,0.0800,25.1822
2026-05-09T12:16:37.587,5.6098,0.0800,25.1328
2026-05-09T12:16:37.618,5.4634,0.0800,25.0845
2026-05-09T12:16:37.650,5.3107,0.0800,25.0343
2026-05-09T12:16:37.681,5.1657,0.0800,24.9863
2026-05-09T12:16:37.712,5.1260,0.0800,24.9444
2026-05-09T12:16:37.747,5.1257,0.0800,24.9144
2026-05-09T12:16:37.780,5.1246,0.0800,24.8836
2026-05-09T12:16:37.812,5.1230,0.0800,24.8650
2026-05-09T12:16:37.845,5.1216,0.0800,24.8496
2026-05-09T12:16:37.882,5.1196,0.0800,24.8417
2026-05-09T12:16:37.919,5.1217,0.0800,24.8417
2026-05-09T12:16:37.956,5.1287,0.0800,24.8450
2026-05-09T12:16:37.989,5.1403,0.0800,24.8527
2026-05-09T12:16:38.022,5.1533,0.0800,24.8627
2026-05-09T12:16:38.057,5.1637,0.0800,24.8717
2026-05-09T12:16:38.091,5.1739,0.0800,24.8816
2026-05-09T12:16:38.125,5.1843,0.0800,24.8927
2026-05-09T12:16:38.156,5.1937,0.0800,24.9041
2026-05-09T12:16:38.185,5.2030,0.0800,24.9165
2026-05-09T12:16:38.218,5.2110,0.0800,24.9287
2026-05-09T12:16:38.249,5.2220,0.0800,24.9476
2026-05-09T12:16:38.402,5.2271,0.0800,24.9580
2026-05-09T12:16:38.433,5.2697,0.0800,25.0534
2026-05-09T12:16:38.487,5.2723,0.0800,25.0716
2026-05-09T12:16:38.543,5.2744,0.0800,25.0932
2026-05-09T12:16:38.599,5.2756,0.0800,25.1254
2026-05-09T12:16:38.638,5.2747,0.0800,25.1432
2026-05-09T12:16:38.670,5.2717,0.0800,25.1735
2026-05-09T12:16:38.701,5.2676,0.0800,25.1964
2026-05-09T12:16:38.731,5.2631,0.0800,25.2150
2026-05-09T12:16:38.761,5.2581,0.0800,25.2319
2026-05-09T12:16:38.791,5.2503,0.0800,25.2542
2026-05-09T12:16:38.827,5.2436,0.0800,25.2701
2026-05-09T12:16:38.863,5.2363,0.0800,25.2855
2026-05-09T12:16:38.899,5.2287,0.0800,25.2997
2026-05-09T12:16:38.929,5.2178,0.0800,25.3181
2026-05-09T12:16:38.959,5.2059,0.0800,25.3358
2026-05-09T12:16:38.987,5.1954,0.0800,25.3497
2026-05-09T12:16:39.012,5.1838,0.0800,25.3637
2026-05-09T12:16:39.037,5.1728,0.0800,25.3757
2026-05-09T12:16:39.062,5.1621,0.0800,25.3864
2026-05-09T12:16:39.088,5.1515,0.0800,25.3961
2026-05-09T12:16:39.115,5.1397,0.0800,25.4062
2026-05-09T12:16:39.143,5.1314,0.0800,25.4130
2026-05-09T12:16:39.167,5.1384,0.0800,25.4099
2026-05-09T12:16:39.192,5.1520,0.0800,25.4033
2026-05-09T12:16:39.215,5.1841,0.0800,25.3877
2026-05-09T12:16:39.238,5.2309,0.0800,25.3666
2026-05-09T12:16:39.263,5.2833,0.0800,25.3449
2026-05-09T12:16:39.289,5.3454,0.0800,25.3213
2026-05-09T12:16:39.314,5.4145,0.0800,25.2977
2026-05-09T12:16:39.338,5.4948,0.0800,25.2728
2026-05-09T12:16:39.362,5.5911,0.0800,25.2454
2026-05-09T12:16:39.387,5.6858,0.0800,25.2210
2026-05-09T12:16:39.410,5.7896,0.0800,25.1965
2026-05-09T12:16:39.434,5.8908,0.0800,25.1747
2026-05-09T12:16:39.458,5.9985,0.0800,25.1533
2026-05-09T12:16:39.483,6.1093,0.0800,25.1328
2026-05-09T12:16:39.507,6.2215,0.0800,25.1138
2026-05-09T12:16:39.530,6.3275,0.0800,25.0976
2026-05-09T12:16:39.554,6.4367,0.0800,25.0824
2026-05-09T12:16:39.577,6.5452,0.0800,25.0690
2026-05-09T12:16:39.601,6.6457,0.0800,25.0581
2026-05-09T12:16:39.625,6.7533,0.0800,25.0482
2026-05-09T12:16:39.648,6.8570,0.0800,25.0404
2026-05-09T12:16:39.671,6.9644,0.0800,25.0341
2026-05-09T12:16:39.694,7.0718,0.0800,25.0295
2026-05-09T12:16:39.718,7.1746,0.0800,25.0269
2026-05-09T12:16:39.742,7.2805,0.0800,25.0259
2026-05-09T12:16:39.765,7.3850,0.0800,25.0266
2026-05-09T12:16:39.788,7.4872,0.0800,25.0290
2026-05-09T12:16:39.809,7.5960,0.0800,25.0334
2026-05-09T12:16:39.830,7.6937,0.0800,25.0391
2026-05-09T12:16:39.852,7.7905,0.0800,25.0464
2026-05-09T12:16:39.874,7.8724,0.0800,25.0541
2026-05-09T12:16:39.896,7.9620,0.0800,25.0643
2026-05-09T12:16:39.916,8.0486,0.0800,25.0768
2026-05-09T12:16:39.937,8.1293,0.0800,25.0913
2026-05-09T12:16:39.957,8.2074,0.0800,25.1085
2026-05-09T12:16:39.977,8.2753,0.0800,25.1257
2026-05-09T12:16:39.997,8.3430,0.0800,25.1449
2026-05-09T12:16:40.016,8.4171,0.0800,25.1686
2026-05-09T12:16:40.037,8.4778,0.0800,25.1903
2026-05-09T12:16:40.058,8.5396,0.0800,25.2145
2026-05-09T12:16:40.078,8.6026,0.0800,25.2411
2026-05-09T12:16:40.097,8.6652,0.0800,25.2697
2026-05-09T12:16:40.117,8.7292,0.0800,25.3011
2026-05-09T12:16:40.135,8.7859,0.0800,25.3307
2026-05-09T12:16:40.152,8.8469,0.0800,25.3648
2026-05-09T12:16:40.171,8.8971,0.0800,25.3944
2026-05-09T12:16:40.190,8.9549,0.0800,25.4299
2026-05-09T12:16:40.208,9.0050,0.0800,25.4624
2026-05-09T12:16:40.226,9.0568,0.0800,25.4970
2026-05-09T12:16:40.243,9.1086,0.0800,25.5338
2026-05-09T12:16:40.261,9.1578,0.0800,25.5705
2026-05-09T12:16:40.277,9.2045,0.0800,25.6071
2026-05-09T12:16:40.296,9.2493,0.0800,25.6438
2026-05-09T12:16:40.316,9.3015,0.0800,25.6884
2026-05-09T12:16:40.333,9.3431,0.0800,25.7258
2026-05-09T12:16:40.351,9.3911,0.0800,25.7709
2026-05-09T12:16:40.370,9.4325,0.0800,25.8116
2026-05-09T12:16:40.387,9.4749,0.0800,25.8549
2026-05-09T12:16:40.407,9.5190,0.0800,25.9016
2026-05-09T12:16:40.426,9.5642,0.0800,25.9520
2026-05-09T12:16:40.444,9.6020,0.0800,25.9961
2026-05-09T12:16:40.461,9.6422,0.0800,26.0449
2026-05-09T12:16:40.480,9.6790,0.0800,26.0916
2026-05-09T12:16:40.499,9.7193,0.0800,26.1448
2026-05-09T12:16:40.519,9.7525,0.0800,26.1907
2026-05-09T12:16:40.539,9.7889,0.0800,26.2429
2026-05-09T12:16:40.556,9.8301,0.0800,26.3046
2026-05-09T12:16:40.574,9.8698,0.0800,26.3667
2026-05-09T12:16:40.593,9.9122,0.0800,26.4361
2026-05-09T12:16:40.611,9.9459,0.0800,26.4935
2026-05-09T12:16:40.630,9.9853,0.0800,26.5624
2026-05-09T12:16:40.648,10.0239,0.0800,26.6326
2026-05-09T12:16:40.668,10.0593,0.0800,26.6989
2026-05-09T12:16:40.687,10.1005,0.0800,26.7799
2026-05-09T12:16:40.707,10.1326,0.0800,26.8448
2026-05-09T12:16:40.726,10.1682,0.0800,26.9201
2026-05-09T12:16:40.746,10.2016,0.0800,26.9940
2026-05-09T12:16:40.764,10.2332,0.0800,27.0668
2026-05-09T12:16:40.784,10.2673,0.0800,27.1487
2026-05-09T12:16:40.804,10.2998,0.0800,27.2306
2026-05-09T12:16:40.825,10.3249,0.0800,27.2973
2026-05-09T12:16:40.845,10.3528,0.0800,27.3741
2026-05-09T12:16:40.863,10.3816,0.0800,27.4577
2026-05-09T12:16:40.882,10.4087,0.0800,27.5409
2026-05-09T12:16:40.901,10.4332,0.0800,27.6210
2026-05-09T12:16:40.921,10.4523,0.0800,27.6869
2026-05-09T12:16:40.942,10.4766,0.0800,27.7758
2026-05-09T12:16:40.960,10.4953,0.0800,27.8490
2026-05-09T12:16:40.979,10.5144,0.0800,27.9298
2026-05-09T12:16:40.998,10.5310,0.0800,28.0050
2026-05-09T12:16:41.016,10.5486,0.0800,28.0906
2026-05-09T12:16:41.035,10.5653,0.0800,28.1771
2026-05-09T12:16:41.053,10.5805,0.0800,28.2611
2026-05-09T12:16:41.070,10.5948,0.0800,28.3451
2026-05-09T12:16:41.089,10.6084,0.0800,28.4287
2026-05-09T12:16:41.108,10.6226,0.0800,28.5220
2026-05-09T12:16:41.125,10.6352,0.0800,28.6078
2026-05-09T12:16:41.143,10.6476,0.0800,28.6928
2026-05-09T12:16:41.163,10.6602,0.0800,28.7793
2026-05-09T12:16:41.182,10.6738,0.0800,28.8720
2026-05-09T12:16:41.201,10.6882,0.0800,28.9697
2026-05-09T12:16:41.219,10.7077,0.0800,29.1028
2026-05-09T12:16:41.402,10.7155,0.0800,29.1555
2026-05-09T12:16:41.419,10.8522,0.0800,30.0889
2026-05-09T12:16:41.456,10.8563,0.0800,30.1264
2026-05-09T12:16:41.485,10.8652,0.0800,30.2448
2026-05-09T12:16:41.513,10.8728,0.0800,30.3711
2026-05-09T12:16:41.530,10.8783,0.0800,30.4991
2026-05-09T12:16:41.548,10.8812,0.0800,30.6263
2026-05-09T12:16:41.564,10.8814,0.0800,30.7048
2026-05-09T12:16:41.579,10.8808,0.0800,30.7819
2026-05-09T12:16:41.595,10.8793,0.0800,30.8492
2026-05-09T12:16:41.610,10.8756,0.0800,30.9591
2026-05-09T12:16:41.624,10.8743,0.0800,30.9842
2026-05-09T12:16:41.646,10.8705,0.0800,31.0533
2026-05-09T12:16:41.673,10.8663,0.0800,31.1146
2026-05-09T12:16:41.694,10.8570,0.0800,31.2338
2026-05-09T12:16:41.710,10.8475,0.0800,31.3318
2026-05-09T12:16:41.726,10.8372,0.0800,31.4242
2026-05-09T12:16:41.742,10.8273,0.0800,31.5054
2026-05-09T12:16:41.758,10.8185,0.0800,31.5729
2026-05-09T12:16:41.773,10.8077,0.0800,31.6498
2026-05-09T12:16:41.788,10.7966,0.0800,31.7259
2026-05-09T12:16:41.803,10.7859,0.0800,31.8002
2026-05-09T12:16:41.822,10.7753,0.0800,31.8741
2026-05-09T12:16:41.841,10.7616,0.0800,31.9692
2026-05-09T12:16:41.857,10.7509,0.0800,32.0445
2026-05-09T12:16:41.873,10.7382,0.0800,32.1350
2026-05-09T12:16:41.888,10.7272,0.0800,32.2138
2026-05-09T12:16:41.905,10.7165,0.0800,32.2907
2026-05-09T12:16:41.923,10.7064,0.0800,32.3636
2026-05-09T12:16:41.940,10.6943,0.0800,32.4508
2026-05-09T12:16:41.955,10.6823,0.0800,32.5374
2026-05-09T12:16:41.970,10.6702,0.0800,32.6248
2026-05-09T12:16:41.986,10.6610,0.0800,32.6909
2026-05-09T12:16:42.006,10.6504,0.0800,32.7670
2026-05-09T12:16:42.025,10.6368,0.0800,32.8647
2026-05-09T12:16:42.041,10.6253,0.0800,32.9480
2026-05-09T12:16:42.057,10.6133,0.0800,33.0354
2026-05-09T12:16:42.073,10.6023,0.0800,33.1164
2026-05-09T12:16:42.089,10.5920,0.0800,33.1917
2026-05-09T12:16:42.104,10.5808,0.0800,33.2747
2026-05-09T12:16:42.120,10.5705,0.0800,33.3508
2026-05-09T12:16:42.135,10.5610,0.0800,33.4224
2026-05-09T12:16:42.151,10.5500,0.0800,33.5082
2026-05-09T12:16:42.169,10.5415,0.0800,33.5799
2026-05-09T12:16:42.187,10.5325,0.0800,33.6597
2026-05-09T12:16:42.204,10.5256,0.0800,33.7259
2026-05-09T12:16:42.220,10.5176,0.0800,33.8112
2026-05-09T12:16:42.236,10.5116,0.0800,33.8855
2026-05-09T12:16:42.252,10.5063,0.0800,33.9594
2026-05-09T12:16:42.268,10.5021,0.0800,34.0304
2026-05-09T12:16:42.283,10.4986,0.0800,34.1024
2026-05-09T12:16:42.298,10.4958,0.0800,34.1728
2026-05-09T12:16:42.313,10.4941,0.0800,34.2388
2026-05-09T12:16:42.327,10.4931,0.0800,34.3049
2026-05-09T12:16:42.342,10.4927,0.0800,34.3740
2026-05-09T12:16:42.357,10.4930,0.0800,34.4412
2026-05-09T12:16:42.374,10.4941,0.0800,34.5033
2026-05-09T12:16:42.393,10.4962,0.0800,34.5825
2026-05-09T12:16:42.410,10.4992,0.0800,34.6575
2026-05-09T12:16:42.427,10.5031,0.0800,34.7301
2026-05-09T12:16:42.443,10.5083,0.0800,34.8119
2026-05-09T12:16:42.459,10.5138,0.0800,34.8908
2026-05-09T12:16:42.475,10.5204,0.0800,34.9760
2026-05-09T12:16:42.490,10.5261,0.0800,35.0496
2026-05-09T12:16:42.505,10.5311,0.0800,35.1158
2026-05-09T12:16:42.520,10.5354,0.0800,35.1776
2026-05-09T12:16:42.534,10.5395,0.0800,35.2438
2026-05-09T12:16:42.549,10.5430,0.0800,35.3100
2026-05-09T12:16:42.564,10.5462,0.0800,35.3813
2026-05-09T12:16:42.580,10.5487,0.0800,35.4489
2026-05-09T12:16:42.595,10.5505,0.0800,35.5155
2026-05-09T12:16:42.610,10.5519,0.0800,35.5930
2026-05-09T12:16:42.628,10.5526,0.0800,35.6596
2026-05-09T12:16:42.645,10.5531,0.0800,35.7528
2026-05-09T12:16:42.661,10.5534,0.0800,35.8242
2026-05-09T12:16:42.677,10.5539,0.0800,35.9158
2026-05-09T12:16:42.691,10.5542,0.0800,35.9904
2026-05-09T12:16:42.705,10.5546,0.0800,36.0713
2026-05-09T12:16:42.720,10.5550,0.0800,36.1373
2026-05-09T12:16:42.735,10.5555,0.0800,36.2304
2026-05-09T12:16:42.753,10.5558,0.0800,36.2816
2026-05-09T12:16:42.771,10.5562,0.0800,36.3579
2026-05-09T12:16:42.788,10.5567,0.0800,36.4450
2026-05-09T12:16:42.802,10.5572,0.0800,36.5390
2026-05-09T12:16:42.817,10.5577,0.0800,36.6190
2026-05-09T12:16:42.836,10.5581,0.0800,36.6868
2026-05-09T12:16:42.854,10.5587,0.0800,36.7828
2026-05-09T12:16:42.869,10.5592,0.0800,36.8577
2026-05-09T12:16:42.885,10.5597,0.0800,36.9486
2026-05-09T12:16:42.900,10.5602,0.0800,37.0203
2026-05-09T12:16:42.914,10.5606,0.0800,37.0964
2026-05-09T12:16:42.930,10.5610,0.0800,37.1688
2026-05-09T12:16:42.947,10.5615,0.0800,37.2473
2026-05-09T12:16:42.964,10.5619,0.0800,37.3348
2026-05-09T12:16:42.982,10.5623,0.0800,37.4111
2026-05-09T12:16:42.999,10.5627,0.0800,37.4918
2026-05-09T12:16:43.015,10.5631,0.0800,37.5820
2026-05-09T12:16:43.031,10.5635,0.0800,37.6632
2026-05-09T12:16:43.046,10.5639,0.0800,37.7443
2026-05-09T12:16:43.061,10.5643,0.0800,37.8232
2026-05-09T12:16:43.077,10.5647,0.0800,37.9010
2026-05-09T12:16:43.092,10.5650,0.0800,37.9717
2026-05-09T12:16:43.106,10.5654,0.0800,38.0514
2026-05-09T12:16:43.121,10.5657,0.0800,38.1214
2026-05-09T12:16:43.137,10.5660,0.0800,38.1937
2026-05-09T12:16:43.155,10.5663,0.0800,38.2788
2026-05-09T12:16:43.171,10.5665,0.0800,38.3520
2026-05-09T12:16:43.188,10.5668,0.0800,38.4371
2026-05-09T12:16:43.202,10.5670,0.0800,38.5167
2026-05-09T12:16:43.217,10.5672,0.0800,38.5992
2026-05-09T12:16:43.232,10.5673,0.0800,38.6694
2026-05-09T12:16:43.246,10.5675,0.0800,38.7443
2026-05-09T12:16:43.262,10.5677,0.0800,38.8140
2026-05-09T12:16:43.280,10.5679,0.0800,38.8977
2026-05-09T12:16:43.297,10.5682,0.0800,38.9783
2026-05-09T12:16:43.315,10.5684,0.0800,39.0562
2026-05-09T12:16:43.330,10.5686,0.0800,39.1389
2026-05-09T12:16:43.345,10.5688,0.0800,39.2273
2026-05-09T12:16:43.360,10.5691,0.0800,39.3076
2026-05-09T12:16:43.376,10.5692,0.0800,39.3763
2026-05-09T12:16:43.394,10.5694,0.0800,39.4494
2026-05-09T12:16:43.410,10.5697,0.0800,39.5375
2026-05-09T12:16:43.425,10.5699,0.0800,39.6145
2026-05-09T12:16:43.439,10.5701,0.0800,39.6988
2026-05-09T12:16:43.454,10.5702,0.0800,39.7735
2026-05-09T12:16:43.471,10.5704,0.0800,39.8411
2026-05-09T12:16:43.488,10.5705,0.0800,39.9374
2026-05-09T12:16:43.506,10.5706,0.0800,39.9986
2026-05-09T12:16:43.522,10.5708,0.0800,40.0864
2026-05-09T12:16:43.538,10.5710,0.0800,40.1695
2026-05-09T12:16:43.554,10.5712,0.0800,40.2521
2026-05-09T12:16:43.571,10.5713,0.0800,40.3308
2026-05-09T12:16:43.588,10.5715,0.0800,40.4187
2026-05-09T12:16:43.603,10.5717,0.0800,40.4940
2026-05-09T12:16:43.618,10.5719,0.0800,40.5765
2026-05-09T12:16:43.633,10.5721,0.0800,40.6521
2026-05-09T12:16:43.648,10.5723,0.0800,40.7287
2026-05-09T12:16:43.662,10.5724,0.0800,40.7964
2026-05-09T12:16:43.676,10.5726,0.0800,40.8865
2026-05-09T12:16:43.694,10.5726,0.0800,40.9410
2026-05-09T12:16:43.714,10.5727,0.0800,41.0104
2026-05-09T12:16:43.732,10.5728,0.0800,41.1173
2026-05-09T12:16:43.748,10.5729,0.0800,41.2027
2026-05-09T12:16:43.762,10.5730,0.0800,41.2876
2026-05-09T12:16:43.781,10.5732,0.0800,41.3632
2026-05-09T12:16:43.799,10.5733,0.0800,41.4551
2026-05-09T12:16:43.815,10.5734,0.0800,41.5306
2026-05-09T12:16:43.830,10.5736,0.0800,41.6171
2026-05-09T12:16:43.845,10.5738,0.0800,41.6989
2026-05-09T12:16:43.861,10.5739,0.0800,41.7805
2026-05-09T12:16:43.879,10.5741,0.0800,41.8491
2026-05-09T12:16:43.897,10.5741,0.0800,41.9358
2026-05-09T12:16:43.916,10.5734,0.0800,42.0135
2026-05-09T12:16:43.934,10.5720,0.0800,42.0942
2026-05-09T12:16:43.950,10.5695,0.0800,42.1824
2026-05-09T12:16:43.964,10.5662,0.0800,42.2655
2026-05-09T12:16:43.979,10.5629,0.0800,42.3355
2026-05-09T12:16:43.993,10.5588,0.0800,42.4031
2026-05-09T12:16:44.008,10.5540,0.0800,42.4728
2026-05-09T12:16:44.023,10.5487,0.0800,42.5385
2026-05-09T12:16:44.041,10.5437,0.0800,42.5946
2026-05-09T12:16:44.058,10.5356,0.0800,42.6720
2026-05-09T12:16:44.076,10.5288,0.0800,42.7281
2026-05-09T12:16:44.092,10.5195,0.0800,42.7974
2026-05-09T12:16:44.107,10.5098,0.0800,42.8612
2026-05-09T12:16:44.121,10.5000,0.0800,42.9182
2026-05-09T12:16:44.139,10.4908,0.0800,42.9685
2026-05-09T12:16:44.159,10.4785,0.0800,43.0270
2026-05-09T12:16:44.177,10.4679,0.0800,43.0721
2026-05-09T12:16:44.192,10.4546,0.0800,43.1240
2026-05-09T12:16:44.210,10.4407,0.0800,43.1735
2026-05-09T12:16:44.227,10.4210,0.0800,43.2380
2026-05-09T12:16:44.393,10.4121,0.0800,43.2663
2026-05-09T12:16:44.413,10.2406,0.0800,43.7533
2026-05-09T12:16:44.442,10.2084,0.0800,43.8045
2026-05-09T12:16:44.469,10.1825,0.0800,43.8434
2026-05-09T12:16:44.497,10.1495,0.0800,43.8908
2026-05-09T12:16:44.524,10.1003,0.0800,43.9575
2026-05-09T12:16:44.543,10.0134,0.0800,44.0672
2026-05-09T12:16:44.558,9.9883,0.0800,44.0952
2026-05-09T12:16:44.577,9.9582,0.0800,44.1281
2026-05-09T12:16:44.596,9.9321,0.0800,44.1554
2026-05-09T12:16:44.619,9.8937,0.0800,44.1942
2026-05-09T12:16:44.639,9.8319,0.0800,44.2536
2026-05-09T12:16:44.659,9.7892,0.0800,44.2917
2026-05-09T12:16:44.679,9.7570,0.0800,44.3191
2026-05-09T12:16:44.695,9.7125,0.0800,44.3555
2026-05-09T12:16:44.712,9.6647,0.0800,44.3926
2026-05-09T12:16:44.728,9.6271,0.0800,44.4203
2026-05-09T12:16:44.745,9.5851,0.0800,44.4500
2026-05-09T12:16:44.762,9.5413,0.0800,44.4795
2026-05-09T12:16:44.784,9.5022,0.0800,44.5051
2026-05-09T12:16:44.804,9.4600,0.0800,44.5311
2026-05-09T12:16:44.822,9.4022,0.0800,44.5650
2026-05-09T12:16:44.838,9.3496,0.0800,44.5939
2026-05-09T12:16:44.854,9.3037,0.0800,44.6177
2026-05-09T12:16:44.871,9.2587,0.0800,44.6399
2026-05-09T12:16:44.889,9.2119,0.0800,44.6617
2026-05-09T12:16:44.908,9.1607,0.0800,44.6843
2026-05-09T12:16:44.927,9.1065,0.0800,44.7069
2026-05-09T12:16:44.945,9.0501,0.0800,44.7295
2026-05-09T12:16:44.961,8.9851,0.0800,44.7536
2026-05-09T12:16:44.978,8.9148,0.0800,44.7782
2026-05-09T12:16:44.995,8.8418,0.0800,44.8026
2026-05-09T12:16:45.013,8.7708,0.0800,44.8253
2026-05-09T12:16:45.032,8.6938,0.0800,44.8489
2026-05-09T12:16:45.049,8.6125,0.0800,44.8729
2026-05-09T12:16:45.065,8.5392,0.0800,44.8937
2026-05-09T12:16:45.082,8.4575,0.0800,44.9161
2026-05-09T12:16:45.101,8.3790,0.0800,44.9367
2026-05-09T12:16:45.120,8.2926,0.0800,44.9586
2026-05-09T12:16:45.136,8.2144,0.0800,44.9785
2026-05-09T12:16:45.153,8.1249,0.0800,45.0013
2026-05-09T12:16:45.171,8.0462,0.0800,45.0213
2026-05-09T12:16:45.190,7.9654,0.0800,45.0419
2026-05-09T12:16:45.208,7.8768,0.0800,45.0644
2026-05-09T12:16:45.225,7.7833,0.0800,45.0881
2026-05-09T12:16:45.243,7.6989,0.0800,45.1095
2026-05-09T12:16:45.259,7.6219,0.0800,45.1291
2026-05-09T12:16:45.277,7.5322,0.0800,45.1519
2026-05-09T12:16:45.294,7.4458,0.0800,45.1738
2026-05-09T12:16:45.312,7.3686,0.0800,45.1935
2026-05-09T12:16:45.330,7.2801,0.0800,45.2160
2026-05-09T12:16:45.347,7.2002,0.0800,45.2364
2026-05-09T12:16:45.366,7.1191,0.0800,45.2572
2026-05-09T12:16:45.385,7.0207,0.0800,45.2823
2026-05-09T12:16:45.401,6.9405,0.0800,45.3028
2026-05-09T12:16:45.418,6.8495,0.0800,45.3261
2026-05-09T12:16:45.436,6.7758,0.0800,45.3448
2026-05-09T12:16:45.454,6.6889,0.0800,45.3665
2026-05-09T12:16:45.471,6.6138,0.0800,45.3845
2026-05-09T12:16:45.489,6.5309,0.0800,45.4036
2026-05-09T12:16:45.508,6.4450,0.0800,45.4224
2026-05-09T12:16:45.525,6.3704,0.0800,45.4380
2026-05-09T12:16:45.541,6.2880,0.0800,45.4542
2026-05-09T12:16:45.560,6.2160,0.0800,45.4675
2026-05-09T12:16:45.578,6.1425,0.0800,45.4802
2026-05-09T12:16:45.595,6.0610,0.0800,45.4933
2026-05-09T12:16:45.613,5.9792,0.0800,45.5052
2026-05-09T12:16:45.631,5.9008,0.0800,45.5155
2026-05-09T12:16:45.648,5.8337,0.0800,45.5233
2026-05-09T12:16:45.664,5.7600,0.0800,45.5309
2026-05-09T12:16:45.682,5.6820,0.0800,45.5381
2026-05-09T12:16:45.700,5.6026,0.0800,45.5440
2026-05-09T12:16:45.718,5.5310,0.0800,45.5481
2026-05-09T12:16:45.734,5.4628,0.0800,45.5512
2026-05-09T12:16:45.751,5.3850,0.0800,45.5536
2026-05-09T12:16:45.768,5.3154,0.0800,45.5548
2026-05-09T12:16:45.785,5.2387,0.0800,45.5551
2026-05-09T12:16:45.801,5.1554,0.0800,45.5542
2026-05-09T12:16:45.818,5.0964,0.0800,45.5529
2026-05-09T12:16:45.838,5.0302,0.0800,45.5505
2026-05-09T12:16:45.858,4.9377,0.0800,45.5459
2026-05-09T12:16:45.878,4.8667,0.0800,45.5411
2026-05-09T12:16:45.894,4.7818,0.0800,45.5343
2026-05-09T12:16:45.910,4.6888,0.0800,45.5255
2026-05-09T12:16:45.926,4.6197,0.0800,45.5178
2026-05-09T12:16:45.942,4.5502,0.0800,45.5093
2026-05-09T12:16:45.958,4.4809,0.0800,45.5003
2026-05-09T12:16:45.976,4.4108,0.0800,45.4901
2026-05-09T12:16:45.995,4.3260,0.0800,45.4769
2026-05-09T12:16:46.014,4.2536,0.0800,45.4647
2026-05-09T12:16:46.033,4.1692,0.0800,45.4497
2026-05-09T12:16:46.049,4.0742,0.0800,45.4320
2026-05-09T12:16:46.065,3.9837,0.0800,45.4151
2026-05-09T12:16:46.081,3.9052,0.0800,45.4004
2026-05-09T12:16:46.097,3.8288,0.0800,45.3862
2026-05-09T12:16:46.115,3.7461,0.0800,45.3708
2026-05-09T12:16:46.132,3.6622,0.0800,45.3551
2026-05-09T12:16:46.149,3.5834,0.0800,45.3405
2026-05-09T12:16:46.164,3.5036,0.0800,45.3257
2026-05-09T12:16:46.190,3.4042,0.0800,45.3073
2026-05-09T12:16:46.205,3.2529,0.0800,45.2804
2026-05-09T12:16:46.219,3.2052,0.0800,45.2723
2026-05-09T12:16:46.240,3.1521,0.0800,45.2635
2026-05-09T12:16:46.255,3.0854,0.0800,45.2527
2026-05-09T12:16:46.269,2.9810,0.0800,45.2361
2026-05-09T12:16:46.283,2.9074,0.0800,45.2250
2026-05-09T12:16:46.297,2.8422,0.0800,45.2154
2026-05-09T12:16:46.311,2.7732,0.0800,45.2055
2026-05-09T12:16:46.326,2.7027,0.0800,45.1954
2026-05-09T12:16:46.339,2.6299,0.0800,45.1850
2026-05-09T12:16:46.354,2.5623,0.0800,45.1754
2026-05-09T12:16:46.368,2.4990,0.0800,45.1663
2026-05-09T12:16:46.382,2.4276,0.0800,45.1556
2026-05-09T12:16:46.395,2.3628,0.0800,45.1455
2026-05-09T12:16:46.410,2.3026,0.0800,45.1354
2026-05-09T12:16:46.423,2.2471,0.0800,45.1256
2026-05-09T12:16:46.437,2.1823,0.0800,45.1136
2026-05-09T12:16:46.452,2.1232,0.0800,45.1019
2026-05-09T12:16:46.465,2.0643,0.0800,45.0895
2026-05-09T12:16:46.479,2.0030,0.0800,45.0759
2026-05-09T12:16:46.493,1.9488,0.0800,45.0634
2026-05-09T12:16:46.507,1.8865,0.0800,45.0482
2026-05-09T12:16:46.521,1.8306,0.0800,45.0338
2026-05-09T12:16:46.535,1.7719,0.0800,45.0182
2026-05-09T12:16:46.550,1.7173,0.0800,45.0028
2026-05-09T12:16:46.563,1.6621,0.0800,44.9866
2026-05-09T12:16:46.577,1.6008,0.0800,44.9680
2026-05-09T12:16:46.591,1.5482,0.0800,44.9511
2026-05-09T12:16:46.605,1.4941,0.0800,44.9330
2026-05-09T12:16:46.618,1.4386,0.0800,44.9137
2026-05-09T12:16:46.631,1.3825,0.0800,44.8937
2026-05-09T12:16:46.646,1.3304,0.0800,44.8742
2026-05-09T12:16:46.662,1.2808,0.0800,44.8549
2026-05-09T12:16:46.676,1.2204,0.0800,44.8309
2026-05-09T12:16:46.690,1.1636,0.0800,44.8072
2026-05-09T12:16:46.703,1.1098,0.0800,44.7839
2026-05-09T12:16:46.718,1.0574,0.0800,44.7607
2026-05-09T12:16:46.730,1.0066,0.0800,44.7371
2026-05-09T12:16:46.744,0.9533,0.0800,44.7116
2026-05-09T12:16:46.757,0.9079,0.0800,44.6891
2026-05-09T12:16:46.772,0.8547,0.0800,44.6621
2026-05-09T12:16:46.785,0.8050,0.0800,44.6360
2026-05-09T12:16:46.799,0.7445,0.0800,44.6035
2026-05-09T12:16:46.812,0.6924,0.0800,44.5752
2026-05-09T12:16:46.827,0.6321,0.0800,44.5419
2026-05-09T12:16:46.840,0.5757,0.0800,44.5108
2026-05-09T12:16:46.855,0.5239,0.0800,44.4824
2026-05-09T12:16:46.868,0.4740,0.0800,44.4559
2026-05-09T12:16:46.881,0.4282,0.0800,44.4324
2026-05-09T12:16:46.895,0.3885,0.0800,44.4125
2026-05-09T12:16:46.909,0.3490,0.0800,44.3939
2026-05-09T12:16:46.923,0.3141,0.0800,44.3782
2026-05-09T12:16:46.938,0.2770,0.0800,44.3618
2026-05-09T12:16:46.952,0.2419,0.0800,44.3475
2026-05-09T12:16:46.966,0.2040,0.0800,44.3328
2026-05-09T12:16:46.979,0.1702,0.0800,44.3204
2026-05-09T12:16:46.993,0.1381,0.0800,44.3090
2026-05-09T12:16:47.007,0.1045,0.0800,44.2982
2026-05-09T12:16:47.021,0.0730,0.0800,44.2887
2026-05-09T12:16:47.035,0.0400,0.0800,44.2790
2026-05-09T12:16:47.049,0.0068,0.0800,44.2704
2026-05-09T12:16:47.063,-0.0267,0.0800,44.2623
2026-05-09T12:16:47.078,-0.0602,0.0800,44.2545
2026-05-09T12:16:47.093,-0.0940,0.0800,44.2476
2026-05-09T12:16:47.107,-0.1314,0.0800,44.2408
2026-05-09T12:16:47.121,-0.1679,0.0800,44.2349
2026-05-09T12:16:47.135,-0.2026,0.0800,44.2297
2026-05-09T12:16:47.149,-0.2349,0.0800,44.2258
2026-05-09T12:16:47.164,-0.2718,0.0800,44.2220
2026-05-09T12:16:47.181,-0.3098,0.0800,44.2185
2026-05-09T12:16:47.200,-0.3540,0.0800,44.2156
2026-05-09T12:16:47.216,-0.4109,0.0800,44.2129
2026-05-09T12:16:47.231,-0.4692,0.0800,44.2115
2026-05-09T12:16:47.245,-0.5199,0.0800,44.2113
2026-05-09T12:16:47.260,-0.5661,0.0800,44.2116
2026-05-09T12:16:47.274,-0.6215,0.0800,44.2133
2026-05-09T12:16:47.288,-0.6752,0.0800,44.2157
2026-05-09T12:16:47.302,-0.7328,0.0800,44.2191
2026-05-09T12:16:47.318,-0.7909,0.0800,44.2230
2026-05-09T12:16:47.334,-0.8497,0.0800,44.2280
2026-05-09T12:16:47.351,-0.9198,0.0800,44.2348
2026-05-09T12:16:47.367,-0.9983,0.0800,44.2432
2026-05-09T12:16:47.381,-1.0734,0.0800,44.2521
2026-05-09T12:16:47.396,-1.1469,0.0800,44.2612
2026-05-09T12:16:47.411,-1.2201,0.0800,44.2709
2026-05-09T12:16:47.425,-1.2862,0.0800,44.2800
2026-05-09T12:16:47.440,-1.3655,0.0800,44.2908
2026-05-09T12:16:47.455,-1.4310,0.0800,44.2997
2026-05-09T12:16:47.470,-1.5078,0.0800,44.3102
2026-05-09T12:16:47.486,-1.5783,0.0800,44.3198
2026-05-09T12:16:47.502,-1.6553,0.0800,44.3303
2026-05-09T12:16:47.518,-1.7336,0.0800,44.3410
2026-05-09T12:16:47.533,-1.8125,0.0800,44.3518
2026-05-09T12:16:47.547,-1.8921,0.0800,44.3628
2026-05-09T12:16:47.562,-1.9603,0.0800,44.3722
2026-05-09T12:16:47.577,-2.0378,0.0800,44.3828
2026-05-09T12:16:47.591,-2.1076,0.0800,44.3924
2026-05-09T12:16:47.605,-2.1813,0.0800,44.4024
2026-05-09T12:16:47.619,-2.2504,0.0800,44.4118
2026-05-09T12:16:47.634,-2.3195,0.0800,44.4212
2026-05-09T12:16:47.649,-2.3864,0.0800,44.4302
2026-05-09T12:16:47.663,-2.4577,0.0800,44.4394
2026-05-09T12:16:47.678,-2.5279,0.0800,44.4481
2026-05-09T12:16:47.693,-2.5901,0.0800,44.4551
2026-05-09T12:16:47.708,-2.6637,0.0800,44.4629
2026-05-09T12:16:47.722,-2.7280,0.0800,44.4691
2026-05-09T12:16:47.736,-2.8018,0.0800,44.4758
2026-05-09T12:16:47.750,-2.8592,0.0800,44.4803
2026-05-09T12:16:47.765,-2.9252,0.0800,44.4848
2026-05-09T12:16:47.778,-2.9884,0.0800,44.4884
2026-05-09T12:16:47.793,-3.0459,0.0800,44.4912
2026-05-09T12:16:47.807,-3.1060,0.0800,44.4931
2026-05-09T12:16:47.821,-3.1612,0.0800,44.4942
2026-05-09T12:16:47.835,-3.2177,0.0800,44.4947
2026-05-09T12:16:47.849,-3.2689,0.0800,44.4943
2026-05-09T12:16:47.862,-3.3228,0.0800,44.4931
2026-05-09T12:16:47.876,-3.3752,0.0800,44.4914
2026-05-09T12:16:47.890,-3.4212,0.0800,44.4890
2026-05-09T12:16:47.903,-3.4731,0.0800,44.4857
2026-05-09T12:16:47.918,-3.5209,0.0800,44.4821
2026-05-09T12:16:47.931,-3.5713,0.0800,44.4773
2026-05-09T12:16:47.945,-3.6218,0.0800,44.4717
2026-05-09T12:16:47.965,-3.6693,0.0800,44.4657
2026-05-09T12:16:47.978,-3.7202,0.0800,44.4588
2026-05-09T12:16:47.992,-3.7872,0.0800,44.4483
2026-05-09T12:16:48.007,-3.8367,0.0800,44.4395
2026-05-09T12:16:48.021,-3.8849,0.0800,44.4301
2026-05-09T12:16:48.035,-3.9357,0.0800,44.4198
2026-05-09T12:16:48.049,-3.9840,0.0800,44.4088
2026-05-09T12:16:48.062,-4.0322,0.0800,44.3972
2026-05-09T12:16:48.077,-4.0809,0.0800,44.3849
2026-05-09T12:16:48.091,-4.1284,0.0800,44.3719
2026-05-09T12:16:48.104,-4.1789,0.0800,44.3572
2026-05-09T12:16:48.118,-4.2264,0.0800,44.3426
2026-05-09T12:16:48.132,-4.2745,0.0800,44.3274
2026-05-09T12:16:48.147,-4.3259,0.0800,44.3099
2026-05-09T12:16:48.160,-4.3739,0.0800,44.2928
2026-05-09T12:16:48.175,-4.4304,0.0800,44.2722
2026-05-09T12:16:48.189,-4.4811,0.0800,44.2526
2026-05-09T12:16:48.202,-4.5423,0.0800,44.2283
2026-05-09T12:16:48.216,-4.5977,0.0800,44.2058
2026-05-09T12:16:48.230,-4.6515,0.0800,44.1831
2026-05-09T12:16:48.244,-4.7101,0.0800,44.1576
2026-05-09T12:16:48.258,-4.7640,0.0800,44.1338
2026-05-09T12:16:48.272,-4.8223,0.0800,44.1072
2026-05-09T12:16:48.286,-4.8837,0.0800,44.0785
2026-05-09T12:16:48.298,-4.9400,0.0800,44.0516
2026-05-09T12:16:48.314,-4.9970,0.0800,44.0239
2026-05-09T12:16:48.327,-5.0490,0.0800,43.9979
2026-05-09T12:16:48.341,-5.1181,0.0800,43.9627
2026-05-09T12:16:48.355,-5.1658,0.0800,43.9380
2026-05-09T12:16:48.369,-5.2218,0.0800,43.9082
2026-05-09T12:16:48.383,-5.2785,0.0800,43.8773
2026-05-09T12:16:48.396,-5.3366,0.0800,43.8453
2026-05-09T12:16:48.411,-5.3927,0.0800,43.8136
2026-05-09T12:16:48.425,-5.4451,0.0800,43.7834
2026-05-09T12:16:48.438,-5.5038,0.0800,43.7489
2026-05-09T12:16:48.453,-5.5599,0.0800,43.7155
2026-05-09T12:16:48.466,-5.6097,0.0800,43.6851
2026-05-09T12:16:48.480,-5.6685,0.0800,43.6486
2026-05-09T12:16:48.494,-5.7214,0.0800,43.6153
2026-05-09T12:16:48.508,-5.7773,0.0800,43.5793
2026-05-09T12:16:48.522,-5.8297,0.0800,43.5449
2026-05-09T12:16:48.536,-5.8840,0.0800,43.5088
2026-05-09T12:16:48.550,-5.9388,0.0800,43.4715
2026-05-09T12:16:48.563,-5.9893,0.0800,43.4365
2026-05-09T12:16:48.578,-6.0433,0.0800,43.3987
2026-05-09T12:16:48.592,-6.0941,0.0800,43.3624
2026-05-09T12:16:48.605,-6.1511,0.0800,43.3211
2026-05-09T12:16:48.618,-6.2063,0.0800,43.2804
2026-05-09T12:16:48.633,-6.2574,0.0800,43.2422
2026-05-09T12:16:48.647,-6.3068,0.0800,43.2048
2026-05-09T12:16:48.660,-6.3625,0.0800,43.1622
2026-05-09T12:16:48.674,-6.4235,0.0800,43.1156
2026-05-09T12:16:48.688,-6.4724,0.0800,43.0781
2026-05-09T12:16:48.702,-6.5265,0.0800,43.0367
2026-05-09T12:16:48.716,-6.5793,0.0800,42.9964
2026-05-09T12:16:48.730,-6.6328,0.0800,42.9559
2026-05-09T12:16:48.743,-6.6897,0.0800,42.9135
2026-05-09T12:16:48.758,-6.7379,0.0800,42.8780
2026-05-09T12:16:48.772,-6.7849,0.0800,42.8443
2026-05-09T12:16:48.786,-6.8369,0.0800,42.8078
2026-05-09T12:16:48.799,-6.8830,0.0800,42.7764
2026-05-09T12:16:48.814,-6.9285,0.0800,42.7460
2026-05-09T12:16:48.828,-6.9688,0.0800,42.7201
2026-05-09T12:16:48.841,-7.0152,0.0800,42.6911
2026-05-09T12:16:48.856,-7.0568,0.0800,42.6657
2026-05-09T12:16:48.870,-7.0977,0.0800,42.6419
2026-05-09T12:16:48.883,-7.1412,0.0800,42.6174
2026-05-09T12:16:48.897,-7.1810,0.0800,42.5955
2026-05-09T12:16:48.911,-7.2210,0.0800,42.5748
2026-05-09T12:16:48.925,-7.2603,0.0800,42.5552
2026-05-09T12:16:48.938,-7.3023,0.0800,42.5352
2026-05-09T12:16:48.953,-7.3397,0.0800,42.5178
2026-05-09T12:16:48.967,-7.3742,0.0800,42.5028
2026-05-09T12:16:48.981,-7.4127,0.0800,42.4869
2026-05-09T12:16:48.995,-7.4473,0.0800,42.4729
2026-05-09T12:16:49.009,-7.4807,0.0800,42.4606
2026-05-09T12:16:49.022,-7.5114,0.0800,42.4500
2026-05-09T12:16:49.036,-7.5375,0.0800,42.4412
2026-05-09T12:16:49.050,-7.5646,0.0800,42.4331
2026-05-09T12:16:49.063,-7.5828,0.0800,42.4282
2026-05-09T12:16:49.078,-7.6026,0.0800,42.4229
2026-05-09T12:16:49.092,-7.6189,0.0800,42.4192
2026-05-09T12:16:49.105,-7.6359,0.0800,42.4157
2026-05-09T12:16:49.119,-7.6486,0.0800,42.4135
2026-05-09T12:16:49.134,-7.6602,0.0800,42.4114
2026-05-09T12:16:49.148,-7.6695,0.0800,42.4104
2026-05-09T12:16:49.161,-7.6753,0.0800,42.4100
2026-05-09T12:16:49.175,-7.6807,0.0800,42.4094
2026-05-09T12:16:49.189,-7.6844,0.0800,42.4094
2026-05-09T12:16:49.203,-7.6868,0.0800,42.4096
2026-05-09T12:16:49.217,-7.6888,0.0800,42.4095
2026-05-09T12:16:49.230,-7.6900,0.0800,42.4099
2026-05-09T12:16:49.244,-7.6910,0.0800,42.4103
2026-05-09T12:16:49.272,-7.6908,0.0800,42.4106
2026-05-09T12:16:49.286,-7.6905,0.0800,42.4110
2026-05-09T12:16:49.299,-7.6902,0.0800,42.4114
2026-05-09T12:16:49.327,-7.6889,0.0800,42.4117
2026-05-09T12:16:49.341,-7.6874,0.0800,42.4119
2026-05-09T12:16:49.355,-7.6864,0.0800,42.4117
2026-05-09T12:16:49.369,-7.6850,0.0800,42.4118
2026-05-09T12:16:49.383,-7.6837,0.0800,42.4119
2026-05-09T12:16:49.397,-7.6826,0.0800,42.4117
2026-05-09T12:16:49.411,-7.6813,0.0800,42.4118
2026-05-09T12:16:49.425,-7.6810,0.0800,42.4121
2026-05-09T12:16:49.439,-7.6820,0.0800,42.4129
2026-05-09T12:16:49.454,-7.6876,0.0800,42.4147
2026-05-09T12:16:49.468,-7.6948,0.0800,42.4177
2026-05-09T12:16:49.483,-7.7077,0.0800,42.4230
2026-05-09T12:16:49.500,-7.7228,0.0800,42.4292
2026-05-09T12:16:49.520,-7.7409,0.0800,42.4375
2026-05-09T12:16:49.539,-7.7687,0.0800,42.4508
2026-05-09T12:16:49.555,-7.8000,0.0800,42.4668
2026-05-09T12:16:49.571,-7.8344,0.0800,42.4856
2026-05-09T12:16:49.588,-7.8641,0.0800,42.5029
2026-05-09T12:16:49.603,-7.8950,0.0800,42.5218
2026-05-09T12:16:49.619,-7.9260,0.0800,42.5411
2026-05-09T12:16:49.634,-7.9555,0.0800,42.5611
2026-05-09T12:16:49.650,-7.9845,0.0800,42.5816
2026-05-09T12:16:49.665,-8.0150,0.0800,42.6042
2026-05-09T12:16:49.682,-8.0482,0.0800,42.6292
2026-05-09T12:16:49.699,-8.0869,0.0800,42.6601
2026-05-09T12:16:49.718,-8.1395,0.0800,42.7034
2026-05-09T12:16:49.734,-8.1788,0.0800,42.7367
2026-05-09T12:16:49.751,-8.2171,0.0800,42.7691
2026-05-09T12:16:49.767,-8.2605,0.0800,42.8056
2026-05-09T12:16:49.784,-8.3104,0.0800,42.8470
2026-05-09T12:16:49.800,-8.3617,0.0800,42.8891
2026-05-09T12:16:49.816,-8.4208,0.0800,42.9365
2026-05-09T12:16:49.831,-8.4769,0.0800,42.9806
2026-05-09T12:16:49.848,-8.5301,0.0800,43.0216
2026-05-09T12:16:49.865,-8.5867,0.0800,43.0643
2026-05-09T12:16:49.884,-8.6513,0.0800,43.1123
2026-05-09T12:16:49.900,-8.7116,0.0800,43.1557
2026-05-09T12:16:49.916,-8.7785,0.0800,43.2026
2026-05-09T12:16:49.932,-8.8294,0.0800,43.2369
2026-05-09T12:16:49.950,-8.8807,0.0800,43.2705
2026-05-09T12:16:49.965,-8.9263,0.0800,43.2989
2026-05-09T12:16:49.981,-8.9738,0.0800,43.3278
2026-05-09T12:16:49.996,-9.0163,0.0800,43.3521
2026-05-09T12:16:50.012,-9.0591,0.0800,43.3755
2026-05-09T12:16:50.027,-9.0987,0.0800,43.3962
2026-05-09T12:16:50.043,-9.1399,0.0800,43.4166
2026-05-09T12:16:50.061,-9.1776,0.0800,43.4348
2026-05-09T12:16:50.077,-9.2186,0.0800,43.4531
2026-05-09T12:16:50.094,-9.2607,0.0800,43.4708
2026-05-09T12:16:50.110,-9.2997,0.0800,43.4862
2026-05-09T12:16:50.126,-9.3365,0.0800,43.4997
2026-05-09T12:16:50.143,-9.3716,0.0800,43.5121
2026-05-09T12:16:50.158,-9.4016,0.0800,43.5215
2026-05-09T12:16:50.173,-9.4347,0.0800,43.5310
2026-05-09T12:16:50.189,-9.4612,0.0800,43.5379
2026-05-09T12:16:50.203,-9.4888,0.0800,43.5445
2026-05-09T12:16:50.218,-9.5129,0.0800,43.5500
2026-05-09T12:16:50.232,-9.5343,0.0800,43.5540
2026-05-09T12:16:50.247,-9.5543,0.0800,43.5572
2026-05-09T12:16:50.260,-9.5724,0.0800,43.5597
2026-05-09T12:16:50.275,-9.5904,0.0800,43.5621
2026-05-09T12:16:50.289,-9.6036,0.0800,43.5632
2026-05-09T12:16:50.302,-9.6169,0.0800,43.5641
2026-05-09T12:16:50.317,-9.6285,0.0800,43.5649
2026-05-09T12:16:50.330,-9.6403,0.0800,43.5650
2026-05-09T12:16:50.345,-9.6512,0.0800,43.5649
2026-05-09T12:16:50.359,-9.6604,0.0800,43.5650
2026-05-09T12:16:50.373,-9.6700,0.0800,43.5644
2026-05-09T12:16:50.388,-9.6760,0.0800,43.5638
2026-05-09T12:16:50.401,-9.6815,0.0800,43.5630
2026-05-09T12:16:50.415,-9.6851,0.0800,43.5627
2026-05-09T12:16:50.429,-9.6853,0.0800,43.5623
2026-05-09T12:16:50.442,-9.6854,0.0800,43.5619
2026-05-09T12:16:50.456,-9.6834,0.0800,43.5622
2026-05-09T12:16:50.470,-9.6803,0.0800,43.5623
2026-05-09T12:16:50.484,-9.6764,0.0800,43.5626
2026-05-09T12:16:50.498,-9.6710,0.0800,43.5638
2026-05-09T12:16:50.512,-9.6656,0.0800,43.5647
2026-05-09T12:16:50.525,-9.6595,0.0800,43.5658
2026-05-09T12:16:50.539,-9.6535,0.0800,43.5671
2026-05-09T12:16:50.553,-9.6480,0.0800,43.5689
2026-05-09T12:16:50.567,-9.6422,0.0800,43.5704
2026-05-09T12:16:50.580,-9.6367,0.0800,43.5719
2026-05-09T12:16:50.594,-9.6309,0.0800,43.5741
2026-05-09T12:16:50.608,-9.6255,0.0800,43.5759
2026-05-09T12:16:50.622,-9.6201,0.0800,43.5778
2026-05-09T12:16:50.637,-9.6144,0.0800,43.5803
2026-05-09T12:16:50.651,-9.6088,0.0800,43.5826
2026-05-09T12:16:50.666,-9.6030,0.0800,43.5850
2026-05-09T12:16:50.680,-9.5972,0.0800,43.5877
2026-05-09T12:16:50.694,-9.5919,0.0800,43.5907
2026-05-09T12:16:50.708,-9.5859,0.0800,43.5938
2026-05-09T12:16:50.722,-9.5807,0.0800,43.5966
2026-05-09T12:16:50.738,-9.5755,0.0800,43.6001
2026-05-09T12:16:50.753,-9.5705,0.0800,43.6031
2026-05-09T12:16:50.768,-9.5649,0.0800,43.6066
2026-05-09T12:16:50.783,-9.5608,0.0800,43.6092
2026-05-09T12:16:50.799,-9.5577,0.0800,43.6117
2026-05-09T12:16:50.815,-9.5554,0.0800,43.6130
2026-05-09T12:16:50.830,-9.5546,0.0800,43.6132
2026-05-09T12:16:50.845,-9.5544,0.0800,43.6127
2026-05-09T12:16:50.875,-9.5562,0.0800,43.6102
2026-05-09T12:16:50.889,-9.5599,0.0800,43.6056
2026-05-09T12:16:50.906,-9.5652,0.0800,43.5989
2026-05-09T12:16:50.923,-9.5723,0.0800,43.5906
2026-05-09T12:16:50.940,-9.5840,0.0800,43.5753
2026-05-09T12:16:50.956,-9.5967,0.0800,43.5579
2026-05-09T12:16:50.972,-9.6107,0.0800,43.5378
2026-05-09T12:16:50.988,-9.6240,0.0800,43.5176
2026-05-09T12:16:51.005,-9.6411,0.0800,43.4904
2026-05-09T12:16:51.020,-9.6567,0.0800,43.4653
2026-05-09T12:16:51.034,-9.6745,0.0800,43.4340
2026-05-09T12:16:51.049,-9.6880,0.0800,43.4087
2026-05-09T12:16:51.065,-9.7023,0.0800,43.3810
2026-05-09T12:16:51.082,-9.7173,0.0800,43.3510
2026-05-09T12:16:51.101,-9.7322,0.0800,43.3186
2026-05-09T12:16:51.121,-9.7484,0.0800,43.2814
2026-05-09T12:16:51.137,-9.7654,0.0800,43.2398
2026-05-09T12:16:51.154,-9.7825,0.0800,43.1946
2026-05-09T12:16:51.171,-9.7952,0.0800,43.1578
2026-05-09T12:16:51.187,-9.8075,0.0800,43.1195
2026-05-09T12:16:51.202,-9.8197,0.0800,43.0787
2026-05-09T12:16:51.218,-9.8303,0.0800,43.0414
2026-05-09T12:16:51.234,-9.8397,0.0800,43.0037
2026-05-09T12:16:51.249,-9.8488,0.0800,42.9635
2026-05-09T12:16:51.267,-9.8570,0.0800,42.9237
2026-05-09T12:16:51.285,-9.8656,0.0800,42.8793
2026-05-09T12:16:51.302,-9.8735,0.0800,42.8307
2026-05-09T12:16:51.319,-9.8810,0.0800,42.7772
2026-05-09T12:16:51.337,-9.8871,0.0800,42.7249
2026-05-09T12:16:51.353,-9.8925,0.0800,42.6685
2026-05-09T12:16:51.369,-9.8972,0.0800,42.6066
2026-05-09T12:16:51.384,-9.9004,0.0800,42.5508
2026-05-09T12:16:51.400,-9.9031,0.0800,42.4901
2026-05-09T12:16:51.417,-9.9044,0.0800,42.4327
2026-05-09T12:16:51.434,-9.9048,0.0800,42.3701
2026-05-09T12:16:51.453,-9.9041,0.0800,42.2988
2026-05-09T12:16:51.470,-9.9024,0.0800,42.2305
2026-05-09T12:16:51.487,-9.8994,0.0800,42.1548
2026-05-09T12:16:51.504,-9.8952,0.0800,42.0800
2026-05-09T12:16:51.521,-9.8906,0.0800,42.0114
2026-05-09T12:16:51.537,-9.8845,0.0800,41.9400
2026-05-09T12:16:51.553,-9.8773,0.0800,41.8688
2026-05-09T12:16:51.569,-9.8696,0.0800,41.8019
2026-05-09T12:16:51.586,-9.8611,0.0800,41.7363
2026-05-09T12:16:51.606,-9.8514,0.0800,41.6656
2026-05-09T12:16:51.624,-9.8397,0.0800,41.5904
2026-05-09T12:16:51.642,-9.8251,0.0800,41.5033
2026-05-09T12:16:51.659,-9.8112,0.0800,41.4267
2026-05-09T12:16:51.676,-9.7950,0.0800,41.3433
2026-05-09T12:16:51.692,-9.7794,0.0800,41.2677
2026-05-09T12:16:51.708,-9.7629,0.0800,41.1920
2026-05-09T12:16:51.726,-9.7469,0.0800,41.1218
2026-05-09T12:16:51.744,-9.7280,0.0800,41.0424
2026-05-09T12:16:51.763,-9.7099,0.0800,40.9702
2026-05-09T12:16:51.782,-9.6873,0.0800,40.8843
2026-05-09T12:16:51.799,-9.6655,0.0800,40.8052
2026-05-09T12:16:51.816,-9.6407,0.0800,40.7196
2026-05-09T12:16:51.832,-9.6184,0.0800,40.6457
2026-05-09T12:16:51.850,-9.5962,0.0800,40.5751
2026-05-09T12:16:51.867,-9.5730,0.0800,40.5038
2026-05-09T12:16:51.884,-9.5454,0.0800,40.4220
2026-05-09T12:16:51.902,-9.5221,0.0800,40.3550
2026-05-09T12:16:51.921,-9.4956,0.0800,40.2823
2026-05-09T12:16:51.940,-9.4673,0.0800,40.2074
2026-05-09T12:16:51.959,-9.4364,0.0800,40.1290
2026-05-09T12:16:51.977,-9.4042,0.0800,40.0504
2026-05-09T12:16:51.995,-9.3733,0.0800,39.9781
2026-05-09T12:16:52.014,-9.3414,0.0800,39.9065
2026-05-09T12:16:52.031,-9.3094,0.0800,39.8376
2026-05-09T12:16:52.049,-9.2739,0.0800,39.7640
2026-05-09T12:16:52.066,-9.2442,0.0800,39.7054
2026-05-09T12:16:52.085,-9.2118,0.0800,39.6431
2026-05-09T12:16:52.105,-9.1809,0.0800,39.5869
2026-05-09T12:16:52.123,-9.1459,0.0800,39.5257
2026-05-09T12:16:52.143,-9.1085,0.0800,39.4632
2026-05-09T12:16:52.162,-9.0733,0.0800,39.4071
2026-05-09T12:16:52.179,-9.0356,0.0800,39.3497
2026-05-09T12:16:52.196,-8.9977,0.0800,39.2947
2026-05-09T12:16:52.215,-8.9628,0.0800,39.2462
2026-05-09T12:16:52.233,-8.9277,0.0800,39.1994
2026-05-09T12:16:52.250,-8.8875,0.0800,39.1481
2026-05-09T12:16:52.267,-8.8488,0.0800,39.1007
2026-05-09T12:16:52.284,-8.8110,0.0800,39.0564
2026-05-09T12:16:52.301,-8.7742,0.0800,39.0145
2026-05-09T12:16:52.318,-8.7343,0.0800,38.9712
2026-05-09T12:16:52.336,-8.6956,0.0800,38.9310
2026-05-09T12:16:52.353,-8.6502,0.0800,38.8857
2026-05-09T12:16:52.369,-8.6087,0.0800,38.8460
2026-05-09T12:16:52.386,-8.5683,0.0800,38.8087
2026-05-09T12:16:52.404,-8.5279,0.0800,38.7725
2026-05-09T12:16:52.420,-8.4827,0.0800,38.7339
2026-05-09T12:16:52.437,-8.4372,0.0800,38.6966
2026-05-09T12:16:52.453,-8.3946,0.0800,38.6631
2026-05-09T12:16:52.469,-8.3492,0.0800,38.6288
2026-05-09T12:16:52.484,-8.3058,0.0800,38.5972
2026-05-09T12:16:52.500,-8.2625,0.0800,38.5666
2026-05-09T12:16:52.516,-8.2208,0.0800,38.5387
2026-05-09T12:16:52.533,-8.1760,0.0800,38.5098
2026-05-09T12:16:52.550,-8.1257,0.0800,38.4788
2026-05-09T12:16:52.565,-8.1183,0.0800,38.4515
2026-05-09T12:16:52.581,-8.1183,0.0800,38.4221
2026-05-09T12:16:52.595,-8.1180,0.0800,38.3947
2026-05-09T12:16:52.610,-8.1144,0.0800,38.3532
2026-05-09T12:16:52.626,-8.1040,0.0800,38.3116
2026-05-09T12:16:52.642,-8.0807,0.0800,38.2581
2026-05-09T12:16:52.658,-8.0368,0.0800,38.2006
2026-05-09T12:16:52.673,-7.9811,0.0800,38.1611
2026-05-09T12:16:52.688,-7.9109,0.0800,38.1253
2026-05-09T12:16:52.703,-7.8425,0.0800,38.0905
2026-05-09T12:16:52.718,-7.7709,0.0800,38.0540
2026-05-09T12:16:52.733,-7.7144,0.0800,38.0253
2026-05-09T12:16:52.747,-7.6460,0.0800,37.9904
2026-05-09T12:16:52.762,-7.5823,0.0800,37.9579
2026-05-09T12:16:52.781,-7.5177,0.0800,37.9249
2026-05-09T12:16:52.800,-7.4557,0.0800,37.8933
2026-05-09T12:16:52.817,-7.3676,0.0800,37.8484
2026-05-09T12:16:52.833,-7.2873,0.0800,37.8074
2026-05-09T12:16:52.848,-7.2137,0.0800,37.7699
2026-05-09T12:16:52.863,-7.1397,0.0800,37.7321
2026-05-09T12:16:52.879,-7.0750,0.0800,37.6991
2026-05-09T12:16:52.894,-7.0104,0.0800,37.6660
2026-05-09T12:16:52.909,-6.9361,0.0800,37.6280
2026-05-09T12:16:52.925,-6.8725,0.0800,37.5954
2026-05-09T12:16:52.940,-6.8046,0.0800,37.5606
2026-05-09T12:16:52.955,-6.7379,0.0800,37.5264
2026-05-09T12:16:52.970,-6.6668,0.0800,37.4899
2026-05-09T12:16:52.986,-6.6045,0.0800,37.4579
2026-05-09T12:16:53.004,-6.5373,0.0800,37.4234
2026-05-09T12:16:53.024,-6.4681,0.0800,37.3880
2026-05-09T12:16:53.036,-6.3911,0.0800,37.3496
2026-05-09T12:16:53.051,-6.3068,0.0800,37.3084
2026-05-09T12:16:53.066,-6.2574,0.0800,37.2849
2026-05-09T12:16:53.084,-6.1946,0.0800,37.2557
2026-05-09T12:16:53.103,-6.1330,0.0800,37.2274
2026-05-09T12:16:53.122,-6.0540,0.0800,37.1922
2026-05-09T12:16:53.137,-5.9826,0.0800,37.1616
2026-05-09T12:16:53.151,-5.9085,0.0800,37.1309
2026-05-09T12:16:53.164,-5.8682,0.0800,37.1153
2026-05-09T12:16:53.178,-5.8347,0.0800,37.1030
2026-05-09T12:16:53.193,-5.8227,0.0800,37.0988
2026-05-09T12:16:53.208,-5.8174,0.0800,37.0975
2026-05-09T12:16:53.222,-5.8196,0.0800,37.0986
2026-05-09T12:16:53.236,-5.8337,0.0800,37.1026
2026-05-09T12:16:53.250,-5.8574,0.0800,37.1091
2026-05-09T12:16:53.264,-5.8863,0.0800,37.1165
2026-05-09T12:16:53.277,-5.9133,0.0800,37.1227
2026-05-09T12:16:53.291,-5.9408,0.0800,37.1280
2026-05-09T12:16:53.305,-5.9730,0.0800,37.1340
2026-05-09T12:16:53.318,-6.0066,0.0800,37.1397
2026-05-09T12:16:53.332,-6.0365,0.0800,37.1437
2026-05-09T12:16:53.346,-6.0679,0.0800,37.1477
2026-05-09T12:16:53.359,-6.1024,0.0800,37.1515
2026-05-09T12:16:53.373,-6.1377,0.0800,37.1543
2026-05-09T12:16:53.387,-6.1669,0.0800,37.1564
2026-05-09T12:16:53.401,-6.2020,0.0800,37.1583
2026-05-09T12:16:53.415,-6.2347,0.0800,37.1590
2026-05-09T12:16:53.428,-6.2671,0.0800,37.1595
2026-05-09T12:16:53.442,-6.3018,0.0800,37.1594
2026-05-09T12:16:53.456,-6.3338,0.0800,37.1583
2026-05-09T12:16:53.470,-6.3669,0.0800,37.1569
2026-05-09T12:16:53.484,-6.4007,0.0800,37.1549
2026-05-09T12:16:53.498,-6.4349,0.0800,37.1518
2026-05-09T12:16:53.512,-6.4672,0.0800,37.1486
2026-05-09T12:16:53.526,-6.5023,0.0800,37.1444
2026-05-09T12:16:53.539,-6.5359,0.0800,37.1398
2026-05-09T12:16:53.553,-6.5671,0.0800,37.1344
2026-05-09T12:16:53.568,-6.5999,0.0800,37.1286
2026-05-09T12:16:53.582,-6.6318,0.0800,37.1223
2026-05-09T12:16:53.598,-6.6671,0.0800,37.1143
2026-05-09T12:16:53.612,-6.7008,0.0800,37.1063
2026-05-09T12:16:53.627,-6.7362,0.0800,37.0971
2026-05-09T12:16:53.640,-6.7702,0.0800,37.0875
2026-05-09T12:16:53.654,-6.8016,0.0800,37.0775
2026-05-09T12:16:53.673,-6.8294,0.0800,37.0684
2026-05-09T12:16:53.687,-6.8585,0.0800,37.0583
2026-05-09T12:16:53.701,-6.8955,0.0800,37.0446
2026-05-09T12:16:53.716,-6.9223,0.0800,37.0333
2026-05-09T12:16:53.729,-6.9481,0.0800,37.0224
2026-05-09T12:16:53.743,-6.9730,0.0800,37.0113
2026-05-09T12:16:53.756,-6.9951,0.0800,37.0004
2026-05-09T12:16:53.771,-7.0158,0.0800,36.9902
2026-05-09T12:16:53.785,-7.0369,0.0800,36.9793
2026-05-09T12:16:53.798,-7.0590,0.0800,36.9672
2026-05-09T12:16:53.812,-7.0793,0.0800,36.9551
2026-05-09T12:16:53.826,-7.0964,0.0800,36.9448
2026-05-09T12:16:53.840,-7.1159,0.0800,36.9326
2026-05-09T12:16:53.854,-7.1337,0.0800,36.9204
2026-05-09T12:16:53.868,-7.1512,0.0800,36.9084
2026-05-09T12:16:53.882,-7.1687,0.0800,36.8959
2026-05-09T12:16:53.896,-7.1847,0.0800,36.8834
2026-05-09T12:16:53.910,-7.2015,0.0800,36.8702
2026-05-09T12:16:53.924,-7.2173,0.0800,36.8573
2026-05-09T12:16:53.938,-7.2332,0.0800,36.8433
2026-05-09T12:16:53.952,-7.2479,0.0800,36.8302
2026-05-09T12:16:53.965,-7.2639,0.0800,36.8154
2026-05-09T12:16:53.979,-7.2783,0.0800,36.8015
2026-05-09T12:16:53.994,-7.2918,0.0800,36.7873
2026-05-09T12:16:54.008,-7.3065,0.0800,36.7719
2026-05-09T12:16:54.021,-7.3206,0.0800,36.7565
2026-05-09T12:16:54.035,-7.3334,0.0800,36.7412
2026-05-09T12:16:54.049,-7.3465,0.0800,36.7256
2026-05-09T12:16:54.063,-7.3591,0.0800,36.7099
2026-05-09T12:16:54.077,-7.3717,0.0800,36.6928
2026-05-09T12:16:54.091,-7.3831,0.0800,36.6773
2026-05-09T12:16:54.104,-7.3954,0.0800,36.6599
2026-05-09T12:16:54.119,-7.4065,0.0800,36.6433
2026-05-09T12:16:54.132,-7.4171,0.0800,36.6261
2026-05-09T12:16:54.147,-7.4281,0.0800,36.6083
2026-05-09T12:16:54.160,-7.4380,0.0800,36.5913
2026-05-09T12:16:54.174,-7.4483,0.0800,36.5721
2026-05-09T12:16:54.189,-7.4574,0.0800,36.5550
2026-05-09T12:16:54.201,-7.4666,0.0800,36.5367
2026-05-09T12:16:54.216,-7.4744,0.0800,36.5197
2026-05-09T12:16:54.230,-7.4804,0.0800,36.5064
2026-05-09T12:16:54.243,-7.4851,0.0800,36.4960
2026-05-09T12:16:54.258,-7.4879,0.0800,36.4887
2026-05-09T12:16:54.271,-7.4906,0.0800,36.4823
2026-05-09T12:16:54.285,-7.4917,0.0800,36.4803
2026-05-09T12:16:54.299,-7.4920,0.0800,36.4807
2026-05-09T12:16:54.314,-7.4914,0.0800,36.4829
2026-05-09T12:16:54.327,-7.4907,0.0800,36.4870
2026-05-09T12:16:54.341,-7.4895,0.0800,36.4944
2026-05-09T12:16:54.356,-7.4878,0.0800,36.5018
2026-05-09T12:16:54.369,-7.4865,0.0800,36.5108
2026-05-09T12:16:54.383,-7.4850,0.0800,36.5223
2026-05-09T12:16:54.397,-7.4831,0.0800,36.5353
2026-05-09T12:16:54.411,-7.4816,0.0800,36.5501
2026-05-09T12:16:54.425,-7.4799,0.0800,36.5704
2026-05-09T12:16:54.438,-7.4785,0.0800,36.5925
2026-05-09T12:16:54.452,-7.4769,0.0800,36.6188
2026-05-09T12:16:54.466,-7.4760,0.0800,36.6489
2026-05-09T12:16:54.480,-7.4756,0.0800,36.6828
2026-05-09T12:16:54.495,-7.4755,0.0800,36.7172
2026-05-09T12:16:54.509,-7.4765,0.0800,36.7549
2026-05-09T12:16:54.522,-7.4782,0.0800,36.7946
2026-05-09T12:16:54.536,-7.4804,0.0800,36.8368
2026-05-09T12:16:54.550,-7.4836,0.0800,36.8760
2026-05-09T12:16:54.563,-7.4875,0.0800,36.9161
2026-05-09T12:16:54.578,-7.4925,0.0800,36.9622
2026-05-09T12:16:54.592,-7.4981,0.0800,37.0048
2026-05-09T12:16:54.606,-7.5055,0.0800,37.0551
2026-05-09T12:16:54.619,-7.5141,0.0800,37.1078
2026-05-09T12:16:54.633,-7.5234,0.0800,37.1615
2026-05-09T12:16:54.647,-7.5335,0.0800,37.2146
2026-05-09T12:16:54.661,-7.5447,0.0800,37.2699
2026-05-09T12:16:54.675,-7.5580,0.0800,37.3330
2026-05-09T12:16:54.689,-7.5722,0.0800,37.3962
2026-05-09T12:16:54.703,-7.5868,0.0800,37.4589
2026-05-09T12:16:54.717,-7.6022,0.0800,37.5230
2026-05-09T12:16:54.730,-7.6171,0.0800,37.5824
2026-05-09T12:16:54.744,-7.6347,0.0800,37.6505
2026-05-09T12:16:54.759,-7.6498,0.0800,37.7077
2026-05-09T12:16:54.773,-7.6684,0.0800,37.7755
2026-05-09T12:16:54.786,-7.6865,0.0800,37.8399
2026-05-09T12:16:54.800,-7.7050,0.0800,37.9041
2026-05-09T12:16:54.814,-7.7233,0.0800,37.9665
2026-05-09T12:16:54.828,-7.7427,0.0800,38.0061
2026-05-09T12:16:54.841,-7.7664,0.0800,38.0077
2026-05-09T12:16:54.856,-7.7950,0.0800,38.0127
2026-05-09T12:16:54.869,-7.8280,0.0800,38.0222
2026-05-09T12:16:54.882,-7.8685,0.0800,38.0391
2026-05-09T12:16:54.896,-7.9100,0.0800,38.0652
2026-05-09T12:16:54.910,-7.9497,0.0800,38.1010
2026-05-09T12:16:54.924,-7.9873,0.0800,38.1503
2026-05-09T12:16:54.938,-8.0152,0.0800,38.2154
2026-05-09T12:16:54.951,-8.0350,0.0800,38.2771
2026-05-09T12:16:54.964,-8.0569,0.0800,38.3456
2026-05-09T12:16:54.978,-8.0770,0.0800,38.4086
2026-05-09T12:16:54.993,-8.1004,0.0800,38.4821
2026-05-09T12:16:55.008,-8.1185,0.0800,38.5388
2026-05-09T12:16:55.024,-8.1400,0.0800,38.6063
2026-05-09T12:16:55.042,-8.1630,0.0800,38.6787
2026-05-09T12:16:55.060,-8.1860,0.0800,38.7510
2026-05-09T12:16:55.077,-8.2125,0.0800,38.8346
2026-05-09T12:16:55.094,-8.2386,0.0800,38.9192
2026-05-09T12:16:55.111,-8.2624,0.0800,38.9982
2026-05-09T12:16:55.130,-8.2851,0.0800,39.0755
2026-05-09T12:16:55.146,-8.3096,0.0800,39.1617
2026-05-09T12:16:55.162,-8.3313,0.0800,39.2411
2026-05-09T12:16:55.179,-8.3509,0.0800,39.3146
2026-05-09T12:16:55.196,-8.3690,0.0800,39.3857
2026-05-09T12:16:55.214,-8.3896,0.0800,39.4692
2026-05-09T12:16:55.232,-8.4076,0.0800,39.5448
2026-05-09T12:16:55.249,-8.4265,0.0800,39.6273
2026-05-09T12:16:55.267,-8.4448,0.0800,39.7107
2026-05-09T12:16:55.286,-8.4630,0.0800,39.7950
2026-05-09T12:16:55.303,-8.4812,0.0800,39.8800
2026-05-09T12:16:55.320,-8.5012,0.0800,39.9739
2026-05-09T12:16:55.337,-8.5188,0.0800,40.0565
2026-05-09T12:16:55.355,-8.5368,0.0800,40.1414
2026-05-09T12:16:55.372,-8.5544,0.0800,40.2240
2026-05-09T12:16:55.389,-8.5725,0.0800,40.3090
2026-05-09T12:16:55.406,-8.5897,0.0800,40.3862
2026-05-09T12:16:55.424,-8.6079,0.0800,40.4654
2026-05-09T12:16:55.442,-8.6265,0.0800,40.5423
2026-05-09T12:16:55.459,-8.6466,0.0800,40.6219
2026-05-09T12:16:55.476,-8.6681,0.0800,40.7039
2026-05-09T12:16:55.494,-8.6886,0.0800,40.7790
2026-05-09T12:16:55.512,-8.7110,0.0800,40.8582
2026-05-09T12:16:55.529,-8.7342,0.0800,40.9372
2026-05-09T12:16:55.546,-8.7604,0.0800,41.0238
2026-05-09T12:16:55.564,-8.7836,0.0800,41.0991
2026-05-09T12:16:55.581,-8.8108,0.0800,41.1865
2026-05-09T12:16:55.599,-8.8352,0.0800,41.2651
2026-05-09T12:16:55.617,-8.8622,0.0800,41.3521
2026-05-09T12:16:55.633,-8.8869,0.0800,41.4316
2026-05-09T12:16:55.650,-8.9135,0.0800,41.5173
2026-05-09T12:16:55.666,-8.9373,0.0800,41.5941
2026-05-09T12:16:55.684,-8.9624,0.0800,41.6756
2026-05-09T12:16:55.702,-8.9858,0.0800,41.7515
2026-05-09T12:16:55.719,-9.0118,0.0800,41.8359
2026-05-09T12:16:55.738,-9.0371,0.0800,41.9183
2026-05-09T12:16:55.756,-9.0620,0.0800,42.0000
2026-05-09T12:16:55.772,-9.0881,0.0800,42.0877
2026-05-09T12:16:55.789,-9.1106,0.0800,42.1658
2026-05-09T12:16:55.805,-9.1320,0.0800,42.2420
2026-05-09T12:16:55.824,-9.1525,0.0800,42.3173
2026-05-09T12:16:55.841,-9.1733,0.0800,42.3966
2026-05-09T12:16:55.859,-9.1933,0.0800,42.4761
2026-05-09T12:16:55.876,-9.2130,0.0800,42.5576
2026-05-09T12:16:55.894,-9.2316,0.0800,42.6377
2026-05-09T12:16:55.912,-9.2513,0.0800,42.7265
2026-05-09T12:16:55.929,-9.2669,0.0800,42.8005
2026-05-09T12:16:55.947,-9.2827,0.0800,42.8797
2026-05-09T12:16:55.964,-9.2985,0.0800,42.9646
2026-05-09T12:16:55.983,-9.3102,0.0800,43.0309
2026-05-09T12:16:56.002,-9.3233,0.0800,43.1131
2026-05-09T12:16:56.022,-9.3341,0.0800,43.1882
2026-05-09T12:16:56.039,-9.3453,0.0800,43.2732
2026-05-09T12:16:56.057,-9.3556,0.0800,43.3602
2026-05-09T12:16:56.075,-9.3648,0.0800,43.4460
2026-05-09T12:16:56.094,-9.3733,0.0800,43.5312
2026-05-09T12:16:56.115,-9.3816,0.0800,43.6191
2026-05-09T12:16:56.133,-9.3910,0.0800,43.7158
2026-05-09T12:16:56.151,-9.4011,0.0800,43.8201
2026-05-09T12:16:56.168,-9.4098,0.0800,43.9093
2026-05-09T12:16:56.186,-9.4181,0.0800,43.9946
2026-05-09T12:16:56.205,-9.4265,0.0800,44.0806
2026-05-09T12:16:56.224,-9.4364,0.0800,44.1830
2026-05-09T12:16:56.242,-9.4445,0.0800,44.2662
2026-05-09T12:16:56.260,-9.4536,0.0800,44.3597
2026-05-09T12:16:56.277,-9.4623,0.0800,44.4487
2026-05-09T12:16:56.294,-9.4710,0.0800,44.5379
2026-05-09T12:16:56.311,-9.4797,0.0800,44.6271
2026-05-09T12:16:56.328,-9.4873,0.0800,44.7045
2026-05-09T12:16:56.346,-9.4963,0.0800,44.7966
2026-05-09T12:16:56.362,-9.5039,0.0800,44.8740
2026-05-09T12:16:56.381,-9.5125,0.0800,44.9616
2026-05-09T12:16:56.399,-9.5206,0.0800,45.0430
2026-05-09T12:16:56.416,-9.5299,0.0800,45.1369
2026-05-09T12:16:56.433,-9.5383,0.0800,45.2212
2026-05-09T12:16:56.450,-9.5469,0.0800,45.3065
2026-05-09T12:16:56.467,-9.5550,0.0800,45.3882
2026-05-09T12:16:56.482,-9.5629,0.0800,45.4726
2026-05-09T12:16:56.498,-9.5698,0.0800,45.5496
2026-05-09T12:16:56.513,-9.5760,0.0800,45.6247
2026-05-09T12:16:56.530,-9.5820,0.0800,45.7026
2026-05-09T12:16:56.546,-9.5876,0.0800,45.7820
2026-05-09T12:16:56.562,-9.5923,0.0800,45.8545
2026-05-09T12:16:56.577,-9.5969,0.0800,45.9366
2026-05-09T12:16:56.593,-9.6001,0.0800,46.0042
2026-05-09T12:16:56.608,-9.6031,0.0800,46.0798
2026-05-09T12:16:56.622,-9.6052,0.0800,46.1485
2026-05-09T12:16:56.639,-9.6071,0.0800,46.2215
2026-05-09T12:16:56.654,-9.6080,0.0800,46.2875
2026-05-09T12:16:56.671,-9.6084,0.0800,46.3654
2026-05-09T12:16:56.686,-9.6081,0.0800,46.4323
2026-05-09T12:16:56.700,-9.6069,0.0800,46.5087
2026-05-09T12:16:56.716,-9.6054,0.0800,46.5727
2026-05-09T12:16:56.731,-9.6030,0.0800,46.6368
2026-05-09T12:16:56.746,-9.5998,0.0800,46.7022
2026-05-09T12:16:56.761,-9.5960,0.0800,46.7635
2026-05-09T12:16:56.776,-9.5914,0.0800,46.8281
2026-05-09T12:16:56.791,-9.5856,0.0800,46.8938
2026-05-09T12:16:56.808,-9.5798,0.0800,46.9499
2026-05-09T12:16:56.824,-9.5727,0.0800,47.0108
2026-05-09T12:16:56.840,-9.5641,0.0800,47.0783
2026-05-09T12:16:56.855,-9.5552,0.0800,47.1385
2026-05-09T12:16:56.870,-9.5453,0.0800,47.1993
2026-05-09T12:16:56.885,-9.5349,0.0800,47.2582
2026-05-09T12:16:56.900,-9.5242,0.0800,47.3146
2026-05-09T12:16:56.916,-9.5127,0.0800,47.3695
2026-05-09T12:16:56.932,-9.5003,0.0800,47.4245
2026-05-09T12:16:56.948,-9.4855,0.0800,47.4862
2026-05-09T12:16:56.963,-9.4702,0.0800,47.5455
2026-05-09T12:16:56.978,-9.4547,0.0800,47.6029
2026-05-09T12:16:56.993,-9.4399,0.0800,47.6534
2026-05-09T12:16:57.009,-9.4228,0.0800,47.7085
2026-05-09T12:16:57.023,-9.4064,0.0800,47.7584
2026-05-09T12:16:57.042,-9.3878,0.0800,47.8129
2026-05-09T12:16:57.054,-9.3706,0.0800,47.8597
2026-05-09T12:16:57.070,-9.3449,0.0800,47.9266
2026-05-09T12:16:57.086,-9.3320,0.0800,47.9577
2026-05-09T12:16:57.102,-9.3114,0.0800,48.0064
2026-05-09T12:16:57.118,-9.2913,0.0800,48.0510
2026-05-09T12:16:57.134,-9.2712,0.0800,48.0932
2026-05-09T12:16:57.149,-9.2522,0.0800,48.1310
2026-05-09T12:16:57.165,-9.2334,0.0800,48.1665
2026-05-09T12:16:57.180,-9.2155,0.0800,48.1994
2026-05-09T12:16:57.195,-9.1965,0.0800,48.2320
2026-05-09T12:16:57.211,-9.1799,0.0800,48.2588
2026-05-09T12:16:57.224,-9.1637,0.0800,48.2837
2026-05-09T12:16:57.238,-9.1483,0.0800,48.3062
2026-05-09T12:16:57.253,-9.1349,0.0800,48.3256
2026-05-09T12:16:57.267,-9.1197,0.0800,48.3460
2026-05-09T12:16:57.282,-9.1038,0.0800,48.3662
2026-05-09T12:16:57.296,-9.0885,0.0800,48.3856
2026-05-09T12:16:57.311,-9.0744,0.0800,48.4021
2026-05-09T12:16:57.324,-9.0593,0.0800,48.4190
2026-05-09T12:16:57.338,-9.0450,0.0800,48.4342
2026-05-09T12:16:57.352,-9.0309,0.0800,48.4492
2026-05-09T12:16:57.367,-9.0192,0.0800,48.4606
2026-05-09T12:16:57.382,-9.0076,0.0800,48.4713
2026-05-09T12:16:57.398,-8.9959,0.0800,48.4823
2026-05-09T12:16:57.413,-8.9837,0.0800,48.4926
2026-05-09T12:16:57.428,-8.9712,0.0800,48.5026
2026-05-09T12:16:57.443,-8.9587,0.0800,48.5122
2026-05-09T12:16:57.460,-8.9471,0.0800,48.5212
2026-05-09T12:16:57.477,-8.9282,0.0800,48.5345
2026-05-09T12:16:57.492,-8.9006,0.0800,48.5534
2026-05-09T12:16:57.507,-8.8703,0.0800,48.5733
2026-05-09T12:16:57.521,-8.8509,0.0800,48.5859
2026-05-09T12:16:57.537,-8.8297,0.0800,48.5996
2026-05-09T12:16:57.553,-8.8134,0.0800,48.6102
2026-05-09T12:16:57.571,-8.8015,0.0800,48.6178
2026-05-09T12:16:57.588,-8.7894,0.0800,48.6256
2026-05-09T12:16:57.603,-8.7799,0.0800,48.6318
2026-05-09T12:16:57.619,-8.7686,0.0800,48.6391
2026-05-09T12:16:57.633,-8.7549,0.0800,48.6480
2026-05-09T12:16:57.648,-8.7372,0.0800,48.6598
2026-05-09T12:16:57.663,-8.7092,0.0800,48.6790
2026-05-09T12:16:57.680,-8.6762,0.0800,48.7020
2026-05-09T12:16:57.696,-8.6463,0.0800,48.7241
2026-05-09T12:16:57.711,-8.6149,0.0800,48.7485
2026-05-09T12:16:57.726,-8.5883,0.0800,48.7703
2026-05-09T12:16:57.741,-8.5622,0.0800,48.7926
2026-05-09T12:16:57.756,-8.5418,0.0800,48.8103
2026-05-09T12:16:57.770,-8.5197,0.0800,48.8309
2026-05-09T12:16:57.785,-8.4995,0.0800,48.8507
2026-05-09T12:16:57.799,-8.4807,0.0800,48.8699
2026-05-09T12:16:57.813,-8.4634,0.0800,48.8877
2026-05-09T12:16:57.828,-8.4483,0.0800,48.9045
2026-05-09T12:16:57.841,-8.4324,0.0800,48.9229
2026-05-09T12:16:57.855,-8.4194,0.0800,48.9381
2026-05-09T12:16:57.869,-8.4073,0.0800,48.9535
2026-05-09T12:16:57.883,-8.3957,0.0800,48.9690
2026-05-09T12:16:57.896,-8.3844,0.0800,48.9841
2026-05-09T12:16:57.910,-8.3746,0.0800,48.9984
2026-05-09T12:16:57.924,-8.3661,0.0800,49.0115
2026-05-09T12:16:57.937,-8.3578,0.0800,49.0248
2026-05-09T12:16:57.951,-8.3509,0.0800,49.0357
2026-05-09T12:16:57.964,-8.3446,0.0800,49.0471
2026-05-09T12:16:57.978,-8.3385,0.0800,49.0587
2026-05-09T12:16:57.993,-8.3328,0.0800,49.0691
2026-05-09T12:16:58.006,-8.3275,0.0800,49.0802
2026-05-09T12:16:58.020,-8.3226,0.0800,49.0913
2026-05-09T12:16:58.034,-8.3182,0.0800,49.1007
2026-05-09T12:16:58.048,-8.3145,0.0800,49.1102
2026-05-09T12:16:58.061,-8.3111,0.0800,49.1197
2026-05-09T12:16:58.076,-8.3075,0.0800,49.1289
2026-05-09T12:16:58.090,-8.3048,0.0800,49.1376
2026-05-09T12:16:58.103,-8.3018,0.0800,49.1478
2026-05-09T12:16:58.117,-8.2990,0.0800,49.1568
2026-05-09T12:16:58.132,-8.2967,0.0800,49.1661
2026-05-09T12:16:58.146,-8.2944,0.0800,49.1763
2026-05-09T12:16:58.159,-8.2924,0.0800,49.1859
2026-05-09T12:16:58.173,-8.2903,0.0800,49.1956
2026-05-09T12:16:58.188,-8.2889,0.0800,49.2047
2026-05-09T12:16:58.200,-8.2874,0.0800,49.2154
2026-05-09T12:16:58.215,-8.2854,0.0800,49.2285
2026-05-09T12:16:58.229,-8.2843,0.0800,49.2400
2026-05-09T12:16:58.243,-8.2825,0.0800,49.2594
2026-05-09T12:16:58.257,-8.2800,0.0800,49.2870
2026-05-09T12:16:58.271,-8.2780,0.0800,49.3220
2026-05-09T12:16:58.285,-8.2759,0.0800,49.3693
2026-05-09T12:16:58.298,-8.2744,0.0800,49.4215
2026-05-09T12:16:58.313,-8.2734,0.0800,49.4757
2026-05-09T12:16:58.327,-8.2733,0.0800,49.5317
2026-05-09T12:16:58.340,-8.2739,0.0800,49.6019
2026-05-09T12:16:58.354,-8.2748,0.0800,49.6559
2026-05-09T12:16:58.369,-8.2765,0.0800,49.7140
2026-05-09T12:16:58.382,-8.2790,0.0800,49.7807
2026-05-09T12:16:58.396,-8.2820,0.0800,49.8485
2026-05-09T12:16:58.411,-8.2856,0.0800,49.9121
2026-05-09T12:16:58.425,-8.2894,0.0800,49.9719
2026-05-09T12:16:58.437,-8.2946,0.0800,50.0427
2026-05-09T12:16:58.452,-8.2993,0.0800,50.1021
2026-05-09T12:16:58.466,-8.3044,0.0800,50.1591
2026-05-09T12:16:58.480,-8.3113,0.0800,50.2289
2026-05-09T12:16:58.494,-8.3179,0.0800,50.2930
2026-05-09T12:16:58.508,-8.3253,0.0800,50.3559
2026-05-09T12:16:58.522,-8.3332,0.0800,50.4189
2026-05-09T12:16:58.535,-8.3416,0.0800,50.4829
2026-05-09T12:16:58.549,-8.3504,0.0800,50.5444
2026-05-09T12:16:58.563,-8.3598,0.0800,50.6066
2026-05-09T12:16:58.577,-8.3703,0.0800,50.6727
2026-05-09T12:16:58.591,-8.3802,0.0800,50.7314
2026-05-09T12:16:58.605,-8.3919,0.0800,50.7969
2026-05-09T12:16:58.619,-8.4035,0.0800,50.8592
2026-05-09T12:16:58.632,-8.4155,0.0800,50.9215
2026-05-09T12:16:58.646,-8.4494,0.0800,50.9587
2026-05-09T12:16:58.660,-8.4846,0.0800,51.0000
2026-05-09T12:16:58.675,-8.5170,0.0800,51.0595
2026-05-09T12:16:58.688,-8.5307,0.0800,51.1212
2026-05-09T12:16:58.702,-8.5464,0.0800,51.1911
2026-05-09T12:16:58.716,-8.5617,0.0800,51.2594
2026-05-09T12:16:58.730,-8.5761,0.0800,51.3237
2026-05-09T12:16:58.743,-8.5919,0.0800,51.3945
2026-05-09T12:16:58.757,-8.6064,0.0800,51.4589
2026-05-09T12:16:58.771,-8.6209,0.0800,51.5235
2026-05-09T12:16:58.785,-8.6365,0.0800,51.5929
2026-05-09T12:16:58.798,-8.6517,0.0800,51.6606
2026-05-09T12:16:58.813,-8.6667,0.0800,51.7276
2026-05-09T12:16:58.827,-8.6808,0.0800,51.7905
2026-05-09T12:16:58.841,-8.6983,0.0800,51.8685
2026-05-09T12:16:58.855,-8.7124,0.0800,51.9315
2026-05-09T12:16:58.868,-8.7272,0.0800,51.9978
2026-05-09T12:16:58.882,-8.7425,0.0800,52.0660
2026-05-09T12:16:58.896,-8.7565,0.0800,52.1286
2026-05-09T12:16:58.910,-8.7716,0.0800,52.1960
2026-05-09T12:16:58.925,-8.7863,0.0800,52.2618
2026-05-09T12:16:58.938,-8.8016,0.0800,52.3298
2026-05-09T12:16:58.952,-8.8173,0.0800,52.3996
2026-05-09T12:16:58.966,-8.8324,0.0800,52.4669
2026-05-09T12:16:58.980,-8.8471,0.0800,52.5324
2026-05-09T12:16:58.994,-8.8623,0.0800,52.6004
2026-05-09T12:16:59.008,-8.8776,0.0800,52.6683
2026-05-09T12:16:59.022,-8.8925,0.0800,52.7349
2026-05-09T12:16:59.035,-8.9081,0.0800,52.8041
2026-05-09T12:16:59.050,-8.9226,0.0800,52.8684
2026-05-09T12:16:59.062,-8.9371,0.0800,52.9326
2026-05-09T12:16:59.077,-8.9535,0.0800,53.0048
2026-05-09T12:16:59.091,-8.9671,0.0800,53.0649
2026-05-09T12:16:59.105,-8.9836,0.0800,53.1375
2026-05-09T12:16:59.119,-8.9985,0.0800,53.2031
2026-05-09T12:16:59.132,-9.0136,0.0800,53.2698
2026-05-09T12:16:59.146,-9.0291,0.0800,53.3377
2026-05-09T12:16:59.160,-9.0439,0.0800,53.4029
2026-05-09T12:16:59.175,-9.0588,0.0800,53.4684
2026-05-09T12:16:59.189,-9.0742,0.0800,53.5362
2026-05-09T12:16:59.202,-9.0895,0.0800,53.6041
2026-05-09T12:16:59.216,-9.1043,0.0800,53.6705
2026-05-09T12:16:59.230,-9.1174,0.0800,53.7314
2026-05-09T12:16:59.244,-9.1324,0.0800,53.8023
2026-05-09T12:16:59.258,-9.1456,0.0800,53.8662
2026-05-09T12:16:59.271,-9.1589,0.0800,53.9336
2026-05-09T12:16:59.285,-9.1705,0.0800,53.9943
2026-05-09T12:16:59.298,-9.1830,0.0800,54.0620
2026-05-09T12:16:59.314,-9.1939,0.0800,54.1231
2026-05-09T12:16:59.327,-9.2039,0.0800,54.1819
2026-05-09T12:16:59.341,-9.2156,0.0800,54.2544
2026-05-09T12:16:59.355,-9.2247,0.0800,54.3137
2026-05-09T12:16:59.370,-9.2338,0.0800,54.3768
2026-05-09T12:16:59.383,-9.2426,0.0800,54.4418
2026-05-09T12:16:59.396,-9.2511,0.0800,54.5079
2026-05-09T12:16:59.411,-9.2586,0.0800,54.5715
2026-05-09T12:16:59.425,-9.2645,0.0800,54.6262
2026-05-09T12:16:59.438,-9.2714,0.0800,54.6955
2026-05-09T12:16:59.453,-9.2773,0.0800,54.7588
2026-05-09T12:16:59.466,-9.2819,0.0800,54.8159
2026-05-09T12:16:59.480,-9.2868,0.0800,54.8831
2026-05-09T12:16:59.494,-9.2908,0.0800,54.9442
2026-05-09T12:16:59.508,-9.2942,0.0800,55.0092
2026-05-09T12:16:59.521,-9.2971,0.0800,55.0729
2026-05-09T12:16:59.535,-9.2996,0.0800,55.1371
2026-05-09T12:16:59.549,-9.3016,0.0800,55.2034
2026-05-09T12:16:59.562,-9.3033,0.0800,55.2701
2026-05-09T12:16:59.577,-9.3049,0.0800,55.3383
2026-05-09T12:16:59.591,-9.3065,0.0800,55.4122
2026-05-09T12:16:59.604,-9.3079,0.0800,55.4753
2026-05-09T12:16:59.618,-9.3095,0.0800,55.5456
2026-05-09T12:16:59.632,-9.3111,0.0800,55.6133
2026-05-09T12:16:59.645,-9.3125,0.0800,55.6797
2026-05-09T12:16:59.659,-9.3141,0.0800,55.7501
2026-05-09T12:16:59.673,-9.3156,0.0800,55.8185
2026-05-09T12:16:59.687,-9.3171,0.0800,55.8840
2026-05-09T12:16:59.700,-9.3187,0.0800,55.9576
2026-05-09T12:16:59.715,-9.3202,0.0800,56.0261
2026-05-09T12:16:59.728,-9.3216,0.0800,56.0924
2026-05-09T12:16:59.742,-9.3232,0.0800,56.1652
2026-05-09T12:16:59.756,-9.3246,0.0800,56.2303
2026-05-09T12:16:59.770,-9.3261,0.0800,56.2989
2026-05-09T12:16:59.784,-9.3277,0.0800,56.3693
2026-05-09T12:16:59.799,-9.3292,0.0800,56.4368
2026-05-09T12:16:59.814,-9.3310,0.0800,56.5118
2026-05-09T12:16:59.829,-9.3324,0.0800,56.5790
2026-05-09T12:16:59.845,-9.3338,0.0800,56.6540
2026-05-09T12:16:59.861,-9.3348,0.0800,56.7275
2026-05-09T12:16:59.881,-9.3354,0.0800,56.8080
2026-05-09T12:16:59.901,-9.3354,0.0800,56.8831
2026-05-09T12:16:59.919,-9.3346,0.0800,56.9786
2026-05-09T12:16:59.935,-9.3329,0.0800,57.0719
2026-05-09T12:16:59.950,-9.3305,0.0800,57.1507
2026-05-09T12:16:59.965,-9.3277,0.0800,57.2210
2026-05-09T12:16:59.981,-9.3244,0.0800,57.2898
2026-05-09T12:16:59.996,-9.3204,0.0800,57.3538
2026-05-09T12:17:00.014,-9.3153,0.0800,57.4235
2026-05-09T12:17:00.033,-9.3097,0.0800,57.4879
2026-05-09T12:17:00.049,-9.3014,0.0800,57.5695
2026-05-09T12:17:00.065,-9.2934,0.0800,57.6372
2026-05-09T12:17:00.083,-9.2848,0.0800,57.7046
2026-05-09T12:17:00.098,-9.2753,0.0800,57.7682
2026-05-09T12:17:00.117,-9.2641,0.0800,57.8372
2026-05-09T12:17:00.134,-9.2526,0.0800,57.9013
2026-05-09T12:17:00.151,-9.2389,0.0800,57.9714
2026-05-09T12:17:00.167,-9.2243,0.0800,58.0398
2026-05-09T12:17:00.185,-9.2096,0.0800,58.1036
2026-05-09T12:17:00.204,-9.1939,0.0800,58.1683
2026-05-09T12:17:00.222,-9.1746,0.0800,58.2413
2026-05-09T12:17:00.239,-9.1556,0.0800,58.3082
2026-05-09T12:17:00.258,-9.1354,0.0800,58.3751
2026-05-09T12:17:00.278,-9.1148,0.0800,58.4390
2026-05-09T12:17:00.298,-9.0927,0.0800,58.5038
2026-05-09T12:17:00.315,-9.0672,0.0800,58.5737
2026-05-09T12:17:00.332,-9.0454,0.0800,58.6294
2026-05-09T12:17:00.350,-9.0241,0.0800,58.6803
2026-05-09T12:17:00.367,-9.0052,0.0800,58.7229
2026-05-09T12:17:00.387,-8.9856,0.0800,58.7655
2026-05-09T12:17:00.407,-8.9650,0.0800,58.8065
2026-05-09T12:17:00.427,-8.9428,0.0800,58.8480
2026-05-09T12:17:00.445,-8.9229,0.0800,58.8829
2026-05-09T12:17:00.463,-8.9050,0.0800,58.9120
2026-05-09T12:17:00.482,-8.8874,0.0800,58.9388
2026-05-09T12:17:00.501,-8.8720,0.0800,58.9607
2026-05-09T12:17:00.519,-8.8547,0.0800,58.9842
2026-05-09T12:17:00.539,-8.8375,0.0800,59.0060
2026-05-09T12:17:00.558,-8.8207,0.0800,59.0262
2026-05-09T12:17:00.576,-8.8018,0.0800,59.0476
2026-05-09T12:17:00.594,-8.7839,0.0800,59.0667
2026-05-09T12:17:00.611,-8.7654,0.0800,59.0855
2026-05-09T12:17:00.628,-8.7474,0.0800,59.1027
2026-05-09T12:17:00.646,-8.7378,0.0800,59.1194
2026-05-09T12:17:00.664,-8.7378,0.0800,59.1351
2026-05-09T12:17:00.684,-8.7377,0.0800,59.1514
2026-05-09T12:17:00.704,-8.7377,0.0800,59.1666
2026-05-09T12:17:00.722,-8.7376,0.0800,59.1826
2026-05-09T12:17:00.741,-8.7376,0.0800,59.1971
2026-05-09T12:17:00.760,-8.7376,0.0800,59.2109
2026-05-09T12:17:00.779,-8.7376,0.0800,59.2235
2026-05-09T12:17:00.797,-8.7371,0.0800,59.2417
2026-05-09T12:17:00.818,-8.7352,0.0800,59.2661
2026-05-09T12:17:00.834,-8.7313,0.0800,59.2901
2026-05-09T12:17:00.851,-8.7231,0.0800,59.3245
2026-05-09T12:17:00.868,-8.7104,0.0800,59.3593
2026-05-09T12:17:00.885,-8.6919,0.0800,59.3952
2026-05-09T12:17:00.902,-8.6665,0.0800,59.4313
2026-05-09T12:17:00.920,-8.6319,0.0800,59.4669
2026-05-09T12:17:00.939,-8.5814,0.0800,59.5005
2026-05-09T12:17:00.957,-8.5236,0.0800,59.5195
2026-05-09T12:17:00.975,-8.4565,0.0800,59.5401
2026-05-09T12:17:00.992,-8.3959,0.0800,59.5573
2026-05-09T12:17:01.009,-8.3342,0.0800,59.5735
2026-05-09T12:17:01.025,-8.2735,0.0800,59.5882
2026-05-09T12:17:01.042,-8.2108,0.0800,59.6025
2026-05-09T12:17:01.060,-8.1515,0.0800,59.6147
2026-05-09T12:17:01.079,-8.0865,0.0800,59.6268
2026-05-09T12:17:01.099,-8.0220,0.0800,59.6377
2026-05-09T12:17:01.119,-7.9458,0.0800,59.6493
2026-05-09T12:17:01.137,-7.8749,0.0800,59.6585
2026-05-09T12:17:01.155,-7.8041,0.0800,59.6661
2026-05-09T12:17:01.173,-7.7459,0.0800,59.6711
2026-05-09T12:17:01.190,-7.6918,0.0800,59.6744
2026-05-09T12:17:01.207,-7.6387,0.0800,59.6765
2026-05-09T12:17:01.226,-7.5887,0.0800,59.6778
2026-05-09T12:17:01.246,-7.5396,0.0800,59.6775
2026-05-09T12:17:01.264,-7.4930,0.0800,59.6760
2026-05-09T12:17:01.283,-7.4423,0.0800,59.6733
2026-05-09T12:17:01.301,-7.3957,0.0800,59.6694
2026-05-09T12:17:01.318,-7.3494,0.0800,59.6645
2026-05-09T12:17:01.335,-7.3062,0.0800,59.6587
2026-05-09T12:17:01.354,-7.2658,0.0800,59.6523
2026-05-09T12:17:01.373,-7.2257,0.0800,59.6450
2026-05-09T12:17:01.393,-7.1815,0.0800,59.6359
2026-05-09T12:17:01.411,-7.1345,0.0800,59.6249
2026-05-09T12:17:01.428,-7.0920,0.0800,59.6137
2026-05-09T12:17:01.444,-7.0507,0.0800,59.6016
2026-05-09T12:17:01.464,-7.0153,0.0800,59.5908
2026-05-09T12:17:01.483,-6.9764,0.0800,59.5774
2026-05-09T12:17:01.503,-6.9393,0.0800,59.5635
2026-05-09T12:17:01.522,-6.9035,0.0800,59.5490
2026-05-09T12:17:01.540,-6.8661,0.0800,59.5327
2026-05-09T12:17:01.558,-6.8308,0.0800,59.5160
2026-05-09T12:17:01.577,-6.7987,0.0800,59.4997
2026-05-09T12:17:01.596,-6.7682,0.0800,59.4832
2026-05-09T12:17:01.616,-6.7356,0.0800,59.4645
2026-05-09T12:17:01.635,-6.7075,0.0800,59.4472
2026-05-09T12:17:01.653,-6.6792,0.0800,59.4287
2026-05-09T12:17:01.670,-6.6557,0.0800,59.4123
2026-05-09T12:17:01.689,-6.6342,0.0800,59.3963
2026-05-09T12:17:01.708,-6.6140,0.0800,59.3805
2026-05-09T12:17:01.727,-6.5924,0.0800,59.3633
2026-05-09T12:17:01.748,-6.5698,0.0800,59.3435
2026-05-09T12:17:01.768,-6.5498,0.0800,59.3249
2026-05-09T12:17:01.787,-6.5270,0.0800,59.3025
2026-05-09T12:17:01.805,-6.5076,0.0800,59.2821
2026-05-09T12:17:01.822,-6.4888,0.0800,59.2613
2026-05-09T12:17:01.840,-6.4714,0.0800,59.2408
2026-05-09T12:17:01.858,-6.4555,0.0800,59.2211
2026-05-09T12:17:01.875,-6.4386,0.0800,59.1991
2026-05-09T12:17:01.894,-6.4200,0.0800,59.1737
2026-05-09T12:17:01.913,-6.4005,0.0800,59.1456
2026-05-09T12:17:01.931,-6.3799,0.0800,59.1143
2026-05-09T12:17:01.949,-6.3572,0.0800,59.0777
2026-05-09T12:17:01.966,-6.3370,0.0800,59.0432
2026-05-09T12:17:01.985,-6.3153,0.0800,59.0051
2026-05-09T12:17:02.003,-6.2963,0.0800,58.9687
2026-05-09T12:17:02.022,-6.2737,0.0800,58.9230
2026-05-09T12:17:02.041,-6.2535,0.0800,58.8793
2026-05-09T12:17:02.060,-6.2307,0.0800,58.8272
2026-05-09T12:17:02.080,-6.2082,0.0800,58.7720
2026-05-09T12:17:02.098,-6.1858,0.0800,58.7135
2026-05-09T12:17:02.117,-6.1613,0.0800,58.6452
2026-05-09T12:17:02.135,-6.1413,0.0800,58.5852
2026-05-09T12:17:02.153,-6.1202,0.0800,58.5179
2026-05-09T12:17:02.171,-6.1024,0.0800,58.4569
2026-05-09T12:17:02.190,-6.0832,0.0800,58.3868
2026-05-09T12:17:02.207,-6.0658,0.0800,58.3182
2026-05-09T12:17:02.226,-6.0477,0.0800,58.2433
2026-05-09T12:17:02.245,-6.0309,0.0800,58.1671
2026-05-09T12:17:02.263,-6.0154,0.0800,58.0915
2026-05-09T12:17:02.283,-5.9994,0.0800,58.0068
2026-05-09T12:17:02.302,-5.9843,0.0800,57.9213
2026-05-09T12:17:02.320,-5.9700,0.0800,57.8343
2026-05-09T12:17:02.338,-5.9556,0.0800,57.7411
2026-05-09T12:17:02.356,-5.9428,0.0800,57.6547
2026-05-09T12:17:02.374,-5.9308,0.0800,57.5699
2026-05-09T12:17:02.393,-5.9190,0.0800,57.4828
2026-05-09T12:17:02.412,-5.9072,0.0800,57.3915
2026-05-09T12:17:02.430,-5.8966,0.0800,57.3055
2026-05-09T12:17:02.449,-5.8849,0.0800,57.2051
2026-05-09T12:17:02.466,-5.8757,0.0800,57.1199
2026-05-09T12:17:02.484,-5.8664,0.0800,57.0306
2026-05-09T12:17:02.502,-5.8586,0.0800,56.9493
2026-05-09T12:17:02.520,-5.8507,0.0800,56.8613
2026-05-09T12:17:02.538,-5.8431,0.0800,56.7704
2026-05-09T12:17:02.555,-5.8368,0.0800,56.6877
2026-05-09T12:17:02.572,-5.8306,0.0800,56.5995
2026-05-09T12:17:02.589,-5.8253,0.0800,56.5186
2026-05-09T12:17:02.606,-5.8204,0.0800,56.4347
2026-05-09T12:17:02.623,-5.8160,0.0800,56.3514
2026-05-09T12:17:02.640,-5.8122,0.0800,56.2696
2026-05-09T12:17:02.658,-5.8088,0.0800,56.1867
2026-05-09T12:17:02.676,-5.8058,0.0800,56.1002
2026-05-09T12:17:02.694,-5.8033,0.0800,56.0140
2026-05-09T12:17:02.712,-5.8013,0.0800,55.9274
2026-05-09T12:17:02.728,-5.7998,0.0800,55.8410
2026-05-09T12:17:02.745,-5.7988,0.0800,55.7506
2026-05-09T12:17:02.761,-5.7984,0.0800,55.6757
2026-05-09T12:17:02.778,-5.7985,0.0800,55.5909
2026-05-09T12:17:02.796,-5.7991,0.0800,55.5107
2026-05-09T12:17:02.813,-5.7996,0.0800,55.4410
2026-05-09T12:17:02.829,-5.8000,0.0800,55.3871
2026-05-09T12:17:02.844,-5.8003,0.0800,55.3358
2026-05-09T12:17:02.861,-5.8005,0.0800,55.2927
2026-05-09T12:17:02.880,-5.8005,0.0800,55.2459
2026-05-09T12:17:02.897,-5.8001,0.0800,55.2003
2026-05-09T12:17:02.916,-5.7994,0.0800,55.1481
2026-05-09T12:17:02.933,-5.7983,0.0800,55.1001
2026-05-09T12:17:02.950,-5.7969,0.0800,55.0481
2026-05-09T12:17:02.965,-5.7951,0.0800,54.9992
2026-05-09T12:17:02.982,-5.7934,0.0800,54.9545
2026-05-09T12:17:02.998,-5.7913,0.0800,54.9112
2026-05-09T12:17:03.017,-5.7889,0.0800,54.8650
2026-05-09T12:17:03.035,-5.7862,0.0800,54.8174
2026-05-09T12:17:03.052,-5.7830,0.0800,54.7614
2026-05-09T12:17:03.069,-5.7788,0.0800,54.6877
2026-05-09T12:17:03.086,-5.7744,0.0800,54.6104
2026-05-09T12:17:03.104,-5.7696,0.0800,54.5242
2026-05-09T12:17:03.120,-5.7657,0.0800,54.4453
2026-05-09T12:17:03.136,-5.7620,0.0800,54.3575
2026-05-09T12:17:03.154,-5.7593,0.0800,54.2810
2026-05-09T12:17:03.172,-5.7568,0.0800,54.1976
2026-05-09T12:17:03.189,-5.7549,0.0800,54.1145
2026-05-09T12:17:03.206,-5.7534,0.0800,54.0294
2026-05-09T12:17:03.225,-5.7524,0.0800,53.9454
2026-05-09T12:17:03.241,-5.7519,0.0800,53.8584
2026-05-09T12:17:03.258,-5.7514,0.0800,53.7667
2026-05-09T12:17:03.275,-5.7510,0.0800,53.6887
2026-05-09T12:17:03.291,-5.7506,0.0800,53.6033
2026-05-09T12:17:03.308,-5.7502,0.0800,53.5212
2026-05-09T12:17:03.324,-5.7497,0.0800,53.4469
2026-05-09T12:17:03.342,-5.7486,0.0800,53.3811
2026-05-09T12:17:03.358,-5.7466,0.0800,53.3329
2026-05-09T12:17:03.374,-5.7435,0.0800,53.2834
2026-05-09T12:17:03.391,-5.7408,0.0800,53.2535
2026-05-09T12:17:03.408,-5.7389,0.0800,53.2402
2026-05-09T12:17:03.423,-5.7373,0.0800,53.2318
2026-05-09T12:17:03.440,-5.7363,0.0800,53.2254
2026-05-09T12:17:03.456,-5.7354,0.0800,53.2232
2026-05-09T12:17:03.472,-5.7349,0.0800,53.2230
2026-05-09T12:17:03.488,-5.7348,0.0800,53.2249
2026-05-09T12:17:03.504,-5.7364,0.0800,53.2332
2026-05-09T12:17:03.519,-5.7393,0.0800,53.2430
2026-05-09T12:17:03.534,-5.7421,0.0800,53.2538
2026-05-09T12:17:03.549,-5.7451,0.0800,53.2640
2026-05-09T12:17:03.564,-5.7486,0.0800,53.2749
2026-05-09T12:17:03.579,-5.7533,0.0800,53.2869
2026-05-09T12:17:03.594,-5.7574,0.0800,53.2976
2026-05-09T12:17:03.609,-5.7625,0.0800,53.3103
2026-05-09T12:17:03.625,-5.7676,0.0800,53.3221
2026-05-09T12:17:03.643,-5.7737,0.0800,53.3343
2026-05-09T12:17:03.658,-5.7801,0.0800,53.3474
2026-05-09T12:17:03.674,-5.7881,0.0800,53.3628
2026-05-09T12:17:03.689,-5.7938,0.0800,53.3728
2026-05-09T12:17:03.703,-5.8010,0.0800,53.3851
2026-05-09T12:17:03.718,-5.8083,0.0800,53.3959
2026-05-09T12:17:03.732,-5.8153,0.0800,53.4067
2026-05-09T12:17:03.747,-5.8226,0.0800,53.4174
2026-05-09T12:17:03.762,-5.8297,0.0800,53.4273
2026-05-09T12:17:03.778,-5.8386,0.0800,53.4383
2026-05-09T12:17:03.793,-5.8467,0.0800,53.4486
2026-05-09T12:17:03.808,-5.8566,0.0800,53.4605
2026-05-09T12:17:03.822,-5.8646,0.0800,53.4697
2026-05-09T12:17:03.836,-5.8744,0.0800,53.4798
2026-05-09T12:17:03.850,-5.8824,0.0800,53.4882
2026-05-09T12:17:03.864,-5.8920,0.0800,53.4978
2026-05-09T12:17:03.879,-5.9009,0.0800,53.5063
2026-05-09T12:17:03.894,-5.9099,0.0800,53.5141
2026-05-09T12:17:03.909,-5.9203,0.0800,53.5232
2026-05-09T12:17:03.923,-5.9303,0.0800,53.5316
2026-05-09T12:17:03.938,-5.9415,0.0800,53.5400
2026-05-09T12:17:03.964,-5.9515,0.0800,53.5476
2026-05-09T12:17:03.978,-5.9607,0.0800,53.5543
2026-05-09T12:17:03.992,-5.9759,0.0800,53.5650
2026-05-09T12:17:04.005,-5.9839,0.0800,53.5703
2026-05-09T12:17:04.019,-5.9915,0.0800,53.5750
2026-05-09T12:17:04.033,-5.9995,0.0800,53.5794
2026-05-09T12:17:04.048,-6.0063,0.0800,53.5832
2026-05-09T12:17:04.061,-6.0132,0.0800,53.5870
2026-05-09T12:17:04.075,-6.0208,0.0800,53.5905
2026-05-09T12:17:04.089,-6.0262,0.0800,53.5932
2026-05-09T12:17:04.103,-6.0327,0.0800,53.5963
2026-05-09T12:17:04.117,-6.0373,0.0800,53.5980
2026-05-09T12:17:04.131,-6.0405,0.0800,53.5996
2026-05-09T12:17:04.146,-6.0422,0.0800,53.6006
2026-05-09T12:17:04.159,-6.0431,0.0800,53.6013
2026-05-09T12:17:04.187,-6.0428,0.0800,53.6017
2026-05-09T12:17:04.201,-6.0411,0.0800,53.6018
2026-05-09T12:17:04.215,-6.0387,0.0800,53.6013
2026-05-09T12:17:04.229,-6.0355,0.0800,53.6011
2026-05-09T12:17:04.243,-6.0311,0.0800,53.6009
2026-05-09T12:17:04.257,-6.0256,0.0800,53.6001
2026-05-09T12:17:04.271,-6.0200,0.0800,53.5999
2026-05-09T12:17:04.285,-6.0139,0.0800,53.5997
2026-05-09T12:17:04.299,-6.0074,0.0800,53.5997
2026-05-09T12:17:04.313,-6.0006,0.0800,53.5994
2026-05-09T12:17:04.327,-5.9939,0.0800,53.5996
2026-05-09T12:17:04.340,-5.9861,0.0800,53.6000
2026-05-09T12:17:04.355,-5.9791,0.0800,53.6000
2026-05-09T12:17:04.368,-5.9719,0.0800,53.6007
2026-05-09T12:17:04.382,-5.9639,0.0800,53.6016
2026-05-09T12:17:04.396,-5.9567,0.0800,53.6021
2026-05-09T12:17:04.410,-5.9484,0.0800,53.6034
2026-05-09T12:17:04.424,-5.9410,0.0800,53.6048
2026-05-09T12:17:04.438,-5.9332,0.0800,53.6059
2026-05-09T12:17:04.452,-5.9257,0.0800,53.6076
2026-05-09T12:17:04.465,-5.9174,0.0800,53.6096
2026-05-09T12:17:04.479,-5.9094,0.0800,53.6118
2026-05-09T12:17:04.494,-5.9019,0.0800,53.6135
2026-05-09T12:17:04.508,-5.8933,0.0800,53.6162
2026-05-09T12:17:04.521,-5.8852,0.0800,53.6190
2026-05-09T12:17:04.535,-5.8773,0.0800,53.6214
2026-05-09T12:17:04.549,-5.8690,0.0800,53.6246
2026-05-09T12:17:04.563,-5.8610,0.0800,53.6279
2026-05-09T12:17:04.577,-5.8521,0.0800,53.6313
2026-05-09T12:17:04.591,-5.8443,0.0800,53.6349
2026-05-09T12:17:04.605,-5.8353,0.0800,53.6392
2026-05-09T12:17:04.619,-5.8261,0.0800,53.6438
2026-05-09T12:17:04.633,-5.8169,0.0800,53.6482
2026-05-09T12:17:04.647,-5.8072,0.0800,53.6536
2026-05-09T12:17:04.660,-5.7966,0.0800,53.6598
2026-05-09T12:17:04.674,-5.7841,0.0800,53.6669
2026-05-09T12:17:04.688,-5.7721,0.0800,53.6744
2026-05-09T12:17:04.701,-5.7566,0.0800,53.6845
2026-05-09T12:17:04.715,-5.7406,0.0800,53.6949
2026-05-09T12:17:04.729,-5.7226,0.0800,53.7076
2026-05-09T12:17:04.743,-5.7026,0.0800,53.7224
2026-05-09T12:17:04.757,-5.6841,0.0800,53.7361
2026-05-09T12:17:04.770,-5.6629,0.0800,53.7529
2026-05-09T12:17:04.784,-5.6418,0.0800,53.7704
2026-05-09T12:17:04.798,-5.6208,0.0800,53.7881
2026-05-09T12:17:04.811,-5.5970,0.0800,53.8094
2026-05-09T12:17:04.825,-5.5745,0.0800,53.8303
2026-05-09T12:17:04.839,-5.5491,0.0800,53.8548
2026-05-09T12:17:04.854,-5.5290,0.0800,53.8745
2026-05-09T12:17:04.871,-5.5064,0.0800,53.8981
2026-05-09T12:17:04.888,-5.4696,0.0800,53.9378
2026-05-09T12:17:04.909,-5.4543,0.0800,53.9553
2026-05-09T12:17:04.929,-5.4263,0.0800,53.9879
2026-05-09T12:17:04.945,-5.3935,0.0800,54.0286
2026-05-09T12:17:04.961,-5.3604,0.0800,54.0720
2026-05-09T12:17:04.977,-5.3328,0.0800,54.1103
2026-05-09T12:17:04.993,-5.3081,0.0800,54.1462
2026-05-09T12:17:05.009,-5.2818,0.0800,54.1862
2026-05-09T12:17:05.025,-5.2577,0.0800,54.2246
2026-05-09T12:17:05.043,-5.2324,0.0800,54.2657
2026-05-09T12:17:05.061,-5.2064,0.0800,54.3107
2026-05-09T12:17:05.082,-5.1760,0.0800,54.3660
2026-05-09T12:17:05.102,-5.1510,0.0800,54.4139
2026-05-09T12:17:05.120,-5.1209,0.0800,54.4743
2026-05-09T12:17:05.139,-5.0919,0.0800,54.5364
2026-05-09T12:17:05.157,-5.0692,0.0800,54.5884
2026-05-09T12:17:05.174,-5.0440,0.0800,54.6495
2026-05-09T12:17:05.190,-5.0222,0.0800,54.7059
2026-05-09T12:17:05.206,-5.0031,0.0800,54.7585
2026-05-09T12:17:05.223,-4.9851,0.0800,54.8112
2026-05-09T12:17:05.242,-4.9680,0.0800,54.8634
2026-05-09T12:17:05.259,-4.9513,0.0800,54.9191
2026-05-09T12:17:05.275,-4.9340,0.0800,54.9813
2026-05-09T12:17:05.291,-4.9196,0.0800,55.0377
2026-05-09T12:17:05.308,-4.9067,0.0800,55.0928
2026-05-09T12:17:05.324,-4.8943,0.0800,55.1500
2026-05-09T12:17:05.341,-4.8819,0.0800,55.2104
2026-05-09T12:17:05.357,-4.8709,0.0800,55.2713
2026-05-09T12:17:05.374,-4.8593,0.0800,55.3410
2026-05-09T12:17:05.390,-4.8486,0.0800,55.4112
2026-05-09T12:17:05.406,-4.8372,0.0800,55.4916
2026-05-09T12:17:05.422,-4.8272,0.0800,55.5671
2026-05-09T12:17:05.438,-4.8178,0.0800,55.6420
2026-05-09T12:17:05.454,-4.8092,0.0800,55.7164
2026-05-09T12:17:05.470,-4.8004,0.0800,55.7967
2026-05-09T12:17:05.489,-4.7930,0.0800,55.8709
2026-05-09T12:17:05.507,-4.7841,0.0800,55.9656
2026-05-09T12:17:05.523,-4.7774,0.0800,56.0416
2026-05-09T12:17:05.539,-4.7708,0.0800,56.1252
2026-05-09T12:17:05.555,-4.7652,0.0800,56.2024
2026-05-09T12:17:05.572,-4.7599,0.0800,56.2841
2026-05-09T12:17:05.589,-4.7556,0.0800,56.3558
2026-05-09T12:17:05.606,-4.7511,0.0800,56.4413
2026-05-09T12:17:05.623,-4.7474,0.0800,56.5184
2026-05-09T12:17:05.640,-4.7441,0.0800,56.6029
2026-05-09T12:17:05.658,-4.7415,0.0800,56.6854
2026-05-09T12:17:05.675,-4.7393,0.0800,56.7719
2026-05-09T12:17:05.691,-4.7379,0.0800,56.8503
2026-05-09T12:17:05.706,-4.7371,0.0800,56.9328
2026-05-09T12:17:05.723,-4.7369,0.0800,57.0075
2026-05-09T12:17:05.740,-4.7371,0.0800,57.0885
2026-05-09T12:17:05.756,-4.7382,0.0800,57.1596
2026-05-09T12:17:05.771,-4.7401,0.0800,57.2425
2026-05-09T12:17:05.786,-4.7425,0.0800,57.3128
2026-05-09T12:17:05.800,-4.7456,0.0800,57.3833
2026-05-09T12:17:05.815,-4.7490,0.0800,57.4522
2026-05-09T12:17:05.830,-4.7530,0.0800,57.5173
2026-05-09T12:17:05.844,-4.7582,0.0800,57.5909
2026-05-09T12:17:05.859,-4.7630,0.0800,57.6549
2026-05-09T12:17:05.874,-4.7691,0.0800,57.7244
2026-05-09T12:17:05.888,-4.7750,0.0800,57.7870
2026-05-09T12:17:05.902,-4.7826,0.0800,57.8601
2026-05-09T12:17:05.916,-4.7897,0.0800,57.9256
2026-05-09T12:17:05.930,-4.7976,0.0800,57.9922
2026-05-09T12:17:05.944,-4.8065,0.0800,58.0656
2026-05-09T12:17:05.958,-4.8145,0.0800,58.1313
2026-05-09T12:17:05.972,-4.8237,0.0800,58.2063
2026-05-09T12:17:05.986,-4.8316,0.0800,58.2708
2026-05-09T12:17:06.000,-4.8409,0.0800,58.3468
2026-05-09T12:17:06.015,-4.8486,0.0800,58.4101
2026-05-09T12:17:06.029,-4.8571,0.0800,58.4800
2026-05-09T12:17:06.042,-4.8657,0.0800,58.5511
2026-05-09T12:17:06.056,-4.8741,0.0800,58.6200
2026-05-09T12:17:06.074,-4.8820,0.0800,58.6850
2026-05-09T12:17:06.088,-4.8901,0.0800,58.7520
2026-05-09T12:17:06.102,-4.9010,0.0800,58.8430
2026-05-09T12:17:06.116,-4.9092,0.0800,58.9107
2026-05-09T12:17:06.130,-4.9175,0.0800,58.9797
2026-05-09T12:17:06.144,-4.9261,0.0800,59.0507
2026-05-09T12:17:06.158,-4.9341,0.0800,59.1173
2026-05-09T12:17:06.174,-4.9426,0.0800,59.1871
2026-05-09T12:17:06.189,-4.9519,0.0800,59.2646
2026-05-09T12:17:06.203,-4.9601,0.0800,59.3321
2026-05-09T12:17:06.218,-4.9688,0.0800,59.4042
2026-05-09T12:17:06.233,-4.9775,0.0800,59.4772
2026-05-09T12:17:06.250,-4.9862,0.0800,59.5494
2026-05-09T12:17:06.267,-4.9976,0.0800,59.6439
2026-05-09T12:17:06.283,-5.0059,0.0800,59.7128
2026-05-09T12:17:06.298,-5.0158,0.0800,59.7948
2026-05-09T12:17:06.314,-5.0248,0.0800,59.8697
2026-05-09T12:17:06.328,-5.0338,0.0800,59.9446
2026-05-09T12:17:06.341,-5.0435,0.0800,60.0253
2026-05-09T12:17:06.355,-5.0520,0.0800,60.0964
2026-05-09T12:17:06.369,-5.0590,0.0800,60.1552
2026-05-09T12:17:06.383,-5.0675,0.0800,60.2267
2026-05-09T12:17:06.402,-5.0756,0.0800,60.2958
2026-05-09T12:17:06.421,-5.0835,0.0800,60.3620
2026-05-09T12:17:06.439,-5.0948,0.0800,60.4574
2026-05-09T12:17:06.454,-5.1061,0.0800,60.5530
2026-05-09T12:17:06.469,-5.1167,0.0800,60.6419
2026-05-09T12:17:06.484,-5.1250,0.0800,60.7117
2026-05-09T12:17:06.500,-5.1337,0.0800,60.7844
2026-05-09T12:17:06.518,-5.1429,0.0800,60.8607
2026-05-09T12:17:06.533,-5.1524,0.0800,60.9404
2026-05-09T12:17:06.549,-5.1627,0.0800,61.0265
2026-05-09T12:17:06.563,-5.1716,0.0800,61.1006
2026-05-09T12:17:06.579,-5.1809,0.0800,61.1787
2026-05-09T12:17:06.593,-5.1894,0.0800,61.2511
2026-05-09T12:17:06.608,-5.1984,0.0800,61.3267
2026-05-09T12:17:06.621,-5.2066,0.0800,61.3961
2026-05-09T12:17:06.636,-5.2151,0.0800,61.4687
2026-05-09T12:17:06.651,-5.2232,0.0800,61.5371
2026-05-09T12:17:06.665,-5.2319,0.0800,61.6119
2026-05-09T12:17:06.679,-5.2402,0.0800,61.6830
2026-05-09T12:17:06.698,-5.2481,0.0800,61.7505
2026-05-09T12:17:06.712,-5.2564,0.0800,61.8220
2026-05-09T12:17:06.726,-5.2669,0.0800,61.9123
2026-05-09T12:17:06.739,-5.2752,0.0800,61.9839
2026-05-09T12:17:06.754,-5.2826,0.0800,62.0477
2026-05-09T12:17:06.768,-5.2906,0.0800,62.1168
2026-05-09T12:17:06.782,-5.2988,0.0800,62.1874
2026-05-09T12:17:06.796,-5.3072,0.0800,62.2591
2026-05-09T12:17:06.810,-5.3153,0.0800,62.3290
2026-05-09T12:17:06.824,-5.3232,0.0800,62.3965
2026-05-09T12:17:06.838,-5.3315,0.0800,62.4677
2026-05-09T12:17:06.853,-5.3396,0.0800,62.5364
2026-05-09T12:17:06.867,-5.3470,0.0800,62.6003
2026-05-09T12:17:06.881,-5.3558,0.0800,62.6753
2026-05-09T12:17:06.895,-5.3637,0.0800,62.7435
2026-05-09T12:17:06.909,-5.3720,0.0800,62.8144
2026-05-09T12:17:06.922,-5.3798,0.0800,62.8813
2026-05-09T12:17:06.937,-5.3881,0.0800,62.9523
2026-05-09T12:17:06.951,-5.3958,0.0800,63.0175
2026-05-09T12:17:06.965,-5.4041,0.0800,63.0879
2026-05-09T12:17:06.978,-5.4122,0.0800,63.1574
2026-05-09T12:17:06.992,-5.4203,0.0800,63.2258
2026-05-09T12:17:07.006,-5.4281,0.0800,63.2915
2026-05-09T12:17:07.020,-5.4367,0.0800,63.3632
2026-05-09T12:17:07.034,-5.4447,0.0800,63.4312
2026-05-09T12:17:07.048,-5.4525,0.0800,63.4969
2026-05-09T12:17:07.061,-5.4608,0.0800,63.5665
2026-05-09T12:17:07.076,-5.4690,0.0800,63.6357
2026-05-09T12:17:07.090,-5.4765,0.0800,63.6986
2026-05-09T12:17:07.103,-5.4853,0.0800,63.7730
2026-05-09T12:17:07.117,-5.4931,0.0800,63.8391
2026-05-09T12:17:07.131,-5.5009,0.0800,63.9049
2026-05-09T12:17:07.145,-5.5095,0.0800,63.9776
2026-05-09T12:17:07.159,-5.5175,0.0800,64.0454
2026-05-09T12:17:07.173,-5.5257,0.0800,64.1144
2026-05-09T12:17:07.188,-5.5337,0.0800,64.1821
2026-05-09T12:17:07.200,-5.5419,0.0800,64.2507
2026-05-09T12:17:07.215,-5.5505,0.0800,64.3234
2026-05-09T12:17:07.229,-5.5578,0.0800,64.3850
2026-05-09T12:17:07.242,-5.5664,0.0800,64.4577
2026-05-09T12:17:07.257,-5.5744,0.0800,64.5251
2026-05-09T12:17:07.271,-5.5824,0.0800,64.5926
2026-05-09T12:17:07.285,-5.5907,0.0800,64.6617
2026-05-09T12:17:07.298,-5.6004,0.0800,64.7427
2026-05-09T12:17:07.312,-5.6072,0.0800,64.7986
2026-05-09T12:17:07.326,-5.6151,0.0800,64.8597
2026-05-09T12:17:07.339,-5.6241,0.0800,64.9258
2026-05-09T12:17:07.354,-5.6332,0.0800,64.9892
2026-05-09T12:17:07.368,-5.6421,0.0800,65.0474
2026-05-09T12:17:07.382,-5.6527,0.0800,65.1125
2026-05-09T12:17:07.396,-5.6636,0.0800,65.1770
2026-05-09T12:17:07.410,-5.6751,0.0800,65.2402
2026-05-09T12:17:07.423,-5.6861,0.0800,65.2975
2026-05-09T12:17:07.437,-5.6985,0.0800,65.3599
2026-05-09T12:17:07.451,-5.7106,0.0800,65.4170
2026-05-09T12:17:07.465,-5.7240,0.0800,65.4772
2026-05-09T12:17:07.478,-5.7390,0.0800,65.5409
2026-05-09T12:17:07.493,-5.7526,0.0800,65.5968
2026-05-09T12:17:07.507,-5.7677,0.0800,65.6554
2026-05-09T12:17:07.521,-5.7841,0.0800,65.7162
2026-05-09T12:17:07.535,-5.8003,0.0800,65.7748
2026-05-09T12:17:07.549,-5.8178,0.0800,65.8348
2026-05-09T12:17:07.562,-5.8352,0.0800,65.8922
2026-05-09T12:17:07.577,-5.8545,0.0800,65.9543
2026-05-09T12:17:07.591,-5.8715,0.0800,66.0065
2026-05-09T12:17:07.604,-5.8927,0.0800,66.0693
2026-05-09T12:17:07.618,-5.9128,0.0800,66.1271
2026-05-09T12:17:07.632,-5.9326,0.0800,66.1826
2026-05-09T12:17:07.646,-5.9542,0.0800,66.2407
2026-05-09T12:17:07.660,-5.9747,0.0800,66.2937
2026-05-09T12:17:07.674,-5.9964,0.0800,66.3488
2026-05-09T12:17:07.688,-6.0173,0.0800,66.3991
2026-05-09T12:17:07.701,-6.0390,0.0800,66.4497
2026-05-09T12:17:07.716,-6.0598,0.0800,66.4968
2026-05-09T12:17:07.730,-6.0793,0.0800,66.5387
2026-05-09T12:17:07.743,-6.1032,0.0800,66.5880
2026-05-09T12:17:07.757,-6.1209,0.0800,66.6237
2026-05-09T12:17:07.771,-6.1402,0.0800,66.6602
2026-05-09T12:17:07.785,-6.1586,0.0800,66.6935
2026-05-09T12:17:07.799,-6.1778,0.0800,66.7268
2026-05-09T12:17:07.812,-6.1973,0.0800,66.7598
2026-05-09T12:17:07.827,-6.2157,0.0800,66.7890
2026-05-09T12:17:07.840,-6.2365,0.0800,66.8208
2026-05-09T12:17:07.855,-6.2556,0.0800,66.8494
2026-05-09T12:17:07.868,-6.2752,0.0800,66.8770
2026-05-09T12:17:07.882,-6.2962,0.0800,66.9053
2026-05-09T12:17:07.896,-6.3143,0.0800,66.9294
2026-05-09T12:17:07.910,-6.3344,0.0800,66.9546
2026-05-09T12:17:07.923,-6.3546,0.0800,66.9788
2026-05-09T12:17:07.937,-6.3745,0.0800,67.0022
2026-05-09T12:17:07.951,-6.3936,0.0800,67.0235
2026-05-09T12:17:07.965,-6.4150,0.0800,67.0462
2026-05-09T12:17:07.978,-6.4339,0.0800,67.0654
2026-05-09T12:17:07.992,-6.4574,0.0800,67.0890
2026-05-09T12:17:08.006,-6.4737,0.0800,67.1042
2026-05-09T12:17:08.020,-6.4929,0.0800,67.1215
2026-05-09T12:17:08.037,-6.5135,0.0800,67.1399
2026-05-09T12:17:08.054,-6.5353,0.0800,67.1580
2026-05-09T12:17:08.069,-6.5616,0.0800,67.1790
2026-05-09T12:17:08.082,-6.5872,0.0800,67.1984
2026-05-09T12:17:08.096,-6.6118,0.0800,67.2168
2026-05-09T12:17:08.110,-6.6356,0.0800,67.2333
2026-05-09T12:17:08.124,-6.6669,0.0800,67.2542
2026-05-09T12:17:08.139,-6.7090,0.0800,67.2815
2026-05-09T12:17:08.153,-6.7521,0.0800,67.3087
2026-05-09T12:17:08.167,-6.8034,0.0800,67.3398
2026-05-09T12:17:08.181,-6.8544,0.0800,67.3698
2026-05-09T12:17:08.196,-6.9094,0.0800,67.4017
2026-05-09T12:17:08.211,-6.9655,0.0800,67.4333
2026-05-09T12:17:08.225,-7.0205,0.0800,67.4658
2026-05-09T12:17:08.240,-7.0762,0.0800,67.5020
2026-05-09T12:17:08.255,-7.1326,0.0800,67.5317
2026-05-09T12:17:08.269,-7.1902,0.0800,67.5610
2026-05-09T12:17:08.284,-7.2444,0.0800,67.5878
2026-05-09T12:17:08.299,-7.2989,0.0800,67.6140
2026-05-09T12:17:08.314,-7.3506,0.0800,67.6378
2026-05-09T12:17:08.328,-7.4005,0.0800,67.6598
2026-05-09T12:17:08.343,-7.4520,0.0800,67.6817
2026-05-09T12:17:08.357,-7.4991,0.0800,67.7010
2026-05-09T12:17:08.372,-7.5444,0.0800,67.7184
2026-05-09T12:17:08.388,-7.5895,0.0800,67.7349
2026-05-09T12:17:08.403,-7.6351,0.0800,67.7507
2026-05-09T12:17:08.420,-7.6771,0.0800,67.7647
2026-05-09T12:17:08.435,-7.7183,0.0800,67.7771
2026-05-09T12:17:08.449,-7.7622,0.0800,67.7894
2026-05-09T12:17:08.463,-7.8016,0.0800,67.7995
2026-05-09T12:17:08.479,-7.8374,0.0800,67.8083
2026-05-09T12:17:08.494,-7.8709,0.0800,67.8154
2026-05-09T12:17:08.509,-7.9080,0.0800,67.8225
2026-05-09T12:17:08.523,-7.9402,0.0800,67.8279
2026-05-09T12:17:08.539,-7.9701,0.0800,67.8327
2026-05-09T12:17:08.554,-7.9973,0.0800,67.8360
2026-05-09T12:17:08.570,-8.0264,0.0800,67.8389
2026-05-09T12:17:08.584,-8.0485,0.0800,67.8406
2026-05-09T12:17:08.599,-8.0701,0.0800,67.8420
2026-05-09T12:17:08.614,-8.0891,0.0800,67.8425
2026-05-09T12:17:08.628,-8.1057,0.0800,67.8425
2026-05-09T12:17:08.642,-8.1195,0.0800,67.8421
2026-05-09T12:17:08.657,-8.1304,0.0800,67.8418
2026-05-09T12:17:08.671,-8.1406,0.0800,67.8410
2026-05-09T12:17:08.685,-8.1500,0.0800,67.8399
2026-05-09T12:17:08.699,-8.1570,0.0800,67.8389
2026-05-09T12:17:08.713,-8.1628,0.0800,67.8382
2026-05-09T12:17:08.728,-8.1678,0.0800,67.8372
2026-05-09T12:17:08.742,-8.1729,0.0800,67.8359
2026-05-09T12:17:08.757,-8.1769,0.0800,67.8352
2026-05-09T12:17:08.771,-8.1807,0.0800,67.8340
2026-05-09T12:17:08.785,-8.1839,0.0800,67.8329
2026-05-09T12:17:08.798,-8.1868,0.0800,67.8317
2026-05-09T12:17:08.813,-8.1893,0.0800,67.8310
2026-05-09T12:17:08.827,-8.1916,0.0800,67.8299
2026-05-09T12:17:08.841,-8.1942,0.0800,67.8286
2026-05-09T12:17:08.855,-8.1965,0.0800,67.8279
2026-05-09T12:17:08.870,-8.1990,0.0800,67.8265
2026-05-09T12:17:08.884,-8.2013,0.0800,67.8251
2026-05-09T12:17:08.898,-8.2037,0.0800,67.8240
2026-05-09T12:17:08.912,-8.2061,0.0800,67.8225
2026-05-09T12:17:08.926,-8.2083,0.0800,67.8210
2026-05-09T12:17:08.939,-8.2106,0.0800,67.8194
2026-05-09T12:17:08.953,-8.2128,0.0800,67.8182
2026-05-09T12:17:08.967,-8.2149,0.0800,67.8165
2026-05-09T12:17:08.982,-8.2183,0.0800,67.8141
2026-05-09T12:17:08.996,-8.2239,0.0800,67.8106
2026-05-09T12:17:09.011,-8.2313,0.0800,67.8054
2026-05-09T12:17:09.025,-8.2394,0.0800,67.7993
2026-05-09T12:17:09.041,-8.2528,0.0800,67.7892
2026-05-09T12:17:09.055,-8.2654,0.0800,67.7800
2026-05-09T12:17:09.070,-8.2843,0.0800,67.7646
2026-05-09T12:17:09.085,-8.3032,0.0800,67.7486
2026-05-09T12:17:09.099,-8.3265,0.0800,67.7282
2026-05-09T12:17:09.114,-8.3518,0.0800,67.7057
2026-05-09T12:17:09.128,-8.3791,0.0800,67.6800
2026-05-09T12:17:09.143,-8.4117,0.0800,67.6481
2026-05-09T12:17:09.157,-8.4419,0.0800,67.6180
2026-05-09T12:17:09.173,-8.4783,0.0800,67.5799
2026-05-09T12:17:09.188,-8.5135,0.0800,67.5417
2026-05-09T12:17:09.203,-8.5532,0.0800,67.4975
2026-05-09T12:17:09.220,-8.5926,0.0800,67.4526
2026-05-09T12:17:09.235,-8.6332,0.0800,67.4046
2026-05-09T12:17:09.252,-8.6779,0.0800,67.3503
2026-05-09T12:17:09.269,-8.7237,0.0800,67.2932
2026-05-09T12:17:09.284,-8.7682,0.0800,67.2364
2026-05-09T12:17:09.299,-8.8126,0.0800,67.1785
2026-05-09T12:17:09.315,-8.8531,0.0800,67.1241
2026-05-09T12:17:09.330,-8.8941,0.0800,67.0678
2026-05-09T12:17:09.347,-8.9362,0.0800,67.0089
2026-05-09T12:17:09.364,-8.9748,0.0800,66.9540
2026-05-09T12:17:09.379,-9.0210,0.0800,66.8864
2026-05-09T12:17:09.394,-9.0623,0.0800,66.8247
2026-05-09T12:17:09.409,-9.1011,0.0800,66.7653
2026-05-09T12:17:09.423,-9.1372,0.0800,66.7090
2026-05-09T12:17:09.439,-9.1738,0.0800,66.6510
2026-05-09T12:17:09.454,-9.2098,0.0800,66.5925
2026-05-09T12:17:09.469,-9.2460,0.0800,66.5325
2026-05-09T12:17:09.484,-9.2809,0.0800,66.4733
2026-05-09T12:17:09.502,-9.3171,0.0800,66.4110
2026-05-09T12:17:09.517,-9.3509,0.0800,66.3511
2026-05-09T12:17:09.532,-9.3893,0.0800,66.2815
2026-05-09T12:17:09.547,-9.4226,0.0800,66.2194
2026-05-09T12:17:09.561,-9.4511,0.0800,66.1648
2026-05-09T12:17:09.576,-9.4767,0.0800,66.1144
2026-05-09T12:17:09.591,-9.4954,0.0800,66.0757
2026-05-09T12:17:09.606,-9.5091,0.0800,66.0454
2026-05-09T12:17:09.620,-9.5189,0.0800,66.0225
2026-05-09T12:17:09.635,-9.5266,0.0800,66.0038
2026-05-09T12:17:09.650,-9.5311,0.0800,65.9914
2026-05-09T12:17:09.673,-9.5352,0.0800,65.9788
2026-05-09T12:17:09.681,-9.5384,0.0800,65.9681
2026-05-09T12:17:09.696,-9.5427,0.0800,65.9523
2026-05-09T12:17:09.712,-9.5442,0.0800,65.9484
2026-05-09T12:17:09.727,-9.5464,0.0800,65.9384
2026-05-09T12:17:09.745,-9.5485,0.0800,65.9274
2026-05-09T12:17:09.764,-9.5507,0.0800,65.9175
2026-05-09T12:17:09.782,-9.5517,0.0800,65.9092
2026-05-09T12:17:09.797,-9.5514,0.0800,65.9077
2026-05-09T12:17:09.813,-9.5501,0.0800,65.9135
2026-05-09T12:17:09.828,-9.5483,0.0800,65.9279
2026-05-09T12:17:09.842,-9.5461,0.0800,65.9509
2026-05-09T12:17:09.859,-9.5449,0.0800,65.9764
2026-05-09T12:17:09.877,-9.5435,0.0800,66.0103
2026-05-09T12:17:09.894,-9.5427,0.0800,66.0544
2026-05-09T12:17:09.911,-9.5431,0.0800,66.1074
2026-05-09T12:17:09.927,-9.5446,0.0800,66.1580
2026-05-09T12:17:09.942,-9.5478,0.0800,66.2187
2026-05-09T12:17:09.959,-9.5519,0.0800,66.2709
2026-05-09T12:17:09.976,-9.5572,0.0800,66.3308
2026-05-09T12:17:09.994,-9.5641,0.0800,66.3981
2026-05-09T12:17:10.010,-9.5728,0.0800,66.4709
2026-05-09T12:17:10.026,-9.5830,0.0800,66.5465
2026-05-09T12:17:10.042,-9.5943,0.0800,66.6216
2026-05-09T12:17:10.059,-9.6055,0.0800,66.6879
2026-05-09T12:17:10.076,-9.6177,0.0800,66.7569
2026-05-09T12:17:10.093,-9.6312,0.0800,66.8283
2026-05-09T12:17:10.109,-9.6462,0.0800,66.9022
2026-05-09T12:17:10.127,-9.6615,0.0800,66.9734
2026-05-09T12:17:10.146,-9.6790,0.0800,67.0488
2026-05-09T12:17:10.162,-9.6970,0.0800,67.1236
2026-05-09T12:17:10.177,-9.7173,0.0800,67.2035
2026-05-09T12:17:10.195,-9.7349,0.0800,67.2694
2026-05-09T12:17:10.215,-9.7544,0.0800,67.3389
2026-05-09T12:17:10.232,-9.7763,0.0800,67.4139
2026-05-09T12:17:10.250,-9.8017,0.0800,67.4971
2026-05-09T12:17:10.269,-9.8235,0.0800,67.5650
2026-05-09T12:17:10.284,-9.8460,0.0800,67.6319
2026-05-09T12:17:10.300,-9.8679,0.0800,67.6924
2026-05-09T12:17:10.316,-9.8862,0.0800,67.7407
2026-05-09T12:17:10.332,-9.9050,0.0800,67.7879
2026-05-09T12:17:10.351,-9.9236,0.0800,67.8322
2026-05-09T12:17:10.370,-9.9422,0.0800,67.8738
2026-05-09T12:17:10.390,-9.9645,0.0800,67.9211
2026-05-09T12:17:10.407,-9.9885,0.0800,67.9691
2026-05-09T12:17:10.424,-10.0141,0.0800,68.0162
2026-05-09T12:17:10.440,-10.0389,0.0800,68.0602
2026-05-09T12:17:10.458,-10.0621,0.0800,68.0992
2026-05-09T12:17:10.477,-10.0867,0.0800,68.1386
2026-05-09T12:17:10.496,-10.1133,0.0800,68.1794
2026-05-09T12:17:10.514,-10.1440,0.0800,68.2242
2026-05-09T12:17:10.532,-10.1744,0.0800,68.2662
2026-05-09T12:17:10.549,-10.2059,0.0800,68.3076
2026-05-09T12:17:10.565,-10.2353,0.0800,68.3443
2026-05-09T12:17:10.583,-10.2664,0.0800,68.3806
2026-05-09T12:17:10.601,-10.2994,0.0800,68.4182
2026-05-09T12:17:10.618,-10.3270,0.0800,68.4480
2026-05-09T12:17:10.635,-10.3568,0.0800,68.4790
2026-05-09T12:17:10.651,-10.3859,0.0800,68.5079
2026-05-09T12:17:10.669,-10.4152,0.0800,68.5357
2026-05-09T12:17:10.687,-10.4431,0.0800,68.5611
2026-05-09T12:17:10.704,-10.4733,0.0800,68.5866
2026-05-09T12:17:10.720,-10.5023,0.0800,68.6106
2026-05-09T12:17:10.737,-10.5291,0.0800,68.6315
2026-05-09T12:17:10.755,-10.5502,0.0800,68.6475
2026-05-09T12:17:10.772,-10.5706,0.0800,68.6621
2026-05-09T12:17:10.788,-10.5916,0.0800,68.6764
2026-05-09T12:17:10.805,-10.6103,0.0800,68.6886
2026-05-09T12:17:10.823,-10.6244,0.0800,68.6967
2026-05-09T12:17:10.841,-10.6336,0.0800,68.7024
2026-05-09T12:17:10.858,-10.6347,0.0800,68.7035
2026-05-09T12:17:10.876,-10.6325,0.0800,68.7031
2026-05-09T12:17:10.892,-10.6200,0.0800,68.6979
2026-05-09T12:17:10.909,-10.6049,0.0800,68.6920
2026-05-09T12:17:10.925,-10.5866,0.0800,68.6847
2026-05-09T12:17:10.942,-10.5645,0.0800,68.6755
2026-05-09T12:17:10.958,-10.5437,0.0800,68.6675
2026-05-09T12:17:10.976,-10.5201,0.0800,68.6584
2026-05-09T12:17:10.993,-10.4947,0.0800,68.6486
2026-05-09T12:17:11.009,-10.4662,0.0800,68.6368
2026-05-09T12:17:11.024,-10.4396,0.0800,68.6258
2026-05-09T12:17:11.041,-10.4127,0.0800,68.6137
2026-05-09T12:17:11.059,-10.3871,0.0800,68.6024
2026-05-09T12:17:11.076,-10.3573,0.0800,68.5885
2026-05-09T12:17:11.091,-10.3282,0.0800,68.5728
2026-05-09T12:17:11.107,-10.2998,0.0800,68.5569
2026-05-09T12:17:11.123,-10.2746,0.0800,68.5422
2026-05-09T12:17:11.140,-10.2475,0.0800,68.5253
2026-05-09T12:17:11.156,-10.2215,0.0800,68.5089
2026-05-09T12:17:11.175,-10.1938,0.0800,68.4905
2026-05-09T12:17:11.192,-10.1677,0.0800,68.4726
2026-05-09T12:17:11.209,-10.1400,0.0800,68.4513
2026-05-09T12:17:11.227,-10.1140,0.0800,68.4308
2026-05-09T12:17:11.245,-10.0871,0.0800,68.4089
2026-05-09T12:17:11.261,-10.0617,0.0800,68.3865
2026-05-09T12:17:11.277,-10.0342,0.0800,68.3620
2026-05-09T12:17:11.295,-10.0082,0.0800,68.3387
2026-05-09T12:17:11.313,-9.9798,0.0800,68.3130
2026-05-09T12:17:11.331,-9.9499,0.0800,68.2839
2026-05-09T12:17:11.350,-9.9134,0.0800,68.2486
2026-05-09T12:17:11.368,-9.8680,0.0800,68.2051
2026-05-09T12:17:11.384,-9.8166,0.0800,68.1531
2026-05-09T12:17:11.402,-9.7599,0.0800,68.0959
2026-05-09T12:17:11.418,-9.7081,0.0800,68.0428
2026-05-09T12:17:11.437,-9.6541,0.0800,67.9865
2026-05-09T12:17:11.457,-9.6026,0.0800,67.9323
2026-05-09T12:17:11.477,-9.5439,0.0800,67.8676
2026-05-09T12:17:11.496,-9.4852,0.0800,67.8027
2026-05-09T12:17:11.515,-9.4242,0.0800,67.7328
2026-05-09T12:17:11.532,-9.3677,0.0800,67.6683
2026-05-09T12:17:11.551,-9.3091,0.0800,67.6014
2026-05-09T12:17:11.568,-9.2589,0.0800,67.5426
2026-05-09T12:17:11.584,-9.2039,0.0800,67.4783
2026-05-09T12:17:11.602,-9.1542,0.0800,67.4201
2026-05-09T12:17:11.619,-9.1222,0.0800,67.3827
2026-05-09T12:17:11.635,-9.1016,0.0800,67.3579
2026-05-09T12:17:11.651,-9.0981,0.0800,67.3536
2026-05-09T12:17:12.600,-9.0981,0.0800,67.3487
2026-05-09T12:17:12.616,-9.0983,0.0800,67.3412
2026-05-09T12:17:12.631,-9.0985,0.0800,67.3276
2026-05-09T12:17:12.645,-9.0988,0.0800,67.3135
2026-05-09T12:17:12.659,-9.0991,0.0800,67.3008
2026-05-09T12:17:12.674,-9.0994,0.0800,67.2876
2026-05-09T12:17:12.689,-9.0997,0.0800,67.2759
2026-05-09T12:17:12.703,-9.0999,0.0800,67.2628
2026-05-09T12:17:12.721,-9.1001,0.0800,67.2499
2026-05-09T12:17:12.739,-9.1003,0.0800,67.2328
2026-05-09T12:17:12.754,-9.1002,0.0800,67.1911
2026-05-09T12:17:12.768,-9.0989,0.0800,67.1561
2026-05-09T12:17:12.782,-9.0970,0.0800,67.1283
2026-05-09T12:17:12.797,-9.0951,0.0800,67.1009
2026-05-09T12:17:12.811,-9.0929,0.0800,67.0864
2026-05-09T12:17:12.825,-9.0909,0.0800,67.0774
2026-05-09T12:17:12.839,-9.0897,0.0800,67.0761
2026-05-09T12:17:12.855,-9.0919,0.0800,67.0877
2026-05-09T12:17:12.871,-9.0961,0.0800,67.1118
2026-05-09T12:17:12.888,-9.1050,0.0800,67.1524
2026-05-09T12:17:12.905,-9.1198,0.0800,67.2105
2026-05-09T12:17:12.921,-9.1380,0.0800,67.2690
2026-05-09T12:17:12.936,-9.1584,0.0800,67.3335
2026-05-09T12:17:12.951,-9.1792,0.0800,67.3939
2026-05-09T12:17:12.966,-9.2040,0.0800,67.4600
2026-05-09T12:17:12.980,-9.2278,0.0800,67.5195
2026-05-09T12:17:12.997,-9.2531,0.0800,67.5775
2026-05-09T12:17:13.014,-9.2802,0.0800,67.6392
2026-05-09T12:17:13.032,-9.3117,0.0800,67.7078
2026-05-09T12:17:13.049,-9.3465,0.0800,67.7805
2026-05-09T12:17:13.064,-9.3839,0.0800,67.8539
2026-05-09T12:17:13.080,-9.4193,0.0800,67.9180
2026-05-09T12:17:13.096,-9.4521,0.0800,67.9774
2026-05-09T12:17:13.114,-9.4900,0.0800,68.0432
2026-05-09T12:17:13.130,-9.5275,0.0800,68.1062
2026-05-09T12:17:13.145,-9.5721,0.0800,68.1783
2026-05-09T12:17:13.160,-9.6115,0.0800,68.2388
2026-05-09T12:17:13.176,-9.6493,0.0800,68.2926
2026-05-09T12:17:13.194,-9.6885,0.0800,68.3486
2026-05-09T12:17:13.213,-9.7307,0.0800,68.4068
2026-05-09T12:17:13.228,-9.7810,0.0800,68.4734
2026-05-09T12:17:13.244,-9.8313,0.0800,68.5364
2026-05-09T12:17:13.259,-9.8725,0.0800,68.5827
2026-05-09T12:17:13.274,-9.9197,0.0800,68.6368
2026-05-09T12:17:13.291,-9.9572,0.0800,68.6781
2026-05-09T12:17:13.308,-9.9977,0.0800,68.7213
2026-05-09T12:17:13.324,-10.0398,0.0800,68.7644
2026-05-09T12:17:13.341,-10.0846,0.0800,68.8051
2026-05-09T12:17:13.357,-10.1254,0.0800,68.8429
2026-05-09T12:17:13.374,-10.1680,0.0800,68.8809
2026-05-09T12:17:13.390,-10.2088,0.0800,68.9159
2026-05-09T12:17:13.407,-10.2495,0.0800,68.9497
2026-05-09T12:17:13.423,-10.2870,0.0800,68.9795
2026-05-09T12:17:13.439,-10.3204,0.0800,69.0023
2026-05-09T12:17:13.453,-10.3510,0.0800,69.0253
2026-05-09T12:17:13.467,-10.3723,0.0800,69.0417
2026-05-09T12:17:13.482,-10.3892,0.0800,69.0544
2026-05-09T12:17:13.498,-10.3966,0.0800,69.0586
2026-05-09T12:17:13.515,-10.3781,0.0800,69.0508
2026-05-09T12:17:13.531,-10.3126,0.0800,69.0192
2026-05-09T12:17:13.548,-10.2423,0.0800,68.9860
2026-05-09T12:17:13.562,-10.1780,0.0800,68.9564
2026-05-09T12:17:13.577,-10.1063,0.0800,68.9226
2026-05-09T12:17:13.590,-10.0508,0.0800,68.8981
2026-05-09T12:17:13.605,-9.9868,0.0800,68.8703
2026-05-09T12:17:13.620,-9.9320,0.0800,68.8459
2026-05-09T12:17:13.635,-9.8688,0.0800,68.8195
2026-05-09T12:17:13.651,-9.8048,0.0800,68.7933
2026-05-09T12:17:13.665,-9.7406,0.0800,68.7677
2026-05-09T12:17:13.678,-9.6747,0.0800,68.7418
2026-05-09T12:17:13.692,-9.6140,0.0800,68.7174
2026-05-09T12:17:13.706,-9.5520,0.0800,68.6937
2026-05-09T12:17:13.725,-9.4886,0.0800,68.6690
2026-05-09T12:17:13.739,-9.4212,0.0800,68.6428
2026-05-09T12:17:13.754,-9.3342,0.0800,68.6088
2026-05-09T12:17:13.768,-9.2690,0.0800,68.5833
2026-05-09T12:17:13.782,-9.1973,0.0800,68.5550
2026-05-09T12:17:13.796,-9.1348,0.0800,68.5302
2026-05-09T12:17:13.810,-9.0697,0.0800,68.5041
2026-05-09T12:17:13.823,-9.0087,0.0800,68.4796
2026-05-09T12:17:13.837,-8.9434,0.0800,68.4532
2026-05-09T12:17:13.852,-8.8793,0.0800,68.4271
2026-05-09T12:17:13.865,-8.8142,0.0800,68.4004
2026-05-09T12:17:13.879,-8.7464,0.0800,68.3724
2026-05-09T12:17:13.893,-8.6865,0.0800,68.3475
2026-05-09T12:17:13.907,-8.6202,0.0800,68.3198
2026-05-09T12:17:13.921,-8.5588,0.0800,68.2940
2026-05-09T12:17:13.935,-8.4936,0.0800,68.2666
2026-05-09T12:17:13.949,-8.4284,0.0800,68.2389
2026-05-09T12:17:13.962,-8.3659,0.0800,68.2124
2026-05-09T12:17:13.977,-8.2992,0.0800,68.1840
2026-05-09T12:17:13.991,-8.2391,0.0800,68.1584
2026-05-09T12:17:14.004,-8.1735,0.0800,68.1304
2026-05-09T12:17:14.018,-8.1085,0.0800,68.1027
2026-05-09T12:17:14.032,-8.0386,0.0800,68.0728
2026-05-09T12:17:14.045,-7.9749,0.0800,68.0455
2026-05-09T12:17:14.059,-7.9200,0.0800,68.0219
2026-05-09T12:17:14.074,-7.8553,0.0800,67.9940
2026-05-09T12:17:14.088,-7.7945,0.0800,67.9678
2026-05-09T12:17:14.101,-7.7260,0.0800,67.9381
2026-05-09T12:17:14.115,-7.6610,0.0800,67.9099
2026-05-09T12:17:14.128,-7.6029,0.0800,67.8847
2026-05-09T12:17:14.142,-7.5366,0.0800,67.8558
2026-05-09T12:17:14.156,-7.4694,0.0800,67.8265
2026-05-09T12:17:14.170,-7.4088,0.0800,67.8000
2026-05-09T12:17:14.185,-7.3537,0.0800,67.7759
2026-05-09T12:17:14.199,-7.2771,0.0800,67.7423
2026-05-09T12:17:14.213,-7.2216,0.0800,67.7174
2026-05-09T12:17:14.227,-7.1633,0.0800,67.6903
2026-05-09T12:17:14.241,-7.1041,0.0800,67.6619
2026-05-09T12:17:14.255,-7.0528,0.0800,67.6377
2026-05-09T12:17:14.268,-6.9995,0.0800,67.6101
2026-05-09T12:17:14.281,-6.9521,0.0800,67.5846
2026-05-09T12:17:14.296,-6.9065,0.0800,67.5607
2026-05-09T12:17:14.310,-6.8598,0.0800,67.5337
2026-05-09T12:17:14.324,-6.8138,0.0800,67.5061
2026-05-09T12:17:14.338,-6.7697,0.0800,67.4804
2026-05-09T12:17:14.352,-6.7262,0.0800,67.4523
2026-05-09T12:17:14.366,-6.6848,0.0800,67.4243
2026-05-09T12:17:14.379,-6.6474,0.0800,67.3978
2026-05-09T12:17:14.393,-6.6148,0.0800,67.3757
2026-05-09T12:17:14.407,-6.5863,0.0800,67.3532
2026-05-09T12:17:14.421,-6.5625,0.0800,67.3332
2026-05-09T12:17:14.436,-6.5417,0.0800,67.3170
2026-05-09T12:17:14.450,-6.5241,0.0800,67.3001
2026-05-09T12:17:14.463,-6.5083,0.0800,67.2839
2026-05-09T12:17:14.477,-6.4977,0.0800,67.2746
2026-05-09T12:17:14.492,-6.4869,0.0800,67.2620
2026-05-09T12:17:14.507,-6.4750,0.0800,67.2474
2026-05-09T12:17:14.521,-6.4638,0.0800,67.2330
2026-05-09T12:17:14.536,-6.4539,0.0800,67.2227
2026-05-09T12:17:14.551,-6.4434,0.0800,67.2078
2026-05-09T12:17:14.566,-6.4327,0.0800,67.1919
2026-05-09T12:17:14.580,-6.4224,0.0800,67.1759
2026-05-09T12:17:14.594,-6.4134,0.0800,67.1646
2026-05-09T12:17:14.615,-6.4048,0.0800,67.1497
2026-05-09T12:17:14.629,-6.3966,0.0800,67.1348
2026-05-09T12:17:14.643,-6.3842,0.0800,67.1110
2026-05-09T12:17:14.657,-6.3772,0.0800,67.1024
2026-05-09T12:17:14.670,-6.3700,0.0800,67.0865
2026-05-09T12:17:14.684,-6.3632,0.0800,67.0705
2026-05-09T12:17:14.698,-6.3568,0.0800,67.0544
2026-05-09T12:17:14.712,-6.3506,0.0800,67.0425
2026-05-09T12:17:14.726,-6.3452,0.0800,67.0269
2026-05-09T12:17:14.739,-6.3393,0.0800,67.0084
2026-05-09T12:17:14.753,-6.3344,0.0800,66.9985
2026-05-09T12:17:14.768,-6.3300,0.0800,66.9818
2026-05-09T12:17:14.782,-6.3262,0.0800,66.9656
2026-05-09T12:17:14.796,-6.3215,0.0800,66.9514
2026-05-09T12:17:14.810,-6.3186,0.0800,66.9348
2026-05-09T12:17:14.823,-6.3159,0.0800,66.9169
2026-05-09T12:17:14.837,-6.3128,0.0800,66.9045
2026-05-09T12:17:14.851,-6.3116,0.0800,66.8897
2026-05-09T12:17:14.865,-6.3107,0.0800,66.8730
2026-05-09T12:17:14.878,-6.3100,0.0800,66.8545
2026-05-09T12:17:14.892,-6.3083,0.0800,66.8396
2026-05-09T12:17:14.906,-6.3085,0.0800,66.8173
2026-05-09T12:17:14.920,-6.3092,0.0800,66.7961
2026-05-09T12:17:14.934,-6.3091,0.0800,66.7755
2026-05-09T12:17:14.948,-6.3110,0.0800,66.7531
2026-05-09T12:17:14.962,-6.3138,0.0800,66.7280
2026-05-09T12:17:14.976,-6.3153,0.0800,66.7077
2026-05-09T12:17:14.990,-6.3193,0.0800,66.6841
2026-05-09T12:17:15.003,-6.3242,0.0800,66.6595
2026-05-09T12:17:15.018,-6.3274,0.0800,66.6401
2026-05-09T12:17:15.031,-6.3337,0.0800,66.6154
2026-05-09T12:17:15.045,-6.3407,0.0800,66.5908
2026-05-09T12:17:15.059,-6.3478,0.0800,66.5677
2026-05-09T12:17:15.073,-6.3542,0.0800,66.5455
2026-05-09T12:17:15.087,-6.3625,0.0800,66.5223
2026-05-09T12:17:15.101,-6.3728,0.0800,66.4955
2026-05-09T12:17:15.115,-6.3806,0.0800,66.4738
2026-05-09T12:17:15.129,-6.3916,0.0800,66.4484
2026-05-09T12:17:15.143,-6.4040,0.0800,66.4214
2026-05-09T12:17:15.157,-6.4129,0.0800,66.4008
2026-05-09T12:17:15.171,-6.4255,0.0800,66.3762
2026-05-09T12:17:15.185,-6.4394,0.0800,66.3503
2026-05-09T12:17:15.198,-6.4533,0.0800,66.3257
2026-05-09T12:17:15.213,-6.4647,0.0800,66.3045
2026-05-09T12:17:15.227,-6.4794,0.0800,66.2807
2026-05-09T12:17:15.241,-6.4955,0.0800,66.2557
2026-05-09T12:17:15.255,-6.5075,0.0800,66.2359
2026-05-09T12:17:15.269,-6.5236,0.0800,66.2127
2026-05-09T12:17:15.282,-6.5400,0.0800,66.1899
2026-05-09T12:17:15.296,-6.5538,0.0800,66.1696
2026-05-09T12:17:15.310,-6.5709,0.0800,66.1474
2026-05-09T12:17:15.324,-6.5883,0.0800,66.1255
2026-05-09T12:17:15.337,-6.6071,0.0800,66.1027
2026-05-09T12:17:15.352,-6.6213,0.0800,66.0844
2026-05-09T12:17:15.366,-6.6387,0.0800,66.0647
2026-05-09T12:17:15.379,-6.6594,0.0800,66.0421
2026-05-09T12:17:15.394,-6.6740,0.0800,66.0248
2026-05-09T12:17:15.408,-6.6942,0.0800,66.0043
2026-05-09T12:17:15.421,-6.7150,0.0800,65.9840
2026-05-09T12:17:15.435,-6.7316,0.0800,65.9664
2026-05-09T12:17:15.449,-6.7514,0.0800,65.9484
2026-05-09T12:17:15.463,-6.7725,0.0800,65.9297
2026-05-09T12:17:15.478,-6.7903,0.0800,65.9124
2026-05-09T12:17:15.491,-6.8106,0.0800,65.8949
2026-05-09T12:17:15.505,-6.8345,0.0800,65.8749
2026-05-09T12:17:15.519,-6.8568,0.0800,65.8569
2026-05-09T12:17:15.532,-6.8779,0.0800,65.8376
2026-05-09T12:17:15.547,-6.8944,0.0800,65.8194
2026-05-09T12:17:15.561,-6.8984,0.0800,65.8015
2026-05-09T12:17:15.575,-6.8989,0.0800,65.7800
2026-05-09T12:17:15.589,-6.9030,0.0800,65.7594
2026-05-09T12:17:15.602,-6.9072,0.0800,65.7373
2026-05-09T12:17:15.617,-6.9069,0.0800,65.7173
2026-05-09T12:17:15.631,-6.9105,0.0800,65.6962
2026-05-09T12:17:15.645,-6.9145,0.0800,65.6681
2026-05-09T12:17:15.659,-6.9181,0.0800,65.6426
2026-05-09T12:17:15.672,-6.9183,0.0800,65.6164
2026-05-09T12:17:15.686,-6.9213,0.0800,65.5915
2026-05-09T12:17:15.700,-6.9242,0.0800,65.5647
2026-05-09T12:17:15.715,-6.9232,0.0800,65.5304
2026-05-09T12:17:15.728,-6.9242,0.0800,65.4949
2026-05-09T12:17:15.742,-6.9242,0.0800,65.4567
2026-05-09T12:17:15.756,-6.9242,0.0800,65.4209
2026-05-09T12:17:15.770,-6.9228,0.0800,65.3863
2026-05-09T12:17:15.784,-6.9210,0.0800,65.3489
2026-05-09T12:17:15.797,-6.9211,0.0800,65.3126
2026-05-09T12:17:15.811,-6.9193,0.0800,65.2760
2026-05-09T12:17:15.826,-6.9175,0.0800,65.2403
2026-05-09T12:17:15.839,-6.9155,0.0800,65.2001
2026-05-09T12:17:15.853,-6.9154,0.0800,65.1579
2026-05-09T12:17:15.867,-6.9135,0.0800,65.1188
2026-05-09T12:17:15.881,-6.9115,0.0800,65.0773
2026-05-09T12:17:15.894,-6.9115,0.0800,65.0358
2026-05-09T12:17:15.908,-6.9095,0.0800,64.9944
2026-05-09T12:17:15.921,-6.9075,0.0800,64.9522
2026-05-09T12:17:15.936,-6.9073,0.0800,64.9084
2026-05-09T12:17:15.950,-6.9053,0.0800,64.8680
2026-05-09T12:17:15.963,-6.9030,0.0800,64.8235
2026-05-09T12:17:15.977,-6.9029,0.0800,64.7786
2026-05-09T12:17:15.992,-6.9007,0.0800,64.7389
2026-05-09T12:17:16.005,-6.8984,0.0800,64.6936
2026-05-09T12:17:16.019,-6.8997,0.0800,64.6499
2026-05-09T12:17:16.033,-6.9009,0.0800,64.6066
2026-05-09T12:17:16.046,-6.9021,0.0800,64.5638
2026-05-09T12:17:16.060,-6.9031,0.0800,64.5189
2026-05-09T12:17:16.074,-6.9045,0.0800,64.4763
2026-05-09T12:17:16.088,-6.9056,0.0800,64.4341
2026-05-09T12:17:16.103,-6.9063,0.0800,64.3873
2026-05-09T12:17:16.119,-6.9073,0.0800,64.3387
2026-05-09T12:17:16.136,-6.9086,0.0800,64.2902
2026-05-09T12:17:16.154,-6.9086,0.0800,64.2216
2026-05-09T12:17:16.170,-6.9114,0.0800,64.1786
2026-05-09T12:17:16.185,-6.9114,0.0800,64.1191
2026-05-09T12:17:16.199,-6.9129,0.0800,64.0628
2026-05-09T12:17:16.214,-6.9142,0.0800,64.0102
2026-05-09T12:17:16.229,-6.9156,0.0800,63.9623
2026-05-09T12:17:16.244,-6.9165,0.0800,63.9060
2026-05-09T12:17:16.260,-6.9182,0.0800,63.8444
2026-05-09T12:17:16.275,-6.9187,0.0800,63.7754
2026-05-09T12:17:16.293,-6.9197,0.0800,63.7106
2026-05-09T12:17:16.312,-6.9217,0.0800,63.6538
2026-05-09T12:17:16.327,-6.9217,0.0800,63.5864
2026-05-09T12:17:16.341,-6.9219,0.0800,63.5103
2026-05-09T12:17:16.358,-6.9220,0.0800,63.4505
2026-05-09T12:17:16.375,-6.9221,0.0800,63.3869
2026-05-09T12:17:16.392,-6.9222,0.0800,63.3144
2026-05-09T12:17:16.408,-6.9253,0.0800,63.2398
2026-05-09T12:17:16.423,-6.9548,0.0800,63.1596
2026-05-09T12:17:16.446,-6.9825,0.0800,63.0843
2026-05-09T12:17:16.460,-7.0040,0.0800,63.0220
2026-05-09T12:17:16.474,-7.0292,0.0800,62.9409
2026-05-09T12:17:16.488,-7.0403,0.0800,62.9002
2026-05-09T12:17:16.502,-7.0496,0.0800,62.8617
2026-05-09T12:17:16.517,-7.0595,0.0800,62.8270
2026-05-09T12:17:16.530,-7.0647,0.0800,62.7977
2026-05-09T12:17:16.543,-7.0688,0.0800,62.7695
2026-05-09T12:17:16.558,-7.0737,0.0800,62.7492
2026-05-09T12:17:16.572,-7.0743,0.0800,62.7320
2026-05-09T12:17:16.585,-7.0732,0.0800,62.7223
2026-05-09T12:17:16.599,-7.0714,0.0800,62.7152
2026-05-09T12:17:16.613,-7.0724,0.0800,62.7099
2026-05-09T12:17:16.628,-7.0692,0.0800,62.7121
2026-05-09T12:17:16.641,-7.0656,0.0800,62.7173
2026-05-09T12:17:16.656,-7.0654,0.0800,62.7241
2026-05-09T12:17:16.670,-7.0620,0.0800,62.7347
2026-05-09T12:17:16.683,-7.0588,0.0800,62.7457
2026-05-09T12:17:16.698,-7.0591,0.0800,62.7535
2026-05-09T12:17:16.712,-7.0564,0.0800,62.7642
2026-05-09T12:17:16.726,-7.0537,0.0800,62.7745
2026-05-09T12:17:16.739,-7.0507,0.0800,62.7775
2026-05-09T12:17:16.753,-7.0513,0.0800,62.7755
2026-05-09T12:17:16.767,-7.0476,0.0800,62.7678
2026-05-09T12:17:16.782,-7.0428,0.0800,62.7519
2026-05-09T12:17:16.797,-7.0382,0.0800,62.7209
2026-05-09T12:17:16.811,-7.0282,0.0800,62.6751
2026-05-09T12:17:16.824,-7.0158,0.0800,62.6194
2026-05-09T12:17:16.837,-7.0020,0.0800,62.5569
2026-05-09T12:17:16.851,-6.9896,0.0800,62.4961
2026-05-09T12:17:16.865,-6.9755,0.0800,62.4351
2026-05-09T12:17:16.880,-6.9605,0.0800,62.3676
2026-05-09T12:17:16.895,-6.9456,0.0800,62.3003
2026-05-09T12:17:16.910,-6.9301,0.0800,62.2305
2026-05-09T12:17:16.924,-6.9140,0.0800,62.1572
2026-05-09T12:17:16.938,-6.8967,0.0800,62.0784
2026-05-09T12:17:16.952,-6.8826,0.0800,62.0137
2026-05-09T12:17:16.966,-6.8676,0.0800,61.9455
2026-05-09T12:17:16.982,-6.8524,0.0800,61.8758
2026-05-09T12:17:17.000,-6.8376,0.0800,61.8089
2026-05-09T12:17:17.017,-6.8207,0.0800,61.7322
2026-05-09T12:17:17.033,-6.8015,0.0800,61.6452
2026-05-09T12:17:17.048,-6.7832,0.0800,61.5622
2026-05-09T12:17:17.062,-6.7659,0.0800,61.4837
2026-05-09T12:17:17.076,-6.7498,0.0800,61.4112
2026-05-09T12:17:17.090,-6.7355,0.0800,61.3465
2026-05-09T12:17:17.105,-6.7191,0.0800,61.2731
2026-05-09T12:17:17.120,-6.7046,0.0800,61.2076
2026-05-09T12:17:17.137,-6.6887,0.0800,61.1362
2026-05-09T12:17:17.155,-6.6728,0.0800,61.0649
2026-05-09T12:17:17.170,-6.6716,0.0800,61.0596
2026-05-09T12:17:17.184,-6.6709,0.0800,61.0567
2026-05-09T12:17:17.198,-6.6711,0.0800,61.0541
2026-05-09T12:17:17.213,-6.6755,0.0800,61.0634
2026-05-09T12:17:17.226,-6.6801,0.0800,61.0724
2026-05-09T12:17:17.241,-6.6853,0.0800,61.0848
2026-05-09T12:17:17.256,-6.6871,0.0800,61.0992
2026-05-09T12:17:17.270,-6.6917,0.0800,61.1119
2026-05-09T12:17:17.284,-6.6961,0.0800,61.1247
2026-05-09T12:17:17.298,-6.7003,0.0800,61.1377
2026-05-09T12:17:17.312,-6.7009,0.0800,61.1527
2026-05-09T12:17:17.327,-6.7041,0.0800,61.1645
2026-05-09T12:17:17.342,-6.7074,0.0800,61.1777
2026-05-09T12:17:17.358,-6.7072,0.0800,61.1928
2026-05-09T12:17:17.373,-6.7099,0.0800,61.2064
2026-05-09T12:17:17.388,-6.7125,0.0800,61.2208
2026-05-09T12:17:17.402,-6.7147,0.0800,61.2349
2026-05-09T12:17:17.417,-6.7130,0.0800,61.2510
2026-05-09T12:17:17.431,-6.7145,0.0800,61.2647
2026-05-09T12:17:17.444,-6.7155,0.0800,61.2761
2026-05-09T12:17:17.458,-6.7163,0.0800,61.2888
2026-05-09T12:17:17.472,-6.7136,0.0800,61.3035
2026-05-09T12:17:17.486,-6.7139,0.0800,61.3156
2026-05-09T12:17:17.500,-6.7139,0.0800,61.3291
2026-05-09T12:17:17.514,-6.7101,0.0800,61.3432
2026-05-09T12:17:17.527,-6.7096,0.0800,61.3556
2026-05-09T12:17:17.541,-6.7088,0.0800,61.3685
2026-05-09T12:17:17.559,-6.7042,0.0800,61.3822
2026-05-09T12:17:17.573,-6.7029,0.0800,61.3948
2026-05-09T12:17:17.587,-6.7009,0.0800,61.4104
2026-05-09T12:17:17.600,-6.6990,0.0800,61.4234
2026-05-09T12:17:17.615,-6.6931,0.0800,61.4369
2026-05-09T12:17:17.629,-6.6906,0.0800,61.4493
2026-05-09T12:17:17.643,-6.6877,0.0800,61.4626
2026-05-09T12:17:17.657,-6.6810,0.0800,61.4752
2026-05-09T12:17:17.671,-6.6776,0.0800,61.4878
2026-05-09T12:17:17.684,-6.6744,0.0800,61.4993
2026-05-09T12:17:17.698,-6.6705,0.0800,61.5118
2026-05-09T12:17:17.713,-6.6625,0.0800,61.5249
2026-05-09T12:17:17.726,-6.6586,0.0800,61.5361
2026-05-09T12:17:17.740,-6.6539,0.0800,61.5487
2026-05-09T12:17:17.754,-6.6480,0.0800,61.5562
2026-05-09T12:17:17.768,-6.6488,0.0800,61.5604
2026-05-09T12:17:17.782,-6.6518,0.0800,61.5614
2026-05-09T12:17:17.796,-6.6597,0.0800,61.5517
2026-05-09T12:17:17.810,-6.6764,0.0800,61.5365
2026-05-09T12:17:17.824,-6.7015,0.0800,61.5120
2026-05-09T12:17:17.837,-6.7327,0.0800,61.4818
2026-05-09T12:17:17.852,-6.7619,0.0800,61.4505
2026-05-09T12:17:17.866,-6.7970,0.0800,61.4174
2026-05-09T12:17:17.880,-6.8440,0.0800,61.3737
2026-05-09T12:17:17.894,-6.8815,0.0800,61.3370
2026-05-09T12:17:17.908,-6.9306,0.0800,61.2931
2026-05-09T12:17:17.921,-6.9758,0.0800,61.2535
2026-05-09T12:17:17.935,-7.0244,0.0800,61.2098
2026-05-09T12:17:17.949,-7.0719,0.0800,61.1694
2026-05-09T12:17:17.963,-7.1239,0.0800,61.1258
2026-05-09T12:17:17.978,-7.1741,0.0800,61.0828
2026-05-09T12:17:17.992,-7.2234,0.0800,61.0423
2026-05-09T12:17:18.005,-7.2800,0.0800,60.9961
2026-05-09T12:17:18.019,-7.3333,0.0800,60.9531
2026-05-09T12:17:18.033,-7.3833,0.0800,60.9121
2026-05-09T12:17:18.047,-7.4361,0.0800,60.8703
2026-05-09T12:17:18.061,-7.4909,0.0800,60.8272
2026-05-09T12:17:18.076,-7.5453,0.0800,60.7831
2026-05-09T12:17:18.089,-7.5972,0.0800,60.7416
2026-05-09T12:17:18.103,-7.6548,0.0800,60.6956
2026-05-09T12:17:18.117,-7.7095,0.0800,60.6517
2026-05-09T12:17:18.131,-7.7601,0.0800,60.6110
2026-05-09T12:17:18.144,-7.8161,0.0800,60.5649
2026-05-09T12:17:18.158,-7.8604,0.0800,60.5273
2026-05-09T12:17:18.172,-7.9105,0.0800,60.4856
2026-05-09T12:17:18.186,-7.9530,0.0800,60.4480
2026-05-09T12:17:18.200,-7.9989,0.0800,60.4065
2026-05-09T12:17:18.215,-8.0458,0.0800,60.3650
2026-05-09T12:17:18.228,-8.0844,0.0800,60.3280
2026-05-09T12:17:18.241,-8.1272,0.0800,60.2859
2026-05-09T12:17:18.256,-8.1644,0.0800,60.2505
2026-05-09T12:17:18.270,-8.1985,0.0800,60.2145
2026-05-09T12:17:18.283,-8.2337,0.0800,60.1762
2026-05-09T12:17:18.297,-8.2698,0.0800,60.1389
2026-05-09T12:17:18.312,-8.3016,0.0800,60.1020
2026-05-09T12:17:18.325,-8.3327,0.0800,60.0650
2026-05-09T12:17:18.339,-8.3669,0.0800,60.0229
2026-05-09T12:17:18.352,-8.4002,0.0800,59.9843
2026-05-09T12:17:18.366,-8.4297,0.0800,59.9458
2026-05-09T12:17:18.380,-8.4590,0.0800,59.9063
2026-05-09T12:17:18.394,-8.4911,0.0800,59.8654
2026-05-09T12:17:18.408,-8.5192,0.0800,59.8252
2026-05-09T12:17:18.421,-8.5478,0.0800,59.7830
2026-05-09T12:17:18.435,-8.5787,0.0800,59.7400
2026-05-09T12:17:18.449,-8.6066,0.0800,59.6967
2026-05-09T12:17:18.462,-8.6373,0.0800,59.6480
2026-05-09T12:17:18.476,-8.6706,0.0800,59.5978
2026-05-09T12:17:18.490,-8.7004,0.0800,59.5488
2026-05-09T12:17:18.504,-8.7317,0.0800,59.4961
2026-05-09T12:17:18.518,-8.7640,0.0800,59.4435
2026-05-09T12:17:18.532,-8.7951,0.0800,59.3891
2026-05-09T12:17:18.546,-8.8257,0.0800,59.3344
2026-05-09T12:17:18.559,-8.8556,0.0800,59.2802
2026-05-09T12:17:18.573,-8.8877,0.0800,59.2232
2026-05-09T12:17:18.587,-8.9148,0.0800,59.1718
2026-05-09T12:17:18.601,-8.9453,0.0800,59.1129
2026-05-09T12:17:18.615,-8.9753,0.0800,59.0565
2026-05-09T12:17:18.629,-9.0025,0.0800,59.0016
2026-05-09T12:17:18.643,-9.0321,0.0800,58.9406
2026-05-09T12:17:18.657,-9.0590,0.0800,58.8868
2026-05-09T12:17:18.671,-9.0866,0.0800,58.8274
2026-05-09T12:17:18.685,-9.1113,0.0800,58.7727
2026-05-09T12:17:18.698,-9.1380,0.0800,58.7120
2026-05-09T12:17:18.713,-9.1639,0.0800,58.6553
2026-05-09T12:17:18.727,-9.1875,0.0800,58.5992
2026-05-09T12:17:18.740,-9.2137,0.0800,58.5355
2026-05-09T12:17:18.755,-9.2375,0.0800,58.4796
2026-05-09T12:17:18.769,-9.2610,0.0800,58.4197
2026-05-09T12:17:18.783,-9.2836,0.0800,58.3602
2026-05-09T12:17:18.798,-9.3075,0.0800,58.2994
2026-05-09T12:17:18.813,-9.3294,0.0800,58.2390
2026-05-09T12:17:18.828,-9.3514,0.0800,58.1764
2026-05-09T12:17:18.842,-9.3726,0.0800,58.1137
2026-05-09T12:17:18.857,-9.3938,0.0800,58.0529
2026-05-09T12:17:18.872,-9.4118,0.0800,57.9942
2026-05-09T12:17:18.887,-9.4287,0.0800,57.9364
2026-05-09T12:17:18.902,-9.4455,0.0800,57.8760
2026-05-09T12:17:18.919,-9.4631,0.0800,57.8163
2026-05-09T12:17:18.933,-9.4781,0.0800,57.7553
2026-05-09T12:17:18.948,-9.4925,0.0800,57.6932
2026-05-09T12:17:18.961,-9.5046,0.0800,57.6375
2026-05-09T12:17:18.976,-9.5189,0.0800,57.5764
2026-05-09T12:17:18.991,-9.5288,0.0800,57.5246
2026-05-09T12:17:19.006,-9.5396,0.0800,57.4640
2026-05-09T12:17:19.020,-9.5488,0.0800,57.4079
2026-05-09T12:17:19.036,-9.5599,0.0800,57.3468
2026-05-09T12:17:19.052,-9.5681,0.0800,57.2881
2026-05-09T12:17:19.068,-9.5760,0.0800,57.2248
2026-05-09T12:17:19.084,-9.5831,0.0800,57.1610
2026-05-09T12:17:19.101,-9.5918,0.0800,57.0945
2026-05-09T12:17:19.116,-9.5979,0.0800,57.0250
2026-05-09T12:17:19.131,-9.6033,0.0800,56.9538
2026-05-09T12:17:19.146,-9.6080,0.0800,56.8855
2026-05-09T12:17:19.160,-9.6118,0.0800,56.8211
2026-05-09T12:17:19.177,-9.6169,0.0800,56.7484
2026-05-09T12:17:19.194,-9.6199,0.0800,56.6826
2026-05-09T12:17:19.211,-9.6244,0.0800,56.5962
2026-05-09T12:17:19.227,-9.6287,0.0800,56.5140
2026-05-09T12:17:19.243,-9.6333,0.0800,56.4252
2026-05-09T12:17:19.258,-9.6373,0.0800,56.3504
2026-05-09T12:17:19.273,-9.6414,0.0800,56.2709
2026-05-09T12:17:19.288,-9.6452,0.0800,56.1991
2026-05-09T12:17:19.306,-9.6493,0.0800,56.1222
2026-05-09T12:17:19.325,-9.6532,0.0800,56.0464
2026-05-09T12:17:19.343,-9.6580,0.0800,55.9574
2026-05-09T12:17:19.359,-9.6630,0.0800,55.8628
2026-05-09T12:17:19.375,-9.6677,0.0800,55.7742
2026-05-09T12:17:19.391,-9.6717,0.0800,55.6977
2026-05-09T12:17:19.408,-9.6759,0.0800,55.6183
2026-05-09T12:17:19.424,-9.6801,0.0800,55.5378
2026-05-09T12:17:19.440,-9.6847,0.0800,55.4520
2026-05-09T12:17:19.457,-9.6887,0.0800,55.3760
2026-05-09T12:17:19.476,-9.6932,0.0800,55.2917
2026-05-09T12:17:19.494,-9.6967,0.0800,55.2115
2026-05-09T12:17:19.510,-9.6998,0.0800,55.1186
2026-05-09T12:17:19.527,-9.7014,0.0800,55.0404
2026-05-09T12:17:19.545,-9.7021,0.0800,54.9623
2026-05-09T12:17:19.563,-9.7035,0.0800,54.8901
2026-05-09T12:17:19.579,-9.7026,0.0800,54.8059
2026-05-09T12:17:19.595,-9.7008,0.0800,54.7261
2026-05-09T12:17:19.613,-9.6984,0.0800,54.6535
2026-05-09T12:17:19.632,-9.6953,0.0800,54.5828
2026-05-09T12:17:19.648,-9.6908,0.0800,54.4975
2026-05-09T12:17:19.663,-9.6854,0.0800,54.4155
2026-05-09T12:17:19.683,-9.6814,0.0800,54.3429
2026-05-09T12:17:19.701,-9.6752,0.0800,54.2713
2026-05-09T12:17:19.719,-9.6667,0.0800,54.1837
2026-05-09T12:17:19.736,-9.6576,0.0800,54.1017
2026-05-09T12:17:19.755,-9.6482,0.0800,54.0243
2026-05-09T12:17:19.772,-9.6377,0.0800,53.9462
2026-05-09T12:17:19.788,-9.6255,0.0800,53.8623
2026-05-09T12:17:19.804,-9.6130,0.0800,53.7833
2026-05-09T12:17:19.822,-9.6029,0.0800,53.7143
2026-05-09T12:17:19.841,-9.5897,0.0800,53.6415
2026-05-09T12:17:19.860,-9.5748,0.0800,53.5627
2026-05-09T12:17:19.879,-9.5577,0.0800,53.4685
2026-05-09T12:17:19.896,-9.5413,0.0800,53.3784
2026-05-09T12:17:19.913,-9.5236,0.0800,53.2815
2026-05-09T12:17:19.929,-9.5089,0.0800,53.2005
2026-05-09T12:17:19.945,-9.4938,0.0800,53.1168
2026-05-09T12:17:19.963,-9.4800,0.0800,53.0403
2026-05-09T12:17:19.982,-9.4655,0.0800,52.9596
2026-05-09T12:17:20.002,-9.4495,0.0800,52.8707
2026-05-09T12:17:20.021,-9.4328,0.0800,52.7843
2026-05-09T12:17:20.038,-9.4141,0.0800,52.6929
2026-05-09T12:17:20.055,-9.3949,0.0800,52.6049
2026-05-09T12:17:20.073,-9.3771,0.0800,52.5281
2026-05-09T12:17:20.092,-9.3590,0.0800,52.4541
2026-05-09T12:17:20.109,-9.3380,0.0800,52.3724
2026-05-09T12:17:20.126,-9.3164,0.0800,52.2923
2026-05-09T12:17:20.144,-9.2938,0.0800,52.2134
2026-05-09T12:17:20.161,-9.2760,0.0800,52.1484
2026-05-09T12:17:20.179,-9.2524,0.0800,52.0748
2026-05-09T12:17:20.197,-9.2292,0.0800,52.0060
2026-05-09T12:17:20.217,-9.2040,0.0800,51.9355
2026-05-09T12:17:20.236,-9.1797,0.0800,51.8720
2026-05-09T12:17:20.255,-9.1509,0.0800,51.8009
2026-05-09T12:17:20.272,-9.1228,0.0800,51.7363
2026-05-09T12:17:20.289,-9.0955,0.0800,51.6779
2026-05-09T12:17:20.306,-9.0709,0.0800,51.6288
2026-05-09T12:17:20.326,-9.0488,0.0800,51.5815
2026-05-09T12:17:20.345,-9.0240,0.0800,51.5384
2026-05-09T12:17:20.364,-8.9977,0.0800,51.4957
2026-05-09T12:17:20.382,-8.9690,0.0800,51.4521
2026-05-09T12:17:20.399,-8.9417,0.0800,51.4132
2026-05-09T12:17:20.416,-8.9133,0.0800,51.3749
2026-05-09T12:17:20.435,-8.8866,0.0800,51.3408
2026-05-09T12:17:20.453,-8.8583,0.0800,51.3065
2026-05-09T12:17:20.471,-8.8258,0.0800,51.2690
2026-05-09T12:17:20.489,-8.7942,0.0800,51.2344
2026-05-09T12:17:20.505,-8.7614,0.0800,51.2004
2026-05-09T12:17:20.522,-8.7318,0.0800,51.1658
2026-05-09T12:17:20.538,-8.7000,0.0800,51.1358
2026-05-09T12:17:20.555,-8.6687,0.0800,51.1077
2026-05-09T12:17:20.572,-8.6344,0.0800,51.0782
2026-05-09T12:17:20.589,-8.5985,0.0800,51.0485
2026-05-09T12:17:20.605,-8.5643,0.0800,51.0215
2026-05-09T12:17:20.621,-8.5282,0.0800,50.9901
2026-05-09T12:17:20.637,-8.4879,0.0800,50.9603
2026-05-09T12:17:20.654,-8.4491,0.0800,50.9328
2026-05-09T12:17:20.671,-8.4040,0.0800,50.9016
2026-05-09T12:17:20.688,-8.3558,0.0800,50.8692
2026-05-09T12:17:20.703,-8.3061,0.0800,50.8368
2026-05-09T12:17:20.721,-8.2513,0.0800,50.7991
2026-05-09T12:17:20.739,-8.1890,0.0800,50.7608
2026-05-09T12:17:20.757,-8.1363,0.0800,50.7296
2026-05-09T12:17:20.772,-8.0997,0.0800,50.6878
2026-05-09T12:17:20.788,-8.0804,0.0800,50.6372
2026-05-09T12:17:20.805,-8.0493,0.0800,50.5926
2026-05-09T12:17:20.824,-8.0060,0.0800,50.5506
2026-05-09T12:17:20.839,-7.9463,0.0800,50.5107
2026-05-09T12:17:20.855,-7.8810,0.0800,50.4794
2026-05-09T12:17:20.872,-7.8231,0.0800,50.4528
2026-05-09T12:17:20.888,-7.7583,0.0800,50.4241
2026-05-09T12:17:20.906,-7.7007,0.0800,50.3996
2026-05-09T12:17:20.922,-7.6355,0.0800,50.3704
2026-05-09T12:17:20.937,-7.5622,0.0800,50.3407
2026-05-09T12:17:20.952,-7.4952,0.0800,50.3144
2026-05-09T12:17:20.967,-7.4295,0.0800,50.2893
2026-05-09T12:17:20.982,-7.3486,0.0800,50.2592
2026-05-09T12:17:20.999,-7.3030,0.0800,50.2410
2026-05-09T12:17:21.015,-7.2378,0.0800,50.2181
2026-05-09T12:17:21.032,-7.1653,0.0800,50.1933
2026-05-09T12:17:21.048,-7.0934,0.0800,50.1696
2026-05-09T12:17:21.063,-7.0221,0.0800,50.1469
2026-05-09T12:17:21.080,-6.9499,0.0800,50.1231
2026-05-09T12:17:21.096,-6.8774,0.0800,50.1016
2026-05-09T12:17:21.113,-6.8134,0.0800,50.0834
2026-05-09T12:17:21.129,-6.7387,0.0800,50.0629
2026-05-09T12:17:21.144,-6.6663,0.0800,50.0439
2026-05-09T12:17:21.160,-6.5960,0.0800,50.0246
2026-05-09T12:17:21.177,-6.5281,0.0800,50.0083
2026-05-09T12:17:21.195,-6.4619,0.0800,49.9930
2026-05-09T12:17:21.212,-6.3773,0.0800,49.9743
2026-05-09T12:17:21.228,-6.3070,0.0800,49.9597
2026-05-09T12:17:21.244,-6.2297,0.0800,49.9441
2026-05-09T12:17:21.259,-6.1602,0.0800,49.9292
2026-05-09T12:17:21.276,-6.0866,0.0800,49.9156
2026-05-09T12:17:21.293,-6.0076,0.0800,49.9018
2026-05-09T12:17:21.309,-5.9386,0.0800,49.8904
2026-05-09T12:17:21.324,-5.8667,0.0800,49.8792
2026-05-09T12:17:21.339,-5.7935,0.0800,49.8671
2026-05-09T12:17:21.354,-5.7260,0.0800,49.8578
2026-05-09T12:17:21.369,-5.6603,0.0800,49.8494
2026-05-09T12:17:21.383,-5.5930,0.0800,49.8413
2026-05-09T12:17:21.397,-5.5234,0.0800,49.8322
2026-05-09T12:17:21.415,-5.4627,0.0800,49.8260
2026-05-09T12:17:21.432,-5.3809,0.0800,49.8184
2026-05-09T12:17:21.449,-5.3132,0.0800,49.8124
2026-05-09T12:17:21.466,-5.2314,0.0800,49.8043
2026-05-09T12:17:21.481,-5.1455,0.0800,49.7959
2026-05-09T12:17:21.496,-5.0633,0.0800,49.7877
2026-05-09T12:17:21.511,-4.9904,0.0800,49.7805
2026-05-09T12:17:21.525,-4.9183,0.0800,49.7726
2026-05-09T12:17:21.539,-4.8374,0.0800,49.7633
2026-05-09T12:17:21.554,-4.7667,0.0800,49.7555
2026-05-09T12:17:21.568,-4.7070,0.0800,49.7478
2026-05-09T12:17:21.582,-4.6341,0.0800,49.7381
2026-05-09T12:17:21.596,-4.5658,0.0800,49.7294
2026-05-09T12:17:21.610,-4.4963,0.0800,49.7193
2026-05-09T12:17:21.624,-4.4285,0.0800,49.7090
2026-05-09T12:17:21.638,-4.3617,0.0800,49.6985
2026-05-09T12:17:21.652,-4.2984,0.0800,49.6890
2026-05-09T12:17:21.666,-4.2293,0.0800,49.6773
2026-05-09T12:17:21.679,-4.1603,0.0800,49.6654
2026-05-09T12:17:21.694,-4.0956,0.0800,49.6552
2026-05-09T12:17:21.707,-4.0283,0.0800,49.6439
2026-05-09T12:17:21.720,-3.9605,0.0800,49.6324
2026-05-09T12:17:21.734,-3.8933,0.0800,49.6211
2026-05-09T12:17:21.748,-3.8229,0.0800,49.6092
2026-05-09T12:17:21.763,-3.7618,0.0800,49.5989
2026-05-09T12:17:21.778,-3.6874,0.0800,49.5863
2026-05-09T12:17:21.792,-3.6237,0.0800,49.5766
2026-05-09T12:17:21.806,-3.5520,0.0800,49.5663
2026-05-09T12:17:21.819,-3.4901,0.0800,49.5580
2026-05-09T12:17:21.834,-3.4304,0.0800,49.5494
2026-05-09T12:17:21.849,-3.3618,0.0800,49.5414
2026-05-09T12:17:21.864,-3.3065,0.0800,49.5356
2026-05-09T12:17:21.878,-3.2405,0.0800,49.5281
2026-05-09T12:17:21.892,-3.1763,0.0800,49.5228
2026-05-09T12:17:21.906,-3.1136,0.0800,49.5185
2026-05-09T12:17:21.920,-3.0572,0.0800,49.5153
2026-05-09T12:17:21.934,-2.9973,0.0800,49.5110
2026-05-09T12:17:21.948,-2.9427,0.0800,49.5093
2026-05-09T12:17:21.961,-2.8849,0.0800,49.5081
2026-05-09T12:17:21.976,-2.8240,0.0800,49.5058
2026-05-09T12:17:21.990,-2.7720,0.0800,49.5059
2026-05-09T12:17:22.005,-2.7090,0.0800,49.5069
2026-05-09T12:17:22.019,-2.6521,0.0800,49.5085
2026-05-09T12:17:22.033,-2.5916,0.0800,49.5091
2026-05-09T12:17:22.048,-2.5327,0.0800,49.5123
2026-05-09T12:17:22.061,-2.4806,0.0800,49.5158
2026-05-09T12:17:22.076,-2.4195,0.0800,49.5190
2026-05-09T12:17:22.089,-2.3660,0.0800,49.5239
2026-05-09T12:17:22.104,-2.3060,0.0800,49.5302
2026-05-09T12:17:22.119,-2.2527,0.0800,49.5345
2026-05-09T12:17:22.133,-2.1928,0.0800,49.5424
2026-05-09T12:17:22.147,-2.1338,0.0800,49.5509
2026-05-09T12:17:22.161,-2.0761,0.0800,49.5595
2026-05-09T12:17:22.176,-2.0030,0.0800,49.5695
2026-05-09T12:17:22.189,-1.9404,0.0800,49.5798
2026-05-09T12:17:22.203,-1.8814,0.0800,49.5898
2026-05-09T12:17:22.217,-1.8165,0.0800,49.5993
2026-05-09T12:17:22.231,-1.7532,0.0800,49.6095
2026-05-09T12:17:22.255,-1.6847,0.0800,49.6205
2026-05-09T12:17:22.269,-1.6191,0.0800,49.6304
2026-05-09T12:17:22.282,-1.5019,0.0800,49.6475
2026-05-09T12:17:22.296,-1.4351,0.0800,49.6579
2026-05-09T12:17:22.310,-1.3692,0.0800,49.6665
2026-05-09T12:17:22.324,-1.3027,0.0800,49.6749
2026-05-09T12:17:22.337,-1.2326,0.0800,49.6834
2026-05-09T12:17:22.351,-1.1681,0.0800,49.6917
2026-05-09T12:17:22.366,-1.1036,0.0800,49.6996
2026-05-09T12:17:22.379,-1.0346,0.0800,49.7080
2026-05-09T12:17:22.393,-0.9627,0.0800,49.7168
2026-05-09T12:17:22.407,-0.8931,0.0800,49.7253
2026-05-09T12:17:22.421,-0.8245,0.0800,49.7336
2026-05-09T12:17:22.435,-0.7560,0.0800,49.7420
2026-05-09T12:17:22.449,-0.6914,0.0800,49.7509
2026-05-09T12:17:22.463,-0.6283,0.0800,49.7603
2026-05-09T12:17:22.478,-0.5641,0.0800,49.7693
2026-05-09T12:17:22.492,-0.5057,0.0800,49.7792
2026-05-09T12:17:22.505,-0.4379,0.0800,49.7915
2026-05-09T12:17:22.519,-0.3812,0.0800,49.8026
2026-05-09T12:17:22.533,-0.3240,0.0800,49.8129
2026-05-09T12:17:22.547,-0.2679,0.0800,49.8252
2026-05-09T12:17:22.561,-0.2120,0.0800,49.8383
2026-05-09T12:17:22.575,-0.1540,0.0800,49.8509
2026-05-09T12:17:22.589,-0.0997,0.0800,49.8651
2026-05-09T12:17:22.603,-0.0433,0.0800,49.8807
2026-05-09T12:17:22.617,0.0100,0.0800,49.8942
2026-05-09T12:17:22.631,0.0583,0.0800,49.9092
2026-05-09T12:17:22.645,0.1109,0.0800,49.9264
2026-05-09T12:17:22.659,0.1594,0.0800,49.9432
2026-05-09T12:17:22.672,0.2101,0.0800,49.9593
2026-05-09T12:17:22.686,0.2521,0.0800,49.9754
2026-05-09T12:17:22.700,0.2942,0.0800,49.9924
2026-05-09T12:17:22.715,0.3396,0.0800,50.0091
2026-05-09T12:17:22.729,0.3825,0.0800,50.0281
2026-05-09T12:17:22.742,0.4287,0.0800,50.0495
2026-05-09T12:17:22.756,0.4698,0.0800,50.0664
2026-05-09T12:17:22.770,0.5088,0.0800,50.0862
2026-05-09T12:17:22.784,0.5481,0.0800,50.1072
2026-05-09T12:17:22.798,0.5871,0.0800,50.1259
2026-05-09T12:17:22.812,0.6242,0.0800,50.1474
2026-05-09T12:17:22.826,0.6583,0.0800,50.1683
2026-05-09T12:17:22.840,0.6931,0.0800,50.1904
2026-05-09T12:17:22.854,0.7277,0.0800,50.2101
2026-05-09T12:17:22.868,0.7574,0.0800,50.2307
2026-05-09T12:17:22.882,0.7893,0.0800,50.2537
2026-05-09T12:17:22.895,0.8216,0.0800,50.2744
2026-05-09T12:17:22.910,0.8509,0.0800,50.2973
2026-05-09T12:17:22.923,0.8784,0.0800,50.3196
2026-05-09T12:17:22.937,0.9118,0.0800,50.3442
2026-05-09T12:17:22.951,0.9377,0.0800,50.3669
2026-05-09T12:17:22.965,0.9639,0.0800,50.3908
2026-05-09T12:17:22.979,0.9904,0.0800,50.4159
2026-05-09T12:17:22.993,1.0179,0.0800,50.4392
2026-05-09T12:17:23.007,1.0420,0.0800,50.4643
2026-05-09T12:17:23.020,1.0629,0.0800,50.4871
2026-05-09T12:17:23.034,1.0861,0.0800,50.5094
2026-05-09T12:17:23.048,1.1036,0.0800,50.5306
2026-05-09T12:17:23.061,1.1202,0.0800,50.5519
2026-05-09T12:17:23.075,1.1383,0.0800,50.5713
2026-05-09T12:17:23.089,1.1507,0.0800,50.5893
2026-05-09T12:17:23.102,1.1612,0.0800,50.6062
2026-05-09T12:17:23.117,1.1743,0.0800,50.6217
2026-05-09T12:17:23.130,1.1832,0.0800,50.6377
2026-05-09T12:17:23.144,1.1922,0.0800,50.6550
2026-05-09T12:17:23.158,1.2035,0.0800,50.6695
2026-05-09T12:17:23.171,1.2114,0.0800,50.6863
2026-05-09T12:17:23.184,1.2187,0.0800,50.7026
2026-05-09T12:17:23.198,1.2257,0.0800,50.7192
2026-05-09T12:17:23.212,1.2357,0.0800,50.7354
2026-05-09T12:17:23.227,1.2429,0.0800,50.7544
2026-05-09T12:17:23.242,1.2491,0.0800,50.7725
2026-05-09T12:17:23.257,1.2577,0.0800,50.7880
2026-05-09T12:17:23.277,1.2628,0.0800,50.8055
2026-05-09T12:17:23.297,1.2695,0.0800,50.8308
2026-05-09T12:17:23.318,1.2735,0.0800,50.8481
2026-05-09T12:17:23.336,1.2783,0.0800,50.8712
2026-05-09T12:17:23.353,1.2827,0.0800,50.8962
2026-05-09T12:17:23.369,1.2857,0.0800,50.9175
2026-05-09T12:17:23.386,1.2879,0.0800,50.9372
2026-05-09T12:17:23.403,1.2902,0.0800,50.9628
2026-05-09T12:17:23.420,1.2965,0.0800,50.9805
2026-05-09T12:17:23.441,1.2978,0.0800,51.0025
2026-05-09T12:17:23.462,1.3002,0.0800,51.0332
2026-05-09T12:17:23.487,1.3054,0.0800,51.0875
2026-05-09T12:17:23.512,1.3131,0.0800,51.1638
2026-05-09T12:17:23.533,1.3212,0.0800,51.2600
2026-05-09T12:17:23.551,1.3302,0.0800,51.3781
2026-05-09T12:17:23.570,1.3354,0.0800,51.4649
2026-05-09T12:17:23.591,1.3396,0.0800,51.5491
2026-05-09T12:17:23.614,1.3447,0.0800,51.6363
2026-05-09T12:17:23.637,1.3476,0.0800,51.7348
2026-05-09T12:17:23.658,1.3496,0.0800,51.8431
2026-05-09T12:17:23.677,1.3503,0.0800,51.9488
2026-05-09T12:17:23.696,1.3511,0.0800,52.0144
2026-05-09T12:17:23.718,1.3514,0.0800,52.0454
2026-05-09T12:17:23.739,1.3516,0.0800,52.0634
2026-05-09T12:17:23.759,1.3516,0.0800,52.0647
2026-05-09T12:17:23.859,1.3516,0.0800,52.0617
2026-05-09T12:17:23.883,1.3514,0.0800,52.0370
2026-05-09T12:17:23.905,1.3533,0.0800,51.9624
2026-05-09T12:17:23.925,1.3539,0.0800,51.8811
2026-05-09T12:17:23.944,1.3529,0.0800,51.7960
2026-05-09T12:17:23.962,1.3501,0.0800,51.7136
2026-05-09T12:17:23.983,1.3459,0.0800,51.6326
2026-05-09T12:17:24.003,1.3409,0.0800,51.5616
2026-05-09T12:17:24.027,1.3336,0.0800,51.4758
2026-05-09T12:17:24.049,1.3252,0.0800,51.3940
2026-05-09T12:17:24.069,1.3137,0.0800,51.2991
2026-05-09T12:17:24.089,1.3009,0.0800,51.2083
2026-05-09T12:17:24.111,1.2878,0.0800,51.1274
2026-05-09T12:17:24.132,1.2740,0.0800,51.0485
2026-05-09T12:17:24.152,1.2567,0.0800,50.9597
2026-05-09T12:17:24.173,1.2404,0.0800,50.8833
2026-05-09T12:17:24.193,1.2223,0.0800,50.8060
2026-05-09T12:17:24.214,1.2028,0.0800,50.7292
2026-05-09T12:17:24.233,1.1820,0.0800,50.6535
2026-05-09T12:17:24.253,1.1588,0.0800,50.5751
2026-05-09T12:17:24.273,1.1367,0.0800,50.5056
2026-05-09T12:17:24.293,1.1124,0.0800,50.4335
2026-05-09T12:17:24.313,1.0864,0.0800,50.3609
2026-05-09T12:17:24.332,1.0593,0.0800,50.2896
2026-05-09T12:17:24.351,1.0294,0.0800,50.2155
2026-05-09T12:17:24.371,1.0015,0.0800,50.1502
2026-05-09T12:17:24.391,0.9690,0.0800,50.0777
2026-05-09T12:17:24.411,0.9374,0.0800,50.0109
2026-05-09T12:17:24.431,0.9034,0.0800,49.9423
2026-05-09T12:17:24.450,0.8669,0.0800,49.8721
2026-05-09T12:17:24.469,0.8328,0.0800,49.8094
2026-05-09T12:17:24.487,0.7943,0.0800,49.7415
2026-05-09T12:17:24.507,0.7554,0.0800,49.6817
2026-05-09T12:17:24.526,0.7193,0.0800,49.6231
2026-05-09T12:17:24.545,0.6776,0.0800,49.5580
2026-05-09T12:17:24.564,0.6376,0.0800,49.4980
2026-05-09T12:17:24.583,0.5944,0.0800,49.4358
2026-05-09T12:17:24.603,0.5519,0.0800,49.3771
2026-05-09T12:17:24.623,0.5061,0.0800,49.3162
2026-05-09T12:17:24.642,0.4587,0.0800,49.2558
2026-05-09T12:17:24.660,0.4094,0.0800,49.1953
2026-05-09T12:17:24.678,0.3570,0.0800,49.1334
2026-05-09T12:17:24.695,0.3120,0.0800,49.0822
2026-05-09T12:17:24.715,0.2599,0.0800,49.0250
2026-05-09T12:17:24.733,0.2135,0.0800,48.9758
2026-05-09T12:17:24.753,0.1514,0.0800,48.9117
2026-05-09T12:17:24.771,0.1037,0.0800,48.8644
2026-05-09T12:17:24.790,0.0469,0.0800,48.8096
2026-05-09T12:17:24.809,-0.0091,0.0800,48.7572
2026-05-09T12:17:24.828,-0.0666,0.0800,48.7051
2026-05-09T12:17:24.848,-0.1295,0.0800,48.6532
2026-05-09T12:17:24.867,-0.1874,0.0800,48.6041
2026-05-09T12:17:24.885,-0.2513,0.0800,48.5518
2026-05-09T12:17:24.904,-0.3096,0.0800,48.5057
2026-05-09T12:17:24.924,-0.3703,0.0800,48.4594
2026-05-09T12:17:24.942,-0.4319,0.0800,48.4139
2026-05-09T12:17:24.961,-0.4986,0.0800,48.3663
2026-05-09T12:17:24.980,-0.5576,0.0800,48.3253
2026-05-09T12:17:24.999,-0.6137,0.0800,48.2878
2026-05-09T12:17:25.019,-0.6765,0.0800,48.2470
2026-05-09T12:17:25.039,-0.7390,0.0800,48.2082
2026-05-09T12:17:25.060,-0.8030,0.0800,48.1701
2026-05-09T12:17:25.081,-0.8789,0.0800,48.1269
2026-05-09T12:17:25.102,-0.9359,0.0800,48.0962
2026-05-09T12:17:25.124,-1.0069,0.0800,48.0817
2026-05-09T12:17:25.145,-1.0781,0.0800,48.0796
2026-05-09T12:17:25.168,-1.1390,0.0800,48.0778
2026-05-09T12:17:25.189,-1.1498,0.0800,48.0778
2026-05-09T12:17:25.212,-1.1510,0.0800,48.0778
2026-05-09T12:17:26.809,-1.1293,0.0800,48.0833
2026-05-09T12:17:26.827,-1.0458,0.0800,48.1060
2026-05-09T12:17:26.844,-0.9697,0.0800,48.1267
2026-05-09T12:17:26.861,-0.8869,0.0800,48.1502
2026-05-09T12:17:26.880,-0.8022,0.0800,48.1745
2026-05-09T12:17:26.896,-0.7242,0.0800,48.1971
2026-05-09T12:17:26.913,-0.6314,0.0800,48.2243
2026-05-09T12:17:26.930,-0.5540,0.0800,48.2471
2026-05-09T12:17:26.948,-0.4699,0.0800,48.2720
2026-05-09T12:17:26.965,-0.3911,0.0800,48.2955
2026-05-09T12:17:26.982,-0.3044,0.0800,48.3217
2026-05-09T12:17:26.998,-0.2278,0.0800,48.3450
2026-05-09T12:17:27.014,-0.1467,0.0800,48.3699
2026-05-09T12:17:27.030,-0.0679,0.0800,48.3943
2026-05-09T12:17:27.045,0.0095,0.0800,48.4184
2026-05-09T12:17:27.061,0.0830,0.0800,48.4413
2026-05-09T12:17:27.076,0.1570,0.0800,48.4645
2026-05-09T12:17:27.091,0.2320,0.0800,48.4883
2026-05-09T12:17:27.106,0.3048,0.0800,48.5115
2026-05-09T12:17:27.123,0.3732,0.0800,48.5334
2026-05-09T12:17:27.141,0.4452,0.0800,48.5567
2026-05-09T12:17:27.157,0.5304,0.0800,48.5844
2026-05-09T12:17:27.173,0.6091,0.0800,48.6102
2026-05-09T12:17:27.189,0.6830,0.0800,48.6344
2026-05-09T12:17:27.204,0.7603,0.0800,48.6604
2026-05-09T12:17:27.219,0.8348,0.0800,48.6857
2026-05-09T12:17:27.234,0.9056,0.0800,48.7099
2026-05-09T12:17:27.249,0.9763,0.0800,48.7345
2026-05-09T12:17:27.264,1.0486,0.0800,48.7599
2026-05-09T12:17:27.279,1.1182,0.0800,48.7847
2026-05-09T12:17:27.293,1.1849,0.0800,48.8088
2026-05-09T12:17:27.307,1.2580,0.0800,48.8354
2026-05-09T12:17:27.320,1.3235,0.0800,48.8596
2026-05-09T12:17:27.334,1.3870,0.0800,48.8834
2026-05-09T12:17:27.349,1.4473,0.0800,48.9063
2026-05-09T12:17:27.363,1.5165,0.0800,48.9328
2026-05-09T12:17:27.377,1.5794,0.0800,48.9572
2026-05-09T12:17:27.392,1.6426,0.0800,48.9819
2026-05-09T12:17:27.406,1.7162,0.0800,49.0110
2026-05-09T12:17:27.419,1.7818,0.0800,49.0371
2026-05-09T12:17:27.434,1.8429,0.0800,49.0618
2026-05-09T12:17:27.448,1.9069,0.0800,49.0878
2026-05-09T12:17:27.462,1.9710,0.0800,49.1141
2026-05-09T12:17:27.476,2.0370,0.0800,49.1413
2026-05-09T12:17:27.490,2.0980,0.0800,49.1668
2026-05-09T12:17:27.503,2.1655,0.0800,49.1952
2026-05-09T12:17:27.517,2.2271,0.0800,49.2214
2026-05-09T12:17:27.532,2.2914,0.0800,49.2489
2026-05-09T12:17:27.546,2.3524,0.0800,49.2761
2026-05-09T12:17:27.559,2.4125,0.0800,49.3038
2026-05-09T12:17:27.573,2.4731,0.0800,49.3316
2026-05-09T12:17:27.587,2.5259,0.0800,49.3579
2026-05-09T12:17:27.601,2.5787,0.0800,49.3852
2026-05-09T12:17:27.615,2.6264,0.0800,49.4094
2026-05-09T12:17:27.629,2.6686,0.0800,49.4335
2026-05-09T12:17:27.643,2.7101,0.0800,49.4585
2026-05-09T12:17:27.657,2.7478,0.0800,49.4799
2026-05-09T12:17:27.671,2.7825,0.0800,49.5031
2026-05-09T12:17:27.685,2.8136,0.0800,49.5250
2026-05-09T12:17:27.699,2.8421,0.0800,49.5461
2026-05-09T12:17:27.713,2.8734,0.0800,49.5671
2026-05-09T12:17:27.727,2.9016,0.0800,49.5897
2026-05-09T12:17:27.740,2.9321,0.0800,49.6151
2026-05-09T12:17:27.755,2.9613,0.0800,49.6367
2026-05-09T12:17:27.769,2.9882,0.0800,49.6609
2026-05-09T12:17:27.783,3.0160,0.0800,49.6868
2026-05-09T12:17:27.797,3.0294,0.0800,49.6963
2026-05-09T12:17:27.811,3.0362,0.0800,49.7034
2026-05-09T12:17:27.824,3.0400,0.0800,49.7076
2026-05-09T12:17:27.838,3.0413,0.0800,49.7088
2026-05-09T12:17:27.852,3.0407,0.0800,49.7090
2026-05-09T12:17:27.866,3.0358,0.0800,49.7060
2026-05-09T12:17:27.880,3.0279,0.0800,49.7007
2026-05-09T12:17:27.894,3.0186,0.0800,49.6926
2026-05-09T12:17:27.908,2.9999,0.0800,49.6787
2026-05-09T12:17:27.922,2.9816,0.0800,49.6644
2026-05-09T12:17:27.936,2.9641,0.0800,49.6461
2026-05-09T12:17:27.950,2.9425,0.0800,49.6268
2026-05-09T12:17:27.963,2.9226,0.0800,49.6082
2026-05-09T12:17:27.977,2.9042,0.0800,49.5866
2026-05-09T12:17:27.991,2.8854,0.0800,49.5674
2026-05-09T12:17:28.005,2.8634,0.0800,49.5442
2026-05-09T12:17:28.019,2.8472,0.0800,49.5267
2026-05-09T12:17:28.033,2.8334,0.0800,49.5074
2026-05-09T12:17:28.047,2.8158,0.0800,49.4869
2026-05-09T12:17:28.060,2.7997,0.0800,49.4672
2026-05-09T12:17:28.074,2.7855,0.0800,49.4448
2026-05-09T12:17:28.088,2.7717,0.0800,49.4263
2026-05-09T12:17:28.102,2.7559,0.0800,49.4043
2026-05-09T12:17:28.116,2.7444,0.0800,49.3826
2026-05-09T12:17:28.130,2.7308,0.0800,49.3619
2026-05-09T12:17:28.143,2.7154,0.0800,49.3374
2026-05-09T12:17:28.158,2.7058,0.0800,49.3148
2026-05-09T12:17:28.172,2.6917,0.0800,49.2896
2026-05-09T12:17:28.185,2.6779,0.0800,49.2633
2026-05-09T12:17:28.199,2.6645,0.0800,49.2366
2026-05-09T12:17:28.213,2.6553,0.0800,49.2108
2026-05-09T12:17:28.226,2.6439,0.0800,49.1855
2026-05-09T12:17:28.240,2.6321,0.0800,49.1580
2026-05-09T12:17:28.254,2.6245,0.0800,49.1320
2026-05-09T12:17:28.268,2.6138,0.0800,49.1039
2026-05-09T12:17:28.282,2.6038,0.0800,49.0767
2026-05-09T12:17:28.296,2.5990,0.0800,49.0558
2026-05-09T12:17:28.310,2.5922,0.0800,49.0380
2026-05-09T12:17:28.323,2.5865,0.0800,49.0245
2026-05-09T12:17:28.338,2.5863,0.0800,49.0243
2026-05-09T12:17:28.351,2.5841,0.0800,49.0294
2026-05-09T12:17:28.365,2.5825,0.0800,49.0429
2026-05-09T12:17:28.378,2.5822,0.0800,49.0682
2026-05-09T12:17:28.393,2.5847,0.0800,49.1009
2026-05-09T12:17:28.406,2.5841,0.0800,49.1377
2026-05-09T12:17:28.420,2.5831,0.0800,49.1719
2026-05-09T12:17:28.436,2.5839,0.0800,49.2131
2026-05-09T12:17:28.452,2.5818,0.0800,49.2617
2026-05-09T12:17:28.467,2.5787,0.0800,49.3207
2026-05-09T12:17:28.483,2.5751,0.0800,49.3762
2026-05-09T12:17:28.498,2.5726,0.0800,49.4399
2026-05-09T12:17:28.514,2.5673,0.0800,49.5097
2026-05-09T12:17:28.530,2.5609,0.0800,49.5844
2026-05-09T12:17:28.544,2.5541,0.0800,49.6548
2026-05-09T12:17:28.559,2.5484,0.0800,49.7257
2026-05-09T12:17:28.573,2.5407,0.0800,49.7974
2026-05-09T12:17:28.588,2.5341,0.0800,49.8633
2026-05-09T12:17:28.603,2.5269,0.0800,49.9363
2026-05-09T12:17:28.619,2.5198,0.0800,50.0078
2026-05-09T12:17:28.635,2.5121,0.0800,50.0853
2026-05-09T12:17:28.653,2.5043,0.0800,50.1644
2026-05-09T12:17:28.671,2.4947,0.0800,50.2627
2026-05-09T12:17:28.688,2.4878,0.0800,50.3342
2026-05-09T12:17:28.703,2.4791,0.0800,50.4242
2026-05-09T12:17:28.718,2.4716,0.0800,50.5023
2026-05-09T12:17:28.736,2.4644,0.0800,50.5775
2026-05-09T12:17:28.754,2.4556,0.0800,50.6690
2026-05-09T12:17:28.769,2.4484,0.0800,50.7434
2026-05-09T12:17:28.784,2.4410,0.0800,50.8292
2026-05-09T12:17:28.798,2.4342,0.0800,50.9147
2026-05-09T12:17:28.816,2.4289,0.0800,50.9753
2026-05-09T12:17:28.836,2.4242,0.0800,51.0442
2026-05-09T12:17:28.854,2.4174,0.0800,51.1501
2026-05-09T12:17:28.870,2.4129,0.0800,51.2311
2026-05-09T12:17:28.886,2.4084,0.0800,51.3202
2026-05-09T12:17:28.902,2.4047,0.0800,51.4022
2026-05-09T12:17:28.919,2.4011,0.0800,51.4741
2026-05-09T12:17:28.933,2.3983,0.0800,51.5539
2026-05-09T12:17:28.948,2.3952,0.0800,51.6351
2026-05-09T12:17:28.963,2.3926,0.0800,51.7056
2026-05-09T12:17:28.978,2.3897,0.0800,51.7835
2026-05-09T12:17:28.993,2.3873,0.0800,51.8508
2026-05-09T12:17:29.009,2.3843,0.0800,51.9339
2026-05-09T12:17:29.025,2.3816,0.0800,52.0151
2026-05-09T12:17:29.041,2.3794,0.0800,52.0807
2026-05-09T12:17:29.059,2.3769,0.0800,52.1590
2026-05-09T12:17:29.075,2.3742,0.0800,52.2433
2026-05-09T12:17:29.091,2.3716,0.0800,52.3275
2026-05-09T12:17:29.106,2.3691,0.0800,52.4080
2026-05-09T12:17:29.121,2.3668,0.0800,52.4859
2026-05-09T12:17:29.137,2.3645,0.0800,52.5644
2026-05-09T12:17:29.154,2.3617,0.0800,52.6354
2026-05-09T12:17:29.171,2.3579,0.0800,52.7135
2026-05-09T12:17:29.186,2.3535,0.0800,52.7923
2026-05-09T12:17:29.201,2.3485,0.0800,52.8702
2026-05-09T12:17:29.216,2.3446,0.0800,52.9404
2026-05-09T12:17:29.231,2.3392,0.0800,53.0095
2026-05-09T12:17:29.250,2.3330,0.0800,53.0817
2026-05-09T12:17:29.268,2.3264,0.0800,53.1534
2026-05-09T12:17:29.283,2.3193,0.0800,53.2492
2026-05-09T12:17:29.299,2.3117,0.0800,53.3374
2026-05-09T12:17:29.313,2.3053,0.0800,53.4134
2026-05-09T12:17:29.331,2.2989,0.0800,53.4884
2026-05-09T12:17:29.348,2.2911,0.0800,53.5811
2026-05-09T12:17:29.364,2.2851,0.0800,53.6533
2026-05-09T12:17:29.380,2.2782,0.0800,53.7360
2026-05-09T12:17:29.395,2.2720,0.0800,53.8098
2026-05-09T12:17:29.410,2.2650,0.0800,53.8938
2026-05-09T12:17:29.425,2.2600,0.0800,53.9633
2026-05-09T12:17:29.440,2.2549,0.0800,54.0394
2026-05-09T12:17:29.457,2.2500,0.0800,54.1094
2026-05-09T12:17:29.475,2.2460,0.0800,54.1841
2026-05-09T12:17:29.490,2.2423,0.0800,54.2656
2026-05-09T12:17:29.504,2.2391,0.0800,54.3514
2026-05-09T12:17:29.520,2.2360,0.0800,54.4251
2026-05-09T12:17:29.535,2.2347,0.0800,54.4955
2026-05-09T12:17:29.549,2.2340,0.0800,54.5675
2026-05-09T12:17:29.564,2.2340,0.0800,54.6384
2026-05-09T12:17:29.582,2.2335,0.0800,54.7074
2026-05-09T12:17:29.600,2.2345,0.0800,54.7745
2026-05-09T12:17:29.616,2.2366,0.0800,54.8630
2026-05-09T12:17:29.630,2.2393,0.0800,54.9475
2026-05-09T12:17:29.645,2.2424,0.0800,55.0238
2026-05-09T12:17:29.660,2.2443,0.0800,55.0898
2026-05-09T12:17:29.675,2.2481,0.0800,55.1611
2026-05-09T12:17:29.691,2.2520,0.0800,55.2281
2026-05-09T12:17:29.707,2.2571,0.0800,55.3068
2026-05-09T12:17:29.722,2.2624,0.0800,55.3797
2026-05-09T12:17:29.738,2.2672,0.0800,55.4531
2026-05-09T12:17:29.752,2.2735,0.0800,55.5254
2026-05-09T12:17:29.765,2.2807,0.0800,55.6026
2026-05-09T12:17:29.778,2.2869,0.0800,55.6651
2026-05-09T12:17:29.792,2.2928,0.0800,55.7311
2026-05-09T12:17:29.808,2.2999,0.0800,55.7974
2026-05-09T12:17:29.822,2.3071,0.0800,55.8619
2026-05-09T12:17:29.836,2.3155,0.0800,55.9404
2026-05-09T12:17:29.850,2.3236,0.0800,56.0077
2026-05-09T12:17:29.863,2.3313,0.0800,56.0748
2026-05-09T12:17:29.877,2.3390,0.0800,56.1418
2026-05-09T12:17:29.891,2.3465,0.0800,56.2064
2026-05-09T12:17:29.905,2.3548,0.0800,56.2794
2026-05-09T12:17:29.918,2.3626,0.0800,56.3476
2026-05-09T12:17:29.932,2.3702,0.0800,56.4130
2026-05-09T12:17:29.946,2.3775,0.0800,56.4763
2026-05-09T12:17:29.959,2.3853,0.0800,56.5445
2026-05-09T12:17:29.973,2.3931,0.0800,56.6128
2026-05-09T12:17:29.990,2.4001,0.0800,56.6735
2026-05-09T12:17:30.003,2.4083,0.0800,56.7456
2026-05-09T12:17:30.017,2.4179,0.0800,56.8235
2026-05-09T12:17:30.031,2.4263,0.0800,56.8883
2026-05-09T12:17:30.045,2.4356,0.0800,56.9583
2026-05-09T12:17:30.059,2.4449,0.0800,57.0250
2026-05-09T12:17:30.073,2.4544,0.0800,57.0956
2026-05-09T12:17:30.087,2.4639,0.0800,57.1576
2026-05-09T12:17:30.101,2.4750,0.0800,57.2264
2026-05-09T12:17:30.115,2.4849,0.0800,57.2886
2026-05-09T12:17:30.129,2.4959,0.0800,57.3460
2026-05-09T12:17:30.143,2.5077,0.0800,57.4011
2026-05-09T12:17:30.157,2.5155,0.0800,57.4395
2026-05-09T12:17:30.171,2.5255,0.0800,57.4746
2026-05-09T12:17:30.185,2.5349,0.0800,57.5030
2026-05-09T12:17:30.199,2.5443,0.0800,57.5286
2026-05-09T12:17:30.213,2.5503,0.0800,57.5504
2026-05-09T12:17:30.227,2.5594,0.0800,57.5709
2026-05-09T12:17:30.240,2.5694,0.0800,57.5924
2026-05-09T12:17:30.255,2.5756,0.0800,57.6109
2026-05-09T12:17:30.268,2.5856,0.0800,57.6300
2026-05-09T12:17:30.282,2.5964,0.0800,57.6497
2026-05-09T12:17:30.296,2.6037,0.0800,57.6676
2026-05-09T12:17:30.310,2.6153,0.0800,57.6868
2026-05-09T12:17:30.324,2.6268,0.0800,57.7049
2026-05-09T12:17:30.338,2.6395,0.0800,57.7242
2026-05-09T12:17:30.352,2.6484,0.0800,57.7419
2026-05-09T12:17:30.365,2.6631,0.0800,57.7632
2026-05-09T12:17:30.379,2.6819,0.0800,57.7913
2026-05-09T12:17:30.393,2.7002,0.0800,57.8226
2026-05-09T12:17:30.407,2.7264,0.0800,57.8609
2026-05-09T12:17:30.421,2.7558,0.0800,57.9043
2026-05-09T12:17:30.435,2.7899,0.0800,57.9568
2026-05-09T12:17:30.449,2.8266,0.0800,58.0101
2026-05-09T12:17:30.462,2.8631,0.0800,58.0626
2026-05-09T12:17:30.476,2.9034,0.0800,58.1215
2026-05-09T12:17:30.491,2.9403,0.0800,58.1736
2026-05-09T12:17:30.505,2.9800,0.0800,58.2292
2026-05-09T12:17:30.518,3.0199,0.0800,58.2857
2026-05-09T12:17:30.532,3.0597,0.0800,58.3422
2026-05-09T12:17:30.546,3.0985,0.0800,58.3975
2026-05-09T12:17:30.559,3.1374,0.0800,58.4530
2026-05-09T12:17:30.574,3.1795,0.0800,58.5132
2026-05-09T12:17:30.588,3.2162,0.0800,58.5659
2026-05-09T12:17:30.601,3.2583,0.0800,58.6263
2026-05-09T12:17:30.616,3.2977,0.0800,58.6830
2026-05-09T12:17:30.630,3.3346,0.0800,58.7362
2026-05-09T12:17:30.643,3.3767,0.0800,58.7969
2026-05-09T12:17:30.657,3.4045,0.0800,58.8526
2026-05-09T12:17:30.671,3.4046,0.0800,58.9079
2026-05-09T12:17:30.685,3.4046,0.0800,58.9658
2026-05-09T12:17:30.699,3.4047,0.0800,59.0223
2026-05-09T12:17:30.713,3.4047,0.0800,59.0843
2026-05-09T12:17:30.727,3.4048,0.0800,59.1386
2026-05-09T12:17:30.740,3.4048,0.0800,59.1986
2026-05-09T12:17:30.755,3.4080,0.0800,59.2534
2026-05-09T12:17:30.768,3.4302,0.0800,59.3154
2026-05-09T12:17:30.782,3.4707,0.0800,59.3747
2026-05-09T12:17:30.796,3.5096,0.0800,59.4317
2026-05-09T12:17:30.810,3.5482,0.0800,59.4882
2026-05-09T12:17:30.824,3.5887,0.0800,59.5478
2026-05-09T12:17:30.837,3.6287,0.0800,59.6065
2026-05-09T12:17:30.852,3.6679,0.0800,59.6642
2026-05-09T12:17:30.866,3.7042,0.0800,59.7175
2026-05-09T12:17:30.880,3.7447,0.0800,59.7772
2026-05-09T12:17:30.893,3.7836,0.0800,59.8347
2026-05-09T12:17:30.908,3.8232,0.0800,59.8932
2026-05-09T12:17:30.921,3.8605,0.0800,59.9481
2026-05-09T12:17:30.935,3.9018,0.0800,60.0092
2026-05-09T12:17:30.949,3.9383,0.0800,60.0630
2026-05-09T12:17:30.962,3.9788,0.0800,60.1230
2026-05-09T12:17:30.977,4.0171,0.0800,60.1797
2026-05-09T12:17:30.991,4.0537,0.0800,60.2339
2026-05-09T12:17:31.004,4.0968,0.0800,60.2979
2026-05-09T12:17:31.019,4.1340,0.0800,60.3531
2026-05-09T12:17:31.032,4.1718,0.0800,60.4094
2026-05-09T12:17:31.047,4.2103,0.0800,60.4669
2026-05-09T12:17:31.060,4.2445,0.0800,60.5198
2026-05-09T12:17:31.074,4.2837,0.0800,60.5801
2026-05-09T12:17:31.088,4.3139,0.0800,60.6291
2026-05-09T12:17:31.101,4.3460,0.0800,60.6825
2026-05-09T12:17:31.116,4.3774,0.0800,60.7338
2026-05-09T12:17:31.130,4.4045,0.0800,60.7819
2026-05-09T12:17:31.143,4.4351,0.0800,60.8383
2026-05-09T12:17:31.158,4.4617,0.0800,60.8850
2026-05-09T12:17:31.172,4.4877,0.0800,60.9365
2026-05-09T12:17:31.185,4.5128,0.0800,60.9880
2026-05-09T12:17:31.198,4.5358,0.0800,61.0371
2026-05-09T12:17:31.214,4.5597,0.0800,61.0855
2026-05-09T12:17:31.227,4.5807,0.0800,61.1336
2026-05-09T12:17:31.240,4.6051,0.0800,61.1918
2026-05-09T12:17:31.255,4.6265,0.0800,61.2394
2026-05-09T12:17:31.269,4.6458,0.0800,61.2890
2026-05-09T12:17:31.282,4.6676,0.0800,61.3469
2026-05-09T12:17:31.296,4.6887,0.0800,61.4000
2026-05-09T12:17:31.311,4.7067,0.0800,61.4522
2026-05-09T12:17:31.325,4.7240,0.0800,61.5045
2026-05-09T12:17:31.338,4.7439,0.0800,61.5672
2026-05-09T12:17:31.353,4.7614,0.0800,61.6182
2026-05-09T12:17:31.366,4.7771,0.0800,61.6726
2026-05-09T12:17:31.380,4.7928,0.0800,61.7294
2026-05-09T12:17:31.394,4.8087,0.0800,61.7831
2026-05-09T12:17:31.408,4.8227,0.0800,61.8390
2026-05-09T12:17:31.421,4.8360,0.0800,61.8951
2026-05-09T12:17:31.435,4.8505,0.0800,61.9522
2026-05-09T12:17:31.449,4.8613,0.0800,62.0044
2026-05-09T12:17:31.462,4.8720,0.0800,62.0592
2026-05-09T12:17:31.477,4.8835,0.0800,62.1133
2026-05-09T12:17:31.491,4.8912,0.0800,62.1613
2026-05-09T12:17:31.505,4.8991,0.0800,62.2170
2026-05-09T12:17:31.519,4.9045,0.0800,62.2612
2026-05-09T12:17:31.532,4.9116,0.0800,62.3092
2026-05-09T12:17:31.546,4.9148,0.0800,62.3508
2026-05-09T12:17:31.560,4.9171,0.0800,62.3903
2026-05-09T12:17:31.574,4.9208,0.0800,62.4292
2026-05-09T12:17:31.588,4.9212,0.0800,62.4647
2026-05-09T12:17:31.602,4.9210,0.0800,62.5037
2026-05-09T12:17:31.616,4.9228,0.0800,62.5423
2026-05-09T12:17:31.630,4.9211,0.0800,62.5774
2026-05-09T12:17:31.643,4.9185,0.0800,62.6160
2026-05-09T12:17:31.657,4.9183,0.0800,62.6519
2026-05-09T12:17:31.671,4.9143,0.0800,62.6895
2026-05-09T12:17:31.685,4.9101,0.0800,62.7232
2026-05-09T12:17:31.699,4.9049,0.0800,62.7593
2026-05-09T12:17:31.713,4.9016,0.0800,62.7967
2026-05-09T12:17:31.727,4.8951,0.0800,62.8318
2026-05-09T12:17:31.741,4.8875,0.0800,62.8692
2026-05-09T12:17:31.754,4.8828,0.0800,62.9037
2026-05-09T12:17:31.768,4.8744,0.0800,62.9386
2026-05-09T12:17:31.781,4.8652,0.0800,62.9736
2026-05-09T12:17:31.795,4.8579,0.0800,63.0097
2026-05-09T12:17:31.809,4.8479,0.0800,63.0426
2026-05-09T12:17:31.823,4.8367,0.0800,63.0773
2026-05-09T12:17:31.837,4.8264,0.0800,63.1161
2026-05-09T12:17:31.851,4.8145,0.0800,63.1490
2026-05-09T12:17:31.865,4.8001,0.0800,63.1876
2026-05-09T12:17:31.880,4.7849,0.0800,63.2262
2026-05-09T12:17:31.895,4.7705,0.0800,63.2683
2026-05-09T12:17:31.911,4.7506,0.0800,63.3152
2026-05-09T12:17:31.925,4.7309,0.0800,63.3591
2026-05-09T12:17:31.939,4.7071,0.0800,63.4100
2026-05-09T12:17:31.953,4.6903,0.0800,63.4505
2026-05-09T12:17:31.967,4.6686,0.0800,63.4930
2026-05-09T12:17:31.981,4.6459,0.0800,63.5357
2026-05-09T12:17:31.997,4.6246,0.0800,63.5791
2026-05-09T12:17:32.012,4.5986,0.0800,63.6245
2026-05-09T12:17:32.031,4.5861,0.0800,63.6703
2026-05-09T12:17:32.045,4.5845,0.0800,63.7163
2026-05-09T12:17:32.058,4.5771,0.0800,63.7730
2026-05-09T12:17:32.072,4.5592,0.0800,63.8176
2026-05-09T12:17:32.087,4.5362,0.0800,63.8619
2026-05-09T12:17:32.102,4.5083,0.0800,63.9004
2026-05-09T12:17:32.116,4.4803,0.0800,63.9417
2026-05-09T12:17:32.130,4.5110,0.0800,64.0332
2026-05-09T12:17:32.144,4.4804,0.0800,64.0715
2026-05-09T12:17:32.159,4.4515,0.0800,64.1100
2026-05-09T12:17:32.174,4.4170,0.0800,64.1504
2026-05-09T12:17:32.187,4.3861,0.0800,64.1853
2026-05-09T12:17:32.201,4.3509,0.0800,64.2238
2026-05-09T12:17:32.216,4.3201,0.0800,64.2601
2026-05-09T12:17:32.231,4.2804,0.0800,64.3008
2026-05-09T12:17:32.246,4.2486,0.0800,64.3323
2026-05-09T12:17:32.261,4.2090,0.0800,64.3704
2026-05-09T12:17:32.277,4.1732,0.0800,64.4072
2026-05-09T12:17:32.291,4.1355,0.0800,64.4410
2026-05-09T12:17:32.305,4.0956,0.0800,64.4754
2026-05-09T12:17:32.319,4.0626,0.0800,64.5025
2026-05-09T12:17:32.334,4.0303,0.0800,64.5307
2026-05-09T12:17:32.349,4.0008,0.0800,64.5526
2026-05-09T12:17:32.363,3.9668,0.0800,64.5767
2026-05-09T12:17:32.378,3.9367,0.0800,64.6008
2026-05-09T12:17:32.391,3.9063,0.0800,64.6203
2026-05-09T12:17:32.405,3.8753,0.0800,64.6393
2026-05-09T12:17:32.419,3.8451,0.0800,64.6569
2026-05-09T12:17:32.434,3.8180,0.0800,64.6753
2026-05-09T12:17:32.448,3.7912,0.0800,64.6893
2026-05-09T12:17:32.462,3.7606,0.0800,64.7046
2026-05-09T12:17:32.476,3.7317,0.0800,64.7218
2026-05-09T12:17:32.490,3.7034,0.0800,64.7344
2026-05-09T12:17:32.504,3.6751,0.0800,64.7462
2026-05-09T12:17:32.518,3.6526,0.0800,64.7578
2026-05-09T12:17:32.532,3.6312,0.0800,64.7649
2026-05-09T12:17:32.548,3.6128,0.0800,64.7699
2026-05-09T12:17:32.562,3.5981,0.0800,64.7729
2026-05-09T12:17:32.577,3.5853,0.0800,64.7778
2026-05-09T12:17:32.592,3.5793,0.0800,64.7767
2026-05-09T12:17:32.607,3.5744,0.0800,64.7745
2026-05-09T12:17:32.621,3.5735,0.0800,64.7715
2026-05-09T12:17:32.636,3.5800,0.0800,64.7692
2026-05-09T12:17:32.651,3.5899,0.0800,64.7631
2026-05-09T12:17:32.667,3.6087,0.0800,64.7544
2026-05-09T12:17:32.682,3.6295,0.0800,64.7465
2026-05-09T12:17:32.697,3.6585,0.0800,64.7403
2026-05-09T12:17:32.712,3.6887,0.0800,64.7315
2026-05-09T12:17:32.726,3.7215,0.0800,64.7231
2026-05-09T12:17:32.740,3.7601,0.0800,64.7145
2026-05-09T12:17:32.755,3.7912,0.0800,64.7116
2026-05-09T12:17:32.770,3.8273,0.0800,64.7051
2026-05-09T12:17:32.784,3.8657,0.0800,64.6991
2026-05-09T12:17:32.801,3.9017,0.0800,64.6972
2026-05-09T12:17:32.819,3.9381,0.0800,64.6930
2026-05-09T12:17:32.838,3.9815,0.0800,64.6889
2026-05-09T12:17:32.855,4.0298,0.0800,64.6855
2026-05-09T12:17:32.870,4.0803,0.0800,64.6832
2026-05-09T12:17:32.885,4.1234,0.0800,64.6824
2026-05-09T12:17:32.900,4.1643,0.0800,64.6826
2026-05-09T12:17:32.916,4.2025,0.0800,64.6866
2026-05-09T12:17:32.932,4.2418,0.0800,64.6884
2026-05-09T12:17:32.947,4.2829,0.0800,64.6911
2026-05-09T12:17:32.961,4.3218,0.0800,64.6946
2026-05-09T12:17:32.976,4.3603,0.0800,64.7016
2026-05-09T12:17:32.990,4.3957,0.0800,64.7062
2026-05-09T12:17:33.005,4.4346,0.0800,64.7120
2026-05-09T12:17:33.020,4.4727,0.0800,64.7185
2026-05-09T12:17:33.035,4.5090,0.0800,64.7283
2026-05-09T12:17:33.049,4.5469,0.0800,64.7363
2026-05-09T12:17:33.065,4.5842,0.0800,64.7450
2026-05-09T12:17:33.080,4.6253,0.0800,64.7554
2026-05-09T12:17:33.096,4.6572,0.0800,64.7675
2026-05-09T12:17:33.111,4.6957,0.0800,64.7789
2026-05-09T12:17:33.126,4.7343,0.0800,64.7911
2026-05-09T12:17:33.141,4.7730,0.0800,64.8042
2026-05-09T12:17:33.156,4.7986,0.0800,64.8169
2026-05-09T12:17:33.172,4.8320,0.0800,64.8296
2026-05-09T12:17:33.188,4.8620,0.0800,64.8415
2026-05-09T12:17:33.203,4.8930,0.0800,64.8543
2026-05-09T12:17:33.218,4.9156,0.0800,64.8672
2026-05-09T12:17:33.234,4.9392,0.0800,64.8775
2026-05-09T12:17:33.250,4.9619,0.0800,64.8877
2026-05-09T12:17:33.266,4.9797,0.0800,64.8951
2026-05-09T12:17:33.280,4.9907,0.0800,64.8984
2026-05-09T12:17:33.295,4.9955,0.0800,64.9020
2026-05-09T12:17:33.310,5.0006,0.0800,64.9019
2026-05-09T12:17:33.325,5.0019,0.0800,64.8986
2026-05-09T12:17:33.341,4.9964,0.0800,64.8938
2026-05-09T12:17:33.358,4.9893,0.0800,64.8828
2026-05-09T12:17:33.375,4.9778,0.0800,64.8668
2026-05-09T12:17:33.392,4.9595,0.0800,64.8438
2026-05-09T12:17:33.408,4.9384,0.0800,64.8164
2026-05-09T12:17:33.422,4.9197,0.0800,64.7912
2026-05-09T12:17:33.437,4.8943,0.0800,64.7618
2026-05-09T12:17:33.452,4.8772,0.0800,64.7372
2026-05-09T12:17:33.468,4.8572,0.0800,64.7075
2026-05-09T12:17:33.485,4.8374,0.0800,64.6770
2026-05-09T12:17:33.503,4.8114,0.0800,64.6421
2026-05-09T12:17:33.520,4.7868,0.0800,64.6018
2026-05-09T12:17:33.536,4.7605,0.0800,64.5571
2026-05-09T12:17:33.551,4.7374,0.0800,64.5162
2026-05-09T12:17:33.566,4.7121,0.0800,64.4698
2026-05-09T12:17:33.582,4.6884,0.0800,64.4248
2026-05-09T12:17:33.598,4.6607,0.0800,64.3765
2026-05-09T12:17:33.614,4.6341,0.0800,64.3229
2026-05-09T12:17:33.629,4.6081,0.0800,64.2686
2026-05-09T12:17:33.643,4.5832,0.0800,64.2144
2026-05-09T12:17:33.659,4.5578,0.0800,64.1627
2026-05-09T12:17:33.674,4.5341,0.0800,64.1070
2026-05-09T12:17:33.689,4.5134,0.0800,64.0560
2026-05-09T12:17:33.704,4.5115,0.0800,64.0198
2026-05-09T12:17:33.721,4.5278,0.0800,63.9996
2026-05-09T12:17:33.739,4.5462,0.0800,63.9704
2026-05-09T12:17:33.754,4.5651,0.0800,63.9302
2026-05-09T12:17:33.769,4.5792,0.0800,63.8778
2026-05-09T12:17:33.783,4.5804,0.0800,63.8276
2026-05-09T12:17:33.798,4.5760,0.0800,63.7710
2026-05-09T12:17:33.813,4.5762,0.0800,63.7189
2026-05-09T12:17:33.829,4.5754,0.0800,63.6639
2026-05-09T12:17:33.845,4.5744,0.0800,63.6158
2026-05-09T12:17:33.861,4.5738,0.0800,63.5716
2026-05-09T12:17:33.876,4.5722,0.0800,63.5277
2026-05-09T12:17:33.891,4.5701,0.0800,63.4894
2026-05-09T12:17:33.906,4.5688,0.0800,63.4493
2026-05-09T12:17:33.920,4.5669,0.0800,63.4128
2026-05-09T12:17:33.934,4.5655,0.0800,63.3742
2026-05-09T12:17:33.948,4.5636,0.0800,63.3406
2026-05-09T12:17:33.963,4.5624,0.0800,63.3043
2026-05-09T12:17:33.979,4.5608,0.0800,63.2674
2026-05-09T12:17:33.994,4.5608,0.0800,63.2306
2026-05-09T12:17:34.009,4.5616,0.0800,63.1891
2026-05-09T12:17:34.025,4.5632,0.0800,63.1517
2026-05-09T12:17:34.039,4.5657,0.0800,63.1109
2026-05-09T12:17:34.053,4.5653,0.0800,63.0707
2026-05-09T12:17:34.067,4.5691,0.0800,63.0281
2026-05-09T12:17:34.081,4.5734,0.0800,62.9861
2026-05-09T12:17:34.095,4.5762,0.0800,62.9398
2026-05-09T12:17:34.109,4.5820,0.0800,62.8945
2026-05-09T12:17:34.123,4.5890,0.0800,62.8432
2026-05-09T12:17:34.137,4.5971,0.0800,62.7876
2026-05-09T12:17:34.151,4.6034,0.0800,62.7313
2026-05-09T12:17:34.166,4.6132,0.0800,62.6688
2026-05-09T12:17:34.181,4.6231,0.0800,62.6083
2026-05-09T12:17:34.197,4.6338,0.0800,62.5385
2026-05-09T12:17:34.211,4.6458,0.0800,62.4718
2026-05-09T12:17:34.225,4.6590,0.0800,62.4007
2026-05-09T12:17:34.239,4.6720,0.0800,62.3331
2026-05-09T12:17:34.253,4.6838,0.0800,62.2674
2026-05-09T12:17:34.266,4.6968,0.0800,62.1986
2026-05-09T12:17:34.280,4.7096,0.0800,62.1308
2026-05-09T12:17:34.294,4.7222,0.0800,62.0635
2026-05-09T12:17:34.308,4.7352,0.0800,61.9944
2026-05-09T12:17:34.321,4.7476,0.0800,61.9281
2026-05-09T12:17:34.335,4.7604,0.0800,61.8598
2026-05-09T12:17:34.350,4.7722,0.0800,61.7974
2026-05-09T12:17:34.363,4.7849,0.0800,61.7294
2026-05-09T12:17:34.378,4.7988,0.0800,61.6555
2026-05-09T12:17:34.391,4.8106,0.0800,61.5928
2026-05-09T12:17:34.406,4.8246,0.0800,61.5191
2026-05-09T12:17:34.419,4.8367,0.0800,61.4546
2026-05-09T12:17:34.433,4.8499,0.0800,61.3852
2026-05-09T12:17:34.447,4.8618,0.0800,61.3226
2026-05-09T12:17:34.461,4.8755,0.0800,61.2505
2026-05-09T12:17:34.475,4.8883,0.0800,61.1836
2026-05-09T12:17:34.489,4.9007,0.0800,61.1185
2026-05-09T12:17:34.503,4.9146,0.0800,61.0464
2026-05-09T12:17:34.517,4.9277,0.0800,60.9781
2026-05-09T12:17:34.531,4.9398,0.0800,60.9152
2026-05-09T12:17:34.545,4.9543,0.0800,60.8400
2026-05-09T12:17:34.558,4.9666,0.0800,60.7765
2026-05-09T12:17:34.573,4.9804,0.0800,60.7050
2026-05-09T12:17:34.586,4.9930,0.0800,60.6401
2026-05-09T12:17:34.600,5.0067,0.0800,60.5695
2026-05-09T12:17:34.614,5.0195,0.0800,60.5076
2026-05-09T12:17:34.628,5.0333,0.0800,60.4442
2026-05-09T12:17:34.642,5.0478,0.0800,60.3809
2026-05-09T12:17:34.656,5.0617,0.0800,60.3169
2026-05-09T12:17:34.670,5.0761,0.0800,60.2585
2026-05-09T12:17:34.684,5.0922,0.0800,60.1958
2026-05-09T12:17:34.697,5.1073,0.0800,60.1344
2026-05-09T12:17:34.712,5.1248,0.0800,60.0718
2026-05-09T12:17:34.726,5.1407,0.0800,60.0174
2026-05-09T12:17:34.740,5.1597,0.0800,59.9553
2026-05-09T12:17:34.753,5.1748,0.0800,59.9020
2026-05-09T12:17:34.768,5.1935,0.0800,59.8460
2026-05-09T12:17:34.781,5.2121,0.0800,59.7926
2026-05-09T12:17:34.795,5.2305,0.0800,59.7364
2026-05-09T12:17:34.809,5.2500,0.0800,59.6842
2026-05-09T12:17:34.823,5.2708,0.0800,59.6308
2026-05-09T12:17:34.836,5.2902,0.0800,59.5778
2026-05-09T12:17:34.851,5.3120,0.0800,59.5256
2026-05-09T12:17:34.864,5.3334,0.0800,59.4760
2026-05-09T12:17:34.878,5.3593,0.0800,59.4176
2026-05-09T12:17:34.892,5.3822,0.0800,59.3621
2026-05-09T12:17:34.906,5.4096,0.0800,59.3022
2026-05-09T12:17:34.920,5.4368,0.0800,59.2438
2026-05-09T12:17:34.934,5.4640,0.0800,59.1836
2026-05-09T12:17:34.948,5.4918,0.0800,59.1258
2026-05-09T12:17:34.961,5.5210,0.0800,59.0636
2026-05-09T12:17:34.975,5.5510,0.0800,58.9995
2026-05-09T12:17:34.989,5.5788,0.0800,58.9402
2026-05-09T12:17:35.003,5.6092,0.0800,58.8753
2026-05-09T12:17:35.018,5.6378,0.0800,58.8144
2026-05-09T12:17:35.031,5.6670,0.0800,58.7519
2026-05-09T12:17:35.045,5.6989,0.0800,58.6836
2026-05-09T12:17:35.058,5.7258,0.0800,58.6262
2026-05-09T12:17:35.073,5.7564,0.0800,58.5608
2026-05-09T12:17:35.087,5.7843,0.0800,58.5012
2026-05-09T12:17:35.100,5.8148,0.0800,58.4361
2026-05-09T12:17:35.115,5.8447,0.0800,58.3722
2026-05-09T12:17:35.128,5.8721,0.0800,58.3138
2026-05-09T12:17:35.141,5.9036,0.0800,58.2467
2026-05-09T12:17:35.156,5.9311,0.0800,58.1881
2026-05-09T12:17:35.169,5.9601,0.0800,58.1264
2026-05-09T12:17:35.184,5.9895,0.0800,58.0636
2026-05-09T12:17:35.197,6.0182,0.0800,58.0024
2026-05-09T12:17:35.212,6.0497,0.0800,57.9353
2026-05-09T12:17:35.227,6.0773,0.0800,57.8763
2026-05-09T12:17:35.239,6.1086,0.0800,57.8094
2026-05-09T12:17:35.253,6.1403,0.0800,57.7417
2026-05-09T12:17:35.267,6.1643,0.0800,57.6904
2026-05-09T12:17:35.280,6.1931,0.0800,57.6289
2026-05-09T12:17:35.294,6.2231,0.0800,57.5647
2026-05-09T12:17:35.308,6.2500,0.0800,57.5054
2026-05-09T12:17:35.321,6.2752,0.0800,57.4483
2026-05-09T12:17:35.336,6.3001,0.0800,57.3928
2026-05-09T12:17:35.349,6.3164,0.0800,57.3531
2026-05-09T12:17:35.363,6.3222,0.0800,57.3375
2026-05-09T12:17:35.376,6.3251,0.0800,57.3331
2026-05-09T12:17:35.392,6.3256,0.0800,57.3318
2026-05-09T12:17:35.405,6.3236,0.0800,57.3365
2026-05-09T12:17:35.419,6.3185,0.0800,57.3483
2026-05-09T12:17:35.433,6.2960,0.0800,57.3954
2026-05-09T12:17:35.447,6.2746,0.0800,57.4421
2026-05-09T12:17:35.461,6.2508,0.0800,57.4966
2026-05-09T12:17:35.475,6.2299,0.0800,57.5526
2026-05-09T12:17:35.489,6.2082,0.0800,57.6070
2026-05-09T12:17:35.502,6.1862,0.0800,57.6641
2026-05-09T12:17:35.517,6.1661,0.0800,57.7225
2026-05-09T12:17:35.531,6.1458,0.0800,57.7789
2026-05-09T12:17:35.545,6.1241,0.0800,57.8410
2026-05-09T12:17:35.558,6.1057,0.0800,57.8955
2026-05-09T12:17:35.572,6.0862,0.0800,57.9593
2026-05-09T12:17:35.586,6.0699,0.0800,58.0109
2026-05-09T12:17:35.599,6.0508,0.0800,58.0729
2026-05-09T12:17:35.614,6.0342,0.0800,58.1345
2026-05-09T12:17:35.627,6.0188,0.0800,58.1887
2026-05-09T12:17:35.641,6.0011,0.0800,58.2527
2026-05-09T12:17:35.656,5.9879,0.0800,58.3086
2026-05-09T12:17:35.670,5.9723,0.0800,58.3695
2026-05-09T12:17:35.683,5.9566,0.0800,58.4336
2026-05-09T12:17:35.697,5.9436,0.0800,58.4963
2026-05-09T12:17:35.711,5.9309,0.0800,58.5526
2026-05-09T12:17:35.725,5.9164,0.0800,58.6206
2026-05-09T12:17:35.738,5.9052,0.0800,58.6757
2026-05-09T12:17:35.752,5.8955,0.0800,58.7326
2026-05-09T12:17:35.766,5.8842,0.0800,58.7941
2026-05-09T12:17:35.780,5.8736,0.0800,58.8553
2026-05-09T12:17:35.794,5.8651,0.0800,58.9166
2026-05-09T12:17:35.809,5.8557,0.0800,58.9774
2026-05-09T12:17:35.823,5.8466,0.0800,59.0404
2026-05-09T12:17:35.836,5.8396,0.0800,59.1041
2026-05-09T12:17:35.850,5.8318,0.0800,59.1668
2026-05-09T12:17:35.863,5.8251,0.0800,59.2260
2026-05-09T12:17:35.878,5.8199,0.0800,59.2884
2026-05-09T12:17:35.891,5.8143,0.0800,59.3471
2026-05-09T12:17:35.906,5.8086,0.0800,59.4125
2026-05-09T12:17:35.919,5.8041,0.0800,59.4706
2026-05-09T12:17:35.933,5.8011,0.0800,59.5356
2026-05-09T12:17:35.948,5.7977,0.0800,59.5941
2026-05-09T12:17:35.961,5.7946,0.0800,59.6585
2026-05-09T12:17:35.975,5.7937,0.0800,59.7230
2026-05-09T12:17:35.989,5.7920,0.0800,59.7809
2026-05-09T12:17:36.003,5.7909,0.0800,59.8437
2026-05-09T12:17:36.017,5.7918,0.0800,59.9064
2026-05-09T12:17:36.031,5.7919,0.0800,59.9685
2026-05-09T12:17:36.045,5.7926,0.0800,60.0324
2026-05-09T12:17:36.059,5.7939,0.0800,60.0920
2026-05-09T12:17:36.073,5.7973,0.0800,60.1574
2026-05-09T12:17:36.086,5.7997,0.0800,60.2173
2026-05-09T12:17:36.100,5.8028,0.0800,60.2792
2026-05-09T12:17:36.115,5.8079,0.0800,60.3407
2026-05-09T12:17:36.128,5.8120,0.0800,60.4008
2026-05-09T12:17:36.142,5.8172,0.0800,60.4683
2026-05-09T12:17:36.156,5.8239,0.0800,60.5247
2026-05-09T12:17:36.170,5.8295,0.0800,60.5825
2026-05-09T12:17:36.185,5.8363,0.0800,60.6452
2026-05-09T12:17:36.197,5.8432,0.0800,60.7039
2026-05-09T12:17:36.212,5.8527,0.0800,60.7654
2026-05-09T12:17:36.226,5.8599,0.0800,60.8170
2026-05-09T12:17:36.240,5.8692,0.0800,60.8800
2026-05-09T12:17:36.254,5.8800,0.0800,60.9335
2026-05-09T12:17:36.268,5.8896,0.0800,60.9894
2026-05-09T12:17:36.281,5.8996,0.0800,61.0432
2026-05-09T12:17:36.295,5.9127,0.0800,61.0992
2026-05-09T12:17:36.309,5.9241,0.0800,61.1533
2026-05-09T12:17:36.323,5.9353,0.0800,61.2038
2026-05-09T12:17:36.337,5.9505,0.0800,61.2596
2026-05-09T12:17:36.351,5.9628,0.0800,61.3088
2026-05-09T12:17:36.364,5.9753,0.0800,61.3568
2026-05-09T12:17:36.378,5.9881,0.0800,61.4040
2026-05-09T12:17:36.393,6.0029,0.0800,61.4470
2026-05-09T12:17:36.407,6.0167,0.0800,61.4929
2026-05-09T12:17:36.420,6.0291,0.0800,61.5331
2026-05-09T12:17:36.434,6.0440,0.0800,61.5708
2026-05-09T12:17:36.448,6.0560,0.0800,61.6063
2026-05-09T12:17:36.462,6.0672,0.0800,61.6387
2026-05-09T12:17:36.476,6.0805,0.0800,61.6679
2026-05-09T12:17:36.490,6.0863,0.0800,61.6862
2026-05-09T12:17:36.503,6.0907,0.0800,61.7024
2026-05-09T12:17:36.518,6.0937,0.0800,61.7074
2026-05-09T12:17:36.532,6.0902,0.0800,61.7077
2026-05-09T12:17:36.546,6.0840,0.0800,61.7046
2026-05-09T12:17:36.559,6.0728,0.0800,61.6927
2026-05-09T12:17:36.573,6.0590,0.0800,61.6723
2026-05-09T12:17:36.588,6.0346,0.0800,61.6419
2026-05-09T12:17:36.601,6.0055,0.0800,61.6060
2026-05-09T12:17:36.616,5.9746,0.0800,61.5644
2026-05-09T12:17:36.629,5.9404,0.0800,61.5233
2026-05-09T12:17:36.643,5.9000,0.0800,61.4754
2026-05-09T12:17:36.657,5.8641,0.0800,61.4306
2026-05-09T12:17:36.671,5.8218,0.0800,61.3817
2026-05-09T12:17:36.685,5.7779,0.0800,61.3316
2026-05-09T12:17:36.698,5.7341,0.0800,61.2819
2026-05-09T12:17:36.713,5.6882,0.0800,61.2289
2026-05-09T12:17:36.726,5.6452,0.0800,61.1809
2026-05-09T12:17:36.740,5.5969,0.0800,61.1264
2026-05-09T12:17:36.754,5.5537,0.0800,61.0776
2026-05-09T12:17:36.768,5.5071,0.0800,61.0252
2026-05-09T12:17:36.782,5.4603,0.0800,60.9724
2026-05-09T12:17:36.795,5.4152,0.0800,60.9215
2026-05-09T12:17:36.810,5.3701,0.0800,60.8706
2026-05-09T12:17:36.824,5.3259,0.0800,60.8208
2026-05-09T12:17:36.836,5.2764,0.0800,60.7651
2026-05-09T12:17:36.851,5.2312,0.0800,60.7142
2026-05-09T12:17:36.864,5.1892,0.0800,60.6670
2026-05-09T12:17:36.879,5.1400,0.0800,60.6116
2026-05-09T12:17:36.893,5.0986,0.0800,60.5649
2026-05-09T12:17:36.907,5.0492,0.0800,60.5093
2026-05-09T12:17:36.920,5.0051,0.0800,60.4596
2026-05-09T12:17:36.934,4.9581,0.0800,60.4066
2026-05-09T12:17:36.949,4.9148,0.0800,60.3577
2026-05-09T12:17:36.962,4.8683,0.0800,60.3054
2026-05-09T12:17:36.976,4.8217,0.0800,60.2527
2026-05-09T12:17:36.990,4.7798,0.0800,60.2067
2026-05-09T12:17:37.003,4.7404,0.0800,60.1661
2026-05-09T12:17:37.017,4.7051,0.0800,60.1315
2026-05-09T12:17:37.031,4.6789,0.0800,60.1042
2026-05-09T12:17:37.046,4.6471,0.0800,60.0758
2026-05-09T12:17:37.059,4.6173,0.0800,60.0503
2026-05-09T12:17:37.073,4.5856,0.0800,60.0209
2026-05-09T12:17:37.087,4.5535,0.0800,59.9948
2026-05-09T12:17:37.100,4.5114,0.0800,59.9605
2026-05-09T12:17:37.115,4.4667,0.0800,59.9219
2026-05-09T12:17:37.128,4.4205,0.0800,59.8851
2026-05-09T12:17:37.142,4.3644,0.0800,59.8405
2026-05-09T12:17:37.156,4.3185,0.0800,59.8028
2026-05-09T12:17:37.170,4.2642,0.0800,59.7605
2026-05-09T12:17:37.184,4.2079,0.0800,59.7169
2026-05-09T12:17:37.198,4.1554,0.0800,59.6767
2026-05-09T12:17:37.212,4.1016,0.0800,59.6349
2026-05-09T12:17:37.225,4.0502,0.0800,59.5988
2026-05-09T12:17:37.239,3.9907,0.0800,59.5988
2026-05-09T12:17:37.253,3.9408,0.0800,59.5988
2026-05-09T12:17:37.267,3.8869,0.0800,59.5988
2026-05-09T12:17:37.280,3.8317,0.0800,59.5988
2026-05-09T12:17:37.295,3.7784,0.0800,59.5983
2026-05-09T12:17:37.309,3.7264,0.0800,59.5904
2026-05-09T12:17:37.322,3.6719,0.0800,59.5685
2026-05-09T12:17:37.336,3.6175,0.0800,59.5309
2026-05-09T12:17:37.350,3.5727,0.0800,59.4922
2026-05-09T12:17:37.363,3.5232,0.0800,59.4536
2026-05-09T12:17:37.378,3.4773,0.0800,59.4142
2026-05-09T12:17:37.391,3.4338,0.0800,59.3737
2026-05-09T12:17:37.405,3.3902,0.0800,59.3323
2026-05-09T12:17:37.419,3.3485,0.0800,59.2916
2026-05-09T12:17:37.433,3.3057,0.0800,59.2512
2026-05-09T12:17:37.447,3.2660,0.0800,59.2103
2026-05-09T12:17:37.461,3.2261,0.0800,59.1682
2026-05-09T12:17:37.475,3.1868,0.0800,59.1282
2026-05-09T12:17:37.489,3.1529,0.0800,59.0899
2026-05-09T12:17:37.503,3.1179,0.0800,59.0492
2026-05-09T12:17:37.518,3.0822,0.0800,59.0098
2026-05-09T12:17:37.532,3.0508,0.0800,58.9708
2026-05-09T12:17:37.548,3.0168,0.0800,58.9274
2026-05-09T12:17:37.562,2.9854,0.0800,58.8859
2026-05-09T12:17:37.578,2.9507,0.0800,58.8424
2026-05-09T12:17:37.593,2.9218,0.0800,58.8013
2026-05-09T12:17:37.609,2.8907,0.0800,58.7554
2026-05-09T12:17:37.624,2.8618,0.0800,58.7107
2026-05-09T12:17:37.640,2.8290,0.0800,58.6634
2026-05-09T12:17:37.655,2.8038,0.0800,58.6212
2026-05-09T12:17:37.670,2.7764,0.0800,58.5735
2026-05-09T12:17:37.684,2.7528,0.0800,58.5305
2026-05-09T12:17:37.699,2.7263,0.0800,58.4857
2026-05-09T12:17:37.714,2.7036,0.0800,58.4409
2026-05-09T12:17:37.728,2.6823,0.0800,58.3971
2026-05-09T12:17:37.743,2.6601,0.0800,58.3492
2026-05-09T12:17:37.757,2.6383,0.0800,58.3069
2026-05-09T12:17:37.773,2.6167,0.0800,58.2571
2026-05-09T12:17:37.788,2.5959,0.0800,58.2070
2026-05-09T12:17:37.805,2.5729,0.0800,58.1501
2026-05-09T12:17:37.819,2.5474,0.0800,58.0916
2026-05-09T12:17:37.834,2.5225,0.0800,58.0261
2026-05-09T12:17:37.849,2.5009,0.0800,57.9677
2026-05-09T12:17:37.862,2.4794,0.0800,57.9077
2026-05-09T12:17:37.877,2.4559,0.0800,57.8449
2026-05-09T12:17:37.892,2.4371,0.0800,57.7893
2026-05-09T12:17:37.907,2.4152,0.0800,57.7221
2026-05-09T12:17:37.921,2.3968,0.0800,57.6636
2026-05-09T12:17:37.936,2.3750,0.0800,57.5970
2026-05-09T12:17:37.951,2.3574,0.0800,57.5368
2026-05-09T12:17:37.966,2.3383,0.0800,57.4692
2026-05-09T12:17:37.981,2.3212,0.0800,57.4070
2026-05-09T12:17:37.997,2.2987,0.0800,57.3273
2026-05-09T12:17:38.013,2.2848,0.0800,57.2725
2026-05-09T12:17:38.028,2.2668,0.0800,57.2002
2026-05-09T12:17:38.044,2.2479,0.0800,57.1238
2026-05-09T12:17:38.058,2.2293,0.0800,57.0542
2026-05-09T12:17:38.073,2.2100,0.0800,56.9781
2026-05-09T12:17:38.087,2.1929,0.0800,56.9109
2026-05-09T12:17:38.102,2.1752,0.0800,56.8408
2026-05-09T12:17:38.117,2.1575,0.0800,56.7711
2026-05-09T12:17:38.131,2.1396,0.0800,56.7001
2026-05-09T12:17:38.145,2.1226,0.0800,56.6298
2026-05-09T12:17:38.159,2.1080,0.0800,56.5665
2026-05-09T12:17:38.174,2.0917,0.0800,56.4978
2026-05-09T12:17:38.188,2.0782,0.0800,56.4348
2026-05-09T12:17:38.202,2.0646,0.0800,56.3681
2026-05-09T12:17:38.217,2.0507,0.0800,56.3033
2026-05-09T12:17:38.231,2.0389,0.0800,56.2395
2026-05-09T12:17:38.245,2.0275,0.0800,56.1752
2026-05-09T12:17:38.258,2.0169,0.0800,56.1118
2026-05-09T12:17:38.272,2.0050,0.0800,56.0451
2026-05-09T12:17:38.286,1.9965,0.0800,55.9886
2026-05-09T12:17:38.300,1.9870,0.0800,55.9217
2026-05-09T12:17:38.315,1.9773,0.0800,55.8592
2026-05-09T12:17:38.328,1.9694,0.0800,55.7962
2026-05-09T12:17:38.342,1.9614,0.0800,55.7281
2026-05-09T12:17:38.355,1.9536,0.0800,55.6694
2026-05-09T12:17:38.369,1.9472,0.0800,55.6053
2026-05-09T12:17:38.383,1.9417,0.0800,55.5459
2026-05-09T12:17:38.398,1.9350,0.0800,55.4804
2026-05-09T12:17:38.412,1.9302,0.0800,55.4159
2026-05-09T12:17:38.425,1.9259,0.0800,55.3495
2026-05-09T12:17:38.438,1.9221,0.0800,55.2831
2026-05-09T12:17:38.461,1.9180,0.0800,55.2241
2026-05-09T12:17:38.475,1.9154,0.0800,55.1603
2026-05-09T12:17:38.488,1.9123,0.0800,55.0630
2026-05-09T12:17:38.502,1.9111,0.0800,54.9993
2026-05-09T12:17:38.516,1.9091,0.0800,54.9369
2026-05-09T12:17:38.530,1.9088,0.0800,54.8731
2026-05-09T12:17:38.544,1.9089,0.0800,54.8059
2026-05-09T12:17:38.557,1.9096,0.0800,54.7386
2026-05-09T12:17:38.571,1.9095,0.0800,54.6738
2026-05-09T12:17:38.585,1.9109,0.0800,54.6164
2026-05-09T12:17:38.599,1.9129,0.0800,54.5500
2026-05-09T12:17:38.613,1.9144,0.0800,54.4807
2026-05-09T12:17:38.628,1.9174,0.0800,54.4156
2026-05-09T12:17:38.641,1.9208,0.0800,54.3494
2026-05-09T12:17:38.655,1.9237,0.0800,54.2829
2026-05-09T12:17:38.669,1.9280,0.0800,54.2195
2026-05-09T12:17:38.683,1.9329,0.0800,54.1517
2026-05-09T12:17:38.697,1.9371,0.0800,54.0859
2026-05-09T12:17:38.711,1.9427,0.0800,54.0216
2026-05-09T12:17:38.724,1.9488,0.0800,53.9563
2026-05-09T12:17:38.738,1.9554,0.0800,53.8908
2026-05-09T12:17:38.752,1.9612,0.0800,53.8282
2026-05-09T12:17:38.766,1.9688,0.0800,53.7639
2026-05-09T12:17:38.780,1.9772,0.0800,53.6978
2026-05-09T12:17:38.794,1.9847,0.0800,53.6326
2026-05-09T12:17:38.808,1.9930,0.0800,53.5752
2026-05-09T12:17:38.822,2.0026,0.0800,53.5125
2026-05-09T12:17:38.836,2.0119,0.0800,53.4461
2026-05-09T12:17:38.850,2.0221,0.0800,53.3856
2026-05-09T12:17:38.863,2.0345,0.0800,53.3159
2026-05-09T12:17:38.877,2.0436,0.0800,53.2590
2026-05-09T12:17:38.891,2.0550,0.0800,53.2003
2026-05-09T12:17:38.905,2.0681,0.0800,53.1352
2026-05-09T12:17:38.918,2.0810,0.0800,53.0740
2026-05-09T12:17:38.932,2.0941,0.0800,53.0066
2026-05-09T12:17:38.946,2.1065,0.0800,52.9462
2026-05-09T12:17:38.959,2.1182,0.0800,52.8893
2026-05-09T12:17:38.973,2.1291,0.0800,52.8305
2026-05-09T12:17:38.986,2.1373,0.0800,52.7802
2026-05-09T12:17:39.000,2.1441,0.0800,52.7301
2026-05-09T12:17:39.014,2.1517,0.0800,52.6847
2026-05-09T12:17:39.030,2.1564,0.0800,52.6381
2026-05-09T12:17:39.044,2.1605,0.0800,52.5888
2026-05-09T12:17:39.058,2.1666,0.0800,52.5347
2026-05-09T12:17:39.072,2.1690,0.0800,52.4836
2026-05-09T12:17:39.086,2.1707,0.0800,52.4357
2026-05-09T12:17:39.099,2.1720,0.0800,52.3816
2026-05-09T12:17:39.114,2.1754,0.0800,52.3272
2026-05-09T12:17:39.127,2.1762,0.0800,52.2674
2026-05-09T12:17:39.141,2.1773,0.0800,52.1848
2026-05-09T12:17:39.155,2.1790,0.0800,52.1343
2026-05-09T12:17:39.169,2.1793,0.0800,52.0679
2026-05-09T12:17:39.183,2.1794,0.0800,51.9972
2026-05-09T12:17:39.196,2.1805,0.0800,51.9292
2026-05-09T12:17:39.211,2.1809,0.0800,51.8634
2026-05-09T12:17:39.225,2.1813,0.0800,51.7953
2026-05-09T12:17:39.239,2.1818,0.0800,51.7199
2026-05-09T12:17:39.253,2.1821,0.0800,51.6542
2026-05-09T12:17:39.267,2.1824,0.0800,51.5864
2026-05-09T12:17:39.280,2.1828,0.0800,51.5186
2026-05-09T12:17:39.294,2.1819,0.0800,51.4493
2026-05-09T12:17:39.308,2.1802,0.0800,51.3881
2026-05-09T12:17:39.322,2.1773,0.0800,51.3344
2026-05-09T12:17:39.336,2.1757,0.0800,51.2841
2026-05-09T12:17:39.350,2.1713,0.0800,51.2377
2026-05-09T12:17:39.364,2.1658,0.0800,51.1921
2026-05-09T12:17:39.378,2.1628,0.0800,51.1520
2026-05-09T12:17:39.392,2.1561,0.0800,51.1111
2026-05-09T12:17:39.407,2.1486,0.0800,51.0705
2026-05-09T12:17:39.420,2.1407,0.0800,51.0321
2026-05-09T12:17:39.435,2.1347,0.0800,50.9928
2026-05-09T12:17:39.449,2.1255,0.0800,50.9552
2026-05-09T12:17:39.462,2.1151,0.0800,50.9157
2026-05-09T12:17:39.477,2.1064,0.0800,50.8722
2026-05-09T12:17:39.492,2.0937,0.0800,50.8264
2026-05-09T12:17:39.506,2.0780,0.0800,50.7715
2026-05-09T12:17:39.521,2.0604,0.0800,50.7103
2026-05-09T12:17:39.537,2.0434,0.0800,50.6460
2026-05-09T12:17:39.553,2.0240,0.0800,50.5765
2026-05-09T12:17:39.568,2.0047,0.0800,50.5029
2026-05-09T12:17:39.583,1.9873,0.0800,50.4327
2026-05-09T12:17:39.597,1.9694,0.0800,50.3643
2026-05-09T12:17:39.612,1.9559,0.0800,50.3034
2026-05-09T12:17:39.627,1.9440,0.0800,50.2455
2026-05-09T12:17:39.642,1.9333,0.0800,50.1874
2026-05-09T12:17:39.657,1.9226,0.0800,50.1355
2026-05-09T12:17:39.673,1.9153,0.0800,50.0832
2026-05-09T12:17:39.688,1.9099,0.0800,50.0359
2026-05-09T12:17:39.702,1.9060,0.0800,49.9906
2026-05-09T12:17:39.719,1.9002,0.0800,49.9489
2026-05-09T12:17:39.735,1.8986,0.0800,49.9082
2026-05-09T12:17:39.751,1.8982,0.0800,49.8675
2026-05-09T12:17:39.766,1.8993,0.0800,49.8334
2026-05-09T12:17:39.780,1.9014,0.0800,49.8051
2026-05-09T12:17:39.794,1.9008,0.0800,49.7830
2026-05-09T12:17:39.809,1.9041,0.0800,49.7661
2026-05-09T12:17:39.823,1.9077,0.0800,49.7504
2026-05-09T12:17:39.838,1.9084,0.0800,49.7382
2026-05-09T12:17:39.853,1.9124,0.0800,49.7293
2026-05-09T12:17:39.867,1.9168,0.0800,49.7220
2026-05-09T12:17:39.880,1.9209,0.0800,49.7170
2026-05-09T12:17:39.895,1.9215,0.0800,49.7111
2026-05-09T12:17:39.909,1.9254,0.0800,49.7075
2026-05-09T12:17:39.923,1.9296,0.0800,49.7041
2026-05-09T12:17:39.937,1.9305,0.0800,49.6990
2026-05-09T12:17:39.952,1.9344,0.0800,49.6964
2026-05-09T12:17:39.968,1.9389,0.0800,49.6935
2026-05-09T12:17:39.982,1.9433,0.0800,49.6909
2026-05-09T12:17:39.997,1.9452,0.0800,49.6857
2026-05-09T12:17:40.016,1.9497,0.0800,49.6833
2026-05-09T12:17:40.030,1.9546,0.0800,49.6808
2026-05-09T12:17:40.044,1.9605,0.0800,49.6779
2026-05-09T12:17:40.058,1.9652,0.0800,49.6758
2026-05-09T12:17:40.072,1.9674,0.0800,49.6707
2026-05-09T12:17:40.086,1.9720,0.0800,49.6679
2026-05-09T12:17:40.099,1.9781,0.0800,49.6636
2026-05-09T12:17:40.114,1.9821,0.0800,49.6555
2026-05-09T12:17:40.128,1.9891,0.0800,49.6496
2026-05-09T12:17:40.141,1.9976,0.0800,49.6423
2026-05-09T12:17:40.156,2.0030,0.0800,49.6324
2026-05-09T12:17:40.170,2.0120,0.0800,49.6242
2026-05-09T12:17:40.184,2.0232,0.0800,49.6140
2026-05-09T12:17:40.197,2.0347,0.0800,49.6035
2026-05-09T12:17:40.211,2.0449,0.0800,49.5896
2026-05-09T12:17:40.226,2.0569,0.0800,49.5792
2026-05-09T12:17:40.239,2.0715,0.0800,49.5665
2026-05-09T12:17:40.254,2.0844,0.0800,49.5510
2026-05-09T12:17:40.268,2.0985,0.0800,49.5395
2026-05-09T12:17:40.282,2.1145,0.0800,49.5270
2026-05-09T12:17:40.296,2.1302,0.0800,49.5107
2026-05-09T12:17:40.310,2.1472,0.0800,49.4983
2026-05-09T12:17:40.324,2.1651,0.0800,49.4855
2026-05-09T12:17:40.338,2.1833,0.0800,49.4690
2026-05-09T12:17:40.352,2.2031,0.0800,49.4557
2026-05-09T12:17:40.366,2.2232,0.0800,49.4426
2026-05-09T12:17:40.379,2.2450,0.0800,49.4290
2026-05-09T12:17:40.394,2.2682,0.0800,49.4109
2026-05-09T12:17:40.408,2.2932,0.0800,49.3961
2026-05-09T12:17:40.422,2.3195,0.0800,49.3809
2026-05-09T12:17:40.435,2.3468,0.0800,49.3622
2026-05-09T12:17:40.449,2.3743,0.0800,49.3476
2026-05-09T12:17:40.463,2.4043,0.0800,49.3322
2026-05-09T12:17:40.477,2.4331,0.0800,49.3147
2026-05-09T12:17:40.491,2.4606,0.0800,49.3018
2026-05-09T12:17:40.505,2.4931,0.0800,49.2873
2026-05-09T12:17:40.519,2.5237,0.0800,49.2744
2026-05-09T12:17:40.533,2.5559,0.0800,49.2582
2026-05-09T12:17:40.547,2.5871,0.0800,49.2464
2026-05-09T12:17:40.561,2.6181,0.0800,49.2353
2026-05-09T12:17:40.575,2.6519,0.0800,49.2206
2026-05-09T12:17:40.590,2.6842,0.0800,49.2103
2026-05-09T12:17:40.603,2.7232,0.0800,49.1981
2026-05-09T12:17:40.617,2.7620,0.0800,49.1834
2026-05-09T12:17:40.631,2.7992,0.0800,49.1730
2026-05-09T12:17:40.645,2.8471,0.0800,49.1597
2026-05-09T12:17:40.659,2.8973,0.0800,49.1464
2026-05-09T12:17:40.673,2.9516,0.0800,49.1300
2026-05-09T12:17:40.687,3.0046,0.0800,49.1167
2026-05-09T12:17:40.700,3.0634,0.0800,49.1024
2026-05-09T12:17:40.714,3.1248,0.0800,49.0863
2026-05-09T12:17:40.728,3.1820,0.0800,49.0734
2026-05-09T12:17:40.742,3.2472,0.0800,49.0592
2026-05-09T12:17:40.756,3.3074,0.0800,49.0451
2026-05-09T12:17:40.770,3.3682,0.0800,49.0330
2026-05-09T12:17:40.783,3.4327,0.0800,49.0206
2026-05-09T12:17:40.797,3.4931,0.0800,49.0081
2026-05-09T12:17:40.811,3.5563,0.0800,48.9970
2026-05-09T12:17:40.825,3.6179,0.0800,48.9865
2026-05-09T12:17:40.839,3.6899,0.0800,48.9747
2026-05-09T12:17:40.853,3.7504,0.0800,48.9640
2026-05-09T12:17:40.866,3.8160,0.0800,48.9539
2026-05-09T12:17:40.879,3.8830,0.0800,48.9439
2026-05-09T12:17:40.893,3.9469,0.0800,48.9338
2026-05-09T12:17:40.907,4.0114,0.0800,48.9248
2026-05-09T12:17:40.921,4.0795,0.0800,48.9155
2026-05-09T12:17:40.935,4.1448,0.0800,48.9065
2026-05-09T12:17:40.949,4.2073,0.0800,48.8992
2026-05-09T12:17:40.962,4.2718,0.0800,48.8923
2026-05-09T12:17:40.976,4.3361,0.0800,48.8847
2026-05-09T12:17:40.990,4.4000,0.0800,48.8793
2026-05-09T12:17:41.004,4.4572,0.0800,48.8755
2026-05-09T12:17:41.019,4.5092,0.0800,48.8709
2026-05-09T12:17:41.035,4.5635,0.0800,48.8689
2026-05-09T12:17:41.052,4.6200,0.0800,48.8678
2026-05-09T12:17:41.068,4.6956,0.0800,48.8678
2026-05-09T12:17:41.087,4.7355,0.0800,48.8690
2026-05-09T12:17:41.107,4.7890,0.0800,48.8694
2026-05-09T12:17:41.127,4.8440,0.0800,48.8736
2026-05-09T12:17:41.144,4.9038,0.0800,48.8798
2026-05-09T12:17:41.161,4.9558,0.0800,48.8870
2026-05-09T12:17:41.178,5.0034,0.0800,48.8948
2026-05-09T12:17:41.196,5.0473,0.0800,48.9032
2026-05-09T12:17:41.216,5.0931,0.0800,48.9129
2026-05-09T12:17:41.234,5.1360,0.0800,48.9233
2026-05-09T12:17:41.251,5.1843,0.0800,48.9362
2026-05-09T12:17:41.267,5.2285,0.0800,48.9493
2026-05-09T12:17:41.283,5.2706,0.0800,48.9629
2026-05-09T12:17:41.299,5.3116,0.0800,48.9732
2026-05-09T12:17:41.316,5.3486,0.0800,48.9870
2026-05-09T12:17:41.333,5.3886,0.0800,49.0030
2026-05-09T12:17:41.351,5.4314,0.0800,49.0212
2026-05-09T12:17:41.367,5.4675,0.0800,49.0376
2026-05-09T12:17:41.381,5.5068,0.0800,49.0565
2026-05-09T12:17:41.397,5.5444,0.0800,49.0715
2026-05-09T12:17:41.413,5.5782,0.0800,49.0896
2026-05-09T12:17:41.429,5.6118,0.0800,49.1085
2026-05-09T12:17:41.445,5.6484,0.0800,49.1300
2026-05-09T12:17:41.460,5.6863,0.0800,49.1493
2026-05-09T12:17:41.476,5.7207,0.0800,49.1717
2026-05-09T12:17:41.491,5.7513,0.0800,49.1926
2026-05-09T12:17:41.506,5.7836,0.0800,49.2156
2026-05-09T12:17:41.520,5.8131,0.0800,49.2375
2026-05-09T12:17:41.534,5.8460,0.0800,49.2589
2026-05-09T12:17:41.549,5.8732,0.0800,49.2809
2026-05-09T12:17:41.565,5.9022,0.0800,49.3051
2026-05-09T12:17:41.581,5.9334,0.0800,49.3280
2026-05-09T12:17:41.597,5.9657,0.0800,49.3569
2026-05-09T12:17:41.613,5.9988,0.0800,49.3876
2026-05-09T12:17:41.628,6.0305,0.0800,49.4181
2026-05-09T12:17:41.642,6.0638,0.0800,49.4513
2026-05-09T12:17:41.656,6.0974,0.0800,49.4812
2026-05-09T12:17:41.670,6.1270,0.0800,49.5127
2026-05-09T12:17:41.684,6.1579,0.0800,49.5466
2026-05-09T12:17:41.699,6.1915,0.0800,49.5801
2026-05-09T12:17:41.713,6.2225,0.0800,49.6159
2026-05-09T12:17:41.728,6.2548,0.0800,49.6543
2026-05-09T12:17:41.742,6.2911,0.0800,49.6983
2026-05-09T12:17:41.757,6.3260,0.0800,49.7376
2026-05-09T12:17:41.773,6.3657,0.0800,49.7870
2026-05-09T12:17:41.789,6.4109,0.0800,49.8442
2026-05-09T12:17:41.804,6.4537,0.0800,49.8992
2026-05-09T12:17:41.818,6.4980,0.0800,49.9547
2026-05-09T12:17:41.833,6.5396,0.0800,50.0095
2026-05-09T12:17:41.847,6.5798,0.0800,50.0633
2026-05-09T12:17:41.862,6.6215,0.0800,50.1193
2026-05-09T12:17:41.878,6.6666,0.0800,50.1778
2026-05-09T12:17:41.893,6.7098,0.0800,50.2348
2026-05-09T12:17:41.908,6.7590,0.0800,50.2999
2026-05-09T12:17:41.922,6.8050,0.0800,50.3605
2026-05-09T12:17:41.937,6.8487,0.0800,50.4183
2026-05-09T12:17:41.952,6.8910,0.0800,50.4740
2026-05-09T12:17:41.966,6.9372,0.0800,50.5350
2026-05-09T12:17:41.980,6.9920,0.0800,50.6073
2026-05-09T12:17:41.998,7.0254,0.0800,50.6514
2026-05-09T12:17:42.016,7.0689,0.0800,50.7088
2026-05-09T12:17:42.033,7.1206,0.0800,50.7771
2026-05-09T12:17:42.050,7.1764,0.0800,50.8509
2026-05-09T12:17:42.064,7.2237,0.0800,50.9133
2026-05-09T12:17:42.080,7.2774,0.0800,50.9841
2026-05-09T12:17:42.096,7.3262,0.0800,51.0486
2026-05-09T12:17:42.112,7.3702,0.0800,51.1068
2026-05-09T12:17:42.127,7.4170,0.0800,51.1685
2026-05-09T12:17:42.142,7.4645,0.0800,51.2312
2026-05-09T12:17:42.158,7.5076,0.0800,51.2882
2026-05-09T12:17:42.173,7.5516,0.0800,51.3478
2026-05-09T12:17:42.188,7.5950,0.0800,51.4077
2026-05-09T12:17:42.202,7.6368,0.0800,51.4663
2026-05-09T12:17:42.218,7.6781,0.0800,51.5233
2026-05-09T12:17:42.234,7.7166,0.0800,51.5791
2026-05-09T12:17:42.251,7.7600,0.0800,51.6430
2026-05-09T12:17:42.267,7.8016,0.0800,51.7053
2026-05-09T12:17:42.283,7.8482,0.0800,51.7762
2026-05-09T12:17:42.298,7.8873,0.0800,51.8344
2026-05-09T12:17:42.313,7.9273,0.0800,51.8974
2026-05-09T12:17:42.328,7.9656,0.0800,51.9588
2026-05-09T12:17:42.344,8.0038,0.0800,52.0210
2026-05-09T12:17:42.361,8.0417,0.0800,52.0816
2026-05-09T12:17:42.377,8.0820,0.0800,52.1496
2026-05-09T12:17:42.391,8.1200,0.0800,52.2148
2026-05-09T12:17:42.406,8.1586,0.0800,52.2822
2026-05-09T12:17:42.421,8.1918,0.0800,52.3414
2026-05-09T12:17:42.437,8.2270,0.0800,52.4027
2026-05-09T12:17:42.452,8.2601,0.0800,52.4637
2026-05-09T12:17:42.468,8.2942,0.0800,52.5281
2026-05-09T12:17:42.484,8.3267,0.0800,52.5909
2026-05-09T12:17:42.502,8.3617,0.0800,52.6572
2026-05-09T12:17:42.519,8.3921,0.0800,52.7200
2026-05-09T12:17:42.534,8.4241,0.0800,52.7884
2026-05-09T12:17:42.550,8.4530,0.0800,52.8529
2026-05-09T12:17:42.564,8.4779,0.0800,52.9108
2026-05-09T12:17:42.583,8.5043,0.0800,52.9694
2026-05-09T12:17:42.600,8.5263,0.0800,53.0253
2026-05-09T12:17:42.617,8.5515,0.0800,53.0922
2026-05-09T12:17:42.632,8.5741,0.0800,53.1557
2026-05-09T12:17:42.648,8.5957,0.0800,53.2190
2026-05-09T12:17:42.664,8.6150,0.0800,53.2790
2026-05-09T12:17:42.682,8.6378,0.0800,53.3444
2026-05-09T12:17:42.699,8.6577,0.0800,53.4108
2026-05-09T12:17:42.715,8.6802,0.0800,53.4880
2026-05-09T12:17:42.730,8.7004,0.0800,53.5602
2026-05-09T12:17:42.746,8.7191,0.0800,53.6296
2026-05-09T12:17:42.762,8.7391,0.0800,53.7000
2026-05-09T12:17:42.780,8.7578,0.0800,53.7731
2026-05-09T12:17:42.798,8.7770,0.0800,53.8495
2026-05-09T12:17:42.816,8.7991,0.0800,53.9388
2026-05-09T12:17:42.833,8.8193,0.0800,54.0188
2026-05-09T12:17:42.849,8.8406,0.0800,54.1032
2026-05-09T12:17:42.865,8.8623,0.0800,54.1890
2026-05-09T12:17:42.881,8.8813,0.0800,54.2645
2026-05-09T12:17:42.897,8.8997,0.0800,54.3373
2026-05-09T12:17:42.913,8.9198,0.0800,54.4165
2026-05-09T12:17:42.929,8.9410,0.0800,54.5006
2026-05-09T12:17:42.944,8.9590,0.0800,54.5716
2026-05-09T12:17:42.960,8.9774,0.0800,54.6446
2026-05-09T12:17:42.975,8.9968,0.0800,54.7212
2026-05-09T12:17:42.990,9.0142,0.0800,54.7901
2026-05-09T12:17:43.005,9.0326,0.0800,54.8634
2026-05-09T12:17:43.020,9.0507,0.0800,54.9356
2026-05-09T12:17:43.036,9.0948,0.0800,54.9773
2026-05-09T12:17:43.051,9.1349,0.0800,55.0371
2026-05-09T12:17:43.067,9.1557,0.0800,55.1107
2026-05-09T12:17:43.082,9.1745,0.0800,55.1860
2026-05-09T12:17:43.098,9.1929,0.0800,55.2593
2026-05-09T12:17:43.113,9.2119,0.0800,55.3352
2026-05-09T12:17:43.127,9.2304,0.0800,55.4087
2026-05-09T12:17:43.142,9.2487,0.0800,55.4816
2026-05-09T12:17:43.157,9.2657,0.0800,55.5493
2026-05-09T12:17:43.171,9.2830,0.0800,55.6182
2026-05-09T12:17:43.186,9.3009,0.0800,55.6899
2026-05-09T12:17:43.199,9.3183,0.0800,55.7594
2026-05-09T12:17:43.214,9.3349,0.0800,55.8260
2026-05-09T12:17:43.228,9.3514,0.0800,55.8920
2026-05-09T12:17:43.243,9.3688,0.0800,55.9621
2026-05-09T12:17:43.259,9.3857,0.0800,56.0300
2026-05-09T12:17:43.275,9.4031,0.0800,56.1001
2026-05-09T12:17:43.291,9.4218,0.0800,56.1788
2026-05-09T12:17:43.306,9.4396,0.0800,56.2553
2026-05-09T12:17:43.320,9.4564,0.0800,56.3299
2026-05-09T12:17:43.335,9.4733,0.0800,56.4027
2026-05-09T12:17:43.349,9.4869,0.0800,56.4658
2026-05-09T12:17:43.362,9.5018,0.0800,56.5367
2026-05-09T12:17:43.376,9.5169,0.0800,56.6067
2026-05-09T12:17:43.390,9.5298,0.0800,56.6724
2026-05-09T12:17:43.404,9.5418,0.0800,56.7357
2026-05-09T12:17:43.418,9.5541,0.0800,56.7980
2026-05-09T12:17:43.432,9.5653,0.0800,56.8620
2026-05-09T12:17:43.446,9.5762,0.0800,56.9278
2026-05-09T12:17:43.460,9.5863,0.0800,56.9920
2026-05-09T12:17:43.474,9.5971,0.0800,57.0567
2026-05-09T12:17:43.487,9.6057,0.0800,57.1192
2026-05-09T12:17:43.500,9.6140,0.0800,57.1827
2026-05-09T12:17:43.515,9.6229,0.0800,57.2453
2026-05-09T12:17:43.529,9.6297,0.0800,57.3061
2026-05-09T12:17:43.543,9.6362,0.0800,57.3689
2026-05-09T12:17:43.558,9.6437,0.0800,57.4343
2026-05-09T12:17:43.572,9.6494,0.0800,57.4997
2026-05-09T12:17:43.585,9.6544,0.0800,57.5651
2026-05-09T12:17:43.598,9.6589,0.0800,57.6289
2026-05-09T12:17:43.614,9.6639,0.0800,57.6891
2026-05-09T12:17:43.627,9.6672,0.0800,57.7497
2026-05-09T12:17:43.641,9.6706,0.0800,57.8229
2026-05-09T12:17:43.655,9.6747,0.0800,57.8864
2026-05-09T12:17:43.669,9.6771,0.0800,57.9527
2026-05-09T12:17:43.683,9.6794,0.0800,58.0177
2026-05-09T12:17:43.697,9.6830,0.0800,58.0898
2026-05-09T12:17:43.711,9.6857,0.0800,58.1574
2026-05-09T12:17:43.726,9.6885,0.0800,58.2285
2026-05-09T12:17:43.739,9.6914,0.0800,58.3018
2026-05-09T12:17:43.753,9.6942,0.0800,58.3715
2026-05-09T12:17:43.767,9.6967,0.0800,58.4361
2026-05-09T12:17:43.781,9.6994,0.0800,58.5043
2026-05-09T12:17:43.795,9.7023,0.0800,58.5765
2026-05-09T12:17:43.809,9.7052,0.0800,58.6492
2026-05-09T12:17:43.823,9.7078,0.0800,58.7154
2026-05-09T12:17:43.837,9.7108,0.0800,58.7881
2026-05-09T12:17:43.851,9.7135,0.0800,58.8550
2026-05-09T12:17:43.864,9.7163,0.0800,58.9237
2026-05-09T12:17:43.878,9.7192,0.0800,58.9931
2026-05-09T12:17:43.893,9.7219,0.0800,59.0608
2026-05-09T12:17:43.907,9.7249,0.0800,59.1311
2026-05-09T12:17:43.920,9.7278,0.0800,59.2009
2026-05-09T12:17:43.934,9.7308,0.0800,59.2712
2026-05-09T12:17:43.948,9.7337,0.0800,59.3395
2026-05-09T12:17:43.961,9.7365,0.0800,59.4063
2026-05-09T12:17:43.976,9.7397,0.0800,59.4807
2026-05-09T12:17:43.990,9.7424,0.0800,59.5431
2026-05-09T12:17:44.003,9.7456,0.0800,59.6184
2026-05-09T12:17:44.017,9.7485,0.0800,59.6846
2026-05-09T12:17:44.031,9.7512,0.0800,59.7491
2026-05-09T12:17:44.045,9.7544,0.0800,59.8244
2026-05-09T12:17:44.059,9.7573,0.0800,59.8920
2026-05-09T12:17:44.073,9.7602,0.0800,59.9614
2026-05-09T12:17:44.087,9.7632,0.0800,60.0292
2026-05-09T12:17:44.100,9.7663,0.0800,60.0999
2026-05-09T12:17:44.115,9.7694,0.0800,60.1725
2026-05-09T12:17:44.128,9.7723,0.0800,60.2358
2026-05-09T12:17:44.142,9.7757,0.0800,60.3109
2026-05-09T12:17:44.157,9.7786,0.0800,60.3745
2026-05-09T12:17:44.170,9.7816,0.0800,60.4401
2026-05-09T12:17:44.184,9.7852,0.0800,60.5166
2026-05-09T12:17:44.198,9.7883,0.0800,60.5856
2026-05-09T12:17:44.211,9.7915,0.0800,60.6531
2026-05-09T12:17:44.226,9.7946,0.0800,60.7210
2026-05-09T12:17:44.239,9.7979,0.0800,60.7932
2026-05-09T12:17:44.254,9.8010,0.0800,60.8585
2026-05-09T12:17:44.267,9.8041,0.0800,60.9263
2026-05-09T12:17:44.281,9.8074,0.0800,60.9982
2026-05-09T12:17:44.295,9.8105,0.0800,61.0645
2026-05-09T12:17:44.309,9.8138,0.0800,61.1355
2026-05-09T12:17:44.323,9.8170,0.0800,61.2034
2026-05-09T12:17:44.337,9.8205,0.0800,61.2785
2026-05-09T12:17:44.350,9.8235,0.0800,61.3416
2026-05-09T12:17:44.364,9.8269,0.0800,61.4149
2026-05-09T12:17:44.379,9.8300,0.0800,61.4790
2026-05-09T12:17:44.393,9.8332,0.0800,61.5470
2026-05-09T12:17:44.406,9.8368,0.0800,61.6220
2026-05-09T12:17:44.420,9.8399,0.0800,61.6882
2026-05-09T12:17:44.434,9.8432,0.0800,61.7576
2026-05-09T12:17:44.448,9.8466,0.0800,61.8266
2026-05-09T12:17:44.461,9.8499,0.0800,61.8956
2026-05-09T12:17:44.476,9.8534,0.0800,61.9681
2026-05-09T12:17:44.490,9.8565,0.0800,62.0317
2026-05-09T12:17:44.503,9.8600,0.0800,62.1059
2026-05-09T12:17:44.517,9.8632,0.0800,62.1725
2026-05-09T12:17:44.531,9.8663,0.0800,62.2382
2026-05-09T12:17:44.546,9.8697,0.0800,62.3088
2026-05-09T12:17:44.559,9.8730,0.0800,62.3792
2026-05-09T12:17:44.573,9.8764,0.0800,62.4531
2026-05-09T12:17:44.587,9.8794,0.0800,62.5187
2026-05-09T12:17:44.601,9.8827,0.0800,62.5878
2026-05-09T12:17:44.615,9.8859,0.0800,62.6574
2026-05-09T12:17:44.629,9.8890,0.0800,62.7240
2026-05-09T12:17:44.643,9.8924,0.0800,62.7973
2026-05-09T12:17:44.657,9.8955,0.0800,62.8652
2026-05-09T12:17:44.671,9.8987,0.0800,62.9336
2026-05-09T12:17:44.685,9.9019,0.0800,63.0034
2026-05-09T12:17:44.698,9.9052,0.0800,63.0748
2026-05-09T12:17:44.712,9.9084,0.0800,63.1442
2026-05-09T12:17:44.726,9.9113,0.0800,63.2074
2026-05-09T12:17:44.740,9.9146,0.0800,63.2816
2026-05-09T12:17:44.755,9.9176,0.0800,63.3496
2026-05-09T12:17:44.767,9.9206,0.0800,63.4173
2026-05-09T12:17:44.781,9.9238,0.0800,63.4902
2026-05-09T12:17:44.795,9.9266,0.0800,63.5542
2026-05-09T12:17:44.809,9.9295,0.0800,63.6231
2026-05-09T12:17:44.823,9.9324,0.0800,63.6906
2026-05-09T12:17:44.837,9.9355,0.0800,63.7630
2026-05-09T12:17:44.851,9.9385,0.0800,63.8333
2026-05-09T12:17:44.865,9.9413,0.0800,63.9006
2026-05-09T12:17:44.878,9.9444,0.0800,63.9734
2026-05-09T12:17:44.893,9.9471,0.0800,64.0380
2026-05-09T12:17:44.907,9.9489,0.0800,64.1023
2026-05-09T12:17:44.920,9.9502,0.0800,64.1720
2026-05-09T12:17:44.934,9.9522,0.0800,64.2380
2026-05-09T12:17:44.949,9.9524,0.0800,64.2982
2026-05-09T12:17:44.962,9.9522,0.0800,64.3645
2026-05-09T12:17:44.976,9.9526,0.0800,64.4362
2026-05-09T12:17:44.990,9.9515,0.0800,64.4939
2026-05-09T12:17:45.004,9.9497,0.0800,64.5617
2026-05-09T12:17:45.018,9.9486,0.0800,64.6277
2026-05-09T12:17:45.032,9.9459,0.0800,64.6915
2026-05-09T12:17:45.045,9.9424,0.0800,64.7599
2026-05-09T12:17:45.059,9.9388,0.0800,64.8204
2026-05-09T12:17:45.073,9.9356,0.0800,64.8862
2026-05-09T12:17:45.087,9.9310,0.0800,64.9463
2026-05-09T12:17:45.100,9.9256,0.0800,65.0107
2026-05-09T12:17:45.115,9.9209,0.0800,65.0757
2026-05-09T12:17:45.129,9.9147,0.0800,65.1366
2026-05-09T12:17:45.142,9.9071,0.0800,65.2062
2026-05-09T12:17:45.156,9.9015,0.0800,65.2659
2026-05-09T12:17:45.171,9.8938,0.0800,65.3273
2026-05-09T12:17:45.184,9.8850,0.0800,65.3924
2026-05-09T12:17:45.198,9.8771,0.0800,65.4570
2026-05-09T12:17:45.212,9.8675,0.0800,65.5194
2026-05-09T12:17:45.226,9.8576,0.0800,65.5802
2026-05-09T12:17:45.240,9.8465,0.0800,65.6453
2026-05-09T12:17:45.254,9.8367,0.0800,65.7076
2026-05-09T12:17:45.268,9.8247,0.0800,65.7708
2026-05-09T12:17:45.282,9.8120,0.0800,65.8349
2026-05-09T12:17:45.295,9.8008,0.0800,65.8954
2026-05-09T12:17:45.310,9.7874,0.0800,65.9575
2026-05-09T12:17:45.324,9.7739,0.0800,66.0175
2026-05-09T12:17:45.337,9.7575,0.0800,66.0875
2026-05-09T12:17:45.352,9.7449,0.0800,66.1453
2026-05-09T12:17:45.366,9.7289,0.0800,66.2086
2026-05-09T12:17:45.379,9.7132,0.0800,66.2688
2026-05-09T12:17:45.393,9.6971,0.0800,66.3333
2026-05-09T12:17:45.407,9.6803,0.0800,66.3932
2026-05-09T12:17:45.420,9.6635,0.0800,66.4513
2026-05-09T12:17:45.435,9.6464,0.0800,66.5132
2026-05-09T12:17:45.449,9.6281,0.0800,66.5726
2026-05-09T12:17:45.462,9.6083,0.0800,66.6352
2026-05-09T12:17:45.477,9.5895,0.0800,66.6972
2026-05-09T12:17:45.491,9.5707,0.0800,66.7521
2026-05-09T12:17:45.504,9.5492,0.0800,66.8131
2026-05-09T12:17:45.518,9.5282,0.0800,66.8704
2026-05-09T12:17:45.532,9.5084,0.0800,66.9268
2026-05-09T12:17:45.545,9.4880,0.0800,66.9778
2026-05-09T12:17:45.560,9.4672,0.0800,67.0280
2026-05-09T12:17:45.574,9.4457,0.0800,67.0829
2026-05-09T12:17:45.588,9.4228,0.0800,67.1338
2026-05-09T12:17:45.601,9.3995,0.0800,67.1838
2026-05-09T12:17:45.616,9.3778,0.0800,67.2338
2026-05-09T12:17:45.629,9.3566,0.0800,67.2754
2026-05-09T12:17:45.643,9.3317,0.0800,67.3230
2026-05-09T12:17:45.657,9.3099,0.0800,67.3683
2026-05-09T12:17:45.671,9.2841,0.0800,67.4142
2026-05-09T12:17:45.685,9.2594,0.0800,67.4565
2026-05-09T12:17:45.698,9.2327,0.0800,67.5006
2026-05-09T12:17:45.712,9.2083,0.0800,67.5441
2026-05-09T12:17:45.726,9.1825,0.0800,67.5839
2026-05-09T12:17:45.740,9.1539,0.0800,67.6264
2026-05-09T12:17:45.754,9.1290,0.0800,67.6666
2026-05-09T12:17:45.767,9.1010,0.0800,67.7055
2026-05-09T12:17:45.781,9.0713,0.0800,67.7451
2026-05-09T12:17:45.795,9.0453,0.0800,67.7829
2026-05-09T12:17:45.809,9.0151,0.0800,67.8205
2026-05-09T12:17:45.822,8.9854,0.0800,67.8561
2026-05-09T12:17:45.837,8.9543,0.0800,67.8959
2026-05-09T12:17:45.850,8.9254,0.0800,67.9280
2026-05-09T12:17:45.863,8.8923,0.0800,67.9635
2026-05-09T12:17:45.877,8.8629,0.0800,67.9977
2026-05-09T12:17:45.892,8.8307,0.0800,68.0297
2026-05-09T12:17:45.906,8.7949,0.0800,68.0639
2026-05-09T12:17:45.921,8.7605,0.0800,68.0955
2026-05-09T12:17:45.936,8.7246,0.0800,68.1305
2026-05-09T12:17:45.950,8.6878,0.0800,68.1616
2026-05-09T12:17:45.964,8.6475,0.0800,68.1943
2026-05-09T12:17:45.979,8.6113,0.0800,68.2260
2026-05-09T12:17:45.994,8.5731,0.0800,68.2546
2026-05-09T12:17:46.008,8.5323,0.0800,68.2838
2026-05-09T12:17:46.024,8.4918,0.0800,68.3115
2026-05-09T12:17:46.042,8.4514,0.0800,68.3414
2026-05-09T12:17:46.060,8.4043,0.0800,68.3711
2026-05-09T12:17:46.076,8.3531,0.0800,68.4020
2026-05-09T12:17:46.091,8.3032,0.0800,68.4305
2026-05-09T12:17:46.106,8.2549,0.0800,68.4568
2026-05-09T12:17:46.122,8.2101,0.0800,68.4799
2026-05-09T12:17:46.140,8.1629,0.0800,68.5064
2026-05-09T12:17:46.157,8.1146,0.0800,68.5290
2026-05-09T12:17:46.173,8.0599,0.0800,68.5534
2026-05-09T12:17:46.188,8.0089,0.0800,68.5748
2026-05-09T12:17:46.203,7.9590,0.0800,68.5946
2026-05-09T12:17:46.221,7.9123,0.0800,68.6154
2026-05-09T12:17:46.238,7.8573,0.0800,68.6349
2026-05-09T12:17:46.256,7.8064,0.0800,68.6517
2026-05-09T12:17:46.272,7.7509,0.0800,68.6691
2026-05-09T12:17:46.288,7.6954,0.0800,68.6853
2026-05-09T12:17:46.304,7.6439,0.0800,68.6994
2026-05-09T12:17:46.321,7.5879,0.0800,68.7168
2026-05-09T12:17:46.335,7.5341,0.0800,68.7295
2026-05-09T12:17:46.351,7.4817,0.0800,68.7409
2026-05-09T12:17:46.365,7.4334,0.0800,68.7505
2026-05-09T12:17:46.380,7.3819,0.0800,68.7600
2026-05-09T12:17:46.395,7.3282,0.0800,68.7725
2026-05-09T12:17:46.411,7.2652,0.0800,68.7835
2026-05-09T12:17:46.427,7.1937,0.0800,68.7958
2026-05-09T12:17:46.442,7.1266,0.0800,68.8069
2026-05-09T12:17:46.459,7.0561,0.0800,68.8197
2026-05-09T12:17:46.475,6.9814,0.0800,68.8325
2026-05-09T12:17:46.492,6.9023,0.0800,68.8461
2026-05-09T12:17:46.507,6.8233,0.0800,68.8597
2026-05-09T12:17:46.522,6.7412,0.0800,68.8738
2026-05-09T12:17:46.539,6.6641,0.0800,68.8871
2026-05-09T12:17:46.556,6.5904,0.0800,68.8998
2026-05-09T12:17:46.572,6.5061,0.0800,68.9143
2026-05-09T12:17:46.589,6.4283,0.0800,68.9276
2026-05-09T12:17:46.604,6.3458,0.0800,68.9418
2026-05-09T12:17:46.619,6.2466,0.0800,68.9588
2026-05-09T12:17:46.636,6.1708,0.0800,68.9718
2026-05-09T12:17:46.654,6.0989,0.0800,68.9842
2026-05-09T12:17:46.671,6.0284,0.0800,68.9964
2026-05-09T12:17:46.688,5.9437,0.0800,69.0110
2026-05-09T12:17:46.703,5.8610,0.0800,69.0253
2026-05-09T12:17:46.718,5.7753,0.0800,69.0403
2026-05-09T12:17:46.733,5.7003,0.0800,69.0535
2026-05-09T12:17:46.748,5.6234,0.0800,69.0671
2026-05-09T12:17:46.761,5.5543,0.0800,69.0793
2026-05-09T12:17:46.776,5.4822,0.0800,69.0921
2026-05-09T12:17:46.790,5.4155,0.0800,69.1040
2026-05-09T12:17:46.804,5.3390,0.0800,69.1176
2026-05-09T12:17:46.818,5.2747,0.0800,69.1291
2026-05-09T12:17:46.832,5.2051,0.0800,69.1417
2026-05-09T12:17:46.846,5.1363,0.0800,69.1542
2026-05-09T12:17:46.860,5.0674,0.0800,69.1667
2026-05-09T12:17:46.874,4.9957,0.0800,69.1797
2026-05-09T12:17:46.888,4.9328,0.0800,69.1912
2026-05-09T12:17:46.901,4.8618,0.0800,69.2042
2026-05-09T12:17:46.915,4.7943,0.0800,69.2165
2026-05-09T12:17:46.929,4.7310,0.0800,69.2281
2026-05-09T12:17:46.942,4.6621,0.0800,69.2408
2026-05-09T12:17:46.957,4.5989,0.0800,69.2516
2026-05-09T12:17:46.970,4.5337,0.0800,69.2625
2026-05-09T12:17:46.988,4.4684,0.0800,69.2728
2026-05-09T12:17:47.001,4.4013,0.0800,69.2829
2026-05-09T12:17:47.016,4.3194,0.0800,69.2957
2026-05-09T12:17:47.030,4.2580,0.0800,69.3039
2026-05-09T12:17:47.043,4.1874,0.0800,69.3127
2026-05-09T12:17:47.057,4.1243,0.0800,69.3213
2026-05-09T12:17:47.071,4.0630,0.0800,69.3278
2026-05-09T12:17:47.086,4.0017,0.0800,69.3337
2026-05-09T12:17:47.099,3.9365,0.0800,69.3395
2026-05-09T12:17:47.114,3.8693,0.0800,69.3462
2026-05-09T12:17:47.127,3.8099,0.0800,69.3504
2026-05-09T12:17:47.141,3.7409,0.0800,69.3544
2026-05-09T12:17:47.155,3.6838,0.0800,69.3587
2026-05-09T12:17:47.169,3.6239,0.0800,69.3609
2026-05-09T12:17:47.183,3.5650,0.0800,69.3623
2026-05-09T12:17:47.197,3.5024,0.0800,69.3648
2026-05-09T12:17:47.211,3.4428,0.0800,69.3649
2026-05-09T12:17:47.225,3.3819,0.0800,69.3644
2026-05-09T12:17:47.238,3.3178,0.0800,69.3631
2026-05-09T12:17:47.252,3.2634,0.0800,69.3633
2026-05-09T12:17:47.266,3.2059,0.0800,69.3610
2026-05-09T12:17:47.280,3.1459,0.0800,69.3579
2026-05-09T12:17:47.295,3.0877,0.0800,69.3561
2026-05-09T12:17:47.311,3.0250,0.0800,69.3515
2026-05-09T12:17:47.326,2.9608,0.0800,69.3460
2026-05-09T12:17:47.341,2.8861,0.0800,69.3388
2026-05-09T12:17:47.356,2.8275,0.0800,69.3346
2026-05-09T12:17:47.371,2.7638,0.0800,69.3268
2026-05-09T12:17:47.384,2.6978,0.0800,69.3181
2026-05-09T12:17:47.397,2.6316,0.0800,69.3088
2026-05-09T12:17:47.412,2.5735,0.0800,69.3018
2026-05-09T12:17:47.427,2.5158,0.0800,69.2926
2026-05-09T12:17:47.442,2.4454,0.0800,69.2808
2026-05-09T12:17:47.458,2.3787,0.0800,69.2707
2026-05-09T12:17:47.472,2.3114,0.0800,69.2581
2026-05-09T12:17:47.486,2.2450,0.0800,69.2449
2026-05-09T12:17:47.499,2.1815,0.0800,69.2317
2026-05-09T12:17:47.514,2.1227,0.0800,69.2203
2026-05-09T12:17:47.528,2.0647,0.0800,69.2068
2026-05-09T12:17:47.543,2.0033,0.0800,69.1917
2026-05-09T12:17:47.558,1.9448,0.0800,69.1785
2026-05-09T12:17:47.572,1.8813,0.0800,69.1612
2026-05-09T12:17:47.586,1.8235,0.0800,69.1445
2026-05-09T12:17:47.599,1.7668,0.0800,69.1274
2026-05-09T12:17:47.614,1.7123,0.0800,69.1123
2026-05-09T12:17:47.627,1.6576,0.0800,69.0941
2026-05-09T12:17:47.641,1.6042,0.0800,69.0756
2026-05-09T12:17:47.656,1.5483,0.0800,69.0576
2026-05-09T12:17:47.670,1.4963,0.0800,69.0382
2026-05-09T12:17:47.684,1.4444,0.0800,69.0180
2026-05-09T12:17:47.698,1.3885,0.0800,68.9955
2026-05-09T12:17:47.712,1.3365,0.0800,68.9761
2026-05-09T12:17:47.726,1.2861,0.0800,68.9542
2026-05-09T12:17:47.739,1.2309,0.0800,68.9294
2026-05-09T12:17:47.753,1.1821,0.0800,68.9091
2026-05-09T12:17:47.767,1.1334,0.0800,68.8856
2026-05-09T12:17:47.780,1.0831,0.0800,68.8603
2026-05-09T12:17:47.794,1.0351,0.0800,68.8379
2026-05-09T12:17:47.807,0.9908,0.0800,68.8142
2026-05-09T12:17:47.821,0.9457,0.0800,68.7891
2026-05-09T12:17:47.835,0.8977,0.0800,68.7640
2026-05-09T12:17:47.849,0.8534,0.0800,68.7377
2026-05-09T12:17:47.863,0.8075,0.0800,68.7097
2026-05-09T12:17:47.877,0.7612,0.0800,68.6832
2026-05-09T12:17:47.891,0.7174,0.0800,68.6546
2026-05-09T12:17:47.905,0.6697,0.0800,68.6224
2026-05-09T12:17:47.919,0.6289,0.0800,68.5941
2026-05-09T12:17:47.933,0.5847,0.0800,68.5652
2026-05-09T12:17:47.947,0.5441,0.0800,68.5353
2026-05-09T12:17:47.960,0.5012,0.0800,68.5028
2026-05-09T12:17:47.974,0.4577,0.0800,68.4718
2026-05-09T12:17:47.989,0.4179,0.0800,68.4398
2026-05-09T12:17:48.002,0.3779,0.0800,68.4067
2026-05-09T12:17:48.016,0.3354,0.0800,68.3734
2026-05-09T12:17:48.030,0.2986,0.0800,68.3411
2026-05-09T12:17:48.043,0.2579,0.0800,68.3043
2026-05-09T12:17:48.057,0.2180,0.0800,68.2706
2026-05-09T12:17:48.071,0.1799,0.0800,68.2340
2026-05-09T12:17:48.086,0.1452,0.0800,68.1997
2026-05-09T12:17:48.099,0.1078,0.0800,68.1615
2026-05-09T12:17:48.114,0.0693,0.0800,68.1248
2026-05-09T12:17:48.127,0.0347,0.0800,68.0875
2026-05-09T12:17:48.141,-0.0018,0.0800,68.0468
2026-05-09T12:17:48.155,-0.0353,0.0800,68.0122
2026-05-09T12:17:48.169,-0.0680,0.0800,67.9737
2026-05-09T12:17:48.182,-0.1014,0.0800,67.9331
2026-05-09T12:17:48.196,-0.1353,0.0800,67.8947
2026-05-09T12:17:48.210,-0.1669,0.0800,67.8542
2026-05-09T12:17:48.224,-0.1982,0.0800,67.8128
2026-05-09T12:17:48.238,-0.2305,0.0800,67.7687
2026-05-09T12:17:48.252,-0.2607,0.0800,67.7306
2026-05-09T12:17:48.266,-0.2901,0.0800,67.6880
2026-05-09T12:17:48.281,-0.3199,0.0800,67.6434
2026-05-09T12:17:48.296,-0.3500,0.0800,67.6013
2026-05-09T12:17:48.311,-0.3807,0.0800,67.5560
2026-05-09T12:17:48.326,-0.4205,0.0800,67.5261
2026-05-09T12:17:48.341,-0.4582,0.0800,67.4854
2026-05-09T12:17:48.356,-0.4898,0.0800,67.4344
2026-05-09T12:17:48.371,-0.5137,0.0800,67.3900
2026-05-09T12:17:48.386,-0.6116,0.0800,67.3783
2026-05-09T12:17:48.401,-0.6377,0.0800,67.3261
2026-05-09T12:17:48.416,-0.6632,0.0800,67.2792
2026-05-09T12:17:48.430,-0.6860,0.0800,67.2299
2026-05-09T12:17:48.444,-0.7090,0.0800,67.1781
2026-05-09T12:17:48.458,-0.7320,0.0800,67.1310
2026-05-09T12:17:48.472,-0.7539,0.0800,67.0781
2026-05-09T12:17:48.486,-0.7731,0.0800,67.0300
2026-05-09T12:17:48.501,-0.7937,0.0800,66.9763
2026-05-09T12:17:48.516,-0.8145,0.0800,66.9266
2026-05-09T12:17:48.530,-0.8346,0.0800,66.8698
2026-05-09T12:17:48.545,-0.8531,0.0800,66.8149
2026-05-09T12:17:48.558,-0.8713,0.0800,66.7585
2026-05-09T12:17:48.572,-0.8907,0.0800,66.7038
2026-05-09T12:17:48.586,-0.9058,0.0800,66.6527
2026-05-09T12:17:48.599,-0.9218,0.0800,66.5974
2026-05-09T12:17:48.614,-0.9400,0.0800,66.5396
2026-05-09T12:17:48.628,-0.9563,0.0800,66.4796
2026-05-09T12:17:48.641,-0.9735,0.0800,66.4147
2026-05-09T12:17:48.655,-0.9906,0.0800,66.3542
2026-05-09T12:17:48.669,-1.0059,0.0800,66.2926
2026-05-09T12:17:48.682,-1.0213,0.0800,66.2291
2026-05-09T12:17:48.696,-1.0376,0.0800,66.1657
2026-05-09T12:17:48.710,-1.0517,0.0800,66.1046
2026-05-09T12:17:48.725,-1.0666,0.0800,66.0392
2026-05-09T12:17:48.738,-1.0819,0.0800,65.9713
2026-05-09T12:17:48.753,-1.0974,0.0800,65.9045
2026-05-09T12:17:48.766,-1.1129,0.0800,65.8364
2026-05-09T12:17:48.779,-1.1284,0.0800,65.7682
2026-05-09T12:17:48.793,-1.1424,0.0800,65.7062
2026-05-09T12:17:48.807,-1.1573,0.0800,65.6407
2026-05-09T12:17:48.822,-1.1722,0.0800,65.5746
2026-05-09T12:17:48.835,-1.1881,0.0800,65.5047
2026-05-09T12:17:48.850,-1.2038,0.0800,65.4356
2026-05-09T12:17:48.863,-1.2186,0.0800,65.3702
2026-05-09T12:17:48.878,-1.2341,0.0800,65.3020
2026-05-09T12:17:48.891,-1.2489,0.0800,65.2367
2026-05-09T12:17:48.905,-1.2651,0.0800,65.1653
2026-05-09T12:17:48.919,-1.2800,0.0800,65.0993
2026-05-09T12:17:48.933,-1.2954,0.0800,65.0316
2026-05-09T12:17:48.947,-1.3099,0.0800,64.9676
2026-05-09T12:17:48.960,-1.3254,0.0800,64.8990
2026-05-09T12:17:48.975,-1.3414,0.0800,64.8284
2026-05-09T12:17:48.988,-1.3553,0.0800,64.7669
2026-05-09T12:17:49.002,-1.3713,0.0800,64.6961
2026-05-09T12:17:49.017,-1.3864,0.0800,64.6292
2026-05-09T12:17:49.030,-1.4015,0.0800,64.5625
2026-05-09T12:17:49.045,-1.4177,0.0800,64.4908
2026-05-09T12:17:49.058,-1.4321,0.0800,64.4269
2026-05-09T12:17:49.072,-1.4486,0.0800,64.3537
2026-05-09T12:17:49.086,-1.4629,0.0800,64.2909
2026-05-09T12:17:49.100,-1.4778,0.0800,64.2250
2026-05-09T12:17:49.114,-1.4931,0.0800,64.1575
2026-05-09T12:17:49.128,-1.5084,0.0800,64.0899
2026-05-09T12:17:49.142,-1.5241,0.0800,64.0205
2026-05-09T12:17:49.156,-1.5390,0.0800,63.9547
2026-05-09T12:17:49.170,-1.5545,0.0800,63.8865
2026-05-09T12:17:49.184,-1.5697,0.0800,63.8191
2026-05-09T12:17:49.197,-1.5857,0.0800,63.7438
2026-05-09T12:17:49.212,-1.5983,0.0800,63.6874
2026-05-09T12:17:49.226,-1.6101,0.0800,63.6273
2026-05-09T12:17:49.239,-1.6230,0.0800,63.5585
2026-05-09T12:17:49.254,-1.6353,0.0800,63.4976
2026-05-09T12:17:49.267,-1.6457,0.0800,63.4362
2026-05-09T12:17:49.281,-1.6566,0.0800,63.3684
2026-05-09T12:17:49.294,-1.6670,0.0800,63.3104
2026-05-09T12:17:49.308,-1.6758,0.0800,63.2487
2026-05-09T12:17:49.322,-1.6836,0.0800,63.1895
2026-05-09T12:17:49.336,-1.6928,0.0800,63.1265
2026-05-09T12:17:49.350,-1.7001,0.0800,63.0613
2026-05-09T12:17:49.364,-1.7061,0.0800,63.0017
2026-05-09T12:17:49.378,-1.7118,0.0800,62.9399
2026-05-09T12:17:49.392,-1.7183,0.0800,62.8819
2026-05-09T12:17:49.406,-1.7229,0.0800,62.8191
2026-05-09T12:17:49.419,-1.7273,0.0800,62.7526
2026-05-09T12:17:49.433,-1.7324,0.0800,62.6914
2026-05-09T12:17:49.448,-1.7356,0.0800,62.6296
2026-05-09T12:17:49.461,-1.7386,0.0800,62.5636
2026-05-09T12:17:49.475,-1.7427,0.0800,62.4944
2026-05-09T12:17:49.489,-1.7450,0.0800,62.4331
2026-05-09T12:17:49.502,-1.7474,0.0800,62.3618
2026-05-09T12:17:49.517,-1.7511,0.0800,62.2921
2026-05-09T12:17:49.531,-1.7537,0.0800,62.2278
2026-05-09T12:17:49.544,-1.7568,0.0800,62.1531
2026-05-09T12:17:49.559,-1.7595,0.0800,62.0893
2026-05-09T12:17:49.573,-1.7624,0.0800,62.0201
2026-05-09T12:17:49.587,-1.7654,0.0800,61.9506
2026-05-09T12:17:49.600,-1.7683,0.0800,61.8824
2026-05-09T12:17:49.614,-1.7715,0.0800,61.8101
2026-05-09T12:17:49.628,-1.7744,0.0800,61.7452
2026-05-09T12:17:49.642,-1.7775,0.0800,61.6749
2026-05-09T12:17:49.656,-1.7805,0.0800,61.6073
2026-05-09T12:17:49.670,-1.7834,0.0800,61.5418
2026-05-09T12:17:49.683,-1.7864,0.0800,61.4727
2026-05-09T12:17:49.697,-1.7886,0.0800,61.4045
2026-05-09T12:17:49.711,-1.7904,0.0800,61.3393
2026-05-09T12:17:49.725,-1.7920,0.0800,61.2724
2026-05-09T12:17:49.738,-1.7933,0.0800,61.2017
2026-05-09T12:17:49.752,-1.7950,0.0800,61.1358
2026-05-09T12:17:49.766,-1.7956,0.0800,61.0689
2026-05-09T12:17:49.780,-1.7957,0.0800,61.0005
2026-05-09T12:17:49.794,-1.7962,0.0800,60.9352
2026-05-09T12:17:49.808,-1.7953,0.0800,60.8668
2026-05-09T12:17:49.821,-1.7941,0.0800,60.8061
2026-05-09T12:17:49.836,-1.7933,0.0800,60.7396
2026-05-09T12:17:49.849,-1.7909,0.0800,60.6749
2026-05-09T12:17:49.863,-1.7879,0.0800,60.6084
2026-05-09T12:17:49.877,-1.7858,0.0800,60.5456
2026-05-09T12:17:49.891,-1.7820,0.0800,60.4840
2026-05-09T12:17:49.904,-1.7771,0.0800,60.4153
2026-05-09T12:17:49.919,-1.7722,0.0800,60.3541
2026-05-09T12:17:49.933,-1.7678,0.0800,60.2893
2026-05-09T12:17:49.947,-1.7621,0.0800,60.2303
2026-05-09T12:17:49.960,-1.7554,0.0800,60.1667
2026-05-09T12:17:49.974,-1.7494,0.0800,60.1012
2026-05-09T12:17:49.989,-1.7422,0.0800,60.0429
2026-05-09T12:17:50.001,-1.7337,0.0800,59.9775
2026-05-09T12:17:50.016,-1.7261,0.0800,59.9101
2026-05-09T12:17:50.029,-1.7177,0.0800,59.8483
2026-05-09T12:17:50.043,-1.7082,0.0800,59.7747
2026-05-09T12:17:50.057,-1.7000,0.0800,59.7108
2026-05-09T12:17:50.071,-1.6912,0.0800,59.6425
2026-05-09T12:17:50.086,-1.6824,0.0800,59.5742
2026-05-09T12:17:50.099,-1.6733,0.0800,59.5042
2026-05-09T12:17:50.113,-1.6640,0.0800,59.4327
2026-05-09T12:17:50.127,-1.6556,0.0800,59.3680
2026-05-09T12:17:50.140,-1.6460,0.0800,59.2949
2026-05-09T12:17:50.155,-1.6375,0.0800,59.2298
2026-05-09T12:17:50.169,-1.6288,0.0800,59.1633
2026-05-09T12:17:50.182,-1.6194,0.0800,59.0920
2026-05-09T12:17:50.197,-1.6101,0.0800,59.0215
2026-05-09T12:17:50.210,-1.6016,0.0800,58.9571
2026-05-09T12:17:50.224,-1.5921,0.0800,58.8850
2026-05-09T12:17:50.237,-1.5829,0.0800,58.8154
2026-05-09T12:17:50.252,-1.5745,0.0800,58.7521
2026-05-09T12:17:50.266,-1.5654,0.0800,58.6825
2026-05-09T12:17:50.279,-1.5564,0.0800,58.6139
2026-05-09T12:17:50.294,-1.5475,0.0800,58.5461
2026-05-09T12:17:50.308,-1.5387,0.0800,58.4791
2026-05-09T12:17:50.321,-1.5305,0.0800,58.4111
2026-05-09T12:17:50.335,-1.5219,0.0800,58.3419
2026-05-09T12:17:50.350,-1.5148,0.0800,58.2768
2026-05-09T12:17:50.362,-1.5077,0.0800,58.2073
2026-05-09T12:17:50.376,-1.5003,0.0800,58.1398
2026-05-09T12:17:50.391,-1.4950,0.0800,58.0792
2026-05-09T12:17:50.405,-1.4895,0.0800,58.0109
2026-05-09T12:17:50.418,-1.4847,0.0800,57.9451
2026-05-09T12:17:50.432,-1.4791,0.0800,57.8783
2026-05-09T12:17:50.447,-1.4754,0.0800,57.8150
2026-05-09T12:17:50.460,-1.4719,0.0800,57.7481
2026-05-09T12:17:50.474,-1.4678,0.0800,57.6814
2026-05-09T12:17:50.488,-1.4655,0.0800,57.6190
2026-05-09T12:17:50.501,-1.4635,0.0800,57.5511
2026-05-09T12:17:50.516,-1.4608,0.0800,57.4848
2026-05-09T12:17:50.530,-1.4598,0.0800,57.4227
2026-05-09T12:17:50.543,-1.4592,0.0800,57.3520
2026-05-09T12:17:50.558,-1.4579,0.0800,57.2896
2026-05-09T12:17:50.571,-1.4583,0.0800,57.2204
2026-05-09T12:17:50.585,-1.4592,0.0800,57.1547
2026-05-09T12:17:50.599,-1.4604,0.0800,57.0917
2026-05-09T12:17:50.613,-1.4611,0.0800,57.0238
2026-05-09T12:17:50.627,-1.4632,0.0800,56.9610
2026-05-09T12:17:50.641,-1.4660,0.0800,56.8914
2026-05-09T12:17:50.655,-1.4678,0.0800,56.8279
2026-05-09T12:17:50.669,-1.4713,0.0800,56.7630
2026-05-09T12:17:50.682,-1.4754,0.0800,56.6958
2026-05-09T12:17:50.697,-1.4790,0.0800,56.6261
2026-05-09T12:17:50.710,-1.4835,0.0800,56.5656
2026-05-09T12:17:50.724,-1.4890,0.0800,56.4965
2026-05-09T12:17:50.737,-1.4947,0.0800,56.4291
2026-05-09T12:17:50.752,-1.4995,0.0800,56.3643
2026-05-09T12:17:50.766,-1.5051,0.0800,56.2968
2026-05-09T12:17:50.780,-1.5108,0.0800,56.2275
2026-05-09T12:17:50.793,-1.5165,0.0800,56.1576
2026-05-09T12:17:50.808,-1.5225,0.0800,56.0851
2026-05-09T12:17:50.821,-1.5279,0.0800,56.0208
2026-05-09T12:17:50.835,-1.5339,0.0800,55.9482
2026-05-09T12:17:50.849,-1.5393,0.0800,55.8835
2026-05-09T12:17:50.862,-1.5451,0.0800,55.8142
2026-05-09T12:17:50.877,-1.5498,0.0800,55.7485
2026-05-09T12:17:50.891,-1.5542,0.0800,55.6830
2026-05-09T12:17:50.905,-1.5586,0.0800,55.6132
2026-05-09T12:17:50.918,-1.5625,0.0800,55.5446
2026-05-09T12:17:50.932,-1.5668,0.0800,55.4770
2026-05-09T12:17:50.947,-1.5700,0.0800,55.4094
2026-05-09T12:17:50.960,-1.5737,0.0800,55.3415
2026-05-09T12:17:50.974,-1.5777,0.0800,55.2684
2026-05-09T12:17:50.989,-1.5811,0.0800,55.2050
2026-05-09T12:17:51.001,-1.5850,0.0800,55.1338
2026-05-09T12:17:51.016,-1.5889,0.0800,55.0615
2026-05-09T12:17:51.030,-1.5923,0.0800,54.9987
2026-05-09T12:17:51.043,-1.5963,0.0800,54.9254
2026-05-09T12:17:51.058,-1.6001,0.0800,54.8561
2026-05-09T12:17:51.072,-1.6040,0.0800,54.7859
2026-05-09T12:17:51.086,-1.6076,0.0800,54.7187
2026-05-09T12:17:51.099,-1.6115,0.0800,54.6485
2026-05-09T12:17:51.113,-1.6153,0.0800,54.5802
2026-05-09T12:17:51.127,-1.6190,0.0800,54.5120
2026-05-09T12:17:51.140,-1.6230,0.0800,54.4397
2026-05-09T12:17:51.154,-1.6263,0.0800,54.3791
2026-05-09T12:17:51.168,-1.6302,0.0800,54.3093
2026-05-09T12:17:51.182,-1.6340,0.0800,54.2399
2026-05-09T12:17:51.196,-1.6376,0.0800,54.1733
2026-05-09T12:17:51.210,-1.6412,0.0800,54.1067
2026-05-09T12:17:51.223,-1.6450,0.0800,54.0354
2026-05-09T12:17:51.238,-1.6486,0.0800,53.9682
2026-05-09T12:17:51.251,-1.6521,0.0800,53.9019
2026-05-09T12:17:51.268,-1.6560,0.0800,53.8300
2026-05-09T12:17:51.279,-1.6595,0.0800,53.7640
2026-05-09T12:17:51.293,-1.6639,0.0800,53.6839
2026-05-09T12:17:51.307,-1.6677,0.0800,53.6144
2026-05-09T12:17:51.320,-1.6706,0.0800,53.5625
2026-05-09T12:17:51.336,-1.6745,0.0800,53.4916
2026-05-09T12:17:51.352,-1.6782,0.0800,53.4277
2026-05-09T12:17:51.366,-1.6827,0.0800,53.3472
2026-05-09T12:17:51.379,-1.6853,0.0800,53.3015
2026-05-09T12:17:51.394,-1.6867,0.0800,53.2770
2026-05-09T12:17:51.408,-1.6875,0.0800,53.2630
2026-05-09T12:17:51.557,-1.6866,0.0800,53.2784
2026-05-09T12:17:51.571,-1.6826,0.0800,53.3288
2026-05-09T12:17:51.585,-1.6778,0.0800,53.3920
2026-05-09T12:17:51.598,-1.6736,0.0800,53.4548
2026-05-09T12:17:51.613,-1.6716,0.0800,53.5160
2026-05-09T12:17:51.627,-1.6686,0.0800,53.5771
2026-05-09T12:17:51.640,-1.6659,0.0800,53.6439
2026-05-09T12:17:51.655,-1.6656,0.0800,53.7062
2026-05-09T12:17:51.668,-1.6642,0.0800,53.7675
2026-05-09T12:17:51.682,-1.6633,0.0800,53.8334
2026-05-09T12:17:51.696,-1.6646,0.0800,53.9001
2026-05-09T12:17:51.710,-1.6651,0.0800,53.9621
2026-05-09T12:17:51.723,-1.6661,0.0800,54.0249
2026-05-09T12:17:51.738,-1.6690,0.0800,54.0915
2026-05-09T12:17:51.751,-1.6710,0.0800,54.1543
2026-05-09T12:17:51.766,-1.6737,0.0800,54.2235
2026-05-09T12:17:51.779,-1.6771,0.0800,54.2895
2026-05-09T12:17:51.793,-1.6821,0.0800,54.3585
2026-05-09T12:17:51.807,-1.6871,0.0800,54.4251
2026-05-09T12:17:51.821,-1.6921,0.0800,54.4926
2026-05-09T12:17:51.834,-1.6971,0.0800,54.5614
2026-05-09T12:17:51.848,-1.7022,0.0800,54.6304
2026-05-09T12:17:51.862,-1.7071,0.0800,54.6981
2026-05-09T12:17:51.876,-1.7128,0.0800,54.7782
