timestamp_iso,x,y,z
2026-05-09T13:03:30.141,-1.7026,0.0000,-0.0906
2026-05-09T13:03:30.310,-1.7026,-0.0039,-0.0906
2026-05-09T13:03:30.437,-1.5000,0.2500,-22.7500
2026-05-09T13:03:30.475,-1.5000,0.1434,-22.7500
2026-05-09T13:03:30.503,-1.5000,0.0800,-22.7500
2026-05-09T13:03:40.135,-1.4963,0.0800,-22.7502
2026-05-09T13:03:40.150,-1.4741,0.0800,-22.7484
2026-05-09T13:03:40.163,-1.4348,0.0800,-22.7432
2026-05-09T13:03:40.177,-1.3666,0.0800,-22.7292
2026-05-09T13:03:40.191,-1.3032,0.0800,-22.7155
2026-05-09T13:03:40.205,-1.2308,0.0800,-22.6973
2026-05-09T13:03:40.219,-1.1636,0.0800,-22.6797
2026-05-09T13:03:40.233,-1.0938,0.0800,-22.6609
2026-05-09T13:03:40.247,-1.0286,0.0800,-22.6429
2026-05-09T13:03:40.261,-0.9608,0.0800,-22.6240
2026-05-09T13:03:40.275,-0.8974,0.0800,-22.6062
2026-05-09T13:03:40.289,-0.8269,0.0800,-22.5864
2026-05-09T13:03:40.302,-0.7609,0.0800,-22.5679
2026-05-09T13:03:40.317,-0.6917,0.0800,-22.5485
2026-05-09T13:03:40.331,-0.6311,0.0800,-22.5316
2026-05-09T13:03:40.344,-0.5570,0.0800,-22.5109
2026-05-09T13:03:40.358,-0.4903,0.0800,-22.4922
2026-05-09T13:03:40.372,-0.4250,0.0800,-22.4740
2026-05-09T13:03:40.385,-0.3561,0.0800,-22.4547
2026-05-09T13:03:40.400,-0.2910,0.0800,-22.4392
2026-05-09T13:03:40.414,-0.2280,0.0800,-22.4282
2026-05-09T13:03:40.427,-0.1506,0.0800,-22.4228
2026-05-09T13:03:40.442,-0.0854,0.0800,-22.4221
2026-05-09T13:03:40.456,-0.0183,0.0800,-22.4269
2026-05-09T13:03:40.470,0.0558,0.0800,-22.4354
2026-05-09T13:03:40.483,0.1197,0.0800,-22.4465
2026-05-09T13:03:40.497,0.1940,0.0800,-22.4657
2026-05-09T13:03:40.511,0.2540,0.0800,-22.4835
2026-05-09T13:03:40.524,0.3238,0.0800,-22.5076
2026-05-09T13:03:40.539,0.3886,0.0800,-22.5329
2026-05-09T13:03:40.554,0.4477,0.0800,-22.5565
2026-05-09T13:03:40.566,0.5176,0.0800,-22.5861
2026-05-09T13:03:40.581,0.5821,0.0800,-22.6137
2026-05-09T13:03:40.595,0.6421,0.0800,-22.6396
2026-05-09T13:03:40.609,0.7074,0.0800,-22.6679
2026-05-09T13:03:40.623,0.7739,0.0800,-22.6968
2026-05-09T13:03:40.636,0.8383,0.0800,-22.7248
2026-05-09T13:03:40.650,0.8992,0.0800,-22.7512
2026-05-09T13:03:40.664,0.9621,0.0800,-22.7785
2026-05-09T13:03:40.679,1.0255,0.0800,-22.8061
2026-05-09T13:03:40.693,1.0891,0.0800,-22.8337
2026-05-09T13:03:40.706,1.1580,0.0800,-22.8636
2026-05-09T13:03:40.721,1.2216,0.0800,-22.8912
2026-05-09T13:03:40.734,1.2840,0.0800,-22.9182
2026-05-09T13:03:40.748,1.3509,0.0800,-22.9471
2026-05-09T13:03:40.762,1.4113,0.0800,-22.9728
2026-05-09T13:03:40.776,1.4750,0.0800,-22.9997
2026-05-09T13:03:40.790,1.5396,0.0800,-23.0257
2026-05-09T13:03:40.804,1.6058,0.0800,-23.0520
2026-05-09T13:03:40.817,1.6746,0.0800,-23.0785
2026-05-09T13:03:40.832,1.7354,0.0800,-23.1014
2026-05-09T13:03:40.846,1.7982,0.0800,-23.1243
2026-05-09T13:03:40.860,1.8664,0.0800,-23.1484
2026-05-09T13:03:40.874,1.9338,0.0800,-23.1720
2026-05-09T13:03:40.887,1.9975,0.0800,-23.1936
2026-05-09T13:03:40.902,2.0676,0.0800,-23.2169
2026-05-09T13:03:40.916,2.1285,0.0800,-23.2362
2026-05-09T13:03:40.929,2.1982,0.0800,-23.2579
2026-05-09T13:03:40.943,2.2644,0.0800,-23.2781
2026-05-09T13:03:40.957,2.3296,0.0800,-23.2980
2026-05-09T13:03:40.971,2.4017,0.0800,-23.3198
2026-05-09T13:03:40.984,2.4665,0.0800,-23.3392
2026-05-09T13:03:40.999,2.5343,0.0800,-23.3590
2026-05-09T13:03:41.013,2.5938,0.0800,-23.3762
2026-05-09T13:03:41.026,2.6662,0.0800,-23.3965
2026-05-09T13:03:41.041,2.7350,0.0800,-23.4155
2026-05-09T13:03:41.054,2.7958,0.0800,-23.4313
2026-05-09T13:03:41.067,2.8701,0.0800,-23.4487
2026-05-09T13:03:41.082,2.9296,0.0800,-23.4621
2026-05-09T13:03:41.096,2.9980,0.0800,-23.4764
2026-05-09T13:03:41.110,3.0716,0.0800,-23.4903
2026-05-09T13:03:41.123,3.1409,0.0800,-23.5024
2026-05-09T13:03:41.138,3.2105,0.0800,-23.5142
2026-05-09T13:03:41.152,3.2725,0.0800,-23.5233
2026-05-09T13:03:41.165,3.3497,0.0800,-23.5333
2026-05-09T13:03:41.180,3.4139,0.0800,-23.5399
2026-05-09T13:03:41.193,3.4822,0.0800,-23.5463
2026-05-09T13:03:41.207,3.5559,0.0800,-23.5527
2026-05-09T13:03:41.221,3.6230,0.0800,-23.5579
2026-05-09T13:03:41.235,3.6935,0.0800,-23.5632
2026-05-09T13:03:41.249,3.7617,0.0800,-23.5682
2026-05-09T13:03:41.262,3.8307,0.0800,-23.5730
2026-05-09T13:03:41.276,3.9013,0.0800,-23.5775
2026-05-09T13:03:41.291,3.9632,0.0800,-23.5809
2026-05-09T13:03:41.304,4.0374,0.0800,-23.5848
2026-05-09T13:03:41.319,4.1090,0.0800,-23.5883
2026-05-09T13:03:41.332,4.1768,0.0800,-23.5914
2026-05-09T13:03:41.347,4.2472,0.0800,-23.5946
2026-05-09T13:03:41.360,4.3182,0.0800,-23.5974
2026-05-09T13:03:41.374,4.3875,0.0800,-23.6001
2026-05-09T13:03:41.388,4.4519,0.0800,-23.6026
2026-05-09T13:03:41.402,4.5260,0.0800,-23.6055
2026-05-09T13:03:41.416,4.5902,0.0800,-23.6079
2026-05-09T13:03:41.429,4.6638,0.0800,-23.6106
2026-05-09T13:03:41.444,4.7311,0.0800,-23.6130
2026-05-09T13:03:41.457,4.8025,0.0800,-23.6155
2026-05-09T13:03:41.472,4.8462,0.0800,-23.6174
2026-05-09T13:03:41.485,4.8679,0.0800,-23.6185
2026-05-09T13:03:41.762,4.8723,0.0800,-23.6164
2026-05-09T13:03:41.778,4.8805,0.0800,-23.6118
2026-05-09T13:03:41.792,4.9013,0.0800,-23.5977
2026-05-09T13:03:41.805,4.9374,0.0800,-23.5712
2026-05-09T13:03:41.819,4.9904,0.0800,-23.5288
2026-05-09T13:03:41.833,5.0421,0.0800,-23.4865
2026-05-09T13:03:41.847,5.0958,0.0800,-23.4423
2026-05-09T13:03:41.860,5.1505,0.0800,-23.3973
2026-05-09T13:03:41.875,5.2050,0.0800,-23.3524
2026-05-09T13:03:41.888,5.2557,0.0800,-23.3106
2026-05-09T13:03:41.901,5.3146,0.0800,-23.2621
2026-05-09T13:03:41.916,5.3652,0.0800,-23.2203
2026-05-09T13:03:41.930,5.4220,0.0800,-23.1735
2026-05-09T13:03:41.944,5.4714,0.0800,-23.1328
2026-05-09T13:03:41.957,5.5263,0.0800,-23.0875
2026-05-09T13:03:41.972,5.5820,0.0800,-23.0417
2026-05-09T13:03:41.985,5.6303,0.0800,-23.0019
2026-05-09T13:03:41.999,5.6865,0.0800,-22.9556
2026-05-09T13:03:42.013,5.7367,0.0800,-22.9142
2026-05-09T13:03:42.027,5.7943,0.0800,-22.8666
2026-05-09T13:03:42.041,5.8460,0.0800,-22.8241
2026-05-09T13:03:42.055,5.8987,0.0800,-22.7805
2026-05-09T13:03:42.069,5.9564,0.0800,-22.7329
2026-05-09T13:03:42.082,6.0087,0.0800,-22.6897
2026-05-09T13:03:42.097,6.0644,0.0800,-22.6437
2026-05-09T13:03:42.110,6.1126,0.0800,-22.6039
2026-05-09T13:03:42.123,6.1707,0.0800,-22.5559
2026-05-09T13:03:42.138,6.2193,0.0800,-22.5157
2026-05-09T13:03:42.151,6.2708,0.0800,-22.4738
2026-05-09T13:03:42.165,6.3255,0.0800,-22.4305
2026-05-09T13:03:42.180,6.3809,0.0800,-22.3894
2026-05-09T13:03:42.193,6.4404,0.0800,-22.3512
2026-05-09T13:03:42.207,6.5029,0.0800,-22.3147
2026-05-09T13:03:42.221,6.5629,0.0800,-22.2866
2026-05-09T13:03:42.235,6.6333,0.0800,-22.2574
2026-05-09T13:03:42.248,6.6933,0.0800,-22.2357
2026-05-09T13:03:42.262,6.7628,0.0800,-22.2154
2026-05-09T13:03:42.276,6.8234,0.0800,-22.2010
2026-05-09T13:03:42.290,6.8918,0.0800,-22.1898
2026-05-09T13:03:42.304,6.9643,0.0800,-22.1792
2026-05-09T13:03:42.319,7.0332,0.0800,-22.1695
2026-05-09T13:03:42.333,7.1040,0.0800,-22.1597
2026-05-09T13:03:42.346,7.1729,0.0800,-22.1501
2026-05-09T13:03:42.360,7.2489,0.0800,-22.1395
2026-05-09T13:03:42.374,7.3107,0.0800,-22.1309
2026-05-09T13:03:42.388,7.3817,0.0800,-22.1210
2026-05-09T13:03:42.402,7.4478,0.0800,-22.1117
2026-05-09T13:03:42.416,7.5165,0.0800,-22.1021
2026-05-09T13:03:42.430,7.5876,0.0800,-22.0921
2026-05-09T13:03:42.443,7.6527,0.0800,-22.0830
2026-05-09T13:03:42.458,7.7224,0.0800,-22.0731
2026-05-09T13:03:42.473,7.7912,0.0800,-22.0631
2026-05-09T13:03:42.486,7.8633,0.0800,-22.0517
2026-05-09T13:03:42.500,7.9405,0.0800,-22.0390
2026-05-09T13:03:42.514,8.0034,0.0800,-22.0282
2026-05-09T13:03:42.528,8.0776,0.0800,-22.0155
2026-05-09T13:03:42.542,8.1388,0.0800,-22.0046
2026-05-09T13:03:42.557,8.1831,0.0800,-21.9959
2026-05-09T13:03:42.571,8.2170,0.0800,-21.9884
2026-05-09T13:03:42.585,8.2351,0.0800,-21.9847
2026-05-09T13:03:42.598,8.2459,0.0800,-21.9826
2026-05-09T13:03:42.613,8.2479,0.0800,-21.9822
2026-05-09T13:03:42.835,8.2473,0.0800,-21.9785
2026-05-09T13:03:42.849,8.2456,0.0800,-21.9700
2026-05-09T13:03:42.862,8.2429,0.0800,-21.9570
2026-05-09T13:03:42.877,8.2360,0.0800,-21.9266
2026-05-09T13:03:42.891,8.2278,0.0800,-21.8938
2026-05-09T13:03:42.904,8.2126,0.0800,-21.8299
2026-05-09T13:03:42.918,8.1989,0.0800,-21.7699
2026-05-09T13:03:42.932,8.1843,0.0800,-21.7055
2026-05-09T13:03:42.945,8.1702,0.0800,-21.6372
2026-05-09T13:03:42.959,8.1598,0.0800,-21.6290
2026-05-09T13:03:42.973,8.1521,0.0800,-21.6290
2026-05-09T13:03:43.001,8.1567,0.0800,-21.6290
2026-05-09T13:03:43.015,8.1673,0.0800,-21.6289
2026-05-09T13:03:43.028,8.1832,0.0800,-21.6283
2026-05-09T13:03:43.042,8.1996,0.0800,-21.6276
2026-05-09T13:03:43.055,8.2213,0.0800,-21.6260
2026-05-09T13:03:43.069,8.2450,0.0800,-21.6254
2026-05-09T13:03:43.082,8.2724,0.0800,-21.6211
2026-05-09T13:03:43.096,8.3101,0.0800,-21.6129
2026-05-09T13:03:43.110,8.3466,0.0800,-21.5983
2026-05-09T13:03:43.123,8.3961,0.0800,-21.5709
2026-05-09T13:03:43.137,8.4319,0.0800,-21.5328
2026-05-09T13:03:43.152,8.4453,0.0800,-21.5159
2026-05-09T13:03:43.166,8.4552,0.0800,-21.5068
2026-05-09T13:03:43.182,8.4623,0.0800,-21.5007
2026-05-09T13:03:43.198,8.4634,0.0800,-21.5002
2026-05-09T13:03:45.125,8.4649,0.0800,-21.4992
2026-05-09T13:03:45.140,8.4687,0.0800,-21.4964
2026-05-09T13:03:45.154,8.4788,0.0800,-21.4887
2026-05-09T13:03:45.169,8.4932,0.0800,-21.4771
2026-05-09T13:03:45.185,8.5116,0.0800,-21.4645
2026-05-09T13:03:45.201,8.5270,0.0800,-21.4511
2026-05-09T13:03:45.217,8.5434,0.0800,-21.4363
2026-05-09T13:03:45.232,8.5651,0.0800,-21.4160
2026-05-09T13:03:45.247,8.5825,0.0800,-21.3988
2026-05-09T13:03:45.264,8.6056,0.0800,-21.3777
2026-05-09T13:03:45.280,8.6221,0.0800,-21.3595
2026-05-09T13:03:45.295,8.6404,0.0800,-21.3386
2026-05-09T13:03:45.310,8.6572,0.0800,-21.3182
2026-05-09T13:03:45.324,8.6734,0.0800,-21.2975
2026-05-09T13:03:45.339,8.6927,0.0800,-21.2752
2026-05-09T13:03:45.356,8.7063,0.0800,-21.2559
2026-05-09T13:03:45.372,8.7293,0.0800,-21.2218
2026-05-09T13:03:45.385,8.7357,0.0800,-21.2115
2026-05-09T13:03:45.399,8.7522,0.0800,-21.1860
2026-05-09T13:03:45.421,8.7635,0.0800,-21.1662
2026-05-09T13:03:45.442,8.7750,0.0800,-21.1449
2026-05-09T13:03:45.466,8.7923,0.0800,-21.1115
2026-05-09T13:03:45.486,8.8166,0.0800,-21.1049
2026-05-09T13:03:45.503,8.8320,0.0800,-21.0990
2026-05-09T13:03:45.521,8.8419,0.0800,-21.0951
2026-05-09T13:03:45.535,8.8499,0.0800,-21.0922
2026-05-09T13:03:45.552,8.8568,0.0800,-21.0894
2026-05-09T13:03:45.569,8.8612,0.0800,-21.0871
2026-05-09T13:03:45.586,8.8640,0.0800,-21.0856
2026-05-09T13:03:45.604,8.8659,0.0800,-21.0846
2026-05-09T13:03:45.687,8.8768,0.0800,-21.0800
2026-05-09T13:03:45.702,8.8954,0.0800,-21.0732
2026-05-09T13:03:45.719,8.9207,0.0800,-21.0653
2026-05-09T13:03:45.738,8.9726,0.0800,-21.0499
2026-05-09T13:03:45.755,9.0218,0.0800,-21.0346
2026-05-09T13:03:45.770,9.0854,0.0800,-21.0140
2026-05-09T13:03:45.784,9.1479,0.0800,-20.9927
2026-05-09T13:03:45.799,9.2050,0.0800,-20.9726
2026-05-09T13:03:45.817,9.2738,0.0800,-20.9479
2026-05-09T13:03:45.834,9.3270,0.0800,-20.9282
2026-05-09T13:03:45.849,9.3889,0.0800,-20.9049
2026-05-09T13:03:45.866,9.4527,0.0800,-20.8802
2026-05-09T13:03:45.880,9.5118,0.0800,-20.8566
2026-05-09T13:03:45.894,9.5736,0.0800,-20.8309
2026-05-09T13:03:45.910,9.6228,0.0800,-20.8082
2026-05-09T13:03:45.925,9.6712,0.0800,-20.7840
2026-05-09T13:03:45.940,9.7406,0.0800,-20.7413
2026-05-09T13:03:45.956,9.7608,0.0800,-20.7271
2026-05-09T13:03:45.976,9.7969,0.0800,-20.7000
2026-05-09T13:03:45.994,9.8285,0.0800,-20.6755
2026-05-09T13:03:46.012,9.8585,0.0800,-20.6490
2026-05-09T13:03:46.029,9.8771,0.0800,-20.6296
2026-05-09T13:03:46.046,9.8907,0.0800,-20.6113
2026-05-09T13:03:46.062,9.9012,0.0800,-20.5916
2026-05-09T13:03:46.077,9.9101,0.0800,-20.5724
2026-05-09T13:03:46.091,9.9163,0.0800,-20.5534
2026-05-09T13:03:46.104,9.9217,0.0800,-20.5346
2026-05-09T13:03:46.119,9.9255,0.0800,-20.5190
2026-05-09T13:03:46.135,9.9305,0.0800,-20.4978
2026-05-09T13:03:46.150,9.9342,0.0800,-20.4813
2026-05-09T13:03:46.165,9.9378,0.0800,-20.4644
2026-05-09T13:03:46.180,9.9415,0.0800,-20.4462
2026-05-09T13:03:46.194,9.9454,0.0800,-20.4270
2026-05-09T13:03:46.208,9.9489,0.0800,-20.4088
2026-05-09T13:03:46.223,9.9520,0.0800,-20.3919
2026-05-09T13:03:46.238,9.9552,0.0800,-20.3738
2026-05-09T13:03:46.251,9.9582,0.0800,-20.3565
2026-05-09T13:03:46.265,9.9614,0.0800,-20.3373
2026-05-09T13:03:46.279,9.9638,0.0800,-20.3218
2026-05-09T13:03:46.294,9.9665,0.0800,-20.3036
2026-05-09T13:03:46.308,9.9690,0.0800,-20.2868
2026-05-09T13:03:46.323,9.9714,0.0800,-20.2688
2026-05-09T13:03:46.339,9.9739,0.0800,-20.2498
2026-05-09T13:03:46.356,9.9761,0.0800,-20.2323
2026-05-09T13:03:46.373,9.9782,0.0800,-20.2133
2026-05-09T13:03:46.389,9.9801,0.0800,-20.1958
2026-05-09T13:03:46.406,9.9817,0.0800,-20.1800
2026-05-09T13:03:46.420,9.9828,0.0800,-20.1680
2026-05-09T13:03:46.434,9.9840,0.0800,-20.1549
2026-05-09T13:03:46.448,9.9848,0.0800,-20.1444
2026-05-09T13:03:46.463,9.9857,0.0800,-20.1336
2026-05-09T13:03:46.479,9.9863,0.0800,-20.1241
2026-05-09T13:03:46.496,9.9870,0.0800,-20.1137
2026-05-09T13:03:46.513,9.9876,0.0800,-20.1018
2026-05-09T13:03:46.527,9.9882,0.0800,-20.0896
2026-05-09T13:03:46.543,9.9888,0.0800,-20.0745
2026-05-09T13:03:46.557,9.9892,0.0800,-20.0614
2026-05-09T13:03:46.572,9.9897,0.0800,-20.0443
2026-05-09T13:03:46.585,9.9901,0.0800,-20.0281
2026-05-09T13:03:46.599,9.9902,0.0800,-20.0095
2026-05-09T13:03:46.613,9.9900,0.0800,-19.9946
2026-05-09T13:03:46.628,9.9886,0.0800,-19.9749
2026-05-09T13:03:46.644,9.9866,0.0800,-19.9574
2026-05-09T13:03:46.658,9.9831,0.0800,-19.9381
2026-05-09T13:03:46.674,9.9758,0.0800,-19.9161
2026-05-09T13:03:46.689,9.9679,0.0800,-19.8927
2026-05-09T13:03:46.706,9.9553,0.0800,-19.8576
2026-05-09T13:03:46.721,9.9414,0.0800,-19.8184
2026-05-09T13:03:46.735,9.9223,0.0800,-19.7641
2026-05-09T13:03:46.749,9.9056,0.0800,-19.7170
2026-05-09T13:03:46.762,9.8881,0.0800,-19.6677
2026-05-09T13:03:46.776,9.8697,0.0800,-19.6160
2026-05-09T13:03:46.790,9.8525,0.0800,-19.5683
2026-05-09T13:03:46.804,9.8329,0.0800,-19.5143
2026-05-09T13:03:46.819,9.8130,0.0800,-19.4604
2026-05-09T13:03:46.835,9.7918,0.0800,-19.4037
2026-05-09T13:03:46.852,9.7685,0.0800,-19.3413
2026-05-09T13:03:46.869,9.7395,0.0800,-19.2646
2026-05-09T13:03:46.883,9.7105,0.0800,-19.1895
2026-05-09T13:03:46.897,9.6804,0.0800,-19.1111
2026-05-09T13:03:46.914,9.6517,0.0800,-19.0358
2026-05-09T13:03:46.928,9.6255,0.0800,-18.9673
2026-05-09T13:03:46.945,9.5994,0.0800,-18.8990
2026-05-09T13:03:46.959,9.5747,0.0800,-18.8340
2026-05-09T13:03:46.976,9.5437,0.0800,-18.7526
2026-05-09T13:03:46.990,9.5187,0.0800,-18.6870
2026-05-09T13:03:47.005,9.4887,0.0800,-18.6081
2026-05-09T13:03:47.019,9.4645,0.0800,-18.5439
2026-05-09T13:03:47.032,9.4378,0.0800,-18.4732
2026-05-09T13:03:47.046,9.4149,0.0800,-18.4122
2026-05-09T13:03:47.060,9.3916,0.0800,-18.3497
2026-05-09T13:03:47.077,9.3657,0.0800,-18.2801
2026-05-09T13:03:47.094,9.3320,0.0800,-18.1888
2026-05-09T13:03:47.113,9.3083,0.0800,-18.1239
2026-05-09T13:03:47.127,9.2821,0.0800,-18.0508
2026-05-09T13:03:47.141,9.2555,0.0800,-17.9654
2026-05-09T13:03:47.155,9.2373,0.0800,-17.8980
2026-05-09T13:03:47.168,9.2260,0.0800,-17.8308
2026-05-09T13:03:47.184,9.2191,0.0800,-17.7632
2026-05-09T13:03:47.199,9.2187,0.0800,-17.6945
2026-05-09T13:03:47.213,9.2306,0.0800,-17.6155
2026-05-09T13:03:47.226,9.2448,0.0800,-17.5396
2026-05-09T13:03:47.240,9.2615,0.0800,-17.4742
2026-05-09T13:03:47.254,9.2793,0.0800,-17.4120
2026-05-09T13:03:47.268,9.2994,0.0800,-17.3462
2026-05-09T13:03:47.282,9.3222,0.0800,-17.2768
2026-05-09T13:03:47.296,9.3445,0.0800,-17.2111
2026-05-09T13:03:47.310,9.3666,0.0800,-17.1485
2026-05-09T13:03:47.323,9.3910,0.0800,-17.0795
2026-05-09T13:03:47.338,9.4136,0.0800,-17.0161
2026-05-09T13:03:47.353,9.4374,0.0800,-16.9528
2026-05-09T13:03:47.366,9.4658,0.0800,-16.8795
2026-05-09T13:03:47.380,9.4912,0.0800,-16.8154
2026-05-09T13:03:47.394,9.5175,0.0800,-16.7504
2026-05-09T13:03:47.408,9.5422,0.0800,-16.6896
2026-05-09T13:03:47.423,9.5703,0.0800,-16.6223
2026-05-09T13:03:47.437,9.5990,0.0800,-16.5565
2026-05-09T13:03:47.450,9.6315,0.0800,-16.4858
2026-05-09T13:03:47.464,9.6626,0.0800,-16.4216
2026-05-09T13:03:47.479,9.6920,0.0800,-16.3606
2026-05-09T13:03:47.493,9.7258,0.0800,-16.2961
2026-05-09T13:03:47.507,9.7629,0.0800,-16.2283
2026-05-09T13:03:47.521,9.7958,0.0800,-16.1676
2026-05-09T13:03:47.535,9.8337,0.0800,-16.1026
2026-05-09T13:03:47.547,9.8682,0.0800,-16.0444
2026-05-09T13:03:47.562,9.9042,0.0800,-15.9826
2026-05-09T13:03:47.577,9.9346,0.0800,-15.9303
2026-05-09T13:03:47.591,9.9727,0.0800,-15.8641
2026-05-09T13:03:47.604,10.0090,0.0800,-15.7977
2026-05-09T13:03:47.618,10.0381,0.0800,-15.7410
2026-05-09T13:03:47.633,10.0678,0.0800,-15.6789
2026-05-09T13:03:47.647,10.0941,0.0800,-15.6157
2026-05-09T13:03:47.661,10.1180,0.0800,-15.5425
2026-05-09T13:03:47.673,10.1354,0.0800,-15.4795
2026-05-09T13:03:47.686,10.1504,0.0800,-15.4048
2026-05-09T13:03:47.701,10.1595,0.0800,-15.3467
2026-05-09T13:03:47.716,10.1652,0.0800,-15.2810
2026-05-09T13:03:47.729,10.1691,0.0800,-15.2069
2026-05-09T13:03:47.744,10.1713,0.0800,-15.1354
2026-05-09T13:03:47.758,10.1691,0.0800,-15.0687
2026-05-09T13:03:47.772,10.1641,0.0800,-14.9912
2026-05-09T13:03:47.785,10.1578,0.0800,-14.9264
2026-05-09T13:03:47.799,10.1482,0.0800,-14.8562
2026-05-09T13:03:47.813,10.1378,0.0800,-14.7910
2026-05-09T13:03:47.826,10.1244,0.0800,-14.7185
2026-05-09T13:03:47.841,10.1107,0.0800,-14.6499
2026-05-09T13:03:47.855,10.0981,0.0800,-14.5888
2026-05-09T13:03:47.869,10.0813,0.0800,-14.5099
2026-05-09T13:03:47.882,10.0681,0.0800,-14.4482
2026-05-09T13:03:47.897,10.0535,0.0800,-14.3809
2026-05-09T13:03:47.911,10.0390,0.0800,-14.3146
2026-05-09T13:03:47.924,10.0236,0.0800,-14.2447
2026-05-09T13:03:47.938,10.0079,0.0800,-14.1739
2026-05-09T13:03:47.952,9.9937,0.0800,-14.1101
2026-05-09T13:03:47.966,9.9772,0.0800,-14.0367
2026-05-09T13:03:47.979,9.9631,0.0800,-13.9742
2026-05-09T13:03:47.993,9.9477,0.0800,-13.9061
2026-05-09T13:03:48.007,9.9333,0.0800,-13.8422
2026-05-09T13:03:48.021,9.9176,0.0800,-13.7724
2026-05-09T13:03:48.034,9.9026,0.0800,-13.7055
2026-05-09T13:03:48.049,9.8879,0.0800,-13.6402
2026-05-09T13:03:48.061,9.8723,0.0800,-13.5702
2026-05-09T13:03:48.076,9.8576,0.0800,-13.5028
2026-05-09T13:03:48.091,9.8455,0.0800,-13.4422
2026-05-09T13:03:48.103,9.8321,0.0800,-13.3662
2026-05-09T13:03:48.118,9.8255,0.0800,-13.2957
2026-05-09T13:03:48.131,9.8217,0.0800,-13.2303
2026-05-09T13:03:48.145,9.8223,0.0800,-13.1581
2026-05-09T13:03:48.159,9.8255,0.0800,-13.0909
2026-05-09T13:03:48.174,9.8322,0.0800,-13.0222
2026-05-09T13:03:48.187,9.8428,0.0800,-12.9538
2026-05-09T13:03:48.201,9.8552,0.0800,-12.8831
2026-05-09T13:03:48.216,9.8676,0.0800,-12.8174
2026-05-09T13:03:48.228,9.8835,0.0800,-12.7465
2026-05-09T13:03:48.241,9.8995,0.0800,-12.6787
2026-05-09T13:03:48.257,9.9149,0.0800,-12.6188
2026-05-09T13:03:48.270,9.9330,0.0800,-12.5492
2026-05-09T13:03:48.284,9.9524,0.0800,-12.4748
2026-05-09T13:03:48.297,9.9689,0.0800,-12.4135
2026-05-09T13:03:48.313,9.9863,0.0800,-12.3500
2026-05-09T13:03:48.325,10.0050,0.0800,-12.2833
2026-05-09T13:03:48.340,10.0277,0.0800,-12.2078
2026-05-09T13:03:48.354,10.0457,0.0800,-12.1505
2026-05-09T13:03:48.367,10.0708,0.0800,-12.0813
2026-05-09T13:03:48.381,10.0949,0.0800,-12.0162
2026-05-09T13:03:48.395,10.1181,0.0800,-11.9554
2026-05-09T13:03:48.409,10.1465,0.0800,-11.8867
2026-05-09T13:03:48.423,10.1755,0.0800,-11.8177
2026-05-09T13:03:48.437,10.2025,0.0800,-11.7566
2026-05-09T13:03:48.450,10.2289,0.0800,-11.6997
2026-05-09T13:03:48.464,10.2602,0.0800,-11.6338
2026-05-09T13:03:48.479,10.2878,0.0800,-11.5765
2026-05-09T13:03:48.492,10.3121,0.0800,-11.5266
2026-05-09T13:03:48.506,10.3270,0.0800,-11.4965
2026-05-09T13:03:48.520,10.3361,0.0800,-11.4785
2026-05-09T13:03:48.534,10.3417,0.0800,-11.4676
2026-05-09T13:03:48.547,10.3433,0.0800,-11.4646
2026-05-09T13:03:48.564,10.3439,0.0800,-11.4636
2026-05-09T13:03:49.395,10.3438,0.0800,-11.4577
2026-05-09T13:03:49.409,10.3425,0.0800,-11.4468
2026-05-09T13:03:49.422,10.3402,0.0800,-11.4298
2026-05-09T13:03:49.437,10.3385,0.0800,-11.4020
2026-05-09T13:03:49.451,10.3345,0.0800,-11.3779
2026-05-09T13:03:49.464,10.3292,0.0800,-11.3479
2026-05-09T13:03:49.478,10.3267,0.0800,-11.3167
2026-05-09T13:03:49.492,10.3212,0.0800,-11.2920
2026-05-09T13:03:49.505,10.3144,0.0800,-11.2634
2026-05-09T13:03:49.520,10.3104,0.0800,-11.2342
2026-05-09T13:03:49.534,10.3024,0.0800,-11.2058
2026-05-09T13:03:49.547,10.2940,0.0800,-11.1778
2026-05-09T13:03:49.562,10.2874,0.0800,-11.1466
2026-05-09T13:03:49.575,10.2788,0.0800,-11.1217
2026-05-09T13:03:49.589,10.2676,0.0800,-11.0913
2026-05-09T13:03:49.603,10.2578,0.0800,-11.0665
2026-05-09T13:03:49.617,10.2487,0.0800,-11.0366
2026-05-09T13:03:49.631,10.2378,0.0800,-11.0116
2026-05-09T13:03:49.645,10.2256,0.0800,-10.9853
2026-05-09T13:03:49.658,10.2157,0.0800,-10.9573
2026-05-09T13:03:49.673,10.2017,0.0800,-10.9298
2026-05-09T13:03:49.686,10.1889,0.0800,-10.9059
2026-05-09T13:03:49.701,10.1763,0.0800,-10.8770
2026-05-09T13:03:49.714,10.1621,0.0800,-10.8530
2026-05-09T13:03:49.728,10.1461,0.0800,-10.8270
2026-05-09T13:03:49.742,10.1336,0.0800,-10.8010
2026-05-09T13:03:49.756,10.1170,0.0800,-10.7763
2026-05-09T13:03:49.770,10.0992,0.0800,-10.7509
2026-05-09T13:03:49.784,10.0835,0.0800,-10.7295
2026-05-09T13:03:49.798,10.0672,0.0800,-10.7031
2026-05-09T13:03:49.811,10.0498,0.0800,-10.6813
2026-05-09T13:03:49.825,10.0303,0.0800,-10.6577
2026-05-09T13:03:49.839,10.0135,0.0800,-10.6329
2026-05-09T13:03:49.854,9.9951,0.0800,-10.6124
2026-05-09T13:03:49.867,9.9744,0.0800,-10.5904
2026-05-09T13:03:49.882,9.9558,0.0800,-10.5663
2026-05-09T13:03:49.897,9.9350,0.0800,-10.5459
2026-05-09T13:03:49.913,9.9135,0.0800,-10.5255
2026-05-09T13:03:49.928,9.8899,0.0800,-10.5042
2026-05-09T13:03:49.943,9.8666,0.0800,-10.4792
2026-05-09T13:03:49.956,9.8409,0.0800,-10.4579
2026-05-09T13:03:49.970,9.8169,0.0800,-10.4390
2026-05-09T13:03:49.992,9.7952,0.0800,-10.4226
2026-05-09T13:03:50.006,9.7735,0.0800,-10.4028
2026-05-09T13:03:50.021,9.7340,0.0800,-10.3753
2026-05-09T13:03:50.034,9.7107,0.0800,-10.3601
2026-05-09T13:03:50.048,9.6859,0.0800,-10.3447
2026-05-09T13:03:50.063,9.6616,0.0800,-10.3266
2026-05-09T13:03:50.076,9.6364,0.0800,-10.3132
2026-05-09T13:03:50.091,9.6077,0.0800,-10.2992
2026-05-09T13:03:50.103,9.5815,0.0800,-10.2883
2026-05-09T13:03:50.118,9.5543,0.0800,-10.2752
2026-05-09T13:03:50.131,9.5270,0.0800,-10.2671
2026-05-09T13:03:50.145,9.5514,0.0800,-10.2945
2026-05-09T13:03:50.160,9.5849,0.0800,-10.3253
2026-05-09T13:03:50.174,9.6345,0.0800,-10.3728
2026-05-09T13:03:50.187,9.6913,0.0800,-10.4239
2026-05-09T13:03:50.202,9.7488,0.0800,-10.4665
2026-05-09T13:03:50.216,9.8028,0.0800,-10.5073
2026-05-09T13:03:50.231,9.8655,0.0800,-10.5523
2026-05-09T13:03:50.245,9.9229,0.0800,-10.5907
2026-05-09T13:03:50.259,9.9898,0.0800,-10.6292
2026-05-09T13:03:50.274,10.0521,0.0800,-10.6653
2026-05-09T13:03:50.286,10.1152,0.0800,-10.6999
2026-05-09T13:03:50.301,10.1851,0.0800,-10.7311
2026-05-09T13:03:50.315,10.2386,0.0800,-10.7556
2026-05-09T13:03:50.329,10.3127,0.0800,-10.7866
2026-05-09T13:03:50.343,10.3808,0.0800,-10.8124
2026-05-09T13:03:50.357,10.4478,0.0800,-10.8320
2026-05-09T13:03:50.371,10.5161,0.0800,-10.8520
2026-05-09T13:03:50.385,10.5845,0.0800,-10.8704
2026-05-09T13:03:50.400,10.6540,0.0800,-10.8845
2026-05-09T13:03:50.414,10.7222,0.0800,-10.8999
2026-05-09T13:03:50.426,10.7981,0.0800,-10.9156
2026-05-09T13:03:50.441,10.8651,0.0800,-10.9245
2026-05-09T13:03:50.455,10.9258,0.0800,-10.9345
2026-05-09T13:03:50.469,11.0068,0.0800,-10.9463
2026-05-09T13:03:50.482,11.0749,0.0800,-10.9555
2026-05-09T13:03:50.497,11.1431,0.0800,-10.9642
2026-05-09T13:03:50.511,11.2092,0.0800,-10.9796
2026-05-09T13:03:50.525,11.2829,0.0800,-11.0026
2026-05-09T13:03:50.540,11.3491,0.0800,-11.0212
2026-05-09T13:03:50.553,11.3766,0.0800,-11.0451
2026-05-09T13:03:50.566,11.3775,0.0800,-11.0689
2026-05-09T13:03:50.581,11.3780,0.0800,-11.0831
2026-05-09T13:03:50.595,11.3540,0.0800,-11.0890
2026-05-09T13:03:50.609,11.3272,0.0800,-11.0926
2026-05-09T13:03:50.622,11.3017,0.0800,-11.0958
2026-05-09T13:03:50.636,11.2618,0.0800,-11.0999
2026-05-09T13:03:50.650,11.2197,0.0800,-11.1058
2026-05-09T13:03:50.664,11.1637,0.0800,-11.1141
2026-05-09T13:03:50.679,11.1092,0.0800,-11.1208
2026-05-09T13:03:50.693,11.0547,0.0800,-11.1303
2026-05-09T13:03:50.706,10.9939,0.0800,-11.1418
2026-05-09T13:03:50.721,10.9421,0.0800,-11.1500
2026-05-09T13:03:50.734,10.8887,0.0800,-11.1615
2026-05-09T13:03:50.748,10.8342,0.0800,-11.1741
2026-05-09T13:03:50.761,10.7789,0.0800,-11.1853
2026-05-09T13:03:50.776,10.7272,0.0800,-11.1988
2026-05-09T13:03:50.790,10.6753,0.0800,-11.2135
2026-05-09T13:03:50.803,10.6145,0.0800,-11.2324
2026-05-09T13:03:50.817,10.5686,0.0800,-11.2449
2026-05-09T13:03:50.830,10.5182,0.0800,-11.2623
2026-05-09T13:03:50.845,10.4671,0.0800,-11.2808
2026-05-09T13:03:50.859,10.4193,0.0800,-11.2965
2026-05-09T13:03:50.873,10.3663,0.0800,-11.3176
2026-05-09T13:03:50.886,10.3205,0.0800,-11.3367
2026-05-09T13:03:50.900,10.2722,0.0800,-11.3550
2026-05-09T13:03:50.915,10.2311,0.0800,-11.3730
2026-05-09T13:03:50.929,10.1850,0.0800,-11.3939
2026-05-09T13:03:50.941,10.1390,0.0800,-11.4155
2026-05-09T13:03:50.955,10.0931,0.0800,-11.4347
2026-05-09T13:03:50.969,10.0573,0.0800,-11.4529
2026-05-09T13:03:50.982,10.0151,0.0800,-11.4751
2026-05-09T13:03:50.996,9.9723,0.0800,-11.4955
2026-05-09T13:03:51.010,9.9347,0.0800,-11.5168
2026-05-09T13:03:51.023,9.8927,0.0800,-11.5415
2026-05-09T13:03:51.038,9.8507,0.0800,-11.5639
2026-05-09T13:03:51.051,9.8157,0.0800,-11.5862
2026-05-09T13:03:51.065,9.7771,0.0800,-11.6116
2026-05-09T13:03:51.081,9.7375,0.0800,-11.6353
2026-05-09T13:03:51.097,9.7015,0.0800,-11.6608
2026-05-09T13:03:51.114,9.6612,0.0800,-11.6904
2026-05-09T13:03:51.131,9.6187,0.0800,-11.7228
2026-05-09T13:03:51.149,9.5750,0.0800,-11.7533
2026-05-09T13:03:51.169,9.5336,0.0800,-11.7877
2026-05-09T13:03:51.187,9.4904,0.0800,-11.8252
2026-05-09T13:03:51.205,9.4434,0.0800,-11.8678
2026-05-09T13:03:51.220,9.4054,0.0800,-11.9040
2026-05-09T13:03:51.235,9.3642,0.0800,-11.9449
2026-05-09T13:03:51.249,9.3332,0.0800,-11.9770
2026-05-09T13:03:51.263,9.2993,0.0800,-12.0134
2026-05-09T13:03:51.279,9.2681,0.0800,-12.0434
2026-05-09T13:03:51.297,9.2405,0.0800,-12.0753
2026-05-09T13:03:51.316,9.2061,0.0800,-12.1164
2026-05-09T13:03:51.334,9.1717,0.0800,-12.1592
2026-05-09T13:03:51.351,9.1376,0.0800,-12.2035
2026-05-09T13:03:51.367,9.1055,0.0800,-12.2505
2026-05-09T13:03:51.381,9.1036,0.0800,-12.2942
2026-05-09T13:03:51.395,9.1020,0.0800,-12.3342
2026-05-09T13:03:51.412,9.1004,0.0800,-12.3698
2026-05-09T13:03:51.429,9.0995,0.0800,-12.4082
2026-05-09T13:03:51.447,9.0987,0.0800,-12.4504
2026-05-09T13:03:51.468,9.0977,0.0800,-12.4966
2026-05-09T13:03:51.487,9.0965,0.0800,-12.5466
2026-05-09T13:03:51.504,9.0956,0.0800,-12.6048
2026-05-09T13:03:51.518,9.0934,0.0800,-12.6589
2026-05-09T13:03:51.533,9.0912,0.0800,-12.7062
2026-05-09T13:03:51.547,9.0890,0.0800,-12.7444
2026-05-09T13:03:51.562,9.0882,0.0800,-12.7887
2026-05-09T13:03:51.579,9.0865,0.0800,-12.8287
2026-05-09T13:03:51.598,9.0856,0.0800,-12.8723
2026-05-09T13:03:51.615,9.0846,0.0800,-12.9214
2026-05-09T13:03:51.630,9.0835,0.0800,-12.9754
2026-05-09T13:03:51.645,9.0817,0.0800,-13.0281
2026-05-09T13:03:51.661,9.0795,0.0800,-13.0733
2026-05-09T13:03:51.676,9.0781,0.0800,-13.1181
2026-05-09T13:03:51.691,9.0769,0.0800,-13.1664
2026-05-09T13:03:51.707,9.0752,0.0800,-13.2113
2026-05-09T13:03:51.723,9.0738,0.0800,-13.2573
2026-05-09T13:03:51.739,9.0727,0.0800,-13.3075
2026-05-09T13:03:51.754,9.0708,0.0800,-13.3528
2026-05-09T13:03:51.770,9.0698,0.0800,-13.4028
2026-05-09T13:03:51.785,9.0678,0.0800,-13.4446
2026-05-09T13:03:51.801,9.0663,0.0800,-13.4892
2026-05-09T13:03:51.817,9.0741,0.0800,-13.5150
2026-05-09T13:03:51.835,9.0895,0.0800,-13.5505
2026-05-09T13:03:51.851,9.1082,0.0800,-13.5937
2026-05-09T13:03:51.867,9.1335,0.0800,-13.6532
2026-05-09T13:03:51.882,9.1609,0.0800,-13.7156
2026-05-09T13:03:51.898,9.1950,0.0800,-13.7913
2026-05-09T13:03:51.913,9.2260,0.0800,-13.8596
2026-05-09T13:03:51.927,9.2582,0.0800,-13.9308
2026-05-09T13:03:51.944,9.2887,0.0800,-13.9987
2026-05-09T13:03:51.959,9.3180,0.0800,-14.0639
2026-05-09T13:03:51.977,9.3540,0.0800,-14.1441
2026-05-09T13:03:51.993,9.3845,0.0800,-14.2120
2026-05-09T13:03:52.008,9.4207,0.0800,-14.2928
2026-05-09T13:03:52.023,9.4529,0.0800,-14.3650
2026-05-09T13:03:52.037,9.4848,0.0800,-14.4368
2026-05-09T13:03:52.051,9.5124,0.0800,-14.5010
2026-05-09T13:03:52.066,9.5411,0.0800,-14.5686
2026-05-09T13:03:52.082,9.5674,0.0800,-14.6316
2026-05-09T13:03:52.098,9.5977,0.0800,-14.7050
2026-05-09T13:03:52.113,9.6269,0.0800,-14.7765
2026-05-09T13:03:52.128,9.6561,0.0800,-14.8488
2026-05-09T13:03:52.142,9.6850,0.0800,-14.9209
2026-05-09T13:03:52.158,9.7110,0.0800,-14.9869
2026-05-09T13:03:52.172,9.7367,0.0800,-15.0529
2026-05-09T13:03:52.187,9.7665,0.0800,-15.1296
2026-05-09T13:03:52.202,9.7915,0.0800,-15.1950
2026-05-09T13:03:52.216,9.8174,0.0800,-15.2628
2026-05-09T13:03:52.230,9.8448,0.0800,-15.3351
2026-05-09T13:03:52.242,9.8687,0.0800,-15.3988
2026-05-09T13:03:52.256,9.8930,0.0800,-15.4643
2026-05-09T13:03:52.270,9.9132,0.0800,-15.5223
2026-05-09T13:03:52.284,9.9344,0.0800,-15.5886
2026-05-09T13:03:52.299,9.9544,0.0800,-15.6579
2026-05-09T13:03:52.313,9.9698,0.0800,-15.7248
2026-05-09T13:03:52.327,9.9869,0.0800,-15.8009
2026-05-09T13:03:52.340,10.0009,0.0800,-15.8641
2026-05-09T13:03:52.354,10.0165,0.0800,-15.9352
2026-05-09T13:03:52.367,10.0302,0.0800,-15.9983
2026-05-09T13:03:52.382,10.0446,0.0800,-16.0653
2026-05-09T13:03:52.397,10.0589,0.0800,-16.1323
2026-05-09T13:03:52.411,10.0734,0.0800,-16.2001
2026-05-09T13:03:52.423,10.0900,0.0800,-16.2787
2026-05-09T13:03:52.437,10.1047,0.0800,-16.3483
2026-05-09T13:03:52.452,10.1162,0.0800,-16.4030
2026-05-09T13:03:52.466,10.1304,0.0800,-16.4720
2026-05-09T13:03:52.480,10.1463,0.0800,-16.5495
2026-05-09T13:03:52.493,10.1590,0.0800,-16.6152
2026-05-09T13:03:52.508,10.1711,0.0800,-16.6800
2026-05-09T13:03:52.523,10.1834,0.0800,-16.7498
2026-05-09T13:03:52.535,10.1966,0.0800,-16.8255
2026-05-09T13:03:52.549,10.2084,0.0800,-16.8937
2026-05-09T13:03:52.561,10.2193,0.0800,-16.9570
2026-05-09T13:03:52.576,10.2302,0.0800,-17.0203
2026-05-09T13:03:52.592,10.2409,0.0800,-17.0832
2026-05-09T13:03:52.605,10.2535,0.0800,-17.1579
2026-05-09T13:03:52.618,10.2670,0.0800,-17.2373
2026-05-09T13:03:52.632,10.2777,0.0800,-17.3008
2026-05-09T13:03:52.647,10.2877,0.0800,-17.3602
2026-05-09T13:03:52.659,10.3003,0.0800,-17.4345
2026-05-09T13:03:52.676,10.3118,0.0800,-17.5029
2026-05-09T13:03:52.689,10.3222,0.0800,-17.5651
2026-05-09T13:03:52.703,10.3363,0.0800,-17.6517
2026-05-09T13:03:52.717,10.3468,0.0800,-17.7157
2026-05-09T13:03:52.729,10.3558,0.0800,-17.7806
2026-05-09T13:03:52.744,10.3658,0.0800,-17.8525
2026-05-09T13:03:52.756,10.3727,0.0800,-17.9133
2026-05-09T13:03:52.770,10.3746,0.0800,-17.9859
2026-05-09T13:03:52.784,10.3740,0.0800,-18.0456
2026-05-09T13:03:52.800,10.3717,0.0800,-18.1148
2026-05-09T13:03:52.814,10.3679,0.0800,-18.1882
2026-05-09T13:03:52.828,10.3612,0.0800,-18.2692
2026-05-09T13:03:52.841,10.3542,0.0800,-18.3347
2026-05-09T13:03:52.855,10.3466,0.0800,-18.4064
2026-05-09T13:03:52.867,10.3396,0.0800,-18.4704
2026-05-09T13:03:52.882,10.3319,0.0800,-18.5388
2026-05-09T13:03:52.896,10.3245,0.0800,-18.6035
2026-05-09T13:03:52.911,10.3156,0.0800,-18.6748
2026-05-09T13:03:52.925,10.3065,0.0800,-18.7419
2026-05-09T13:03:52.938,10.2962,0.0800,-18.8195
2026-05-09T13:03:52.951,10.2852,0.0800,-18.8885
2026-05-09T13:03:52.966,10.2739,0.0800,-18.9542
2026-05-09T13:03:52.980,10.2637,0.0800,-19.0182
2026-05-09T13:03:52.994,10.2484,0.0800,-19.0945
2026-05-09T13:03:53.008,10.2338,0.0800,-19.1614
2026-05-09T13:03:53.023,10.2200,0.0800,-19.2299
2026-05-09T13:03:53.035,10.2016,0.0800,-19.3029
2026-05-09T13:03:53.047,10.1833,0.0800,-19.3707
2026-05-09T13:03:53.062,10.1689,0.0800,-19.4298
2026-05-09T13:03:53.077,10.1500,0.0800,-19.4920
2026-05-09T13:03:53.091,10.1271,0.0800,-19.5637
2026-05-09T13:03:53.104,10.1022,0.0800,-19.6370
2026-05-09T13:03:53.118,10.0829,0.0800,-19.6990
2026-05-09T13:03:53.132,10.0590,0.0800,-19.7614
2026-05-09T13:03:53.146,10.0280,0.0800,-19.8286
2026-05-09T13:03:53.159,9.9979,0.0800,-19.8923
2026-05-09T13:03:53.174,9.9631,0.0800,-19.9548
2026-05-09T13:03:53.188,9.9292,0.0800,-20.0105
2026-05-09T13:03:53.201,9.8919,0.0800,-20.0734
2026-05-09T13:03:53.216,9.8549,0.0800,-20.1290
2026-05-09T13:03:53.228,9.8145,0.0800,-20.1876
2026-05-09T13:03:53.242,9.7741,0.0800,-20.2446
2026-05-09T13:03:53.257,9.7454,0.0800,-20.2884
2026-05-09T13:03:53.271,9.7093,0.0800,-20.3369
2026-05-09T13:03:53.285,9.6780,0.0800,-20.3783
2026-05-09T13:03:53.299,9.6528,0.0800,-20.4156
2026-05-09T13:03:53.313,9.6708,0.0800,-20.3799
2026-05-09T13:03:53.325,9.6928,0.0800,-20.3447
2026-05-09T13:03:53.340,9.7209,0.0800,-20.3097
2026-05-09T13:03:53.354,9.7443,0.0800,-20.2821
2026-05-09T13:03:53.368,9.7733,0.0800,-20.2495
2026-05-09T13:03:53.382,9.8051,0.0800,-20.2198
2026-05-09T13:03:53.396,9.8360,0.0800,-20.1911
2026-05-09T13:03:53.409,9.8683,0.0800,-20.1628
2026-05-09T13:03:53.423,9.8995,0.0800,-20.1366
2026-05-09T13:03:53.437,9.9373,0.0800,-20.1094
2026-05-09T13:03:53.451,9.9696,0.0800,-20.0854
2026-05-09T13:03:53.464,10.0049,0.0800,-20.0619
2026-05-09T13:03:53.478,10.0431,0.0800,-20.0411
2026-05-09T13:03:53.492,10.0803,0.0800,-20.0197
2026-05-09T13:03:53.505,10.0555,0.0800,-20.0618
2026-05-09T13:03:53.520,10.0336,0.0800,-20.1035
2026-05-09T13:03:53.534,10.0078,0.0800,-20.1441
2026-05-09T13:03:53.548,9.9803,0.0800,-20.1860
2026-05-09T13:03:53.563,9.9528,0.0800,-20.2318
2026-05-09T13:03:53.576,9.9240,0.0800,-20.2724
2026-05-09T13:03:53.590,9.8937,0.0800,-20.3139
2026-05-09T13:03:53.604,9.8667,0.0800,-20.3506
2026-05-09T13:03:53.617,9.9097,0.0800,-20.3376
2026-05-09T13:03:53.631,9.9498,0.0800,-20.3233
2026-05-09T13:03:53.644,9.9885,0.0800,-20.3087
2026-05-09T13:03:53.658,10.0311,0.0800,-20.2954
2026-05-09T13:03:53.672,10.0703,0.0800,-20.2816
2026-05-09T13:03:53.686,10.1115,0.0800,-20.2686
2026-05-09T13:03:53.700,10.1560,0.0800,-20.2586
2026-05-09T13:03:53.714,10.1977,0.0800,-20.2495
2026-05-09T13:03:53.728,10.2355,0.0800,-20.2464
2026-05-09T13:03:53.742,10.2723,0.0800,-20.2467
2026-05-09T13:03:53.756,10.3062,0.0800,-20.2469
2026-05-09T13:03:53.770,10.3365,0.0800,-20.2488
2026-05-09T13:03:53.783,10.3641,0.0800,-20.2519
2026-05-09T13:03:53.798,10.3922,0.0800,-20.2571
2026-05-09T13:03:53.812,10.4177,0.0800,-20.2614
2026-05-09T13:03:53.825,10.4461,0.0800,-20.2666
2026-05-09T13:03:53.839,10.4746,0.0800,-20.2735
2026-05-09T13:03:53.853,10.5005,0.0800,-20.2796
2026-05-09T13:03:53.867,10.5282,0.0800,-20.2889
2026-05-09T13:03:53.881,10.5584,0.0800,-20.3008
2026-05-09T13:03:53.895,10.5869,0.0800,-20.3119
2026-05-09T13:03:53.908,10.6167,0.0800,-20.3251
2026-05-09T13:03:53.923,10.6463,0.0800,-20.3402
2026-05-09T13:03:53.937,10.6779,0.0800,-20.3600
2026-05-09T13:03:53.951,10.7097,0.0800,-20.3811
2026-05-09T13:03:53.964,10.7419,0.0800,-20.4046
2026-05-09T13:03:53.978,10.7741,0.0800,-20.4309
2026-05-09T13:03:53.992,10.8068,0.0800,-20.4592
2026-05-09T13:03:54.006,10.7955,0.0800,-20.5042
2026-05-09T13:03:54.020,10.7863,0.0800,-20.5519
2026-05-09T13:03:54.034,10.7777,0.0800,-20.5998
2026-05-09T13:03:54.048,10.8105,0.0800,-20.6398
2026-05-09T13:03:54.061,10.8057,0.0800,-20.6950
2026-05-09T13:03:54.075,10.8006,0.0800,-20.7425
2026-05-09T13:03:54.090,10.7950,0.0800,-20.7938
2026-05-09T13:03:54.103,10.7895,0.0800,-20.8492
2026-05-09T13:03:54.117,10.7843,0.0800,-20.9007
2026-05-09T13:03:54.131,10.7787,0.0800,-20.9571
2026-05-09T13:03:54.144,10.7736,0.0800,-21.0081
2026-05-09T13:03:54.159,10.7681,0.0800,-21.0670
2026-05-09T13:03:54.172,10.7631,0.0800,-21.1205
2026-05-09T13:03:54.186,10.7579,0.0800,-21.1780
2026-05-09T13:03:54.201,10.7528,0.0800,-21.2331
2026-05-09T13:03:54.214,10.7476,0.0800,-21.2892
2026-05-09T13:03:54.228,10.7419,0.0800,-21.3493
2026-05-09T13:03:54.242,10.7362,0.0800,-21.4087
2026-05-09T13:03:54.256,10.7283,0.0800,-21.4698
2026-05-09T13:03:54.270,10.7158,0.0800,-21.5431
2026-05-09T13:03:54.283,10.7025,0.0800,-21.6088
2026-05-09T13:03:54.298,10.6833,0.0800,-21.6766
2026-05-09T13:03:54.312,10.6623,0.0800,-21.7399
2026-05-09T13:03:54.325,10.6353,0.0800,-21.8101
2026-05-09T13:03:54.339,10.6057,0.0800,-21.8704
2026-05-09T13:03:54.353,10.5729,0.0800,-21.9282
2026-05-09T13:03:54.367,10.5299,0.0800,-21.9854
2026-05-09T13:03:54.382,10.4867,0.0800,-22.0388
2026-05-09T13:03:54.395,10.4398,0.0800,-22.0921
2026-05-09T13:03:54.409,10.3888,0.0800,-22.1406
2026-05-09T13:03:54.423,10.3389,0.0800,-22.1856
2026-05-09T13:03:54.437,10.2831,0.0800,-22.2315
2026-05-09T13:03:54.451,10.2291,0.0800,-22.2742
2026-05-09T13:03:54.464,10.1728,0.0800,-22.3156
2026-05-09T13:03:54.478,10.1170,0.0800,-22.3550
2026-05-09T13:03:54.492,10.0587,0.0800,-22.3921
2026-05-09T13:03:54.506,9.9980,0.0800,-22.4289
2026-05-09T13:03:54.521,9.9392,0.0800,-22.4668
2026-05-09T13:03:54.534,9.8811,0.0800,-22.4991
2026-05-09T13:03:54.548,9.8159,0.0800,-22.5339
2026-05-09T13:03:54.561,9.7553,0.0800,-22.5680
2026-05-09T13:03:54.575,9.6933,0.0800,-22.5975
2026-05-09T13:03:54.590,9.6311,0.0800,-22.6256
2026-05-09T13:03:54.603,9.5646,0.0800,-22.6540
2026-05-09T13:03:54.617,9.5000,0.0800,-22.6830
2026-05-09T13:03:54.631,9.4381,0.0800,-22.7058
2026-05-09T13:03:54.645,9.3718,0.0800,-22.7303
2026-05-09T13:03:54.660,9.3056,0.0800,-22.7550
2026-05-09T13:03:54.673,9.2411,0.0800,-22.7764
2026-05-09T13:03:54.687,9.1717,0.0800,-22.7984
2026-05-09T13:03:54.701,9.1070,0.0800,-22.8176
2026-05-09T13:03:54.715,9.0419,0.0800,-22.8367
2026-05-09T13:03:54.728,8.9750,0.0800,-22.8558
2026-05-09T13:03:54.742,8.9075,0.0800,-22.8752
2026-05-09T13:03:54.756,8.8426,0.0800,-22.8937
2026-05-09T13:03:54.770,8.7728,0.0800,-22.9135
2026-05-09T13:03:54.784,8.7089,0.0800,-22.9315
2026-05-09T13:03:54.798,8.6401,0.0800,-22.9509
2026-05-09T13:03:54.813,8.5737,0.0800,-22.9695
2026-05-09T13:03:54.826,8.5024,0.0800,-22.9894
2026-05-09T13:03:54.840,8.4365,0.0800,-23.0077
2026-05-09T13:03:54.855,8.3723,0.0800,-23.0256
2026-05-09T13:03:54.869,8.3029,0.0800,-23.0448
2026-05-09T13:03:54.882,8.2328,0.0800,-23.0643
2026-05-09T13:03:54.897,8.1660,0.0800,-23.0828
2026-05-09T13:03:54.910,8.1029,0.0800,-23.1003
2026-05-09T13:03:54.923,8.0311,0.0800,-23.1203
2026-05-09T13:03:54.939,7.9686,0.0800,-23.1376
2026-05-09T13:03:54.952,7.9027,0.0800,-23.1559
2026-05-09T13:03:54.966,7.8305,0.0800,-23.1759
2026-05-09T13:03:54.980,7.7635,0.0800,-23.1944
2026-05-09T13:03:54.994,7.6981,0.0800,-23.2126
2026-05-09T13:03:55.008,7.6293,0.0800,-23.2316
2026-05-09T13:03:55.022,7.5645,0.0800,-23.2496
2026-05-09T13:03:55.036,7.4945,0.0800,-23.2688
2026-05-09T13:03:55.050,7.4264,0.0800,-23.2848
2026-05-09T13:03:55.064,7.3585,0.0800,-23.2976
2026-05-09T13:03:55.078,7.2921,0.0800,-23.3081
2026-05-09T13:03:55.092,7.2219,0.0800,-23.3177
2026-05-09T13:03:55.105,7.1499,0.0800,-23.3263
2026-05-09T13:03:55.120,7.0795,0.0800,-23.3319
2026-05-09T13:03:55.134,7.0139,0.0800,-23.3361
2026-05-09T13:03:55.147,6.9422,0.0800,-23.3406
2026-05-09T13:03:55.161,6.8695,0.0800,-23.3398
2026-05-09T13:03:55.176,6.8032,0.0800,-23.3391
2026-05-09T13:03:55.189,6.7362,0.0800,-23.3363
2026-05-09T13:03:55.203,6.6617,0.0800,-23.3327
2026-05-09T13:03:55.217,6.5956,0.0800,-23.3296
2026-05-09T13:03:55.231,6.5268,0.0800,-23.3256
2026-05-09T13:03:55.245,6.4561,0.0800,-23.3214
2026-05-09T13:03:55.258,6.3831,0.0800,-23.3168
2026-05-09T13:03:55.272,6.3170,0.0800,-23.3126
2026-05-09T13:03:55.287,6.2499,0.0800,-23.3081
2026-05-09T13:03:55.300,6.1806,0.0800,-23.3017
2026-05-09T13:03:55.314,6.1111,0.0800,-23.2948
2026-05-09T13:03:55.327,6.0370,0.0800,-23.2869
2026-05-09T13:03:55.343,5.9718,0.0800,-23.2800
2026-05-09T13:03:55.357,5.9071,0.0800,-23.2730
2026-05-09T13:03:55.370,5.8238,0.0800,-23.2640
2026-05-09T13:03:55.384,5.7575,0.0800,-23.2567
2026-05-09T13:03:55.398,5.6943,0.0800,-23.2498
2026-05-09T13:03:55.412,5.6272,0.0800,-23.2425
2026-05-09T13:03:55.425,5.5528,0.0800,-23.2343
2026-05-09T13:03:55.440,5.4842,0.0800,-23.2268
2026-05-09T13:03:55.454,5.4184,0.0800,-23.2197
2026-05-09T13:03:55.468,5.3454,0.0800,-23.2117
2026-05-09T13:03:55.482,5.2764,0.0800,-23.2043
2026-05-09T13:03:55.496,5.2000,0.0800,-23.1964
2026-05-09T13:03:55.509,5.1387,0.0800,-23.1908
2026-05-09T13:03:55.523,5.0673,0.0800,-23.1861
2026-05-09T13:03:55.537,4.9989,0.0800,-23.1831
2026-05-09T13:03:55.551,4.9336,0.0800,-23.1810
2026-05-09T13:03:55.565,4.8600,0.0800,-23.1791
2026-05-09T13:03:55.579,4.7924,0.0800,-23.1784
2026-05-09T13:03:55.593,4.7206,0.0800,-23.1799
2026-05-09T13:03:55.606,4.6532,0.0800,-23.1837
2026-05-09T13:03:55.620,4.5849,0.0800,-23.1899
2026-05-09T13:03:55.634,4.5188,0.0800,-23.1977
2026-05-09T13:03:55.648,4.4493,0.0800,-23.2072
2026-05-09T13:03:55.662,4.3763,0.0800,-23.2187
2026-05-09T13:03:55.676,4.3139,0.0800,-23.2289
2026-05-09T13:03:55.689,4.2426,0.0800,-23.2409
2026-05-09T13:03:55.703,4.1704,0.0800,-23.2533
2026-05-09T13:03:55.717,4.1082,0.0800,-23.2641
2026-05-09T13:03:55.731,4.0401,0.0800,-23.2760
2026-05-09T13:03:55.744,3.9738,0.0800,-23.2883
2026-05-09T13:03:55.759,3.9035,0.0800,-23.3018
2026-05-09T13:03:55.773,3.8379,0.0800,-23.3155
2026-05-09T13:03:55.788,3.7660,0.0800,-23.3307
2026-05-09T13:03:55.803,3.6964,0.0800,-23.3459
2026-05-09T13:03:55.818,3.6241,0.0800,-23.3617
2026-05-09T13:03:55.832,3.5490,0.0800,-23.3783
2026-05-09T13:03:55.845,3.4801,0.0800,-23.3935
2026-05-09T13:03:55.860,3.4106,0.0800,-23.4089
2026-05-09T13:03:55.875,3.3436,0.0800,-23.4237
2026-05-09T13:03:55.889,3.2715,0.0800,-23.4396
2026-05-09T13:03:55.905,3.1984,0.0800,-23.4558
2026-05-09T13:03:55.921,3.1291,0.0800,-23.4711
2026-05-09T13:03:55.937,3.0523,0.0800,-23.4881
2026-05-09T13:03:55.952,2.9729,0.0800,-23.5057
2026-05-09T13:03:55.966,2.8936,0.0800,-23.5232
2026-05-09T13:03:55.981,2.8200,0.0800,-23.5395
2026-05-09T13:03:55.995,2.7511,0.0800,-23.5547
2026-05-09T13:03:56.009,2.6811,0.0800,-23.5702
2026-05-09T13:03:56.024,2.6151,0.0800,-23.5847
2026-05-09T13:03:56.039,2.5436,0.0800,-23.6005
2026-05-09T13:03:56.054,2.4740,0.0800,-23.6158
2026-05-09T13:03:56.069,2.4007,0.0800,-23.6320
2026-05-09T13:03:56.083,2.3248,0.0800,-23.6487
2026-05-09T13:03:56.098,2.2493,0.0800,-23.6654
2026-05-09T13:03:56.112,2.1820,0.0800,-23.6802
2026-05-09T13:03:56.126,2.1100,0.0800,-23.6960
2026-05-09T13:03:56.142,2.0392,0.0800,-23.7116
2026-05-09T13:03:56.158,1.9716,0.0800,-23.7265
2026-05-09T13:03:56.174,1.8908,0.0800,-23.7443
2026-05-09T13:03:56.188,1.8161,0.0800,-23.7607
2026-05-09T13:03:56.204,1.7391,0.0800,-23.7776
2026-05-09T13:03:56.218,1.6693,0.0800,-23.7927
2026-05-09T13:03:56.233,1.5921,0.0800,-23.8086
2026-05-09T13:03:56.247,1.5241,0.0800,-23.8219
2026-05-09T13:03:56.263,1.4486,0.0800,-23.8352
2026-05-09T13:03:56.278,1.3796,0.0800,-23.8430
2026-05-09T13:03:56.294,1.3024,0.0800,-23.8494
2026-05-09T13:03:56.309,1.2131,0.0800,-23.8502
2026-05-09T13:03:56.325,1.1439,0.0800,-23.8487
2026-05-09T13:03:56.341,1.0676,0.0800,-23.8456
2026-05-09T13:03:56.355,0.9912,0.0800,-23.8396
2026-05-09T13:03:56.369,0.9112,0.0800,-23.8311
2026-05-09T13:03:56.383,0.8412,0.0800,-23.8209
2026-05-09T13:03:56.398,0.7707,0.0800,-23.8095
2026-05-09T13:03:56.413,0.7031,0.0800,-23.7964
2026-05-09T13:03:56.428,0.6303,0.0800,-23.7821
2026-05-09T13:03:56.445,0.5556,0.0800,-23.7671
2026-05-09T13:03:56.460,0.4827,0.0800,-23.7523
2026-05-09T13:03:56.475,0.3989,0.0800,-23.7350
2026-05-09T13:03:56.491,0.3245,0.0800,-23.7194
2026-05-09T13:03:56.505,0.2497,0.0800,-23.7038
2026-05-09T13:03:56.521,0.1769,0.0800,-23.6884
2026-05-09T13:03:56.536,0.1089,0.0800,-23.6740
2026-05-09T13:03:56.553,0.0289,0.0800,-23.6560
2026-05-09T13:03:56.567,-0.0489,0.0800,-23.6377
2026-05-09T13:03:56.582,-0.1261,0.0800,-23.6196
2026-05-09T13:03:56.597,-0.1993,0.0800,-23.6003
2026-05-09T13:03:56.612,-0.2712,0.0800,-23.5804
2026-05-09T13:03:56.625,-0.3437,0.0800,-23.5590
2026-05-09T13:03:56.640,-0.4181,0.0800,-23.5375
2026-05-09T13:03:56.654,-0.4823,0.0800,-23.5158
2026-05-09T13:03:56.667,-0.5538,0.0800,-23.4897
2026-05-09T13:03:56.682,-0.6189,0.0800,-23.4666
2026-05-09T13:03:56.696,-0.6854,0.0800,-23.4379
2026-05-09T13:03:56.711,-0.7490,0.0800,-23.4081
2026-05-09T13:03:56.724,-0.8152,0.0800,-23.3745
2026-05-09T13:03:56.740,-0.8852,0.0800,-23.3375
2026-05-09T13:03:56.753,-0.9390,0.0800,-23.3056
2026-05-09T13:03:56.769,-1.0103,0.0800,-23.2616
2026-05-09T13:03:56.785,-1.0671,0.0800,-23.2273
2026-05-09T13:03:56.800,-1.1359,0.0800,-23.1805
2026-05-09T13:03:56.815,-1.1823,0.0800,-23.1463
2026-05-09T13:03:56.831,-1.1260,0.0800,-23.1375
2026-05-09T13:03:56.845,-1.0797,0.0800,-23.1350
2026-05-09T13:03:56.859,-1.0285,0.0800,-23.1385
2026-05-09T13:03:56.874,-0.9814,0.0800,-23.1415
2026-05-09T13:03:56.887,-0.9359,0.0800,-23.1485
2026-05-09T13:03:56.901,-0.8887,0.0800,-23.1610
2026-05-09T13:03:56.914,-0.8506,0.0800,-23.1705
2026-05-09T13:03:56.928,-0.8072,0.0800,-23.1831
2026-05-09T13:03:56.943,-0.7681,0.0800,-23.1987
2026-05-09T13:03:56.958,-0.7259,0.0800,-23.2139
2026-05-09T13:03:56.973,-0.6783,0.0800,-23.2319
2026-05-09T13:03:56.988,-0.6370,0.0800,-23.2485
2026-05-09T13:03:57.004,-0.5934,0.0800,-23.2699
2026-05-09T13:03:57.020,-0.5505,0.0800,-23.2889
2026-05-09T13:03:57.036,-0.5050,0.0800,-23.3100
2026-05-09T13:03:57.050,-0.4601,0.0800,-23.3318
2026-05-09T13:03:57.065,-0.4142,0.0800,-23.3556
2026-05-09T13:03:57.080,-0.3756,0.0800,-23.3800
2026-05-09T13:03:57.095,-0.3414,0.0800,-23.3996
2026-05-09T13:03:57.108,-0.3128,0.0800,-23.4166
2026-05-09T13:03:57.121,-0.2927,0.0800,-23.4298
2026-05-09T13:03:57.136,-0.2775,0.0800,-23.4399
2026-05-09T13:03:57.149,-0.2667,0.0800,-23.4469
2026-05-09T13:03:57.163,-0.2596,0.0800,-23.4516
2026-05-09T13:03:57.178,-0.2560,0.0800,-23.4540
2026-05-09T13:03:57.193,-0.2545,0.0800,-23.4550
2026-05-09T13:03:57.595,-0.2591,0.0800,-23.4520
2026-05-09T13:03:57.609,-0.2663,0.0800,-23.4472
2026-05-09T13:03:57.623,-0.2773,0.0800,-23.4411
2026-05-09T13:03:57.637,-0.2982,0.0800,-23.4287
2026-05-09T13:03:57.650,-0.3190,0.0800,-23.4178
2026-05-09T13:03:57.664,-0.3523,0.0800,-23.4009
2026-05-09T13:03:57.679,-0.3813,0.0800,-23.3823
2026-05-09T13:03:57.693,-0.4113,0.0800,-23.3667
2026-05-09T13:03:57.706,-0.4450,0.0800,-23.3480
2026-05-09T13:03:57.721,-0.4748,0.0800,-23.3270
2026-05-09T13:03:57.734,-0.5040,0.0800,-23.3100
2026-05-09T13:03:57.748,-0.5375,0.0800,-23.2914
2026-05-09T13:03:57.762,-0.5829,0.0800,-23.2703
2026-05-09T13:03:57.776,-0.6407,0.0800,-23.2456
2026-05-09T13:03:57.790,-0.7041,0.0800,-23.2258
2026-05-09T13:03:57.804,-0.7745,0.0800,-23.2081
2026-05-09T13:03:57.818,-0.8380,0.0800,-23.1910
2026-05-09T13:03:57.833,-0.9070,0.0800,-23.1777
2026-05-09T13:03:57.846,-0.9779,0.0800,-23.1657
2026-05-09T13:03:57.860,-1.0505,0.0800,-23.1521
2026-05-09T13:03:57.874,-1.1123,0.0800,-23.1446
2026-05-09T13:03:57.888,-1.1839,0.0800,-23.1374
2026-05-09T13:03:57.901,-1.2497,0.0800,-23.1286
2026-05-09T13:03:57.915,-1.3157,0.0800,-23.1244
2026-05-09T13:03:57.929,-1.3841,0.0800,-23.1214
2026-05-09T13:03:57.943,-1.4522,0.0800,-23.1199
2026-05-09T13:03:57.958,-1.5191,0.0800,-23.1163
2026-05-09T13:03:57.972,-1.5964,0.0800,-23.1172
2026-05-09T13:03:57.985,-1.6620,0.0800,-23.1189
2026-05-09T13:03:58.000,-1.7314,0.0800,-23.1182
2026-05-09T13:03:58.014,-1.7975,0.0800,-23.1203
2026-05-09T13:03:58.027,-1.8736,0.0800,-23.1229
2026-05-09T13:03:58.041,-1.9433,0.0800,-23.1237
2026-05-09T13:03:58.055,-2.0083,0.0800,-23.1254
2026-05-09T13:03:58.069,-2.0811,0.0800,-23.1275
2026-05-09T13:03:58.083,-2.1478,0.0800,-23.1294
2026-05-09T13:03:58.097,-2.2182,0.0800,-23.1314
2026-05-09T13:03:58.111,-2.2840,0.0800,-23.1333
2026-05-09T13:03:58.124,-2.3598,0.0800,-23.1355
2026-05-09T13:03:58.139,-2.4288,0.0800,-23.1375
2026-05-09T13:03:58.152,-2.4941,0.0800,-23.1393
2026-05-09T13:03:58.165,-2.5665,0.0800,-23.1414
2026-05-09T13:03:58.181,-2.6327,0.0800,-23.1433
2026-05-09T13:03:58.194,-2.7004,0.0800,-23.1452
2026-05-09T13:03:58.208,-2.7752,0.0800,-23.1473
2026-05-09T13:03:58.221,-2.8401,0.0800,-23.1491
2026-05-09T13:03:58.235,-2.9145,0.0800,-23.1512
2026-05-09T13:03:58.250,-2.9776,0.0800,-23.1530
2026-05-09T13:03:58.263,-3.0487,0.0800,-23.1550
2026-05-09T13:03:58.278,-3.1220,0.0800,-23.1571
2026-05-09T13:03:58.292,-3.1861,0.0800,-23.1589
2026-05-09T13:03:58.304,-3.2653,0.0800,-23.1611
2026-05-09T13:03:58.320,-3.3290,0.0800,-23.1629
2026-05-09T13:03:58.333,-3.3953,0.0800,-23.1648
2026-05-09T13:03:58.347,-3.4699,0.0800,-23.1669
2026-05-09T13:03:58.360,-3.5401,0.0800,-23.1689
2026-05-09T13:03:58.374,-3.6072,0.0800,-23.1708
2026-05-09T13:03:58.388,-3.6754,0.0800,-23.1727
2026-05-09T13:03:58.403,-3.7442,0.0800,-23.1745
2026-05-09T13:03:58.416,-3.8112,0.0800,-23.1763
2026-05-09T13:03:58.430,-3.8869,0.0800,-23.1783
2026-05-09T13:03:58.444,-3.9522,0.0800,-23.1800
2026-05-09T13:03:58.458,-4.0225,0.0800,-23.1818
2026-05-09T13:03:58.473,-4.0921,0.0800,-23.1835
2026-05-09T13:03:58.486,-4.1632,0.0800,-23.1854
2026-05-09T13:03:58.500,-4.2330,0.0800,-23.1872
2026-05-09T13:03:58.514,-4.3013,0.0800,-23.1889
2026-05-09T13:03:58.527,-4.3718,0.0800,-23.1907
2026-05-09T13:03:58.542,-4.4415,0.0800,-23.1925
2026-05-09T13:03:58.556,-4.5127,0.0800,-23.1944
2026-05-09T13:03:58.570,-4.5845,0.0800,-23.1963
2026-05-09T13:03:58.583,-4.6508,0.0800,-23.1980
2026-05-09T13:03:58.597,-4.7226,0.0800,-23.1999
2026-05-09T13:03:58.611,-4.7861,0.0800,-23.2016
2026-05-09T13:03:58.624,-4.8589,0.0800,-23.2035
2026-05-09T13:03:58.639,-4.9297,0.0800,-23.2054
2026-05-09T13:03:58.652,-4.9910,0.0800,-23.2070
2026-05-09T13:03:58.666,-5.0650,0.0800,-23.2089
2026-05-09T13:03:58.681,-5.1309,0.0800,-23.2106
2026-05-09T13:03:58.694,-5.2019,0.0800,-23.2124
2026-05-09T13:03:58.708,-5.2758,0.0800,-23.2143
2026-05-09T13:03:58.722,-5.3415,0.0800,-23.2159
2026-05-09T13:03:58.736,-5.4110,0.0800,-23.2177
2026-05-09T13:03:58.749,-5.4787,0.0800,-23.2195
2026-05-09T13:03:58.762,-5.5482,0.0800,-23.2213
2026-05-09T13:03:58.776,-5.6154,0.0800,-23.2230
2026-05-09T13:03:58.790,-5.6813,0.0800,-23.2247
2026-05-09T13:03:58.804,-5.7554,0.0800,-23.2265
2026-05-09T13:03:58.819,-5.8203,0.0800,-23.2282
2026-05-09T13:03:58.834,-5.8898,0.0800,-23.2299
2026-05-09T13:03:58.849,-5.9636,0.0800,-23.2318
2026-05-09T13:03:58.864,-6.0415,0.0800,-23.2337
2026-05-09T13:03:58.878,-6.1131,0.0800,-23.2355
2026-05-09T13:03:58.892,-6.1915,0.0800,-23.2374
2026-05-09T13:03:58.906,-6.2618,0.0800,-23.2391
2026-05-09T13:03:58.930,-6.3270,0.0800,-23.2406
2026-05-09T13:03:58.944,-6.3975,0.0800,-23.2422
2026-05-09T13:03:58.959,-6.5198,0.0800,-23.2450
2026-05-09T13:03:58.971,-6.5916,0.0800,-23.2466
2026-05-09T13:03:58.985,-6.6620,0.0800,-23.2480
2026-05-09T13:03:58.999,-6.7254,0.0800,-23.2494
2026-05-09T13:03:59.014,-6.7919,0.0800,-23.2507
2026-05-09T13:03:59.026,-6.8695,0.0800,-23.2522
2026-05-09T13:03:59.040,-6.9407,0.0800,-23.2535
2026-05-09T13:03:59.055,-6.9987,0.0800,-23.2546
2026-05-09T13:03:59.069,-7.0774,0.0800,-23.2559
2026-05-09T13:03:59.082,-7.1446,0.0800,-23.2567
2026-05-09T13:03:59.096,-7.2158,0.0800,-23.2574
2026-05-09T13:03:59.110,-7.2772,0.0800,-23.2579
2026-05-09T13:03:59.124,-7.3490,0.0800,-23.2584
2026-05-09T13:03:59.138,-7.4229,0.0800,-23.2586
2026-05-09T13:03:59.152,-7.4896,0.0800,-23.2575
2026-05-09T13:03:59.166,-7.5624,0.0800,-23.2549
2026-05-09T13:03:59.180,-7.6298,0.0800,-23.2495
2026-05-09T13:03:59.194,-7.6997,0.0800,-23.2413
2026-05-09T13:03:59.207,-7.7689,0.0800,-23.2297
2026-05-09T13:03:59.222,-7.8340,0.0800,-23.2172
2026-05-09T13:03:59.236,-7.8955,0.0800,-23.2017
2026-05-09T13:03:59.250,-7.9575,0.0800,-23.1842
2026-05-09T13:03:59.263,-8.0111,0.0800,-23.1655
2026-05-09T13:03:59.278,-7.9592,0.0800,-23.1682
2026-05-09T13:03:59.292,-7.9098,0.0800,-23.1697
2026-05-09T13:03:59.305,-7.8531,0.0800,-23.1730
2026-05-09T13:03:59.319,-7.8053,0.0800,-23.1798
2026-05-09T13:03:59.333,-7.7566,0.0800,-23.1850
2026-05-09T13:03:59.347,-7.7048,0.0800,-23.1914
2026-05-09T13:03:59.361,-7.6537,0.0800,-23.2017
2026-05-09T13:03:59.375,-7.6049,0.0800,-23.2105
2026-05-09T13:03:59.389,-7.5556,0.0800,-23.2207
2026-05-09T13:03:59.402,-7.5062,0.0800,-23.2323
2026-05-09T13:03:59.417,-7.4550,0.0800,-23.2479
2026-05-09T13:03:59.430,-7.4077,0.0800,-23.2607
2026-05-09T13:03:59.444,-7.3569,0.0800,-23.2754
2026-05-09T13:03:59.458,-7.3128,0.0800,-23.2917
2026-05-09T13:03:59.473,-7.2638,0.0800,-23.3077
2026-05-09T13:03:59.485,-7.2147,0.0800,-23.3247
2026-05-09T13:03:59.500,-7.1640,0.0800,-23.3461
2026-05-09T13:03:59.514,-7.1245,0.0800,-23.3616
2026-05-09T13:03:59.527,-7.0768,0.0800,-23.3811
2026-05-09T13:03:59.541,-7.0304,0.0800,-23.4038
2026-05-09T13:03:59.555,-6.9857,0.0800,-23.4238
2026-05-09T13:03:59.569,-6.9396,0.0800,-23.4452
2026-05-09T13:03:59.584,-6.8957,0.0800,-23.4692
2026-05-09T13:03:59.599,-6.8496,0.0800,-23.4923
2026-05-09T13:03:59.614,-6.8014,0.0800,-23.5174
2026-05-09T13:03:59.629,-6.7474,0.0800,-23.5466
2026-05-09T13:03:59.645,-6.7057,0.0800,-23.5737
2026-05-09T13:03:59.660,-6.6595,0.0800,-23.6010
2026-05-09T13:03:59.676,-6.6104,0.0800,-23.6318
2026-05-09T13:03:59.693,-6.5642,0.0800,-23.6655
2026-05-09T13:03:59.710,-6.5177,0.0800,-23.7026
2026-05-09T13:03:59.726,-6.4761,0.0800,-23.7432
2026-05-09T13:03:59.743,-6.4385,0.0800,-23.7860
2026-05-09T13:03:59.758,-6.4859,0.0800,-23.7658
2026-05-09T13:03:59.775,-6.5650,0.0800,-23.7359
2026-05-09T13:03:59.790,-6.6373,0.0800,-23.7085
2026-05-09T13:03:59.805,-6.7157,0.0800,-23.6787
2026-05-09T13:03:59.820,-6.7828,0.0800,-23.6533
2026-05-09T13:03:59.837,-6.8543,0.0800,-23.6261
2026-05-09T13:03:59.854,-6.9242,0.0800,-23.5996
2026-05-09T13:03:59.870,-7.0034,0.0800,-23.5695
2026-05-09T13:03:59.887,-7.0813,0.0800,-23.5399
2026-05-09T13:03:59.903,-7.1593,0.0800,-23.5101
2026-05-09T13:03:59.919,-7.2380,0.0800,-23.4801
2026-05-09T13:03:59.933,-7.3113,0.0800,-23.4521
2026-05-09T13:03:59.949,-7.3838,0.0800,-23.4243
2026-05-09T13:03:59.964,-7.4530,0.0800,-23.3979
2026-05-09T13:03:59.981,-7.5258,0.0800,-23.3700
2026-05-09T13:03:59.996,-7.5941,0.0800,-23.3438
2026-05-09T13:04:00.013,-7.6749,0.0800,-23.3127
2026-05-09T13:04:00.027,-7.7475,0.0800,-23.2846
2026-05-09T13:04:00.043,-7.8289,0.0800,-23.2530
2026-05-09T13:04:00.057,-7.8919,0.0800,-23.2282
2026-05-09T13:04:00.073,-7.9647,0.0800,-23.1993
2026-05-09T13:04:00.087,-8.0307,0.0800,-23.1728
2026-05-09T13:04:00.102,-8.1077,0.0800,-23.1408
2026-05-09T13:04:00.116,-8.1645,0.0800,-23.1129
2026-05-09T13:04:00.130,-8.2285,0.0800,-23.0788
2026-05-09T13:04:00.144,-8.2773,0.0800,-23.0485
2026-05-09T13:04:00.158,-8.3254,0.0800,-23.0159
2026-05-09T13:04:00.172,-8.3616,0.0800,-22.9858
2026-05-09T13:04:00.185,-8.3947,0.0800,-22.9563
2026-05-09T13:04:00.199,-8.4249,0.0800,-22.9288
2026-05-09T13:04:00.213,-8.4529,0.0800,-22.8999
2026-05-09T13:04:00.226,-8.4184,0.0800,-22.9248
2026-05-09T13:04:00.240,-8.3847,0.0800,-22.9529
2026-05-09T13:04:00.255,-8.3544,0.0800,-22.9751
2026-05-09T13:04:00.271,-8.3187,0.0800,-23.0014
2026-05-09T13:04:00.287,-8.2825,0.0800,-23.0288
2026-05-09T13:04:00.303,-8.2426,0.0800,-23.0636
2026-05-09T13:04:00.318,-8.2019,0.0800,-23.0962
2026-05-09T13:04:00.332,-8.1693,0.0800,-23.1234
2026-05-09T13:04:00.348,-8.1344,0.0800,-23.1537
2026-05-09T13:04:00.363,-8.0999,0.0800,-23.1891
2026-05-09T13:04:00.380,-8.0671,0.0800,-23.2199
2026-05-09T13:04:00.396,-8.0325,0.0800,-23.2537
2026-05-09T13:04:00.413,-7.9980,0.0800,-23.2891
2026-05-09T13:04:00.429,-7.9637,0.0800,-23.3270
2026-05-09T13:04:00.448,-7.9323,0.0800,-23.3691
2026-05-09T13:04:00.466,-7.9009,0.0800,-23.4074
2026-05-09T13:04:00.483,-7.8667,0.0800,-23.4512
2026-05-09T13:04:00.500,-7.8328,0.0800,-23.4968
2026-05-09T13:04:00.518,-7.8047,0.0800,-23.5366
2026-05-09T13:04:00.536,-7.7753,0.0800,-23.5801
2026-05-09T13:04:00.554,-7.7459,0.0800,-23.6256
2026-05-09T13:04:00.571,-7.7315,0.0800,-23.6507
2026-05-09T13:04:00.590,-7.7475,0.0800,-23.6266
2026-05-09T13:04:00.608,-7.7677,0.0800,-23.5989
2026-05-09T13:04:00.628,-7.8080,0.0800,-23.5530
2026-05-09T13:04:00.645,-7.8537,0.0800,-23.4999
2026-05-09T13:04:00.662,-7.9097,0.0800,-23.4376
2026-05-09T13:04:00.680,-7.9630,0.0800,-23.3792
2026-05-09T13:04:00.700,-8.0260,0.0800,-23.3103
2026-05-09T13:04:00.717,-8.0835,0.0800,-23.2476
2026-05-09T13:04:00.736,-8.1496,0.0800,-23.1753
2026-05-09T13:04:00.754,-8.2081,0.0800,-23.1114
2026-05-09T13:04:00.771,-8.2707,0.0800,-23.0428
2026-05-09T13:04:00.789,-8.3299,0.0800,-22.9781
2026-05-09T13:04:00.806,-8.3926,0.0800,-22.9095
2026-05-09T13:04:00.825,-8.4499,0.0800,-22.8467
2026-05-09T13:04:00.845,-8.5105,0.0800,-22.7804
2026-05-09T13:04:00.865,-8.5699,0.0800,-22.7153
2026-05-09T13:04:00.886,-8.6400,0.0800,-22.6383
2026-05-09T13:04:00.906,-8.7086,0.0800,-22.5626
2026-05-09T13:04:00.924,-8.7738,0.0800,-22.4904
2026-05-09T13:04:00.942,-8.8460,0.0800,-22.4105
2026-05-09T13:04:00.959,-8.9014,0.0800,-22.3461
2026-05-09T13:04:00.977,-8.9630,0.0800,-22.2718
2026-05-09T13:04:00.996,-9.0127,0.0800,-22.2085
2026-05-09T13:04:01.013,-9.0681,0.0800,-22.1354
2026-05-09T13:04:01.030,-9.1242,0.0800,-22.0577
2026-05-09T13:04:01.047,-9.1756,0.0800,-21.9893
2026-05-09T13:04:01.063,-9.2228,0.0800,-21.9143
2026-05-09T13:04:01.080,-9.2535,0.0800,-21.8504
2026-05-09T13:04:01.100,-9.2410,0.0800,-21.9037
2026-05-09T13:04:01.117,-9.2268,0.0800,-21.9597
2026-05-09T13:04:01.135,-9.2107,0.0800,-22.0230
2026-05-09T13:04:01.153,-9.1972,0.0800,-22.0739
2026-05-09T13:04:01.172,-9.1828,0.0800,-22.1320
2026-05-09T13:04:01.189,-9.1735,0.0800,-22.1902
2026-05-09T13:04:01.206,-9.1607,0.0800,-22.2532
2026-05-09T13:04:01.224,-9.1512,0.0800,-22.3063
2026-05-09T13:04:01.243,-9.1426,0.0800,-22.3606
2026-05-09T13:04:01.263,-9.1347,0.0800,-22.4172
2026-05-09T13:04:01.283,-9.1274,0.0800,-22.4786
2026-05-09T13:04:01.302,-9.1214,0.0800,-22.5412
2026-05-09T13:04:01.319,-9.1169,0.0800,-22.6021
2026-05-09T13:04:01.336,-9.1135,0.0800,-22.6653
2026-05-09T13:04:01.353,-9.1121,0.0800,-22.7133
2026-05-09T13:04:01.372,-9.1113,0.0800,-22.7622
2026-05-09T13:04:01.391,-9.1146,0.0800,-22.8095
2026-05-09T13:04:01.409,-9.1151,0.0800,-22.8568
2026-05-09T13:04:01.432,-9.1165,0.0800,-22.9003
2026-05-09T13:04:01.457,-9.1185,0.0800,-22.9442
2026-05-09T13:04:01.478,-9.1185,0.0800,-22.9570
2026-05-09T13:04:01.496,-9.1177,0.0800,-22.9647
2026-05-09T13:04:01.533,-9.1175,0.0800,-22.9635
2026-05-09T13:04:01.549,-9.1171,0.0800,-22.9614
2026-05-09T13:04:01.566,-9.1161,0.0800,-22.9566
2026-05-09T13:04:01.585,-9.1131,0.0800,-22.9416
2026-05-09T13:04:01.606,-9.1087,0.0800,-22.9197
2026-05-09T13:04:01.627,-9.0982,0.0800,-22.8673
2026-05-09T13:04:01.651,-9.0831,0.0800,-22.7919
2026-05-09T13:04:01.672,-9.0627,0.0800,-22.6959
2026-05-09T13:04:01.694,-9.0377,0.0800,-22.5833
2026-05-09T13:04:01.714,-9.0145,0.0800,-22.4826
2026-05-09T13:04:01.735,-8.9892,0.0800,-22.3773
2026-05-09T13:04:01.754,-8.9661,0.0800,-22.2842
2026-05-09T13:04:01.773,-8.9396,0.0800,-22.1812
2026-05-09T13:04:01.791,-8.9182,0.0800,-22.0955
2026-05-09T13:04:01.808,-8.8935,0.0800,-22.0053
2026-05-09T13:04:01.827,-8.8700,0.0800,-21.9218
2026-05-09T13:04:01.846,-8.8464,0.0800,-21.8402
2026-05-09T13:04:01.870,-8.8169,0.0800,-21.7402
2026-05-09T13:04:01.894,-8.7929,0.0800,-21.6615
2026-05-09T13:04:01.919,-8.7590,0.0800,-21.5521
2026-05-09T13:04:01.938,-8.7234,0.0800,-21.4405
2026-05-09T13:04:01.957,-8.6840,0.0800,-21.3207
2026-05-09T13:04:01.976,-8.6553,0.0800,-21.2360
2026-05-09T13:04:01.997,-8.6245,0.0800,-21.1474
2026-05-09T13:04:02.021,-8.5932,0.0800,-21.0590
2026-05-09T13:04:02.045,-8.5585,0.0800,-20.9591
2026-05-09T13:04:02.065,-8.5817,0.0800,-20.8735
2026-05-09T13:04:02.085,-8.5832,0.0800,-20.7661
2026-05-09T13:04:02.104,-8.5762,0.0800,-20.6684
2026-05-09T13:04:02.123,-8.5762,0.0800,-20.5751
2026-05-09T13:04:02.141,-8.5773,0.0800,-20.4917
2026-05-09T13:04:02.163,-8.5774,0.0800,-20.4038
2026-05-09T13:04:02.185,-8.5771,0.0800,-20.3197
2026-05-09T13:04:02.211,-8.5767,0.0800,-20.2245
2026-05-09T13:04:02.234,-8.5757,0.0800,-20.1307
2026-05-09T13:04:02.253,-8.5756,0.0800,-20.0154
2026-05-09T13:04:02.271,-8.5741,0.0800,-19.9131
2026-05-09T13:04:02.289,-8.5721,0.0800,-19.8387
2026-05-09T13:04:02.307,-8.5714,0.0800,-19.7608
2026-05-09T13:04:02.325,-8.5703,0.0800,-19.6846
2026-05-09T13:04:02.346,-8.5692,0.0800,-19.6094
2026-05-09T13:04:02.367,-8.5683,0.0800,-19.5374
2026-05-09T13:04:02.389,-8.5676,0.0800,-19.4525
2026-05-09T13:04:02.410,-8.5666,0.0800,-19.3674
2026-05-09T13:04:02.430,-8.5646,0.0800,-19.2891
2026-05-09T13:04:02.450,-8.5635,0.0800,-19.2025
2026-05-09T13:04:02.468,-8.5609,0.0800,-19.1328
2026-05-09T13:04:02.485,-8.5597,0.0800,-19.0593
2026-05-09T13:04:02.503,-8.5586,0.0800,-18.9890
2026-05-09T13:04:02.520,-8.5587,0.0800,-18.9285
2026-05-09T13:04:02.538,-8.5601,0.0800,-18.8653
2026-05-09T13:04:02.559,-8.5625,0.0800,-18.8021
2026-05-09T13:04:02.578,-8.5666,0.0800,-18.7314
2026-05-09T13:04:02.596,-8.5720,0.0800,-18.6628
2026-05-09T13:04:02.616,-8.5790,0.0800,-18.5914
2026-05-09T13:04:02.634,-8.5867,0.0800,-18.5263
2026-05-09T13:04:02.652,-8.5940,0.0800,-18.4726
2026-05-09T13:04:02.670,-8.6008,0.0800,-18.4257
2026-05-09T13:04:02.686,-8.6018,0.0800,-18.4010
2026-05-09T13:04:02.702,-8.6040,0.0800,-18.3817
2026-05-09T13:04:02.721,-8.6056,0.0800,-18.3677
2026-05-09T13:04:02.740,-8.6066,0.0800,-18.3595
2026-05-09T13:04:02.760,-8.6069,0.0800,-18.3565
2026-05-09T13:04:02.872,-8.6071,0.0800,-18.3547
2026-05-09T13:04:02.889,-8.6080,0.0800,-18.3468
2026-05-09T13:04:02.909,-8.6110,0.0800,-18.3215
2026-05-09T13:04:02.928,-8.6138,0.0800,-18.2888
2026-05-09T13:04:02.946,-8.6212,0.0800,-18.2092
2026-05-09T13:04:02.962,-8.6287,0.0800,-18.1218
2026-05-09T13:04:02.978,-8.6356,0.0800,-18.0345
2026-05-09T13:04:02.994,-8.6410,0.0800,-17.9605
2026-05-09T13:04:03.010,-8.6462,0.0800,-17.8820
2026-05-09T13:04:03.029,-8.6519,0.0800,-17.8049
2026-05-09T13:04:03.049,-8.6565,0.0800,-17.7191
2026-05-09T13:04:03.066,-8.6605,0.0800,-17.6318
2026-05-09T13:04:03.085,-8.6642,0.0800,-17.5379
2026-05-09T13:04:03.100,-8.6669,0.0800,-17.4504
2026-05-09T13:04:03.116,-8.6690,0.0800,-17.3623
2026-05-09T13:04:03.132,-8.6704,0.0800,-17.2811
2026-05-09T13:04:03.147,-8.6711,0.0800,-17.2098
2026-05-09T13:04:03.162,-8.6724,0.0800,-17.1289
2026-05-09T13:04:03.180,-8.6722,0.0800,-17.0476
2026-05-09T13:04:03.195,-8.6717,0.0800,-16.9788
2026-05-09T13:04:03.212,-8.6706,0.0800,-16.8969
2026-05-09T13:04:03.227,-8.6692,0.0800,-16.8256
2026-05-09T13:04:03.244,-8.6680,0.0800,-16.7418
2026-05-09T13:04:03.259,-8.6658,0.0800,-16.6696
2026-05-09T13:04:03.276,-8.6627,0.0800,-16.5847
2026-05-09T13:04:03.293,-8.6594,0.0800,-16.5084
2026-05-09T13:04:03.309,-8.6550,0.0800,-16.4193
2026-05-09T13:04:03.326,-8.6520,0.0800,-16.3451
2026-05-09T13:04:03.341,-8.6472,0.0800,-16.2670
2026-05-09T13:04:03.356,-8.6417,0.0800,-16.1845
2026-05-09T13:04:03.371,-8.6369,0.0800,-16.1073
2026-05-09T13:04:03.386,-8.6321,0.0800,-16.0291
2026-05-09T13:04:03.402,-8.6277,0.0800,-15.9565
2026-05-09T13:04:03.418,-8.6241,0.0800,-15.8980
2026-05-09T13:04:03.435,-8.6203,0.0800,-15.8346
2026-05-09T13:04:03.450,-8.6177,0.0800,-15.7926
2026-05-09T13:04:03.466,-8.6161,0.0800,-15.7661
2026-05-09T13:04:03.483,-8.6152,0.0800,-15.7513
2026-05-09T13:04:03.500,-8.6149,0.0800,-15.7464
2026-05-09T13:04:03.515,-8.6148,0.0800,-15.7442
2026-05-09T13:04:04.323,-8.6149,0.0800,-15.7459
2026-05-09T13:04:04.338,-8.6152,0.0800,-15.7507
2026-05-09T13:04:04.352,-8.6158,0.0800,-15.7598
2026-05-09T13:04:04.366,-8.6155,0.0800,-15.7797
2026-05-09T13:04:04.380,-8.6169,0.0800,-15.8054
2026-05-09T13:04:04.394,-8.6169,0.0800,-15.8375
2026-05-09T13:04:04.408,-8.6174,0.0800,-15.8682
2026-05-09T13:04:04.422,-8.6214,0.0800,-15.9033
2026-05-09T13:04:04.436,-8.6233,0.0800,-15.9396
2026-05-09T13:04:04.450,-8.6254,0.0800,-15.9689
2026-05-09T13:04:04.463,-8.6283,0.0800,-16.0018
2026-05-09T13:04:04.478,-8.6350,0.0800,-16.0340
2026-05-09T13:04:04.492,-8.6392,0.0800,-16.0678
2026-05-09T13:04:04.505,-8.6440,0.0800,-16.1009
2026-05-09T13:04:04.519,-8.6526,0.0800,-16.1332
2026-05-09T13:04:04.533,-8.6582,0.0800,-16.1636
2026-05-09T13:04:04.547,-8.6648,0.0800,-16.1970
2026-05-09T13:04:04.561,-8.6754,0.0800,-16.2299
2026-05-09T13:04:04.575,-8.6831,0.0800,-16.2620
2026-05-09T13:04:04.590,-8.6908,0.0800,-16.2918
2026-05-09T13:04:04.602,-8.7002,0.0800,-16.3257
2026-05-09T13:04:04.617,-8.7132,0.0800,-16.3577
2026-05-09T13:04:04.631,-8.7224,0.0800,-16.3866
2026-05-09T13:04:04.644,-8.7327,0.0800,-16.4175
2026-05-09T13:04:04.659,-8.7477,0.0800,-16.4501
2026-05-09T13:04:04.673,-8.7586,0.0800,-16.4790
2026-05-09T13:04:04.687,-8.7707,0.0800,-16.5096
2026-05-09T13:04:04.701,-8.7856,0.0800,-16.5453
2026-05-09T13:04:04.715,-8.8013,0.0800,-16.5714
2026-05-09T13:04:04.728,-8.8152,0.0800,-16.6019
2026-05-09T13:04:04.742,-8.8281,0.0800,-16.6291
2026-05-09T13:04:04.757,-8.8438,0.0800,-16.6538
2026-05-09T13:04:04.770,-8.8580,0.0800,-16.6818
2026-05-09T13:04:04.784,-8.8701,0.0800,-16.7044
2026-05-09T13:04:04.798,-8.8865,0.0800,-16.7276
2026-05-09T13:04:04.813,-8.9009,0.0800,-16.7524
2026-05-09T13:04:04.825,-8.9147,0.0800,-16.7752
2026-05-09T13:04:04.840,-8.9330,0.0800,-16.7982
2026-05-09T13:04:04.854,-8.9448,0.0800,-16.8168
2026-05-09T13:04:04.867,-8.9572,0.0800,-16.8360
2026-05-09T13:04:04.881,-8.9725,0.0800,-16.8524
2026-05-09T13:04:04.894,-8.9828,0.0800,-16.8680
2026-05-09T13:04:04.909,-8.9928,0.0800,-16.8830
2026-05-09T13:04:04.923,-9.0024,0.0800,-16.8910
2026-05-09T13:04:04.936,-9.0067,0.0800,-16.8992
2026-05-09T13:04:04.951,-9.0086,0.0800,-16.9041
2026-05-09T13:04:04.964,-9.0098,0.0800,-16.9084
2026-05-09T13:04:04.978,-9.0126,0.0800,-16.9103
2026-05-09T13:04:04.992,-9.0123,0.0800,-16.9125
2026-05-09T13:04:05.006,-9.0121,0.0800,-16.9142
2026-05-09T13:04:05.020,-9.0136,0.0800,-16.9147
2026-05-09T13:04:05.298,-9.0144,0.0800,-16.9154
2026-05-09T13:04:05.312,-9.0161,0.0800,-16.9178
2026-05-09T13:04:05.325,-9.0185,0.0800,-16.9214
2026-05-09T13:04:05.340,-9.0216,0.0800,-16.9243
2026-05-09T13:04:05.353,-9.0223,0.0800,-16.9285
2026-05-09T13:04:05.367,-9.0229,0.0800,-16.9332
2026-05-09T13:04:05.381,-9.0271,0.0800,-16.9357
2026-05-09T13:04:05.395,-9.0277,0.0800,-16.9401
2026-05-09T13:04:05.409,-9.0284,0.0800,-16.9445
2026-05-09T13:04:05.424,-9.0318,0.0800,-16.9461
2026-05-09T13:04:05.437,-9.0312,0.0800,-16.9498
2026-05-09T13:04:05.452,-9.0305,0.0800,-16.9532
2026-05-09T13:04:05.464,-9.0295,0.0800,-16.9561
2026-05-09T13:04:05.480,-9.0315,0.0800,-16.9574
2026-05-09T13:04:05.493,-9.0305,0.0800,-16.9600
2026-05-09T13:04:05.507,-9.0291,0.0800,-16.9633
2026-05-09T13:04:05.521,-9.0309,0.0800,-16.9633
2026-05-09T13:04:05.535,-9.0292,0.0800,-16.9661
2026-05-09T13:04:05.550,-9.0258,0.0800,-16.9634
2026-05-09T13:04:05.562,-9.0199,0.0800,-16.9401
2026-05-09T13:04:05.577,-9.0155,0.0800,-16.9159
2026-05-09T13:04:05.591,-9.0046,0.0800,-16.8586
2026-05-09T13:04:05.604,-8.9905,0.0800,-16.7816
2026-05-09T13:04:05.619,-8.9782,0.0800,-16.7191
2026-05-09T13:04:05.633,-8.9608,0.0800,-16.6548
2026-05-09T13:04:05.647,-8.9390,0.0800,-16.5839
2026-05-09T13:04:05.661,-8.9158,0.0800,-16.5142
2026-05-09T13:04:05.675,-8.8943,0.0800,-16.4555
2026-05-09T13:04:05.690,-8.8687,0.0800,-16.3879
2026-05-09T13:04:05.701,-8.8410,0.0800,-16.3171
2026-05-09T13:04:05.715,-8.8149,0.0800,-16.2502
2026-05-09T13:04:05.731,-8.7955,0.0800,-16.2024
2026-05-09T13:04:05.744,-8.7678,0.0800,-16.1357
2026-05-09T13:04:05.757,-8.7373,0.0800,-16.0627
2026-05-09T13:04:05.771,-8.7126,0.0800,-16.0035
2026-05-09T13:04:05.785,-8.6876,0.0800,-15.9437
2026-05-09T13:04:05.799,-8.6600,0.0800,-15.8776
2026-05-09T13:04:05.814,-8.6336,0.0800,-15.8143
2026-05-09T13:04:05.828,-8.6037,0.0800,-15.7433
2026-05-09T13:04:05.842,-8.5778,0.0800,-15.6816
2026-05-09T13:04:05.856,-8.5511,0.0800,-15.6181
2026-05-09T13:04:05.869,-8.5213,0.0800,-15.5473
2026-05-09T13:04:05.883,-8.4956,0.0800,-15.4864
2026-05-09T13:04:05.897,-8.4703,0.0800,-15.4270
2026-05-09T13:04:05.911,-8.4425,0.0800,-15.3633
2026-05-09T13:04:05.924,-8.4159,0.0800,-15.3040
2026-05-09T13:04:05.938,-8.3875,0.0800,-15.2409
2026-05-09T13:04:05.952,-8.3699,0.0800,-15.2060
2026-05-09T13:04:05.964,-8.3511,0.0800,-15.1714
2026-05-09T13:04:05.979,-8.3386,0.0800,-15.1539
2026-05-09T13:04:05.993,-8.3277,0.0800,-15.1419
2026-05-09T13:04:06.007,-8.3074,0.0800,-15.1324
2026-05-09T13:04:06.021,-8.2890,0.0800,-15.1256
2026-05-09T13:04:06.035,-8.2594,0.0800,-15.1205
2026-05-09T13:04:06.049,-8.2340,0.0800,-15.1167
2026-05-09T13:04:06.062,-8.2030,0.0800,-15.1127
2026-05-09T13:04:06.076,-8.1754,0.0800,-15.1068
2026-05-09T13:04:06.090,-8.1456,0.0800,-15.1039
2026-05-09T13:04:06.104,-8.1115,0.0800,-15.1011
2026-05-09T13:04:06.119,-8.0822,0.0800,-15.0964
2026-05-09T13:04:06.132,-8.0506,0.0800,-15.0949
2026-05-09T13:04:06.147,-8.0155,0.0800,-15.0938
2026-05-09T13:04:06.161,-7.9868,0.0800,-15.0907
2026-05-09T13:04:06.175,-7.9514,0.0800,-15.0908
2026-05-09T13:04:06.189,-7.9188,0.0800,-15.0916
2026-05-09T13:04:06.202,-7.8848,0.0800,-15.0929
2026-05-09T13:04:06.216,-7.8547,0.0800,-15.0920
2026-05-09T13:04:06.230,-7.8208,0.0800,-15.0945
2026-05-09T13:04:06.244,-7.7912,0.0800,-15.0972
2026-05-09T13:04:06.256,-7.7606,0.0800,-15.0981
2026-05-09T13:04:06.271,-7.7280,0.0800,-15.1022
2026-05-09T13:04:06.284,-7.6994,0.0800,-15.1063
2026-05-09T13:04:06.299,-7.6640,0.0800,-15.1096
2026-05-09T13:04:06.313,-7.6351,0.0800,-15.1147
2026-05-09T13:04:06.326,-7.6004,0.0800,-15.1215
2026-05-09T13:04:06.341,-7.5689,0.0800,-15.1253
2026-05-09T13:04:06.355,-7.5413,0.0800,-15.1318
2026-05-09T13:04:06.369,-7.5019,0.0800,-15.1416
2026-05-09T13:04:06.383,-7.4738,0.0800,-15.1492
2026-05-09T13:04:06.397,-7.4356,0.0800,-15.1578
2026-05-09T13:04:06.410,-7.4163,0.0800,-15.1638
2026-05-09T13:04:06.423,-7.3792,0.0800,-15.1758
2026-05-09T13:04:06.437,-7.3679,0.0800,-15.1760
2026-05-09T13:04:06.449,-7.3495,0.0800,-15.1783
2026-05-09T13:04:06.461,-7.3372,0.0800,-15.1772
2026-05-09T13:04:06.475,-7.3238,0.0800,-15.1754
2026-05-09T13:04:06.489,-7.3015,0.0800,-15.1709
2026-05-09T13:04:06.503,-7.2776,0.0800,-15.1676
2026-05-09T13:04:06.515,-7.2515,0.0800,-15.1642
2026-05-09T13:04:06.530,-7.2424,0.0800,-15.1618
2026-05-09T13:04:06.543,-7.2008,0.0800,-15.1570
2026-05-09T13:04:06.558,-7.1918,0.0800,-15.1539
2026-05-09T13:04:06.569,-7.1506,0.0800,-15.1501
2026-05-09T13:04:06.581,-7.1416,0.0800,-15.1495
2026-05-09T13:04:06.598,-7.1189,0.0800,-15.1473
2026-05-09T13:04:06.616,-7.0966,0.0800,-15.1461
2026-05-09T13:04:06.632,-7.0639,0.0800,-15.1451
2026-05-09T13:04:06.653,-7.0314,0.0800,-15.1447
2026-05-09T13:04:06.670,-7.0012,0.0800,-15.1431
2026-05-09T13:04:06.685,-6.9627,0.0800,-15.1460
2026-05-09T13:04:06.698,-6.9310,0.0800,-15.1497
2026-05-09T13:04:06.712,-6.9060,0.0800,-15.1533
2026-05-09T13:04:06.725,-6.8802,0.0800,-15.1577
2026-05-09T13:04:06.739,-6.8561,0.0800,-15.1585
2026-05-09T13:04:06.754,-6.8341,0.0800,-15.1635
2026-05-09T13:04:06.767,-6.8080,0.0800,-15.1702
2026-05-09T13:04:06.782,-6.7856,0.0800,-15.1725
2026-05-09T13:04:06.795,-6.7647,0.0800,-15.1795
2026-05-09T13:04:06.809,-6.7439,0.0800,-15.1880
2026-05-09T13:04:06.823,-6.7272,0.0800,-15.1960
2026-05-09T13:04:06.837,-6.7373,0.0800,-15.1803
2026-05-09T13:04:06.852,-6.7477,0.0800,-15.1685
2026-05-09T13:04:06.865,-6.7592,0.0800,-15.1552
2026-05-09T13:04:06.881,-6.7689,0.0800,-15.1388
2026-05-09T13:04:06.893,-6.7799,0.0800,-15.1261
2026-05-09T13:04:06.907,-6.7917,0.0800,-15.1122
2026-05-09T13:04:06.922,-6.8008,0.0800,-15.0963
2026-05-09T13:04:06.936,-6.8120,0.0800,-15.0829
2026-05-09T13:04:06.950,-6.8233,0.0800,-15.0694
2026-05-09T13:04:06.963,-6.8337,0.0800,-15.0569
2026-05-09T13:04:06.978,-6.8435,0.0800,-15.0396
2026-05-09T13:04:06.992,-6.8531,0.0800,-15.0272
2026-05-09T13:04:07.006,-6.8637,0.0800,-15.0129
2026-05-09T13:04:07.021,-6.8720,0.0800,-14.9951
2026-05-09T13:04:07.034,-6.8820,0.0800,-14.9804
2026-05-09T13:04:07.047,-6.8914,0.0800,-14.9658
2026-05-09T13:04:07.062,-6.8987,0.0800,-14.9475
2026-05-09T13:04:07.077,-6.9064,0.0800,-14.9344
2026-05-09T13:04:07.091,-6.9149,0.0800,-14.9193
2026-05-09T13:04:07.104,-6.9243,0.0800,-14.9016
2026-05-09T13:04:07.119,-6.9290,0.0800,-14.8836
2026-05-09T13:04:07.132,-6.9359,0.0800,-14.8692
2026-05-09T13:04:07.145,-6.9431,0.0800,-14.8532
2026-05-09T13:04:07.160,-6.9468,0.0800,-14.8337
2026-05-09T13:04:07.174,-6.9511,0.0800,-14.8185
2026-05-09T13:04:07.188,-6.9517,0.0800,-14.8001
2026-05-09T13:04:07.202,-6.9307,0.0800,-14.8168
2026-05-09T13:04:07.216,-6.9074,0.0800,-14.8377
2026-05-09T13:04:07.229,-6.8693,0.0800,-14.8659
2026-05-09T13:04:07.243,-6.8316,0.0800,-14.8947
2026-05-09T13:04:07.258,-6.7818,0.0800,-14.9242
2026-05-09T13:04:07.271,-6.7229,0.0800,-14.9610
2026-05-09T13:04:07.285,-6.6624,0.0800,-14.9969
2026-05-09T13:04:07.298,-6.6002,0.0800,-15.0337
2026-05-09T13:04:07.313,-6.5433,0.0800,-15.0675
2026-05-09T13:04:07.326,-6.4836,0.0800,-15.1029
2026-05-09T13:04:07.340,-6.4263,0.0800,-15.1369
2026-05-09T13:04:07.354,-6.3696,0.0800,-15.1703
2026-05-09T13:04:07.367,-6.3051,0.0800,-15.2084
2026-05-09T13:04:07.382,-6.2463,0.0800,-15.2431
2026-05-09T13:04:07.395,-6.1914,0.0800,-15.2755
2026-05-09T13:04:07.410,-6.1257,0.0800,-15.3143
2026-05-09T13:04:07.423,-6.0714,0.0800,-15.3463
2026-05-09T13:04:07.437,-6.0048,0.0800,-15.3860
2026-05-09T13:04:07.451,-5.9520,0.0800,-15.4177
2026-05-09T13:04:07.464,-5.8903,0.0800,-15.4559
2026-05-09T13:04:07.480,-5.8338,0.0800,-15.4914
2026-05-09T13:04:07.493,-5.7764,0.0800,-15.5279
2026-05-09T13:04:07.506,-5.7127,0.0800,-15.5720
2026-05-09T13:04:07.520,-5.6602,0.0800,-15.6111
2026-05-09T13:04:07.534,-5.6067,0.0800,-15.6524
2026-05-09T13:04:07.548,-5.5572,0.0800,-15.6963
2026-05-09T13:04:07.562,-5.5062,0.0800,-15.7455
2026-05-09T13:04:07.576,-5.4615,0.0800,-15.7965
2026-05-09T13:04:07.590,-5.4174,0.0800,-15.8539
2026-05-09T13:04:07.603,-5.3782,0.0800,-15.9106
2026-05-09T13:04:07.617,-5.3392,0.0800,-15.9673
2026-05-09T13:04:07.631,-5.3041,0.0800,-16.0251
2026-05-09T13:04:07.645,-5.2693,0.0800,-16.0860
2026-05-09T13:04:07.661,-5.2317,0.0800,-16.1490
2026-05-09T13:04:07.678,-5.2058,0.0800,-16.2118
2026-05-09T13:04:07.694,-5.1723,0.0800,-16.3050
2026-05-09T13:04:07.714,-5.1515,0.0800,-16.3759
2026-05-09T13:04:07.727,-5.1334,0.0800,-16.4578
2026-05-09T13:04:07.741,-5.1126,0.0800,-16.5489
2026-05-09T13:04:07.756,-5.1034,0.0800,-16.6148
2026-05-09T13:04:07.770,-5.0945,0.0800,-16.6918
2026-05-09T13:04:07.783,-5.0884,0.0800,-16.7620
2026-05-09T13:04:07.797,-5.0854,0.0800,-16.8308
2026-05-09T13:04:07.811,-5.0864,0.0800,-16.8986
2026-05-09T13:04:07.825,-5.0910,0.0800,-16.9978
2026-05-09T13:04:07.839,-5.0949,0.0800,-17.0642
2026-05-09T13:04:07.855,-5.0994,0.0800,-17.1371
2026-05-09T13:04:07.871,-5.1041,0.0800,-17.2046
2026-05-09T13:04:07.887,-5.1088,0.0800,-17.2725
2026-05-09T13:04:07.904,-5.1135,0.0800,-17.3413
2026-05-09T13:04:07.921,-5.1190,0.0800,-17.4202
2026-05-09T13:04:07.940,-5.1246,0.0800,-17.5011
2026-05-09T13:04:07.957,-5.1305,0.0800,-17.5859
2026-05-09T13:04:07.973,-5.1384,0.0800,-17.6990
2026-05-09T13:04:07.987,-5.1431,0.0800,-17.7643
2026-05-09T13:04:08.004,-5.1491,0.0800,-17.8499
2026-05-09T13:04:08.019,-5.1541,0.0800,-17.9172
2026-05-09T13:04:08.036,-5.1612,0.0800,-18.0008
2026-05-09T13:04:08.051,-5.1729,0.0800,-18.0749
2026-05-09T13:04:08.065,-5.1851,0.0800,-18.1424
2026-05-09T13:04:08.083,-5.1921,0.0800,-18.1734
2026-05-09T13:04:08.102,-5.1978,0.0800,-18.1949
2026-05-09T13:04:08.120,-5.1988,0.0800,-18.1984
2026-05-09T13:04:08.457,-5.2290,0.0800,-18.2122
2026-05-09T13:04:08.473,-5.2904,0.0800,-18.2392
2026-05-09T13:04:08.488,-5.3507,0.0800,-18.2668
2026-05-09T13:04:08.510,-5.4255,0.0800,-18.3041
2026-05-09T13:04:08.522,-5.4884,0.0800,-18.3366
2026-05-09T13:04:08.540,-5.5926,0.0800,-18.3935
2026-05-09T13:04:08.555,-5.6351,0.0800,-18.4179
2026-05-09T13:04:08.571,-5.7172,0.0800,-18.4676
2026-05-09T13:04:08.587,-5.7776,0.0800,-18.5100
2026-05-09T13:04:08.605,-5.8406,0.0800,-18.5570
2026-05-09T13:04:08.623,-5.8943,0.0800,-18.6143
2026-05-09T13:04:08.641,-5.9462,0.0800,-18.6782
2026-05-09T13:04:08.658,-5.9889,0.0800,-18.7399
2026-05-09T13:04:08.675,-6.0313,0.0800,-18.8056
2026-05-09T13:04:08.691,-6.0608,0.0800,-18.8608
2026-05-09T13:04:08.707,-6.0912,0.0800,-18.9202
2026-05-09T13:04:08.722,-6.1044,0.0800,-18.9481
2026-05-09T13:04:08.737,-6.1147,0.0800,-18.9703
2026-05-09T13:04:08.751,-6.1184,0.0800,-18.9782
2026-05-09T13:04:08.766,-6.1206,0.0800,-18.9714
2026-05-09T13:04:08.782,-6.1215,0.0800,-18.9647
2026-05-09T13:04:08.796,-6.1216,0.0800,-18.9590
2026-05-09T13:04:08.813,-6.1217,0.0800,-18.9565
2026-05-09T13:04:09.102,-6.1218,0.0800,-18.9547
2026-05-09T13:04:09.117,-6.1218,0.0800,-18.9512
2026-05-09T13:04:09.133,-6.1221,0.0800,-18.9414
2026-05-09T13:04:09.149,-6.1236,0.0800,-18.9226
2026-05-09T13:04:09.167,-6.1254,0.0800,-18.8866
2026-05-09T13:04:09.183,-6.1279,0.0800,-18.8519
2026-05-09T13:04:09.197,-6.1305,0.0800,-18.8063
2026-05-09T13:04:09.211,-6.1323,0.0800,-18.7631
2026-05-09T13:04:09.224,-6.1331,0.0800,-18.7237
2026-05-09T13:04:09.239,-6.1305,0.0800,-18.6815
2026-05-09T13:04:09.253,-6.1301,0.0800,-18.6442
2026-05-09T13:04:09.267,-6.1289,0.0800,-18.6007
2026-05-09T13:04:09.282,-6.1239,0.0800,-18.5592
2026-05-09T13:04:09.296,-6.1213,0.0800,-18.5175
2026-05-09T13:04:09.311,-6.1179,0.0800,-18.4753
2026-05-09T13:04:09.325,-6.1136,0.0800,-18.4324
2026-05-09T13:04:09.339,-6.1057,0.0800,-18.3916
2026-05-09T13:04:09.353,-6.1003,0.0800,-18.3512
2026-05-09T13:04:09.367,-6.0941,0.0800,-18.3110
2026-05-09T13:04:09.381,-6.0840,0.0800,-18.2693
2026-05-09T13:04:09.395,-6.0765,0.0800,-18.2296
2026-05-09T13:04:09.408,-6.0685,0.0800,-18.1906
2026-05-09T13:04:09.422,-6.0567,0.0800,-18.1514
2026-05-09T13:04:09.436,-6.0475,0.0800,-18.1136
2026-05-09T13:04:09.450,-6.0373,0.0800,-18.0741
2026-05-09T13:04:09.466,-6.0266,0.0800,-18.0357
2026-05-09T13:04:09.481,-6.0116,0.0800,-17.9953
2026-05-09T13:04:09.495,-5.9973,0.0800,-17.9504
2026-05-09T13:04:09.519,-5.9836,0.0800,-17.9098
2026-05-09T13:04:09.533,-5.9679,0.0800,-17.8664
2026-05-09T13:04:09.546,-5.9458,0.0800,-17.8088
2026-05-09T13:04:09.560,-5.9248,0.0800,-17.7696
2026-05-09T13:04:09.574,-5.9099,0.0800,-17.7353
2026-05-09T13:04:09.589,-5.8931,0.0800,-17.6984
2026-05-09T13:04:09.603,-5.8721,0.0800,-17.6611
2026-05-09T13:04:09.617,-5.8533,0.0800,-17.6235
2026-05-09T13:04:09.631,-5.8342,0.0800,-17.5869
2026-05-09T13:04:09.645,-5.8158,0.0800,-17.5532
2026-05-09T13:04:09.659,-5.7914,0.0800,-17.5157
2026-05-09T13:04:09.673,-5.7728,0.0800,-17.4842
2026-05-09T13:04:09.688,-5.7511,0.0800,-17.4489
2026-05-09T13:04:09.701,-5.7261,0.0800,-17.4152
2026-05-09T13:04:09.715,-5.7025,0.0800,-17.3797
2026-05-09T13:04:09.730,-5.6798,0.0800,-17.3467
2026-05-09T13:04:09.744,-5.6566,0.0800,-17.3143
2026-05-09T13:04:09.758,-5.6285,0.0800,-17.2813
2026-05-09T13:04:09.773,-5.6025,0.0800,-17.2477
2026-05-09T13:04:09.786,-5.5781,0.0800,-17.2172
2026-05-09T13:04:09.800,-5.5469,0.0800,-17.1840
2026-05-09T13:04:09.814,-5.5212,0.0800,-17.1543
2026-05-09T13:04:09.827,-5.4936,0.0800,-17.1234
2026-05-09T13:04:09.842,-5.4647,0.0800,-17.0966
2026-05-09T13:04:09.856,-5.4396,0.0800,-17.0703
2026-05-09T13:04:09.870,-5.4081,0.0800,-17.0385
2026-05-09T13:04:09.883,-5.3809,0.0800,-17.0120
2026-05-09T13:04:09.898,-5.3464,0.0800,-16.9833
2026-05-09T13:04:09.912,-5.3192,0.0800,-16.9586
2026-05-09T13:04:09.926,-5.2877,0.0800,-16.9310
2026-05-09T13:04:09.940,-5.2530,0.0800,-16.9056
2026-05-09T13:04:09.954,-5.2221,0.0800,-16.8805
2026-05-09T13:04:09.968,-5.1889,0.0800,-16.8543
2026-05-09T13:04:09.982,-5.1549,0.0800,-16.8325
2026-05-09T13:04:09.996,-5.1228,0.0800,-16.8091
2026-05-09T13:04:10.011,-5.0887,0.0800,-16.7850
2026-05-09T13:04:10.024,-5.0533,0.0800,-16.7611
2026-05-09T13:04:10.038,-5.0174,0.0800,-16.7415
2026-05-09T13:04:10.052,-4.9870,0.0800,-16.7224
2026-05-09T13:04:10.066,-4.9509,0.0800,-16.7006
2026-05-09T13:04:10.080,-4.9148,0.0800,-16.6833
2026-05-09T13:04:10.094,-4.8792,0.0800,-16.6635
2026-05-09T13:04:10.107,-4.8419,0.0800,-16.6435
2026-05-09T13:04:10.122,-4.8029,0.0800,-16.6271
2026-05-09T13:04:10.135,-4.7686,0.0800,-16.6104
2026-05-09T13:04:10.149,-4.7572,0.0800,-16.5928
2026-05-09T13:04:10.162,-4.7575,0.0800,-16.5771
2026-05-09T13:04:10.176,-4.7574,0.0800,-16.5641
2026-05-09T13:04:10.190,-4.7581,0.0800,-16.5505
2026-05-09T13:04:10.203,-4.7589,0.0800,-16.5352
2026-05-09T13:04:10.217,-4.7586,0.0800,-16.5246
2026-05-09T13:04:10.231,-4.7595,0.0800,-16.5111
2026-05-09T13:04:10.244,-4.7597,0.0800,-16.4994
2026-05-09T13:04:10.258,-4.7596,0.0800,-16.4906
2026-05-09T13:04:10.272,-4.7603,0.0800,-16.4799
2026-05-09T13:04:10.285,-4.7607,0.0800,-16.4697
2026-05-09T13:04:10.299,-4.7606,0.0800,-16.4632
2026-05-09T13:04:10.313,-4.7609,0.0800,-16.4556
2026-05-09T13:04:10.326,-4.7615,0.0800,-16.4471
2026-05-09T13:04:10.340,-4.7610,0.0800,-16.4440
2026-05-09T13:04:10.354,-4.7626,0.0800,-16.4366
2026-05-09T13:04:10.368,-4.7619,0.0800,-16.4331
2026-05-09T13:04:10.382,-4.7619,0.0800,-16.4298
2026-05-09T13:04:10.397,-4.7619,0.0800,-16.4296
2026-05-09T13:04:10.415,-4.7620,0.0800,-16.4262
2026-05-09T13:04:10.435,-4.7621,0.0800,-16.4224
2026-05-09T13:04:10.456,-4.7620,0.0800,-16.4187
2026-05-09T13:04:10.481,-4.7714,0.0800,-16.4124
2026-05-09T13:04:10.506,-4.8000,0.0800,-16.4070
2026-05-09T13:04:10.524,-4.8818,0.0800,-16.3937
2026-05-09T13:04:10.542,-4.9888,0.0800,-16.3756
2026-05-09T13:04:10.561,-5.0700,0.0800,-16.3609
2026-05-09T13:04:10.582,-5.1524,0.0800,-16.3452
2026-05-09T13:04:10.603,-5.2405,0.0800,-16.3277
2026-05-09T13:04:10.621,-5.3407,0.0800,-16.3067
2026-05-09T13:04:10.639,-5.4436,0.0800,-16.2840
2026-05-09T13:04:10.658,-5.5224,0.0800,-16.2658
2026-05-09T13:04:10.679,-5.6090,0.0800,-16.2449
2026-05-09T13:04:10.701,-5.6927,0.0800,-16.2239
2026-05-09T13:04:10.719,-5.7948,0.0800,-16.1973
2026-05-09T13:04:10.738,-5.8945,0.0800,-16.1702
2026-05-09T13:04:10.757,-5.9788,0.0800,-16.1463
2026-05-09T13:04:10.776,-6.0640,0.0800,-16.1213
2026-05-09T13:04:10.795,-6.1487,0.0800,-16.0957
2026-05-09T13:04:10.812,-6.2408,0.0800,-16.0669
2026-05-09T13:04:10.828,-6.3254,0.0800,-16.0396
2026-05-09T13:04:10.846,-6.3985,0.0800,-16.0168
2026-05-09T13:04:10.866,-6.4870,0.0800,-15.9866
2026-05-09T13:04:10.885,-6.5585,0.0800,-15.9615
2026-05-09T13:04:10.905,-6.6454,0.0800,-15.9303
2026-05-09T13:04:10.924,-6.7326,0.0800,-15.8981
2026-05-09T13:04:10.941,-6.8219,0.0800,-15.8641
2026-05-09T13:04:10.958,-6.9073,0.0800,-15.8308
2026-05-09T13:04:10.976,-6.9890,0.0800,-15.7980
2026-05-09T13:04:10.994,-7.0560,0.0800,-15.7703
2026-05-09T13:04:11.010,-7.0762,0.0800,-15.7612
2026-05-09T13:04:11.027,-7.0842,0.0800,-15.7589
2026-05-09T13:04:11.045,-7.0895,0.0800,-15.7568
2026-05-09T13:04:11.063,-7.0934,0.0800,-15.7551
2026-05-09T13:04:11.080,-7.0978,0.0800,-15.7534
2026-05-09T13:04:11.096,-7.1031,0.0800,-15.7512
2026-05-09T13:04:11.114,-7.1109,0.0800,-15.7467
2026-05-09T13:04:11.130,-7.1248,0.0800,-15.7387
2026-05-09T13:04:11.148,-7.1458,0.0800,-15.7290
2026-05-09T13:04:11.166,-7.1744,0.0800,-15.7127
2026-05-09T13:04:11.184,-7.2056,0.0800,-15.6942
2026-05-09T13:04:11.202,-7.2376,0.0800,-15.6743
2026-05-09T13:04:11.221,-7.2663,0.0800,-15.6551
2026-05-09T13:04:11.238,-7.2915,0.0800,-15.6363
2026-05-09T13:04:11.256,-7.3121,0.0800,-15.6198
2026-05-09T13:04:11.274,-7.3312,0.0800,-15.6037
2026-05-09T13:04:11.293,-7.3502,0.0800,-15.5869
2026-05-09T13:04:11.311,-7.3710,0.0800,-15.5675
2026-05-09T13:04:11.330,-7.3890,0.0800,-15.5550
2026-05-09T13:04:11.349,-7.4079,0.0800,-15.5357
2026-05-09T13:04:11.367,-7.4266,0.0800,-15.5156
2026-05-09T13:04:11.388,-7.4448,0.0800,-15.4950
2026-05-09T13:04:11.410,-7.4617,0.0800,-15.4749
2026-05-09T13:04:11.431,-7.4832,0.0800,-15.4488
2026-05-09T13:04:11.453,-7.5046,0.0800,-15.4216
2026-05-09T13:04:11.476,-7.5277,0.0800,-15.3914
2026-05-09T13:04:11.501,-7.5522,0.0800,-15.3580
2026-05-09T13:04:11.523,-7.5759,0.0800,-15.3255
2026-05-09T13:04:11.545,-7.5926,0.0800,-15.3055
2026-05-09T13:04:11.566,-7.6049,0.0800,-15.2906
2026-05-09T13:04:11.587,-7.6127,0.0800,-15.2812
2026-05-09T13:04:11.608,-7.6202,0.0800,-15.2721
2026-05-09T13:04:11.627,-7.6280,0.0800,-15.2628
2026-05-09T13:04:11.647,-7.6391,0.0800,-15.2495
2026-05-09T13:04:11.668,-7.6499,0.0800,-15.2364
2026-05-09T13:04:11.689,-7.6669,0.0800,-15.2160
2026-05-09T13:04:11.714,-7.6923,0.0800,-15.1872
2026-05-09T13:04:11.739,-7.7211,0.0800,-15.1552
2026-05-09T13:04:11.764,-7.7664,0.0800,-15.1060
2026-05-09T13:04:11.788,-7.8315,0.0800,-15.0387
2026-05-09T13:04:11.808,-7.8934,0.0800,-14.9784
2026-05-09T13:04:11.827,-7.9567,0.0800,-14.9201
2026-05-09T13:04:11.846,-8.0050,0.0800,-14.8783
2026-05-09T13:04:11.865,-8.0552,0.0800,-14.8366
2026-05-09T13:04:11.884,-8.1058,0.0800,-14.7964
2026-05-09T13:04:11.903,-8.1565,0.0800,-14.7579
2026-05-09T13:04:11.923,-8.2075,0.0800,-14.7209
2026-05-09T13:04:11.942,-8.2585,0.0800,-14.6854
2026-05-09T13:04:11.961,-8.3150,0.0800,-14.6478
2026-05-09T13:04:11.980,-8.3751,0.0800,-14.6097
2026-05-09T13:04:11.999,-8.4258,0.0800,-14.5793
2026-05-09T13:04:12.016,-8.4791,0.0800,-14.5487
2026-05-09T13:04:12.034,-8.5381,0.0800,-14.5165
2026-05-09T13:04:12.049,-8.5870,0.0800,-14.4912
2026-05-09T13:04:12.066,-8.6401,0.0800,-14.4614
2026-05-09T13:04:12.084,-8.6872,0.0800,-14.4393
2026-05-09T13:04:12.103,-8.7407,0.0800,-14.4151
2026-05-09T13:04:12.121,-8.8006,0.0800,-14.3891
2026-05-09T13:04:12.139,-8.8322,0.0800,-14.3758
2026-05-09T13:04:12.158,-8.8435,0.0800,-14.3706
2026-05-09T13:04:12.176,-8.8500,0.0800,-14.3677
2026-05-09T13:04:12.470,-8.8524,0.0800,-14.3666
2026-05-09T13:04:12.490,-8.8605,0.0800,-14.3610
2026-05-09T13:04:12.509,-8.8715,0.0800,-14.3534
2026-05-09T13:04:12.526,-8.8909,0.0800,-14.3397
2026-05-09T13:04:12.544,-8.9120,0.0800,-14.3238
2026-05-09T13:04:12.560,-8.9277,0.0800,-14.3114
2026-05-09T13:04:12.577,-8.9446,0.0800,-14.2974
2026-05-09T13:04:12.595,-8.9602,0.0800,-14.2842
2026-05-09T13:04:12.611,-8.9777,0.0800,-14.2687
2026-05-09T13:04:12.629,-8.9945,0.0800,-14.2576
2026-05-09T13:04:12.649,-9.0116,0.0800,-14.2411
2026-05-09T13:04:12.667,-9.0274,0.0800,-14.2252
2026-05-09T13:04:12.685,-9.0453,0.0800,-14.2064
2026-05-09T13:04:12.702,-9.0576,0.0800,-14.1929
2026-05-09T13:04:12.719,-9.0635,0.0800,-14.1864
2026-05-09T13:04:12.736,-9.0662,0.0800,-14.1841
2026-05-09T13:04:12.755,-9.0683,0.0800,-14.1823
2026-05-09T13:04:12.774,-9.0699,0.0800,-14.1810
2026-05-09T13:04:12.793,-9.0714,0.0800,-14.1797
2026-05-09T13:04:12.811,-9.0728,0.0800,-14.1784
2026-05-09T13:04:12.829,-9.0741,0.0800,-14.1774
2026-05-09T13:04:12.884,-9.0712,0.0800,-14.1781
2026-05-09T13:04:12.902,-9.0643,0.0800,-14.1804
2026-05-09T13:04:12.920,-9.0561,0.0800,-14.1828
2026-05-09T13:04:12.938,-9.0472,0.0800,-14.1857
2026-05-09T13:04:12.955,-9.0384,0.0800,-14.1888
2026-05-09T13:04:12.973,-9.0294,0.0800,-14.1921
2026-05-09T13:04:12.990,-9.0213,0.0800,-14.1952
2026-05-09T13:04:13.009,-9.0138,0.0800,-14.2032
2026-05-09T13:04:13.027,-9.0055,0.0800,-14.2066
2026-05-09T13:04:13.047,-8.9963,0.0800,-14.2105
2026-05-09T13:04:13.066,-8.9884,0.0800,-14.2141
2026-05-09T13:04:13.085,-8.9795,0.0800,-14.2184
2026-05-09T13:04:13.104,-8.9707,0.0800,-14.2229
2026-05-09T13:04:13.122,-8.9627,0.0800,-14.2271
2026-05-09T13:04:13.140,-8.9548,0.0800,-14.2316
2026-05-09T13:04:13.158,-8.9475,0.0800,-14.2360
2026-05-09T13:04:13.178,-8.9402,0.0800,-14.2405
2026-05-09T13:04:13.199,-8.9339,0.0800,-14.2438
2026-05-09T13:04:13.222,-8.9272,0.0800,-14.2471
2026-05-09T13:04:13.246,-8.9206,0.0800,-14.2502
2026-05-09T13:04:13.266,-8.9136,0.0800,-14.2529
2026-05-09T13:04:13.284,-8.9071,0.0800,-14.2541
2026-05-09T13:04:13.302,-8.9022,0.0800,-14.2542
2026-05-09T13:04:13.323,-8.8988,0.0800,-14.2519
2026-05-09T13:04:13.344,-8.8952,0.0800,-14.2482
2026-05-09T13:04:13.368,-8.8932,0.0800,-14.2361
2026-05-09T13:04:13.390,-8.8917,0.0800,-14.2170
2026-05-09T13:04:13.412,-8.8912,0.0800,-14.1871
2026-05-09T13:04:13.431,-8.8925,0.0800,-14.1432
2026-05-09T13:04:13.449,-8.8933,0.0800,-14.0879
2026-05-09T13:04:13.467,-8.8933,0.0800,-14.0440
2026-05-09T13:04:13.489,-8.8937,0.0800,-13.9720
2026-05-09T13:04:13.513,-8.8934,0.0800,-13.8867
2026-05-09T13:04:13.536,-8.8921,0.0800,-13.7941
2026-05-09T13:04:13.557,-8.8895,0.0800,-13.6830
2026-05-09T13:04:13.578,-8.8857,0.0800,-13.5651
2026-05-09T13:04:13.597,-8.8816,0.0800,-13.4698
2026-05-09T13:04:13.617,-8.8762,0.0800,-13.3677
2026-05-09T13:04:13.637,-8.8705,0.0800,-13.2753
2026-05-09T13:04:13.659,-8.8642,0.0800,-13.1843
2026-05-09T13:04:13.682,-8.8565,0.0800,-13.0853
2026-05-09T13:04:13.705,-8.8472,0.0800,-12.9779
2026-05-09T13:04:13.725,-8.8366,0.0800,-12.8677
2026-05-09T13:04:13.745,-8.8237,0.0800,-12.7465
2026-05-09T13:04:13.764,-8.8135,0.0800,-12.6594
2026-05-09T13:04:13.785,-8.8013,0.0800,-12.5623
2026-05-09T13:04:13.805,-8.7892,0.0800,-12.4720
2026-05-09T13:04:13.827,-8.7746,0.0800,-12.3692
2026-05-09T13:04:13.845,-8.7597,0.0800,-12.2705
2026-05-09T13:04:13.864,-8.7440,0.0800,-12.1728
2026-05-09T13:04:13.883,-8.7281,0.0800,-12.0790
2026-05-09T13:04:13.903,-8.7127,0.0800,-11.9924
2026-05-09T13:04:13.922,-8.6958,0.0800,-11.9015
2026-05-09T13:04:13.941,-8.6777,0.0800,-11.8080
2026-05-09T13:04:13.959,-8.6589,0.0800,-11.7154
2026-05-09T13:04:13.977,-8.6388,0.0800,-11.6205
2026-05-09T13:04:13.993,-8.6217,0.0800,-11.5426
2026-05-09T13:04:14.012,-8.6021,0.0800,-11.4560
2026-05-09T13:04:14.031,-8.5862,0.0800,-11.3823
2026-05-09T13:04:14.053,-8.5665,0.0800,-11.2907
2026-05-09T13:04:14.074,-8.5665,0.0800,-11.1962
2026-05-09T13:04:14.098,-8.5665,0.0800,-11.0868
2026-05-09T13:04:14.116,-8.5665,0.0800,-10.9807
2026-05-09T13:04:14.135,-8.5679,0.0800,-10.8732
2026-05-09T13:04:14.152,-8.5689,0.0800,-10.7928
2026-05-09T13:04:14.168,-8.5687,0.0800,-10.6872
2026-05-09T13:04:14.185,-8.5670,0.0800,-10.6277
2026-05-09T13:04:14.206,-8.5669,0.0800,-10.5540
2026-05-09T13:04:14.227,-8.5664,0.0800,-10.4784
2026-05-09T13:04:14.251,-8.5662,0.0800,-10.3776
2026-05-09T13:04:14.271,-8.5650,0.0800,-10.2853
2026-05-09T13:04:14.291,-8.5644,0.0800,-10.1781
2026-05-09T13:04:14.309,-8.5631,0.0800,-10.0893
2026-05-09T13:04:14.325,-8.5620,0.0800,-10.0037
2026-05-09T13:04:14.341,-8.5608,0.0800,-9.9229
2026-05-09T13:04:14.357,-8.5594,0.0800,-9.8557
2026-05-09T13:04:14.376,-8.5590,0.0800,-9.7704
2026-05-09T13:04:14.393,-8.5572,0.0800,-9.7103
2026-05-09T13:04:14.413,-8.5570,0.0800,-9.6300
2026-05-09T13:04:14.434,-8.5556,0.0800,-9.5535
2026-05-09T13:04:14.450,-8.5549,0.0800,-9.5081
2026-05-09T13:04:14.466,-8.5541,0.0800,-9.4809
2026-05-09T13:04:14.484,-8.5538,0.0800,-9.4731
2026-05-09T13:04:14.501,-8.5537,0.0800,-9.4673
2026-05-09T13:04:14.519,-8.5536,0.0800,-9.4647
2026-05-09T13:04:14.536,-8.5536,0.0800,-9.4634
2026-05-09T13:04:14.552,-8.5535,0.0800,-9.4610
2026-05-09T13:04:14.568,-8.5534,0.0800,-9.4570
2026-05-09T13:04:14.585,-8.5532,0.0800,-9.4533
2026-05-09T13:04:14.602,-8.5530,0.0800,-9.4462
2026-05-09T13:04:14.622,-8.5527,0.0800,-9.4374
2026-05-09T13:04:14.641,-8.5525,0.0800,-9.4225
2026-05-09T13:04:14.661,-8.5514,0.0800,-9.4028
2026-05-09T13:04:14.677,-8.5492,0.0800,-9.3759
2026-05-09T13:04:14.693,-8.6252,0.0800,-9.3428
2026-05-09T13:04:14.710,-8.6201,0.0800,-9.3143
2026-05-09T13:04:14.726,-8.6179,0.0800,-9.2891
2026-05-09T13:04:14.743,-8.6116,0.0800,-9.2612
2026-05-09T13:04:14.760,-8.6048,0.0800,-9.2331
2026-05-09T13:04:14.780,-8.5968,0.0800,-9.2032
2026-05-09T13:04:14.799,-8.5882,0.0800,-9.1735
2026-05-09T13:04:14.815,-8.5776,0.0800,-9.1402
2026-05-09T13:04:14.832,-8.5658,0.0800,-9.1060
2026-05-09T13:04:14.848,-8.5623,0.0800,-9.0806
2026-05-09T13:04:14.864,-8.5623,0.0800,-9.0567
2026-05-09T13:04:14.882,-8.5586,0.0800,-9.0307
2026-05-09T13:04:14.899,-8.5547,0.0800,-9.0046
2026-05-09T13:04:14.916,-8.5507,0.0800,-8.9778
2026-05-09T13:04:14.934,-8.5465,0.0800,-8.9504
2026-05-09T13:04:14.952,-8.6161,0.0800,-8.9240
2026-05-09T13:04:14.970,-8.6012,0.0800,-8.8971
2026-05-09T13:04:14.987,-8.5904,0.0800,-8.8722
2026-05-09T13:04:15.004,-8.5789,0.0800,-8.8448
2026-05-09T13:04:15.019,-8.5749,0.0800,-8.8215
2026-05-09T13:04:15.035,-8.5709,0.0800,-8.7983
2026-05-09T13:04:15.054,-8.5672,0.0800,-8.7774
2026-05-09T13:04:15.074,-8.5623,0.0800,-8.7512
2026-05-09T13:04:15.094,-8.5610,0.0800,-8.7295
2026-05-09T13:04:15.113,-8.5521,0.0800,-8.7017
2026-05-09T13:04:15.132,-8.5415,0.0800,-8.6740
2026-05-09T13:04:15.151,-8.5295,0.0800,-8.6474
2026-05-09T13:04:15.170,-8.5834,0.0800,-8.5944
2026-05-09T13:04:15.187,-8.5625,0.0800,-8.5736
2026-05-09T13:04:15.204,-8.5395,0.0800,-8.5517
2026-05-09T13:04:15.221,-8.5202,0.0800,-8.5341
2026-05-09T13:04:15.238,-8.4992,0.0800,-8.5159
2026-05-09T13:04:15.253,-8.4778,0.0800,-8.4981
2026-05-09T13:04:15.269,-8.4557,0.0800,-8.4805
2026-05-09T13:04:15.284,-8.4403,0.0800,-8.4648
2026-05-09T13:04:15.302,-8.4195,0.0800,-8.4496
2026-05-09T13:04:15.322,-8.3994,0.0800,-8.4355
2026-05-09T13:04:15.339,-8.3744,0.0800,-8.4186
2026-05-09T13:04:15.357,-8.3478,0.0800,-8.4017
2026-05-09T13:04:15.375,-8.3227,0.0800,-8.3865
2026-05-09T13:04:15.391,-8.2963,0.0800,-8.3712
2026-05-09T13:04:15.406,-8.2695,0.0800,-8.3563
2026-05-09T13:04:15.421,-8.2507,0.0800,-8.3426
2026-05-09T13:04:15.436,-8.2236,0.0800,-8.3282
2026-05-09T13:04:15.450,-8.1957,0.0800,-8.3139
2026-05-09T13:04:15.465,-8.1660,0.0800,-8.2991
2026-05-09T13:04:15.484,-8.1406,0.0800,-8.2839
2026-05-09T13:04:15.503,-8.1160,0.0800,-8.2660
2026-05-09T13:04:15.519,-8.1130,0.0800,-8.2501
2026-05-09T13:04:15.535,-8.1088,0.0800,-8.2296
2026-05-09T13:04:15.550,-8.1047,0.0800,-8.2071
2026-05-09T13:04:15.564,-8.0966,0.0800,-8.1764
2026-05-09T13:04:15.581,-8.0829,0.0800,-8.1409
2026-05-09T13:04:15.597,-8.0622,0.0800,-8.1036
2026-05-09T13:04:15.614,-8.0283,0.0800,-8.0654
2026-05-09T13:04:15.631,-7.9773,0.0800,-8.0256
2026-05-09T13:04:15.650,-7.9067,0.0800,-7.9875
2026-05-09T13:04:15.668,-7.8366,0.0800,-7.9484
2026-05-09T13:04:15.685,-7.7636,0.0800,-7.9067
2026-05-09T13:04:15.702,-7.6943,0.0800,-7.8659
2026-05-09T13:04:15.716,-7.6311,0.0800,-7.8276
2026-05-09T13:04:15.732,-7.5617,0.0800,-7.7845
2026-05-09T13:04:15.748,-7.5094,0.0800,-7.7512
2026-05-09T13:04:15.766,-7.4412,0.0800,-7.7086
2026-05-09T13:04:15.782,-7.3923,0.0800,-7.6760
2026-05-09T13:04:15.800,-7.3259,0.0800,-7.6308
2026-05-09T13:04:15.816,-7.2651,0.0800,-7.5884
2026-05-09T13:04:15.832,-7.1951,0.0800,-7.5383
2026-05-09T13:04:15.848,-7.1421,0.0800,-7.4994
2026-05-09T13:04:15.864,-7.0780,0.0800,-7.4534
2026-05-09T13:04:15.880,-7.0285,0.0800,-7.4155
2026-05-09T13:04:15.896,-6.9712,0.0800,-7.3708
2026-05-09T13:04:15.915,-6.9149,0.0800,-7.3259
2026-05-09T13:04:15.934,-6.8448,0.0800,-7.2688
2026-05-09T13:04:15.949,-6.8008,0.0800,-7.2320
2026-05-09T13:04:15.964,-6.7497,0.0800,-7.1887
2026-05-09T13:04:15.981,-6.7127,0.0800,-7.1587
2026-05-09T13:04:16.000,-6.6675,0.0800,-7.1191
2026-05-09T13:04:16.018,-6.6356,0.0800,-7.0907
2026-05-09T13:04:16.036,-6.5942,0.0800,-7.0534
2026-05-09T13:04:16.052,-6.5566,0.0800,-7.0190
2026-05-09T13:04:16.068,-6.5151,0.0800,-6.9807
2026-05-09T13:04:16.086,-6.4714,0.0800,-6.9412
2026-05-09T13:04:16.103,-6.4251,0.0800,-6.8969
2026-05-09T13:04:16.120,-6.3673,0.0800,-6.8408
2026-05-09T13:04:16.138,-6.3139,0.0800,-6.7874
2026-05-09T13:04:16.154,-6.2608,0.0800,-6.7331
2026-05-09T13:04:16.170,-6.2006,0.0800,-6.6701
2026-05-09T13:04:16.186,-6.1558,0.0800,-6.6251
2026-05-09T13:04:16.203,-6.1086,0.0800,-6.5734
2026-05-09T13:04:16.221,-6.0617,0.0800,-6.5206
2026-05-09T13:04:16.239,-6.0109,0.0800,-6.4623
2026-05-09T13:04:16.257,-5.9604,0.0800,-6.4028
2026-05-09T13:04:16.275,-5.9100,0.0800,-6.3419
2026-05-09T13:04:16.291,-5.8610,0.0800,-6.2811
2026-05-09T13:04:16.307,-5.8099,0.0800,-6.2160
2026-05-09T13:04:16.322,-5.7671,0.0800,-6.1636
2026-05-09T13:04:16.339,-5.7240,0.0800,-6.1063
2026-05-09T13:04:16.355,-5.6827,0.0800,-6.0502
2026-05-09T13:04:16.373,-5.6501,0.0800,-6.0050
2026-05-09T13:04:16.391,-5.6212,0.0800,-5.9643
2026-05-09T13:04:16.410,-5.5911,0.0800,-5.9233
2026-05-09T13:04:16.425,-5.5721,0.0800,-5.8970
2026-05-09T13:04:16.441,-5.5588,0.0800,-5.8786
2026-05-09T13:04:16.458,-5.5504,0.0800,-5.8669
2026-05-09T13:04:16.476,-5.5425,0.0800,-5.8560
2026-05-09T13:04:16.492,-5.5377,0.0800,-5.8495
2026-05-09T13:04:16.510,-5.5340,0.0800,-5.8443
2026-05-09T13:04:16.642,-5.5323,0.0800,-5.8420
2026-05-09T13:04:16.658,-5.5298,0.0800,-5.8385
2026-05-09T13:04:16.675,-5.5229,0.0800,-5.8290
2026-05-09T13:04:16.693,-5.5104,0.0800,-5.8117
2026-05-09T13:04:16.710,-5.4882,0.0800,-5.7810
2026-05-09T13:04:16.727,-5.4616,0.0800,-5.7424
2026-05-09T13:04:16.744,-5.4274,0.0800,-5.6916
2026-05-09T13:04:16.761,-5.3876,0.0800,-5.6312
2026-05-09T13:04:16.778,-5.3468,0.0800,-5.5672
2026-05-09T13:04:16.793,-5.3112,0.0800,-5.5095
2026-05-09T13:04:16.809,-5.2747,0.0800,-5.4485
2026-05-09T13:04:16.826,-5.2406,0.0800,-5.3941
2026-05-09T13:04:16.843,-5.2055,0.0800,-5.3317
2026-05-09T13:04:16.861,-5.1748,0.0800,-5.2751
2026-05-09T13:04:16.879,-5.1393,0.0800,-5.2075
2026-05-09T13:04:16.896,-5.1078,0.0800,-5.1451
2026-05-09T13:04:16.913,-5.0751,0.0800,-5.0777
2026-05-09T13:04:16.930,-5.0470,0.0800,-5.0171
2026-05-09T13:04:16.948,-5.0152,0.0800,-4.9519
2026-05-09T13:04:16.963,-4.9898,0.0800,-4.8926
2026-05-09T13:04:16.980,-4.9623,0.0800,-4.8256
2026-05-09T13:04:16.996,-4.9392,0.0800,-4.7665
2026-05-09T13:04:17.014,-4.9163,0.0800,-4.7054
2026-05-09T13:04:17.031,-4.8934,0.0800,-4.6416
2026-05-09T13:04:17.048,-4.8687,0.0800,-4.5767
2026-05-09T13:04:17.065,-4.8484,0.0800,-4.5138
2026-05-09T13:04:17.082,-4.8294,0.0800,-4.4509
2026-05-09T13:04:17.098,-4.8103,0.0800,-4.3834
2026-05-09T13:04:17.114,-4.7952,0.0800,-4.3257
2026-05-09T13:04:17.129,-4.7811,0.0800,-4.2675
2026-05-09T13:04:17.146,-4.7659,0.0800,-4.2119
2026-05-09T13:04:17.162,-4.7545,0.0800,-4.1566
2026-05-09T13:04:17.179,-4.7439,0.0800,-4.0991
2026-05-09T13:04:17.196,-4.7342,0.0800,-4.0395
2026-05-09T13:04:17.214,-4.7273,0.0800,-3.9901
2026-05-09T13:04:17.231,-4.7207,0.0800,-3.9353
2026-05-09T13:04:17.250,-4.7120,0.0800,-3.8790
2026-05-09T13:04:17.268,-4.7079,0.0800,-3.8236
2026-05-09T13:04:17.286,-4.7052,0.0800,-3.7692
2026-05-09T13:04:17.304,-4.7040,0.0800,-3.7156
2026-05-09T13:04:17.321,-4.7041,0.0800,-3.6674
2026-05-09T13:04:17.339,-4.7054,0.0800,-3.6153
2026-05-09T13:04:17.354,-4.7077,0.0800,-3.5683
2026-05-09T13:04:17.369,-4.7113,0.0800,-3.5209
2026-05-09T13:04:17.387,-4.7116,0.0800,-3.4793
2026-05-09T13:04:17.405,-4.7174,0.0800,-3.4312
2026-05-09T13:04:17.422,-4.7230,0.0800,-3.3926
2026-05-09T13:04:17.441,-4.7304,0.0800,-3.3487
2026-05-09T13:04:17.457,-4.7387,0.0800,-3.3057
2026-05-09T13:04:17.474,-4.7495,0.0800,-3.2558
2026-05-09T13:04:17.489,-4.7589,0.0800,-3.2175
2026-05-09T13:04:17.507,-4.7670,0.0800,-3.1736
2026-05-09T13:04:17.524,-4.7775,0.0800,-3.1374
2026-05-09T13:04:17.542,-4.7909,0.0800,-3.0947
2026-05-09T13:04:17.559,-4.8052,0.0800,-3.0527
2026-05-09T13:04:17.578,-4.8206,0.0800,-3.0109
2026-05-09T13:04:17.596,-4.8359,0.0800,-2.9719
2026-05-09T13:04:17.614,-4.8547,0.0800,-2.9275
2026-05-09T13:04:17.631,-4.8734,0.0800,-2.8862
2026-05-09T13:04:17.648,-4.8890,0.0800,-2.8445
2026-05-09T13:04:17.665,-4.9092,0.0800,-2.8050
2026-05-09T13:04:17.682,-4.9281,0.0800,-2.7703
2026-05-09T13:04:17.698,-4.9485,0.0800,-2.7346
2026-05-09T13:04:17.714,-4.9701,0.0800,-2.6988
2026-05-09T13:04:17.729,-4.9926,0.0800,-2.6632
2026-05-09T13:04:17.747,-5.0108,0.0800,-2.6290
2026-05-09T13:04:17.765,-5.0326,0.0800,-2.5977
2026-05-09T13:04:17.784,-5.0585,0.0800,-2.5620
2026-05-09T13:04:17.801,-5.0855,0.0800,-2.5267
2026-05-09T13:04:17.818,-5.1137,0.0800,-2.4917
2026-05-09T13:04:17.835,-5.1451,0.0800,-2.4546
2026-05-09T13:04:17.851,-5.1698,0.0800,-2.4270
2026-05-09T13:04:17.865,-5.1989,0.0800,-2.3957
2026-05-09T13:04:17.881,-5.2227,0.0800,-2.3656
2026-05-09T13:04:17.897,-5.2487,0.0800,-2.3401
2026-05-09T13:04:17.916,-5.2761,0.0800,-2.3141
2026-05-09T13:04:17.935,-5.3102,0.0800,-2.2832
2026-05-09T13:04:17.951,-5.3412,0.0800,-2.2565
2026-05-09T13:04:17.966,-5.3779,0.0800,-2.2263
2026-05-09T13:04:17.983,-5.4055,0.0800,-2.1991
2026-05-09T13:04:17.999,-5.4414,0.0800,-2.1723
2026-05-09T13:04:18.015,-5.4693,0.0800,-2.1525
2026-05-09T13:04:18.029,-5.5038,0.0800,-2.1289
2026-05-09T13:04:18.044,-5.5332,0.0800,-2.1053
2026-05-09T13:04:18.059,-5.5635,0.0800,-2.0864
2026-05-09T13:04:18.075,-5.5954,0.0800,-2.0675
2026-05-09T13:04:18.090,-5.6260,0.0800,-2.0501
2026-05-09T13:04:18.105,-5.6615,0.0800,-2.0309
2026-05-09T13:04:18.120,-5.6937,0.0800,-2.0101
2026-05-09T13:04:18.135,-5.7272,0.0800,-1.9938
2026-05-09T13:04:18.149,-5.7648,0.0800,-1.9764
2026-05-09T13:04:18.163,-5.7944,0.0800,-1.9635
2026-05-09T13:04:18.186,-5.8262,0.0800,-1.9471
2026-05-09T13:04:18.201,-5.8593,0.0800,-1.9341
2026-05-09T13:04:18.215,-5.9087,0.0800,-1.9158
2026-05-09T13:04:18.228,-5.9467,0.0800,-1.9030
2026-05-09T13:04:18.242,-5.9770,0.0800,-1.8896
2026-05-09T13:04:18.256,-6.0092,0.0800,-1.8802
2026-05-09T13:04:18.270,-6.0420,0.0800,-1.8712
2026-05-09T13:04:18.283,-6.0745,0.0800,-1.8629
2026-05-09T13:04:18.298,-6.1083,0.0800,-1.8518
2026-05-09T13:04:18.312,-6.1407,0.0800,-1.8448
2026-05-09T13:04:18.325,-6.1784,0.0800,-1.8374
2026-05-09T13:04:18.340,-6.2112,0.0800,-1.8280
2026-05-09T13:04:18.354,-6.2422,0.0800,-1.8232
2026-05-09T13:04:18.366,-6.2786,0.0800,-1.8181
2026-05-09T13:04:18.381,-6.3145,0.0800,-1.8104
2026-05-09T13:04:18.396,-6.3443,0.0800,-1.8074
2026-05-09T13:04:18.409,-6.3807,0.0800,-1.8045
2026-05-09T13:04:18.424,-6.4167,0.0800,-1.8022
2026-05-09T13:04:18.438,-6.4506,0.0800,-1.7974
2026-05-09T13:04:18.452,-6.4859,0.0800,-1.7966
2026-05-09T13:04:18.466,-6.5212,0.0800,-1.7964
2026-05-09T13:04:18.480,-6.5575,0.0800,-1.7937
2026-05-09T13:04:18.493,-6.5930,0.0800,-1.7948
2026-05-09T13:04:18.507,-6.6263,0.0800,-1.7966
2026-05-09T13:04:18.522,-6.6595,0.0800,-1.7959
2026-05-09T13:04:18.536,-6.6980,0.0800,-1.7993
2026-05-09T13:04:18.550,-6.7311,0.0800,-1.8029
2026-05-09T13:04:18.563,-6.7649,0.0800,-1.8073
2026-05-09T13:04:18.578,-6.8000,0.0800,-1.8093
2026-05-09T13:04:18.593,-6.8335,0.0800,-1.8148
2026-05-09T13:04:18.605,-6.8683,0.0800,-1.8213
2026-05-09T13:04:18.620,-6.9057,0.0800,-1.8256
2026-05-09T13:04:18.633,-6.9370,0.0800,-1.8327
2026-05-09T13:04:18.647,-6.9738,0.0800,-1.8417
2026-05-09T13:04:18.661,-7.0066,0.0800,-1.8468
2026-05-09T13:04:18.675,-7.0390,0.0800,-1.8559
2026-05-09T13:04:18.689,-7.0731,0.0800,-1.8661
2026-05-09T13:04:18.703,-7.1106,0.0800,-1.8780
2026-05-09T13:04:18.717,-7.1444,0.0800,-1.8858
2026-05-09T13:04:18.731,-7.1819,0.0800,-1.8991
2026-05-09T13:04:18.745,-7.2157,0.0800,-1.9118
2026-05-09T13:04:18.759,-7.2545,0.0800,-1.9239
2026-05-09T13:04:18.773,-7.2908,0.0800,-1.9388
2026-05-09T13:04:18.787,-7.3280,0.0800,-1.9547
2026-05-09T13:04:18.801,-7.3736,0.0800,-1.9713
2026-05-09T13:04:18.815,-7.4169,0.0800,-1.9904
2026-05-09T13:04:18.829,-7.4721,0.0800,-2.0152
2026-05-09T13:04:18.842,-7.5062,0.0800,-2.0305
2026-05-09T13:04:18.857,-7.5435,0.0800,-2.0464
2026-05-09T13:04:18.871,-7.5742,0.0800,-2.0605
2026-05-09T13:04:18.885,-7.6016,0.0800,-2.0725
2026-05-09T13:04:18.899,-7.6272,0.0800,-2.0837
2026-05-09T13:04:18.913,-7.6556,0.0800,-2.0962
2026-05-09T13:04:18.927,-7.6873,0.0800,-2.1101
2026-05-09T13:04:18.940,-7.7211,0.0800,-2.1248
2026-05-09T13:04:18.954,-7.7622,0.0800,-2.1418
2026-05-09T13:04:18.967,-7.8125,0.0800,-2.1620
2026-05-09T13:04:18.982,-7.8660,0.0800,-2.1838
2026-05-09T13:04:18.996,-7.9169,0.0800,-2.2024
2026-05-09T13:04:19.009,-7.9731,0.0800,-2.2222
2026-05-09T13:04:19.022,-8.0301,0.0800,-2.2414
2026-05-09T13:04:19.036,-8.0815,0.0800,-2.2601
2026-05-09T13:04:19.050,-8.1349,0.0800,-2.2764
2026-05-09T13:04:19.064,-8.1861,0.0800,-2.2913
2026-05-09T13:04:19.077,-8.2363,0.0800,-2.3073
2026-05-09T13:04:19.091,-8.2905,0.0800,-2.3216
2026-05-09T13:04:19.103,-8.3434,0.0800,-2.3348
2026-05-09T13:04:19.117,-8.3936,0.0800,-2.3487
2026-05-09T13:04:19.130,-8.4415,0.0800,-2.3594
2026-05-09T13:04:19.145,-8.4950,0.0800,-2.3707
2026-05-09T13:04:19.159,-8.5718,0.0800,-2.3858
2026-05-09T13:04:19.175,-8.6258,0.0800,-2.3983
2026-05-09T13:04:19.191,-8.6807,0.0800,-2.4073
2026-05-09T13:04:19.208,-8.7378,0.0800,-2.4159
2026-05-09T13:04:19.227,-8.7928,0.0800,-2.4256
2026-05-09T13:04:19.249,-8.8628,0.0800,-2.4343
2026-05-09T13:04:19.270,-8.9667,0.0800,-2.4457
2026-05-09T13:04:19.291,-9.0304,0.0800,-2.4512
2026-05-09T13:04:19.314,-9.1160,0.0800,-2.4575
2026-05-09T13:04:19.336,-9.2061,0.0800,-2.4625
2026-05-09T13:04:19.356,-9.3090,0.0800,-2.4665
2026-05-09T13:04:19.377,-9.4026,0.0800,-2.4682
2026-05-09T13:04:19.398,-9.4877,0.0800,-2.4683
2026-05-09T13:04:19.420,-9.5797,0.0800,-2.4673
2026-05-09T13:04:19.444,-9.6730,0.0800,-2.4654
2026-05-09T13:04:19.461,-9.7595,0.0800,-2.4632
2026-05-09T13:04:19.480,-9.8580,0.0800,-2.4599
2026-05-09T13:04:19.498,-9.9156,0.0800,-2.4583
2026-05-09T13:04:19.522,-9.9814,0.0800,-2.4565
2026-05-09T13:04:19.546,-10.0299,0.0800,-2.4551
2026-05-09T13:04:19.570,-10.0863,0.0800,-2.4535
2026-05-09T13:04:19.592,-10.1263,0.0800,-2.4524
2026-05-09T13:04:19.612,-10.1588,0.0800,-2.4515
2026-05-09T13:04:19.631,-10.1889,0.0800,-2.4506
2026-05-09T13:04:19.649,-10.2242,0.0800,-2.4497
2026-05-09T13:04:19.667,-10.2758,0.0800,-2.4498
2026-05-09T13:04:19.688,-10.3459,0.0800,-2.4514
2026-05-09T13:04:19.710,-10.4083,0.0800,-2.4546
2026-05-09T13:04:19.733,-10.4804,0.0800,-2.4599
2026-05-09T13:04:19.754,-10.5496,0.0800,-2.4668
2026-05-09T13:04:19.775,-10.6277,0.0800,-2.4766
2026-05-09T13:04:19.792,-10.6917,0.0800,-2.4864
2026-05-09T13:04:19.807,-10.7637,0.0800,-2.4992
2026-05-09T13:04:19.822,-10.8164,0.0800,-2.5056
2026-05-09T13:04:19.837,-10.8632,0.0800,-2.5161
2026-05-09T13:04:19.854,-10.8689,0.0800,-2.5279
2026-05-09T13:04:19.875,-10.8692,0.0800,-2.5400
2026-05-09T13:04:19.897,-10.8685,0.0800,-2.5582
2026-05-09T13:04:19.916,-10.8693,0.0800,-2.5753
2026-05-09T13:04:19.934,-10.8691,0.0800,-2.5971
2026-05-09T13:04:19.952,-10.8699,0.0800,-2.6183
2026-05-09T13:04:19.969,-10.8706,0.0800,-2.6396
2026-05-09T13:04:19.986,-10.8715,0.0800,-2.6567
2026-05-09T13:04:20.003,-10.8716,0.0800,-2.6799
2026-05-09T13:04:20.020,-10.8724,0.0800,-2.7022
2026-05-09T13:04:20.037,-10.8727,0.0800,-2.7269
2026-05-09T13:04:20.053,-10.8735,0.0800,-2.7487
2026-05-09T13:04:20.069,-10.8738,0.0800,-2.7730
2026-05-09T13:04:20.088,-10.8745,0.0800,-2.7932
2026-05-09T13:04:20.106,-10.8762,0.0800,-2.8083
2026-05-09T13:04:20.127,-10.8780,0.0800,-2.8154
2026-05-09T13:04:20.146,-10.8787,0.0800,-2.8203
2026-05-09T13:04:20.164,-10.8800,0.0800,-2.8210
2026-05-09T13:04:20.271,-10.8783,0.0800,-2.8246
2026-05-09T13:04:20.288,-10.8774,0.0800,-2.8334
2026-05-09T13:04:20.305,-10.8762,0.0800,-2.8487
2026-05-09T13:04:20.322,-10.8780,0.0800,-2.8635
2026-05-09T13:04:20.341,-10.8787,0.0800,-2.8808
2026-05-09T13:04:20.360,-10.8799,0.0800,-2.8987
2026-05-09T13:04:20.381,-10.8806,0.0800,-2.9193
2026-05-09T13:04:20.401,-10.8818,0.0800,-2.9406
2026-05-09T13:04:20.420,-10.8827,0.0800,-2.9651
2026-05-09T13:04:20.437,-10.8841,0.0800,-2.9907
2026-05-09T13:04:20.454,-10.8865,0.0800,-3.0137
2026-05-09T13:04:20.471,-10.8883,0.0800,-3.0361
2026-05-09T13:04:20.490,-10.8899,0.0800,-3.0573
2026-05-09T13:04:20.510,-10.8912,0.0800,-3.0806
2026-05-09T13:04:20.531,-10.8928,0.0800,-3.1041
2026-05-09T13:04:20.551,-10.8934,0.0800,-3.1328
2026-05-09T13:04:20.571,-10.8949,0.0800,-3.1647
2026-05-09T13:04:20.589,-10.8977,0.0800,-3.1934
2026-05-09T13:04:20.607,-10.8991,0.0800,-3.2258
2026-05-09T13:04:20.625,-10.9023,0.0800,-3.2528
2026-05-09T13:04:20.645,-10.9033,0.0800,-3.2841
2026-05-09T13:04:20.663,-10.9059,0.0800,-3.3123
2026-05-09T13:04:20.682,-10.9070,0.0800,-3.3445
2026-05-09T13:04:20.701,-10.9092,0.0800,-3.3758
2026-05-09T13:04:20.721,-10.9113,0.0800,-3.4070
2026-05-09T13:04:20.741,-10.9129,0.0800,-3.4410
2026-05-09T13:04:20.758,-10.9148,0.0800,-3.4765
2026-05-09T13:04:20.776,-10.9169,0.0800,-3.5131
2026-05-09T13:04:20.795,-10.9203,0.0800,-3.5427
2026-05-09T13:04:20.816,-10.9215,0.0800,-3.5771
2026-05-09T13:04:20.835,-10.9240,0.0800,-3.6093
2026-05-09T13:04:20.851,-10.9250,0.0800,-3.6491
2026-05-09T13:04:20.869,-10.9284,0.0800,-3.6846
2026-05-09T13:04:20.887,-10.9305,0.0800,-3.7155
2026-05-09T13:04:20.905,-10.9319,0.0800,-3.7483
2026-05-09T13:04:20.922,-10.9325,0.0800,-3.7829
2026-05-09T13:04:20.943,-10.9322,0.0800,-3.8163
2026-05-09T13:04:20.964,-10.9312,0.0800,-3.8494
2026-05-09T13:04:20.987,-10.9272,0.0800,-3.8670
2026-05-09T13:04:21.008,-10.9228,0.0800,-3.8672
2026-05-09T13:04:21.028,-10.9174,0.0800,-3.8663
2026-05-09T13:04:21.046,-10.9113,0.0800,-3.8666
2026-05-09T13:04:21.063,-10.9047,0.0800,-3.8669
2026-05-09T13:04:21.081,-10.8978,0.0800,-3.8673
2026-05-09T13:04:21.098,-10.8899,0.0800,-3.8674
2026-05-09T13:04:21.116,-10.8808,0.0800,-3.8674
2026-05-09T13:04:21.133,-10.8716,0.0800,-3.8679
2026-05-09T13:04:21.150,-10.8613,0.0800,-3.8681
2026-05-09T13:04:21.167,-10.8531,0.0800,-3.8682
2026-05-09T13:04:21.185,-10.8419,0.0800,-3.8690
2026-05-09T13:04:21.204,-10.8291,0.0800,-3.8691
2026-05-09T13:04:21.225,-10.8153,0.0800,-3.8695
2026-05-09T13:04:21.246,-10.7993,0.0800,-3.8696
2026-05-09T13:04:21.265,-10.7814,0.0800,-3.8700
2026-05-09T13:04:21.282,-10.7619,0.0800,-3.8706
2026-05-09T13:04:21.300,-10.7425,0.0800,-3.8717
2026-05-09T13:04:21.316,-10.7254,0.0800,-3.8733
2026-05-09T13:04:21.333,-10.7063,0.0800,-3.8737
2026-05-09T13:04:21.351,-10.6880,0.0800,-3.8749
2026-05-09T13:04:21.370,-10.6705,0.0800,-3.8756
2026-05-09T13:04:21.388,-10.6499,0.0800,-3.8764
2026-05-09T13:04:21.407,-10.6266,0.0800,-3.8769
2026-05-09T13:04:21.427,-10.6029,0.0800,-3.8781
2026-05-09T13:04:21.448,-10.5778,0.0800,-3.8790
2026-05-09T13:04:21.470,-10.5511,0.0800,-3.8801
2026-05-09T13:04:21.497,-10.5217,0.0800,-3.8810
2026-05-09T13:04:21.522,-10.4901,0.0800,-3.8822
2026-05-09T13:04:21.540,-10.4482,0.0800,-3.8820
2026-05-09T13:04:21.559,-10.4121,0.0800,-3.8854
2026-05-09T13:04:21.579,-10.3800,0.0800,-3.8881
2026-05-09T13:04:21.597,-10.3538,0.0800,-3.8908
2026-05-09T13:04:21.616,-10.3197,0.0800,-3.8909
2026-05-09T13:04:21.635,-10.2892,0.0800,-3.8934
2026-05-09T13:04:21.653,-10.2580,0.0800,-3.8949
2026-05-09T13:04:21.672,-10.2240,0.0800,-3.8962
2026-05-09T13:04:21.696,-10.1928,0.0800,-3.8984
2026-05-09T13:04:21.721,-10.1466,0.0800,-3.8985
2026-05-09T13:04:21.743,-10.1071,0.0800,-3.9027
2026-05-09T13:04:21.764,-10.0626,0.0800,-3.9041
2026-05-09T13:04:21.783,-10.0276,0.0800,-3.9077
2026-05-09T13:04:21.800,-10.0013,0.0800,-3.9097
2026-05-09T13:04:21.817,-9.9838,0.0800,-3.9123
2026-05-09T13:04:21.833,-9.9639,0.0800,-3.9123
2026-05-09T13:04:21.853,-9.9571,0.0800,-3.9123
2026-05-09T13:04:21.873,-9.9411,0.0800,-3.9123
2026-05-09T13:04:21.893,-9.9373,0.0800,-3.9123
2026-05-09T13:04:21.915,-9.9353,0.0800,-3.9124
2026-05-09T13:04:21.987,-9.9310,0.0800,-3.9086
2026-05-09T13:04:22.008,-9.9095,0.0800,-3.8857
2026-05-09T13:04:22.025,-9.8615,0.0800,-3.8318
2026-05-09T13:04:22.043,-9.7892,0.0800,-3.7481
2026-05-09T13:04:22.060,-9.7391,0.0800,-3.6907
2026-05-09T13:04:22.080,-9.6776,0.0800,-3.6251
2026-05-09T13:04:22.099,-9.6212,0.0800,-3.5655
2026-05-09T13:04:22.117,-9.5517,0.0800,-3.4920
2026-05-09T13:04:22.136,-9.4822,0.0800,-3.4185
2026-05-09T13:04:22.154,-9.4242,0.0800,-3.3571
2026-05-09T13:04:22.174,-9.3594,0.0800,-3.2884
2026-05-09T13:04:22.192,-9.2962,0.0800,-3.2217
2026-05-09T13:04:22.209,-9.2221,0.0800,-3.1434
2026-05-09T13:04:22.228,-9.1654,0.0800,-3.0837
2026-05-09T13:04:22.246,-9.1056,0.0800,-3.0205
2026-05-09T13:04:22.264,-9.0448,0.0800,-2.9564
2026-05-09T13:04:22.281,-8.9799,0.0800,-2.8879
2026-05-09T13:04:22.298,-8.9159,0.0800,-2.8210
2026-05-09T13:04:22.314,-8.8588,0.0800,-2.7633
2026-05-09T13:04:22.330,-8.7967,0.0800,-2.7044
2026-05-09T13:04:22.347,-8.7323,0.0800,-2.6451
2026-05-09T13:04:22.365,-8.6745,0.0800,-2.6032
2026-05-09T13:04:22.385,-8.6025,0.0800,-2.5579
2026-05-09T13:04:22.404,-8.5241,0.0800,-2.5248
2026-05-09T13:04:22.422,-8.4284,0.0800,-2.4906
2026-05-09T13:04:22.439,-8.3332,0.0800,-2.4649
2026-05-09T13:04:22.456,-8.2492,0.0800,-2.4582
2026-05-09T13:04:22.472,-8.1547,0.0800,-2.4566
2026-05-09T13:04:22.488,-8.0782,0.0800,-2.4596
2026-05-09T13:04:22.505,-7.9892,0.0800,-2.4651
2026-05-09T13:04:22.521,-7.9169,0.0800,-2.4709
2026-05-09T13:04:22.538,-7.8346,0.0800,-2.4790
2026-05-09T13:04:22.558,-7.7532,0.0800,-2.4876
2026-05-09T13:04:22.578,-7.6640,0.0800,-2.4974
2026-05-09T13:04:22.594,-7.5695,0.0800,-2.5080
2026-05-09T13:04:22.610,-7.4666,0.0800,-2.5196
2026-05-09T13:04:22.626,-7.3886,0.0800,-2.5284
2026-05-09T13:04:22.643,-7.3085,0.0800,-2.5374
2026-05-09T13:04:22.658,-7.2326,0.0800,-2.5460
2026-05-09T13:04:22.674,-7.1492,0.0800,-2.5554
2026-05-09T13:04:22.691,-7.0754,0.0800,-2.5637
2026-05-09T13:04:22.711,-6.9911,0.0800,-2.5732
2026-05-09T13:04:22.729,-6.9071,0.0800,-2.5827
2026-05-09T13:04:22.744,-6.8087,0.0800,-2.5938
2026-05-09T13:04:22.760,-6.7215,0.0800,-2.6036
2026-05-09T13:04:22.777,-6.6453,0.0800,-2.6122
2026-05-09T13:04:22.794,-6.5645,0.0800,-2.6213
2026-05-09T13:04:22.811,-6.4803,0.0800,-2.6308
2026-05-09T13:04:22.828,-6.4006,0.0800,-2.6398
2026-05-09T13:04:22.846,-6.3113,0.0800,-2.6500
2026-05-09T13:04:22.862,-6.2278,0.0800,-2.6596
2026-05-09T13:04:22.879,-6.1396,0.0800,-2.6696
2026-05-09T13:04:22.896,-6.0579,0.0800,-2.6788
2026-05-09T13:04:22.911,-5.9760,0.0800,-2.6877
2026-05-09T13:04:22.926,-5.8947,0.0800,-2.6963
2026-05-09T13:04:22.944,-5.8149,0.0800,-2.7040
2026-05-09T13:04:22.960,-5.7381,0.0800,-2.7109
2026-05-09T13:04:22.979,-5.6501,0.0800,-2.7185
2026-05-09T13:04:22.995,-5.5733,0.0800,-2.7243
2026-05-09T13:04:23.012,-5.4820,0.0800,-2.7305
2026-05-09T13:04:23.028,-5.4009,0.0800,-2.7357
2026-05-09T13:04:23.045,-5.3147,0.0800,-2.7407
2026-05-09T13:04:23.061,-5.2361,0.0800,-2.7443
2026-05-09T13:04:23.077,-5.1512,0.0800,-2.7479
2026-05-09T13:04:23.092,-5.0725,0.0800,-2.7502
2026-05-09T13:04:23.108,-4.9880,0.0800,-2.7528
2026-05-09T13:04:23.125,-4.9080,0.0800,-2.7569
2026-05-09T13:04:23.142,-4.8393,0.0800,-2.7635
2026-05-09T13:04:23.158,-4.7797,0.0800,-2.7726
2026-05-09T13:04:23.174,-4.7180,0.0800,-2.7846
2026-05-09T13:04:23.190,-4.6689,0.0800,-2.8041
2026-05-09T13:04:23.205,-4.6147,0.0800,-2.8323
2026-05-09T13:04:23.221,-4.5660,0.0800,-2.8626
2026-05-09T13:04:23.237,-4.5153,0.0800,-2.9014
2026-05-09T13:04:23.251,-4.4603,0.0800,-2.9446
2026-05-09T13:04:23.265,-4.3974,0.0800,-2.9959
2026-05-09T13:04:23.280,-4.3426,0.0800,-3.0406
2026-05-09T13:04:23.295,-4.2863,0.0800,-3.0866
2026-05-09T13:04:23.310,-4.2313,0.0800,-3.1316
2026-05-09T13:04:23.326,-4.1755,0.0800,-3.1771
2026-05-09T13:04:23.342,-4.1153,0.0800,-3.2263
2026-05-09T13:04:23.358,-4.0552,0.0800,-3.2754
2026-05-09T13:04:23.372,-3.9858,0.0800,-3.3338
2026-05-09T13:04:23.386,-3.9281,0.0800,-3.3855
2026-05-09T13:04:23.401,-3.8728,0.0800,-3.4336
2026-05-09T13:04:23.414,-3.8237,0.0800,-3.4813
2026-05-09T13:04:23.428,-3.7690,0.0800,-3.5364
2026-05-09T13:04:23.442,-3.7206,0.0800,-3.5818
2026-05-09T13:04:23.456,-3.6686,0.0800,-3.6329
2026-05-09T13:04:23.470,-3.6198,0.0800,-3.6784
2026-05-09T13:04:23.483,-3.5815,0.0800,-3.7109
2026-05-09T13:04:23.497,-3.5462,0.0800,-3.7350
2026-05-09T13:04:23.519,-3.5151,0.0800,-3.7565
2026-05-09T13:04:23.532,-3.5382,0.0800,-3.7323
2026-05-09T13:04:23.547,-3.5713,0.0800,-3.6959
2026-05-09T13:04:23.561,-3.5925,0.0800,-3.6649
2026-05-09T13:04:23.575,-3.6125,0.0800,-3.6408
2026-05-09T13:04:23.590,-3.6339,0.0800,-3.6146
2026-05-09T13:04:23.603,-3.6549,0.0800,-3.5889
2026-05-09T13:04:23.617,-3.6758,0.0800,-3.5581
2026-05-09T13:04:23.631,-3.6950,0.0800,-3.5343
2026-05-09T13:04:23.645,-3.7163,0.0800,-3.5073
2026-05-09T13:04:23.659,-3.7362,0.0800,-3.4767
2026-05-09T13:04:23.673,-3.7554,0.0800,-3.4530
2026-05-09T13:04:23.687,-3.7767,0.0800,-3.4280
2026-05-09T13:04:23.701,-3.7982,0.0800,-3.3969
2026-05-09T13:04:23.715,-3.8162,0.0800,-3.3747
2026-05-09T13:04:23.729,-3.8385,0.0800,-3.3479
2026-05-09T13:04:23.743,-3.8591,0.0800,-3.3220
2026-05-09T13:04:23.756,-3.8769,0.0800,-3.2934
2026-05-09T13:04:23.771,-3.8962,0.0800,-3.2671
2026-05-09T13:04:23.784,-3.9149,0.0800,-3.2406
2026-05-09T13:04:23.798,-3.9326,0.0800,-3.2090
2026-05-09T13:04:23.813,-3.9495,0.0800,-3.1829
2026-05-09T13:04:23.826,-3.9690,0.0800,-3.1517
2026-05-09T13:04:23.840,-3.9821,0.0800,-3.1227
2026-05-09T13:04:23.854,-3.9974,0.0800,-3.0959
2026-05-09T13:04:23.868,-4.0137,0.0800,-3.0662
2026-05-09T13:04:23.882,-4.0272,0.0800,-3.0334
2026-05-09T13:04:23.896,-4.0413,0.0800,-3.0053
2026-05-09T13:04:23.910,-4.0554,0.0800,-2.9756
2026-05-09T13:04:23.924,-4.0693,0.0800,-2.9450
2026-05-09T13:04:23.938,-4.0812,0.0800,-2.9090
2026-05-09T13:04:23.952,-4.0928,0.0800,-2.8806
2026-05-09T13:04:23.965,-4.1056,0.0800,-2.8469
2026-05-09T13:04:23.980,-4.1114,0.0800,-2.8205
2026-05-09T13:04:23.994,-4.1179,0.0800,-2.8009
2026-05-09T13:04:24.008,-4.1214,0.0800,-2.7899
2026-05-09T13:04:24.022,-4.1229,0.0800,-2.7796
2026-05-09T13:04:24.035,-4.1243,0.0800,-2.7734
2026-05-09T13:04:24.050,-4.1248,0.0800,-2.7712
2026-05-09T13:04:24.202,-4.1286,0.0800,-2.7781
2026-05-09T13:04:24.216,-4.1354,0.0800,-2.7886
2026-05-09T13:04:24.230,-4.1499,0.0800,-2.8085
2026-05-09T13:04:24.243,-4.1795,0.0800,-2.8423
2026-05-09T13:04:24.258,-4.2174,0.0800,-2.8835
2026-05-09T13:04:24.273,-4.2642,0.0800,-2.9338
2026-05-09T13:04:24.286,-4.3163,0.0800,-2.9885
2026-05-09T13:04:24.300,-4.3685,0.0800,-3.0432
2026-05-09T13:04:24.313,-4.4106,0.0800,-3.0874
2026-05-09T13:04:24.327,-4.4609,0.0800,-3.1399
2026-05-09T13:04:24.342,-4.5062,0.0800,-3.1874
2026-05-09T13:04:24.356,-4.5520,0.0800,-3.2353
2026-05-09T13:04:24.369,-4.6089,0.0800,-3.2951
2026-05-09T13:04:24.383,-4.6545,0.0800,-3.3430
2026-05-09T13:04:24.396,-4.6999,0.0800,-3.3910
2026-05-09T13:04:24.412,-4.7467,0.0800,-3.4413
2026-05-09T13:04:24.425,-4.7911,0.0800,-3.4908
2026-05-09T13:04:24.439,-4.8422,0.0800,-3.5503
2026-05-09T13:04:24.453,-4.8808,0.0800,-3.5994
2026-05-09T13:04:24.467,-4.9231,0.0800,-3.6567
2026-05-09T13:04:24.481,-4.9634,0.0800,-3.7149
2026-05-09T13:04:24.495,-5.0025,0.0800,-3.7785
2026-05-09T13:04:24.507,-5.0360,0.0800,-3.8367
2026-05-09T13:04:24.520,-5.0667,0.0800,-3.8984
2026-05-09T13:04:24.535,-5.0911,0.0800,-3.9499
2026-05-09T13:04:24.549,-5.1177,0.0800,-4.0128
2026-05-09T13:04:24.562,-5.1423,0.0800,-4.0876
2026-05-09T13:04:24.576,-5.1638,0.0800,-4.1532
2026-05-09T13:04:24.592,-5.1793,0.0800,-4.2107
2026-05-09T13:04:24.603,-5.1914,0.0800,-4.2845
2026-05-09T13:04:24.618,-5.2038,0.0800,-4.3606
2026-05-09T13:04:24.631,-5.2068,0.0800,-4.4185
2026-05-09T13:04:24.647,-5.2115,0.0800,-4.4962
2026-05-09T13:04:24.661,-5.2118,0.0800,-4.5653
2026-05-09T13:04:24.674,-5.2114,0.0800,-4.6402
2026-05-09T13:04:24.689,-5.2108,0.0800,-4.7153
2026-05-09T13:04:24.703,-5.2107,0.0800,-4.8008
2026-05-09T13:04:24.727,-5.2088,0.0800,-4.8582
2026-05-09T13:04:24.739,-5.2118,0.0800,-4.9416
2026-05-09T13:04:24.754,-5.2182,0.0800,-5.0523
2026-05-09T13:04:24.768,-5.2240,0.0800,-5.1192
2026-05-09T13:04:24.783,-5.2291,0.0800,-5.1909
2026-05-09T13:04:24.801,-5.2388,0.0800,-5.2651
2026-05-09T13:04:24.819,-5.2585,0.0800,-5.3669
2026-05-09T13:04:24.838,-5.2761,0.0800,-5.4380
2026-05-09T13:04:24.855,-5.3012,0.0800,-5.5228
2026-05-09T13:04:24.870,-5.3381,0.0800,-5.6125
2026-05-09T13:04:24.885,-5.3732,0.0800,-5.6861
2026-05-09T13:04:24.900,-5.4199,0.0800,-5.7654
2026-05-09T13:04:24.915,-5.4584,0.0800,-5.8232
2026-05-09T13:04:24.932,-5.5059,0.0800,-5.8862
2026-05-09T13:04:24.948,-5.5532,0.0800,-5.9440
2026-05-09T13:04:24.966,-5.6102,0.0800,-6.0061
2026-05-09T13:04:24.983,-5.6678,0.0800,-6.0629
2026-05-09T13:04:25.000,-5.7362,0.0800,-6.1268
2026-05-09T13:04:25.015,-5.7963,0.0800,-6.1805
2026-05-09T13:04:25.031,-5.8652,0.0800,-6.2382
2026-05-09T13:04:25.046,-5.9199,0.0800,-6.2830
2026-05-09T13:04:25.062,-5.9812,0.0800,-6.3314
2026-05-09T13:04:25.078,-6.0407,0.0800,-6.3758
2026-05-09T13:04:25.095,-6.1082,0.0800,-6.4213
2026-05-09T13:04:25.112,-6.2103,0.0800,-6.4842
2026-05-09T13:04:25.127,-6.2514,0.0800,-6.5088
2026-05-09T13:04:25.143,-6.3247,0.0800,-6.5488
2026-05-09T13:04:25.158,-6.3895,0.0800,-6.5830
2026-05-09T13:04:25.179,-6.4623,0.0800,-6.6206
2026-05-09T13:04:25.198,-6.5559,0.0800,-6.6669
2026-05-09T13:04:25.217,-6.6249,0.0800,-6.7008
2026-05-09T13:04:25.235,-6.7149,0.0800,-6.7436
2026-05-09T13:04:25.253,-6.7962,0.0800,-6.7817
2026-05-09T13:04:25.268,-6.8833,0.0800,-6.8222
2026-05-09T13:04:25.285,-6.9592,0.0800,-6.8571
2026-05-09T13:04:25.301,-7.0315,0.0800,-6.8892
2026-05-09T13:04:25.318,-7.1034,0.0800,-6.9202
2026-05-09T13:04:25.336,-7.1813,0.0800,-6.9534
2026-05-09T13:04:25.353,-7.2597,0.0800,-6.9866
2026-05-09T13:04:25.370,-7.3412,0.0800,-7.0207
2026-05-09T13:04:25.386,-7.4186,0.0800,-7.0528
2026-05-09T13:04:25.402,-7.5002,0.0800,-7.0866
2026-05-09T13:04:25.420,-7.5761,0.0800,-7.1180
2026-05-09T13:04:25.440,-7.6507,0.0800,-7.1488
2026-05-09T13:04:25.458,-7.7320,0.0800,-7.1823
2026-05-09T13:04:25.477,-7.8272,0.0800,-7.2215
2026-05-09T13:04:25.494,-7.9085,0.0800,-7.2550
2026-05-09T13:04:25.511,-7.9955,0.0800,-7.2909
2026-05-09T13:04:25.527,-8.0724,0.0800,-7.3226
2026-05-09T13:04:25.544,-8.1521,0.0800,-7.3555
2026-05-09T13:04:25.559,-8.2300,0.0800,-7.3876
2026-05-09T13:04:25.576,-8.3100,0.0800,-7.4207
2026-05-09T13:04:25.593,-8.3738,0.0800,-7.4470
2026-05-09T13:04:25.608,-8.4538,0.0800,-7.4800
2026-05-09T13:04:25.624,-8.5311,0.0800,-7.5125
2026-05-09T13:04:25.640,-8.6064,0.0800,-7.5446
2026-05-09T13:04:25.656,-8.6743,0.0800,-7.5783
2026-05-09T13:04:25.671,-8.7440,0.0800,-7.6179
2026-05-09T13:04:25.685,-8.8094,0.0800,-7.6615
2026-05-09T13:04:25.700,-8.8640,0.0800,-7.7101
2026-05-09T13:04:25.714,-8.9113,0.0800,-7.7615
2026-05-09T13:04:25.728,-8.9551,0.0800,-7.8313
2026-05-09T13:04:25.743,-8.9846,0.0800,-7.8874
2026-05-09T13:04:25.758,-9.0114,0.0800,-7.9502
2026-05-09T13:04:25.774,-9.0274,0.0800,-8.0268
2026-05-09T13:04:25.788,-9.0339,0.0800,-8.1041
2026-05-09T13:04:25.803,-9.0351,0.0800,-8.1854
2026-05-09T13:04:25.817,-9.0329,0.0800,-8.2518
2026-05-09T13:04:25.838,-9.0257,0.0800,-8.3265
2026-05-09T13:04:25.853,-9.0181,0.0800,-8.3976
2026-05-09T13:04:25.866,-9.0070,0.0800,-8.4993
2026-05-09T13:04:25.882,-8.9986,0.0800,-8.5728
2026-05-09T13:04:25.895,-8.9905,0.0800,-8.6415
2026-05-09T13:04:25.908,-8.9818,0.0800,-8.7138
2026-05-09T13:04:25.921,-8.9733,0.0800,-8.7843
2026-05-09T13:04:25.936,-8.9655,0.0800,-8.8486
2026-05-09T13:04:25.951,-8.9577,0.0800,-8.9111
2026-05-09T13:04:25.964,-8.9478,0.0800,-8.9874
2026-05-09T13:04:25.978,-8.9384,0.0800,-9.0564
2026-05-09T13:04:25.992,-8.9275,0.0800,-9.1267
2026-05-09T13:04:26.005,-8.9169,0.0800,-9.1923
2026-05-09T13:04:26.020,-8.9055,0.0800,-9.2601
2026-05-09T13:04:26.035,-8.8947,0.0800,-9.3242
2026-05-09T13:04:26.048,-8.8822,0.0800,-9.3988
2026-05-09T13:04:26.062,-8.8692,0.0800,-9.4765
2026-05-09T13:04:26.076,-8.8588,0.0800,-9.5385
2026-05-09T13:04:26.090,-8.8476,0.0800,-9.6058
2026-05-09T13:04:26.103,-8.8359,0.0800,-9.6751
2026-05-09T13:04:26.118,-8.8244,0.0800,-9.7437
2026-05-09T13:04:26.131,-8.8136,0.0800,-9.8083
2026-05-09T13:04:26.146,-8.8017,0.0800,-9.8790
2026-05-09T13:04:26.160,-8.7905,0.0800,-9.9458
2026-05-09T13:04:26.173,-8.7785,0.0800,-10.0174
2026-05-09T13:04:26.186,-8.7670,0.0800,-10.0866
2026-05-09T13:04:26.201,-8.7562,0.0800,-10.1519
2026-05-09T13:04:26.215,-8.7454,0.0800,-10.2170
2026-05-09T13:04:26.228,-8.7333,0.0800,-10.2915
2026-05-09T13:04:26.242,-8.7226,0.0800,-10.3571
2026-05-09T13:04:26.256,-8.7117,0.0800,-10.4240
2026-05-09T13:04:26.270,-8.7001,0.0800,-10.4946
2026-05-09T13:04:26.283,-8.6890,0.0800,-10.5637
2026-05-09T13:04:26.297,-8.6777,0.0800,-10.6333
2026-05-09T13:04:26.313,-8.6676,0.0800,-10.6963
2026-05-09T13:04:26.326,-8.6566,0.0800,-10.7657
2026-05-09T13:04:26.340,-8.6449,0.0800,-10.8400
2026-05-09T13:04:26.354,-8.6346,0.0800,-10.9056
2026-05-09T13:04:26.367,-8.6230,0.0800,-10.9799
2026-05-09T13:04:26.382,-8.6131,0.0800,-11.0432
2026-05-09T13:04:26.396,-8.6023,0.0800,-11.1119
2026-05-09T13:04:26.409,-8.5916,0.0800,-11.1807
2026-05-09T13:04:26.423,-8.5806,0.0800,-11.2505
2026-05-09T13:04:26.437,-8.5701,0.0800,-11.3176
2026-05-09T13:04:26.451,-8.5624,0.0800,-11.3854
2026-05-09T13:04:26.464,-8.5622,0.0800,-11.4524
2026-05-09T13:04:26.478,-8.5622,0.0800,-11.5244
2026-05-09T13:04:26.492,-8.5621,0.0800,-11.5911
2026-05-09T13:04:26.506,-8.5621,0.0800,-11.6582
2026-05-09T13:04:26.520,-8.5619,0.0800,-11.7286
2026-05-09T13:04:26.534,-8.5618,0.0800,-11.7952
2026-05-09T13:04:26.548,-8.5617,0.0800,-11.8643
2026-05-09T13:04:26.562,-8.5616,0.0800,-11.9364
2026-05-09T13:04:26.576,-8.5614,0.0800,-11.9999
2026-05-09T13:04:26.591,-8.5614,0.0800,-12.0702
2026-05-09T13:04:26.604,-8.5614,0.0800,-12.1430
2026-05-09T13:04:26.618,-8.5613,0.0800,-12.2124
2026-05-09T13:04:26.632,-8.5613,0.0800,-12.2814
2026-05-09T13:04:26.647,-8.5611,0.0800,-12.3507
2026-05-09T13:04:26.661,-8.5610,0.0800,-12.4226
2026-05-09T13:04:26.675,-8.5609,0.0800,-12.4914
2026-05-09T13:04:26.689,-8.5605,0.0800,-12.5602
2026-05-09T13:04:26.702,-8.5604,0.0800,-12.6362
2026-05-09T13:04:26.716,-8.5604,0.0800,-12.6985
2026-05-09T13:04:26.730,-8.5516,0.0800,-12.7668
2026-05-09T13:04:26.744,-8.5426,0.0800,-12.8374
2026-05-09T13:04:26.759,-8.5337,0.0800,-12.9066
2026-05-09T13:04:26.772,-8.5245,0.0800,-12.9801
2026-05-09T13:04:26.786,-8.5160,0.0800,-13.0470
2026-05-09T13:04:26.800,-8.5076,0.0800,-13.1150
2026-05-09T13:04:26.814,-8.4996,0.0800,-13.1808
2026-05-09T13:04:26.827,-8.4908,0.0800,-13.2547
2026-05-09T13:04:26.842,-8.4833,0.0800,-13.3190
2026-05-09T13:04:26.856,-8.4761,0.0800,-13.3804
2026-05-09T13:04:26.870,-8.4667,0.0800,-13.4633
2026-05-09T13:04:26.883,-8.4601,0.0800,-13.5300
2026-05-09T13:04:26.896,-8.4538,0.0800,-13.5992
2026-05-09T13:04:26.910,-8.4485,0.0800,-13.6634
2026-05-09T13:04:26.925,-8.4438,0.0800,-13.7302
2026-05-09T13:04:26.939,-8.4393,0.0800,-13.8012
2026-05-09T13:04:26.953,-8.4360,0.0800,-13.8705
2026-05-09T13:04:26.965,-8.4334,0.0800,-13.9438
2026-05-09T13:04:26.981,-8.4317,0.0800,-14.0105
2026-05-09T13:04:26.994,-8.4311,0.0800,-14.0741
2026-05-09T13:04:27.008,-8.4307,0.0800,-14.1499
2026-05-09T13:04:27.023,-8.4308,0.0800,-14.2169
2026-05-09T13:04:27.036,-8.4311,0.0800,-14.2913
2026-05-09T13:04:27.050,-8.4316,0.0800,-14.3608
2026-05-09T13:04:27.063,-8.4323,0.0800,-14.4240
2026-05-09T13:04:27.078,-8.4333,0.0800,-14.4943
2026-05-09T13:04:27.092,-8.4348,0.0800,-14.5602
2026-05-09T13:04:27.105,-8.4368,0.0800,-14.6389
2026-05-09T13:04:27.120,-8.4386,0.0800,-14.7063
2026-05-09T13:04:27.133,-8.4406,0.0800,-14.7709
2026-05-09T13:04:27.147,-8.4429,0.0800,-14.8441
2026-05-09T13:04:27.161,-8.4452,0.0800,-14.9137
2026-05-09T13:04:27.175,-8.4475,0.0800,-14.9803
2026-05-09T13:04:27.188,-8.4498,0.0800,-15.0477
2026-05-09T13:04:27.202,-8.4529,0.0800,-15.1263
2026-05-09T13:04:27.216,-8.4556,0.0800,-15.1870
2026-05-09T13:04:27.230,-8.4593,0.0800,-15.2563
2026-05-09T13:04:27.244,-8.4648,0.0800,-15.3257
2026-05-09T13:04:27.258,-8.4705,0.0800,-15.3930
2026-05-09T13:04:27.272,-8.4770,0.0800,-15.4635
2026-05-09T13:04:27.285,-8.4840,0.0800,-15.5328
2026-05-09T13:04:27.300,-8.4919,0.0800,-15.6052
2026-05-09T13:04:27.313,-8.5006,0.0800,-15.6687
2026-05-09T13:04:27.327,-8.5123,0.0800,-15.7448
2026-05-09T13:04:27.341,-8.5232,0.0800,-15.8078
2026-05-09T13:04:27.355,-8.5352,0.0800,-15.8735
2026-05-09T13:04:27.369,-8.5491,0.0800,-15.9448
2026-05-09T13:04:27.383,-8.5635,0.0800,-16.0141
2026-05-09T13:04:27.396,-8.5782,0.0800,-16.0844
2026-05-09T13:04:27.411,-8.5910,0.0800,-16.1457
2026-05-09T13:04:27.424,-8.6052,0.0800,-16.2122
2026-05-09T13:04:27.438,-8.6215,0.0800,-16.2878
2026-05-09T13:04:27.452,-8.6347,0.0800,-16.3485
2026-05-09T13:04:27.466,-8.6494,0.0800,-16.4159
2026-05-09T13:04:27.480,-8.6649,0.0800,-16.4868
2026-05-09T13:04:27.493,-8.6799,0.0800,-16.5557
2026-05-09T13:04:27.507,-8.6943,0.0800,-16.6216
2026-05-09T13:04:27.522,-8.7088,0.0800,-16.6880
2026-05-09T13:04:27.536,-8.7248,0.0800,-16.7614
2026-05-09T13:04:27.549,-8.7393,0.0800,-16.8275
2026-05-09T13:04:27.562,-8.7544,0.0800,-16.8961
2026-05-09T13:04:27.577,-8.7682,0.0800,-16.9592
2026-05-09T13:04:27.590,-8.7824,0.0800,-17.0237
2026-05-09T13:04:27.604,-8.7980,0.0800,-17.0950
2026-05-09T13:04:27.619,-8.8128,0.0800,-17.1620
2026-05-09T13:04:27.632,-8.8269,0.0800,-17.2262
2026-05-09T13:04:27.646,-8.8431,0.0800,-17.3002
2026-05-09T13:04:27.661,-8.8572,0.0800,-17.3644
2026-05-09T13:04:27.674,-8.8729,0.0800,-17.4361
2026-05-09T13:04:27.689,-8.8882,0.0800,-17.5058
2026-05-09T13:04:27.702,-8.9040,0.0800,-17.5776
2026-05-09T13:04:27.716,-8.9183,0.0800,-17.6428
2026-05-09T13:04:27.729,-8.9326,0.0800,-17.7081
2026-05-09T13:04:27.741,-8.9477,0.0800,-17.7771
2026-05-09T13:04:27.759,-8.9615,0.0800,-17.8395
2026-05-09T13:04:27.771,-8.9753,0.0800,-17.9024
2026-05-09T13:04:27.784,-8.9932,0.0800,-17.9838
2026-05-09T13:04:27.798,-9.0068,0.0800,-18.0456
2026-05-09T13:04:27.814,-9.0199,0.0800,-18.1055
2026-05-09T13:04:27.828,-9.0356,0.0800,-18.1768
2026-05-09T13:04:27.842,-9.0529,0.0800,-18.2555
2026-05-09T13:04:27.855,-9.0674,0.0800,-18.3213
2026-05-09T13:04:27.868,-9.0834,0.0800,-18.3941
2026-05-09T13:04:27.882,-9.0961,0.0800,-18.4519
2026-05-09T13:04:27.897,-9.1108,0.0800,-18.5189
2026-05-09T13:04:27.910,-9.1250,0.0800,-18.5837
2026-05-09T13:04:27.925,-9.1418,0.0800,-18.6606
2026-05-09T13:04:27.937,-9.1551,0.0800,-18.7213
2026-05-09T13:04:27.953,-9.1713,0.0800,-18.7952
2026-05-09T13:04:27.965,-9.1846,0.0800,-18.8560
2026-05-09T13:04:27.980,-9.2013,0.0800,-18.9321
2026-05-09T13:04:27.995,-9.2141,0.0800,-18.9905
2026-05-09T13:04:28.007,-9.2307,0.0800,-19.0669
2026-05-09T13:04:28.021,-9.2461,0.0800,-19.1375
2026-05-09T13:04:28.037,-9.2594,0.0800,-19.1984
2026-05-09T13:04:28.052,-9.2735,0.0800,-19.2632
2026-05-09T13:04:28.063,-9.2915,0.0800,-19.3459
2026-05-09T13:04:28.076,-9.3068,0.0800,-19.4168
2026-05-09T13:04:28.092,-9.3178,0.0800,-19.4676
2026-05-09T13:04:28.104,-9.3323,0.0800,-19.5355
2026-05-09T13:04:28.121,-9.3485,0.0800,-19.6114
2026-05-09T13:04:28.135,-9.3614,0.0800,-19.6716
2026-05-09T13:04:28.147,-9.3796,0.0800,-19.7571
2026-05-09T13:04:28.162,-9.3938,0.0800,-19.8245
2026-05-09T13:04:28.175,-9.4052,0.0800,-19.8793
2026-05-09T13:04:28.192,-9.4215,0.0800,-19.9584
2026-05-09T13:04:28.203,-9.4342,0.0800,-20.0207
2026-05-09T13:04:28.219,-9.4506,0.0800,-20.1024
2026-05-09T13:04:28.231,-9.4609,0.0800,-20.1542
2026-05-09T13:04:28.244,-9.4749,0.0800,-20.2349
2026-05-09T13:04:28.258,-9.4838,0.0800,-20.2939
2026-05-09T13:04:28.273,-9.4902,0.0800,-20.3621
2026-05-09T13:04:28.287,-9.4888,0.0800,-20.4257
2026-05-09T13:04:28.303,-9.4846,0.0800,-20.4884
2026-05-09T13:04:28.314,-9.4795,0.0800,-20.5378
2026-05-09T13:04:28.330,-9.4697,0.0800,-20.5800
2026-05-09T13:04:28.342,-9.4611,0.0800,-20.6040
2026-05-09T13:04:28.358,-9.4456,0.0800,-20.6284
2026-05-09T13:04:28.369,-9.4307,0.0800,-20.6450
2026-05-09T13:04:28.387,-9.4030,0.0800,-20.6618
2026-05-09T13:04:28.397,-9.3756,0.0800,-20.6726
2026-05-09T13:04:28.411,-9.3081,0.0800,-20.6943
2026-05-09T13:04:28.425,-9.2541,0.0800,-20.7061
2026-05-09T13:04:28.439,-9.1820,0.0800,-20.7147
2026-05-09T13:04:28.453,-9.1190,0.0800,-20.7199
2026-05-09T13:04:28.469,-9.0486,0.0800,-20.7205
2026-05-09T13:04:28.481,-8.9739,0.0800,-20.7183
2026-05-09T13:04:28.498,-8.8962,0.0800,-20.7151
2026-05-09T13:04:28.509,-8.8390,0.0800,-20.7114
2026-05-09T13:04:28.526,-8.7457,0.0800,-20.7049
2026-05-09T13:04:28.537,-8.6904,0.0800,-20.7009
2026-05-09T13:04:28.553,-8.6298,0.0800,-20.6953
2026-05-09T13:04:28.563,-8.6298,0.0800,-20.6913
2026-05-09T13:04:28.578,-8.6298,0.0800,-20.6854
2026-05-09T13:04:28.592,-8.6298,0.0800,-20.6817
2026-05-09T13:04:28.608,-8.6298,0.0800,-20.6761
2026-05-09T13:04:28.620,-8.6298,0.0800,-20.6712
2026-05-09T13:04:28.637,-8.6298,0.0800,-20.6651
2026-05-09T13:04:28.647,-8.6298,0.0800,-20.6613
2026-05-09T13:04:28.664,-8.6298,0.0800,-20.6556
2026-05-09T13:04:28.675,-8.6298,0.0800,-20.6527
2026-05-09T13:04:28.693,-8.6298,0.0800,-20.6490
2026-05-09T13:04:28.703,-8.6298,0.0800,-20.6479
2026-05-09T13:04:28.718,-8.6298,0.0800,-20.6519
2026-05-09T13:04:28.729,-8.6298,0.0800,-20.6551
2026-05-09T13:04:28.742,-8.6290,0.0800,-20.6676
2026-05-09T13:04:28.761,-8.6283,0.0800,-20.6783
2026-05-09T13:04:28.774,-8.6248,0.0800,-20.7030
2026-05-09T13:04:28.786,-8.6231,0.0800,-20.7418
2026-05-09T13:04:28.802,-8.6138,0.0800,-20.7813
2026-05-09T13:04:28.814,-8.5867,0.0800,-20.8298
2026-05-09T13:04:28.830,-8.5379,0.0800,-20.8801
2026-05-09T13:04:28.842,-8.4895,0.0800,-20.9362
2026-05-09T13:04:28.858,-8.4438,0.0800,-20.9939
2026-05-09T13:04:28.870,-8.4024,0.0800,-21.0470
2026-05-09T13:04:28.885,-8.3624,0.0800,-21.1031
2026-05-09T13:04:28.897,-8.3250,0.0800,-21.1614
2026-05-09T13:04:28.913,-8.2867,0.0800,-21.2157
2026-05-09T13:04:28.925,-8.2441,0.0800,-21.2753
2026-05-09T13:04:28.940,-8.2092,0.0800,-21.3305
2026-05-09T13:04:28.953,-8.1677,0.0800,-21.3897
2026-05-09T13:04:28.968,-8.1330,0.0800,-21.4417
2026-05-09T13:04:28.981,-8.0910,0.0800,-21.5042
2026-05-09T13:04:28.996,-8.0576,0.0800,-21.5597
2026-05-09T13:04:29.010,-8.0160,0.0800,-21.6196
2026-05-09T13:04:29.024,-7.9777,0.0800,-21.6729
2026-05-09T13:04:29.040,-7.9350,0.0800,-21.7353
2026-05-09T13:04:29.055,-7.8937,0.0800,-21.7889
2026-05-09T13:04:29.070,-7.8445,0.0800,-21.8508
2026-05-09T13:04:29.093,-7.7975,0.0800,-21.9078
2026-05-09T13:04:29.106,-7.7527,0.0800,-21.9656
2026-05-09T13:04:29.120,-7.6755,0.0800,-22.0530
2026-05-09T13:04:29.133,-7.6310,0.0800,-22.1006
2026-05-09T13:04:29.147,-7.5851,0.0800,-22.1481
2026-05-09T13:04:29.162,-7.5391,0.0800,-22.1985
2026-05-09T13:04:29.177,-7.4820,0.0800,-22.2540
2026-05-09T13:04:29.192,-7.4339,0.0800,-22.2988
2026-05-09T13:04:29.207,-7.3786,0.0800,-22.3487
2026-05-09T13:04:29.222,-7.3268,0.0800,-22.3984
2026-05-09T13:04:29.236,-7.2657,0.0800,-22.4497
2026-05-09T13:04:29.251,-7.2115,0.0800,-22.4936
2026-05-09T13:04:29.264,-7.1565,0.0800,-22.5367
2026-05-09T13:04:29.279,-7.0988,0.0800,-22.5849
2026-05-09T13:04:29.292,-7.0471,0.0800,-22.6232
2026-05-09T13:04:29.306,-6.9812,0.0800,-22.6707
2026-05-09T13:04:29.326,-6.9346,0.0800,-22.7078
2026-05-09T13:04:29.341,-6.8761,0.0800,-22.7478
2026-05-09T13:04:29.355,-6.7981,0.0800,-22.8024
2026-05-09T13:04:29.369,-6.7356,0.0800,-22.8447
2026-05-09T13:04:29.383,-6.6844,0.0800,-22.8846
2026-05-09T13:04:29.397,-6.6360,0.0800,-22.9187
2026-05-09T13:04:29.413,-6.5898,0.0800,-22.9515
2026-05-09T13:04:29.428,-6.5443,0.0800,-22.9836
2026-05-09T13:04:29.443,-6.5023,0.0800,-23.0172
2026-05-09T13:04:29.457,-6.4595,0.0800,-23.0458
2026-05-09T13:04:29.472,-6.4189,0.0800,-23.0720
2026-05-09T13:04:29.487,-6.3823,0.0800,-23.0955
2026-05-09T13:04:29.503,-6.3457,0.0800,-23.1255
2026-05-09T13:04:29.517,-6.3108,0.0800,-23.1508
2026-05-09T13:04:29.531,-6.2732,0.0800,-23.1789
2026-05-09T13:04:29.545,-6.2408,0.0800,-23.2035
2026-05-09T13:04:29.559,-6.2116,0.0800,-23.2318
2026-05-09T13:04:29.573,-6.1792,0.0800,-23.2588
2026-05-09T13:04:29.586,-6.1495,0.0800,-23.2836
2026-05-09T13:04:29.601,-6.1190,0.0800,-23.3124
2026-05-09T13:04:29.617,-6.0881,0.0800,-23.3371
2026-05-09T13:04:29.634,-6.0549,0.0800,-23.3630
2026-05-09T13:04:29.648,-6.0184,0.0800,-23.3911
2026-05-09T13:04:29.664,-5.9785,0.0800,-23.4253
2026-05-09T13:04:29.680,-5.9465,0.0800,-23.4485
2026-05-09T13:04:29.694,-5.9097,0.0800,-23.4747
2026-05-09T13:04:29.709,-5.8722,0.0800,-23.5004
2026-05-09T13:04:29.729,-5.8400,0.0800,-23.5257
2026-05-09T13:04:29.742,-5.8019,0.0800,-23.5502
2026-05-09T13:04:29.755,-5.7539,0.0800,-23.5797
2026-05-09T13:04:29.768,-5.7227,0.0800,-23.5980
2026-05-09T13:04:29.782,-5.6899,0.0800,-23.6194
2026-05-09T13:04:29.797,-5.6566,0.0800,-23.6375
2026-05-09T13:04:29.812,-5.6211,0.0800,-23.6559
2026-05-09T13:04:29.831,-5.5808,0.0800,-23.6760
2026-05-09T13:04:29.850,-5.5331,0.0800,-23.6986
2026-05-09T13:04:29.867,-5.4929,0.0800,-23.7207
2026-05-09T13:04:29.883,-5.4394,0.0800,-23.7434
2026-05-09T13:04:29.897,-5.3944,0.0800,-23.7611
2026-05-09T13:04:29.912,-5.3464,0.0800,-23.7788
2026-05-09T13:04:29.926,-5.3089,0.0800,-23.7917
2026-05-09T13:04:29.941,-5.2713,0.0800,-23.8070
2026-05-09T13:04:29.957,-5.2341,0.0800,-23.8184
2026-05-09T13:04:29.972,-5.1931,0.0800,-23.8301
2026-05-09T13:04:29.989,-5.1514,0.0800,-23.8412
2026-05-09T13:04:30.007,-5.1076,0.0800,-23.8553
2026-05-09T13:04:30.025,-5.0617,0.0800,-23.8657
2026-05-09T13:04:30.044,-5.0106,0.0800,-23.8761
2026-05-09T13:04:30.060,-4.9588,0.0800,-23.8855
2026-05-09T13:04:30.074,-4.9061,0.0800,-23.8938
2026-05-09T13:04:30.087,-4.8596,0.0800,-23.9001
2026-05-09T13:04:30.104,-4.8176,0.0800,-23.9085
2026-05-09T13:04:30.122,-4.7842,0.0800,-23.9123
2026-05-09T13:04:30.140,-4.7350,0.0800,-23.9174
2026-05-09T13:04:30.155,-4.7180,0.0800,-23.9189
2026-05-09T13:04:30.171,-4.7019,0.0800,-23.9211
2026-05-09T13:04:30.187,-4.6929,0.0800,-23.9212
2026-05-09T13:04:30.204,-4.6763,0.0800,-23.9178
2026-05-09T13:04:30.221,-4.6514,0.0800,-23.9129
2026-05-09T13:04:30.237,-4.6143,0.0800,-23.9049
2026-05-09T13:04:30.252,-4.5589,0.0800,-23.8935
2026-05-09T13:04:30.267,-4.4958,0.0800,-23.8798
2026-05-09T13:04:30.282,-4.4217,0.0800,-23.8631
2026-05-09T13:04:30.297,-4.3436,0.0800,-23.8454
2026-05-09T13:04:30.313,-4.2740,0.0800,-23.8297
2026-05-09T13:04:30.328,-4.1998,0.0800,-23.8130
2026-05-09T13:04:30.347,-4.1251,0.0800,-23.7963
2026-05-09T13:04:30.364,-4.0384,0.0800,-23.7769
2026-05-09T13:04:30.379,-3.9571,0.0800,-23.7586
2026-05-09T13:04:30.394,-3.8724,0.0800,-23.7396
2026-05-09T13:04:30.409,-3.8034,0.0800,-23.7241
2026-05-09T13:04:30.425,-3.7324,0.0800,-23.7085
2026-05-09T13:04:30.440,-3.6565,0.0800,-23.6917
2026-05-09T13:04:30.458,-3.5677,0.0800,-23.6720
2026-05-09T13:04:30.475,-3.4965,0.0800,-23.6564
2026-05-09T13:04:30.492,-3.4197,0.0800,-23.6395
2026-05-09T13:04:30.511,-3.3326,0.0800,-23.6205
2026-05-09T13:04:30.530,-3.2512,0.0800,-23.6032
2026-05-09T13:04:30.548,-3.1638,0.0800,-23.5865
2026-05-09T13:04:30.565,-3.1453,0.0800,-23.5834
2026-05-09T13:04:30.581,-3.1379,0.0800,-23.5820
2026-05-09T13:04:30.598,-3.1361,0.0800,-23.5817
2026-05-09T13:04:30.614,-3.1334,0.0800,-23.5821
2026-05-09T13:04:30.630,-3.1292,0.0800,-23.5826
2026-05-09T13:04:30.647,-3.1195,0.0800,-23.5839
2026-05-09T13:04:30.662,-3.1063,0.0800,-23.5857
2026-05-09T13:04:30.681,-3.0872,0.0800,-23.5870
2026-05-09T13:04:30.698,-3.0660,0.0800,-23.5883
2026-05-09T13:04:30.716,-3.0346,0.0800,-23.5895
2026-05-09T13:04:30.732,-2.9948,0.0800,-23.5900
2026-05-09T13:04:30.748,-2.9540,0.0800,-23.5896
2026-05-09T13:04:30.764,-2.9120,0.0800,-23.5921
2026-05-09T13:04:30.780,-2.8749,0.0800,-23.5900
2026-05-09T13:04:30.795,-2.8362,0.0800,-23.5870
2026-05-09T13:04:30.810,-2.7990,0.0800,-23.5833
2026-05-09T13:04:30.825,-2.7627,0.0800,-23.5789
2026-05-09T13:04:30.841,-2.7243,0.0800,-23.5770
2026-05-09T13:04:30.858,-2.6896,0.0800,-23.5714
2026-05-09T13:04:30.875,-2.6509,0.0800,-23.5643
2026-05-09T13:04:30.891,-2.6112,0.0800,-23.5561
2026-05-09T13:04:30.906,-2.5701,0.0800,-23.5466
2026-05-09T13:04:30.921,-2.5324,0.0800,-23.5412
2026-05-09T13:04:30.935,-2.4965,0.0800,-23.5312
2026-05-09T13:04:30.950,-2.4625,0.0800,-23.5210
2026-05-09T13:04:30.965,-2.4288,0.0800,-23.5102
2026-05-09T13:04:30.983,-2.3928,0.0800,-23.5014
2026-05-09T13:04:31.001,-2.3496,0.0800,-23.4856
2026-05-09T13:04:31.017,-2.3177,0.0800,-23.4730
2026-05-09T13:04:31.032,-2.2767,0.0800,-23.4558
2026-05-09T13:04:31.046,-2.2450,0.0800,-23.4416
2026-05-09T13:04:31.060,-2.2080,0.0800,-23.4279
2026-05-09T13:04:31.075,-2.1785,0.0800,-23.4132
2026-05-09T13:04:31.092,-2.1476,0.0800,-23.3972
2026-05-09T13:04:31.109,-2.1147,0.0800,-23.3792
2026-05-09T13:04:31.125,-2.0768,0.0800,-23.3616
2026-05-09T13:04:31.141,-2.0407,0.0800,-23.3398
2026-05-09T13:04:31.157,-2.0086,0.0800,-23.3194
2026-05-09T13:04:31.171,-1.9763,0.0800,-23.2978
2026-05-09T13:04:31.185,-1.9463,0.0800,-23.2768
2026-05-09T13:04:31.199,-1.9163,0.0800,-23.2592
2026-05-09T13:04:31.214,-1.8892,0.0800,-23.2387
2026-05-09T13:04:31.228,-1.8614,0.0800,-23.2168
2026-05-09T13:04:31.246,-1.8307,0.0800,-23.1959
2026-05-09T13:04:31.264,-1.7929,0.0800,-23.1636
2026-05-09T13:04:31.280,-1.7720,0.0800,-23.1446
2026-05-09T13:04:31.296,-1.7415,0.0800,-23.1161
2026-05-09T13:04:31.312,-1.7135,0.0800,-23.0887
2026-05-09T13:04:31.327,-1.6866,0.0800,-23.0611
2026-05-09T13:04:31.343,-1.6571,0.0800,-23.0351
2026-05-09T13:04:31.360,-1.6332,0.0800,-23.0083
2026-05-09T13:04:31.374,-1.6051,0.0800,-22.9757
2026-05-09T13:04:31.387,-1.5810,0.0800,-22.9464
2026-05-09T13:04:31.403,-1.5558,0.0800,-22.9202
2026-05-09T13:04:31.419,-1.5364,0.0800,-22.8944
2026-05-09T13:04:31.435,-1.5143,0.0800,-22.8639
2026-05-09T13:04:31.451,-1.4924,0.0800,-22.8323
2026-05-09T13:04:31.467,-1.4713,0.0800,-22.8013
2026-05-09T13:04:31.485,-1.4465,0.0800,-22.7707
2026-05-09T13:04:31.502,-1.4219,0.0800,-22.7335
2026-05-09T13:04:31.520,-1.4010,0.0800,-22.7010
2026-05-09T13:04:31.537,-1.3803,0.0800,-22.6665
2026-05-09T13:04:31.551,-1.3504,0.0800,-22.6149
2026-05-09T13:04:31.566,-1.3179,0.0800,-22.5557
2026-05-09T13:04:31.583,-1.2833,0.0800,-22.4967
2026-05-09T13:04:31.600,-1.2537,0.0800,-22.4335
2026-05-09T13:04:31.617,-1.2219,0.0800,-22.3595
2026-05-09T13:04:31.635,-1.1909,0.0800,-22.2809
2026-05-09T13:04:31.655,-1.1636,0.0800,-22.2058
2026-05-09T13:04:31.675,-1.1348,0.0800,-22.1205
2026-05-09T13:04:31.694,-1.1070,0.0800,-22.0295
2026-05-09T13:04:31.712,-1.0803,0.0800,-21.9327
2026-05-09T13:04:31.730,-1.0543,0.0800,-21.8443
2026-05-09T13:04:31.748,-1.0369,0.0800,-21.7599
2026-05-09T13:04:31.765,-1.0212,0.0800,-21.6728
2026-05-09T13:04:31.783,-1.0076,0.0800,-21.5844
2026-05-09T13:04:31.800,-0.9966,0.0800,-21.4991
2026-05-09T13:04:31.816,-0.9880,0.0800,-21.4175
2026-05-09T13:04:31.832,-0.9822,0.0800,-21.3324
2026-05-09T13:04:31.850,-0.9790,0.0800,-21.2546
2026-05-09T13:04:31.869,-0.9740,0.0800,-21.1734
2026-05-09T13:04:31.888,-0.9773,0.0800,-21.1070
2026-05-09T13:04:31.909,-0.9837,0.0800,-21.0366
2026-05-09T13:04:31.927,-0.9887,0.0800,-20.9956
2026-05-09T13:04:31.945,-0.9951,0.0800,-20.9442
2026-05-09T13:04:31.961,-1.0009,0.0800,-20.9001
2026-05-09T13:04:31.978,-1.0069,0.0800,-20.8590
2026-05-09T13:04:31.994,-1.0125,0.0800,-20.8199
2026-05-09T13:04:32.012,-1.0186,0.0800,-20.7805
2026-05-09T13:04:32.030,-1.0254,0.0800,-20.7414
2026-05-09T13:04:32.047,-1.0303,0.0800,-20.6963
2026-05-09T13:04:32.063,-1.0395,0.0800,-20.6537
2026-05-09T13:04:32.079,-1.0492,0.0800,-20.6131
2026-05-09T13:04:32.095,-1.0577,0.0800,-20.5804
2026-05-09T13:04:32.113,-1.0661,0.0800,-20.5497
2026-05-09T13:04:32.129,-1.0737,0.0800,-20.5236
2026-05-09T13:04:32.146,-1.0795,0.0800,-20.4968
2026-05-09T13:04:32.163,-1.0843,0.0800,-20.4820
2026-05-09T13:04:32.179,-1.0886,0.0800,-20.4687
2026-05-09T13:04:32.195,-1.0926,0.0800,-20.4567
2026-05-09T13:04:32.212,-1.0943,0.0800,-20.4501
2026-05-09T13:04:32.227,-1.0957,0.0800,-20.4447
2026-05-09T13:04:32.243,-1.0965,0.0800,-20.4415
2026-05-09T13:04:32.532,-1.0960,0.0800,-20.4437
2026-05-09T13:04:32.547,-1.0946,0.0800,-20.4492
2026-05-09T13:04:32.562,-1.0904,0.0800,-20.4621
2026-05-09T13:04:32.579,-1.0786,0.0800,-20.4968
2026-05-09T13:04:32.596,-1.0664,0.0800,-20.5350
2026-05-09T13:04:32.613,-1.0536,0.0800,-20.5784
2026-05-09T13:04:32.629,-1.0426,0.0800,-20.6188
2026-05-09T13:04:32.644,-1.0360,0.0800,-20.6610
2026-05-09T13:04:32.658,-1.0265,0.0800,-20.7032
2026-05-09T13:04:32.673,-1.0197,0.0800,-20.7371
2026-05-09T13:04:32.690,-1.0134,0.0800,-20.7717
2026-05-09T13:04:32.706,-1.0055,0.0800,-20.8205
2026-05-09T13:04:32.723,-1.0049,0.0800,-20.8576
2026-05-09T13:04:32.739,-1.0003,0.0800,-20.8965
2026-05-09T13:04:32.754,-0.9963,0.0800,-20.9379
2026-05-09T13:04:32.768,-0.9934,0.0800,-20.9778
2026-05-09T13:04:32.782,-0.9949,0.0800,-21.0154
2026-05-09T13:04:32.796,-0.9937,0.0800,-21.0516
2026-05-09T13:04:32.810,-0.9932,0.0800,-21.0866
2026-05-09T13:04:32.824,-0.9933,0.0800,-21.1221
2026-05-09T13:04:32.840,-0.9973,0.0800,-21.1598
2026-05-09T13:04:32.855,-0.9988,0.0800,-21.1938
2026-05-09T13:04:32.870,-1.0017,0.0800,-21.2385
2026-05-09T13:04:32.886,-1.0058,0.0800,-21.2723
2026-05-09T13:04:32.902,-1.0168,0.0800,-21.3177
2026-05-09T13:04:32.917,-1.0277,0.0800,-21.3487
2026-05-09T13:04:32.931,-1.0462,0.0800,-21.3865
2026-05-09T13:04:32.945,-1.0666,0.0800,-21.4183
2026-05-09T13:04:32.959,-1.1016,0.0800,-21.4488
2026-05-09T13:04:32.974,-1.1382,0.0800,-21.4741
2026-05-09T13:04:32.988,-1.1585,0.0800,-21.4237
2026-05-09T13:04:33.003,-1.1917,0.0800,-21.3569
2026-05-09T13:04:33.018,-1.2166,0.0800,-21.2965
2026-05-09T13:04:33.034,-1.2449,0.0800,-21.2237
2026-05-09T13:04:33.047,-1.2690,0.0800,-21.1564
2026-05-09T13:04:33.060,-1.2952,0.0800,-21.0771
2026-05-09T13:04:33.074,-1.3165,0.0800,-21.0217
2026-05-09T13:04:33.089,-1.3334,0.0800,-20.9612
2026-05-09T13:04:33.105,-1.3614,0.0800,-20.8484
2026-05-09T13:04:33.119,-1.3738,0.0800,-20.8184
2026-05-09T13:04:33.133,-1.3916,0.0800,-20.7248
2026-05-09T13:04:33.147,-1.4021,0.0800,-20.6593
2026-05-09T13:04:33.163,-1.4119,0.0800,-20.5896
2026-05-09T13:04:33.180,-1.4234,0.0800,-20.5219
2026-05-09T13:04:33.195,-1.4297,0.0800,-20.4531
2026-05-09T13:04:33.208,-1.4334,0.0800,-20.3729
2026-05-09T13:04:33.221,-1.4342,0.0800,-20.2995
2026-05-09T13:04:33.236,-1.4361,0.0800,-20.2241
2026-05-09T13:04:33.252,-1.4316,0.0800,-20.1661
2026-05-09T13:04:33.266,-1.4231,0.0800,-20.0933
2026-05-09T13:04:33.282,-1.4140,0.0800,-20.0162
2026-05-09T13:04:33.296,-1.3913,0.0800,-19.9382
2026-05-09T13:04:33.310,-1.3691,0.0800,-19.8738
2026-05-09T13:04:33.324,-1.3390,0.0800,-19.8056
2026-05-09T13:04:33.338,-1.3107,0.0800,-19.7420
2026-05-09T13:04:33.352,-1.2778,0.0800,-19.6821
2026-05-09T13:04:33.366,-1.2425,0.0800,-19.6210
2026-05-09T13:04:33.380,-1.2089,0.0800,-19.5588
2026-05-09T13:04:33.393,-1.1695,0.0800,-19.4964
2026-05-09T13:04:33.407,-1.1322,0.0800,-19.4401
2026-05-09T13:04:33.421,-1.0972,0.0800,-19.3836
2026-05-09T13:04:33.435,-1.0571,0.0800,-19.3286
2026-05-09T13:04:33.448,-1.0125,0.0800,-19.2700
2026-05-09T13:04:33.462,-0.9740,0.0800,-19.2160
2026-05-09T13:04:33.476,-0.9294,0.0800,-19.1671
2026-05-09T13:04:33.490,-0.8742,0.0800,-19.1135
2026-05-09T13:04:33.504,-0.8218,0.0800,-19.0713
2026-05-09T13:04:33.519,-0.7654,0.0800,-19.0276
2026-05-09T13:04:33.533,-0.7058,0.0800,-18.9914
2026-05-09T13:04:33.546,-0.6356,0.0800,-18.9571
2026-05-09T13:04:33.562,-0.5712,0.0800,-18.9260
2026-05-09T13:04:33.576,-0.5049,0.0800,-18.9002
2026-05-09T13:04:33.590,-0.4334,0.0800,-18.8739
2026-05-09T13:04:33.604,-0.3625,0.0800,-18.8494
2026-05-09T13:04:33.618,-0.2978,0.0800,-18.8255
2026-05-09T13:04:33.632,-0.2270,0.0800,-18.8040
2026-05-09T13:04:33.646,-0.1586,0.0800,-18.7848
2026-05-09T13:04:33.660,-0.0866,0.0800,-18.7631
2026-05-09T13:04:33.674,-0.0209,0.0800,-18.7474
2026-05-09T13:04:33.689,0.0465,0.0800,-18.7325
2026-05-09T13:04:33.701,0.1247,0.0800,-18.7167
2026-05-09T13:04:33.716,0.1929,0.0800,-18.7013
2026-05-09T13:04:33.730,0.2555,0.0800,-18.6906
2026-05-09T13:04:33.744,0.3332,0.0800,-18.6778
2026-05-09T13:04:33.758,0.3964,0.0800,-18.6659
2026-05-09T13:04:33.772,0.4711,0.0800,-18.6544
2026-05-09T13:04:33.785,0.5409,0.0800,-18.6433
2026-05-09T13:04:33.799,0.6036,0.0800,-18.6334
2026-05-09T13:04:33.813,0.6667,0.0800,-18.6235
2026-05-09T13:04:33.826,0.7481,0.0800,-18.6107
2026-05-09T13:04:33.841,0.8066,0.0800,-18.6016
2026-05-09T13:04:33.855,0.8698,0.0800,-18.5916
2026-05-09T13:04:33.869,0.9510,0.0800,-18.5789
2026-05-09T13:04:33.883,1.0145,0.0800,-18.5689
2026-05-09T13:04:33.896,1.0818,0.0800,-18.5583
2026-05-09T13:04:33.910,1.1516,0.0800,-18.5473
2026-05-09T13:04:33.925,1.2183,0.0800,-18.5368
2026-05-09T13:04:33.939,1.2912,0.0800,-18.5253
2026-05-09T13:04:33.953,1.3582,0.0800,-18.5148
2026-05-09T13:04:33.966,1.4289,0.0800,-18.5037
2026-05-09T13:04:33.981,1.5001,0.0800,-18.4925
2026-05-09T13:04:33.994,1.5641,0.0800,-18.4824
2026-05-09T13:04:34.008,1.6347,0.0800,-18.4713
2026-05-09T13:04:34.022,1.6980,0.0800,-18.4614
2026-05-09T13:04:34.036,1.7770,0.0800,-18.4489
2026-05-09T13:04:34.050,1.8420,0.0800,-18.4387
2026-05-09T13:04:34.063,1.9102,0.0800,-18.4279
2026-05-09T13:04:34.078,1.9779,0.0800,-18.4171
2026-05-09T13:04:34.092,2.0424,0.0800,-18.4069
2026-05-09T13:04:34.104,2.1177,0.0800,-18.3950
2026-05-09T13:04:34.119,2.1840,0.0800,-18.3844
2026-05-09T13:04:34.132,2.2481,0.0800,-18.3742
2026-05-09T13:04:34.147,2.3190,0.0800,-18.3629
2026-05-09T13:04:34.161,2.3884,0.0800,-18.3519
2026-05-09T13:04:34.175,2.4558,0.0800,-18.3412
2026-05-09T13:04:34.189,2.5253,0.0800,-18.3301
2026-05-09T13:04:34.202,2.5995,0.0800,-18.3183
2026-05-09T13:04:34.216,2.6656,0.0800,-18.3077
2026-05-09T13:04:34.230,2.7315,0.0800,-18.2972
2026-05-09T13:04:34.244,2.7995,0.0800,-18.2864
2026-05-09T13:04:34.258,2.8696,0.0800,-18.2752
2026-05-09T13:04:34.272,2.9394,0.0800,-18.2641
2026-05-09T13:04:34.285,3.0024,0.0800,-18.2541
2026-05-09T13:04:34.299,3.0749,0.0800,-18.2425
2026-05-09T13:04:34.313,3.1383,0.0800,-18.2324
2026-05-09T13:04:34.326,3.2138,0.0800,-18.2204
2026-05-09T13:04:34.341,3.2785,0.0800,-18.2101
2026-05-09T13:04:34.354,3.3415,0.0800,-18.2000
2026-05-09T13:04:34.368,3.4202,0.0800,-18.1874
2026-05-09T13:04:34.383,3.4802,0.0800,-18.1778
2026-05-09T13:04:34.396,3.5514,0.0800,-18.1664
2026-05-09T13:04:34.411,3.6200,0.0800,-18.1555
2026-05-09T13:04:34.424,3.6862,0.0800,-18.1449
2026-05-09T13:04:34.438,3.7666,0.0800,-18.1330
2026-05-09T13:04:34.452,3.8223,0.0800,-18.1238
2026-05-09T13:04:34.465,3.8878,0.0800,-18.1127
2026-05-09T13:04:34.481,3.9613,0.0800,-18.1044
2026-05-09T13:04:34.494,4.0215,0.0800,-18.0944
2026-05-09T13:04:34.508,4.0961,0.0800,-18.0812
2026-05-09T13:04:34.523,4.1604,0.0800,-18.0720
2026-05-09T13:04:34.536,4.2321,0.0800,-18.0568
2026-05-09T13:04:34.550,4.2989,0.0800,-18.0420
2026-05-09T13:04:34.563,4.3596,0.0800,-18.0278
2026-05-09T13:04:34.578,4.4266,0.0800,-18.0148
2026-05-09T13:04:34.591,4.4928,0.0800,-17.9983
2026-05-09T13:04:34.605,4.5566,0.0800,-17.9813
2026-05-09T13:04:34.620,4.6196,0.0800,-17.9660
2026-05-09T13:04:34.633,4.6882,0.0800,-17.9451
2026-05-09T13:04:34.647,4.7520,0.0800,-17.9243
2026-05-09T13:04:34.661,4.8182,0.0800,-17.9042
2026-05-09T13:04:34.675,4.8799,0.0800,-17.8819
2026-05-09T13:04:34.689,4.9446,0.0800,-17.8575
2026-05-09T13:04:34.701,5.0100,0.0800,-17.8315
2026-05-09T13:04:34.716,5.0749,0.0800,-17.8076
2026-05-09T13:04:34.731,5.1253,0.0800,-17.7856
2026-05-09T13:04:34.744,5.1892,0.0800,-17.7568
2026-05-09T13:04:34.757,5.2596,0.0800,-17.7267
2026-05-09T13:04:34.772,5.3197,0.0800,-17.6983
2026-05-09T13:04:34.785,5.3720,0.0800,-17.6733
2026-05-09T13:04:34.799,5.4391,0.0800,-17.6452
2026-05-09T13:04:34.814,5.4947,0.0800,-17.6193
2026-05-09T13:04:34.828,5.5605,0.0800,-17.5880
2026-05-09T13:04:34.840,5.6243,0.0800,-17.5592
2026-05-09T13:04:34.854,5.6885,0.0800,-17.5259
2026-05-09T13:04:34.869,5.7378,0.0800,-17.4996
2026-05-09T13:04:34.882,5.7995,0.0800,-17.4680
2026-05-09T13:04:34.896,5.8633,0.0800,-17.4317
2026-05-09T13:04:34.910,5.9123,0.0800,-17.4027
2026-05-09T13:04:34.923,5.9817,0.0800,-17.3603
2026-05-09T13:04:34.937,6.0234,0.0800,-17.3370
2026-05-09T13:04:34.952,6.0864,0.0800,-17.2954
2026-05-09T13:04:34.967,6.1367,0.0800,-17.2602
2026-05-09T13:04:34.986,6.1778,0.0800,-17.2300
2026-05-09T13:04:35.001,6.2240,0.0800,-17.1973
2026-05-09T13:04:35.017,6.2732,0.0800,-17.1580
2026-05-09T13:04:35.033,6.3152,0.0800,-17.1227
2026-05-09T13:04:35.046,6.3558,0.0800,-17.0870
2026-05-09T13:04:35.060,6.4042,0.0800,-17.0461
2026-05-09T13:04:35.075,6.4357,0.0800,-17.0157
2026-05-09T13:04:35.090,6.4689,0.0800,-16.9803
2026-05-09T13:04:35.108,6.5125,0.0800,-16.9242
2026-05-09T13:04:35.123,6.5401,0.0800,-16.8847
2026-05-09T13:04:35.138,6.5686,0.0800,-16.8445
2026-05-09T13:04:35.154,6.5906,0.0800,-16.8070
2026-05-09T13:04:35.169,6.6119,0.0800,-16.7662
2026-05-09T13:04:35.187,6.6348,0.0800,-16.7247
2026-05-09T13:04:35.205,6.6493,0.0800,-16.6870
2026-05-09T13:04:35.223,6.6649,0.0800,-16.6408
2026-05-09T13:04:35.238,6.6773,0.0800,-16.5936
2026-05-09T13:04:35.252,6.6862,0.0800,-16.5513
2026-05-09T13:04:35.267,6.6924,0.0800,-16.5127
2026-05-09T13:04:35.283,6.7000,0.0800,-16.4713
2026-05-09T13:04:35.298,6.7023,0.0800,-16.4316
2026-05-09T13:04:35.316,6.7000,0.0800,-16.3857
2026-05-09T13:04:35.331,6.6960,0.0800,-16.3390
2026-05-09T13:04:35.349,6.6894,0.0800,-16.2849
2026-05-09T13:04:35.366,6.6860,0.0800,-16.2328
2026-05-09T13:04:35.380,6.6762,0.0800,-16.1778
2026-05-09T13:04:35.394,6.6649,0.0800,-16.1237
2026-05-09T13:04:35.413,6.6548,0.0800,-16.0811
2026-05-09T13:04:35.430,6.6401,0.0800,-16.0159
2026-05-09T13:04:35.447,6.6323,0.0800,-15.9645
2026-05-09T13:04:35.463,6.6212,0.0800,-15.9040
2026-05-09T13:04:35.479,6.6101,0.0800,-15.8404
2026-05-09T13:04:35.494,6.5993,0.0800,-15.7708
2026-05-09T13:04:35.513,6.5892,0.0800,-15.7031
2026-05-09T13:04:35.529,6.5775,0.0800,-15.6190
2026-05-09T13:04:35.546,6.5680,0.0800,-15.5493
2026-05-09T13:04:35.561,6.5575,0.0800,-15.4710
2026-05-09T13:04:35.578,6.5477,0.0800,-15.3916
2026-05-09T13:04:35.593,6.5384,0.0800,-15.3145
2026-05-09T13:04:35.611,6.5287,0.0800,-15.2325
2026-05-09T13:04:35.628,6.5192,0.0800,-15.1517
2026-05-09T13:04:35.645,6.5093,0.0800,-15.0645
2026-05-09T13:04:35.661,6.5003,0.0800,-14.9827
2026-05-09T13:04:35.677,6.4912,0.0800,-14.8986
2026-05-09T13:04:35.692,6.4825,0.0800,-14.8183
2026-05-09T13:04:35.708,6.4740,0.0800,-14.7366
2026-05-09T13:04:35.724,6.4663,0.0800,-14.6620
2026-05-09T13:04:35.740,6.4581,0.0800,-14.5821
2026-05-09T13:04:35.755,6.4502,0.0800,-14.5046
2026-05-09T13:04:35.769,6.4420,0.0800,-14.4217
2026-05-09T13:04:35.785,6.4356,0.0800,-14.3542
2026-05-09T13:04:35.802,6.4291,0.0800,-14.2832
2026-05-09T13:04:35.819,6.4199,0.0800,-14.1835
2026-05-09T13:04:35.836,6.4134,0.0800,-14.1125
2026-05-09T13:04:35.851,6.4058,0.0800,-14.0300
2026-05-09T13:04:35.865,6.3983,0.0800,-13.9472
2026-05-09T13:04:35.881,6.3916,0.0800,-13.8732
2026-05-09T13:04:35.895,6.3822,0.0800,-13.7702
2026-05-09T13:04:35.910,6.3759,0.0800,-13.7003
2026-05-09T13:04:35.925,6.3694,0.0800,-13.6288
2026-05-09T13:04:35.940,6.3634,0.0800,-13.5631
2026-05-09T13:04:35.955,6.3570,0.0800,-13.4930
2026-05-09T13:04:35.972,6.3503,0.0800,-13.4187
2026-05-09T13:04:35.987,6.3443,0.0800,-13.3527
2026-05-09T13:04:36.003,6.3367,0.0800,-13.2687
2026-05-09T13:04:36.019,6.3300,0.0800,-13.1942
2026-05-09T13:04:36.034,6.3228,0.0800,-13.1145
2026-05-09T13:04:36.049,6.3158,0.0800,-13.0379
2026-05-09T13:04:36.063,6.3087,0.0800,-12.9590
2026-05-09T13:04:36.078,6.3008,0.0800,-12.8708
2026-05-09T13:04:36.092,6.2938,0.0800,-12.7941
2026-05-09T13:04:36.106,6.2882,0.0800,-12.7311
2026-05-09T13:04:36.122,6.2821,0.0800,-12.6641
2026-05-09T13:04:36.138,6.2757,0.0800,-12.5920
2026-05-09T13:04:36.154,6.2693,0.0800,-12.5206
2026-05-09T13:04:36.171,6.2625,0.0800,-12.4448
2026-05-09T13:04:36.190,6.2553,0.0800,-12.3631
2026-05-09T13:04:36.208,6.2481,0.0800,-12.2816
2026-05-09T13:04:36.224,6.2394,0.0800,-12.1825
2026-05-09T13:04:36.240,6.2312,0.0800,-12.0894
2026-05-09T13:04:36.255,6.2248,0.0800,-12.0171
2026-05-09T13:04:36.270,6.2177,0.0800,-11.9351
2026-05-09T13:04:36.284,6.2117,0.0800,-11.8637
2026-05-09T13:04:36.301,6.2054,0.0800,-11.7885
2026-05-09T13:04:36.318,6.1998,0.0800,-11.7202
2026-05-09T13:04:36.337,6.1924,0.0800,-11.6262
2026-05-09T13:04:36.353,6.1860,0.0800,-11.5425
2026-05-09T13:04:36.368,6.1797,0.0800,-11.4501
2026-05-09T13:04:36.383,6.1747,0.0800,-11.3739
2026-05-09T13:04:36.397,6.1677,0.0800,-11.2607
2026-05-09T13:04:36.413,6.1648,0.0800,-11.2119
2026-05-09T13:04:36.427,6.1607,0.0800,-11.1336
2026-05-09T13:04:36.443,6.1578,0.0800,-11.0728
2026-05-09T13:04:36.462,6.1549,0.0800,-11.0001
2026-05-09T13:04:36.485,6.1535,0.0800,-10.9176
2026-05-09T13:04:36.507,6.1550,0.0800,-10.7929
2026-05-09T13:04:36.521,6.1569,0.0800,-10.7141
2026-05-09T13:04:36.537,6.1607,0.0800,-10.5976
2026-05-09T13:04:36.552,6.1637,0.0800,-10.5140
2026-05-09T13:04:36.567,6.1670,0.0800,-10.4449
2026-05-09T13:04:36.582,6.1708,0.0800,-10.3781
2026-05-09T13:04:36.598,6.1755,0.0800,-10.3015
2026-05-09T13:04:36.613,6.1802,0.0800,-10.2287
2026-05-09T13:04:36.627,6.1857,0.0800,-10.1494
2026-05-09T13:04:36.642,6.1912,0.0800,-10.0726
2026-05-09T13:04:36.656,6.1975,0.0800,-10.0004
2026-05-09T13:04:36.670,6.2048,0.0800,-9.9274
2026-05-09T13:04:36.683,6.2137,0.0800,-9.8571
2026-05-09T13:04:36.697,6.2218,0.0800,-9.7866
2026-05-09T13:04:36.710,6.2328,0.0800,-9.7222
2026-05-09T13:04:36.723,6.2465,0.0800,-9.6506
2026-05-09T13:04:36.738,6.2579,0.0800,-9.5826
2026-05-09T13:04:36.752,6.2727,0.0800,-9.5192
2026-05-09T13:04:36.766,6.2917,0.0800,-9.4440
2026-05-09T13:04:36.780,6.3065,0.0800,-9.3787
2026-05-09T13:04:36.793,6.3290,0.0800,-9.3031
2026-05-09T13:04:36.806,6.3501,0.0800,-9.2375
2026-05-09T13:04:36.820,6.3695,0.0800,-9.1723
2026-05-09T13:04:36.835,6.3941,0.0800,-9.1051
2026-05-09T13:04:36.849,6.4192,0.0800,-9.0402
2026-05-09T13:04:36.862,6.4476,0.0800,-8.9713
2026-05-09T13:04:36.877,6.4725,0.0800,-8.9067
2026-05-09T13:04:36.891,6.5017,0.0800,-8.8433
2026-05-09T13:04:36.905,6.5345,0.0800,-8.7753
2026-05-09T13:04:36.920,6.5626,0.0800,-8.7137
2026-05-09T13:04:36.934,6.5988,0.0800,-8.6462
2026-05-09T13:04:36.949,6.6376,0.0800,-8.5774
2026-05-09T13:04:36.963,6.6700,0.0800,-8.5167
2026-05-09T13:04:36.978,6.7093,0.0800,-8.4534
2026-05-09T13:04:36.992,6.7526,0.0800,-8.3868
2026-05-09T13:04:37.005,6.7920,0.0800,-8.3291
2026-05-09T13:04:37.019,6.8303,0.0800,-8.2704
2026-05-09T13:04:37.034,6.8698,0.0800,-8.2173
2026-05-09T13:04:37.048,6.9146,0.0800,-8.1594
2026-05-09T13:04:37.062,6.9624,0.0800,-8.0953
2026-05-09T13:04:37.077,7.0063,0.0800,-8.0433
2026-05-09T13:04:37.091,7.0554,0.0800,-7.9874
2026-05-09T13:04:37.104,7.1114,0.0800,-7.9263
2026-05-09T13:04:37.118,7.1530,0.0800,-7.8781
2026-05-09T13:04:37.132,7.2029,0.0800,-7.8280
2026-05-09T13:04:37.146,7.2528,0.0800,-7.7798
2026-05-09T13:04:37.160,7.3037,0.0800,-7.7288
2026-05-09T13:04:37.174,7.3591,0.0800,-7.6796
2026-05-09T13:04:37.187,7.4098,0.0800,-7.6363
2026-05-09T13:04:37.201,7.4669,0.0800,-7.5860
2026-05-09T13:04:37.216,7.5190,0.0800,-7.5450
2026-05-09T13:04:37.230,7.5813,0.0800,-7.4979
2026-05-09T13:04:37.243,7.6418,0.0800,-7.4540
2026-05-09T13:04:37.258,7.6917,0.0800,-7.4155
2026-05-09T13:04:37.272,7.7579,0.0800,-7.3709
2026-05-09T13:04:37.285,7.8135,0.0800,-7.3353
2026-05-09T13:04:37.299,7.8755,0.0800,-7.2939
2026-05-09T13:04:37.313,7.9332,0.0800,-7.2600
2026-05-09T13:04:37.327,7.9982,0.0800,-7.2234
2026-05-09T13:04:37.341,8.0553,0.0800,-7.1894
2026-05-09T13:04:37.356,8.1185,0.0800,-7.1570
2026-05-09T13:04:37.369,8.1907,0.0800,-7.1218
2026-05-09T13:04:37.383,8.2546,0.0800,-7.0923
2026-05-09T13:04:37.397,8.3166,0.0800,-7.0619
2026-05-09T13:04:37.411,8.3806,0.0800,-7.0347
2026-05-09T13:04:37.424,8.4461,0.0800,-7.0074
2026-05-09T13:04:37.439,8.5143,0.0800,-6.9771
2026-05-09T13:04:37.453,8.5702,0.0800,-6.9534
2026-05-09T13:04:37.466,8.6439,0.0800,-6.9221
2026-05-09T13:04:37.481,8.7038,0.0800,-6.8966
2026-05-09T13:04:37.495,8.7657,0.0800,-6.8703
2026-05-09T13:04:37.509,8.8333,0.0800,-6.8416
2026-05-09T13:04:37.522,8.8970,0.0800,-6.8144
2026-05-09T13:04:37.537,8.9634,0.0800,-6.7860
2026-05-09T13:04:37.551,9.0240,0.0800,-6.7600
2026-05-09T13:04:37.564,9.0896,0.0800,-6.7318
2026-05-09T13:04:37.579,9.1525,0.0800,-6.7046
2026-05-09T13:04:37.593,9.2124,0.0800,-6.6783
2026-05-09T13:04:37.606,9.2782,0.0800,-6.6493
2026-05-09T13:04:37.620,9.3401,0.0800,-6.6217
2026-05-09T13:04:37.633,9.3982,0.0800,-6.5958
2026-05-09T13:04:37.647,9.4576,0.0800,-6.5691
2026-05-09T13:04:37.661,9.5133,0.0800,-6.5439
2026-05-09T13:04:37.675,9.5682,0.0800,-6.5180
2026-05-09T13:04:37.689,9.6213,0.0800,-6.4920
2026-05-09T13:04:37.702,9.6810,0.0800,-6.4601
2026-05-09T13:04:37.716,9.7342,0.0800,-6.4341
2026-05-09T13:04:37.730,9.7792,0.0800,-6.4076
2026-05-09T13:04:37.744,9.8308,0.0800,-6.3761
2026-05-09T13:04:37.758,9.8808,0.0800,-6.3478
2026-05-09T13:04:37.772,9.9285,0.0800,-6.3160
2026-05-09T13:04:37.785,9.9735,0.0800,-6.2845
2026-05-09T13:04:37.799,10.0217,0.0800,-6.2528
2026-05-09T13:04:37.813,10.0577,0.0800,-6.2250
2026-05-09T13:04:37.826,10.1099,0.0800,-6.1818
2026-05-09T13:04:37.840,10.1308,0.0800,-6.1691
2026-05-09T13:04:37.854,10.1640,0.0800,-6.1369
2026-05-09T13:04:37.869,10.1856,0.0800,-6.1137
2026-05-09T13:04:37.887,10.2073,0.0800,-6.0892
2026-05-09T13:04:37.912,10.2326,0.0800,-6.0640
2026-05-09T13:04:37.936,10.2725,0.0800,-6.0122
2026-05-09T13:04:37.955,10.2969,0.0800,-5.9892
2026-05-09T13:04:37.974,10.3273,0.0800,-5.9443
2026-05-09T13:04:37.992,10.3506,0.0800,-5.9074
2026-05-09T13:04:38.010,10.3774,0.0800,-5.8710
2026-05-09T13:04:38.027,10.3975,0.0800,-5.8352
2026-05-09T13:04:38.048,10.4186,0.0800,-5.7947
2026-05-09T13:04:38.065,10.4356,0.0800,-5.7594
2026-05-09T13:04:38.083,10.4541,0.0800,-5.7174
2026-05-09T13:04:38.103,10.4719,0.0800,-5.6730
2026-05-09T13:04:38.124,10.4842,0.0800,-5.6389
2026-05-09T13:04:38.145,10.4986,0.0800,-5.5951
2026-05-09T13:04:38.167,10.5123,0.0800,-5.5467
2026-05-09T13:04:38.190,10.5243,0.0800,-5.4991
2026-05-09T13:04:38.212,10.5350,0.0800,-5.4488
2026-05-09T13:04:38.230,10.5450,0.0800,-5.3928
2026-05-09T13:04:38.249,10.5537,0.0800,-5.3384
2026-05-09T13:04:38.268,10.5609,0.0800,-5.2871
2026-05-09T13:04:38.289,10.5686,0.0800,-5.2264
2026-05-09T13:04:38.309,10.5758,0.0800,-5.1602
2026-05-09T13:04:38.332,10.5838,0.0800,-5.0795
2026-05-09T13:04:38.355,10.5902,0.0800,-4.9996
2026-05-09T13:04:38.378,10.5958,0.0800,-4.9016
2026-05-09T13:04:38.398,10.5986,0.0800,-4.8030
2026-05-09T13:04:38.418,10.5988,0.0800,-4.7016
2026-05-09T13:04:38.439,10.5963,0.0800,-4.6086
2026-05-09T13:04:38.458,10.5915,0.0800,-4.5096
2026-05-09T13:04:38.478,10.5839,0.0800,-4.4092
2026-05-09T13:04:38.499,10.5743,0.0800,-4.3160
2026-05-09T13:04:38.520,10.5620,0.0800,-4.2202
2026-05-09T13:04:38.545,10.5465,0.0800,-4.1179
2026-05-09T13:04:38.569,10.5296,0.0800,-4.0209
2026-05-09T13:04:38.598,10.5049,0.0800,-3.8976
2026-05-09T13:04:38.622,10.4780,0.0800,-3.7812
2026-05-09T13:04:38.647,10.4425,0.0800,-3.6458
2026-05-09T13:04:38.671,10.4086,0.0800,-3.5348
2026-05-09T13:04:38.695,10.3708,0.0800,-3.4239
2026-05-09T13:04:38.718,10.3301,0.0800,-3.3160
2026-05-09T13:04:38.741,10.2860,0.0800,-3.2064
2026-05-09T13:04:38.767,10.2416,0.0800,-3.1029
2026-05-09T13:04:38.794,10.1951,0.0800,-3.0065
2026-05-09T13:04:38.822,10.1511,0.0800,-2.9346
2026-05-09T13:04:38.854,10.1098,0.0800,-2.8844
2026-05-09T13:04:38.889,10.0664,0.0800,-2.8331
2026-05-09T13:04:38.914,10.0161,0.0800,-2.7748
2026-05-09T13:04:38.939,9.9588,0.0800,-2.7101
2026-05-09T13:04:38.965,9.9180,0.0800,-2.6671
2026-05-09T13:04:38.990,9.8755,0.0800,-2.6252
2026-05-09T13:04:39.019,9.8291,0.0800,-2.5824
2026-05-09T13:04:39.049,9.7827,0.0800,-2.5427
2026-05-09T13:04:39.074,9.7283,0.0800,-2.4996
2026-05-09T13:04:39.100,9.6669,0.0800,-2.4544
2026-05-09T13:04:39.124,9.6163,0.0800,-2.4207
2026-05-09T13:04:39.149,9.5630,0.0800,-2.3877
2026-05-09T13:04:39.177,9.5104,0.0800,-2.3577
2026-05-09T13:04:39.207,9.4549,0.0800,-2.3283
2026-05-09T13:04:39.236,9.3939,0.0800,-2.2990
2026-05-09T13:04:39.261,9.3203,0.0800,-2.2677
2026-05-09T13:04:39.287,9.2514,0.0800,-2.2448
2026-05-09T13:04:39.310,9.1875,0.0800,-2.2316
2026-05-09T13:04:39.335,9.1221,0.0800,-2.2240
2026-05-09T13:04:39.358,9.0571,0.0800,-2.2216
2026-05-09T13:04:39.382,8.9705,0.0800,-2.2224
2026-05-09T13:04:39.405,8.8520,0.0800,-2.2264
2026-05-09T13:04:39.428,8.7398,0.0800,-2.2338
2026-05-09T13:04:39.451,8.6242,0.0800,-2.2449
2026-05-09T13:04:39.472,8.5134,0.0800,-2.2590
2026-05-09T13:04:39.491,8.4032,0.0800,-2.2763
2026-05-09T13:04:39.509,8.2861,0.0800,-2.2980
2026-05-09T13:04:39.528,8.2067,0.0800,-2.3093
2026-05-09T13:04:39.550,8.1152,0.0800,-2.3312
2026-05-09T13:04:39.571,8.0256,0.0800,-2.3550
2026-05-09T13:04:39.590,7.9246,0.0800,-2.3844
2026-05-09T13:04:39.611,7.8257,0.0800,-2.4161
2026-05-09T13:04:39.630,7.7346,0.0800,-2.4481
2026-05-09T13:04:39.649,7.6385,0.0800,-2.4845
2026-05-09T13:04:39.668,7.5492,0.0800,-2.5210
2026-05-09T13:04:39.688,7.4686,0.0800,-2.5561
2026-05-09T13:04:39.707,7.3816,0.0800,-2.5946
2026-05-09T13:04:39.728,7.2921,0.0800,-2.6353
2026-05-09T13:04:39.749,7.1979,0.0800,-2.6767
2026-05-09T13:04:39.770,7.1090,0.0800,-2.7156
2026-05-09T13:04:39.787,7.0085,0.0800,-2.7575
2026-05-09T13:04:39.805,6.9098,0.0800,-2.7978
2026-05-09T13:04:39.824,6.8377,0.0800,-2.8269
2026-05-09T13:04:39.846,6.7730,0.0800,-2.8508
2026-05-09T13:04:39.871,6.7276,0.0800,-2.8637
2026-05-09T13:04:39.893,6.6861,0.0800,-2.8729
2026-05-09T13:04:39.915,6.6539,0.0800,-2.8781
2026-05-09T13:04:39.934,6.6378,0.0800,-2.8788
2026-05-09T13:04:39.952,6.6268,0.0800,-2.8782
2026-05-09T13:04:39.971,6.6248,0.0800,-2.8778
2026-05-09T13:04:39.991,6.6238,0.0800,-2.8777
2026-05-09T13:04:40.270,6.6252,0.0800,-2.8776
2026-05-09T13:04:40.289,6.6301,0.0800,-2.8753
2026-05-09T13:04:40.308,6.6365,0.0800,-2.8723
2026-05-09T13:04:40.329,6.6440,0.0800,-2.8681
2026-05-09T13:04:40.352,6.6514,0.0800,-2.8638
2026-05-09T13:04:40.377,6.6598,0.0800,-2.8592
2026-05-09T13:04:40.395,6.6688,0.0800,-2.8546
2026-05-09T13:04:40.415,6.6792,0.0800,-2.8497
2026-05-09T13:04:40.434,6.6864,0.0800,-2.8465
2026-05-09T13:04:40.455,6.6951,0.0800,-2.8435
2026-05-09T13:04:40.475,6.7047,0.0800,-2.8467
2026-05-09T13:04:40.498,6.7110,0.0800,-2.8457
2026-05-09T13:04:40.520,6.7137,0.0800,-2.8460
2026-05-09T13:04:40.539,6.7108,0.0800,-2.8447
2026-05-09T13:04:40.558,6.7058,0.0800,-2.8426
2026-05-09T13:04:40.576,6.6988,0.0800,-2.8405
2026-05-09T13:04:40.596,6.6794,0.0800,-2.8392
2026-05-09T13:04:40.618,6.6547,0.0800,-2.8387
2026-05-09T13:04:40.639,6.5935,0.0800,-2.8415
2026-05-09T13:04:40.660,6.5136,0.0800,-2.8474
2026-05-09T13:04:40.680,6.4009,0.0800,-2.8587
2026-05-09T13:04:40.700,6.3061,0.0800,-2.8692
2026-05-09T13:04:40.719,6.2005,0.0800,-2.8810
2026-05-09T13:04:40.739,6.1004,0.0800,-2.8928
2026-05-09T13:04:40.758,6.0080,0.0800,-2.9039
2026-05-09T13:04:40.778,5.9057,0.0800,-2.9164
2026-05-09T13:04:40.797,5.8161,0.0800,-2.9274
2026-05-09T13:04:40.818,5.7172,0.0800,-2.9394
2026-05-09T13:04:40.838,5.6182,0.0800,-2.9515
2026-05-09T13:04:40.857,5.5209,0.0800,-2.9634
2026-05-09T13:04:40.876,5.4191,0.0800,-2.9759
2026-05-09T13:04:40.896,5.3262,0.0800,-2.9873
2026-05-09T13:04:40.914,5.2298,0.0800,-2.9991
2026-05-09T13:04:40.931,5.1344,0.0800,-3.0108
2026-05-09T13:04:40.951,5.0428,0.0800,-3.0221
2026-05-09T13:04:40.969,4.9554,0.0800,-3.0329
2026-05-09T13:04:40.989,4.8627,0.0800,-3.0443
2026-05-09T13:04:41.010,4.7703,0.0800,-3.0558
2026-05-09T13:04:41.029,4.6705,0.0800,-3.0681
2026-05-09T13:04:41.048,4.5650,0.0800,-3.0811
2026-05-09T13:04:41.067,4.4752,0.0800,-3.0922
2026-05-09T13:04:41.085,4.3824,0.0800,-3.1036
2026-05-09T13:04:41.106,4.2820,0.0800,-3.1160
2026-05-09T13:04:41.127,4.1976,0.0800,-3.1264
2026-05-09T13:04:41.148,4.0942,0.0800,-3.1391
2026-05-09T13:04:41.170,3.9879,0.0800,-3.1540
2026-05-09T13:04:41.189,3.8914,0.0800,-3.1675
2026-05-09T13:04:41.208,3.8252,0.0800,-3.1797
2026-05-09T13:04:41.228,3.7810,0.0800,-3.1908
2026-05-09T13:04:41.249,3.7330,0.0800,-3.1951
2026-05-09T13:04:41.268,3.6920,0.0800,-3.1986
2026-05-09T13:04:41.288,3.6438,0.0800,-3.2012
2026-05-09T13:04:41.309,3.5988,0.0800,-3.2036
2026-05-09T13:04:41.329,3.5533,0.0800,-3.2072
2026-05-09T13:04:41.348,3.5070,0.0800,-3.2121
2026-05-09T13:04:41.366,3.4566,0.0800,-3.2189
2026-05-09T13:04:41.383,3.4181,0.0800,-3.2252
2026-05-09T13:04:41.400,3.3752,0.0800,-3.2333
2026-05-09T13:04:41.419,3.3387,0.0800,-3.2412
2026-05-09T13:04:41.438,3.2979,0.0800,-3.2509
2026-05-09T13:04:41.457,3.2564,0.0800,-3.2619
2026-05-09T13:04:41.475,3.2132,0.0800,-3.2745
2026-05-09T13:04:41.494,3.1716,0.0800,-3.2877
2026-05-09T13:04:41.512,3.1302,0.0800,-3.3021
2026-05-09T13:04:41.530,3.0866,0.0800,-3.3139
2026-05-09T13:04:41.547,3.0450,0.0800,-3.3307
2026-05-09T13:04:41.564,3.0071,0.0800,-3.3472
2026-05-09T13:04:41.582,2.9718,0.0800,-3.3636
2026-05-09T13:04:41.598,2.9354,0.0800,-3.3815
2026-05-09T13:04:41.615,2.8988,0.0800,-3.4006
2026-05-09T13:04:41.632,2.8642,0.0800,-3.4196
2026-05-09T13:04:41.647,2.8309,0.0800,-3.4390
2026-05-09T13:04:41.663,2.7897,0.0800,-3.4597
2026-05-09T13:04:41.680,2.7623,0.0800,-3.4774
2026-05-09T13:04:41.697,2.7303,0.0800,-3.4989
2026-05-09T13:04:41.714,2.6974,0.0800,-3.5221
2026-05-09T13:04:41.731,2.6645,0.0800,-3.5464
2026-05-09T13:04:41.750,2.6296,0.0800,-3.5684
2026-05-09T13:04:41.766,2.5973,0.0800,-3.5948
2026-05-09T13:04:41.783,2.5641,0.0800,-3.6231
2026-05-09T13:04:41.800,2.5346,0.0800,-3.6496
2026-05-09T13:04:41.814,2.5071,0.0800,-3.6743
2026-05-09T13:04:41.829,2.4754,0.0800,-3.7036
2026-05-09T13:04:41.845,2.4474,0.0800,-3.7244
2026-05-09T13:04:41.861,2.4210,0.0800,-3.7496
2026-05-09T13:04:41.879,2.3944,0.0800,-3.7759
2026-05-09T13:04:41.895,2.3682,0.0800,-3.8028
2026-05-09T13:04:41.910,2.3394,0.0800,-3.8338
2026-05-09T13:04:41.924,2.3144,0.0800,-3.8620
2026-05-09T13:04:41.941,2.2876,0.0800,-3.8881
2026-05-09T13:04:41.958,2.2615,0.0800,-3.9200
2026-05-09T13:04:41.974,2.2406,0.0800,-3.9470
2026-05-09T13:04:41.989,2.2176,0.0800,-3.9782
2026-05-09T13:04:42.006,2.1912,0.0800,-4.0107
2026-05-09T13:04:42.022,2.1718,0.0800,-4.0417
2026-05-09T13:04:42.038,2.1498,0.0800,-4.0794
2026-05-09T13:04:42.054,2.1298,0.0800,-4.1159
2026-05-09T13:04:42.071,2.1152,0.0800,-4.1447
2026-05-09T13:04:42.087,2.0959,0.0800,-4.1776
2026-05-09T13:04:42.103,2.0789,0.0800,-4.2149
2026-05-09T13:04:42.118,2.0637,0.0800,-4.2501
2026-05-09T13:04:42.134,2.0485,0.0800,-4.2879
2026-05-09T13:04:42.149,2.0365,0.0800,-4.3196
2026-05-09T13:04:42.164,2.0226,0.0800,-4.3587
2026-05-09T13:04:42.180,2.0078,0.0800,-4.3908
2026-05-09T13:04:42.196,1.9969,0.0800,-4.4258
2026-05-09T13:04:42.211,1.9857,0.0800,-4.4640
2026-05-09T13:04:42.225,1.9740,0.0800,-4.5060
2026-05-09T13:04:42.240,1.9599,0.0800,-4.5464
2026-05-09T13:04:42.253,1.9513,0.0800,-4.5817
2026-05-09T13:04:42.267,1.9426,0.0800,-4.6193
2026-05-09T13:04:42.282,1.9346,0.0800,-4.6435
2026-05-09T13:04:42.298,1.9299,0.0800,-4.6661
2026-05-09T13:04:42.313,1.9267,0.0800,-4.6781
2026-05-09T13:04:42.328,1.9240,0.0800,-4.6881
2026-05-09T13:04:42.345,1.9220,0.0800,-4.6959
2026-05-09T13:04:42.360,1.9212,0.0800,-4.6987
2026-05-09T13:04:42.377,1.9208,0.0800,-4.7004
2026-05-09T13:04:42.502,1.9203,0.0800,-4.7018
2026-05-09T13:04:42.516,1.9192,0.0800,-4.7056
2026-05-09T13:04:42.530,1.9173,0.0800,-4.7135
2026-05-09T13:04:42.544,1.9145,0.0800,-4.7321
2026-05-09T13:04:42.558,1.9114,0.0800,-4.7588
2026-05-09T13:04:42.572,1.9086,0.0800,-4.7914
2026-05-09T13:04:42.589,1.9064,0.0800,-4.8407
2026-05-09T13:04:42.603,1.9041,0.0800,-4.9107
2026-05-09T13:04:42.617,1.9018,0.0800,-4.9992
2026-05-09T13:04:42.631,1.9007,0.0800,-5.0657
2026-05-09T13:04:42.645,1.8996,0.0800,-5.1390
2026-05-09T13:04:42.658,1.8986,0.0800,-5.2069
2026-05-09T13:04:42.673,1.8976,0.0800,-5.2757
2026-05-09T13:04:42.686,1.8967,0.0800,-5.3429
2026-05-09T13:04:42.701,1.8958,0.0800,-5.4190
2026-05-09T13:04:42.714,1.8951,0.0800,-5.4828
2026-05-09T13:04:42.728,1.8945,0.0800,-5.5586
2026-05-09T13:04:42.742,1.8940,0.0800,-5.6213
2026-05-09T13:04:42.757,1.8934,0.0800,-5.6928
2026-05-09T13:04:42.769,1.8930,0.0800,-5.7628
2026-05-09T13:04:42.783,1.8925,0.0800,-5.8331
2026-05-09T13:04:42.797,1.8921,0.0800,-5.8982
2026-05-09T13:04:42.812,1.8916,0.0800,-5.9675
2026-05-09T13:04:42.825,1.8912,0.0800,-6.0367
2026-05-09T13:04:42.840,1.8908,0.0800,-6.1125
2026-05-09T13:04:42.854,1.8906,0.0800,-6.1764
2026-05-09T13:04:42.867,1.8904,0.0800,-6.2509
2026-05-09T13:04:42.881,1.8903,0.0800,-6.3179
2026-05-09T13:04:42.895,1.8903,0.0800,-6.3880
2026-05-09T13:04:42.911,1.8903,0.0800,-6.4573
2026-05-09T13:04:42.927,1.8903,0.0800,-6.5526
2026-05-09T13:04:42.943,1.8904,0.0800,-6.6161
2026-05-09T13:04:42.958,1.8905,0.0800,-6.6918
2026-05-09T13:04:42.978,1.8908,0.0800,-6.7695
2026-05-09T13:04:42.991,1.8911,0.0800,-6.8419
2026-05-09T13:04:43.004,1.8915,0.0800,-6.9368
2026-05-09T13:04:43.019,1.8919,0.0800,-7.0054
2026-05-09T13:04:43.033,1.8922,0.0800,-7.0724
2026-05-09T13:04:43.047,1.8926,0.0800,-7.1432
2026-05-09T13:04:43.064,1.8930,0.0800,-7.2178
2026-05-09T13:04:43.081,1.8934,0.0800,-7.2847
2026-05-09T13:04:43.098,1.8940,0.0800,-7.3899
2026-05-09T13:04:43.112,1.8944,0.0800,-7.4581
2026-05-09T13:04:43.125,1.8950,0.0800,-7.5439
2026-05-09T13:04:43.143,1.8954,0.0800,-7.6090
2026-05-09T13:04:43.158,1.8958,0.0800,-7.6722
2026-05-09T13:04:43.172,1.8964,0.0800,-7.7679
2026-05-09T13:04:43.185,1.8968,0.0800,-7.8378
2026-05-09T13:04:43.201,1.8972,0.0800,-7.9110
2026-05-09T13:04:43.214,1.8976,0.0800,-7.9759
2026-05-09T13:04:43.227,1.8981,0.0800,-8.0550
2026-05-09T13:04:43.242,1.8984,0.0800,-8.1208
2026-05-09T13:04:43.256,1.8988,0.0800,-8.1849
2026-05-09T13:04:43.269,1.8992,0.0800,-8.2586
2026-05-09T13:04:43.283,1.8995,0.0800,-8.3277
2026-05-09T13:04:43.297,1.8998,0.0800,-8.3920
2026-05-09T13:04:43.311,1.9001,0.0800,-8.4627
2026-05-09T13:04:43.324,1.9004,0.0800,-8.5363
2026-05-09T13:04:43.338,1.9007,0.0800,-8.6025
2026-05-09T13:04:43.352,1.9011,0.0800,-8.6687
2026-05-09T13:04:43.367,1.9014,0.0800,-8.7392
2026-05-09T13:04:43.381,1.9017,0.0800,-8.8068
2026-05-09T13:04:43.395,1.9021,0.0800,-8.8865
2026-05-09T13:04:43.409,1.9024,0.0800,-8.9498
2026-05-09T13:04:43.424,1.9027,0.0800,-9.0251
2026-05-09T13:04:43.437,1.9031,0.0800,-9.0940
2026-05-09T13:04:43.452,1.9034,0.0800,-9.1648
2026-05-09T13:04:43.465,1.9037,0.0800,-9.2311
2026-05-09T13:04:43.480,1.9040,0.0800,-9.3089
2026-05-09T13:04:43.494,1.9042,0.0800,-9.3703
2026-05-09T13:04:43.507,1.9046,0.0800,-9.4504
2026-05-09T13:04:43.522,1.9049,0.0800,-9.5157
2026-05-09T13:04:43.535,1.9052,0.0800,-9.5850
2026-05-09T13:04:43.550,1.9055,0.0800,-9.6603
2026-05-09T13:04:43.562,1.9058,0.0800,-9.7239
2026-05-09T13:04:43.576,1.9061,0.0800,-9.7971
2026-05-09T13:04:43.591,1.9063,0.0800,-9.8555
2026-05-09T13:04:43.604,1.9067,0.0800,-9.9319
2026-05-09T13:04:43.620,1.9069,0.0800,-10.0005
2026-05-09T13:04:43.634,1.9072,0.0800,-10.0677
2026-05-09T13:04:43.646,1.9075,0.0800,-10.1465
2026-05-09T13:04:43.660,1.9078,0.0800,-10.2176
2026-05-09T13:04:43.675,1.9080,0.0800,-10.2756
2026-05-09T13:04:43.688,1.9083,0.0800,-10.3492
2026-05-09T13:04:43.702,1.9085,0.0800,-10.4243
2026-05-09T13:04:43.717,1.9088,0.0800,-10.4882
2026-05-09T13:04:43.729,1.9090,0.0800,-10.5560
2026-05-09T13:04:43.743,1.9092,0.0800,-10.6319
2026-05-09T13:04:43.758,1.9094,0.0800,-10.6910
2026-05-09T13:04:43.772,1.9096,0.0800,-10.7599
2026-05-09T13:04:43.785,1.9098,0.0800,-10.8395
2026-05-09T13:04:43.799,1.9100,0.0800,-10.9114
2026-05-09T13:04:43.813,1.9101,0.0800,-10.9680
2026-05-09T13:04:43.827,1.9103,0.0800,-11.0467
2026-05-09T13:04:43.841,1.9105,0.0800,-11.1128
2026-05-09T13:04:43.856,1.9107,0.0800,-11.1794
2026-05-09T13:04:43.869,1.9108,0.0800,-11.2568
2026-05-09T13:04:43.884,1.9109,0.0800,-11.3297
2026-05-09T13:04:43.897,1.9110,0.0800,-11.3918
2026-05-09T13:04:43.911,1.9111,0.0800,-11.4680
2026-05-09T13:04:43.925,1.9112,0.0800,-11.5271
2026-05-09T13:04:43.941,1.9113,0.0800,-11.5989
2026-05-09T13:04:43.953,1.9114,0.0800,-11.6692
2026-05-09T13:04:43.967,1.9115,0.0800,-11.7539
2026-05-09T13:04:43.981,1.9116,0.0800,-11.8108
2026-05-09T13:04:43.996,1.9117,0.0800,-11.8802
2026-05-09T13:04:44.009,1.9118,0.0800,-11.9483
2026-05-09T13:04:44.024,1.9119,0.0800,-12.0242
2026-05-09T13:04:44.036,1.9119,0.0800,-12.0941
2026-05-09T13:04:44.051,1.9120,0.0800,-12.1647
2026-05-09T13:04:44.063,1.9120,0.0800,-12.2235
2026-05-09T13:04:44.078,1.9120,0.0800,-12.2992
2026-05-09T13:04:44.092,1.9120,0.0800,-12.3579
2026-05-09T13:04:44.106,1.9120,0.0800,-12.4366
2026-05-09T13:04:44.119,1.9119,0.0800,-12.5054
2026-05-09T13:04:44.133,1.9118,0.0800,-12.5777
2026-05-09T13:04:44.147,1.9117,0.0800,-12.6377
2026-05-09T13:04:44.162,1.9116,0.0800,-12.7122
2026-05-09T13:04:44.175,1.9114,0.0800,-12.7750
2026-05-09T13:04:44.190,1.9112,0.0800,-12.8543
2026-05-09T13:04:44.202,1.9111,0.0800,-12.9216
2026-05-09T13:04:44.218,1.9109,0.0800,-12.9976
2026-05-09T13:04:44.230,1.9106,0.0800,-13.0542
2026-05-09T13:04:44.244,1.9088,0.0800,-13.1347
2026-05-09T13:04:44.258,1.9081,0.0800,-13.1929
2026-05-09T13:04:44.272,1.9028,0.0800,-13.2680
2026-05-09T13:04:44.285,1.8963,0.0800,-13.3324
2026-05-09T13:04:44.299,1.8907,0.0800,-13.4051
2026-05-09T13:04:44.314,1.8812,0.0800,-13.4715
2026-05-09T13:04:44.328,1.8697,0.0800,-13.5425
2026-05-09T13:04:44.342,1.8600,0.0800,-13.6140
2026-05-09T13:04:44.357,1.8456,0.0800,-13.6844
2026-05-09T13:04:44.369,1.8292,0.0800,-13.7589
2026-05-09T13:04:44.384,1.8153,0.0800,-13.8141
2026-05-09T13:04:44.397,1.8037,0.0800,-13.8712
2026-05-09T13:04:44.410,1.7920,0.0800,-13.9127
2026-05-09T13:04:44.423,1.7774,0.0800,-13.9608
2026-05-09T13:04:44.437,1.7715,0.0800,-13.9909
2026-05-09T13:04:44.451,1.7557,0.0800,-14.0345
2026-05-09T13:04:44.468,1.7466,0.0800,-14.0575
2026-05-09T13:04:44.483,1.7287,0.0800,-14.1001
2026-05-09T13:04:44.498,1.7208,0.0800,-14.1284
2026-05-09T13:04:44.512,1.7425,0.0800,-14.1073
2026-05-09T13:04:44.532,1.7641,0.0800,-14.0858
2026-05-09T13:04:44.547,1.7872,0.0800,-14.0677
2026-05-09T13:04:44.563,1.8133,0.0800,-14.0376
2026-05-09T13:04:44.576,1.8326,0.0800,-14.0157
2026-05-09T13:04:44.590,1.8516,0.0800,-13.9930
2026-05-09T13:04:44.604,1.8682,0.0800,-13.9736
2026-05-09T13:04:44.618,1.8915,0.0800,-13.9511
2026-05-09T13:04:44.631,1.9088,0.0800,-13.9306
2026-05-09T13:04:44.646,1.9258,0.0800,-13.9108
2026-05-09T13:04:44.659,1.9473,0.0800,-13.8912
2026-05-09T13:04:44.672,1.9666,0.0800,-13.8699
2026-05-09T13:04:44.686,1.9845,0.0800,-13.8509
2026-05-09T13:04:44.700,2.0058,0.0800,-13.8338
2026-05-09T13:04:44.714,2.0248,0.0800,-13.8151
2026-05-09T13:04:44.729,2.0450,0.0800,-13.7959
2026-05-09T13:04:44.742,2.0695,0.0800,-13.7781
2026-05-09T13:04:44.757,2.0915,0.0800,-13.7589
2026-05-09T13:04:44.770,2.1124,0.0800,-13.7413
2026-05-09T13:04:44.783,2.1346,0.0800,-13.7233
2026-05-09T13:04:44.797,2.1583,0.0800,-13.7094
2026-05-09T13:04:44.811,2.1780,0.0800,-13.6947
2026-05-09T13:04:44.824,2.2023,0.0800,-13.6773
2026-05-09T13:04:44.838,2.2276,0.0800,-13.6644
2026-05-09T13:04:44.852,2.2497,0.0800,-13.6498
2026-05-09T13:04:44.866,2.2726,0.0800,-13.6354
2026-05-09T13:04:44.880,2.3023,0.0800,-13.6217
2026-05-09T13:04:44.893,2.3249,0.0800,-13.6090
2026-05-09T13:04:44.908,2.3401,0.0800,-13.6010
2026-05-09T13:04:44.923,2.3529,0.0800,-13.5964
2026-05-09T13:04:44.936,2.3600,0.0800,-13.5938
2026-05-09T13:04:44.950,2.3657,0.0800,-13.5921
2026-05-09T13:04:44.964,2.3607,0.0800,-13.5948
2026-05-09T13:04:44.978,2.3537,0.0800,-13.5990
2026-05-09T13:04:44.992,2.3451,0.0800,-13.6044
2026-05-09T13:04:45.006,2.3329,0.0800,-13.6123
2026-05-09T13:04:45.020,2.3147,0.0800,-13.6258
2026-05-09T13:04:45.034,2.2915,0.0800,-13.6430
2026-05-09T13:04:45.047,2.2653,0.0800,-13.6628
2026-05-09T13:04:45.061,2.2314,0.0800,-13.6889
2026-05-09T13:04:45.076,2.1900,0.0800,-13.7214
2026-05-09T13:04:45.089,2.1372,0.0800,-13.7640
2026-05-09T13:04:45.103,2.0790,0.0800,-13.8119
2026-05-09T13:04:45.118,2.0300,0.0800,-13.8531
2026-05-09T13:04:45.131,1.9757,0.0800,-13.8988
2026-05-09T13:04:45.145,1.9190,0.0800,-13.9465
2026-05-09T13:04:45.159,1.8671,0.0800,-13.9888
2026-05-09T13:04:45.173,1.8154,0.0800,-14.0303
2026-05-09T13:04:45.187,1.7593,0.0800,-14.0740
2026-05-09T13:04:45.201,1.7034,0.0800,-14.1184
2026-05-09T13:04:45.215,1.6480,0.0800,-14.1587
2026-05-09T13:04:45.228,1.5871,0.0800,-14.2010
2026-05-09T13:04:45.242,1.5294,0.0800,-14.2393
2026-05-09T13:04:45.256,1.4729,0.0800,-14.2792
2026-05-09T13:04:45.271,1.4156,0.0800,-14.3142
2026-05-09T13:04:45.284,1.3531,0.0800,-14.3510
2026-05-09T13:04:45.298,1.2930,0.0800,-14.3887
2026-05-09T13:04:45.313,1.2349,0.0800,-14.4200
2026-05-09T13:04:45.326,1.1674,0.0800,-14.4547
2026-05-09T13:04:45.340,1.1073,0.0800,-14.4881
2026-05-09T13:04:45.354,1.0455,0.0800,-14.5167
2026-05-09T13:04:45.367,0.9785,0.0800,-14.5462
2026-05-09T13:04:45.381,0.9180,0.0800,-14.5749
2026-05-09T13:04:45.395,0.8529,0.0800,-14.6002
2026-05-09T13:04:45.408,0.7901,0.0800,-14.6232
2026-05-09T13:04:45.423,0.7251,0.0800,-14.6488
2026-05-09T13:04:45.437,0.6576,0.0800,-14.6701
2026-05-09T13:04:45.450,0.5891,0.0800,-14.6898
2026-05-09T13:04:45.464,0.5206,0.0800,-14.7076
2026-05-09T13:04:45.479,0.4559,0.0800,-14.7265
2026-05-09T13:04:45.492,0.3863,0.0800,-14.7416
2026-05-09T13:04:45.506,0.3136,0.0800,-14.7555
2026-05-09T13:04:45.520,0.2473,0.0800,-14.7704
2026-05-09T13:04:45.534,0.1779,0.0800,-14.7806
2026-05-09T13:04:45.547,0.1069,0.0800,-14.7892
2026-05-09T13:04:45.561,0.0397,0.0800,-14.7989
2026-05-09T13:04:45.575,-0.0278,0.0800,-14.8026
2026-05-09T13:04:45.590,-0.0999,0.0800,-14.8040
2026-05-09T13:04:45.606,-0.1716,0.0800,-14.8026
2026-05-09T13:04:45.631,-0.2469,0.0800,-14.8010
2026-05-09T13:04:45.645,-0.3272,0.0800,-14.7868
2026-05-09T13:04:45.659,-0.4211,0.0800,-14.7649
2026-05-09T13:04:45.673,-0.4710,0.0800,-14.7489
2026-05-09T13:04:45.688,-0.5113,0.0800,-14.7329
2026-05-09T13:04:45.703,-0.5493,0.0800,-14.7191
2026-05-09T13:04:45.728,-0.5138,0.0800,-14.7238
2026-05-09T13:04:45.742,-0.4634,0.0800,-14.7307
2026-05-09T13:04:45.756,-0.4134,0.0800,-14.7390
2026-05-09T13:04:45.771,-0.3796,0.0800,-14.7458
2026-05-09T13:04:45.785,-0.3478,0.0800,-14.7532
2026-05-09T13:04:45.801,-0.3119,0.0800,-14.7655
2026-05-09T13:04:45.816,-0.2773,0.0800,-14.7751
2026-05-09T13:04:45.832,-0.2347,0.0800,-14.7886
2026-05-09T13:04:45.845,-0.2022,0.0800,-14.7999
2026-05-09T13:04:45.859,-0.1637,0.0800,-14.8182
2026-05-09T13:04:45.874,-0.1339,0.0800,-14.8312
2026-05-09T13:04:45.888,-0.1026,0.0800,-14.8456
2026-05-09T13:04:45.903,-0.0689,0.0800,-14.8657
2026-05-09T13:04:45.918,-0.0371,0.0800,-14.8824
2026-05-09T13:04:45.934,-0.0034,0.0800,-14.9011
2026-05-09T13:04:45.950,0.0283,0.0800,-14.9196
2026-05-09T13:04:45.967,0.0639,0.0800,-14.9451
2026-05-09T13:04:45.981,0.0975,0.0800,-14.9665
2026-05-09T13:04:45.996,0.1373,0.0800,-14.9929
2026-05-09T13:04:46.011,0.1690,0.0800,-15.0147
2026-05-09T13:04:46.025,0.1985,0.0800,-15.0357
2026-05-09T13:04:46.042,0.2281,0.0800,-15.0615
2026-05-09T13:04:46.058,0.2574,0.0800,-15.0845
2026-05-09T13:04:46.074,0.2961,0.0800,-15.1166
2026-05-09T13:04:46.090,0.3221,0.0800,-15.1397
2026-05-09T13:04:46.107,0.2986,0.0800,-15.1249
2026-05-09T13:04:46.124,0.2513,0.0800,-15.0935
2026-05-09T13:04:46.139,0.1827,0.0800,-15.0504
2026-05-09T13:04:46.154,0.1139,0.0800,-15.0103
2026-05-09T13:04:46.169,0.0467,0.0800,-14.9715
2026-05-09T13:04:46.185,-0.0158,0.0800,-14.9362
2026-05-09T13:04:46.200,-0.0821,0.0800,-14.8991
2026-05-09T13:04:46.216,-0.1477,0.0800,-14.8627
2026-05-09T13:04:46.231,-0.2169,0.0800,-14.8245
2026-05-09T13:04:46.246,-0.2859,0.0800,-14.7864
2026-05-09T13:04:46.264,-0.3650,0.0800,-14.7428
2026-05-09T13:04:46.281,-0.4197,0.0800,-14.7126
2026-05-09T13:04:46.299,-0.4971,0.0800,-14.6699
2026-05-09T13:04:46.315,-0.5681,0.0800,-14.6308
2026-05-09T13:04:46.332,-0.6518,0.0800,-14.5845
2026-05-09T13:04:46.348,-0.7206,0.0800,-14.5466
2026-05-09T13:04:46.364,-0.7976,0.0800,-14.5041
2026-05-09T13:04:46.380,-0.8597,0.0800,-14.4698
2026-05-09T13:04:46.396,-0.9315,0.0800,-14.4302
2026-05-09T13:04:46.414,-1.0002,0.0800,-14.3922
2026-05-09T13:04:46.431,-1.0713,0.0800,-14.3527
2026-05-09T13:04:46.448,-1.1494,0.0800,-14.3084
2026-05-09T13:04:46.464,-1.2267,0.0800,-14.2624
2026-05-09T13:04:46.479,-1.2904,0.0800,-14.2179
2026-05-09T13:04:46.495,-1.3563,0.0800,-14.1690
2026-05-09T13:04:46.513,-1.4158,0.0800,-14.1219
2026-05-09T13:04:46.531,-1.4825,0.0800,-14.0619
2026-05-09T13:04:46.550,-1.5401,0.0800,-14.0039
2026-05-09T13:04:46.567,-1.5946,0.0800,-13.9341
2026-05-09T13:04:46.584,-1.6506,0.0800,-13.8581
2026-05-09T13:04:46.600,-1.6984,0.0800,-13.7827
2026-05-09T13:04:46.616,-1.7398,0.0800,-13.7137
2026-05-09T13:04:46.633,-1.7795,0.0800,-13.6373
2026-05-09T13:04:46.650,-1.8126,0.0800,-13.5695
2026-05-09T13:04:46.667,-1.8522,0.0800,-13.4787
2026-05-09T13:04:46.685,-1.8803,0.0800,-13.4145
2026-05-09T13:04:46.704,-1.9144,0.0800,-13.3351
2026-05-09T13:04:46.721,-1.9488,0.0800,-13.2575
2026-05-09T13:04:46.738,-1.9880,0.0800,-13.1729
2026-05-09T13:04:46.756,-2.0239,0.0800,-13.0996
2026-05-09T13:04:46.773,-2.0598,0.0800,-13.0294
2026-05-09T13:04:46.790,-2.1011,0.0800,-12.9527
2026-05-09T13:04:46.807,-2.1456,0.0800,-12.8745
2026-05-09T13:04:46.824,-2.1830,0.0800,-12.8070
2026-05-09T13:04:46.840,-2.2266,0.0800,-12.7376
2026-05-09T13:04:46.855,-2.2698,0.0800,-12.6723
2026-05-09T13:04:46.870,-2.3167,0.0800,-12.6044
2026-05-09T13:04:46.885,-2.3560,0.0800,-12.5503
2026-05-09T13:04:46.903,-2.4062,0.0800,-12.4800
2026-05-09T13:04:46.919,-2.4455,0.0800,-12.4309
2026-05-09T13:04:46.933,-2.4997,0.0800,-12.3666
2026-05-09T13:04:46.948,-2.5507,0.0800,-12.3107
2026-05-09T13:04:46.963,-2.6015,0.0800,-12.2542
2026-05-09T13:04:46.977,-2.6478,0.0800,-12.2081
2026-05-09T13:04:46.992,-2.7034,0.0800,-12.1575
2026-05-09T13:04:47.006,-2.7587,0.0800,-12.1091
2026-05-09T13:04:47.020,-2.8134,0.0800,-12.0638
2026-05-09T13:04:47.034,-2.8722,0.0800,-12.0167
2026-05-09T13:04:47.047,-2.9249,0.0800,-11.9760
2026-05-09T13:04:47.062,-2.9817,0.0800,-11.9330
2026-05-09T13:04:47.076,-3.0338,0.0800,-11.8943
2026-05-09T13:04:47.090,-3.0925,0.0800,-11.8538
2026-05-09T13:04:47.105,-3.1530,0.0800,-11.8140
2026-05-09T13:04:47.119,-3.2134,0.0800,-11.7760
2026-05-09T13:04:47.133,-3.2781,0.0800,-11.7370
2026-05-09T13:04:47.147,-3.3372,0.0800,-11.7019
2026-05-09T13:04:47.161,-3.4079,0.0800,-11.6611
2026-05-09T13:04:47.185,-3.4695,0.0800,-11.6262
2026-05-09T13:04:47.198,-3.5298,0.0800,-11.5924
2026-05-09T13:04:47.212,-3.6255,0.0800,-11.5397
2026-05-09T13:04:47.225,-3.6839,0.0800,-11.5081
2026-05-09T13:04:47.240,-3.7440,0.0800,-11.4781
2026-05-09T13:04:47.254,-3.8018,0.0800,-11.4505
2026-05-09T13:04:47.269,-3.8720,0.0800,-11.4177
2026-05-09T13:04:47.283,-3.9346,0.0800,-11.3901
2026-05-09T13:04:47.298,-4.0032,0.0800,-11.3612
2026-05-09T13:04:47.311,-4.0687,0.0800,-11.3366
2026-05-09T13:04:47.324,-4.1412,0.0800,-11.3095
2026-05-09T13:04:47.338,-4.1980,0.0800,-11.2892
2026-05-09T13:04:47.353,-4.2625,0.0800,-11.2689
2026-05-09T13:04:47.367,-4.3300,0.0800,-11.2482
2026-05-09T13:04:47.381,-4.3992,0.0800,-11.2291
2026-05-09T13:04:47.396,-4.4715,0.0800,-11.2112
2026-05-09T13:04:47.411,-4.5388,0.0800,-11.1970
2026-05-09T13:04:47.426,-4.6378,0.0800,-11.1779
2026-05-09T13:04:47.441,-4.6942,0.0800,-11.1666
2026-05-09T13:04:47.457,-4.7628,0.0800,-11.1575
2026-05-09T13:04:47.472,-4.8353,0.0800,-11.1494
2026-05-09T13:04:47.488,-4.9083,0.0800,-11.1436
2026-05-09T13:04:47.504,-4.9864,0.0800,-11.1364
2026-05-09T13:04:47.520,-5.0627,0.0800,-11.1340
2026-05-09T13:04:47.539,-5.1401,0.0800,-11.1337
2026-05-09T13:04:47.550,-5.2198,0.0800,-11.1352
2026-05-09T13:04:47.564,-5.3294,0.0800,-11.1411
2026-05-09T13:04:47.579,-5.3784,0.0800,-11.1406
2026-05-09T13:04:47.593,-5.4579,0.0800,-11.1486
2026-05-09T13:04:47.607,-5.5131,0.0800,-11.1554
2026-05-09T13:04:47.626,-5.5684,0.0800,-11.1606
2026-05-09T13:04:47.647,-5.6148,0.0800,-11.1637
2026-05-09T13:04:47.668,-5.6740,0.0800,-11.1618
2026-05-09T13:04:47.686,-5.7327,0.0800,-11.1579
2026-05-09T13:04:47.702,-5.7807,0.0800,-11.1534
2026-05-09T13:04:47.716,-5.8121,0.0800,-11.1509
2026-05-09T13:04:47.730,-5.8368,0.0800,-11.1490
2026-05-09T13:04:47.744,-5.8499,0.0800,-11.1475
2026-05-09T13:04:47.761,-5.8645,0.0800,-11.1459
2026-05-09T13:04:47.779,-5.8725,0.0800,-11.1449
2026-05-09T13:04:47.797,-5.8802,0.0800,-11.1441
2026-05-09T13:04:47.814,-5.8856,0.0800,-11.1435
2026-05-09T13:04:47.832,-5.8886,0.0800,-11.1431
2026-05-09T13:04:47.847,-5.8902,0.0800,-11.1429
2026-05-09T13:04:47.863,-5.8913,0.0800,-11.1428
2026-05-09T13:04:49.632,-5.8947,0.0800,-11.1425
2026-05-09T13:04:49.645,-5.9009,0.0800,-11.1419
2026-05-09T13:04:49.659,-5.9135,0.0800,-11.1408
2026-05-09T13:04:49.673,-5.9266,0.0800,-11.1404
2026-05-09T13:04:49.687,-5.9465,0.0800,-11.1399
2026-05-09T13:04:49.701,-5.9804,0.0800,-11.1384
2026-05-09T13:04:49.715,-6.0151,0.0800,-11.1388
2026-05-09T13:04:49.728,-6.0516,0.0800,-11.1401
2026-05-09T13:04:49.743,-6.0876,0.0800,-11.1389
2026-05-09T13:04:49.757,-6.1232,0.0800,-11.1416
2026-05-09T13:04:49.771,-6.1623,0.0800,-11.1453
2026-05-09T13:04:49.785,-6.1968,0.0800,-11.1493
2026-05-09T13:04:49.799,-6.2353,0.0800,-11.1514
2026-05-09T13:04:49.813,-6.2687,0.0800,-11.1566
2026-05-09T13:04:49.826,-6.3057,0.0800,-11.1631
2026-05-09T13:04:49.841,-6.3404,0.0800,-11.1664
2026-05-09T13:04:49.855,-6.3719,0.0800,-11.1731
2026-05-09T13:04:49.868,-6.4121,0.0800,-11.1824
2026-05-09T13:04:49.882,-6.4457,0.0800,-11.1871
2026-05-09T13:04:49.896,-6.4789,0.0800,-11.1961
2026-05-09T13:04:49.911,-6.5124,0.0800,-11.2059
2026-05-09T13:04:49.924,-6.5468,0.0800,-11.2166
2026-05-09T13:04:49.938,-6.5872,0.0800,-11.2267
2026-05-09T13:04:49.953,-6.6172,0.0800,-11.2374
2026-05-09T13:04:49.965,-6.6511,0.0800,-11.2502
2026-05-09T13:04:49.980,-6.6886,0.0800,-11.2617
2026-05-09T13:04:49.994,-6.7176,0.0800,-11.2739
2026-05-09T13:04:50.007,-6.7519,0.0800,-11.2891
2026-05-09T13:04:50.022,-6.7864,0.0800,-11.3014
2026-05-09T13:04:50.036,-6.8176,0.0800,-11.3167
2026-05-09T13:04:50.050,-6.8514,0.0800,-11.3339
2026-05-09T13:04:50.064,-6.8736,0.0800,-11.3508
2026-05-09T13:04:50.077,-6.8742,0.0800,-11.3658
2026-05-09T13:04:50.091,-6.8737,0.0800,-11.3900
2026-05-09T13:04:50.103,-6.8767,0.0800,-11.4017
2026-05-09T13:04:50.116,-6.8754,0.0800,-11.4233
2026-05-09T13:04:50.128,-6.8768,0.0800,-11.4431
2026-05-09T13:04:50.142,-6.8776,0.0800,-11.4626
2026-05-09T13:04:50.155,-6.8782,0.0800,-11.4833
2026-05-09T13:04:50.170,-6.8791,0.0800,-11.5024
2026-05-09T13:04:50.192,-6.8799,0.0800,-11.5235
2026-05-09T13:04:50.207,-6.8805,0.0800,-11.5462
2026-05-09T13:04:50.222,-6.8814,0.0800,-11.5679
2026-05-09T13:04:50.238,-6.8819,0.0800,-11.5936
2026-05-09T13:04:50.253,-6.8832,0.0800,-11.6177
2026-05-09T13:04:50.266,-6.8840,0.0800,-11.6431
2026-05-09T13:04:50.281,-6.8849,0.0800,-11.6675
2026-05-09T13:04:50.295,-6.8863,0.0800,-11.6908
2026-05-09T13:04:50.310,-6.8873,0.0800,-11.7137
2026-05-09T13:04:50.325,-6.8883,0.0800,-11.7350
2026-05-09T13:04:50.339,-6.8875,0.0800,-11.7598
2026-05-09T13:04:50.353,-6.8872,0.0800,-11.7837
2026-05-09T13:04:50.366,-6.8870,0.0800,-11.8062
2026-05-09T13:04:50.382,-6.8873,0.0800,-11.8247
2026-05-09T13:04:50.396,-6.8835,0.0800,-11.8445
2026-05-09T13:04:50.410,-6.8641,0.0800,-11.8091
2026-05-09T13:04:50.424,-6.8443,0.0800,-11.7700
2026-05-09T13:04:50.437,-6.8303,0.0800,-11.7311
2026-05-09T13:04:50.449,-6.8133,0.0800,-11.6911
2026-05-09T13:04:50.461,-6.7977,0.0800,-11.6524
2026-05-09T13:04:50.475,-6.7862,0.0800,-11.6131
2026-05-09T13:04:50.488,-6.7721,0.0800,-11.5738
2026-05-09T13:04:50.502,-6.7568,0.0800,-11.5287
2026-05-09T13:04:50.517,-6.7468,0.0800,-11.4852
2026-05-09T13:04:50.531,-6.7331,0.0800,-11.4389
2026-05-09T13:04:50.545,-6.7199,0.0800,-11.3909
2026-05-09T13:04:50.559,-6.7116,0.0800,-11.3427
2026-05-09T13:04:50.572,-6.7002,0.0800,-11.2934
2026-05-09T13:04:50.587,-6.6894,0.0800,-11.2431
2026-05-09T13:04:50.600,-6.6834,0.0800,-11.1933
2026-05-09T13:04:50.616,-6.6746,0.0800,-11.1431
2026-05-09T13:04:50.629,-6.6663,0.0800,-11.0900
2026-05-09T13:04:50.645,-6.6592,0.0800,-11.0368
2026-05-09T13:04:50.658,-6.6570,0.0800,-10.9853
2026-05-09T13:04:50.674,-6.6519,0.0800,-10.9306
2026-05-09T13:04:50.688,-6.6481,0.0800,-10.8789
2026-05-09T13:04:50.702,-6.6487,0.0800,-10.8205
2026-05-09T13:04:50.716,-6.6474,0.0800,-10.7750
2026-05-09T13:04:50.730,-6.6465,0.0800,-10.7282
2026-05-09T13:04:50.743,-6.6454,0.0800,-10.6913
2026-05-09T13:04:50.758,-6.6599,0.0800,-10.7209
2026-05-09T13:04:50.771,-6.6659,0.0800,-10.7469
2026-05-09T13:04:50.786,-6.6708,0.0800,-10.7781
2026-05-09T13:04:50.799,-6.6771,0.0800,-10.8064
2026-05-09T13:04:50.814,-6.6775,0.0800,-10.8392
2026-05-09T13:04:50.827,-6.6773,0.0800,-10.8676
2026-05-09T13:04:50.842,-6.6798,0.0800,-10.8983
2026-05-09T13:04:50.856,-6.6786,0.0800,-10.9250
2026-05-09T13:04:50.869,-6.6763,0.0800,-10.9596
2026-05-09T13:04:50.883,-6.6738,0.0800,-10.9885
2026-05-09T13:04:50.896,-6.6742,0.0800,-11.0168
2026-05-09T13:04:50.910,-6.6705,0.0800,-11.0461
2026-05-09T13:04:50.925,-6.6668,0.0800,-11.0717
2026-05-09T13:04:50.938,-6.6647,0.0800,-11.1030
2026-05-09T13:04:50.954,-6.6590,0.0800,-11.1342
2026-05-09T13:04:50.967,-6.6535,0.0800,-11.1610
2026-05-09T13:04:50.980,-6.6490,0.0800,-11.1955
2026-05-09T13:04:50.995,-6.6420,0.0800,-11.2234
2026-05-09T13:04:51.006,-6.6350,0.0800,-11.2495
2026-05-09T13:04:51.020,-6.6260,0.0800,-11.2807
2026-05-09T13:04:51.036,-6.6225,0.0800,-11.3046
2026-05-09T13:04:51.050,-6.6135,0.0800,-11.3323
2026-05-09T13:04:51.063,-6.6014,0.0800,-11.3670
2026-05-09T13:04:51.077,-6.5948,0.0800,-11.3967
2026-05-09T13:04:51.092,-6.5850,0.0800,-11.4214
2026-05-09T13:04:51.106,-6.5722,0.0800,-11.4522
2026-05-09T13:04:51.120,-6.5626,0.0800,-11.4834
2026-05-09T13:04:51.135,-6.5486,0.0800,-11.5136
2026-05-09T13:04:51.148,-6.5367,0.0800,-11.5378
2026-05-09T13:04:51.162,-6.5212,0.0800,-11.5679
2026-05-09T13:04:51.176,-6.5112,0.0800,-11.5946
2026-05-09T13:04:51.191,-6.4951,0.0800,-11.6232
2026-05-09T13:04:51.203,-6.4805,0.0800,-11.6478
2026-05-09T13:04:51.218,-6.4657,0.0800,-11.6781
2026-05-09T13:04:51.231,-6.4509,0.0800,-11.7010
2026-05-09T13:04:51.245,-6.4327,0.0800,-11.7282
2026-05-09T13:04:51.259,-6.4188,0.0800,-11.7546
2026-05-09T13:04:51.275,-6.4014,0.0800,-11.7785
2026-05-09T13:04:51.287,-6.3828,0.0800,-11.8031
2026-05-09T13:04:51.300,-6.3597,0.0800,-11.8323
2026-05-09T13:04:51.315,-6.3467,0.0800,-11.8547
2026-05-09T13:04:51.330,-6.3282,0.0800,-11.8764
2026-05-09T13:04:51.342,-6.3074,0.0800,-11.8813
2026-05-09T13:04:51.358,-6.2858,0.0800,-11.8819
2026-05-09T13:04:51.371,-6.2673,0.0800,-11.8838
2026-05-09T13:04:51.385,-6.2440,0.0800,-11.8839
2026-05-09T13:04:51.399,-6.2250,0.0800,-11.8855
2026-05-09T13:04:51.414,-6.2025,0.0800,-11.8861
2026-05-09T13:04:51.426,-6.1804,0.0800,-11.8873
2026-05-09T13:04:51.442,-6.1576,0.0800,-11.8881
2026-05-09T13:04:51.454,-6.1347,0.0800,-11.8894
2026-05-09T13:04:51.467,-6.1094,0.0800,-11.8902
2026-05-09T13:04:51.481,-6.0896,0.0800,-11.8921
2026-05-09T13:04:51.496,-6.0658,0.0800,-11.8927
2026-05-09T13:04:51.508,-6.0429,0.0800,-11.8940
2026-05-09T13:04:51.524,-6.0147,0.0800,-11.8943
2026-05-09T13:04:51.537,-5.9930,0.0800,-11.8966
2026-05-09T13:04:51.552,-5.9643,0.0800,-11.8968
2026-05-09T13:04:51.564,-5.9391,0.0800,-11.8987
2026-05-09T13:04:51.579,-5.9128,0.0800,-11.8997
2026-05-09T13:04:51.592,-5.8874,0.0800,-11.9012
2026-05-09T13:04:51.606,-5.8597,0.0800,-11.9022
2026-05-09T13:04:51.617,-5.8341,0.0800,-11.9038
2026-05-09T13:04:51.632,-5.8051,0.0800,-11.9046
2026-05-09T13:04:51.645,-5.7760,0.0800,-11.9061
2026-05-09T13:04:51.657,-5.7465,0.0800,-11.9075
2026-05-09T13:04:51.671,-5.7192,0.0800,-11.9093
2026-05-09T13:04:51.683,-5.6896,0.0800,-11.9103
2026-05-09T13:04:51.695,-5.6603,0.0800,-11.9119
2026-05-09T13:04:51.713,-5.6485,0.0800,-11.9156
2026-05-09T13:04:51.724,-5.5975,0.0800,-11.9113
2026-05-09T13:04:51.740,-5.5850,0.0800,-11.9186
2026-05-09T13:04:51.755,-5.5360,0.0800,-11.9149
2026-05-09T13:04:51.768,-5.5082,0.0800,-11.9197
2026-05-09T13:04:51.782,-5.4753,0.0800,-11.9204
2026-05-09T13:04:51.803,-5.4422,0.0800,-11.9220
2026-05-09T13:04:51.817,-5.4090,0.0800,-11.9234
2026-05-09T13:04:51.835,-5.3759,0.0800,-11.9248
2026-05-09T13:04:51.851,-5.3392,0.0800,-11.9260
2026-05-09T13:04:51.864,-5.2966,0.0800,-11.9270
2026-05-09T13:04:51.879,-5.2568,0.0800,-11.9293
2026-05-09T13:04:51.892,-5.2235,0.0800,-11.9316
2026-05-09T13:04:51.905,-5.1867,0.0800,-11.9327
2026-05-09T13:04:51.919,-5.1509,0.0800,-11.9346
2026-05-09T13:04:51.934,-5.1125,0.0800,-11.9360
2026-05-09T13:04:51.948,-5.0690,0.0800,-11.9374
2026-05-09T13:04:51.962,-5.0300,0.0800,-11.9396
2026-05-09T13:04:51.976,-5.0069,0.0800,-11.9408
2026-05-09T13:04:51.989,-4.9919,0.0800,-11.9421
2026-05-09T13:04:52.003,-4.9802,0.0800,-11.9431
2026-05-09T13:04:52.018,-4.9706,0.0800,-11.9431
2026-05-09T13:04:52.033,-4.9629,0.0800,-11.9431
2026-05-09T13:04:52.047,-4.9593,0.0800,-11.9431
2026-05-09T13:04:52.062,-4.9550,0.0800,-11.9431
2026-05-09T13:04:52.078,-4.9502,0.0800,-11.9431
2026-05-09T13:04:52.093,-4.9412,0.0800,-11.9431
2026-05-09T13:04:52.106,-4.9278,0.0800,-11.9431
2026-05-09T13:04:52.128,-4.9083,0.0800,-11.9441
2026-05-09T13:04:52.141,-4.8798,0.0800,-11.9461
2026-05-09T13:04:52.155,-4.8387,0.0800,-11.9493
2026-05-09T13:04:52.169,-4.8073,0.0800,-11.9520
2026-05-09T13:04:52.182,-4.7762,0.0800,-11.8770
2026-05-09T13:04:52.197,-4.7451,0.0800,-11.8820
2026-05-09T13:04:52.211,-4.7149,0.0800,-11.8898
2026-05-09T13:04:52.224,-4.6837,0.0800,-11.8984
2026-05-09T13:04:52.239,-4.6513,0.0800,-11.9053
2026-05-09T13:04:52.253,-4.6236,0.0800,-11.9139
2026-05-09T13:04:52.266,-4.5915,0.0800,-11.9244
2026-05-09T13:04:52.281,-4.5620,0.0800,-11.9319
2026-05-09T13:04:52.294,-4.5307,0.0800,-11.9350
2026-05-09T13:04:52.310,-4.5019,0.0800,-11.9378
2026-05-09T13:04:52.325,-4.4731,0.0800,-11.9379
2026-05-09T13:04:52.338,-4.4380,0.0800,-11.9414
2026-05-09T13:04:52.352,-4.4081,0.0800,-11.9445
2026-05-09T13:04:52.366,-4.3806,0.0800,-11.9473
2026-05-09T13:04:52.381,-4.3512,0.0800,-11.9476
2026-05-09T13:04:52.395,-4.3206,0.0800,-11.9508
2026-05-09T13:04:52.408,-4.2916,0.0800,-11.8851
2026-05-09T13:04:52.422,-4.2647,0.0800,-11.8968
2026-05-09T13:04:52.437,-4.2352,0.0800,-11.9134
2026-05-09T13:04:52.451,-4.2085,0.0800,-11.9184
2026-05-09T13:04:52.464,-4.1785,0.0800,-11.9216
2026-05-09T13:04:52.478,-4.1522,0.0800,-11.9213
2026-05-09T13:04:52.493,-4.1241,0.0800,-11.9244
2026-05-09T13:04:52.506,-4.0981,0.0800,-11.9273
2026-05-09T13:04:52.520,-4.0691,0.0800,-11.9276
2026-05-09T13:04:52.534,-4.0426,0.0800,-11.9306
2026-05-09T13:04:52.548,-4.0158,0.0800,-11.9336
2026-05-09T13:04:52.562,-3.9904,0.0800,-11.9334
2026-05-09T13:04:52.577,-3.9688,0.0800,-11.9358
2026-05-09T13:04:52.591,-3.9459,0.0800,-11.9383
2026-05-09T13:04:52.604,-3.9223,0.0800,-11.9409
2026-05-09T13:04:52.618,-3.8993,0.0800,-11.9409
2026-05-09T13:04:52.631,-3.8797,0.0800,-11.9430
2026-05-09T13:04:52.645,-3.8606,0.0800,-11.9451
2026-05-09T13:04:52.659,-3.8403,0.0800,-11.9452
2026-05-09T13:04:52.673,-3.8222,0.0800,-11.9471
2026-05-09T13:04:52.686,-3.8031,0.0800,-11.9491
2026-05-09T13:04:52.701,-3.7846,0.0800,-11.9490
2026-05-09T13:04:52.714,-3.7675,0.0800,-11.9507
2026-05-09T13:04:52.728,-3.7486,0.0800,-11.8884
2026-05-09T13:04:52.742,-3.7322,0.0800,-11.9025
2026-05-09T13:04:52.756,-3.7127,0.0800,-11.9144
2026-05-09T13:04:52.771,-3.6943,0.0800,-11.9220
2026-05-09T13:04:52.784,-3.6744,0.0800,-11.9314
2026-05-09T13:04:52.798,-3.6553,0.0800,-11.9404
2026-05-09T13:04:52.812,-3.6371,0.0800,-11.9519
2026-05-09T13:04:52.825,-3.6153,0.0800,-11.9671
2026-05-09T13:04:52.840,-3.5969,0.0800,-11.9806
2026-05-09T13:04:52.853,-3.5796,0.0800,-11.9965
2026-05-09T13:04:52.867,-3.5608,0.0800,-12.0144
2026-05-09T13:04:52.882,-3.5442,0.0800,-12.0312
2026-05-09T13:04:52.895,-3.5251,0.0800,-12.0521
2026-05-09T13:04:52.909,-3.4414,0.0800,-12.0245
2026-05-09T13:04:52.924,-3.4156,0.0800,-12.0529
2026-05-09T13:04:52.938,-3.3891,0.0800,-12.0800
2026-05-09T13:04:52.952,-3.3598,0.0800,-12.1113
2026-05-09T13:04:52.966,-3.3244,0.0800,-12.1489
2026-05-09T13:04:52.980,-3.2889,0.0800,-12.1867
2026-05-09T13:04:52.994,-3.2477,0.0800,-12.2306
2026-05-09T13:04:53.007,-3.2055,0.0800,-12.2755
2026-05-09T13:04:53.022,-3.1626,0.0800,-12.3213
2026-05-09T13:04:53.035,-3.1160,0.0800,-12.3709
2026-05-09T13:04:53.049,-3.0733,0.0800,-12.4093
2026-05-09T13:04:53.062,-3.0246,0.0800,-12.4271
2026-05-09T13:04:53.077,-2.9759,0.0800,-12.4630
2026-05-09T13:04:53.091,-2.9359,0.0800,-12.5056
2026-05-09T13:04:53.105,-2.8841,0.0800,-12.5607
2026-05-09T13:04:53.119,-2.8408,0.0800,-12.6069
2026-05-09T13:04:53.132,-2.7941,0.0800,-12.6554
2026-05-09T13:04:53.146,-2.7482,0.0800,-12.7022
2026-05-09T13:04:53.159,-2.7009,0.0800,-12.7513
2026-05-09T13:04:53.174,-2.6592,0.0800,-12.7926
2026-05-09T13:04:53.187,-2.6148,0.0800,-12.8358
2026-05-09T13:04:53.201,-2.5656,0.0800,-12.8845
2026-05-09T13:04:53.216,-2.5217,0.0800,-12.9256
2026-05-09T13:04:53.229,-2.4742,0.0800,-12.9694
2026-05-09T13:04:53.243,-2.4267,0.0800,-13.0125
2026-05-09T13:04:53.257,-2.3828,0.0800,-13.0536
2026-05-09T13:04:53.271,-2.3327,0.0800,-13.0975
2026-05-09T13:04:53.285,-2.2863,0.0800,-13.1376
2026-05-09T13:04:53.299,-2.2346,0.0800,-13.1831
2026-05-09T13:04:53.314,-2.1902,0.0800,-13.2201
2026-05-09T13:04:53.326,-2.1366,0.0800,-13.2641
2026-05-09T13:04:53.341,-2.0852,0.0800,-13.3074
2026-05-09T13:04:53.355,-2.0438,0.0800,-13.3401
2026-05-09T13:04:53.368,-1.9847,0.0800,-13.3860
2026-05-09T13:04:53.382,-1.9404,0.0800,-13.4219
2026-05-09T13:04:53.396,-1.8890,0.0800,-13.4603
2026-05-09T13:04:53.410,-1.8400,0.0800,-13.4961
2026-05-09T13:04:53.424,-1.7909,0.0800,-13.5315
2026-05-09T13:04:53.438,-1.7371,0.0800,-13.5711
2026-05-09T13:04:53.452,-1.6903,0.0800,-13.6033
2026-05-09T13:04:53.465,-1.6375,0.0800,-13.6389
2026-05-09T13:04:53.480,-1.5883,0.0800,-13.6733
2026-05-09T13:04:53.493,-1.5358,0.0800,-13.7071
2026-05-09T13:04:53.507,-1.4817,0.0800,-13.7412
2026-05-09T13:04:53.521,-1.4358,0.0800,-13.7715
2026-05-09T13:04:53.535,-1.3763,0.0800,-13.8074
2026-05-09T13:04:53.548,-1.3318,0.0800,-13.8335
2026-05-09T13:04:53.562,-1.2769,0.0800,-13.8651
2026-05-09T13:04:53.577,-1.2271,0.0800,-13.8951
2026-05-09T13:04:53.589,-1.1736,0.0800,-13.9244
2026-05-09T13:04:53.603,-1.1173,0.0800,-13.9544
2026-05-09T13:04:53.618,-1.0703,0.0800,-13.9809
2026-05-09T13:04:53.631,-1.0170,0.0800,-14.0079
2026-05-09T13:04:53.646,-0.9614,0.0800,-14.0353
2026-05-09T13:04:53.660,-0.9100,0.0800,-14.0619
2026-05-09T13:04:53.674,-0.8529,0.0800,-14.0884
2026-05-09T13:04:53.688,-0.7985,0.0800,-14.1128
2026-05-09T13:04:53.701,-0.7373,0.0800,-14.1392
2026-05-09T13:04:53.716,-0.6912,0.0800,-14.1609
2026-05-09T13:04:53.729,-0.6448,0.0800,-14.1796
2026-05-09T13:04:53.743,-0.5863,0.0800,-14.2025
2026-05-09T13:04:53.756,-0.5357,0.0800,-14.2238
2026-05-09T13:04:53.771,-0.4801,0.0800,-14.2440
2026-05-09T13:04:53.784,-0.4302,0.0800,-14.2613
2026-05-09T13:04:53.798,-0.3732,0.0800,-14.2824
2026-05-09T13:04:53.813,-0.3254,0.0800,-14.2977
2026-05-09T13:04:53.826,-0.2658,0.0800,-14.3161
2026-05-09T13:04:53.840,-0.2108,0.0800,-14.3346
2026-05-09T13:04:53.854,-0.1588,0.0800,-14.3492
2026-05-09T13:04:53.867,-0.1042,0.0800,-14.3638
2026-05-09T13:04:53.881,-0.0507,0.0800,-14.3795
2026-05-09T13:04:53.895,0.0048,0.0800,-14.3929
2026-05-09T13:04:53.909,0.0557,0.0800,-14.4044
2026-05-09T13:04:53.923,0.1099,0.0800,-14.4160
2026-05-09T13:04:53.937,0.1660,0.0800,-14.4294
2026-05-09T13:04:53.951,0.2168,0.0800,-14.4387
2026-05-09T13:04:53.964,0.2716,0.0800,-14.4480
2026-05-09T13:04:53.979,0.3238,0.0800,-14.4585
2026-05-09T13:04:53.993,0.3764,0.0800,-14.4659
2026-05-09T13:04:54.006,0.4309,0.0800,-14.4728
2026-05-09T13:04:54.020,0.4841,0.0800,-14.4811
2026-05-09T13:04:54.034,0.5353,0.0800,-14.4860
2026-05-09T13:04:54.047,0.5842,0.0800,-14.4900
2026-05-09T13:04:54.061,0.6374,0.0800,-14.4958
2026-05-09T13:04:54.076,0.6858,0.0800,-14.4983
2026-05-09T13:04:54.091,0.7370,0.0800,-14.5002
2026-05-09T13:04:54.108,0.7906,0.0800,-14.5013
2026-05-09T13:04:54.124,0.8596,0.0800,-14.5013
2026-05-09T13:04:54.138,0.9024,0.0800,-14.5040
2026-05-09T13:04:54.153,0.9543,0.0800,-14.5018
2026-05-09T13:04:54.166,0.9999,0.0800,-14.4989
2026-05-09T13:04:54.181,1.0443,0.0800,-14.4980
2026-05-09T13:04:54.194,1.0854,0.0800,-14.4937
2026-05-09T13:04:54.208,1.1256,0.0800,-14.4887
2026-05-09T13:04:54.221,1.1671,0.0800,-14.4857
2026-05-09T13:04:54.237,1.2067,0.0800,-14.4791
2026-05-09T13:04:54.252,1.2409,0.0800,-14.4726
2026-05-09T13:04:54.266,1.2805,0.0800,-14.4644
2026-05-09T13:04:54.281,1.3208,0.0800,-14.4587
2026-05-09T13:04:54.294,1.3617,0.0800,-14.4484
2026-05-09T13:04:54.308,1.3932,0.0800,-14.4397
2026-05-09T13:04:54.323,1.4295,0.0800,-14.4322
2026-05-09T13:04:54.337,1.4632,0.0800,-14.4216
2026-05-09T13:04:54.353,1.4981,0.0800,-14.4098
2026-05-09T13:04:54.368,1.5326,0.0800,-14.3974
2026-05-09T13:04:54.382,1.5705,0.0800,-14.3865
2026-05-09T13:04:54.396,1.6048,0.0800,-14.3723
2026-05-09T13:04:54.412,1.6330,0.0800,-14.3598
2026-05-09T13:04:54.425,1.6758,0.0800,-14.3398
2026-05-09T13:04:54.439,1.7006,0.0800,-14.3329
2026-05-09T13:04:54.455,1.7295,0.0800,-14.3177
2026-05-09T13:04:54.471,1.7553,0.0800,-14.3034
2026-05-09T13:04:54.486,1.7825,0.0800,-14.2876
2026-05-09T13:04:54.503,1.8156,0.0800,-14.2716
2026-05-09T13:04:54.518,1.8430,0.0800,-14.2541
2026-05-09T13:04:54.533,1.8731,0.0800,-14.2340
2026-05-09T13:04:54.546,1.8991,0.0800,-14.2157
2026-05-09T13:04:54.560,1.9307,0.0800,-14.1969
2026-05-09T13:04:54.575,1.9527,0.0800,-14.1800
2026-05-09T13:04:54.590,1.9766,0.0800,-14.1609
2026-05-09T13:04:54.607,2.0015,0.0800,-14.1402
2026-05-09T13:04:54.624,2.0300,0.0800,-14.1203
2026-05-09T13:04:54.637,2.0602,0.0800,-14.0931
2026-05-09T13:04:54.651,2.0848,0.0800,-14.0695
2026-05-09T13:04:54.664,2.1049,0.0800,-14.0496
2026-05-09T13:04:54.680,2.1281,0.0800,-14.0302
2026-05-09T13:04:54.695,2.1481,0.0800,-14.0088
2026-05-09T13:04:54.712,2.1711,0.0800,-13.9831
2026-05-09T13:04:54.726,2.1925,0.0800,-13.9581
2026-05-09T13:04:54.743,2.2190,0.0800,-13.9318
2026-05-09T13:04:54.758,2.2382,0.0800,-13.9074
2026-05-09T13:04:54.774,2.2610,0.0800,-13.8771
2026-05-09T13:04:54.789,2.2808,0.0800,-13.8494
2026-05-09T13:04:54.804,2.3002,0.0800,-13.8210
2026-05-09T13:04:54.819,2.3215,0.0800,-13.7953
2026-05-09T13:04:54.835,2.3395,0.0800,-13.7665
2026-05-09T13:04:54.849,2.3552,0.0800,-13.7400
2026-05-09T13:04:54.865,2.3756,0.0800,-13.7110
2026-05-09T13:04:54.878,2.3913,0.0800,-13.6818
2026-05-09T13:04:54.892,2.4075,0.0800,-13.6501
2026-05-09T13:04:54.907,2.4190,0.0800,-13.6263
2026-05-09T13:04:54.922,2.4344,0.0800,-13.6001
2026-05-09T13:04:54.942,2.4533,0.0800,-13.5570
2026-05-09T13:04:54.958,2.4647,0.0800,-13.5289
2026-05-09T13:04:54.974,2.4771,0.0800,-13.4963
2026-05-09T13:04:54.991,2.4882,0.0800,-13.4652
2026-05-09T13:04:55.006,2.4994,0.0800,-13.4316
2026-05-09T13:04:55.021,2.5139,0.0800,-13.3980
2026-05-09T13:04:55.036,2.5267,0.0800,-13.3533
2026-05-09T13:04:55.050,2.5356,0.0800,-13.3214
2026-05-09T13:04:55.066,2.5460,0.0800,-13.2822
2026-05-09T13:04:55.084,2.5592,0.0800,-13.2436
2026-05-09T13:04:55.101,2.5710,0.0800,-13.1949
2026-05-09T13:04:55.120,2.5822,0.0800,-13.1458
2026-05-09T13:04:55.139,2.5948,0.0800,-13.0871
2026-05-09T13:04:55.157,2.6082,0.0800,-13.0196
2026-05-09T13:04:55.173,2.6204,0.0800,-12.9519
2026-05-09T13:04:55.188,2.6316,0.0800,-12.8842
2026-05-09T13:04:55.204,2.6443,0.0800,-12.8198
2026-05-09T13:04:55.222,2.6548,0.0800,-12.7449
2026-05-09T13:04:55.238,2.6623,0.0800,-12.6858
2026-05-09T13:04:55.255,2.6706,0.0800,-12.6149
2026-05-09T13:04:55.272,2.6783,0.0800,-12.5443
2026-05-09T13:04:55.287,2.6857,0.0800,-12.4697
2026-05-09T13:04:55.305,2.6944,0.0800,-12.3923
2026-05-09T13:04:55.322,2.7003,0.0800,-12.3174
2026-05-09T13:04:55.339,2.7057,0.0800,-12.2390
2026-05-09T13:04:55.357,2.7099,0.0800,-12.1645
2026-05-09T13:04:55.376,2.7135,0.0800,-12.0885
2026-05-09T13:04:55.395,2.7166,0.0800,-12.0054
2026-05-09T13:04:55.412,2.7188,0.0800,-11.9207
2026-05-09T13:04:55.428,2.7201,0.0800,-11.8363
2026-05-09T13:04:55.447,2.7223,0.0800,-11.7551
2026-05-09T13:04:55.464,2.7219,0.0800,-11.6814
2026-05-09T13:04:55.482,2.7207,0.0800,-11.5960
2026-05-09T13:04:55.498,2.7188,0.0800,-11.5140
2026-05-09T13:04:55.513,2.7163,0.0800,-11.4344
2026-05-09T13:04:55.527,2.7132,0.0800,-11.3593
2026-05-09T13:04:55.543,2.7110,0.0800,-11.2864
2026-05-09T13:04:55.558,2.7072,0.0800,-11.2204
2026-05-09T13:04:55.576,2.7023,0.0800,-11.1435
2026-05-09T13:04:55.594,2.6975,0.0800,-11.0764
2026-05-09T13:04:55.613,2.6909,0.0800,-10.9912
2026-05-09T13:04:55.628,2.6834,0.0800,-10.9044
2026-05-09T13:04:55.645,2.6764,0.0800,-10.8151
2026-05-09T13:04:55.662,2.6691,0.0800,-10.7443
2026-05-09T13:04:55.679,2.6604,0.0800,-10.6653
2026-05-09T13:04:55.696,2.6503,0.0800,-10.5782
2026-05-09T13:04:55.711,2.6419,0.0800,-10.5008
2026-05-09T13:04:55.726,2.6324,0.0800,-10.4137
2026-05-09T13:04:55.741,2.6247,0.0800,-10.3431
2026-05-09T13:04:55.759,2.6171,0.0800,-10.2737
2026-05-09T13:04:55.778,2.6083,0.0800,-10.1925
2026-05-09T13:04:55.796,2.5982,0.0800,-10.0993
2026-05-09T13:04:55.813,2.5889,0.0800,-10.0122
2026-05-09T13:04:55.829,2.5791,0.0800,-9.9211
2026-05-09T13:04:55.845,2.5705,0.0800,-9.8409
2026-05-09T13:04:55.860,2.5609,0.0800,-9.7516
2026-05-09T13:04:55.875,2.5534,0.0800,-9.6808
2026-05-09T13:04:55.890,2.5455,0.0800,-9.6068
2026-05-09T13:04:55.905,2.5373,0.0800,-9.5302
2026-05-09T13:04:55.920,2.5301,0.0800,-9.4618
2026-05-09T13:04:55.935,2.5221,0.0800,-9.3868
2026-05-09T13:04:55.949,2.5145,0.0800,-9.3158
2026-05-09T13:04:55.964,2.5067,0.0800,-9.2422
2026-05-09T13:04:55.980,2.4994,0.0800,-9.1736
2026-05-09T13:04:55.995,2.4914,0.0800,-9.0989
2026-05-09T13:04:56.012,2.4827,0.0800,-9.0167
2026-05-09T13:04:56.027,2.4742,0.0800,-8.9368
2026-05-09T13:04:56.043,2.4663,0.0800,-8.8633
2026-05-09T13:04:56.058,2.4586,0.0800,-8.7908
2026-05-09T13:04:56.074,2.4501,0.0800,-8.7108
2026-05-09T13:04:56.088,2.4424,0.0800,-8.6379
2026-05-09T13:04:56.103,2.4341,0.0800,-8.5592
2026-05-09T13:04:56.117,2.4271,0.0800,-8.4937
2026-05-09T13:04:56.135,2.4195,0.0800,-8.4215
2026-05-09T13:04:56.151,2.4117,0.0800,-8.3486
2026-05-09T13:04:56.169,2.4023,0.0800,-8.2597
2026-05-09T13:04:56.184,2.3939,0.0800,-8.1797
2026-05-09T13:04:56.198,2.3847,0.0800,-8.0922
2026-05-09T13:04:56.213,2.3775,0.0800,-8.0244
2026-05-09T13:04:56.228,2.3705,0.0800,-7.9499
2026-05-09T13:04:56.245,2.3636,0.0800,-7.8806
2026-05-09T13:04:56.263,2.3548,0.0800,-7.7763
2026-05-09T13:04:56.278,2.3503,0.0800,-7.7159
2026-05-09T13:04:56.294,2.3446,0.0800,-7.6364
2026-05-09T13:04:56.310,2.3397,0.0800,-7.5602
2026-05-09T13:04:56.326,2.3350,0.0800,-7.4863
2026-05-09T13:04:56.342,2.3319,0.0800,-7.4116
2026-05-09T13:04:56.357,2.3302,0.0800,-7.3435
2026-05-09T13:04:56.372,2.3293,0.0800,-7.2597
2026-05-09T13:04:56.387,2.3298,0.0800,-7.2038
2026-05-09T13:04:56.404,2.3294,0.0800,-7.1433
2026-05-09T13:04:56.421,2.3318,0.0800,-7.0872
2026-05-09T13:04:56.436,2.3355,0.0800,-7.0269
2026-05-09T13:04:56.452,2.3400,0.0800,-6.9733
2026-05-09T13:04:56.467,2.3452,0.0800,-6.9259
2026-05-09T13:04:56.482,2.3521,0.0800,-6.8711
2026-05-09T13:04:56.497,2.3548,0.0800,-6.8317
2026-05-09T13:04:56.512,2.3611,0.0800,-6.7932
2026-05-09T13:04:56.526,2.3688,0.0800,-6.7513
2026-05-09T13:04:56.542,2.3739,0.0800,-6.7129
2026-05-09T13:04:56.556,2.3821,0.0800,-6.6759
2026-05-09T13:04:56.572,2.3924,0.0800,-6.6323
2026-05-09T13:04:56.587,2.4009,0.0800,-6.5994
2026-05-09T13:04:56.604,2.4095,0.0800,-6.5598
2026-05-09T13:04:56.617,2.4207,0.0800,-6.5218
2026-05-09T13:04:56.631,2.4333,0.0800,-6.4821
2026-05-09T13:04:56.645,2.4441,0.0800,-6.4500
2026-05-09T13:04:56.659,2.4537,0.0800,-6.4161
2026-05-09T13:04:56.675,2.4641,0.0800,-6.3886
2026-05-09T13:04:56.692,2.4812,0.0800,-6.3455
2026-05-09T13:04:56.706,2.4937,0.0800,-6.3159
2026-05-09T13:04:56.721,2.5042,0.0800,-6.2863
2026-05-09T13:04:56.736,2.5189,0.0800,-6.2545
2026-05-09T13:04:56.751,2.5324,0.0800,-6.2266
2026-05-09T13:04:56.765,2.5481,0.0800,-6.1955
2026-05-09T13:04:56.780,2.5602,0.0800,-6.1667
2026-05-09T13:04:56.794,2.5757,0.0800,-6.1384
2026-05-09T13:04:56.808,2.5922,0.0800,-6.1096
2026-05-09T13:04:56.823,2.6054,0.0800,-6.0822
2026-05-09T13:04:56.837,2.6224,0.0800,-6.0545
2026-05-09T13:04:56.851,2.6395,0.0800,-6.0277
2026-05-09T13:04:56.865,2.6574,0.0800,-6.0007
2026-05-09T13:04:56.880,2.6714,0.0800,-5.9758
2026-05-09T13:04:56.894,2.6805,0.0800,-5.9625
2026-05-09T13:04:56.907,2.6880,0.0800,-5.9514
2026-05-09T13:04:56.923,2.6917,0.0800,-5.9437
2026-05-09T13:04:56.940,2.6958,0.0800,-5.9370
2026-05-09T13:04:56.954,2.6997,0.0800,-5.9305
2026-05-09T13:04:56.968,2.7030,0.0800,-5.9250
2026-05-09T13:04:56.982,2.7044,0.0800,-5.9228
2026-05-09T13:04:56.997,2.7061,0.0800,-5.9199
2026-05-09T13:04:57.014,2.7078,0.0800,-5.9171
2026-05-09T13:04:57.030,2.7095,0.0800,-5.9142
2026-05-09T13:04:57.046,2.7114,0.0800,-5.9112
2026-05-09T13:04:57.060,2.7131,0.0800,-5.9084
2026-05-09T13:04:57.074,2.7147,0.0800,-5.9057
2026-05-09T13:04:57.088,2.7160,0.0800,-5.9036
2026-05-09T13:04:57.101,2.7174,0.0800,-5.9013
2026-05-09T13:04:57.115,2.7185,0.0800,-5.8994
2026-05-09T13:04:57.129,2.7201,0.0800,-5.8968
2026-05-09T13:04:57.143,2.7219,0.0800,-5.8938
2026-05-09T13:04:57.157,2.7247,0.0800,-5.8892
2026-05-09T13:04:57.171,2.7277,0.0800,-5.8842
2026-05-09T13:04:57.185,2.7310,0.0800,-5.8787
2026-05-09T13:04:57.200,2.7372,0.0800,-5.8685
2026-05-09T13:04:57.213,2.7446,0.0800,-5.8562
2026-05-09T13:04:57.226,2.7526,0.0800,-5.8429
2026-05-09T13:04:57.241,2.7635,0.0800,-5.8249
2026-05-09T13:04:57.255,2.7789,0.0800,-5.7994
2026-05-09T13:04:57.269,2.8023,0.0800,-5.7607
2026-05-09T13:04:57.283,2.8243,0.0800,-5.7242
2026-05-09T13:04:57.297,2.8555,0.0800,-5.6740
2026-05-09T13:04:57.310,2.8851,0.0800,-5.6270
2026-05-09T13:04:57.324,2.9219,0.0800,-5.5690
2026-05-09T13:04:57.338,2.9534,0.0800,-5.5181
2026-05-09T13:04:57.352,2.9897,0.0800,-5.4622
2026-05-09T13:04:57.366,3.0288,0.0800,-5.4026
2026-05-09T13:04:57.381,3.0641,0.0800,-5.3477
2026-05-09T13:04:57.394,3.1028,0.0800,-5.2902
2026-05-09T13:04:57.408,3.1426,0.0800,-5.2318
2026-05-09T13:04:57.423,3.1787,0.0800,-5.1778
2026-05-09T13:04:57.436,3.2198,0.0800,-5.1188
2026-05-09T13:04:57.451,3.2599,0.0800,-5.0621
2026-05-09T13:04:57.464,3.2757,0.0800,-5.0090
2026-05-09T13:04:57.478,3.2758,0.0800,-4.9527
2026-05-09T13:04:57.492,3.2768,0.0800,-4.9013
2026-05-09T13:04:57.506,3.2779,0.0800,-4.8459
2026-05-09T13:04:57.520,3.2779,0.0800,-4.7923
2026-05-09T13:04:57.534,3.2822,0.0800,-4.7337
2026-05-09T13:04:57.548,3.3021,0.0800,-4.6737
2026-05-09T13:04:57.562,3.3437,0.0800,-4.6184
2026-05-09T13:04:57.576,3.3821,0.0800,-4.5658
2026-05-09T13:04:57.591,3.4249,0.0800,-4.5117
2026-05-09T13:04:57.605,3.4691,0.0800,-4.4565
2026-05-09T13:04:57.619,3.5128,0.0800,-4.4008
2026-05-09T13:04:57.632,3.5559,0.0800,-4.3482
2026-05-09T13:04:57.646,3.5986,0.0800,-4.2965
2026-05-09T13:04:57.660,3.6434,0.0800,-4.2415
2026-05-09T13:04:57.674,3.6835,0.0800,-4.1940
2026-05-09T13:04:57.689,3.7268,0.0800,-4.1435
2026-05-09T13:04:57.701,3.7748,0.0800,-4.0880
2026-05-09T13:04:57.717,3.8178,0.0800,-4.0374
2026-05-09T13:04:57.730,3.8597,0.0800,-3.9900
2026-05-09T13:04:57.744,3.9090,0.0800,-3.9348
2026-05-09T13:04:57.758,3.9528,0.0800,-3.8850
2026-05-09T13:04:57.772,3.9996,0.0800,-3.8339
2026-05-09T13:04:57.786,4.0456,0.0800,-3.7842
2026-05-09T13:04:57.799,4.0911,0.0800,-3.7343
2026-05-09T13:04:57.814,4.1361,0.0800,-3.6867
2026-05-09T13:04:57.827,4.1834,0.0800,-3.6372
2026-05-09T13:04:57.841,4.2290,0.0800,-3.5887
2026-05-09T13:04:57.856,4.2712,0.0800,-3.5455
2026-05-09T13:04:57.869,4.3240,0.0800,-3.4919
2026-05-09T13:04:57.883,4.3733,0.0800,-3.4426
2026-05-09T13:04:57.897,4.4182,0.0800,-3.3967
2026-05-09T13:04:57.911,4.4647,0.0800,-3.3511
2026-05-09T13:04:57.924,4.5155,0.0800,-3.3017
2026-05-09T13:04:57.939,4.5647,0.0800,-3.2532
2026-05-09T13:04:57.953,4.6109,0.0800,-3.2092
2026-05-09T13:04:57.966,4.6691,0.0800,-3.1544
2026-05-09T13:04:57.981,4.7116,0.0800,-3.1134
2026-05-09T13:04:57.994,4.7608,0.0800,-3.0667
2026-05-09T13:04:58.008,4.8111,0.0800,-3.0191
2026-05-09T13:04:58.023,4.8587,0.0800,-2.9740
2026-05-09T13:04:58.037,4.9122,0.0800,-2.9233
2026-05-09T13:04:58.051,4.9634,0.0800,-2.8747
2026-05-09T13:04:58.064,5.0117,0.0800,-2.8289
2026-05-09T13:04:58.078,5.0649,0.0800,-2.7784
2026-05-09T13:04:58.092,5.1101,0.0800,-2.7355
2026-05-09T13:04:58.105,5.1627,0.0800,-2.6843
2026-05-09T13:04:58.119,5.2098,0.0800,-2.6388
2026-05-09T13:04:58.133,5.2545,0.0800,-2.5938
2026-05-09T13:04:58.147,5.2960,0.0800,-2.5513
2026-05-09T13:04:58.161,5.3459,0.0800,-2.5011
2026-05-09T13:04:58.174,5.3847,0.0800,-2.4600
2026-05-09T13:04:58.189,5.4304,0.0800,-2.4107
2026-05-09T13:04:58.202,5.4727,0.0800,-2.3644
2026-05-09T13:04:58.216,5.5199,0.0800,-2.3139
2026-05-09T13:04:58.229,5.5572,0.0800,-2.2717
2026-05-09T13:04:58.243,5.5995,0.0800,-2.2230
2026-05-09T13:04:58.256,5.6378,0.0800,-2.1804
2026-05-09T13:04:58.270,5.6786,0.0800,-2.1318
2026-05-09T13:04:58.284,5.7178,0.0800,-2.0843
2026-05-09T13:04:58.299,5.7578,0.0800,-2.0372
2026-05-09T13:04:58.314,5.7970,0.0800,-1.9879
2026-05-09T13:04:58.328,5.8401,0.0800,-1.9328
2026-05-09T13:04:58.345,5.8817,0.0800,-1.8812
2026-05-09T13:04:58.359,5.9266,0.0800,-1.8210
2026-05-09T13:04:58.375,5.9646,0.0800,-1.7690
2026-05-09T13:04:58.391,6.0004,0.0800,-1.7188
2026-05-09T13:04:58.406,6.0424,0.0800,-1.6587
2026-05-09T13:04:58.422,6.0824,0.0800,-1.6033
2026-05-09T13:04:58.440,6.1194,0.0800,-1.5478
2026-05-09T13:04:58.460,6.1704,0.0800,-1.4693
2026-05-09T13:04:58.480,6.2043,0.0800,-1.4152
2026-05-09T13:04:58.500,6.2458,0.0800,-1.3473
2026-05-09T13:04:58.521,6.2901,0.0800,-1.2726
2026-05-09T13:04:58.541,6.3327,0.0800,-1.1980
2026-05-09T13:04:58.562,6.3731,0.0800,-1.1245
2026-05-09T13:04:58.580,6.4155,0.0800,-1.0438
2026-05-09T13:04:58.598,6.4509,0.0800,-0.9729
2026-05-09T13:04:58.617,6.4836,0.0800,-0.9045
2026-05-09T13:04:58.635,6.5138,0.0800,-0.8384
2026-05-09T13:04:58.652,6.5423,0.0800,-0.7727
2026-05-09T13:04:58.668,6.5693,0.0800,-0.7072
2026-05-09T13:04:58.687,6.5962,0.0800,-0.6464
2026-05-09T13:04:58.705,6.6166,0.0800,-0.5906
2026-05-09T13:04:58.723,6.6379,0.0800,-0.5286
2026-05-09T13:04:58.747,6.6579,0.0800,-0.4662
2026-05-09T13:04:58.763,6.6746,0.0800,0.0736
2026-05-09T13:04:58.784,6.6963,0.0800,0.1546
2026-05-09T13:04:58.800,6.7069,0.0800,0.1999
2026-05-09T13:04:58.821,6.7198,0.0800,0.2605
2026-05-09T13:04:58.840,6.7296,0.0800,0.3132
2026-05-09T13:04:58.858,6.7385,0.0800,0.3700
2026-05-09T13:04:58.877,6.7454,0.0800,0.4233
2026-05-09T13:04:58.895,6.7507,0.0800,0.4745
2026-05-09T13:04:58.916,6.7545,0.0800,0.5241
2026-05-09T13:04:58.937,6.7569,0.0800,0.5725
2026-05-09T13:04:58.960,6.7584,0.0800,0.6292
2026-05-09T13:04:58.981,6.7583,0.0800,0.6837
2026-05-09T13:04:59.002,6.7566,0.0800,0.7441
2026-05-09T13:04:59.021,6.7533,0.0800,0.7982
2026-05-09T13:04:59.040,6.7484,0.0800,0.8547
2026-05-09T13:04:59.060,6.7429,0.0800,0.9017
2026-05-09T13:04:59.082,6.7354,0.0800,0.9556
2026-05-09T13:04:59.104,6.7270,0.0800,1.0053
2026-05-09T13:04:59.126,6.7160,0.0800,1.0619
2026-05-09T13:04:59.148,6.7035,0.0800,1.1180
2026-05-09T13:04:59.170,6.6891,0.0800,1.1747
2026-05-09T13:04:59.191,6.6731,0.0800,1.2305
2026-05-09T13:04:59.212,6.6560,0.0800,1.2847
2026-05-09T13:04:59.234,6.6368,0.0800,1.3397
2026-05-09T13:04:59.257,6.6178,0.0800,1.3897
2026-05-09T13:04:59.281,6.5952,0.0800,1.4445
2026-05-09T13:04:59.303,6.5714,0.0800,1.4976
2026-05-09T13:04:59.325,6.5447,0.0800,1.5530
2026-05-09T13:04:59.344,6.5167,0.0800,1.6068
2026-05-09T13:04:59.362,6.4897,0.0800,1.6550
2026-05-09T13:04:59.380,6.4625,0.0800,1.7004
2026-05-09T13:04:59.399,6.4378,0.0800,1.7393
2026-05-09T13:04:59.419,6.4119,0.0800,1.7780
2026-05-09T13:04:59.439,6.3830,0.0800,1.8192
2026-05-09T13:04:59.459,6.3517,0.0800,1.8614
2026-05-09T13:04:59.479,6.3149,0.0800,1.9086
2026-05-09T13:04:59.496,6.2843,0.0800,1.9460
2026-05-09T13:04:59.517,6.2476,0.0800,1.9891
2026-05-09T13:04:59.536,6.2100,0.0800,2.0314
2026-05-09T13:04:59.555,6.1768,0.0800,2.0680
2026-05-09T13:04:59.573,6.1468,0.0800,2.1002
2026-05-09T13:04:59.590,6.1266,0.0800,2.1217
2026-05-09T13:04:59.608,6.1183,0.0800,2.1332
2026-05-09T13:04:59.629,6.1147,0.0800,2.1373
2026-05-09T13:04:59.651,6.1121,0.0800,2.1403
2026-05-09T13:04:59.786,6.1070,0.0800,2.1461
2026-05-09T13:04:59.804,6.0857,0.0800,2.1677
2026-05-09T13:04:59.822,6.0478,0.0800,2.2048
2026-05-09T13:04:59.839,6.0103,0.0800,2.2394
2026-05-09T13:04:59.855,5.9751,0.0800,2.2701
2026-05-09T13:04:59.872,5.9394,0.0800,2.2997
2026-05-09T13:04:59.892,5.9038,0.0800,2.3281
2026-05-09T13:04:59.912,5.8673,0.0800,2.3606
2026-05-09T13:04:59.934,5.8269,0.0800,2.3900
2026-05-09T13:04:59.954,5.7788,0.0800,2.3941
2026-05-09T13:04:59.972,5.7282,0.0800,2.3958
2026-05-09T13:04:59.990,5.6870,0.0800,2.3986
2026-05-09T13:05:00.008,5.6405,0.0800,2.3997
2026-05-09T13:05:00.026,5.6001,0.0800,2.4021
2026-05-09T13:05:00.047,5.5534,0.0800,2.4030
2026-05-09T13:05:00.065,5.5119,0.0800,2.4053
2026-05-09T13:05:00.084,5.4621,0.0800,2.4060
2026-05-09T13:05:00.105,5.4143,0.0800,2.4081
2026-05-09T13:05:00.125,5.3658,0.0800,2.4098
2026-05-09T13:05:00.144,5.3143,0.0800,2.4114
2026-05-09T13:05:00.165,5.2613,0.0800,2.4131
2026-05-09T13:05:00.184,5.2118,0.0800,2.4155
2026-05-09T13:05:00.204,5.1563,0.0800,2.4169
2026-05-09T13:05:00.220,5.1057,0.0800,2.4194
2026-05-09T13:05:00.237,5.0478,0.0800,2.4207
2026-05-09T13:05:00.254,5.0093,0.0800,2.4247
2026-05-09T13:05:00.271,4.9638,0.0800,2.4255
2026-05-09T13:05:00.289,4.9139,0.0800,2.4274
2026-05-09T13:05:00.307,4.8605,0.0800,2.4289
2026-05-09T13:05:00.324,4.8005,0.0800,2.4304
2026-05-09T13:05:00.341,4.7295,0.0800,2.4332
2026-05-09T13:05:00.356,4.6722,0.0800,2.4358
2026-05-09T13:05:00.372,4.6086,0.0800,2.4364
2026-05-09T13:05:00.388,4.5519,0.0800,2.4374
2026-05-09T13:05:00.405,4.4889,0.0800,2.4379
2026-05-09T13:05:00.421,4.4341,0.0800,2.4389
2026-05-09T13:05:00.437,4.3660,0.0800,2.4394
2026-05-09T13:05:00.452,4.3013,0.0800,2.4401
2026-05-09T13:05:00.466,4.2298,0.0800,2.4416
2026-05-09T13:05:00.483,4.1569,0.0800,2.4416
2026-05-09T13:05:00.500,4.0703,0.0800,2.4416
2026-05-09T13:05:00.516,4.0038,0.0800,2.4416
2026-05-09T13:05:00.533,3.9195,0.0800,2.4416
2026-05-09T13:05:00.552,3.8414,0.0800,2.4417
2026-05-09T13:05:00.571,3.7530,0.0800,2.4417
2026-05-09T13:05:00.590,3.6564,0.0800,2.4417
2026-05-09T13:05:00.607,3.5602,0.0800,2.4417
2026-05-09T13:05:00.624,3.4725,0.0800,2.4417
2026-05-09T13:05:00.642,3.3837,0.0800,2.4417
2026-05-09T13:05:00.657,3.3023,0.0800,2.4417
2026-05-09T13:05:00.675,3.2151,0.0800,2.4417
2026-05-09T13:05:00.691,3.1357,0.0800,2.4417
2026-05-09T13:05:00.707,3.0468,0.0800,2.4417
2026-05-09T13:05:00.723,2.9677,0.0800,2.4417
2026-05-09T13:05:00.738,2.8825,0.0800,2.4417
2026-05-09T13:05:00.753,2.8109,0.0800,2.4418
2026-05-09T13:05:00.769,2.7332,0.0800,2.4418
2026-05-09T13:05:00.788,2.6624,0.0800,2.4418
2026-05-09T13:05:00.807,2.5805,0.0800,2.4418
2026-05-09T13:05:00.824,2.4853,0.0800,2.4418
2026-05-09T13:05:00.840,2.3857,0.0800,2.4418
2026-05-09T13:05:00.856,2.3080,0.0800,2.4418
2026-05-09T13:05:00.871,2.2258,0.0800,2.4418
2026-05-09T13:05:00.885,2.1503,0.0800,2.4418
2026-05-09T13:05:00.902,2.0693,0.0800,2.4418
2026-05-09T13:05:00.917,2.0028,0.0800,2.4418
2026-05-09T13:05:00.932,1.9205,0.0800,2.4418
2026-05-09T13:05:00.948,1.8467,0.0800,2.4418
2026-05-09T13:05:00.964,1.7638,0.0800,2.4418
2026-05-09T13:05:00.979,1.6947,0.0800,2.4419
2026-05-09T13:05:00.994,1.6129,0.0800,2.4419
2026-05-09T13:05:01.010,1.5399,0.0800,2.4419
2026-05-09T13:05:01.026,1.4487,0.0800,2.4419
2026-05-09T13:05:01.043,1.3780,0.0800,2.4419
2026-05-09T13:05:01.058,1.3014,0.0800,2.4419
2026-05-09T13:05:01.076,1.2177,0.0800,2.4419
2026-05-09T13:05:01.091,1.1439,0.0800,2.4419
2026-05-09T13:05:01.105,1.0523,0.0800,2.4419
2026-05-09T13:05:01.120,0.9825,0.0800,2.4419
2026-05-09T13:05:01.134,0.8952,0.0800,2.4419
2026-05-09T13:05:01.148,0.8281,0.0800,2.4419
2026-05-09T13:05:01.162,0.7604,0.0800,2.4419
2026-05-09T13:05:01.178,0.6934,0.0800,2.4419
2026-05-09T13:05:01.193,0.6258,0.0800,2.4419
2026-05-09T13:05:01.209,0.5509,0.0800,2.4419
2026-05-09T13:05:01.223,0.4777,0.0800,2.4419
2026-05-09T13:05:01.237,0.3976,0.0800,2.4419
2026-05-09T13:05:01.254,0.3342,0.0800,2.4412
2026-05-09T13:05:01.268,0.2667,0.0800,2.4429
2026-05-09T13:05:01.283,0.1823,0.0800,2.4427
2026-05-09T13:05:01.297,0.1138,0.0800,2.4423
2026-05-09T13:05:01.311,0.0441,0.0800,2.4426
2026-05-09T13:05:01.326,-0.0251,0.0800,2.4430
2026-05-09T13:05:01.341,-0.0940,0.0800,2.4433
2026-05-09T13:05:01.356,-0.1642,0.0800,2.4437
2026-05-09T13:05:01.372,-0.2731,0.0800,2.4436
2026-05-09T13:05:01.385,-0.3150,0.0800,2.4450
2026-05-09T13:05:01.399,-0.3944,0.0800,2.4448
2026-05-09T13:05:01.415,-0.4566,0.0800,2.4454
2026-05-09T13:05:01.431,-0.5299,0.0800,2.4457
2026-05-09T13:05:01.448,-0.6015,0.0800,2.4461
2026-05-09T13:05:01.465,-0.6781,0.0800,2.4464
2026-05-09T13:05:01.480,-0.7601,0.0800,2.4477
2026-05-09T13:05:01.496,-0.8456,0.0800,2.4477
2026-05-09T13:05:01.512,-0.9309,0.0800,2.4478
2026-05-09T13:05:01.527,-0.9988,0.0800,2.4478
2026-05-09T13:05:01.542,-1.0774,0.0800,2.4478
2026-05-09T13:05:01.556,-1.1455,0.0800,2.4479
2026-05-09T13:05:01.572,-1.2235,0.0800,2.4479
2026-05-09T13:05:01.587,-1.2929,0.0800,2.4479
2026-05-09T13:05:01.601,-1.3723,0.0800,2.4479
2026-05-09T13:05:01.614,-1.4402,0.0800,2.4480
2026-05-09T13:05:01.628,-1.5125,0.0800,2.4481
2026-05-09T13:05:01.643,-1.5765,0.0800,2.4482
2026-05-09T13:05:01.658,-1.6469,0.0800,2.4490
2026-05-09T13:05:01.676,-1.7189,0.0800,2.4464
2026-05-09T13:05:01.690,-1.7885,0.0800,2.4426
2026-05-09T13:05:01.704,-1.8764,0.0800,2.4341
2026-05-09T13:05:01.718,-1.9318,0.0800,2.4279
2026-05-09T13:05:01.734,-1.9965,0.0800,2.4190
2026-05-09T13:05:01.748,-2.0515,0.0800,2.4082
2026-05-09T13:05:01.763,-2.1153,0.0800,2.3926
2026-05-09T13:05:01.777,-2.1709,0.0800,2.3735
2026-05-09T13:05:01.790,-2.2369,0.0800,2.3478
2026-05-09T13:05:01.805,-2.2877,0.0800,2.3231
2026-05-09T13:05:01.820,-2.3377,0.0800,2.2970
2026-05-09T13:05:01.837,-2.3941,0.0800,2.2646
2026-05-09T13:05:01.852,-2.4530,0.0800,2.2274
2026-05-09T13:05:01.866,-2.5134,0.0800,2.1834
2026-05-09T13:05:01.879,-2.5612,0.0800,2.1436
2026-05-09T13:05:01.892,-2.6123,0.0800,2.1008
2026-05-09T13:05:01.906,-2.6537,0.0800,2.0652
2026-05-09T13:05:01.921,-2.6962,0.0800,2.0272
2026-05-09T13:05:01.936,-2.7392,0.0800,1.9852
2026-05-09T13:05:01.949,-2.7778,0.0800,1.9431
2026-05-09T13:05:01.962,-2.8158,0.0800,1.8999
2026-05-09T13:05:01.977,-2.8495,0.0800,1.8616
2026-05-09T13:05:01.991,-2.8828,0.0800,1.8223
2026-05-09T13:05:02.005,-2.9190,0.0800,1.7794
2026-05-09T13:05:02.020,-2.9529,0.0800,1.7391
2026-05-09T13:05:02.034,-2.9878,0.0800,1.6972
2026-05-09T13:05:02.047,-3.0231,0.0800,1.6549
2026-05-09T13:05:02.061,-3.0585,0.0800,1.6118
2026-05-09T13:05:02.074,-3.0874,0.0800,1.5762
2026-05-09T13:05:02.088,-3.1193,0.0800,1.5354
2026-05-09T13:05:02.102,-3.1488,0.0800,1.4952
2026-05-09T13:05:02.116,-3.1740,0.0800,1.4580
2026-05-09T13:05:02.129,-3.1982,0.0800,1.4181
2026-05-09T13:05:02.145,-3.2179,0.0800,1.3818
2026-05-09T13:05:02.159,-3.2373,0.0800,1.3443
2026-05-09T13:05:02.173,-3.2607,0.0800,1.3019
2026-05-09T13:05:02.186,-3.2820,0.0800,1.2658
2026-05-09T13:05:02.201,-3.3044,0.0800,1.2299
2026-05-09T13:05:02.215,-3.3285,0.0800,1.1942
2026-05-09T13:05:02.228,-3.3567,0.0800,1.1543
2026-05-09T13:05:02.243,-3.3851,0.0800,1.1177
2026-05-09T13:05:02.257,-3.4159,0.0800,1.0798
2026-05-09T13:05:02.271,-3.4537,0.0800,1.0369
2026-05-09T13:05:02.284,-3.4890,0.0800,0.9982
2026-05-09T13:05:02.298,-3.5309,0.0800,0.9540
2026-05-09T13:05:02.312,-3.5695,0.0800,0.9158
2026-05-09T13:05:02.325,-3.6198,0.0800,0.8674
2026-05-09T13:05:02.340,-3.6669,0.0800,0.8234
2026-05-09T13:05:02.353,-3.7197,0.0800,0.7798
2026-05-09T13:05:02.366,-3.7821,0.0800,0.7325
2026-05-09T13:05:02.380,-3.8295,0.0800,0.6977
2026-05-09T13:05:02.394,-3.8832,0.0800,0.6654
2026-05-09T13:05:02.409,-3.9445,0.0800,0.6320
2026-05-09T13:05:02.423,-4.0060,0.0800,0.5983
2026-05-09T13:05:02.437,-4.0789,0.0800,0.5666
2026-05-09T13:05:02.450,-4.1392,0.0800,0.5440
2026-05-09T13:05:02.464,-4.2035,0.0800,0.5223
2026-05-09T13:05:02.477,-4.2656,0.0800,0.4993
2026-05-09T13:05:02.492,-4.3323,0.0800,0.4810
2026-05-09T13:05:02.505,-4.3997,0.0800,0.4648
2026-05-09T13:05:02.520,-4.4698,0.0800,0.4481
2026-05-09T13:05:02.534,-4.5362,0.0800,0.4386
2026-05-09T13:05:02.548,-4.6091,0.0800,0.4306
2026-05-09T13:05:02.562,-4.6808,0.0800,0.4210
2026-05-09T13:05:02.576,-4.7458,0.0800,0.4178
2026-05-09T13:05:02.589,-4.8173,0.0800,0.4160
2026-05-09T13:05:02.603,-4.8885,0.0800,0.4162
2026-05-09T13:05:02.617,-4.9562,0.0800,0.4142
2026-05-09T13:05:02.631,-5.0251,0.0800,0.4178
2026-05-09T13:05:02.645,-5.0938,0.0800,0.4228
2026-05-09T13:05:02.660,-5.1680,0.0800,0.4259
2026-05-09T13:05:02.673,-5.2322,0.0800,0.4333
2026-05-09T13:05:02.688,-5.3070,0.0800,0.4433
2026-05-09T13:05:02.701,-5.3747,0.0800,0.4497
2026-05-09T13:05:02.715,-5.4442,0.0800,0.4620
2026-05-09T13:05:02.730,-5.5138,0.0800,0.4756
2026-05-09T13:05:02.744,-5.5805,0.0800,0.4898
2026-05-09T13:05:02.758,-5.6550,0.0800,0.5032
2026-05-09T13:05:02.772,-5.7231,0.0800,0.5198
2026-05-09T13:05:02.786,-5.7923,0.0800,0.5376
2026-05-09T13:05:02.800,-5.8673,0.0800,0.5548
2026-05-09T13:05:02.814,-5.9254,0.0800,0.5709
2026-05-09T13:05:02.827,-5.9986,0.0800,0.5918
2026-05-09T13:05:02.841,-6.0598,0.0800,0.6078
2026-05-09T13:05:02.856,-6.1223,0.0800,0.6271
2026-05-09T13:05:02.870,-6.1943,0.0800,0.6499
2026-05-09T13:05:02.884,-6.2605,0.0800,0.6716
2026-05-09T13:05:02.898,-6.3295,0.0800,0.6930
2026-05-09T13:05:02.913,-6.3952,0.0800,0.7157
2026-05-09T13:05:02.926,-6.4618,0.0800,0.7393
2026-05-09T13:05:02.940,-6.5299,0.0800,0.7623
2026-05-09T13:05:02.954,-6.5902,0.0800,0.7845
2026-05-09T13:05:02.967,-6.6628,0.0800,0.8108
2026-05-09T13:05:02.981,-6.7244,0.0800,0.8313
2026-05-09T13:05:02.995,-6.7849,0.0800,0.8531
2026-05-09T13:05:03.010,-6.8517,0.0800,0.8767
2026-05-09T13:05:03.023,-6.9178,0.0800,0.8998
2026-05-09T13:05:03.038,-6.9933,0.0800,0.9243
2026-05-09T13:05:03.052,-7.0534,0.0800,0.9448
2026-05-09T13:05:03.065,-7.1217,0.0800,0.9673
2026-05-09T13:05:03.079,-7.1865,0.0800,0.9872
2026-05-09T13:05:03.092,-7.2522,0.0800,1.0088
2026-05-09T13:05:03.106,-7.3171,0.0800,1.0296
2026-05-09T13:05:03.120,-7.3782,0.0800,1.0481
2026-05-09T13:05:03.134,-7.4477,0.0800,1.0713
2026-05-09T13:05:03.147,-7.5126,0.0800,1.0938
2026-05-09T13:05:03.161,-7.5795,0.0800,1.1167
2026-05-09T13:05:03.175,-7.6372,0.0800,1.1397
2026-05-09T13:05:03.189,-7.7031,0.0800,1.1678
2026-05-09T13:05:03.202,-7.7682,0.0800,1.1974
2026-05-09T13:05:03.216,-7.8295,0.0800,1.2224
2026-05-09T13:05:03.230,-7.8878,0.0800,1.2521
2026-05-09T13:05:03.243,-7.9483,0.0800,1.2847
2026-05-09T13:05:03.257,-8.0110,0.0800,1.3168
2026-05-09T13:05:03.270,-8.0663,0.0800,1.3515
2026-05-09T13:05:03.283,-8.1256,0.0800,1.3914
2026-05-09T13:05:03.298,-8.1789,0.0800,1.4268
2026-05-09T13:05:03.314,-8.2505,0.0800,1.4874
2026-05-09T13:05:03.330,-8.3008,0.0800,1.5362
2026-05-09T13:05:03.346,-8.3495,0.0800,1.5861
2026-05-09T13:05:03.363,-8.4011,0.0800,1.6358
2026-05-09T13:05:03.379,-8.4539,0.0800,1.6960
2026-05-09T13:05:03.397,-8.5065,0.0800,1.7600
2026-05-09T13:05:03.416,-8.5570,0.0800,1.8245
2026-05-09T13:05:03.435,-8.6194,0.0800,1.9086
2026-05-09T13:05:03.455,-8.6676,0.0800,1.9781
2026-05-09T13:05:03.474,-8.7175,0.0800,2.0543
2026-05-09T13:05:03.493,-8.7714,0.0800,2.1420
2026-05-09T13:05:03.515,-8.8240,0.0800,2.2218
2026-05-09T13:05:03.536,-8.8686,0.0800,2.3057
2026-05-09T13:05:03.553,-8.9172,0.0800,2.4042
2026-05-09T13:05:03.570,-8.9638,0.0800,2.5072
2026-05-09T13:05:03.587,-8.9991,0.0800,2.5756
2026-05-09T13:05:03.607,-9.0294,0.0800,2.6548
2026-05-09T13:05:03.626,-9.0592,0.0800,2.7393
2026-05-09T13:05:03.645,-9.0886,0.0800,2.8314
2026-05-09T13:05:03.666,-9.0972,0.0800,2.8730
2026-05-09T13:05:03.687,-9.1008,0.0800,2.9061
2026-05-09T13:05:03.711,-9.0975,0.0800,2.8865
2026-05-09T13:05:03.733,-9.0935,0.0800,2.8669
2026-05-09T13:05:03.752,-9.0903,0.0800,2.8435
2026-05-09T13:05:03.771,-9.0879,0.0800,2.8190
2026-05-09T13:05:03.790,-9.0938,0.0800,2.8002
2026-05-09T13:05:03.808,-9.0935,0.0800,2.7813
2026-05-09T13:05:03.829,-9.0938,0.0800,2.7623
2026-05-09T13:05:03.852,-9.0946,0.0800,2.7433
2026-05-09T13:05:03.876,-9.0984,0.0800,2.7107
2026-05-09T13:05:03.894,-9.1043,0.0800,2.6757
2026-05-09T13:05:03.912,-9.1130,0.0800,2.6327
2026-05-09T13:05:03.931,-9.1269,0.0800,2.6055
2026-05-09T13:05:03.954,-9.1355,0.0800,2.5735
2026-05-09T13:05:03.977,-9.1443,0.0800,2.5440
2026-05-09T13:05:03.999,-9.1565,0.0800,2.5067
2026-05-09T13:05:04.021,-9.1693,0.0800,2.4717
2026-05-09T13:05:04.043,-9.1844,0.0800,2.4347
2026-05-09T13:05:04.065,-9.1999,0.0800,2.4009
2026-05-09T13:05:04.085,-9.2101,0.0800,2.3806
2026-05-09T13:05:04.105,-9.2199,0.0800,2.3630
2026-05-09T13:05:04.123,-9.2364,0.0800,2.3630
2026-05-09T13:05:04.142,-9.2463,0.0800,2.3907
2026-05-09T13:05:04.160,-9.2584,0.0800,2.4236
2026-05-09T13:05:04.179,-9.2850,0.0800,2.4938
2026-05-09T13:05:04.202,-9.3211,0.0800,2.5906
2026-05-09T13:05:04.226,-9.3455,0.0800,2.6627
2026-05-09T13:05:04.249,-9.3780,0.0800,2.7709
2026-05-09T13:05:04.271,-9.4069,0.0800,2.8830
2026-05-09T13:05:04.292,-9.4377,0.0800,3.0078
2026-05-09T13:05:04.311,-9.4589,0.0800,3.1001
2026-05-09T13:05:04.333,-9.4809,0.0800,3.2036
2026-05-09T13:05:04.353,-9.4991,0.0800,3.2979
2026-05-09T13:05:04.374,-9.5159,0.0800,3.4036
2026-05-09T13:05:04.394,-9.5284,0.0800,3.5011
2026-05-09T13:05:04.414,-9.5386,0.0800,3.6132
2026-05-09T13:05:04.434,-9.5498,0.0800,3.7024
2026-05-09T13:05:04.455,-9.5522,0.0800,3.8004
2026-05-09T13:05:04.476,-9.5509,0.0800,3.8977
2026-05-09T13:05:04.498,-9.5453,0.0800,4.0041
2026-05-09T13:05:04.519,-9.5358,0.0800,4.0990
2026-05-09T13:05:04.539,-9.5211,0.0800,4.1838
2026-05-09T13:05:04.558,-9.5052,0.0800,4.2557
2026-05-09T13:05:04.578,-9.4875,0.0800,4.3162
2026-05-09T13:05:04.597,-9.5305,0.0800,4.3157
2026-05-09T13:05:04.620,-9.5749,0.0800,4.3126
2026-05-09T13:05:04.643,-9.6141,0.0800,4.3021
2026-05-09T13:05:04.667,-9.6580,0.0800,4.2883
2026-05-09T13:05:04.689,-9.6985,0.0800,4.2709
2026-05-09T13:05:04.709,-9.7442,0.0800,4.2492
2026-05-09T13:05:04.728,-9.7826,0.0800,4.2323
2026-05-09T13:05:04.748,-9.8190,0.0800,4.2169
2026-05-09T13:05:04.767,-9.8542,0.0800,4.2032
2026-05-09T13:05:04.787,-9.8908,0.0800,4.1901
2026-05-09T13:05:04.806,-9.9262,0.0800,4.1785
2026-05-09T13:05:04.827,-9.9593,0.0800,4.1707
2026-05-09T13:05:04.849,-9.9415,0.0800,4.1845
2026-05-09T13:05:04.869,-9.9173,0.0800,4.2047
2026-05-09T13:05:04.890,-9.8803,0.0800,4.2406
2026-05-09T13:05:04.911,-9.8347,0.0800,4.2850
2026-05-09T13:05:04.929,-9.7804,0.0800,4.3402
2026-05-09T13:05:04.948,-9.7092,0.0800,4.4118
2026-05-09T13:05:04.966,-9.6448,0.0800,4.4760
2026-05-09T13:05:04.986,-9.5802,0.0800,4.5371
2026-05-09T13:05:05.004,-9.5112,0.0800,4.6008
2026-05-09T13:05:05.025,-9.4396,0.0800,4.6650
2026-05-09T13:05:05.045,-9.3704,0.0800,4.7259
2026-05-09T13:05:05.064,-9.2895,0.0800,4.7967
2026-05-09T13:05:05.085,-9.2178,0.0800,4.8614
2026-05-09T13:05:05.105,-9.1429,0.0800,4.9294
2026-05-09T13:05:05.123,-9.0733,0.0800,4.9955
2026-05-09T13:05:05.141,-8.9912,0.0800,5.0752
2026-05-09T13:05:05.159,-8.9364,0.0800,5.1303
2026-05-09T13:05:05.176,-8.8725,0.0800,5.1923
2026-05-09T13:05:05.199,-8.8116,0.0800,5.2524
2026-05-09T13:05:05.221,-8.7083,0.0800,5.3560
2026-05-09T13:05:05.241,-8.6715,0.0800,5.3955
2026-05-09T13:05:05.261,-8.5961,0.0800,5.4782
2026-05-09T13:05:05.283,-8.5322,0.0800,5.5519
2026-05-09T13:05:05.305,-8.4661,0.0800,5.6323
2026-05-09T13:05:05.328,-8.4029,0.0800,5.7128
2026-05-09T13:05:05.348,-8.3358,0.0800,5.8024
2026-05-09T13:05:05.367,-8.2677,0.0800,5.8979
2026-05-09T13:05:05.385,-8.2156,0.0800,5.9755
2026-05-09T13:05:05.403,-8.1629,0.0800,6.0579
2026-05-09T13:05:05.423,-8.1169,0.0800,6.1338
2026-05-09T13:05:05.444,-8.0720,0.0800,6.2104
2026-05-09T13:05:05.464,-8.0252,0.0800,6.2939
2026-05-09T13:05:05.488,-7.9733,0.0800,6.3835
2026-05-09T13:05:05.510,-7.9272,0.0800,6.3850
2026-05-09T13:05:05.531,-7.8677,0.0800,6.3867
2026-05-09T13:05:05.552,-7.8082,0.0800,6.3881
2026-05-09T13:05:05.572,-7.7448,0.0800,6.3912
2026-05-09T13:05:05.594,-7.6653,0.0800,6.4241
2026-05-09T13:05:05.615,-7.5935,0.0800,6.4903
2026-05-09T13:05:05.634,-7.5056,0.0800,6.5584
2026-05-09T13:05:05.654,-7.4315,0.0800,6.6218
2026-05-09T13:05:05.673,-7.3592,0.0800,6.6844
2026-05-09T13:05:05.692,-7.2820,0.0800,6.7427
2026-05-09T13:05:05.710,-7.2058,0.0800,6.8060
2026-05-09T13:05:05.728,-7.1334,0.0800,6.8638
2026-05-09T13:05:05.746,-7.0726,0.0800,6.9185
2026-05-09T13:05:05.766,-7.0094,0.0800,6.9770
2026-05-09T13:05:05.785,-6.9457,0.0800,7.0382
2026-05-09T13:05:05.804,-6.8777,0.0800,7.1050
2026-05-09T13:05:05.822,-6.8160,0.0800,7.1678
2026-05-09T13:05:05.842,-6.7488,0.0800,7.2375
2026-05-09T13:05:05.861,-6.6885,0.0800,7.3032
2026-05-09T13:05:05.878,-6.6230,0.0800,7.3780
2026-05-09T13:05:05.894,-6.5690,0.0800,7.4429
2026-05-09T13:05:05.911,-6.5185,0.0800,7.5060
2026-05-09T13:05:05.927,-6.4661,0.0800,7.5680
2026-05-09T13:05:05.946,-6.4164,0.0800,7.6305
2026-05-09T13:05:05.965,-6.3667,0.0800,7.6948
2026-05-09T13:05:05.982,-6.3119,0.0800,7.7662
2026-05-09T13:05:06.000,-6.2601,0.0800,7.8348
2026-05-09T13:05:06.019,-6.2035,0.0800,7.8976
2026-05-09T13:05:06.037,-6.1451,0.0800,7.9572
2026-05-09T13:05:06.056,-6.0962,0.0800,8.0083
2026-05-09T13:05:06.074,-6.0529,0.0800,8.0592
2026-05-09T13:05:06.091,-6.0309,0.0800,8.1073
2026-05-09T13:05:06.110,-6.0094,0.0800,8.1612
2026-05-09T13:05:06.128,-6.0010,0.0800,8.2081
2026-05-09T13:05:06.147,-5.9937,0.0800,8.2628
2026-05-09T13:05:06.165,-5.9912,0.0800,8.3112
2026-05-09T13:05:06.182,-5.9909,0.0800,8.3673
2026-05-09T13:05:06.200,-5.9935,0.0800,8.4169
2026-05-09T13:05:06.219,-6.0000,0.0800,8.4654
2026-05-09T13:05:06.238,-6.0088,0.0800,8.5148
2026-05-09T13:05:06.257,-6.0201,0.0800,8.5681
2026-05-09T13:05:06.276,-6.0323,0.0800,8.6196
2026-05-09T13:05:06.298,-6.0457,0.0800,8.6709
2026-05-09T13:05:06.320,-6.0619,0.0800,8.7271
2026-05-09T13:05:06.341,-6.0799,0.0800,8.7842
2026-05-09T13:05:06.359,-6.1003,0.0800,8.8428
2026-05-09T13:05:06.378,-6.1235,0.0800,8.9043
2026-05-09T13:05:06.395,-6.1414,0.0800,8.9477
2026-05-09T13:05:06.415,-6.1617,0.0800,8.9942
2026-05-09T13:05:06.436,-6.1826,0.0800,9.0391
2026-05-09T13:05:06.457,-6.2078,0.0800,9.0902
2026-05-09T13:05:06.477,-6.2353,0.0800,9.1425
2026-05-09T13:05:06.497,-6.2645,0.0800,9.1947
2026-05-09T13:05:06.517,-6.2934,0.0800,9.2432
2026-05-09T13:05:06.536,-6.3251,0.0800,9.2933
2026-05-09T13:05:06.554,-6.3545,0.0800,9.3374
2026-05-09T13:05:06.572,-6.3885,0.0800,9.3856
2026-05-09T13:05:06.590,-6.4148,0.0800,9.4290
2026-05-09T13:05:06.608,-6.4461,0.0800,9.4692
2026-05-09T13:05:06.627,-6.4781,0.0800,9.5083
2026-05-09T13:05:06.643,-6.5141,0.0800,9.5505
2026-05-09T13:05:06.660,-6.5478,0.0800,9.5879
2026-05-09T13:05:06.680,-6.5784,0.0800,9.6203
2026-05-09T13:05:06.699,-6.6075,0.0800,9.6505
2026-05-09T13:05:06.717,-6.6143,0.0800,9.6584
2026-05-09T13:05:06.736,-6.6163,0.0800,9.6607
2026-05-09T13:05:06.934,-6.6152,0.0800,9.6595
2026-05-09T13:05:06.950,-6.6118,0.0800,9.6555
2026-05-09T13:05:06.967,-6.5868,0.0800,9.6295
2026-05-09T13:05:06.985,-6.5502,0.0800,9.5912
2026-05-09T13:05:07.003,-6.5088,0.0800,9.5464
2026-05-09T13:05:07.020,-6.4682,0.0800,9.5003
2026-05-09T13:05:07.038,-6.4241,0.0800,9.4463
2026-05-09T13:05:07.052,-6.3798,0.0800,9.3890
2026-05-09T13:05:07.067,-6.3279,0.0800,9.3199
2026-05-09T13:05:07.082,-6.2948,0.0800,9.2706
2026-05-09T13:05:07.100,-6.2554,0.0800,9.2165
2026-05-09T13:05:07.118,-6.2163,0.0800,9.1620
2026-05-09T13:05:07.135,-6.1715,0.0800,9.0995
2026-05-09T13:05:07.154,-6.1258,0.0800,9.0346
2026-05-09T13:05:07.169,-6.0760,0.0800,8.9631
2026-05-09T13:05:07.184,-6.0335,0.0800,8.8966
2026-05-09T13:05:07.200,-5.9958,0.0800,8.8397
2026-05-09T13:05:07.214,-5.9582,0.0800,8.7815
2026-05-09T13:05:07.227,-5.9186,0.0800,8.7190
2026-05-09T13:05:07.243,-5.8881,0.0800,8.6664
2026-05-09T13:05:07.259,-5.8555,0.0800,8.6126
2026-05-09T13:05:07.276,-5.8017,0.0800,8.5220
2026-05-09T13:05:07.291,-5.7806,0.0800,8.4852
2026-05-09T13:05:07.305,-5.7428,0.0800,8.4182
2026-05-09T13:05:07.321,-5.7128,0.0800,8.3598
2026-05-09T13:05:07.337,-5.6803,0.0800,8.2992
2026-05-09T13:05:07.354,-5.6477,0.0800,8.2365
2026-05-09T13:05:07.370,-5.6169,0.0800,8.1742
2026-05-09T13:05:07.387,-5.5853,0.0800,8.1038
2026-05-09T13:05:07.404,-5.5519,0.0800,8.0315
2026-05-09T13:05:07.417,-5.5255,0.0800,7.9730
2026-05-09T13:05:07.431,-5.4985,0.0800,7.9118
2026-05-09T13:05:07.445,-5.4767,0.0800,7.8609
2026-05-09T13:05:07.460,-5.4578,0.0800,7.8097
2026-05-09T13:05:07.475,-5.4396,0.0800,7.7649
2026-05-09T13:05:07.490,-5.4199,0.0800,7.7149
2026-05-09T13:05:07.506,-5.4014,0.0800,7.6675
2026-05-09T13:05:07.522,-5.3889,0.0800,7.6254
2026-05-09T13:05:07.536,-5.3750,0.0800,7.5882
2026-05-09T13:05:07.550,-5.3613,0.0800,7.5498
2026-05-09T13:05:07.563,-5.3475,0.0800,7.5091
2026-05-09T13:05:07.577,-5.3416,0.0800,7.4756
2026-05-09T13:05:07.592,-5.3317,0.0800,7.4421
2026-05-09T13:05:07.605,-5.3239,0.0800,7.4140
2026-05-09T13:05:07.620,-5.3189,0.0800,7.3820
2026-05-09T13:05:07.635,-5.3112,0.0800,7.3506
2026-05-09T13:05:07.649,-5.3051,0.0800,7.3236
2026-05-09T13:05:07.664,-5.2988,0.0800,7.2942
2026-05-09T13:05:07.682,-5.2970,0.0800,7.2651
2026-05-09T13:05:07.697,-5.2922,0.0800,7.2381
2026-05-09T13:05:07.711,-5.2867,0.0800,7.2035
2026-05-09T13:05:07.725,-5.2827,0.0800,7.1733
2026-05-09T13:05:07.739,-5.2839,0.0800,7.1457
2026-05-09T13:05:07.754,-5.2816,0.0800,7.1200
2026-05-09T13:05:07.767,-5.2795,0.0800,7.0912
2026-05-09T13:05:07.781,-5.2820,0.0800,7.0617
2026-05-09T13:05:07.796,-5.2812,0.0800,7.0355
2026-05-09T13:05:07.810,-5.2809,0.0800,7.0087
2026-05-09T13:05:07.824,-5.2810,0.0800,6.9797
2026-05-09T13:05:07.837,-5.2859,0.0800,6.9528
2026-05-09T13:05:07.851,-5.2869,0.0800,6.9284
2026-05-09T13:05:07.866,-5.2884,0.0800,6.9039
2026-05-09T13:05:07.880,-5.2942,0.0800,6.8778
2026-05-09T13:05:07.894,-5.2969,0.0800,6.8515
2026-05-09T13:05:07.907,-5.3000,0.0800,6.8260
2026-05-09T13:05:07.922,-5.3076,0.0800,6.8006
2026-05-09T13:05:07.936,-5.3115,0.0800,6.7764
2026-05-09T13:05:07.950,-5.3165,0.0800,6.7497
2026-05-09T13:05:07.963,-5.3214,0.0800,6.7258
2026-05-09T13:05:07.977,-5.3310,0.0800,6.7004
2026-05-09T13:05:07.991,-5.3367,0.0800,6.6773
2026-05-09T13:05:08.004,-5.3432,0.0800,6.6534
2026-05-09T13:05:08.019,-5.3541,0.0800,6.6293
2026-05-09T13:05:08.033,-5.3609,0.0800,6.6068
2026-05-09T13:05:08.046,-5.3682,0.0800,6.5842
2026-05-09T13:05:08.060,-5.3799,0.0800,6.5620
2026-05-09T13:05:08.074,-5.3867,0.0800,6.5428
2026-05-09T13:05:08.087,-5.3944,0.0800,6.5221
2026-05-09T13:05:08.102,-5.4059,0.0800,6.5035
2026-05-09T13:05:08.117,-5.4127,0.0800,6.4865
2026-05-09T13:05:08.133,-5.4200,0.0800,6.4684
2026-05-09T13:05:08.148,-5.4247,0.0800,6.4549
2026-05-09T13:05:08.165,-5.4334,0.0800,6.4417
2026-05-09T13:05:08.179,-5.4372,0.0800,6.4315
2026-05-09T13:05:08.192,-5.4378,0.0800,6.4261
2026-05-09T13:05:08.205,-5.4334,0.0800,6.4291
2026-05-09T13:05:08.227,-5.4324,0.0800,6.4343
2026-05-09T13:05:08.242,-5.4243,0.0800,6.4425
2026-05-09T13:05:08.255,-5.4067,0.0800,6.4601
2026-05-09T13:05:08.269,-5.3923,0.0800,6.4741
2026-05-09T13:05:08.282,-5.3751,0.0800,6.4903
2026-05-09T13:05:08.297,-5.3583,0.0800,6.5097
2026-05-09T13:05:08.310,-5.3380,0.0800,6.5275
2026-05-09T13:05:08.324,-5.3130,0.0800,6.5489
2026-05-09T13:05:08.338,-5.2912,0.0800,6.5709
2026-05-09T13:05:08.353,-5.2649,0.0800,6.5918
2026-05-09T13:05:08.366,-5.2349,0.0800,6.6149
2026-05-09T13:05:08.380,-5.2063,0.0800,6.6399
2026-05-09T13:05:08.394,-5.1725,0.0800,6.6639
2026-05-09T13:05:08.408,-5.1362,0.0800,6.6888
2026-05-09T13:05:08.422,-5.0984,0.0800,6.7169
2026-05-09T13:05:08.437,-5.0533,0.0800,6.7455
2026-05-09T13:05:08.451,-5.0117,0.0800,6.7708
2026-05-09T13:05:08.464,-4.9626,0.0800,6.7994
2026-05-09T13:05:08.479,-4.9189,0.0800,6.8271
2026-05-09T13:05:08.493,-4.8696,0.0800,6.8538
2026-05-09T13:05:08.506,-4.8175,0.0800,6.8810
2026-05-09T13:05:08.521,-4.7678,0.0800,6.9083
2026-05-09T13:05:08.535,-4.7133,0.0800,6.9345
2026-05-09T13:05:08.549,-4.6576,0.0800,6.9601
2026-05-09T13:05:08.562,-4.6204,0.0800,6.9858
2026-05-09T13:05:08.577,-4.6206,0.0800,7.0112
2026-05-09T13:05:08.591,-4.6193,0.0800,7.0361
2026-05-09T13:05:08.605,-4.6181,0.0800,7.0641
2026-05-09T13:05:08.619,-4.6182,0.0800,7.0903
2026-05-09T13:05:08.632,-4.6171,0.0800,7.1147
2026-05-09T13:05:08.646,-4.6161,0.0800,7.1402
2026-05-09T13:05:08.661,-4.6163,0.0800,7.1642
2026-05-09T13:05:08.674,-4.6156,0.0800,7.1882
2026-05-09T13:05:08.688,-4.6156,0.0800,7.2142
2026-05-09T13:05:08.702,-4.6156,0.0800,7.2414
2026-05-09T13:05:08.716,-4.6140,0.0800,7.2684
2026-05-09T13:05:08.729,-4.6088,0.0800,7.3024
2026-05-09T13:05:08.744,-4.5975,0.0800,7.3434
2026-05-09T13:05:08.758,-4.5788,0.0800,7.3852
2026-05-09T13:05:08.772,-4.5443,0.0800,7.4343
2026-05-09T13:05:08.786,-4.4959,0.0800,7.4715
2026-05-09T13:05:08.800,-4.4353,0.0800,7.5039
2026-05-09T13:05:08.813,-4.3817,0.0800,7.5279
2026-05-09T13:05:08.826,-4.3212,0.0800,7.5556
2026-05-09T13:05:08.842,-4.2682,0.0800,7.5786
2026-05-09T13:05:08.855,-4.2193,0.0800,7.6019
2026-05-09T13:05:08.869,-4.1480,0.0800,7.6365
2026-05-09T13:05:08.883,-4.0958,0.0800,7.6626
2026-05-09T13:05:08.896,-4.0355,0.0800,7.6917
2026-05-09T13:05:08.910,-3.9817,0.0800,7.7197
2026-05-09T13:05:08.925,-3.9316,0.0800,7.7462
2026-05-09T13:05:08.939,-3.8714,0.0800,7.7772
2026-05-09T13:05:08.953,-3.8165,0.0800,7.8075
2026-05-09T13:05:08.966,-3.7588,0.0800,7.8400
2026-05-09T13:05:08.981,-3.7047,0.0800,7.8692
2026-05-09T13:05:08.994,-3.6687,0.0800,7.8892
2026-05-09T13:05:09.008,-3.6392,0.0800,7.9055
2026-05-09T13:05:09.022,-3.6179,0.0800,7.9173
2026-05-09T13:05:09.036,-3.5949,0.0800,7.9300
2026-05-09T13:05:09.050,-3.5790,0.0800,7.9389
2026-05-09T13:05:09.063,-3.5554,0.0800,7.9502
2026-05-09T13:05:09.078,-3.5276,0.0800,7.9643
2026-05-09T13:05:09.091,-3.5001,0.0800,7.9755
2026-05-09T13:05:09.104,-3.4720,0.0800,7.9862
2026-05-09T13:05:09.119,-3.4495,0.0800,7.9969
2026-05-09T13:05:09.133,-3.4248,0.0800,8.0045
2026-05-09T13:05:09.146,-3.4008,0.0800,8.0111
2026-05-09T13:05:09.161,-3.3800,0.0800,8.0194
2026-05-09T13:05:09.174,-3.3599,0.0800,8.0237
2026-05-09T13:05:09.188,-3.3355,0.0800,8.0285
2026-05-09T13:05:09.202,-3.3188,0.0800,8.0346
2026-05-09T13:05:09.217,-3.3003,0.0800,8.0367
2026-05-09T13:05:09.230,-3.2820,0.0800,8.0379
2026-05-09T13:05:09.244,-3.2661,0.0800,8.0383
2026-05-09T13:05:09.257,-3.2545,0.0800,8.0413
2026-05-09T13:05:09.272,-3.2402,0.0800,8.0407
2026-05-09T13:05:09.285,-3.2274,0.0800,8.0398
2026-05-09T13:05:09.299,-3.2140,0.0800,8.0413
2026-05-09T13:05:09.312,-3.2023,0.0800,8.0399
2026-05-09T13:05:09.326,-3.1878,0.0800,8.0379
2026-05-09T13:05:09.340,-3.1779,0.0800,8.0395
2026-05-09T13:05:09.354,-3.1646,0.0800,8.0370
2026-05-09T13:05:09.368,-3.1501,0.0800,8.0341
2026-05-09T13:05:09.381,-3.1406,0.0800,8.0352
2026-05-09T13:05:09.396,-3.1260,0.0800,8.0315
2026-05-09T13:05:09.410,-3.1138,0.0800,8.0282
2026-05-09T13:05:09.422,-3.0992,0.0800,8.0237
2026-05-09T13:05:09.436,-3.0894,0.0800,8.0240
2026-05-09T13:05:09.451,-3.0792,0.0800,8.0203
2026-05-09T13:05:09.464,-3.0665,0.0800,8.0155
2026-05-09T13:05:09.478,-3.0559,0.0800,8.0145
2026-05-09T13:05:09.492,-3.0443,0.0800,8.0094
2026-05-09T13:05:09.506,-3.0320,0.0800,8.0037
2026-05-09T13:05:09.519,-3.0156,0.0800,7.9957
2026-05-09T13:05:09.534,-3.0071,0.0800,7.9959
2026-05-09T13:05:09.548,-2.9952,0.0800,7.9893
2026-05-09T13:05:09.563,-2.9848,0.0800,7.9833
2026-05-09T13:05:09.579,-2.9731,0.0800,7.9797
2026-05-09T13:05:09.594,-2.9602,0.0800,7.9723
2026-05-09T13:05:09.611,-2.9458,0.0800,7.9638
2026-05-09T13:05:09.627,-2.9311,0.0800,7.9550
2026-05-09T13:05:09.644,-2.9114,0.0800,7.9473
2026-05-09T13:05:09.659,-2.8901,0.0800,7.9349
2026-05-09T13:05:09.675,-2.8620,0.0800,7.9190
2026-05-09T13:05:09.690,-2.8349,0.0800,7.9032
2026-05-09T13:05:09.704,-2.7919,0.0800,7.8785
2026-05-09T13:05:09.723,-2.7618,0.0800,7.8652
2026-05-09T13:05:09.738,-2.7254,0.0800,7.8426
2026-05-09T13:05:09.752,-2.6832,0.0800,7.8158
2026-05-09T13:05:09.767,-2.6427,0.0800,7.7891
2026-05-09T13:05:09.782,-2.6058,0.0800,7.7678
2026-05-09T13:05:09.798,-2.5640,0.0800,7.7386
2026-05-09T13:05:09.814,-2.5205,0.0800,7.7074
2026-05-09T13:05:09.830,-2.4720,0.0800,7.6718
2026-05-09T13:05:09.846,-2.4217,0.0800,7.6374
2026-05-09T13:05:09.863,-2.3651,0.0800,7.5941
2026-05-09T13:05:09.879,-2.3096,0.0800,7.5509
2026-05-09T13:05:09.894,-2.2494,0.0800,7.5035
2026-05-09T13:05:09.908,-2.1887,0.0800,7.4555
2026-05-09T13:05:09.923,-2.1300,0.0800,7.4115
2026-05-09T13:05:09.940,-2.0747,0.0800,7.3686
2026-05-09T13:05:09.956,-2.0155,0.0800,7.3226
2026-05-09T13:05:09.972,-1.9280,0.0800,7.2548
2026-05-09T13:05:09.986,-1.8878,0.0800,7.2236
2026-05-09T13:05:10.001,-1.8264,0.0800,7.1778
2026-05-09T13:05:10.018,-1.7750,0.0800,7.1404
2026-05-09T13:05:10.035,-1.7185,0.0800,7.1001
2026-05-09T13:05:10.052,-1.6578,0.0800,7.0576
2026-05-09T13:05:10.068,-1.5921,0.0800,7.0127
2026-05-09T13:05:10.086,-1.5268,0.0800,6.9670
2026-05-09T13:05:10.101,-1.4671,0.0800,6.9285
2026-05-09T13:05:10.116,-1.4058,0.0800,6.8898
2026-05-09T13:05:10.130,-1.3465,0.0800,6.8535
2026-05-09T13:05:10.145,-1.2929,0.0800,6.8215
2026-05-09T13:05:10.160,-1.2376,0.0800,6.7872
2026-05-09T13:05:10.177,-1.1821,0.0800,6.7556
2026-05-09T13:05:10.194,-1.1083,0.0800,6.7146
2026-05-09T13:05:10.210,-1.0555,0.0800,6.6862
2026-05-09T13:05:10.223,-0.9894,0.0800,6.6515
2026-05-09T13:05:10.238,-0.9308,0.0800,6.6192
2026-05-09T13:05:10.253,-0.8775,0.0800,6.5928
2026-05-09T13:05:10.268,-0.8184,0.0800,6.5642
2026-05-09T13:05:10.283,-0.7606,0.0800,6.5348
2026-05-09T13:05:10.297,-0.7012,0.0800,6.5076
2026-05-09T13:05:10.311,-0.6434,0.0800,6.4819
2026-05-09T13:05:10.324,-0.5825,0.0800,6.4555
2026-05-09T13:05:10.339,-0.5292,0.0800,6.4310
2026-05-09T13:05:10.355,-0.4759,0.0800,6.4091
2026-05-09T13:05:10.372,-0.3824,0.0800,6.3719
2026-05-09T13:05:10.385,-0.3460,0.0800,6.3581
2026-05-09T13:05:10.400,-0.2757,0.0800,6.3306
2026-05-09T13:05:10.416,-0.2219,0.0800,6.3113
2026-05-09T13:05:10.433,-0.1594,0.0800,6.2895
2026-05-09T13:05:10.448,-0.0956,0.0800,6.2680
2026-05-09T13:05:10.464,-0.0223,0.0800,6.2421
2026-05-09T13:05:10.479,0.0383,0.0800,6.2233
2026-05-09T13:05:10.493,0.1089,0.0800,6.2021
2026-05-09T13:05:10.507,0.1667,0.0800,6.1856
2026-05-09T13:05:10.523,0.2270,0.0800,6.1672
2026-05-09T13:05:10.537,0.3195,0.0800,6.1426
2026-05-09T13:05:10.552,0.3541,0.0800,6.1340
2026-05-09T13:05:10.565,0.4198,0.0800,6.1180
2026-05-09T13:05:10.580,0.4837,0.0800,6.1012
2026-05-09T13:05:10.599,0.5418,0.0800,6.0882
2026-05-09T13:05:10.619,0.6042,0.0800,6.0749
2026-05-09T13:05:10.639,0.6881,0.0800,6.0577
2026-05-09T13:05:10.656,0.7730,0.0800,6.0413
2026-05-09T13:05:10.671,0.8672,0.0800,6.0243
2026-05-09T13:05:10.686,0.9292,0.0800,6.0140
2026-05-09T13:05:10.701,0.9837,0.0800,6.0038
2026-05-09T13:05:10.715,1.0384,0.0800,5.9955
2026-05-09T13:05:10.728,1.0944,0.0800,5.9875
2026-05-09T13:05:10.743,1.1446,0.0800,5.9806
2026-05-09T13:05:10.761,1.2111,0.0800,5.9708
2026-05-09T13:05:10.777,1.2620,0.0800,5.9647
2026-05-09T13:05:10.792,1.3128,0.0800,5.9590
2026-05-09T13:05:10.810,1.3684,0.0800,5.9531
2026-05-09T13:05:10.826,1.4096,0.0800,5.9476
2026-05-09T13:05:10.841,1.4507,0.0800,5.9428
2026-05-09T13:05:10.857,1.4851,0.0800,5.9388
2026-05-09T13:05:10.873,1.5202,0.0800,5.9347
2026-05-09T13:05:10.888,1.5471,0.0800,5.9315
2026-05-09T13:05:10.905,1.5757,0.0800,5.9282
2026-05-09T13:05:10.920,1.6015,0.0800,5.9252
2026-05-09T13:05:10.935,1.6300,0.0800,5.9218
2026-05-09T13:05:10.950,1.6557,0.0800,5.9188
2026-05-09T13:05:10.964,1.6818,0.0800,5.9158
2026-05-09T13:05:10.979,1.7067,0.0800,5.9129
2026-05-09T13:05:10.994,1.7329,0.0800,5.9098
2026-05-09T13:05:11.012,1.7570,0.0800,5.9069
2026-05-09T13:05:11.028,1.7829,0.0800,5.9039
2026-05-09T13:05:11.044,1.7998,0.0800,5.9019
2026-05-09T13:05:11.058,1.8174,0.0800,5.8998
2026-05-09T13:05:11.073,1.8324,0.0800,5.8980
2026-05-09T13:05:11.087,1.8465,0.0800,5.8964
2026-05-09T13:05:11.102,1.8606,0.0800,5.8947
2026-05-09T13:05:11.116,1.8731,0.0800,5.8932
2026-05-09T13:05:11.132,1.8873,0.0800,5.8916
2026-05-09T13:05:11.147,1.9006,0.0800,5.8900
2026-05-09T13:05:11.163,1.9157,0.0800,5.8882
2026-05-09T13:05:11.179,1.9301,0.0800,5.8865
2026-05-09T13:05:11.195,1.9462,0.0800,5.8846
2026-05-09T13:05:11.211,1.9624,0.0800,5.8826
2026-05-09T13:05:11.224,1.9799,0.0800,5.8806
2026-05-09T13:05:11.239,2.0006,0.0800,5.8781
2026-05-09T13:05:11.254,2.0262,0.0800,5.8750
2026-05-09T13:05:11.267,2.0627,0.0800,5.8707
2026-05-09T13:05:11.282,2.1128,0.0800,5.8647
2026-05-09T13:05:11.297,2.1761,0.0800,5.8571
2026-05-09T13:05:11.311,2.2464,0.0800,5.8487
2026-05-09T13:05:11.325,2.3192,0.0800,5.8400
2026-05-09T13:05:11.340,2.3877,0.0800,5.8318
2026-05-09T13:05:11.353,2.4583,0.0800,5.8234
2026-05-09T13:05:11.366,2.5385,0.0800,5.8138
2026-05-09T13:05:11.380,2.5945,0.0800,5.8071
2026-05-09T13:05:11.396,2.6596,0.0800,5.7994
2026-05-09T13:05:11.413,2.7276,0.0800,5.7912
2026-05-09T13:05:11.429,2.8049,0.0800,5.7820
2026-05-09T13:05:11.447,2.8905,0.0800,5.7718
2026-05-09T13:05:11.461,2.9719,0.0800,5.7621
2026-05-09T13:05:11.475,3.0517,0.0800,5.7526
2026-05-09T13:05:11.488,3.1242,0.0800,5.7439
2026-05-09T13:05:11.502,3.1892,0.0800,5.7362
2026-05-09T13:05:11.515,3.2537,0.0800,5.7285
2026-05-09T13:05:11.529,3.3209,0.0800,5.7205
2026-05-09T13:05:11.546,3.3880,0.0800,5.7125
2026-05-09T13:05:11.560,3.4555,0.0800,5.7044
2026-05-09T13:05:11.574,3.5373,0.0800,5.6946
2026-05-09T13:05:11.589,3.6056,0.0800,5.6864
2026-05-09T13:05:11.603,3.6762,0.0800,5.6780
2026-05-09T13:05:11.616,3.7464,0.0800,5.6695
2026-05-09T13:05:11.631,3.8123,0.0800,5.6617
2026-05-09T13:05:11.644,3.8799,0.0800,5.6536
2026-05-09T13:05:11.658,3.9604,0.0800,5.6439
2026-05-09T13:05:11.672,4.0162,0.0800,5.6373
2026-05-09T13:05:11.686,4.0845,0.0800,5.6291
2026-05-09T13:05:11.700,4.1503,0.0800,5.6212
2026-05-09T13:05:11.714,4.2177,0.0800,5.6132
2026-05-09T13:05:11.727,4.2891,0.0800,5.6047
2026-05-09T13:05:11.742,4.3552,0.0800,5.5968
2026-05-09T13:05:11.756,4.4214,0.0800,5.5888
2026-05-09T13:05:11.769,4.4930,0.0800,5.5803
2026-05-09T13:05:11.784,4.5589,0.0800,5.5724
2026-05-09T13:05:11.799,4.6247,0.0800,5.5645
2026-05-09T13:05:11.814,4.6963,0.0800,5.5560
2026-05-09T13:05:11.828,4.7731,0.0800,5.5468
2026-05-09T13:05:11.844,4.8444,0.0800,5.5382
2026-05-09T13:05:11.860,4.9266,0.0800,5.5284
2026-05-09T13:05:11.874,4.9957,0.0800,5.5201
2026-05-09T13:05:11.888,5.0713,0.0800,5.5111
2026-05-09T13:05:11.903,5.1439,0.0800,5.5024
2026-05-09T13:05:11.918,5.2099,0.0800,5.4945
2026-05-09T13:05:11.932,5.2789,0.0800,5.4862
2026-05-09T13:05:11.948,5.3521,0.0800,5.4775
2026-05-09T13:05:11.963,5.4231,0.0800,5.4690
2026-05-09T13:05:11.979,5.4979,0.0800,5.4600
2026-05-09T13:05:11.994,5.5747,0.0800,5.4508
2026-05-09T13:05:12.011,5.6475,0.0800,5.4420
2026-05-09T13:05:12.029,5.7258,0.0800,5.4326
2026-05-09T13:05:12.044,5.8116,0.0800,5.4223
2026-05-09T13:05:12.061,5.9058,0.0800,5.4110
2026-05-09T13:05:12.077,5.9681,0.0800,5.4035
2026-05-09T13:05:12.092,6.0501,0.0800,5.3937
2026-05-09T13:05:12.109,6.1274,0.0800,5.3843
2026-05-09T13:05:12.127,6.2144,0.0800,5.3739
2026-05-09T13:05:12.142,6.2881,0.0800,5.3650
2026-05-09T13:05:12.156,6.3748,0.0800,5.3545
2026-05-09T13:05:12.170,6.4311,0.0800,5.3477
2026-05-09T13:05:12.183,6.4871,0.0800,5.3410
2026-05-09T13:05:12.197,6.5140,0.0800,5.3377
2026-05-09T13:05:12.212,6.5295,0.0800,5.3359
2026-05-09T13:05:12.366,6.5169,0.0800,5.3374
2026-05-09T13:05:12.380,6.4946,0.0800,5.3401
2026-05-09T13:05:12.394,6.4588,0.0800,5.3444
2026-05-09T13:05:12.407,6.4220,0.0800,5.3481
2026-05-09T13:05:12.421,6.3657,0.0800,5.3548
2026-05-09T13:05:12.435,6.3014,0.0800,5.3619
2026-05-09T13:05:12.450,6.2383,0.0800,5.3694
2026-05-09T13:05:12.463,6.1735,0.0800,5.3775
2026-05-09T13:05:12.478,6.1090,0.0800,5.3875
2026-05-09T13:05:12.492,6.0430,0.0800,5.3967
2026-05-09T13:05:12.505,5.9834,0.0800,5.4054
2026-05-09T13:05:12.520,5.9214,0.0800,5.4166
2026-05-09T13:05:12.534,5.8558,0.0800,5.4274
2026-05-09T13:05:12.548,5.7935,0.0800,5.4382
2026-05-09T13:05:12.562,5.7305,0.0800,5.4514
2026-05-09T13:05:12.576,5.6731,0.0800,5.4625
2026-05-09T13:05:12.590,5.6103,0.0800,5.4751
2026-05-09T13:05:12.604,5.5465,0.0800,5.4886
2026-05-09T13:05:12.618,5.4844,0.0800,5.5041
2026-05-09T13:05:12.632,5.4243,0.0800,5.5179
2026-05-09T13:05:12.646,5.3634,0.0800,5.5325
2026-05-09T13:05:12.660,5.2969,0.0800,5.5508
2026-05-09T13:05:12.674,5.2422,0.0800,5.5651
2026-05-09T13:05:12.688,5.1830,0.0800,5.5809
2026-05-09T13:05:12.702,5.1211,0.0800,5.5998
2026-05-09T13:05:12.716,5.0625,0.0800,5.6167
2026-05-09T13:05:12.730,5.0007,0.0800,5.6351
2026-05-09T13:05:12.743,4.9430,0.0800,5.6529
2026-05-09T13:05:12.758,4.8853,0.0800,5.6731
2026-05-09T13:05:12.773,4.8273,0.0800,5.6922
2026-05-09T13:05:12.786,4.7677,0.0800,5.7125
2026-05-09T13:05:12.799,4.7041,0.0800,5.7369
2026-05-09T13:05:12.814,4.6523,0.0800,5.7558
2026-05-09T13:05:12.827,4.5991,0.0800,5.7758
2026-05-09T13:05:12.842,4.5396,0.0800,5.8007
2026-05-09T13:05:12.856,4.4908,0.0800,5.8201
2026-05-09T13:05:12.870,4.4286,0.0800,5.8456
2026-05-09T13:05:12.883,4.3763,0.0800,5.8677
2026-05-09T13:05:12.897,4.3198,0.0800,5.8943
2026-05-09T13:05:12.912,4.2688,0.0800,5.9172
2026-05-09T13:05:12.925,4.2177,0.0800,5.9408
2026-05-09T13:05:12.939,4.1586,0.0800,5.9709
2026-05-09T13:05:12.953,4.1091,0.0800,5.9951
2026-05-09T13:05:12.966,4.0534,0.0800,6.0230
2026-05-09T13:05:12.981,4.0045,0.0800,6.0506
2026-05-09T13:05:12.995,3.9583,0.0800,6.0747
2026-05-09T13:05:13.009,3.9070,0.0800,6.1023
2026-05-09T13:05:13.022,3.8604,0.0800,6.1280
2026-05-09T13:05:13.037,3.8102,0.0800,6.1594
2026-05-09T13:05:13.051,3.7699,0.0800,6.1831
2026-05-09T13:05:13.063,3.7228,0.0800,6.2115
2026-05-09T13:05:13.079,3.6799,0.0800,6.2413
2026-05-09T13:05:13.092,3.6413,0.0800,6.2659
2026-05-09T13:05:13.106,3.5938,0.0800,6.2970
2026-05-09T13:05:13.120,3.5532,0.0800,6.3282
2026-05-09T13:05:13.134,3.5136,0.0800,6.3558
2026-05-09T13:05:13.147,3.4733,0.0800,6.3847
2026-05-09T13:05:13.161,3.4353,0.0800,6.3958
2026-05-09T13:05:13.176,3.4004,0.0800,6.3950
2026-05-09T13:05:13.190,3.3645,0.0800,6.3940
2026-05-09T13:05:13.203,3.3251,0.0800,6.3926
2026-05-09T13:05:13.217,3.2924,0.0800,6.3931
2026-05-09T13:05:13.230,3.2575,0.0800,6.3910
2026-05-09T13:05:13.244,3.2245,0.0800,6.3902
2026-05-09T13:05:13.258,3.1934,0.0800,6.3903
2026-05-09T13:05:13.272,3.1615,0.0800,6.3885
2026-05-09T13:05:13.286,3.1299,0.0800,6.3876
2026-05-09T13:05:13.300,3.0951,0.0800,6.3872
2026-05-09T13:05:13.314,3.0666,0.0800,6.3860
2026-05-09T13:05:13.327,3.0336,0.0800,6.3848
2026-05-09T13:05:13.341,3.0062,0.0800,6.3852
2026-05-09T13:05:13.355,2.9784,0.0800,6.3836
2026-05-09T13:05:13.369,2.9478,0.0800,6.3825
2026-05-09T13:05:13.383,2.9209,0.0800,6.3820
2026-05-09T13:05:13.397,2.8937,0.0800,6.3818
2026-05-09T13:05:13.410,2.8679,0.0800,6.3806
2026-05-09T13:05:13.423,2.8394,0.0800,6.3796
2026-05-09T13:05:13.437,2.8175,0.0800,6.3801
2026-05-09T13:05:13.451,2.7932,0.0800,6.3787
2026-05-09T13:05:13.464,2.7679,0.0800,6.3779
2026-05-09T13:05:13.479,2.7461,0.0800,6.3780
2026-05-09T13:05:13.493,2.7221,0.0800,6.3767
2026-05-09T13:05:13.509,2.6987,0.0800,6.3761
2026-05-09T13:05:13.525,2.6685,0.0800,6.3746
2026-05-09T13:05:13.541,2.6500,0.0800,6.3757
2026-05-09T13:05:13.556,2.6287,0.0800,6.3743
2026-05-09T13:05:13.572,2.6037,0.0800,6.3732
2026-05-09T13:05:13.585,2.5837,0.0800,6.3732
2026-05-09T13:05:13.600,2.5655,0.0800,6.3731
2026-05-09T13:05:13.615,2.5472,0.0800,6.3723
2026-05-09T13:05:13.631,2.5286,0.0800,6.3718
2026-05-09T13:05:13.650,2.5108,0.0800,6.3714
2026-05-09T13:05:13.668,2.4868,0.0800,6.3700
2026-05-09T13:05:13.685,2.4750,0.0800,6.3712
2026-05-09T13:05:13.701,2.4566,0.0800,6.3697
2026-05-09T13:05:13.716,2.4406,0.0800,6.3696
2026-05-09T13:05:13.731,2.4247,0.0800,6.3691
2026-05-09T13:05:13.746,2.4130,0.0800,6.3694
2026-05-09T13:05:13.763,2.4020,0.0800,6.3689
2026-05-09T13:05:13.779,2.3923,0.0800,6.3690
2026-05-09T13:05:13.796,2.3816,0.0800,6.3685
2026-05-09T13:05:13.814,2.3714,0.0800,6.3683
2026-05-09T13:05:13.829,2.3624,0.0800,6.3682
2026-05-09T13:05:13.845,2.3566,0.0800,6.3680
2026-05-09T13:05:13.861,2.3498,0.0800,6.3681
2026-05-09T13:05:13.876,2.3442,0.0800,6.3682
2026-05-09T13:05:13.890,2.3393,0.0800,6.3681
2026-05-09T13:05:13.905,2.3363,0.0800,6.3683
2026-05-09T13:05:13.921,2.3364,0.0800,6.3684
2026-05-09T13:05:13.938,2.3343,0.0800,6.3683
2026-05-09T13:05:13.955,2.3331,0.0800,6.3684
2026-05-09T13:05:13.973,2.3327,0.0800,6.3684
2026-05-09T13:05:13.989,2.3335,0.0800,6.3685
2026-05-09T13:05:14.006,2.3393,0.0800,6.3686
2026-05-09T13:05:14.021,2.3420,0.0800,6.3692
2026-05-09T13:05:14.036,2.3460,0.0800,6.3693
2026-05-09T13:05:14.053,2.3503,0.0800,6.3698
2026-05-09T13:05:14.071,2.3569,0.0800,6.3698
2026-05-09T13:05:14.089,2.3670,0.0800,6.3705
2026-05-09T13:05:14.104,2.3753,0.0800,6.3706
2026-05-09T13:05:14.119,2.3848,0.0800,6.3710
2026-05-09T13:05:14.135,2.3947,0.0800,6.3716
2026-05-09T13:05:14.151,2.4061,0.0800,6.3720
2026-05-09T13:05:14.165,2.4161,0.0800,6.3727
2026-05-09T13:05:14.181,2.4311,0.0800,6.3731
2026-05-09T13:05:14.196,2.4431,0.0800,6.3736
2026-05-09T13:05:14.213,2.4571,0.0800,6.3741
2026-05-09T13:05:14.227,2.4707,0.0800,6.3747
2026-05-09T13:05:14.244,2.4905,0.0800,6.3752
2026-05-09T13:05:14.258,2.5054,0.0800,6.3760
2026-05-09T13:05:14.274,2.5241,0.0800,6.3765
2026-05-09T13:05:14.290,2.5441,0.0800,6.3772
2026-05-09T13:05:14.305,2.5611,0.0800,6.3781
2026-05-09T13:05:14.320,2.5838,0.0800,6.3787
2026-05-09T13:05:14.335,2.6028,0.0800,6.3795
2026-05-09T13:05:14.351,2.6229,0.0800,6.3802
2026-05-09T13:05:14.366,2.6444,0.0800,6.3809
2026-05-09T13:05:14.383,2.6707,0.0800,6.3817
2026-05-09T13:05:14.398,2.6946,0.0800,6.3826
2026-05-09T13:05:14.414,2.7194,0.0800,6.3835
2026-05-09T13:05:14.429,2.7463,0.0800,6.3844
2026-05-09T13:05:14.445,2.7762,0.0800,6.3854
2026-05-09T13:05:14.461,2.8048,0.0800,6.3863
2026-05-09T13:05:14.476,2.8298,0.0800,6.3873
2026-05-09T13:05:14.491,2.8587,0.0800,6.3883
2026-05-09T13:05:14.505,2.8851,0.0800,6.3892
2026-05-09T13:05:14.520,2.9167,0.0800,6.3902
2026-05-09T13:05:14.535,2.9434,0.0800,6.3912
2026-05-09T13:05:14.551,2.9738,0.0800,6.3922
2026-05-09T13:05:14.567,3.0063,0.0800,6.3932
2026-05-09T13:05:14.583,3.0437,0.0800,6.3945
2026-05-09T13:05:14.599,3.0744,0.0800,6.3956
2026-05-09T13:05:14.614,3.1080,0.0800,6.3968
2026-05-09T13:05:14.629,3.1433,0.0800,6.3980
2026-05-09T13:05:14.644,3.1798,0.0800,6.3991
2026-05-09T13:05:14.659,3.2140,0.0800,6.4004
2026-05-09T13:05:14.674,3.2487,0.0800,6.4018
2026-05-09T13:05:14.691,3.2832,0.0800,6.4032
2026-05-09T13:05:14.708,3.3225,0.0800,6.4038
2026-05-09T13:05:14.724,3.3633,0.0800,6.4056
2026-05-09T13:05:14.741,3.4044,0.0800,6.4075
2026-05-09T13:05:14.756,3.4424,0.0800,6.4093
2026-05-09T13:05:14.771,3.4821,0.0800,6.4114
2026-05-09T13:05:14.787,3.5148,0.0800,6.4132
2026-05-09T13:05:14.805,3.5537,0.0800,6.4135
2026-05-09T13:05:14.821,3.5922,0.0800,6.4159
2026-05-09T13:05:14.838,3.6283,0.0800,6.4183
2026-05-09T13:05:14.855,3.6625,0.0800,6.4208
2026-05-09T13:05:14.872,3.6972,0.0800,6.4235
2026-05-09T13:05:14.888,3.7297,0.0800,6.4264
2026-05-09T13:05:14.906,3.7630,0.0800,6.4267
2026-05-09T13:05:14.922,3.7781,0.0800,6.4298
2026-05-09T13:05:14.938,3.7823,0.0800,6.4336
2026-05-09T13:05:14.954,3.7738,0.0800,6.4352
2026-05-09T13:05:14.972,3.7609,0.0800,6.4357
2026-05-09T13:05:14.986,3.7419,0.0800,6.4347
2026-05-09T13:05:15.004,3.7224,0.0800,6.4298
2026-05-09T13:05:15.020,3.6972,0.0800,6.4274
2026-05-09T13:05:15.038,3.6631,0.0800,6.4242
2026-05-09T13:05:15.052,3.6275,0.0800,6.4213
2026-05-09T13:05:15.067,3.5827,0.0800,6.4182
2026-05-09T13:05:15.082,3.5536,0.0800,6.4129
2026-05-09T13:05:15.096,3.5134,0.0800,6.4113
2026-05-09T13:05:15.114,3.4740,0.0800,6.4102
2026-05-09T13:05:15.132,3.4318,0.0800,6.4095
2026-05-09T13:05:15.151,3.3725,0.0800,6.4061
2026-05-09T13:05:15.170,3.3053,0.0800,6.4062
2026-05-09T13:05:15.189,3.2296,0.0800,6.4075
2026-05-09T13:05:15.205,3.1553,0.0800,6.4101
2026-05-09T13:05:15.221,3.0801,0.0800,6.4140
2026-05-09T13:05:15.237,3.0120,0.0800,6.4188
2026-05-09T13:05:15.251,2.9515,0.0800,6.4239
2026-05-09T13:05:15.266,2.8859,0.0800,6.4303
2026-05-09T13:05:15.281,2.8273,0.0800,6.4343
2026-05-09T13:05:15.296,2.7639,0.0800,6.4422
2026-05-09T13:05:15.311,2.7032,0.0800,6.4445
2026-05-09T13:05:15.326,2.6390,0.0800,6.4469
2026-05-09T13:05:15.341,2.5758,0.0800,6.4468
2026-05-09T13:05:15.358,2.5118,0.0800,6.4490
2026-05-09T13:05:15.376,2.4297,0.0800,6.4517
2026-05-09T13:05:15.391,2.3696,0.0800,6.3816
2026-05-09T13:05:15.405,2.2904,0.0800,6.3978
2026-05-09T13:05:15.420,2.2279,0.0800,6.4089
2026-05-09T13:05:15.434,2.1598,0.0800,6.4243
2026-05-09T13:05:15.447,2.1000,0.0800,6.4354
2026-05-09T13:05:15.461,2.0363,0.0800,6.4354
2026-05-09T13:05:15.475,1.9752,0.0800,6.4369
2026-05-09T13:05:15.488,1.9061,0.0800,6.4384
2026-05-09T13:05:15.502,1.8440,0.0800,6.4396
2026-05-09T13:05:15.517,1.7826,0.0800,6.4396
2026-05-09T13:05:15.531,1.7204,0.0800,6.4409
2026-05-09T13:05:15.545,1.6493,0.0800,6.4423
2026-05-09T13:05:15.560,1.5833,0.0800,6.4421
2026-05-09T13:05:15.573,1.5199,0.0800,6.4432
2026-05-09T13:05:15.588,1.4525,0.0800,6.4443
2026-05-09T13:05:15.602,1.3861,0.0800,6.4441
2026-05-09T13:05:15.617,1.3162,0.0800,6.4441
2026-05-09T13:05:15.631,1.2513,0.0800,6.4441
2026-05-09T13:05:15.645,1.1821,0.0800,6.4441
2026-05-09T13:05:15.659,1.1096,0.0800,6.4441
2026-05-09T13:05:15.672,1.0490,0.0800,6.4441
2026-05-09T13:05:15.686,0.9788,0.0800,6.4441
2026-05-09T13:05:15.701,0.9167,0.0800,6.4441
2026-05-09T13:05:15.715,0.8513,0.0800,6.4441
2026-05-09T13:05:15.728,0.7804,0.0800,6.4441
2026-05-09T13:05:15.743,0.7137,0.0800,6.4431
2026-05-09T13:05:15.757,0.6535,0.0800,6.4430
2026-05-09T13:05:15.771,0.5869,0.0800,6.4416
2026-05-09T13:05:15.785,0.5219,0.0800,6.4403
2026-05-09T13:05:15.798,0.4558,0.0800,6.4403
2026-05-09T13:05:15.812,0.3964,0.0800,6.4390
2026-05-09T13:05:15.825,0.3315,0.0800,6.4376
2026-05-09T13:05:15.840,0.2691,0.0800,6.4377
2026-05-09T13:05:15.854,0.2092,0.0800,6.4469
2026-05-09T13:05:15.868,0.1360,0.0800,6.4623
2026-05-09T13:05:15.882,0.0768,0.0800,6.4758
2026-05-09T13:05:15.896,0.0127,0.0800,6.4883
2026-05-09T13:05:15.910,-0.0531,0.0800,6.5007
2026-05-09T13:05:15.923,-0.1153,0.0800,6.5120
2026-05-09T13:05:15.938,-0.1794,0.0800,6.5244
2026-05-09T13:05:15.952,-0.2447,0.0800,6.5352
2026-05-09T13:05:15.965,-0.3151,0.0800,6.5465
2026-05-09T13:05:15.980,-0.3752,0.0800,6.5572
2026-05-09T13:05:15.993,-0.4437,0.0800,6.5686
2026-05-09T13:05:16.007,-0.5120,0.0800,6.5799
2026-05-09T13:05:16.022,-0.5792,0.0800,6.5911
2026-05-09T13:05:16.035,-0.6510,0.0800,6.6031
2026-05-09T13:05:16.050,-0.7178,0.0800,6.6151
2026-05-09T13:05:16.062,-0.7825,0.0800,6.6271
2026-05-09T13:05:16.077,-0.8502,0.0800,6.6391
2026-05-09T13:05:16.091,-0.9109,0.0800,6.6511
2026-05-09T13:05:16.104,-0.9843,0.0800,6.6661
2026-05-09T13:05:16.119,-1.0449,0.0800,6.6780
2026-05-09T13:05:16.132,-1.1039,0.0800,6.6915
2026-05-09T13:05:16.146,-1.1684,0.0800,6.7073
2026-05-09T13:05:16.160,-1.2205,0.0800,6.7188
2026-05-09T13:05:16.174,-1.2783,0.0800,6.7347
2026-05-09T13:05:16.188,-1.3315,0.0800,6.7503
2026-05-09T13:05:16.202,-1.3871,0.0800,6.7652
2026-05-09T13:05:16.217,-1.4357,0.0800,6.7813
2026-05-09T13:05:16.230,-1.4868,0.0800,6.7992
2026-05-09T13:05:16.244,-1.5353,0.0800,6.8171
2026-05-09T13:05:16.257,-1.5814,0.0800,6.8324
2026-05-09T13:05:16.272,-1.6246,0.0800,6.8502
2026-05-09T13:05:16.284,-1.6649,0.0800,6.8676
2026-05-09T13:05:16.298,-1.7111,0.0800,6.8858
2026-05-09T13:05:16.313,-1.7450,0.0800,6.9018
2026-05-09T13:05:16.326,-1.7924,0.0800,6.9251
2026-05-09T13:05:16.341,-1.8287,0.0800,6.9402
2026-05-09T13:05:16.355,-1.8663,0.0800,6.9603
2026-05-09T13:05:16.368,-1.9103,0.0800,6.9848
2026-05-09T13:05:16.382,-1.9461,0.0800,7.0055
2026-05-09T13:05:16.396,-1.9817,0.0800,7.0238
2026-05-09T13:05:16.410,-2.0185,0.0800,7.0466
2026-05-09T13:05:16.423,-2.0569,0.0800,7.0713
2026-05-09T13:05:16.437,-2.1004,0.0800,7.0961
2026-05-09T13:05:16.451,-2.1425,0.0800,7.1241
2026-05-09T13:05:16.464,-2.1882,0.0800,7.1547
2026-05-09T13:05:16.481,-2.2325,0.0800,7.1818
2026-05-09T13:05:16.494,-2.2735,0.0800,7.2091
2026-05-09T13:05:16.507,-2.3216,0.0800,7.2403
2026-05-09T13:05:16.521,-2.3686,0.0800,7.2708
2026-05-09T13:05:16.535,-2.4099,0.0800,7.2976
2026-05-09T13:05:16.549,-2.4619,0.0800,7.3296
2026-05-09T13:05:16.563,-2.5155,0.0800,7.3619
2026-05-09T13:05:16.577,-2.5659,0.0800,7.3932
2026-05-09T13:05:16.591,-2.6238,0.0800,7.4261
2026-05-09T13:05:16.603,-2.6704,0.0800,7.4516
2026-05-09T13:05:16.617,-2.7207,0.0800,7.4805
2026-05-09T13:05:16.631,-2.7652,0.0800,7.5035
2026-05-09T13:05:16.645,-2.8163,0.0800,7.5293
2026-05-09T13:05:16.660,-2.8695,0.0800,7.5576
2026-05-09T13:05:16.673,-2.9208,0.0800,7.5819
2026-05-09T13:05:16.687,-2.9738,0.0800,7.6060
2026-05-09T13:05:16.701,-3.0237,0.0800,7.6305
2026-05-09T13:05:16.715,-3.0738,0.0800,7.6519
2026-05-09T13:05:16.728,-3.1286,0.0800,7.6745
2026-05-09T13:05:16.742,-3.1799,0.0800,7.6974
2026-05-09T13:05:16.756,-3.2353,0.0800,7.7185
2026-05-09T13:05:16.770,-3.2834,0.0800,7.7362
2026-05-09T13:05:16.784,-3.3346,0.0800,7.7543
2026-05-09T13:05:16.798,-3.3889,0.0800,7.7750
2026-05-09T13:05:16.812,-3.4417,0.0800,7.7922
2026-05-09T13:05:16.825,-3.4988,0.0800,7.8099
2026-05-09T13:05:16.840,-3.5471,0.0800,7.8267
2026-05-09T13:05:16.854,-3.5969,0.0800,7.8406
2026-05-09T13:05:16.867,-3.6551,0.0800,7.8561
2026-05-09T13:05:16.882,-3.7086,0.0800,7.8722
2026-05-09T13:05:16.895,-3.7597,0.0800,7.8843
2026-05-09T13:05:16.909,-3.8139,0.0800,7.8963
2026-05-09T13:05:16.923,-3.8649,0.0800,7.9069
2026-05-09T13:05:16.937,-3.9161,0.0800,7.9192
2026-05-09T13:05:16.951,-3.9665,0.0800,7.9283
2026-05-09T13:05:16.964,-4.0235,0.0800,7.9377
2026-05-09T13:05:16.979,-4.0764,0.0800,7.9485
2026-05-09T13:05:16.993,-4.1277,0.0800,7.9555
2026-05-09T13:05:17.007,-4.1829,0.0800,7.9623
2026-05-09T13:05:17.021,-4.2340,0.0800,7.9704
2026-05-09T13:05:17.035,-4.2898,0.0800,7.9756
2026-05-09T13:05:17.048,-4.3376,0.0800,7.9793
2026-05-09T13:05:17.063,-4.3898,0.0800,7.9850
2026-05-09T13:05:17.076,-4.4388,0.0800,7.9873
2026-05-09T13:05:17.089,-4.4930,0.0800,7.9891
2026-05-09T13:05:17.104,-4.5389,0.0800,7.9899
2026-05-09T13:05:17.118,-4.5908,0.0800,7.9925
2026-05-09T13:05:17.131,-4.6414,0.0800,7.9919
2026-05-09T13:05:17.146,-4.6926,0.0800,7.9906
2026-05-09T13:05:17.160,-4.7436,0.0800,7.9911
2026-05-09T13:05:17.174,-4.7891,0.0800,7.9881
2026-05-09T13:05:17.187,-4.8363,0.0800,7.9843
2026-05-09T13:05:17.202,-4.8834,0.0800,7.9827
2026-05-09T13:05:17.215,-4.9261,0.0800,7.9777
2026-05-09T13:05:17.228,-4.9739,0.0800,7.9713
2026-05-09T13:05:17.243,-5.0148,0.0800,7.9683
2026-05-09T13:05:17.257,-5.0576,0.0800,7.9610
2026-05-09T13:05:17.271,-5.1011,0.0800,7.9528
2026-05-09T13:05:17.284,-5.1401,0.0800,7.9444
2026-05-09T13:05:17.298,-5.1812,0.0800,7.9381
2026-05-09T13:05:17.313,-5.2160,0.0800,7.9292
2026-05-09T13:05:17.326,-5.2554,0.0800,7.9185
2026-05-09T13:05:17.340,-5.2945,0.0800,7.9105
2026-05-09T13:05:17.354,-5.3286,0.0800,7.8996
2026-05-09T13:05:17.368,-5.3650,0.0800,7.8873
2026-05-09T13:05:17.381,-5.4010,0.0800,7.8780
2026-05-09T13:05:17.395,-5.4351,0.0800,7.8649
2026-05-09T13:05:17.410,-5.4672,0.0800,7.8519
2026-05-09T13:05:17.423,-5.5002,0.0800,7.8375
2026-05-09T13:05:17.437,-5.5339,0.0800,7.8260
2026-05-09T13:05:17.451,-5.5612,0.0800,7.8126
2026-05-09T13:05:17.464,-5.5890,0.0800,7.7981
2026-05-09T13:05:17.479,-5.6181,0.0800,7.7864
2026-05-09T13:05:17.493,-5.6458,0.0800,7.7705
2026-05-09T13:05:17.506,-5.6713,0.0800,7.7551
2026-05-09T13:05:17.520,-5.6994,0.0800,7.7415
2026-05-09T13:05:17.534,-5.7207,0.0800,7.7270
2026-05-09T13:05:17.548,-5.7421,0.0800,7.7117
2026-05-09T13:05:17.561,-5.7654,0.0800,7.6988
2026-05-09T13:05:17.575,-5.7808,0.0800,7.6858
2026-05-09T13:05:17.589,-5.7949,0.0800,7.6728
2026-05-09T13:05:17.603,-5.8038,0.0800,7.6629
2026-05-09T13:05:17.617,-5.8148,0.0800,7.6554
2026-05-09T13:05:17.631,-5.8201,0.0800,7.6472
2026-05-09T13:05:17.644,-5.8235,0.0800,7.6406
2026-05-09T13:05:17.658,-5.8289,0.0800,7.6375
2026-05-09T13:05:17.672,-5.8302,0.0800,7.6344
2026-05-09T13:05:17.687,-5.8312,0.0800,7.6336
2026-05-09T13:05:17.701,-5.8320,0.0800,7.6330
2026-05-09T13:05:17.854,-5.8333,0.0800,7.6320
2026-05-09T13:05:17.867,-5.8424,0.0800,7.6247
2026-05-09T13:05:17.881,-5.8558,0.0800,7.6141
2026-05-09T13:05:17.895,-5.8811,0.0800,7.5953
2026-05-09T13:05:17.909,-5.9150,0.0800,7.5702
2026-05-09T13:05:17.922,-5.9550,0.0800,7.5411
2026-05-09T13:05:17.937,-6.0021,0.0800,7.5059
2026-05-09T13:05:17.951,-6.0504,0.0800,7.4723
2026-05-09T13:05:17.964,-6.1026,0.0800,7.4367
2026-05-09T13:05:17.978,-6.1556,0.0800,7.3990
2026-05-09T13:05:17.992,-6.2055,0.0800,7.3664
2026-05-09T13:05:18.005,-6.2585,0.0800,7.3323
2026-05-09T13:05:18.020,-6.3102,0.0800,7.2977
2026-05-09T13:05:18.033,-6.3628,0.0800,7.2651
2026-05-09T13:05:18.047,-6.4226,0.0800,7.2287
2026-05-09T13:05:18.061,-6.4749,0.0800,7.1956
2026-05-09T13:05:18.076,-6.5282,0.0800,7.1643
2026-05-09T13:05:18.090,-6.5900,0.0800,7.1287
2026-05-09T13:05:18.103,-6.6481,0.0800,7.0959
2026-05-09T13:05:18.117,-6.7029,0.0800,7.0640
2026-05-09T13:05:18.131,-6.7567,0.0800,7.0349
2026-05-09T13:05:18.145,-6.8150,0.0800,7.0038
2026-05-09T13:05:18.159,-6.8787,0.0800,6.9689
2026-05-09T13:05:18.173,-6.9310,0.0800,6.9421
2026-05-09T13:05:18.187,-6.9896,0.0800,6.9126
2026-05-09T13:05:18.201,-7.0511,0.0800,6.8807
2026-05-09T13:05:18.215,-7.1107,0.0800,6.8517
2026-05-09T13:05:18.228,-7.1686,0.0800,6.8240
2026-05-09T13:05:18.242,-7.2291,0.0800,6.7943
2026-05-09T13:05:18.256,-7.2857,0.0800,6.7682
2026-05-09T13:05:18.271,-7.3485,0.0800,6.7397
2026-05-09T13:05:18.284,-7.3879,0.0800,6.7089
2026-05-09T13:05:18.298,-7.3992,0.0800,6.6656
2026-05-09T13:05:18.311,-7.4198,0.0800,6.6245
2026-05-09T13:05:18.325,-7.4540,0.0800,6.5755
2026-05-09T13:05:18.339,-7.4946,0.0800,6.5411
2026-05-09T13:05:18.354,-7.5469,0.0800,6.5060
2026-05-09T13:05:18.368,-7.6154,0.0800,6.4787
2026-05-09T13:05:18.382,-7.6783,0.0800,6.4528
2026-05-09T13:05:18.396,-7.7407,0.0800,6.4290
2026-05-09T13:05:18.410,-7.8039,0.0800,6.4054
2026-05-09T13:05:18.423,-7.8658,0.0800,6.3827
2026-05-09T13:05:18.437,-7.9269,0.0800,6.3595
2026-05-09T13:05:18.452,-7.9850,0.0800,6.3390
2026-05-09T13:05:18.464,-8.0538,0.0800,6.3153
2026-05-09T13:05:18.480,-8.1180,0.0800,6.2923
2026-05-09T13:05:18.493,-8.1772,0.0800,6.2727
2026-05-09T13:05:18.507,-8.2477,0.0800,6.2499
2026-05-09T13:05:18.521,-8.3026,0.0800,6.2312
2026-05-09T13:05:18.535,-8.3753,0.0800,6.2082
2026-05-09T13:05:18.549,-8.4381,0.0800,6.1879
2026-05-09T13:05:18.562,-8.5065,0.0800,6.1658
2026-05-09T13:05:18.577,-8.5719,0.0800,6.1446
2026-05-09T13:05:18.590,-8.6334,0.0800,6.1246
2026-05-09T13:05:18.604,-8.6968,0.0800,6.1029
2026-05-09T13:05:18.618,-8.7585,0.0800,6.0823
2026-05-09T13:05:18.632,-8.8179,0.0800,6.0606
2026-05-09T13:05:18.646,-8.8778,0.0800,6.0382
2026-05-09T13:05:18.660,-8.9407,0.0800,6.0155
2026-05-09T13:05:18.674,-8.9917,0.0800,5.9950
2026-05-09T13:05:18.687,-9.0492,0.0800,5.9713
2026-05-09T13:05:18.702,-9.1098,0.0800,5.9474
2026-05-09T13:05:18.716,-9.1596,0.0800,5.9254
2026-05-09T13:05:18.729,-9.2152,0.0800,5.9000
2026-05-09T13:05:18.743,-9.2684,0.0800,5.8750
2026-05-09T13:05:18.757,-9.3255,0.0800,5.8496
2026-05-09T13:05:18.771,-9.3729,0.0800,5.8257
2026-05-09T13:05:18.785,-9.4223,0.0800,5.8000
2026-05-09T13:05:18.799,-9.4760,0.0800,5.7737
2026-05-09T13:05:18.813,-9.5253,0.0800,5.7464
2026-05-09T13:05:18.826,-9.5769,0.0800,5.7169
2026-05-09T13:05:18.841,-9.6219,0.0800,5.6932
2026-05-09T13:05:18.855,-9.6653,0.0800,5.6667
2026-05-09T13:05:18.869,-9.7178,0.0800,5.6337
2026-05-09T13:05:18.883,-9.7627,0.0800,5.6079
2026-05-09T13:05:18.896,-9.8066,0.0800,5.5784
2026-05-09T13:05:18.911,-9.8511,0.0800,5.5477
2026-05-09T13:05:18.924,-9.8935,0.0800,5.5176
2026-05-09T13:05:18.938,-9.9394,0.0800,5.4870
2026-05-09T13:05:18.952,-9.9754,0.0800,5.4596
2026-05-09T13:05:18.965,-10.0204,0.0800,5.4244
2026-05-09T13:05:18.979,-10.0598,0.0800,5.3963
2026-05-09T13:05:18.993,-10.0958,0.0800,5.3662
2026-05-09T13:05:19.007,-10.1321,0.0800,5.3349
2026-05-09T13:05:19.021,-10.1711,0.0800,5.3037
2026-05-09T13:05:19.035,-10.2081,0.0800,5.2695
2026-05-09T13:05:19.048,-10.2400,0.0800,5.2390
2026-05-09T13:05:19.062,-10.2770,0.0800,5.2062
2026-05-09T13:05:19.077,-10.3071,0.0800,5.1755
2026-05-09T13:05:19.091,-10.3401,0.0800,5.1406
2026-05-09T13:05:19.104,-10.3735,0.0800,5.1038
2026-05-09T13:05:19.118,-10.4033,0.0800,5.0748
2026-05-09T13:05:19.132,-10.4288,0.0800,5.0443
2026-05-09T13:05:19.146,-10.4547,0.0800,5.0121
2026-05-09T13:05:19.160,-10.4845,0.0800,4.9789
2026-05-09T13:05:19.173,-10.5059,0.0800,4.9500
2026-05-09T13:05:19.187,-10.5292,0.0800,4.9174
2026-05-09T13:05:19.201,-10.5542,0.0800,4.8868
2026-05-09T13:05:19.215,-10.5742,0.0800,4.8562
2026-05-09T13:05:19.228,-10.5944,0.0800,4.8240
2026-05-09T13:05:19.243,-10.6160,0.0800,4.7947
2026-05-09T13:05:19.257,-10.6335,0.0800,4.7641
2026-05-09T13:05:19.270,-10.6510,0.0800,4.7318
2026-05-09T13:05:19.284,-10.6664,0.0800,4.7019
2026-05-09T13:05:19.298,-10.6845,0.0800,4.6726
2026-05-09T13:05:19.312,-10.6976,0.0800,4.6442
2026-05-09T13:05:19.325,-10.7110,0.0800,4.6134
2026-05-09T13:05:19.339,-10.7264,0.0800,4.5857
2026-05-09T13:05:19.353,-10.7371,0.0800,4.5577
2026-05-09T13:05:19.367,-10.7476,0.0800,4.5284
2026-05-09T13:05:19.381,-10.7607,0.0800,4.5010
2026-05-09T13:05:19.394,-10.7695,0.0800,4.4729
2026-05-09T13:05:19.408,-10.7778,0.0800,4.4447
2026-05-09T13:05:19.424,-10.7892,0.0800,4.4161
2026-05-09T13:05:19.441,-10.7963,0.0800,4.3874
2026-05-09T13:05:19.457,-10.8055,0.0800,4.3468
2026-05-09T13:05:19.471,-10.8108,0.0800,4.3202
2026-05-09T13:05:19.484,-10.8168,0.0800,4.2863
2026-05-09T13:05:19.498,-10.8258,0.0800,4.2563
2026-05-09T13:05:19.512,-10.8293,0.0800,4.2304
2026-05-09T13:05:19.527,-10.8326,0.0800,4.2012
2026-05-09T13:05:19.544,-10.8392,0.0800,4.1715
2026-05-09T13:05:19.559,-10.8415,0.0800,4.1411
2026-05-09T13:05:19.573,-10.8434,0.0800,4.1060
2026-05-09T13:05:19.589,-10.8444,0.0800,4.0754
2026-05-09T13:05:19.603,-10.8486,0.0800,4.0446
2026-05-09T13:05:19.616,-10.8482,0.0800,4.0114
2026-05-09T13:05:19.630,-10.8473,0.0800,3.9820
2026-05-09T13:05:19.646,-10.8458,0.0800,3.9540
2026-05-09T13:05:19.662,-10.8471,0.0800,3.9223
2026-05-09T13:05:19.680,-10.8435,0.0800,3.8825
2026-05-09T13:05:19.697,-10.8401,0.0800,3.8538
2026-05-09T13:05:19.712,-10.8353,0.0800,3.8194
2026-05-09T13:05:19.727,-10.8295,0.0800,3.7838
2026-05-09T13:05:19.743,-10.8281,0.0800,3.7513
2026-05-09T13:05:19.757,-10.8217,0.0800,3.7206
2026-05-09T13:05:19.771,-10.8142,0.0800,3.6883
2026-05-09T13:05:19.785,-10.8073,0.0800,3.6611
2026-05-09T13:05:19.800,-10.8025,0.0800,3.6302
2026-05-09T13:05:19.814,-10.7944,0.0800,3.6028
2026-05-09T13:05:19.830,-10.7843,0.0800,3.5712
2026-05-09T13:05:19.846,-10.7736,0.0800,3.5399
2026-05-09T13:05:19.861,-10.7667,0.0800,3.5088
2026-05-09T13:05:19.876,-10.7552,0.0800,3.4796
2026-05-09T13:05:19.889,-10.7422,0.0800,3.4481
2026-05-09T13:05:19.903,-10.7302,0.0800,3.4212
2026-05-09T13:05:19.918,-10.7212,0.0800,3.3930
2026-05-09T13:05:19.934,-10.7085,0.0800,3.3671
2026-05-09T13:05:19.949,-10.6945,0.0800,3.3399
2026-05-09T13:05:19.965,-10.6815,0.0800,3.3078
2026-05-09T13:05:19.982,-10.6663,0.0800,3.2811
2026-05-09T13:05:19.998,-10.6438,0.0800,3.2435
2026-05-09T13:05:20.013,-10.6302,0.0800,3.2222
2026-05-09T13:05:20.029,-10.6115,0.0800,3.1940
2026-05-09T13:05:20.047,-10.5959,0.0800,3.1640
2026-05-09T13:05:20.064,-10.5765,0.0800,3.1374
2026-05-09T13:05:20.081,-10.5542,0.0800,3.1082
2026-05-09T13:05:20.099,-10.5317,0.0800,3.0802
2026-05-09T13:05:20.113,-10.5083,0.0800,3.0525
2026-05-09T13:05:20.127,-10.4831,0.0800,3.0240
2026-05-09T13:05:20.143,-10.4663,0.0800,2.9990
2026-05-09T13:05:20.159,-10.4459,0.0800,2.9779
2026-05-09T13:05:20.175,-10.4222,0.0800,2.9545
2026-05-09T13:05:20.192,-10.3910,0.0800,2.9249
2026-05-09T13:05:20.208,-10.3700,0.0800,2.9061
2026-05-09T13:05:20.226,-10.3479,0.0800,2.8824
2026-05-09T13:05:20.244,-10.3199,0.0800,2.8593
2026-05-09T13:05:20.264,-10.2923,0.0800,2.8376
2026-05-09T13:05:20.282,-10.2627,0.0800,2.8155
2026-05-09T13:05:20.297,-10.2282,0.0800,2.7911
2026-05-09T13:05:20.313,-10.1986,0.0800,2.7714
2026-05-09T13:05:20.328,-10.1701,0.0800,2.7534
2026-05-09T13:05:20.345,-10.1442,0.0800,2.7328
2026-05-09T13:05:20.361,-10.1122,0.0800,2.7146
2026-05-09T13:05:20.376,-10.0842,0.0800,2.6994
2026-05-09T13:05:20.390,-10.0547,0.0800,2.6843
2026-05-09T13:05:20.405,-10.0273,0.0800,2.6710
2026-05-09T13:05:20.421,-10.0002,0.0800,2.6543
2026-05-09T13:05:20.436,-9.9707,0.0800,2.6415
2026-05-09T13:05:20.451,-9.9421,0.0800,2.6298
2026-05-09T13:05:20.466,-9.9113,0.0800,2.6178
2026-05-09T13:05:20.482,-9.8814,0.0800,2.6024
2026-05-09T13:05:20.498,-9.8487,0.0800,2.5912
2026-05-09T13:05:20.513,-9.8154,0.0800,2.5804
2026-05-09T13:05:20.529,-9.7820,0.0800,2.5704
2026-05-09T13:05:20.544,-9.7476,0.0800,2.5566
2026-05-09T13:05:20.559,-9.7121,0.0800,2.5472
2026-05-09T13:05:20.573,-9.6740,0.0800,2.5375
2026-05-09T13:05:20.587,-9.6348,0.0800,2.5281
2026-05-09T13:05:20.601,-9.5924,0.0800,2.5151
2026-05-09T13:05:20.615,-9.5547,0.0800,2.5073
2026-05-09T13:05:20.631,-9.5079,0.0800,2.4977
2026-05-09T13:05:20.648,-9.4592,0.0800,2.4882
2026-05-09T13:05:20.664,-9.4006,0.0800,2.4745
2026-05-09T13:05:20.679,-9.3295,0.0800,2.4613
2026-05-09T13:05:20.693,-9.2565,0.0800,2.4483
2026-05-09T13:05:20.707,-9.1921,0.0800,2.4374
2026-05-09T13:05:20.722,-9.1273,0.0800,2.4254
2026-05-09T13:05:20.736,-9.0619,0.0800,2.4152
2026-05-09T13:05:20.751,-8.9923,0.0800,2.4047
2026-05-09T13:05:20.764,-8.9216,0.0800,2.3941
2026-05-09T13:05:20.779,-8.8524,0.0800,2.3824
2026-05-09T13:05:20.792,-8.7837,0.0800,2.3715
2026-05-09T13:05:20.806,-8.7155,0.0800,2.3608
2026-05-09T13:05:20.820,-8.6483,0.0800,2.3502
2026-05-09T13:05:20.835,-8.5775,0.0800,2.3390
2026-05-09T13:05:20.848,-8.5105,0.0800,2.3276
2026-05-09T13:05:20.862,-8.4421,0.0800,2.3155
2026-05-09T13:05:20.876,-8.3778,0.0800,2.3048
2026-05-09T13:05:20.889,-8.3097,0.0800,2.2921
2026-05-09T13:05:20.903,-8.2430,0.0800,2.2793
2026-05-09T13:05:20.917,-8.1772,0.0800,2.2672
2026-05-09T13:05:20.931,-8.1133,0.0800,2.2543
2026-05-09T13:05:20.944,-8.0442,0.0800,2.2399
2026-05-09T13:05:20.958,-7.9812,0.0800,2.2274
2026-05-09T13:05:20.978,-7.9159,0.0800,2.2132
2026-05-09T13:05:20.991,-7.8496,0.0800,2.1984
2026-05-09T13:05:21.005,-7.7561,0.0800,2.1770
2026-05-09T13:05:21.019,-7.6931,0.0800,2.1633
2026-05-09T13:05:21.034,-7.6307,0.0800,2.1483
2026-05-09T13:05:21.047,-7.5606,0.0800,2.1310
2026-05-09T13:05:21.061,-7.4896,0.0800,2.1141
2026-05-09T13:05:21.075,-7.4292,0.0800,2.0985
2026-05-09T13:05:21.088,-7.3620,0.0800,2.0808
2026-05-09T13:05:21.103,-7.2984,0.0800,2.0647
2026-05-09T13:05:21.117,-7.2329,0.0800,2.0467
2026-05-09T13:05:21.131,-7.1665,0.0800,2.0282
2026-05-09T13:05:21.144,-7.0986,0.0800,2.0089
2026-05-09T13:05:21.159,-7.0308,0.0800,1.9903
2026-05-09T13:05:21.173,-6.9696,0.0800,1.9731
2026-05-09T13:05:21.186,-6.9026,0.0800,1.9542
2026-05-09T13:05:21.200,-6.8320,0.0800,1.9344
2026-05-09T13:05:21.214,-6.7719,0.0800,1.9175
2026-05-09T13:05:21.228,-6.7023,0.0800,1.8980
2026-05-09T13:05:21.242,-6.6367,0.0800,1.8795
2026-05-09T13:05:21.256,-6.5713,0.0800,1.8611
2026-05-09T13:05:21.270,-6.5022,0.0800,1.8425
2026-05-09T13:05:21.284,-6.4371,0.0800,1.8256
2026-05-09T13:05:21.298,-6.3728,0.0800,1.8082
2026-05-09T13:05:21.311,-6.3109,0.0800,1.7929
2026-05-09T13:05:21.324,-6.2437,0.0800,1.7767
2026-05-09T13:05:21.339,-6.1829,0.0800,1.7613
2026-05-09T13:05:21.354,-6.1208,0.0800,1.7472
2026-05-09T13:05:21.366,-6.0487,0.0800,1.7313
2026-05-09T13:05:21.381,-5.9870,0.0800,1.7169
2026-05-09T13:05:21.395,-5.9258,0.0800,1.7043
2026-05-09T13:05:21.409,-5.8604,0.0800,1.6912
2026-05-09T13:05:21.423,-5.7912,0.0800,1.6778
2026-05-09T13:05:21.437,-5.7226,0.0800,1.6637
2026-05-09T13:05:21.451,-5.6646,0.0800,1.6533
2026-05-09T13:05:21.464,-5.5973,0.0800,1.6417
2026-05-09T13:05:21.478,-5.5296,0.0800,1.6292
2026-05-09T13:05:21.492,-5.4695,0.0800,1.6196
2026-05-09T13:05:21.506,-5.4039,0.0800,1.6095
2026-05-09T13:05:21.521,-5.3396,0.0800,1.5988
2026-05-09T13:05:21.534,-5.2729,0.0800,1.5895
2026-05-09T13:05:21.548,-5.2042,0.0800,1.5803
2026-05-09T13:05:21.562,-5.1406,0.0800,1.5710
2026-05-09T13:05:21.576,-5.0762,0.0800,1.5632
2026-05-09T13:05:21.590,-5.0097,0.0800,1.5556
2026-05-09T13:05:21.603,-4.9448,0.0800,1.5486
2026-05-09T13:05:21.618,-4.8777,0.0800,1.5406
2026-05-09T13:05:21.631,-4.8139,0.0800,1.5346
2026-05-09T13:05:21.645,-4.7454,0.0800,1.5285
2026-05-09T13:05:21.659,-4.6782,0.0800,1.5218
2026-05-09T13:05:21.673,-4.6185,0.0800,1.5173
2026-05-09T13:05:21.687,-4.5520,0.0800,1.5127
2026-05-09T13:05:21.701,-4.4840,0.0800,1.5072
2026-05-09T13:05:21.715,-4.4181,0.0800,1.5035
2026-05-09T13:05:21.729,-4.3535,0.0800,1.5003
2026-05-09T13:05:21.742,-4.2831,0.0800,1.4972
2026-05-09T13:05:21.757,-4.2193,0.0800,1.4937
2026-05-09T13:05:21.771,-4.1539,0.0800,1.4918
2026-05-09T13:05:21.785,-4.0885,0.0800,1.4904
2026-05-09T13:05:21.798,-4.0215,0.0800,1.4882
2026-05-09T13:05:21.812,-3.9594,0.0800,1.4878
2026-05-09T13:05:21.826,-3.8891,0.0800,1.4880
2026-05-09T13:05:21.841,-3.8324,0.0800,1.4871
2026-05-09T13:05:21.854,-3.7700,0.0800,1.4882
2026-05-09T13:05:21.867,-3.6952,0.0800,1.4901
2026-05-09T13:05:21.882,-3.6355,0.0800,1.4906
2026-05-09T13:05:21.896,-3.5751,0.0800,1.4931
2026-05-09T13:05:21.910,-3.5068,0.0800,1.4965
2026-05-09T13:05:21.923,-3.4416,0.0800,1.5003
2026-05-09T13:05:21.938,-3.3798,0.0800,1.5029
2026-05-09T13:05:21.952,-3.3196,0.0800,1.5074
2026-05-09T13:05:21.964,-3.2502,0.0800,1.5130
2026-05-09T13:05:21.980,-3.1853,0.0800,1.5172
2026-05-09T13:05:21.993,-3.1360,0.0800,1.5220
2026-05-09T13:05:22.007,-3.0941,0.0800,1.5254
2026-05-09T13:05:22.021,-3.0710,0.0800,1.5273
2026-05-09T13:05:22.035,-3.0414,0.0800,1.5297
2026-05-09T13:05:22.049,-3.0264,0.0800,1.5309
2026-05-09T13:05:22.063,-3.0090,0.0800,1.5323
2026-05-09T13:05:22.078,-2.9934,0.0800,1.5336
2026-05-09T13:05:22.091,-2.9788,0.0800,1.5347
2026-05-09T13:05:22.105,-2.9622,0.0800,1.5361
2026-05-09T13:05:22.119,-2.9443,0.0800,1.5375
2026-05-09T13:05:22.132,-2.9242,0.0800,1.5391
2026-05-09T13:05:22.146,-2.9010,0.0800,1.5410
2026-05-09T13:05:22.160,-2.8695,0.0800,1.5427
2026-05-09T13:05:22.175,-2.8322,0.0800,1.5445
2026-05-09T13:05:22.188,-2.7881,0.0800,1.5462
2026-05-09T13:05:22.201,-2.7264,0.0800,1.5478
2026-05-09T13:05:22.216,-2.6721,0.0800,1.5506
2026-05-09T13:05:22.230,-2.6188,0.0800,1.5507
2026-05-09T13:05:22.244,-2.5545,0.0800,1.5500
2026-05-09T13:05:22.258,-2.4971,0.0800,1.5510
2026-05-09T13:05:22.272,-2.4367,0.0800,1.5491
2026-05-09T13:05:22.285,-2.3767,0.0800,1.5466
2026-05-09T13:05:22.300,-2.3103,0.0800,1.5450
2026-05-09T13:05:22.313,-2.2563,0.0800,1.5417
2026-05-09T13:05:22.326,-2.1886,0.0800,1.5369
2026-05-09T13:05:22.341,-2.1311,0.0800,1.5342
2026-05-09T13:05:22.355,-2.0725,0.0800,1.5290
2026-05-09T13:05:22.368,-1.9981,0.0800,1.5218
2026-05-09T13:05:22.382,-1.9422,0.0800,1.5178
2026-05-09T13:05:22.396,-1.8798,0.0800,1.5107
2026-05-09T13:05:22.410,-1.8134,0.0800,1.5026
2026-05-09T13:05:22.424,-1.7487,0.0800,1.4942
2026-05-09T13:05:22.438,-1.6834,0.0800,1.4866
2026-05-09T13:05:22.452,-1.6216,0.0800,1.4776
2026-05-09T13:05:22.465,-1.5531,0.0800,1.4673
2026-05-09T13:05:22.480,-1.4897,0.0800,1.4585
2026-05-09T13:05:22.494,-1.4258,0.0800,1.4480
2026-05-09T13:05:22.508,-1.3574,0.0800,1.4362
2026-05-09T13:05:22.522,-1.2921,0.0800,1.4257
2026-05-09T13:05:22.536,-1.2249,0.0800,1.4131
2026-05-09T13:05:22.550,-1.1612,0.0800,1.4007
2026-05-09T13:05:22.563,-1.0931,0.0800,1.3870
2026-05-09T13:05:22.577,-1.0315,0.0800,1.3754
2026-05-09T13:05:22.591,-0.9701,0.0800,1.3621
2026-05-09T13:05:22.605,-0.9006,0.0800,1.3467
2026-05-09T13:05:22.619,-0.8388,0.0800,1.3338
2026-05-09T13:05:22.633,-0.7717,0.0800,1.3179
2026-05-09T13:05:22.647,-0.7060,0.0800,1.3019
2026-05-09T13:05:22.660,-0.6391,0.0800,1.2864
2026-05-09T13:05:22.674,-0.5781,0.0800,1.2706
2026-05-09T13:05:22.687,-0.5176,0.0800,1.2547
2026-05-09T13:05:22.702,-0.4497,0.0800,1.2374
2026-05-09T13:05:22.716,-0.3880,0.0800,1.2202
2026-05-09T13:05:22.730,-0.3225,0.0800,1.2016
2026-05-09T13:05:22.743,-0.2587,0.0800,1.1830
2026-05-09T13:05:22.758,-0.1896,0.0800,1.1635
2026-05-09T13:05:22.772,-0.1276,0.0800,1.1445
2026-05-09T13:05:22.785,-0.0637,0.0800,1.1246
2026-05-09T13:05:22.799,0.0017,0.0800,1.1048
2026-05-09T13:05:22.813,0.0624,0.0800,1.0850
2026-05-09T13:05:22.827,0.1273,0.0800,1.0634
2026-05-09T13:05:22.841,0.1919,0.0800,1.0427
2026-05-09T13:05:22.855,0.2522,0.0800,1.0217
2026-05-09T13:05:22.868,0.3206,0.0800,0.9975
2026-05-09T13:05:22.883,0.3795,0.0800,0.9774
2026-05-09T13:05:22.896,0.4410,0.0800,0.9548
2026-05-09T13:05:22.910,0.5051,0.0800,0.9308
2026-05-09T13:05:22.924,0.5730,0.0800,0.9050
2026-05-09T13:05:22.938,0.6322,0.0800,0.8834
2026-05-09T13:05:22.952,0.6939,0.0800,0.8602
2026-05-09T13:05:22.966,0.7628,0.0800,0.8344
2026-05-09T13:05:22.979,0.8269,0.0800,0.8103
2026-05-09T13:05:22.994,0.8909,0.0800,0.7862
2026-05-09T13:05:23.006,0.9526,0.0800,0.7631
2026-05-09T13:05:23.021,1.0201,0.0800,0.7377
2026-05-09T13:05:23.035,1.0748,0.0800,0.7182
2026-05-09T13:05:23.048,1.1399,0.0800,0.6954
2026-05-09T13:05:23.061,1.2019,0.0800,0.6729
2026-05-09T13:05:23.078,1.2611,0.0800,0.6533
2026-05-09T13:05:23.090,1.3213,0.0800,0.6337
2026-05-09T13:05:23.103,1.3949,0.0800,0.6106
2026-05-09T13:05:23.117,1.4454,0.0800,0.5935
2026-05-09T13:05:23.132,1.5043,0.0800,0.5763
2026-05-09T13:05:23.145,1.5604,0.0800,0.5606
2026-05-09T13:05:23.159,1.6271,0.0800,0.5412
2026-05-09T13:05:23.173,1.6731,0.0800,0.5299
2026-05-09T13:05:23.186,1.7265,0.0800,0.5176
2026-05-09T13:05:23.200,1.7810,0.0800,0.5035
2026-05-09T13:05:23.214,1.8282,0.0800,0.4944
2026-05-09T13:05:23.228,1.8777,0.0800,0.4855
2026-05-09T13:05:23.244,1.9267,0.0800,0.4751
2026-05-09T13:05:23.257,1.9734,0.0800,0.4686
2026-05-09T13:05:23.271,2.0286,0.0800,0.4618
2026-05-09T13:05:23.284,2.0680,0.0800,0.4578
2026-05-09T13:05:23.299,2.1163,0.0800,0.4511
2026-05-09T13:05:23.312,2.1574,0.0800,0.4483
2026-05-09T13:05:23.326,2.2039,0.0800,0.4459
2026-05-09T13:05:23.339,2.2461,0.0800,0.4413
2026-05-09T13:05:23.353,2.2891,0.0800,0.4405
2026-05-09T13:05:23.367,2.3340,0.0800,0.4405
2026-05-09T13:05:23.381,2.3766,0.0800,0.4381
2026-05-09T13:05:23.395,2.4198,0.0800,0.4395
2026-05-09T13:05:23.409,2.4653,0.0800,0.4417
2026-05-09T13:05:23.423,2.5095,0.0800,0.4447
2026-05-09T13:05:23.437,2.5544,0.0800,0.4453
2026-05-09T13:05:23.451,2.5951,0.0800,0.4494
2026-05-09T13:05:23.465,2.6388,0.0800,0.4545
2026-05-09T13:05:23.479,2.6836,0.0800,0.4573
2026-05-09T13:05:23.493,2.7277,0.0800,0.4640
2026-05-09T13:05:23.506,2.7693,0.0800,0.4710
2026-05-09T13:05:23.521,2.8145,0.0800,0.4763
2026-05-09T13:05:23.535,2.8559,0.0800,0.4847
2026-05-09T13:05:23.549,2.9002,0.0800,0.4944
2026-05-09T13:05:23.563,2.9461,0.0800,0.5050
2026-05-09T13:05:23.578,2.9939,0.0800,0.5130
2026-05-09T13:05:23.592,3.0318,0.0800,0.5219
2026-05-09T13:05:23.606,3.0641,0.0800,0.5295
2026-05-09T13:05:23.620,3.0873,0.0800,0.5334
2026-05-09T13:05:23.634,3.1114,0.0800,0.5384
2026-05-09T13:05:23.648,3.1289,0.0800,0.5421
2026-05-09T13:05:23.662,3.1470,0.0800,0.5459
2026-05-09T13:05:23.676,3.1651,0.0800,0.5497
2026-05-09T13:05:23.690,3.1863,0.0800,0.5542
2026-05-09T13:05:23.704,3.2109,0.0800,0.5593
2026-05-09T13:05:23.718,3.2382,0.0800,0.5651
2026-05-09T13:05:23.732,3.2723,0.0800,0.5722
2026-05-09T13:05:23.746,3.3120,0.0800,0.5813
2026-05-09T13:05:23.760,3.3568,0.0800,0.5910
2026-05-09T13:05:23.775,3.3985,0.0800,0.6008
2026-05-09T13:05:23.788,3.4456,0.0800,0.6122
2026-05-09T13:05:23.801,3.5059,0.0800,0.6260
2026-05-09T13:05:23.816,3.5534,0.0800,0.6368
2026-05-09T13:05:23.830,3.6092,0.0800,0.6495
2026-05-09T13:05:23.844,3.6696,0.0800,0.6633
2026-05-09T13:05:23.858,3.7328,0.0800,0.6778
2026-05-09T13:05:23.872,3.8026,0.0800,0.6937
2026-05-09T13:05:23.885,3.8691,0.0800,0.7089
2026-05-09T13:05:23.899,3.9386,0.0800,0.7248
2026-05-09T13:05:23.913,3.9982,0.0800,0.7384
2026-05-09T13:05:23.926,4.0654,0.0800,0.7538
2026-05-09T13:05:23.941,4.1341,0.0800,0.7695
2026-05-09T13:05:23.954,4.1922,0.0800,0.7828
2026-05-09T13:05:23.967,4.2706,0.0800,0.8008
2026-05-09T13:05:23.981,4.3301,0.0800,0.8143
2026-05-09T13:05:23.995,4.3917,0.0800,0.8284
2026-05-09T13:05:24.009,4.4597,0.0800,0.8440
2026-05-09T13:05:24.022,4.5267,0.0800,0.8593
2026-05-09T13:05:24.037,4.5997,0.0800,0.8759
2026-05-09T13:05:24.050,4.6555,0.0800,0.8887
2026-05-09T13:05:24.064,4.7266,0.0800,0.9050
2026-05-09T13:05:24.078,4.7893,0.0800,0.9193
2026-05-09T13:05:24.091,4.8562,0.0800,0.9346
2026-05-09T13:05:24.104,4.9251,0.0800,0.9504
2026-05-09T13:05:24.118,4.9876,0.0800,0.9647
2026-05-09T13:05:24.132,5.0497,0.0800,0.9789
2026-05-09T13:05:24.146,5.1162,0.0800,0.9942
2026-05-09T13:05:24.160,5.1859,0.0800,1.0102
2026-05-09T13:05:24.176,5.2498,0.0800,1.0248
2026-05-09T13:05:24.193,5.3386,0.0800,1.0452
2026-05-09T13:05:24.208,5.4039,0.0800,1.0602
2026-05-09T13:05:24.225,5.4762,0.0800,1.0768
2026-05-09T13:05:24.242,5.5582,0.0800,1.0956
2026-05-09T13:05:24.258,5.6318,0.0800,1.1125
2026-05-09T13:05:24.278,5.7122,0.0800,1.1310
2026-05-09T13:05:24.295,5.8080,0.0800,1.1530
2026-05-09T13:05:24.315,5.8886,0.0800,1.1715
2026-05-09T13:05:24.334,5.9704,0.0800,1.1903
2026-05-09T13:05:24.354,6.0655,0.0800,1.2122
2026-05-09T13:05:24.374,6.1578,0.0800,1.2335
2026-05-09T13:05:24.393,6.2522,0.0800,1.2553
2026-05-09T13:05:24.411,6.3530,0.0800,1.2785
2026-05-09T13:05:24.428,6.4440,0.0800,1.2995
2026-05-09T13:05:24.448,6.5286,0.0800,1.3190
2026-05-09T13:05:24.468,6.6114,0.0800,1.3381
2026-05-09T13:05:24.487,6.7060,0.0800,1.3599
2026-05-09T13:05:24.507,6.8045,0.0800,1.3827
2026-05-09T13:05:24.527,6.8966,0.0800,1.4040
2026-05-09T13:05:24.545,6.9943,0.0800,1.4266
2026-05-09T13:05:24.564,7.0862,0.0800,1.4479
2026-05-09T13:05:24.583,7.1760,0.0800,1.4687
2026-05-09T13:05:24.602,7.2632,0.0800,1.4900
2026-05-09T13:05:24.618,7.3533,0.0800,1.5127
2026-05-09T13:05:24.634,7.4449,0.0800,1.5371
2026-05-09T13:05:24.652,7.5072,0.0800,1.5546
2026-05-09T13:05:24.672,7.5857,0.0800,1.5774
2026-05-09T13:05:24.690,7.6595,0.0800,1.5981
2026-05-09T13:05:24.708,7.7390,0.0800,1.6238
2026-05-09T13:05:24.725,7.8126,0.0800,1.6489
2026-05-09T13:05:24.741,7.8892,0.0800,1.6762
2026-05-09T13:05:24.756,7.9502,0.0800,1.6991
2026-05-09T13:05:24.772,8.0180,0.0800,1.7256
2026-05-09T13:05:24.787,8.0744,0.0800,1.7487
2026-05-09T13:05:24.803,8.1449,0.0800,1.7785
2026-05-09T13:05:24.819,8.1967,0.0800,1.7984
2026-05-09T13:05:24.835,8.2521,0.0800,1.8237
2026-05-09T13:05:24.850,8.3110,0.0800,1.8515
2026-05-09T13:05:24.865,8.3715,0.0800,1.8784
2026-05-09T13:05:24.879,8.4255,0.0800,1.9059
2026-05-09T13:05:24.893,8.4826,0.0800,1.9360
2026-05-09T13:05:24.907,8.5280,0.0800,1.9609
2026-05-09T13:05:24.921,8.5769,0.0800,1.9860
2026-05-09T13:05:24.936,8.6238,0.0800,2.0134
2026-05-09T13:05:24.951,8.6723,0.0800,2.0426
2026-05-09T13:05:24.965,8.7209,0.0800,2.0728
2026-05-09T13:05:24.980,8.7696,0.0800,2.1010
2026-05-09T13:05:24.993,8.8191,0.0800,2.1338
2026-05-09T13:05:25.007,8.8608,0.0800,2.1624
2026-05-09T13:05:25.021,8.9070,0.0800,2.1919
2026-05-09T13:05:25.036,8.9487,0.0800,2.2221
2026-05-09T13:05:25.051,8.9936,0.0800,2.2556
2026-05-09T13:05:25.066,9.0452,0.0800,2.2951
2026-05-09T13:05:25.080,9.0886,0.0800,2.3257
2026-05-09T13:05:25.095,9.1343,0.0800,2.3629
2026-05-09T13:05:25.109,9.1729,0.0800,2.3954
2026-05-09T13:05:25.123,9.2156,0.0800,2.4323
2026-05-09T13:05:25.138,9.2585,0.0800,2.4670
2026-05-09T13:05:25.152,9.2949,0.0800,2.5005
2026-05-09T13:05:25.168,9.3360,0.0800,2.5394
2026-05-09T13:05:25.183,9.3748,0.0800,2.5735
2026-05-09T13:05:25.199,9.4158,0.0800,2.6148
2026-05-09T13:05:25.214,9.4540,0.0800,2.6547
2026-05-09T13:05:25.227,9.4995,0.0800,2.7037
2026-05-09T13:05:25.242,9.5324,0.0800,2.7352
2026-05-09T13:05:25.257,9.5643,0.0800,2.7718
2026-05-09T13:05:25.271,9.6210,0.0800,2.8386
2026-05-09T13:05:25.285,9.6338,0.0800,2.8545
2026-05-09T13:05:25.301,9.6763,0.0800,2.9062
2026-05-09T13:05:25.315,9.7069,0.0800,2.9461
2026-05-09T13:05:25.338,9.7361,0.0800,2.9854
2026-05-09T13:05:25.361,9.7689,0.0800,3.0310
2026-05-09T13:05:25.377,9.8252,0.0800,3.1118
2026-05-09T13:05:25.393,9.8601,0.0800,3.1650
2026-05-09T13:05:25.409,9.8917,0.0800,3.2153
2026-05-09T13:05:25.424,9.9361,0.0800,3.2888
2026-05-09T13:05:25.439,9.9616,0.0800,3.3243
2026-05-09T13:05:25.457,9.9864,0.0800,3.3690
2026-05-09T13:05:25.479,10.0109,0.0800,3.4145
2026-05-09T13:05:25.501,10.0381,0.0800,3.4672
2026-05-09T13:05:25.522,10.0719,0.0800,3.5352
2026-05-09T13:05:25.539,10.1074,0.0800,3.6111
2026-05-09T13:05:25.556,10.1380,0.0800,3.6805
2026-05-09T13:05:25.573,10.1618,0.0800,3.7380
2026-05-09T13:05:25.588,10.1834,0.0800,3.7931
2026-05-09T13:05:25.605,10.2079,0.0800,3.8497
2026-05-09T13:05:25.623,10.2272,0.0800,3.9043
2026-05-09T13:05:25.641,10.2467,0.0800,3.9625
2026-05-09T13:05:25.659,10.2655,0.0800,4.0219
2026-05-09T13:05:25.679,10.2849,0.0800,4.0877
2026-05-09T13:05:25.697,10.3017,0.0800,4.1491
2026-05-09T13:05:25.712,10.3193,0.0800,4.2185
2026-05-09T13:05:25.727,10.3346,0.0800,4.2843
2026-05-09T13:05:25.745,10.3494,0.0800,4.3370
2026-05-09T13:05:25.766,10.3600,0.0800,4.3910
2026-05-09T13:05:25.788,10.3721,0.0800,4.4587
2026-05-09T13:05:25.809,10.3832,0.0800,4.5290
2026-05-09T13:05:25.827,10.3945,0.0800,4.6108
2026-05-09T13:05:25.844,10.4030,0.0800,4.6856
2026-05-09T13:05:25.862,10.4087,0.0800,4.7486
2026-05-09T13:05:25.881,10.4134,0.0800,4.8132
2026-05-09T13:05:25.899,10.4168,0.0800,4.8759
2026-05-09T13:05:25.919,10.4192,0.0800,4.9433
2026-05-09T13:05:25.939,10.4204,0.0800,5.0119
2026-05-09T13:05:25.957,10.4201,0.0800,5.0832
2026-05-09T13:05:25.976,10.4181,0.0800,5.1653
2026-05-09T13:05:25.992,10.4154,0.0800,5.2222
2026-05-09T13:05:26.013,10.4111,0.0800,5.2882
2026-05-09T13:05:26.035,10.4096,0.0800,5.3484
2026-05-09T13:05:26.054,10.4017,0.0800,5.4272
2026-05-09T13:05:26.074,10.3920,0.0800,5.5055
2026-05-09T13:05:26.092,10.3817,0.0800,5.5764
2026-05-09T13:05:26.111,10.3698,0.0800,5.6472
2026-05-09T13:05:26.131,10.3611,0.0800,5.7133
2026-05-09T13:05:26.149,10.3473,0.0800,5.7799
2026-05-09T13:05:26.167,10.3319,0.0800,5.8469
2026-05-09T13:05:26.187,10.3160,0.0800,5.9107
2026-05-09T13:05:26.206,10.2982,0.0800,5.9766
2026-05-09T13:05:26.226,10.2788,0.0800,6.0432
2026-05-09T13:05:26.246,10.2570,0.0800,6.1125
2026-05-09T13:05:26.266,10.2344,0.0800,6.1797
2026-05-09T13:05:26.283,10.2092,0.0800,6.2498
2026-05-09T13:05:26.301,10.1833,0.0800,6.3170
2026-05-09T13:05:26.320,10.1606,0.0800,6.3726
2026-05-09T13:05:26.340,10.1335,0.0800,6.4359
2026-05-09T13:05:26.361,10.1066,0.0800,6.4953
2026-05-09T13:05:26.382,10.0747,0.0800,6.5625
2026-05-09T13:05:26.404,10.0407,0.0800,6.6302
2026-05-09T13:05:26.423,10.0059,0.0800,6.6958
2026-05-09T13:05:26.443,9.9663,0.0800,6.7667
2026-05-09T13:05:26.462,9.9313,0.0800,6.8260
2026-05-09T13:05:26.482,9.8925,0.0800,6.8890
2026-05-09T13:05:26.502,9.8554,0.0800,6.9465
2026-05-09T13:05:26.522,9.8161,0.0800,7.0047
2026-05-09T13:05:26.540,9.7736,0.0800,7.0650
2026-05-09T13:05:26.557,9.7306,0.0800,7.1233
2026-05-09T13:05:26.575,9.6903,0.0800,7.1757
2026-05-09T13:05:26.592,9.6526,0.0800,7.2228
2026-05-09T13:05:26.610,9.6141,0.0800,7.2742
2026-05-09T13:05:26.626,9.5718,0.0800,7.3234
2026-05-09T13:05:26.644,9.5275,0.0800,7.3729
2026-05-09T13:05:26.663,9.4880,0.0800,7.4155
2026-05-09T13:05:26.681,9.4445,0.0800,7.4608
2026-05-09T13:05:26.700,9.3956,0.0800,7.5098
2026-05-09T13:05:26.717,9.3489,0.0800,7.5549
2026-05-09T13:05:26.735,9.2977,0.0800,7.6023
2026-05-09T13:05:26.752,9.2532,0.0800,7.6420
2026-05-09T13:05:26.769,9.2026,0.0800,7.6856
2026-05-09T13:05:26.786,9.1571,0.0800,7.7279
2026-05-09T13:05:26.802,9.1043,0.0800,7.7702
2026-05-09T13:05:26.819,9.0602,0.0800,7.8041
2026-05-09T13:05:26.838,9.0094,0.0800,7.8419
2026-05-09T13:05:26.854,8.9617,0.0800,7.8760
2026-05-09T13:05:26.870,8.9077,0.0800,7.9133
2026-05-09T13:05:26.887,8.8592,0.0800,7.9495
2026-05-09T13:05:26.906,8.8030,0.0800,7.9855
2026-05-09T13:05:26.923,8.7533,0.0800,8.0163
2026-05-09T13:05:26.941,8.6891,0.0800,8.0549
2026-05-09T13:05:26.957,8.6343,0.0800,8.0867
2026-05-09T13:05:26.973,8.5670,0.0800,8.1245
2026-05-09T13:05:26.988,8.5140,0.0800,8.1532
2026-05-09T13:05:27.005,8.4558,0.0800,8.1864
2026-05-09T13:05:27.022,8.3980,0.0800,8.2160
2026-05-09T13:05:27.039,8.3324,0.0800,8.2486
2026-05-09T13:05:27.057,8.2696,0.0800,8.2790
2026-05-09T13:05:27.074,8.1996,0.0800,8.3119
2026-05-09T13:05:27.090,8.1311,0.0800,8.3431
2026-05-09T13:05:27.105,8.0580,0.0800,8.3757
2026-05-09T13:05:27.122,7.9947,0.0800,8.4053
2026-05-09T13:05:27.139,7.9184,0.0800,8.4375
2026-05-09T13:05:27.154,7.8595,0.0800,8.4615
2026-05-09T13:05:27.172,7.7852,0.0800,8.4911
2026-05-09T13:05:27.188,7.7232,0.0800,8.5173
2026-05-09T13:05:27.207,7.6489,0.0800,8.5455
2026-05-09T13:05:27.224,7.5739,0.0800,8.5735
2026-05-09T13:05:27.239,7.4877,0.0800,8.6049
2026-05-09T13:05:27.254,7.4140,0.0800,8.6325
2026-05-09T13:05:27.270,7.3413,0.0800,8.6597
2026-05-09T13:05:27.285,7.2712,0.0800,8.6859
2026-05-09T13:05:27.302,7.1999,0.0800,8.7126
2026-05-09T13:05:27.318,7.1299,0.0800,8.7389
2026-05-09T13:05:27.334,7.0485,0.0800,8.7695
2026-05-09T13:05:27.349,6.9739,0.0800,8.7986
2026-05-09T13:05:27.365,6.9037,0.0800,8.8254
2026-05-09T13:05:27.380,6.8363,0.0800,8.8527
2026-05-09T13:05:27.395,6.7600,0.0800,8.8842
2026-05-09T13:05:27.411,6.6978,0.0800,8.9103
2026-05-09T13:05:27.427,6.6299,0.0800,8.9393
2026-05-09T13:05:27.444,6.5579,0.0800,8.9694
2026-05-09T13:05:27.459,6.4837,0.0800,9.0022
2026-05-09T13:05:27.475,6.4129,0.0800,9.0341
2026-05-09T13:05:27.490,6.3420,0.0800,9.0666
2026-05-09T13:05:27.504,6.2738,0.0800,9.0985
2026-05-09T13:05:27.518,6.2097,0.0800,9.1277
2026-05-09T13:05:27.532,6.1497,0.0800,9.1567
2026-05-09T13:05:27.546,6.0872,0.0800,9.1873
2026-05-09T13:05:27.560,6.0265,0.0800,9.2163
2026-05-09T13:05:27.574,5.9669,0.0800,9.2464
2026-05-09T13:05:27.587,5.9053,0.0800,9.2780
2026-05-09T13:05:27.602,5.8436,0.0800,9.3088
2026-05-09T13:05:27.615,5.7877,0.0800,9.3383
2026-05-09T13:05:27.629,5.7263,0.0800,9.3710
2026-05-09T13:05:27.642,5.6684,0.0800,9.4024
2026-05-09T13:05:27.656,5.6077,0.0800,9.4345
2026-05-09T13:05:27.670,5.5530,0.0800,9.4650
2026-05-09T13:05:27.683,5.4935,0.0800,9.4984
2026-05-09T13:05:27.697,5.4370,0.0800,9.5295
2026-05-09T13:05:27.714,5.3803,0.0800,9.5623
2026-05-09T13:05:27.727,5.3198,0.0800,9.5978
2026-05-09T13:05:27.741,5.2509,0.0800,9.6375
2026-05-09T13:05:27.756,5.1965,0.0800,9.6704
2026-05-09T13:05:27.770,5.1338,0.0800,9.7086
2026-05-09T13:05:27.783,5.0763,0.0800,9.7442
2026-05-09T13:05:27.798,5.0215,0.0800,9.7775
2026-05-09T13:05:27.811,4.9658,0.0800,9.8128
2026-05-09T13:05:27.825,4.9018,0.0800,9.8540
2026-05-09T13:05:27.839,4.8492,0.0800,9.8870
2026-05-09T13:05:27.854,4.7950,0.0800,9.9228
2026-05-09T13:05:27.867,4.7319,0.0800,9.9650
2026-05-09T13:05:27.881,4.6774,0.0800,10.0006
2026-05-09T13:05:27.895,4.6243,0.0800,10.0370
2026-05-09T13:05:27.909,4.5703,0.0800,10.0745
2026-05-09T13:05:27.923,4.5146,0.0800,10.1124
2026-05-09T13:05:27.937,4.4577,0.0800,10.1530
2026-05-09T13:05:27.951,4.4045,0.0800,10.1916
2026-05-09T13:05:27.964,4.3493,0.0800,10.2321
2026-05-09T13:05:27.979,4.2971,0.0800,10.2698
2026-05-09T13:05:27.992,4.2446,0.0800,10.3099
2026-05-09T13:05:28.006,4.2067,0.0800,10.3395
2026-05-09T13:05:28.020,4.1705,0.0800,10.3669
2026-05-09T13:05:28.034,4.1429,0.0800,10.3896
2026-05-09T13:05:28.048,4.1213,0.0800,10.4079
2026-05-09T13:05:28.062,4.1014,0.0800,10.4238
2026-05-09T13:05:28.076,4.0842,0.0800,10.4396
2026-05-09T13:05:28.090,4.0680,0.0800,10.4553
2026-05-09T13:05:28.104,4.0518,0.0800,10.4716
2026-05-09T13:05:28.118,4.0386,0.0800,10.4835
2026-05-09T13:05:28.131,4.0263,0.0800,10.4985
2026-05-09T13:05:28.145,4.0140,0.0800,10.5140
2026-05-09T13:05:28.158,4.0014,0.0800,10.5261
2026-05-09T13:05:28.173,3.9913,0.0800,10.5402
2026-05-09T13:05:28.187,3.9826,0.0800,10.5533
2026-05-09T13:05:28.201,3.9732,0.0800,10.5643
2026-05-09T13:05:28.215,3.9671,0.0800,10.5753
2026-05-09T13:05:28.228,3.9606,0.0800,10.5880
2026-05-09T13:05:28.242,3.9535,0.0800,10.5961
2026-05-09T13:05:28.256,3.9478,0.0800,10.6085
2026-05-09T13:05:28.270,3.9423,0.0800,10.6209
2026-05-09T13:05:28.284,3.9373,0.0800,10.6331
2026-05-09T13:05:28.298,3.9308,0.0800,10.6424
2026-05-09T13:05:28.312,3.9267,0.0800,10.6540
2026-05-09T13:05:28.325,3.9224,0.0800,10.6670
2026-05-09T13:05:28.339,3.9170,0.0800,10.6750
2026-05-09T13:05:28.353,3.9137,0.0800,10.6866
2026-05-09T13:05:28.367,3.9102,0.0800,10.6998
2026-05-09T13:05:28.381,3.9051,0.0800,10.7080
2026-05-09T13:05:28.395,3.9023,0.0800,10.7206
2026-05-09T13:05:28.408,3.8998,0.0800,10.7330
2026-05-09T13:05:28.422,3.8975,0.0800,10.7457
2026-05-09T13:05:28.436,3.8929,0.0800,10.7552
2026-05-09T13:05:28.450,3.8905,0.0800,10.7687
2026-05-09T13:05:28.463,3.8882,0.0800,10.7828
2026-05-09T13:05:28.479,3.8828,0.0800,10.7963
2026-05-09T13:05:28.492,3.8796,0.0800,10.8136
2026-05-09T13:05:28.506,3.8761,0.0800,10.8336
2026-05-09T13:05:28.520,3.8697,0.0800,10.8512
2026-05-09T13:05:28.534,3.8653,0.0800,10.8749
2026-05-09T13:05:28.547,3.8607,0.0800,10.8767
2026-05-09T13:05:28.561,3.8546,0.0800,10.8766
2026-05-09T13:05:28.575,3.8510,0.0800,10.8778
2026-05-09T13:05:28.589,3.8470,0.0800,10.8786
2026-05-09T13:05:28.603,3.8430,0.0800,10.8778
2026-05-09T13:05:28.617,3.8394,0.0800,10.8778
2026-05-09T13:05:28.631,3.8362,0.0800,10.8778
2026-05-09T13:05:28.645,3.8330,0.0800,10.8778
2026-05-09T13:05:28.658,3.8296,0.0800,10.8778
2026-05-09T13:05:28.673,3.8262,0.0800,10.8778
2026-05-09T13:05:28.686,3.8225,0.0800,10.8778
2026-05-09T13:05:28.702,3.8181,0.0800,10.8778
2026-05-09T13:05:28.717,3.8141,0.0800,10.8778
2026-05-09T13:05:28.731,3.8094,0.0800,10.8778
2026-05-09T13:05:28.755,3.8045,0.0800,10.8778
2026-05-09T13:05:28.769,3.7993,0.0800,10.8778
2026-05-09T13:05:28.783,3.7931,0.0800,10.8778
2026-05-09T13:05:28.797,3.7886,0.0800,10.8778
2026-05-09T13:05:28.812,3.7842,0.0800,10.8778
2026-05-09T13:05:28.825,3.7795,0.0800,10.8778
2026-05-09T13:05:28.841,3.7748,0.0800,10.8778
2026-05-09T13:05:28.857,3.7702,0.0800,10.8778
2026-05-09T13:05:28.873,3.7633,0.0800,10.8778
2026-05-09T13:05:28.886,3.7572,0.0800,10.8779
2026-05-09T13:05:28.900,3.7474,0.0800,10.8783
2026-05-09T13:05:28.922,3.7365,0.0800,10.8791
2026-05-09T13:05:28.936,3.7168,0.0800,10.8812
2026-05-09T13:05:28.950,3.6753,0.0800,10.8886
2026-05-09T13:05:28.964,3.6389,0.0800,10.8994
2026-05-09T13:05:28.979,3.6008,0.0800,10.9203
2026-05-09T13:05:28.993,3.5599,0.0800,10.9527
2026-05-09T13:05:29.006,3.5200,0.0800,10.9990
2026-05-09T13:05:29.022,3.4914,0.0800,11.0545
2026-05-09T13:05:29.036,3.4604,0.0800,11.1497
2026-05-09T13:05:29.051,3.4524,0.0800,11.1807
2026-05-09T13:05:29.065,3.4272,0.0800,11.2535
2026-05-09T13:05:29.079,3.4074,0.0800,11.3146
2026-05-09T13:05:29.098,3.3840,0.0800,11.3786
2026-05-09T13:05:29.116,3.3633,0.0800,11.4336
2026-05-09T13:05:29.137,3.3328,0.0800,11.5127
2026-05-09T13:05:29.151,3.3043,0.0800,11.5843
2026-05-09T13:05:29.165,3.2657,0.0800,11.6784
2026-05-09T13:05:29.180,3.2455,0.0800,11.7322
2026-05-09T13:05:29.194,3.2189,0.0800,11.7932
2026-05-09T13:05:29.208,3.1921,0.0800,11.8534
2026-05-09T13:05:29.222,3.1748,0.0800,11.8953
2026-05-09T13:05:29.236,3.1591,0.0800,11.9315
2026-05-09T13:05:29.251,3.1486,0.0800,11.9555
2026-05-09T13:05:29.265,3.1366,0.0800,11.9830
2026-05-09T13:05:29.280,3.1241,0.0800,12.0119
2026-05-09T13:05:29.294,3.1072,0.0800,12.0542
2026-05-09T13:05:29.307,3.0877,0.0800,12.1054
2026-05-09T13:05:29.321,3.0678,0.0800,12.1554
2026-05-09T13:05:29.336,3.0519,0.0800,12.2026
2026-05-09T13:05:29.351,3.0362,0.0800,12.2521
2026-05-09T13:05:29.366,3.0223,0.0800,12.2990
2026-05-09T13:05:29.380,3.0063,0.0800,12.3471
2026-05-09T13:05:29.394,2.9934,0.0800,12.3982
2026-05-09T13:05:29.408,2.9827,0.0800,12.4439
2026-05-09T13:05:29.424,2.9700,0.0800,12.4891
2026-05-09T13:05:29.440,2.9607,0.0800,12.5359
2026-05-09T13:05:29.455,2.9514,0.0800,12.5871
2026-05-09T13:05:29.471,2.9424,0.0800,12.6428
2026-05-09T13:05:29.485,2.9354,0.0800,12.6927
2026-05-09T13:05:29.501,2.9256,0.0800,12.7470
2026-05-09T13:05:29.515,2.9211,0.0800,12.7908
2026-05-09T13:05:29.531,2.9163,0.0800,12.8455
2026-05-09T13:05:29.544,2.9133,0.0800,12.8910
2026-05-09T13:05:29.559,2.9079,0.0800,12.9421
2026-05-09T13:05:29.573,2.9064,0.0800,12.9895
2026-05-09T13:05:29.588,2.9056,0.0800,13.0362
2026-05-09T13:05:29.604,2.9028,0.0800,13.0848
2026-05-09T13:05:29.619,2.9037,0.0800,13.1321
2026-05-09T13:05:29.635,2.9056,0.0800,13.1871
2026-05-09T13:05:29.652,2.9083,0.0800,13.2369
2026-05-09T13:05:29.667,2.9126,0.0800,13.2962
2026-05-09T13:05:29.683,2.9138,0.0800,13.3475
2026-05-09T13:05:29.697,2.9196,0.0800,13.3994
2026-05-09T13:05:29.711,2.9267,0.0800,13.4534
2026-05-09T13:05:29.724,2.9335,0.0800,13.4981
2026-05-09T13:05:29.740,2.9384,0.0800,13.5440
2026-05-09T13:05:29.757,2.9465,0.0800,13.5880
2026-05-09T13:05:29.773,2.9574,0.0800,13.6422
2026-05-09T13:05:29.790,2.9721,0.0800,13.7085
2026-05-09T13:05:29.804,2.9835,0.0800,13.7550
2026-05-09T13:05:29.818,2.9936,0.0800,13.8044
2026-05-09T13:05:29.833,3.0064,0.0800,13.8492
2026-05-09T13:05:29.848,3.0202,0.0800,13.8950
2026-05-09T13:05:29.863,3.0323,0.0800,13.9420
2026-05-09T13:05:29.877,3.0482,0.0800,13.9887
2026-05-09T13:05:29.891,3.0666,0.0800,14.0399
2026-05-09T13:05:29.905,3.0827,0.0800,14.0820
2026-05-09T13:05:29.921,3.0960,0.0800,14.1228
2026-05-09T13:05:29.935,3.1157,0.0800,14.1697
2026-05-09T13:05:29.949,3.1357,0.0800,14.2153
2026-05-09T13:05:29.962,3.1559,0.0800,14.2592
2026-05-09T13:05:29.976,3.1722,0.0800,14.2997
2026-05-09T13:05:29.990,3.1927,0.0800,14.3407
2026-05-09T13:05:30.005,3.2145,0.0800,14.3823
2026-05-09T13:05:30.019,3.2331,0.0800,14.4224
2026-05-09T13:05:30.033,3.2571,0.0800,14.4646
2026-05-09T13:05:30.047,3.2797,0.0800,14.5025
2026-05-09T13:05:30.061,3.3009,0.0800,14.5420
2026-05-09T13:05:30.075,3.3227,0.0800,14.5754
2026-05-09T13:05:30.089,3.3457,0.0800,14.6091
2026-05-09T13:05:30.103,3.3672,0.0800,14.6387
2026-05-09T13:05:30.117,3.3817,0.0800,14.6623
2026-05-09T13:05:30.131,3.3991,0.0800,14.6832
2026-05-09T13:05:30.144,3.4090,0.0800,14.7020
2026-05-09T13:05:30.159,3.4092,0.0800,14.7213
2026-05-09T13:05:30.173,3.4127,0.0800,14.7372
2026-05-09T13:05:30.187,3.4165,0.0800,14.7541
2026-05-09T13:05:30.201,3.4168,0.0800,14.7719
2026-05-09T13:05:30.215,3.4205,0.0800,14.7870
2026-05-09T13:05:30.230,3.4244,0.0800,14.8030
2026-05-09T13:05:30.244,3.4279,0.0800,14.8193
2026-05-09T13:05:30.257,3.4284,0.0800,14.8421
2026-05-09T13:05:30.272,3.4317,0.0800,14.8635
2026-05-09T13:05:30.286,3.4349,0.0800,14.8855
2026-05-09T13:05:30.299,3.4355,0.0800,14.9147
2026-05-09T13:05:30.313,3.4386,0.0800,14.9402
2026-05-09T13:05:30.326,3.4418,0.0800,14.9685
2026-05-09T13:05:30.341,3.4414,0.0800,14.9982
2026-05-09T13:05:30.355,3.4442,0.0800,15.0291
2026-05-09T13:05:30.369,3.4468,0.0800,15.0686
2026-05-09T13:05:30.383,3.4486,0.0800,15.1022
2026-05-09T13:05:30.396,3.4480,0.0800,15.1378
2026-05-09T13:05:30.410,3.4480,0.0800,15.1615
2026-05-09T13:05:30.424,3.4480,0.0800,15.1859
2026-05-09T13:05:30.439,3.4480,0.0800,15.2110
2026-05-09T13:05:30.453,3.4480,0.0800,15.2321
2026-05-09T13:05:30.466,3.4480,0.0800,15.2611
2026-05-09T13:05:30.480,3.4481,0.0800,15.2833
2026-05-09T13:05:30.495,3.4506,0.0800,15.3126
2026-05-09T13:05:30.509,3.4565,0.0800,15.3427
2026-05-09T13:05:30.523,3.4684,0.0800,15.3794
2026-05-09T13:05:30.537,3.4880,0.0800,15.4160
2026-05-09T13:05:30.551,3.5130,0.0800,15.4480
2026-05-09T13:05:30.564,3.5464,0.0800,15.4773
2026-05-09T13:05:30.579,3.5773,0.0800,15.5033
2026-05-09T13:05:30.592,3.6059,0.0800,15.5292
2026-05-09T13:05:30.606,3.6399,0.0800,15.5603
2026-05-09T13:05:30.620,3.6707,0.0800,15.5871
2026-05-09T13:05:30.634,3.7009,0.0800,15.6156
2026-05-09T13:05:30.648,3.7260,0.0800,15.6402
2026-05-09T13:05:30.662,3.7455,0.0800,15.6577
2026-05-09T13:05:30.676,3.7595,0.0800,15.6717
2026-05-09T13:05:30.690,3.7697,0.0800,15.6830
2026-05-09T13:05:30.704,3.7755,0.0800,15.6910
2026-05-09T13:05:30.718,3.7793,0.0800,15.6985
2026-05-09T13:05:30.731,3.7795,0.0800,15.7074
2026-05-09T13:05:30.745,3.7699,0.0800,15.7106
2026-05-09T13:05:30.758,3.7540,0.0800,15.7187
2026-05-09T13:05:30.773,3.7328,0.0800,15.7320
2026-05-09T13:05:30.786,3.7095,0.0800,15.7489
2026-05-09T13:05:30.800,3.6548,0.0800,15.7992
2026-05-09T13:05:30.814,3.6155,0.0800,15.8403
2026-05-09T13:05:30.828,3.5704,0.0800,15.9027
2026-05-09T13:05:30.841,3.5362,0.0800,15.9561
2026-05-09T13:05:30.856,3.4997,0.0800,16.0166
2026-05-09T13:05:30.869,3.4717,0.0800,16.0771
2026-05-09T13:05:30.883,3.4446,0.0800,16.1435
2026-05-09T13:05:30.896,3.4241,0.0800,16.2024
2026-05-09T13:05:30.910,3.4083,0.0800,16.2685
2026-05-09T13:05:30.923,3.3966,0.0800,16.3311
2026-05-09T13:05:30.937,3.3846,0.0800,16.4014
2026-05-09T13:05:30.952,3.3788,0.0800,16.4622
2026-05-09T13:05:30.965,3.3738,0.0800,16.5308
2026-05-09T13:05:30.979,3.3672,0.0800,16.6045
2026-05-09T13:05:30.994,3.3660,0.0800,16.6656
2026-05-09T13:05:31.009,3.3660,0.0800,16.7533
2026-05-09T13:05:31.023,3.3678,0.0800,16.8246
2026-05-09T13:05:31.037,3.3676,0.0800,16.8923
2026-05-09T13:05:31.052,3.3727,0.0800,16.9607
2026-05-09T13:05:31.067,3.3789,0.0800,17.0259
2026-05-09T13:05:31.086,3.3841,0.0800,17.0959
2026-05-09T13:05:31.107,3.3956,0.0800,17.1691
2026-05-09T13:05:31.133,3.4199,0.0800,17.2968
2026-05-09T13:05:31.152,3.4354,0.0800,17.3615
2026-05-09T13:05:31.170,3.4666,0.0800,17.4809
2026-05-09T13:05:31.187,3.4955,0.0800,17.5705
2026-05-09T13:05:31.202,3.5263,0.0800,17.6565
2026-05-09T13:05:31.219,3.5542,0.0800,17.7293
2026-05-09T13:05:31.238,3.5937,0.0800,17.8155
2026-05-09T13:05:31.254,3.6243,0.0800,17.8749
2026-05-09T13:05:31.270,3.6774,0.0800,17.9540
2026-05-09T13:05:31.291,3.7239,0.0800,18.0155
2026-05-09T13:05:31.312,3.7940,0.0800,18.0916
2026-05-09T13:05:31.332,3.8559,0.0800,18.1467
2026-05-09T13:05:31.351,3.9449,0.0800,18.2013
2026-05-09T13:05:31.370,4.0349,0.0800,18.2516
2026-05-09T13:05:31.385,4.1137,0.0800,18.2924
2026-05-09T13:05:31.401,4.2063,0.0800,18.3369
2026-05-09T13:05:31.417,4.2724,0.0800,18.3662
2026-05-09T13:05:31.437,4.3478,0.0800,18.3976
2026-05-09T13:05:31.460,4.4255,0.0800,18.4135
2026-05-09T13:05:31.482,4.5198,0.0800,18.4147
2026-05-09T13:05:31.503,4.6320,0.0800,18.4190
2026-05-09T13:05:31.520,4.7464,0.0800,18.4252
2026-05-09T13:05:31.537,4.8484,0.0800,18.4291
2026-05-09T13:05:31.555,4.9307,0.0800,18.4336
2026-05-09T13:05:31.573,5.0311,0.0800,18.4349
2026-05-09T13:05:31.591,5.1061,0.0800,18.4390
2026-05-09T13:05:31.612,5.2031,0.0800,18.4404
2026-05-09T13:05:31.633,5.2916,0.0800,18.4405
2026-05-09T13:05:31.652,5.3978,0.0800,18.4411
2026-05-09T13:05:31.669,5.5096,0.0800,18.4425
2026-05-09T13:05:31.685,5.5949,0.0800,18.4435
2026-05-09T13:05:31.702,5.6830,0.0800,18.4446
2026-05-09T13:05:31.719,5.7623,0.0800,18.4456
2026-05-09T13:05:31.739,5.8439,0.0800,18.4464
2026-05-09T13:05:31.761,5.9337,0.0800,18.4474
2026-05-09T13:05:31.783,6.0291,0.0800,18.4484
2026-05-09T13:05:31.801,6.1439,0.0800,18.4492
2026-05-09T13:05:31.819,6.2521,0.0800,18.4492
2026-05-09T13:05:31.836,6.3415,0.0800,18.4492
2026-05-09T13:05:31.855,6.4286,0.0800,18.4492
2026-05-09T13:05:31.872,6.5155,0.0800,18.4492
2026-05-09T13:05:31.891,6.6070,0.0800,18.4492
2026-05-09T13:05:31.908,6.6965,0.0800,18.4492
2026-05-09T13:05:31.924,6.7915,0.0800,18.4492
2026-05-09T13:05:31.941,6.8727,0.0800,18.4492
2026-05-09T13:05:31.958,6.9541,0.0800,18.4492
2026-05-09T13:05:31.977,7.0424,0.0800,18.4492
2026-05-09T13:05:31.993,7.1235,0.0800,18.4492
2026-05-09T13:05:32.009,7.2166,0.0800,18.4492
2026-05-09T13:05:32.026,7.2974,0.0800,18.4492
2026-05-09T13:05:32.042,7.3873,0.0800,18.4492
2026-05-09T13:05:32.057,7.4612,0.0800,18.4492
2026-05-09T13:05:32.073,7.5404,0.0800,18.4492
2026-05-09T13:05:32.088,7.6175,0.0800,18.4492
2026-05-09T13:05:32.103,7.6912,0.0800,18.4492
2026-05-09T13:05:32.117,7.7569,0.0800,18.4481
2026-05-09T13:05:32.132,7.8111,0.0800,18.4462
2026-05-09T13:05:32.145,7.8563,0.0800,18.4439
2026-05-09T13:05:32.159,7.8985,0.0800,18.4423
2026-05-09T13:05:32.178,7.9260,0.0800,18.4405
2026-05-09T13:05:32.196,7.8947,0.0800,18.4349
2026-05-09T13:05:32.211,7.8719,0.0800,18.4309
2026-05-09T13:05:32.227,7.8413,0.0800,18.4256
2026-05-09T13:05:32.242,7.8147,0.0800,18.4264
2026-05-09T13:05:32.256,7.7898,0.0800,18.4220
2026-05-09T13:05:32.271,7.7650,0.0800,18.4176
2026-05-09T13:05:32.285,7.7409,0.0800,18.4133
2026-05-09T13:05:32.301,7.7158,0.0800,18.4132
2026-05-09T13:05:32.318,7.6927,0.0800,18.4111
2026-05-09T13:05:32.336,7.6637,0.0800,18.4088
2026-05-09T13:05:32.351,7.6394,0.0800,18.4083
2026-05-09T13:05:32.365,7.6096,0.0800,18.4058
2026-05-09T13:05:32.380,7.5870,0.0800,18.4071
2026-05-09T13:05:32.395,7.5632,0.0800,18.4035
2026-05-09T13:05:32.412,7.5408,0.0800,18.4023
2026-05-09T13:05:32.429,7.5100,0.0800,18.3992
2026-05-09T13:05:32.445,7.4887,0.0800,18.4009
2026-05-09T13:05:32.461,7.4666,0.0800,18.3975
2026-05-09T13:05:32.477,7.4421,0.0800,18.3957
2026-05-09T13:05:32.493,7.4182,0.0800,18.3943
2026-05-09T13:05:32.510,7.3948,0.0800,18.3929
2026-05-09T13:05:32.527,7.3730,0.0800,18.3930
2026-05-09T13:05:32.543,7.3482,0.0800,18.3897
2026-05-09T13:05:32.558,7.3238,0.0800,18.3883
2026-05-09T13:05:32.573,7.3035,0.0800,18.3876
2026-05-09T13:05:32.588,7.2839,0.0800,18.3870
2026-05-09T13:05:32.604,7.2667,0.0800,18.3876
2026-05-09T13:05:32.621,7.2527,0.0800,18.3865
2026-05-09T13:05:32.638,7.2385,0.0800,18.3860
2026-05-09T13:05:32.654,7.2353,0.0800,18.3871
2026-05-09T13:05:32.668,7.2307,0.0800,18.3875
2026-05-09T13:05:32.684,7.2292,0.0800,18.3875
2026-05-09T13:05:33.270,7.2309,0.0800,18.3855
2026-05-09T13:05:33.285,7.2373,0.0800,18.3774
2026-05-09T13:05:33.299,7.2470,0.0800,18.3653
2026-05-09T13:05:33.313,7.2614,0.0800,18.3489
2026-05-09T13:05:33.328,7.2892,0.0800,18.3183
2026-05-09T13:05:33.343,7.3280,0.0800,18.2771
2026-05-09T13:05:33.358,7.3597,0.0800,18.2399
2026-05-09T13:05:33.373,7.3901,0.0800,18.2102
2026-05-09T13:05:33.387,7.4226,0.0800,18.1795
2026-05-09T13:05:33.405,7.4571,0.0800,18.1437
2026-05-09T13:05:33.420,7.4894,0.0800,18.1152
2026-05-09T13:05:33.435,7.5319,0.0800,18.0790
2026-05-09T13:05:33.449,7.5696,0.0800,18.0483
2026-05-09T13:05:33.462,7.6050,0.0800,18.0204
2026-05-09T13:05:33.476,7.6381,0.0800,17.9914
2026-05-09T13:05:33.490,7.6723,0.0800,17.9663
2026-05-09T13:05:33.504,7.7098,0.0800,17.9398
2026-05-09T13:05:33.520,7.7433,0.0800,17.9130
2026-05-09T13:05:33.535,7.7816,0.0800,17.8876
2026-05-09T13:05:33.550,7.8223,0.0800,17.8618
2026-05-09T13:05:33.565,7.8638,0.0800,17.8364
2026-05-09T13:05:33.589,7.9038,0.0800,17.8091
2026-05-09T13:05:33.603,7.9449,0.0800,17.7863
2026-05-09T13:05:33.617,8.0121,0.0800,17.7515
2026-05-09T13:05:33.631,8.0558,0.0800,17.7309
2026-05-09T13:05:33.644,8.1002,0.0800,17.7125
2026-05-09T13:05:33.659,8.1476,0.0800,17.6923
2026-05-09T13:05:33.672,8.1878,0.0800,17.6802
2026-05-09T13:05:33.687,8.2274,0.0800,17.6736
2026-05-09T13:05:33.700,8.2708,0.0800,17.6668
2026-05-09T13:05:33.714,8.3163,0.0800,17.6620
2026-05-09T13:05:33.728,8.3776,0.0800,17.6562
2026-05-09T13:05:33.742,8.4412,0.0800,17.6491
2026-05-09T13:05:33.756,8.5150,0.0800,17.6443
2026-05-09T13:05:33.771,8.5808,0.0800,17.6414
2026-05-09T13:05:33.785,8.6502,0.0800,17.6398
2026-05-09T13:05:33.798,8.7266,0.0800,17.6361
2026-05-09T13:05:33.813,8.7917,0.0800,17.6369
2026-05-09T13:05:33.826,8.8607,0.0800,17.6389
2026-05-09T13:05:33.841,8.9288,0.0800,17.6386
2026-05-09T13:05:33.855,8.9949,0.0800,17.6427
2026-05-09T13:05:33.869,9.0751,0.0800,17.6489
2026-05-09T13:05:33.883,9.1397,0.0800,17.6551
2026-05-09T13:05:33.896,9.2109,0.0800,17.6600
2026-05-09T13:05:33.911,9.2737,0.0800,17.6681
2026-05-09T13:05:33.924,9.3454,0.0800,17.6786
2026-05-09T13:05:33.939,9.4124,0.0800,17.6861
2026-05-09T13:05:33.953,9.4770,0.0800,17.6978
2026-05-09T13:05:33.966,9.5591,0.0800,17.7140
2026-05-09T13:05:33.980,9.6187,0.0800,17.7228
2026-05-09T13:05:33.993,9.6840,0.0800,17.7380
2026-05-09T13:05:34.007,9.7515,0.0800,17.7548
2026-05-09T13:05:34.021,9.8135,0.0800,17.7679
2026-05-09T13:05:34.035,9.8869,0.0800,17.7886
2026-05-09T13:05:34.049,9.9459,0.0800,17.8064
2026-05-09T13:05:34.062,10.0128,0.0800,17.8278
2026-05-09T13:05:34.077,10.0779,0.0800,17.8461
2026-05-09T13:05:34.090,10.1395,0.0800,17.8680
2026-05-09T13:05:34.104,10.2093,0.0800,17.8941
2026-05-09T13:05:34.118,10.2700,0.0800,17.9141
2026-05-09T13:05:34.132,10.3356,0.0800,17.9406
2026-05-09T13:05:34.145,10.3972,0.0800,17.9661
2026-05-09T13:05:34.160,10.4514,0.0800,17.9863
2026-05-09T13:05:34.173,10.4931,0.0800,18.0054
2026-05-09T13:05:34.187,10.5287,0.0800,18.0197
2026-05-09T13:05:34.201,10.5510,0.0800,18.0267
2026-05-09T13:05:34.215,10.5647,0.0800,18.0320
2026-05-09T13:05:34.228,10.5687,0.0800,18.0336
2026-05-09T13:05:34.244,10.5700,0.0800,18.0341
2026-05-09T13:05:34.396,10.5670,0.0800,18.0338
2026-05-09T13:05:34.410,10.5509,0.0800,18.0305
2026-05-09T13:05:34.423,10.5227,0.0800,18.0248
2026-05-09T13:05:34.437,10.4902,0.0800,18.0219
2026-05-09T13:05:34.452,10.4630,0.0800,18.0173
2026-05-09T13:05:34.464,10.4314,0.0800,18.0125
2026-05-09T13:05:34.479,10.3978,0.0800,18.0119
2026-05-09T13:05:34.493,10.3702,0.0800,18.0088
2026-05-09T13:05:34.506,10.3379,0.0800,18.0058
2026-05-09T13:05:34.521,10.3047,0.0800,18.0072
2026-05-09T13:05:34.534,10.2752,0.0800,18.0057
2026-05-09T13:05:34.548,10.2439,0.0800,18.0046
2026-05-09T13:05:34.562,10.2118,0.0800,18.0078
2026-05-09T13:05:34.577,10.1828,0.0800,18.0080
2026-05-09T13:05:34.590,10.1505,0.0800,18.0087
2026-05-09T13:05:34.603,10.1187,0.0800,18.0101
2026-05-09T13:05:34.618,10.0906,0.0800,18.0157
2026-05-09T13:05:34.632,10.0609,0.0800,18.0181
2026-05-09T13:05:34.645,10.0280,0.0800,18.0214
2026-05-09T13:05:34.660,9.9961,0.0800,18.0292
2026-05-09T13:05:34.674,9.9688,0.0800,18.0331
2026-05-09T13:05:34.687,9.9373,0.0800,18.0382
2026-05-09T13:05:34.701,9.9047,0.0800,18.0479
2026-05-09T13:05:34.716,9.8778,0.0800,18.0533
2026-05-09T13:05:34.729,9.8473,0.0800,18.0601
2026-05-09T13:05:34.744,9.8165,0.0800,18.0675
2026-05-09T13:05:34.756,9.7881,0.0800,18.0789
2026-05-09T13:05:34.772,9.7561,0.0800,18.0879
2026-05-09T13:05:34.785,9.7310,0.0800,18.0956
2026-05-09T13:05:34.799,9.6972,0.0800,18.1098
2026-05-09T13:05:34.813,9.6702,0.0800,18.1193
2026-05-09T13:05:34.826,9.6410,0.0800,18.1301
2026-05-09T13:05:34.841,9.6131,0.0800,18.1450
2026-05-09T13:05:34.855,9.5887,0.0800,18.1551
2026-05-09T13:05:34.869,9.5552,0.0800,18.1696
2026-05-09T13:05:34.883,9.5302,0.0800,18.1812
2026-05-09T13:05:34.896,9.5038,0.0800,18.1975
2026-05-09T13:05:34.910,9.4770,0.0800,18.2111
2026-05-09T13:05:34.923,9.4498,0.0800,18.2256
2026-05-09T13:05:34.938,9.4250,0.0800,18.2436
2026-05-09T13:05:34.952,9.4017,0.0800,18.2571
2026-05-09T13:05:34.965,9.3743,0.0800,18.2736
2026-05-09T13:05:34.980,9.3504,0.0800,18.2934
2026-05-09T13:05:34.993,9.3265,0.0800,18.3090
2026-05-09T13:05:35.007,9.3023,0.0800,18.3255
2026-05-09T13:05:35.021,9.2824,0.0800,18.3443
2026-05-09T13:05:35.035,9.2568,0.0800,18.3631
2026-05-09T13:05:35.048,9.2365,0.0800,18.3792
2026-05-09T13:05:35.063,9.2175,0.0800,18.4016
2026-05-09T13:05:35.078,9.1994,0.0800,18.4216
2026-05-09T13:05:35.090,9.1816,0.0800,18.4461
2026-05-09T13:05:35.103,9.2143,0.0800,18.4216
2026-05-09T13:05:35.118,9.2496,0.0800,18.4004
2026-05-09T13:05:35.132,9.3055,0.0800,18.3604
2026-05-09T13:05:35.145,9.3628,0.0800,18.3181
2026-05-09T13:05:35.159,9.4222,0.0800,18.2773
2026-05-09T13:05:35.173,9.4731,0.0800,18.2364
2026-05-09T13:05:35.186,9.5281,0.0800,18.1907
2026-05-09T13:05:35.201,9.5814,0.0800,18.1499
2026-05-09T13:05:35.215,9.6326,0.0800,18.1039
2026-05-09T13:05:35.228,9.6861,0.0800,18.0539
2026-05-09T13:05:35.243,9.7381,0.0800,18.0091
2026-05-09T13:05:35.257,9.7873,0.0800,17.9594
2026-05-09T13:05:35.271,9.8383,0.0800,17.9060
2026-05-09T13:05:35.284,9.8847,0.0800,17.8554
2026-05-09T13:05:35.298,9.9346,0.0800,17.8047
2026-05-09T13:05:35.311,9.9762,0.0800,17.7560
2026-05-09T13:05:35.325,10.0231,0.0800,17.6992
2026-05-09T13:05:35.339,10.0670,0.0800,17.6507
2026-05-09T13:05:35.353,10.1081,0.0800,17.5972
2026-05-09T13:05:35.366,10.1511,0.0800,17.5392
2026-05-09T13:05:35.380,10.1936,0.0800,17.4871
2026-05-09T13:05:35.394,10.2325,0.0800,17.4303
2026-05-09T13:05:35.409,10.2716,0.0800,17.3709
2026-05-09T13:05:35.423,10.3126,0.0800,17.3142
2026-05-09T13:05:35.437,10.3519,0.0800,17.2520
2026-05-09T13:05:35.451,10.3896,0.0800,17.1909
2026-05-09T13:05:35.464,10.4269,0.0800,17.1289
2026-05-09T13:05:35.478,10.4615,0.0800,17.0746
2026-05-09T13:05:35.492,10.5088,0.0800,16.9918
2026-05-09T13:05:35.505,10.5411,0.0800,16.9330
2026-05-09T13:05:35.518,10.5751,0.0800,16.8695
2026-05-09T13:05:35.533,10.6087,0.0800,16.8096
2026-05-09T13:05:35.547,10.6399,0.0800,16.7469
2026-05-09T13:05:35.562,10.6705,0.0800,16.6826
2026-05-09T13:05:35.578,10.7002,0.0800,16.6230
2026-05-09T13:05:35.594,10.7298,0.0800,16.5525
2026-05-09T13:05:35.609,10.7526,0.0800,16.4944
2026-05-09T13:05:35.625,10.7811,0.0800,16.4281
2026-05-09T13:05:35.641,10.8070,0.0800,16.3537
2026-05-09T13:05:35.655,10.8305,0.0800,16.2814
2026-05-09T13:05:35.671,10.8535,0.0800,16.2044
2026-05-09T13:05:35.684,10.8725,0.0800,16.1351
2026-05-09T13:05:35.699,10.8955,0.0800,16.0599
2026-05-09T13:05:35.712,10.9103,0.0800,15.9946
2026-05-09T13:05:35.727,10.9252,0.0800,15.9231
2026-05-09T13:05:35.741,10.9414,0.0800,15.8578
2026-05-09T13:05:35.756,10.9531,0.0800,15.7863
2026-05-09T13:05:35.772,10.9638,0.0800,15.7110
2026-05-09T13:05:35.786,10.9725,0.0800,15.6375
2026-05-09T13:05:35.802,10.9839,0.0800,15.5611
2026-05-09T13:05:35.816,10.9890,0.0800,15.4865
2026-05-09T13:05:35.831,10.9929,0.0800,15.4050
2026-05-09T13:05:35.845,10.9945,0.0800,15.3373
2026-05-09T13:05:35.859,10.9985,0.0800,15.2621
2026-05-09T13:05:35.874,10.9973,0.0800,15.1932
2026-05-09T13:05:35.889,10.9946,0.0800,15.1203
2026-05-09T13:05:35.903,10.9899,0.0800,15.0400
2026-05-09T13:05:35.919,10.9888,0.0800,14.9720
2026-05-09T13:05:35.934,10.9816,0.0800,14.9006
2026-05-09T13:05:35.950,10.9721,0.0800,14.8227
2026-05-09T13:05:35.966,10.9653,0.0800,14.7456
2026-05-09T13:05:35.980,10.9527,0.0800,14.6708
2026-05-09T13:05:35.994,10.9361,0.0800,14.5842
2026-05-09T13:05:36.009,10.9222,0.0800,14.5201
2026-05-09T13:05:36.023,10.9012,0.0800,14.4327
2026-05-09T13:05:36.037,10.8883,0.0800,14.3657
2026-05-09T13:05:36.051,10.8697,0.0800,14.3016
2026-05-09T13:05:36.066,10.8461,0.0800,14.2257
2026-05-09T13:05:36.080,10.8315,0.0800,14.1690
2026-05-09T13:05:36.095,10.8041,0.0800,14.0928
2026-05-09T13:05:36.110,10.7813,0.0800,14.0345
2026-05-09T13:05:36.123,10.7526,0.0800,13.9646
2026-05-09T13:05:36.138,10.7262,0.0800,13.8937
2026-05-09T13:05:36.153,10.6982,0.0800,13.8335
2026-05-09T13:05:36.168,10.6635,0.0800,13.7625
2026-05-09T13:05:36.183,10.6358,0.0800,13.6998
2026-05-09T13:05:36.197,10.6001,0.0800,13.6343
2026-05-09T13:05:36.211,10.5645,0.0800,13.5737
2026-05-09T13:05:36.225,10.5301,0.0800,13.5194
2026-05-09T13:05:36.239,10.5027,0.0800,13.4715
2026-05-09T13:05:36.253,10.4763,0.0800,13.4357
2026-05-09T13:05:36.269,10.4518,0.0800,13.4046
2026-05-09T13:05:36.284,10.4796,0.0800,13.4185
2026-05-09T13:05:36.298,10.5078,0.0800,13.4381
2026-05-09T13:05:36.311,10.5299,0.0800,13.4552
2026-05-09T13:05:36.325,10.5529,0.0800,13.4750
2026-05-09T13:05:36.339,10.5771,0.0800,13.4908
2026-05-09T13:05:36.353,10.5980,0.0800,13.5085
2026-05-09T13:05:36.367,10.6212,0.0800,13.5274
2026-05-09T13:05:36.383,10.6479,0.0800,13.5435
2026-05-09T13:05:36.398,10.6713,0.0800,13.5611
2026-05-09T13:05:36.412,10.6974,0.0800,13.5798
2026-05-09T13:05:36.425,10.7237,0.0800,13.5979
2026-05-09T13:05:36.439,10.7525,0.0800,13.6119
2026-05-09T13:05:36.453,10.7780,0.0800,13.6279
2026-05-09T13:05:36.467,10.8037,0.0800,13.6433
2026-05-09T13:05:36.480,10.8260,0.0800,13.6560
2026-05-09T13:05:36.495,10.8544,0.0800,13.6678
2026-05-09T13:05:36.509,10.8795,0.0800,13.6809
2026-05-09T13:05:36.523,10.9055,0.0800,13.6938
2026-05-09T13:05:36.537,10.9343,0.0800,13.7034
2026-05-09T13:05:36.551,10.9576,0.0800,13.7140
2026-05-09T13:05:36.566,10.9804,0.0800,13.7245
2026-05-09T13:05:36.580,11.0009,0.0800,13.7297
2026-05-09T13:05:36.594,11.0172,0.0800,13.7379
2026-05-09T13:05:36.607,11.0252,0.0800,13.7432
2026-05-09T13:05:36.630,11.0320,0.0800,13.7449
2026-05-09T13:05:36.644,11.0181,0.0800,13.7417
2026-05-09T13:05:36.658,10.9831,0.0800,13.7297
2026-05-09T13:05:36.671,10.9523,0.0800,13.7164
2026-05-09T13:05:36.685,10.8996,0.0800,13.6876
2026-05-09T13:05:36.700,10.8435,0.0800,13.6520
2026-05-09T13:05:36.714,10.7827,0.0800,13.6180
2026-05-09T13:05:36.727,10.7164,0.0800,13.5822
2026-05-09T13:05:36.741,10.6584,0.0800,13.5481
2026-05-09T13:05:36.755,10.5964,0.0800,13.5172
2026-05-09T13:05:36.769,10.5339,0.0800,13.4873
2026-05-09T13:05:36.783,10.4703,0.0800,13.4581
2026-05-09T13:05:36.797,10.4070,0.0800,13.4266
2026-05-09T13:05:36.811,10.3441,0.0800,13.3995
2026-05-09T13:05:36.824,10.2762,0.0800,13.3711
2026-05-09T13:05:36.838,10.2152,0.0800,13.3435
2026-05-09T13:05:36.852,10.1537,0.0800,13.3190
2026-05-09T13:05:36.866,10.0910,0.0800,13.2945
2026-05-09T13:05:36.880,10.0264,0.0800,13.2675
2026-05-09T13:05:36.894,9.9585,0.0800,13.2412
2026-05-09T13:05:36.908,9.8952,0.0800,13.2158
2026-05-09T13:05:36.922,9.8311,0.0800,13.1901
2026-05-09T13:05:36.935,9.7681,0.0800,13.1649
2026-05-09T13:05:36.949,9.7032,0.0800,13.1388
2026-05-09T13:05:36.964,9.6411,0.0800,13.1139
2026-05-09T13:05:36.978,9.5785,0.0800,13.0887
2026-05-09T13:05:36.991,9.5038,0.0800,13.0587
2026-05-09T13:05:37.005,9.4451,0.0800,13.0351
2026-05-09T13:05:37.019,9.3817,0.0800,13.0094
2026-05-09T13:05:37.033,9.3197,0.0800,12.9838
2026-05-09T13:05:37.047,9.2573,0.0800,12.9552
2026-05-09T13:05:37.061,9.1888,0.0800,12.9229
2026-05-09T13:05:37.075,9.1300,0.0800,12.8935
2026-05-09T13:05:37.089,9.0651,0.0800,12.8608
2026-05-09T13:05:37.103,9.0041,0.0800,12.8298
2026-05-09T13:05:37.117,8.9414,0.0800,12.7981
2026-05-09T13:05:37.130,8.8810,0.0800,12.7675
2026-05-09T13:05:37.144,8.8210,0.0800,12.7371
2026-05-09T13:05:37.158,8.7584,0.0800,12.7054
2026-05-09T13:05:37.173,8.6954,0.0800,12.6735
2026-05-09T13:05:37.186,8.6343,0.0800,12.6426
2026-05-09T13:05:37.201,8.5677,0.0800,12.6105
2026-05-09T13:05:37.215,8.5070,0.0800,12.5888
2026-05-09T13:05:37.228,8.4339,0.0800,12.5692
2026-05-09T13:05:37.242,8.3710,0.0800,12.5536
2026-05-09T13:05:37.256,8.3030,0.0800,12.5395
2026-05-09T13:05:37.270,8.2364,0.0800,12.5315
2026-05-09T13:05:37.283,8.1638,0.0800,12.5307
2026-05-09T13:05:37.297,8.0969,0.0800,12.5448
2026-05-09T13:05:37.312,8.0315,0.0800,12.5628
2026-05-09T13:05:37.324,7.9639,0.0800,12.5840
2026-05-09T13:05:37.339,7.8982,0.0800,12.6085
2026-05-09T13:05:37.353,7.8390,0.0800,12.6324
2026-05-09T13:05:37.366,7.7705,0.0800,12.6643
2026-05-09T13:05:37.380,7.7129,0.0800,12.6923
2026-05-09T13:05:37.395,7.6493,0.0800,12.7259
2026-05-09T13:05:37.407,7.5872,0.0800,12.7617
2026-05-09T13:05:37.423,7.5230,0.0800,12.7989
2026-05-09T13:05:37.439,7.4647,0.0800,12.8364
2026-05-09T13:05:37.464,7.3981,0.0800,12.8811
2026-05-09T13:05:37.478,7.3260,0.0800,12.9317
2026-05-09T13:05:37.491,7.2224,0.0800,13.0081
2026-05-09T13:05:37.505,7.1650,0.0800,13.0534
2026-05-09T13:05:37.520,7.1151,0.0800,13.0896
2026-05-09T13:05:37.534,7.0525,0.0800,13.1379
2026-05-09T13:05:37.547,6.9936,0.0800,13.1799
2026-05-09T13:05:37.567,6.9309,0.0800,13.2194
2026-05-09T13:05:37.831,6.8743,0.0800,13.2522
2026-05-09T13:05:37.843,6.8412,0.0800,13.2205
2026-05-09T13:05:38.608,6.8481,0.0800,13.2180
2026-05-09T13:05:38.632,6.8615,0.0800,13.2131
2026-05-09T13:05:38.659,6.8926,0.0800,13.2049
2026-05-09T13:05:38.686,6.9438,0.0800,13.1910
2026-05-09T13:05:38.713,7.0039,0.0800,13.1727
2026-05-09T13:05:38.749,7.0636,0.0800,13.1522
2026-05-09T13:05:38.780,7.1095,0.0800,13.1343
2026-05-09T13:05:38.811,7.1359,0.0800,13.1228
2026-05-09T13:05:38.840,7.1389,0.0800,13.1212
2026-05-09T13:05:44.885,7.1471,0.0800,13.1138
2026-05-09T13:05:44.901,7.1601,0.0800,13.1021
2026-05-09T13:05:44.915,7.1813,0.0800,13.0841
2026-05-09T13:05:44.930,7.2299,0.0800,13.0430
2026-05-09T13:05:44.944,7.2717,0.0800,13.0069
2026-05-09T13:05:44.958,7.3144,0.0800,12.9665
2026-05-09T13:05:44.971,7.3520,0.0800,12.9323
2026-05-09T13:05:44.984,7.3902,0.0800,12.8968
2026-05-09T13:05:44.999,7.4281,0.0800,12.8580
2026-05-09T13:05:45.013,7.4640,0.0800,12.8230
2026-05-09T13:05:45.026,7.5041,0.0800,12.7830
2026-05-09T13:05:45.042,7.5397,0.0800,12.7433
2026-05-09T13:05:45.056,7.5738,0.0800,12.7074
2026-05-09T13:05:45.070,7.6153,0.0800,12.6625
2026-05-09T13:05:45.088,7.6496,0.0800,12.6243
2026-05-09T13:05:45.102,7.6846,0.0800,12.5814
2026-05-09T13:05:45.116,7.7292,0.0800,12.5290
2026-05-09T13:05:45.130,7.7598,0.0800,12.4917
2026-05-09T13:05:45.144,7.7958,0.0800,12.4467
2026-05-09T13:05:45.158,7.8275,0.0800,12.4024
2026-05-09T13:05:45.173,7.8579,0.0800,12.3620
2026-05-09T13:05:45.187,7.8906,0.0800,12.3174
2026-05-09T13:05:45.200,7.9265,0.0800,12.2669
2026-05-09T13:05:45.214,7.9519,0.0800,12.2256
2026-05-09T13:05:45.228,7.9795,0.0800,12.1843
2026-05-09T13:05:45.243,8.0060,0.0800,12.1399
2026-05-09T13:05:45.257,8.0345,0.0800,12.1222
2026-05-09T13:05:45.272,8.0654,0.0800,12.1231
2026-05-09T13:05:45.283,8.0929,0.0800,12.1235
2026-05-09T13:05:45.297,8.1187,0.0800,12.1234
2026-05-09T13:05:45.311,8.1380,0.0800,12.1237
2026-05-09T13:05:45.327,8.1640,0.0800,12.1249
2026-05-09T13:05:45.340,8.1870,0.0800,12.1248
2026-05-09T13:05:45.354,8.2135,0.0800,12.1261
2026-05-09T13:05:45.367,8.2358,0.0800,12.1262
2026-05-09T13:05:45.381,8.2570,0.0800,12.1266
2026-05-09T13:05:45.396,8.2746,0.0800,12.1263
2026-05-09T13:05:45.411,8.2960,0.0800,12.1276
2026-05-09T13:05:45.423,8.3167,0.0800,12.1281
2026-05-09T13:05:45.438,8.3353,0.0800,12.1282
2026-05-09T13:05:45.452,8.3510,0.0800,12.1285
2026-05-09T13:05:45.467,8.3691,0.0800,12.1296
2026-05-09T13:05:45.480,8.3821,0.0800,12.1291
2026-05-09T13:05:45.494,8.3977,0.0800,12.1303
2026-05-09T13:05:45.507,8.4101,0.0800,12.1301
2026-05-09T13:05:45.522,8.4244,0.0800,12.1311
2026-05-09T13:05:45.534,8.4334,0.0800,12.1305
2026-05-09T13:05:45.548,8.4454,0.0800,12.1316
2026-05-09T13:05:45.563,8.4519,0.0800,12.1308
2026-05-09T13:05:45.578,8.4615,0.0800,12.1320
2026-05-09T13:05:45.591,8.4708,0.0800,12.1325
2026-05-09T13:05:45.606,8.4794,0.0800,12.1329
2026-05-09T13:05:45.618,8.4831,0.0800,12.1321
2026-05-09T13:05:45.633,8.4907,0.0800,12.1333
2026-05-09T13:05:45.645,8.4948,0.0800,12.1320
2026-05-09T13:05:45.661,8.4992,0.0800,12.1334
2026-05-09T13:05:45.674,8.5030,0.0800,12.1325
2026-05-09T13:05:45.688,8.5076,0.0800,12.1335
2026-05-09T13:05:45.701,8.5104,0.0800,12.1331
2026-05-09T13:05:45.717,8.5102,0.0800,12.1328
2026-05-09T13:05:45.730,8.5130,0.0800,12.1330
2026-05-09T13:05:45.744,8.5153,0.0800,12.1335
2026-05-09T13:05:45.757,8.5144,0.0800,12.1324
2026-05-09T13:05:45.772,8.5167,0.0800,12.1321
2026-05-09T13:05:45.784,8.5182,0.0800,12.1313
2026-05-09T13:05:45.800,8.5179,0.0800,12.1337
2026-05-09T13:05:45.812,8.5182,0.0800,12.1367
2026-05-09T13:05:45.827,8.5188,0.0800,12.1425
2026-05-09T13:05:45.841,8.5195,0.0800,12.1496
2026-05-09T13:05:45.854,8.5212,0.0800,12.1675
2026-05-09T13:05:45.869,8.5240,0.0800,12.1964
2026-05-09T13:05:45.884,8.5272,0.0800,12.2312
2026-05-09T13:05:45.896,8.5329,0.0800,12.2922
2026-05-09T13:05:45.911,8.5402,0.0800,12.3640
2026-05-09T13:05:45.925,8.5465,0.0800,12.4234
2026-05-09T13:05:45.938,8.5538,0.0800,12.4965
2026-05-09T13:05:45.951,8.5613,0.0800,12.5621
2026-05-09T13:05:45.966,8.5694,0.0800,12.6300
2026-05-09T13:05:45.980,8.5756,0.0800,12.6875
2026-05-09T13:05:45.994,8.5851,0.0800,12.7623
2026-05-09T13:05:46.006,8.5940,0.0800,12.8299
2026-05-09T13:05:46.023,8.6023,0.0800,12.8965
2026-05-09T13:05:46.036,8.6112,0.0800,12.9592
2026-05-09T13:05:46.050,8.6230,0.0800,13.0408
2026-05-09T13:05:46.062,8.6321,0.0800,13.1008
2026-05-09T13:05:46.076,8.6421,0.0800,13.1692
2026-05-09T13:05:46.092,8.6511,0.0800,13.2257
2026-05-09T13:05:46.107,8.6632,0.0800,13.2994
2026-05-09T13:05:46.118,8.6751,0.0800,13.3753
2026-05-09T13:05:46.133,8.6874,0.0800,13.4459
2026-05-09T13:05:46.147,8.6972,0.0800,13.5005
2026-05-09T13:05:46.162,8.7101,0.0800,13.5746
2026-05-09T13:05:46.176,8.7219,0.0800,13.6380
2026-05-09T13:05:46.189,8.7368,0.0800,13.7163
2026-05-09T13:05:46.201,8.7494,0.0800,13.7808
2026-05-09T13:05:46.218,8.7605,0.0800,13.8397
2026-05-09T13:05:46.231,8.7729,0.0800,13.9012
2026-05-09T13:05:46.244,8.7901,0.0800,13.9844
2026-05-09T13:05:46.258,8.8027,0.0800,14.0484
2026-05-09T13:05:46.273,8.8156,0.0800,14.1086
2026-05-09T13:05:46.285,8.8298,0.0800,14.1741
2026-05-09T13:05:46.300,8.8449,0.0800,14.2491
2026-05-09T13:05:46.312,8.8561,0.0800,14.3027
2026-05-09T13:05:46.327,8.8716,0.0800,14.3771
2026-05-09T13:05:46.341,8.8839,0.0800,14.4368
2026-05-09T13:05:46.357,8.8990,0.0800,14.5103
2026-05-09T13:05:46.369,8.9140,0.0800,14.5842
2026-05-09T13:05:46.383,8.9291,0.0800,14.6593
2026-05-09T13:05:46.396,8.9402,0.0800,14.7144
2026-05-09T13:05:46.411,8.9519,0.0800,14.7787
2026-05-09T13:05:46.423,8.9624,0.0800,14.8401
2026-05-09T13:05:46.438,8.9745,0.0800,14.9082
2026-05-09T13:05:46.451,8.9824,0.0800,14.9613
2026-05-09T13:05:46.465,8.9918,0.0800,15.0285
2026-05-09T13:05:46.479,9.0007,0.0800,15.0861
2026-05-09T13:05:46.495,9.0078,0.0800,15.1463
2026-05-09T13:05:46.509,9.0145,0.0800,15.2094
2026-05-09T13:05:46.524,9.0215,0.0800,15.2828
2026-05-09T13:05:46.537,9.0281,0.0800,15.3439
2026-05-09T13:05:46.550,9.0320,0.0800,15.4036
2026-05-09T13:05:46.563,9.0349,0.0800,15.4594
2026-05-09T13:05:46.576,9.0388,0.0800,15.5143
2026-05-09T13:05:46.591,9.0404,0.0800,15.5694
2026-05-09T13:05:46.607,9.0412,0.0800,15.6236
2026-05-09T13:05:46.620,9.0432,0.0800,15.6853
2026-05-09T13:05:46.635,9.0425,0.0800,15.7564
2026-05-09T13:05:46.647,9.0413,0.0800,15.8050
2026-05-09T13:05:46.661,9.0391,0.0800,15.8654
2026-05-09T13:05:46.674,9.0388,0.0800,15.9148
2026-05-09T13:05:46.688,9.0354,0.0800,15.9733
2026-05-09T13:05:46.701,9.0314,0.0800,16.0290
2026-05-09T13:05:46.716,9.0287,0.0800,16.0849
2026-05-09T13:05:46.730,9.0236,0.0800,16.1382
2026-05-09T13:05:46.744,9.0173,0.0800,16.1967
2026-05-09T13:05:46.758,9.0117,0.0800,16.2604
2026-05-09T13:05:46.771,9.0048,0.0800,16.3124
2026-05-09T13:05:46.785,8.9968,0.0800,16.3676
2026-05-09T13:05:46.799,8.9895,0.0800,16.4265
2026-05-09T13:05:46.813,8.9803,0.0800,16.4805
2026-05-09T13:05:46.826,8.9694,0.0800,16.5402
2026-05-09T13:05:46.840,8.9610,0.0800,16.5949
2026-05-09T13:05:46.854,8.9494,0.0800,16.6524
2026-05-09T13:05:46.868,8.9391,0.0800,16.7019
2026-05-09T13:05:46.882,8.9281,0.0800,16.7532
2026-05-09T13:05:46.897,8.9221,0.0800,16.7863
2026-05-09T13:05:46.911,8.9180,0.0800,16.8069
2026-05-09T13:05:46.925,8.9160,0.0800,16.8164
2026-05-09T13:05:46.939,8.9152,0.0800,16.8204
2026-05-09T13:05:46.953,8.9150,0.0800,16.8217
2026-05-09T13:05:47.050,8.9147,0.0800,16.8228
2026-05-09T13:05:47.064,8.9143,0.0800,16.8250
2026-05-09T13:05:47.079,8.9136,0.0800,16.8326
2026-05-09T13:05:47.093,8.9125,0.0800,16.8445
2026-05-09T13:05:47.107,8.9113,0.0800,16.8625
2026-05-09T13:05:47.121,8.9084,0.0800,16.8806
2026-05-09T13:05:47.135,8.9076,0.0800,16.9000
2026-05-09T13:05:47.149,8.9070,0.0800,16.9219
2026-05-09T13:05:47.163,8.9067,0.0800,16.9448
2026-05-09T13:05:47.178,8.9045,0.0800,16.9643
2026-05-09T13:05:47.192,8.9050,0.0800,16.9888
2026-05-09T13:05:47.207,8.9059,0.0800,17.0125
2026-05-09T13:05:47.222,8.9046,0.0800,17.0337
2026-05-09T13:05:47.237,8.9065,0.0800,17.0589
2026-05-09T13:05:47.251,8.9086,0.0800,17.0826
2026-05-09T13:05:47.265,8.9113,0.0800,17.1073
2026-05-09T13:05:47.279,8.9114,0.0800,17.1281
2026-05-09T13:05:47.293,8.9147,0.0800,17.1512
2026-05-09T13:05:47.306,8.9186,0.0800,17.1748
2026-05-09T13:05:47.320,8.9196,0.0800,17.1947
2026-05-09T13:05:47.335,8.9242,0.0800,17.2181
2026-05-09T13:05:47.349,8.9286,0.0800,17.2396
2026-05-09T13:05:47.363,8.9341,0.0800,17.2654
2026-05-09T13:05:47.378,8.9372,0.0800,17.2899
2026-05-09T13:05:47.392,8.9434,0.0800,17.3171
2026-05-09T13:05:47.405,8.9495,0.0800,17.3425
2026-05-09T13:05:47.419,8.9514,0.0800,17.3592
2026-05-09T13:05:47.439,8.9550,0.0800,17.3747
2026-05-09T13:05:47.452,8.9572,0.0800,17.3874
2026-05-09T13:05:47.466,8.9605,0.0800,17.4063
2026-05-09T13:05:47.480,8.9624,0.0800,17.4172
2026-05-09T13:05:47.495,8.9647,0.0800,17.4306
2026-05-09T13:05:47.508,8.9677,0.0800,17.4479
2026-05-09T13:05:47.522,8.9710,0.0800,17.4673
2026-05-09T13:05:47.537,8.9740,0.0800,17.4847
2026-05-09T13:05:47.550,8.9789,0.0800,17.5138
2026-05-09T13:05:47.563,8.9844,0.0800,17.5513
2026-05-09T13:05:47.578,8.9920,0.0800,17.5999
2026-05-09T13:05:47.592,8.9995,0.0800,17.6566
2026-05-09T13:05:47.606,9.0072,0.0800,17.7213
2026-05-09T13:05:47.620,9.0149,0.0800,17.7779
2026-05-09T13:05:47.634,9.0204,0.0800,17.8396
2026-05-09T13:05:47.648,9.0243,0.0800,17.8916
2026-05-09T13:05:47.661,9.0281,0.0800,17.9498
2026-05-09T13:05:47.675,9.0329,0.0800,18.0039
2026-05-09T13:05:47.690,9.0351,0.0800,18.0604
2026-05-09T13:05:47.703,9.0365,0.0800,18.1160
2026-05-09T13:05:47.718,9.0394,0.0800,18.1752
2026-05-09T13:05:47.731,9.0394,0.0800,18.2290
2026-05-09T13:05:47.745,9.0388,0.0800,18.2854
2026-05-09T13:05:47.759,9.0394,0.0800,18.3462
2026-05-09T13:05:47.773,9.0374,0.0800,18.3990
2026-05-09T13:05:47.786,9.0346,0.0800,18.4561
2026-05-09T13:05:47.801,9.0333,0.0800,18.5117
2026-05-09T13:05:47.814,9.0293,0.0800,18.5649
2026-05-09T13:05:47.828,9.0242,0.0800,18.6238
2026-05-09T13:05:47.842,9.0210,0.0800,18.6776
2026-05-09T13:05:47.856,9.0147,0.0800,18.7342
2026-05-09T13:05:47.870,9.0078,0.0800,18.7893
2026-05-09T13:05:47.884,9.0003,0.0800,18.8442
2026-05-09T13:05:47.900,8.9934,0.0800,18.9042
2026-05-09T13:05:47.914,8.9846,0.0800,18.9579
2026-05-09T13:05:47.928,8.9737,0.0800,19.0195
2026-05-09T13:05:47.943,8.9650,0.0800,19.0774
2026-05-09T13:05:47.957,8.9532,0.0800,19.1348
2026-05-09T13:05:47.972,8.9403,0.0800,19.1938
2026-05-09T13:05:47.986,8.9278,0.0800,19.2471
2026-05-09T13:05:48.002,8.9153,0.0800,19.3062
2026-05-09T13:05:48.017,8.9007,0.0800,19.3620
2026-05-09T13:05:48.034,8.8842,0.0800,19.4214
2026-05-09T13:05:48.050,8.8675,0.0800,19.4786
2026-05-09T13:05:48.066,8.8469,0.0800,19.5455
2026-05-09T13:05:48.082,8.8295,0.0800,19.6074
2026-05-09T13:05:48.096,8.8082,0.0800,19.6695
2026-05-09T13:05:48.110,8.7878,0.0800,19.7257
2026-05-09T13:05:48.125,8.7670,0.0800,19.7803
2026-05-09T13:05:48.142,8.7485,0.0800,19.8333
2026-05-09T13:05:48.157,8.7268,0.0800,19.8858
2026-05-09T13:05:48.173,8.7014,0.0800,19.9445
2026-05-09T13:05:48.188,8.6786,0.0800,19.9949
2026-05-09T13:05:48.204,8.6521,0.0800,20.0567
2026-05-09T13:05:48.219,8.6274,0.0800,20.1068
2026-05-09T13:05:48.234,8.5980,0.0800,20.1639
2026-05-09T13:05:48.249,8.5738,0.0800,20.2092
2026-05-09T13:05:48.265,8.5468,0.0800,20.2627
2026-05-09T13:05:48.280,8.5191,0.0800,20.3109
2026-05-09T13:05:48.294,8.4863,0.0800,20.3660
2026-05-09T13:05:48.308,8.4587,0.0800,20.4106
2026-05-09T13:05:48.323,8.4308,0.0800,20.4587
2026-05-09T13:05:48.338,8.4014,0.0800,20.5032
2026-05-09T13:05:48.354,8.3709,0.0800,20.5479
2026-05-09T13:05:48.371,8.3369,0.0800,20.5962
2026-05-09T13:05:48.388,8.3032,0.0800,20.6470
2026-05-09T13:05:48.404,8.2619,0.0800,20.7016
2026-05-09T13:05:48.418,8.2261,0.0800,20.7470
2026-05-09T13:05:48.433,8.1871,0.0800,20.7945
2026-05-09T13:05:48.446,8.1554,0.0800,20.8318
2026-05-09T13:05:48.461,8.1214,0.0800,20.8743
2026-05-09T13:05:48.474,8.0897,0.0800,20.9092
2026-05-09T13:05:48.488,8.0527,0.0800,20.9489
2026-05-09T13:05:48.503,8.0193,0.0800,20.9835
2026-05-09T13:05:48.519,7.9853,0.0800,21.0212
2026-05-09T13:05:48.534,7.9476,0.0800,21.0580
2026-05-09T13:05:48.550,7.9071,0.0800,21.0963
2026-05-09T13:05:48.564,7.8653,0.0800,21.1345
2026-05-09T13:05:48.578,7.8243,0.0800,21.1746
2026-05-09T13:05:48.592,7.7844,0.0800,21.2086
2026-05-09T13:05:48.606,7.7433,0.0800,21.2424
2026-05-09T13:05:48.620,7.7021,0.0800,21.2788
2026-05-09T13:05:48.634,7.6624,0.0800,21.3093
2026-05-09T13:05:48.649,7.6234,0.0800,21.3383
2026-05-09T13:05:48.662,7.5854,0.0800,21.3658
2026-05-09T13:05:48.686,7.5417,0.0800,21.3993
2026-05-09T13:05:48.701,7.5015,0.0800,21.4263
2026-05-09T13:05:48.716,7.4349,0.0800,21.4696
2026-05-09T13:05:48.730,7.3882,0.0800,21.4982
2026-05-09T13:05:48.743,7.3431,0.0800,21.5248
2026-05-09T13:05:48.757,7.2998,0.0800,21.5526
2026-05-09T13:05:48.769,7.2570,0.0800,21.5760
2026-05-09T13:05:48.783,7.2115,0.0800,21.5998
2026-05-09T13:05:48.798,7.1751,0.0800,21.6212
2026-05-09T13:05:48.814,7.1322,0.0800,21.6421
2026-05-09T13:05:48.826,7.0811,0.0800,21.6659
2026-05-09T13:05:48.840,7.0327,0.0800,21.6908
2026-05-09T13:05:48.854,6.9919,0.0800,21.7081
2026-05-09T13:05:48.867,6.9447,0.0800,21.7272
2026-05-09T13:05:48.881,6.8995,0.0800,21.7475
2026-05-09T13:05:48.895,6.8551,0.0800,21.7638
2026-05-09T13:05:48.909,6.8096,0.0800,21.7796
2026-05-09T13:05:48.923,6.7632,0.0800,21.7949
2026-05-09T13:05:48.937,6.7149,0.0800,21.8127
2026-05-09T13:05:48.951,6.6691,0.0800,21.8260
2026-05-09T13:05:48.964,6.6205,0.0800,21.8393
2026-05-09T13:05:48.978,6.5719,0.0800,21.8544
2026-05-09T13:05:48.994,6.5239,0.0800,21.8656
2026-05-09T13:05:49.007,6.4754,0.0800,21.8761
2026-05-09T13:05:49.022,6.4192,0.0800,21.8872
2026-05-09T13:05:49.046,6.3739,0.0800,21.8984
2026-05-09T13:05:49.062,6.3221,0.0800,21.9066
2026-05-09T13:05:49.075,6.2374,0.0800,21.9183
2026-05-09T13:05:49.089,6.1808,0.0800,21.9245
2026-05-09T13:05:49.104,6.1332,0.0800,21.9288
2026-05-09T13:05:49.118,6.0850,0.0800,21.9351
2026-05-09T13:05:49.134,6.0326,0.0800,21.9381
2026-05-09T13:05:49.146,5.9816,0.0800,21.9402
2026-05-09T13:05:49.162,5.9246,0.0800,21.9444
2026-05-09T13:05:49.174,5.8821,0.0800,21.9447
2026-05-09T13:05:49.187,5.8248,0.0800,21.9442
2026-05-09T13:05:49.201,5.7792,0.0800,21.9463
2026-05-09T13:05:49.217,5.7349,0.0800,21.9445
2026-05-09T13:05:49.229,5.6835,0.0800,21.9419
2026-05-09T13:05:49.243,5.6282,0.0800,21.9381
2026-05-09T13:05:49.257,5.5836,0.0800,21.9375
2026-05-09T13:05:49.273,5.5346,0.0800,21.9328
2026-05-09T13:05:49.284,5.4806,0.0800,21.9272
2026-05-09T13:05:49.299,5.4153,0.0800,21.9222
2026-05-09T13:05:49.313,5.3722,0.0800,21.9170
2026-05-09T13:05:49.328,5.3034,0.0800,21.9088
2026-05-09T13:05:49.341,5.2425,0.0800,21.9027
2026-05-09T13:05:49.357,5.1746,0.0800,21.8933
2026-05-09T13:05:49.369,5.1126,0.0800,21.8845
2026-05-09T13:05:49.384,5.0365,0.0800,21.8732
2026-05-09T13:05:49.397,4.9796,0.0800,21.8669
2026-05-09T13:05:49.410,4.9058,0.0800,21.8568
2026-05-09T13:05:49.424,4.8411,0.0800,21.8479
2026-05-09T13:05:49.440,4.7771,0.0800,21.8391
2026-05-09T13:05:49.453,4.7074,0.0800,21.8296
2026-05-09T13:05:49.467,4.6277,0.0800,21.8198
2026-05-09T13:05:49.481,4.5680,0.0800,21.8118
2026-05-09T13:05:49.494,4.4984,0.0800,21.8040
2026-05-09T13:05:49.507,4.4373,0.0800,21.7974
2026-05-09T13:05:49.524,4.3688,0.0800,21.7896
2026-05-09T13:05:49.536,4.3073,0.0800,21.7837
2026-05-09T13:05:49.551,4.2240,0.0800,21.7760
2026-05-09T13:05:49.563,4.1623,0.0800,21.7707
2026-05-09T13:05:49.579,4.0950,0.0800,21.7644
2026-05-09T13:05:49.591,4.0344,0.0800,21.7598
2026-05-09T13:05:49.606,3.9569,0.0800,21.7542
2026-05-09T13:05:49.619,3.9004,0.0800,21.7495
2026-05-09T13:05:49.635,3.8221,0.0800,21.7447
2026-05-09T13:05:49.647,3.7590,0.0800,21.7412
2026-05-09T13:05:49.662,3.6736,0.0800,21.7369
2026-05-09T13:05:49.674,3.6248,0.0800,21.7336
2026-05-09T13:05:49.690,3.5463,0.0800,21.7304
2026-05-09T13:05:49.702,3.4901,0.0800,21.7284
2026-05-09T13:05:49.718,3.4119,0.0800,21.7253
2026-05-09T13:05:49.730,3.3571,0.0800,21.7239
2026-05-09T13:05:49.746,3.2747,0.0800,21.7221
2026-05-09T13:05:49.758,3.2194,0.0800,21.7202
2026-05-09T13:05:49.774,3.1418,0.0800,21.7193
2026-05-09T13:05:49.785,3.0840,0.0800,21.7190
2026-05-09T13:05:49.801,3.0030,0.0800,21.7182
2026-05-09T13:05:49.813,2.9503,0.0800,21.7184
2026-05-09T13:05:49.829,2.8678,0.0800,21.7192
2026-05-09T13:05:49.841,2.8133,0.0800,21.7189
2026-05-09T13:05:49.856,2.7346,0.0800,21.7203
2026-05-09T13:05:49.868,2.6753,0.0800,21.7209
2026-05-09T13:05:49.884,2.6029,0.0800,21.7217
2026-05-09T13:05:49.897,2.5424,0.0800,21.7223
2026-05-09T13:05:49.912,2.4703,0.0800,21.7231
2026-05-09T13:05:49.924,2.4079,0.0800,21.7237
2026-05-09T13:05:49.939,2.3580,0.0800,21.7242
2026-05-09T13:05:49.952,2.3195,0.0800,21.7245
2026-05-09T13:05:49.968,2.2715,0.0800,21.7250
2026-05-09T13:05:49.980,2.2424,0.0800,21.7252
2026-05-09T13:05:49.996,2.2033,0.0800,21.7255
2026-05-09T13:05:50.009,2.1778,0.0800,21.7256
2026-05-09T13:05:50.022,2.1530,0.0800,21.7258
2026-05-09T13:05:50.035,2.1354,0.0800,21.7259
2026-05-09T13:05:50.050,2.1185,0.0800,21.7260
2026-05-09T13:05:50.064,2.1039,0.0800,21.7260
2026-05-09T13:05:50.080,2.0879,0.0800,21.7261
2026-05-09T13:05:50.092,2.0742,0.0800,21.7261
2026-05-09T13:05:50.108,2.0571,0.0800,21.7261
2026-05-09T13:05:50.119,2.0460,0.0800,21.7260
2026-05-09T13:05:50.135,2.0315,0.0800,21.7260
2026-05-09T13:05:50.148,2.0229,0.0800,21.7259
2026-05-09T13:05:50.163,2.0104,0.0800,21.7258
2026-05-09T13:05:50.176,2.0029,0.0800,21.7257
2026-05-09T13:05:50.190,1.9934,0.0800,21.7255
2026-05-09T13:05:50.202,1.9880,0.0800,21.7254
2026-05-09T13:05:50.218,1.9813,0.0800,21.7253
2026-05-09T13:05:50.230,1.9778,0.0800,21.7252
2026-05-09T13:05:50.245,1.9734,0.0800,21.7251
2026-05-09T13:05:50.260,1.9709,0.0800,21.7250
2026-05-09T13:05:50.274,1.9677,0.0800,21.7249
2026-05-09T13:05:50.285,1.9662,0.0800,21.7249
2026-05-09T13:05:50.301,1.9648,0.0800,21.7248
2026-05-09T13:05:58.370,1.9630,0.0800,21.7244
2026-05-09T13:05:58.384,1.9612,0.0800,21.7240
2026-05-09T13:05:58.399,1.9473,0.0800,21.7210
2026-05-09T13:05:58.414,1.9343,0.0800,21.7181
2026-05-09T13:05:58.428,1.8973,0.0800,21.7101
2026-05-09T13:05:58.442,1.8675,0.0800,21.7036
2026-05-09T13:05:58.455,1.8116,0.0800,21.6915
2026-05-09T13:05:58.470,1.7568,0.0800,21.6796
2026-05-09T13:05:58.491,1.6989,0.0800,21.6679
2026-05-09T13:05:58.508,1.6321,0.0800,21.6539
2026-05-09T13:05:58.523,1.5288,0.0800,21.6342
2026-05-09T13:05:58.536,1.4378,0.0800,21.6177
2026-05-09T13:05:58.550,1.3759,0.0800,21.6070
2026-05-09T13:05:58.564,1.3122,0.0800,21.5963
2026-05-09T13:05:58.578,1.2506,0.0800,21.5854
2026-05-09T13:05:58.591,1.1755,0.0800,21.5737
2026-05-09T13:05:58.604,1.1135,0.0800,21.5645
2026-05-09T13:05:58.622,1.0533,0.0800,21.5549
2026-05-09T13:05:58.635,0.9913,0.0800,21.5464
2026-05-09T13:05:58.648,0.8995,0.0800,21.5344
2026-05-09T13:05:58.662,0.8364,0.0800,21.5267
2026-05-09T13:05:58.675,0.7682,0.0800,21.5177
2026-05-09T13:05:58.689,0.7094,0.0800,21.5112
2026-05-09T13:05:58.702,0.6415,0.0800,21.5040
2026-05-09T13:05:58.718,0.5759,0.0800,21.4965
2026-05-09T13:05:58.730,0.5158,0.0800,21.4909
2026-05-09T13:05:58.745,0.4406,0.0800,21.4843
2026-05-09T13:05:58.758,0.3810,0.0800,21.4783
2026-05-09T13:05:58.772,0.3051,0.0800,21.4724
2026-05-09T13:05:58.786,0.2464,0.0800,21.4683
2026-05-09T13:05:58.803,0.1747,0.0800,21.4627
2026-05-09T13:05:58.815,0.1107,0.0800,21.4588
2026-05-09T13:05:58.829,0.0250,0.0800,21.4541
2026-05-09T13:05:58.840,-0.0288,0.0800,21.4516
2026-05-09T13:05:58.856,-0.0978,0.0800,21.4478
2026-05-09T13:05:58.870,-0.1543,0.0800,21.4457
2026-05-09T13:05:58.884,-0.2287,0.0800,21.4432
2026-05-09T13:05:58.898,-0.3027,0.0800,21.4401
2026-05-09T13:05:58.912,-0.3649,0.0800,21.4388
2026-05-09T13:05:58.925,-0.4337,0.0800,21.4378
2026-05-09T13:05:58.938,-0.5007,0.0800,21.4361
2026-05-09T13:05:58.952,-0.5613,0.0800,21.4358
2026-05-09T13:05:58.966,-0.6285,0.0800,21.4358
2026-05-09T13:05:58.980,-0.6939,0.0800,21.4352
2026-05-09T13:05:58.997,-0.7644,0.0800,21.4360
2026-05-09T13:05:59.010,-0.8304,0.0800,21.4371
2026-05-09T13:05:59.025,-0.9160,0.0800,21.4390
2026-05-09T13:05:59.038,-0.9733,0.0800,21.4394
2026-05-09T13:05:59.052,-1.0461,0.0800,21.4418
2026-05-09T13:05:59.065,-1.1155,0.0800,21.4445
2026-05-09T13:05:59.080,-1.1783,0.0800,21.4461
2026-05-09T13:05:59.092,-1.2496,0.0800,21.4496
2026-05-09T13:05:59.106,-1.3126,0.0800,21.4529
2026-05-09T13:05:59.119,-1.3752,0.0800,21.4556
2026-05-09T13:05:59.133,-1.4461,0.0800,21.4600
2026-05-09T13:05:59.147,-1.5048,0.0800,21.4639
2026-05-09T13:05:59.164,-1.5770,0.0800,21.4682
2026-05-09T13:05:59.176,-1.6385,0.0800,21.4729
2026-05-09T13:05:59.191,-1.7222,0.0800,21.4796
2026-05-09T13:05:59.204,-1.7811,0.0800,21.4847
2026-05-09T13:05:59.218,-1.8512,0.0800,21.4902
2026-05-09T13:05:59.231,-1.9183,0.0800,21.4957
2026-05-09T13:05:59.247,-1.9862,0.0800,21.5012
2026-05-09T13:05:59.259,-2.0523,0.0800,21.5065
2026-05-09T13:05:59.275,-2.1286,0.0800,21.5126
2026-05-09T13:05:59.287,-2.1909,0.0800,21.5176
2026-05-09T13:05:59.303,-2.2733,0.0800,21.5242
2026-05-09T13:05:59.316,-2.3288,0.0800,21.5286
2026-05-09T13:05:59.330,-2.4096,0.0800,21.5350
2026-05-09T13:05:59.342,-2.4699,0.0800,21.5398
2026-05-09T13:05:59.359,-2.5443,0.0800,21.5456
2026-05-09T13:05:59.371,-2.6027,0.0800,21.5494
2026-05-09T13:05:59.386,-2.6837,0.0800,21.5541
2026-05-09T13:05:59.398,-2.7387,0.0800,21.5579
2026-05-09T13:05:59.415,-2.8105,0.0800,21.5608
2026-05-09T13:05:59.426,-2.8689,0.0800,21.5626
2026-05-09T13:05:59.442,-2.9430,0.0800,21.5643
2026-05-09T13:05:59.454,-2.9966,0.0800,21.5665
2026-05-09T13:05:59.471,-3.0742,0.0800,21.5669
2026-05-09T13:05:59.483,-3.1278,0.0800,21.5683
2026-05-09T13:05:59.499,-3.2026,0.0800,21.5672
2026-05-09T13:05:59.512,-3.2560,0.0800,21.5659
2026-05-09T13:05:59.527,-3.3347,0.0800,21.5632
2026-05-09T13:05:59.539,-3.3927,0.0800,21.5626
2026-05-09T13:05:59.555,-3.4622,0.0800,21.5589
2026-05-09T13:05:59.566,-3.5177,0.0800,21.5554
2026-05-09T13:05:59.583,-3.5913,0.0800,21.5501
2026-05-09T13:05:59.594,-3.6399,0.0800,21.5479
2026-05-09T13:05:59.611,-3.7151,0.0800,21.5411
2026-05-09T13:05:59.623,-3.7674,0.0800,21.5377
2026-05-09T13:05:59.639,-3.8445,0.0800,21.5291
2026-05-09T13:05:59.650,-3.8964,0.0800,21.5226
2026-05-09T13:05:59.666,-3.9723,0.0800,21.5125
2026-05-09T13:05:59.678,-4.0161,0.0800,21.5083
2026-05-09T13:05:59.694,-4.0886,0.0800,21.4972
2026-05-09T13:05:59.706,-4.1406,0.0800,21.4886
2026-05-09T13:05:59.722,-4.2147,0.0800,21.4758
2026-05-09T13:05:59.733,-4.2637,0.0800,21.4689
2026-05-09T13:05:59.749,-4.3363,0.0800,21.4548
2026-05-09T13:05:59.761,-4.3856,0.0800,21.4469
2026-05-09T13:05:59.778,-4.4553,0.0800,21.4320
2026-05-09T13:05:59.789,-4.5063,0.0800,21.4205
2026-05-09T13:05:59.805,-4.5811,0.0800,21.4030
2026-05-09T13:05:59.817,-4.6273,0.0800,21.3939
2026-05-09T13:05:59.833,-4.7011,0.0800,21.3751
2026-05-09T13:05:59.844,-4.7482,0.0800,21.3625
2026-05-09T13:05:59.861,-4.8210,0.0800,21.3439
2026-05-09T13:05:59.872,-4.8697,0.0800,21.3299
2026-05-09T13:05:59.888,-4.9425,0.0800,21.3085
2026-05-09T13:05:59.899,-4.9965,0.0800,21.2940
2026-05-09T13:05:59.915,-5.0593,0.0800,21.2742
2026-05-09T13:05:59.927,-5.1088,0.0800,21.2580
2026-05-09T13:05:59.943,-5.1759,0.0800,21.2355
2026-05-09T13:05:59.955,-5.2314,0.0800,21.2182
2026-05-09T13:05:59.971,-5.3002,0.0800,21.1937
2026-05-09T13:05:59.982,-5.3500,0.0800,21.1755
2026-05-09T13:05:59.998,-5.4219,0.0800,21.1499
2026-05-09T13:06:00.011,-5.4664,0.0800,21.1327
2026-05-09T13:06:00.025,-5.5435,0.0800,21.1024
2026-05-09T13:06:00.037,-5.5945,0.0800,21.0838
2026-05-09T13:06:00.051,-5.6508,0.0800,21.0606
2026-05-09T13:06:00.064,-5.7122,0.0800,21.0346
2026-05-09T13:06:00.080,-5.7694,0.0800,21.0116
2026-05-09T13:06:00.096,-5.8282,0.0800,20.9857
2026-05-09T13:06:00.113,-5.8868,0.0800,20.9593
2026-05-09T13:06:00.130,-5.9543,0.0800,20.9282
2026-05-09T13:06:00.144,-6.0259,0.0800,20.8964
2026-05-09T13:06:00.158,-6.0962,0.0800,20.8624
2026-05-09T13:06:00.172,-6.1540,0.0800,20.8338
2026-05-09T13:06:00.186,-6.2108,0.0800,20.8051
2026-05-09T13:06:00.203,-6.2719,0.0800,20.7753
2026-05-09T13:06:00.221,-6.3290,0.0800,20.7452
2026-05-09T13:06:00.236,-6.3990,0.0800,20.7077
2026-05-09T13:06:00.251,-6.4744,0.0800,20.6662
2026-05-09T13:06:00.264,-6.5298,0.0800,20.6350
2026-05-09T13:06:00.280,-6.5917,0.0800,20.6012
2026-05-09T13:06:00.294,-6.6459,0.0800,20.5695
2026-05-09T13:06:00.310,-6.7075,0.0800,20.5328
2026-05-09T13:06:00.327,-6.7639,0.0800,20.5005
2026-05-09T13:06:00.344,-6.8273,0.0800,20.4613
2026-05-09T13:06:00.361,-6.8901,0.0800,20.4216
2026-05-09T13:06:00.376,-6.9581,0.0800,20.3777
2026-05-09T13:06:00.392,-7.0266,0.0800,20.3325
2026-05-09T13:06:00.406,-7.0830,0.0800,20.2945
2026-05-09T13:06:00.421,-7.1408,0.0800,20.2568
2026-05-09T13:06:00.436,-7.1985,0.0800,20.2164
2026-05-09T13:06:00.452,-7.2508,0.0800,20.1791
2026-05-09T13:06:00.465,-7.3082,0.0800,20.1373
2026-05-09T13:06:00.480,-7.3665,0.0800,20.0962
2026-05-09T13:06:00.494,-7.4150,0.0800,20.0951
2026-05-09T13:06:00.510,-7.4677,0.0800,20.0939
2026-05-09T13:06:00.527,-7.5217,0.0800,20.0927
2026-05-09T13:06:00.544,-7.5802,0.0800,20.0926
2026-05-09T13:06:00.560,-7.6371,0.0800,20.0911
2026-05-09T13:06:00.577,-7.6946,0.0800,20.0897
2026-05-09T13:06:00.591,-7.7515,0.0800,20.0883
2026-05-09T13:06:00.603,-7.8105,0.0800,20.0761
2026-05-09T13:06:00.620,-7.8648,0.0800,20.0491
2026-05-09T13:06:00.635,-7.9049,0.0800,20.0120
2026-05-09T13:06:00.647,-7.9641,0.0800,19.9654
2026-05-09T13:06:00.662,-8.0104,0.0800,19.9206
2026-05-09T13:06:00.676,-8.0494,0.0800,19.8847
2026-05-09T13:06:00.690,-8.0946,0.0800,19.8388
2026-05-09T13:06:00.703,-8.1374,0.0800,19.7942
2026-05-09T13:06:00.718,-8.1780,0.0800,19.7540
2026-05-09T13:06:00.732,-8.2133,0.0800,19.7153
2026-05-09T13:06:00.746,-8.2568,0.0800,19.6664
2026-05-09T13:06:00.759,-8.2964,0.0800,19.6245
2026-05-09T13:06:00.773,-8.3331,0.0800,19.5811
2026-05-09T13:06:00.787,-8.3745,0.0800,19.5523
2026-05-09T13:06:00.802,-8.4210,0.0800,19.5134
2026-05-09T13:06:00.816,-8.4535,0.0800,19.4718
2026-05-09T13:06:00.830,-8.4969,0.0800,19.4263
2026-05-09T13:06:00.844,-8.5307,0.0800,19.3806
2026-05-09T13:06:00.859,-8.5686,0.0800,19.3319
2026-05-09T13:06:00.872,-8.5996,0.0800,19.2875
2026-05-09T13:06:00.896,-8.6329,0.0800,19.2385
2026-05-09T13:06:00.911,-8.6678,0.0800,19.1901
2026-05-09T13:06:00.924,-8.7171,0.0800,19.1134
2026-05-09T13:06:00.938,-8.7536,0.0800,19.0610
2026-05-09T13:06:00.955,-8.7798,0.0800,19.0169
2026-05-09T13:06:00.969,-8.8090,0.0800,18.9665
2026-05-09T13:06:00.983,-8.8456,0.0800,18.9013
2026-05-09T13:06:00.997,-8.8748,0.0800,18.8537
2026-05-09T13:06:01.011,-8.8996,0.0800,18.8063
2026-05-09T13:06:01.024,-8.9279,0.0800,18.7507
2026-05-09T13:06:01.039,-8.9539,0.0800,18.7035
2026-05-09T13:06:01.053,-8.9783,0.0800,18.6523
2026-05-09T13:06:01.067,-9.0031,0.0800,18.5984
2026-05-09T13:06:01.083,-9.0285,0.0800,18.5472
2026-05-09T13:06:01.099,-9.0515,0.0800,18.4938
2026-05-09T13:06:01.116,-9.0753,0.0800,18.4364
2026-05-09T13:06:01.132,-9.0995,0.0800,18.3757
2026-05-09T13:06:01.147,-9.1247,0.0800,18.3096
2026-05-09T13:06:01.164,-9.1509,0.0800,18.2463
2026-05-09T13:06:01.179,-9.1703,0.0800,18.1901
2026-05-09T13:06:01.193,-9.1923,0.0800,18.1240
2026-05-09T13:06:01.208,-9.2101,0.0800,18.0671
2026-05-09T13:06:01.223,-9.2293,0.0800,18.0115
2026-05-09T13:06:01.238,-9.2465,0.0800,17.9510
2026-05-09T13:06:01.254,-9.2618,0.0800,17.8943
2026-05-09T13:06:01.268,-9.2781,0.0800,17.8305
2026-05-09T13:06:01.285,-9.2947,0.0800,17.7725
2026-05-09T13:06:01.302,-9.3078,0.0800,17.7146
2026-05-09T13:06:01.320,-9.3219,0.0800,17.6479
2026-05-09T13:06:01.336,-9.3356,0.0800,17.5770
2026-05-09T13:06:01.349,-9.3487,0.0800,17.5035
2026-05-09T13:06:01.363,-9.3584,0.0800,17.4432
2026-05-09T13:06:01.378,-9.3690,0.0800,17.3883
2026-05-09T13:06:01.394,-9.3765,0.0800,17.3322
2026-05-09T13:06:01.409,-9.3839,0.0800,17.2713
2026-05-09T13:06:01.426,-9.3932,0.0800,17.2081
2026-05-09T13:06:01.445,-9.4003,0.0800,17.1390
2026-05-09T13:06:01.463,-9.4081,0.0800,17.0576
2026-05-09T13:06:01.479,-9.4150,0.0800,16.9759
2026-05-09T13:06:01.494,-9.4191,0.0800,16.9207
2026-05-09T13:06:01.509,-9.4219,0.0800,16.8783
2026-05-09T13:06:01.527,-9.4259,0.0800,16.8333
2026-05-09T13:06:01.544,-9.4287,0.0800,16.7869
2026-05-09T13:06:01.560,-9.4320,0.0800,16.7437
2026-05-09T13:06:01.575,-9.4355,0.0800,16.6990
2026-05-09T13:06:01.589,-9.4391,0.0800,16.6524
2026-05-09T13:06:01.604,-9.4427,0.0800,16.6060
2026-05-09T13:06:01.620,-9.4463,0.0800,16.5594
2026-05-09T13:06:01.636,-9.4505,0.0800,16.5045
2026-05-09T13:06:01.654,-9.4553,0.0800,16.4437
2026-05-09T13:06:01.669,-9.4625,0.0800,16.3650
2026-05-09T13:06:01.685,-9.4699,0.0800,16.2782
2026-05-09T13:06:01.701,-9.4773,0.0800,16.2065
2026-05-09T13:06:01.716,-9.4858,0.0800,16.1293
2026-05-09T13:06:01.730,-9.4952,0.0800,16.0488
2026-05-09T13:06:01.744,-9.5040,0.0800,15.9775
2026-05-09T13:06:01.759,-9.5141,0.0800,15.8901
2026-05-09T13:06:01.773,-9.5220,0.0800,15.8317
2026-05-09T13:06:01.789,-9.5315,0.0800,15.7636
2026-05-09T13:06:01.805,-9.5414,0.0800,15.6957
2026-05-09T13:06:01.823,-9.5508,0.0800,15.6257
2026-05-09T13:06:01.840,-9.5638,0.0800,15.5422
2026-05-09T13:06:01.856,-9.5760,0.0800,15.4665
2026-05-09T13:06:01.871,-9.5907,0.0800,15.3784
2026-05-09T13:06:01.885,-9.6040,0.0800,15.3015
2026-05-09T13:06:01.900,-9.6158,0.0800,15.2294
2026-05-09T13:06:01.915,-9.6277,0.0800,15.1646
2026-05-09T13:06:01.931,-9.6418,0.0800,15.0900
2026-05-09T13:06:01.945,-9.6548,0.0800,15.0226
2026-05-09T13:06:01.961,-9.6700,0.0800,14.9418
2026-05-09T13:06:01.976,-9.6839,0.0800,14.8736
2026-05-09T13:06:01.990,-9.6981,0.0800,14.8006
2026-05-09T13:06:02.005,-9.7123,0.0800,14.7281
2026-05-09T13:06:02.023,-9.7254,0.0800,14.6611
2026-05-09T13:06:02.041,-9.7400,0.0800,14.5858
2026-05-09T13:06:02.056,-9.7578,0.0800,14.4943
2026-05-09T13:06:02.071,-9.7742,0.0800,14.4097
2026-05-09T13:06:02.085,-9.7887,0.0800,14.3353
2026-05-09T13:06:02.100,-9.8022,0.0800,14.2656
2026-05-09T13:06:02.116,-9.8158,0.0800,14.1951
2026-05-09T13:06:02.132,-9.8299,0.0800,14.1227
2026-05-09T13:06:02.147,-9.8445,0.0800,14.0471
2026-05-09T13:06:02.163,-9.8598,0.0800,13.9678
2026-05-09T13:06:02.180,-9.8723,0.0800,13.8978
2026-05-09T13:06:02.197,-9.8857,0.0800,13.8190
2026-05-09T13:06:02.214,-9.8984,0.0800,13.7401
2026-05-09T13:06:02.229,-9.9110,0.0800,13.6571
2026-05-09T13:06:02.244,-9.9232,0.0800,13.5829
2026-05-09T13:06:02.259,-9.9326,0.0800,13.5125
2026-05-09T13:06:02.274,-9.9430,0.0800,13.4302
2026-05-09T13:06:02.290,-9.9509,0.0800,13.3619
2026-05-09T13:06:02.305,-9.9581,0.0800,13.2960
2026-05-09T13:06:02.321,-9.9662,0.0800,13.2291
2026-05-09T13:06:02.337,-9.9732,0.0800,13.1544
2026-05-09T13:06:02.353,-9.9791,0.0800,13.0835
2026-05-09T13:06:02.368,-9.9847,0.0800,13.0093
2026-05-09T13:06:02.383,-9.9916,0.0800,12.9317
2026-05-09T13:06:02.398,-9.9954,0.0800,12.8625
2026-05-09T13:06:02.414,-9.9991,0.0800,12.7833
2026-05-09T13:06:02.431,-10.0017,0.0800,12.7122
2026-05-09T13:06:02.444,-10.0033,0.0800,12.6493
2026-05-09T13:06:02.459,-10.0064,0.0800,12.5706
2026-05-09T13:06:02.473,-10.0069,0.0800,12.5127
2026-05-09T13:06:02.487,-10.0069,0.0800,12.4477
2026-05-09T13:06:02.502,-10.0080,0.0800,12.3803
2026-05-09T13:06:02.517,-10.0070,0.0800,12.3174
2026-05-09T13:06:02.533,-10.0053,0.0800,12.2454
2026-05-09T13:06:02.546,-10.0030,0.0800,12.1771
2026-05-09T13:06:02.560,-10.0015,0.0800,12.1001
2026-05-09T13:06:02.575,-9.9985,0.0800,12.0445
2026-05-09T13:06:02.591,-9.9946,0.0800,11.9784
2026-05-09T13:06:02.605,-9.9899,0.0800,11.9084
2026-05-09T13:06:02.621,-9.9866,0.0800,11.8435
2026-05-09T13:06:02.637,-9.9800,0.0800,11.7658
2026-05-09T13:06:02.651,-9.9748,0.0800,11.7119
2026-05-09T13:06:02.666,-9.9679,0.0800,11.6439
2026-05-09T13:06:02.680,-9.9640,0.0800,11.5935
2026-05-09T13:06:02.696,-9.9565,0.0800,11.5301
2026-05-09T13:06:02.713,-9.9493,0.0800,11.4727
2026-05-09T13:06:02.727,-9.9410,0.0800,11.4104
2026-05-09T13:06:02.741,-9.9326,0.0800,11.3395
2026-05-09T13:06:02.755,-9.9246,0.0800,11.2866
2026-05-09T13:06:02.770,-9.9154,0.0800,11.2281
2026-05-09T13:06:02.784,-9.9062,0.0800,11.1725
2026-05-09T13:06:02.800,-9.8975,0.0800,11.1135
2026-05-09T13:06:02.817,-9.8871,0.0800,11.0560
2026-05-09T13:06:02.833,-9.8731,0.0800,10.9815
2026-05-09T13:06:02.852,-9.8616,0.0800,10.9234
2026-05-09T13:06:02.866,-9.8488,0.0800,10.8539
2026-05-09T13:06:02.880,-9.8341,0.0800,10.7854
2026-05-09T13:06:02.894,-9.8209,0.0800,10.7260
2026-05-09T13:06:02.908,-9.8083,0.0800,10.6717
2026-05-09T13:06:02.924,-9.7965,0.0800,10.6164
2026-05-09T13:06:02.941,-9.7843,0.0800,10.5668
2026-05-09T13:06:02.957,-9.7714,0.0800,10.5155
2026-05-09T13:06:02.971,-9.7578,0.0800,10.4631
2026-05-09T13:06:02.984,-9.7503,0.0800,10.4318
2026-05-09T13:06:02.999,-9.7442,0.0800,10.4062
2026-05-09T13:06:03.014,-9.7408,0.0800,10.3921
2026-05-09T13:06:03.029,-9.7373,0.0800,10.3777
2026-05-09T13:06:03.044,-9.7358,0.0800,10.3713
2026-05-09T13:06:03.058,-9.7348,0.0800,10.3670
2026-05-09T13:06:03.252,-9.7345,0.0800,10.3657
2026-05-09T13:06:03.266,-9.7331,0.0800,10.3599
2026-05-09T13:06:03.280,-9.7315,0.0800,10.3530
2026-05-09T13:06:03.295,-9.7301,0.0800,10.3418
2026-05-09T13:06:03.310,-9.7287,0.0800,10.3295
2026-05-09T13:06:03.323,-9.7273,0.0800,10.3170
2026-05-09T13:06:03.339,-9.7235,0.0800,10.2990
2026-05-09T13:06:03.354,-9.7207,0.0800,10.2788
2026-05-09T13:06:03.370,-9.7174,0.0800,10.2564
2026-05-09T13:06:03.386,-9.7116,0.0800,10.2320
2026-05-09T13:06:03.402,-9.7046,0.0800,10.1948
2026-05-09T13:06:03.416,-9.7003,0.0800,10.1726
2026-05-09T13:06:03.430,-9.6945,0.0800,10.1416
2026-05-09T13:06:03.445,-9.6889,0.0800,10.1119
2026-05-09T13:06:03.460,-9.6819,0.0800,10.0746
2026-05-09T13:06:03.475,-9.6742,0.0800,10.0338
2026-05-09T13:06:03.490,-9.6645,0.0800,9.9820
2026-05-09T13:06:03.505,-9.6539,0.0800,9.9253
2026-05-09T13:06:03.521,-9.6440,0.0800,9.8725
2026-05-09T13:06:03.533,-9.6332,0.0800,9.8146
2026-05-09T13:06:03.546,-9.6209,0.0800,9.7489
2026-05-09T13:06:03.560,-9.6120,0.0800,9.7048
2026-05-09T13:06:03.573,-9.6016,0.0800,9.6547
2026-05-09T13:06:03.589,-9.5906,0.0800,9.6023
2026-05-09T13:06:03.606,-9.5797,0.0800,9.5479
2026-05-09T13:06:03.620,-9.5675,0.0800,9.4931
2026-05-09T13:06:03.634,-9.5509,0.0800,9.4211
2026-05-09T13:06:03.648,-9.5389,0.0800,9.3702
2026-05-09T13:06:03.662,-9.5262,0.0800,9.3176
2026-05-09T13:06:03.675,-9.5148,0.0800,9.2675
2026-05-09T13:06:03.689,-9.5011,0.0800,9.2136
2026-05-09T13:06:03.713,-9.4885,0.0800,9.1648
2026-05-09T13:06:03.726,-9.4791,0.0800,9.1223
2026-05-09T13:06:03.740,-9.4669,0.0800,9.0725
2026-05-09T13:06:03.756,-9.4606,0.0800,9.0466
2026-05-09T13:06:03.770,-9.4565,0.0800,9.0297
2026-05-09T13:06:03.783,-9.4526,0.0800,9.0139
2026-05-09T13:06:03.797,-9.4501,0.0800,9.0037
2026-05-09T13:06:03.811,-9.4488,0.0800,8.9983
2026-05-09T13:06:03.825,-9.4479,0.0800,8.9946
2026-05-09T13:06:03.839,-9.4472,0.0800,8.9916
2026-05-09T13:06:03.853,-9.4464,0.0800,8.9885
2026-05-09T13:06:03.866,-9.4447,0.0800,8.9815
2026-05-09T13:06:03.881,-9.4399,0.0800,8.9618
2026-05-09T13:06:03.895,-9.4325,0.0800,8.9357
2026-05-09T13:06:03.909,-9.4211,0.0800,8.8973
2026-05-09T13:06:03.923,-9.4073,0.0800,8.8474
2026-05-09T13:06:03.937,-9.3905,0.0800,8.7967
2026-05-09T13:06:03.951,-9.3740,0.0800,8.7497
2026-05-09T13:06:03.964,-9.3565,0.0800,8.7019
2026-05-09T13:06:03.978,-9.3402,0.0800,8.6514
2026-05-09T13:06:03.992,-9.3221,0.0800,8.6066
2026-05-09T13:06:04.006,-9.3028,0.0800,8.5605
2026-05-09T13:06:04.020,-9.2857,0.0800,8.5147
2026-05-09T13:06:04.034,-9.2645,0.0800,8.4690
2026-05-09T13:06:04.047,-9.2444,0.0800,8.4276
2026-05-09T13:06:04.062,-9.2260,0.0800,8.3852
2026-05-09T13:06:04.076,-9.2064,0.0800,8.3487
2026-05-09T13:06:04.089,-9.1846,0.0800,8.3099
2026-05-09T13:06:04.102,-9.1635,0.0800,8.2744
2026-05-09T13:06:04.116,-9.1454,0.0800,8.2387
2026-05-09T13:06:04.131,-9.1248,0.0800,8.2067
2026-05-09T13:06:04.144,-9.1015,0.0800,8.1718
2026-05-09T13:06:04.159,-9.0802,0.0800,8.1348
2026-05-09T13:06:04.172,-9.0584,0.0800,8.1206
2026-05-09T13:06:04.186,-9.0341,0.0800,8.1202
2026-05-09T13:06:04.200,-9.0143,0.0800,8.1192
2026-05-09T13:06:04.214,-8.9896,0.0800,8.1188
2026-05-09T13:06:04.227,-8.9631,0.0800,8.1181
2026-05-09T13:06:04.242,-8.9423,0.0800,8.1169
2026-05-09T13:06:04.255,-8.9193,0.0800,8.1161
2026-05-09T13:06:04.269,-8.8939,0.0800,8.1156
2026-05-09T13:06:04.283,-8.8701,0.0800,8.1145
2026-05-09T13:06:04.297,-8.8475,0.0800,8.1137
2026-05-09T13:06:04.312,-8.8246,0.0800,8.1125
2026-05-09T13:06:04.325,-8.7994,0.0800,8.1120
2026-05-09T13:06:04.339,-8.7778,0.0800,8.1108
2026-05-09T13:06:04.353,-8.7554,0.0800,8.1096
2026-05-09T13:06:04.367,-8.7298,0.0800,8.1091
2026-05-09T13:06:04.381,-8.7114,0.0800,8.1072
2026-05-09T13:06:04.395,-8.6899,0.0800,8.1063
2026-05-09T13:06:04.409,-8.6667,0.0800,8.1055
2026-05-09T13:06:04.422,-8.6452,0.0800,8.1040
2026-05-09T13:06:04.436,-8.6281,0.0800,8.1031
2026-05-09T13:06:04.450,-8.6197,0.0800,8.1011
2026-05-09T13:06:04.463,-8.6133,0.0800,8.1017
2026-05-09T13:06:04.478,-8.6135,0.0800,8.1014
2026-05-09T13:06:04.492,-8.6119,0.0800,8.1051
2026-05-09T13:06:04.506,-8.6104,0.0800,8.1091
2026-05-09T13:06:04.521,-8.6279,0.0800,8.1228
2026-05-09T13:06:04.535,-8.6591,0.0800,8.1515
2026-05-09T13:06:04.548,-8.7001,0.0800,8.1858
2026-05-09T13:06:04.563,-8.7488,0.0800,8.2200
2026-05-09T13:06:04.576,-8.8031,0.0800,8.2584
2026-05-09T13:06:04.590,-8.8652,0.0800,8.3007
2026-05-09T13:06:04.604,-8.9215,0.0800,8.3390
2026-05-09T13:06:04.618,-8.9796,0.0800,8.3770
2026-05-09T13:06:04.631,-9.0354,0.0800,8.4133
2026-05-09T13:06:04.644,-9.0975,0.0800,8.4534
2026-05-09T13:06:04.659,-9.1551,0.0800,8.4906
2026-05-09T13:06:04.674,-9.2075,0.0800,8.5243
2026-05-09T13:06:04.687,-9.2679,0.0800,8.5632
2026-05-09T13:06:04.701,-9.3340,0.0800,8.6056
2026-05-09T13:06:04.716,-9.3869,0.0800,8.6396
2026-05-09T13:06:04.729,-9.4478,0.0800,8.6785
2026-05-09T13:06:04.743,-9.5076,0.0800,8.7167
2026-05-09T13:06:04.757,-9.5604,0.0800,8.7505
2026-05-09T13:06:04.771,-9.6223,0.0800,8.7901
2026-05-09T13:06:04.785,-9.6813,0.0800,8.8278
2026-05-09T13:06:04.798,-9.7382,0.0800,8.8641
2026-05-09T13:06:04.813,-9.8004,0.0800,8.9038
2026-05-09T13:06:04.825,-9.8554,0.0800,8.9389
2026-05-09T13:06:04.841,-9.9161,0.0800,8.9776
2026-05-09T13:06:04.855,-9.9672,0.0800,9.0102
2026-05-09T13:06:04.869,-10.0366,0.0800,9.0543
2026-05-09T13:06:04.883,-10.0931,0.0800,9.0903
2026-05-09T13:06:04.896,-10.1550,0.0800,9.1297
2026-05-09T13:06:04.910,-10.2143,0.0800,9.1674
2026-05-09T13:06:04.924,-10.2679,0.0800,9.2017
2026-05-09T13:06:04.937,-10.3258,0.0800,9.2390
2026-05-09T13:06:04.953,-10.3847,0.0800,9.2778
2026-05-09T13:06:04.965,-10.4400,0.0800,9.3164
2026-05-09T13:06:04.978,-10.5039,0.0800,9.3621
2026-05-09T13:06:04.992,-10.5549,0.0800,9.4002
2026-05-09T13:06:05.007,-10.6021,0.0800,9.4376
2026-05-09T13:06:05.021,-10.6581,0.0800,9.4820
2026-05-09T13:06:05.036,-10.7190,0.0800,9.5356
2026-05-09T13:06:05.050,-10.7680,0.0800,9.5788
2026-05-09T13:06:05.062,-10.8209,0.0800,9.6293
2026-05-09T13:06:05.076,-10.8741,0.0800,9.6802
2026-05-09T13:06:05.091,-10.8974,0.0800,9.7203
2026-05-09T13:06:05.103,-10.8999,0.0800,9.7757
2026-05-09T13:06:05.118,-10.9044,0.0800,9.8385
2026-05-09T13:06:05.131,-10.9044,0.0800,9.8883
2026-05-09T13:06:05.147,-10.9085,0.0800,9.9550
2026-05-09T13:06:05.160,-10.9101,0.0800,10.0106
2026-05-09T13:06:05.176,-10.9111,0.0800,10.0781
2026-05-09T13:06:05.190,-10.9111,0.0800,10.1369
2026-05-09T13:06:05.202,-10.9157,0.0800,10.2082
2026-05-09T13:06:05.217,-10.9157,0.0800,10.2713
2026-05-09T13:06:05.229,-10.9197,0.0800,10.3452
2026-05-09T13:06:05.244,-10.9197,0.0800,10.3918
2026-05-09T13:06:05.258,-10.9244,0.0800,10.4751
2026-05-09T13:06:05.271,-10.9257,0.0800,10.5244
2026-05-09T13:06:05.295,-10.9268,0.0800,10.6054
2026-05-09T13:06:05.310,-10.9309,0.0800,10.6550
2026-05-09T13:06:05.323,-10.9318,0.0800,10.7702
2026-05-09T13:06:05.337,-10.9355,0.0800,10.8444
2026-05-09T13:06:05.353,-10.9355,0.0800,10.9074
2026-05-09T13:06:05.369,-10.9413,0.0800,10.9762
2026-05-09T13:06:05.382,-10.9434,0.0800,11.0587
2026-05-09T13:06:05.394,-10.8613,0.0800,11.1015
2026-05-09T13:06:05.407,-10.7996,0.0800,11.1320
2026-05-09T13:06:05.422,-10.7313,0.0800,11.1663
2026-05-09T13:06:05.436,-10.6628,0.0800,11.2052
2026-05-09T13:06:05.450,-10.5850,0.0800,11.2521
2026-05-09T13:06:05.463,-10.5149,0.0800,11.2968
2026-05-09T13:06:05.478,-10.4420,0.0800,11.3437
2026-05-09T13:06:05.491,-10.3727,0.0800,11.3926
2026-05-09T13:06:05.505,-10.3025,0.0800,11.4439
2026-05-09T13:06:05.520,-10.2352,0.0800,11.4923
2026-05-09T13:06:05.533,-10.1660,0.0800,11.5463
2026-05-09T13:06:05.547,-10.0981,0.0800,11.6011
2026-05-09T13:06:05.561,-10.0343,0.0800,11.6517
2026-05-09T13:06:05.576,-9.9692,0.0800,11.7074
2026-05-09T13:06:05.589,-9.9066,0.0800,11.7621
2026-05-09T13:06:05.602,-9.8405,0.0800,11.8211
2026-05-09T13:06:05.617,-9.7871,0.0800,11.8657
2026-05-09T13:06:05.631,-9.7292,0.0800,11.9181
2026-05-09T13:06:05.644,-9.6697,0.0800,11.9730
2026-05-09T13:06:05.658,-9.6113,0.0800,12.0246
2026-05-09T13:06:05.672,-9.5593,0.0800,12.0753
2026-05-09T13:06:05.686,-9.5049,0.0800,12.1298
2026-05-09T13:06:05.700,-9.4534,0.0800,12.1801
2026-05-09T13:06:05.714,-9.4019,0.0800,12.2356
2026-05-09T13:06:05.727,-9.3514,0.0800,12.2912
2026-05-09T13:06:05.742,-9.3043,0.0800,12.3425
2026-05-09T13:06:05.757,-9.2621,0.0800,12.3912
2026-05-09T13:06:05.770,-9.2091,0.0800,12.4447
2026-05-09T13:06:05.784,-9.1561,0.0800,12.4945
2026-05-09T13:06:05.798,-9.1075,0.0800,12.5356
2026-05-09T13:06:05.812,-9.0414,0.0800,12.5892
2026-05-09T13:06:05.825,-8.9955,0.0800,12.6242
2026-05-09T13:06:05.839,-8.9401,0.0800,12.6617
2026-05-09T13:06:05.853,-8.8836,0.0800,12.6979
2026-05-09T13:06:05.867,-8.8207,0.0800,12.7367
2026-05-09T13:06:05.881,-8.7619,0.0800,12.7707
2026-05-09T13:06:05.895,-8.7027,0.0800,12.8041
2026-05-09T13:06:05.910,-8.6386,0.0800,12.8389
2026-05-09T13:06:05.923,-8.5764,0.0800,12.8721
2026-05-09T13:06:05.937,-8.5137,0.0800,12.9049
2026-05-09T13:06:05.951,-8.4555,0.0800,12.9348
2026-05-09T13:06:05.964,-8.3917,0.0800,12.9670
2026-05-09T13:06:05.978,-8.3284,0.0800,12.9984
2026-05-09T13:06:05.993,-8.2695,0.0800,13.0273
2026-05-09T13:06:06.006,-8.2042,0.0800,13.0591
2026-05-09T13:06:06.021,-8.1429,0.0800,13.0887
2026-05-09T13:06:06.034,-8.0794,0.0800,13.1193
2026-05-09T13:06:06.048,-8.0165,0.0800,13.1495
2026-05-09T13:06:06.062,-7.9538,0.0800,13.1795
2026-05-09T13:06:06.077,-7.8940,0.0800,13.2081
2026-05-09T13:06:06.090,-7.8279,0.0800,13.2398
2026-05-09T13:06:06.103,-7.7612,0.0800,13.2717
2026-05-09T13:06:06.118,-7.7044,0.0800,13.2989
2026-05-09T13:06:06.132,-7.6416,0.0800,13.3289
2026-05-09T13:06:06.145,-7.5783,0.0800,13.3591
2026-05-09T13:06:06.159,-7.5060,0.0800,13.3936
2026-05-09T13:06:06.173,-7.4549,0.0800,13.4180
2026-05-09T13:06:06.188,-7.3904,0.0800,13.4488
2026-05-09T13:06:06.201,-7.3214,0.0800,13.4817
2026-05-09T13:06:06.216,-7.2637,0.0800,13.5091
2026-05-09T13:06:06.229,-7.2023,0.0800,13.5383
2026-05-09T13:06:06.242,-7.1363,0.0800,13.5694
2026-05-09T13:06:06.256,-7.0757,0.0800,13.5980
2026-05-09T13:06:06.271,-7.0144,0.0800,13.6266
2026-05-09T13:06:06.285,-6.9517,0.0800,13.6539
2026-05-09T13:06:06.298,-6.8816,0.0800,13.6830
2026-05-09T13:06:06.313,-6.8209,0.0800,13.7058
2026-05-09T13:06:06.326,-6.7526,0.0800,13.7305
2026-05-09T13:06:06.341,-6.6879,0.0800,13.7526
2026-05-09T13:06:06.355,-6.6259,0.0800,13.7728
2026-05-09T13:06:06.369,-6.5483,0.0800,13.7979
2026-05-09T13:06:06.383,-6.4843,0.0800,13.8183
2026-05-09T13:06:06.397,-6.4186,0.0800,13.8390
2026-05-09T13:06:06.411,-6.3520,0.0800,13.8600
2026-05-09T13:06:06.424,-6.2845,0.0800,13.8807
2026-05-09T13:06:06.439,-6.2189,0.0800,13.9007
2026-05-09T13:06:06.452,-6.1603,0.0800,13.9183
2026-05-09T13:06:06.466,-6.0846,0.0800,13.9410
2026-05-09T13:06:06.480,-6.0198,0.0800,13.9608
2026-05-09T13:06:06.494,-5.9572,0.0800,13.9795
2026-05-09T13:06:06.509,-5.8848,0.0800,14.0000
2026-05-09T13:06:06.523,-5.8187,0.0800,14.0158
2026-05-09T13:06:06.535,-5.7421,0.0800,14.0326
2026-05-09T13:06:06.551,-5.6764,0.0800,14.0465
2026-05-09T13:06:06.563,-5.6157,0.0800,14.0566
2026-05-09T13:06:06.578,-5.5407,0.0800,14.0659
2026-05-09T13:06:06.592,-5.4793,0.0800,14.0760
2026-05-09T13:06:06.605,-5.4034,0.0800,14.0861
2026-05-09T13:06:06.619,-5.3366,0.0800,14.0905
2026-05-09T13:06:06.633,-5.2676,0.0800,14.0933
2026-05-09T13:06:06.646,-5.2011,0.0800,14.0957
2026-05-09T13:06:06.660,-5.1311,0.0800,14.0955
2026-05-09T13:06:06.676,-5.0696,0.0800,14.0971
2026-05-09T13:06:06.690,-4.9992,0.0800,14.0991
2026-05-09T13:06:06.702,-4.9186,0.0800,14.1020
2026-05-09T13:06:06.718,-4.8500,0.0800,14.1016
2026-05-09T13:06:06.731,-4.7918,0.0800,14.1048
2026-05-09T13:06:06.745,-4.7118,0.0800,14.1105
2026-05-09T13:06:06.758,-4.6495,0.0800,14.1111
2026-05-09T13:06:06.772,-4.5756,0.0800,14.1172
2026-05-09T13:06:06.786,-4.5200,0.0800,14.1224
2026-05-09T13:06:06.800,-4.4445,0.0800,14.1276
2026-05-09T13:06:06.814,-4.3795,0.0800,14.1346
2026-05-09T13:06:06.829,-4.3052,0.0800,14.1430
2026-05-09T13:06:06.842,-4.2383,0.0800,14.1473
2026-05-09T13:06:06.858,-4.1621,0.0800,14.1573
2026-05-09T13:06:06.869,-4.1025,0.0800,14.1630
2026-05-09T13:06:06.884,-4.0242,0.0800,14.1717
2026-05-09T13:06:06.896,-3.9714,0.0800,14.1742
2026-05-09T13:06:06.912,-3.8982,0.0800,14.1835
2026-05-09T13:06:06.923,-3.8385,0.0800,14.1917
2026-05-09T13:06:06.937,-3.7624,0.0800,14.2008
2026-05-09T13:06:06.952,-3.7103,0.0800,14.2096
2026-05-09T13:06:06.965,-3.6409,0.0800,14.2222
2026-05-09T13:06:06.979,-3.5676,0.0800,14.2338
2026-05-09T13:06:06.992,-3.5077,0.0800,14.2470
2026-05-09T13:06:07.008,-3.4376,0.0800,14.2637
2026-05-09T13:06:07.022,-3.3763,0.0800,14.2762
2026-05-09T13:06:07.036,-3.2946,0.0800,14.2986
2026-05-09T13:06:07.050,-3.2365,0.0800,14.3159
2026-05-09T13:06:07.064,-3.1519,0.0800,14.3425
2026-05-09T13:06:07.080,-3.1000,0.0800,14.3560
2026-05-09T13:06:07.095,-3.0239,0.0800,14.3849
2026-05-09T13:06:07.110,-2.9600,0.0800,14.4107
2026-05-09T13:06:07.125,-2.8964,0.0800,14.4468
2026-05-09T13:06:07.142,-2.8367,0.0800,14.4844
2026-05-09T13:06:07.158,-2.7765,0.0800,14.5283
2026-05-09T13:06:07.175,-2.7336,0.0800,14.5751
2026-05-09T13:06:07.192,-2.6950,0.0800,14.6192
2026-05-09T13:06:07.210,-2.6690,0.0800,14.6679
2026-05-09T13:06:07.227,-2.6423,0.0800,14.7113
2026-05-09T13:06:07.242,-2.6181,0.0800,14.7617
2026-05-09T13:06:07.257,-2.5952,0.0800,14.8079
2026-05-09T13:06:07.274,-2.5762,0.0800,14.8469
2026-05-09T13:06:07.292,-2.5509,0.0800,14.9000
2026-05-09T13:06:07.309,-2.5333,0.0800,14.9394
2026-05-09T13:06:07.327,-2.5106,0.0800,14.9839
2026-05-09T13:06:07.345,-2.4918,0.0800,15.0311
2026-05-09T13:06:07.365,-2.4722,0.0800,15.0833
2026-05-09T13:06:07.382,-2.4549,0.0800,15.1331
2026-05-09T13:06:07.399,-2.4361,0.0800,15.1907
2026-05-09T13:06:07.417,-2.4221,0.0800,15.2379
2026-05-09T13:06:07.434,-2.4072,0.0800,15.2921
2026-05-09T13:06:07.450,-2.3954,0.0800,15.3400
2026-05-09T13:06:07.467,-2.3800,0.0800,15.3903
2026-05-09T13:06:07.484,-2.3707,0.0800,15.4366
2026-05-09T13:06:07.502,-2.3610,0.0800,15.4902
2026-05-09T13:06:07.521,-2.3533,0.0800,15.5395
2026-05-09T13:06:07.539,-2.3464,0.0800,15.5909
2026-05-09T13:06:07.558,-2.3401,0.0800,15.6481
2026-05-09T13:06:07.576,-2.3356,0.0800,15.7060
2026-05-09T13:06:07.593,-2.3330,0.0800,15.7588
2026-05-09T13:06:07.611,-2.3318,0.0800,15.8145
2026-05-09T13:06:07.628,-2.3275,0.0800,15.8679
2026-05-09T13:06:07.644,-2.3296,0.0800,15.9190
2026-05-09T13:06:07.660,-2.3334,0.0800,15.9734
2026-05-09T13:06:07.678,-2.3382,0.0800,16.0196
2026-05-09T13:06:07.697,-2.3453,0.0800,16.0702
2026-05-09T13:06:07.715,-2.3553,0.0800,16.1249
2026-05-09T13:06:07.734,-2.3670,0.0800,16.1810
2026-05-09T13:06:07.752,-2.3795,0.0800,16.2347
2026-05-09T13:06:07.770,-2.3894,0.0800,16.2904
2026-05-09T13:06:07.786,-2.4039,0.0800,16.3422
2026-05-09T13:06:07.803,-2.4217,0.0800,16.4035
2026-05-09T13:06:07.819,-2.4347,0.0800,16.4447
2026-05-09T13:06:07.836,-2.4511,0.0800,16.4942
2026-05-09T13:06:07.855,-2.4672,0.0800,16.5402
2026-05-09T13:06:07.875,-2.4843,0.0800,16.5864
2026-05-09T13:06:07.895,-2.5061,0.0800,16.6419
2026-05-09T13:06:07.916,-2.5306,0.0800,16.6992
2026-05-09T13:06:07.935,-2.5553,0.0800,16.7530
2026-05-09T13:06:07.952,-2.5857,0.0800,16.8147
2026-05-09T13:06:07.968,-2.6113,0.0800,16.8629
2026-05-09T13:06:07.986,-2.6317,0.0800,16.9080
2026-05-09T13:06:08.005,-2.6596,0.0800,16.9535
2026-05-09T13:06:08.022,-2.6898,0.0800,16.9996
2026-05-09T13:06:08.038,-2.7230,0.0800,17.0473
2026-05-09T13:06:08.056,-2.7528,0.0800,17.0865
2026-05-09T13:06:08.076,-2.7886,0.0800,17.1270
2026-05-09T13:06:08.093,-2.8256,0.0800,17.1671
2026-05-09T13:06:08.111,-2.8704,0.0800,17.2113
2026-05-09T13:06:08.129,-2.9150,0.0800,17.2525
2026-05-09T13:06:08.146,-2.9526,0.0800,17.2912
2026-05-09T13:06:08.163,-2.9965,0.0800,17.3275
2026-05-09T13:06:08.179,-3.0381,0.0800,17.3604
2026-05-09T13:06:08.195,-3.0836,0.0800,17.3946
2026-05-09T13:06:08.211,-3.1255,0.0800,17.4242
2026-05-09T13:06:08.226,-3.1678,0.0800,17.4518
2026-05-09T13:06:08.241,-3.2112,0.0800,17.4823
2026-05-09T13:06:08.256,-3.2548,0.0800,17.5045
2026-05-09T13:06:08.271,-3.3034,0.0800,17.5268
2026-05-09T13:06:08.287,-3.3508,0.0800,17.5462
2026-05-09T13:06:08.304,-3.4021,0.0800,17.5661
2026-05-09T13:06:08.320,-3.4578,0.0800,17.5814
2026-05-09T13:06:08.336,-3.5224,0.0800,17.5953
2026-05-09T13:06:08.351,-3.5801,0.0800,17.6056
2026-05-09T13:06:08.366,-3.6435,0.0800,17.6148
2026-05-09T13:06:08.381,-3.6980,0.0800,17.6240
2026-05-09T13:06:08.395,-3.7560,0.0800,17.6288
2026-05-09T13:06:08.409,-3.8159,0.0800,17.6321
2026-05-09T13:06:08.423,-3.8733,0.0800,17.6338
2026-05-09T13:06:08.438,-3.9295,0.0800,17.6374
2026-05-09T13:06:08.453,-3.9858,0.0800,17.6374
2026-05-09T13:06:08.467,-4.0477,0.0800,17.6369
2026-05-09T13:06:08.481,-4.1006,0.0800,17.6390
2026-05-09T13:06:08.496,-4.1643,0.0800,17.6369
2026-05-09T13:06:08.511,-4.2188,0.0800,17.6343
2026-05-09T13:06:08.525,-4.2723,0.0800,17.6312
2026-05-09T13:06:08.539,-4.3270,0.0800,17.6299
2026-05-09T13:06:08.553,-4.3825,0.0800,17.6250
2026-05-09T13:06:08.566,-4.4376,0.0800,17.6192
2026-05-09T13:06:08.580,-4.4841,0.0800,17.6160
2026-05-09T13:06:08.594,-4.5390,0.0800,17.6077
2026-05-09T13:06:08.608,-4.5876,0.0800,17.5993
2026-05-09T13:06:08.621,-4.6450,0.0800,17.5879
2026-05-09T13:06:08.636,-4.7000,0.0800,17.5787
2026-05-09T13:06:08.651,-4.7501,0.0800,17.5662
2026-05-09T13:06:08.666,-4.8071,0.0800,17.5506
2026-05-09T13:06:08.680,-4.8606,0.0800,17.5378
2026-05-09T13:06:08.694,-4.9163,0.0800,17.5200
2026-05-09T13:06:08.708,-4.9706,0.0800,17.5014
2026-05-09T13:06:08.722,-5.0226,0.0800,17.4853
2026-05-09T13:06:08.741,-5.0775,0.0800,17.4641
2026-05-09T13:06:08.752,-5.1292,0.0800,17.4439
2026-05-09T13:06:08.765,-5.1982,0.0800,17.4250
2026-05-09T13:06:08.780,-5.2282,0.0800,17.4232
2026-05-09T13:06:08.793,-5.2694,0.0800,17.4239
2026-05-09T13:06:08.811,-5.3125,0.0800,17.4276
2026-05-09T13:06:08.828,-5.3527,0.0800,17.4364
2026-05-09T13:06:08.849,-5.4007,0.0800,17.4445
2026-05-09T13:06:08.866,-5.4586,0.0800,17.4541
2026-05-09T13:06:08.883,-5.5125,0.0800,17.4616
2026-05-09T13:06:08.898,-5.5617,0.0800,17.4674
2026-05-09T13:06:08.913,-5.6088,0.0800,17.4718
2026-05-09T13:06:08.928,-5.6629,0.0800,17.4758
2026-05-09T13:06:08.943,-5.6998,0.0800,17.4822
2026-05-09T13:06:08.958,-5.7384,0.0800,17.4830
2026-05-09T13:06:08.973,-5.7710,0.0800,17.4830
2026-05-09T13:06:08.987,-5.7796,0.0800,17.4837
2026-05-09T13:06:09.002,-5.7841,0.0800,17.4841
2026-05-09T13:06:09.155,-5.7799,0.0800,17.4837
2026-05-09T13:06:09.170,-5.7701,0.0800,17.4829
2026-05-09T13:06:09.183,-5.7554,0.0800,17.4817
2026-05-09T13:06:09.197,-5.7211,0.0800,17.4808
2026-05-09T13:06:09.212,-5.6763,0.0800,17.4796
2026-05-09T13:06:09.226,-5.6263,0.0800,17.4775
2026-05-09T13:06:09.240,-5.5836,0.0800,17.4713
2026-05-09T13:06:09.254,-5.5378,0.0800,17.4678
2026-05-09T13:06:09.267,-5.4906,0.0800,17.4634
2026-05-09T13:06:09.282,-5.4457,0.0800,17.4550
2026-05-09T13:06:09.296,-5.4031,0.0800,17.4495
2026-05-09T13:06:09.311,-5.3572,0.0800,17.4429
2026-05-09T13:06:09.325,-5.3122,0.0800,17.4356
2026-05-09T13:06:09.339,-5.2650,0.0800,17.4238
2026-05-09T13:06:09.354,-5.2245,0.0800,17.4158
2026-05-09T13:06:09.368,-5.1781,0.0800,17.4060
2026-05-09T13:06:09.382,-5.1365,0.0800,17.3926
2026-05-09T13:06:09.396,-5.0925,0.0800,17.3817
2026-05-09T13:06:09.409,-5.0520,0.0800,17.3708
2026-05-09T13:06:09.424,-5.0082,0.0800,17.3583
2026-05-09T13:06:09.437,-4.9708,0.0800,17.3431
2026-05-09T13:06:09.452,-4.9293,0.0800,17.3297
2026-05-09T13:06:09.465,-4.8919,0.0800,17.3169
2026-05-09T13:06:09.479,-4.8500,0.0800,17.2985
2026-05-09T13:06:09.492,-4.8118,0.0800,17.2839
2026-05-09T13:06:09.507,-4.7734,0.0800,17.2686
2026-05-09T13:06:09.522,-4.7373,0.0800,17.2498
2026-05-09T13:06:09.536,-4.6947,0.0800,17.2310
2026-05-09T13:06:09.550,-4.6570,0.0800,17.2135
2026-05-09T13:06:09.562,-4.6159,0.0800,17.1936
2026-05-09T13:06:09.575,-4.5817,0.0800,17.1720
2026-05-09T13:06:09.590,-4.5502,0.0800,17.1553
2026-05-09T13:06:09.604,-4.5158,0.0800,17.1363
2026-05-09T13:06:09.619,-4.4774,0.0800,17.1106
2026-05-09T13:06:09.632,-4.4414,0.0800,17.0891
2026-05-09T13:06:09.646,-4.4047,0.0800,17.0662
2026-05-09T13:06:09.660,-4.3734,0.0800,17.0417
2026-05-09T13:06:09.675,-4.3375,0.0800,17.0176
2026-05-09T13:06:09.688,-4.3021,0.0800,16.9929
2026-05-09T13:06:09.703,-4.2667,0.0800,16.9672
2026-05-09T13:06:09.717,-4.2371,0.0800,16.9403
2026-05-09T13:06:09.730,-4.2037,0.0800,16.9142
2026-05-09T13:06:09.743,-4.1709,0.0800,16.8877
2026-05-09T13:06:09.757,-4.1429,0.0800,16.8596
2026-05-09T13:06:09.771,-4.1148,0.0800,16.8351
2026-05-09T13:06:09.785,-4.0861,0.0800,16.8093
2026-05-09T13:06:09.799,-4.0544,0.0800,16.7755
2026-05-09T13:06:09.813,-4.0284,0.0800,16.7502
2026-05-09T13:06:09.827,-3.9961,0.0800,16.7180
2026-05-09T13:06:09.842,-3.9702,0.0800,16.6856
2026-05-09T13:06:09.856,-3.9429,0.0800,16.6561
2026-05-09T13:06:09.868,-3.9147,0.0800,16.6248
2026-05-09T13:06:09.883,-3.8872,0.0800,16.5929
2026-05-09T13:06:09.896,-3.8666,0.0800,16.5627
2026-05-09T13:06:09.910,-3.8392,0.0800,16.5288
2026-05-09T13:06:09.923,-3.8172,0.0800,16.5004
2026-05-09T13:06:09.937,-3.7933,0.0800,16.4636
2026-05-09T13:06:09.952,-3.7728,0.0800,16.4352
2026-05-09T13:06:09.965,-3.7482,0.0800,16.4000
2026-05-09T13:06:09.981,-3.7267,0.0800,16.3615
2026-05-09T13:06:09.994,-3.7066,0.0800,16.3303
2026-05-09T13:06:10.007,-3.6817,0.0800,16.2903
2026-05-09T13:06:10.020,-3.6658,0.0800,16.2557
2026-05-09T13:06:10.036,-3.6463,0.0800,16.2215
2026-05-09T13:06:10.049,-3.6281,0.0800,16.1884
2026-05-09T13:06:10.061,-3.6060,0.0800,16.1466
2026-05-09T13:06:10.076,-3.5921,0.0800,16.1099
2026-05-09T13:06:10.091,-3.5772,0.0800,16.0790
2026-05-09T13:06:10.103,-3.5588,0.0800,16.0392
2026-05-09T13:06:10.119,-3.5296,0.0800,16.0083
2026-05-09T13:06:10.133,-3.5129,0.0800,15.9798
2026-05-09T13:06:10.145,-3.4887,0.0800,15.9397
2026-05-09T13:06:10.159,-3.4745,0.0800,15.8987
2026-05-09T13:06:10.175,-3.4639,0.0800,15.8686
2026-05-09T13:06:10.188,-3.4504,0.0800,15.8287
2026-05-09T13:06:10.201,-3.4363,0.0800,15.7843
2026-05-09T13:06:10.214,-3.4297,0.0800,15.7478
2026-05-09T13:06:10.229,-3.4191,0.0800,15.7096
2026-05-09T13:06:10.243,-3.4128,0.0800,15.6716
2026-05-09T13:06:10.257,-3.4016,0.0800,15.6252
2026-05-09T13:06:10.271,-3.3940,0.0800,15.5904
2026-05-09T13:06:10.285,-3.3829,0.0800,15.5352
2026-05-09T13:06:10.299,-3.3829,0.0800,15.5076
2026-05-09T13:06:10.323,-3.3743,0.0800,15.4551
2026-05-09T13:06:10.337,-3.3686,0.0800,15.4145
2026-05-09T13:06:10.350,-3.3615,0.0800,15.3565
2026-05-09T13:06:10.364,-3.3577,0.0800,15.3170
2026-05-09T13:06:10.379,-3.3579,0.0800,15.2763
2026-05-09T13:06:10.394,-3.3555,0.0800,15.2363
2026-05-09T13:06:10.408,-3.3536,0.0800,15.1937
2026-05-09T13:06:10.422,-3.3561,0.0800,15.1490
2026-05-09T13:06:10.436,-3.3558,0.0800,15.1057
2026-05-09T13:06:10.450,-3.3563,0.0800,15.0666
2026-05-09T13:06:10.463,-3.3576,0.0800,15.0251
2026-05-09T13:06:10.477,-3.3630,0.0800,14.9855
2026-05-09T13:06:10.491,-3.3658,0.0800,14.9430
2026-05-09T13:06:10.504,-3.3690,0.0800,14.9055
2026-05-09T13:06:10.518,-3.3762,0.0800,14.8659
2026-05-09T13:06:10.533,-3.3807,0.0800,14.8274
2026-05-09T13:06:10.547,-3.3862,0.0800,14.7867
2026-05-09T13:06:10.561,-3.3966,0.0800,14.7424
2026-05-09T13:06:10.574,-3.4032,0.0800,14.7041
2026-05-09T13:06:10.588,-3.4114,0.0800,14.6612
2026-05-09T13:06:10.601,-3.4228,0.0800,14.6255
2026-05-09T13:06:10.615,-3.4316,0.0800,14.5867
2026-05-09T13:06:10.630,-3.4412,0.0800,14.5477
2026-05-09T13:06:10.644,-3.4514,0.0800,14.5093
2026-05-09T13:06:10.658,-3.4673,0.0800,14.4659
2026-05-09T13:06:10.671,-3.4784,0.0800,14.4296
2026-05-09T13:06:10.686,-3.4909,0.0800,14.3910
2026-05-09T13:06:10.699,-3.5070,0.0800,14.3546
2026-05-09T13:06:10.713,-3.5217,0.0800,14.3138
2026-05-09T13:06:10.727,-3.5355,0.0800,14.2778
2026-05-09T13:06:10.742,-3.5538,0.0800,14.2413
2026-05-09T13:06:10.755,-3.5713,0.0800,14.2000
2026-05-09T13:06:10.769,-3.5872,0.0800,14.1639
2026-05-09T13:06:10.783,-3.6029,0.0800,14.1300
2026-05-09T13:06:10.797,-3.6223,0.0800,14.0973
2026-05-09T13:06:10.811,-3.6379,0.0800,14.0659
2026-05-09T13:06:10.825,-3.6562,0.0800,14.0306
2026-05-09T13:06:10.839,-3.6751,0.0800,14.0038
2026-05-09T13:06:10.853,-3.6921,0.0800,13.9738
2026-05-09T13:06:10.866,-3.7106,0.0800,13.9424
2026-05-09T13:06:10.881,-3.7314,0.0800,13.9150
2026-05-09T13:06:10.894,-3.7503,0.0800,13.8853
2026-05-09T13:06:10.908,-3.7727,0.0800,13.8518
2026-05-09T13:06:10.922,-3.7949,0.0800,13.8200
2026-05-09T13:06:10.936,-3.8207,0.0800,13.7903
2026-05-09T13:06:10.950,-3.8438,0.0800,13.7595
2026-05-09T13:06:10.964,-3.8671,0.0800,13.7296
2026-05-09T13:06:10.977,-3.8952,0.0800,13.7002
2026-05-09T13:06:10.991,-3.9209,0.0800,13.6696
2026-05-09T13:06:11.005,-3.9450,0.0800,13.6419
2026-05-09T13:06:11.019,-3.9747,0.0800,13.6139
2026-05-09T13:06:11.033,-4.0020,0.0800,13.5847
2026-05-09T13:06:11.048,-4.0285,0.0800,13.5574
2026-05-09T13:06:11.061,-4.0595,0.0800,13.5314
2026-05-09T13:06:11.075,-4.0879,0.0800,13.5042
2026-05-09T13:06:11.089,-4.1171,0.0800,13.4771
2026-05-09T13:06:11.103,-4.1466,0.0800,13.4509
2026-05-09T13:06:11.118,-4.1769,0.0800,13.4296
2026-05-09T13:06:11.131,-4.2085,0.0800,13.4034
2026-05-09T13:06:11.145,-4.2412,0.0800,13.3774
2026-05-09T13:06:11.159,-4.2746,0.0800,13.3565
2026-05-09T13:06:11.173,-4.3041,0.0800,13.3347
2026-05-09T13:06:11.187,-4.3363,0.0800,13.3118
2026-05-09T13:06:11.201,-4.3721,0.0800,13.2916
2026-05-09T13:06:11.215,-4.4060,0.0800,13.2692
2026-05-09T13:06:11.229,-4.4394,0.0800,13.2482
2026-05-09T13:06:11.243,-4.4723,0.0800,13.2283
2026-05-09T13:06:11.257,-4.5110,0.0800,13.2096
2026-05-09T13:06:11.272,-4.5442,0.0800,13.1912
2026-05-09T13:06:11.285,-4.5828,0.0800,13.1710
2026-05-09T13:06:11.298,-4.6297,0.0800,13.1515
2026-05-09T13:06:11.312,-4.6646,0.0800,13.1352
2026-05-09T13:06:11.326,-4.7105,0.0800,13.1150
2026-05-09T13:06:11.341,-4.7540,0.0800,13.1003
2026-05-09T13:06:11.355,-4.8023,0.0800,13.0812
2026-05-09T13:06:11.369,-4.8596,0.0800,13.0596
2026-05-09T13:06:11.382,-4.9079,0.0800,13.0425
2026-05-09T13:06:11.396,-4.9597,0.0800,13.0276
2026-05-09T13:06:11.410,-5.0079,0.0800,13.0120
2026-05-09T13:06:11.424,-5.0613,0.0800,12.9954
2026-05-09T13:06:11.438,-5.1132,0.0800,12.9830
2026-05-09T13:06:11.453,-5.1604,0.0800,12.9698
2026-05-09T13:06:11.465,-5.2209,0.0800,12.9538
2026-05-09T13:06:11.479,-5.2726,0.0800,12.9441
2026-05-09T13:06:11.494,-5.3196,0.0800,12.9330
2026-05-09T13:06:11.508,-5.3722,0.0800,12.9213
2026-05-09T13:06:11.522,-5.4280,0.0800,12.9125
2026-05-09T13:06:11.536,-5.4850,0.0800,12.9015
2026-05-09T13:06:11.550,-5.5371,0.0800,12.8923
2026-05-09T13:06:11.563,-5.5936,0.0800,12.8831
2026-05-09T13:06:11.578,-5.6450,0.0800,12.8783
2026-05-09T13:06:11.591,-5.6959,0.0800,12.8715
2026-05-09T13:06:11.605,-5.7534,0.0800,12.8646
2026-05-09T13:06:11.620,-5.8028,0.0800,12.8623
2026-05-09T13:06:11.633,-5.8582,0.0800,12.8573
2026-05-09T13:06:11.647,-5.9148,0.0800,12.8531
2026-05-09T13:06:11.660,-5.9677,0.0800,12.8530
2026-05-09T13:06:11.675,-6.0174,0.0800,12.8511
2026-05-09T13:06:11.688,-6.0692,0.0800,12.8501
2026-05-09T13:06:11.701,-6.1333,0.0800,12.8500
2026-05-09T13:06:11.716,-6.1795,0.0800,12.8542
2026-05-09T13:06:11.730,-6.2280,0.0800,12.8564
2026-05-09T13:06:11.744,-6.2853,0.0800,12.8604
2026-05-09T13:06:11.758,-6.3411,0.0800,12.8688
2026-05-09T13:06:11.771,-6.3902,0.0800,12.8750
2026-05-09T13:06:11.784,-6.4568,0.0800,12.8852
2026-05-09T13:06:11.799,-6.4937,0.0800,12.8956
2026-05-09T13:06:11.813,-6.5599,0.0800,12.9099
2026-05-09T13:06:11.835,-6.6086,0.0800,12.9222
2026-05-09T13:06:11.850,-6.6567,0.0800,12.9361
2026-05-09T13:06:11.864,-6.7223,0.0800,12.9589
2026-05-09T13:06:11.881,-6.7745,0.0800,12.9828
2026-05-09T13:06:11.894,-6.8181,0.0800,13.0017
2026-05-09T13:06:11.908,-6.8496,0.0800,13.0167
2026-05-09T13:06:11.922,-6.8712,0.0800,13.0297
2026-05-09T13:06:11.934,-6.8814,0.0800,13.0359
2026-05-09T13:06:11.948,-6.8887,0.0800,13.0405
2026-05-09T13:06:11.963,-6.8922,0.0800,13.0427
2026-05-09T13:06:12.228,-6.8962,0.0800,13.0466
2026-05-09T13:06:12.244,-6.9073,0.0800,13.0571
2026-05-09T13:06:12.259,-6.9266,0.0800,13.0745
2026-05-09T13:06:12.275,-6.9622,0.0800,13.1071
2026-05-09T13:06:12.291,-7.0014,0.0800,13.1448
2026-05-09T13:06:12.307,-7.0356,0.0800,13.1796
2026-05-09T13:06:12.323,-7.0694,0.0800,13.2188
2026-05-09T13:06:12.339,-7.1037,0.0800,13.2571
2026-05-09T13:06:12.354,-7.1339,0.0800,13.2927
2026-05-09T13:06:12.369,-7.1665,0.0800,13.3331
2026-05-09T13:06:12.385,-7.1951,0.0800,13.3742
2026-05-09T13:06:12.401,-7.2229,0.0800,13.4129
2026-05-09T13:06:12.417,-7.2535,0.0800,13.4580
2026-05-09T13:06:12.434,-7.2797,0.0800,13.4990
2026-05-09T13:06:12.450,-7.3037,0.0800,13.5389
2026-05-09T13:06:12.467,-7.3305,0.0800,13.5902
2026-05-09T13:06:12.482,-7.3525,0.0800,13.6325
2026-05-09T13:06:12.498,-7.3780,0.0800,13.6851
2026-05-09T13:06:12.515,-7.3960,0.0800,13.7252
2026-05-09T13:06:12.531,-7.4154,0.0800,13.7712
2026-05-09T13:06:12.549,-7.4337,0.0800,13.8178
2026-05-09T13:06:12.565,-7.4507,0.0800,13.8698
2026-05-09T13:06:12.582,-7.4676,0.0800,13.9209
2026-05-09T13:06:12.599,-7.4834,0.0800,13.9728
2026-05-09T13:06:12.615,-7.4969,0.0800,14.0214
2026-05-09T13:06:12.632,-7.5096,0.0800,14.0714
2026-05-09T13:06:12.647,-7.5206,0.0800,14.1190
2026-05-09T13:06:12.662,-7.5307,0.0800,14.1761
2026-05-09T13:06:12.679,-7.5384,0.0800,14.2179
2026-05-09T13:06:12.695,-7.5472,0.0800,14.2700
2026-05-09T13:06:12.712,-7.5541,0.0800,14.3163
2026-05-09T13:06:12.727,-7.5605,0.0800,14.3657
2026-05-09T13:06:12.744,-7.5649,0.0800,14.3659
2026-05-09T13:06:12.761,-7.5691,0.0800,14.3666
2026-05-09T13:06:12.777,-7.5714,0.0800,14.3679
2026-05-09T13:06:12.793,-7.5719,0.0800,14.3686
2026-05-09T13:06:12.807,-7.5720,0.0800,14.3700
2026-05-09T13:06:13.021,-7.5890,0.0800,14.3515
2026-05-09T13:06:13.036,-7.6636,0.0800,14.2944
2026-05-09T13:06:13.052,-7.7357,0.0800,14.2394
2026-05-09T13:06:13.067,-7.8018,0.0800,14.1892
2026-05-09T13:06:13.082,-7.8637,0.0800,14.1426
2026-05-09T13:06:13.099,-7.9241,0.0800,14.0972
2026-05-09T13:06:13.115,-7.9844,0.0800,14.0518
2026-05-09T13:06:13.132,-8.0476,0.0800,14.0042
2026-05-09T13:06:13.147,-8.1141,0.0800,13.9543
2026-05-09T13:06:13.163,-8.1880,0.0800,13.8989
2026-05-09T13:06:13.180,-8.2433,0.0800,13.8574
2026-05-09T13:06:13.197,-8.3094,0.0800,13.8078
2026-05-09T13:06:13.214,-8.3724,0.0800,13.7604
2026-05-09T13:06:13.231,-8.4438,0.0800,13.7067
2026-05-09T13:06:13.248,-8.5095,0.0800,13.6572
2026-05-09T13:06:13.265,-8.5844,0.0800,13.6006
2026-05-09T13:06:13.280,-8.6465,0.0800,13.5537
2026-05-09T13:06:13.295,-8.7161,0.0800,13.5009
2026-05-09T13:06:13.310,-8.7719,0.0800,13.4585
2026-05-09T13:06:13.324,-8.8322,0.0800,13.4126
2026-05-09T13:06:13.340,-8.8897,0.0800,13.3688
2026-05-09T13:06:13.357,-8.9462,0.0800,13.3255
2026-05-09T13:06:13.375,-9.0107,0.0800,13.2753
2026-05-09T13:06:13.391,-9.0821,0.0800,13.2194
2026-05-09T13:06:13.405,-9.1475,0.0800,13.1666
2026-05-09T13:06:13.419,-9.2106,0.0800,13.1151
2026-05-09T13:06:13.434,-9.2631,0.0800,13.0717
2026-05-09T13:06:13.449,-9.3206,0.0800,13.0213
2026-05-09T13:06:13.465,-9.3778,0.0800,13.0653
2026-05-09T13:06:13.480,-9.4297,0.0800,13.1123
2026-05-09T13:06:13.496,-9.4736,0.0800,13.1634
2026-05-09T13:06:13.512,-9.4980,0.0800,13.2129
2026-05-09T13:06:13.528,-9.5183,0.0800,13.2701
2026-05-09T13:06:13.543,-9.5227,0.0800,13.3220
2026-05-09T13:06:13.557,-9.5267,0.0800,13.3745
2026-05-09T13:06:13.571,-9.5277,0.0800,13.4210
2026-05-09T13:06:13.585,-9.5260,0.0800,13.4651
2026-05-09T13:06:13.600,-9.5211,0.0800,13.5161
2026-05-09T13:06:13.615,-9.5174,0.0800,13.5594
2026-05-09T13:06:13.630,-9.5126,0.0800,13.6083
2026-05-09T13:06:13.645,-9.5071,0.0800,13.6553
2026-05-09T13:06:13.660,-9.4983,0.0800,13.7088
2026-05-09T13:06:13.674,-9.4919,0.0800,13.7510
2026-05-09T13:06:13.688,-9.4838,0.0800,13.7994
2026-05-09T13:06:13.702,-9.4751,0.0800,13.8471
2026-05-09T13:06:13.717,-9.4639,0.0800,13.8939
2026-05-09T13:06:13.731,-9.4519,0.0800,13.9491
2026-05-09T13:06:13.744,-9.4422,0.0800,13.9896
2026-05-09T13:06:13.758,-9.4281,0.0800,14.0395
2026-05-09T13:06:13.781,-9.4175,0.0800,14.0783
2026-05-09T13:06:13.795,-9.4052,0.0800,14.1211
2026-05-09T13:06:13.810,-9.3869,0.0800,14.1811
2026-05-09T13:06:13.824,-9.3715,0.0800,14.2281
2026-05-09T13:06:13.838,-9.3539,0.0800,14.2734
2026-05-09T13:06:13.852,-9.3381,0.0800,14.3165
2026-05-09T13:06:13.866,-9.3221,0.0800,14.3583
2026-05-09T13:06:13.880,-9.3029,0.0800,14.4019
2026-05-09T13:06:13.894,-9.2855,0.0800,14.4432
2026-05-09T13:06:13.908,-9.2675,0.0800,14.4843
2026-05-09T13:06:13.923,-9.2461,0.0800,14.5271
2026-05-09T13:06:13.937,-9.2260,0.0800,14.5693
2026-05-09T13:06:13.950,-9.2046,0.0800,14.6124
2026-05-09T13:06:13.964,-9.1845,0.0800,14.6510
2026-05-09T13:06:13.978,-9.1614,0.0800,14.6906
2026-05-09T13:06:13.992,-9.1401,0.0800,14.7287
2026-05-09T13:06:14.006,-9.1169,0.0800,14.7690
2026-05-09T13:06:14.021,-9.0907,0.0800,14.8093
2026-05-09T13:06:14.035,-9.0672,0.0800,14.8471
2026-05-09T13:06:14.049,-9.0419,0.0800,14.8866
2026-05-09T13:06:14.062,-9.0174,0.0800,14.9232
2026-05-09T13:06:14.077,-8.9892,0.0800,14.9613
2026-05-09T13:06:14.091,-8.9643,0.0800,14.9963
2026-05-09T13:06:14.105,-8.9344,0.0800,15.0370
2026-05-09T13:06:14.120,-8.9041,0.0800,15.0737
2026-05-09T13:06:14.133,-8.8748,0.0800,15.1110
2026-05-09T13:06:14.147,-8.8476,0.0800,15.1445
2026-05-09T13:06:14.161,-8.8151,0.0800,15.1808
2026-05-09T13:06:14.175,-8.7874,0.0800,15.2127
2026-05-09T13:06:14.188,-8.7584,0.0800,15.2453
2026-05-09T13:06:14.203,-8.7266,0.0800,15.2800
2026-05-09T13:06:14.217,-8.6935,0.0800,15.3123
2026-05-09T13:06:14.230,-8.6597,0.0800,15.3469
2026-05-09T13:06:14.244,-8.6279,0.0800,15.3782
2026-05-09T13:06:14.259,-8.6131,0.0800,15.4083
2026-05-09T13:06:14.273,-8.6142,0.0800,15.4393
2026-05-09T13:06:14.286,-8.6151,0.0800,15.4700
2026-05-09T13:06:14.301,-8.6152,0.0800,15.5018
2026-05-09T13:06:14.314,-8.6165,0.0800,15.5292
2026-05-09T13:06:14.328,-8.6174,0.0800,15.5572
2026-05-09T13:06:14.342,-8.6174,0.0800,15.5856
2026-05-09T13:06:14.356,-8.6186,0.0800,15.6110
2026-05-09T13:06:14.370,-8.6199,0.0800,15.6400
2026-05-09T13:06:14.384,-8.6202,0.0800,15.6653
2026-05-09T13:06:14.398,-8.6204,0.0800,15.6919
2026-05-09T13:06:14.412,-8.6215,0.0800,15.7156
2026-05-09T13:06:14.425,-8.6223,0.0800,15.7400
2026-05-09T13:06:14.440,-8.6224,0.0800,15.7646
2026-05-09T13:06:14.454,-8.6235,0.0800,15.7870
2026-05-09T13:06:14.467,-8.6245,0.0800,15.8113
2026-05-09T13:06:14.481,-8.6242,0.0800,15.8333
2026-05-09T13:06:14.495,-8.6253,0.0800,15.8535
2026-05-09T13:06:14.509,-8.6259,0.0800,15.8738
2026-05-09T13:06:14.523,-8.6266,0.0800,15.8944
2026-05-09T13:06:14.536,-8.6264,0.0800,15.9133
2026-05-09T13:06:14.551,-8.6274,0.0800,15.9315
2026-05-09T13:06:14.563,-8.6279,0.0800,15.9491
2026-05-09T13:06:14.578,-8.6281,0.0800,15.9671
2026-05-09T13:06:14.592,-8.6286,0.0800,15.9825
2026-05-09T13:06:14.605,-8.6296,0.0800,16.0001
2026-05-09T13:06:14.619,-8.6291,0.0800,16.0145
2026-05-09T13:06:14.634,-8.6303,0.0800,16.0304
2026-05-09T13:06:14.647,-8.6301,0.0800,16.0434
2026-05-09T13:06:14.661,-8.6311,0.0800,16.0582
2026-05-09T13:06:14.674,-8.6302,0.0800,16.0686
2026-05-09T13:06:14.688,-8.6316,0.0800,16.0816
2026-05-09T13:06:14.701,-8.6310,0.0800,16.0913
2026-05-09T13:06:14.714,-8.6320,0.0800,16.1024
2026-05-09T13:06:14.729,-8.6319,0.0800,16.1117
2026-05-09T13:06:14.743,-8.6319,0.0800,16.1198
2026-05-09T13:06:14.757,-8.6330,0.0800,16.1298
2026-05-09T13:06:14.770,-8.6326,0.0800,16.1376
2026-05-09T13:06:14.784,-8.6329,0.0800,16.1451
2026-05-09T13:06:14.798,-8.6328,0.0800,16.1508
2026-05-09T13:06:14.813,-8.6332,0.0800,16.1569
2026-05-09T13:06:14.831,-8.6347,0.0800,16.1648
2026-05-09T13:06:14.849,-8.6330,0.0800,16.1688
2026-05-09T13:06:14.867,-8.6338,0.0800,16.1721
2026-05-09T13:06:14.884,-8.6345,0.0800,16.1761
2026-05-09T13:06:14.903,-8.6344,0.0800,16.1781
2026-05-09T13:06:14.922,-8.6344,0.0800,16.1801
2026-05-09T13:06:14.941,-8.6346,0.0800,16.1808
2026-05-09T13:06:14.959,-8.6345,0.0800,16.1802
2026-05-09T13:06:14.974,-8.6348,0.0800,16.1782
2026-05-09T13:06:14.989,-8.6336,0.0800,16.1754
2026-05-09T13:06:15.005,-8.6330,0.0800,16.1698
2026-05-09T13:06:15.023,-8.6328,0.0800,16.1657
2026-05-09T13:06:15.041,-8.6330,0.0800,16.1602
2026-05-09T13:06:15.062,-8.6334,0.0800,16.1527
2026-05-09T13:06:15.082,-8.6325,0.0800,16.1449
2026-05-09T13:06:15.101,-8.6329,0.0800,16.1344
2026-05-09T13:06:15.117,-8.6327,0.0800,16.1218
2026-05-09T13:06:15.133,-8.6316,0.0800,16.1093
2026-05-09T13:06:15.150,-8.6303,0.0800,16.0986
2026-05-09T13:06:15.167,-8.6320,0.0800,16.0787
2026-05-09T13:06:15.184,-8.6277,0.0800,16.0675
2026-05-09T13:06:15.200,-8.6294,0.0800,16.0520
2026-05-09T13:06:15.224,-8.6287,0.0800,16.0363
2026-05-09T13:06:15.248,-8.6292,0.0800,16.0141
2026-05-09T13:06:15.268,-8.6278,0.0800,15.9937
2026-05-09T13:06:15.285,-8.6283,0.0800,15.9639
2026-05-09T13:06:15.303,-8.6259,0.0800,15.9414
2026-05-09T13:06:15.320,-8.6254,0.0800,15.9155
2026-05-09T13:06:15.338,-8.6237,0.0800,15.8955
2026-05-09T13:06:15.357,-8.6234,0.0800,15.8714
2026-05-09T13:06:15.378,-8.6227,0.0800,15.8459
2026-05-09T13:06:15.397,-8.6223,0.0800,15.8150
2026-05-09T13:06:15.415,-8.6212,0.0800,15.7832
2026-05-09T13:06:15.431,-8.6201,0.0800,15.7508
2026-05-09T13:06:15.449,-8.6186,0.0800,15.7225
2026-05-09T13:06:15.467,-8.6177,0.0800,15.6891
2026-05-09T13:06:15.488,-8.6168,0.0800,15.6583
2026-05-09T13:06:15.507,-8.6160,0.0800,15.6240
2026-05-09T13:06:15.525,-8.6151,0.0800,15.5848
2026-05-09T13:06:15.544,-8.6137,0.0800,15.5461
2026-05-09T13:06:15.562,-8.6123,0.0800,15.5092
2026-05-09T13:06:15.581,-8.6111,0.0800,15.4712
2026-05-09T13:06:15.600,-8.6099,0.0800,15.4338
2026-05-09T13:06:15.618,-8.6089,0.0800,15.3916
2026-05-09T13:06:15.636,-8.6076,0.0800,15.3485
2026-05-09T13:06:15.656,-8.6060,0.0800,15.3103
2026-05-09T13:06:15.678,-8.6048,0.0800,15.2623
2026-05-09T13:06:15.697,-8.5897,0.0800,15.2164
2026-05-09T13:06:15.716,-8.5621,0.0800,15.1548
2026-05-09T13:06:15.735,-8.5226,0.0800,15.1082
2026-05-09T13:06:15.755,-8.4848,0.0800,15.0617
2026-05-09T13:06:15.775,-8.4471,0.0800,15.0133
2026-05-09T13:06:15.797,-8.4099,0.0800,14.9633
2026-05-09T13:06:15.819,-8.3716,0.0800,14.9095
2026-05-09T13:06:15.840,-8.3332,0.0800,14.8528
2026-05-09T13:06:15.861,-8.2944,0.0800,14.7926
2026-05-09T13:06:15.881,-8.2591,0.0800,14.7347
2026-05-09T13:06:15.902,-8.2254,0.0800,14.6763
2026-05-09T13:06:15.924,-8.1954,0.0800,14.6214
2026-05-09T13:06:15.945,-8.1627,0.0800,14.5586
2026-05-09T13:06:15.966,-8.1331,0.0800,14.4983
2026-05-09T13:06:15.986,-8.1041,0.0800,14.4355
2026-05-09T13:06:16.005,-8.0797,0.0800,14.3802
2026-05-09T13:06:16.025,-8.0648,0.0800,14.3445
2026-05-09T13:06:16.045,-8.0521,0.0800,14.3126
2026-05-09T13:06:16.069,-8.0453,0.0800,14.2959
2026-05-09T13:06:16.097,-8.0393,0.0800,14.2811
2026-05-09T13:06:16.127,-8.0398,0.0800,14.2828
2026-05-09T13:06:16.159,-8.0410,0.0800,14.2869
2026-05-09T13:06:16.185,-8.0451,0.0800,14.3000
2026-05-09T13:06:16.208,-8.0554,0.0800,14.3329
2026-05-09T13:06:16.228,-8.0655,0.0800,14.3649
2026-05-09T13:06:16.248,-8.0780,0.0800,14.4046
2026-05-09T13:06:16.270,-8.0866,0.0800,14.4313
2026-05-09T13:06:16.296,-8.0991,0.0800,14.4703
2026-05-09T13:06:16.323,-8.1122,0.0800,14.5109
2026-05-09T13:06:16.352,-8.1286,0.0800,14.5609
2026-05-09T13:06:16.373,-8.1451,0.0800,14.6113
2026-05-09T13:06:16.394,-8.1635,0.0800,14.6670
2026-05-09T13:06:16.415,-8.1746,0.0800,14.7003
2026-05-09T13:06:16.437,-8.1844,0.0800,14.7297
2026-05-09T13:06:16.458,-8.1911,0.0800,14.7496
2026-05-09T13:06:16.479,-8.1939,0.0800,14.7581
2026-05-09T13:06:16.536,-8.2081,0.0800,14.7632
2026-05-09T13:06:16.554,-8.2271,0.0800,14.7698
2026-05-09T13:06:16.573,-8.2804,0.0800,14.7855
2026-05-09T13:06:16.592,-8.3683,0.0800,14.8112
2026-05-09T13:06:16.614,-8.4545,0.0800,14.8370
2026-05-09T13:06:16.637,-8.5485,0.0800,14.8664
2026-05-09T13:06:16.663,-8.6493,0.0800,14.8985
2026-05-09T13:06:16.686,-8.7608,0.0800,14.9352
2026-05-09T13:06:16.706,-8.8867,0.0800,14.9766
2026-05-09T13:06:16.725,-8.9918,0.0800,15.0111
2026-05-09T13:06:16.745,-9.1100,0.0800,15.0495
2026-05-09T13:06:16.764,-9.1770,0.0800,15.0708
2026-05-09T13:06:16.787,-9.2708,0.0800,15.1005
2026-05-09T13:06:16.810,-9.3610,0.0800,15.1287
2026-05-09T13:06:16.831,-9.4764,0.0800,15.1647
2026-05-09T13:06:16.851,-9.5797,0.0800,15.1964
2026-05-09T13:06:16.871,-9.6828,0.0800,15.2278
2026-05-09T13:06:16.889,-9.7726,0.0800,15.2548
2026-05-09T13:06:16.908,-9.8819,0.0800,15.2877
2026-05-09T13:06:16.925,-9.9581,0.0800,15.3107
2026-05-09T13:06:16.946,-10.0451,0.0800,15.3383
2026-05-09T13:06:16.967,-10.1317,0.0800,15.3691
2026-05-09T13:06:16.986,-10.2243,0.0800,15.4076
2026-05-09T13:06:17.006,-10.2980,0.0800,15.4471
2026-05-09T13:06:17.024,-10.3482,0.0800,15.4806
2026-05-09T13:06:17.043,-10.3938,0.0800,15.5154
2026-05-09T13:06:17.062,-10.4250,0.0800,15.5502
2026-05-09T13:06:17.083,-10.4511,0.0800,15.5835
2026-05-09T13:06:17.106,-10.4746,0.0800,15.6220
2026-05-09T13:06:17.127,-10.4989,0.0800,15.6673
2026-05-09T13:06:17.147,-10.5240,0.0800,15.7225
2026-05-09T13:06:17.166,-10.5412,0.0800,15.7644
2026-05-09T13:06:17.185,-10.5598,0.0800,15.8137
2026-05-09T13:06:17.205,-10.5761,0.0800,15.8636
2026-05-09T13:06:17.226,-10.5916,0.0800,15.9170
2026-05-09T13:06:17.249,-10.6073,0.0800,15.9810
2026-05-09T13:06:17.272,-10.6219,0.0800,16.0498
2026-05-09T13:06:17.292,-10.6419,0.0800,16.1374
2026-05-09T13:06:17.311,-10.6687,0.0800,16.2394
2026-05-09T13:06:17.330,-10.6898,0.0800,16.3068
2026-05-09T13:06:17.349,-10.7114,0.0800,16.3832
2026-05-09T13:06:17.371,-10.7342,0.0800,16.4629
2026-05-09T13:06:17.393,-10.7556,0.0800,16.5371
2026-05-09T13:06:17.419,-10.7828,0.0800,16.6310
2026-05-09T13:06:17.448,-10.8086,0.0800,16.7206
2026-05-09T13:06:17.469,-10.8406,0.0800,16.8321
2026-05-09T13:06:17.491,-10.8762,0.0800,16.9577
2026-05-09T13:06:17.511,-10.9028,0.0800,17.0522
2026-05-09T13:06:17.531,-10.9283,0.0800,17.1462
2026-05-09T13:06:17.551,-10.9283,0.0800,17.2315
2026-05-09T13:06:17.571,-10.9283,0.0800,17.3154
2026-05-09T13:06:17.595,-10.9283,0.0800,17.4065
2026-05-09T13:06:17.617,-10.9283,0.0800,17.4933
2026-05-09T13:06:17.642,-10.9251,0.0800,17.6002
2026-05-09T13:06:17.662,-10.9248,0.0800,17.6973
2026-05-09T13:06:17.683,-10.9255,0.0800,17.8194
2026-05-09T13:06:17.703,-10.9298,0.0800,17.9081
2026-05-09T13:06:17.724,-10.9312,0.0800,18.0039
2026-05-09T13:06:17.745,-10.9334,0.0800,18.1030
2026-05-09T13:06:17.764,-10.9359,0.0800,18.1991
2026-05-09T13:06:17.784,-10.9382,0.0800,18.2941
2026-05-09T13:06:17.805,-10.9377,0.0800,18.3866
2026-05-09T13:06:17.828,-10.9346,0.0800,18.4758
2026-05-09T13:06:17.851,-10.9281,0.0800,18.5788
2026-05-09T13:06:17.875,-10.9181,0.0800,18.6836
2026-05-09T13:06:17.898,-10.9045,0.0800,18.7901
2026-05-09T13:06:17.918,-10.8854,0.0800,18.9078
2026-05-09T13:06:17.939,-10.8652,0.0800,19.0091
2026-05-09T13:06:17.959,-10.8440,0.0800,19.1004
2026-05-09T13:06:17.978,-10.8180,0.0800,19.1996
2026-05-09T13:06:17.999,-10.7936,0.0800,19.2822
2026-05-09T13:06:18.019,-10.7654,0.0800,19.3691
2026-05-09T13:06:18.045,-10.7314,0.0800,19.4649
2026-05-09T13:06:18.071,-10.6983,0.0800,19.5495
2026-05-09T13:06:18.101,-10.6496,0.0800,19.6642
2026-05-09T13:06:18.126,-10.5966,0.0800,19.7772
2026-05-09T13:06:18.150,-10.5344,0.0800,19.8980
2026-05-09T13:06:18.174,-10.4781,0.0800,19.9974
2026-05-09T13:06:18.194,-10.4173,0.0800,20.0966
2026-05-09T13:06:18.213,-10.3550,0.0800,20.1909
2026-05-09T13:06:18.235,-10.3102,0.0800,20.2646
2026-05-09T13:06:18.260,-10.2567,0.0800,20.3355
2026-05-09T13:06:18.287,-10.1926,0.0800,20.4157
2026-05-09T13:06:18.314,-10.1133,0.0800,20.5087
2026-05-09T13:06:18.337,-10.0315,0.0800,20.5978
2026-05-09T13:06:18.360,-9.9429,0.0800,20.6875
2026-05-09T13:06:18.381,-9.8644,0.0800,20.7632
2026-05-09T13:06:18.404,-9.7900,0.0800,20.8340
2026-05-09T13:06:18.426,-9.7223,0.0800,20.9001
2026-05-09T13:06:18.449,-9.6484,0.0800,20.9719
2026-05-09T13:06:18.473,-9.5751,0.0800,21.0428
2026-05-09T13:06:18.495,-9.5065,0.0800,21.1080
2026-05-09T13:06:18.515,-9.4273,0.0800,21.1790
2026-05-09T13:06:18.535,-9.3683,0.0800,21.2283
2026-05-09T13:06:18.555,-9.3137,0.0800,21.2720
2026-05-09T13:06:18.575,-9.2582,0.0800,21.3103
2026-05-09T13:06:18.595,-9.2073,0.0800,21.3436
2026-05-09T13:06:18.616,-9.1534,0.0800,21.3727
2026-05-09T13:06:18.639,-9.0938,0.0800,21.4011
2026-05-09T13:06:18.664,-9.0333,0.0800,21.4265
2026-05-09T13:06:18.688,-8.9584,0.0800,21.4563
2026-05-09T13:06:18.712,-8.8723,0.0800,21.4856
2026-05-09T13:06:18.733,-8.7936,0.0800,21.5083
2026-05-09T13:06:18.753,-8.7064,0.0800,21.5320
2026-05-09T13:06:18.774,-8.6201,0.0800,21.5506
2026-05-09T13:06:18.795,-8.5425,0.0800,21.5658
2026-05-09T13:06:18.814,-8.4402,0.0800,21.5776
2026-05-09T13:06:18.833,-8.3428,0.0800,21.5860
2026-05-09T13:06:18.853,-8.2502,0.0800,21.5909
2026-05-09T13:06:18.873,-8.1568,0.0800,21.5948
2026-05-09T13:06:18.894,-8.0530,0.0800,21.5987
2026-05-09T13:06:18.913,-7.9479,0.0800,21.6020
2026-05-09T13:06:18.931,-7.8476,0.0800,21.6053
2026-05-09T13:06:18.951,-7.7531,0.0800,21.6077
2026-05-09T13:06:18.969,-7.6623,0.0800,21.6102
2026-05-09T13:06:18.988,-7.5621,0.0800,21.6125
2026-05-09T13:06:19.007,-7.4710,0.0800,21.6147
2026-05-09T13:06:19.026,-7.3784,0.0800,21.6169
2026-05-09T13:06:19.044,-7.2808,0.0800,21.6191
2026-05-09T13:06:19.062,-7.1847,0.0800,21.6207
2026-05-09T13:06:19.080,-7.0976,0.0800,21.6204
2026-05-09T13:06:19.099,-7.0265,0.0800,21.6187
2026-05-09T13:06:19.119,-6.9609,0.0800,21.6161
2026-05-09T13:06:19.138,-6.9960,0.0800,21.5833
2026-05-09T13:06:19.157,-7.0336,0.0800,21.5518
2026-05-09T13:06:19.176,-7.0767,0.0800,21.5262
2026-05-09T13:06:19.195,-7.1103,0.0800,21.5093
2026-05-09T13:06:19.213,-7.1515,0.0800,21.4914
2026-05-09T13:06:19.232,-7.1922,0.0800,21.4758
2026-05-09T13:06:19.250,-7.2371,0.0800,21.4643
2026-05-09T13:06:19.267,-7.2785,0.0800,21.4512
2026-05-09T13:06:19.285,-7.3175,0.0800,21.4400
2026-05-09T13:06:19.302,-7.3576,0.0800,21.4296
2026-05-09T13:06:19.320,-7.3954,0.0800,21.4206
2026-05-09T13:06:19.339,-7.4331,0.0800,21.4122
2026-05-09T13:06:19.357,-7.4654,0.0800,21.4058
2026-05-09T13:06:19.375,-7.4858,0.0800,21.4022
2026-05-09T13:06:19.392,-7.4870,0.0800,21.4021
2026-05-09T13:06:19.585,-7.4829,0.0800,21.4024
2026-05-09T13:06:19.603,-7.4618,0.0800,21.4053
2026-05-09T13:06:19.620,-7.4422,0.0800,21.4082
2026-05-09T13:06:19.638,-7.3991,0.0800,21.4159
2026-05-09T13:06:19.656,-7.3596,0.0800,21.4240
2026-05-09T13:06:19.673,-7.3190,0.0800,21.4333
2026-05-09T13:06:19.689,-7.2809,0.0800,21.4431
2026-05-09T13:06:19.705,-7.2367,0.0800,21.4516
2026-05-09T13:06:19.722,-7.2015,0.0800,21.4624
2026-05-09T13:06:19.739,-7.1638,0.0800,21.4749
2026-05-09T13:06:19.757,-7.1281,0.0800,21.4876
2026-05-09T13:06:19.775,-7.0903,0.0800,21.5021
2026-05-09T13:06:19.793,-7.0533,0.0800,21.5170
2026-05-09T13:06:19.809,-7.0133,0.0800,21.5324
2026-05-09T13:06:19.825,-6.9685,0.0800,21.5461
2026-05-09T13:06:19.841,-6.9354,0.0800,21.5596
2026-05-09T13:06:19.857,-6.9008,0.0800,21.5747
2026-05-09T13:06:19.875,-6.8664,0.0800,21.5906
2026-05-09T13:06:19.892,-6.8309,0.0800,21.6081
2026-05-09T13:06:19.909,-6.7941,0.0800,21.6278
2026-05-09T13:06:19.925,-6.7561,0.0800,21.6452
2026-05-09T13:06:19.942,-6.7227,0.0800,21.6654
2026-05-09T13:06:19.957,-6.6891,0.0800,21.6868
2026-05-09T13:06:19.973,-6.6575,0.0800,21.7081
2026-05-09T13:06:19.988,-6.6294,0.0800,21.7280
2026-05-09T13:06:20.005,-6.5946,0.0800,21.7498
2026-05-09T13:06:20.021,-6.5675,0.0800,21.7708
2026-05-09T13:06:20.037,-6.5370,0.0800,21.7956
2026-05-09T13:06:20.054,-6.5091,0.0800,21.8194
2026-05-09T13:06:20.071,-6.4776,0.0800,21.8475
2026-05-09T13:06:20.086,-6.4470,0.0800,21.8709
2026-05-09T13:06:20.102,-6.4190,0.0800,21.8984
2026-05-09T13:06:20.117,-6.3943,0.0800,21.9238
2026-05-09T13:06:20.131,-6.3699,0.0800,21.9502
2026-05-09T13:06:20.146,-6.3471,0.0800,21.9760
2026-05-09T13:06:20.161,-6.3201,0.0800,22.0031
2026-05-09T13:06:20.178,-6.2997,0.0800,22.0286
2026-05-09T13:06:20.196,-6.2740,0.0800,22.0620
2026-05-09T13:06:20.212,-6.2538,0.0800,22.0899
2026-05-09T13:06:20.228,-6.2296,0.0800,22.1250
2026-05-09T13:06:20.243,-6.2048,0.0800,22.1558
2026-05-09T13:06:20.258,-6.1856,0.0800,22.1868
2026-05-09T13:06:20.274,-6.1679,0.0800,22.2170
2026-05-09T13:06:20.291,-6.1474,0.0800,22.2538
2026-05-09T13:06:20.307,-6.1318,0.0800,22.2838
2026-05-09T13:06:20.322,-6.1116,0.0800,22.3176
2026-05-09T13:06:20.338,-6.0956,0.0800,22.3520
2026-05-09T13:06:20.352,-6.0820,0.0800,22.3833
2026-05-09T13:06:20.366,-6.0676,0.0800,22.4182
2026-05-09T13:06:20.382,-6.0515,0.0800,22.4500
2026-05-09T13:06:20.398,-6.0404,0.0800,22.4808
2026-05-09T13:06:20.414,-6.0289,0.0800,22.5150
2026-05-09T13:06:20.430,-6.0164,0.0800,22.5550
2026-05-09T13:06:20.444,-6.0022,0.0800,22.5907
2026-05-09T13:06:20.459,-5.9923,0.0800,22.6288
2026-05-09T13:06:20.476,-5.9853,0.0800,22.6594
2026-05-09T13:06:20.490,-5.9782,0.0800,22.6925
2026-05-09T13:06:20.504,-5.9708,0.0800,22.7314
2026-05-09T13:06:20.519,-5.9625,0.0800,22.7577
2026-05-09T13:06:20.533,-5.9596,0.0800,22.7738
2026-05-09T13:06:20.547,-5.9570,0.0800,22.7884
2026-05-09T13:06:20.561,-5.9540,0.0800,22.7993
2026-05-09T13:06:20.575,-5.9517,0.0800,22.8086
2026-05-09T13:06:20.589,-5.9496,0.0800,22.8169
2026-05-09T13:06:20.602,-5.9478,0.0800,22.8238
2026-05-09T13:06:20.617,-5.9459,0.0800,22.8310
2026-05-09T13:06:20.631,-5.9443,0.0800,22.8375
2026-05-09T13:06:20.645,-5.9424,0.0800,22.8451
2026-05-09T13:06:20.659,-5.9406,0.0800,22.8521
2026-05-09T13:06:20.673,-5.9390,0.0800,22.8589
2026-05-09T13:06:20.687,-5.9374,0.0800,22.8655
2026-05-09T13:06:20.701,-5.9357,0.0800,22.8728
2026-05-09T13:06:20.714,-5.9342,0.0800,22.8796
2026-05-09T13:06:20.729,-5.9325,0.0800,22.8869
2026-05-09T13:06:20.742,-5.9309,0.0800,22.8936
2026-05-09T13:06:20.757,-5.9293,0.0800,22.9009
2026-05-09T13:06:20.771,-5.9277,0.0800,22.9077
2026-05-09T13:06:20.784,-5.9257,0.0800,22.9169
2026-05-09T13:06:20.798,-5.9236,0.0800,22.9265
2026-05-09T13:06:20.811,-5.9213,0.0800,22.9373
2026-05-09T13:06:20.825,-5.9184,0.0800,22.9509
2026-05-09T13:06:20.840,-5.9155,0.0800,22.9703
2026-05-09T13:06:20.854,-5.9123,0.0800,22.9918
2026-05-09T13:06:20.867,-5.9070,0.0800,23.0318
2026-05-09T13:06:20.882,-5.9002,0.0800,23.0694
2026-05-09T13:06:20.896,-5.8959,0.0800,23.1117
2026-05-09T13:06:20.909,-5.8921,0.0800,23.1557
2026-05-09T13:06:20.924,-5.8890,0.0800,23.2017
2026-05-09T13:06:20.938,-5.8840,0.0800,23.2441
2026-05-09T13:06:20.951,-5.8826,0.0800,23.2877
2026-05-09T13:06:20.964,-5.8818,0.0800,23.3330
2026-05-09T13:06:20.980,-5.8790,0.0800,23.3782
2026-05-09T13:06:20.993,-5.8797,0.0800,23.4168
2026-05-09T13:06:21.007,-5.8814,0.0800,23.4640
2026-05-09T13:06:21.022,-5.8806,0.0800,23.5073
2026-05-09T13:06:21.035,-5.8839,0.0800,23.5541
2026-05-09T13:06:21.050,-5.8876,0.0800,23.5969
2026-05-09T13:06:21.062,-5.8920,0.0800,23.6387
2026-05-09T13:06:21.077,-5.8949,0.0800,23.6854
2026-05-09T13:06:21.091,-5.9004,0.0800,23.7245
2026-05-09T13:06:21.104,-5.9075,0.0800,23.7705
2026-05-09T13:06:21.123,-5.9120,0.0800,23.8140
2026-05-09T13:06:21.133,-5.9198,0.0800,24.0580
2026-05-09T13:06:21.146,-5.9327,0.0800,24.1201
2026-05-09T13:06:21.161,-5.9358,0.0800,24.1516
2026-05-09T13:06:21.173,-5.9474,0.0800,24.1990
2026-05-09T13:06:21.185,-5.9592,0.0800,24.2438
2026-05-09T13:06:21.200,-5.9640,0.0800,24.2715
2026-05-09T13:06:21.214,-5.9749,0.0800,24.3084
2026-05-09T13:06:21.229,-5.9888,0.0800,24.3532
2026-05-09T13:06:21.243,-6.0000,0.0800,24.3965
2026-05-09T13:06:21.257,-6.0152,0.0800,24.4402
2026-05-09T13:06:21.271,-6.0309,0.0800,24.4827
2026-05-09T13:06:21.285,-6.0461,0.0800,24.5216
2026-05-09T13:06:21.298,-6.0628,0.0800,24.5698
2026-05-09T13:06:21.313,-6.0776,0.0800,24.6041
2026-05-09T13:06:21.327,-6.0948,0.0800,24.6426
2026-05-09T13:06:21.342,-6.1137,0.0800,24.6895
2026-05-09T13:06:21.357,-6.1327,0.0800,24.7282
2026-05-09T13:06:21.369,-6.1543,0.0800,24.7706
2026-05-09T13:06:21.385,-6.1755,0.0800,24.8102
2026-05-09T13:06:21.397,-6.1927,0.0800,24.8472
2026-05-09T13:06:21.411,-6.2164,0.0800,24.8883
2026-05-09T13:06:21.424,-6.2363,0.0800,24.9214
2026-05-09T13:06:21.438,-6.2604,0.0800,24.9649
2026-05-09T13:06:21.452,-6.2788,0.0800,24.9933
2026-05-09T13:06:21.465,-6.3055,0.0800,25.0333
2026-05-09T13:06:21.480,-6.3283,0.0800,25.0717
2026-05-09T13:06:21.496,-6.3518,0.0800,25.1045
2026-05-09T13:06:21.508,-6.3779,0.0800,25.1397
2026-05-09T13:06:21.524,-6.4101,0.0800,25.1816
2026-05-09T13:06:21.536,-6.4330,0.0800,25.2157
2026-05-09T13:06:21.552,-6.4635,0.0800,25.2527
2026-05-09T13:06:21.563,-6.4876,0.0800,25.2808
2026-05-09T13:06:21.577,-6.5192,0.0800,25.3203
2026-05-09T13:06:21.591,-6.5427,0.0800,25.3460
2026-05-09T13:06:21.605,-6.5728,0.0800,25.3780
2026-05-09T13:06:21.619,-6.6028,0.0800,25.4130
2026-05-09T13:06:21.634,-6.6349,0.0800,25.4450
2026-05-09T13:06:21.647,-6.6647,0.0800,25.4736
2026-05-09T13:06:21.663,-6.6978,0.0800,25.5081
2026-05-09T13:06:21.676,-6.7268,0.0800,25.5342
2026-05-09T13:06:21.690,-6.7654,0.0800,25.5679
2026-05-09T13:06:21.702,-6.7965,0.0800,25.5939
2026-05-09T13:06:21.716,-6.8302,0.0800,25.6247
2026-05-09T13:06:21.730,-6.8572,0.0800,25.6459
2026-05-09T13:06:21.743,-6.8930,0.0800,25.6732
2026-05-09T13:06:21.759,-6.9283,0.0800,25.7028
2026-05-09T13:06:21.773,-6.9591,0.0800,25.7248
2026-05-09T13:06:21.785,-7.0029,0.0800,25.7550
2026-05-09T13:06:21.799,-7.0407,0.0800,25.7841
2026-05-09T13:06:21.814,-7.0687,0.0800,25.8019
2026-05-09T13:06:21.828,-7.1064,0.0800,25.8253
2026-05-09T13:06:21.841,-7.1468,0.0800,25.8527
2026-05-09T13:06:21.855,-7.1840,0.0800,25.8740
2026-05-09T13:06:21.869,-7.2209,0.0800,25.8943
2026-05-09T13:06:21.882,-7.2585,0.0800,25.9143
2026-05-09T13:06:21.897,-7.2981,0.0800,25.9375
2026-05-09T13:06:21.912,-7.3353,0.0800,25.9557
2026-05-09T13:06:21.927,-7.3756,0.0800,25.9750
2026-05-09T13:06:21.943,-7.4076,0.0800,25.9926
2026-05-09T13:06:21.958,-7.4205,0.0800,25.9992
2026-05-09T13:06:22.143,-7.4245,0.0800,26.0012
2026-05-09T13:06:22.158,-7.4313,0.0800,26.0063
2026-05-09T13:06:22.174,-7.4418,0.0800,26.0147
2026-05-09T13:06:22.189,-7.4515,0.0800,26.0230
2026-05-09T13:06:22.204,-7.4634,0.0800,26.0308
2026-05-09T13:06:22.220,-7.4744,0.0800,26.0409
2026-05-09T13:06:22.238,-7.4870,0.0800,26.0530
2026-05-09T13:06:22.256,-7.4985,0.0800,26.0644
2026-05-09T13:06:22.276,-7.5115,0.0800,26.0780
2026-05-09T13:06:22.292,-7.5241,0.0800,26.0918
2026-05-09T13:06:22.309,-7.5383,0.0800,26.1080
2026-05-09T13:06:22.326,-7.5489,0.0800,26.1156
2026-05-09T13:06:22.341,-7.5593,0.0800,26.1288
2026-05-09T13:06:22.356,-7.5704,0.0800,26.1433
2026-05-09T13:06:22.373,-7.5804,0.0800,26.1569
2026-05-09T13:06:22.389,-7.5898,0.0800,26.1704
2026-05-09T13:06:22.408,-7.6001,0.0800,26.1810
2026-05-09T13:06:22.425,-7.6101,0.0800,26.1964
2026-05-09T13:06:22.444,-7.6216,0.0800,26.2150
2026-05-09T13:06:22.462,-7.6312,0.0800,26.2313
2026-05-09T13:06:22.478,-7.6419,0.0800,26.2505
2026-05-09T13:06:22.494,-7.6512,0.0800,26.2628
2026-05-09T13:06:22.510,-7.6596,0.0800,26.2673
2026-05-09T13:06:22.527,-7.6687,0.0800,26.2673
2026-05-09T13:06:22.544,-7.6769,0.0800,26.2717
2026-05-09T13:06:22.563,-7.6864,0.0800,26.2766
2026-05-09T13:06:22.578,-7.6950,0.0800,26.2812
2026-05-09T13:06:22.594,-7.7038,0.0800,26.2862
2026-05-09T13:06:22.611,-7.7106,0.0800,26.2902
2026-05-09T13:06:22.627,-7.7177,0.0800,26.2946
2026-05-09T13:06:22.646,-7.7259,0.0800,26.2946
2026-05-09T13:06:22.664,-7.7320,0.0800,26.2988
2026-05-09T13:06:22.682,-7.7385,0.0800,26.3036
2026-05-09T13:06:22.699,-7.7450,0.0800,26.3087
2026-05-09T13:06:22.714,-7.7498,0.0800,26.3129
2026-05-09T13:06:22.730,-7.7547,0.0800,26.3174
2026-05-09T13:06:22.746,-7.7610,0.0800,26.3168
2026-05-09T13:06:22.764,-7.7657,0.0800,26.3217
2026-05-09T13:06:22.780,-7.7740,0.0800,26.2515
2026-05-09T13:06:22.797,-7.7797,0.0800,26.2567
2026-05-09T13:06:22.813,-7.7870,0.0800,26.2619
2026-05-09T13:06:22.829,-7.7945,0.0800,26.2675
2026-05-09T13:06:22.847,-7.8032,0.0800,26.2673
2026-05-09T13:06:22.865,-7.8067,0.0800,26.2681
2026-05-09T13:06:22.883,-7.8102,0.0800,26.2689
2026-05-09T13:06:22.901,-7.8128,0.0800,26.2696
2026-05-09T13:06:22.918,-7.8154,0.0800,26.2702
2026-05-09T13:06:22.935,-7.8241,0.0800,26.2726
2026-05-09T13:06:22.951,-7.8378,0.0800,26.2768
2026-05-09T13:06:22.968,-7.8636,0.0800,26.2840
2026-05-09T13:06:22.984,-7.8953,0.0800,26.2981
2026-05-09T13:06:23.000,-7.9421,0.0800,26.3237
2026-05-09T13:06:23.015,-7.9749,0.0800,26.3601
2026-05-09T13:06:23.030,-8.0024,0.0800,26.4088
2026-05-09T13:06:23.044,-8.0196,0.0800,26.4578
2026-05-09T13:06:23.059,-8.0364,0.0800,26.5108
2026-05-09T13:06:23.074,-8.0547,0.0800,26.5579
2026-05-09T13:06:23.088,-8.0764,0.0800,26.6116
2026-05-09T13:06:23.104,-8.0933,0.0800,26.6588
2026-05-09T13:06:23.121,-8.1133,0.0800,26.7040
2026-05-09T13:06:23.138,-8.1506,0.0800,26.7854
2026-05-09T13:06:23.155,-8.1649,0.0800,26.8133
2026-05-09T13:06:23.173,-8.2100,0.0800,26.8637
2026-05-09T13:06:23.188,-8.2580,0.0800,26.9017
2026-05-09T13:06:23.203,-8.3447,0.0800,26.9321
2026-05-09T13:06:23.216,-8.4376,0.0800,26.9447
2026-05-09T13:06:23.230,-8.5467,0.0800,26.9574
2026-05-09T13:06:23.243,-8.6324,0.0800,26.9679
2026-05-09T13:06:23.258,-8.7206,0.0800,26.9822
2026-05-09T13:06:23.272,-8.8068,0.0800,26.9884
2026-05-09T13:06:23.286,-8.8868,0.0800,26.9867
2026-05-09T13:06:23.307,-8.9621,0.0800,26.9757
2026-05-09T13:06:23.321,-9.0275,0.0800,26.9616
2026-05-09T13:06:23.335,-9.1216,0.0800,26.9382
2026-05-09T13:06:23.350,-9.1856,0.0800,26.9298
2026-05-09T13:06:23.364,-9.2550,0.0800,26.9246
2026-05-09T13:06:23.379,-9.3317,0.0800,26.9250
2026-05-09T13:06:23.392,-9.4021,0.0800,26.9274
2026-05-09T13:06:23.406,-9.4724,0.0800,26.9298
2026-05-09T13:06:23.420,-9.5415,0.0800,26.9372
2026-05-09T13:06:23.434,-9.6113,0.0800,26.9460
2026-05-09T13:06:23.448,-9.6794,0.0800,26.9584
2026-05-09T13:06:23.462,-9.7474,0.0800,26.9729
2026-05-09T13:06:23.476,-9.8125,0.0800,26.9882
2026-05-09T13:06:23.490,-9.8819,0.0800,27.0066
2026-05-09T13:06:23.504,-9.9484,0.0800,27.0284
2026-05-09T13:06:23.518,-10.0129,0.0800,27.0524
2026-05-09T13:06:23.531,-10.0731,0.0800,27.0806
2026-05-09T13:06:23.545,-10.1381,0.0800,27.1144
2026-05-09T13:06:23.560,-10.1986,0.0800,27.1471
2026-05-09T13:06:23.575,-10.2537,0.0800,27.1853
2026-05-09T13:06:23.588,-10.3151,0.0800,27.2295
2026-05-09T13:06:23.602,-10.3726,0.0800,27.2739
2026-05-09T13:06:23.616,-10.4233,0.0800,27.3195
2026-05-09T13:06:23.630,-10.4734,0.0800,27.3730
2026-05-09T13:06:23.643,-10.5168,0.0800,27.4256
2026-05-09T13:06:23.657,-10.5624,0.0800,27.4775
2026-05-09T13:06:23.671,-10.6042,0.0800,27.5327
2026-05-09T13:06:23.686,-10.6465,0.0800,27.5909
2026-05-09T13:06:23.704,-10.6868,0.0800,27.6425
2026-05-09T13:06:23.722,-10.7317,0.0800,27.7109
2026-05-09T13:06:23.739,-10.7946,0.0800,27.8137
2026-05-09T13:06:23.752,-10.8226,0.0800,27.8673
2026-05-09T13:06:23.766,-10.8632,0.0800,27.9513
2026-05-09T13:06:23.780,-10.8898,0.0800,28.0036
2026-05-09T13:06:23.796,-10.9140,0.0800,28.0663
2026-05-09T13:06:23.811,-10.9172,0.0800,28.1322
2026-05-09T13:06:23.830,-10.9186,0.0800,28.2047
2026-05-09T13:06:23.850,-10.9195,0.0800,28.2976
2026-05-09T13:06:23.866,-10.9245,0.0800,28.3583
2026-05-09T13:06:23.883,-10.9262,0.0800,28.4416
2026-05-09T13:06:23.899,-10.9305,0.0800,28.5088
2026-05-09T13:06:23.914,-10.9320,0.0800,28.5935
2026-05-09T13:06:23.929,-10.9357,0.0800,28.6501
2026-05-09T13:06:23.943,-10.9378,0.0800,28.7088
2026-05-09T13:06:23.957,-10.9407,0.0800,28.7634
2026-05-09T13:06:23.971,-10.9402,0.0800,28.8193
2026-05-09T13:06:23.986,-10.9384,0.0800,28.8760
2026-05-09T13:06:24.002,-10.9389,0.0800,28.9335
2026-05-09T13:06:24.017,-10.9348,0.0800,28.9915
2026-05-09T13:06:24.033,-10.9292,0.0800,29.0526
2026-05-09T13:06:24.047,-10.9226,0.0800,29.1122
2026-05-09T13:06:24.062,-10.9177,0.0800,29.1748
2026-05-09T13:06:24.076,-10.9101,0.0800,29.2269
2026-05-09T13:06:24.091,-10.9010,0.0800,29.2867
2026-05-09T13:06:24.107,-10.8918,0.0800,29.3433
2026-05-09T13:06:24.123,-10.8791,0.0800,29.4148
2026-05-09T13:06:24.138,-10.8718,0.0800,29.4689
2026-05-09T13:06:24.152,-10.8618,0.0800,29.5223
2026-05-09T13:06:24.167,-10.8498,0.0800,29.5867
2026-05-09T13:06:24.182,-10.8423,0.0800,29.6397
2026-05-09T13:06:24.196,-10.8330,0.0800,29.6975
2026-05-09T13:06:24.210,-10.8247,0.0800,29.7586
2026-05-09T13:06:24.223,-10.8162,0.0800,29.8203
2026-05-09T13:06:24.238,-10.8097,0.0800,29.8857
2026-05-09T13:06:24.253,-10.8046,0.0800,29.9415
2026-05-09T13:06:24.269,-10.7982,0.0800,30.0102
2026-05-09T13:06:24.284,-10.7942,0.0800,30.0702
2026-05-09T13:06:24.300,-10.7923,0.0800,30.1270
2026-05-09T13:06:24.314,-10.7903,0.0800,30.1854
2026-05-09T13:06:24.328,-10.7896,0.0800,30.2411
2026-05-09T13:06:24.343,-10.7894,0.0800,30.2676
2026-05-09T13:06:24.358,-10.7893,0.0800,30.2929
2026-05-09T13:06:24.372,-10.7947,0.0800,30.2744
2026-05-09T13:06:24.386,-10.8024,0.0800,30.2418
2026-05-09T13:06:24.402,-10.8146,0.0800,30.2062
2026-05-09T13:06:24.418,-10.8227,0.0800,30.1757
2026-05-09T13:06:24.433,-10.8332,0.0800,30.1397
2026-05-09T13:06:24.446,-10.8437,0.0800,30.1061
2026-05-09T13:06:24.461,-10.8585,0.0800,30.0729
2026-05-09T13:06:24.475,-10.8693,0.0800,30.0430
2026-05-09T13:06:24.489,-10.8816,0.0800,30.0106
2026-05-09T13:06:24.504,-10.8935,0.0800,29.9811
2026-05-09T13:06:24.520,-10.9077,0.0800,29.9506
2026-05-09T13:06:24.535,-10.9058,0.0800,29.9186
2026-05-09T13:06:24.550,-10.9045,0.0800,29.8880
2026-05-09T13:06:24.563,-10.9028,0.0800,29.8565
2026-05-09T13:06:24.588,-10.9031,0.0800,29.8263
2026-05-09T13:06:24.602,-10.8994,0.0800,29.7919
2026-05-09T13:06:24.616,-10.8968,0.0800,29.7512
2026-05-09T13:06:24.630,-10.8967,0.0800,29.7229
2026-05-09T13:06:24.644,-10.8960,0.0800,29.6986
2026-05-09T13:06:24.658,-10.8955,0.0800,29.6711
2026-05-09T13:06:24.672,-10.8934,0.0800,29.6460
2026-05-09T13:06:24.686,-10.8920,0.0800,29.6199
2026-05-09T13:06:24.700,-10.8917,0.0800,29.5921
2026-05-09T13:06:24.713,-10.8902,0.0800,29.5706
2026-05-09T13:06:24.727,-10.8887,0.0800,29.5459
2026-05-09T13:06:24.741,-10.8890,0.0800,29.5233
2026-05-09T13:06:24.755,-10.8866,0.0800,29.4995
2026-05-09T13:06:24.769,-10.8855,0.0800,29.4760
2026-05-09T13:06:24.783,-10.8848,0.0800,29.4544
2026-05-09T13:06:24.797,-10.8844,0.0800,29.4316
2026-05-09T13:06:24.811,-10.8830,0.0800,29.4117
2026-05-09T13:06:24.825,-10.8817,0.0800,29.3896
2026-05-09T13:06:24.839,-10.8818,0.0800,29.3691
2026-05-09T13:06:24.852,-10.8802,0.0800,29.3493
2026-05-09T13:06:24.866,-10.8791,0.0800,29.3287
2026-05-09T13:06:24.880,-10.8795,0.0800,29.3113
2026-05-09T13:06:24.894,-10.8777,0.0800,29.2927
2026-05-09T13:06:24.908,-10.8771,0.0800,29.2758
2026-05-09T13:06:24.922,-10.8770,0.0800,29.2600
2026-05-09T13:06:24.936,-10.8781,0.0800,29.2541
2026-05-09T13:06:24.950,-10.8790,0.0800,29.2509
2026-05-09T13:06:24.977,-10.8757,0.0800,29.2613
2026-05-09T13:06:24.991,-10.8702,0.0800,29.2780
2026-05-09T13:06:25.004,-10.8626,0.0800,29.3005
2026-05-09T13:06:25.019,-10.8507,0.0800,29.3371
2026-05-09T13:06:25.033,-10.8394,0.0800,29.3720
2026-05-09T13:06:25.046,-10.8211,0.0800,29.4258
2026-05-09T13:06:25.061,-10.8030,0.0800,29.4789
2026-05-09T13:06:25.074,-10.7831,0.0800,29.5379
2026-05-09T13:06:25.088,-10.7594,0.0800,29.6064
2026-05-09T13:06:25.102,-10.7362,0.0800,29.6720
2026-05-09T13:06:25.116,-10.7139,0.0800,29.7350
2026-05-09T13:06:25.130,-10.6895,0.0800,29.8003
2026-05-09T13:06:25.144,-10.6644,0.0800,29.8657
2026-05-09T13:06:25.158,-10.6359,0.0800,29.9344
2026-05-09T13:06:25.172,-10.6088,0.0800,29.9929
2026-05-09T13:06:25.186,-10.5747,0.0800,30.0559
2026-05-09T13:06:25.200,-10.5433,0.0800,30.1138
2026-05-09T13:06:25.214,-10.5043,0.0800,30.1703
2026-05-09T13:06:25.228,-10.4623,0.0800,30.2212
2026-05-09T13:06:25.242,-10.4273,0.0800,30.2649
2026-05-09T13:06:25.256,-10.3885,0.0800,30.3030
2026-05-09T13:06:25.270,-10.3495,0.0800,30.3353
2026-05-09T13:06:25.283,-10.3087,0.0800,30.3659
2026-05-09T13:06:25.297,-10.2734,0.0800,30.3960
2026-05-09T13:06:25.311,-10.2360,0.0800,30.4192
2026-05-09T13:06:25.324,-10.1954,0.0800,30.4432
2026-05-09T13:06:25.338,-10.1673,0.0800,30.4623
2026-05-09T13:06:25.352,-10.1328,0.0800,30.4797
2026-05-09T13:06:25.367,-10.1626,0.0800,30.4787
2026-05-09T13:06:25.381,-10.1963,0.0800,30.4805
2026-05-09T13:06:25.395,-10.2265,0.0800,30.4766
2026-05-09T13:06:25.408,-10.2550,0.0800,30.4735
2026-05-09T13:06:25.422,-10.2842,0.0800,30.4688
2026-05-09T13:06:25.436,-10.3163,0.0800,30.4667
2026-05-09T13:06:25.450,-10.3442,0.0800,30.4621
2026-05-09T13:06:25.464,-10.3727,0.0800,30.4567
2026-05-09T13:06:25.479,-10.4054,0.0800,30.4542
2026-05-09T13:06:25.492,-10.4348,0.0800,30.4495
2026-05-09T13:06:25.506,-10.4642,0.0800,30.4454
2026-05-09T13:06:25.520,-10.4954,0.0800,30.4451
2026-05-09T13:06:25.534,-10.5256,0.0800,30.4420
2026-05-09T13:06:25.547,-10.5533,0.0800,30.4398
2026-05-09T13:06:25.562,-10.5848,0.0800,30.4379
2026-05-09T13:06:25.576,-10.6146,0.0800,30.4403
2026-05-09T13:06:25.590,-10.6435,0.0800,30.4396
2026-05-09T13:06:25.603,-10.6658,0.0800,30.4395
2026-05-09T13:06:25.618,-10.6907,0.0800,30.4424
2026-05-09T13:06:25.631,-10.7007,0.0800,30.4428
2026-05-09T13:06:25.646,-10.7091,0.0800,30.4439
2026-05-09T13:06:25.659,-10.7117,0.0800,30.4443
2026-05-09T13:06:25.673,-10.7128,0.0800,30.4445
2026-05-09T13:06:25.686,-10.7139,0.0800,30.4446
2026-05-09T13:06:25.756,-10.7120,0.0800,30.4449
2026-05-09T13:06:25.770,-10.7101,0.0800,30.4451
2026-05-09T13:06:25.785,-10.7043,0.0800,30.4461
2026-05-09T13:06:25.798,-10.6936,0.0800,30.4477
2026-05-09T13:06:25.813,-10.6635,0.0800,30.4538
2026-05-09T13:06:25.826,-10.6383,0.0800,30.4588
2026-05-09T13:06:25.840,-10.5945,0.0800,30.4677
2026-05-09T13:06:25.853,-10.5568,0.0800,30.4754
2026-05-09T13:06:25.868,-10.4880,0.0800,30.4908
2026-05-09T13:06:25.883,-10.4223,0.0800,30.5055
2026-05-09T13:06:25.897,-10.3487,0.0800,30.5229
2026-05-09T13:06:25.911,-10.2807,0.0800,30.5390
2026-05-09T13:06:25.923,-10.2080,0.0800,30.5561
2026-05-09T13:06:25.937,-10.1396,0.0800,30.5722
2026-05-09T13:06:25.950,-10.0833,0.0800,30.5855
2026-05-09T13:06:25.964,-10.0090,0.0800,30.6030
2026-05-09T13:06:25.980,-9.9539,0.0800,30.6158
2026-05-09T13:06:25.994,-9.8824,0.0800,30.6325
2026-05-09T13:06:26.007,-9.8084,0.0800,30.6496
2026-05-09T13:06:26.022,-9.7420,0.0800,30.6648
2026-05-09T13:06:26.034,-9.6712,0.0800,30.6811
2026-05-09T13:06:26.047,-9.6017,0.0800,30.6971
2026-05-09T13:06:26.063,-9.5443,0.0800,30.7103
2026-05-09T13:06:26.076,-9.4818,0.0800,30.7247
2026-05-09T13:06:26.091,-9.4030,0.0800,30.7427
2026-05-09T13:06:26.104,-9.3409,0.0800,30.7568
2026-05-09T13:06:26.118,-9.2682,0.0800,30.7732
2026-05-09T13:06:26.132,-9.2000,0.0800,30.7885
2026-05-09T13:06:26.158,-9.1353,0.0800,30.8028
2026-05-09T13:06:26.173,-9.0620,0.0800,30.8181
2026-05-09T13:06:26.186,-8.9394,0.0800,30.8438
2026-05-09T13:06:26.201,-8.8687,0.0800,30.8578
2026-05-09T13:06:26.214,-8.8022,0.0800,30.8710
2026-05-09T13:06:26.227,-8.7291,0.0800,30.8817
2026-05-09T13:06:26.241,-8.6663,0.0800,30.8908
2026-05-09T13:06:26.258,-8.5985,0.0800,30.8870
2026-05-09T13:06:26.273,-8.5295,0.0800,30.8832
2026-05-09T13:06:26.287,-8.4425,0.0800,30.8720
2026-05-09T13:06:26.311,-8.3716,0.0800,30.8550
2026-05-09T13:06:26.323,-8.2974,0.0800,30.8306
2026-05-09T13:06:26.337,-8.1986,0.0800,30.7876
2026-05-09T13:06:26.352,-8.1408,0.0800,30.7625
2026-05-09T13:06:26.366,-8.1147,0.0800,30.7245
2026-05-09T13:06:26.380,-8.1027,0.0800,30.6753
2026-05-09T13:06:26.394,-8.0735,0.0800,30.6277
2026-05-09T13:06:26.409,-8.0336,0.0800,30.5777
2026-05-09T13:06:26.422,-7.9721,0.0800,30.5363
2026-05-09T13:06:26.436,-7.9130,0.0800,30.4966
2026-05-09T13:06:26.450,-7.8606,0.0800,30.4606
2026-05-09T13:06:26.463,-7.8030,0.0800,30.4196
2026-05-09T13:06:26.478,-7.7469,0.0800,30.3761
2026-05-09T13:06:26.492,-7.6918,0.0800,30.3333
2026-05-09T13:06:26.505,-7.6368,0.0800,30.2889
2026-05-09T13:06:26.521,-7.5815,0.0800,30.2443
2026-05-09T13:06:26.536,-7.4965,0.0800,30.1748
2026-05-09T13:06:26.558,-7.4697,0.0800,30.1529
2026-05-09T13:06:26.572,-7.4004,0.0800,30.0961
2026-05-09T13:06:26.585,-7.3239,0.0800,30.0336
2026-05-09T13:06:26.600,-7.2694,0.0800,29.9890
2026-05-09T13:06:26.615,-7.2211,0.0800,29.9495
2026-05-09T13:06:26.630,-7.1578,0.0800,29.8978
2026-05-09T13:06:26.643,-7.1037,0.0800,29.8536
2026-05-09T13:06:26.657,-7.0429,0.0800,29.8052
2026-05-09T13:06:26.671,-6.9914,0.0800,29.7665
2026-05-09T13:06:26.685,-6.9331,0.0800,29.7256
2026-05-09T13:06:26.700,-6.8754,0.0800,29.6851
2026-05-09T13:06:26.714,-6.8176,0.0800,29.6475
2026-05-09T13:06:26.728,-6.7548,0.0800,29.6067
2026-05-09T13:06:26.742,-6.6961,0.0800,29.5715
2026-05-09T13:06:26.755,-6.6342,0.0800,29.5365
2026-05-09T13:06:26.769,-6.5733,0.0800,29.5030
2026-05-09T13:06:26.784,-6.5147,0.0800,29.4706
2026-05-09T13:06:26.799,-6.4519,0.0800,29.4372
2026-05-09T13:06:26.814,-6.3868,0.0800,29.4049
2026-05-09T13:06:26.829,-6.3142,0.0800,29.3688
2026-05-09T13:06:26.844,-6.2510,0.0800,29.3398
2026-05-09T13:06:26.858,-6.1723,0.0800,29.3054
2026-05-09T13:06:26.872,-6.1106,0.0800,29.2823
2026-05-09T13:06:26.885,-6.0436,0.0800,29.2586
2026-05-09T13:06:26.900,-5.9752,0.0800,29.2344
2026-05-09T13:06:26.914,-5.9132,0.0800,29.2146
2026-05-09T13:06:26.929,-5.8416,0.0800,29.1924
2026-05-09T13:06:26.943,-5.7756,0.0800,29.1726
2026-05-09T13:06:26.957,-5.6997,0.0800,29.1499
2026-05-09T13:06:26.971,-5.6364,0.0800,29.1315
2026-05-09T13:06:26.984,-5.5696,0.0800,29.1122
2026-05-09T13:06:26.999,-5.5015,0.0800,29.0924
2026-05-09T13:06:27.014,-5.4372,0.0800,29.0740
2026-05-09T13:06:27.028,-5.3657,0.0800,29.0536
2026-05-09T13:06:27.043,-5.2987,0.0800,29.0345
2026-05-09T13:06:27.056,-5.2284,0.0800,29.0144
2026-05-09T13:06:27.070,-5.1584,0.0800,28.9944
2026-05-09T13:06:27.083,-5.0945,0.0800,28.9762
2026-05-09T13:06:27.098,-5.0261,0.0800,28.9568
2026-05-09T13:06:27.116,-4.9631,0.0800,28.9389
2026-05-09T13:06:27.129,-4.8901,0.0800,28.9182
2026-05-09T13:06:27.143,-4.8067,0.0800,28.8946
2026-05-09T13:06:27.157,-4.7386,0.0800,28.8753
2026-05-09T13:06:27.172,-4.6753,0.0800,28.8567
2026-05-09T13:06:27.186,-4.6068,0.0800,28.8357
2026-05-09T13:06:27.200,-4.5359,0.0800,28.8145
2026-05-09T13:06:27.214,-4.4655,0.0800,28.7914
2026-05-09T13:06:27.228,-4.3970,0.0800,28.7681
2026-05-09T13:06:27.242,-4.3324,0.0800,28.7468
2026-05-09T13:06:27.257,-4.2661,0.0800,28.7227
2026-05-09T13:06:27.271,-4.1961,0.0800,28.6966
2026-05-09T13:06:27.285,-4.1254,0.0800,28.6692
2026-05-09T13:06:27.298,-4.0548,0.0800,28.6427
2026-05-09T13:06:27.312,-3.9956,0.0800,28.6184
2026-05-09T13:06:27.326,-3.9312,0.0800,28.5927
2026-05-09T13:06:27.340,-3.8695,0.0800,28.5681
2026-05-09T13:06:27.355,-3.8037,0.0800,28.5419
2026-05-09T13:06:27.369,-3.7322,0.0800,28.5133
2026-05-09T13:06:27.382,-3.6683,0.0800,28.4879
2026-05-09T13:06:27.396,-3.6022,0.0800,28.4615
2026-05-09T13:06:27.411,-3.5411,0.0800,28.4371
2026-05-09T13:06:27.424,-3.4750,0.0800,28.4107
2026-05-09T13:06:27.438,-3.4083,0.0800,28.3842
2026-05-09T13:06:27.452,-3.3500,0.0800,28.3609
2026-05-09T13:06:27.465,-3.2749,0.0800,28.3310
2026-05-09T13:06:27.480,-3.2149,0.0800,28.3071
2026-05-09T13:06:27.494,-3.1542,0.0800,28.2829
2026-05-09T13:06:27.508,-3.0863,0.0800,28.2558
2026-05-09T13:06:27.522,-3.0187,0.0800,28.2289
2026-05-09T13:06:27.536,-2.9491,0.0800,28.2013
2026-05-09T13:06:27.550,-2.8912,0.0800,28.1782
2026-05-09T13:06:27.563,-2.8271,0.0800,28.1526
2026-05-09T13:06:27.578,-2.7640,0.0800,28.1273
2026-05-09T13:06:27.591,-2.6999,0.0800,28.1009
2026-05-09T13:06:27.605,-2.6294,0.0800,28.0685
2026-05-09T13:06:27.619,-2.5738,0.0800,28.0415
2026-05-09T13:06:27.634,-2.5077,0.0800,28.0053
2026-05-09T13:06:27.647,-2.4509,0.0800,27.9719
2026-05-09T13:06:27.662,-2.3875,0.0800,27.9315
2026-05-09T13:06:27.675,-2.3377,0.0800,27.8933
2026-05-09T13:06:27.688,-2.2779,0.0800,27.8473
2026-05-09T13:06:27.702,-2.2226,0.0800,27.8020
2026-05-09T13:06:27.717,-2.1798,0.0800,27.7651
2026-05-09T13:06:27.730,-2.1249,0.0800,27.7164
2026-05-09T13:06:27.744,-2.0713,0.0800,27.6645
2026-05-09T13:06:27.757,-2.0225,0.0800,27.6150
2026-05-09T13:06:27.772,-1.9768,0.0800,27.5664
2026-05-09T13:06:27.785,-1.9317,0.0800,27.5182
2026-05-09T13:06:27.800,-1.8793,0.0800,27.4594
2026-05-09T13:06:27.814,-1.8382,0.0800,27.4111
2026-05-09T13:06:27.827,-1.7905,0.0800,27.3544
2026-05-09T13:06:27.842,-1.7467,0.0800,27.3017
2026-05-09T13:06:27.856,-1.7053,0.0800,27.2508
2026-05-09T13:06:27.869,-1.6562,0.0800,27.1898
2026-05-09T13:06:27.883,-1.6122,0.0800,27.1350
2026-05-09T13:06:27.896,-1.5743,0.0800,27.0875
2026-05-09T13:06:27.910,-1.5281,0.0800,27.0299
2026-05-09T13:06:27.924,-1.4884,0.0800,26.9803
2026-05-09T13:06:27.937,-1.4453,0.0800,26.9265
2026-05-09T13:06:27.952,-1.4009,0.0800,26.8713
2026-05-09T13:06:27.965,-1.3580,0.0800,26.8179
2026-05-09T13:06:27.980,-1.3120,0.0800,26.7606
2026-05-09T13:06:27.994,-1.2715,0.0800,26.7122
2026-05-09T13:06:28.007,-1.2229,0.0800,26.6542
2026-05-09T13:06:28.020,-1.1765,0.0800,26.6002
2026-05-09T13:06:28.035,-1.1327,0.0800,26.5538
2026-05-09T13:06:28.049,-1.0868,0.0800,26.5074
2026-05-09T13:06:28.062,-1.0287,0.0800,26.4547
2026-05-09T13:06:28.076,-0.9785,0.0800,26.4117
2026-05-09T13:06:28.091,-0.9243,0.0800,26.3679
2026-05-09T13:06:28.103,-0.8690,0.0800,26.3254
2026-05-09T13:06:28.119,-0.8125,0.0800,26.2842
2026-05-09T13:06:28.133,-0.7611,0.0800,26.2490
2026-05-09T13:06:28.147,-0.6937,0.0800,26.2085
2026-05-09T13:06:28.163,-0.6293,0.0800,26.1739
2026-05-09T13:06:28.177,-0.5561,0.0800,26.1510
2026-05-09T13:06:28.191,-0.4877,0.0800,26.1313
2026-05-09T13:06:28.213,-0.4270,0.0800,26.1208
2026-05-09T13:06:28.229,-0.3556,0.0800,26.1153
2026-05-09T13:06:28.242,-0.2510,0.0800,26.1233
2026-05-09T13:06:28.257,-0.1778,0.0800,26.1332
2026-05-09T13:06:28.271,-0.1150,0.0800,26.1461
2026-05-09T13:06:28.284,-0.0418,0.0800,26.1625
2026-05-09T13:06:28.298,0.0291,0.0800,26.1760
2026-05-09T13:06:28.313,0.0846,0.0800,26.1923
2026-05-09T13:06:28.327,0.1516,0.0800,26.2142
2026-05-09T13:06:28.342,0.2228,0.0800,26.2391
2026-05-09T13:06:28.356,0.2852,0.0800,26.2664
2026-05-09T13:06:28.369,0.3526,0.0800,26.2986
2026-05-09T13:06:28.382,0.4107,0.0800,26.3310
2026-05-09T13:06:28.397,0.4651,0.0800,26.3598
2026-05-09T13:06:28.411,0.5193,0.0800,26.3962
2026-05-09T13:06:28.423,0.5818,0.0800,26.4455
2026-05-09T13:06:28.436,0.6329,0.0800,26.4837
2026-05-09T13:06:28.450,0.6743,0.0800,26.5237
2026-05-09T13:06:28.463,0.7200,0.0800,26.5703
2026-05-09T13:06:28.477,0.7688,0.0800,26.6167
2026-05-09T13:06:28.492,0.8144,0.0800,26.6678
2026-05-09T13:06:28.506,0.8586,0.0800,26.7199
2026-05-09T13:06:28.521,0.9076,0.0800,26.7734
2026-05-09T13:06:28.534,0.9524,0.0800,26.8307
2026-05-09T13:06:28.548,0.9945,0.0800,26.8868
2026-05-09T13:06:28.562,1.0363,0.0800,26.9377
2026-05-09T13:06:28.576,1.0742,0.0800,26.9925
2026-05-09T13:06:28.589,1.1139,0.0800,27.0522
2026-05-09T13:06:28.603,1.1512,0.0800,27.1109
2026-05-09T13:06:28.617,1.1890,0.0800,27.1649
2026-05-09T13:06:28.631,1.2226,0.0800,27.2225
2026-05-09T13:06:28.645,1.2565,0.0800,27.2829
2026-05-09T13:06:28.659,1.2938,0.0800,27.3438
2026-05-09T13:06:28.673,1.3246,0.0800,27.4042
2026-05-09T13:06:28.687,1.3549,0.0800,27.4667
2026-05-09T13:06:28.701,1.3892,0.0800,27.5306
2026-05-09T13:06:28.714,1.4157,0.0800,27.5906
2026-05-09T13:06:28.728,1.4429,0.0800,27.6546
2026-05-09T13:06:28.741,1.4710,0.0800,27.7124
2026-05-09T13:06:28.754,1.4962,0.0800,27.7766
2026-05-09T13:06:28.768,1.5205,0.0800,27.8390
2026-05-09T13:06:28.783,1.5473,0.0800,27.8971
2026-05-09T13:06:28.797,1.5722,0.0800,27.9607
2026-05-09T13:06:28.813,1.5970,0.0800,28.0265
2026-05-09T13:06:28.830,1.6222,0.0800,28.0940
2026-05-09T13:06:28.845,1.6510,0.0800,28.1600
2026-05-09T13:06:28.859,1.6794,0.0800,28.2404
2026-05-09T13:06:28.880,1.6971,0.0800,28.2891
2026-05-09T13:06:28.893,1.7170,0.0800,28.3367
2026-05-09T13:06:28.907,1.7443,0.0800,28.4025
2026-05-09T13:06:28.922,1.7664,0.0800,28.4434
2026-05-09T13:06:28.936,1.7816,0.0800,28.4802
2026-05-09T13:06:28.950,1.7977,0.0800,28.5161
2026-05-09T13:06:28.964,1.8123,0.0800,28.5449
2026-05-09T13:06:28.978,1.8321,0.0800,28.5656
2026-05-09T13:06:28.992,1.8516,0.0800,28.5838
2026-05-09T13:06:29.005,1.8748,0.0800,28.6024
2026-05-09T13:06:29.020,1.9032,0.0800,28.6215
2026-05-09T13:06:29.033,1.9326,0.0800,28.6402
2026-05-09T13:06:29.046,1.9705,0.0800,28.6609
2026-05-09T13:06:29.061,2.0110,0.0800,28.6823
2026-05-09T13:06:29.075,2.0536,0.0800,28.7033
2026-05-09T13:06:29.090,2.1051,0.0800,28.7280
2026-05-09T13:06:29.103,2.1563,0.0800,28.7519
2026-05-09T13:06:29.117,2.2183,0.0800,28.7793
2026-05-09T13:06:29.131,2.2760,0.0800,28.8044
2026-05-09T13:06:29.146,2.3427,0.0800,28.8329
2026-05-09T13:06:29.160,2.4134,0.0800,28.8580
2026-05-09T13:06:29.174,2.4756,0.0800,28.8802
2026-05-09T13:06:29.187,2.5479,0.0800,28.9041
2026-05-09T13:06:29.201,2.6126,0.0800,28.9254
2026-05-09T13:06:29.214,2.6730,0.0800,28.9450
2026-05-09T13:06:29.229,2.7389,0.0800,28.9662
2026-05-09T13:06:29.244,2.8033,0.0800,28.9869
2026-05-09T13:06:29.259,2.8747,0.0800,29.0099
2026-05-09T13:06:29.272,2.9462,0.0800,29.0329
2026-05-09T13:06:29.286,3.0184,0.0800,29.0562
2026-05-09T13:06:29.300,3.0966,0.0800,29.0814
2026-05-09T13:06:29.314,3.1553,0.0800,29.1003
2026-05-09T13:06:29.329,3.2269,0.0800,29.1234
2026-05-09T13:06:29.343,3.2871,0.0800,29.1428
2026-05-09T13:06:29.357,3.3592,0.0800,29.1660
2026-05-09T13:06:29.371,3.4233,0.0800,29.1867
2026-05-09T13:06:29.386,3.4913,0.0800,29.2087
2026-05-09T13:06:29.401,3.5568,0.0800,29.2299
2026-05-09T13:06:29.416,3.6258,0.0800,29.2526
2026-05-09T13:06:29.432,3.6982,0.0800,29.2769
2026-05-09T13:06:29.446,3.7688,0.0800,29.3010
2026-05-09T13:06:29.460,3.8460,0.0800,29.3275
2026-05-09T13:06:29.474,3.9073,0.0800,29.3488
2026-05-09T13:06:29.487,3.9727,0.0800,29.3721
2026-05-09T13:06:29.503,4.0415,0.0800,29.3971
2026-05-09T13:06:29.518,4.1048,0.0800,29.4213
2026-05-09T13:06:29.532,4.1755,0.0800,29.4490
2026-05-09T13:06:29.546,4.2458,0.0800,29.4784
2026-05-09T13:06:29.560,4.3118,0.0800,29.5067
2026-05-09T13:06:29.574,4.3731,0.0800,29.5337
2026-05-09T13:06:29.587,4.4386,0.0800,29.5632
2026-05-09T13:06:29.601,4.5005,0.0800,29.5913
2026-05-09T13:06:29.617,4.5611,0.0800,29.6190
2026-05-09T13:06:29.630,4.6251,0.0800,29.6487
2026-05-09T13:06:29.644,4.6975,0.0800,29.6826
2026-05-09T13:06:29.658,4.7601,0.0800,29.7122
2026-05-09T13:06:29.672,4.8179,0.0800,29.7401
2026-05-09T13:06:29.686,4.8817,0.0800,29.7717
2026-05-09T13:06:29.700,4.9452,0.0800,29.8035
2026-05-09T13:06:29.714,5.0030,0.0800,29.8345
2026-05-09T13:06:29.728,5.0594,0.0800,29.8660
2026-05-09T13:06:29.742,5.1207,0.0800,29.8999
2026-05-09T13:06:29.756,5.1775,0.0800,29.9341
2026-05-09T13:06:29.770,5.2366,0.0800,29.9708
2026-05-09T13:06:29.783,5.2903,0.0800,30.0055
2026-05-09T13:06:29.798,5.3489,0.0800,30.0430
2026-05-09T13:06:29.811,5.4036,0.0800,30.0808
2026-05-09T13:06:29.825,5.4633,0.0800,30.1236
2026-05-09T13:06:29.839,5.5156,0.0800,30.1604
2026-05-09T13:06:29.853,5.5663,0.0800,30.1993
2026-05-09T13:06:29.867,5.6216,0.0800,30.2429
2026-05-09T13:06:29.882,5.6750,0.0800,30.2848
2026-05-09T13:06:29.896,5.7295,0.0800,30.3308
2026-05-09T13:06:29.910,5.7790,0.0800,30.3744
2026-05-09T13:06:29.923,5.8286,0.0800,30.4210
2026-05-09T13:06:29.937,5.8791,0.0800,30.4685
2026-05-09T13:06:29.951,5.9215,0.0800,30.5157
2026-05-09T13:06:29.965,5.9667,0.0800,30.5708
2026-05-09T13:06:29.980,6.0084,0.0800,30.6232
2026-05-09T13:06:29.993,6.0450,0.0800,30.6806
2026-05-09T13:06:30.007,6.0788,0.0800,30.7403
2026-05-09T13:06:30.021,6.1078,0.0800,30.8021
2026-05-09T13:06:30.035,6.1300,0.0800,30.8654
2026-05-09T13:06:30.049,6.1488,0.0800,30.9289
2026-05-09T13:06:30.062,6.1618,0.0800,30.9953
2026-05-09T13:06:30.076,6.1757,0.0800,31.0662
2026-05-09T13:06:30.091,6.1829,0.0800,31.1290
2026-05-09T13:06:30.104,6.1874,0.0800,31.1969
2026-05-09T13:06:30.119,6.1931,0.0800,31.2686
2026-05-09T13:06:30.132,6.1936,0.0800,31.3310
2026-05-09T13:06:30.145,6.1923,0.0800,31.4076
2026-05-09T13:06:30.160,6.1932,0.0800,31.4730
2026-05-09T13:06:30.174,6.1893,0.0800,31.5341
2026-05-09T13:06:30.188,6.1837,0.0800,31.6055
2026-05-09T13:06:30.202,6.1766,0.0800,31.6809
2026-05-09T13:06:30.216,6.1718,0.0800,31.7474
2026-05-09T13:06:30.229,6.1656,0.0800,31.8139
2026-05-09T13:06:30.243,6.1582,0.0800,31.8871
2026-05-09T13:06:30.257,6.1516,0.0800,31.9517
2026-05-09T13:06:30.271,6.1449,0.0800,32.0161
2026-05-09T13:06:30.284,6.1371,0.0800,32.0885
2026-05-09T13:06:30.298,6.1294,0.0800,32.1577
2026-05-09T13:06:30.312,6.1219,0.0800,32.2240
2026-05-09T13:06:30.325,6.1124,0.0800,32.3059
2026-05-09T13:06:30.341,6.1062,0.0800,32.3593
2026-05-09T13:06:30.355,6.0981,0.0800,32.4279
2026-05-09T13:06:30.369,6.0888,0.0800,32.5070
2026-05-09T13:06:30.383,6.0811,0.0800,32.5733
2026-05-09T13:06:30.396,6.0726,0.0800,32.6456
2026-05-09T13:06:30.410,6.0647,0.0800,32.7136
2026-05-09T13:06:30.423,6.0572,0.0800,32.7780
2026-05-09T13:06:30.437,6.0490,0.0800,32.8493
2026-05-09T13:06:30.451,6.0418,0.0800,32.9113
2026-05-09T13:06:30.464,6.0337,0.0800,32.9845
2026-05-09T13:06:30.480,6.0264,0.0800,33.0511
2026-05-09T13:06:30.494,6.0195,0.0800,33.1148
2026-05-09T13:06:30.508,6.0106,0.0800,33.1986
2026-05-09T13:06:30.523,6.0039,0.0800,33.2621
2026-05-09T13:06:30.535,5.9960,0.0800,33.3371
2026-05-09T13:06:30.551,5.9885,0.0800,33.4086
2026-05-09T13:06:30.562,5.9821,0.0800,33.4694
2026-05-09T13:06:30.576,5.9741,0.0800,33.5462
2026-05-09T13:06:30.591,5.9683,0.0800,33.6016
2026-05-09T13:06:30.603,5.9610,0.0800,33.6706
2026-05-09T13:06:30.620,5.9530,0.0800,33.7464
2026-05-09T13:06:30.633,5.9466,0.0800,33.8065
2026-05-09T13:06:30.645,5.9373,0.0800,33.8939
2026-05-09T13:06:30.659,5.9309,0.0800,33.9552
2026-05-09T13:06:30.675,5.9246,0.0800,34.0146
2026-05-09T13:06:30.689,5.9176,0.0800,34.0809
2026-05-09T13:06:30.701,5.9084,0.0800,34.1683
2026-05-09T13:06:30.714,5.9014,0.0800,34.2349
2026-05-09T13:06:30.730,5.8956,0.0800,34.2898
2026-05-09T13:06:30.745,5.8885,0.0800,34.3582
2026-05-09T13:06:30.758,5.8795,0.0800,34.4423
2026-05-09T13:06:30.772,5.8721,0.0800,34.5123
2026-05-09T13:06:30.784,5.8638,0.0800,34.5902
2026-05-09T13:06:30.800,5.8574,0.0800,34.6505
2026-05-09T13:06:30.812,5.8493,0.0800,34.7267
2026-05-09T13:06:30.826,5.8432,0.0800,34.7836
2026-05-09T13:06:30.840,5.8348,0.0800,34.8631
2026-05-09T13:06:30.854,5.8294,0.0800,34.9132
2026-05-09T13:06:30.867,5.8199,0.0800,35.0021
2026-05-09T13:06:30.881,5.8148,0.0800,35.0494
2026-05-09T13:06:30.895,5.8051,0.0800,35.1409
2026-05-09T13:06:30.909,5.8003,0.0800,35.1863
2026-05-09T13:06:30.922,5.7905,0.0800,35.2778
2026-05-09T13:06:30.937,5.7855,0.0800,35.3249
2026-05-09T13:06:30.950,5.7756,0.0800,35.4175
2026-05-09T13:06:30.965,5.7707,0.0800,35.4627
2026-05-09T13:06:30.979,5.7608,0.0800,35.5553
2026-05-09T13:06:30.995,5.7558,0.0800,35.6017
2026-05-09T13:06:31.017,5.7461,0.0800,35.6906
2026-05-09T13:06:31.035,5.7392,0.0800,35.7540
2026-05-09T13:06:31.050,5.7272,0.0800,35.8639
2026-05-09T13:06:31.063,5.7172,0.0800,35.9548
2026-05-09T13:06:31.078,5.7096,0.0800,36.0237
2026-05-09T13:06:31.090,5.7015,0.0800,36.0965
2026-05-09T13:06:31.102,5.6942,0.0800,36.1625
2026-05-09T13:06:31.119,5.6877,0.0800,36.2211
2026-05-09T13:06:31.132,5.6807,0.0800,36.2840
2026-05-09T13:06:31.147,5.6715,0.0800,36.3654
2026-05-09T13:06:31.161,5.6642,0.0800,36.4293
2026-05-09T13:06:31.174,5.6551,0.0800,36.5084
2026-05-09T13:06:31.189,5.6475,0.0800,36.5757
2026-05-09T13:06:31.200,5.6395,0.0800,36.6456
2026-05-09T13:06:31.214,5.6314,0.0800,36.7156
2026-05-09T13:06:31.230,5.6250,0.0800,36.7709
2026-05-09T13:06:31.243,5.6172,0.0800,36.8385
2026-05-09T13:06:31.257,5.6067,0.0800,36.9296
2026-05-09T13:06:31.269,5.6008,0.0800,36.9811
2026-05-09T13:06:31.283,5.5932,0.0800,37.0490
2026-05-09T13:06:31.297,5.5876,0.0800,37.1100
2026-05-09T13:06:31.312,5.5841,0.0800,37.1784
2026-05-09T13:06:31.325,5.5850,0.0800,37.2534
2026-05-09T13:06:31.340,5.5875,0.0800,37.3239
2026-05-09T13:06:31.354,5.5916,0.0800,37.3922
2026-05-09T13:06:31.367,5.6002,0.0800,37.4653
2026-05-09T13:06:31.381,5.6102,0.0800,37.5339
2026-05-09T13:06:31.396,5.6227,0.0800,37.5967
2026-05-09T13:06:31.409,5.6392,0.0800,37.6657
2026-05-09T13:06:31.422,5.6599,0.0800,37.7412
2026-05-09T13:06:31.437,5.6834,0.0800,37.8008
2026-05-09T13:06:31.451,5.7094,0.0800,37.8606
2026-05-09T13:06:31.465,5.7428,0.0800,37.9255
2026-05-09T13:06:31.479,5.7769,0.0800,37.9891
2026-05-09T13:06:31.493,5.8112,0.0800,38.0504
2026-05-09T13:06:31.507,5.8482,0.0800,38.1109
2026-05-09T13:06:31.520,5.8848,0.0800,38.1684
2026-05-09T13:06:31.534,5.9253,0.0800,38.2279
2026-05-09T13:06:31.548,5.9632,0.0800,38.2824
2026-05-09T13:06:31.562,6.0029,0.0800,38.3386
2026-05-09T13:06:31.576,6.0436,0.0800,38.3956
2026-05-09T13:06:31.590,6.0863,0.0800,38.4554
2026-05-09T13:06:31.604,6.1250,0.0800,38.5097
2026-05-09T13:06:31.618,6.1647,0.0800,38.5655
2026-05-09T13:06:31.631,6.2072,0.0800,38.6251
2026-05-09T13:06:31.646,6.2473,0.0800,38.6826
2026-05-09T13:06:31.659,6.2838,0.0800,38.7408
2026-05-09T13:06:31.674,6.3184,0.0800,38.8021
2026-05-09T13:06:31.688,6.3459,0.0800,38.8622
2026-05-09T13:06:31.701,6.3761,0.0800,38.9384
2026-05-09T13:06:31.716,6.3921,0.0800,38.9988
2026-05-09T13:06:31.729,6.4059,0.0800,39.0625
2026-05-09T13:06:31.743,6.4181,0.0800,39.1370
2026-05-09T13:06:31.757,6.4267,0.0800,39.2072
2026-05-09T13:06:31.770,6.4249,0.0800,39.2701
2026-05-09T13:06:31.784,6.4184,0.0800,39.3402
2026-05-09T13:06:31.799,6.4029,0.0800,39.4062
2026-05-09T13:06:31.812,6.3847,0.0800,39.4721
2026-05-09T13:06:31.826,6.3626,0.0800,39.5484
2026-05-09T13:06:31.839,6.3454,0.0800,39.6058
2026-05-09T13:06:31.853,6.3248,0.0800,39.6708
2026-05-09T13:06:31.866,6.2998,0.0800,39.7357
2026-05-09T13:06:31.881,6.2723,0.0800,39.7997
2026-05-09T13:06:31.895,6.2458,0.0800,39.8568
2026-05-09T13:06:31.910,6.2134,0.0800,39.9189
2026-05-09T13:06:31.923,6.1776,0.0800,39.9848
2026-05-09T13:06:31.937,6.1421,0.0800,40.0478
2026-05-09T13:06:31.951,6.1083,0.0800,40.1047
2026-05-09T13:06:31.965,6.0724,0.0800,40.1644
2026-05-09T13:06:31.978,6.0378,0.0800,40.2219
2026-05-09T13:06:31.992,6.0001,0.0800,40.2845
2026-05-09T13:06:32.005,5.9687,0.0800,40.3367
2026-05-09T13:06:32.020,5.9319,0.0800,40.3979
2026-05-09T13:06:32.035,5.8982,0.0800,40.4540
2026-05-09T13:06:32.048,5.8591,0.0800,40.5189
2026-05-09T13:06:32.062,5.8118,0.0800,40.5981
2026-05-09T13:06:32.088,5.7880,0.0800,40.6378
2026-05-09T13:06:32.103,5.7421,0.0800,40.7278
2026-05-09T13:06:32.115,5.7231,0.0800,40.7715
2026-05-09T13:06:32.129,5.7160,0.0800,40.7978
2026-05-09T13:06:32.143,5.7118,0.0800,40.8126
2026-05-09T13:06:32.158,5.7100,0.0800,40.8194
2026-05-09T13:06:32.176,5.7090,0.0800,40.8234
2026-05-09T13:06:32.193,5.7087,0.0800,40.8249
2026-05-09T13:06:32.710,5.7086,0.0800,40.8225
2026-05-09T13:06:32.723,5.7084,0.0800,40.8166
2026-05-09T13:06:32.738,5.7091,0.0800,40.7986
2026-05-09T13:06:32.753,5.7098,0.0800,40.7768
2026-05-09T13:06:32.768,5.7107,0.0800,40.7451
2026-05-09T13:06:32.783,5.7086,0.0800,40.7083
2026-05-09T13:06:32.797,5.7087,0.0800,40.6715
2026-05-09T13:06:32.811,5.7081,0.0800,40.6373
2026-05-09T13:06:32.825,5.7067,0.0800,40.6009
2026-05-09T13:06:32.839,5.7011,0.0800,40.5679
2026-05-09T13:06:32.854,5.6986,0.0800,40.5341
2026-05-09T13:06:32.868,5.6952,0.0800,40.4984
2026-05-09T13:06:32.882,5.6874,0.0800,40.4626
2026-05-09T13:06:32.896,5.6828,0.0800,40.4282
2026-05-09T13:06:32.909,5.6778,0.0800,40.3956
2026-05-09T13:06:32.922,5.6721,0.0800,40.3623
2026-05-09T13:06:32.936,5.6625,0.0800,40.3313
2026-05-09T13:06:32.950,5.6564,0.0800,40.3021
2026-05-09T13:06:32.964,5.6484,0.0800,40.2671
2026-05-09T13:06:32.978,5.6365,0.0800,40.2348
2026-05-09T13:06:32.991,5.6279,0.0800,40.2026
2026-05-09T13:06:33.005,5.6193,0.0800,40.1729
2026-05-09T13:06:33.021,5.6059,0.0800,40.1403
2026-05-09T13:06:33.034,5.5947,0.0800,40.1061
2026-05-09T13:06:33.047,5.5836,0.0800,40.0746
2026-05-09T13:06:33.062,5.5687,0.0800,40.0446
2026-05-09T13:06:33.077,5.5568,0.0800,40.0143
2026-05-09T13:06:33.090,5.5436,0.0800,39.9826
2026-05-09T13:06:33.104,5.5291,0.0800,39.9496
2026-05-09T13:06:33.118,5.5115,0.0800,39.9206
2026-05-09T13:06:33.132,5.4973,0.0800,39.8914
2026-05-09T13:06:33.146,5.4823,0.0800,39.8619
2026-05-09T13:06:33.161,5.4617,0.0800,39.8306
2026-05-09T13:06:33.175,5.4465,0.0800,39.8034
2026-05-09T13:06:33.189,5.4288,0.0800,39.7732
2026-05-09T13:06:33.202,5.4107,0.0800,39.7435
2026-05-09T13:06:33.217,5.3884,0.0800,39.7153
2026-05-09T13:06:33.230,5.3711,0.0800,39.6895
2026-05-09T13:06:33.244,5.3515,0.0800,39.6611
2026-05-09T13:06:33.258,5.3279,0.0800,39.6346
2026-05-09T13:06:33.272,5.3090,0.0800,39.6094
2026-05-09T13:06:33.286,5.2883,0.0800,39.5830
2026-05-09T13:06:33.299,5.2617,0.0800,39.5558
2026-05-09T13:06:33.314,5.2422,0.0800,39.5328
2026-05-09T13:06:33.327,5.2221,0.0800,39.5098
2026-05-09T13:06:33.342,5.1942,0.0800,39.4839
2026-05-09T13:06:33.356,5.1731,0.0800,39.4617
2026-05-09T13:06:33.369,5.1471,0.0800,39.4352
2026-05-09T13:06:33.383,5.1259,0.0800,39.4145
2026-05-09T13:06:33.397,5.1176,0.0800,39.3926
2026-05-09T13:06:33.411,5.1182,0.0800,39.3718
2026-05-09T13:06:33.424,5.1196,0.0800,39.3490
2026-05-09T13:06:33.440,5.1191,0.0800,39.3301
2026-05-09T13:06:33.453,5.1206,0.0800,39.3119
2026-05-09T13:06:33.467,5.1225,0.0800,39.2879
2026-05-09T13:06:33.481,5.1213,0.0800,39.2721
2026-05-09T13:06:33.495,5.1235,0.0800,39.2527
2026-05-09T13:06:33.510,5.1240,0.0800,39.2346
2026-05-09T13:06:33.523,5.1249,0.0800,39.2165
2026-05-09T13:06:33.537,5.1250,0.0800,39.2002
2026-05-09T13:06:33.551,5.1258,0.0800,39.1852
2026-05-09T13:06:33.564,5.1271,0.0800,39.1675
2026-05-09T13:06:33.578,5.1265,0.0800,39.1549
2026-05-09T13:06:33.592,5.1274,0.0800,39.1421
2026-05-09T13:06:33.606,5.1286,0.0800,39.1271
2026-05-09T13:06:33.620,5.1284,0.0800,39.1156
2026-05-09T13:06:33.634,5.1295,0.0800,39.1021
2026-05-09T13:06:33.648,5.1297,0.0800,39.0901
2026-05-09T13:06:33.662,5.1304,0.0800,39.0780
2026-05-09T13:06:33.676,5.1300,0.0800,39.0700
2026-05-09T13:06:33.690,5.1310,0.0800,39.0594
2026-05-09T13:06:33.703,5.1316,0.0800,39.0484
2026-05-09T13:06:33.718,5.1313,0.0800,39.0417
2026-05-09T13:06:33.731,5.1317,0.0800,39.0335
2026-05-09T13:06:33.745,5.1321,0.0800,39.0255
2026-05-09T13:06:33.758,5.1321,0.0800,39.0207
2026-05-09T13:06:33.772,5.1325,0.0800,39.0138
2026-05-09T13:06:33.786,5.1324,0.0800,39.0078
2026-05-09T13:06:33.800,5.1329,0.0800,39.0040
2026-05-09T13:06:33.814,5.1326,0.0800,38.9991
2026-05-09T13:06:33.828,5.1330,0.0800,38.9941
2026-05-09T13:06:33.841,5.1328,0.0800,38.9942
2026-05-09T13:06:33.856,5.1331,0.0800,38.9906
2026-05-09T13:06:33.869,5.1326,0.0800,38.9875
2026-05-09T13:06:33.882,5.1331,0.0800,38.9837
2026-05-09T13:06:33.896,5.1323,0.0800,38.9854
2026-05-09T13:06:33.910,5.1325,0.0800,38.9834
2026-05-09T13:06:33.924,5.1325,0.0800,38.9816
2026-05-09T13:06:33.937,5.1320,0.0800,38.9843
2026-05-09T13:06:33.952,5.1318,0.0800,38.9835
2026-05-09T13:06:33.965,5.1315,0.0800,38.9831
2026-05-09T13:06:33.980,5.1315,0.0800,38.9868
2026-05-09T13:06:33.994,5.1307,0.0800,38.9871
2026-05-09T13:06:34.007,5.1307,0.0800,38.9880
2026-05-09T13:06:34.022,5.1300,0.0800,38.9939
2026-05-09T13:06:34.037,5.1298,0.0800,38.9958
2026-05-09T13:06:34.052,5.1291,0.0800,38.9981
2026-05-09T13:06:34.066,5.1283,0.0800,39.0005
2026-05-09T13:06:34.082,5.1279,0.0800,39.0076
2026-05-09T13:06:34.098,5.1272,0.0800,39.0109
2026-05-09T13:06:34.115,5.1267,0.0800,39.0153
2026-05-09T13:06:34.131,5.1259,0.0800,39.0201
2026-05-09T13:06:34.145,5.1252,0.0800,39.0258
2026-05-09T13:06:34.158,5.1243,0.0800,39.0375
2026-05-09T13:06:34.173,5.1229,0.0800,39.0424
2026-05-09T13:06:34.188,5.1223,0.0800,39.0482
2026-05-09T13:06:34.203,5.1218,0.0800,39.0570
2026-05-09T13:06:34.218,5.1203,0.0800,39.0705
2026-05-09T13:06:34.234,5.1193,0.0800,39.0777
2026-05-09T13:06:34.251,5.1183,0.0800,39.0854
2026-05-09T13:06:34.267,5.1174,0.0800,39.0989
2026-05-09T13:06:34.284,5.1163,0.0800,39.1088
2026-05-09T13:06:34.300,5.1150,0.0800,39.1194
2026-05-09T13:06:34.315,5.1137,0.0800,39.1305
2026-05-09T13:06:34.330,5.1124,0.0800,39.1456
2026-05-09T13:06:34.344,5.1106,0.0800,39.1540
2026-05-09T13:06:34.360,5.1097,0.0800,39.1691
2026-05-09T13:06:34.379,5.1084,0.0800,39.1799
2026-05-09T13:06:34.399,5.1071,0.0800,39.1930
2026-05-09T13:06:34.420,5.1056,0.0800,39.2088
2026-05-09T13:06:34.439,5.1037,0.0800,39.2272
2026-05-09T13:06:34.454,5.1017,0.0800,39.2458
2026-05-09T13:06:34.469,5.0997,0.0800,39.2648
2026-05-09T13:06:34.484,5.0980,0.0800,39.2785
2026-05-09T13:06:34.502,5.0966,0.0800,39.2967
2026-05-09T13:06:34.520,5.0951,0.0800,39.3085
2026-05-09T13:06:34.541,5.0933,0.0800,39.3219
2026-05-09T13:06:34.561,5.0912,0.0800,39.3294
2026-05-09T13:06:34.578,5.0887,0.0800,39.3343
2026-05-09T13:06:34.596,5.0863,0.0800,39.3296
2026-05-09T13:06:34.615,5.0874,0.0800,39.3178
2026-05-09T13:06:34.633,5.0914,0.0800,39.3003
2026-05-09T13:06:34.651,5.0960,0.0800,39.2802
2026-05-09T13:06:34.667,5.1046,0.0800,39.2490
2026-05-09T13:06:34.686,5.1176,0.0800,39.2192
2026-05-09T13:06:34.707,5.1295,0.0800,39.1785
2026-05-09T13:06:34.726,5.1433,0.0800,39.1286
2026-05-09T13:06:34.748,5.1593,0.0800,39.0673
2026-05-09T13:06:34.767,5.1735,0.0800,39.0077
2026-05-09T13:06:34.784,5.1894,0.0800,38.9355
2026-05-09T13:06:34.801,5.2034,0.0800,38.8645
2026-05-09T13:06:34.821,5.2137,0.0800,38.8062
2026-05-09T13:06:34.841,5.2244,0.0800,38.7386
2026-05-09T13:06:34.861,5.2338,0.0800,38.6707
2026-05-09T13:06:34.881,5.2432,0.0800,38.5918
2026-05-09T13:06:34.901,5.2504,0.0800,38.5168
2026-05-09T13:06:34.919,5.2561,0.0800,38.4428
2026-05-09T13:06:34.939,5.2606,0.0800,38.3637
2026-05-09T13:06:34.957,5.2633,0.0800,38.2938
2026-05-09T13:06:34.975,5.2654,0.0800,38.2071
2026-05-09T13:06:34.993,5.2660,0.0800,38.1341
2026-05-09T13:06:35.011,5.2654,0.0800,38.0598
2026-05-09T13:06:35.031,5.2664,0.0800,37.9872
2026-05-09T13:06:35.054,5.2634,0.0800,37.9027
2026-05-09T13:06:35.074,5.2593,0.0800,37.8193
2026-05-09T13:06:35.093,5.2531,0.0800,37.7150
2026-05-09T13:06:35.112,5.2465,0.0800,37.6191
2026-05-09T13:06:35.131,5.2391,0.0800,37.5241
2026-05-09T13:06:35.148,5.2316,0.0800,37.4370
2026-05-09T13:06:35.166,5.2222,0.0800,37.3375
2026-05-09T13:06:35.184,5.2144,0.0800,37.2619
2026-05-09T13:06:35.204,5.2049,0.0800,37.1763
2026-05-09T13:06:35.224,5.1949,0.0800,37.0898
2026-05-09T13:06:35.246,5.1824,0.0800,36.9865
2026-05-09T13:06:35.267,5.1714,0.0800,36.8916
2026-05-09T13:06:35.288,5.1587,0.0800,36.7822
2026-05-09T13:06:35.308,5.1465,0.0800,36.6773
2026-05-09T13:06:35.326,5.1338,0.0800,36.5676
2026-05-09T13:06:35.343,5.1234,0.0800,36.4776
2026-05-09T13:06:35.361,5.1145,0.0800,36.3910
2026-05-09T13:06:35.379,5.1071,0.0800,36.3091
2026-05-09T13:06:35.397,5.1006,0.0800,36.2285
2026-05-09T13:06:35.418,5.0947,0.0800,36.1444
2026-05-09T13:06:35.441,5.0896,0.0800,36.0574
2026-05-09T13:06:35.460,5.0855,0.0800,35.9672
2026-05-09T13:06:35.480,5.0818,0.0800,35.8590
2026-05-09T13:06:35.497,5.0802,0.0800,35.7760
2026-05-09T13:06:35.514,5.0796,0.0800,35.6862
2026-05-09T13:06:35.531,5.0802,0.0800,35.6045
2026-05-09T13:06:35.548,5.0794,0.0800,35.5350
2026-05-09T13:06:35.566,5.0816,0.0800,35.4588
2026-05-09T13:06:35.586,5.0846,0.0800,35.3835
2026-05-09T13:06:35.605,5.0889,0.0800,35.3015
2026-05-09T13:06:35.624,5.0944,0.0800,35.2148
2026-05-09T13:06:35.644,5.1019,0.0800,35.1192
2026-05-09T13:06:35.662,5.1088,0.0800,35.0431
2026-05-09T13:06:35.681,5.1173,0.0800,34.9607
2026-05-09T13:06:35.703,5.1277,0.0800,34.8707
2026-05-09T13:06:35.724,5.1375,0.0800,34.7942
2026-05-09T13:06:35.746,5.1509,0.0800,34.6980
2026-05-09T13:06:35.764,5.1655,0.0800,34.6035
2026-05-09T13:06:35.782,5.1822,0.0800,34.5038
2026-05-09T13:06:35.801,5.1965,0.0800,34.4246
2026-05-09T13:06:35.819,5.2116,0.0800,34.3446
2026-05-09T13:06:35.837,5.2284,0.0800,34.2571
2026-05-09T13:06:35.857,5.2445,0.0800,34.1704
2026-05-09T13:06:35.876,5.2614,0.0800,34.0792
2026-05-09T13:06:35.894,5.2797,0.0800,33.9800
2026-05-09T13:06:35.914,5.2968,0.0800,33.8874
2026-05-09T13:06:35.935,5.3125,0.0800,33.8021
2026-05-09T13:06:35.953,5.3312,0.0800,33.7005
2026-05-09T13:06:35.972,5.3497,0.0800,33.6001
2026-05-09T13:06:35.992,5.3667,0.0800,33.5079
2026-05-09T13:06:36.011,5.3839,0.0800,33.4145
2026-05-09T13:06:36.030,5.4017,0.0800,33.3179
2026-05-09T13:06:36.049,5.4190,0.0800,33.2237
2026-05-09T13:06:36.068,5.4363,0.0800,33.1298
2026-05-09T13:06:36.085,5.4521,0.0800,33.0435
2026-05-09T13:06:36.103,5.4719,0.0800,32.9360
2026-05-09T13:06:36.120,5.4853,0.0800,32.8633
2026-05-09T13:06:36.137,5.5012,0.0800,32.7772
2026-05-09T13:06:36.155,5.5168,0.0800,32.6920
2026-05-09T13:06:36.173,5.5326,0.0800,32.6058
2026-05-09T13:06:36.190,5.5483,0.0800,32.5204
2026-05-09T13:06:36.207,5.5651,0.0800,32.4284
2026-05-09T13:06:36.222,5.5795,0.0800,32.3493
2026-05-09T13:06:36.238,5.5955,0.0800,32.2614
2026-05-09T13:06:36.253,5.6084,0.0800,32.1906
2026-05-09T13:06:36.268,5.6227,0.0800,32.1125
2026-05-09T13:06:36.283,5.6358,0.0800,32.0406
2026-05-09T13:06:36.298,5.6493,0.0800,31.9666
2026-05-09T13:06:36.313,5.6625,0.0800,31.8942
2026-05-09T13:06:36.327,5.6761,0.0800,31.8194
2026-05-09T13:06:36.343,5.6880,0.0800,31.7491
2026-05-09T13:06:36.358,5.7018,0.0800,31.6647
2026-05-09T13:06:36.372,5.7124,0.0800,31.5969
2026-05-09T13:06:36.387,5.7221,0.0800,31.5325
2026-05-09T13:06:36.404,5.7324,0.0800,31.4663
2026-05-09T13:06:36.419,5.7371,0.0800,31.4239
2026-05-09T13:06:36.436,5.7410,0.0800,31.3765
2026-05-09T13:06:36.450,5.7436,0.0800,31.3328
2026-05-09T13:06:36.464,5.7452,0.0800,31.2875
2026-05-09T13:06:36.481,5.7486,0.0800,31.2538
2026-05-09T13:06:36.497,5.7473,0.0800,31.2150
2026-05-09T13:06:36.512,5.7456,0.0800,31.1917
2026-05-09T13:06:36.527,5.7430,0.0800,31.1695
2026-05-09T13:06:36.544,5.7431,0.0800,31.1518
2026-05-09T13:06:36.559,5.7394,0.0800,31.1355
2026-05-09T13:06:36.576,5.7346,0.0800,31.1171
2026-05-09T13:06:36.591,5.7302,0.0800,31.1036
2026-05-09T13:06:36.606,5.7245,0.0800,31.0888
2026-05-09T13:06:36.620,5.7241,0.0800,31.0800
2026-05-09T13:06:36.634,5.7177,0.0800,31.0681
2026-05-09T13:06:36.649,5.7131,0.0800,31.0604
2026-05-09T13:06:36.664,5.7080,0.0800,31.0535
2026-05-09T13:06:36.680,5.7072,0.0800,31.0495
2026-05-09T13:06:36.697,5.7015,0.0800,31.0441
2026-05-09T13:06:36.712,5.6963,0.0800,31.0397
2026-05-09T13:06:36.726,5.6904,0.0800,31.0353
2026-05-09T13:06:36.741,5.6908,0.0800,31.0346
2026-05-09T13:06:36.755,5.6856,0.0800,31.0316
2026-05-09T13:06:36.769,5.6807,0.0800,31.0298
2026-05-09T13:06:36.782,5.6763,0.0800,31.0282
2026-05-09T13:06:36.797,5.6761,0.0800,31.0283
2026-05-09T13:06:36.811,5.6715,0.0800,31.0269
2026-05-09T13:06:36.827,5.6663,0.0800,31.0255
2026-05-09T13:06:36.844,5.6670,0.0800,31.0258
2026-05-09T13:06:36.860,5.6604,0.0800,31.0244
2026-05-09T13:06:36.874,5.6557,0.0800,31.0234
2026-05-09T13:06:36.887,5.6501,0.0800,31.0225
2026-05-09T13:06:36.900,5.6452,0.0800,31.0218
2026-05-09T13:06:36.914,5.6457,0.0800,31.0219
2026-05-09T13:06:36.928,5.6410,0.0800,31.0214
2026-05-09T13:06:36.943,5.6410,0.0800,31.0215
2026-05-09T13:06:36.957,5.6361,0.0800,31.0212
2026-05-09T13:06:36.972,5.6308,0.0800,31.0211
2026-05-09T13:06:36.986,5.6261,0.0800,31.0210
2026-05-09T13:06:37.002,5.6254,0.0800,31.0211
2026-05-09T13:06:37.017,5.6205,0.0800,31.0213
2026-05-09T13:06:37.031,5.6151,0.0800,31.0216
2026-05-09T13:06:37.045,5.6087,0.0800,31.0209
2026-05-09T13:06:37.059,5.6049,0.0800,31.0166
2026-05-09T13:06:37.074,5.5932,0.0800,31.0104
2026-05-09T13:06:37.088,5.5789,0.0800,31.0021
2026-05-09T13:06:37.105,5.5691,0.0800,30.9922
2026-05-09T13:06:37.122,5.5555,0.0800,30.9828
2026-05-09T13:06:37.137,5.5425,0.0800,30.9733
2026-05-09T13:06:37.151,5.5305,0.0800,30.9635
2026-05-09T13:06:37.165,5.5167,0.0800,30.9522
2026-05-09T13:06:37.179,5.5010,0.0800,30.9393
2026-05-09T13:06:37.193,5.4832,0.0800,30.9248
2026-05-09T13:06:37.207,5.4647,0.0800,30.9096
2026-05-09T13:06:37.220,5.4452,0.0800,30.8937
2026-05-09T13:06:37.235,5.4260,0.0800,30.8780
2026-05-09T13:06:37.250,5.4062,0.0800,30.8618
2026-05-09T13:06:37.266,5.3831,0.0800,30.8428
2026-05-09T13:06:37.281,5.3518,0.0800,30.8172
2026-05-09T13:06:37.295,5.3150,0.0800,30.7869
2026-05-09T13:06:37.309,5.2719,0.0800,30.7515
2026-05-09T13:06:37.323,5.2223,0.0800,30.7108
2026-05-09T13:06:37.338,5.1727,0.0800,30.6701
2026-05-09T13:06:37.352,5.1211,0.0800,30.6276
2026-05-09T13:06:37.366,5.0590,0.0800,30.5766
2026-05-09T13:06:37.380,5.0073,0.0800,30.5341
2026-05-09T13:06:37.394,4.9548,0.0800,30.4909
2026-05-09T13:06:37.408,4.9031,0.0800,30.4485
2026-05-09T13:06:37.422,4.8478,0.0800,30.4030
2026-05-09T13:06:37.436,4.7958,0.0800,30.3594
2026-05-09T13:06:37.450,4.7458,0.0800,30.3169
2026-05-09T13:06:37.464,4.6946,0.0800,30.2727
2026-05-09T13:06:37.477,4.6425,0.0800,30.2285
2026-05-09T13:06:37.491,4.5927,0.0800,30.1845
2026-05-09T13:06:37.505,4.5466,0.0800,30.1431
2026-05-09T13:06:37.520,4.4979,0.0800,30.1001
2026-05-09T13:06:37.533,4.4480,0.0800,30.0541
2026-05-09T13:06:37.547,4.3999,0.0800,30.0092
2026-05-09T13:06:37.561,4.3503,0.0800,29.9637
2026-05-09T13:06:37.575,4.3040,0.0800,29.9194
2026-05-09T13:06:37.589,4.2551,0.0800,29.8719
2026-05-09T13:06:37.602,4.2095,0.0800,29.8270
2026-05-09T13:06:37.617,4.1611,0.0800,29.7804
2026-05-09T13:06:37.631,4.1176,0.0800,29.7364
2026-05-09T13:06:37.645,4.0681,0.0800,29.6858
2026-05-09T13:06:37.659,4.0182,0.0800,29.6359
2026-05-09T13:06:37.673,3.9772,0.0800,29.5928
2026-05-09T13:06:37.687,3.9316,0.0800,29.5444
2026-05-09T13:06:37.701,3.8845,0.0800,29.4953
2026-05-09T13:06:37.715,3.8412,0.0800,29.4480
2026-05-09T13:06:37.728,3.7972,0.0800,29.3993
2026-05-09T13:06:37.743,3.7524,0.0800,29.3508
2026-05-09T13:06:37.756,3.7092,0.0800,29.3018
2026-05-09T13:06:37.770,3.6642,0.0800,29.2502
2026-05-09T13:06:37.784,3.6234,0.0800,29.2027
2026-05-09T13:06:37.797,3.5799,0.0800,29.1530
2026-05-09T13:06:37.811,3.5359,0.0800,29.1004
2026-05-09T13:06:37.825,3.4938,0.0800,29.0496
2026-05-09T13:06:37.839,3.4540,0.0800,29.0024
2026-05-09T13:06:37.853,3.4147,0.0800,28.9536
2026-05-09T13:06:37.867,3.3709,0.0800,28.8986
2026-05-09T13:06:37.881,3.3296,0.0800,28.8479
2026-05-09T13:06:37.895,3.2906,0.0800,28.7974
2026-05-09T13:06:37.909,3.2495,0.0800,28.7438
2026-05-09T13:06:37.922,3.2093,0.0800,28.6904
2026-05-09T13:06:37.937,3.1699,0.0800,28.6395
2026-05-09T13:06:37.951,3.1316,0.0800,28.5873
2026-05-09T13:06:37.964,3.0918,0.0800,28.5325
2026-05-09T13:06:37.978,3.0528,0.0800,28.4799
2026-05-09T13:06:37.992,3.0149,0.0800,28.4263
2026-05-09T13:06:38.006,2.9773,0.0800,28.3725
2026-05-09T13:06:38.020,2.9388,0.0800,28.3184
2026-05-09T13:06:38.034,2.9005,0.0800,28.2620
2026-05-09T13:06:38.047,2.8649,0.0800,28.2088
2026-05-09T13:06:38.062,2.8274,0.0800,28.1540
2026-05-09T13:06:38.076,2.7944,0.0800,28.1033
2026-05-09T13:06:38.090,2.7562,0.0800,28.0439
2026-05-09T13:06:38.103,2.7202,0.0800,27.9871
2026-05-09T13:06:38.117,2.6848,0.0800,27.9327
2026-05-09T13:06:38.131,2.6513,0.0800,27.8784
2026-05-09T13:06:38.145,2.6159,0.0800,27.8206
2026-05-09T13:06:38.159,2.5785,0.0800,27.7623
2026-05-09T13:06:38.172,2.5431,0.0800,27.7057
2026-05-09T13:06:38.186,2.5131,0.0800,27.6575
2026-05-09T13:06:38.200,2.4846,0.0800,27.6119
2026-05-09T13:06:38.214,2.4610,0.0800,27.5740
2026-05-09T13:06:38.228,2.4396,0.0800,27.5398
2026-05-09T13:06:38.241,2.4233,0.0800,27.5138
2026-05-09T13:06:38.255,2.4072,0.0800,27.4879
2026-05-09T13:06:38.269,2.3947,0.0800,27.4679
2026-05-09T13:06:38.283,2.3832,0.0800,27.4495
2026-05-09T13:06:38.297,2.3675,0.0800,27.4270
2026-05-09T13:06:38.311,2.3541,0.0800,27.4083
2026-05-09T13:06:38.324,2.3353,0.0800,27.3833
2026-05-09T13:06:38.339,2.3196,0.0800,27.3606
2026-05-09T13:06:38.352,2.3007,0.0800,27.3379
2026-05-09T13:06:38.366,2.2815,0.0800,27.3163
2026-05-09T13:06:38.380,2.2684,0.0800,27.2981
2026-05-09T13:06:38.394,2.2502,0.0800,27.2790
2026-05-09T13:06:38.407,2.2315,0.0800,27.2601
2026-05-09T13:06:38.422,2.2163,0.0800,27.2417
2026-05-09T13:06:38.436,2.1973,0.0800,27.2239
2026-05-09T13:06:38.450,2.1771,0.0800,27.2055
2026-05-09T13:06:38.463,2.1574,0.0800,27.1884
2026-05-09T13:06:38.477,2.1414,0.0800,27.1715
2026-05-09T13:06:38.491,2.1219,0.0800,27.1557
2026-05-09T13:06:38.505,2.1024,0.0800,27.1404
2026-05-09T13:06:38.519,2.0856,0.0800,27.1245
2026-05-09T13:06:38.533,2.0658,0.0800,27.1101
2026-05-09T13:06:38.546,2.0438,0.0800,27.0947
2026-05-09T13:06:38.561,2.0276,0.0800,27.0804
2026-05-09T13:06:38.575,2.0076,0.0800,27.0674
2026-05-09T13:06:38.589,1.9832,0.0800,27.0521
2026-05-09T13:06:38.603,1.9614,0.0800,27.0391
2026-05-09T13:06:38.617,1.9437,0.0800,27.0259
2026-05-09T13:06:38.631,1.9215,0.0800,27.0136
2026-05-09T13:06:38.645,1.8989,0.0800,27.0016
2026-05-09T13:06:38.659,1.8784,0.0800,26.9883
2026-05-09T13:06:38.673,1.8586,0.0800,26.9789
2026-05-09T13:06:38.686,1.8356,0.0800,26.9684
2026-05-09T13:06:38.700,1.8167,0.0800,26.9571
2026-05-09T13:06:38.714,1.7966,0.0800,26.9488
2026-05-09T13:06:38.728,1.7731,0.0800,26.9395
2026-05-09T13:06:38.742,1.7543,0.0800,26.9296
2026-05-09T13:06:38.756,1.7308,0.0800,26.9212
2026-05-09T13:06:38.770,1.7073,0.0800,26.9134
2026-05-09T13:06:38.784,1.6852,0.0800,26.9064
2026-05-09T13:06:38.798,1.6634,0.0800,26.8974
2026-05-09T13:06:38.813,1.6408,0.0800,26.8911
2026-05-09T13:06:38.826,1.6155,0.0800,26.8847
2026-05-09T13:06:38.840,1.5954,0.0800,26.8770
2026-05-09T13:06:38.854,1.5733,0.0800,26.8722
2026-05-09T13:06:38.868,1.5487,0.0800,26.8672
2026-05-09T13:06:38.883,1.5292,0.0800,26.8609
2026-05-09T13:06:38.898,1.5032,0.0800,26.8566
2026-05-09T13:06:38.911,1.4789,0.0800,26.8531
2026-05-09T13:06:38.924,1.4520,0.0800,26.8496
2026-05-09T13:06:38.938,1.4328,0.0800,26.8446
2026-05-09T13:06:38.953,1.4107,0.0800,26.8426
2026-05-09T13:06:38.966,1.3848,0.0800,26.8407
2026-05-09T13:06:38.981,1.3620,0.0800,26.8366
2026-05-09T13:06:38.995,1.3400,0.0800,26.8358
2026-05-09T13:06:39.009,1.3150,0.0800,26.8352
2026-05-09T13:06:39.023,1.2896,0.0800,26.8352
2026-05-09T13:06:39.037,1.2635,0.0800,26.8324
2026-05-09T13:06:39.051,1.2340,0.0800,26.8325
2026-05-09T13:06:39.064,1.1990,0.0800,26.8329
2026-05-09T13:06:39.079,1.1702,0.0800,26.8309
2026-05-09T13:06:39.092,1.1325,0.0800,26.8323
2026-05-09T13:06:39.106,1.0913,0.0800,26.8340
2026-05-09T13:06:39.120,1.0487,0.0800,26.8335
2026-05-09T13:06:39.134,0.9898,0.0800,26.8357
2026-05-09T13:06:39.148,0.9271,0.0800,26.8379
2026-05-09T13:06:39.162,0.8709,0.0800,26.8389
2026-05-09T13:06:39.176,0.8051,0.0800,26.8416
2026-05-09T13:06:39.190,0.7334,0.0800,26.8440
2026-05-09T13:06:39.204,0.6604,0.0800,26.8464
2026-05-09T13:06:39.218,0.5920,0.0800,26.8487
2026-05-09T13:06:39.232,0.5258,0.0800,26.8509
2026-05-09T13:06:39.246,0.4535,0.0800,26.8533
2026-05-09T13:06:39.260,0.3842,0.0800,26.8557
2026-05-09T13:06:39.273,0.3163,0.0800,26.8579
2026-05-09T13:06:39.287,0.2436,0.0800,26.8604
2026-05-09T13:06:39.300,0.1730,0.0800,26.8627
2026-05-09T13:06:39.314,0.1131,0.0800,26.8647
2026-05-09T13:06:39.328,0.0468,0.0800,26.8669
2026-05-09T13:06:39.343,-0.0209,0.0800,26.8692
2026-05-09T13:06:39.356,-0.0902,0.0800,26.8715
2026-05-09T13:06:39.370,-0.1659,0.0800,26.8741
2026-05-09T13:06:39.383,-0.2307,0.0800,26.8762
2026-05-09T13:06:39.398,-0.3010,0.0800,26.8786
2026-05-09T13:06:39.411,-0.3633,0.0800,26.8807
2026-05-09T13:06:39.425,-0.4378,0.0800,26.8832
2026-05-09T13:06:39.439,-0.5013,0.0800,26.8853
2026-05-09T13:06:39.453,-0.5677,0.0800,26.8876
2026-05-09T13:06:39.466,-0.6370,0.0800,26.8899
2026-05-09T13:06:39.480,-0.7029,0.0800,26.8921
2026-05-09T13:06:39.494,-0.7714,0.0800,26.8945
2026-05-09T13:06:39.507,-0.8381,0.0800,26.8967
2026-05-09T13:06:39.521,-0.9083,0.0800,26.8991
2026-05-09T13:06:39.535,-0.9695,0.0800,26.9012
2026-05-09T13:06:39.547,-1.0400,0.0800,26.9036
2026-05-09T13:06:39.561,-1.1076,0.0800,26.9059
2026-05-09T13:06:39.575,-1.1622,0.0800,26.9078
2026-05-09T13:06:39.590,-1.2158,0.0800,26.9096
2026-05-09T13:06:39.608,-1.2819,0.0800,26.9119
2026-05-09T13:06:39.625,-1.3268,0.0800,26.9134
2026-05-09T13:06:39.641,-1.3607,0.0800,26.9157
2026-05-09T13:06:39.659,-1.3994,0.0800,26.9192
2026-05-09T13:06:39.677,-1.4423,0.0800,26.9245
2026-05-09T13:06:39.695,-1.4834,0.0800,26.9309
2026-05-09T13:06:39.712,-1.5278,0.0800,26.9399
2026-05-09T13:06:39.727,-1.5503,0.0800,26.9452
2026-05-09T13:06:39.746,-1.5792,0.0800,26.9502
2026-05-09T13:06:39.765,-1.6061,0.0800,26.9578
2026-05-09T13:06:39.782,-1.6402,0.0800,26.9683
2026-05-09T13:06:39.800,-1.6715,0.0800,26.9788
2026-05-09T13:06:39.815,-1.6983,0.0800,26.9885
2026-05-09T13:06:39.830,-1.7283,0.0800,27.0001
2026-05-09T13:06:39.847,-1.7546,0.0800,27.0110
2026-05-09T13:06:39.864,-1.7753,0.0800,27.0168
2026-05-09T13:06:39.884,-1.8017,0.0800,27.0289
2026-05-09T13:06:39.904,-1.8280,0.0800,27.0418
2026-05-09T13:06:39.923,-1.8589,0.0800,27.0577
2026-05-09T13:06:39.939,-1.8905,0.0800,27.0751
2026-05-09T13:06:39.955,-1.9164,0.0800,27.0903
2026-05-09T13:06:39.974,-1.9412,0.0800,27.1055
2026-05-09T13:06:39.991,-1.9645,0.0800,27.1205
2026-05-09T13:06:40.011,-1.9902,0.0800,27.1342
2026-05-09T13:06:40.030,-2.0137,0.0800,27.1509
2026-05-09T13:06:40.046,-2.0434,0.0800,27.1728
2026-05-09T13:06:40.062,-2.0729,0.0800,27.1953
2026-05-09T13:06:40.079,-2.1001,0.0800,27.2159
2026-05-09T13:06:40.099,-2.1329,0.0800,27.2413
2026-05-09T13:06:40.117,-2.1706,0.0800,27.2703
2026-05-09T13:06:40.136,-2.2184,0.0800,27.3074
2026-05-09T13:06:40.152,-2.2628,0.0800,27.3415
2026-05-09T13:06:40.168,-2.3252,0.0800,27.3892
2026-05-09T13:06:40.184,-2.3779,0.0800,27.4274
2026-05-09T13:06:40.200,-2.4403,0.0800,27.4744
2026-05-09T13:06:40.216,-2.5031,0.0800,27.5216
2026-05-09T13:06:40.232,-2.5680,0.0800,27.5704
2026-05-09T13:06:40.249,-2.6297,0.0800,27.6167
2026-05-09T13:06:40.266,-2.6966,0.0800,27.6653
2026-05-09T13:06:40.283,-2.7575,0.0800,27.7087
2026-05-09T13:06:40.299,-2.8257,0.0800,27.7563
2026-05-09T13:06:40.315,-2.8844,0.0800,27.7963
2026-05-09T13:06:40.330,-2.9538,0.0800,27.8427
2026-05-09T13:06:40.346,-3.0132,0.0800,27.8814
2026-05-09T13:06:40.360,-3.0671,0.0800,27.9177
2026-05-09T13:06:40.377,-3.1273,0.0800,27.9554
2026-05-09T13:06:40.392,-3.1823,0.0800,27.9891
2026-05-09T13:06:40.409,-3.2478,0.0800,28.0285
2026-05-09T13:06:40.424,-3.3058,0.0800,28.0646
2026-05-09T13:06:40.439,-3.3739,0.0800,28.1038
2026-05-09T13:06:40.453,-3.4311,0.0800,28.1359
2026-05-09T13:06:40.467,-3.5016,0.0800,28.1747
2026-05-09T13:06:40.480,-3.5577,0.0800,28.2048
2026-05-09T13:06:40.495,-3.6112,0.0800,28.2346
2026-05-09T13:06:40.510,-3.6684,0.0800,28.2641
2026-05-09T13:06:40.524,-3.7253,0.0800,28.2928
2026-05-09T13:06:40.541,-3.7803,0.0800,28.3217
2026-05-09T13:06:40.556,-3.8366,0.0800,28.3489
2026-05-09T13:06:40.574,-3.9075,0.0800,28.3826
2026-05-09T13:06:40.587,-3.9690,0.0800,28.4111
2026-05-09T13:06:40.602,-4.0432,0.0800,28.4463
2026-05-09T13:06:40.615,-4.0961,0.0800,28.4695
2026-05-09T13:06:40.630,-4.1557,0.0800,28.4950
2026-05-09T13:06:40.643,-4.2126,0.0800,28.5189
2026-05-09T13:06:40.657,-4.2756,0.0800,28.5462
2026-05-09T13:06:40.671,-4.3315,0.0800,28.5684
2026-05-09T13:06:40.685,-4.3906,0.0800,28.5915
2026-05-09T13:06:40.702,-4.4535,0.0800,28.6169
2026-05-09T13:06:40.718,-4.5084,0.0800,28.6372
2026-05-09T13:06:40.733,-4.5804,0.0800,28.6631
2026-05-09T13:06:40.747,-4.6494,0.0800,28.6873
2026-05-09T13:06:40.762,-4.7196,0.0800,28.7128
2026-05-09T13:06:40.776,-4.7754,0.0800,28.7311
2026-05-09T13:06:40.789,-4.8419,0.0800,28.7523
2026-05-09T13:06:40.803,-4.9001,0.0800,28.7703
2026-05-09T13:06:40.817,-4.9586,0.0800,28.7893
2026-05-09T13:06:40.832,-5.0188,0.0800,28.8069
2026-05-09T13:06:40.847,-5.0784,0.0800,28.8238
2026-05-09T13:06:40.862,-5.1472,0.0800,28.8441
2026-05-09T13:06:40.877,-5.2115,0.0800,28.8611
2026-05-09T13:06:40.890,-5.2814,0.0800,28.8789
2026-05-09T13:06:40.904,-5.3447,0.0800,28.8944
2026-05-09T13:06:40.918,-5.4030,0.0800,28.9097
2026-05-09T13:06:40.935,-5.4628,0.0800,28.9233
2026-05-09T13:06:40.949,-5.5249,0.0800,28.9369
2026-05-09T13:06:40.963,-5.6028,0.0800,28.9532
2026-05-09T13:06:40.977,-5.6658,0.0800,28.9676
2026-05-09T13:06:40.991,-5.7291,0.0800,28.9797
2026-05-09T13:06:41.007,-5.7896,0.0800,28.9906
2026-05-09T13:06:41.022,-5.8530,0.0800,29.0030
2026-05-09T13:06:41.037,-5.9257,0.0800,29.0149
2026-05-09T13:06:41.051,-5.9913,0.0800,29.0250
2026-05-09T13:06:41.065,-6.0692,0.0800,29.0363
2026-05-09T13:06:41.087,-6.1277,0.0800,29.0460
2026-05-09T13:06:41.101,-6.1968,0.0800,29.0548
2026-05-09T13:06:41.115,-6.2849,0.0800,29.0652
2026-05-09T13:06:41.129,-6.3532,0.0800,29.0724
2026-05-09T13:06:41.144,-6.4126,0.0800,29.0781
2026-05-09T13:06:41.158,-6.4798,0.0800,29.0854
2026-05-09T13:06:41.172,-6.5453,0.0800,29.0907
2026-05-09T13:06:41.187,-6.6077,0.0800,29.0951
2026-05-09T13:06:41.201,-6.6726,0.0800,29.1006
2026-05-09T13:06:41.214,-6.7397,0.0800,29.1042
2026-05-09T13:06:41.228,-6.8006,0.0800,29.1069
2026-05-09T13:06:41.243,-6.8631,0.0800,29.1107
2026-05-09T13:06:41.257,-6.9270,0.0800,29.1125
2026-05-09T13:06:41.271,-6.9912,0.0800,29.1138
2026-05-09T13:06:41.285,-7.0560,0.0800,29.1146
2026-05-09T13:06:41.299,-7.1239,0.0800,29.1163
2026-05-09T13:06:41.313,-7.1835,0.0800,29.1160
2026-05-09T13:06:41.326,-7.2508,0.0800,29.1152
2026-05-09T13:06:41.341,-7.3116,0.0800,29.1154
2026-05-09T13:06:41.355,-7.3728,0.0800,29.1136
2026-05-09T13:06:41.368,-7.4444,0.0800,29.1110
2026-05-09T13:06:41.382,-7.5044,0.0800,29.1082
2026-05-09T13:06:41.396,-7.5666,0.0800,29.1062
2026-05-09T13:06:41.411,-7.6267,0.0800,29.1024
2026-05-09T13:06:41.423,-7.6922,0.0800,29.0978
2026-05-09T13:06:41.437,-7.7600,0.0800,29.0939
2026-05-09T13:06:41.451,-7.8142,0.0800,29.0892
2026-05-09T13:06:41.465,-7.8802,0.0800,29.0829
2026-05-09T13:06:41.479,-7.9447,0.0800,29.0777
2026-05-09T13:06:41.492,-8.0047,0.0800,29.0709
2026-05-09T13:06:41.507,-8.0704,0.0800,29.0630
2026-05-09T13:06:41.520,-8.1296,0.0800,29.0568
2026-05-09T13:06:41.534,-8.1945,0.0800,29.0479
2026-05-09T13:06:41.548,-8.2546,0.0800,29.0391
2026-05-09T13:06:41.562,-8.3186,0.0800,29.0306
2026-05-09T13:06:41.576,-8.3783,0.0800,29.0209
2026-05-09T13:06:41.590,-8.4438,0.0800,29.0097
2026-05-09T13:06:41.603,-8.5032,0.0800,28.9990
2026-05-09T13:06:41.617,-8.5708,0.0800,28.9877
2026-05-09T13:06:41.631,-8.6273,0.0800,28.9765
2026-05-09T13:06:41.645,-8.6887,0.0800,28.9639
2026-05-09T13:06:41.659,-8.7527,0.0800,28.9516
2026-05-09T13:06:41.673,-8.8138,0.0800,28.9380
2026-05-09T13:06:41.686,-8.8759,0.0800,28.9236
2026-05-09T13:06:41.700,-8.9398,0.0800,28.9098
2026-05-09T13:06:41.714,-8.9843,0.0800,28.8987
2026-05-09T13:06:41.728,-9.0249,0.0800,28.8883
2026-05-09T13:06:41.743,-9.0622,0.0800,28.8795
2026-05-09T13:06:41.758,-9.0784,0.0800,28.8756
2026-05-09T13:06:41.773,-9.0862,0.0800,28.8737
2026-05-09T13:06:41.852,-9.0843,0.0800,28.8753
2026-05-09T13:06:41.866,-9.0788,0.0800,28.8793
2026-05-09T13:06:41.881,-9.0673,0.0800,28.8829
2026-05-09T13:06:41.895,-9.0578,0.0800,28.8885
2026-05-09T13:06:41.910,-9.0474,0.0800,28.8941
2026-05-09T13:06:41.924,-9.0362,0.0800,28.8997
2026-05-09T13:06:41.940,-9.0215,0.0800,28.9016
2026-05-09T13:06:41.963,-9.0099,0.0800,28.9067
2026-05-09T13:06:41.978,-8.9967,0.0800,28.9122
2026-05-09T13:06:41.992,-8.9786,0.0800,28.9193
2026-05-09T13:06:42.006,-8.9669,0.0800,28.9234
2026-05-09T13:06:42.020,-8.9524,0.0800,28.9232
2026-05-09T13:06:42.035,-8.9407,0.0800,28.9267
2026-05-09T13:06:42.048,-8.9297,0.0800,28.9298
2026-05-09T13:06:42.062,-8.9143,0.0800,28.9293
2026-05-09T13:06:42.076,-8.9032,0.0800,28.9318
2026-05-09T13:06:42.091,-8.8908,0.0800,28.9344
2026-05-09T13:06:42.104,-8.8792,0.0800,28.9365
2026-05-09T13:06:42.118,-8.8645,0.0800,28.9345
2026-05-09T13:06:42.132,-8.8532,0.0800,28.9360
2026-05-09T13:06:42.145,-8.8409,0.0800,28.9374
2026-05-09T13:06:42.159,-8.8269,0.0800,28.9342
2026-05-09T13:06:42.174,-8.8152,0.0800,28.9351
2026-05-09T13:06:42.186,-8.8034,0.0800,28.9357
2026-05-09T13:06:42.202,-8.7882,0.0800,28.9319
2026-05-09T13:06:42.217,-8.7776,0.0800,28.9320
2026-05-09T13:06:42.230,-8.7624,0.0800,28.9318
2026-05-09T13:06:42.242,-8.7510,0.0800,28.9313
2026-05-09T13:06:42.257,-8.7380,0.0800,28.9264
2026-05-09T13:06:42.271,-8.7270,0.0800,28.9255
2026-05-09T13:06:42.286,-8.7143,0.0800,28.9242
2026-05-09T13:06:42.299,-8.7013,0.0800,28.9180
2026-05-09T13:06:42.312,-8.6879,0.0800,28.9161
2026-05-09T13:06:42.326,-8.6764,0.0800,28.9142
2026-05-09T13:06:42.342,-8.6644,0.0800,28.9076
2026-05-09T13:06:42.356,-8.6526,0.0800,28.9051
2026-05-09T13:06:42.369,-8.6387,0.0800,28.9019
2026-05-09T13:06:42.382,-8.6272,0.0800,28.8989
2026-05-09T13:06:42.395,-8.6159,0.0800,28.8913
2026-05-09T13:06:42.410,-8.6043,0.0800,28.8878
2026-05-09T13:06:42.423,-8.5939,0.0800,28.8845
2026-05-09T13:06:42.437,-8.5818,0.0800,28.8762
2026-05-09T13:06:42.454,-8.5715,0.0800,28.8725
2026-05-09T13:06:42.467,-8.5608,0.0800,28.8687
2026-05-09T13:06:42.479,-8.5501,0.0800,28.8606
2026-05-09T13:06:42.494,-8.5434,0.0800,28.8593
2026-05-09T13:06:42.507,-8.5391,0.0800,28.8609
2026-05-09T13:06:42.522,-8.5374,0.0800,28.8574
2026-05-09T13:06:42.536,-8.5383,0.0800,28.8644
2026-05-09T13:06:42.550,-8.5401,0.0800,28.8703
2026-05-09T13:06:42.563,-8.5445,0.0800,28.8811
2026-05-09T13:06:42.578,-8.5522,0.0800,28.8888
2026-05-09T13:06:42.592,-8.5608,0.0800,28.9041
2026-05-09T13:06:42.607,-8.5704,0.0800,28.9208
2026-05-09T13:06:42.622,-8.5843,0.0800,28.9435
2026-05-09T13:06:42.637,-8.6005,0.0800,28.9651
2026-05-09T13:06:42.652,-8.6178,0.0800,28.9935
2026-05-09T13:06:42.668,-8.6401,0.0800,29.0308
2026-05-09T13:06:42.684,-8.6620,0.0800,29.0629
2026-05-09T13:06:42.700,-8.6860,0.0800,29.1054
2026-05-09T13:06:42.714,-8.7117,0.0800,29.1526
2026-05-09T13:06:42.727,-8.7375,0.0800,29.2023
2026-05-09T13:06:42.743,-8.7571,0.0800,29.2348
2026-05-09T13:06:42.757,-8.7767,0.0800,29.2756
2026-05-09T13:06:42.773,-8.7981,0.0800,29.3221
2026-05-09T13:06:42.789,-8.8188,0.0800,29.3690
2026-05-09T13:06:42.807,-8.8423,0.0800,29.4250
2026-05-09T13:06:42.823,-8.8633,0.0800,29.4687
2026-05-09T13:06:42.837,-8.8877,0.0800,29.5321
2026-05-09T13:06:42.852,-8.9070,0.0800,29.5853
2026-05-09T13:06:42.866,-8.9241,0.0800,29.6352
2026-05-09T13:06:42.881,-8.9423,0.0800,29.6830
2026-05-09T13:06:42.896,-8.9575,0.0800,29.7324
2026-05-09T13:06:42.914,-8.9733,0.0800,29.7864
2026-05-09T13:06:42.931,-8.9919,0.0800,29.8549
2026-05-09T13:06:42.946,-9.0076,0.0800,29.9034
2026-05-09T13:06:42.961,-9.0227,0.0800,29.9683
2026-05-09T13:06:42.976,-9.0337,0.0800,30.0196
2026-05-09T13:06:42.990,-9.0443,0.0800,30.0737
2026-05-09T13:06:43.005,-9.0538,0.0800,30.1267
2026-05-09T13:06:43.022,-9.0646,0.0800,30.1770
2026-05-09T13:06:43.040,-9.0730,0.0800,30.2339
2026-05-09T13:06:43.057,-9.0808,0.0800,30.2946
2026-05-09T13:06:43.072,-9.0890,0.0800,30.3688
2026-05-09T13:06:43.086,-9.0938,0.0800,30.4245
2026-05-09T13:06:43.101,-9.0998,0.0800,30.4739
2026-05-09T13:06:43.115,-9.1018,0.0800,30.5178
2026-05-09T13:06:43.131,-9.1035,0.0800,30.5691
2026-05-09T13:06:43.148,-9.1041,0.0800,30.6154
2026-05-09T13:06:43.165,-9.1065,0.0800,30.6680
2026-05-09T13:06:43.181,-9.1051,0.0800,30.7221
2026-05-09T13:06:43.197,-9.1026,0.0800,30.7739
2026-05-09T13:06:43.211,-9.0996,0.0800,30.8170
2026-05-09T13:06:43.225,-9.0954,0.0800,30.8644
2026-05-09T13:06:43.240,-9.0946,0.0800,30.8994
2026-05-09T13:06:43.256,-9.0899,0.0800,30.9358
2026-05-09T13:06:43.272,-9.0841,0.0800,30.9766
2026-05-09T13:06:43.289,-9.0772,0.0800,31.0187
2026-05-09T13:06:43.305,-9.0672,0.0800,31.0742
2026-05-09T13:06:43.320,-9.0657,0.0800,31.1001
2026-05-09T13:06:43.335,-9.0561,0.0800,31.1426
2026-05-09T13:06:43.351,-9.0476,0.0800,31.1767
2026-05-09T13:06:43.368,-9.0381,0.0800,31.2119
2026-05-09T13:06:43.386,-9.0309,0.0800,31.2469
2026-05-09T13:06:43.404,-9.0195,0.0800,31.2833
2026-05-09T13:06:43.419,-9.0062,0.0800,31.3234
2026-05-09T13:06:43.434,-8.9917,0.0800,31.3638
2026-05-09T13:06:43.448,-8.9800,0.0800,31.3943
2026-05-09T13:06:43.465,-8.9711,0.0800,31.4234
2026-05-09T13:06:43.483,-8.9582,0.0800,31.4540
2026-05-09T13:06:43.500,-8.9427,0.0800,31.4889
2026-05-09T13:06:43.516,-8.9258,0.0800,31.5252
2026-05-09T13:06:43.531,-8.9074,0.0800,31.5625
2026-05-09T13:06:43.546,-8.8919,0.0800,31.5924
2026-05-09T13:06:43.561,-8.8778,0.0800,31.6240
2026-05-09T13:06:43.576,-8.8623,0.0800,31.6514
2026-05-09T13:06:43.594,-8.8445,0.0800,31.6816
2026-05-09T13:06:43.611,-8.8270,0.0800,31.7103
2026-05-09T13:06:43.629,-8.8087,0.0800,31.7440
2026-05-09T13:06:43.647,-8.7864,0.0800,31.7773
2026-05-09T13:06:43.662,-8.7632,0.0800,31.8106
2026-05-09T13:06:43.676,-8.7405,0.0800,31.8417
2026-05-09T13:06:43.690,-8.7196,0.0800,31.8693
2026-05-09T13:06:43.706,-8.6982,0.0800,31.8964
2026-05-09T13:06:43.720,-8.6811,0.0800,31.9217
2026-05-09T13:06:43.736,-8.6598,0.0800,31.9469
2026-05-09T13:06:43.751,-8.6386,0.0800,31.9712
2026-05-09T13:06:43.768,-8.6123,0.0800,32.0001
2026-05-09T13:06:43.783,-8.5951,0.0800,32.0230
2026-05-09T13:06:43.797,-8.5700,0.0800,32.0487
2026-05-09T13:06:43.812,-8.5450,0.0800,32.0734
2026-05-09T13:06:43.826,-8.5199,0.0800,32.0974
2026-05-09T13:06:43.841,-8.5011,0.0800,32.1184
2026-05-09T13:06:43.858,-8.4771,0.0800,32.1398
2026-05-09T13:06:43.874,-8.4502,0.0800,32.1630
2026-05-09T13:06:43.889,-8.4204,0.0800,32.1877
2026-05-09T13:06:43.904,-8.3902,0.0800,32.2118
2026-05-09T13:06:43.919,-8.3687,0.0800,32.2322
2026-05-09T13:06:43.934,-8.3402,0.0800,32.2532
2026-05-09T13:06:43.948,-8.3144,0.0800,32.2716
2026-05-09T13:06:43.963,-8.2906,0.0800,32.2910
2026-05-09T13:06:43.977,-8.2645,0.0800,32.3082
2026-05-09T13:06:43.991,-8.2353,0.0800,32.3269
2026-05-09T13:06:44.007,-8.2086,0.0800,32.3433
2026-05-09T13:06:44.024,-8.1844,0.0800,32.3605
2026-05-09T13:06:44.041,-8.1525,0.0800,32.3788
2026-05-09T13:06:44.058,-8.1171,0.0800,32.3981
2026-05-09T13:06:44.072,-8.0819,0.0800,32.4164
2026-05-09T13:06:44.085,-8.0496,0.0800,32.4324
2026-05-09T13:06:44.100,-8.0219,0.0800,32.4487
2026-05-09T13:06:44.114,-7.9950,0.0800,32.4608
2026-05-09T13:06:44.129,-7.9633,0.0800,32.4746
2026-05-09T13:06:44.145,-7.9368,0.0800,32.4885
2026-05-09T13:06:44.160,-7.9046,0.0800,32.5013
2026-05-09T13:06:44.176,-7.8692,0.0800,32.5147
2026-05-09T13:06:44.192,-7.8336,0.0800,32.5275
2026-05-09T13:06:44.206,-7.7970,0.0800,32.5399
2026-05-09T13:06:44.221,-7.7636,0.0800,32.5536
2026-05-09T13:06:44.235,-7.7307,0.0800,32.5634
2026-05-09T13:06:44.250,-7.6961,0.0800,32.5731
2026-05-09T13:06:44.264,-7.6620,0.0800,32.5821
2026-05-09T13:06:44.280,-7.6300,0.0800,32.5927
2026-05-09T13:06:44.295,-7.5958,0.0800,32.6006
2026-05-09T13:06:44.310,-7.5615,0.0800,32.6078
2026-05-09T13:06:44.323,-7.5300,0.0800,32.6140
2026-05-09T13:06:44.338,-7.5053,0.0800,32.6209
2026-05-09T13:06:44.353,-7.4780,0.0800,32.6257
2026-05-09T13:06:44.367,-7.4518,0.0800,32.6300
2026-05-09T13:06:44.385,-7.4285,0.0800,32.6354
2026-05-09T13:06:44.404,-7.3987,0.0800,32.6400
2026-05-09T13:06:44.420,-7.3803,0.0800,32.6428
2026-05-09T13:06:44.435,-7.3581,0.0800,32.6461
2026-05-09T13:06:44.450,-7.3404,0.0800,32.6496
2026-05-09T13:06:44.464,-7.3250,0.0800,32.6525
2026-05-09T13:06:44.479,-7.3091,0.0800,32.6556
2026-05-09T13:06:44.493,-7.2934,0.0800,32.6587
2026-05-09T13:06:44.509,-7.2772,0.0800,32.6618
2026-05-09T13:06:44.524,-7.2593,0.0800,32.6653
2026-05-09T13:06:44.538,-7.2327,0.0800,32.6705
2026-05-09T13:06:44.552,-7.2199,0.0800,32.6730
2026-05-09T13:06:44.567,-7.1952,0.0800,32.6778
2026-05-09T13:06:44.584,-7.1621,0.0800,32.6849
2026-05-09T13:06:44.602,-7.1138,0.0800,32.6957
2026-05-09T13:06:44.618,-7.0420,0.0800,32.7127
2026-05-09T13:06:44.633,-6.9614,0.0800,32.7330
2026-05-09T13:06:44.648,-6.9046,0.0800,32.7484
2026-05-09T13:06:44.663,-6.8268,0.0800,32.7706
2026-05-09T13:06:44.678,-6.7780,0.0800,32.7823
2026-05-09T13:06:44.694,-6.7219,0.0800,32.8000
2026-05-09T13:06:44.708,-6.6658,0.0800,32.8185
2026-05-09T13:06:44.724,-6.6020,0.0800,32.8380
2026-05-09T13:06:44.738,-6.5472,0.0800,32.8576
2026-05-09T13:06:44.752,-6.4901,0.0800,32.8789
2026-05-09T13:06:44.766,-6.4367,0.0800,32.8995
2026-05-09T13:06:44.780,-6.3809,0.0800,32.9195
2026-05-09T13:06:44.794,-6.3288,0.0800,32.9412
2026-05-09T13:06:44.808,-6.2752,0.0800,32.9640
2026-05-09T13:06:44.823,-6.2205,0.0800,32.9859
2026-05-09T13:06:44.838,-6.1659,0.0800,33.0105
2026-05-09T13:06:44.853,-6.1084,0.0800,33.0371
2026-05-09T13:06:44.867,-6.0506,0.0800,33.0647
2026-05-09T13:06:44.882,-5.9884,0.0800,33.0929
2026-05-09T13:06:44.897,-5.9340,0.0800,33.1200
2026-05-09T13:06:44.912,-5.8763,0.0800,33.1495
2026-05-09T13:06:44.928,-5.8131,0.0800,33.1824
2026-05-09T13:06:44.942,-5.7518,0.0800,33.2130
2026-05-09T13:06:44.956,-5.6907,0.0800,33.2464
2026-05-09T13:06:44.971,-5.6332,0.0800,33.2784
2026-05-09T13:06:44.984,-5.5820,0.0800,33.3076
2026-05-09T13:06:45.002,-5.5205,0.0800,33.3417
2026-05-09T13:06:45.017,-5.4703,0.0800,33.3715
2026-05-09T13:06:45.032,-5.4049,0.0800,33.4111
2026-05-09T13:06:45.047,-5.3447,0.0800,33.4484
2026-05-09T13:06:45.063,-5.2850,0.0800,33.4842
2026-05-09T13:06:45.078,-5.2284,0.0800,33.5209
2026-05-09T13:06:45.093,-5.1700,0.0800,33.5595
2026-05-09T13:06:45.108,-5.1147,0.0800,33.5968
2026-05-09T13:06:45.124,-5.0519,0.0800,33.6380
2026-05-09T13:06:45.140,-4.9985,0.0800,33.6757
2026-05-09T13:06:45.155,-4.9419,0.0800,33.7163
2026-05-09T13:06:45.171,-4.8837,0.0800,33.7589
2026-05-09T13:06:45.186,-4.8304,0.0800,33.7988
2026-05-09T13:06:45.202,-4.7721,0.0800,33.8413
2026-05-09T13:06:45.217,-4.7200,0.0800,33.8818
2026-05-09T13:06:45.232,-4.6639,0.0800,33.9263
2026-05-09T13:06:45.248,-4.6112,0.0800,33.9691
2026-05-09T13:06:45.266,-4.5538,0.0800,34.0144
2026-05-09T13:06:45.282,-4.4991,0.0800,34.0605
2026-05-09T13:06:45.298,-4.4402,0.0800,34.1113
2026-05-09T13:06:45.313,-4.3865,0.0800,34.1585
2026-05-09T13:06:45.327,-4.3289,0.0800,34.2102
2026-05-09T13:06:45.344,-4.2817,0.0800,34.2510
2026-05-09T13:06:45.360,-4.2159,0.0800,34.3123
2026-05-09T13:06:45.374,-4.1788,0.0800,34.3479
2026-05-09T13:06:45.390,-4.1280,0.0800,34.3959
2026-05-09T13:06:45.406,-4.0810,0.0800,34.3961
2026-05-09T13:06:45.423,-4.0301,0.0800,34.3961
2026-05-09T13:06:45.439,-3.9804,0.0800,34.3963
2026-05-09T13:06:45.453,-3.9337,0.0800,34.3965
2026-05-09T13:06:45.470,-3.8845,0.0800,34.3967
2026-05-09T13:06:45.485,-3.8391,0.0800,34.3968
2026-05-09T13:06:45.500,-3.7954,0.0800,34.3967
2026-05-09T13:06:45.513,-3.7531,0.0800,34.3972
2026-05-09T13:06:45.527,-3.7080,0.0800,34.4047
2026-05-09T13:06:45.541,-3.6590,0.0800,34.4223
2026-05-09T13:06:45.555,-3.6140,0.0800,34.4515
2026-05-09T13:06:45.568,-3.5700,0.0800,34.4925
2026-05-09T13:06:45.581,-3.5367,0.0800,34.5365
2026-05-09T13:06:45.595,-3.4996,0.0800,34.5837
2026-05-09T13:06:45.617,-3.4690,0.0800,34.6260
2026-05-09T13:06:45.630,-3.4332,0.0800,34.6766
2026-05-09T13:06:45.645,-3.3834,0.0800,34.7491
2026-05-09T13:06:45.658,-3.3485,0.0800,34.7963
2026-05-09T13:06:45.672,-3.3164,0.0800,34.8458
2026-05-09T13:06:45.686,-3.2874,0.0800,34.8836
2026-05-09T13:06:45.701,-3.2504,0.0800,34.8847
2026-05-09T13:06:45.715,-3.2165,0.0800,34.8909
2026-05-09T13:06:45.729,-3.1752,0.0800,34.9034
2026-05-09T13:06:45.743,-3.1339,0.0800,34.9243
2026-05-09T13:06:45.757,-3.0897,0.0800,34.9545
2026-05-09T13:06:45.770,-3.0540,0.0800,34.9926
2026-05-09T13:06:45.785,-3.0206,0.0800,35.0413
2026-05-09T13:06:45.798,-2.9942,0.0800,35.0889
2026-05-09T13:06:45.812,-2.9680,0.0800,35.1424
2026-05-09T13:06:45.825,-2.9443,0.0800,35.1925
2026-05-09T13:06:45.840,-2.9193,0.0800,35.2418
2026-05-09T13:06:45.855,-2.8982,0.0800,35.2892
2026-05-09T13:06:45.868,-2.8726,0.0800,35.3483
2026-05-09T13:06:45.882,-2.8496,0.0800,35.4034
2026-05-09T13:06:45.896,-2.8265,0.0800,35.4548
2026-05-09T13:06:45.909,-2.8062,0.0800,35.5070
2026-05-09T13:06:45.924,-2.7857,0.0800,35.5614
2026-05-09T13:06:45.937,-2.7659,0.0800,35.6095
2026-05-09T13:06:45.952,-2.7461,0.0800,35.6661
2026-05-09T13:06:45.964,-2.7286,0.0800,35.7180
2026-05-09T13:06:45.979,-2.7079,0.0800,35.7752
2026-05-09T13:06:45.992,-2.6925,0.0800,35.8249
2026-05-09T13:06:46.007,-2.6737,0.0800,35.8865
2026-05-09T13:06:46.021,-2.6555,0.0800,35.9415
2026-05-09T13:06:46.035,-2.6366,0.0800,36.0079
2026-05-09T13:06:46.050,-2.6222,0.0800,36.0607
2026-05-09T13:06:46.062,-2.6056,0.0800,36.1240
2026-05-09T13:06:46.076,-2.5879,0.0800,36.1869
2026-05-09T13:06:46.090,-2.5757,0.0800,36.2378
2026-05-09T13:06:46.104,-2.5618,0.0800,36.2980
2026-05-09T13:06:46.119,-2.5463,0.0800,36.3601
2026-05-09T13:06:46.132,-2.5348,0.0800,36.4152
2026-05-09T13:06:46.145,-2.5214,0.0800,36.4819
2026-05-09T13:06:46.160,-2.5084,0.0800,36.5406
2026-05-09T13:06:46.174,-2.4987,0.0800,36.5947
2026-05-09T13:06:46.188,-2.4880,0.0800,36.6571
2026-05-09T13:06:46.202,-2.4759,0.0800,36.7216
2026-05-09T13:06:46.216,-2.4672,0.0800,36.7797
2026-05-09T13:06:46.229,-2.4579,0.0800,36.8459
2026-05-09T13:06:46.242,-2.4504,0.0800,36.9036
2026-05-09T13:06:46.256,-2.4398,0.0800,36.9785
2026-05-09T13:06:46.270,-2.4356,0.0800,37.0177
2026-05-09T13:06:46.283,-2.4274,0.0800,37.0982
2026-05-09T13:06:46.298,-2.4213,0.0800,37.1405
2026-05-09T13:06:46.312,-2.4142,0.0800,37.2237
2026-05-09T13:06:46.326,-2.4110,0.0800,37.2664
2026-05-09T13:06:46.339,-2.4059,0.0800,37.3406
2026-05-09T13:06:46.355,-2.4020,0.0800,37.3768
2026-05-09T13:06:46.371,-2.3990,0.0800,37.4322
2026-05-09T13:06:46.384,-2.3973,0.0800,37.4653
2026-05-09T13:06:46.398,-2.3944,0.0800,37.5137
2026-05-09T13:06:46.421,-2.3928,0.0800,37.5516
2026-05-09T13:06:46.434,-2.3904,0.0800,37.5945
2026-05-09T13:06:46.449,-2.3869,0.0800,37.6565
2026-05-09T13:06:46.462,-2.3846,0.0800,37.6967
2026-05-09T13:06:46.478,-2.3820,0.0800,37.7431
2026-05-09T13:06:46.491,-2.3793,0.0800,37.7891
2026-05-09T13:06:46.506,-2.3764,0.0800,37.8415
2026-05-09T13:06:46.519,-2.3738,0.0800,37.8871
2026-05-09T13:06:46.535,-2.3707,0.0800,37.9402
2026-05-09T13:06:46.549,-2.3681,0.0800,37.9869
2026-05-09T13:06:46.561,-2.3647,0.0800,38.0456
2026-05-09T13:06:46.575,-2.3617,0.0800,38.0992
2026-05-09T13:06:46.591,-2.3593,0.0800,38.1401
2026-05-09T13:06:46.603,-2.3564,0.0800,38.1919
2026-05-09T13:06:46.619,-2.3529,0.0800,38.2532
2026-05-09T13:06:46.631,-2.3502,0.0800,38.2997
2026-05-09T13:06:46.646,-2.3467,0.0800,38.3615
2026-05-09T13:06:46.660,-2.3436,0.0800,38.4147
2026-05-09T13:06:46.674,-2.3400,0.0800,38.4771
2026-05-09T13:06:46.688,-2.3365,0.0800,38.5379
2026-05-09T13:06:46.702,-2.3327,0.0800,38.6051
2026-05-09T13:06:46.717,-2.3291,0.0800,38.6664
2026-05-09T13:06:46.730,-2.3248,0.0800,38.7417
2026-05-09T13:06:46.742,-2.3207,0.0800,38.8137
2026-05-09T13:06:46.758,-2.3171,0.0800,38.8765
2026-05-09T13:06:46.772,-2.3136,0.0800,38.9372
2026-05-09T13:06:46.785,-2.3089,0.0800,39.0202
2026-05-09T13:06:46.799,-2.3049,0.0800,39.0907
2026-05-09T13:06:46.812,-2.3015,0.0800,39.1503
2026-05-09T13:06:46.825,-2.2975,0.0800,39.2206
2026-05-09T13:06:46.842,-2.2939,0.0800,39.2848
2026-05-09T13:06:46.856,-2.2902,0.0800,39.3499
2026-05-09T13:06:46.869,-2.2852,0.0800,39.4374
2026-05-09T13:06:46.883,-2.2811,0.0800,39.5089
2026-05-09T13:06:46.896,-2.2777,0.0800,39.5690
2026-05-09T13:06:46.910,-2.2739,0.0800,39.6359
2026-05-09T13:06:46.925,-2.2702,0.0800,39.6998
2026-05-09T13:06:46.939,-2.2661,0.0800,39.7719
2026-05-09T13:06:46.952,-2.2616,0.0800,39.8505
2026-05-09T13:06:46.964,-2.2573,0.0800,39.9248
2026-05-09T13:06:46.980,-2.2542,0.0800,39.9794
2026-05-09T13:06:46.994,-2.2506,0.0800,40.0423
2026-05-09T13:06:47.007,-2.2459,0.0800,40.1242
2026-05-09T13:06:47.023,-2.2419,0.0800,40.1946
2026-05-09T13:06:47.035,-2.2381,0.0800,40.2600
2026-05-09T13:06:47.050,-2.2336,0.0800,40.3391
2026-05-09T13:06:47.062,-2.2305,0.0800,40.3945
2026-05-09T13:06:47.076,-2.2260,0.0800,40.4719
2026-05-09T13:06:47.092,-2.2228,0.0800,40.5290
2026-05-09T13:06:47.105,-2.2190,0.0800,40.5951
2026-05-09T13:06:47.118,-2.2140,0.0800,40.6816
2026-05-09T13:06:47.131,-2.2104,0.0800,40.7443
2026-05-09T13:06:47.147,-2.2070,0.0800,40.8037
2026-05-09T13:06:47.161,-2.2034,0.0800,40.8668
2026-05-09T13:06:47.176,-2.1987,0.0800,40.9493
2026-05-09T13:06:47.190,-2.1947,0.0800,41.0187
2026-05-09T13:06:47.203,-2.1904,0.0800,41.0931
2026-05-09T13:06:47.217,-2.1865,0.0800,41.1612
2026-05-09T13:06:47.230,-2.1822,0.0800,41.2362
2026-05-09T13:06:47.245,-2.1789,0.0800,41.2937
2026-05-09T13:06:47.259,-2.1744,0.0800,41.3730
2026-05-09T13:06:47.273,-2.1711,0.0800,41.4308
2026-05-09T13:06:47.287,-2.1668,0.0800,41.5064
2026-05-09T13:06:47.311,-2.1629,0.0800,41.5730
2026-05-09T13:06:47.324,-2.1587,0.0800,41.6465
2026-05-09T13:06:47.343,-2.1526,0.0800,41.7530
2026-05-09T13:06:47.357,-2.1489,0.0800,41.8172
2026-05-09T13:06:47.370,-2.1432,0.0800,41.9160
2026-05-09T13:06:47.384,-2.1395,0.0800,41.9811
2026-05-09T13:06:47.397,-2.1351,0.0800,42.0560
2026-05-09T13:06:47.411,-2.1319,0.0800,42.1123
2026-05-09T13:06:47.425,-2.1274,0.0800,42.1897
2026-05-09T13:06:47.439,-2.1243,0.0800,42.2437
2026-05-09T13:06:47.453,-2.1197,0.0800,42.3240
2026-05-09T13:06:47.467,-2.1162,0.0800,42.3837
2026-05-09T13:06:47.481,-2.1127,0.0800,42.4591
2026-05-09T13:06:47.495,-2.1094,0.0800,42.5174
2026-05-09T13:06:47.509,-2.1065,0.0800,42.5938
2026-05-09T13:06:47.532,-2.1041,0.0800,42.6642
2026-05-09T13:06:47.546,-2.1015,0.0800,42.7287
2026-05-09T13:06:47.562,-2.0991,0.0800,42.8320
2026-05-09T13:06:47.575,-2.0981,0.0800,42.8967
2026-05-09T13:06:47.592,-2.0972,0.0800,42.9773
2026-05-09T13:06:47.605,-2.0968,0.0800,43.0395
2026-05-09T13:06:47.618,-2.0960,0.0800,43.1244
2026-05-09T13:06:47.632,-2.0964,0.0800,43.1880
2026-05-09T13:06:47.646,-2.0970,0.0800,43.2473
2026-05-09T13:06:47.659,-2.0972,0.0800,43.3128
2026-05-09T13:06:47.673,-2.0986,0.0800,43.3788
2026-05-09T13:06:47.689,-2.1003,0.0800,43.4457
2026-05-09T13:06:47.706,-2.1031,0.0800,43.5304
2026-05-09T13:06:47.721,-2.1043,0.0800,43.5913
2026-05-09T13:06:47.736,-2.1079,0.0800,43.6699
2026-05-09T13:06:47.751,-2.1118,0.0800,43.7430
2026-05-09T13:06:47.764,-2.1159,0.0800,43.8103
2026-05-09T13:06:47.780,-2.1195,0.0800,43.8803
2026-05-09T13:06:47.793,-2.1243,0.0800,43.9457
2026-05-09T13:06:47.807,-2.1299,0.0800,44.0145
2026-05-09T13:06:47.822,-2.1345,0.0800,44.0802
2026-05-09T13:06:47.837,-2.1409,0.0800,44.1478
2026-05-09T13:06:47.854,-2.1478,0.0800,44.2152
2026-05-09T13:06:47.873,-2.1552,0.0800,44.2826
2026-05-09T13:06:47.893,-2.1634,0.0800,44.3633
2026-05-09T13:06:47.911,-2.1746,0.0800,44.4537
2026-05-09T13:06:47.927,-2.1873,0.0800,44.5471
2026-05-09T13:06:47.943,-2.1992,0.0800,44.6280
2026-05-09T13:06:47.958,-2.2109,0.0800,44.7013
2026-05-09T13:06:47.975,-2.2222,0.0800,44.7680
2026-05-09T13:06:47.991,-2.2325,0.0800,44.8254
2026-05-09T13:06:48.010,-2.2414,0.0800,44.8728
2026-05-09T13:06:48.030,-2.2459,0.0800,44.9063
2026-05-09T13:06:48.151,-2.2447,0.0800,44.8988
2026-05-09T13:06:48.169,-2.2353,0.0800,44.8674
2026-05-09T13:06:48.188,-2.2254,0.0800,44.8315
2026-05-09T13:06:48.206,-2.2170,0.0800,44.7977
2026-05-09T13:06:48.222,-2.2088,0.0800,44.7612
2026-05-09T13:06:48.238,-2.2017,0.0800,44.7246
2026-05-09T13:06:48.254,-2.1971,0.0800,44.6973
2026-05-09T13:06:48.273,-2.1922,0.0800,44.6646
2026-05-09T13:06:48.291,-2.1887,0.0800,44.6363
2026-05-09T13:06:48.308,-2.1887,0.0800,44.5981
2026-05-09T13:06:48.324,-2.1862,0.0800,44.5665
2026-05-09T13:06:48.342,-2.1845,0.0800,44.5357
2026-05-09T13:06:48.358,-2.1835,0.0800,44.5059
2026-05-09T13:06:48.375,-2.1832,0.0800,44.4747
2026-05-09T13:06:48.391,-2.1835,0.0800,44.4457
2026-05-09T13:06:48.407,-2.1845,0.0800,44.4161
2026-05-09T13:06:48.423,-2.1909,0.0800,44.3871
2026-05-09T13:06:48.440,-2.1931,0.0800,44.3583
2026-05-09T13:06:48.455,-2.1956,0.0800,44.3333
2026-05-09T13:06:48.471,-2.1987,0.0800,44.3060
2026-05-09T13:06:48.485,-2.2019,0.0800,44.2829
2026-05-09T13:06:48.502,-2.2103,0.0800,44.2555
2026-05-09T13:06:48.518,-2.2138,0.0800,44.2353
2026-05-09T13:06:48.532,-2.2184,0.0800,44.2120
2026-05-09T13:06:48.547,-2.2230,0.0800,44.1902
2026-05-09T13:06:48.562,-2.2328,0.0800,44.1676
2026-05-09T13:06:48.576,-2.2375,0.0800,44.1494
2026-05-09T13:06:48.591,-2.2423,0.0800,44.1306
2026-05-09T13:06:48.607,-2.2468,0.0800,44.1140
2026-05-09T13:06:48.624,-2.2560,0.0800,44.0950
2026-05-09T13:06:48.640,-2.2587,0.0800,44.0828
2026-05-09T13:06:48.654,-2.2611,0.0800,44.0707
2026-05-09T13:06:48.669,-2.2630,0.0800,44.0600
2026-05-09T13:06:48.684,-2.2695,0.0800,44.0511
2026-05-09T13:06:48.698,-2.2696,0.0800,44.0445
2026-05-09T13:06:48.712,-2.2689,0.0800,44.0388
2026-05-09T13:06:48.727,-2.2671,0.0800,44.0355
2026-05-09T13:06:48.742,-2.2690,0.0800,44.0329
2026-05-09T13:06:48.755,-2.2652,0.0800,44.0316
2026-05-09T13:06:48.770,-2.2595,0.0800,44.0326
2026-05-09T13:06:48.783,-2.2537,0.0800,44.0341
2026-05-09T13:06:48.797,-2.2508,0.0800,44.0365
2026-05-09T13:06:48.812,-2.2425,0.0800,44.0405
2026-05-09T13:06:48.826,-2.2322,0.0800,44.0456
2026-05-09T13:06:48.842,-2.2244,0.0800,44.0529
2026-05-09T13:06:48.858,-2.2111,0.0800,44.0602
2026-05-09T13:06:48.871,-2.1942,0.0800,44.0696
2026-05-09T13:06:48.884,-2.1775,0.0800,44.0786
2026-05-09T13:06:48.898,-2.1656,0.0800,44.0884
2026-05-09T13:06:48.921,-2.1486,0.0800,44.0976
2026-05-09T13:06:48.935,-2.1293,0.0800,44.1079
2026-05-09T13:06:48.948,-2.0987,0.0800,44.1237
2026-05-09T13:06:48.962,-2.0788,0.0800,44.1334
2026-05-09T13:06:48.977,-2.0623,0.0800,44.1440
2026-05-09T13:06:48.991,-2.0392,0.0800,44.1545
2026-05-09T13:06:49.005,-2.0162,0.0800,44.1646
2026-05-09T13:06:49.019,-1.9960,0.0800,44.1760
2026-05-09T13:06:49.032,-1.9709,0.0800,44.1863
2026-05-09T13:06:49.047,-1.9447,0.0800,44.1968
2026-05-09T13:06:49.061,-1.9210,0.0800,44.2087
2026-05-09T13:06:49.075,-1.8910,0.0800,44.2199
2026-05-09T13:06:49.089,-1.8589,0.0800,44.2314
2026-05-09T13:06:49.102,-1.8292,0.0800,44.2415
2026-05-09T13:06:49.116,-1.8031,0.0800,44.2525
2026-05-09T13:06:49.130,-1.7732,0.0800,44.2616
2026-05-09T13:06:49.143,-1.7408,0.0800,44.2710
2026-05-09T13:06:49.157,-1.7123,0.0800,44.2814
2026-05-09T13:06:49.171,-1.6839,0.0800,44.2886
2026-05-09T13:06:49.184,-1.6524,0.0800,44.2960
2026-05-09T13:06:49.199,-1.6220,0.0800,44.3053
2026-05-09T13:06:49.213,-1.5928,0.0800,44.3112
2026-05-09T13:06:49.227,-1.5579,0.0800,44.3178
2026-05-09T13:06:49.241,-1.5278,0.0800,44.3257
2026-05-09T13:06:49.256,-1.4931,0.0800,44.3311
2026-05-09T13:06:49.270,-1.4578,0.0800,44.3361
2026-05-09T13:06:49.284,-1.4196,0.0800,44.3410
2026-05-09T13:06:49.298,-1.3848,0.0800,44.3476
2026-05-09T13:06:49.311,-1.3502,0.0800,44.3509
2026-05-09T13:06:49.325,-1.3084,0.0800,44.3544
2026-05-09T13:06:49.339,-1.2742,0.0800,44.3595
2026-05-09T13:06:49.353,-1.2324,0.0800,44.3619
2026-05-09T13:06:49.366,-1.1820,0.0800,44.3643
2026-05-09T13:06:49.380,-1.1405,0.0800,44.3684
2026-05-09T13:06:49.395,-1.0931,0.0800,44.3694
2026-05-09T13:06:49.409,-1.0390,0.0800,44.3699
2026-05-09T13:06:49.423,-0.9847,0.0800,44.3696
2026-05-09T13:06:49.437,-0.9327,0.0800,44.3713
2026-05-09T13:06:49.451,-0.8852,0.0800,44.3698
2026-05-09T13:06:49.464,-0.8298,0.0800,44.3677
2026-05-09T13:06:49.478,-0.7792,0.0800,44.3673
2026-05-09T13:06:49.492,-0.7251,0.0800,44.3642
2026-05-09T13:06:49.505,-0.6727,0.0800,44.3609
2026-05-09T13:06:49.521,-0.6191,0.0800,44.3587
2026-05-09T13:06:49.534,-0.5629,0.0800,44.3548
2026-05-09T13:06:49.547,-0.5065,0.0800,44.3506
2026-05-09T13:06:49.562,-0.4571,0.0800,44.3476
2026-05-09T13:06:49.576,-0.4020,0.0800,44.3430
2026-05-09T13:06:49.590,-0.3423,0.0800,44.3377
2026-05-09T13:06:49.603,-0.2811,0.0800,44.3320
2026-05-09T13:06:49.618,-0.2209,0.0800,44.3270
2026-05-09T13:06:49.632,-0.1598,0.0800,44.3207
2026-05-09T13:06:49.646,-0.0928,0.0800,44.3135
2026-05-09T13:06:49.660,-0.0257,0.0800,44.3069
2026-05-09T13:06:49.674,0.0317,0.0800,44.3009
2026-05-09T13:06:49.688,0.0971,0.0800,44.2940
2026-05-09T13:06:49.702,0.1650,0.0800,44.2869
2026-05-09T13:06:49.716,0.2295,0.0800,44.2802
2026-05-09T13:06:49.730,0.2982,0.0800,44.2730
2026-05-09T13:06:49.743,0.3617,0.0800,44.2663
2026-05-09T13:06:49.758,0.4275,0.0800,44.2594
2026-05-09T13:06:49.772,0.4941,0.0800,44.2524
2026-05-09T13:06:49.786,0.5674,0.0800,44.2448
2026-05-09T13:06:49.800,0.6463,0.0800,44.2365
2026-05-09T13:06:49.814,0.7048,0.0800,44.2304
2026-05-09T13:06:49.827,0.7775,0.0800,44.2229
2026-05-09T13:06:49.842,0.8434,0.0800,44.2160
2026-05-09T13:06:49.856,0.9082,0.0800,44.2092
2026-05-09T13:06:49.869,0.9859,0.0800,44.2011
2026-05-09T13:06:49.883,1.0540,0.0800,44.1940
2026-05-09T13:06:49.896,1.1137,0.0800,44.1877
2026-05-09T13:06:49.911,1.1857,0.0800,44.1802
2026-05-09T13:06:49.924,1.2510,0.0800,44.1734
2026-05-09T13:06:49.938,1.3213,0.0800,44.1660
2026-05-09T13:06:49.952,1.3820,0.0800,44.1597
2026-05-09T13:06:49.966,1.4606,0.0800,44.1514
2026-05-09T13:06:49.980,1.5196,0.0800,44.1453
2026-05-09T13:06:49.994,1.5924,0.0800,44.1376
2026-05-09T13:06:50.008,1.6574,0.0800,44.1308
2026-05-09T13:06:50.023,1.7257,0.0800,44.1236
2026-05-09T13:06:50.035,1.8033,0.0800,44.1154
2026-05-09T13:06:50.049,1.8669,0.0800,44.1095
2026-05-09T13:06:50.062,1.9255,0.0800,44.1042
2026-05-09T13:06:50.076,1.9929,0.0800,44.0978
2026-05-09T13:06:50.091,2.0527,0.0800,44.0930
2026-05-09T13:06:50.103,2.1206,0.0800,44.0880
2026-05-09T13:06:50.119,2.1942,0.0800,44.0820
2026-05-09T13:06:50.131,2.2506,0.0800,44.0785
2026-05-09T13:06:50.146,2.3285,0.0800,44.0741
2026-05-09T13:06:50.161,2.3848,0.0800,44.0702
2026-05-09T13:06:50.175,2.4576,0.0800,44.0671
2026-05-09T13:06:50.189,2.5276,0.0800,44.0647
2026-05-09T13:06:50.201,2.5940,0.0800,44.0630
2026-05-09T13:06:50.214,2.6595,0.0800,44.0606
2026-05-09T13:06:50.229,2.6999,0.0800,44.0602
2026-05-09T13:06:50.243,2.7365,0.0800,44.0592
2026-05-09T13:06:50.256,2.7612,0.0800,44.0586
2026-05-09T13:06:50.270,2.7763,0.0800,44.0583
2026-05-09T13:06:50.285,2.7797,0.0800,44.0582
2026-05-09T13:06:50.372,2.7771,0.0800,44.0583
2026-05-09T13:06:50.386,2.7723,0.0800,44.0574
2026-05-09T13:06:50.400,2.7517,0.0800,44.0551
2026-05-09T13:06:50.414,2.7346,0.0800,44.0527
2026-05-09T13:06:50.427,2.7156,0.0800,44.0503
2026-05-09T13:06:50.442,2.6945,0.0800,44.0524
2026-05-09T13:06:50.456,2.6765,0.0800,44.0510
2026-05-09T13:06:50.471,2.6562,0.0800,44.0498
2026-05-09T13:06:50.485,2.6381,0.0800,44.0491
2026-05-09T13:06:50.499,2.6143,0.0800,44.0526
2026-05-09T13:06:50.512,2.5975,0.0800,44.0527
2026-05-09T13:06:50.534,2.5777,0.0800,44.0532
2026-05-09T13:06:50.548,2.5576,0.0800,44.0585
2026-05-09T13:06:50.564,2.5292,0.0800,44.0603
2026-05-09T13:06:50.577,2.5107,0.0800,44.0621
2026-05-09T13:06:50.590,2.4882,0.0800,44.0648
2026-05-09T13:06:50.604,2.4726,0.0800,44.0670
2026-05-09T13:06:50.618,2.4485,0.0800,44.0709
2026-05-09T13:06:50.633,2.4345,0.0800,44.0791
2026-05-09T13:06:50.647,2.4118,0.0800,44.0837
2026-05-09T13:06:50.662,2.3936,0.0800,44.0879
2026-05-09T13:06:50.686,2.3751,0.0800,44.0968
2026-05-09T13:06:50.698,2.3564,0.0800,44.1020
2026-05-09T13:06:50.712,2.3304,0.0800,44.1097
2026-05-09T13:06:50.725,2.3153,0.0800,44.1147
2026-05-09T13:06:50.741,2.2975,0.0800,44.1248
2026-05-09T13:06:50.756,2.2808,0.0800,44.1311
2026-05-09T13:06:50.770,2.2620,0.0800,44.1386
2026-05-09T13:06:50.784,2.2446,0.0800,44.1460
2026-05-09T13:06:50.798,2.2272,0.0800,44.1585
2026-05-09T13:06:50.812,2.2114,0.0800,44.1660
2026-05-09T13:06:50.825,2.1942,0.0800,44.1747
2026-05-09T13:06:50.839,2.1790,0.0800,44.1877
2026-05-09T13:06:50.853,2.1638,0.0800,44.1961
2026-05-09T13:06:50.866,2.1482,0.0800,44.2053
2026-05-09T13:06:50.880,2.1326,0.0800,44.2195
2026-05-09T13:06:50.895,2.1192,0.0800,44.2280
2026-05-09T13:06:50.909,2.1046,0.0800,44.2376
2026-05-09T13:06:50.923,2.0912,0.0800,44.2460
2026-05-09T13:06:50.936,2.0810,0.0800,44.2576
2026-05-09T13:06:50.950,2.0715,0.0800,44.2631
2026-05-09T13:06:50.964,2.0637,0.0800,44.2669
2026-05-09T13:06:50.977,2.0590,0.0800,44.2728
2026-05-09T13:06:50.990,2.0567,0.0800,44.2702
2026-05-09T13:06:51.004,2.0565,0.0800,44.2655
2026-05-09T13:06:51.019,2.0583,0.0800,44.2627
2026-05-09T13:06:51.035,2.0628,0.0800,44.2510
2026-05-09T13:06:51.050,2.0688,0.0800,44.2356
2026-05-09T13:06:51.065,2.0815,0.0800,44.2066
2026-05-09T13:06:51.086,2.0892,0.0800,44.1987
2026-05-09T13:06:51.100,2.1021,0.0800,44.1697
2026-05-09T13:06:51.112,2.1180,0.0800,44.1326
2026-05-09T13:06:51.129,2.1288,0.0800,44.1065
2026-05-09T13:06:51.145,2.1406,0.0800,44.0829
2026-05-09T13:06:51.161,2.1545,0.0800,44.0466
2026-05-09T13:06:51.178,2.1661,0.0800,44.0142
2026-05-09T13:06:51.195,2.1785,0.0800,43.9781
2026-05-09T13:06:51.209,2.1914,0.0800,43.9384
2026-05-09T13:06:51.223,2.2039,0.0800,43.8977
2026-05-09T13:06:51.238,2.2161,0.0800,43.8663
2026-05-09T13:06:51.252,2.2253,0.0800,43.8321
2026-05-09T13:06:51.267,2.2347,0.0800,43.7954
2026-05-09T13:06:51.283,2.2454,0.0800,43.7618
2026-05-09T13:06:51.299,2.2545,0.0800,43.7214
2026-05-09T13:06:51.313,2.2633,0.0800,43.6794
2026-05-09T13:06:51.327,2.2720,0.0800,43.6336
2026-05-09T13:06:51.344,2.2809,0.0800,43.5991
2026-05-09T13:06:51.361,2.2890,0.0800,43.5473
2026-05-09T13:06:51.375,2.2941,0.0800,43.5099
2026-05-09T13:06:51.390,2.2997,0.0800,43.4636
2026-05-09T13:06:51.405,2.3039,0.0800,43.4223
2026-05-09T13:06:51.420,2.3098,0.0800,43.3840
2026-05-09T13:06:51.434,2.3127,0.0800,43.3426
2026-05-09T13:06:51.447,2.3150,0.0800,43.3005
2026-05-09T13:06:51.461,2.3190,0.0800,43.2631
2026-05-09T13:06:51.475,2.3198,0.0800,43.2251
2026-05-09T13:06:51.488,2.3200,0.0800,43.1839
2026-05-09T13:06:51.504,2.3197,0.0800,43.1452
2026-05-09T13:06:51.520,2.3212,0.0800,43.1092
2026-05-09T13:06:51.537,2.3194,0.0800,43.0662
2026-05-09T13:06:51.553,2.3168,0.0800,43.0201
2026-05-09T13:06:51.569,2.3129,0.0800,42.9693
2026-05-09T13:06:51.584,2.3122,0.0800,42.9281
2026-05-09T13:06:51.598,2.3064,0.0800,42.8733
2026-05-09T13:06:51.612,2.3014,0.0800,42.8323
2026-05-09T13:06:51.626,2.2960,0.0800,42.7913
2026-05-09T13:06:51.640,2.2938,0.0800,42.7579
2026-05-09T13:06:51.654,2.2896,0.0800,42.7253
2026-05-09T13:06:51.668,2.2851,0.0800,42.6903
2026-05-09T13:06:51.684,2.2826,0.0800,42.6607
2026-05-09T13:06:51.700,2.2792,0.0800,42.6293
2026-05-09T13:06:51.715,2.2755,0.0800,42.5953
2026-05-09T13:06:51.730,2.2716,0.0800,42.5592
2026-05-09T13:06:51.745,2.2676,0.0800,42.5228
2026-05-09T13:06:51.760,2.2624,0.0800,42.4748
2026-05-09T13:06:51.775,2.2561,0.0800,42.4167
2026-05-09T13:06:51.790,2.2486,0.0800,42.3477
2026-05-09T13:06:51.804,2.2408,0.0800,42.2753
2026-05-09T13:06:51.820,2.2332,0.0800,42.2048
2026-05-09T13:06:51.834,2.2251,0.0800,42.1308
2026-05-09T13:06:51.848,2.2174,0.0800,42.0595
2026-05-09T13:06:51.862,2.2098,0.0800,41.9890
2026-05-09T13:06:51.876,2.2024,0.0800,41.9213
2026-05-09T13:06:51.890,2.1958,0.0800,41.8519
2026-05-09T13:06:51.904,2.1898,0.0800,41.7855
2026-05-09T13:06:51.920,2.1834,0.0800,41.7198
2026-05-09T13:06:51.936,2.1780,0.0800,41.6500
2026-05-09T13:06:51.949,2.1729,0.0800,41.5767
2026-05-09T13:06:51.963,2.1684,0.0800,41.5057
2026-05-09T13:06:51.977,2.1635,0.0800,41.4399
2026-05-09T13:06:51.991,2.1600,0.0800,41.3712
2026-05-09T13:06:52.006,2.1572,0.0800,41.3089
2026-05-09T13:06:52.021,2.1537,0.0800,41.2429
2026-05-09T13:06:52.037,2.1501,0.0800,41.1331
2026-05-09T13:06:52.050,2.1492,0.0800,41.0961
2026-05-09T13:06:52.064,2.1476,0.0800,41.0134
2026-05-09T13:06:52.080,2.1455,0.0800,40.9457
2026-05-09T13:06:52.096,2.1452,0.0800,40.8787
2026-05-09T13:06:52.112,2.1452,0.0800,40.8160
2026-05-09T13:06:52.127,2.1457,0.0800,40.7371
2026-05-09T13:06:52.142,2.1454,0.0800,40.6659
2026-05-09T13:06:52.156,2.1468,0.0800,40.5930
2026-05-09T13:06:52.170,2.1487,0.0800,40.5237
2026-05-09T13:06:52.184,2.1510,0.0800,40.4548
2026-05-09T13:06:52.199,2.1526,0.0800,40.3883
2026-05-09T13:06:52.212,2.1555,0.0800,40.3234
2026-05-09T13:06:52.226,2.1590,0.0800,40.2531
2026-05-09T13:06:52.240,2.1617,0.0800,40.1861
2026-05-09T13:06:52.254,2.1656,0.0800,40.1213
2026-05-09T13:06:52.268,2.1701,0.0800,40.0528
2026-05-09T13:06:52.283,2.1738,0.0800,39.9858
2026-05-09T13:06:52.297,2.1788,0.0800,39.9170
2026-05-09T13:06:52.311,2.1835,0.0800,39.8457
2026-05-09T13:06:52.324,2.1882,0.0800,39.7736
2026-05-09T13:06:52.338,2.1924,0.0800,39.7094
2026-05-09T13:06:52.352,2.1968,0.0800,39.6416
2026-05-09T13:06:52.366,2.2013,0.0800,39.5732
2026-05-09T13:06:52.381,2.2058,0.0800,39.5040
2026-05-09T13:06:52.396,2.2106,0.0800,39.4304
2026-05-09T13:06:52.412,2.2153,0.0800,39.3579
2026-05-09T13:06:52.426,2.2206,0.0800,39.2776
2026-05-09T13:06:52.440,2.2261,0.0800,39.1935
2026-05-09T13:06:52.455,2.2305,0.0800,39.1254
2026-05-09T13:06:52.469,2.2350,0.0800,39.0560
2026-05-09T13:06:52.483,2.2393,0.0800,38.9901
2026-05-09T13:06:52.498,2.2438,0.0800,38.9201
2026-05-09T13:06:52.513,2.2483,0.0800,38.8518
2026-05-09T13:06:52.527,2.2531,0.0800,38.7774
2026-05-09T13:06:52.541,2.2577,0.0800,38.7067
2026-05-09T13:06:52.555,2.2622,0.0800,38.6381
2026-05-09T13:06:52.569,2.2671,0.0800,38.5624
2026-05-09T13:06:52.582,2.2712,0.0800,38.4983
2026-05-09T13:06:52.597,2.2758,0.0800,38.4286
2026-05-09T13:06:52.611,2.2799,0.0800,38.3655
2026-05-09T13:06:52.624,2.2846,0.0800,38.2934
2026-05-09T13:06:52.639,2.2890,0.0800,38.2252
2026-05-09T13:06:52.653,2.2933,0.0800,38.1601
2026-05-09T13:06:52.666,2.2980,0.0800,38.0874
2026-05-09T13:06:52.685,2.3023,0.0800,38.0212
2026-05-09T13:06:52.700,2.3067,0.0800,37.9538
2026-05-09T13:06:52.713,2.3129,0.0800,37.8598
2026-05-09T13:06:52.727,2.3175,0.0800,37.7899
2026-05-09T13:06:52.741,2.3216,0.0800,37.7261
2026-05-09T13:06:52.755,2.3261,0.0800,37.6580
2026-05-09T13:06:52.769,2.3305,0.0800,37.5906
2026-05-09T13:06:52.783,2.3349,0.0800,37.5223
2026-05-09T13:06:52.797,2.3395,0.0800,37.4516
2026-05-09T13:06:52.811,2.3431,0.0800,37.3835
2026-05-09T13:06:52.824,2.3466,0.0800,37.3094
2026-05-09T13:06:52.838,2.3502,0.0800,37.2460
2026-05-09T13:06:52.852,2.3527,0.0800,37.1803
2026-05-09T13:06:52.866,2.3551,0.0800,37.1090
2026-05-09T13:06:52.880,2.3577,0.0800,37.0429
2026-05-09T13:06:52.894,2.3593,0.0800,36.9740
2026-05-09T13:06:52.908,2.3605,0.0800,36.9075
2026-05-09T13:06:52.922,2.3615,0.0800,36.8345
2026-05-09T13:06:52.936,2.3629,0.0800,36.7697
2026-05-09T13:06:52.950,2.3631,0.0800,36.7033
2026-05-09T13:06:52.963,2.3630,0.0800,36.6329
2026-05-09T13:06:52.978,2.3634,0.0800,36.5656
2026-05-09T13:06:52.991,2.3625,0.0800,36.4960
2026-05-09T13:06:53.005,2.3614,0.0800,36.4299
2026-05-09T13:06:53.020,2.3606,0.0800,36.3605
2026-05-09T13:06:53.034,2.3588,0.0800,36.2934
2026-05-09T13:06:53.047,2.3565,0.0800,36.2226
2026-05-09T13:06:53.061,2.3548,0.0800,36.1544
2026-05-09T13:06:53.075,2.3519,0.0800,36.0866
2026-05-09T13:06:53.089,2.3485,0.0800,36.0166
2026-05-09T13:06:53.102,2.3449,0.0800,35.9477
2026-05-09T13:06:53.117,2.3421,0.0800,35.8850
2026-05-09T13:06:53.131,2.3378,0.0800,35.8172
2026-05-09T13:06:53.145,2.3330,0.0800,35.7477
2026-05-09T13:06:53.159,2.3284,0.0800,35.6738
2026-05-09T13:06:53.173,2.3236,0.0800,35.6126
2026-05-09T13:06:53.187,2.3177,0.0800,35.5431
2026-05-09T13:06:53.201,2.3124,0.0800,35.4737
2026-05-09T13:06:53.215,2.3060,0.0800,35.4064
2026-05-09T13:06:53.228,2.2992,0.0800,35.3376
2026-05-09T13:06:53.242,2.2920,0.0800,35.2687
2026-05-09T13:06:53.256,2.2857,0.0800,35.2033
2026-05-09T13:06:53.270,2.2782,0.0800,35.1375
2026-05-09T13:06:53.284,2.2694,0.0800,35.0647
2026-05-09T13:06:53.298,2.2622,0.0800,34.9992
2026-05-09T13:06:53.312,2.2537,0.0800,34.9344
2026-05-09T13:06:53.325,2.2442,0.0800,34.8645
2026-05-09T13:06:53.340,2.2353,0.0800,34.7950
2026-05-09T13:06:53.354,2.2264,0.0800,34.7339
2026-05-09T13:06:53.367,2.2144,0.0800,34.6546
2026-05-09T13:06:53.382,2.2056,0.0800,34.5927
2026-05-09T13:06:53.395,2.1953,0.0800,34.5291
2026-05-09T13:06:53.410,2.1836,0.0800,34.4588
2026-05-09T13:06:53.423,2.1721,0.0800,34.3920
2026-05-09T13:06:53.437,2.1608,0.0800,34.3235
2026-05-09T13:06:53.451,2.1490,0.0800,34.2588
2026-05-09T13:06:53.464,2.1368,0.0800,34.1936
2026-05-09T13:06:53.478,2.1250,0.0800,34.1277
2026-05-09T13:06:53.492,2.1125,0.0800,34.0639
2026-05-09T13:06:53.506,2.0988,0.0800,33.9961
2026-05-09T13:06:53.594,2.0856,0.0800,33.9273
2026-05-09T13:06:53.632,2.0724,0.0800,33.8610
2026-05-09T13:06:53.643,1.9812,0.0800,33.3523
2026-05-09T13:06:53.656,1.9615,0.0800,33.2723
2026-05-09T13:06:53.669,1.9568,0.0800,33.2283
2026-05-09T13:06:53.683,1.9514,0.0800,33.1719
2026-05-09T13:06:53.699,1.9450,0.0800,33.1146
2026-05-09T13:06:53.719,1.9406,0.0800,33.0544
2026-05-09T13:06:53.738,1.9368,0.0800,32.9881
2026-05-09T13:06:53.756,1.9337,0.0800,32.9108
2026-05-09T13:06:53.773,1.9320,0.0800,32.8323
2026-05-09T13:06:53.790,1.9319,0.0800,32.7675
2026-05-09T13:06:53.804,1.9331,0.0800,32.6963
2026-05-09T13:06:53.818,1.9320,0.0800,32.6352
2026-05-09T13:06:53.832,1.9347,0.0800,32.5851
2026-05-09T13:06:53.846,1.9384,0.0800,32.5313
2026-05-09T13:06:53.860,1.9404,0.0800,32.4762
2026-05-09T13:06:53.875,1.9448,0.0800,32.4313
2026-05-09T13:06:53.891,1.9509,0.0800,32.3779
2026-05-09T13:06:53.908,1.9579,0.0800,32.3233
2026-05-09T13:06:53.928,1.9633,0.0800,32.2667
2026-05-09T13:06:53.948,1.9727,0.0800,32.2110
2026-05-09T13:06:53.965,1.9856,0.0800,32.1428
2026-05-09T13:06:53.981,1.9994,0.0800,32.1331
2026-05-09T13:06:53.998,2.0117,0.0800,32.1321
2026-05-09T13:06:54.016,2.0243,0.0800,32.1320
2026-05-09T13:06:54.034,2.0388,0.0800,32.1321
2026-05-09T13:06:54.052,2.0535,0.0800,32.1317
2026-05-09T13:06:54.071,2.0673,0.0800,32.1317
2026-05-09T13:06:54.092,2.0840,0.0800,32.1313
2026-05-09T13:06:54.113,2.1028,0.0800,32.1312
2026-05-09T13:06:54.138,2.1238,0.0800,32.1315
2026-05-09T13:06:54.164,2.1440,0.0800,32.1304
2026-05-09T13:06:54.190,2.1705,0.0800,32.1312
2026-05-09T13:06:54.214,2.1987,0.0800,32.1303
2026-05-09T13:06:54.236,2.2275,0.0800,32.1291
2026-05-09T13:06:54.258,2.2557,0.0800,32.1275
2026-05-09T13:06:54.280,2.2832,0.0800,32.1258
2026-05-09T13:06:54.302,2.3124,0.0800,32.1247
2026-05-09T13:06:54.329,2.3411,0.0800,32.1231
2026-05-09T13:06:54.358,2.3727,0.0800,32.1222
2026-05-09T13:06:54.390,2.4103,0.0800,32.1218
2026-05-09T13:06:54.428,2.4539,0.0800,32.1211
2026-05-09T13:06:54.457,2.5019,0.0800,32.1195
2026-05-09T13:06:54.484,2.5634,0.0800,32.1195
2026-05-09T13:06:54.509,2.6124,0.0800,32.1135
2026-05-09T13:06:54.533,2.6580,0.0800,32.1101
2026-05-09T13:06:54.556,2.7013,0.0800,32.1072
2026-05-09T13:06:54.587,2.7442,0.0800,32.1047
2026-05-09T13:06:54.622,2.7870,0.0800,32.1023
2026-05-09T13:06:54.650,2.8449,0.0800,32.1025
2026-05-09T13:06:54.677,2.9120,0.0800,32.1007
2026-05-09T13:06:54.702,2.9624,0.0800,32.0942
2026-05-09T13:06:54.727,3.0179,0.0800,32.0922
2026-05-09T13:06:54.755,3.0670,0.0800,32.0881
2026-05-09T13:06:54.784,3.1166,0.0800,32.0854
2026-05-09T13:06:54.814,3.1731,0.0800,32.0836
2026-05-09T13:06:54.848,3.2320,0.0800,32.0807
2026-05-09T13:06:54.873,3.2929,0.0800,32.0776
2026-05-09T13:06:54.898,3.3644,0.0800,32.0755
2026-05-09T13:06:54.924,3.3667,0.0800,32.0810
2026-05-09T13:06:54.951,3.3660,0.0800,32.0871
2026-05-09T13:06:54.980,3.3655,0.0800,32.0931
2026-05-09T13:06:55.010,3.3648,0.0800,32.0995
2026-05-09T13:06:55.034,3.3639,0.0800,32.1064
2026-05-09T13:06:55.058,3.3633,0.0800,32.1156
2026-05-09T13:06:55.081,3.3649,0.0800,32.1247
2026-05-09T13:06:55.105,3.3649,0.0800,32.1354
2026-05-09T13:06:55.127,3.3652,0.0800,32.1475
2026-05-09T13:06:55.148,3.3640,0.0800,32.1645
2026-05-09T13:06:55.168,3.3676,0.0800,32.1754
2026-05-09T13:06:55.194,3.3667,0.0800,32.1905
2026-05-09T13:06:55.220,3.3675,0.0800,32.2058
2026-05-09T13:06:55.254,3.3665,0.0800,32.2268
2026-05-09T13:06:55.281,3.3669,0.0800,32.2506
2026-05-09T13:06:55.310,3.3657,0.0800,32.2834
2026-05-09T13:06:55.336,3.3693,0.0800,32.3107
2026-05-09T13:06:55.361,3.3695,0.0800,32.3428
2026-05-09T13:06:55.385,3.3716,0.0800,32.3744
2026-05-09T13:06:55.409,3.3737,0.0800,32.4046
2026-05-09T13:06:55.433,3.3753,0.0800,32.4350
2026-05-09T13:06:55.456,3.3765,0.0800,32.4675
2026-05-09T13:06:55.480,3.3781,0.0800,32.5005
2026-05-09T13:06:55.506,3.3797,0.0800,32.5347
2026-05-09T13:06:55.533,3.3810,0.0800,32.5714
2026-05-09T13:06:55.561,3.3827,0.0800,32.6095
2026-05-09T13:06:55.591,3.3837,0.0800,32.6534
2026-05-09T13:06:55.620,3.3859,0.0800,32.6982
2026-05-09T13:06:55.643,3.3869,0.0800,32.7511
2026-05-09T13:06:55.666,3.3903,0.0800,32.8013
2026-05-09T13:06:55.691,3.3950,0.0800,32.8409
2026-05-09T13:06:55.718,3.3969,0.0800,32.8824
2026-05-09T13:06:55.746,3.3983,0.0800,32.9291
2026-05-09T13:06:55.769,3.4008,0.0800,32.9903
2026-05-09T13:06:55.791,3.4038,0.0800,33.0729
2026-05-09T13:06:55.813,3.4086,0.0800,33.1516
2026-05-09T13:06:55.835,3.4106,0.0800,33.2251
2026-05-09T13:06:55.862,3.4128,0.0800,33.3104
2026-05-09T13:06:55.888,3.4143,0.0800,33.4005
2026-05-09T13:06:55.918,3.4148,0.0800,33.5113
2026-05-09T13:06:55.942,3.4164,0.0800,33.6170
2026-05-09T13:06:55.965,3.4170,0.0800,33.7488
2026-05-09T13:06:55.987,3.4201,0.0800,33.8446
2026-05-09T13:06:56.009,3.4214,0.0800,33.9405
2026-05-09T13:06:56.030,3.4227,0.0800,34.0329
2026-05-09T13:06:56.050,3.4236,0.0800,34.1324
2026-05-09T13:06:56.075,3.4252,0.0800,34.2209
2026-05-09T13:06:56.100,3.4262,0.0800,34.3097
2026-05-09T13:06:56.127,3.4267,0.0800,34.4157
2026-05-09T13:06:56.154,3.4279,0.0800,34.5253
2026-05-09T13:06:56.180,3.4289,0.0800,34.6452
2026-05-09T13:06:56.204,3.4302,0.0800,34.7666
2026-05-09T13:06:56.226,3.4318,0.0800,34.8806
2026-05-09T13:06:56.248,3.4334,0.0800,34.9849
2026-05-09T13:06:56.270,3.4347,0.0800,35.0830
2026-05-09T13:06:56.292,3.4358,0.0800,35.1837
2026-05-09T13:06:56.314,3.4370,0.0800,35.2821
2026-05-09T13:06:56.336,3.4382,0.0800,35.3776
2026-05-09T13:06:56.358,3.4391,0.0800,35.4789
2026-05-09T13:06:56.384,3.4404,0.0800,35.5757
2026-05-09T13:06:56.412,3.4415,0.0800,35.6755
2026-05-09T13:06:56.441,3.4422,0.0800,35.7918
2026-05-09T13:06:56.469,3.4433,0.0800,35.9176
2026-05-09T13:06:56.492,3.4438,0.0800,36.0463
2026-05-09T13:06:56.517,3.4421,0.0800,36.1766
2026-05-09T13:06:56.628,3.4391,0.0800,36.2731
2026-05-09T13:06:56.654,3.4173,0.0800,36.7666
2026-05-09T13:06:56.814,3.4248,0.0800,36.8089
2026-05-09T13:06:56.841,3.3449,0.0800,37.5424
2026-05-09T13:06:56.865,3.3501,0.0800,37.5893
2026-05-09T13:06:56.900,3.3294,0.0800,37.7142
2026-05-09T13:06:56.934,3.3100,0.0800,37.8315
2026-05-09T13:06:56.961,3.2797,0.0800,38.0139
2026-05-09T13:06:56.986,3.2370,0.0800,38.2723
2026-05-09T13:06:57.012,3.2292,0.0800,38.3196
2026-05-09T13:06:57.050,3.2115,0.0800,38.4269
2026-05-09T13:06:57.091,3.1899,0.0800,38.5578
2026-05-09T13:06:57.121,3.1587,0.0800,38.7461
2026-05-09T13:06:57.151,3.1147,0.0800,39.0104
2026-05-09T13:06:57.180,3.0998,0.0800,39.1006
2026-05-09T13:06:57.217,3.0755,0.0800,39.2472
2026-05-09T13:06:57.248,3.0522,0.0800,39.3877
2026-05-09T13:06:57.277,3.0219,0.0800,39.5714
2026-05-09T13:06:57.300,2.9970,0.0800,39.7219
2026-05-09T13:06:57.323,2.9718,0.0800,39.8739
2026-05-09T13:06:57.355,2.9545,0.0800,39.9789
2026-05-09T13:06:57.386,2.9262,0.0800,40.1497
2026-05-09T13:06:57.415,2.9099,0.0800,40.2482
2026-05-09T13:06:57.445,2.8834,0.0800,40.4081
2026-05-09T13:06:57.473,2.8581,0.0800,40.5615
2026-05-09T13:06:57.501,2.8373,0.0800,40.6869
2026-05-09T13:06:57.531,2.8177,0.0800,40.8051
2026-05-09T13:06:57.560,2.7980,0.0800,40.9240
2026-05-09T13:06:57.593,2.7794,0.0800,41.0366
2026-05-09T13:06:57.619,2.7605,0.0800,41.1621
2026-05-09T13:06:57.646,2.7389,0.0800,41.3238
2026-05-09T13:06:57.673,2.7247,0.0800,41.4527
2026-05-09T13:06:57.707,2.7146,0.0800,41.5649
2026-05-09T13:06:57.740,2.7033,0.0800,41.7219
2026-05-09T13:06:57.777,2.6975,0.0800,41.8443
2026-05-09T13:06:57.806,2.6933,0.0800,41.9956
2026-05-09T13:06:57.835,2.6926,0.0800,42.1655
2026-05-09T13:06:57.863,2.6957,0.0800,42.2994
2026-05-09T13:06:57.895,2.7015,0.0800,42.4320
2026-05-09T13:06:57.927,2.7107,0.0800,42.5753
2026-05-09T13:06:57.959,2.7212,0.0800,42.6955
2026-05-09T13:06:57.988,2.7372,0.0800,42.8452
2026-05-09T13:06:58.017,2.7564,0.0800,42.9912
2026-05-09T13:06:58.045,2.7764,0.0800,43.1190
2026-05-09T13:06:58.071,2.8006,0.0800,43.2538
2026-05-09T13:06:58.105,2.8227,0.0800,43.3615
2026-05-09T13:06:58.139,2.8467,0.0800,43.4661
2026-05-09T13:06:58.172,2.8819,0.0800,43.6033
2026-05-09T13:06:58.204,2.9026,0.0800,43.6730
2026-05-09T13:06:58.237,2.9270,0.0800,43.7465
2026-05-09T13:06:58.266,2.9508,0.0800,43.8096
2026-05-09T13:06:58.296,2.9770,0.0800,43.8737
2026-05-09T13:06:58.329,3.0022,0.0800,43.9308
2026-05-09T13:06:58.364,3.0307,0.0800,43.9962
2026-05-09T13:06:58.400,3.0484,0.0800,44.0398
2026-05-09T13:06:58.433,3.0732,0.0800,44.1007
2026-05-09T13:06:58.463,3.1133,0.0800,44.2060
2026-05-09T13:06:58.495,3.1609,0.0800,44.3371
2026-05-09T13:06:58.530,3.2082,0.0800,44.4760
2026-05-09T13:06:58.566,3.2518,0.0800,44.6153
2026-05-09T13:06:58.602,3.2906,0.0800,44.7523
2026-05-09T13:06:58.639,3.3233,0.0800,44.8834
2026-05-09T13:06:58.673,3.3553,0.0800,45.0289
2026-05-09T13:06:58.706,3.3826,0.0800,45.1751
2026-05-09T13:06:58.740,3.4019,0.0800,45.3015
2026-05-09T13:06:58.774,3.4178,0.0800,45.4320
2026-05-09T13:06:58.807,3.4333,0.0800,45.6074
2026-05-09T13:06:58.850,3.4369,0.0800,45.6899
2026-05-09T13:06:58.892,3.4405,0.0800,45.8559
2026-05-09T13:06:58.929,3.4370,0.0800,45.9837
2026-05-09T13:06:58.966,3.4278,0.0800,46.1121
2026-05-09T13:06:59.004,3.4235,0.0800,46.1515
2026-05-09T13:06:59.209,3.4240,0.0800,46.1447
2026-05-09T13:06:59.246,3.4417,0.0800,46.0424
2026-05-09T13:06:59.282,3.4513,0.0800,45.9565
2026-05-09T13:06:59.318,3.4560,0.0800,45.8751
2026-05-09T13:06:59.350,3.4568,0.0800,45.7927
2026-05-09T13:06:59.382,3.4534,0.0800,45.7069
2026-05-09T13:06:59.420,3.4469,0.0800,45.6376
2026-05-09T13:06:59.457,3.4372,0.0800,45.5652
2026-05-09T13:06:59.494,3.4222,0.0800,45.4814
2026-05-09T13:06:59.528,3.4019,0.0800,45.3941
2026-05-09T13:06:59.560,3.3794,0.0800,45.3167
2026-05-09T13:06:59.592,3.3472,0.0800,45.2229
2026-05-09T13:06:59.737,3.3279,0.0800,45.1761
2026-05-09T13:06:59.769,3.1719,0.0800,44.8222
2026-05-09T13:06:59.809,3.1603,0.0800,44.8070
2026-05-09T13:06:59.848,3.0947,0.0800,44.7227
2026-05-09T13:06:59.875,3.0563,0.0800,44.6796
2026-05-09T13:06:59.900,2.9948,0.0800,44.6151
2026-05-09T13:06:59.926,2.9465,0.0800,44.5695
2026-05-09T13:06:59.951,2.9083,0.0800,44.5362
2026-05-09T13:06:59.979,2.8640,0.0800,44.4999
2026-05-09T13:07:00.006,2.8145,0.0800,44.4622
2026-05-09T13:07:00.033,2.7580,0.0800,44.4224
2026-05-09T13:07:00.060,2.7172,0.0800,44.3962
2026-05-09T13:07:00.089,2.6680,0.0800,44.3664
2026-05-09T13:07:00.117,2.6175,0.0800,44.3380
2026-05-09T13:07:00.140,2.5750,0.0800,44.3152
2026-05-09T13:07:00.162,2.5570,0.0800,44.3045
2026-05-09T13:07:00.184,2.5469,0.0800,44.2979
2026-05-09T13:07:00.207,2.5490,0.0800,44.2966
2026-05-09T13:07:00.235,2.5532,0.0800,44.2960
2026-05-09T13:07:00.262,2.5631,0.0800,44.2970
2026-05-09T13:07:00.290,2.5762,0.0800,44.2987
2026-05-09T13:07:00.319,2.5953,0.0800,44.3018
2026-05-09T13:07:00.345,2.6202,0.0800,44.3058
2026-05-09T13:07:00.371,2.6754,0.0800,44.3142
2026-05-09T13:07:00.394,2.7509,0.0800,44.3250
2026-05-09T13:07:00.418,2.8498,0.0800,44.3379
2026-05-09T13:07:00.441,2.9452,0.0800,44.3487
2026-05-09T13:07:00.465,3.0440,0.0800,44.3582
2026-05-09T13:07:00.488,3.1471,0.0800,44.3661
2026-05-09T13:07:00.514,3.2520,0.0800,44.3724
2026-05-09T13:07:00.545,3.3579,0.0800,44.3771
2026-05-09T13:07:00.568,3.4779,0.0800,44.3810
2026-05-09T13:07:00.592,3.6307,0.0800,44.3840
2026-05-09T13:07:00.616,3.7380,0.0800,44.3844
2026-05-09T13:07:00.643,3.8520,0.0800,44.3836
2026-05-09T13:07:00.670,3.9680,0.0800,44.3816
2026-05-09T13:07:00.694,4.1022,0.0800,44.3783
2026-05-09T13:07:00.717,4.2367,0.0800,44.3755
2026-05-09T13:07:00.740,4.3549,0.0800,44.3730
2026-05-09T13:07:00.766,4.4689,0.0800,44.3707
2026-05-09T13:07:00.791,4.5833,0.0800,44.3683
2026-05-09T13:07:00.817,4.7138,0.0800,44.3656
2026-05-09T13:07:00.846,4.8407,0.0800,44.3629
2026-05-09T13:07:00.871,4.9682,0.0800,44.3603
2026-05-09T13:07:00.893,5.1172,0.0800,44.3573
2026-05-09T13:07:00.916,5.2405,0.0800,44.3548
2026-05-09T13:07:00.938,5.3478,0.0800,44.3525
2026-05-09T13:07:00.959,5.4603,0.0800,44.3502
2026-05-09T13:07:00.982,5.5732,0.0800,44.3478
2026-05-09T13:07:01.005,5.6781,0.0800,44.3456
2026-05-09T13:07:01.031,5.7895,0.0800,44.3432
2026-05-09T13:07:01.056,5.9103,0.0800,44.3407
2026-05-09T13:07:01.086,6.0384,0.0800,44.3380
2026-05-09T13:07:01.108,6.1613,0.0800,44.3353
2026-05-09T13:07:01.130,6.3108,0.0800,44.3322
2026-05-09T13:07:01.154,6.4212,0.0800,44.3298
2026-05-09T13:07:01.178,6.5333,0.0800,44.3274
2026-05-09T13:07:01.202,6.6526,0.0800,44.3249
2026-05-09T13:07:01.221,6.7756,0.0800,44.3222
2026-05-09T13:07:01.240,6.8929,0.0800,44.3197
2026-05-09T13:07:01.260,6.9831,0.0800,44.3177
2026-05-09T13:07:01.281,7.0794,0.0800,44.3156
2026-05-09T13:07:01.306,7.1774,0.0800,44.3134
2026-05-09T13:07:01.329,7.2846,0.0800,44.3111
2026-05-09T13:07:01.350,7.4064,0.0800,44.3085
2026-05-09T13:07:01.370,7.5268,0.0800,44.3058
2026-05-09T13:07:01.389,7.6306,0.0800,44.3036
2026-05-09T13:07:01.409,7.7238,0.0800,44.3015
2026-05-09T13:07:01.429,7.8046,0.0800,44.2997
2026-05-09T13:07:01.448,7.8709,0.0800,44.2982
2026-05-09T13:07:01.466,7.9219,0.0800,44.2971
2026-05-09T13:07:01.484,7.9697,0.0800,44.2960
2026-05-09T13:07:01.502,8.0091,0.0800,44.2952
2026-05-09T13:07:01.519,8.0382,0.0800,44.2945
2026-05-09T13:07:01.536,8.0654,0.0800,44.2939
2026-05-09T13:07:01.554,8.0870,0.0800,44.2935
2026-05-09T13:07:01.570,8.1065,0.0800,44.2930
2026-05-09T13:07:01.586,8.1198,0.0800,44.2927
2026-05-09T13:07:01.602,8.1287,0.0800,44.2925
2026-05-09T13:07:01.620,8.1376,0.0800,44.2923
2026-05-09T13:07:01.637,8.1450,0.0800,44.2921
2026-05-09T13:07:01.655,8.1518,0.0800,44.2920
2026-05-09T13:07:01.673,8.1623,0.0800,44.2904
2026-05-09T13:07:01.689,8.1768,0.0800,44.2877
2026-05-09T13:07:01.704,8.1932,0.0800,44.2861
2026-05-09T13:07:01.719,8.2093,0.0800,44.2816
2026-05-09T13:07:01.734,8.2248,0.0800,44.2768
2026-05-09T13:07:01.749,8.2396,0.0800,44.2716
2026-05-09T13:07:01.766,8.2520,0.0800,44.2664
2026-05-09T13:07:01.782,8.2612,0.0800,44.2649
2026-05-09T13:07:01.800,8.2735,0.0800,44.2583
2026-05-09T13:07:01.818,8.2859,0.0800,44.2509
2026-05-09T13:07:01.835,8.2965,0.0800,44.2441
2026-05-09T13:07:01.851,8.3070,0.0800,44.2367
2026-05-09T13:07:01.866,8.3176,0.0800,44.2290
2026-05-09T13:07:01.880,8.3241,0.0800,44.2274
2026-05-09T13:07:01.894,8.3325,0.0800,44.2205
2026-05-09T13:07:01.909,8.3404,0.0800,44.2138
2026-05-09T13:07:01.926,8.3465,0.0800,44.2112
2026-05-09T13:07:01.943,8.3549,0.0800,44.2034
2026-05-09T13:07:01.959,8.3638,0.0800,44.1947
2026-05-09T13:07:01.976,8.3730,0.0800,44.1851
2026-05-09T13:07:01.990,8.3816,0.0800,44.1758
2026-05-09T13:07:02.005,8.3891,0.0800,44.1670
2026-05-09T13:07:02.019,8.3951,0.0800,44.1637
2026-05-09T13:07:02.034,8.4018,0.0800,44.1553
2026-05-09T13:07:02.049,8.4081,0.0800,44.1469
2026-05-09T13:07:02.067,8.4136,0.0800,44.1430
2026-05-09T13:07:02.082,8.4223,0.0800,44.1304
2026-05-09T13:07:02.099,8.4269,0.0800,44.1292
2026-05-09T13:07:02.114,8.4327,0.0800,44.1199
2026-05-09T13:07:02.130,8.4391,0.0800,44.1088
2026-05-09T13:07:02.145,8.4445,0.0800,44.0990
2026-05-09T13:07:02.161,8.4501,0.0800,44.0934
2026-05-09T13:07:02.177,8.4568,0.0800,44.0795
2026-05-09T13:07:02.192,8.4604,0.0800,44.0714
2026-05-09T13:07:02.211,8.4646,0.0800,44.0618
2026-05-09T13:07:02.229,8.4693,0.0800,44.0561
2026-05-09T13:07:02.248,8.4741,0.0800,44.0433
2026-05-09T13:07:02.268,8.4786,0.0800,44.0299
2026-05-09T13:07:02.284,8.4831,0.0800,44.0154
2026-05-09T13:07:02.299,8.4868,0.0800,44.0020
2026-05-09T13:07:02.316,8.4895,0.0800,43.9912
2026-05-09T13:07:02.335,8.4924,0.0800,43.9778
2026-05-09T13:07:02.352,8.4944,0.0800,43.9675
2026-05-09T13:07:02.369,8.4971,0.0800,43.9523
2026-05-09T13:07:02.387,8.5019,0.0800,43.9457
2026-05-09T13:07:02.407,8.5069,0.0800,43.9269
2026-05-09T13:07:02.425,8.5131,0.0800,43.9047
2026-05-09T13:07:02.441,8.5232,0.0800,43.8717
2026-05-09T13:07:02.457,8.6097,0.0800,43.8660
2026-05-09T13:07:02.473,8.6222,0.0800,43.8259
2026-05-09T13:07:02.487,8.6350,0.0800,43.7833
2026-05-09T13:07:02.504,8.6521,0.0800,43.7355
2026-05-09T13:07:02.522,8.6660,0.0800,43.6857
2026-05-09T13:07:02.541,8.6831,0.0800,43.6231
2026-05-09T13:07:02.559,8.7065,0.0800,43.6204
2026-05-09T13:07:02.576,8.7407,0.0800,43.6181
2026-05-09T13:07:02.725,8.7516,0.0800,43.6171
2026-05-09T13:07:02.741,9.0012,0.0800,43.6197
2026-05-09T13:07:02.763,9.0027,0.0800,43.5697
2026-05-09T13:07:02.783,9.0524,0.0800,43.4477
2026-05-09T13:07:02.805,9.0673,0.0800,43.4052
2026-05-09T13:07:02.825,9.1056,0.0800,43.3165
2026-05-09T13:07:02.844,9.1466,0.0800,43.2242
2026-05-09T13:07:02.865,9.1941,0.0800,43.1198
2026-05-09T13:07:02.879,9.2228,0.0800,43.0578
2026-05-09T13:07:02.895,9.2649,0.0800,42.9652
2026-05-09T13:07:02.912,9.3122,0.0800,42.8611
2026-05-09T13:07:02.926,9.3353,0.0800,42.8100
2026-05-09T13:07:02.945,9.3628,0.0800,42.7494
2026-05-09T13:07:02.963,9.4010,0.0800,42.6653
2026-05-09T13:07:02.981,9.4292,0.0800,42.6032
2026-05-09T13:07:03.001,9.4663,0.0800,42.5212
2026-05-09T13:07:03.018,9.5072,0.0800,42.4277
2026-05-09T13:07:03.033,9.5421,0.0800,42.3461
2026-05-09T13:07:03.048,9.5732,0.0800,42.2720
2026-05-09T13:07:03.062,9.6154,0.0800,42.1697
2026-05-09T13:07:03.080,9.6414,0.0800,42.1044
2026-05-09T13:07:03.099,9.6676,0.0800,42.0405
2026-05-09T13:07:03.114,9.6941,0.0800,41.9701
2026-05-09T13:07:03.129,9.7162,0.0800,41.9097
2026-05-09T13:07:03.147,9.7410,0.0800,41.8394
2026-05-09T13:07:03.165,9.7687,0.0800,41.7574
2026-05-09T13:07:03.183,9.7883,0.0800,41.7033
2026-05-09T13:07:03.201,9.8085,0.0800,41.6359
2026-05-09T13:07:03.218,9.8280,0.0800,41.5662
2026-05-09T13:07:03.235,9.8454,0.0800,41.4976
2026-05-09T13:07:03.253,9.8586,0.0800,41.4386
2026-05-09T13:07:03.269,9.8686,0.0800,41.3875
2026-05-09T13:07:03.287,9.8808,0.0800,41.3348
2026-05-09T13:07:03.304,9.8880,0.0800,41.2857
2026-05-09T13:07:03.322,9.8948,0.0800,41.2315
2026-05-09T13:07:03.340,9.8997,0.0800,41.1840
2026-05-09T13:07:03.355,9.9043,0.0800,41.1286
2026-05-09T13:07:03.371,9.9075,0.0800,41.0742
2026-05-09T13:07:03.386,9.9095,0.0800,41.0219
2026-05-09T13:07:03.404,9.9135,0.0800,40.9849
2026-05-09T13:07:03.422,9.9134,0.0800,40.9414
2026-05-09T13:07:03.441,9.9124,0.0800,40.8888
2026-05-09T13:07:03.462,9.9103,0.0800,40.8369
2026-05-09T13:07:03.480,9.9067,0.0800,40.7784
2026-05-09T13:07:03.498,9.9013,0.0800,40.7169
2026-05-09T13:07:03.515,9.8952,0.0800,40.6624
2026-05-09T13:07:03.532,9.8881,0.0800,40.6088
2026-05-09T13:07:03.547,9.8805,0.0800,40.5587
2026-05-09T13:07:03.562,9.8765,0.0800,40.5148
2026-05-09T13:07:03.581,9.8704,0.0800,40.4797
2026-05-09T13:07:03.601,9.8651,0.0800,40.4476
2026-05-09T13:07:03.620,9.8620,0.0800,40.4253
2026-05-09T13:07:03.640,9.8588,0.0800,40.4016
2026-05-09T13:07:03.661,9.8561,0.0800,40.3819
2026-05-09T13:07:03.677,9.8533,0.0800,40.3616
2026-05-09T13:07:03.694,9.8506,0.0800,40.3411
2026-05-09T13:07:03.711,9.8486,0.0800,40.3263
2026-05-09T13:07:03.726,9.8465,0.0800,40.3108
2026-05-09T13:07:03.744,9.8445,0.0800,40.2964
2026-05-09T13:07:03.764,9.8427,0.0800,40.2828
2026-05-09T13:07:03.781,9.8409,0.0800,40.2692
2026-05-09T13:07:03.800,9.8394,0.0800,40.2579
2026-05-09T13:07:03.818,9.8383,0.0800,40.2499
2026-05-09T13:07:03.838,9.8374,0.0800,40.2428
2026-05-09T13:07:03.856,9.8365,0.0800,40.2366
2026-05-09T13:07:03.873,9.8356,0.0800,40.2300
2026-05-09T13:07:03.890,9.8349,0.0800,40.2244
2026-05-09T13:07:03.906,9.8342,0.0800,40.2189
2026-05-09T13:07:03.923,9.8335,0.0800,40.2137
2026-05-09T13:07:03.944,9.8329,0.0800,40.2092
2026-05-09T13:07:03.964,9.8320,0.0800,40.2030
2026-05-09T13:07:03.984,9.8314,0.0800,40.1980
2026-05-09T13:07:04.003,9.8305,0.0800,40.1918
2026-05-09T13:07:04.020,9.8297,0.0800,40.1857
2026-05-09T13:07:04.037,9.8289,0.0800,40.1792
2026-05-09T13:07:04.055,9.8280,0.0800,40.1725
2026-05-09T13:07:04.073,9.8270,0.0800,40.1657
2026-05-09T13:07:04.090,9.8260,0.0800,40.1576
2026-05-09T13:07:04.109,9.8247,0.0800,40.1484
2026-05-09T13:07:04.126,9.8230,0.0800,40.1353
2026-05-09T13:07:04.144,9.8208,0.0800,40.1193
2026-05-09T13:07:04.161,9.8186,0.0800,40.1028
2026-05-09T13:07:04.177,9.8159,0.0800,40.0825
2026-05-09T13:07:04.193,9.8120,0.0800,40.0527
2026-05-09T13:07:04.208,9.8070,0.0800,40.0070
2026-05-09T13:07:04.224,9.8002,0.0800,39.9517
2026-05-09T13:07:04.241,9.7946,0.0800,39.8919
2026-05-09T13:07:04.258,9.7888,0.0800,39.8233
2026-05-09T13:07:04.277,9.7836,0.0800,39.7521
2026-05-09T13:07:04.296,9.7791,0.0800,39.6758
2026-05-09T13:07:04.311,9.7754,0.0800,39.5943
2026-05-09T13:07:04.326,9.7729,0.0800,39.5115
2026-05-09T13:07:04.344,9.7694,0.0800,39.4476
2026-05-09T13:07:04.361,9.7691,0.0800,39.3661
2026-05-09T13:07:04.378,9.7699,0.0800,39.3074
2026-05-09T13:07:04.395,9.7718,0.0800,39.2313
2026-05-09T13:07:04.412,9.7745,0.0800,39.1621
2026-05-09T13:07:04.429,9.7784,0.0800,39.0889
2026-05-09T13:07:04.447,9.7810,0.0800,39.0168
2026-05-09T13:07:04.465,9.7876,0.0800,38.9367
2026-05-09T13:07:04.481,9.7949,0.0800,38.8642
2026-05-09T13:07:04.498,9.8043,0.0800,38.7857
2026-05-09T13:07:04.513,9.8143,0.0800,38.7103
2026-05-09T13:07:04.529,9.8247,0.0800,38.6399
2026-05-09T13:07:04.544,9.8332,0.0800,38.5869
2026-05-09T13:07:04.558,9.8413,0.0800,38.5325
2026-05-09T13:07:04.573,9.8487,0.0800,38.4928
2026-05-09T13:07:04.587,9.8557,0.0800,38.4573
2026-05-09T13:07:04.602,9.8602,0.0800,38.4279
2026-05-09T13:07:04.618,9.8646,0.0800,38.4045
2026-05-09T13:07:04.635,9.8696,0.0800,38.3789
2026-05-09T13:07:04.650,9.8736,0.0800,38.3601
2026-05-09T13:07:04.665,9.8769,0.0800,38.3446
2026-05-09T13:07:04.679,9.8795,0.0800,38.3324
2026-05-09T13:07:04.693,9.8817,0.0800,38.3225
2026-05-09T13:07:04.708,9.8838,0.0800,38.3134
2026-05-09T13:07:04.721,9.8858,0.0800,38.3044
2026-05-09T13:07:04.737,9.8878,0.0800,38.2957
2026-05-09T13:07:04.752,9.8899,0.0800,38.2864
2026-05-09T13:07:04.767,9.8919,0.0800,38.2775
2026-05-09T13:07:04.781,9.8938,0.0800,38.2694
2026-05-09T13:07:04.796,9.8958,0.0800,38.2606
2026-05-09T13:07:04.810,9.8976,0.0800,38.2526
2026-05-09T13:07:04.823,9.8994,0.0800,38.2443
2026-05-09T13:07:04.839,9.9010,0.0800,38.2369
2026-05-09T13:07:04.855,9.9025,0.0800,38.2301
2026-05-09T13:07:04.872,9.9046,0.0800,38.2207
2026-05-09T13:07:04.888,9.9061,0.0800,38.2137
2026-05-09T13:07:04.902,9.9077,0.0800,38.2058
2026-05-09T13:07:04.921,9.9091,0.0800,38.1993
2026-05-09T13:07:04.934,9.9101,0.0800,38.1945
2026-05-09T13:07:04.948,9.9112,0.0800,38.1894
2026-05-09T13:07:04.962,9.9119,0.0800,38.1860
2026-05-09T13:07:04.976,9.9127,0.0800,38.1826
2026-05-09T13:07:04.990,9.9134,0.0800,38.1796
2026-05-09T13:07:05.004,9.9138,0.0800,38.1777
2026-05-09T13:07:05.021,9.9142,0.0800,38.1758
2026-05-09T13:07:05.036,9.9146,0.0800,38.1742
2026-05-09T13:07:05.050,9.9150,0.0800,38.1729
2026-05-09T13:07:08.245,9.9156,0.0800,38.1702
2026-05-09T13:07:08.259,9.9172,0.0800,38.1637
2026-05-09T13:07:08.274,9.9210,0.0800,38.1476
2026-05-09T13:07:08.287,9.9270,0.0800,38.1226
2026-05-09T13:07:08.301,9.9348,0.0800,38.0902
2026-05-09T13:07:08.314,9.9438,0.0800,38.0529
2026-05-09T13:07:08.329,9.9556,0.0800,38.0039
2026-05-09T13:07:08.342,9.9686,0.0800,37.9463
2026-05-09T13:07:08.356,9.9854,0.0800,37.8739
2026-05-09T13:07:08.370,9.9981,0.0800,37.8147
2026-05-09T13:07:08.384,10.0125,0.0800,37.7458
2026-05-09T13:07:08.399,10.0273,0.0800,37.6783
2026-05-09T13:07:08.413,10.0405,0.0800,37.6110
2026-05-09T13:07:08.425,10.0540,0.0800,37.5400
2026-05-09T13:07:08.440,10.0664,0.0800,37.4790
2026-05-09T13:07:08.453,10.0771,0.0800,37.4190
2026-05-09T13:07:08.468,10.0902,0.0800,37.3432
2026-05-09T13:07:08.481,10.1007,0.0800,37.2798
2026-05-09T13:07:08.495,10.1129,0.0800,37.2107
2026-05-09T13:07:08.509,10.1226,0.0800,37.1478
2026-05-09T13:07:08.523,10.1333,0.0800,37.0759
2026-05-09T13:07:08.538,10.1430,0.0800,37.0158
2026-05-09T13:07:08.553,10.1524,0.0800,36.9476
2026-05-09T13:07:08.568,10.1624,0.0800,36.8718
2026-05-09T13:07:08.580,10.1762,0.0800,36.7615
2026-05-09T13:07:08.715,10.1819,0.0800,36.7276
2026-05-09T13:07:08.727,10.2584,0.0800,36.0531
2026-05-09T13:07:08.743,10.2615,0.0800,35.9982
2026-05-09T13:07:08.793,10.2652,0.0800,35.9264
2026-05-09T13:07:08.812,10.2697,0.0800,35.8548
2026-05-09T13:07:08.837,10.2793,0.0800,35.6302
2026-05-09T13:07:08.851,10.2848,0.0800,35.4904
2026-05-09T13:07:08.865,10.2869,0.0800,35.4379
2026-05-09T13:07:08.879,10.2891,0.0800,35.3854
2026-05-09T13:07:08.894,10.2910,0.0800,35.3367
2026-05-09T13:07:08.907,10.2932,0.0800,35.2851
2026-05-09T13:07:08.921,10.2948,0.0800,35.2442
2026-05-09T13:07:08.935,10.2966,0.0800,35.2013
2026-05-09T13:07:08.949,10.2981,0.0800,35.1634
2026-05-09T13:07:08.962,10.2996,0.0800,35.1254
2026-05-09T13:07:08.976,10.3010,0.0800,35.0914
2026-05-09T13:07:08.990,10.3024,0.0800,35.0571
2026-05-09T13:07:09.005,10.3037,0.0800,35.0264
2026-05-09T13:07:09.017,10.3050,0.0800,34.9923
2026-05-09T13:07:09.032,10.3062,0.0800,34.9653
2026-05-09T13:07:09.046,10.3074,0.0800,34.9367
2026-05-09T13:07:09.059,10.3084,0.0800,34.9118
2026-05-09T13:07:09.074,10.3094,0.0800,34.8902
2026-05-09T13:07:09.088,10.3102,0.0800,34.8710
2026-05-09T13:07:09.101,10.3108,0.0800,34.8565
2026-05-09T13:07:09.115,10.3114,0.0800,34.8446
2026-05-09T13:07:09.129,10.3118,0.0800,34.8349
2026-05-09T13:07:09.144,10.3121,0.0800,34.8279
2026-05-09T13:07:09.157,10.3124,0.0800,34.8215
2026-05-09T13:07:09.171,10.3125,0.0800,34.8179
2026-05-09T13:07:09.187,10.3127,0.0800,34.8146
2026-05-09T13:07:09.202,10.3128,0.0800,34.8113
2026-05-09T13:07:09.219,10.3129,0.0800,34.8096
2026-05-09T13:07:09.235,10.3130,0.0800,34.8084
2026-05-09T13:07:16.049,10.3165,0.0800,34.7974
2026-05-09T13:07:16.063,10.3227,0.0800,34.7778
2026-05-09T13:07:16.077,10.3340,0.0800,34.7423
2026-05-09T13:07:16.091,10.3456,0.0800,34.7059
2026-05-09T13:07:16.105,10.3691,0.0800,34.6278
2026-05-09T13:07:16.120,10.3856,0.0800,34.5759
2026-05-09T13:07:16.136,10.4079,0.0800,34.4983
2026-05-09T13:07:16.149,10.4241,0.0800,34.4404
2026-05-09T13:07:16.163,10.4454,0.0800,34.3627
2026-05-09T13:07:16.178,10.4620,0.0800,34.3060
2026-05-09T13:07:16.192,10.4801,0.0800,34.2369
2026-05-09T13:07:16.213,10.4971,0.0800,34.1701
2026-05-09T13:07:16.228,10.5153,0.0800,34.1023
2026-05-09T13:07:16.245,10.5382,0.0800,34.0072
2026-05-09T13:07:16.259,10.5544,0.0800,33.9369
2026-05-09T13:07:16.272,10.5734,0.0800,33.8523
2026-05-09T13:07:16.286,10.5869,0.0800,33.7897
2026-05-09T13:07:16.300,10.6027,0.0800,33.7143
2026-05-09T13:07:16.314,10.6148,0.0800,33.6615
2026-05-09T13:07:16.328,10.6299,0.0800,33.5834
2026-05-09T13:07:16.343,10.6397,0.0800,33.5285
2026-05-09T13:07:16.358,10.6511,0.0800,33.4605
2026-05-09T13:07:16.373,10.6552,0.0800,33.4199
2026-05-09T13:07:16.387,10.6585,0.0800,33.3803
2026-05-09T13:07:16.401,10.6607,0.0800,33.3391
2026-05-09T13:07:16.415,10.6657,0.0800,33.3065
2026-05-09T13:07:16.429,10.6662,0.0800,33.2699
2026-05-09T13:07:16.449,10.6660,0.0800,33.2379
2026-05-09T13:07:16.464,10.6686,0.0800,33.2025
2026-05-09T13:07:16.478,10.6669,0.0800,33.1557
2026-05-09T13:07:16.492,10.6648,0.0800,33.1190
2026-05-09T13:07:16.505,10.6623,0.0800,33.0863
2026-05-09T13:07:16.520,10.6625,0.0800,33.0509
2026-05-09T13:07:16.534,10.6590,0.0800,33.0188
2026-05-09T13:07:16.548,10.6545,0.0800,32.9829
2026-05-09T13:07:16.561,10.6497,0.0800,32.9484
2026-05-09T13:07:16.578,10.6481,0.0800,32.9141
2026-05-09T13:07:16.593,10.6397,0.0800,32.8636
2026-05-09T13:07:16.608,10.6337,0.0800,32.8291
2026-05-09T13:07:16.621,10.6271,0.0800,32.7926
2026-05-09T13:07:16.637,10.6256,0.0800,32.7684
2026-05-09T13:07:16.652,10.6232,0.0800,32.7486
2026-05-09T13:07:16.666,10.6210,0.0800,32.7304
2026-05-09T13:07:16.680,10.6196,0.0800,32.7193
2026-05-09T13:07:16.695,10.6183,0.0800,32.7082
2026-05-09T13:07:16.710,10.6171,0.0800,32.6979
2026-05-09T13:07:16.724,10.6159,0.0800,32.6884
2026-05-09T13:07:16.739,10.6148,0.0800,32.6792
2026-05-09T13:07:16.752,10.6138,0.0800,32.6709
2026-05-09T13:07:16.765,10.6127,0.0800,32.6623
2026-05-09T13:07:16.783,10.6119,0.0800,32.6556
2026-05-09T13:07:16.798,10.6111,0.0800,32.6487
2026-05-09T13:07:16.813,10.6100,0.0800,32.6398
2026-05-09T13:07:16.828,10.6090,0.0800,32.6316
2026-05-09T13:07:16.842,10.6082,0.0800,32.6249
2026-05-09T13:07:16.857,10.6072,0.0800,32.6175
2026-05-09T13:07:16.879,10.6063,0.0800,32.6099
2026-05-09T13:07:16.893,10.6055,0.0800,32.6036
2026-05-09T13:07:16.907,10.6044,0.0800,32.5941
2026-05-09T13:07:16.921,10.6036,0.0800,32.5877
2026-05-09T13:07:16.935,10.6028,0.0800,32.5816
2026-05-09T13:07:16.949,10.6021,0.0800,32.5752
2026-05-09T13:07:16.964,10.6005,0.0800,32.5623
2026-05-09T13:07:16.979,10.5984,0.0800,32.5454
2026-05-09T13:07:16.993,10.5959,0.0800,32.5247
2026-05-09T13:07:17.009,10.5912,0.0800,32.4861
2026-05-09T13:07:17.025,10.5855,0.0800,32.4390
2026-05-09T13:07:17.039,10.5752,0.0800,32.3546
2026-05-09T13:07:17.052,10.5658,0.0800,32.2775
2026-05-09T13:07:17.066,10.5580,0.0800,32.2135
2026-05-09T13:07:17.081,10.5502,0.0800,32.1494
2026-05-09T13:07:17.096,10.5418,0.0800,32.0809
2026-05-09T13:07:17.110,10.5330,0.0800,32.0089
2026-05-09T13:07:17.123,10.5240,0.0800,31.9348
2026-05-09T13:07:17.144,10.5160,0.0800,31.8690
2026-05-09T13:07:17.159,10.5078,0.0800,31.8019
2026-05-09T13:07:17.173,10.4957,0.0800,31.7031
2026-05-09T13:07:17.186,10.4871,0.0800,31.6323
2026-05-09T13:07:17.201,10.4787,0.0800,31.5640
2026-05-09T13:07:17.217,10.4707,0.0800,31.4982
2026-05-09T13:07:17.233,10.4611,0.0800,31.4198
2026-05-09T13:07:17.246,10.4525,0.0800,31.3500
2026-05-09T13:07:17.261,10.4426,0.0800,31.2688
2026-05-09T13:07:17.276,10.4343,0.0800,31.2015
2026-05-09T13:07:17.289,10.4258,0.0800,31.1320
2026-05-09T13:07:17.304,10.4170,0.0800,31.0605
2026-05-09T13:07:17.318,10.4087,0.0800,30.9933
2026-05-09T13:07:17.334,10.3997,0.0800,30.9195
2026-05-09T13:07:17.349,10.3915,0.0800,30.8528
2026-05-09T13:07:17.364,10.3819,0.0800,30.7747
2026-05-09T13:07:17.379,10.3732,0.0800,30.7040
2026-05-09T13:07:17.393,10.3643,0.0800,30.6315
2026-05-09T13:07:17.407,10.3557,0.0800,30.5615
2026-05-09T13:07:17.422,10.3470,0.0800,30.4903
2026-05-09T13:07:17.436,10.3387,0.0800,30.4223
2026-05-09T13:07:17.451,10.3301,0.0800,30.3520
2026-05-09T13:07:17.465,10.3213,0.0800,30.2808
2026-05-09T13:07:17.481,10.3126,0.0800,30.2099
2026-05-09T13:07:17.496,10.3039,0.0800,30.1396
2026-05-09T13:07:17.510,10.2941,0.0800,30.0602
2026-05-09T13:07:17.526,10.2845,0.0800,29.9824
2026-05-09T13:07:17.542,10.2768,0.0800,29.9203
2026-05-09T13:07:17.558,10.2673,0.0800,29.8436
2026-05-09T13:07:17.575,10.2574,0.0800,29.7633
2026-05-09T13:07:17.591,10.2480,0.0800,29.6873
2026-05-09T13:07:17.607,10.2375,0.0800,29.6025
2026-05-09T13:07:17.623,10.2281,0.0800,29.5266
2026-05-09T13:07:17.640,10.2178,0.0800,29.4436
2026-05-09T13:07:17.656,10.2086,0.0800,29.3689
2026-05-09T13:07:17.670,10.1990,0.0800,29.2909
2026-05-09T13:07:17.685,10.1896,0.0800,29.2148
2026-05-09T13:07:17.700,10.1807,0.0800,29.1430
2026-05-09T13:07:17.715,10.1721,0.0800,29.0730
2026-05-09T13:07:17.730,10.1631,0.0800,29.0001
2026-05-09T13:07:17.745,10.1541,0.0800,28.9270
2026-05-09T13:07:17.763,10.1428,0.0800,28.8358
2026-05-09T13:07:17.780,10.1345,0.0800,28.7690
2026-05-09T13:07:17.798,10.1248,0.0800,28.6905
2026-05-09T13:07:17.815,10.1144,0.0800,28.6071
2026-05-09T13:07:17.833,10.1033,0.0800,28.5185
2026-05-09T13:07:17.848,10.0931,0.0800,28.4369
2026-05-09T13:07:17.865,10.0823,0.0800,28.3511
2026-05-09T13:07:17.879,10.0720,0.0800,28.2777
2026-05-09T13:07:17.894,10.0602,0.0800,28.1967
2026-05-09T13:07:17.909,10.0498,0.0800,28.1276
2026-05-09T13:07:17.924,10.0395,0.0800,28.0561
2026-05-09T13:07:17.940,10.0277,0.0800,27.9842
2026-05-09T13:07:17.957,10.0127,0.0800,27.8960
2026-05-09T13:07:17.975,10.0024,0.0800,27.8387
2026-05-09T13:07:17.991,9.9947,0.0800,27.7922
2026-05-09T13:07:18.007,9.9878,0.0800,27.7510
2026-05-09T13:07:18.024,9.9834,0.0800,27.7242
2026-05-09T13:07:18.040,9.9791,0.0800,27.7086
2026-05-09T13:07:18.056,9.9753,0.0800,27.6983
2026-05-09T13:07:18.072,9.9695,0.0800,27.6840
2026-05-09T13:07:18.087,9.9631,0.0800,27.6698
2026-05-09T13:07:18.102,9.9581,0.0800,27.6536
2026-05-09T13:07:18.116,9.9508,0.0800,27.6408
2026-05-09T13:07:18.132,9.9426,0.0800,27.6277
2026-05-09T13:07:18.148,9.9350,0.0800,27.6165
2026-05-09T13:07:18.166,9.9242,0.0800,27.6013
2026-05-09T13:07:18.183,9.9222,0.0800,27.5900
2026-05-09T13:07:18.200,9.9123,0.0800,27.5774
2026-05-09T13:07:18.216,9.9021,0.0800,27.5652
2026-05-09T13:07:18.231,9.8917,0.0800,27.5531
2026-05-09T13:07:18.247,9.8798,0.0800,27.5401
2026-05-09T13:07:18.263,9.8763,0.0800,27.5292
2026-05-09T13:07:18.280,9.8670,0.0800,27.5199
2026-05-09T13:07:18.298,9.8558,0.0800,27.5090
2026-05-09T13:07:18.316,9.8445,0.0800,27.4985
2026-05-09T13:07:18.334,9.8317,0.0800,27.4872
2026-05-09T13:07:18.351,9.8187,0.0800,27.4762
2026-05-09T13:07:18.369,9.8051,0.0800,27.4652
2026-05-09T13:07:18.385,9.7975,0.0800,27.4532
2026-05-09T13:07:18.401,9.7836,0.0800,27.4432
2026-05-09T13:07:18.418,9.7719,0.0800,27.4351
2026-05-09T13:07:18.435,9.7580,0.0800,27.4259
2026-05-09T13:07:18.454,9.7453,0.0800,27.4178
2026-05-09T13:07:18.472,9.7311,0.0800,27.4093
2026-05-09T13:07:18.490,9.7157,0.0800,27.4006
2026-05-09T13:07:18.509,9.7051,0.0800,27.3893
2026-05-09T13:07:18.527,9.6908,0.0800,27.3821
2026-05-09T13:07:18.542,9.6738,0.0800,27.3740
2026-05-09T13:07:18.557,9.6589,0.0800,27.3674
2026-05-09T13:07:18.573,9.6460,0.0800,27.3620
2026-05-09T13:07:18.590,9.6354,0.0800,27.3579
2026-05-09T13:07:18.607,9.6277,0.0800,27.3513
2026-05-09T13:07:18.625,9.6200,0.0800,27.3479
2026-05-09T13:07:18.644,9.6128,0.0800,27.3448
2026-05-09T13:07:18.662,9.6094,0.0800,27.3422
2026-05-09T13:07:18.680,9.6069,0.0800,27.3403
2026-05-09T13:07:18.697,9.6049,0.0800,27.3388
2026-05-09T13:07:18.713,9.6032,0.0800,27.3375
2026-05-09T13:07:18.728,9.6017,0.0800,27.3364
2026-05-09T13:07:18.743,9.6004,0.0800,27.3354
2026-05-09T13:07:18.759,9.5992,0.0800,27.3345
2026-05-09T13:07:18.774,9.5977,0.0800,27.3333
2026-05-09T13:07:18.790,9.5965,0.0800,27.3324
2026-05-09T13:07:18.806,9.5954,0.0800,27.3316
2026-05-09T13:07:18.822,9.5939,0.0800,27.3305
2026-05-09T13:07:18.840,9.5897,0.0800,27.3273
2026-05-09T13:07:18.854,9.5841,0.0800,27.3231
2026-05-09T13:07:18.870,9.5729,0.0800,27.3163
2026-05-09T13:07:18.884,9.5615,0.0800,27.3096
2026-05-09T13:07:18.899,9.5373,0.0800,27.2936
2026-05-09T13:07:18.914,9.5146,0.0800,27.2805
2026-05-09T13:07:18.929,9.4866,0.0800,27.2647
2026-05-09T13:07:18.944,9.4494,0.0800,27.2434
2026-05-09T13:07:18.960,9.4079,0.0800,27.2166
2026-05-09T13:07:18.975,9.3607,0.0800,27.1906
2026-05-09T13:07:18.990,9.3041,0.0800,27.1603
2026-05-09T13:07:19.004,9.2553,0.0800,27.1351
2026-05-09T13:07:19.019,9.2051,0.0800,27.1061
2026-05-09T13:07:19.034,9.1506,0.0800,27.0792
2026-05-09T13:07:19.048,9.0923,0.0800,27.0511
2026-05-09T13:07:19.062,9.0392,0.0800,27.0231
2026-05-09T13:07:19.076,8.9849,0.0800,26.9985
2026-05-09T13:07:19.090,8.9198,0.0800,26.9695
2026-05-09T13:07:19.105,8.8685,0.0800,26.9474
2026-05-09T13:07:19.119,8.7916,0.0800,26.9151
2026-05-09T13:07:19.142,8.7410,0.0800,26.8912
2026-05-09T13:07:19.155,8.6835,0.0800,26.8684
2026-05-09T13:07:19.169,8.6219,0.0800,26.8349
2026-05-09T13:07:19.185,8.6209,0.0800,26.8143
2026-05-09T13:07:19.199,8.6208,0.0800,26.7895
2026-05-09T13:07:19.214,8.6198,0.0800,26.7646
2026-05-09T13:07:19.227,8.6190,0.0800,26.7409
2026-05-09T13:07:19.240,8.6183,0.0800,26.7182
2026-05-09T13:07:19.255,8.6184,0.0800,26.6964
2026-05-09T13:07:19.269,8.6177,0.0800,26.6762
2026-05-09T13:07:19.283,8.6171,0.0800,26.6545
2026-05-09T13:07:19.297,8.6177,0.0800,26.6292
2026-05-09T13:07:19.311,8.6177,0.0800,26.6074
2026-05-09T13:07:19.325,8.6177,0.0800,26.5833
2026-05-09T13:07:19.339,8.6177,0.0800,26.5609
2026-05-09T13:07:19.352,8.6177,0.0800,26.5383
2026-05-09T13:07:19.366,8.6177,0.0800,26.5149
2026-05-09T13:07:19.381,8.6184,0.0800,26.4930
2026-05-09T13:07:19.395,8.6193,0.0800,26.4694
2026-05-09T13:07:19.408,8.6202,0.0800,26.4438
2026-05-09T13:07:19.422,8.6212,0.0800,26.4190
2026-05-09T13:07:19.436,8.6212,0.0800,26.3975
2026-05-09T13:07:19.450,8.6211,0.0800,26.3718
2026-05-09T13:07:19.463,8.6174,0.0800,26.3344
2026-05-09T13:07:19.477,8.6047,0.0800,26.2959
2026-05-09T13:07:19.491,8.5861,0.0800,26.2617
2026-05-09T13:07:19.504,8.5570,0.0800,26.2171
2026-05-09T13:07:19.518,8.5154,0.0800,26.1769
2026-05-09T13:07:19.532,8.4635,0.0800,26.1467
2026-05-09T13:07:19.546,8.4043,0.0800,26.1173
2026-05-09T13:07:19.560,8.3463,0.0800,26.0900
2026-05-09T13:07:19.575,8.2917,0.0800,26.0617
2026-05-09T13:07:19.589,8.2314,0.0800,26.0299
2026-05-09T13:07:19.604,8.1754,0.0800,25.9996
2026-05-09T13:07:19.619,8.1149,0.0800,25.9685
2026-05-09T13:07:19.633,8.0531,0.0800,25.9338
2026-05-09T13:07:19.647,8.0058,0.0800,25.9066
2026-05-09T13:07:19.660,7.9633,0.0800,25.8819
2026-05-09T13:07:19.675,7.9403,0.0800,25.8708
2026-05-09T13:07:19.689,7.9191,0.0800,25.8591
2026-05-09T13:07:19.711,7.9050,0.0800,25.8513
2026-05-09T13:07:19.725,7.9031,0.0800,25.8503
2026-05-09T13:07:19.798,7.9007,0.0800,25.8489
2026-05-09T13:07:19.812,7.8935,0.0800,25.8450
2026-05-09T13:07:19.827,7.8681,0.0800,25.8333
2026-05-09T13:07:19.841,7.8404,0.0800,25.8190
2026-05-09T13:07:19.855,7.8017,0.0800,25.8026
2026-05-09T13:07:19.878,7.7544,0.0800,25.7835
2026-05-09T13:07:19.892,7.7144,0.0800,25.7680
2026-05-09T13:07:19.906,7.6514,0.0800,25.7446
2026-05-09T13:07:19.919,7.6064,0.0800,25.7231
2026-05-09T13:07:19.933,7.5584,0.0800,25.7065
2026-05-09T13:07:19.947,7.5068,0.0800,25.6892
2026-05-09T13:07:19.961,7.4539,0.0800,25.6686
2026-05-09T13:07:19.975,7.4001,0.0800,25.6514
2026-05-09T13:07:19.989,7.3383,0.0800,25.6324
2026-05-09T13:07:20.003,7.2833,0.0800,25.6158
2026-05-09T13:07:20.018,7.2234,0.0800,25.5960
2026-05-09T13:07:20.034,7.1581,0.0800,25.5773
2026-05-09T13:07:20.050,7.0931,0.0800,25.5590
2026-05-09T13:07:20.065,7.0191,0.0800,25.5387
2026-05-09T13:07:20.079,6.9488,0.0800,25.5178
2026-05-09T13:07:20.094,6.8720,0.0800,25.4977
2026-05-09T13:07:20.106,6.8124,0.0800,25.4825
2026-05-09T13:07:20.119,6.7436,0.0800,25.4654
2026-05-09T13:07:20.133,6.6914,0.0800,25.4512
2026-05-09T13:07:20.148,6.6351,0.0800,25.4376
2026-05-09T13:07:20.162,6.5745,0.0800,25.4234
2026-05-09T13:07:20.178,6.5260,0.0800,25.4101
2026-05-09T13:07:20.194,6.4740,0.0800,25.3971
2026-05-09T13:07:20.210,6.4278,0.0800,25.3856
2026-05-09T13:07:20.224,6.3798,0.0800,25.3736
2026-05-09T13:07:20.239,6.3365,0.0800,25.3628
2026-05-09T13:07:20.255,6.3081,0.0800,25.3557
2026-05-09T13:07:20.268,6.2787,0.0800,25.3484
2026-05-09T13:07:20.283,6.2534,0.0800,25.3421
2026-05-09T13:07:20.297,6.2370,0.0800,25.3380
2026-05-09T13:07:20.311,6.2203,0.0800,25.3338
2026-05-09T13:07:20.325,6.2048,0.0800,25.3300
2026-05-09T13:07:20.339,6.1931,0.0800,25.3270
2026-05-09T13:07:20.353,6.1816,0.0800,25.3242
2026-05-09T13:07:20.366,6.1728,0.0800,25.3219
2026-05-09T13:07:20.381,6.1658,0.0800,25.3202
2026-05-09T13:07:20.395,6.1626,0.0800,25.3194
2026-05-09T13:07:20.409,6.1613,0.0800,25.3191
2026-05-09T13:07:20.617,6.1641,0.0800,25.3198
2026-05-09T13:07:20.631,6.1685,0.0800,25.3209
2026-05-09T13:07:20.646,6.1758,0.0800,25.3227
2026-05-09T13:07:20.660,6.1866,0.0800,25.3254
2026-05-09T13:07:20.674,6.2001,0.0800,25.3287
2026-05-09T13:07:20.687,6.2206,0.0800,25.3353
2026-05-09T13:07:20.701,6.2463,0.0800,25.3420
2026-05-09T13:07:20.715,6.2781,0.0800,25.3521
2026-05-09T13:07:20.728,6.3173,0.0800,25.3644
2026-05-09T13:07:20.742,6.3550,0.0800,25.3757
2026-05-09T13:07:20.756,6.3961,0.0800,25.3835
2026-05-09T13:07:20.770,6.4366,0.0800,25.3941
2026-05-09T13:07:20.784,6.4782,0.0800,25.4042
2026-05-09T13:07:20.798,6.5196,0.0800,25.4095
2026-05-09T13:07:20.812,6.5625,0.0800,25.4183
2026-05-09T13:07:20.827,6.6049,0.0800,25.4263
2026-05-09T13:07:20.842,6.6520,0.0800,25.4342
2026-05-09T13:07:20.856,6.6924,0.0800,25.4358
2026-05-09T13:07:20.881,6.7381,0.0800,25.4418
2026-05-09T13:07:20.895,6.7801,0.0800,25.4465
2026-05-09T13:07:20.908,6.8549,0.0800,25.4536
2026-05-09T13:07:20.923,6.8981,0.0800,25.4563
2026-05-09T13:07:20.937,6.9359,0.0800,25.4540
2026-05-09T13:07:20.951,6.9811,0.0800,25.4553
2026-05-09T13:07:20.963,7.0223,0.0800,25.4557
2026-05-09T13:07:20.977,7.0638,0.0800,25.4515
2026-05-09T13:07:20.991,7.1024,0.0800,25.4505
2026-05-09T13:07:21.005,7.1417,0.0800,25.4489
2026-05-09T13:07:21.019,7.1857,0.0800,25.4426
2026-05-09T13:07:21.034,7.2280,0.0800,25.4394
2026-05-09T13:07:21.048,7.2707,0.0800,25.4353
2026-05-09T13:07:21.062,7.3155,0.0800,25.4301
2026-05-09T13:07:21.075,7.3547,0.0800,25.4207
2026-05-09T13:07:21.090,7.3949,0.0800,25.4146
2026-05-09T13:07:21.103,7.4360,0.0800,25.4076
2026-05-09T13:07:21.118,7.4798,0.0800,25.3954
2026-05-09T13:07:21.131,7.5171,0.0800,25.3876
2026-05-09T13:07:21.144,7.5596,0.0800,25.3780
2026-05-09T13:07:21.158,7.6010,0.0800,25.3637
2026-05-09T13:07:21.173,7.6352,0.0800,25.3546
2026-05-09T13:07:21.186,7.6768,0.0800,25.3428
2026-05-09T13:07:21.201,7.7193,0.0800,25.3257
2026-05-09T13:07:21.214,7.7566,0.0800,25.3136
2026-05-09T13:07:21.229,7.7968,0.0800,25.2997
2026-05-09T13:07:21.242,7.8349,0.0800,25.2858
2026-05-09T13:07:21.256,7.8804,0.0800,25.2644
2026-05-09T13:07:21.269,7.9106,0.0800,25.2520
2026-05-09T13:07:21.283,7.9493,0.0800,25.2356
2026-05-09T13:07:21.297,7.9829,0.0800,25.2163
2026-05-09T13:07:21.311,8.0209,0.0800,25.1986
2026-05-09T13:07:21.324,8.0603,0.0800,25.1795
2026-05-09T13:07:21.338,8.0937,0.0800,25.1578
2026-05-09T13:07:21.353,8.1299,0.0800,25.1386
2026-05-09T13:07:21.366,8.1672,0.0800,25.1179
2026-05-09T13:07:21.380,8.2034,0.0800,25.0923
2026-05-09T13:07:21.394,8.2363,0.0800,25.0725
2026-05-09T13:07:21.408,8.2721,0.0800,25.0500
2026-05-09T13:07:21.422,8.3089,0.0800,25.0259
2026-05-09T13:07:21.436,8.3412,0.0800,24.9990
2026-05-09T13:07:21.450,8.3729,0.0800,24.9766
2026-05-09T13:07:21.463,8.4073,0.0800,24.9514
2026-05-09T13:07:21.478,8.4394,0.0800,24.9220
2026-05-09T13:07:21.491,8.4709,0.0800,24.8970
2026-05-09T13:07:21.505,8.5042,0.0800,24.8698
2026-05-09T13:07:21.520,8.5325,0.0800,24.8404
2026-05-09T13:07:21.533,8.5647,0.0800,24.8120
2026-05-09T13:07:21.547,8.5955,0.0800,24.7838
2026-05-09T13:07:21.562,8.6237,0.0800,24.7516
2026-05-09T13:07:21.575,8.6524,0.0800,24.7234
2026-05-09T13:07:21.588,8.6854,0.0800,24.6897
2026-05-09T13:07:21.603,8.7090,0.0800,24.6647
2026-05-09T13:07:21.617,8.7349,0.0800,24.6316
2026-05-09T13:07:21.631,8.7636,0.0800,24.5991
2026-05-09T13:07:21.644,8.7903,0.0800,24.5675
2026-05-09T13:07:21.658,8.8143,0.0800,24.5322
2026-05-09T13:07:21.672,8.8397,0.0800,24.4999
2026-05-09T13:07:21.687,8.8639,0.0800,24.4679
2026-05-09T13:07:21.701,8.8878,0.0800,24.4289
2026-05-09T13:07:21.715,8.9108,0.0800,24.3961
2026-05-09T13:07:21.728,8.9356,0.0800,24.3592
2026-05-09T13:07:21.742,8.9571,0.0800,24.3258
2026-05-09T13:07:21.756,8.9768,0.0800,24.2871
2026-05-09T13:07:21.771,8.9964,0.0800,24.2539
2026-05-09T13:07:21.784,9.0174,0.0800,24.2170
2026-05-09T13:07:21.799,9.0354,0.0800,24.1756
2026-05-09T13:07:21.812,9.0535,0.0800,24.1407
2026-05-09T13:07:21.825,9.0735,0.0800,24.1271
2026-05-09T13:07:21.840,9.0866,0.0800,24.1267
2026-05-09T13:07:21.854,9.1021,0.0800,24.1277
2026-05-09T13:07:21.868,9.1191,0.0800,24.1283
2026-05-09T13:07:21.882,9.1353,0.0800,24.1288
2026-05-09T13:07:21.896,9.1472,0.0800,24.1287
2026-05-09T13:07:21.910,9.1606,0.0800,24.1293
2026-05-09T13:07:21.923,9.1741,0.0800,24.1297
2026-05-09T13:07:21.938,9.1830,0.0800,24.1296
2026-05-09T13:07:21.952,9.1943,0.0800,24.1302
2026-05-09T13:07:21.965,9.2069,0.0800,24.1308
2026-05-09T13:07:21.979,9.2117,0.0800,24.1303
2026-05-09T13:07:21.993,9.2198,0.0800,24.1308
2026-05-09T13:07:22.007,9.2277,0.0800,24.1311
2026-05-09T13:07:22.022,9.2312,0.0800,24.1311
2026-05-09T13:07:22.035,9.2382,0.0800,24.1316
2026-05-09T13:07:22.049,9.2425,0.0800,24.1314
2026-05-09T13:07:22.062,9.2469,0.0800,24.1314
2026-05-09T13:07:22.077,9.2464,0.0800,24.1416
2026-05-09T13:07:22.091,9.2499,0.0800,24.1583
2026-05-09T13:07:22.104,9.2541,0.0800,24.1832
2026-05-09T13:07:22.118,9.2546,0.0800,24.2152
2026-05-09T13:07:22.132,9.2600,0.0800,24.2552
2026-05-09T13:07:22.146,9.2662,0.0800,24.2994
2026-05-09T13:07:22.160,9.2698,0.0800,24.3476
2026-05-09T13:07:22.174,9.2777,0.0800,24.3996
2026-05-09T13:07:22.187,9.2865,0.0800,24.4551
2026-05-09T13:07:22.202,9.2930,0.0800,24.5110
2026-05-09T13:07:22.216,9.3030,0.0800,24.5681
2026-05-09T13:07:22.230,9.3150,0.0800,24.6353
2026-05-09T13:07:22.243,9.3261,0.0800,24.6958
2026-05-09T13:07:22.257,9.3362,0.0800,24.7603
2026-05-09T13:07:22.272,9.3481,0.0800,24.8227
2026-05-09T13:07:22.285,9.3603,0.0800,24.8844
2026-05-09T13:07:22.299,9.3747,0.0800,24.9615
2026-05-09T13:07:22.314,9.3863,0.0800,25.0165
2026-05-09T13:07:22.327,9.4016,0.0800,25.0866
2026-05-09T13:07:22.341,9.4147,0.0800,25.1520
2026-05-09T13:07:22.355,9.4293,0.0800,25.2154
2026-05-09T13:07:22.369,9.4458,0.0800,25.2857
2026-05-09T13:07:22.383,9.4603,0.0800,25.3457
2026-05-09T13:07:22.396,9.4760,0.0800,25.4133
2026-05-09T13:07:22.411,9.4925,0.0800,25.4788
2026-05-09T13:07:22.425,9.5101,0.0800,25.5469
2026-05-09T13:07:22.439,9.5261,0.0800,25.6122
2026-05-09T13:07:22.453,9.5442,0.0800,25.6800
2026-05-09T13:07:22.465,9.5624,0.0800,25.7472
2026-05-09T13:07:22.481,9.5785,0.0800,25.8132
2026-05-09T13:07:22.493,9.5934,0.0800,25.8707
2026-05-09T13:07:22.508,9.6126,0.0800,25.9452
2026-05-09T13:07:22.522,9.6282,0.0800,26.0057
2026-05-09T13:07:22.536,9.6461,0.0800,26.0750
2026-05-09T13:07:22.550,9.6635,0.0800,26.1425
2026-05-09T13:07:22.563,9.6815,0.0800,26.2124
2026-05-09T13:07:22.577,9.6983,0.0800,26.2779
2026-05-09T13:07:22.592,9.7155,0.0800,26.3452
2026-05-09T13:07:22.604,9.7328,0.0800,26.4128
2026-05-09T13:07:22.620,9.7507,0.0800,26.4826
2026-05-09T13:07:22.633,9.7656,0.0800,26.5407
2026-05-09T13:07:22.647,9.7838,0.0800,26.6173
2026-05-09T13:07:22.660,9.7982,0.0800,26.6756
2026-05-09T13:07:22.674,9.8125,0.0800,26.7416
2026-05-09T13:07:22.688,9.8246,0.0800,26.8004
2026-05-09T13:07:22.703,9.8377,0.0800,26.8668
2026-05-09T13:07:22.716,9.8507,0.0800,26.9254
2026-05-09T13:07:22.730,9.8631,0.0800,26.9942
2026-05-09T13:07:22.744,9.8726,0.0800,27.0503
2026-05-09T13:07:22.759,9.8847,0.0800,27.1146
2026-05-09T13:07:22.771,9.8935,0.0800,27.1733
2026-05-09T13:07:22.787,9.9029,0.0800,27.2410
2026-05-09T13:07:22.800,9.9125,0.0800,27.2990
2026-05-09T13:07:22.815,9.9199,0.0800,27.3633
2026-05-09T13:07:22.828,9.9256,0.0800,27.4191
2026-05-09T13:07:22.842,9.9315,0.0800,27.4832
2026-05-09T13:07:22.855,9.9383,0.0800,27.5375
2026-05-09T13:07:22.871,9.9426,0.0800,27.5989
2026-05-09T13:07:22.883,9.9458,0.0800,27.6563
2026-05-09T13:07:22.899,9.9514,0.0800,27.7255
2026-05-09T13:07:22.912,9.9529,0.0800,27.7745
2026-05-09T13:07:22.926,9.9542,0.0800,27.8387
2026-05-09T13:07:22.938,9.9573,0.0800,27.8922
2026-05-09T13:07:22.953,9.9570,0.0800,27.9520
2026-05-09T13:07:22.965,9.9561,0.0800,28.0000
2026-05-09T13:07:22.980,9.9566,0.0800,28.0655
2026-05-09T13:07:22.993,9.9548,0.0800,28.1167
2026-05-09T13:07:23.007,9.9523,0.0800,28.1832
2026-05-09T13:07:23.021,9.9524,0.0800,28.2301
2026-05-09T13:07:23.036,9.9502,0.0800,28.2720
2026-05-09T13:07:23.049,9.9491,0.0800,28.3116
2026-05-09T13:07:23.063,9.9478,0.0800,28.3560
2026-05-09T13:07:23.077,9.9468,0.0800,28.3915
2026-05-09T13:07:23.090,9.9455,0.0800,28.4367
2026-05-09T13:07:23.104,9.9442,0.0800,28.4848
2026-05-09T13:07:23.117,9.9428,0.0800,28.5343
2026-05-09T13:07:23.133,9.9413,0.0800,28.5877
2026-05-09T13:07:23.147,9.9398,0.0800,28.6408
2026-05-09T13:07:23.160,9.9377,0.0800,28.7136
2026-05-09T13:07:23.174,9.9361,0.0800,28.7711
2026-05-09T13:07:23.187,9.9344,0.0800,28.8308
2026-05-09T13:07:23.201,9.9315,0.0800,28.9328
2026-05-09T13:07:23.215,9.9306,0.0800,28.9646
2026-05-09T13:07:23.235,9.9279,0.0800,29.0582
2026-05-09T13:07:23.251,9.9261,0.0800,29.1216
2026-05-09T13:07:23.267,9.9234,0.0800,29.2151
2026-05-09T13:07:23.283,9.9216,0.0800,29.2755
2026-05-09T13:07:23.299,9.9193,0.0800,29.3551
2026-05-09T13:07:23.321,9.9169,0.0800,29.4363
2026-05-09T13:07:23.335,9.9138,0.0800,29.5412
2026-05-09T13:07:23.350,9.9113,0.0800,29.6227
2026-05-09T13:07:23.363,9.9093,0.0800,29.6909
2026-05-09T13:07:23.377,9.9072,0.0800,29.7599
2026-05-09T13:07:23.390,9.9051,0.0800,29.8269
2026-05-09T13:07:23.405,9.9031,0.0800,29.8936
2026-05-09T13:07:23.421,9.9011,0.0800,29.9599
2026-05-09T13:07:23.438,9.8987,0.0800,30.0366
2026-05-09T13:07:23.453,9.8964,0.0800,30.1120
2026-05-09T13:07:23.468,9.8938,0.0800,30.1977
2026-05-09T13:07:23.483,9.8916,0.0800,30.2700
2026-05-09T13:07:23.498,9.8892,0.0800,30.3472
2026-05-09T13:07:23.513,9.8872,0.0800,30.4141
2026-05-09T13:07:23.527,9.8849,0.0800,30.4907
2026-05-09T13:07:23.541,9.8826,0.0800,30.5673
2026-05-09T13:07:23.556,9.8807,0.0800,30.6310
2026-05-09T13:07:23.571,9.8786,0.0800,30.7020
2026-05-09T13:07:23.586,9.8765,0.0800,30.7743
2026-05-09T13:07:23.601,9.8743,0.0800,30.8472
2026-05-09T13:07:23.615,9.8721,0.0800,30.9210
2026-05-09T13:07:23.629,9.8699,0.0800,30.9940
2026-05-09T13:07:23.643,9.8680,0.0800,31.0577
2026-05-09T13:07:23.657,9.8659,0.0800,31.1280
2026-05-09T13:07:23.673,9.8640,0.0800,31.1946
2026-05-09T13:07:23.690,9.8619,0.0800,31.2652
2026-05-09T13:07:23.708,9.8595,0.0800,31.3474
2026-05-09T13:07:23.725,9.8571,0.0800,31.4326
2026-05-09T13:07:23.739,9.8547,0.0800,31.5213
2026-05-09T13:07:23.753,9.8524,0.0800,31.6038
2026-05-09T13:07:23.767,9.8505,0.0800,31.6740
2026-05-09T13:07:23.782,9.8486,0.0800,31.7440
2026-05-09T13:07:23.797,9.8467,0.0800,31.8147
2026-05-09T13:07:23.812,9.8445,0.0800,31.8940
2026-05-09T13:07:23.826,9.8427,0.0800,31.9645
2026-05-09T13:07:23.843,9.8408,0.0800,32.0337
2026-05-09T13:07:23.858,9.8389,0.0800,32.1076
2026-05-09T13:07:23.873,9.8359,0.0800,32.2201
2026-05-09T13:07:23.887,9.8347,0.0800,32.2669
2026-05-09T13:07:23.901,9.8325,0.0800,32.3473
2026-05-09T13:07:23.915,9.8307,0.0800,32.4158
2026-05-09T13:07:23.932,9.8289,0.0800,32.4842
2026-05-09T13:07:23.949,9.8270,0.0800,32.5579
2026-05-09T13:07:23.967,9.8248,0.0800,32.6375
2026-05-09T13:07:23.982,9.8227,0.0800,32.7178
2026-05-09T13:07:23.998,9.8199,0.0800,32.8170
2026-05-09T13:07:24.013,9.8180,0.0800,32.8899
2026-05-09T13:07:24.028,9.8157,0.0800,32.9743
2026-05-09T13:07:24.043,9.8138,0.0800,33.0448
2026-05-09T13:07:24.058,9.8118,0.0800,33.1202
2026-05-09T13:07:24.073,9.8098,0.0800,33.1935
2026-05-09T13:07:24.089,9.8080,0.0800,33.2634
2026-05-09T13:07:24.106,9.8060,0.0800,33.3446
2026-05-09T13:07:24.121,9.8041,0.0800,33.4206
2026-05-09T13:07:24.136,9.8020,0.0800,33.5068
2026-05-09T13:07:24.150,9.8001,0.0800,33.5856
2026-05-09T13:07:24.165,9.7984,0.0800,33.6569
2026-05-09T13:07:24.181,9.7967,0.0800,33.7266
2026-05-09T13:07:24.197,9.7949,0.0800,33.8037
2026-05-09T13:07:24.213,9.7930,0.0800,33.8835
2026-05-09T13:07:24.229,9.7910,0.0800,33.9649
2026-05-09T13:07:24.244,9.7892,0.0800,34.0402
2026-05-09T13:07:24.258,9.7872,0.0800,34.1227
2026-05-09T13:07:24.272,9.7855,0.0800,34.1936
2026-05-09T13:07:24.287,9.7834,0.0800,34.2794
2026-05-09T13:07:24.302,9.7817,0.0800,34.3487
2026-05-09T13:07:24.316,9.7801,0.0800,34.4154
2026-05-09T13:07:24.332,9.7784,0.0800,34.4882
2026-05-09T13:07:24.348,9.7767,0.0800,34.5575
2026-05-09T13:07:24.364,9.7748,0.0800,34.6403
2026-05-09T13:07:24.379,9.7730,0.0800,34.7180
2026-05-09T13:07:24.395,9.7711,0.0800,34.7979
2026-05-09T13:07:24.409,9.7694,0.0800,34.8691
2026-05-09T13:07:24.423,9.7676,0.0800,34.9470
2026-05-09T13:07:24.439,9.7659,0.0800,35.0196
2026-05-09T13:07:24.455,9.7643,0.0800,35.0909
2026-05-09T13:07:24.469,9.7624,0.0800,35.1746
2026-05-09T13:07:24.482,9.7607,0.0800,35.2488
2026-05-09T13:07:24.498,9.7590,0.0800,35.3239
2026-05-09T13:07:24.512,9.7576,0.0800,35.3875
2026-05-09T13:07:24.527,9.7558,0.0800,35.4654
2026-05-09T13:07:24.542,9.7543,0.0800,35.5352
2026-05-09T13:07:24.556,9.7525,0.0800,35.6125
2026-05-09T13:07:24.570,9.7508,0.0800,35.6876
2026-05-09T13:07:24.584,9.7492,0.0800,35.7567
2026-05-09T13:07:24.599,9.7474,0.0800,35.8315
2026-05-09T13:07:24.613,9.7459,0.0800,35.8964
2026-05-09T13:07:24.627,9.7441,0.0800,35.9715
2026-05-09T13:07:24.643,9.7425,0.0800,36.0378
2026-05-09T13:07:24.657,9.7408,0.0800,36.1107
2026-05-09T13:07:24.672,9.7390,0.0800,36.1866
2026-05-09T13:07:24.687,9.7372,0.0800,36.2602
2026-05-09T13:07:24.703,9.7355,0.0800,36.3342
2026-05-09T13:07:24.719,9.7337,0.0800,36.4101
2026-05-09T13:07:24.735,9.7317,0.0800,36.5010
2026-05-09T13:07:24.750,9.7301,0.0800,36.5673
2026-05-09T13:07:24.766,9.7283,0.0800,36.6484
2026-05-09T13:07:24.781,9.7268,0.0800,36.7155
2026-05-09T13:07:24.795,9.7251,0.0800,36.7918
2026-05-09T13:07:24.809,9.7237,0.0800,36.8582
2026-05-09T13:07:24.822,9.7222,0.0800,36.9282
2026-05-09T13:07:24.836,9.7208,0.0800,36.9903
2026-05-09T13:07:24.852,9.7195,0.0800,37.0525
2026-05-09T13:07:24.868,9.7181,0.0800,37.1198
2026-05-09T13:07:24.883,9.7168,0.0800,37.1863
2026-05-09T13:07:24.897,9.7152,0.0800,37.2593
2026-05-09T13:07:24.911,9.7139,0.0800,37.3248
2026-05-09T13:07:24.925,9.7125,0.0800,37.3895
2026-05-09T13:07:24.939,9.7113,0.0800,37.4495
2026-05-09T13:07:24.953,9.7098,0.0800,37.5211
2026-05-09T13:07:24.967,9.7085,0.0800,37.5849
2026-05-09T13:07:24.981,9.7072,0.0800,37.6448
2026-05-09T13:07:24.996,9.7059,0.0800,37.7061
2026-05-09T13:07:25.010,9.7047,0.0800,37.7641
2026-05-09T13:07:25.023,9.7033,0.0800,37.8274
2026-05-09T13:07:25.037,9.7022,0.0800,37.8832
2026-05-09T13:07:25.060,9.7009,0.0800,37.9432
2026-05-09T13:07:25.073,9.6996,0.0800,38.0032
2026-05-09T13:07:25.088,9.6977,0.0800,38.0930
2026-05-09T13:07:25.101,9.6965,0.0800,38.1498
2026-05-09T13:07:25.116,9.6951,0.0800,38.2151
2026-05-09T13:07:25.130,9.6940,0.0800,38.2685
2026-05-09T13:07:25.146,9.6926,0.0800,38.3340
2026-05-09T13:07:25.159,9.6914,0.0800,38.3916
2026-05-09T13:07:25.173,9.6901,0.0800,38.4553
2026-05-09T13:07:25.186,9.6888,0.0800,38.5168
2026-05-09T13:07:25.201,9.6876,0.0800,38.5736
2026-05-09T13:07:25.216,9.6865,0.0800,38.6273
2026-05-09T13:07:25.229,9.6851,0.0800,38.6940
2026-05-09T13:07:25.242,9.6838,0.0800,38.7574
2026-05-09T13:07:25.258,9.6826,0.0800,38.8144
2026-05-09T13:07:25.271,9.6815,0.0800,38.8652
2026-05-09T13:07:25.284,9.6799,0.0800,38.9372
2026-05-09T13:07:25.298,9.6787,0.0800,38.9979
2026-05-09T13:07:25.313,9.6776,0.0800,39.0466
2026-05-09T13:07:25.326,9.6764,0.0800,39.1055
2026-05-09T13:07:25.341,9.6750,0.0800,39.1698
2026-05-09T13:07:25.355,9.6738,0.0800,39.2277
2026-05-09T13:07:25.367,9.6726,0.0800,39.2867
2026-05-09T13:07:25.381,9.6713,0.0800,39.3488
2026-05-09T13:07:25.396,9.6702,0.0800,39.4000
2026-05-09T13:07:25.409,9.6690,0.0800,39.4578
2026-05-09T13:07:25.424,9.6675,0.0800,39.5268
2026-05-09T13:07:25.438,9.6664,0.0800,39.5774
2026-05-09T13:07:25.452,9.6646,0.0800,39.6577
2026-05-09T13:07:25.467,9.6636,0.0800,39.7055
2026-05-09T13:07:25.481,9.6621,0.0800,39.7738
2026-05-09T13:07:25.497,9.6608,0.0800,39.8335
2026-05-09T13:07:25.512,9.6596,0.0800,39.8913
2026-05-09T13:07:25.534,9.6581,0.0800,39.9576
2026-05-09T13:07:25.547,9.6568,0.0800,40.0151
2026-05-09T13:07:25.563,9.6548,0.0800,40.1051
2026-05-09T13:07:25.577,9.6536,0.0800,40.1601
2026-05-09T13:07:25.590,9.6519,0.0800,40.2344
2026-05-09T13:07:25.605,9.6507,0.0800,40.2857
2026-05-09T13:07:25.618,9.6490,0.0800,40.3589
2026-05-09T13:07:25.633,9.6480,0.0800,40.4023
2026-05-09T13:07:25.654,9.6464,0.0800,40.4710
2026-05-09T13:07:25.668,9.6450,0.0800,40.5327
2026-05-09T13:07:25.681,9.6433,0.0800,40.6024
2026-05-09T13:07:25.698,9.6421,0.0800,40.6567
2026-05-09T13:07:25.712,9.6408,0.0800,40.7102
2026-05-09T13:07:25.726,9.6391,0.0800,40.7836
2026-05-09T13:07:25.740,9.6379,0.0800,40.8333
2026-05-09T13:07:25.754,9.6366,0.0800,40.8872
2026-05-09T13:07:25.770,9.6343,0.0800,40.9422
2026-05-09T13:07:25.785,9.6317,0.0800,40.9951
2026-05-09T13:07:25.801,9.6296,0.0800,41.0539
2026-05-09T13:07:25.817,9.6261,0.0800,41.1111
2026-05-09T13:07:25.833,9.6219,0.0800,41.1760
2026-05-09T13:07:25.848,9.6180,0.0800,41.2301
2026-05-09T13:07:25.862,9.6145,0.0800,41.2890
2026-05-09T13:07:25.876,9.6103,0.0800,41.3385
2026-05-09T13:07:25.890,9.6051,0.0800,41.3954
2026-05-09T13:07:25.903,9.6003,0.0800,41.4441
2026-05-09T13:07:25.919,9.5965,0.0800,41.4915
2026-05-09T13:07:25.935,9.5911,0.0800,41.5398
2026-05-09T13:07:25.951,9.5846,0.0800,41.5937
2026-05-09T13:07:25.966,9.5773,0.0800,41.6511
2026-05-09T13:07:25.981,9.5708,0.0800,41.7108
2026-05-09T13:07:25.996,9.5630,0.0800,41.7652
2026-05-09T13:07:26.010,9.5517,0.0800,41.8391
2026-05-09T13:07:26.023,9.5398,0.0800,41.9124
2026-05-09T13:07:26.039,9.5329,0.0800,41.9647
2026-05-09T13:07:26.054,9.5217,0.0800,42.0260
2026-05-09T13:07:26.069,9.5092,0.0800,42.0913
2026-05-09T13:07:26.085,9.4961,0.0800,42.1558
2026-05-09T13:07:26.105,9.4838,0.0800,42.2233
2026-05-09T13:07:26.126,9.4677,0.0800,42.2941
2026-05-09T13:07:26.144,9.4471,0.0800,42.3801
2026-05-09T13:07:26.160,9.4243,0.0800,42.4689
2026-05-09T13:07:26.174,9.4047,0.0800,42.5408
2026-05-09T13:07:26.188,9.3792,0.0800,42.6295
2026-05-09T13:07:26.203,9.3630,0.0800,42.6824
2026-05-09T13:07:26.219,9.3468,0.0800,42.7405
2026-05-09T13:07:26.238,9.3273,0.0800,42.7997
2026-05-09T13:07:26.256,9.3081,0.0800,42.8559
2026-05-09T13:07:26.275,9.2814,0.0800,42.9312
2026-05-09T13:07:26.293,9.2558,0.0800,42.9996
2026-05-09T13:07:26.308,9.2260,0.0800,43.0752
2026-05-09T13:07:26.322,9.1974,0.0800,43.1444
2026-05-09T13:07:26.337,9.1776,0.0800,43.1986
2026-05-09T13:07:26.353,9.1548,0.0800,43.2495
2026-05-09T13:07:26.370,9.1274,0.0800,43.3085
2026-05-09T13:07:26.388,9.1020,0.0800,43.3683
2026-05-09T13:07:26.404,9.0710,0.0800,43.4305
2026-05-09T13:07:26.419,9.0376,0.0800,43.4950
2026-05-09T13:07:26.433,9.0055,0.0800,43.5547
2026-05-09T13:07:26.448,8.9783,0.0800,43.6034
2026-05-09T13:07:26.464,8.9500,0.0800,43.6577
2026-05-09T13:07:26.481,8.9201,0.0800,43.7081
2026-05-09T13:07:26.497,8.8856,0.0800,43.7643
2026-05-09T13:07:26.514,8.8503,0.0800,43.8199
2026-05-09T13:07:26.531,8.8110,0.0800,43.8797
2026-05-09T13:07:26.546,8.7755,0.0800,43.9317
2026-05-09T13:07:26.562,8.7351,0.0800,43.9945
2026-05-09T13:07:26.578,8.7029,0.0800,44.0388
2026-05-09T13:07:26.594,8.6652,0.0800,44.0891
2026-05-09T13:07:26.611,8.6260,0.0800,44.1397
2026-05-09T13:07:26.627,8.5847,0.0800,44.1915
2026-05-09T13:07:26.646,8.5462,0.0800,44.2435
2026-05-09T13:07:26.663,8.5029,0.0800,44.2944
2026-05-09T13:07:26.681,8.4553,0.0800,44.3485
2026-05-09T13:07:26.696,8.4054,0.0800,44.4033
2026-05-09T13:07:26.712,8.3605,0.0800,44.4508
2026-05-09T13:07:26.728,8.3162,0.0800,44.4963
2026-05-09T13:07:26.744,8.2758,0.0800,44.5410
2026-05-09T13:07:26.762,8.2309,0.0800,44.5846
2026-05-09T13:07:26.780,8.1836,0.0800,44.6289
2026-05-09T13:07:26.798,8.1290,0.0800,44.6786
2026-05-09T13:07:26.814,8.0776,0.0800,44.7238
2026-05-09T13:07:26.829,8.0177,0.0800,44.7747
2026-05-09T13:07:26.846,7.9763,0.0800,44.8138
2026-05-09T13:07:26.864,7.9233,0.0800,44.8559
2026-05-09T13:07:26.883,7.8739,0.0800,44.8939
2026-05-09T13:07:26.901,7.8181,0.0800,44.9356
2026-05-09T13:07:26.918,7.7592,0.0800,44.9779
2026-05-09T13:07:26.934,7.6984,0.0800,45.0201
2026-05-09T13:07:26.949,7.6443,0.0800,45.0562
2026-05-09T13:07:26.965,7.5926,0.0800,45.0934
2026-05-09T13:07:26.983,7.5422,0.0800,45.1249
2026-05-09T13:07:27.000,7.4847,0.0800,45.1595
2026-05-09T13:07:27.017,7.4255,0.0800,45.1938
2026-05-09T13:07:27.034,7.3660,0.0800,45.2271
2026-05-09T13:07:27.051,7.3068,0.0800,45.2588
2026-05-09T13:07:27.067,7.2467,0.0800,45.2898
2026-05-09T13:07:27.084,7.1887,0.0800,45.3224
2026-05-09T13:07:27.102,7.1300,0.0800,45.3503
2026-05-09T13:07:27.121,7.0692,0.0800,45.3781
2026-05-09T13:07:27.140,7.0046,0.0800,45.4064
2026-05-09T13:07:27.158,6.9331,0.0800,45.4362
2026-05-09T13:07:27.174,6.8642,0.0800,45.4634
2026-05-09T13:07:27.190,6.8015,0.0800,45.4869
2026-05-09T13:07:27.207,6.7408,0.0800,45.5122
2026-05-09T13:07:27.225,6.6759,0.0800,45.5342
2026-05-09T13:07:27.244,6.6131,0.0800,45.5543
2026-05-09T13:07:27.263,6.5511,0.0800,45.5731
2026-05-09T13:07:27.280,6.4757,0.0800,45.5946
2026-05-09T13:07:27.297,6.4002,0.0800,45.6146
2026-05-09T13:07:27.313,6.3405,0.0800,45.6292
2026-05-09T13:07:27.329,6.2724,0.0800,45.6448
2026-05-09T13:07:27.348,6.2113,0.0800,45.6614
2026-05-09T13:07:27.366,6.1461,0.0800,45.6742
2026-05-09T13:07:27.385,6.0764,0.0800,45.6867
2026-05-09T13:07:27.403,6.0030,0.0800,45.6987
2026-05-09T13:07:27.420,5.9336,0.0800,45.7087
2026-05-09T13:07:27.436,5.8564,0.0800,45.7184
2026-05-09T13:07:27.451,5.7969,0.0800,45.7249
2026-05-09T13:07:27.466,5.7307,0.0800,45.7311
2026-05-09T13:07:27.485,5.6731,0.0800,45.7390
2026-05-09T13:07:27.502,5.6001,0.0800,45.7436
2026-05-09T13:07:27.517,5.5400,0.0800,45.7464
2026-05-09T13:07:27.531,5.4708,0.0800,45.7486
2026-05-09T13:07:27.545,5.4125,0.0800,45.7495
2026-05-09T13:07:27.559,5.3474,0.0800,45.7526
2026-05-09T13:07:27.574,5.3046,0.0800,45.7520
2026-05-09T13:07:27.591,5.2484,0.0800,45.7507
2026-05-09T13:07:27.607,5.1871,0.0800,45.7485
2026-05-09T13:07:27.625,5.1155,0.0800,45.7483
2026-05-09T13:07:27.642,5.0446,0.0800,45.7441
2026-05-09T13:07:27.656,4.9734,0.0800,45.7390
2026-05-09T13:07:27.670,4.9027,0.0800,45.7332
2026-05-09T13:07:27.685,4.8447,0.0800,45.7276
2026-05-09T13:07:27.699,4.7808,0.0800,45.7232
2026-05-09T13:07:27.713,4.7150,0.0800,45.7159
2026-05-09T13:07:27.726,4.6494,0.0800,45.7081
2026-05-09T13:07:27.741,4.5855,0.0800,45.7019
2026-05-09T13:07:27.756,4.5278,0.0800,45.6941
2026-05-09T13:07:27.770,4.4609,0.0800,45.6847
2026-05-09T13:07:27.783,4.3913,0.0800,45.6747
2026-05-09T13:07:27.797,4.3205,0.0800,45.6658
2026-05-09T13:07:27.811,4.2591,0.0800,45.6575
2026-05-09T13:07:27.825,4.1862,0.0800,45.6476
2026-05-09T13:07:27.838,4.1204,0.0800,45.6387
2026-05-09T13:07:27.852,4.0526,0.0800,45.6294
2026-05-09T13:07:27.866,3.9798,0.0800,45.6196
2026-05-09T13:07:27.881,3.9151,0.0800,45.6108
2026-05-09T13:07:27.895,3.8505,0.0800,45.6021
2026-05-09T13:07:27.909,3.7776,0.0800,45.5922
2026-05-09T13:07:27.922,3.7059,0.0800,45.5826
2026-05-09T13:07:27.936,3.6363,0.0800,45.5732
2026-05-09T13:07:27.951,3.5767,0.0800,45.5652
2026-05-09T13:07:27.964,3.5039,0.0800,45.5554
2026-05-09T13:07:27.978,3.4359,0.0800,45.5463
2026-05-09T13:07:27.992,3.3683,0.0800,45.5373
2026-05-09T13:07:28.005,3.3026,0.0800,45.5285
2026-05-09T13:07:28.020,3.2339,0.0800,45.5193
2026-05-09T13:07:28.034,3.1633,0.0800,45.5098
2026-05-09T13:07:28.047,3.0955,0.0800,45.5007
2026-05-09T13:07:28.061,3.0282,0.0800,45.4917
2026-05-09T13:07:28.075,2.9652,0.0800,45.4832
2026-05-09T13:07:28.089,2.8941,0.0800,45.4737
2026-05-09T13:07:28.103,2.8261,0.0800,45.4646
2026-05-09T13:07:28.117,2.7583,0.0800,45.4555
2026-05-09T13:07:28.131,2.6887,0.0800,45.4462
2026-05-09T13:07:28.145,2.6199,0.0800,45.4369
2026-05-09T13:07:28.159,2.5523,0.0800,45.4279
2026-05-09T13:07:28.172,2.4873,0.0800,45.4192
2026-05-09T13:07:28.187,2.4138,0.0800,45.4094
2026-05-09T13:07:28.200,2.3475,0.0800,45.4005
2026-05-09T13:07:28.215,2.2815,0.0800,45.3917
2026-05-09T13:07:28.228,2.2115,0.0800,45.3823
2026-05-09T13:07:28.243,2.1443,0.0800,45.3734
2026-05-09T13:07:28.256,2.0802,0.0800,45.3648
2026-05-09T13:07:28.270,2.0073,0.0800,45.3551
2026-05-09T13:07:28.284,1.9385,0.0800,45.3459
2026-05-09T13:07:28.298,1.8681,0.0800,45.3366
2026-05-09T13:07:28.312,1.8024,0.0800,45.3278
2026-05-09T13:07:28.325,1.7321,0.0800,45.3184
2026-05-09T13:07:28.340,1.6651,0.0800,45.3095
2026-05-09T13:07:28.354,1.5994,0.0800,45.3008
2026-05-09T13:07:28.368,1.5206,0.0800,45.2904
2026-05-09T13:07:28.382,1.4546,0.0800,45.2816
2026-05-09T13:07:28.396,1.3897,0.0800,45.2730
2026-05-09T13:07:28.410,1.3296,0.0800,45.2651
2026-05-09T13:07:28.423,1.2652,0.0800,45.2567
2026-05-09T13:07:28.437,1.2052,0.0800,45.2488
2026-05-09T13:07:28.452,1.1496,0.0800,45.2406
2026-05-09T13:07:28.465,1.0895,0.0800,45.2314
2026-05-09T13:07:28.479,1.0309,0.0800,45.2231
2026-05-09T13:07:28.493,0.9787,0.0800,45.2143
2026-05-09T13:07:28.507,0.9272,0.0800,45.2054
2026-05-09T13:07:28.522,0.8695,0.0800,45.1962
2026-05-09T13:07:28.536,0.8110,0.0800,45.1854
2026-05-09T13:07:28.550,0.7554,0.0800,45.1747
2026-05-09T13:07:28.563,0.6985,0.0800,45.1635
2026-05-09T13:07:28.578,0.6437,0.0800,45.1536
2026-05-09T13:07:28.591,0.5945,0.0800,45.1433
2026-05-09T13:07:28.605,0.5353,0.0800,45.1306
2026-05-09T13:07:28.619,0.4833,0.0800,45.1205
2026-05-09T13:07:28.634,0.4290,0.0800,45.1082
2026-05-09T13:07:28.647,0.3762,0.0800,45.0959
2026-05-09T13:07:28.661,0.3175,0.0800,45.0819
2026-05-09T13:07:28.675,0.2679,0.0800,45.0711
2026-05-09T13:07:28.689,0.2110,0.0800,45.0569
2026-05-09T13:07:28.702,0.1603,0.0800,45.0439
2026-05-09T13:07:28.718,0.1042,0.0800,45.0303
2026-05-09T13:07:28.731,0.0546,0.0800,45.0170
2026-05-09T13:07:28.745,-0.0031,0.0800,45.0012
2026-05-09T13:07:28.758,-0.0546,0.0800,44.9881
2026-05-09T13:07:28.773,-0.1089,0.0800,44.9725
2026-05-09T13:07:28.785,-0.1552,0.0800,44.9590
2026-05-09T13:07:28.802,-0.2164,0.0800,44.9418
2026-05-09T13:07:28.814,-0.2614,0.0800,44.9281
2026-05-09T13:07:28.830,-0.3265,0.0800,44.9079
2026-05-09T13:07:28.842,-0.3679,0.0800,44.8947
2026-05-09T13:07:28.857,-0.4281,0.0800,44.8762
2026-05-09T13:07:28.870,-0.4737,0.0800,44.8612
2026-05-09T13:07:28.885,-0.5335,0.0800,44.8410
2026-05-09T13:07:28.898,-0.5815,0.0800,44.8261
2026-05-09T13:07:28.913,-0.6334,0.0800,44.8079
2026-05-09T13:07:28.925,-0.6815,0.0800,44.7908
2026-05-09T13:07:28.942,-0.7260,0.0800,44.7770
2026-05-09T13:07:28.953,-0.7586,0.0800,44.7660
2026-05-09T13:07:28.967,-0.7930,0.0800,44.7544
2026-05-09T13:07:28.980,-0.8077,0.0800,44.7494
2026-05-09T13:07:28.996,-0.8273,0.0800,44.7428
2026-05-09T13:07:29.007,-0.8419,0.0800,44.7379
2026-05-09T13:07:29.023,-0.8618,0.0800,44.7312
2026-05-09T13:07:29.035,-0.8754,0.0800,44.7266
2026-05-09T13:07:29.050,-0.8927,0.0800,44.7209
2026-05-09T13:07:29.062,-0.9074,0.0800,44.7159
2026-05-09T13:07:29.077,-0.9285,0.0800,44.7088
2026-05-09T13:07:29.091,-0.9455,0.0800,44.7031
2026-05-09T13:07:29.105,-0.9672,0.0800,44.6958
2026-05-09T13:07:29.119,-0.9903,0.0800,44.6891
2026-05-09T13:07:29.134,-1.0196,0.0800,44.6810
2026-05-09T13:07:29.146,-1.0551,0.0800,44.6717
2026-05-09T13:07:29.161,-1.0970,0.0800,44.6613
2026-05-09T13:07:29.175,-1.1300,0.0800,44.6510
2026-05-09T13:07:29.188,-1.1795,0.0800,44.6399
2026-05-09T13:07:29.201,-1.2197,0.0800,44.6316
2026-05-09T13:07:29.215,-1.2598,0.0800,44.6213
2026-05-09T13:07:29.229,-1.3023,0.0800,44.6135
2026-05-09T13:07:29.243,-1.3488,0.0800,44.6054
2026-05-09T13:07:29.259,-1.3979,0.0800,44.5948
2026-05-09T13:07:29.276,-1.4492,0.0800,44.5870
2026-05-09T13:07:29.292,-1.5219,0.0800,44.5768
2026-05-09T13:07:29.306,-1.5846,0.0800,44.5688
2026-05-09T13:07:29.320,-1.6488,0.0800,44.5586
2026-05-09T13:07:29.335,-1.7072,0.0800,44.5527
2026-05-09T13:07:29.349,-1.7671,0.0800,44.5474
2026-05-09T13:07:29.364,-1.8284,0.0800,44.5426
2026-05-09T13:07:29.377,-1.8914,0.0800,44.5358
2026-05-09T13:07:29.391,-1.9526,0.0800,44.5325
2026-05-09T13:07:29.406,-2.0112,0.0800,44.5298
2026-05-09T13:07:29.422,-2.0744,0.0800,44.5249
2026-05-09T13:07:29.438,-2.1448,0.0800,44.5222
2026-05-09T13:07:29.455,-2.2184,0.0800,44.5196
2026-05-09T13:07:29.470,-2.3026,0.0800,44.5172
2026-05-09T13:07:29.484,-2.3794,0.0800,44.5156
2026-05-09T13:07:29.507,-2.4530,0.0800,44.5131
2026-05-09T13:07:29.521,-2.5198,0.0800,44.5124
2026-05-09T13:07:29.536,-2.6301,0.0800,44.5118
2026-05-09T13:07:29.550,-2.6988,0.0800,44.5118
2026-05-09T13:07:29.563,-2.7654,0.0800,44.5112
2026-05-09T13:07:29.577,-2.8284,0.0800,44.5107
2026-05-09T13:07:29.591,-2.8844,0.0800,44.5102
2026-05-09T13:07:29.606,-2.9526,0.0800,44.5096
2026-05-09T13:07:29.621,-3.0209,0.0800,44.5081
2026-05-09T13:07:29.635,-3.0965,0.0800,44.5057
2026-05-09T13:07:29.649,-3.1655,0.0800,44.5028
2026-05-09T13:07:29.663,-3.2328,0.0800,44.4992
2026-05-09T13:07:29.687,-3.2966,0.0800,44.4970
2026-05-09T13:07:29.702,-3.3612,0.0800,44.4924
2026-05-09T13:07:29.715,-3.4687,0.0800,44.4839
2026-05-09T13:07:29.728,-3.5384,0.0800,44.4773
2026-05-09T13:07:29.742,-3.5940,0.0800,44.4716
2026-05-09T13:07:29.756,-3.6586,0.0800,44.4660
2026-05-09T13:07:29.771,-3.7199,0.0800,44.4587
2026-05-09T13:07:29.785,-3.7825,0.0800,44.4507
2026-05-09T13:07:29.799,-3.8530,0.0800,44.4429
2026-05-09T13:07:29.812,-3.9146,0.0800,44.4339
2026-05-09T13:07:29.825,-3.9809,0.0800,44.4237
2026-05-09T13:07:29.839,-4.0404,0.0800,44.4159
2026-05-09T13:07:29.855,-4.0948,0.0800,44.4066
2026-05-09T13:07:29.870,-4.1599,0.0800,44.3949
2026-05-09T13:07:29.882,-4.2353,0.0800,44.3807
2026-05-09T13:07:29.896,-4.3008,0.0800,44.3700
2026-05-09T13:07:29.911,-4.3522,0.0800,44.3593
2026-05-09T13:07:29.925,-4.4197,0.0800,44.3448
2026-05-09T13:07:29.938,-4.4892,0.0800,44.3312
2026-05-09T13:07:29.953,-4.5476,0.0800,44.3175
2026-05-09T13:07:29.965,-4.6073,0.0800,44.3030
2026-05-09T13:07:29.979,-4.6727,0.0800,44.2884
2026-05-09T13:07:29.993,-4.7264,0.0800,44.2744
2026-05-09T13:07:30.008,-4.7889,0.0800,44.2577
2026-05-09T13:07:30.022,-4.8536,0.0800,44.2416
2026-05-09T13:07:30.037,-4.9163,0.0800,44.2237
2026-05-09T13:07:30.050,-4.9789,0.0800,44.2052
2026-05-09T13:07:30.065,-5.0484,0.0800,44.1840
2026-05-09T13:07:30.079,-5.1024,0.0800,44.1691
2026-05-09T13:07:30.092,-5.1739,0.0800,44.1460
2026-05-09T13:07:30.104,-5.2274,0.0800,44.1281
2026-05-09T13:07:30.120,-5.2917,0.0800,44.1078
2026-05-09T13:07:30.132,-5.3429,0.0800,44.0897
2026-05-09T13:07:30.147,-5.4060,0.0800,44.0669
2026-05-09T13:07:30.160,-5.4610,0.0800,44.0486
2026-05-09T13:07:30.174,-5.5261,0.0800,44.0238
2026-05-09T13:07:30.188,-5.5801,0.0800,44.0028
2026-05-09T13:07:30.202,-5.6394,0.0800,43.9790
2026-05-09T13:07:30.216,-5.6990,0.0800,43.9566
2026-05-09T13:07:30.232,-5.7592,0.0800,43.9313
2026-05-09T13:07:30.244,-5.8195,0.0800,43.9054
2026-05-09T13:07:30.260,-5.8884,0.0800,43.8771
2026-05-09T13:07:30.273,-5.9348,0.0800,43.8562
2026-05-09T13:07:30.286,-6.0040,0.0800,43.8244
2026-05-09T13:07:30.299,-6.0590,0.0800,43.8008
2026-05-09T13:07:30.314,-6.1123,0.0800,43.7751
2026-05-09T13:07:30.326,-6.1695,0.0800,43.7471
2026-05-09T13:07:30.342,-6.2280,0.0800,43.7198
2026-05-09T13:07:30.355,-6.2765,0.0800,43.6950
2026-05-09T13:07:30.369,-6.3442,0.0800,43.6597
2026-05-09T13:07:30.383,-6.3931,0.0800,43.6336
2026-05-09T13:07:30.399,-6.4533,0.0800,43.6027
2026-05-09T13:07:30.410,-6.5061,0.0800,43.5735
2026-05-09T13:07:30.426,-6.5734,0.0800,43.5354
2026-05-09T13:07:30.438,-6.6176,0.0800,43.5123
2026-05-09T13:07:30.453,-6.6816,0.0800,43.4747
2026-05-09T13:07:30.465,-6.7248,0.0800,43.4487
2026-05-09T13:07:30.483,-6.7823,0.0800,43.4153
2026-05-09T13:07:30.494,-6.8244,0.0800,43.3890
2026-05-09T13:07:30.508,-6.8797,0.0800,43.3514
2026-05-09T13:07:30.522,-6.8805,0.0800,43.3249
2026-05-09T13:07:30.539,-6.8806,0.0800,43.2939
2026-05-09T13:07:30.550,-6.8810,0.0800,43.2632
2026-05-09T13:07:30.566,-6.8872,0.0800,43.2168
2026-05-09T13:07:30.580,-6.8998,0.0800,43.1858
2026-05-09T13:07:30.593,-6.9236,0.0800,43.1281
2026-05-09T13:07:30.605,-6.9605,0.0800,43.0892
2026-05-09T13:07:30.621,-7.0042,0.0800,43.0476
2026-05-09T13:07:30.633,-7.0454,0.0800,43.0161
2026-05-09T13:07:30.649,-7.1010,0.0800,42.9726
2026-05-09T13:07:30.662,-7.1400,0.0800,42.9449
2026-05-09T13:07:30.677,-7.1938,0.0800,42.9008
2026-05-09T13:07:30.689,-7.2360,0.0800,42.8654
2026-05-09T13:07:30.704,-7.2855,0.0800,42.8229
2026-05-09T13:07:30.716,-7.3252,0.0800,42.7915
2026-05-09T13:07:30.733,-7.3753,0.0800,42.7467
2026-05-09T13:07:30.744,-7.4108,0.0800,42.7141
2026-05-09T13:07:30.760,-7.4675,0.0800,42.6638
2026-05-09T13:07:30.773,-7.5007,0.0800,42.6320
2026-05-09T13:07:30.788,-7.5517,0.0800,42.5821
2026-05-09T13:07:30.799,-7.5906,0.0800,42.5432
2026-05-09T13:07:30.816,-7.6332,0.0800,42.5028
2026-05-09T13:07:30.828,-7.6669,0.0800,42.4675
2026-05-09T13:07:30.843,-7.7159,0.0800,42.4154
2026-05-09T13:07:30.856,-7.7541,0.0800,42.3779
2026-05-09T13:07:30.871,-7.7988,0.0800,42.3281
2026-05-09T13:07:30.884,-7.8338,0.0800,42.2882
2026-05-09T13:07:30.899,-7.8803,0.0800,42.2372
2026-05-09T13:07:30.912,-7.9111,0.0800,42.2004
2026-05-09T13:07:30.925,-7.9545,0.0800,42.1477
2026-05-09T13:07:30.939,-7.9894,0.0800,42.1084
2026-05-09T13:07:30.954,-8.0288,0.0800,42.0585
2026-05-09T13:07:30.967,-8.0667,0.0800,42.0094
2026-05-09T13:07:30.981,-8.1026,0.0800,41.9619
2026-05-09T13:07:30.995,-8.1381,0.0800,41.9175
2026-05-09T13:07:31.010,-8.1755,0.0800,41.8660
2026-05-09T13:07:31.023,-8.2104,0.0800,41.8168
2026-05-09T13:07:31.038,-8.2497,0.0800,41.7641
2026-05-09T13:07:31.051,-8.2808,0.0800,41.7182
2026-05-09T13:07:31.065,-8.3185,0.0800,41.6614
2026-05-09T13:07:31.078,-8.3516,0.0800,41.6148
2026-05-09T13:07:31.093,-8.3834,0.0800,41.5648
2026-05-09T13:07:31.107,-8.4142,0.0800,41.5152
2026-05-09T13:07:31.121,-8.4508,0.0800,41.4590
2026-05-09T13:07:31.135,-8.4804,0.0800,41.4088
2026-05-09T13:07:31.148,-8.5118,0.0800,41.3546
2026-05-09T13:07:31.161,-8.5408,0.0800,41.3033
2026-05-09T13:07:31.175,-8.5713,0.0800,41.2525
2026-05-09T13:07:31.190,-8.5999,0.0800,41.1997
2026-05-09T13:07:31.204,-8.6283,0.0800,41.1460
2026-05-09T13:07:31.219,-8.6581,0.0800,41.0929
2026-05-09T13:07:31.234,-8.6832,0.0800,41.0434
2026-05-09T13:07:31.249,-8.7068,0.0800,40.9959
2026-05-09T13:07:31.262,-8.7271,0.0800,40.9543
2026-05-09T13:07:31.276,-8.7475,0.0800,40.9151
2026-05-09T13:07:31.291,-8.7618,0.0800,40.8850
2026-05-09T13:07:31.305,-8.7754,0.0800,40.8580
2026-05-09T13:07:31.320,-8.7872,0.0800,40.8345
2026-05-09T13:07:31.335,-8.7987,0.0800,40.8118
2026-05-09T13:07:31.350,-8.8104,0.0800,40.7886
2026-05-09T13:07:31.364,-8.8219,0.0800,40.7658
2026-05-09T13:07:31.378,-8.8328,0.0800,40.7444
2026-05-09T13:07:31.392,-8.8436,0.0800,40.7230
2026-05-09T13:07:31.411,-8.8533,0.0800,40.7038
2026-05-09T13:07:31.427,-8.8626,0.0800,40.6854
2026-05-09T13:07:31.440,-8.8764,0.0800,40.6581
2026-05-09T13:07:31.454,-8.8867,0.0800,40.6376
2026-05-09T13:07:31.468,-8.8961,0.0800,40.6189
2026-05-09T13:07:31.481,-8.9054,0.0800,40.6007
2026-05-09T13:07:31.495,-8.9146,0.0800,40.5823
2026-05-09T13:07:31.509,-8.9231,0.0800,40.5656
2026-05-09T13:07:31.523,-8.9329,0.0800,40.5463
2026-05-09T13:07:31.539,-8.9419,0.0800,40.5283
2026-05-09T13:07:31.553,-8.9518,0.0800,40.5089
2026-05-09T13:07:31.568,-8.9646,0.0800,40.4835
2026-05-09T13:07:31.583,-8.9717,0.0800,40.4696
2026-05-09T13:07:31.597,-8.9812,0.0800,40.4507
2026-05-09T13:07:31.611,-8.9912,0.0800,40.4310
2026-05-09T13:07:31.624,-9.0013,0.0800,40.4111
2026-05-09T13:07:31.638,-9.0089,0.0800,40.3959
2026-05-09T13:07:31.653,-9.0175,0.0800,40.3790
2026-05-09T13:07:31.667,-9.0267,0.0800,40.3609
2026-05-09T13:07:31.683,-9.0354,0.0800,40.3437
2026-05-09T13:07:31.699,-9.0444,0.0800,40.3260
2026-05-09T13:07:31.714,-9.0548,0.0800,40.3053
2026-05-09T13:07:31.729,-9.0646,0.0800,40.2859
2026-05-09T13:07:31.745,-9.0741,0.0800,40.2672
2026-05-09T13:07:31.760,-9.0834,0.0800,40.2488
2026-05-09T13:07:31.773,-9.0933,0.0800,40.2291
2026-05-09T13:07:31.787,-9.1029,0.0800,40.2101
2026-05-09T13:07:31.801,-9.1137,0.0800,40.1888
2026-05-09T13:07:31.815,-9.1279,0.0800,40.1583
2026-05-09T13:07:31.830,-9.1451,0.0800,40.1209
2026-05-09T13:07:31.844,-9.1675,0.0800,40.0706
2026-05-09T13:07:31.859,-9.1955,0.0800,40.0110
2026-05-09T13:07:31.874,-9.2179,0.0800,39.9572
2026-05-09T13:07:31.888,-9.2414,0.0800,39.8983
2026-05-09T13:07:31.902,-9.2636,0.0800,39.8407
2026-05-09T13:07:31.916,-9.2856,0.0800,39.7889
2026-05-09T13:07:31.931,-9.3065,0.0800,39.7304
2026-05-09T13:07:31.952,-9.3244,0.0800,39.6782
2026-05-09T13:07:31.967,-9.3469,0.0800,39.6178
2026-05-09T13:07:31.981,-9.3725,0.0800,39.5366
2026-05-09T13:07:31.995,-9.3895,0.0800,39.4791
2026-05-09T13:07:32.009,-9.4054,0.0800,39.4226
2026-05-09T13:07:32.023,-9.4208,0.0800,39.3652
2026-05-09T13:07:32.037,-9.4380,0.0800,39.3089
2026-05-09T13:07:32.052,-9.4517,0.0800,39.2523
2026-05-09T13:07:32.067,-9.4658,0.0800,39.1910
2026-05-09T13:07:32.082,-9.4814,0.0800,39.1320
2026-05-09T13:07:32.096,-9.4933,0.0800,39.0734
2026-05-09T13:07:32.111,-9.5042,0.0800,39.0166
2026-05-09T13:07:32.126,-9.5158,0.0800,38.9513
2026-05-09T13:07:32.143,-9.5279,0.0800,38.8953
2026-05-09T13:07:32.158,-9.5373,0.0800,38.8327
2026-05-09T13:07:32.174,-9.5465,0.0800,38.7663
2026-05-09T13:07:32.188,-9.5541,0.0800,38.7042
2026-05-09T13:07:32.204,-9.5640,0.0800,38.6396
2026-05-09T13:07:32.220,-9.5699,0.0800,38.5780
2026-05-09T13:07:32.236,-9.5753,0.0800,38.5109
2026-05-09T13:07:32.250,-9.5792,0.0800,38.4512
2026-05-09T13:07:32.265,-9.5829,0.0800,38.3828
2026-05-09T13:07:32.281,-9.5882,0.0800,38.3242
2026-05-09T13:07:32.297,-9.5898,0.0800,38.2623
2026-05-09T13:07:32.313,-9.5905,0.0800,38.1990
2026-05-09T13:07:32.329,-9.5902,0.0800,38.1351
2026-05-09T13:07:32.346,-9.5919,0.0800,38.0736
2026-05-09T13:07:32.363,-9.5893,0.0800,38.0070
2026-05-09T13:07:32.380,-9.5859,0.0800,37.9469
2026-05-09T13:07:32.397,-9.5810,0.0800,37.8829
2026-05-09T13:07:32.413,-9.5751,0.0800,37.8221
2026-05-09T13:07:32.428,-9.5675,0.0800,37.7594
2026-05-09T13:07:32.446,-9.5646,0.0800,37.7091
2026-05-09T13:07:32.464,-9.5560,0.0800,37.6568
2026-05-09T13:07:32.482,-9.5459,0.0800,37.6061
2026-05-09T13:07:32.500,-9.5343,0.0800,37.5550
2026-05-09T13:07:32.520,-9.5221,0.0800,37.5086
2026-05-09T13:07:32.538,-9.5091,0.0800,37.4643
2026-05-09T13:07:32.556,-9.4941,0.0800,37.4199
2026-05-09T13:07:32.574,-9.4782,0.0800,37.3777
2026-05-09T13:07:32.590,-9.4649,0.0800,37.3458
2026-05-09T13:07:32.606,-9.4493,0.0800,37.3109
2026-05-09T13:07:32.623,-9.4401,0.0800,37.2798
2026-05-09T13:07:32.641,-9.4239,0.0800,37.2490
2026-05-09T13:07:32.657,-9.4100,0.0800,37.2244
2026-05-09T13:07:32.675,-9.3924,0.0800,37.1952
2026-05-09T13:07:32.692,-9.3770,0.0800,37.1712
2026-05-09T13:07:32.709,-9.3587,0.0800,37.1448
2026-05-09T13:07:32.727,-9.3459,0.0800,37.1173
2026-05-09T13:07:32.742,-9.3297,0.0800,37.0970
2026-05-09T13:07:32.758,-9.3120,0.0800,37.0760
2026-05-09T13:07:32.774,-9.2961,0.0800,37.0585
2026-05-09T13:07:32.792,-9.2794,0.0800,37.0410
2026-05-09T13:07:32.809,-9.2621,0.0800,37.0238
2026-05-09T13:07:32.825,-9.2466,0.0800,37.0018
2026-05-09T13:07:32.840,-9.2283,0.0800,36.9855
2026-05-09T13:07:32.856,-9.2112,0.0800,36.9711
2026-05-09T13:07:32.872,-9.1931,0.0800,36.9564
2026-05-09T13:07:32.888,-9.1749,0.0800,36.9425
2026-05-09T13:07:32.905,-9.1577,0.0800,36.9235
2026-05-09T13:07:32.920,-9.1394,0.0800,36.9109
2026-05-09T13:07:32.935,-9.1168,0.0800,36.8960
2026-05-09T13:07:32.950,-9.1008,0.0800,36.8861
2026-05-09T13:07:32.966,-9.0818,0.0800,36.8749
2026-05-09T13:07:32.984,-9.0649,0.0800,36.8596
2026-05-09T13:07:33.003,-9.0410,0.0800,36.8469
2026-05-09T13:07:33.018,-9.0209,0.0800,36.8370
2026-05-09T13:07:33.034,-8.9957,0.0800,36.8252
2026-05-09T13:07:33.048,-8.9765,0.0800,36.8168
2026-05-09T13:07:33.064,-8.9570,0.0800,36.8037
2026-05-09T13:07:33.078,-8.9377,0.0800,36.7964
2026-05-09T13:07:33.094,-8.9119,0.0800,36.7872
2026-05-09T13:07:33.109,-8.8938,0.0800,36.7813
2026-05-09T13:07:33.123,-8.8714,0.0800,36.7745
2026-05-09T13:07:33.138,-8.8543,0.0800,36.7642
2026-05-09T13:07:33.152,-8.8338,0.0800,36.7588
2026-05-09T13:07:33.167,-8.8094,0.0800,36.7525
2026-05-09T13:07:33.183,-8.7889,0.0800,36.7423
2026-05-09T13:07:33.197,-8.7640,0.0800,36.7365
2026-05-09T13:07:33.211,-8.7349,0.0800,36.7299
2026-05-09T13:07:33.224,-8.7082,0.0800,36.7245
2026-05-09T13:07:33.239,-8.6829,0.0800,36.7151
2026-05-09T13:07:33.253,-8.6568,0.0800,36.7107
2026-05-09T13:07:33.267,-8.6275,0.0800,36.7062
2026-05-09T13:07:33.281,-8.5960,0.0800,36.6969
2026-05-09T13:07:33.295,-8.5648,0.0800,36.6927
2026-05-09T13:07:33.309,-8.5286,0.0800,36.6879
2026-05-09T13:07:33.322,-8.4892,0.0800,36.6829
2026-05-09T13:07:33.336,-8.4506,0.0800,36.6745
2026-05-09T13:07:33.350,-8.4106,0.0800,36.6702
2026-05-09T13:07:33.363,-8.3642,0.0800,36.6656
2026-05-09T13:07:33.381,-8.3160,0.0800,36.6578
2026-05-09T13:07:33.394,-8.2655,0.0800,36.6537
2026-05-09T13:07:33.409,-8.2029,0.0800,36.6496
2026-05-09T13:07:33.422,-8.1543,0.0800,36.6472
2026-05-09T13:07:33.436,-8.0979,0.0800,36.6420
2026-05-09T13:07:33.450,-8.0498,0.0800,36.6408
2026-05-09T13:07:33.464,-7.9891,0.0800,36.6397
2026-05-09T13:07:33.479,-7.9346,0.0800,36.6362
2026-05-09T13:07:33.492,-7.8704,0.0800,36.6361
2026-05-09T13:07:33.505,-7.8135,0.0800,36.6366
2026-05-09T13:07:33.520,-7.7503,0.0800,36.6355
2026-05-09T13:07:33.534,-7.6974,0.0800,36.6368
2026-05-09T13:07:33.547,-7.6288,0.0800,36.6390
2026-05-09T13:07:33.562,-7.5672,0.0800,36.6393
2026-05-09T13:07:33.576,-7.5079,0.0800,36.6423
2026-05-09T13:07:33.591,-7.4385,0.0800,36.6465
2026-05-09T13:07:33.605,-7.3768,0.0800,36.6508
2026-05-09T13:07:33.620,-7.3056,0.0800,36.6545
2026-05-09T13:07:33.634,-7.2419,0.0800,36.6601
2026-05-09T13:07:33.647,-7.1770,0.0800,36.6666
2026-05-09T13:07:33.661,-7.1076,0.0800,36.6741
2026-05-09T13:07:33.685,-7.0471,0.0800,36.6790
2026-05-09T13:07:33.698,-6.9774,0.0800,36.6879
2026-05-09T13:07:33.714,-6.8901,0.0800,36.6999
2026-05-09T13:07:33.728,-6.8310,0.0800,36.7089
2026-05-09T13:07:33.742,-6.7564,0.0800,36.7208
2026-05-09T13:07:33.755,-6.6961,0.0800,36.7287
2026-05-09T13:07:33.770,-6.6348,0.0800,36.7397
2026-05-09T13:07:33.785,-6.5749,0.0800,36.7511
2026-05-09T13:07:33.801,-6.5088,0.0800,36.7623
2026-05-09T13:07:33.817,-6.4532,0.0800,36.7740
2026-05-09T13:07:33.834,-6.3949,0.0800,36.7867
2026-05-09T13:07:33.849,-6.3523,0.0800,36.7964
2026-05-09T13:07:33.863,-6.3159,0.0800,36.8049
2026-05-09T13:07:33.877,-6.2899,0.0800,36.8091
2026-05-09T13:07:33.894,-6.2657,0.0800,36.8141
2026-05-09T13:07:33.906,-6.2520,0.0800,36.8169
2026-05-09T13:07:33.922,-6.2370,0.0800,36.8200
2026-05-09T13:07:33.937,-6.2319,0.0800,36.8211
2026-05-09T13:07:33.953,-6.2275,0.0800,36.8220
2026-05-09T13:07:33.968,-6.2260,0.0800,36.8223
2026-05-09T13:07:34.227,-6.2247,0.0800,36.8226
2026-05-09T13:07:34.241,-6.2164,0.0800,36.8243
2026-05-09T13:07:34.256,-6.2020,0.0800,36.8289
2026-05-09T13:07:34.271,-6.1677,0.0800,36.8404
2026-05-09T13:07:34.286,-6.1323,0.0800,36.8531
2026-05-09T13:07:34.300,-6.0910,0.0800,36.8639
2026-05-09T13:07:34.314,-6.0568,0.0800,36.8776
2026-05-09T13:07:34.329,-6.0206,0.0800,36.8927
2026-05-09T13:07:34.343,-5.9817,0.0800,36.9097
2026-05-09T13:07:34.358,-5.9394,0.0800,36.9239
2026-05-09T13:07:34.372,-5.9071,0.0800,36.9392
2026-05-09T13:07:34.394,-5.8685,0.0800,36.9581
2026-05-09T13:07:34.409,-5.8284,0.0800,36.9740
2026-05-09T13:07:34.423,-5.7703,0.0800,37.0046
2026-05-09T13:07:34.437,-5.7280,0.0800,37.0282
2026-05-09T13:07:34.451,-5.6911,0.0800,37.0498
2026-05-09T13:07:34.465,-5.6547,0.0800,37.0718
2026-05-09T13:07:34.479,-5.6155,0.0800,37.0922
2026-05-09T13:07:34.492,-5.5746,0.0800,37.1187
2026-05-09T13:07:34.506,-5.5397,0.0800,37.1423
2026-05-09T13:07:34.521,-5.5048,0.0800,37.1625
2026-05-09T13:07:34.535,-5.4656,0.0800,37.1907
2026-05-09T13:07:34.550,-5.4295,0.0800,37.2178
2026-05-09T13:07:34.564,-5.3937,0.0800,37.2456
2026-05-09T13:07:34.577,-5.3537,0.0800,37.2729
2026-05-09T13:07:34.591,-5.3184,0.0800,37.3023
2026-05-09T13:07:34.604,-5.2892,0.0800,37.3276
2026-05-09T13:07:34.619,-5.2498,0.0800,37.3584
2026-05-09T13:07:34.632,-5.2200,0.0800,37.3859
2026-05-09T13:07:34.647,-5.1857,0.0800,37.4184
2026-05-09T13:07:34.659,-5.1537,0.0800,37.4446
2026-05-09T13:07:34.673,-5.1218,0.0800,37.4770
2026-05-09T13:07:34.686,-5.0940,0.0800,37.5062
2026-05-09T13:07:34.701,-5.0607,0.0800,37.5373
2026-05-09T13:07:34.715,-5.0325,0.0800,37.5689
2026-05-09T13:07:34.730,-5.0026,0.0800,37.6035
2026-05-09T13:07:34.744,-4.9734,0.0800,37.6384
2026-05-09T13:07:34.758,-4.9407,0.0800,37.6729
2026-05-09T13:07:34.772,-4.9135,0.0800,37.7079
2026-05-09T13:07:34.785,-4.8859,0.0800,37.7448
2026-05-09T13:07:34.800,-4.8587,0.0800,37.7764
2026-05-09T13:07:34.812,-4.8377,0.0800,37.8073
2026-05-09T13:07:34.826,-4.8157,0.0800,37.8414
2026-05-09T13:07:34.840,-4.7955,0.0800,37.8664
2026-05-09T13:07:34.853,-4.7797,0.0800,37.8947
2026-05-09T13:07:34.867,-4.7657,0.0800,37.9214
2026-05-09T13:07:34.883,-4.7498,0.0800,37.9453
2026-05-09T13:07:34.896,-4.7395,0.0800,37.9695
2026-05-09T13:07:34.910,-4.7302,0.0800,37.9946
2026-05-09T13:07:34.923,-4.7266,0.0800,38.0103
2026-05-09T13:07:34.937,-4.7211,0.0800,38.0115
2026-05-09T13:07:34.951,-4.7286,0.0800,38.0092
2026-05-09T13:07:34.965,-4.7382,0.0800,38.0048
2026-05-09T13:07:34.980,-4.7435,0.0800,37.9980
2026-05-09T13:07:34.993,-4.7588,0.0800,37.9833
2026-05-09T13:07:35.006,-4.7752,0.0800,37.9660
2026-05-09T13:07:35.022,-4.7861,0.0800,37.9473
2026-05-09T13:07:35.036,-4.8063,0.0800,37.9215
2026-05-09T13:07:35.050,-4.8395,0.0800,37.8738
2026-05-09T13:07:35.064,-4.8720,0.0800,37.8251
2026-05-09T13:07:35.078,-4.9011,0.0800,37.7677
2026-05-09T13:07:35.091,-4.9361,0.0800,37.6994
2026-05-09T13:07:35.105,-4.9663,0.0800,37.6372
2026-05-09T13:07:35.119,-4.9895,0.0800,37.5736
2026-05-09T13:07:35.132,-5.0177,0.0800,37.5033
2026-05-09T13:07:35.147,-5.0421,0.0800,37.4386
2026-05-09T13:07:35.161,-5.0599,0.0800,37.3766
2026-05-09T13:07:35.175,-5.0832,0.0800,37.3056
2026-05-09T13:07:35.188,-5.1047,0.0800,37.2355
2026-05-09T13:07:35.201,-5.1250,0.0800,37.1646
2026-05-09T13:07:35.217,-5.1352,0.0800,37.1083
2026-05-09T13:07:35.231,-5.1504,0.0800,37.0393
2026-05-09T13:07:35.245,-5.1660,0.0800,36.9619
2026-05-09T13:07:35.259,-5.1780,0.0800,36.8872
2026-05-09T13:07:35.271,-5.1888,0.0800,36.8272
2026-05-09T13:07:35.285,-5.2025,0.0800,36.7513
2026-05-09T13:07:35.299,-5.2129,0.0800,36.6945
2026-05-09T13:07:35.313,-5.2253,0.0800,36.6298
2026-05-09T13:07:35.327,-5.2395,0.0800,36.5578
2026-05-09T13:07:35.342,-5.2574,0.0800,36.4908
2026-05-09T13:07:35.356,-5.2750,0.0800,36.4288
2026-05-09T13:07:35.371,-5.2898,0.0800,36.3831
2026-05-09T13:07:35.385,-5.3001,0.0800,36.3526
2026-05-09T13:07:35.397,-5.3065,0.0800,36.3341
2026-05-09T13:07:35.411,-5.3072,0.0800,36.3322
2026-05-09T13:07:35.425,-5.3079,0.0800,36.3302
2026-05-09T13:07:35.510,-5.3078,0.0800,36.3318
2026-05-09T13:07:35.522,-5.3073,0.0800,36.3366
2026-05-09T13:07:35.536,-5.3065,0.0800,36.3454
2026-05-09T13:07:35.551,-5.3055,0.0800,36.3560
2026-05-09T13:07:35.564,-5.3041,0.0800,36.3718
2026-05-09T13:07:35.579,-5.3021,0.0800,36.3934
2026-05-09T13:07:35.593,-5.3004,0.0800,36.4224
2026-05-09T13:07:35.607,-5.2983,0.0800,36.4647
2026-05-09T13:07:35.619,-5.2962,0.0800,36.5124
2026-05-09T13:07:35.634,-5.2928,0.0800,36.5707
2026-05-09T13:07:35.649,-5.2921,0.0800,36.6180
2026-05-09T13:07:35.661,-5.2921,0.0800,36.6761
2026-05-09T13:07:35.676,-5.2900,0.0800,36.7365
2026-05-09T13:07:35.689,-5.2916,0.0800,36.7934
2026-05-09T13:07:35.705,-5.2937,0.0800,36.8430
2026-05-09T13:07:35.719,-5.2941,0.0800,36.8968
2026-05-09T13:07:35.732,-5.2985,0.0800,36.9616
2026-05-09T13:07:35.745,-5.3026,0.0800,37.0112
2026-05-09T13:07:35.759,-5.3052,0.0800,37.0646
2026-05-09T13:07:35.773,-5.3109,0.0800,37.1161
2026-05-09T13:07:35.788,-5.3175,0.0800,37.1699
2026-05-09T13:07:35.802,-5.3221,0.0800,37.2240
2026-05-09T13:07:35.816,-5.3305,0.0800,37.2796
2026-05-09T13:07:35.828,-5.3397,0.0800,37.3342
2026-05-09T13:07:35.843,-5.3487,0.0800,37.3837
2026-05-09T13:07:35.856,-5.3562,0.0800,37.4365
2026-05-09T13:07:35.870,-5.3667,0.0800,37.4859
2026-05-09T13:07:35.885,-5.3780,0.0800,37.5354
2026-05-09T13:07:35.900,-5.3887,0.0800,37.5920
2026-05-09T13:07:35.913,-5.4018,0.0800,37.6426
2026-05-09T13:07:35.926,-5.4159,0.0800,37.6934
2026-05-09T13:07:35.941,-5.4271,0.0800,37.7430
2026-05-09T13:07:35.954,-5.4417,0.0800,37.7902
2026-05-09T13:07:35.968,-5.4582,0.0800,37.8411
2026-05-09T13:07:35.982,-5.4738,0.0800,37.8869
2026-05-09T13:07:35.995,-5.4885,0.0800,37.9369
2026-05-09T13:07:36.010,-5.5064,0.0800,37.9848
2026-05-09T13:07:36.023,-5.5255,0.0800,38.0047
2026-05-09T13:07:36.038,-5.5443,0.0800,38.0053
2026-05-09T13:07:36.051,-5.5660,0.0800,38.0072
2026-05-09T13:07:36.065,-5.5926,0.0800,38.0085
2026-05-09T13:07:36.078,-5.6172,0.0800,38.0110
2026-05-09T13:07:36.092,-5.6512,0.0800,38.0154
2026-05-09T13:07:36.106,-5.6849,0.0800,38.0187
2026-05-09T13:07:36.120,-5.7280,0.0800,38.0244
2026-05-09T13:07:36.135,-5.7713,0.0800,38.0326
2026-05-09T13:07:36.149,-5.7785,0.0800,37.9759
2026-05-09T13:07:36.161,-5.7863,0.0800,37.8989
2026-05-09T13:07:36.176,-5.7905,0.0800,37.8292
2026-05-09T13:07:36.190,-5.7956,0.0800,37.7635
2026-05-09T13:07:36.204,-5.8009,0.0800,37.6879
2026-05-09T13:07:36.218,-5.8029,0.0800,37.6202
2026-05-09T13:07:36.232,-5.8061,0.0800,37.5467
2026-05-09T13:07:36.246,-5.8085,0.0800,37.4736
2026-05-09T13:07:36.260,-5.8080,0.0800,37.4049
2026-05-09T13:07:36.275,-5.8081,0.0800,37.3357
2026-05-09T13:07:36.287,-5.8073,0.0800,37.2618
2026-05-09T13:07:36.302,-5.8054,0.0800,37.1845
2026-05-09T13:07:36.316,-5.8011,0.0800,37.1223
2026-05-09T13:07:36.330,-5.7977,0.0800,37.0503
2026-05-09T13:07:36.344,-5.7932,0.0800,36.9765
2026-05-09T13:07:36.357,-5.7861,0.0800,36.9036
2026-05-09T13:07:36.371,-5.7822,0.0800,36.8379
2026-05-09T13:07:36.386,-5.7786,0.0800,36.7685
2026-05-09T13:07:36.400,-5.7737,0.0800,36.6914
2026-05-09T13:07:36.413,-5.7708,0.0800,36.6168
2026-05-09T13:07:36.427,-5.7697,0.0800,36.5489
2026-05-09T13:07:36.441,-5.7680,0.0800,36.4931
2026-05-09T13:07:36.455,-5.8134,0.0800,36.5037
2026-05-09T13:07:36.470,-5.8534,0.0800,36.5180
2026-05-09T13:07:36.484,-5.8869,0.0800,36.5382
2026-05-09T13:07:36.497,-5.9198,0.0800,36.5652
2026-05-09T13:07:36.511,-5.9550,0.0800,36.5934
2026-05-09T13:07:36.525,-5.9982,0.0800,36.6222
2026-05-09T13:07:36.540,-6.0414,0.0800,36.6524
2026-05-09T13:07:36.554,-6.0879,0.0800,36.6756
2026-05-09T13:07:36.567,-6.1434,0.0800,36.6993
2026-05-09T13:07:36.581,-6.1917,0.0800,36.7203
2026-05-09T13:07:36.596,-6.2471,0.0800,36.7309
2026-05-09T13:07:36.610,-6.3087,0.0800,36.7387
2026-05-09T13:07:36.622,-6.3795,0.0800,36.7406
2026-05-09T13:07:36.637,-6.4436,0.0800,36.7426
2026-05-09T13:07:36.651,-6.5009,0.0800,36.7383
2026-05-09T13:07:36.663,-6.5825,0.0800,36.7315
2026-05-09T13:07:36.679,-6.6505,0.0800,36.7313
2026-05-09T13:07:36.692,-6.7134,0.0800,36.7285
2026-05-09T13:07:36.706,-6.7911,0.0800,36.7265
2026-05-09T13:07:36.721,-6.8562,0.0800,36.7271
2026-05-09T13:07:36.734,-6.9258,0.0800,36.7256
2026-05-09T13:07:36.748,-6.9977,0.0800,36.7245
2026-05-09T13:07:36.762,-7.0632,0.0800,36.7254
2026-05-09T13:07:36.776,-7.1314,0.0800,36.7257
2026-05-09T13:07:36.790,-7.2055,0.0800,36.7262
2026-05-09T13:07:36.804,-7.2745,0.0800,36.7269
2026-05-09T13:07:36.818,-7.3433,0.0800,36.7277
2026-05-09T13:07:36.832,-7.4143,0.0800,36.7287
2026-05-09T13:07:36.845,-7.4807,0.0800,36.7298
2026-05-09T13:07:36.859,-7.5523,0.0800,36.7311
2026-05-09T13:07:36.874,-7.6201,0.0800,36.7323
2026-05-09T13:07:36.887,-7.6868,0.0800,36.7338
2026-05-09T13:07:36.900,-7.7649,0.0800,36.7363
2026-05-09T13:07:36.915,-7.8236,0.0800,36.7402
2026-05-09T13:07:36.929,-7.8835,0.0800,36.7453
2026-05-09T13:07:36.942,-7.9427,0.0800,36.7520
2026-05-09T13:07:36.956,-7.9892,0.0800,36.7590
2026-05-09T13:07:36.971,-8.0294,0.0800,36.7659
2026-05-09T13:07:36.984,-8.0660,0.0800,36.7737
2026-05-09T13:07:36.998,-8.0967,0.0800,36.7809
2026-05-09T13:07:37.012,-8.1187,0.0800,36.7889
2026-05-09T13:07:37.026,-8.0994,0.0800,36.7741
2026-05-09T13:07:37.040,-8.0831,0.0800,36.7581
2026-05-09T13:07:37.053,-8.0631,0.0800,36.7453
2026-05-09T13:07:37.067,-8.0417,0.0800,36.7327
2026-05-09T13:07:37.081,-8.0260,0.0800,36.7179
2026-05-09T13:07:37.094,-8.0062,0.0800,36.7062
2026-05-09T13:07:37.108,-7.9859,0.0800,36.6942
2026-05-09T13:07:37.122,-7.9657,0.0800,36.6817
2026-05-09T13:07:37.137,-7.9488,0.0800,36.6652
2026-05-09T13:07:37.151,-7.9297,0.0800,36.6523
2026-05-09T13:07:37.166,-7.9091,0.0800,36.6377
2026-05-09T13:07:37.182,-7.8935,0.0800,36.6200
2026-05-09T13:07:37.198,-7.8741,0.0800,36.6051
2026-05-09T13:07:37.215,-7.8537,0.0800,36.5887
2026-05-09T13:07:37.232,-7.8343,0.0800,36.5723
2026-05-09T13:07:37.248,-7.8136,0.0800,36.5540
2026-05-09T13:07:37.264,-7.7963,0.0800,36.5304
2026-05-09T13:07:37.281,-7.7785,0.0800,36.5129
2026-05-09T13:07:37.298,-7.7585,0.0800,36.4928
2026-05-09T13:07:37.316,-7.7413,0.0800,36.4744
2026-05-09T13:07:37.334,-7.7242,0.0800,36.4556
2026-05-09T13:07:37.351,-7.7079,0.0800,36.4370
2026-05-09T13:07:37.369,-7.6993,0.0800,36.4164
2026-05-09T13:07:37.385,-7.7088,0.0800,36.4326
2026-05-09T13:07:37.402,-7.7531,0.0800,36.4736
2026-05-09T13:07:37.420,-7.7989,0.0800,36.5148
2026-05-09T13:07:37.437,-7.8611,0.0800,36.5693
2026-05-09T13:07:37.457,-7.9234,0.0800,36.6248
2026-05-09T13:07:37.475,-7.9860,0.0800,36.6825
2026-05-09T13:07:37.492,-8.0566,0.0800,36.7504
2026-05-09T13:07:37.510,-8.1185,0.0800,36.8123
2026-05-09T13:07:37.530,-8.1819,0.0800,36.8719
2026-05-09T13:07:37.549,-8.2438,0.0800,36.9383
2026-05-09T13:07:37.568,-8.3081,0.0800,37.0101
2026-05-09T13:07:37.587,-8.3667,0.0800,37.0784
2026-05-09T13:07:37.605,-8.4301,0.0800,37.1554
2026-05-09T13:07:37.623,-8.4869,0.0800,37.2274
2026-05-09T13:07:37.641,-8.5421,0.0800,37.3009
2026-05-09T13:07:37.659,-8.5929,0.0800,37.3715
2026-05-09T13:07:37.679,-8.6423,0.0800,37.4431
2026-05-09T13:07:37.698,-8.6920,0.0800,37.5183
2026-05-09T13:07:37.716,-8.7448,0.0800,37.6018
2026-05-09T13:07:37.735,-8.7955,0.0800,37.6855
2026-05-09T13:07:37.753,-8.8375,0.0800,37.7578
2026-05-09T13:07:37.773,-8.8841,0.0800,37.8413
2026-05-09T13:07:37.793,-8.9294,0.0800,37.9170
2026-05-09T13:07:37.814,-8.9756,0.0800,38.0066
2026-05-09T13:07:37.835,-9.0254,0.0800,38.1073
2026-05-09T13:07:37.854,-9.0630,0.0800,38.1871
2026-05-09T13:07:37.873,-9.1058,0.0800,38.2822
2026-05-09T13:07:37.893,-9.1468,0.0800,38.3706
2026-05-09T13:07:37.912,-9.1958,0.0800,38.4809
2026-05-09T13:07:37.930,-9.2268,0.0800,38.5472
2026-05-09T13:07:37.949,-9.2663,0.0800,38.6358
2026-05-09T13:07:37.969,-9.3043,0.0800,38.7210
2026-05-09T13:07:37.990,-9.3415,0.0800,38.8046
2026-05-09T13:07:38.012,-9.3828,0.0800,38.8974
2026-05-09T13:07:38.035,-9.4233,0.0800,38.9886
2026-05-09T13:07:38.056,-9.4707,0.0800,39.0953
2026-05-09T13:07:38.076,-9.5167,0.0800,39.1989
2026-05-09T13:07:38.096,-9.5593,0.0800,39.2948
2026-05-09T13:07:38.114,-9.5996,0.0800,39.3857
2026-05-09T13:07:38.132,-9.6414,0.0800,39.4798
2026-05-09T13:07:38.150,-9.6747,0.0800,39.5550
2026-05-09T13:07:38.168,-9.7130,0.0800,39.6415
2026-05-09T13:07:38.188,-9.7493,0.0800,39.7233
2026-05-09T13:07:38.207,-9.7844,0.0800,39.8025
2026-05-09T13:07:38.227,-9.8288,0.0800,39.8985
2026-05-09T13:07:38.248,-9.8712,0.0800,39.9881
2026-05-09T13:07:38.270,-9.9119,0.0800,40.0718
2026-05-09T13:07:38.288,-9.9605,0.0800,40.1695
2026-05-09T13:07:38.306,-10.0106,0.0800,40.2700
2026-05-09T13:07:38.325,-10.0491,0.0800,40.3473
2026-05-09T13:07:38.346,-10.0882,0.0800,40.4291
2026-05-09T13:07:38.366,-10.1228,0.0800,40.5160
2026-05-09T13:07:38.386,-10.1615,0.0800,40.6160
2026-05-09T13:07:38.405,-10.1935,0.0800,40.7099
2026-05-09T13:07:38.424,-10.2255,0.0800,40.8017
2026-05-09T13:07:38.444,-10.2596,0.0800,40.8971
2026-05-09T13:07:38.466,-10.2908,0.0800,40.9831
2026-05-09T13:07:38.486,-10.3249,0.0800,41.0757
2026-05-09T13:07:38.506,-10.3650,0.0800,41.1838
2026-05-09T13:07:38.524,-10.3973,0.0800,41.2730
2026-05-09T13:07:38.543,-10.4313,0.0800,41.3675
2026-05-09T13:07:38.563,-10.4628,0.0800,41.4555
2026-05-09T13:07:38.585,-10.4933,0.0800,41.5420
2026-05-09T13:07:38.607,-10.5269,0.0800,41.6397
2026-05-09T13:07:38.627,-10.5575,0.0800,41.7426
2026-05-09T13:07:38.645,-10.5836,0.0800,41.8538
2026-05-09T13:07:38.663,-10.6019,0.0800,41.9438
2026-05-09T13:07:38.684,-10.6103,0.0800,42.0330
2026-05-09T13:07:38.706,-10.6160,0.0800,42.1288
2026-05-09T13:07:38.726,-10.6113,0.0800,42.2321
2026-05-09T13:07:38.745,-10.6008,0.0800,42.3422
2026-05-09T13:07:38.764,-10.5826,0.0800,42.4339
2026-05-09T13:07:38.783,-10.5611,0.0800,42.5329
2026-05-09T13:07:38.802,-10.5392,0.0800,42.6239
2026-05-09T13:07:38.822,-10.5139,0.0800,42.7124
2026-05-09T13:07:38.842,-10.4823,0.0800,42.8045
2026-05-09T13:07:38.860,-10.4477,0.0800,42.8935
2026-05-09T13:07:38.878,-10.4094,0.0800,42.9889
2026-05-09T13:07:38.897,-10.3719,0.0800,43.0768
2026-05-09T13:07:38.916,-10.3354,0.0800,43.1582
2026-05-09T13:07:38.935,-10.2950,0.0800,43.2461
2026-05-09T13:07:38.954,-10.2564,0.0800,43.3297
2026-05-09T13:07:38.972,-10.2155,0.0800,43.4177
2026-05-09T13:07:38.991,-10.1771,0.0800,43.5005
2026-05-09T13:07:39.012,-10.1359,0.0800,43.5892
2026-05-09T13:07:39.032,-10.0980,0.0800,43.6707
2026-05-09T13:07:39.052,-10.0531,0.0800,43.7675
2026-05-09T13:07:39.072,-10.0108,0.0800,43.8587
2026-05-09T13:07:39.092,-9.9700,0.0800,43.9465
2026-05-09T13:07:39.110,-9.9266,0.0800,44.0422
2026-05-09T13:07:39.128,-9.8885,0.0800,44.1287
2026-05-09T13:07:39.147,-9.8530,0.0800,44.2136
2026-05-09T13:07:39.165,-9.8189,0.0800,44.2997
2026-05-09T13:07:39.183,-9.7917,0.0800,44.3836
2026-05-09T13:07:39.201,-9.7677,0.0800,44.4748
2026-05-09T13:07:39.217,-9.7490,0.0800,44.5599
2026-05-09T13:07:39.234,-9.7373,0.0800,44.6502
2026-05-09T13:07:39.253,-9.7302,0.0800,44.7322
2026-05-09T13:07:39.271,-9.7256,0.0800,44.8177
2026-05-09T13:07:39.292,-9.7239,0.0800,44.9092
2026-05-09T13:07:39.310,-9.7299,0.0800,45.0097
2026-05-09T13:07:39.328,-9.7371,0.0800,45.1037
2026-05-09T13:07:39.347,-9.7482,0.0800,45.1925
2026-05-09T13:07:39.367,-9.7620,0.0800,45.2857
2026-05-09T13:07:39.384,-9.7764,0.0800,45.3758
2026-05-09T13:07:39.401,-9.7979,0.0800,45.4788
2026-05-09T13:07:39.418,-9.8140,0.0800,45.5537
2026-05-09T13:07:39.436,-9.8336,0.0800,45.6398
2026-05-09T13:07:39.454,-9.8530,0.0800,45.7233
2026-05-09T13:07:39.472,-9.8739,0.0800,45.8098
2026-05-09T13:07:39.491,-9.8961,0.0800,45.8994
2026-05-09T13:07:39.509,-9.9184,0.0800,45.9884
2026-05-09T13:07:39.527,-9.9409,0.0800,46.0771
2026-05-09T13:07:39.546,-9.9637,0.0800,46.1659
2026-05-09T13:07:39.562,-9.9859,0.0800,46.2526
2026-05-09T13:07:39.578,-10.0088,0.0800,46.3419
2026-05-09T13:07:39.594,-10.0289,0.0800,46.4191
2026-05-09T13:07:39.610,-10.0523,0.0800,46.5092
2026-05-09T13:07:39.625,-10.0702,0.0800,46.5778
2026-05-09T13:07:39.641,-10.0899,0.0800,46.6536
2026-05-09T13:07:39.657,-10.1083,0.0800,46.7241
2026-05-09T13:07:39.673,-10.1284,0.0800,46.8018
2026-05-09T13:07:39.686,-10.1485,0.0800,46.8791
2026-05-09T13:07:39.701,-10.1681,0.0800,46.9546
2026-05-09T13:07:39.714,-10.1851,0.0800,47.0203
2026-05-09T13:07:39.728,-10.2030,0.0800,47.0893
2026-05-09T13:07:39.743,-10.2196,0.0800,47.1535
2026-05-09T13:07:39.759,-10.2370,0.0800,47.2209
2026-05-09T13:07:39.775,-10.2564,0.0800,47.2960
2026-05-09T13:07:39.790,-10.2764,0.0800,47.3737
2026-05-09T13:07:39.804,-10.2962,0.0800,47.4505
2026-05-09T13:07:39.818,-10.3142,0.0800,47.5204
2026-05-09T13:07:39.832,-10.3331,0.0800,47.5939
2026-05-09T13:07:39.846,-10.3506,0.0800,47.6619
2026-05-09T13:07:39.860,-10.3679,0.0800,47.7293
2026-05-09T13:07:39.874,-10.3841,0.0800,47.7923
2026-05-09T13:07:39.891,-10.4018,0.0800,47.8612
2026-05-09T13:07:39.902,-10.4199,0.0800,47.9312
2026-05-09T13:07:39.917,-10.4417,0.0800,48.0156
2026-05-09T13:07:39.932,-10.4555,0.0800,48.0688
2026-05-09T13:07:39.948,-10.4732,0.0800,48.1374
2026-05-09T13:07:39.966,-10.4914,0.0800,48.2080
2026-05-09T13:07:39.980,-10.5114,0.0800,48.2856
2026-05-09T13:07:39.995,-10.5355,0.0800,48.3804
2026-05-09T13:07:40.010,-10.5540,0.0800,48.4546
2026-05-09T13:07:40.024,-10.5716,0.0800,48.5263
2026-05-09T13:07:40.039,-10.5866,0.0800,48.5892
2026-05-09T13:07:40.053,-10.6021,0.0800,48.6578
2026-05-09T13:07:40.069,-10.6182,0.0800,48.7315
2026-05-09T13:07:40.086,-10.6326,0.0800,48.7998
2026-05-09T13:07:40.101,-10.6476,0.0800,48.8776
2026-05-09T13:07:40.114,-10.6605,0.0800,48.9602
2026-05-09T13:07:40.129,-10.6663,0.0800,49.0437
2026-05-09T13:07:40.143,-10.6678,0.0800,49.0992
2026-05-09T13:07:40.159,-10.6669,0.0800,49.1736
2026-05-09T13:07:40.177,-10.6618,0.0800,49.2445
2026-05-09T13:07:40.194,-10.6512,0.0800,49.3471
2026-05-09T13:07:40.208,-10.6436,0.0800,49.4135
2026-05-09T13:07:40.222,-10.6329,0.0800,49.5027
2026-05-09T13:07:40.237,-10.6234,0.0800,49.5726
2026-05-09T13:07:40.251,-10.6140,0.0800,49.6375
2026-05-09T13:07:40.266,-10.6027,0.0800,49.7133
2026-05-09T13:07:40.281,-10.5924,0.0800,49.7782
2026-05-09T13:07:40.296,-10.5802,0.0800,49.8524
2026-05-09T13:07:40.311,-10.5673,0.0800,49.9273
2026-05-09T13:07:40.326,-10.5540,0.0800,50.0042
2026-05-09T13:07:40.340,-10.5418,0.0800,50.0732
2026-05-09T13:07:40.355,-10.5283,0.0800,50.1483
2026-05-09T13:07:40.369,-10.5157,0.0800,50.2189
2026-05-09T13:07:40.383,-10.5027,0.0800,50.2915
2026-05-09T13:07:40.398,-10.4896,0.0800,50.3652
2026-05-09T13:07:40.413,-10.4759,0.0800,50.4419
2026-05-09T13:07:40.428,-10.4634,0.0800,50.5125
2026-05-09T13:07:40.442,-10.4518,0.0800,50.5776
2026-05-09T13:07:40.456,-10.4383,0.0800,50.6534
2026-05-09T13:07:40.470,-10.4261,0.0800,50.7221
2026-05-09T13:07:40.484,-10.4138,0.0800,50.7911
2026-05-09T13:07:40.499,-10.4008,0.0800,50.8642
2026-05-09T13:07:40.513,-10.3900,0.0800,50.9249
2026-05-09T13:07:40.528,-10.3760,0.0800,51.0035
2026-05-09T13:07:40.542,-10.3641,0.0800,51.0700
2026-05-09T13:07:40.556,-10.3507,0.0800,51.1455
2026-05-09T13:07:40.570,-10.3384,0.0800,51.2149
2026-05-09T13:07:40.584,-10.3261,0.0800,51.2842
2026-05-09T13:07:40.598,-10.3142,0.0800,51.3512
2026-05-09T13:07:40.613,-10.3021,0.0800,51.4192
2026-05-09T13:07:40.627,-10.2896,0.0800,51.4894
2026-05-09T13:07:40.642,-10.2771,0.0800,51.5597
2026-05-09T13:07:40.656,-10.2640,0.0800,51.6337
2026-05-09T13:07:40.671,-10.2517,0.0800,51.7032
2026-05-09T13:07:40.686,-10.2391,0.0800,51.7743
2026-05-09T13:07:40.702,-10.2255,0.0800,51.8511
2026-05-09T13:07:40.716,-10.2130,0.0800,51.9217
2026-05-09T13:07:40.730,-10.1991,0.0800,52.0003
2026-05-09T13:07:40.744,-10.1867,0.0800,52.0703
2026-05-09T13:07:40.758,-10.1707,0.0800,52.1604
2026-05-09T13:07:40.772,-10.1599,0.0800,52.2214
2026-05-09T13:07:40.786,-10.1474,0.0800,52.2921
2026-05-09T13:07:40.800,-10.1356,0.0800,52.3592
2026-05-09T13:07:40.814,-10.1239,0.0800,52.4271
2026-05-09T13:07:40.829,-10.1119,0.0800,52.4964
2026-05-09T13:07:40.843,-10.1007,0.0800,52.5625
2026-05-09T13:07:40.858,-10.0880,0.0800,52.6399
2026-05-09T13:07:40.872,-10.0789,0.0800,52.6987
2026-05-09T13:07:40.886,-10.0697,0.0800,52.7705
2026-05-09T13:07:40.902,-10.0609,0.0800,52.8457
2026-05-09T13:07:40.921,-10.0538,0.0800,52.9129
2026-05-09T13:07:40.935,-10.0456,0.0800,52.9956
2026-05-09T13:07:40.949,-10.0374,0.0800,53.0846
2026-05-09T13:07:40.963,-10.0314,0.0800,53.1530
2026-05-09T13:07:40.978,-10.0262,0.0800,53.2223
2026-05-09T13:07:40.991,-10.0208,0.0800,53.2978
2026-05-09T13:07:41.007,-10.0162,0.0800,53.3667
2026-05-09T13:07:41.021,-10.0121,0.0800,53.4320
2026-05-09T13:07:41.035,-10.0079,0.0800,53.5156
2026-05-09T13:07:41.049,-10.0053,0.0800,53.5818
2026-05-09T13:07:41.062,-10.0031,0.0800,53.6564
2026-05-09T13:07:41.076,-10.0025,0.0800,53.7234
2026-05-09T13:07:41.090,-10.0021,0.0800,53.7849
2026-05-09T13:07:41.104,-10.0019,0.0800,53.8594
2026-05-09T13:07:41.119,-10.0027,0.0800,53.9279
2026-05-09T13:07:41.132,-10.0038,0.0800,53.9992
2026-05-09T13:07:41.146,-10.0053,0.0800,54.0716
2026-05-09T13:07:41.161,-10.0070,0.0800,54.1408
2026-05-09T13:07:41.174,-10.0088,0.0800,54.2063
2026-05-09T13:07:41.189,-10.0109,0.0800,54.2860
2026-05-09T13:07:41.202,-10.0127,0.0800,54.3498
2026-05-09T13:07:41.218,-10.0147,0.0800,54.4268
2026-05-09T13:07:41.231,-10.0163,0.0800,54.4859
2026-05-09T13:07:41.246,-10.0185,0.0800,54.5675
2026-05-09T13:07:41.259,-10.0202,0.0800,54.6317
2026-05-09T13:07:41.274,-10.0222,0.0800,54.7074
2026-05-09T13:07:41.286,-10.0240,0.0800,54.7724
2026-05-09T13:07:41.301,-10.0261,0.0800,54.8546
2026-05-09T13:07:41.314,-10.0277,0.0800,54.9101
2026-05-09T13:07:41.330,-10.0298,0.0800,54.9875
2026-05-09T13:07:41.342,-10.0315,0.0800,55.0484
2026-05-09T13:07:41.356,-10.0339,0.0800,55.1300
2026-05-09T13:07:41.370,-10.0356,0.0800,55.1906
2026-05-09T13:07:41.385,-10.0376,0.0800,55.2597
2026-05-09T13:07:41.396,-10.0398,0.0800,55.3338
2026-05-09T13:07:41.412,-10.0418,0.0800,55.4046
2026-05-09T13:07:41.425,-10.0435,0.0800,55.4607
2026-05-09T13:07:41.441,-10.0457,0.0800,55.5389
2026-05-09T13:07:41.453,-10.0474,0.0800,55.5990
2026-05-09T13:07:41.469,-10.0499,0.0800,55.6861
2026-05-09T13:07:41.481,-10.0516,0.0800,55.7440
2026-05-09T13:07:41.495,-10.0540,0.0800,55.8283
2026-05-09T13:07:41.509,-10.0555,0.0800,55.8836
2026-05-09T13:07:41.523,-10.0576,0.0800,55.9568
2026-05-09T13:07:41.536,-10.0595,0.0800,56.0243
2026-05-09T13:07:41.552,-10.0615,0.0800,56.0947
2026-05-09T13:07:41.563,-10.0633,0.0800,56.1565
2026-05-09T13:07:41.578,-10.0656,0.0800,56.2394
2026-05-09T13:07:41.591,-10.0671,0.0800,56.2950
2026-05-09T13:07:41.607,-10.0693,0.0800,56.3717
2026-05-09T13:07:41.619,-10.0710,0.0800,56.4342
2026-05-09T13:07:41.634,-10.0733,0.0800,56.5161
2026-05-09T13:07:41.646,-10.0749,0.0800,56.5740
2026-05-09T13:07:41.661,-10.0771,0.0800,56.6564
2026-05-09T13:07:41.673,-10.0784,0.0800,56.7043
2026-05-09T13:07:41.686,-10.0806,0.0800,56.7842
2026-05-09T13:07:41.702,-10.0821,0.0800,56.8398
2026-05-09T13:07:41.715,-10.0839,0.0800,56.9086
2026-05-09T13:07:41.729,-10.0861,0.0800,56.9885
2026-05-09T13:07:41.741,-10.0878,0.0800,57.0520
2026-05-09T13:07:41.757,-10.0896,0.0800,57.1195
2026-05-09T13:07:41.771,-10.0914,0.0800,57.1836
2026-05-09T13:07:41.783,-10.0935,0.0800,57.2646
2026-05-09T13:07:41.799,-10.0953,0.0800,57.3313
2026-05-09T13:07:41.815,-10.0977,0.0800,57.4188
2026-05-09T13:07:41.832,-10.0996,0.0800,57.4907
2026-05-09T13:07:41.849,-10.1002,0.0800,57.5589
2026-05-09T13:07:41.867,-10.1004,0.0800,57.6404
2026-05-09T13:07:41.886,-10.0976,0.0800,57.7232
2026-05-09T13:07:41.905,-10.0916,0.0800,57.8146
2026-05-09T13:07:41.922,-10.0827,0.0800,57.9121
2026-05-09T13:07:41.940,-10.0714,0.0800,58.0085
2026-05-09T13:07:41.957,-10.0594,0.0800,58.0916
2026-05-09T13:07:41.974,-10.0439,0.0800,58.1836
2026-05-09T13:07:41.990,-10.0270,0.0800,58.2710
2026-05-09T13:07:42.007,-10.0089,0.0800,58.3534
2026-05-09T13:07:42.025,-9.9955,0.0800,58.4288
2026-05-09T13:07:42.043,-9.9722,0.0800,58.5169
2026-05-09T13:07:42.062,-9.9468,0.0800,58.6038
2026-05-09T13:07:42.082,-9.9194,0.0800,58.6898
2026-05-09T13:07:42.102,-9.8886,0.0800,58.7794
2026-05-09T13:07:42.119,-9.8533,0.0800,58.8744
2026-05-09T13:07:42.137,-9.8130,0.0800,58.9755
2026-05-09T13:07:42.155,-9.7801,0.0800,59.0517
2026-05-09T13:07:42.175,-9.7428,0.0800,59.1338
2026-05-09T13:07:42.194,-9.7058,0.0800,59.2142
2026-05-09T13:07:42.212,-9.6599,0.0800,59.3095
2026-05-09T13:07:42.230,-9.6138,0.0800,59.4004
2026-05-09T13:07:42.247,-9.5818,0.0800,59.4733
2026-05-09T13:07:42.266,-9.5365,0.0800,59.5554
2026-05-09T13:07:42.284,-9.4930,0.0800,59.6303
2026-05-09T13:07:42.302,-9.4444,0.0800,59.7107
2026-05-09T13:07:42.319,-9.3969,0.0800,59.7869
2026-05-09T13:07:42.337,-9.3425,0.0800,59.8722
2026-05-09T13:07:42.355,-9.2987,0.0800,59.9389
2026-05-09T13:07:42.373,-9.2501,0.0800,60.0119
2026-05-09T13:07:42.391,-9.1996,0.0800,60.0872
2026-05-09T13:07:42.413,-9.1485,0.0800,60.1669
2026-05-09T13:07:42.436,-9.1012,0.0800,60.2385
2026-05-09T13:07:42.457,-9.0390,0.0800,60.3328
2026-05-09T13:07:42.477,-8.9709,0.0800,60.4362
2026-05-09T13:07:42.496,-8.9173,0.0800,60.5177
2026-05-09T13:07:42.515,-8.8637,0.0800,60.5990
2026-05-09T13:07:42.535,-8.8101,0.0800,60.6805
2026-05-09T13:07:42.555,-8.7604,0.0800,60.7561
2026-05-09T13:07:42.575,-8.7053,0.0800,60.8399
2026-05-09T13:07:42.596,-8.6513,0.0800,60.9221
2026-05-09T13:07:42.616,-8.5970,0.0800,61.0046
2026-05-09T13:07:42.637,-8.5374,0.0800,61.0952
2026-05-09T13:07:42.659,-8.4831,0.0800,61.1776
2026-05-09T13:07:42.683,-8.4237,0.0800,61.2679
2026-05-09T13:07:42.706,-8.3638,0.0800,61.3589
2026-05-09T13:07:42.725,-8.2964,0.0800,61.4589
2026-05-09T13:07:42.743,-8.2278,0.0800,61.5550
2026-05-09T13:07:42.762,-8.1747,0.0800,61.6228
2026-05-09T13:07:42.781,-8.1090,0.0800,61.6899
2026-05-09T13:07:42.804,-8.0392,0.0800,61.7578
2026-05-09T13:07:42.827,-7.9692,0.0800,61.8179
2026-05-09T13:07:42.854,-7.8815,0.0800,61.8913
2026-05-09T13:07:42.883,-7.7917,0.0800,61.9600
2026-05-09T13:07:42.906,-7.6801,0.0800,62.0389
2026-05-09T13:07:42.925,-7.5637,0.0800,62.1235
2026-05-09T13:07:42.944,-7.4793,0.0800,62.1865
2026-05-09T13:07:42.963,-7.3934,0.0800,62.2532
2026-05-09T13:07:42.980,-7.3322,0.0800,62.3028
2026-05-09T13:07:42.998,-7.2577,0.0800,62.3638
2026-05-09T13:07:43.017,-7.1975,0.0800,62.4149
2026-05-09T13:07:43.036,-7.1311,0.0800,62.4732
2026-05-09T13:07:43.054,-7.0647,0.0800,62.5337
2026-05-09T13:07:43.071,-6.9920,0.0800,62.6028
2026-05-09T13:07:43.089,-6.9320,0.0800,62.6565
2026-05-09T13:07:43.109,-6.8750,0.0800,62.7156
2026-05-09T13:07:43.131,-6.8152,0.0800,62.7799
2026-05-09T13:07:43.149,-6.7472,0.0800,62.8560
2026-05-09T13:07:43.168,-6.6761,0.0800,62.9395
2026-05-09T13:07:43.186,-6.6239,0.0800,63.0041
2026-05-09T13:07:43.204,-6.5693,0.0800,63.0743
2026-05-09T13:07:43.221,-6.5178,0.0800,63.1435
2026-05-09T13:07:43.239,-6.4645,0.0800,63.2182
2026-05-09T13:07:43.256,-6.4183,0.0800,63.2860
2026-05-09T13:07:43.273,-6.3718,0.0800,63.3572
2026-05-09T13:07:43.290,-6.3290,0.0800,63.4263
2026-05-09T13:07:43.309,-6.2799,0.0800,63.5023
2026-05-09T13:07:43.328,-6.2387,0.0800,63.5749
2026-05-09T13:07:43.344,-6.1976,0.0800,63.6507
2026-05-09T13:07:43.361,-6.1551,0.0800,63.7327
2026-05-09T13:07:43.378,-6.1192,0.0800,63.8056
2026-05-09T13:07:43.394,-6.0852,0.0800,63.8779
2026-05-09T13:07:43.412,-6.0513,0.0800,63.9532
2026-05-09T13:07:43.428,-6.0190,0.0800,64.0266
2026-05-09T13:07:43.448,-5.9825,0.0800,64.1060
2026-05-09T13:07:43.465,-5.9504,0.0800,64.1826
2026-05-09T13:07:43.484,-5.9150,0.0800,64.2691
2026-05-09T13:07:43.502,-5.8809,0.0800,64.3550
2026-05-09T13:07:43.520,-5.8499,0.0800,64.4355
2026-05-09T13:07:43.536,-5.8171,0.0800,64.5230
2026-05-09T13:07:43.552,-5.7889,0.0800,64.6015
2026-05-09T13:07:43.569,-5.7631,0.0800,64.6768
2026-05-09T13:07:43.587,-5.7357,0.0800,64.7542
2026-05-09T13:07:43.605,-5.7112,0.0800,64.8348
2026-05-09T13:07:43.620,-5.6886,0.0800,64.9152
2026-05-09T13:07:43.636,-5.6665,0.0800,65.0002
2026-05-09T13:07:43.652,-5.6492,0.0800,65.0724
2026-05-09T13:07:43.669,-5.6320,0.0800,65.1512
2026-05-09T13:07:43.687,-5.6131,0.0800,65.2279
2026-05-09T13:07:43.703,-5.5987,0.0800,65.3089
2026-05-09T13:07:43.719,-5.5859,0.0800,65.3917
2026-05-09T13:07:43.735,-5.5752,0.0800,65.4721
2026-05-09T13:07:43.752,-5.5673,0.0800,65.5476
2026-05-09T13:07:43.766,-5.5610,0.0800,65.6277
2026-05-09T13:07:43.782,-5.5535,0.0800,65.7088
2026-05-09T13:07:43.797,-5.5520,0.0800,65.7799
2026-05-09T13:07:43.812,-5.5523,0.0800,65.8542
2026-05-09T13:07:43.827,-5.5549,0.0800,65.9318
2026-05-09T13:07:43.843,-5.5557,0.0800,66.0026
2026-05-09T13:07:43.859,-5.5621,0.0800,66.0770
2026-05-09T13:07:43.874,-5.5711,0.0800,66.1586
2026-05-09T13:07:43.888,-5.5817,0.0800,66.2310
2026-05-09T13:07:43.903,-5.5944,0.0800,66.3060
2026-05-09T13:07:43.918,-5.6043,0.0800,66.3762
2026-05-09T13:07:43.932,-5.6200,0.0800,66.4506
2026-05-09T13:07:43.946,-5.6353,0.0800,66.5167
2026-05-09T13:07:43.961,-5.6500,0.0800,66.5872
2026-05-09T13:07:43.975,-5.6680,0.0800,66.6525
2026-05-09T13:07:43.990,-5.6891,0.0800,66.7237
2026-05-09T13:07:44.004,-5.7098,0.0800,66.7875
2026-05-09T13:07:44.020,-5.7297,0.0800,66.8551
2026-05-09T13:07:44.036,-5.7546,0.0800,66.9234
2026-05-09T13:07:44.051,-5.7824,0.0800,66.9948
2026-05-09T13:07:44.065,-5.8127,0.0800,67.0685
2026-05-09T13:07:44.080,-5.8392,0.0800,67.1388
2026-05-09T13:07:44.094,-5.8702,0.0800,67.2068
2026-05-09T13:07:44.108,-5.8979,0.0800,67.2649
2026-05-09T13:07:44.121,-5.9303,0.0800,67.3301
2026-05-09T13:07:44.136,-5.9586,0.0800,67.3919
2026-05-09T13:07:44.149,-5.9901,0.0800,67.4502
2026-05-09T13:07:44.163,-6.0235,0.0800,67.5093
2026-05-09T13:07:44.178,-6.0563,0.0800,67.5705
2026-05-09T13:07:44.192,-6.0945,0.0800,67.6322
2026-05-09T13:07:44.213,-6.1300,0.0800,67.6873
2026-05-09T13:07:44.227,-6.1692,0.0800,67.7510
2026-05-09T13:07:44.243,-6.2253,0.0800,67.8303
2026-05-09T13:07:44.256,-6.2689,0.0800,67.8875
2026-05-09T13:07:44.270,-6.3150,0.0800,67.9446
2026-05-09T13:07:44.284,-6.3572,0.0800,67.9946
2026-05-09T13:07:44.298,-6.4011,0.0800,68.0493
2026-05-09T13:07:44.312,-6.4480,0.0800,68.1005
2026-05-09T13:07:44.325,-6.4947,0.0800,68.1493
2026-05-09T13:07:44.340,-6.5441,0.0800,68.2027
2026-05-09T13:07:44.354,-6.5909,0.0800,68.2471
2026-05-09T13:07:44.368,-6.6454,0.0800,68.2966
2026-05-09T13:07:44.382,-6.6975,0.0800,68.3409
2026-05-09T13:07:44.395,-6.7498,0.0800,68.3870
2026-05-09T13:07:44.409,-6.7957,0.0800,68.4180
2026-05-09T13:07:44.423,-6.8416,0.0800,68.4455
2026-05-09T13:07:44.437,-6.8855,0.0800,68.4719
2026-05-09T13:07:44.451,-6.9271,0.0800,68.4906
2026-05-09T13:07:44.465,-6.9764,0.0800,68.5114
2026-05-09T13:07:44.480,-7.0175,0.0800,68.5318
2026-05-09T13:07:44.493,-7.0635,0.0800,68.5491
2026-05-09T13:07:44.507,-7.1122,0.0800,68.5663
2026-05-09T13:07:44.521,-7.1578,0.0800,68.5855
2026-05-09T13:07:44.536,-7.2040,0.0800,68.6003
2026-05-09T13:07:44.549,-7.2507,0.0800,68.6149
2026-05-09T13:07:44.562,-7.3000,0.0800,68.6297
2026-05-09T13:07:44.576,-7.3443,0.0800,68.6460
2026-05-09T13:07:44.591,-7.3860,0.0800,68.6579
2026-05-09T13:07:44.604,-7.4326,0.0800,68.6711
2026-05-09T13:07:44.618,-7.4828,0.0800,68.6892
2026-05-09T13:07:44.632,-7.5264,0.0800,68.7016
2026-05-09T13:07:44.646,-7.5742,0.0800,68.7148
2026-05-09T13:07:44.660,-7.6196,0.0800,68.7312
2026-05-09T13:07:44.674,-7.6643,0.0800,68.7432
2026-05-09T13:07:44.688,-7.7146,0.0800,68.7560
2026-05-09T13:07:44.701,-7.7691,0.0800,68.7688
2026-05-09T13:07:44.716,-7.8085,0.0800,68.7814
2026-05-09T13:07:44.729,-7.8518,0.0800,68.7902
2026-05-09T13:07:44.743,-7.9045,0.0800,68.8002
2026-05-09T13:07:44.757,-7.9479,0.0800,68.8114
2026-05-09T13:07:44.770,-7.9961,0.0800,68.8189
2026-05-09T13:07:44.784,-8.0423,0.0800,68.8254
2026-05-09T13:07:44.799,-8.0896,0.0800,68.8347
2026-05-09T13:07:44.813,-8.1359,0.0800,68.8397
2026-05-09T13:07:44.827,-8.1885,0.0800,68.8447
2026-05-09T13:07:44.842,-8.2337,0.0800,68.8519
2026-05-09T13:07:44.856,-8.2838,0.0800,68.8550
2026-05-09T13:07:44.868,-8.3367,0.0800,68.8573
2026-05-09T13:07:44.883,-8.3815,0.0800,68.8584
2026-05-09T13:07:44.896,-8.4181,0.0800,68.8619
2026-05-09T13:07:44.909,-8.4617,0.0800,68.8616
2026-05-09T13:07:44.922,-8.4943,0.0800,68.8608
2026-05-09T13:07:44.937,-8.5249,0.0800,68.8623
2026-05-09T13:07:44.953,-8.5494,0.0800,68.8612
2026-05-09T13:07:44.966,-8.5689,0.0800,68.8603
2026-05-09T13:07:44.979,-8.5876,0.0800,68.8607
2026-05-09T13:07:44.992,-8.6018,0.0800,68.8599
2026-05-09T13:07:45.008,-8.6151,0.0800,68.8590
2026-05-09T13:07:45.022,-8.6297,0.0800,68.8590
2026-05-09T13:07:45.035,-8.6469,0.0800,68.8577
2026-05-09T13:07:45.051,-8.6616,0.0800,68.8566
2026-05-09T13:07:45.062,-8.6820,0.0800,68.8549
2026-05-09T13:07:45.077,-8.7066,0.0800,68.8542
2026-05-09T13:07:45.090,-8.7277,0.0800,68.8520
2026-05-09T13:07:45.103,-8.7662,0.0800,68.8475
2026-05-09T13:07:45.119,-8.8091,0.0800,68.8451
2026-05-09T13:07:45.133,-8.8507,0.0800,68.8388
2026-05-09T13:07:45.146,-8.8993,0.0800,68.8307
2026-05-09T13:07:45.160,-8.9432,0.0800,68.8267
2026-05-09T13:07:45.175,-8.9809,0.0800,68.8190
2026-05-09T13:07:45.189,-9.0254,0.0800,68.8092
2026-05-09T13:07:45.202,-9.0716,0.0800,68.7981
2026-05-09T13:07:45.216,-9.1165,0.0800,68.7907
2026-05-09T13:07:45.229,-9.1517,0.0800,68.7809
2026-05-09T13:07:45.243,-9.1956,0.0800,68.7681
2026-05-09T13:07:45.258,-9.2369,0.0800,68.7592
2026-05-09T13:07:45.272,-9.2749,0.0800,68.7467
2026-05-09T13:07:45.285,-9.3242,0.0800,68.7295
2026-05-09T13:07:45.299,-9.3687,0.0800,68.7178
2026-05-09T13:07:45.314,-9.4011,0.0800,68.7051
2026-05-09T13:07:45.327,-9.4431,0.0800,68.6880
2026-05-09T13:07:45.341,-9.4865,0.0800,68.6737
2026-05-09T13:07:45.356,-9.5269,0.0800,68.6556
2026-05-09T13:07:45.370,-9.5733,0.0800,68.6338
2026-05-09T13:07:45.384,-9.6059,0.0800,68.6177
2026-05-09T13:07:45.399,-9.6545,0.0800,68.5963
2026-05-09T13:07:45.413,-9.6872,0.0800,68.5788
2026-05-09T13:07:45.428,-9.7292,0.0800,68.5554
2026-05-09T13:07:45.442,-9.7692,0.0800,68.5369
2026-05-09T13:07:45.456,-9.8078,0.0800,68.5136
2026-05-09T13:07:45.477,-9.8476,0.0800,68.4886
2026-05-09T13:07:45.491,-9.8808,0.0800,68.4669
2026-05-09T13:07:45.507,-9.9352,0.0800,68.4301
2026-05-09T13:07:45.522,-9.9729,0.0800,68.4101
2026-05-09T13:07:45.535,-10.0158,0.0800,68.3785
2026-05-09T13:07:45.550,-10.0513,0.0800,68.3512
2026-05-09T13:07:45.574,-10.0837,0.0800,68.3253
2026-05-09T13:07:45.591,-10.1232,0.0800,68.2973
2026-05-09T13:07:45.605,-10.1792,0.0800,68.2493
2026-05-09T13:07:45.618,-10.2239,0.0800,68.2173
2026-05-09T13:07:45.633,-10.2560,0.0800,68.1869
2026-05-09T13:07:45.646,-10.2851,0.0800,68.1583
2026-05-09T13:07:45.660,-10.3191,0.0800,68.1289
2026-05-09T13:07:45.674,-10.3560,0.0800,68.0902
2026-05-09T13:07:45.689,-10.3780,0.0800,68.0662
2026-05-09T13:07:45.704,-10.4132,0.0800,68.0267
2026-05-09T13:07:45.720,-10.4449,0.0800,67.9967
2026-05-09T13:07:45.737,-10.4739,0.0800,67.9616
2026-05-09T13:07:45.753,-10.5025,0.0800,67.9256
2026-05-09T13:07:45.770,-10.5354,0.0800,67.8828
2026-05-09T13:07:45.786,-10.5673,0.0800,67.8471
2026-05-09T13:07:45.801,-10.6000,0.0800,67.8009
2026-05-09T13:07:45.816,-10.6266,0.0800,67.7616
2026-05-09T13:07:45.833,-10.6549,0.0800,67.7179
2026-05-09T13:07:45.848,-10.6777,0.0800,67.6812
2026-05-09T13:07:45.864,-10.7077,0.0800,67.6381
2026-05-09T13:07:45.879,-10.7303,0.0800,67.5984
2026-05-09T13:07:45.894,-10.7544,0.0800,67.5546
2026-05-09T13:07:45.910,-10.7760,0.0800,67.5131
2026-05-09T13:07:45.927,-10.7976,0.0800,67.4699
2026-05-09T13:07:45.943,-10.8308,0.0800,67.4000
2026-05-09T13:07:45.959,-10.8469,0.0800,67.3798
2026-05-09T13:07:45.975,-10.8677,0.0800,67.3312
2026-05-09T13:07:45.991,-10.8858,0.0800,67.2863
2026-05-09T13:07:46.013,-10.9034,0.0800,67.2403
2026-05-09T13:07:46.035,-10.9104,0.0800,67.1717
2026-05-09T13:07:46.054,-10.9148,0.0800,67.1289
2026-05-09T13:07:46.071,-10.9140,0.0800,67.0614
2026-05-09T13:07:46.087,-10.9171,0.0800,67.0049
2026-05-09T13:07:46.103,-10.9194,0.0800,66.9547
2026-05-09T13:07:46.119,-10.9212,0.0800,66.9070
2026-05-09T13:07:46.136,-10.9225,0.0800,66.8572
2026-05-09T13:07:46.154,-10.9242,0.0800,66.8099
2026-05-09T13:07:46.175,-10.9250,0.0800,66.7547
2026-05-09T13:07:46.196,-10.9269,0.0800,66.7018
2026-05-09T13:07:46.215,-10.9274,0.0800,66.6356
2026-05-09T13:07:46.235,-10.9294,0.0800,66.5682
2026-05-09T13:07:46.252,-10.9326,0.0800,66.5136
2026-05-09T13:07:46.270,-10.9334,0.0800,66.4484
2026-05-09T13:07:46.287,-10.9367,0.0800,66.3965
2026-05-09T13:07:46.304,-10.9371,0.0800,66.3422
2026-05-09T13:07:46.322,-10.9365,0.0800,66.2877
2026-05-09T13:07:46.343,-10.9346,0.0800,66.2308
2026-05-09T13:07:46.364,-10.9318,0.0800,66.1796
2026-05-09T13:07:46.384,-10.9267,0.0800,66.1130
2026-05-09T13:07:46.404,-10.9200,0.0800,66.0465
2026-05-09T13:07:46.421,-10.9122,0.0800,65.9865
2026-05-09T13:07:46.438,-10.9018,0.0800,65.9181
2026-05-09T13:07:46.455,-10.8938,0.0800,65.8739
2026-05-09T13:07:46.476,-10.8833,0.0800,65.8210
2026-05-09T13:07:46.497,-10.8717,0.0800,65.7684
2026-05-09T13:07:46.521,-10.8565,0.0800,65.7057
2026-05-09T13:07:46.541,-10.8391,0.0800,65.6413
2026-05-09T13:07:46.560,-10.8183,0.0800,65.5714
2026-05-09T13:07:46.577,-10.7974,0.0800,65.5079
2026-05-09T13:07:46.596,-10.7788,0.0800,65.4559
2026-05-09T13:07:46.615,-10.7594,0.0800,65.4053
2026-05-09T13:07:46.635,-10.7374,0.0800,65.3511
2026-05-09T13:07:46.655,-10.7150,0.0800,65.3002
2026-05-09T13:07:46.676,-10.6895,0.0800,65.2463
2026-05-09T13:07:46.697,-10.6650,0.0800,65.1989
2026-05-09T13:07:46.716,-10.6364,0.0800,65.1470
2026-05-09T13:07:46.735,-10.6066,0.0800,65.0962
2026-05-09T13:07:46.754,-10.5818,0.0800,65.0568
2026-05-09T13:07:46.774,-10.5512,0.0800,65.0115
2026-05-09T13:07:46.795,-10.5156,0.0800,64.9746
2026-05-09T13:07:46.816,-10.4689,0.0800,64.9366
2026-05-09T13:07:46.837,-10.4917,0.0800,65.0431
2026-05-09T13:07:46.855,-10.5206,0.0800,65.1464
2026-05-09T13:07:46.874,-10.5531,0.0800,65.2480
2026-05-09T13:07:46.893,-10.5837,0.0800,65.3344
2026-05-09T13:07:46.914,-10.6195,0.0800,65.4285
2026-05-09T13:07:46.936,-10.6589,0.0800,65.5092
2026-05-09T13:07:46.955,-10.7056,0.0800,65.6086
2026-05-09T13:07:46.974,-10.7560,0.0800,65.7075
2026-05-09T13:07:46.993,-10.7987,0.0800,65.7913
2026-05-09T13:07:47.012,-10.8422,0.0800,65.8767
2026-05-09T13:07:47.031,-10.8856,0.0800,65.9620
2026-05-09T13:07:47.049,-10.9139,0.0800,66.0458
2026-05-09T13:07:47.068,-10.9139,0.0800,66.1311
2026-05-09T13:07:47.087,-10.9141,0.0800,66.2087
2026-05-09T13:07:47.106,-10.9147,0.0800,66.2963
2026-05-09T13:07:47.125,-10.9155,0.0800,66.3802
2026-05-09T13:07:47.146,-10.9172,0.0800,66.4736
2026-05-09T13:07:47.167,-10.9181,0.0800,66.5599
2026-05-09T13:07:47.185,-10.9181,0.0800,66.5846
2026-05-09T13:07:47.204,-10.9181,0.0800,66.5936
2026-05-09T13:07:47.351,-10.9158,0.0800,66.5915
2026-05-09T13:07:47.370,-10.8803,0.0800,66.5672
2026-05-09T13:07:47.389,-10.8024,0.0800,66.5176
2026-05-09T13:07:47.407,-10.7137,0.0800,66.4614
2026-05-09T13:07:47.425,-10.6406,0.0800,66.4151
2026-05-09T13:07:47.442,-10.5601,0.0800,66.3655
2026-05-09T13:07:47.460,-10.4867,0.0800,66.3206
2026-05-09T13:07:47.479,-10.4117,0.0800,66.2748
2026-05-09T13:07:47.498,-10.3353,0.0800,66.2282
2026-05-09T13:07:47.516,-10.2601,0.0800,66.1824
2026-05-09T13:07:47.535,-10.1711,0.0800,66.1281
2026-05-09T13:07:47.552,-10.1007,0.0800,66.0852
2026-05-09T13:07:47.569,-10.0151,0.0800,66.0332
2026-05-09T13:07:47.587,-9.9462,0.0800,65.9913
2026-05-09T13:07:47.606,-9.8730,0.0800,65.9469
2026-05-09T13:07:47.626,-9.7979,0.0800,65.9012
2026-05-09T13:07:47.649,-9.7092,0.0800,65.8472
2026-05-09T13:07:47.667,-9.6438,0.0800,65.8071
2026-05-09T13:07:47.686,-9.5790,0.0800,65.7670
2026-05-09T13:07:47.703,-9.5587,0.0800,65.7538
2026-05-09T13:07:48.017,-9.5650,0.0800,65.7612
2026-05-09T13:07:48.033,-9.5774,0.0800,65.7732
2026-05-09T13:07:48.049,-9.5978,0.0800,65.7924
2026-05-09T13:07:48.065,-9.6250,0.0800,65.8228
2026-05-09T13:07:48.084,-9.6572,0.0800,65.8550
2026-05-09T13:07:48.100,-9.6802,0.0800,65.8792
2026-05-09T13:07:48.118,-9.7084,0.0800,65.9098
2026-05-09T13:07:48.134,-9.7328,0.0800,65.9377
2026-05-09T13:07:48.153,-9.7601,0.0800,65.9703
2026-05-09T13:07:48.169,-9.7862,0.0800,66.0031
2026-05-09T13:07:48.185,-9.8068,0.0800,66.0393
2026-05-09T13:07:48.201,-9.8281,0.0800,66.0689
2026-05-09T13:07:48.217,-9.8498,0.0800,66.1005
2026-05-09T13:07:48.232,-9.8714,0.0800,66.1335
2026-05-09T13:07:48.248,-9.8938,0.0800,66.1695
2026-05-09T13:07:48.264,-9.9054,0.0800,66.2000
2026-05-09T13:07:48.280,-9.9223,0.0800,66.2299
2026-05-09T13:07:48.295,-9.9411,0.0800,66.2646
2026-05-09T13:07:48.310,-9.9572,0.0800,66.2963
2026-05-09T13:07:48.325,-9.9735,0.0800,66.3310
2026-05-09T13:07:48.341,-9.9789,0.0800,66.3548
2026-05-09T13:07:48.357,-9.9852,0.0800,66.3697
2026-05-09T13:07:48.372,-9.9856,0.0800,66.3711
2026-05-09T13:07:48.531,-9.9870,0.0800,66.3733
2026-05-09T13:07:48.545,-9.9898,0.0800,66.3779
2026-05-09T13:07:48.559,-9.9959,0.0800,66.3875
2026-05-09T13:07:48.574,-10.0034,0.0800,66.3993
2026-05-09T13:07:48.588,-10.0138,0.0800,66.4158
2026-05-09T13:07:48.604,-10.0296,0.0800,66.4401
2026-05-09T13:07:48.619,-10.0509,0.0800,66.4733
2026-05-09T13:07:48.633,-10.0829,0.0800,66.5219
2026-05-09T13:07:48.648,-10.1189,0.0800,66.5781
2026-05-09T13:07:48.671,-10.1587,0.0800,66.6398
2026-05-09T13:07:48.685,-10.2024,0.0800,66.7075
2026-05-09T13:07:48.699,-10.2603,0.0800,66.7952
2026-05-09T13:07:48.713,-10.2983,0.0800,66.8529
2026-05-09T13:07:48.727,-10.3378,0.0800,66.9127
2026-05-09T13:07:48.741,-10.3762,0.0800,66.9708
2026-05-09T13:07:48.755,-10.4134,0.0800,67.0271
2026-05-09T13:07:48.769,-10.4538,0.0800,67.0881
2026-05-09T13:07:48.782,-10.4924,0.0800,67.1464
2026-05-09T13:07:48.797,-10.5287,0.0800,67.2016
2026-05-09T13:07:48.811,-10.5655,0.0800,67.2574
2026-05-09T13:07:48.824,-10.6072,0.0800,67.3207
2026-05-09T13:07:48.838,-10.6435,0.0800,67.3757
2026-05-09T13:07:48.852,-10.6803,0.0800,67.4321
2026-05-09T13:07:48.866,-10.7205,0.0800,67.4943
2026-05-09T13:07:48.880,-10.7541,0.0800,67.5527
2026-05-09T13:07:48.894,-10.7876,0.0800,67.6145
2026-05-09T13:07:48.908,-10.8176,0.0800,67.6774
2026-05-09T13:07:48.921,-10.8361,0.0800,67.7449
2026-05-09T13:07:48.936,-10.8496,0.0800,67.8127
2026-05-09T13:07:48.950,-10.8593,0.0800,67.8786
2026-05-09T13:07:48.963,-10.8641,0.0800,67.9559
2026-05-09T13:07:48.977,-10.8672,0.0800,68.0199
2026-05-09T13:07:48.991,-10.8660,0.0800,68.0903
2026-05-09T13:07:49.005,-10.8614,0.0800,68.1581
2026-05-09T13:07:49.019,-10.8546,0.0800,68.2271
2026-05-09T13:07:49.033,-10.8433,0.0800,68.2996
2026-05-09T13:07:49.047,-10.8317,0.0800,68.3650
2026-05-09T13:07:49.061,-10.8168,0.0800,68.4335
2026-05-09T13:07:49.075,-10.8017,0.0800,68.5007
2026-05-09T13:07:49.089,-10.7859,0.0800,68.5691
2026-05-09T13:07:49.102,-10.7685,0.0800,68.6400
2026-05-09T13:07:49.116,-10.7521,0.0800,68.7046
2026-05-09T13:07:49.130,-10.7343,0.0800,68.7707
2026-05-09T13:07:49.144,-10.7140,0.0800,68.8381
2026-05-09T13:07:49.158,-10.6928,0.0800,68.9050
2026-05-09T13:07:49.172,-10.6700,0.0800,68.9693
2026-05-09T13:07:49.185,-10.6448,0.0800,69.0378
2026-05-09T13:07:49.200,-10.6207,0.0800,69.1018
2026-05-09T13:07:49.214,-10.5963,0.0800,69.1636
2026-05-09T13:07:49.227,-10.5687,0.0800,69.2314
2026-05-09T13:07:49.242,-10.5424,0.0800,69.2943
2026-05-09T13:07:49.255,-10.5144,0.0800,69.3583
2026-05-09T13:07:49.269,-10.4853,0.0800,69.4238
2026-05-09T13:07:49.283,-10.4570,0.0800,69.4854
2026-05-09T13:07:49.297,-10.4275,0.0800,69.5492
2026-05-09T13:07:49.311,-10.3985,0.0800,69.6113
2026-05-09T13:07:49.325,-10.3680,0.0800,69.6764
2026-05-09T13:07:49.339,-10.3377,0.0800,69.7405
2026-05-09T13:07:49.353,-10.3092,0.0800,69.7985
2026-05-09T13:07:49.366,-10.2768,0.0800,69.8630
2026-05-09T13:07:49.381,-10.2446,0.0800,69.9261
2026-05-09T13:07:49.395,-10.2067,0.0800,69.9975
2026-05-09T13:07:49.409,-10.1796,0.0800,70.0478
2026-05-09T13:07:49.422,-10.1446,0.0800,70.1108
2026-05-09T13:07:49.437,-10.1103,0.0800,70.1717
2026-05-09T13:07:49.451,-10.0769,0.0800,70.2300
2026-05-09T13:07:49.464,-10.0388,0.0800,70.2940
2026-05-09T13:07:49.478,-10.0032,0.0800,70.3504
2026-05-09T13:07:49.492,-9.9653,0.0800,70.3833
2026-05-09T13:07:49.505,-9.9253,0.0800,70.3852
2026-05-09T13:07:49.521,-9.8800,0.0800,70.3867
2026-05-09T13:07:49.534,-9.8382,0.0800,70.3886
2026-05-09T13:07:49.548,-9.7846,0.0800,70.3934
2026-05-09T13:07:49.561,-9.7363,0.0800,70.3957
2026-05-09T13:07:49.575,-9.6777,0.0800,70.4068
2026-05-09T13:07:49.589,-9.6178,0.0800,70.4121
2026-05-09T13:07:49.604,-9.5523,0.0800,70.4207
2026-05-09T13:07:49.618,-9.4878,0.0800,70.4240
2026-05-09T13:07:49.632,-9.4157,0.0800,70.4275
2026-05-09T13:07:49.645,-9.3506,0.0800,70.4311
2026-05-09T13:07:49.659,-9.2755,0.0800,70.4338
2026-05-09T13:07:49.673,-9.2134,0.0800,70.4364
2026-05-09T13:07:49.687,-9.1430,0.0800,70.4402
2026-05-09T13:07:49.701,-9.0746,0.0800,70.4417
2026-05-09T13:07:49.715,-9.0068,0.0800,70.4439
2026-05-09T13:07:49.730,-8.9320,0.0800,70.4463
2026-05-09T13:07:49.743,-8.8651,0.0800,70.4444
2026-05-09T13:07:49.758,-8.7897,0.0800,70.4423
2026-05-09T13:07:49.770,-8.7268,0.0800,70.4378
2026-05-09T13:07:49.783,-8.6530,0.0800,70.4324
2026-05-09T13:07:49.799,-8.5920,0.0800,70.4272
2026-05-09T13:07:49.813,-8.5271,0.0800,70.4205
2026-05-09T13:07:49.826,-8.4491,0.0800,70.4078
2026-05-09T13:07:49.841,-8.3806,0.0800,70.3967
2026-05-09T13:07:49.855,-8.3158,0.0800,70.3849
2026-05-09T13:07:49.869,-8.2445,0.0800,70.3694
2026-05-09T13:07:49.882,-8.1780,0.0800,70.3534
2026-05-09T13:07:49.896,-8.1099,0.0800,70.3361
2026-05-09T13:07:49.910,-8.0436,0.0800,70.3185
2026-05-09T13:07:49.924,-7.9753,0.0800,70.2983
2026-05-09T13:07:49.938,-7.9092,0.0800,70.2772
2026-05-09T13:07:49.953,-7.8459,0.0800,70.2546
2026-05-09T13:07:49.966,-7.7746,0.0800,70.2279
2026-05-09T13:07:49.981,-7.7085,0.0800,70.2012
2026-05-09T13:07:49.994,-7.6498,0.0800,70.1752
2026-05-09T13:07:50.007,-7.5862,0.0800,70.1424
2026-05-09T13:07:50.021,-7.5295,0.0800,70.1154
2026-05-09T13:07:50.036,-7.4745,0.0800,70.0813
2026-05-09T13:07:50.050,-7.4209,0.0800,70.0382
2026-05-09T13:07:50.064,-7.3673,0.0800,69.9895
2026-05-09T13:07:50.078,-7.3162,0.0800,69.9465
2026-05-09T13:07:50.092,-7.2659,0.0800,69.8958
2026-05-09T13:07:50.105,-7.2198,0.0800,69.8472
2026-05-09T13:07:50.120,-7.1665,0.0800,69.7892
2026-05-09T13:07:50.133,-7.1234,0.0800,69.7476
2026-05-09T13:07:50.146,-7.0769,0.0800,69.6966
2026-05-09T13:07:50.160,-7.0298,0.0800,69.6473
2026-05-09T13:07:50.175,-6.9859,0.0800,69.5994
2026-05-09T13:07:50.189,-6.9386,0.0800,69.5474
2026-05-09T13:07:50.203,-6.8876,0.0800,69.4903
2026-05-09T13:07:50.215,-6.8454,0.0800,69.4425
2026-05-09T13:07:50.230,-6.7973,0.0800,69.3882
2026-05-09T13:07:50.244,-6.7576,0.0800,69.3419
2026-05-09T13:07:50.258,-6.7090,0.0800,69.2848
2026-05-09T13:07:50.272,-6.6676,0.0800,69.2358
2026-05-09T13:07:50.285,-6.6198,0.0800,69.1767
2026-05-09T13:07:50.299,-6.5749,0.0800,69.1199
2026-05-09T13:07:50.313,-6.5409,0.0800,69.0737
2026-05-09T13:07:50.326,-6.4976,0.0800,69.0147
2026-05-09T13:07:50.340,-6.4590,0.0800,68.9608
2026-05-09T13:07:50.354,-6.4208,0.0800,68.9062
2026-05-09T13:07:50.368,-6.3799,0.0800,68.8470
2026-05-09T13:07:50.382,-6.3393,0.0800,68.7876
2026-05-09T13:07:50.397,-6.3019,0.0800,68.7296
2026-05-09T13:07:50.411,-6.2653,0.0800,68.6713
2026-05-09T13:07:50.425,-6.2270,0.0800,68.6043
2026-05-09T13:07:50.439,-6.1965,0.0800,68.5482
2026-05-09T13:07:50.453,-6.1636,0.0800,68.4814
2026-05-09T13:07:50.466,-6.1336,0.0800,68.4198
2026-05-09T13:07:50.479,-6.1038,0.0800,68.3579
2026-05-09T13:07:50.492,-6.0751,0.0800,68.2985
2026-05-09T13:07:50.506,-6.0469,0.0800,68.2394
2026-05-09T13:07:50.520,-6.0179,0.0800,68.1782
2026-05-09T13:07:50.535,-5.9898,0.0800,68.1189
2026-05-09T13:07:50.550,-5.9596,0.0800,68.0545
2026-05-09T13:07:50.565,-5.9274,0.0800,67.9861
2026-05-09T13:07:50.580,-5.8948,0.0800,67.9165
2026-05-09T13:07:50.594,-5.8624,0.0800,67.8476
2026-05-09T13:07:50.608,-5.8324,0.0800,67.7836
2026-05-09T13:07:50.621,-5.8010,0.0800,67.7164
2026-05-09T13:07:50.635,-5.7728,0.0800,67.6561
2026-05-09T13:07:50.649,-5.7436,0.0800,67.5932
2026-05-09T13:07:50.662,-5.7150,0.0800,67.5318
2026-05-09T13:07:50.676,-5.6855,0.0800,67.4668
2026-05-09T13:07:50.690,-5.6574,0.0800,67.4031
2026-05-09T13:07:50.704,-5.6311,0.0800,67.3400
2026-05-09T13:07:50.719,-5.6083,0.0800,67.2738
2026-05-09T13:07:50.734,-5.5878,0.0800,67.2060
2026-05-09T13:07:50.748,-5.5754,0.0800,67.1390
2026-05-09T13:07:50.761,-5.5659,0.0800,67.0661
2026-05-09T13:07:50.775,-5.5607,0.0800,66.9980
2026-05-09T13:07:50.789,-5.5610,0.0800,66.9277
2026-05-09T13:07:50.813,-5.5626,0.0800,66.8601
2026-05-09T13:07:50.827,-5.5704,0.0800,66.7943
2026-05-09T13:07:50.841,-5.5867,0.0800,66.6768
2026-05-09T13:07:50.854,-5.5989,0.0800,66.6074
2026-05-09T13:07:50.868,-5.6110,0.0800,66.5390
2026-05-09T13:07:50.883,-5.6238,0.0800,66.4736
2026-05-09T13:07:50.898,-5.6420,0.0800,66.4040
2026-05-09T13:07:50.911,-5.6613,0.0800,66.3339
2026-05-09T13:07:50.925,-5.6838,0.0800,66.2548
2026-05-09T13:07:50.938,-5.7000,0.0800,66.1986
2026-05-09T13:07:50.953,-5.7200,0.0800,66.1295
2026-05-09T13:07:50.967,-5.7396,0.0800,66.0628
2026-05-09T13:07:50.981,-5.7591,0.0800,65.9966
2026-05-09T13:07:50.995,-5.7793,0.0800,65.9280
2026-05-09T13:07:51.008,-5.7984,0.0800,65.8628
2026-05-09T13:07:51.022,-5.8185,0.0800,65.7945
2026-05-09T13:07:51.037,-5.8384,0.0800,65.7269
2026-05-09T13:07:51.051,-5.8572,0.0800,65.6627
2026-05-09T13:07:51.064,-5.8783,0.0800,65.5909
2026-05-09T13:07:51.077,-5.8990,0.0800,65.5204
2026-05-09T13:07:51.093,-5.9160,0.0800,65.4606
2026-05-09T13:07:51.106,-5.9322,0.0800,65.3978
2026-05-09T13:07:51.120,-5.9515,0.0800,65.3154
2026-05-09T13:07:51.134,-5.9644,0.0800,65.2538
2026-05-09T13:07:51.149,-5.9753,0.0800,65.1870
2026-05-09T13:07:51.161,-5.9851,0.0800,65.1163
2026-05-09T13:07:51.177,-5.9908,0.0800,65.0431
2026-05-09T13:07:51.190,-5.9937,0.0800,64.9794
2026-05-09T13:07:51.204,-5.9954,0.0800,64.9051
2026-05-09T13:07:51.218,-5.9942,0.0800,64.8338
2026-05-09T13:07:51.232,-5.9915,0.0800,64.7616
2026-05-09T13:07:51.245,-5.9872,0.0800,64.6994
2026-05-09T13:07:51.259,-5.9782,0.0800,64.6234
2026-05-09T13:07:51.274,-5.9691,0.0800,64.5634
2026-05-09T13:07:51.288,-5.9539,0.0800,64.4945
2026-05-09T13:07:51.301,-5.9352,0.0800,64.4201
2026-05-09T13:07:51.317,-5.9173,0.0800,64.3564
2026-05-09T13:07:51.330,-5.8977,0.0800,64.2921
2026-05-09T13:07:51.344,-5.8747,0.0800,64.2179
2026-05-09T13:07:51.357,-5.8553,0.0800,64.1564
2026-05-09T13:07:51.372,-5.8344,0.0800,64.0899
2026-05-09T13:07:51.385,-5.8129,0.0800,64.0222
2026-05-09T13:07:51.400,-5.7905,0.0800,63.9516
2026-05-09T13:07:51.413,-5.7711,0.0800,63.8909
2026-05-09T13:07:51.427,-5.7483,0.0800,63.8196
2026-05-09T13:07:51.442,-5.7298,0.0800,63.7615
2026-05-09T13:07:51.455,-5.7096,0.0800,63.6940
2026-05-09T13:07:51.469,-5.6895,0.0800,63.6240
2026-05-09T13:07:51.483,-5.6718,0.0800,63.5560
2026-05-09T13:07:51.496,-5.6528,0.0800,63.4890
2026-05-09T13:07:51.510,-5.6388,0.0800,63.4234
2026-05-09T13:07:51.524,-5.6259,0.0800,63.3559
2026-05-09T13:07:51.540,-5.6100,0.0800,63.2883
2026-05-09T13:07:51.553,-5.5998,0.0800,63.2211
2026-05-09T13:07:51.566,-5.5894,0.0800,63.1424
2026-05-09T13:07:51.581,-5.5782,0.0800,63.0785
2026-05-09T13:07:51.595,-5.5730,0.0800,63.0098
2026-05-09T13:07:51.609,-5.5700,0.0800,62.9390
2026-05-09T13:07:51.621,-5.5757,0.0800,62.8671
2026-05-09T13:07:51.636,-5.5824,0.0800,62.7980
2026-05-09T13:07:51.651,-5.5952,0.0800,62.7384
2026-05-09T13:07:51.663,-5.6130,0.0800,62.6638
2026-05-09T13:07:51.679,-5.6302,0.0800,62.5951
2026-05-09T13:07:51.692,-5.6462,0.0800,62.5349
2026-05-09T13:07:51.706,-5.6666,0.0800,62.4598
2026-05-09T13:07:51.720,-5.6840,0.0800,62.3962
2026-05-09T13:07:51.734,-5.7029,0.0800,62.3269
2026-05-09T13:07:51.747,-5.7218,0.0800,62.2578
2026-05-09T13:07:51.761,-5.7401,0.0800,62.1910
2026-05-09T13:07:51.775,-5.7572,0.0800,62.1276
2026-05-09T13:07:51.790,-5.7748,0.0800,62.0575
2026-05-09T13:07:51.802,-5.7909,0.0800,61.9902
2026-05-09T13:07:51.816,-5.8061,0.0800,61.9221
2026-05-09T13:07:51.830,-5.8180,0.0800,61.8611
2026-05-09T13:07:51.845,-5.8307,0.0800,61.7919
2026-05-09T13:07:51.858,-5.8424,0.0800,61.7233
2026-05-09T13:07:51.873,-5.8538,0.0800,61.6503
2026-05-09T13:07:51.885,-5.8641,0.0800,61.5824
2026-05-09T13:07:51.900,-5.8746,0.0800,61.5093
2026-05-09T13:07:51.913,-5.8825,0.0800,61.4493
2026-05-09T13:07:51.927,-5.8923,0.0800,61.3727
2026-05-09T13:07:51.941,-5.8989,0.0800,61.3105
2026-05-09T13:07:51.955,-5.9058,0.0800,61.2405
2026-05-09T13:07:51.968,-5.9116,0.0800,61.1742
2026-05-09T13:07:51.982,-5.9169,0.0800,61.1046
2026-05-09T13:07:51.996,-5.9231,0.0800,61.0360
2026-05-09T13:07:52.010,-5.9271,0.0800,60.9692
2026-05-09T13:07:52.023,-5.9310,0.0800,60.8973
2026-05-09T13:07:52.037,-5.9354,0.0800,60.8335
2026-05-09T13:07:52.051,-5.9382,0.0800,60.7643
2026-05-09T13:07:52.065,-5.9419,0.0800,60.6942
2026-05-09T13:07:52.080,-5.9457,0.0800,60.6205
2026-05-09T13:07:52.094,-5.9492,0.0800,60.5521
2026-05-09T13:07:52.109,-5.9527,0.0800,60.4848
2026-05-09T13:07:52.124,-5.9569,0.0800,60.4041
2026-05-09T13:07:52.139,-5.9604,0.0800,60.3365
2026-05-09T13:07:52.153,-5.9642,0.0800,60.2610
2026-05-09T13:07:52.168,-5.9682,0.0800,60.1834
2026-05-09T13:07:52.183,-5.9717,0.0800,60.1155
2026-05-09T13:07:52.197,-5.9753,0.0800,60.0454
2026-05-09T13:07:52.212,-5.9792,0.0800,59.9682
2026-05-09T13:07:52.226,-5.9830,0.0800,59.8947
2026-05-09T13:07:52.240,-5.9866,0.0800,59.8240
2026-05-09T13:07:52.254,-5.9903,0.0800,59.7509
2026-05-09T13:07:52.269,-5.9939,0.0800,59.6820
2026-05-09T13:07:52.284,-5.9973,0.0800,59.6132
2026-05-09T13:07:52.301,-6.0012,0.0800,59.5328
2026-05-09T13:07:52.318,-6.0044,0.0800,59.4640
2026-05-09T13:07:52.332,-6.0084,0.0800,59.3781
2026-05-09T13:07:52.346,-6.0122,0.0800,59.2959
2026-05-09T13:07:52.360,-6.0156,0.0800,59.2213
2026-05-09T13:07:52.375,-6.0184,0.0800,59.1555
2026-05-09T13:07:52.391,-6.0215,0.0800,59.0787
2026-05-09T13:07:52.406,-6.0244,0.0800,59.0054
2026-05-09T13:07:52.422,-6.0273,0.0800,58.9304
2026-05-09T13:07:52.436,-6.0304,0.0800,58.8473
2026-05-09T13:07:52.450,-6.0332,0.0800,58.7734
2026-05-09T13:07:52.464,-6.0357,0.0800,58.7044
2026-05-09T13:07:52.479,-6.0383,0.0800,58.6342
2026-05-09T13:07:52.495,-6.0409,0.0800,58.5627
2026-05-09T13:07:52.511,-6.0436,0.0800,58.4913
2026-05-09T13:07:52.528,-6.0466,0.0800,58.4088
2026-05-09T13:07:52.545,-6.0497,0.0800,58.3267
2026-05-09T13:07:52.560,-6.0526,0.0800,58.2416
2026-05-09T13:07:52.575,-6.0551,0.0800,58.1613
2026-05-09T13:07:52.591,-6.0574,0.0800,58.0831
2026-05-09T13:07:52.604,-6.0592,0.0800,58.0085
2026-05-09T13:07:52.619,-6.0604,0.0800,57.9300
2026-05-09T13:07:52.633,-6.0605,0.0800,57.8619
2026-05-09T13:07:52.647,-6.0590,0.0800,57.7904
2026-05-09T13:07:52.662,-6.0546,0.0800,57.7192
2026-05-09T13:07:52.678,-6.0477,0.0800,57.6507
2026-05-09T13:07:52.694,-6.0378,0.0800,57.5715
2026-05-09T13:07:52.708,-6.0252,0.0800,57.4987
2026-05-09T13:07:52.722,-6.0085,0.0800,57.4196
2026-05-09T13:07:52.738,-5.9937,0.0800,57.3555
2026-05-09T13:07:52.755,-5.9768,0.0800,57.2934
2026-05-09T13:07:52.770,-5.9556,0.0800,57.2210
2026-05-09T13:07:52.784,-5.9373,0.0800,57.1620
2026-05-09T13:07:52.799,-5.9203,0.0800,57.1056
2026-05-09T13:07:52.814,-5.9025,0.0800,57.0535
2026-05-09T13:07:52.828,-5.8842,0.0800,56.9972
2026-05-09T13:07:52.843,-5.8682,0.0800,56.9480
2026-05-09T13:07:52.858,-5.8500,0.0800,56.8920
2026-05-09T13:07:52.872,-5.8335,0.0800,56.8414
2026-05-09T13:07:52.885,-5.8158,0.0800,56.7871
2026-05-09T13:07:52.899,-5.7994,0.0800,56.7368
2026-05-09T13:07:52.913,-5.7845,0.0800,56.6913
2026-05-09T13:07:52.928,-5.7679,0.0800,56.6404
2026-05-09T13:07:52.943,-5.7523,0.0800,56.5926
2026-05-09T13:07:52.958,-5.7349,0.0800,56.5393
2026-05-09T13:07:52.972,-5.7172,0.0800,56.4848
2026-05-09T13:07:52.985,-5.7002,0.0800,56.4327
2026-05-09T13:07:53.000,-5.6834,0.0800,56.3810
2026-05-09T13:07:53.015,-5.6679,0.0800,56.3338
2026-05-09T13:07:53.030,-5.6502,0.0800,56.2803
2026-05-09T13:07:53.043,-5.6320,0.0800,56.2258
2026-05-09T13:07:53.058,-5.6124,0.0800,56.1670
2026-05-09T13:07:53.072,-5.5941,0.0800,56.1106
2026-05-09T13:07:53.086,-5.5743,0.0800,56.0491
2026-05-09T13:07:53.101,-5.5524,0.0800,55.9798
2026-05-09T13:07:53.116,-5.5330,0.0800,55.9185
2026-05-09T13:07:53.130,-5.5089,0.0800,55.8419
2026-05-09T13:07:53.144,-5.4889,0.0800,55.7785
2026-05-09T13:07:53.159,-5.4670,0.0800,55.7089
2026-05-09T13:07:53.174,-5.4467,0.0800,55.6437
2026-05-09T13:07:53.188,-5.4247,0.0800,55.5730
2026-05-09T13:07:53.204,-5.4029,0.0800,55.5017
2026-05-09T13:07:53.219,-5.3811,0.0800,55.4305
2026-05-09T13:07:53.234,-5.3578,0.0800,55.3543
2026-05-09T13:07:53.248,-5.3370,0.0800,55.2860
2026-05-09T13:07:53.263,-5.3149,0.0800,55.2131
2026-05-09T13:07:53.277,-5.2959,0.0800,55.1490
2026-05-09T13:07:53.291,-5.2740,0.0800,55.0744
2026-05-09T13:07:53.305,-5.2541,0.0800,55.0057
2026-05-09T13:07:53.321,-5.2364,0.0800,54.9405
2026-05-09T13:07:53.336,-5.2181,0.0800,54.8683
2026-05-09T13:07:53.351,-5.2037,0.0800,54.7928
2026-05-09T13:07:53.368,-5.1930,0.0800,54.7187
2026-05-09T13:07:53.385,-5.1882,0.0800,54.6455
2026-05-09T13:07:53.402,-5.1887,0.0800,54.5603
2026-05-09T13:07:53.418,-5.1917,0.0800,54.4696
2026-05-09T13:07:53.434,-5.1980,0.0800,54.3884
2026-05-09T13:07:53.448,-5.2060,0.0800,54.3068
2026-05-09T13:07:53.464,-5.2163,0.0800,54.2344
2026-05-09T13:07:53.479,-5.2280,0.0800,54.1604
2026-05-09T13:07:53.494,-5.2410,0.0800,54.0835
2026-05-09T13:07:53.510,-5.2554,0.0800,54.0111
2026-05-09T13:07:53.527,-5.2708,0.0800,53.9342
2026-05-09T13:07:53.544,-5.2875,0.0800,53.8551
2026-05-09T13:07:53.559,-5.3055,0.0800,53.7714
2026-05-09T13:07:53.584,-5.3235,0.0800,53.6889
2026-05-09T13:07:53.592,-5.3405,0.0800,53.6164
2026-05-09T13:07:53.610,-5.3756,0.0800,53.4856
2026-05-09T13:07:53.625,-5.3839,0.0800,53.4569
2026-05-09T13:07:53.640,-5.4098,0.0800,53.3747
2026-05-09T13:07:53.654,-5.4360,0.0800,53.3019
2026-05-09T13:07:53.676,-5.4628,0.0800,53.2300
2026-05-09T13:07:53.700,-5.4838,0.0800,53.1782
2026-05-09T13:07:53.728,-5.5085,0.0800,53.1185
2026-05-09T13:07:53.752,-5.5168,0.0800,53.0996
2026-05-09T13:07:53.773,-5.5175,0.0800,53.0981
2026-05-09T13:07:53.882,-5.5218,0.0800,53.1015
2026-05-09T13:07:53.906,-5.5977,0.0800,53.1668
2026-05-09T13:07:53.923,-5.6751,0.0800,53.2475
2026-05-09T13:07:53.941,-5.7546,0.0800,53.3391
2026-05-09T13:07:53.959,-5.8039,0.0800,53.4029
2026-05-09T13:07:53.980,-5.8604,0.0800,53.4768
2026-05-09T13:07:53.998,-5.9132,0.0800,53.5464
2026-05-09T13:07:54.019,-5.9749,0.0800,53.6278
2026-05-09T13:07:54.039,-6.0330,0.0800,53.7045
2026-05-09T13:07:54.056,-6.0968,0.0800,53.7887
2026-05-09T13:07:54.074,-6.1545,0.0800,53.8648
2026-05-09T13:07:54.092,-6.2061,0.0800,53.9329
2026-05-09T13:07:54.112,-6.2592,0.0800,54.0030
2026-05-09T13:07:54.131,-6.3208,0.0800,54.0842
2026-05-09T13:07:54.148,-6.3729,0.0800,54.1530
2026-05-09T13:07:54.166,-6.4341,0.0800,54.2339
2026-05-09T13:07:54.183,-6.4830,0.0800,54.2987
2026-05-09T13:07:54.201,-6.5351,0.0800,54.3677
2026-05-09T13:07:54.218,-6.5862,0.0800,54.4356
2026-05-09T13:07:54.235,-6.6402,0.0800,54.5073
2026-05-09T13:07:54.254,-6.6906,0.0800,54.5742
2026-05-09T13:07:54.273,-6.7454,0.0800,54.6469
2026-05-09T13:07:54.295,-6.8005,0.0800,54.7202
2026-05-09T13:07:54.314,-6.8601,0.0800,54.7995
2026-05-09T13:07:54.333,-6.9021,0.0800,54.8839
2026-05-09T13:07:54.351,-6.9022,0.0800,54.9571
2026-05-09T13:07:54.424,-6.8995,0.0800,54.9591
2026-05-09T13:07:54.444,-6.8924,0.0800,54.9647
2026-05-09T13:07:54.465,-6.8824,0.0800,54.9737
2026-05-09T13:07:54.486,-6.8728,0.0800,54.9833
2026-05-09T13:08:06.500,-6.8729,0.0800,54.9846
2026-05-09T13:08:06.514,-6.8733,0.0800,54.9908
2026-05-09T13:08:06.527,-6.8706,0.0800,54.9983
2026-05-09T13:08:06.541,-6.8662,0.0800,55.0067
2026-05-09T13:08:06.555,-6.8582,0.0800,55.0218
2026-05-09T13:08:06.569,-6.8511,0.0800,55.0392
2026-05-09T13:08:06.583,-6.8439,0.0800,55.0607
2026-05-09T13:08:06.597,-6.8352,0.0800,55.0892
2026-05-09T13:08:06.611,-6.8310,0.0800,55.1174
2026-05-09T13:08:06.624,-6.8288,0.0800,55.1471
2026-05-09T13:08:06.638,-6.8263,0.0800,55.1772
2026-05-09T13:08:06.652,-6.8262,0.0800,55.2062
2026-05-09T13:08:06.666,-6.7454,0.0800,55.2271
2026-05-09T13:08:06.680,-6.7406,0.0800,55.2569
2026-05-09T13:08:06.695,-6.7401,0.0800,55.2876
2026-05-09T13:08:06.709,-6.7389,0.0800,55.3187
2026-05-09T13:08:06.722,-6.7369,0.0800,55.3512
2026-05-09T13:08:06.736,-6.7294,0.0800,55.3839
2026-05-09T13:08:06.750,-6.7266,0.0800,55.4103
2026-05-09T13:08:06.763,-6.7223,0.0800,55.4443
2026-05-09T13:08:06.778,-6.7130,0.0800,55.4719
2026-05-09T13:08:06.792,-6.7077,0.0800,55.5025
2026-05-09T13:08:06.805,-6.7014,0.0800,55.5344
2026-05-09T13:08:06.819,-6.6901,0.0800,55.5643
2026-05-09T13:08:06.833,-6.6827,0.0800,55.5946
2026-05-09T13:08:06.847,-6.6749,0.0800,55.6234
2026-05-09T13:08:06.862,-6.6617,0.0800,55.6533
2026-05-09T13:08:06.876,-6.6522,0.0800,55.6834
2026-05-09T13:08:06.889,-6.6416,0.0800,55.7144
2026-05-09T13:08:06.903,-6.6310,0.0800,55.7433
2026-05-09T13:08:06.917,-6.6157,0.0800,55.7704
2026-05-09T13:08:06.930,-6.6031,0.0800,55.8006
2026-05-09T13:08:06.945,-6.5909,0.0800,55.8281
2026-05-09T13:08:06.959,-6.5733,0.0800,55.8557
2026-05-09T13:08:06.974,-6.5590,0.0800,55.8844
2026-05-09T13:08:06.986,-6.5439,0.0800,55.9131
2026-05-09T13:08:07.001,-6.5230,0.0800,55.9416
2026-05-09T13:08:07.015,-6.5079,0.0800,55.9672
2026-05-09T13:08:07.028,-6.4888,0.0800,55.9981
2026-05-09T13:08:07.042,-6.4702,0.0800,56.0263
2026-05-09T13:08:07.056,-6.4477,0.0800,56.0517
2026-05-09T13:08:07.070,-6.4256,0.0800,56.0822
2026-05-09T13:08:07.084,-6.4048,0.0800,56.1096
2026-05-09T13:08:07.098,-6.3776,0.0800,56.1376
2026-05-09T13:08:07.111,-6.3553,0.0800,56.1645
2026-05-09T13:08:07.125,-6.3307,0.0800,56.1931
2026-05-09T13:08:07.140,-6.3030,0.0800,56.2174
2026-05-09T13:08:07.154,-6.2781,0.0800,56.2440
2026-05-09T13:08:07.168,-6.2479,0.0800,56.2748
2026-05-09T13:08:07.182,-6.2174,0.0800,56.2982
2026-05-09T13:08:07.196,-6.1872,0.0800,56.3264
2026-05-09T13:08:07.210,-6.1573,0.0800,56.3533
2026-05-09T13:08:07.223,-6.1249,0.0800,56.3813
2026-05-09T13:08:07.237,-6.0912,0.0800,56.4037
2026-05-09T13:08:07.252,-6.0620,0.0800,56.4269
2026-05-09T13:08:07.266,-6.0269,0.0800,56.4538
2026-05-09T13:08:07.280,-5.9876,0.0800,56.4775
2026-05-09T13:08:07.294,-5.9545,0.0800,56.5007
2026-05-09T13:08:07.308,-5.9192,0.0800,56.5246
2026-05-09T13:08:07.321,-5.8813,0.0800,56.5492
2026-05-09T13:08:07.336,-5.8423,0.0800,56.5688
2026-05-09T13:08:07.350,-5.8083,0.0800,56.5891
2026-05-09T13:08:07.362,-5.7653,0.0800,56.6138
2026-05-09T13:08:07.378,-5.7259,0.0800,56.6305
2026-05-09T13:08:07.391,-5.6893,0.0800,56.6498
2026-05-09T13:08:07.405,-5.6464,0.0800,56.6715
2026-05-09T13:08:07.419,-5.6069,0.0800,56.6860
2026-05-09T13:08:07.432,-5.5614,0.0800,56.7070
2026-05-09T13:08:07.447,-5.5237,0.0800,56.7236
2026-05-09T13:08:07.460,-5.4803,0.0800,56.7381
2026-05-09T13:08:07.475,-5.4388,0.0800,56.7547
2026-05-09T13:08:07.488,-5.3982,0.0800,56.7701
2026-05-09T13:08:07.501,-5.3534,0.0800,56.7864
2026-05-09T13:08:07.516,-5.3129,0.0800,56.7961
2026-05-09T13:08:07.529,-5.2690,0.0800,56.8104
2026-05-09T13:08:07.542,-5.2236,0.0800,56.8243
2026-05-09T13:08:07.557,-5.1812,0.0800,56.8325
2026-05-09T13:08:07.571,-5.1400,0.0800,56.8437
2026-05-09T13:08:07.585,-5.0953,0.0800,56.8551
2026-05-09T13:08:07.599,-5.0465,0.0800,56.8628
2026-05-09T13:08:07.612,-5.0053,0.0800,56.8718
2026-05-09T13:08:07.626,-4.9593,0.0800,56.8811
2026-05-09T13:08:07.639,-4.9171,0.0800,56.8850
2026-05-09T13:08:07.653,-4.8736,0.0800,56.8927
2026-05-09T13:08:07.666,-4.8316,0.0800,56.8993
2026-05-09T13:08:07.681,-4.7897,0.0800,56.9015
2026-05-09T13:08:07.695,-4.7494,0.0800,56.9066
2026-05-09T13:08:07.708,-4.7067,0.0800,56.9114
2026-05-09T13:08:07.722,-4.6638,0.0800,56.9154
2026-05-09T13:08:07.736,-4.6314,0.0800,56.9148
2026-05-09T13:08:07.750,-4.6313,0.0800,56.9173
2026-05-09T13:08:07.765,-4.6313,0.0800,56.9194
2026-05-09T13:08:07.782,-4.6310,0.0800,56.9162
2026-05-09T13:08:07.801,-4.6310,0.0800,56.9168
2026-05-09T13:08:07.842,-4.6309,0.0800,56.9159
2026-05-09T13:08:07.860,-4.6304,0.0800,56.9140
2026-05-09T13:08:07.877,-4.6299,0.0800,56.9108
2026-05-09T13:08:07.896,-4.6292,0.0800,56.9067
2026-05-09T13:08:07.915,-4.6287,0.0800,56.9021
2026-05-09T13:08:07.934,-4.6282,0.0800,56.8959
2026-05-09T13:08:07.953,-4.6275,0.0800,56.8887
2026-05-09T13:08:07.973,-4.6268,0.0800,56.8746
2026-05-09T13:08:07.994,-4.6261,0.0800,56.8652
2026-05-09T13:08:08.018,-4.6252,0.0800,56.8537
2026-05-09T13:08:08.043,-4.6242,0.0800,56.8406
2026-05-09T13:08:08.067,-4.6230,0.0800,56.8264
2026-05-09T13:08:08.088,-4.6217,0.0800,56.8080
2026-05-09T13:08:08.107,-4.6203,0.0800,56.7889
2026-05-09T13:08:08.124,-4.6190,0.0800,56.7717
2026-05-09T13:08:08.144,-4.6177,0.0800,56.7538
2026-05-09T13:08:08.163,-4.6163,0.0800,56.7353
2026-05-09T13:08:08.183,-4.6152,0.0800,56.7246
2026-05-09T13:08:08.206,-4.6134,0.0800,56.7116
2026-05-09T13:08:08.230,-4.6115,0.0800,56.7069
2026-05-09T13:08:08.254,-4.6158,0.0800,56.7194
2026-05-09T13:08:08.278,-4.6263,0.0800,56.7371
2026-05-09T13:08:08.296,-4.6607,0.0800,56.7762
2026-05-09T13:08:08.314,-4.6995,0.0800,56.8213
2026-05-09T13:08:08.332,-4.7352,0.0800,56.8631
2026-05-09T13:08:08.354,-4.7822,0.0800,56.9189
2026-05-09T13:08:08.375,-4.8246,0.0800,56.9638
2026-05-09T13:08:08.396,-4.8771,0.0800,57.0300
2026-05-09T13:08:08.420,-4.9317,0.0800,57.1006
2026-05-09T13:08:08.446,-4.9831,0.0800,57.1699
2026-05-09T13:08:08.465,-5.0419,0.0800,57.2517
2026-05-09T13:08:08.484,-5.1072,0.0800,57.3463
2026-05-09T13:08:08.504,-5.1495,0.0800,57.4105
2026-05-09T13:08:08.526,-5.1945,0.0800,57.4809
2026-05-09T13:08:08.547,-5.2402,0.0800,57.5546
2026-05-09T13:08:08.572,-5.2906,0.0800,57.6387
2026-05-09T13:08:08.595,-5.3365,0.0800,57.7174
2026-05-09T13:08:08.618,-5.3924,0.0800,57.8147
2026-05-09T13:08:08.639,-5.4435,0.0800,57.9046
2026-05-09T13:08:08.659,-5.4971,0.0800,57.9982
2026-05-09T13:08:08.680,-5.5446,0.0800,58.0760
2026-05-09T13:08:08.701,-5.5899,0.0800,58.1475
2026-05-09T13:08:08.719,-5.6277,0.0800,58.1944
2026-05-09T13:08:08.737,-5.6619,0.0800,58.2319
2026-05-09T13:08:08.756,-5.6904,0.0800,58.2599
2026-05-09T13:08:08.780,-5.7280,0.0800,58.2968
2026-05-09T13:08:08.805,-5.7755,0.0800,58.3430
2026-05-09T13:08:08.824,-5.8424,0.0800,58.4062
2026-05-09T13:08:08.843,-5.9228,0.0800,58.4824
2026-05-09T13:08:08.861,-5.9805,0.0800,58.5366
2026-05-09T13:08:08.882,-6.0453,0.0800,58.5975
2026-05-09T13:08:08.900,-6.1078,0.0800,58.6541
2026-05-09T13:08:08.920,-6.1779,0.0800,58.7163
2026-05-09T13:08:08.939,-6.2451,0.0800,58.7741
2026-05-09T13:08:08.957,-6.3183,0.0800,58.8362
2026-05-09T13:08:08.976,-6.3904,0.0800,58.8949
2026-05-09T13:08:08.994,-6.4537,0.0800,58.9442
2026-05-09T13:08:09.013,-6.5210,0.0800,58.9952
2026-05-09T13:08:09.032,-6.5887,0.0800,59.0459
2026-05-09T13:08:09.051,-6.6528,0.0800,59.0998
2026-05-09T13:08:09.070,-6.7190,0.0800,59.1524
2026-05-09T13:08:09.087,-6.7622,0.0800,59.2045
2026-05-09T13:08:09.104,-6.7651,0.0800,59.2567
2026-05-09T13:08:09.122,-6.7809,0.0800,59.3112
2026-05-09T13:08:09.138,-6.8132,0.0800,59.3724
2026-05-09T13:08:09.154,-6.8658,0.0800,59.4194
2026-05-09T13:08:09.172,-6.9140,0.0800,59.4633
2026-05-09T13:08:09.189,-6.9006,0.0800,59.5640
2026-05-09T13:08:09.209,-6.9456,0.0800,59.6109
2026-05-09T13:08:09.228,-6.9910,0.0800,59.6526
2026-05-09T13:08:09.244,-7.0301,0.0800,59.6871
2026-05-09T13:08:09.343,-7.0177,0.0800,59.6774
2026-05-09T13:08:09.359,-6.9844,0.0800,59.6514
2026-05-09T13:08:09.374,-6.9535,0.0800,59.6263
2026-05-09T13:08:09.390,-6.9263,0.0800,59.6031
2026-05-09T13:08:09.405,-6.8984,0.0800,59.5783
2026-05-09T13:08:09.420,-6.8753,0.0800,59.5501
2026-05-09T13:08:09.436,-6.8481,0.0800,59.5237
2026-05-09T13:08:09.451,-6.8246,0.0800,59.4999
2026-05-09T13:08:09.465,-6.8001,0.0800,59.4741
2026-05-09T13:08:09.482,-6.7790,0.0800,59.4438
2026-05-09T13:08:09.499,-6.7558,0.0800,59.4172
2026-05-09T13:08:09.515,-6.7306,0.0800,59.3870
2026-05-09T13:08:09.531,-6.7056,0.0800,59.3557
2026-05-09T13:08:09.547,-6.6831,0.0800,59.3260
2026-05-09T13:08:09.564,-6.6632,0.0800,59.2901
2026-05-09T13:08:09.580,-6.6431,0.0800,59.2611
2026-05-09T13:08:09.597,-6.6209,0.0800,59.2274
2026-05-09T13:08:09.612,-6.6008,0.0800,59.1954
2026-05-09T13:08:09.627,-6.5800,0.0800,59.1605
2026-05-09T13:08:09.642,-6.5679,0.0800,59.1280
2026-05-09T13:08:09.656,-6.5513,0.0800,59.0972
2026-05-09T13:08:09.674,-6.5360,0.0800,59.0674
2026-05-09T13:08:09.692,-6.5208,0.0800,59.0363
2026-05-09T13:08:09.707,-6.5005,0.0800,58.9924
2026-05-09T13:08:09.722,-6.4922,0.0800,58.9566
2026-05-09T13:08:09.739,-6.4839,0.0800,58.9365
2026-05-09T13:08:09.755,-6.4785,0.0800,58.9229
2026-05-09T13:08:09.771,-6.4749,0.0800,58.9131
2026-05-09T13:08:10.061,-6.4751,0.0800,58.9142
2026-05-09T13:08:10.076,-6.4760,0.0800,58.9179
2026-05-09T13:08:10.089,-6.4802,0.0800,58.9364
2026-05-09T13:08:10.104,-6.4879,0.0800,58.9657
2026-05-09T13:08:10.119,-6.4969,0.0800,59.0027
2026-05-09T13:08:10.143,-6.5146,0.0800,59.0636
2026-05-09T13:08:10.157,-6.5342,0.0800,59.1274
2026-05-09T13:08:10.172,-6.5598,0.0800,59.2049
2026-05-09T13:08:10.186,-6.5779,0.0800,59.2560
2026-05-09T13:08:10.200,-6.5959,0.0800,59.3134
2026-05-09T13:08:10.214,-6.6148,0.0800,59.3621
2026-05-09T13:08:10.228,-6.6360,0.0800,59.4148
2026-05-09T13:08:10.242,-6.6536,0.0800,59.4650
2026-05-09T13:08:10.256,-6.6752,0.0800,59.5145
2026-05-09T13:08:10.270,-6.6970,0.0800,59.5627
2026-05-09T13:08:10.284,-6.7202,0.0800,59.6122
2026-05-09T13:08:10.299,-6.7429,0.0800,59.6659
2026-05-09T13:08:10.312,-6.7658,0.0800,59.7110
2026-05-09T13:08:10.326,-6.7922,0.0800,59.7615
2026-05-09T13:08:10.341,-6.8140,0.0800,59.8085
2026-05-09T13:08:10.355,-6.8407,0.0800,59.8562
2026-05-09T13:08:10.367,-6.8697,0.0800,59.9062
2026-05-09T13:08:10.381,-6.8969,0.0800,59.9513
2026-05-09T13:08:10.395,-6.9173,0.0800,59.9899
2026-05-09T13:08:10.410,-6.9460,0.0800,60.0345
2026-05-09T13:08:10.423,-6.9751,0.0800,60.0780
2026-05-09T13:08:10.437,-7.0014,0.0800,60.1219
2026-05-09T13:08:10.452,-7.0302,0.0800,60.1623
2026-05-09T13:08:10.465,-7.0624,0.0800,60.2060
2026-05-09T13:08:10.480,-7.0916,0.0800,60.2500
2026-05-09T13:08:10.494,-7.1218,0.0800,60.2880
2026-05-09T13:08:10.508,-7.1521,0.0800,60.3248
2026-05-09T13:08:10.522,-7.1816,0.0800,60.3648
2026-05-09T13:08:10.535,-7.2137,0.0800,60.4011
2026-05-09T13:08:10.550,-7.2459,0.0800,60.4364
2026-05-09T13:08:10.562,-7.2789,0.0800,60.4712
2026-05-09T13:08:10.577,-7.3103,0.0800,60.5083
2026-05-09T13:08:10.590,-7.3380,0.0800,60.5355
2026-05-09T13:08:10.604,-7.3765,0.0800,60.5722
2026-05-09T13:08:10.618,-7.4048,0.0800,60.6037
2026-05-09T13:08:10.632,-7.4411,0.0800,60.6357
2026-05-09T13:08:10.645,-7.4726,0.0800,60.6623
2026-05-09T13:08:10.660,-7.5062,0.0800,60.6941
2026-05-09T13:08:10.674,-7.5378,0.0800,60.7187
2026-05-09T13:08:10.687,-7.5726,0.0800,60.7447
2026-05-09T13:08:10.701,-7.6053,0.0800,60.7730
2026-05-09T13:08:10.715,-7.6363,0.0800,60.7940
2026-05-09T13:08:10.729,-7.6699,0.0800,60.8155
2026-05-09T13:08:10.743,-7.6991,0.0800,60.8331
2026-05-09T13:08:10.757,-7.7283,0.0800,60.8544
2026-05-09T13:08:10.771,-7.7581,0.0800,60.8704
2026-05-09T13:08:10.784,-7.7894,0.0800,60.8863
2026-05-09T13:08:10.799,-7.8189,0.0800,60.9055
2026-05-09T13:08:10.813,-7.8458,0.0800,60.9178
2026-05-09T13:08:10.826,-7.8771,0.0800,60.9313
2026-05-09T13:08:10.841,-7.9055,0.0800,60.9477
2026-05-09T13:08:10.855,-7.9357,0.0800,60.9591
2026-05-09T13:08:10.869,-7.9678,0.0800,60.9705
2026-05-09T13:08:10.883,-7.9966,0.0800,60.9799
2026-05-09T13:08:10.897,-8.0281,0.0800,60.9940
2026-05-09T13:08:10.911,-8.0565,0.0800,61.0019
2026-05-09T13:08:10.924,-8.0865,0.0800,61.0096
2026-05-09T13:08:10.939,-8.1158,0.0800,61.0209
2026-05-09T13:08:10.952,-8.1418,0.0800,61.0260
2026-05-09T13:08:10.966,-8.1726,0.0800,61.0310
2026-05-09T13:08:10.980,-8.1947,0.0800,61.0393
2026-05-09T13:08:10.995,-8.2190,0.0800,61.0416
2026-05-09T13:08:11.008,-8.2391,0.0800,61.0424
2026-05-09T13:08:11.020,-8.2607,0.0800,61.0426
2026-05-09T13:08:11.037,-8.2791,0.0800,61.0474
2026-05-09T13:08:11.051,-8.2958,0.0800,61.0467
2026-05-09T13:08:11.063,-8.3192,0.0800,61.0452
2026-05-09T13:08:11.077,-8.3386,0.0800,61.0494
2026-05-09T13:08:11.092,-8.3547,0.0800,61.0475
2026-05-09T13:08:11.107,-8.3732,0.0800,61.0448
2026-05-09T13:08:11.120,-8.3938,0.0800,61.0464
2026-05-09T13:08:11.133,-8.4139,0.0800,61.0426
2026-05-09T13:08:11.146,-8.4310,0.0800,61.0389
2026-05-09T13:08:11.162,-8.4488,0.0800,61.0394
2026-05-09T13:08:11.175,-8.4653,0.0800,61.0351
2026-05-09T13:08:11.188,-8.4861,0.0800,61.0292
2026-05-09T13:08:11.202,-8.5021,0.0800,61.0243
2026-05-09T13:08:11.218,-8.5203,0.0800,61.0229
2026-05-09T13:08:11.232,-8.5370,0.0800,61.0170
2026-05-09T13:08:11.246,-8.5578,0.0800,61.0092
2026-05-09T13:08:11.258,-8.5762,0.0800,61.0080
2026-05-09T13:08:11.273,-8.5939,0.0800,61.0004
2026-05-09T13:08:11.287,-8.6081,0.0800,60.9939
2026-05-09T13:08:11.300,-8.6287,0.0800,60.9886
2026-05-09T13:08:11.315,-8.6444,0.0800,60.9806
2026-05-09T13:08:11.329,-8.6593,0.0800,60.9725
2026-05-09T13:08:11.342,-8.6771,0.0800,60.9625
2026-05-09T13:08:11.356,-8.6962,0.0800,60.9575
2026-05-09T13:08:11.371,-8.7097,0.0800,60.9490
2026-05-09T13:08:11.385,-8.7266,0.0800,60.9380
2026-05-09T13:08:11.397,-8.7449,0.0800,60.9319
2026-05-09T13:08:11.412,-8.7606,0.0800,60.9206
2026-05-09T13:08:11.425,-8.7738,0.0800,60.9108
2026-05-09T13:08:11.441,-8.7915,0.0800,60.9024
2026-05-09T13:08:11.455,-8.8058,0.0800,60.8906
2026-05-09T13:08:11.468,-8.8215,0.0800,60.8772
2026-05-09T13:08:11.480,-8.8350,0.0800,60.8651
2026-05-09T13:08:11.495,-8.8507,0.0800,60.8569
2026-05-09T13:08:11.508,-8.8621,0.0800,60.8457
2026-05-09T13:08:11.522,-8.8774,0.0800,60.8303
2026-05-09T13:08:11.537,-8.8922,0.0800,60.8228
2026-05-09T13:08:11.553,-8.9051,0.0800,60.8086
2026-05-09T13:08:11.566,-8.9184,0.0800,60.7933
2026-05-09T13:08:11.578,-8.9351,0.0800,60.7814
2026-05-09T13:08:11.592,-8.9462,0.0800,60.7674
2026-05-09T13:08:11.605,-8.9561,0.0800,60.7542
2026-05-09T13:08:11.620,-8.9701,0.0800,60.7422
2026-05-09T13:08:11.635,-8.9812,0.0800,60.7263
2026-05-09T13:08:11.648,-8.9918,0.0800,60.7102
2026-05-09T13:08:11.660,-9.0022,0.0800,60.6936
2026-05-09T13:08:11.674,-9.0158,0.0800,60.6808
2026-05-09T13:08:11.688,-9.0235,0.0800,60.6670
2026-05-09T13:08:11.701,-9.0323,0.0800,60.6504
2026-05-09T13:08:11.714,-9.0442,0.0800,60.6373
2026-05-09T13:08:11.729,-9.0514,0.0800,60.6218
2026-05-09T13:08:11.745,-9.0588,0.0800,60.6043
2026-05-09T13:08:11.763,-9.0705,0.0800,60.5878
2026-05-09T13:08:11.781,-9.0775,0.0800,60.5675
2026-05-09T13:08:11.798,-9.0847,0.0800,60.5441
2026-05-09T13:08:11.812,-9.0913,0.0800,60.5193
2026-05-09T13:08:11.825,-9.0965,0.0800,60.4959
2026-05-09T13:08:11.840,-9.1054,0.0800,60.4808
2026-05-09T13:08:11.857,-9.1083,0.0800,60.4621
2026-05-09T13:08:11.874,-9.1110,0.0800,60.4405
2026-05-09T13:08:11.891,-9.1130,0.0800,60.4161
2026-05-09T13:08:11.911,-9.1141,0.0800,60.3915
2026-05-09T13:08:11.932,-9.1201,0.0800,60.3698
2026-05-09T13:08:11.950,-9.1192,0.0800,60.3427
2026-05-09T13:08:11.966,-9.1169,0.0800,60.3113
2026-05-09T13:08:11.982,-9.1142,0.0800,60.2859
2026-05-09T13:08:11.996,-9.1106,0.0800,60.2614
2026-05-09T13:08:12.012,-9.1068,0.0800,60.2390
2026-05-09T13:08:12.028,-9.1024,0.0800,60.2161
2026-05-09T13:08:12.048,-9.1029,0.0800,60.1938
2026-05-09T13:08:12.068,-9.0971,0.0800,60.1625
2026-05-09T13:08:12.088,-9.0889,0.0800,60.1223
2026-05-09T13:08:12.106,-9.0801,0.0800,60.0834
2026-05-09T13:08:12.124,-9.0699,0.0800,60.0413
2026-05-09T13:08:12.141,-9.0587,0.0800,59.9912
2026-05-09T13:08:12.157,-9.0490,0.0800,59.9442
2026-05-09T13:08:12.174,-9.0435,0.0800,59.9157
2026-05-09T13:08:12.190,-9.0413,0.0800,59.9003
2026-05-09T13:08:12.209,-9.0390,0.0800,59.8834
2026-05-09T13:08:12.227,-9.0366,0.0800,59.8663
2026-05-09T13:08:12.246,-9.0346,0.0800,59.8467
2026-05-09T13:08:12.264,-9.0388,0.0800,59.8232
2026-05-09T13:08:12.280,-9.0468,0.0800,59.7962
2026-05-09T13:08:12.296,-9.0611,0.0800,59.7502
2026-05-09T13:08:12.312,-9.0766,0.0800,59.7012
2026-05-09T13:08:12.328,-9.1037,0.0800,59.6249
2026-05-09T13:08:12.344,-9.1311,0.0800,59.5503
2026-05-09T13:08:12.363,-9.1622,0.0800,59.4661
2026-05-09T13:08:12.384,-9.1869,0.0800,59.3996
2026-05-09T13:08:12.405,-9.2209,0.0800,59.3085
2026-05-09T13:08:12.424,-9.2575,0.0800,59.2118
2026-05-09T13:08:12.442,-9.2977,0.0800,59.1074
2026-05-09T13:08:12.460,-9.3289,0.0800,59.0267
2026-05-09T13:08:12.477,-9.3634,0.0800,58.9377
2026-05-09T13:08:12.493,-9.3961,0.0800,58.8537
2026-05-09T13:08:12.512,-9.4251,0.0800,58.7796
2026-05-09T13:08:12.531,-9.4618,0.0800,58.6865
2026-05-09T13:08:12.550,-9.4903,0.0800,58.6138
2026-05-09T13:08:12.568,-9.5248,0.0800,58.5220
2026-05-09T13:08:12.586,-9.5549,0.0800,58.4375
2026-05-09T13:08:12.604,-9.5867,0.0800,58.3468
2026-05-09T13:08:12.621,-9.6121,0.0800,58.2637
2026-05-09T13:08:12.640,-9.6372,0.0800,58.1781
2026-05-09T13:08:12.658,-9.6599,0.0800,58.0905
2026-05-09T13:08:12.675,-9.6820,0.0800,58.0015
2026-05-09T13:08:12.692,-9.6989,0.0800,57.9165
2026-05-09T13:08:12.710,-9.7143,0.0800,57.8305
2026-05-09T13:08:12.728,-9.7262,0.0800,57.7470
2026-05-09T13:08:12.746,-9.7385,0.0800,57.6561
2026-05-09T13:08:12.766,-9.7474,0.0800,57.5692
2026-05-09T13:08:12.783,-9.7565,0.0800,57.4763
2026-05-09T13:08:12.801,-9.7652,0.0800,57.3787
2026-05-09T13:08:12.819,-9.7722,0.0800,57.2937
2026-05-09T13:08:12.839,-9.7792,0.0800,57.2015
2026-05-09T13:08:12.859,-9.7845,0.0800,57.1141
2026-05-09T13:08:12.876,-9.7891,0.0800,57.0077
2026-05-09T13:08:12.893,-9.7925,0.0800,56.9144
2026-05-09T13:08:12.910,-9.7945,0.0800,56.8279
2026-05-09T13:08:12.927,-9.7957,0.0800,56.7457
2026-05-09T13:08:12.944,-9.7960,0.0800,56.6638
2026-05-09T13:08:12.963,-9.7960,0.0800,56.5738
2026-05-09T13:08:12.980,-9.7959,0.0800,56.4878
2026-05-09T13:08:12.997,-9.7948,0.0800,56.3953
2026-05-09T13:08:13.014,-9.7938,0.0800,56.3126
2026-05-09T13:08:13.032,-9.7920,0.0800,56.2243
2026-05-09T13:08:13.049,-9.7901,0.0800,56.1410
2026-05-09T13:08:13.066,-9.7878,0.0800,56.0517
2026-05-09T13:08:13.084,-9.7856,0.0800,55.9673
2026-05-09T13:08:13.101,-9.7833,0.0800,55.8775
2026-05-09T13:08:13.119,-9.7811,0.0800,55.7913
2026-05-09T13:08:13.138,-9.7788,0.0800,55.7015
2026-05-09T13:08:13.157,-9.7766,0.0800,55.6137
2026-05-09T13:08:13.175,-9.7743,0.0800,55.5186
2026-05-09T13:08:13.193,-9.7720,0.0800,55.4277
2026-05-09T13:08:13.211,-9.7696,0.0800,55.3315
2026-05-09T13:08:13.227,-9.7672,0.0800,55.2388
2026-05-09T13:08:13.243,-9.7651,0.0800,55.1538
2026-05-09T13:08:13.259,-9.7631,0.0800,55.0776
2026-05-09T13:08:13.276,-9.7610,0.0800,54.9963
2026-05-09T13:08:13.293,-9.7588,0.0800,54.9102
2026-05-09T13:08:13.309,-9.7567,0.0800,54.8280
2026-05-09T13:08:13.325,-9.7545,0.0800,54.7424
2026-05-09T13:08:13.343,-9.7529,0.0800,54.6654
2026-05-09T13:08:13.361,-9.7515,0.0800,54.5843
2026-05-09T13:08:13.377,-9.7507,0.0800,54.4944
2026-05-09T13:08:13.392,-9.7504,0.0800,54.4044
2026-05-09T13:08:13.407,-9.7504,0.0800,54.3220
2026-05-09T13:08:13.422,-9.7512,0.0800,54.2487
2026-05-09T13:08:13.439,-9.7523,0.0800,54.1753
2026-05-09T13:08:13.458,-9.7541,0.0800,54.0985
2026-05-09T13:08:13.474,-9.7564,0.0800,54.0062
2026-05-09T13:08:13.491,-9.7589,0.0800,53.9196
2026-05-09T13:08:13.507,-9.7611,0.0800,53.8397
2026-05-09T13:08:13.523,-9.7637,0.0800,53.7588
2026-05-09T13:08:13.541,-9.7664,0.0800,53.6764
2026-05-09T13:08:13.558,-9.7693,0.0800,53.5901
2026-05-09T13:08:13.573,-9.7724,0.0800,53.5050
2026-05-09T13:08:13.589,-9.7757,0.0800,53.4229
2026-05-09T13:08:13.604,-9.7788,0.0800,53.3449
2026-05-09T13:08:13.621,-9.7824,0.0800,53.2608
2026-05-09T13:08:13.636,-9.7857,0.0800,53.1821
2026-05-09T13:08:13.649,-9.7894,0.0800,53.0988
2026-05-09T13:08:13.662,-9.7924,0.0800,53.0292
2026-05-09T13:08:13.678,-9.7955,0.0800,52.9631
2026-05-09T13:08:13.691,-9.7990,0.0800,52.8876
2026-05-09T13:08:13.705,-9.8020,0.0800,52.8237
2026-05-09T13:08:13.719,-9.8057,0.0800,52.7521
2026-05-09T13:08:13.733,-9.8095,0.0800,52.6820
2026-05-09T13:08:13.747,-9.8133,0.0800,52.6148
2026-05-09T13:08:13.761,-9.8179,0.0800,52.5465
2026-05-09T13:08:13.775,-9.8232,0.0800,52.4767
2026-05-09T13:08:13.789,-9.8295,0.0800,52.4052
2026-05-09T13:08:13.803,-9.8362,0.0800,52.3366
2026-05-09T13:08:13.817,-9.8432,0.0800,52.2687
2026-05-09T13:08:13.831,-9.8526,0.0800,52.1922
2026-05-09T13:08:13.855,-9.8610,0.0800,52.1286
2026-05-09T13:08:13.869,-9.8709,0.0800,52.0590
2026-05-09T13:08:13.883,-9.8857,0.0800,51.9547
2026-05-09T13:08:13.897,-9.8948,0.0800,51.8934
2026-05-09T13:08:13.910,-9.9027,0.0800,51.8420
2026-05-09T13:08:13.924,-9.9112,0.0800,51.7879
2026-05-09T13:08:13.938,-9.9183,0.0800,51.7455
2026-05-09T13:08:13.952,-9.9256,0.0800,51.7034
2026-05-09T13:08:13.966,-9.9313,0.0800,51.6690
2026-05-09T13:08:13.980,-9.9353,0.0800,51.6437
2026-05-09T13:08:13.994,-9.9389,0.0800,51.6215
2026-05-09T13:08:14.008,-9.9407,0.0800,51.6103
2026-05-09T13:08:14.022,-9.9422,0.0800,51.6013
2026-05-09T13:08:14.036,-9.9429,0.0800,51.5977
2026-05-09T13:08:14.050,-9.9431,0.0800,51.5965
2026-05-09T13:08:14.133,-9.9428,0.0800,51.5934
2026-05-09T13:08:14.147,-9.9421,0.0800,51.5848
2026-05-09T13:08:14.161,-9.9389,0.0800,51.5604
2026-05-09T13:08:14.175,-9.9338,0.0800,51.5244
2026-05-09T13:08:14.189,-9.9252,0.0800,51.4705
2026-05-09T13:08:14.202,-9.9167,0.0800,51.4250
2026-05-09T13:08:14.216,-9.9098,0.0800,51.3731
2026-05-09T13:08:14.230,-9.9005,0.0800,51.3308
2026-05-09T13:08:14.243,-9.8897,0.0800,51.2851
2026-05-09T13:08:14.257,-9.8816,0.0800,51.2386
2026-05-09T13:08:14.271,-9.8696,0.0800,51.1939
2026-05-09T13:08:14.285,-9.8564,0.0800,51.1477
2026-05-09T13:08:14.300,-9.8458,0.0800,51.1005
2026-05-09T13:08:14.314,-9.8311,0.0800,51.0547
2026-05-09T13:08:14.328,-9.8145,0.0800,51.0062
2026-05-09T13:08:14.342,-9.8031,0.0800,50.9627
2026-05-09T13:08:14.356,-9.7863,0.0800,50.9183
2026-05-09T13:08:14.370,-9.7683,0.0800,50.8728
2026-05-09T13:08:14.384,-9.7459,0.0800,50.8190
2026-05-09T13:08:14.399,-9.7342,0.0800,50.7812
2026-05-09T13:08:14.413,-9.7125,0.0800,50.7334
2026-05-09T13:08:14.427,-9.6923,0.0800,50.6913
2026-05-09T13:08:14.442,-9.6743,0.0800,50.6470
2026-05-09T13:08:14.456,-9.6530,0.0800,50.6058
2026-05-09T13:08:14.471,-9.6292,0.0800,50.5618
2026-05-09T13:08:14.485,-9.6056,0.0800,50.5199
2026-05-09T13:08:14.500,-9.5818,0.0800,50.4720
2026-05-09T13:08:14.515,-9.5576,0.0800,50.4325
2026-05-09T13:08:14.530,-9.5303,0.0800,50.3898
2026-05-09T13:08:14.543,-9.5028,0.0800,50.3486
2026-05-09T13:08:14.558,-9.4771,0.0800,50.3050
2026-05-09T13:08:14.571,-9.4500,0.0800,50.2679
2026-05-09T13:08:14.584,-9.4216,0.0800,50.2306
2026-05-09T13:08:14.599,-9.3944,0.0800,50.1907
2026-05-09T13:08:14.614,-9.3674,0.0800,50.1583
2026-05-09T13:08:14.629,-9.3332,0.0800,50.1191
2026-05-09T13:08:14.643,-9.2993,0.0800,50.0821
2026-05-09T13:08:14.657,-9.2687,0.0800,50.0448
2026-05-09T13:08:14.671,-9.2356,0.0800,50.0123
2026-05-09T13:08:14.685,-9.1991,0.0800,49.9783
2026-05-09T13:08:14.699,-9.1670,0.0800,49.9448
2026-05-09T13:08:14.712,-9.1331,0.0800,49.9164
2026-05-09T13:08:14.726,-9.0943,0.0800,49.8856
2026-05-09T13:08:14.744,-9.0619,0.0800,49.8564
2026-05-09T13:08:14.758,-9.0246,0.0800,49.8300
2026-05-09T13:08:14.773,-8.9726,0.0800,49.7952
2026-05-09T13:08:14.785,-8.9297,0.0800,49.7684
2026-05-09T13:08:14.800,-8.8933,0.0800,49.7427
2026-05-09T13:08:14.814,-8.8566,0.0800,49.7226
2026-05-09T13:08:14.828,-8.8105,0.0800,49.6987
2026-05-09T13:08:14.843,-8.7740,0.0800,49.6769
2026-05-09T13:08:14.857,-8.7303,0.0800,49.6573
2026-05-09T13:08:14.871,-8.6827,0.0800,49.6374
2026-05-09T13:08:14.884,-8.6377,0.0800,49.6201
2026-05-09T13:08:14.898,-8.5953,0.0800,49.6013
2026-05-09T13:08:14.912,-8.5511,0.0800,49.5870
2026-05-09T13:08:14.926,-8.5050,0.0800,49.5734
2026-05-09T13:08:14.940,-8.4630,0.0800,49.5585
2026-05-09T13:08:14.954,-8.4183,0.0800,49.5477
2026-05-09T13:08:14.968,-8.3664,0.0800,49.5365
2026-05-09T13:08:14.982,-8.3208,0.0800,49.5278
2026-05-09T13:08:14.995,-8.2766,0.0800,49.5169
2026-05-09T13:08:15.011,-8.2282,0.0800,49.5095
2026-05-09T13:08:15.023,-8.1779,0.0800,49.5027
2026-05-09T13:08:15.038,-8.1227,0.0800,49.4927
2026-05-09T13:08:15.052,-8.0726,0.0800,49.4874
2026-05-09T13:08:15.065,-8.0096,0.0800,49.4812
2026-05-09T13:08:15.080,-7.9576,0.0800,49.4737
2026-05-09T13:08:15.093,-7.8965,0.0800,49.4686
2026-05-09T13:08:15.108,-7.8316,0.0800,49.4634
2026-05-09T13:08:15.121,-7.7614,0.0800,49.4583
2026-05-09T13:08:15.135,-7.6997,0.0800,49.4523
2026-05-09T13:08:15.149,-7.6361,0.0800,49.4483
2026-05-09T13:08:15.162,-7.5704,0.0800,49.4444
2026-05-09T13:08:15.177,-7.5068,0.0800,49.4391
2026-05-09T13:08:15.190,-7.4409,0.0800,49.4351
2026-05-09T13:08:15.205,-7.3671,0.0800,49.4296
2026-05-09T13:08:15.219,-7.3011,0.0800,49.4246
2026-05-09T13:08:15.233,-7.2279,0.0800,49.4188
2026-05-09T13:08:15.245,-7.1563,0.0800,49.4129
2026-05-09T13:08:15.260,-7.0887,0.0800,49.4072
2026-05-09T13:08:15.274,-7.0268,0.0800,49.4019
2026-05-09T13:08:15.287,-6.9525,0.0800,49.3954
2026-05-09T13:08:15.301,-6.8829,0.0800,49.3893
2026-05-09T13:08:15.316,-6.8181,0.0800,49.3834
2026-05-09T13:08:15.330,-6.7486,0.0800,49.3771
2026-05-09T13:08:15.344,-6.6774,0.0800,49.3706
2026-05-09T13:08:15.357,-6.6109,0.0800,49.3644
2026-05-09T13:08:15.372,-6.5509,0.0800,49.3589
2026-05-09T13:08:15.385,-6.4900,0.0800,49.3532
2026-05-09T13:08:15.400,-6.4182,0.0800,49.3465
2026-05-09T13:08:15.413,-6.3621,0.0800,49.3413
2026-05-09T13:08:15.426,-6.2889,0.0800,49.3345
2026-05-09T13:08:15.440,-6.2362,0.0800,49.3296
2026-05-09T13:08:15.454,-6.1715,0.0800,49.3236
2026-05-09T13:08:15.468,-6.1102,0.0800,49.3179
2026-05-09T13:08:15.482,-6.0433,0.0800,49.3117
2026-05-09T13:08:15.496,-5.9783,0.0800,49.3057
2026-05-09T13:08:15.510,-5.9189,0.0800,49.3002
2026-05-09T13:08:15.523,-5.8573,0.0800,49.2945
2026-05-09T13:08:15.538,-5.7939,0.0800,49.2886
2026-05-09T13:08:15.552,-5.7319,0.0800,49.2828
2026-05-09T13:08:15.565,-5.6604,0.0800,49.2762
2026-05-09T13:08:15.580,-5.6031,0.0800,49.2708
2026-05-09T13:08:15.594,-5.5410,0.0800,49.2650
2026-05-09T13:08:15.608,-5.4773,0.0800,49.2590
2026-05-09T13:08:15.621,-5.4136,0.0800,49.2530
2026-05-09T13:08:15.636,-5.3526,0.0800,49.2473
2026-05-09T13:08:15.650,-5.2930,0.0800,49.2416
2026-05-09T13:08:15.663,-5.2253,0.0800,49.2352
2026-05-09T13:08:15.678,-5.1656,0.0800,49.2295
2026-05-09T13:08:15.690,-5.1042,0.0800,49.2236
2026-05-09T13:08:15.705,-5.0435,0.0800,49.2178
2026-05-09T13:08:15.719,-4.9905,0.0800,49.2128
2026-05-09T13:08:15.733,-4.9217,0.0800,49.2061
2026-05-09T13:08:15.747,-4.8685,0.0800,49.2010
2026-05-09T13:08:15.761,-4.8137,0.0800,49.1957
2026-05-09T13:08:15.775,-4.7566,0.0800,49.1902
2026-05-09T13:08:15.788,-4.6934,0.0800,49.1841
2026-05-09T13:08:15.802,-4.6393,0.0800,49.1789
2026-05-09T13:08:15.817,-4.5830,0.0800,49.1735
2026-05-09T13:08:15.829,-4.5091,0.0800,49.1664
2026-05-09T13:08:15.844,-4.4418,0.0800,49.1599
2026-05-09T13:08:15.858,-4.3789,0.0800,49.1538
2026-05-09T13:08:15.873,-4.3039,0.0800,49.1466
2026-05-09T13:08:15.886,-4.2410,0.0800,49.1406
2026-05-09T13:08:15.900,-4.1678,0.0800,49.1336
2026-05-09T13:08:15.913,-4.1045,0.0800,49.1276
2026-05-09T13:08:15.927,-4.0357,0.0800,49.1210
2026-05-09T13:08:15.942,-3.9687,0.0800,49.1146
2026-05-09T13:08:15.956,-3.9005,0.0800,49.1081
2026-05-09T13:08:15.969,-3.8286,0.0800,49.1023
2026-05-09T13:08:15.982,-3.7610,0.0800,49.0971
2026-05-09T13:08:15.996,-3.6934,0.0800,49.0914
2026-05-09T13:08:16.011,-3.6333,0.0800,49.0875
2026-05-09T13:08:16.024,-3.5580,0.0800,49.0830
2026-05-09T13:08:16.039,-3.4940,0.0800,49.0785
2026-05-09T13:08:16.052,-3.4268,0.0800,49.0754
2026-05-09T13:08:16.066,-3.3584,0.0800,49.0728
2026-05-09T13:08:16.080,-3.2928,0.0800,49.0694
2026-05-09T13:08:16.094,-3.2267,0.0800,49.0677
2026-05-09T13:08:16.108,-3.1608,0.0800,49.0664
2026-05-09T13:08:16.122,-3.0867,0.0800,49.0654
2026-05-09T13:08:16.135,-3.0267,0.0800,49.0636
2026-05-09T13:08:16.150,-2.9578,0.0800,49.0636
2026-05-09T13:08:16.162,-2.8945,0.0800,49.0640
2026-05-09T13:08:16.177,-2.8265,0.0800,49.0635
2026-05-09T13:08:16.190,-2.7639,0.0800,49.0647
2026-05-09T13:08:16.205,-2.6958,0.0800,49.0664
2026-05-09T13:08:16.219,-2.6293,0.0800,49.0671
2026-05-09T13:08:16.233,-2.5579,0.0800,49.0698
2026-05-09T13:08:16.245,-2.4933,0.0800,49.0727
2026-05-09T13:08:16.260,-2.4246,0.0800,49.0749
2026-05-09T13:08:16.274,-2.3668,0.0800,49.0782
2026-05-09T13:08:16.287,-2.2959,0.0800,49.0828
2026-05-09T13:08:16.301,-2.2315,0.0800,49.0859
2026-05-09T13:08:16.316,-2.1665,0.0800,49.0910
2026-05-09T13:08:16.331,-2.0973,0.0800,49.0969
2026-05-09T13:08:16.344,-2.0286,0.0800,49.1033
2026-05-09T13:08:16.358,-1.9557,0.0800,49.1091
2026-05-09T13:08:16.371,-1.8974,0.0800,49.1154
2026-05-09T13:08:16.386,-1.8325,0.0800,49.1229
2026-05-09T13:08:16.401,-1.7653,0.0800,49.1296
2026-05-09T13:08:16.416,-1.6987,0.0800,49.1382
2026-05-09T13:08:16.429,-1.6254,0.0800,49.1482
2026-05-09T13:08:16.454,-1.5560,0.0800,49.1583
2026-05-09T13:08:16.469,-1.4937,0.0800,49.1662
2026-05-09T13:08:16.483,-1.3737,0.0800,49.1853
2026-05-09T13:08:16.496,-1.3066,0.0800,49.1942
2026-05-09T13:08:16.510,-1.2423,0.0800,49.2058
2026-05-09T13:08:16.524,-1.1770,0.0800,49.2180
2026-05-09T13:08:16.538,-1.1138,0.0800,49.2288
2026-05-09T13:08:16.553,-1.0494,0.0800,49.2417
2026-05-09T13:08:16.567,-0.9798,0.0800,49.2562
2026-05-09T13:08:16.581,-0.9140,0.0800,49.2688
2026-05-09T13:08:16.595,-0.8481,0.0800,49.2835
2026-05-09T13:08:16.609,-0.7859,0.0800,49.2979
2026-05-09T13:08:16.623,-0.7157,0.0800,49.3146
2026-05-09T13:08:16.636,-0.6549,0.0800,49.3280
2026-05-09T13:08:16.651,-0.5920,0.0800,49.3440
2026-05-09T13:08:16.663,-0.5297,0.0800,49.3605
2026-05-09T13:08:16.678,-0.4668,0.0800,49.3759
2026-05-09T13:08:16.692,-0.4064,0.0800,49.3928
2026-05-09T13:08:16.707,-0.3414,0.0800,49.4114
2026-05-09T13:08:16.720,-0.2780,0.0800,49.4284
2026-05-09T13:08:16.734,-0.2181,0.0800,49.4465
2026-05-09T13:08:16.748,-0.1768,0.0800,49.4593
2026-05-09T13:08:16.761,-0.1415,0.0800,49.4694
2026-05-09T13:08:16.776,-0.1285,0.0800,49.4731
2026-05-09T13:08:16.791,-0.1174,0.0800,49.4763
2026-05-09T13:08:16.804,-0.1087,0.0800,49.4787
2026-05-09T13:08:16.818,-0.0994,0.0800,49.4813
2026-05-09T13:08:16.831,-0.0903,0.0800,49.4839
2026-05-09T13:08:16.845,-0.0793,0.0800,49.4869
2026-05-09T13:08:16.860,-0.0617,0.0800,49.4904
2026-05-09T13:08:16.874,-0.0290,0.0800,49.4957
2026-05-09T13:08:16.887,0.0091,0.0800,49.5013
2026-05-09T13:08:16.902,0.0419,0.0800,49.5054
2026-05-09T13:08:16.916,0.0733,0.0800,49.5122
2026-05-09T13:08:16.929,0.1123,0.0800,49.5157
2026-05-09T13:08:16.943,0.1456,0.0800,49.5180
2026-05-09T13:08:16.957,0.1782,0.0800,49.5232
2026-05-09T13:08:16.972,0.2134,0.0800,49.5245
2026-05-09T13:08:16.985,0.2478,0.0800,49.5251
2026-05-09T13:08:16.999,0.2845,0.0800,49.5286
2026-05-09T13:08:17.014,0.3172,0.0800,49.5281
2026-05-09T13:08:17.026,0.3528,0.0800,49.5269
2026-05-09T13:08:17.040,0.3883,0.0800,49.5250
2026-05-09T13:08:17.054,0.4197,0.0800,49.5265
2026-05-09T13:08:17.069,0.4556,0.0800,49.5235
2026-05-09T13:08:17.082,0.4886,0.0800,49.5201
2026-05-09T13:08:17.096,0.5254,0.0800,49.5191
2026-05-09T13:08:17.110,0.5577,0.0800,49.5147
2026-05-09T13:08:17.124,0.5960,0.0800,49.5088
2026-05-09T13:08:17.138,0.6293,0.0800,49.5071
2026-05-09T13:08:17.151,0.6638,0.0800,49.5007
2026-05-09T13:08:17.164,0.6969,0.0800,49.4944
2026-05-09T13:08:17.179,0.7219,0.0800,49.4924
2026-05-09T13:08:17.193,0.7464,0.0800,49.4874
2026-05-09T13:08:17.207,0.7639,0.0800,49.4850
2026-05-09T13:08:17.221,0.7771,0.0800,49.4831
2026-05-09T13:08:17.235,0.7878,0.0800,49.4817
2026-05-09T13:08:17.249,0.7976,0.0800,49.4803
2026-05-09T13:08:17.263,0.8080,0.0800,49.4788
2026-05-09T13:08:17.278,0.8168,0.0800,49.4776
2026-05-09T13:08:17.292,0.8266,0.0800,49.4762
2026-05-09T13:08:17.306,0.8359,0.0800,49.4749
2026-05-09T13:08:17.320,0.8452,0.0800,49.4736
2026-05-09T13:08:17.334,0.8538,0.0800,49.4723
2026-05-09T13:08:17.350,0.8629,0.0800,49.4710
2026-05-09T13:08:17.364,0.8710,0.0800,49.4699
2026-05-09T13:08:17.378,0.8795,0.0800,49.4686
2026-05-09T13:08:17.392,0.8874,0.0800,49.4675
2026-05-09T13:08:17.406,0.8962,0.0800,49.4663
2026-05-09T13:08:17.420,0.9099,0.0800,49.4643
2026-05-09T13:08:17.434,0.9237,0.0800,49.4623
2026-05-09T13:08:17.449,0.9510,0.0800,49.4585
2026-05-09T13:08:17.464,0.9935,0.0800,49.4535
2026-05-09T13:08:17.479,1.0481,0.0800,49.4465
2026-05-09T13:08:17.495,1.1185,0.0800,49.4394
2026-05-09T13:08:17.510,1.1868,0.0800,49.4332
2026-05-09T13:08:17.525,1.2639,0.0800,49.4273
2026-05-09T13:08:17.540,1.3248,0.0800,49.4210
2026-05-09T13:08:17.553,1.3946,0.0800,49.4176
2026-05-09T13:08:17.567,1.4575,0.0800,49.4153
2026-05-09T13:08:17.581,1.5134,0.0800,49.4117
2026-05-09T13:08:17.595,1.5718,0.0800,49.4112
2026-05-09T13:08:17.609,1.6308,0.0800,49.4116
2026-05-09T13:08:17.624,1.6920,0.0800,49.4128
2026-05-09T13:08:17.638,1.7511,0.0800,49.4121
2026-05-09T13:08:17.652,1.8094,0.0800,49.4150
2026-05-09T13:08:17.665,1.8708,0.0800,49.4190
2026-05-09T13:08:17.679,1.9258,0.0800,49.4207
2026-05-09T13:08:17.692,1.9782,0.0800,49.4259
2026-05-09T13:08:17.706,2.0294,0.0800,49.4318
2026-05-09T13:08:17.720,2.0853,0.0800,49.4366
2026-05-09T13:08:17.734,2.1360,0.0800,49.4443
2026-05-09T13:08:17.747,2.1881,0.0800,49.4532
2026-05-09T13:08:17.761,2.2387,0.0800,49.4597
2026-05-09T13:08:17.776,2.2874,0.0800,49.4699
2026-05-09T13:08:17.790,2.3374,0.0800,49.4815
2026-05-09T13:08:17.803,2.3879,0.0800,49.4943
2026-05-09T13:08:17.818,2.4329,0.0800,49.5033
2026-05-09T13:08:17.831,2.4766,0.0800,49.5166
2026-05-09T13:08:17.845,2.5224,0.0800,49.5316
2026-05-09T13:08:17.859,2.5628,0.0800,49.5421
2026-05-09T13:08:17.874,2.6040,0.0800,49.5578
2026-05-09T13:08:17.886,2.6451,0.0800,49.5745
2026-05-09T13:08:17.902,2.6876,0.0800,49.5891
2026-05-09T13:08:17.915,2.7230,0.0800,49.6054
2026-05-09T13:08:17.929,2.7680,0.0800,49.6273
2026-05-09T13:08:17.942,2.8021,0.0800,49.6450
2026-05-09T13:08:17.957,2.8437,0.0800,49.6641
2026-05-09T13:08:17.971,2.8764,0.0800,49.6829
2026-05-09T13:08:17.985,2.9166,0.0800,49.7073
2026-05-09T13:08:17.999,2.9530,0.0800,49.7261
2026-05-09T13:08:18.013,2.9896,0.0800,49.7507
2026-05-09T13:08:18.026,3.0240,0.0800,49.7751
2026-05-09T13:08:18.041,3.0600,0.0800,49.7976
2026-05-09T13:08:18.055,3.0915,0.0800,49.8222
2026-05-09T13:08:18.069,3.1278,0.0800,49.8520
2026-05-09T13:08:18.082,3.1594,0.0800,49.8793
2026-05-09T13:08:18.097,3.1946,0.0800,49.9067
2026-05-09T13:08:18.110,3.2215,0.0800,49.9325
2026-05-09T13:08:18.124,3.2556,0.0800,49.9665
2026-05-09T13:08:18.138,3.2844,0.0800,49.9915
2026-05-09T13:08:18.153,3.3151,0.0800,50.0256
2026-05-09T13:08:18.166,3.3421,0.0800,50.0572
2026-05-09T13:08:18.181,3.3710,0.0800,50.0880
2026-05-09T13:08:18.194,3.3957,0.0800,50.1202
2026-05-09T13:08:18.209,3.4226,0.0800,50.1576
2026-05-09T13:08:18.221,3.4460,0.0800,50.1920
2026-05-09T13:08:18.237,3.4722,0.0800,50.2274
2026-05-09T13:08:18.250,3.4911,0.0800,50.2590
2026-05-09T13:08:18.263,3.5163,0.0800,50.3038
2026-05-09T13:08:18.277,3.5360,0.0800,50.3338
2026-05-09T13:08:18.291,3.5550,0.0800,50.3725
2026-05-09T13:08:18.305,3.5715,0.0800,50.4080
2026-05-09T13:08:18.319,3.5889,0.0800,50.4419
2026-05-09T13:08:18.333,3.6029,0.0800,50.4760
2026-05-09T13:08:18.347,3.6155,0.0800,50.5091
2026-05-09T13:08:18.360,3.6291,0.0800,50.5412
2026-05-09T13:08:18.375,3.6406,0.0800,50.5758
2026-05-09T13:08:18.387,3.6510,0.0800,50.6098
2026-05-09T13:08:18.402,3.6618,0.0800,50.6475
2026-05-09T13:08:18.416,3.6709,0.0800,50.6742
2026-05-09T13:08:18.430,3.6804,0.0800,50.7130
2026-05-09T13:08:18.443,3.6867,0.0800,50.7416
2026-05-09T13:08:18.458,3.6940,0.0800,50.7699
2026-05-09T13:08:18.470,3.6993,0.0800,50.7977
2026-05-09T13:08:18.485,3.7038,0.0800,50.8230
2026-05-09T13:08:18.498,3.7067,0.0800,50.8302
2026-05-09T13:08:18.514,3.7087,0.0800,50.8394
2026-05-09T13:08:18.526,3.7090,0.0800,50.8406
2026-05-09T13:08:18.541,3.7093,0.0800,50.8422
2026-05-09T13:08:18.638,3.7087,0.0800,50.8411
2026-05-09T13:08:18.652,3.7079,0.0800,50.8397
2026-05-09T13:08:18.665,3.7059,0.0800,50.8362
2026-05-09T13:08:18.680,3.7018,0.0800,50.8292
2026-05-09T13:08:18.693,3.6968,0.0800,50.8207
2026-05-09T13:08:18.708,3.6867,0.0800,50.8040
2026-05-09T13:08:18.721,3.6762,0.0800,50.7867
2026-05-09T13:08:18.736,3.6613,0.0800,50.7625
2026-05-09T13:08:18.750,3.6436,0.0800,50.7352
2026-05-09T13:08:18.763,3.6166,0.0800,50.6949
2026-05-09T13:08:18.777,3.5880,0.0800,50.6565
2026-05-09T13:08:18.791,3.5552,0.0800,50.6123
2026-05-09T13:08:18.804,3.5248,0.0800,50.5715
2026-05-09T13:08:18.819,3.4928,0.0800,50.5286
2026-05-09T13:08:18.832,3.4539,0.0800,50.4795
2026-05-09T13:08:18.847,3.4134,0.0800,50.4307
2026-05-09T13:08:18.860,3.3711,0.0800,50.3823
2026-05-09T13:08:18.874,3.3214,0.0800,50.3259
2026-05-09T13:08:18.888,3.2771,0.0800,50.2770
2026-05-09T13:08:18.902,3.2281,0.0800,50.2244
2026-05-09T13:08:18.916,3.1813,0.0800,50.1766
2026-05-09T13:08:18.930,3.1250,0.0800,50.1246
2026-05-09T13:08:18.943,3.0798,0.0800,50.0840
2026-05-09T13:08:18.958,3.0237,0.0800,50.0352
2026-05-09T13:08:18.972,2.9729,0.0800,49.9953
2026-05-09T13:08:18.985,2.9149,0.0800,49.9528
2026-05-09T13:08:19.000,2.8775,0.0800,49.9296
2026-05-09T13:08:19.014,2.8553,0.0800,49.9180
2026-05-09T13:08:19.055,2.8558,0.0800,49.9206
2026-05-09T13:08:19.069,2.8573,0.0800,49.9282
2026-05-09T13:08:19.083,2.8602,0.0800,49.9429
2026-05-09T13:08:19.097,2.8649,0.0800,49.9671
2026-05-09T13:08:19.111,2.8714,0.0800,50.0002
2026-05-09T13:08:19.125,2.8805,0.0800,50.0465
2026-05-09T13:08:19.138,2.8897,0.0800,50.0974
2026-05-09T13:08:19.152,2.9008,0.0800,50.1614
2026-05-09T13:08:19.166,2.9109,0.0800,50.2226
2026-05-09T13:08:19.181,2.9220,0.0800,50.2905
2026-05-09T13:08:19.194,2.9317,0.0800,50.3560
2026-05-09T13:08:19.208,2.9422,0.0800,50.4294
2026-05-09T13:08:19.221,2.9515,0.0800,50.4933
2026-05-09T13:08:19.236,2.9618,0.0800,50.5635
2026-05-09T13:08:19.249,2.9708,0.0800,50.6251
2026-05-09T13:08:19.263,2.9816,0.0800,50.6984
2026-05-09T13:08:19.277,2.9911,0.0800,50.7631
2026-05-09T13:08:19.291,3.0010,0.0800,50.8309
2026-05-09T13:08:19.305,3.0104,0.0800,50.8956
2026-05-09T13:08:19.319,3.0210,0.0800,50.9676
2026-05-09T13:08:19.333,3.0309,0.0800,51.0331
2026-05-09T13:08:19.346,3.0417,0.0800,51.1022
2026-05-09T13:08:19.360,3.0520,0.0800,51.1675
2026-05-09T13:08:19.375,3.0626,0.0800,51.2330
2026-05-09T13:08:19.388,3.0742,0.0800,51.3026
2026-05-09T13:08:19.402,3.0862,0.0800,51.3736
2026-05-09T13:08:19.416,3.0970,0.0800,51.4365
2026-05-09T13:08:19.431,3.1094,0.0800,51.5081
2026-05-09T13:08:19.444,3.1206,0.0800,51.5723
2026-05-09T13:08:19.458,3.1326,0.0800,51.6402
2026-05-09T13:08:19.472,3.1439,0.0800,51.7035
2026-05-09T13:08:19.487,3.1567,0.0800,51.7745
2026-05-09T13:08:19.502,3.1690,0.0800,51.8431
2026-05-09T13:08:19.527,3.1814,0.0800,51.9115
2026-05-09T13:08:19.540,3.1955,0.0800,51.9886
2026-05-09T13:08:19.553,3.2179,0.0800,52.1109
2026-05-09T13:08:19.568,3.2287,0.0800,52.1700
2026-05-09T13:08:19.582,3.2401,0.0800,52.2320
2026-05-09T13:08:19.597,3.2534,0.0800,52.3042
2026-05-09T13:08:19.610,3.2658,0.0800,52.3710
2026-05-09T13:08:19.624,3.2795,0.0800,52.4453
2026-05-09T13:08:19.638,3.2911,0.0800,52.5076
2026-05-09T13:08:19.653,3.3039,0.0800,52.5770
2026-05-09T13:08:19.666,3.3171,0.0800,52.6479
2026-05-09T13:08:19.680,3.3296,0.0800,52.7148
2026-05-09T13:08:19.694,3.3412,0.0800,52.7767
2026-05-09T13:08:19.709,3.3551,0.0800,52.8507
2026-05-09T13:08:19.722,3.3671,0.0800,52.9142
2026-05-09T13:08:19.736,3.3821,0.0800,52.9944
2026-05-09T13:08:19.750,3.3946,0.0800,53.0604
2026-05-09T13:08:19.763,3.4056,0.0800,53.1190
2026-05-09T13:08:19.777,3.4174,0.0800,53.1817
2026-05-09T13:08:19.792,3.4301,0.0800,53.2489
2026-05-09T13:08:19.808,3.4352,0.0800,53.3118
2026-05-09T13:08:19.825,3.4352,0.0800,53.3899
2026-05-09T13:08:19.841,3.4352,0.0800,53.4647
2026-05-09T13:08:19.854,3.4352,0.0800,53.5474
2026-05-09T13:08:19.868,3.4352,0.0800,53.6230
2026-05-09T13:08:19.888,3.4352,0.0800,53.6879
2026-05-09T13:08:19.902,3.4352,0.0800,53.7578
2026-05-09T13:08:19.916,3.4352,0.0800,53.8488
2026-05-09T13:08:19.930,3.4352,0.0800,53.9201
2026-05-09T13:08:19.943,3.4352,0.0800,53.9841
2026-05-09T13:08:19.957,3.4352,0.0800,54.0518
2026-05-09T13:08:19.971,3.4352,0.0800,54.1142
2026-05-09T13:08:19.984,3.4352,0.0800,54.1854
2026-05-09T13:08:19.999,3.4352,0.0800,54.2543
2026-05-09T13:08:20.013,3.4352,0.0800,54.3145
2026-05-09T13:08:20.026,3.4352,0.0800,54.3865
2026-05-09T13:08:20.041,3.4352,0.0800,54.4532
2026-05-09T13:08:20.055,3.4352,0.0800,54.5160
2026-05-09T13:08:20.069,3.4352,0.0800,54.5913
2026-05-09T13:08:20.083,3.4352,0.0800,54.6541
2026-05-09T13:08:20.097,3.4352,0.0800,54.7242
2026-05-09T13:08:20.111,3.4347,0.0800,54.7907
2026-05-09T13:08:20.124,3.4346,0.0800,54.8631
2026-05-09T13:08:20.139,3.4350,0.0800,54.9260
2026-05-09T13:08:20.152,3.4353,0.0800,54.9903
2026-05-09T13:08:20.166,3.4355,0.0800,55.0634
2026-05-09T13:08:20.181,3.4359,0.0800,55.1275
2026-05-09T13:08:20.194,3.4361,0.0800,55.1958
2026-05-09T13:08:20.208,3.4364,0.0800,55.2664
2026-05-09T13:08:20.222,3.4368,0.0800,55.3294
2026-05-09T13:08:20.236,3.4370,0.0800,55.4009
2026-05-09T13:08:20.249,3.4374,0.0800,55.4656
2026-05-09T13:08:20.263,3.4377,0.0800,55.5395
2026-05-09T13:08:20.278,3.4382,0.0800,55.5997
2026-05-09T13:08:20.292,3.4384,0.0800,55.6693
2026-05-09T13:08:20.305,3.4387,0.0800,55.7376
2026-05-09T13:08:20.320,3.4390,0.0800,55.8070
2026-05-09T13:08:20.333,3.4394,0.0800,55.8737
2026-05-09T13:08:20.346,3.4397,0.0800,55.9434
2026-05-09T13:08:20.360,3.4400,0.0800,56.0123
2026-05-09T13:08:20.374,3.4404,0.0800,56.0746
2026-05-09T13:08:20.388,3.4406,0.0800,56.1460
2026-05-09T13:08:20.402,3.4410,0.0800,56.2144
2026-05-09T13:08:20.416,3.4414,0.0800,56.2768
2026-05-09T13:08:20.430,3.4416,0.0800,56.3523
2026-05-09T13:08:20.443,3.4421,0.0800,56.4144
2026-05-09T13:08:20.457,3.4423,0.0800,56.4863
2026-05-09T13:08:20.471,3.4428,0.0800,56.5457
2026-05-09T13:08:20.485,3.4430,0.0800,56.6178
2026-05-09T13:08:20.500,3.4433,0.0800,56.6906
2026-05-09T13:08:20.513,3.4439,0.0800,56.7497
2026-05-09T13:08:20.526,3.4440,0.0800,56.8255
2026-05-09T13:08:20.540,3.4445,0.0800,56.8875
2026-05-09T13:08:20.553,3.4448,0.0800,56.9516
2026-05-09T13:08:20.567,3.4452,0.0800,57.0145
2026-05-09T13:08:20.581,3.4455,0.0800,57.0752
2026-05-09T13:08:20.595,3.4458,0.0800,57.1384
2026-05-09T13:08:20.610,3.4461,0.0800,57.1949
2026-05-09T13:08:20.624,3.4470,0.0800,57.2540
2026-05-09T13:08:20.638,3.4470,0.0800,57.3115
2026-05-09T13:08:20.653,3.4470,0.0800,57.3621
2026-05-09T13:08:20.667,3.4470,0.0800,57.4098
2026-05-09T13:08:20.681,3.4470,0.0800,57.4590
2026-05-09T13:08:20.694,3.4470,0.0800,57.5038
2026-05-09T13:08:20.708,3.4470,0.0800,57.5461
2026-05-09T13:08:20.721,3.4470,0.0800,57.5815
2026-05-09T13:08:20.736,3.4470,0.0800,57.6116
2026-05-09T13:08:20.750,3.4470,0.0800,57.6376
2026-05-09T13:08:20.763,3.4470,0.0800,57.6671
2026-05-09T13:08:20.778,3.4470,0.0800,57.6931
2026-05-09T13:08:20.792,3.4470,0.0800,57.7204
2026-05-09T13:08:20.806,3.4470,0.0800,57.7453
2026-05-09T13:08:20.819,3.4470,0.0800,57.7689
2026-05-09T13:08:20.834,3.4470,0.0800,57.7906
2026-05-09T13:08:20.848,3.4470,0.0800,57.8095
2026-05-09T13:08:20.861,3.4470,0.0800,57.8312
2026-05-09T13:08:20.875,3.4470,0.0800,57.8489
2026-05-09T13:08:20.889,3.4470,0.0800,57.8677
2026-05-09T13:08:20.903,3.4470,0.0800,57.8865
2026-05-09T13:08:20.917,3.4470,0.0800,57.9040
2026-05-09T13:08:20.931,3.4470,0.0800,57.9224
2026-05-09T13:08:20.945,3.4470,0.0800,57.9409
2026-05-09T13:08:20.958,3.4470,0.0800,57.9593
2026-05-09T13:08:20.973,3.4470,0.0800,57.9775
2026-05-09T13:08:20.986,3.4470,0.0800,57.9950
2026-05-09T13:08:21.000,3.4470,0.0800,58.0136
2026-05-09T13:08:21.014,3.4470,0.0800,58.0304
2026-05-09T13:08:21.027,3.4470,0.0800,58.0499
2026-05-09T13:08:21.041,3.4470,0.0800,58.0669
2026-05-09T13:08:21.056,3.4470,0.0800,58.0843
2026-05-09T13:08:21.071,3.4470,0.0800,58.1024
2026-05-09T13:08:21.084,3.4470,0.0800,58.1217
2026-05-09T13:08:21.098,3.4470,0.0800,58.1496
2026-05-09T13:08:21.112,3.4470,0.0800,58.1758
2026-05-09T13:08:21.125,3.4470,0.0800,58.2071
2026-05-09T13:08:21.140,3.4470,0.0800,58.2471
2026-05-09T13:08:21.154,3.4470,0.0800,58.2867
2026-05-09T13:08:21.167,3.4462,0.0800,58.3438
2026-05-09T13:08:21.181,3.4462,0.0800,58.3954
2026-05-09T13:08:21.195,3.4453,0.0800,58.4563
2026-05-09T13:08:21.209,3.4450,0.0800,58.5244
2026-05-09T13:08:21.222,3.4455,0.0800,58.5890
2026-05-09T13:08:21.237,3.4457,0.0800,58.6635
2026-05-09T13:08:21.251,3.4465,0.0800,58.7204
2026-05-09T13:08:21.264,3.4466,0.0800,58.7944
2026-05-09T13:08:21.279,3.4472,0.0800,58.8565
2026-05-09T13:08:21.292,3.4473,0.0800,58.9265
2026-05-09T13:08:21.306,3.4469,0.0800,58.9944
2026-05-09T13:08:21.320,3.4473,0.0800,59.0573
2026-05-09T13:08:21.335,3.4462,0.0800,59.1270
2026-05-09T13:08:21.349,3.4448,0.0800,59.1938
2026-05-09T13:08:21.361,3.4430,0.0800,59.2641
2026-05-09T13:08:21.376,3.4421,0.0800,59.3296
2026-05-09T13:08:21.390,3.4399,0.0800,59.3924
2026-05-09T13:08:21.404,3.4371,0.0800,59.4641
2026-05-09T13:08:21.418,3.4354,0.0800,59.5286
2026-05-09T13:08:21.431,3.4322,0.0800,59.5966
2026-05-09T13:08:21.445,3.4289,0.0800,59.6636
2026-05-09T13:08:21.459,3.4264,0.0800,59.7296
2026-05-09T13:08:21.473,3.4236,0.0800,59.7807
2026-05-09T13:08:21.486,3.4221,0.0800,59.8195
2026-05-09T13:08:21.501,3.4216,0.0800,59.8346
2026-05-09T13:08:21.515,3.4214,0.0800,59.8408
2026-05-09T13:08:21.584,3.4214,0.0800,59.8421
2026-05-09T13:08:21.598,3.4214,0.0800,59.8437
2026-05-09T13:08:21.612,3.4231,0.0800,59.8422
2026-05-09T13:08:21.626,3.4255,0.0800,59.8382
2026-05-09T13:08:21.640,3.4263,0.0800,59.8316
2026-05-09T13:08:21.653,3.4293,0.0800,59.8224
2026-05-09T13:08:21.667,3.4322,0.0800,59.8128
2026-05-09T13:08:21.681,3.4312,0.0800,59.8067
2026-05-09T13:08:21.695,3.4331,0.0800,59.7929
2026-05-09T13:08:21.709,3.4344,0.0800,59.7777
2026-05-09T13:08:21.722,3.4352,0.0800,59.7620
2026-05-09T13:08:21.737,3.4321,0.0800,59.7514
2026-05-09T13:08:21.750,3.4320,0.0800,59.7370
2026-05-09T13:08:21.764,3.4315,0.0800,59.7201
2026-05-09T13:08:21.778,3.4272,0.0800,59.7101
2026-05-09T13:08:21.792,3.4258,0.0800,59.6952
2026-05-09T13:08:21.805,3.4241,0.0800,59.6798
2026-05-09T13:08:21.819,3.4190,0.0800,59.6690
2026-05-09T13:08:21.833,3.4164,0.0800,59.6538
2026-05-09T13:08:21.847,3.4136,0.0800,59.6396
2026-05-09T13:08:21.861,3.4078,0.0800,59.6291
2026-05-09T13:08:21.876,3.4041,0.0800,59.6146
2026-05-09T13:08:21.889,3.3999,0.0800,59.5996
2026-05-09T13:08:21.903,3.3953,0.0800,59.5848
2026-05-09T13:08:21.917,3.3884,0.0800,59.5760
2026-05-09T13:08:21.931,3.3830,0.0800,59.5613
2026-05-09T13:08:21.944,3.3775,0.0800,59.5477
2026-05-09T13:08:21.959,3.3696,0.0800,59.5385
2026-05-09T13:08:21.972,3.3638,0.0800,59.5260
2026-05-09T13:08:21.985,3.3568,0.0800,59.5118
2026-05-09T13:08:22.000,3.3484,0.0800,59.5044
2026-05-09T13:08:22.014,3.3417,0.0800,59.4924
2026-05-09T13:08:22.028,3.3338,0.0800,59.4791
2026-05-09T13:08:22.042,3.3251,0.0800,59.4662
2026-05-09T13:08:22.056,3.3188,0.0800,59.4631
2026-05-09T13:08:22.070,3.3154,0.0800,59.4578
2026-05-09T13:08:22.083,3.3140,0.0800,59.4568
2026-05-09T13:08:22.209,3.3112,0.0800,59.4582
2026-05-09T13:08:22.222,3.2996,0.0800,59.4644
2026-05-09T13:08:22.236,3.2818,0.0800,59.4742
2026-05-09T13:08:22.250,3.2605,0.0800,59.4867
2026-05-09T13:08:22.263,3.2301,0.0800,59.5056
2026-05-09T13:08:22.278,3.1994,0.0800,59.5258
2026-05-09T13:08:22.292,3.1626,0.0800,59.5530
2026-05-09T13:08:22.305,3.1185,0.0800,59.5883
2026-05-09T13:08:22.320,3.0756,0.0800,59.6251
2026-05-09T13:08:22.334,3.0261,0.0800,59.6731
2026-05-09T13:08:22.347,2.9780,0.0800,59.7234
2026-05-09T13:08:22.361,2.9335,0.0800,59.7798
2026-05-09T13:08:22.376,2.8955,0.0800,59.8356
2026-05-09T13:08:22.389,2.8616,0.0800,59.8956
2026-05-09T13:08:22.403,2.8341,0.0800,59.9647
2026-05-09T13:08:22.417,2.8142,0.0800,60.0265
2026-05-09T13:08:22.431,2.8023,0.0800,60.0972
2026-05-09T13:08:22.444,2.7981,0.0800,60.1593
2026-05-09T13:08:22.459,2.7992,0.0800,60.2300
2026-05-09T13:08:22.472,2.8088,0.0800,60.2899
2026-05-09T13:08:22.486,2.8234,0.0800,60.3574
2026-05-09T13:08:22.500,2.8402,0.0800,60.4252
2026-05-09T13:08:22.514,2.8594,0.0800,60.4829
2026-05-09T13:08:22.527,2.8840,0.0800,60.5469
2026-05-09T13:08:22.541,2.9099,0.0800,60.6106
2026-05-09T13:08:22.556,2.9390,0.0800,60.6689
2026-05-09T13:08:22.570,2.9723,0.0800,60.7287
2026-05-09T13:08:22.583,3.0076,0.0800,60.7850
2026-05-09T13:08:22.598,3.0442,0.0800,60.8449
2026-05-09T13:08:22.611,3.0805,0.0800,60.8952
2026-05-09T13:08:22.625,3.1236,0.0800,60.9520
2026-05-09T13:08:22.640,3.1629,0.0800,61.0060
2026-05-09T13:08:22.653,3.2051,0.0800,61.0555
2026-05-09T13:08:22.667,3.2514,0.0800,61.1071
2026-05-09T13:08:22.681,3.2966,0.0800,61.1600
2026-05-09T13:08:22.695,3.3426,0.0800,61.2076
2026-05-09T13:08:22.709,3.3928,0.0800,61.2577
2026-05-09T13:08:22.722,3.4397,0.0800,61.3032
2026-05-09T13:08:22.736,3.4898,0.0800,61.3529
2026-05-09T13:08:22.751,3.5376,0.0800,61.3967
2026-05-09T13:08:22.764,3.5910,0.0800,61.4445
2026-05-09T13:08:22.779,3.6434,0.0800,61.4916
2026-05-09T13:08:22.793,3.6928,0.0800,61.5338
2026-05-09T13:08:22.806,3.7492,0.0800,61.5806
2026-05-09T13:08:22.820,3.8036,0.0800,61.6261
2026-05-09T13:08:22.834,3.8580,0.0800,61.6690
2026-05-09T13:08:22.848,3.9089,0.0800,61.7083
2026-05-09T13:08:22.861,3.9656,0.0800,61.7512
2026-05-09T13:08:22.876,4.0218,0.0800,61.7937
2026-05-09T13:08:22.889,4.0748,0.0800,61.8315
2026-05-09T13:08:22.903,4.1352,0.0800,61.8728
2026-05-09T13:08:22.917,4.1888,0.0800,61.9089
2026-05-09T13:08:22.931,4.2431,0.0800,61.9425
2026-05-09T13:08:22.944,4.2900,0.0800,61.9687
2026-05-09T13:08:22.958,4.3338,0.0800,61.9919
2026-05-09T13:08:22.972,4.3638,0.0800,62.0031
2026-05-09T13:08:22.986,4.3342,0.0800,62.0248
2026-05-09T13:08:23.000,4.3062,0.0800,62.0457
2026-05-09T13:08:23.015,4.2784,0.0800,62.0572
2026-05-09T13:08:23.029,4.2473,0.0800,62.0683
2026-05-09T13:08:23.042,4.2165,0.0800,62.0780
2026-05-09T13:08:23.056,4.1870,0.0800,62.0913
2026-05-09T13:08:23.070,4.1592,0.0800,62.0997
2026-05-09T13:08:23.083,4.1281,0.0800,62.1088
2026-05-09T13:08:23.097,4.0988,0.0800,62.1228
2026-05-09T13:08:23.111,4.0724,0.0800,62.1315
2026-05-09T13:08:23.125,4.0416,0.0800,62.1422
2026-05-09T13:08:23.139,4.0138,0.0800,62.1576
2026-05-09T13:08:23.153,3.9828,0.0800,62.1701
2026-05-09T13:08:23.166,3.9548,0.0800,62.1822
2026-05-09T13:08:23.180,3.9293,0.0800,62.1989
2026-05-09T13:08:23.194,3.9028,0.0800,62.2120
2026-05-09T13:08:23.208,3.8762,0.0800,62.2259
2026-05-09T13:08:23.221,3.8474,0.0800,62.2418
2026-05-09T13:08:23.236,3.8225,0.0800,62.2619
2026-05-09T13:08:23.250,3.7981,0.0800,62.2770
2026-05-09T13:08:23.263,3.7706,0.0800,62.2949
2026-05-09T13:08:23.277,3.7482,0.0800,62.3160
2026-05-09T13:08:23.292,3.7228,0.0800,62.3343
2026-05-09T13:08:23.307,3.6981,0.0800,62.3529
2026-05-09T13:08:23.323,3.6738,0.0800,62.3779
2026-05-09T13:08:23.340,3.6489,0.0800,62.3864
2026-05-09T13:08:23.356,3.6232,0.0800,62.3850
2026-05-09T13:08:23.370,3.5958,0.0800,62.3834
2026-05-09T13:08:23.385,3.5703,0.0800,62.3823
2026-05-09T13:08:23.399,3.5517,0.0800,62.3829
2026-05-09T13:08:23.414,3.5322,0.0800,62.3807
2026-05-09T13:08:23.429,3.5200,0.0800,62.3804
2026-05-09T13:08:23.444,3.5128,0.0800,62.3809
2026-05-09T13:08:23.460,3.5076,0.0800,62.3785
2026-05-09T13:08:23.476,3.5059,0.0800,62.3765
2026-05-09T13:08:23.491,3.5212,0.0800,62.3717
2026-05-09T13:08:23.507,3.5419,0.0800,62.3662
2026-05-09T13:08:23.523,3.5924,0.0800,62.3560
2026-05-09T13:08:23.539,3.6447,0.0800,62.3425
2026-05-09T13:08:23.554,3.7182,0.0800,62.3226
2026-05-09T13:08:23.570,3.7962,0.0800,62.3011
2026-05-09T13:08:23.584,3.8649,0.0800,62.2816
2026-05-09T13:08:23.599,3.9410,0.0800,62.2604
2026-05-09T13:08:23.614,4.0069,0.0800,62.2405
2026-05-09T13:08:23.630,4.0833,0.0800,62.2168
2026-05-09T13:08:23.646,4.1501,0.0800,62.1960
2026-05-09T13:08:23.663,4.2295,0.0800,62.1706
2026-05-09T13:08:23.680,4.3038,0.0800,62.1469
2026-05-09T13:08:23.695,4.3886,0.0800,62.1189
2026-05-09T13:08:23.711,4.4654,0.0800,62.0923
2026-05-09T13:08:23.726,4.5387,0.0800,62.0669
2026-05-09T13:08:23.741,4.6080,0.0800,62.0405
2026-05-09T13:08:23.756,4.6771,0.0800,62.0142
2026-05-09T13:08:23.771,4.7526,0.0800,61.9834
2026-05-09T13:08:23.788,4.8171,0.0800,61.9535
2026-05-09T13:08:23.806,4.8868,0.0800,61.9195
2026-05-09T13:08:23.822,4.9584,0.0800,61.8818
2026-05-09T13:08:23.840,5.0456,0.0800,61.8330
2026-05-09T13:08:23.855,5.1052,0.0800,61.7878
2026-05-09T13:08:23.870,5.1635,0.0800,61.7282
2026-05-09T13:08:23.884,5.2128,0.0800,61.6735
2026-05-09T13:08:23.901,5.2682,0.0800,61.6145
2026-05-09T13:08:23.916,5.3114,0.0800,61.5603
2026-05-09T13:08:23.932,5.3617,0.0800,61.4940
2026-05-09T13:08:23.948,5.4052,0.0800,61.4336
2026-05-09T13:08:23.964,5.4564,0.0800,61.3674
2026-05-09T13:08:23.979,5.4989,0.0800,61.2997
2026-05-09T13:08:23.994,5.5371,0.0800,61.2349
2026-05-09T13:08:24.010,5.5729,0.0800,61.1704
2026-05-09T13:08:24.027,5.6093,0.0800,61.1000
2026-05-09T13:08:24.043,5.6489,0.0800,61.0304
2026-05-09T13:08:24.059,5.6842,0.0800,60.9514
2026-05-09T13:08:24.074,5.7122,0.0800,60.8778
2026-05-09T13:08:24.089,5.7374,0.0800,60.7999
2026-05-09T13:08:24.104,5.7528,0.0800,60.7245
2026-05-09T13:08:24.118,5.7691,0.0800,60.6548
2026-05-09T13:08:24.133,5.7784,0.0800,60.5789
2026-05-09T13:08:24.148,5.7855,0.0800,60.5033
2026-05-09T13:08:24.164,5.7955,0.0800,60.4300
2026-05-09T13:08:24.179,5.7989,0.0800,60.3540
2026-05-09T13:08:24.194,5.8007,0.0800,60.2723
2026-05-09T13:08:24.208,5.8006,0.0800,60.1985
2026-05-09T13:08:24.223,5.7994,0.0800,60.1212
2026-05-09T13:08:24.239,5.8025,0.0800,60.0473
2026-05-09T13:08:24.253,5.8013,0.0800,59.9773
2026-05-09T13:08:24.268,5.8019,0.0800,59.8947
2026-05-09T13:08:24.282,5.8028,0.0800,59.8137
2026-05-09T13:08:24.297,5.8041,0.0800,59.7517
2026-05-09T13:08:24.312,5.8075,0.0800,59.6804
2026-05-09T13:08:24.326,5.8115,0.0800,59.6048
2026-05-09T13:08:24.344,5.8155,0.0800,59.5331
2026-05-09T13:08:24.361,5.8207,0.0800,59.4591
2026-05-09T13:08:24.377,5.8286,0.0800,59.3741
2026-05-09T13:08:24.392,5.8452,0.0800,59.2824
2026-05-09T13:08:24.407,5.8611,0.0800,59.2068
2026-05-09T13:08:24.422,5.8765,0.0800,59.1365
2026-05-09T13:08:24.437,5.8963,0.0800,59.0644
2026-05-09T13:08:24.453,5.9178,0.0800,58.9994
2026-05-09T13:08:24.467,5.9411,0.0800,58.9557
2026-05-09T13:08:24.484,5.9666,0.0800,58.9181
2026-05-09T13:08:24.498,5.9916,0.0800,58.8943
2026-05-09T13:08:24.513,6.0173,0.0800,58.8712
2026-05-09T13:08:24.527,6.0429,0.0800,58.8515
2026-05-09T13:08:24.542,6.0674,0.0800,58.8342
2026-05-09T13:08:24.557,6.0928,0.0800,58.8179
2026-05-09T13:08:24.573,6.1191,0.0800,58.8033
2026-05-09T13:08:24.588,6.1440,0.0800,58.7901
2026-05-09T13:08:24.604,6.1716,0.0800,58.7758
2026-05-09T13:08:24.617,6.1911,0.0800,58.7657
2026-05-09T13:08:24.632,6.2107,0.0800,58.7555
2026-05-09T13:08:24.645,6.2198,0.0800,58.7508
2026-05-09T13:08:24.661,6.2264,0.0800,58.7471
2026-05-09T13:08:24.677,6.2294,0.0800,58.7452
2026-05-09T13:08:24.831,6.2296,0.0800,58.7441
2026-05-09T13:08:24.844,6.2307,0.0800,58.7393
2026-05-09T13:08:24.858,6.2369,0.0800,58.7121
2026-05-09T13:08:24.871,6.2453,0.0800,58.6793
2026-05-09T13:08:24.886,6.2566,0.0800,58.6324
2026-05-09T13:08:24.901,6.2732,0.0800,58.5680
2026-05-09T13:08:24.916,6.2908,0.0800,58.5017
2026-05-09T13:08:24.931,6.3115,0.0800,58.4249
2026-05-09T13:08:24.944,6.3294,0.0800,58.3576
2026-05-09T13:08:24.959,6.3495,0.0800,58.2815
2026-05-09T13:08:24.973,6.3657,0.0800,58.2201
2026-05-09T13:08:24.987,6.3851,0.0800,58.1463
2026-05-09T13:08:25.001,6.4027,0.0800,58.0796
2026-05-09T13:08:25.015,6.4200,0.0800,58.0140
2026-05-09T13:08:25.030,6.4388,0.0800,57.9424
2026-05-09T13:08:25.043,6.4559,0.0800,57.8776
2026-05-09T13:08:25.057,6.4751,0.0800,57.8050
2026-05-09T13:08:25.073,6.4919,0.0800,57.7414
2026-05-09T13:08:25.085,6.5096,0.0800,57.6741
2026-05-09T13:08:25.098,6.5314,0.0800,57.5919
2026-05-09T13:08:25.113,6.5441,0.0800,57.5432
2026-05-09T13:08:25.126,6.5612,0.0800,57.4754
2026-05-09T13:08:25.143,6.5784,0.0800,57.4067
2026-05-09T13:08:25.159,6.5894,0.0800,57.3575
2026-05-09T13:08:25.175,6.5961,0.0800,57.3269
2026-05-09T13:08:25.190,6.5981,0.0800,57.3168
2026-05-09T13:08:25.204,6.5988,0.0800,57.3134
2026-05-09T13:08:25.385,6.5997,0.0800,57.3232
2026-05-09T13:08:25.399,6.6011,0.0800,57.3376
2026-05-09T13:08:25.413,6.6020,0.0800,57.3585
2026-05-09T13:08:25.425,6.6035,0.0800,57.4079
2026-05-09T13:08:25.440,6.6088,0.0800,57.4533
2026-05-09T13:08:25.454,6.6115,0.0800,57.4996
2026-05-09T13:08:25.468,6.6153,0.0800,57.5515
2026-05-09T13:08:25.481,6.6230,0.0800,57.5982
2026-05-09T13:08:25.496,6.6284,0.0800,57.6504
2026-05-09T13:08:25.509,6.6338,0.0800,57.6958
2026-05-09T13:08:25.523,6.6405,0.0800,57.7470
2026-05-09T13:08:25.537,6.6509,0.0800,57.7912
2026-05-09T13:08:25.551,6.6591,0.0800,57.8417
2026-05-09T13:08:25.565,6.6678,0.0800,57.8900
2026-05-09T13:08:25.578,6.6806,0.0800,57.9368
2026-05-09T13:08:25.592,6.6906,0.0800,57.9838
2026-05-09T13:08:25.607,6.7006,0.0800,58.0278
2026-05-09T13:08:25.620,6.7158,0.0800,58.0763
2026-05-09T13:08:25.635,6.7292,0.0800,58.1275
2026-05-09T13:08:25.648,6.7412,0.0800,58.1704
2026-05-09T13:08:25.663,6.7567,0.0800,58.2230
2026-05-09T13:08:25.677,6.7734,0.0800,58.2631
2026-05-09T13:08:25.690,6.7905,0.0800,58.3147
2026-05-09T13:08:25.703,6.8054,0.0800,58.3575
2026-05-09T13:08:25.718,6.8251,0.0800,58.4017
2026-05-09T13:08:25.731,6.8414,0.0800,58.4443
2026-05-09T13:08:25.745,6.8603,0.0800,58.4913
2026-05-09T13:08:25.759,6.8825,0.0800,58.5346
2026-05-09T13:08:25.774,6.9009,0.0800,58.5764
2026-05-09T13:08:25.787,6.9210,0.0800,58.6203
2026-05-09T13:08:25.801,6.9434,0.0800,58.6673
2026-05-09T13:08:25.815,6.9663,0.0800,58.7050
2026-05-09T13:08:25.830,6.9907,0.0800,58.7525
2026-05-09T13:08:25.842,7.0118,0.0800,58.7918
2026-05-09T13:08:25.858,7.0410,0.0800,58.8378
2026-05-09T13:08:25.871,7.0624,0.0800,58.8749
2026-05-09T13:08:25.885,7.0899,0.0800,58.9210
2026-05-09T13:08:25.898,7.1181,0.0800,58.9591
2026-05-09T13:08:25.914,7.1451,0.0800,59.0013
2026-05-09T13:08:25.926,7.1702,0.0800,59.0390
2026-05-09T13:08:25.942,7.2030,0.0800,59.0811
2026-05-09T13:08:25.955,7.2282,0.0800,59.1166
2026-05-09T13:08:25.970,7.2623,0.0800,59.1631
2026-05-09T13:08:25.982,7.2646,0.0800,59.1960
2026-05-09T13:08:25.997,7.2641,0.0800,59.2390
2026-05-09T13:08:26.010,7.2725,0.0800,59.2715
2026-05-09T13:08:26.025,7.2860,0.0800,59.3233
2026-05-09T13:08:26.038,7.3065,0.0800,59.3564
2026-05-09T13:08:26.053,7.3367,0.0800,59.3998
2026-05-09T13:08:26.065,7.3664,0.0800,59.4321
2026-05-09T13:08:26.081,7.3873,0.0800,59.4723
2026-05-09T13:08:26.093,7.3883,0.0800,59.4997
2026-05-09T13:08:26.109,7.3859,0.0800,59.5362
2026-05-09T13:08:26.121,7.3855,0.0800,59.5678
2026-05-09T13:08:26.137,7.3851,0.0800,59.6016
2026-05-09T13:08:26.149,7.3842,0.0800,59.6292
2026-05-09T13:08:26.164,7.3823,0.0800,59.6687
2026-05-09T13:08:26.178,7.3837,0.0800,59.6903
2026-05-09T13:08:26.193,7.3813,0.0800,59.7222
2026-05-09T13:08:26.205,7.3809,0.0800,59.7493
2026-05-09T13:08:26.220,7.3803,0.0800,59.7790
2026-05-09T13:08:26.233,7.3794,0.0800,59.8049
2026-05-09T13:08:26.248,7.3785,0.0800,59.8318
2026-05-09T13:08:26.262,7.3789,0.0800,59.8521
2026-05-09T13:08:26.277,7.3771,0.0800,59.8778
2026-05-09T13:08:26.289,7.3765,0.0800,59.9017
2026-05-09T13:08:26.304,7.3759,0.0800,59.9250
2026-05-09T13:08:26.317,7.3764,0.0800,59.9414
2026-05-09T13:08:26.332,7.3742,0.0800,59.9673
2026-05-09T13:08:26.345,7.3747,0.0800,59.9844
2026-05-09T13:08:26.360,7.3739,0.0800,60.0046
2026-05-09T13:08:26.374,7.3736,0.0800,60.0209
2026-05-09T13:08:26.389,7.3724,0.0800,60.0418
2026-05-09T13:08:26.402,7.3722,0.0800,60.0599
2026-05-09T13:08:26.417,7.3722,0.0800,60.0749
2026-05-09T13:08:26.429,7.3716,0.0800,60.0902
2026-05-09T13:08:26.444,7.3709,0.0800,60.1071
2026-05-09T13:08:26.456,7.3712,0.0800,60.1180
2026-05-09T13:08:26.471,7.3704,0.0800,60.1322
2026-05-09T13:08:26.485,7.3703,0.0800,60.1447
2026-05-09T13:08:26.500,7.3697,0.0800,60.1569
2026-05-09T13:08:26.513,7.3697,0.0800,60.1683
2026-05-09T13:08:26.527,7.3691,0.0800,60.1811
2026-05-09T13:08:26.541,7.3695,0.0800,60.1878
2026-05-09T13:08:26.555,7.3688,0.0800,60.1985
2026-05-09T13:08:26.568,7.3687,0.0800,60.2084
2026-05-09T13:08:26.582,7.3686,0.0800,60.2173
2026-05-09T13:08:26.595,7.3689,0.0800,60.2211
2026-05-09T13:08:26.611,7.3683,0.0800,60.2291
2026-05-09T13:08:26.624,7.3684,0.0800,60.2360
2026-05-09T13:08:26.638,7.3682,0.0800,60.2391
2026-05-09T13:08:26.651,7.3685,0.0800,60.2441
2026-05-09T13:08:26.666,7.3681,0.0800,60.2496
2026-05-09T13:08:26.679,7.3686,0.0800,60.2486
2026-05-09T13:08:26.694,7.3682,0.0800,60.2529
2026-05-09T13:08:26.706,7.3687,0.0800,60.2563
2026-05-09T13:08:26.721,7.3685,0.0800,60.2551
2026-05-09T13:08:26.734,7.3689,0.0800,60.2564
2026-05-09T13:08:26.748,7.3688,0.0800,60.2571
2026-05-09T13:08:26.760,7.3693,0.0800,60.2571
2026-05-09T13:08:26.775,7.3694,0.0800,60.2529
2026-05-09T13:08:26.789,7.3697,0.0800,60.2516
2026-05-09T13:08:26.802,7.3698,0.0800,60.2495
2026-05-09T13:08:26.816,7.3701,0.0800,60.2423
2026-05-09T13:08:26.832,7.3705,0.0800,60.2390
2026-05-09T13:08:26.847,7.3708,0.0800,60.2348
2026-05-09T13:08:26.864,7.3711,0.0800,60.2253
2026-05-09T13:08:26.883,7.3715,0.0800,60.2191
2026-05-09T13:08:26.902,7.3719,0.0800,60.2115
2026-05-09T13:08:26.920,7.3724,0.0800,60.2018
2026-05-09T13:08:26.936,7.3730,0.0800,60.1905
2026-05-09T13:08:26.953,7.3739,0.0800,60.1811
2026-05-09T13:08:26.969,7.3746,0.0800,60.1723
2026-05-09T13:08:26.985,7.3753,0.0800,60.1618
2026-05-09T13:08:27.005,7.3757,0.0800,60.1584
2026-05-09T13:08:27.107,7.3589,0.0800,60.1653
2026-05-09T13:08:27.125,7.3380,0.0800,60.1738
2026-05-09T13:08:27.143,7.3023,0.0800,60.1884
2026-05-09T13:08:27.163,7.2568,0.0800,60.2070
2026-05-09T13:08:27.183,7.1986,0.0800,60.2307
2026-05-09T13:08:27.202,7.1283,0.0800,60.2592
2026-05-09T13:08:27.219,7.0516,0.0800,60.2843
2026-05-09T13:08:27.236,6.9710,0.0800,60.3072
2026-05-09T13:08:27.252,6.9067,0.0800,60.3195
2026-05-09T13:08:27.272,6.8306,0.0800,60.3313
2026-05-09T13:08:27.293,6.7558,0.0800,60.3346
2026-05-09T13:08:27.314,6.6525,0.0800,60.3390
2026-05-09T13:08:27.336,6.5534,0.0800,60.3445
2026-05-09T13:08:27.355,6.4493,0.0800,60.3509
2026-05-09T13:08:27.374,6.3332,0.0800,60.3588
2026-05-09T13:08:27.391,6.2492,0.0800,60.3653
2026-05-09T13:08:27.412,6.1541,0.0800,60.3719
2026-05-09T13:08:27.432,6.0635,0.0800,60.3802
2026-05-09T13:08:27.452,5.9613,0.0800,60.3903
2026-05-09T13:08:27.469,5.8576,0.0800,60.3999
2026-05-09T13:08:27.487,5.7629,0.0800,60.4087
2026-05-09T13:08:27.504,5.6630,0.0800,60.4179
2026-05-09T13:08:27.522,5.5926,0.0800,60.4244
2026-05-09T13:08:27.545,5.5037,0.0800,60.4346
2026-05-09T13:08:27.568,5.4141,0.0800,60.4484
2026-05-09T13:08:27.589,5.3369,0.0800,60.4724
2026-05-09T13:08:27.608,5.2837,0.0800,60.5026
2026-05-09T13:08:27.626,5.2402,0.0800,60.5273
2026-05-09T13:08:27.645,5.2097,0.0800,60.5485
2026-05-09T13:08:27.665,5.1931,0.0800,60.5635
2026-05-09T13:08:27.684,5.1768,0.0800,60.5782
2026-05-09T13:08:27.703,5.1693,0.0800,60.5864
2026-05-09T13:08:27.722,5.1686,0.0800,60.5873
2026-05-09T13:08:27.741,5.1677,0.0800,60.5883
2026-05-09T13:08:27.874,5.1860,0.0800,60.5816
2026-05-09T13:08:27.892,5.2125,0.0800,60.5720
2026-05-09T13:08:27.910,5.2458,0.0800,60.5595
2026-05-09T13:08:27.929,5.2885,0.0800,60.5440
2026-05-09T13:08:27.947,5.3342,0.0800,60.5316
2026-05-09T13:08:27.967,5.3867,0.0800,60.5204
2026-05-09T13:08:27.986,5.4398,0.0800,60.5177
2026-05-09T13:08:28.005,5.5060,0.0800,60.5177
2026-05-09T13:08:28.023,5.4737,0.0800,60.5948
2026-05-09T13:08:28.041,5.4356,0.0800,60.6928
2026-05-09T13:08:28.059,5.4064,0.0800,60.7758
2026-05-09T13:08:28.078,5.3757,0.0800,60.8698
2026-05-09T13:08:28.096,5.3501,0.0800,60.9551
2026-05-09T13:08:28.113,5.3234,0.0800,61.0511
2026-05-09T13:08:28.130,5.2976,0.0800,61.1521
2026-05-09T13:08:28.147,5.2758,0.0800,61.2256
2026-05-09T13:08:28.164,5.2554,0.0800,61.3134
2026-05-09T13:08:28.183,5.2364,0.0800,61.3990
2026-05-09T13:08:28.203,5.2173,0.0800,61.4895
2026-05-09T13:08:28.221,5.1967,0.0800,61.5869
2026-05-09T13:08:28.240,5.1762,0.0800,61.6897
2026-05-09T13:08:28.257,5.1561,0.0800,61.7831
2026-05-09T13:08:28.275,5.1347,0.0800,61.8714
2026-05-09T13:08:28.292,5.1181,0.0800,61.9332
2026-05-09T13:08:28.311,5.1020,0.0800,61.9882
2026-05-09T13:08:28.329,5.0942,0.0800,62.0086
2026-05-09T13:08:28.348,5.0895,0.0800,62.0202
2026-05-09T13:08:28.366,5.0860,0.0800,62.0283
2026-05-09T13:08:28.384,5.0843,0.0800,62.0321
2026-05-09T13:08:28.623,5.0819,0.0800,62.0352
2026-05-09T13:08:28.641,5.0757,0.0800,62.0430
2026-05-09T13:08:28.659,5.0642,0.0800,62.0576
2026-05-09T13:08:28.675,5.0417,0.0800,62.0836
2026-05-09T13:08:28.691,5.0050,0.0800,62.1250
2026-05-09T13:08:28.708,4.9614,0.0800,62.1729
2026-05-09T13:08:28.725,4.9188,0.0800,62.2225
2026-05-09T13:08:28.741,4.8746,0.0800,62.2673
2026-05-09T13:08:28.756,4.8299,0.0800,62.3113
2026-05-09T13:08:28.771,4.7855,0.0800,62.3535
2026-05-09T13:08:28.786,4.7445,0.0800,62.3912
2026-05-09T13:08:28.803,4.6988,0.0800,62.4363
2026-05-09T13:08:28.819,4.6537,0.0800,62.4751
2026-05-09T13:08:28.835,4.6089,0.0800,62.5124
2026-05-09T13:08:28.852,4.5695,0.0800,62.5457
2026-05-09T13:08:28.868,4.5739,0.0800,62.5525
2026-05-09T13:08:28.885,4.5802,0.0800,62.5640
2026-05-09T13:08:28.902,4.5846,0.0800,62.5724
2026-05-09T13:08:28.918,4.5893,0.0800,62.5818
2026-05-09T13:08:28.935,4.5939,0.0800,62.5920
2026-05-09T13:08:28.950,4.5977,0.0800,62.6016
2026-05-09T13:08:28.965,4.6020,0.0800,62.6129
2026-05-09T13:08:28.980,4.6069,0.0800,62.6288
2026-05-09T13:08:28.995,4.6106,0.0800,62.6422
2026-05-09T13:08:29.012,4.6145,0.0800,62.6591
2026-05-09T13:08:29.029,4.6171,0.0800,62.6751
2026-05-09T13:08:29.046,4.6192,0.0800,62.6961
2026-05-09T13:08:29.061,4.6200,0.0800,62.7186
2026-05-09T13:08:29.076,4.6195,0.0800,62.7384
2026-05-09T13:08:29.090,4.6191,0.0800,62.7568
2026-05-09T13:08:29.104,4.6188,0.0800,62.7733
2026-05-09T13:08:29.120,4.6189,0.0800,62.7919
2026-05-09T13:08:29.136,4.6187,0.0800,62.8061
2026-05-09T13:08:29.151,4.6186,0.0800,62.8199
2026-05-09T13:08:29.165,4.6186,0.0800,62.8303
2026-05-09T13:08:29.179,4.6187,0.0800,62.8445
2026-05-09T13:08:29.194,4.6188,0.0800,62.8531
2026-05-09T13:08:29.207,4.6191,0.0800,62.8609
2026-05-09T13:08:29.221,4.6192,0.0800,62.8721
2026-05-09T13:08:29.236,4.6195,0.0800,62.8781
2026-05-09T13:08:29.250,4.6200,0.0800,62.8832
2026-05-09T13:08:29.264,4.6206,0.0800,62.8880
2026-05-09T13:08:29.277,4.6207,0.0800,62.8964
2026-05-09T13:08:29.291,4.6213,0.0800,62.8991
2026-05-09T13:08:29.305,4.6221,0.0800,62.9011
2026-05-09T13:08:29.319,4.6222,0.0800,62.9061
2026-05-09T13:08:29.334,4.6231,0.0800,62.9035
2026-05-09T13:08:29.347,4.6241,0.0800,62.8993
2026-05-09T13:08:29.361,4.6253,0.0800,62.8913
2026-05-09T13:08:29.374,4.6254,0.0800,62.8825
2026-05-09T13:08:29.388,4.6265,0.0800,62.8681
2026-05-09T13:08:29.403,4.6650,0.0800,62.8393
2026-05-09T13:08:29.418,4.7090,0.0800,62.8117
2026-05-09T13:08:29.432,4.7646,0.0800,62.7738
2026-05-09T13:08:29.446,4.8264,0.0800,62.7325
2026-05-09T13:08:29.460,4.8910,0.0800,62.6929
2026-05-09T13:08:29.474,4.9466,0.0800,62.6553
2026-05-09T13:08:29.487,5.0113,0.0800,62.6115
2026-05-09T13:08:29.501,5.0735,0.0800,62.5699
2026-05-09T13:08:29.516,5.1283,0.0800,62.5344
2026-05-09T13:08:29.531,5.1908,0.0800,62.4904
2026-05-09T13:08:29.545,5.2508,0.0800,62.4436
2026-05-09T13:08:29.560,5.3108,0.0800,62.3985
2026-05-09T13:08:29.574,5.3673,0.0800,62.3526
2026-05-09T13:08:29.588,5.4237,0.0800,62.2960
2026-05-09T13:08:29.602,5.4753,0.0800,62.2396
2026-05-09T13:08:29.616,5.4656,0.0800,62.1699
2026-05-09T13:08:29.630,5.4639,0.0800,62.1016
2026-05-09T13:08:29.644,5.4630,0.0800,62.0426
2026-05-09T13:08:29.658,5.4615,0.0800,61.9902
2026-05-09T13:08:29.672,5.4622,0.0800,61.9485
2026-05-09T13:08:29.687,5.4465,0.0800,61.8884
2026-05-09T13:08:29.701,5.4233,0.0800,61.8207
2026-05-09T13:08:29.715,5.3937,0.0800,61.7530
2026-05-09T13:08:29.728,5.3604,0.0800,61.6864
2026-05-09T13:08:29.742,5.3289,0.0800,61.6298
2026-05-09T13:08:29.757,5.2905,0.0800,61.5720
2026-05-09T13:08:29.772,5.2542,0.0800,61.5170
2026-05-09T13:08:29.786,5.2089,0.0800,61.4524
2026-05-09T13:08:29.800,5.1628,0.0800,61.3965
2026-05-09T13:08:29.825,5.1178,0.0800,61.3403
2026-05-09T13:08:29.839,5.0598,0.0800,61.2753
2026-05-09T13:08:29.852,4.9893,0.0800,61.1974
2026-05-09T13:08:29.866,4.9414,0.0800,61.1451
2026-05-09T13:08:29.880,4.8959,0.0800,61.0981
2026-05-09T13:08:29.894,4.8472,0.0800,61.0455
2026-05-09T13:08:29.908,4.8005,0.0800,60.9944
2026-05-09T13:08:29.922,4.7535,0.0800,60.9425
2026-05-09T13:08:29.936,4.7064,0.0800,60.8921
2026-05-09T13:08:29.949,4.6619,0.0800,60.8419
2026-05-09T13:08:29.963,4.6137,0.0800,60.7870
2026-05-09T13:08:29.977,4.5699,0.0800,60.7388
2026-05-09T13:08:29.992,4.5243,0.0800,60.6854
2026-05-09T13:08:30.005,4.4788,0.0800,60.6309
2026-05-09T13:08:30.020,4.4333,0.0800,60.5763
2026-05-09T13:08:30.033,4.3907,0.0800,60.5189
2026-05-09T13:08:30.047,4.3499,0.0800,60.4616
2026-05-09T13:08:30.061,4.3081,0.0800,60.4085
2026-05-09T13:08:30.075,4.2709,0.0800,60.3523
2026-05-09T13:08:30.089,4.2317,0.0800,60.2910
2026-05-09T13:08:30.102,4.1943,0.0800,60.2301
2026-05-09T13:08:30.117,4.1583,0.0800,60.1776
2026-05-09T13:08:30.130,4.1235,0.0800,60.1169
2026-05-09T13:08:30.144,4.0891,0.0800,60.0543
2026-05-09T13:08:30.158,4.0538,0.0800,59.9965
2026-05-09T13:08:30.172,4.0227,0.0800,59.9355
2026-05-09T13:08:30.185,3.9915,0.0800,59.8716
2026-05-09T13:08:30.200,3.9591,0.0800,59.8125
2026-05-09T13:08:30.214,3.9307,0.0800,59.7496
2026-05-09T13:08:30.228,3.9020,0.0800,59.6835
2026-05-09T13:08:30.242,3.8716,0.0800,59.6217
2026-05-09T13:08:30.256,3.8409,0.0800,59.6195
2026-05-09T13:08:30.270,3.8199,0.0800,59.6180
2026-05-09T13:08:30.285,3.7867,0.0800,59.6156
2026-05-09T13:08:30.298,3.7632,0.0800,59.6139
2026-05-09T13:08:30.313,3.7361,0.0800,59.6126
2026-05-09T13:08:30.327,3.7055,0.0800,59.6065
2026-05-09T13:08:30.341,3.6723,0.0800,59.5963
2026-05-09T13:08:30.356,3.6258,0.0800,59.5781
2026-05-09T13:08:30.371,3.5860,0.0800,59.5515
2026-05-09T13:08:30.387,3.5403,0.0800,59.5074
2026-05-09T13:08:30.402,3.5104,0.0800,59.4437
2026-05-09T13:08:30.419,3.4784,0.0800,59.3788
2026-05-09T13:08:30.436,3.4472,0.0800,59.3027
2026-05-09T13:08:30.451,3.4162,0.0800,59.2351
2026-05-09T13:08:30.466,3.3813,0.0800,59.1582
2026-05-09T13:08:30.482,3.3464,0.0800,59.0916
2026-05-09T13:08:30.498,3.3109,0.0800,59.0089
2026-05-09T13:08:30.513,3.2858,0.0800,58.9481
2026-05-09T13:08:30.527,3.2562,0.0800,58.8767
2026-05-09T13:08:30.543,3.2255,0.0800,58.8120
2026-05-09T13:08:30.558,3.1995,0.0800,58.7455
2026-05-09T13:08:30.573,3.1722,0.0800,58.6728
2026-05-09T13:08:30.588,3.1475,0.0800,58.6050
2026-05-09T13:08:30.604,3.1184,0.0800,58.5377
2026-05-09T13:08:30.620,3.0933,0.0800,58.4677
2026-05-09T13:08:30.636,3.0655,0.0800,58.3884
2026-05-09T13:08:30.651,3.0395,0.0800,58.3101
2026-05-09T13:08:30.665,3.0178,0.0800,58.2415
2026-05-09T13:08:30.681,2.9919,0.0800,58.1720
2026-05-09T13:08:30.696,2.9691,0.0800,58.1012
2026-05-09T13:08:30.710,2.9466,0.0800,58.0324
2026-05-09T13:08:30.724,2.9227,0.0800,57.9615
2026-05-09T13:08:30.739,2.8991,0.0800,57.8925
2026-05-09T13:08:30.754,2.8768,0.0800,57.8275
2026-05-09T13:08:30.769,2.8516,0.0800,57.7544
2026-05-09T13:08:30.783,2.8284,0.0800,57.6877
2026-05-09T13:08:30.797,2.8034,0.0800,57.6157
2026-05-09T13:08:30.811,2.7805,0.0800,57.5500
2026-05-09T13:08:30.824,2.7564,0.0800,57.4806
2026-05-09T13:08:30.839,2.7347,0.0800,57.4181
2026-05-09T13:08:30.855,2.7123,0.0800,57.3539
2026-05-09T13:08:30.871,2.6877,0.0800,57.2830
2026-05-09T13:08:30.887,2.6615,0.0800,57.2079
2026-05-09T13:08:30.901,2.6325,0.0800,57.1246
2026-05-09T13:08:30.921,2.6091,0.0800,57.0575
2026-05-09T13:08:30.934,2.5833,0.0800,56.9834
2026-05-09T13:08:30.947,2.5512,0.0800,56.8912
2026-05-09T13:08:30.963,2.5320,0.0800,56.8362
2026-05-09T13:08:30.977,2.5101,0.0800,56.7734
2026-05-09T13:08:30.991,2.4835,0.0800,56.6973
2026-05-09T13:08:31.004,2.4612,0.0800,56.6328
2026-05-09T13:08:31.018,2.4381,0.0800,56.5659
2026-05-09T13:08:31.032,2.4165,0.0800,56.5035
2026-05-09T13:08:31.046,2.3942,0.0800,56.4364
2026-05-09T13:08:31.060,2.3739,0.0800,56.3705
2026-05-09T13:08:31.075,2.3539,0.0800,56.3032
2026-05-09T13:08:31.088,2.3348,0.0800,56.2341
2026-05-09T13:08:31.102,2.3168,0.0800,56.1662
2026-05-09T13:08:31.116,2.3002,0.0800,56.0997
2026-05-09T13:08:31.131,2.2857,0.0800,56.0303
2026-05-09T13:08:31.144,2.2723,0.0800,55.9612
2026-05-09T13:08:31.159,2.2598,0.0800,55.8903
2026-05-09T13:08:31.172,2.2493,0.0800,55.8259
2026-05-09T13:08:31.186,2.2378,0.0800,55.7528
2026-05-09T13:08:31.200,2.2277,0.0800,55.6884
2026-05-09T13:08:31.215,2.2170,0.0800,55.6156
2026-05-09T13:08:31.228,2.2072,0.0800,55.5477
2026-05-09T13:08:31.242,2.1984,0.0800,55.4761
2026-05-09T13:08:31.256,2.1911,0.0800,55.4069
2026-05-09T13:08:31.270,2.1854,0.0800,55.3409
2026-05-09T13:08:31.284,2.1811,0.0800,55.2701
2026-05-09T13:08:31.298,2.1773,0.0800,55.1925
2026-05-09T13:08:31.312,2.1748,0.0800,55.1311
2026-05-09T13:08:31.326,2.1729,0.0800,55.0604
2026-05-09T13:08:31.340,2.1718,0.0800,54.9924
2026-05-09T13:08:31.354,2.1714,0.0800,54.9221
2026-05-09T13:08:31.368,2.1716,0.0800,54.8462
2026-05-09T13:08:31.382,2.1723,0.0800,54.7811
2026-05-09T13:08:31.396,2.1738,0.0800,54.7116
2026-05-09T13:08:31.410,2.1755,0.0800,54.6433
2026-05-09T13:08:31.423,2.1774,0.0800,54.5712
2026-05-09T13:08:31.438,2.1792,0.0800,54.5029
2026-05-09T13:08:31.452,2.1811,0.0800,54.4362
2026-05-09T13:08:31.465,2.1834,0.0800,54.3576
2026-05-09T13:08:31.479,2.1852,0.0800,54.2957
2026-05-09T13:08:31.492,2.1874,0.0800,54.2235
2026-05-09T13:08:31.506,2.1895,0.0800,54.1580
2026-05-09T13:08:31.520,2.1914,0.0800,54.0935
2026-05-09T13:08:31.534,2.1937,0.0800,54.0195
2026-05-09T13:08:31.548,2.1956,0.0800,53.9541
2026-05-09T13:08:31.562,2.1978,0.0800,53.8817
2026-05-09T13:08:31.576,2.1998,0.0800,53.8134
2026-05-09T13:08:31.590,2.2017,0.0800,53.7461
2026-05-09T13:08:31.604,2.2037,0.0800,53.6747
2026-05-09T13:08:31.618,2.2057,0.0800,53.6042
2026-05-09T13:08:31.631,2.2077,0.0800,53.5323
2026-05-09T13:08:31.645,2.2095,0.0800,53.4648
2026-05-09T13:08:31.659,2.2113,0.0800,53.3973
2026-05-09T13:08:31.673,2.2130,0.0800,53.3310
2026-05-09T13:08:31.687,2.2148,0.0800,53.2578
2026-05-09T13:08:31.701,2.2165,0.0800,53.1890
2026-05-09T13:08:31.715,2.2181,0.0800,53.1219
2026-05-09T13:08:31.729,2.2196,0.0800,53.0540
2026-05-09T13:08:31.742,2.2213,0.0800,52.9824
2026-05-09T13:08:31.757,2.2228,0.0800,52.9098
2026-05-09T13:08:31.770,2.2242,0.0800,52.8442
2026-05-09T13:08:31.784,2.2258,0.0800,52.7719
2026-05-09T13:08:31.798,2.2273,0.0800,52.7000
2026-05-09T13:08:31.812,2.2287,0.0800,52.6366
2026-05-09T13:08:31.825,2.2303,0.0800,52.5631
2026-05-09T13:08:31.840,2.2317,0.0800,52.4978
2026-05-09T13:08:31.853,2.2299,0.0800,52.4299
2026-05-09T13:08:31.868,2.2256,0.0800,52.3545
2026-05-09T13:08:31.882,2.2257,0.0800,52.2889
2026-05-09T13:08:31.895,2.2213,0.0800,52.2169
2026-05-09T13:08:31.909,2.2159,0.0800,52.1486
2026-05-09T13:08:31.923,2.2094,0.0800,52.0802
2026-05-09T13:08:31.937,2.2061,0.0800,52.0111
2026-05-09T13:08:31.951,2.1971,0.0800,51.9431
2026-05-09T13:08:31.965,2.1862,0.0800,51.8700
2026-05-09T13:08:31.979,2.1797,0.0800,51.8030
2026-05-09T13:08:31.993,2.1674,0.0800,51.7373
2026-05-09T13:08:32.007,2.1526,0.0800,51.6653
2026-05-09T13:08:32.021,2.1419,0.0800,51.5971
2026-05-09T13:08:32.035,2.1246,0.0800,51.5271
2026-05-09T13:08:32.048,2.1071,0.0800,51.4619
2026-05-09T13:08:32.061,2.0856,0.0800,51.3879
2026-05-09T13:08:32.076,2.0724,0.0800,51.3288
2026-05-09T13:08:32.089,2.0478,0.0800,51.2548
2026-05-09T13:08:32.102,2.0281,0.0800,51.1993
2026-05-09T13:08:32.118,2.0084,0.0800,51.1359
2026-05-09T13:08:32.131,1.9831,0.0800,51.0722
2026-05-09T13:08:32.145,1.9542,0.0800,51.0032
2026-05-09T13:08:32.159,1.9316,0.0800,50.9402
2026-05-09T13:08:32.174,1.9026,0.0800,50.8779
2026-05-09T13:08:32.188,1.8709,0.0800,50.8130
2026-05-09T13:08:32.202,1.8426,0.0800,50.7478
2026-05-09T13:08:32.217,1.8089,0.0800,50.6853
2026-05-09T13:08:32.230,1.7734,0.0800,50.6224
2026-05-09T13:08:32.242,1.7365,0.0800,50.5600
2026-05-09T13:08:32.257,1.7071,0.0800,50.5035
2026-05-09T13:08:32.271,1.6725,0.0800,50.4498
2026-05-09T13:08:32.285,1.6318,0.0800,50.3888
2026-05-09T13:08:32.300,1.5939,0.0800,50.3262
2026-05-09T13:08:32.312,1.5544,0.0800,50.2721
2026-05-09T13:08:32.325,1.5064,0.0800,50.2086
2026-05-09T13:08:32.340,1.4777,0.0800,50.1641
2026-05-09T13:08:32.355,1.4341,0.0800,50.1107
2026-05-09T13:08:32.369,1.3858,0.0800,50.0536
2026-05-09T13:08:32.383,1.3386,0.0800,50.0001
2026-05-09T13:08:32.397,1.2909,0.0800,49.9421
2026-05-09T13:08:32.410,1.2427,0.0800,49.8920
2026-05-09T13:08:32.424,1.2017,0.0800,49.8520
2026-05-09T13:08:32.439,1.1760,0.0800,49.8246
2026-05-09T13:08:32.453,1.2083,0.0800,49.8370
2026-05-09T13:08:32.466,1.2405,0.0800,49.8556
2026-05-09T13:08:32.481,1.2704,0.0800,49.8679
2026-05-09T13:08:32.496,1.2981,0.0800,49.8850
2026-05-09T13:08:32.509,1.3282,0.0800,49.9027
2026-05-09T13:08:32.523,1.3477,0.0800,49.9134
2026-05-09T13:08:32.536,1.3491,0.0800,49.9118
2026-05-09T13:08:32.647,1.3401,0.0800,49.9069
2026-05-09T13:08:32.663,1.3266,0.0800,49.9004
2026-05-09T13:08:32.676,1.2967,0.0800,49.8827
2026-05-09T13:08:32.689,1.2642,0.0800,49.8621
2026-05-09T13:08:32.703,1.2387,0.0800,49.8448
2026-05-09T13:08:32.717,1.2113,0.0800,49.8289
2026-05-09T13:08:32.730,1.1839,0.0800,49.8058
2026-05-09T13:08:32.746,1.1595,0.0800,49.7833
2026-05-09T13:08:32.759,1.1351,0.0800,49.7627
2026-05-09T13:08:32.773,1.1813,0.0800,49.7749
2026-05-09T13:08:32.786,1.2328,0.0800,49.7905
2026-05-09T13:08:32.800,1.2873,0.0800,49.8120
2026-05-09T13:08:32.814,1.3396,0.0800,49.8303
2026-05-09T13:08:32.828,1.4117,0.0800,49.8568
2026-05-09T13:08:32.843,1.4698,0.0800,49.8836
2026-05-09T13:08:32.856,1.5374,0.0800,49.9113
2026-05-09T13:08:32.870,1.6084,0.0800,49.9419
2026-05-09T13:08:32.884,1.6739,0.0800,49.9717
2026-05-09T13:08:32.897,1.7353,0.0800,50.0052
2026-05-09T13:08:32.911,1.7965,0.0800,50.0359
2026-05-09T13:08:32.925,1.8612,0.0800,50.0698
2026-05-09T13:08:32.939,1.9202,0.0800,50.1060
2026-05-09T13:08:32.954,1.9797,0.0800,50.1391
2026-05-09T13:08:32.967,2.0484,0.0800,50.1779
2026-05-09T13:08:32.980,2.1116,0.0800,50.2150
2026-05-09T13:08:32.995,2.1664,0.0800,50.2527
2026-05-09T13:08:33.008,2.2236,0.0800,50.2883
2026-05-09T13:08:33.022,2.2872,0.0800,50.3286
2026-05-09T13:08:33.036,2.3316,0.0800,50.3622
2026-05-09T13:08:33.050,2.3865,0.0800,50.3995
2026-05-09T13:08:33.063,2.4317,0.0800,50.4292
2026-05-09T13:08:33.078,2.4706,0.0800,50.4583
2026-05-09T13:08:33.091,2.5152,0.0800,50.4866
2026-05-09T13:08:33.106,2.5118,0.0800,50.4487
2026-05-09T13:08:33.121,2.5036,0.0800,50.4141
2026-05-09T13:08:33.135,2.4980,0.0800,50.3744
2026-05-09T13:08:33.148,2.4909,0.0800,50.3379
2026-05-09T13:08:33.161,2.4831,0.0800,50.3025
2026-05-09T13:08:33.175,2.4711,0.0800,50.2727
2026-05-09T13:08:33.189,2.4623,0.0800,50.2413
2026-05-09T13:08:33.202,2.4532,0.0800,50.2087
2026-05-09T13:08:33.217,2.4397,0.0800,50.1779
2026-05-09T13:08:33.233,2.4311,0.0800,50.1464
2026-05-09T13:08:33.248,2.4220,0.0800,50.1106
2026-05-09T13:08:33.264,2.4083,0.0800,50.0723
2026-05-09T13:08:33.278,2.4010,0.0800,50.0370
2026-05-09T13:08:33.292,2.3936,0.0800,49.9971
2026-05-09T13:08:33.306,2.3883,0.0800,49.9642
2026-05-09T13:08:33.320,2.3792,0.0800,49.9312
2026-05-09T13:08:33.334,2.3748,0.0800,49.8960
2026-05-09T13:08:33.348,2.3713,0.0800,49.8617
2026-05-09T13:08:33.364,2.3684,0.0800,49.8277
2026-05-09T13:08:33.382,2.3617,0.0800,49.7925
2026-05-09T13:08:33.400,2.3599,0.0800,49.7518
2026-05-09T13:08:33.416,2.3590,0.0800,49.7113
2026-05-09T13:08:33.432,2.3591,0.0800,49.6633
2026-05-09T13:08:33.448,2.3602,0.0800,49.6275
2026-05-09T13:08:33.464,2.3576,0.0800,49.5875
2026-05-09T13:08:33.480,2.3603,0.0800,49.5492
2026-05-09T13:08:33.496,2.3641,0.0800,49.5095
2026-05-09T13:08:33.513,2.3689,0.0800,49.4692
2026-05-09T13:08:33.529,2.3750,0.0800,49.4261
2026-05-09T13:08:33.546,2.3759,0.0800,49.3871
2026-05-09T13:08:33.561,2.3834,0.0800,49.3477
2026-05-09T13:08:33.578,2.3913,0.0800,49.3104
2026-05-09T13:08:33.594,2.4004,0.0800,49.2722
2026-05-09T13:08:33.611,2.4107,0.0800,49.2329
2026-05-09T13:08:33.627,2.4223,0.0800,49.1922
2026-05-09T13:08:33.644,2.4292,0.0800,49.1521
2026-05-09T13:08:33.660,2.4418,0.0800,49.1147
2026-05-09T13:08:33.678,2.4553,0.0800,49.0776
2026-05-09T13:08:33.696,2.4703,0.0800,49.0388
2026-05-09T13:08:33.711,2.4868,0.0800,48.9993
2026-05-09T13:08:33.727,2.5051,0.0800,48.9581
2026-05-09T13:08:33.742,2.5157,0.0800,48.9223
2026-05-09T13:08:33.758,2.5327,0.0800,48.8883
2026-05-09T13:08:33.776,2.5508,0.0800,48.8539
2026-05-09T13:08:33.792,2.5707,0.0800,48.8181
2026-05-09T13:08:33.809,2.5920,0.0800,48.7815
2026-05-09T13:08:33.826,2.6088,0.0800,48.7440
2026-05-09T13:08:33.841,2.6304,0.0800,48.7107
2026-05-09T13:08:33.856,2.6539,0.0800,48.6761
2026-05-09T13:08:33.872,2.6759,0.0800,48.6454
2026-05-09T13:08:33.888,2.7012,0.0800,48.6119
2026-05-09T13:08:33.904,2.7203,0.0800,48.5791
2026-05-09T13:08:33.920,2.7439,0.0800,48.5511
2026-05-09T13:08:33.937,2.7715,0.0800,48.5198
2026-05-09T13:08:33.952,2.7965,0.0800,48.4931
2026-05-09T13:08:33.968,2.8275,0.0800,48.4613
2026-05-09T13:08:33.984,2.8504,0.0800,48.4311
2026-05-09T13:08:34.000,2.8829,0.0800,48.4011
2026-05-09T13:08:34.016,2.9091,0.0800,48.3781
2026-05-09T13:08:34.032,2.9391,0.0800,48.3530
2026-05-09T13:08:34.046,2.9691,0.0800,48.3292
2026-05-09T13:08:34.061,2.9981,0.0800,48.3013
2026-05-09T13:08:34.075,3.0262,0.0800,48.2811
2026-05-09T13:08:34.089,3.0577,0.0800,48.2594
2026-05-09T13:08:34.104,3.0854,0.0800,48.2411
2026-05-09T13:08:34.119,3.1127,0.0800,48.2188
2026-05-09T13:08:34.133,3.1558,0.0800,48.1927
2026-05-09T13:08:34.150,3.1765,0.0800,48.1809
2026-05-09T13:08:34.163,3.2165,0.0800,48.1590
2026-05-09T13:08:34.177,3.2474,0.0800,48.1365
2026-05-09T13:08:34.197,3.2752,0.0800,48.1229
2026-05-09T13:08:34.212,3.3037,0.0800,48.1096
2026-05-09T13:08:34.225,3.3498,0.0800,48.0974
2026-05-09T13:08:34.240,3.3799,0.0800,48.0935
2026-05-09T13:08:34.254,3.4112,0.0800,48.0918
2026-05-09T13:08:34.267,3.4447,0.0800,48.0907
2026-05-09T13:08:34.283,3.4763,0.0800,48.0891
2026-05-09T13:08:34.298,3.5089,0.0800,48.0873
2026-05-09T13:08:34.312,3.5467,0.0800,48.0863
2026-05-09T13:08:34.326,3.5839,0.0800,48.0841
2026-05-09T13:08:34.341,3.6158,0.0800,48.0814
2026-05-09T13:08:34.353,3.6493,0.0800,48.0793
2026-05-09T13:08:34.367,3.6887,0.0800,48.0788
2026-05-09T13:08:34.382,3.7164,0.0800,48.0766
2026-05-09T13:08:34.396,3.7527,0.0800,48.0796
2026-05-09T13:08:34.410,3.7857,0.0800,48.0793
2026-05-09T13:08:34.423,3.8205,0.0800,48.0791
2026-05-09T13:08:34.438,3.8543,0.0800,48.0775
2026-05-09T13:08:34.453,3.8864,0.0800,48.0758
2026-05-09T13:08:34.466,3.9258,0.0800,48.0753
2026-05-09T13:08:34.480,3.9621,0.0800,48.0730
2026-05-09T13:08:34.494,4.0003,0.0800,48.0711
2026-05-09T13:08:34.508,4.0425,0.0800,48.0696
2026-05-09T13:08:34.522,4.0896,0.0800,48.0672
2026-05-09T13:08:34.536,4.1411,0.0800,48.0718
2026-05-09T13:08:34.550,4.1861,0.0800,48.0877
2026-05-09T13:08:34.563,4.2406,0.0800,48.1311
2026-05-09T13:08:34.577,4.2807,0.0800,48.1701
2026-05-09T13:08:34.592,4.3278,0.0800,48.2176
2026-05-09T13:08:34.606,4.3796,0.0800,48.2681
2026-05-09T13:08:34.620,4.4321,0.0800,48.3162
2026-05-09T13:08:34.634,4.4887,0.0800,48.3690
2026-05-09T13:08:34.648,4.5375,0.0800,48.4133
2026-05-09T13:08:34.661,4.5941,0.0800,48.4599
2026-05-09T13:08:34.675,4.6553,0.0800,48.5034
2026-05-09T13:08:34.689,4.7207,0.0800,48.5482
2026-05-09T13:08:34.703,4.7900,0.0800,48.5962
2026-05-09T13:08:34.717,4.8564,0.0800,48.6398
2026-05-09T13:08:34.730,4.9236,0.0800,48.6866
2026-05-09T13:08:34.745,4.9873,0.0800,48.7302
2026-05-09T13:08:34.759,5.0499,0.0800,48.7710
2026-05-09T13:08:34.773,5.1157,0.0800,48.8161
2026-05-09T13:08:34.787,5.1794,0.0800,48.8589
2026-05-09T13:08:34.801,5.2445,0.0800,48.9004
2026-05-09T13:08:34.815,5.3057,0.0800,48.9417
2026-05-09T13:08:34.829,5.3746,0.0800,48.9879
2026-05-09T13:08:34.842,5.4321,0.0800,49.0266
2026-05-09T13:08:34.857,5.4973,0.0800,49.0686
2026-05-09T13:08:34.872,5.5572,0.0800,49.1083
2026-05-09T13:08:34.884,5.6170,0.0800,49.1507
2026-05-09T13:08:34.898,5.6816,0.0800,49.1919
2026-05-09T13:08:34.912,5.7303,0.0800,49.2223
2026-05-09T13:08:34.926,5.7921,0.0800,49.2588
2026-05-09T13:08:34.941,5.8533,0.0800,49.2940
2026-05-09T13:08:34.955,5.9144,0.0800,49.3274
2026-05-09T13:08:34.969,5.9839,0.0800,49.3631
2026-05-09T13:08:34.982,6.0399,0.0800,49.3889
2026-05-09T13:08:34.994,6.1053,0.0800,49.4176
2026-05-09T13:08:35.010,6.1655,0.0800,49.4437
2026-05-09T13:08:35.023,6.2206,0.0800,49.4675
2026-05-09T13:08:35.037,6.2950,0.0800,49.4994
2026-05-09T13:08:35.051,6.3521,0.0800,49.5234
2026-05-09T13:08:35.064,6.4229,0.0800,49.5529
2026-05-09T13:08:35.078,6.4811,0.0800,49.5745
2026-05-09T13:08:35.091,6.5394,0.0800,49.5935
2026-05-09T13:08:35.105,6.5887,0.0800,49.6065
2026-05-09T13:08:35.119,6.6230,0.0800,49.6121
2026-05-09T13:08:35.133,6.6474,0.0800,49.6171
2026-05-09T13:08:35.146,6.6813,0.0800,49.6220
2026-05-09T13:08:35.161,6.7262,0.0800,49.6266
2026-05-09T13:08:35.174,6.7640,0.0800,49.6334
2026-05-09T13:08:35.187,6.8109,0.0800,49.6425
2026-05-09T13:08:35.201,6.8515,0.0800,49.6468
2026-05-09T13:08:35.215,6.8920,0.0800,49.6561
2026-05-09T13:08:35.229,6.9573,0.0800,49.6724
2026-05-09T13:08:35.243,6.9739,0.0800,49.6769
2026-05-09T13:08:35.258,7.0305,0.0800,49.6914
2026-05-09T13:08:35.273,7.0713,0.0800,49.7039
2026-05-09T13:08:35.292,7.1145,0.0800,49.7180
2026-05-09T13:08:35.313,7.1554,0.0800,49.7320
2026-05-09T13:08:35.338,7.2121,0.0800,49.7489
2026-05-09T13:08:35.359,7.2802,0.0800,49.7781
2026-05-09T13:08:35.377,7.3454,0.0800,49.8095
2026-05-09T13:08:35.393,7.4046,0.0800,49.8412
2026-05-09T13:08:35.409,7.4560,0.0800,49.8722
2026-05-09T13:08:35.426,7.5028,0.0800,49.8960
2026-05-09T13:08:35.443,7.5457,0.0800,49.9246
2026-05-09T13:08:35.463,7.5964,0.0800,49.9597
2026-05-09T13:08:35.481,7.6382,0.0800,49.9903
2026-05-09T13:08:35.500,7.6886,0.0800,50.0294
2026-05-09T13:08:35.517,7.7337,0.0800,50.0677
2026-05-09T13:08:35.534,7.7824,0.0800,50.1117
2026-05-09T13:08:35.549,7.8217,0.0800,50.1515
2026-05-09T13:08:35.564,7.8610,0.0800,50.1931
2026-05-09T13:08:35.581,7.8980,0.0800,50.2279
2026-05-09T13:08:35.600,7.9355,0.0800,50.2732
2026-05-09T13:08:35.618,7.9663,0.0800,50.3131
2026-05-09T13:08:35.638,8.0014,0.0800,50.3638
2026-05-09T13:08:35.660,8.0359,0.0800,50.4197
2026-05-09T13:08:35.678,8.0387,0.0800,50.4344
2026-05-09T13:08:35.697,8.0272,0.0800,50.4425
2026-05-09T13:08:35.713,8.0113,0.0800,50.4567
2026-05-09T13:08:35.729,7.9876,0.0800,50.4867
2026-05-09T13:08:35.746,7.9678,0.0800,50.5175
2026-05-09T13:08:35.766,7.9459,0.0800,50.5723
2026-05-09T13:08:35.787,7.9355,0.0800,50.6396
2026-05-09T13:08:35.808,7.9305,0.0800,50.7335
2026-05-09T13:08:35.826,7.9130,0.0800,50.8249
2026-05-09T13:08:35.843,7.8801,0.0800,50.8990
2026-05-09T13:08:35.860,7.8162,0.0800,50.9204
2026-05-09T13:08:35.878,7.7573,0.0800,50.9400
2026-05-09T13:08:35.896,7.6986,0.0800,50.9595
2026-05-09T13:08:35.914,7.6371,0.0800,50.9797
2026-05-09T13:08:35.934,7.5747,0.0800,51.0002
2026-05-09T13:08:35.951,7.5087,0.0800,51.0218
2026-05-09T13:08:35.968,7.4384,0.0800,51.0449
2026-05-09T13:08:35.986,7.3798,0.0800,51.0641
2026-05-09T13:08:36.003,7.2937,0.0800,51.0931
2026-05-09T13:08:36.020,7.2524,0.0800,51.1076
2026-05-09T13:08:36.036,7.1929,0.0800,51.1360
2026-05-09T13:08:36.057,7.1202,0.0800,51.1751
2026-05-09T13:08:36.076,7.0773,0.0800,51.2074
2026-05-09T13:08:36.097,7.0430,0.0800,51.2522
2026-05-09T13:08:36.115,7.0128,0.0800,51.3037
2026-05-09T13:08:36.133,6.9876,0.0800,51.3688
2026-05-09T13:08:36.149,6.9781,0.0800,51.4335
2026-05-09T13:08:36.165,6.9745,0.0800,51.5222
2026-05-09T13:08:36.183,6.9750,0.0800,51.5960
2026-05-09T13:08:36.200,6.9797,0.0800,51.6804
2026-05-09T13:08:36.217,6.9909,0.0800,51.7605
2026-05-09T13:08:36.235,7.0087,0.0800,51.8455
2026-05-09T13:08:36.252,7.0285,0.0800,51.9310
2026-05-09T13:08:36.268,7.0510,0.0800,52.0202
2026-05-09T13:08:36.284,7.0742,0.0800,52.0934
2026-05-09T13:08:36.300,7.1017,0.0800,52.1698
2026-05-09T13:08:36.319,7.1291,0.0800,52.2450
2026-05-09T13:08:36.338,7.1620,0.0800,52.3350
2026-05-09T13:08:36.356,7.1898,0.0800,52.4101
2026-05-09T13:08:36.374,7.2224,0.0800,52.4976
2026-05-09T13:08:36.392,7.2539,0.0800,52.5807
2026-05-09T13:08:36.408,7.2878,0.0800,52.6697
2026-05-09T13:08:36.425,7.3192,0.0800,52.7509
2026-05-09T13:08:36.444,7.3486,0.0800,52.8259
2026-05-09T13:08:36.463,7.3814,0.0800,52.9089
2026-05-09T13:08:36.483,7.4142,0.0800,52.9915
2026-05-09T13:08:36.502,7.4488,0.0800,53.0780
2026-05-09T13:08:36.519,7.4875,0.0800,53.1738
2026-05-09T13:08:36.536,7.5233,0.0800,53.2606
2026-05-09T13:08:36.553,7.5553,0.0800,53.3373
2026-05-09T13:08:36.574,7.5900,0.0800,53.4174
2026-05-09T13:08:36.594,7.6264,0.0800,53.4997
2026-05-09T13:08:36.615,7.6660,0.0800,53.5867
2026-05-09T13:08:36.636,7.7106,0.0800,53.6842
2026-05-09T13:08:36.653,7.7541,0.0800,53.7753
2026-05-09T13:08:36.669,7.8064,0.0800,53.8812
2026-05-09T13:08:36.686,7.8386,0.0800,53.9416
2026-05-09T13:08:36.704,7.8825,0.0800,54.0113
2026-05-09T13:08:36.721,7.9443,0.0800,54.1047
2026-05-09T13:08:36.742,7.9840,0.0800,54.1621
2026-05-09T13:08:36.764,8.0354,0.0800,54.2267
2026-05-09T13:08:36.788,8.1010,0.0800,54.3001
2026-05-09T13:08:36.808,8.1747,0.0800,54.3800
2026-05-09T13:08:36.826,8.2606,0.0800,54.3979
2026-05-09T13:08:36.844,8.3344,0.0800,54.4296
2026-05-09T13:08:36.861,8.4248,0.0800,54.4990
2026-05-09T13:08:36.879,8.4676,0.0800,54.5402
2026-05-09T13:08:36.897,8.5318,0.0800,54.5951
2026-05-09T13:08:36.914,8.5976,0.0800,54.6520
2026-05-09T13:08:36.931,8.6625,0.0800,54.7073
2026-05-09T13:08:36.946,8.7245,0.0800,54.7614
2026-05-09T13:08:36.963,8.7914,0.0800,54.8163
2026-05-09T13:08:36.978,8.8433,0.0800,54.8639
2026-05-09T13:08:36.993,8.9070,0.0800,54.9140
2026-05-09T13:08:37.009,8.9643,0.0800,54.9319
2026-05-09T13:08:37.028,9.0284,0.0800,54.9783
2026-05-09T13:08:37.046,9.0889,0.0800,55.0385
2026-05-09T13:08:37.063,9.2073,0.0800,55.0416
2026-05-09T13:08:37.079,9.2634,0.0800,55.1015
2026-05-09T13:08:37.096,9.3194,0.0800,55.1637
2026-05-09T13:08:37.110,9.3734,0.0800,55.2263
2026-05-09T13:08:37.125,9.4238,0.0800,55.2872
2026-05-09T13:08:37.141,9.4698,0.0800,55.3393
2026-05-09T13:08:37.157,9.5142,0.0800,55.3970
2026-05-09T13:08:37.175,9.5596,0.0800,55.4583
2026-05-09T13:08:37.194,9.6028,0.0800,55.5189
2026-05-09T13:08:37.212,9.6519,0.0800,55.5905
2026-05-09T13:08:37.228,9.7040,0.0800,55.6703
2026-05-09T13:08:37.242,9.7547,0.0800,55.7437
2026-05-09T13:08:37.260,9.7923,0.0800,55.8068
2026-05-09T13:08:37.278,9.8400,0.0800,55.8893
2026-05-09T13:08:37.292,9.8722,0.0800,55.9489
2026-05-09T13:08:37.309,9.9110,0.0800,56.0239
2026-05-09T13:08:37.325,9.9448,0.0800,56.0875
2026-05-09T13:08:37.343,9.9794,0.0800,56.1615
2026-05-09T13:08:37.361,10.0113,0.0800,56.2350
2026-05-09T13:08:37.378,10.0487,0.0800,56.3248
2026-05-09T13:08:37.394,10.0823,0.0800,56.4092
2026-05-09T13:08:37.410,10.1057,0.0800,56.4818
2026-05-09T13:08:37.425,10.1299,0.0800,56.5633
2026-05-09T13:08:37.443,10.1494,0.0800,56.6361
2026-05-09T13:08:37.461,10.1718,0.0800,56.7250
2026-05-09T13:08:37.478,10.1887,0.0800,56.8006
2026-05-09T13:08:37.495,10.2062,0.0800,56.8905
2026-05-09T13:08:37.511,10.2213,0.0800,56.9688
2026-05-09T13:08:37.528,10.2373,0.0800,57.0538
2026-05-09T13:08:37.544,10.2519,0.0800,57.1351
2026-05-09T13:08:37.561,10.2662,0.0800,57.2164
2026-05-09T13:08:37.577,10.2799,0.0800,57.2997
2026-05-09T13:08:37.593,10.2927,0.0800,57.3798
2026-05-09T13:08:37.610,10.3049,0.0800,57.4589
2026-05-09T13:08:37.626,10.3165,0.0800,57.5438
2026-05-09T13:08:37.642,10.3267,0.0800,57.6239
2026-05-09T13:08:37.658,10.3346,0.0800,57.7044
2026-05-09T13:08:37.674,10.3388,0.0800,57.7836
2026-05-09T13:08:37.689,10.3422,0.0800,57.8662
2026-05-09T13:08:37.705,10.3444,0.0800,57.9424
2026-05-09T13:08:37.721,10.3458,0.0800,58.0182
2026-05-09T13:08:37.738,10.3473,0.0800,58.1042
2026-05-09T13:08:37.753,10.3485,0.0800,58.1806
2026-05-09T13:08:37.768,10.3496,0.0800,58.2636
2026-05-09T13:08:37.783,10.3501,0.0800,58.3370
2026-05-09T13:08:37.797,10.3503,0.0800,58.4127
2026-05-09T13:08:37.812,10.3502,0.0800,58.4951
2026-05-09T13:08:37.826,10.3497,0.0800,58.5592
2026-05-09T13:08:37.842,10.3487,0.0800,58.6549
2026-05-09T13:08:37.858,10.3477,0.0800,58.7308
2026-05-09T13:08:37.873,10.3465,0.0800,58.7916
2026-05-09T13:08:37.888,10.3450,0.0800,58.8660
2026-05-09T13:08:37.905,10.3432,0.0800,58.9423
2026-05-09T13:08:37.922,10.3416,0.0800,59.0127
2026-05-09T13:08:37.939,10.3393,0.0800,59.1005
2026-05-09T13:08:37.953,10.3373,0.0800,59.1794
2026-05-09T13:08:37.967,10.3350,0.0800,59.2692
2026-05-09T13:08:37.982,10.3332,0.0800,59.3345
2026-05-09T13:08:38.000,10.3310,0.0800,59.4211
2026-05-09T13:08:38.014,10.3292,0.0800,59.4881
2026-05-09T13:08:38.029,10.3269,0.0800,59.5722
2026-05-09T13:08:38.043,10.3246,0.0800,59.6413
2026-05-09T13:08:38.057,10.3218,0.0800,59.7169
2026-05-09T13:08:38.072,10.3189,0.0800,59.7869
2026-05-09T13:08:38.085,10.3158,0.0800,59.8588
2026-05-09T13:08:38.101,10.3127,0.0800,59.9323
2026-05-09T13:08:38.117,10.3097,0.0800,59.9983
2026-05-09T13:08:38.133,10.3063,0.0800,60.0764
2026-05-09T13:08:38.147,10.3029,0.0800,60.1528
2026-05-09T13:08:38.162,10.2993,0.0800,60.2344
2026-05-09T13:08:38.177,10.2962,0.0800,60.3039
2026-05-09T13:08:38.192,10.2922,0.0800,60.3919
2026-05-09T13:08:38.207,10.2892,0.0800,60.4569
2026-05-09T13:08:38.222,10.2856,0.0800,60.5331
2026-05-09T13:08:38.236,10.2816,0.0800,60.6076
2026-05-09T13:08:38.250,10.2774,0.0800,60.6814
2026-05-09T13:08:38.266,10.2733,0.0800,60.7531
2026-05-09T13:08:38.282,10.2693,0.0800,60.8218
2026-05-09T13:08:38.298,10.2646,0.0800,60.8977
2026-05-09T13:08:38.314,10.2595,0.0800,60.9795
2026-05-09T13:08:38.329,10.2542,0.0800,61.0612
2026-05-09T13:08:38.344,10.2492,0.0800,61.1376
2026-05-09T13:08:38.359,10.2439,0.0800,61.2189
2026-05-09T13:08:38.374,10.2390,0.0800,61.2905
2026-05-09T13:08:38.388,10.2340,0.0800,61.3656
2026-05-09T13:08:38.403,10.2287,0.0800,61.4457
2026-05-09T13:08:38.419,10.2245,0.0800,61.5077
2026-05-09T13:08:38.434,10.2191,0.0800,61.5878
2026-05-09T13:08:38.447,10.2139,0.0800,61.6639
2026-05-09T13:08:38.461,10.2091,0.0800,61.7331
2026-05-09T13:08:38.475,10.2044,0.0800,61.8008
2026-05-09T13:08:38.489,10.1992,0.0800,61.8735
2026-05-09T13:08:38.504,10.1943,0.0800,61.9407
2026-05-09T13:08:38.520,10.1888,0.0800,62.0136
2026-05-09T13:08:38.535,10.1831,0.0800,62.0871
2026-05-09T13:08:38.550,10.1769,0.0800,62.1653
2026-05-09T13:08:38.564,10.1708,0.0800,62.2417
2026-05-09T13:08:38.578,10.1652,0.0800,62.3131
2026-05-09T13:08:38.592,10.1592,0.0800,62.3883
2026-05-09T13:08:38.617,10.1540,0.0800,62.4537
2026-05-09T13:08:38.630,10.1472,0.0800,62.5384
2026-05-09T13:08:38.643,10.1387,0.0800,62.6454
2026-05-09T13:08:38.657,10.1331,0.0800,62.7161
2026-05-09T13:08:38.671,10.1283,0.0800,62.7764
2026-05-09T13:08:38.686,10.1228,0.0800,62.8449
2026-05-09T13:08:38.700,10.1168,0.0800,62.9203
2026-05-09T13:08:38.714,10.1113,0.0800,62.9894
2026-05-09T13:08:38.728,10.1057,0.0800,63.0598
2026-05-09T13:08:38.742,10.1001,0.0800,63.1290
2026-05-09T13:08:38.756,10.0940,0.0800,63.2054
2026-05-09T13:08:38.770,10.0888,0.0800,63.2696
2026-05-09T13:08:38.784,10.0832,0.0800,63.3394
2026-05-09T13:08:38.798,10.0775,0.0800,63.4109
2026-05-09T13:08:38.812,10.0719,0.0800,63.4812
2026-05-09T13:08:38.825,10.0664,0.0800,63.5503
2026-05-09T13:08:38.840,10.0608,0.0800,63.6192
2026-05-09T13:08:38.854,10.0558,0.0800,63.6824
2026-05-09T13:08:38.867,10.0497,0.0800,63.7580
2026-05-09T13:08:38.882,10.0442,0.0800,63.8261
2026-05-09T13:08:38.896,10.0389,0.0800,63.8924
2026-05-09T13:08:38.910,10.0330,0.0800,63.9659
2026-05-09T13:08:38.923,10.0270,0.0800,64.0403
2026-05-09T13:08:38.937,10.0219,0.0800,64.1040
2026-05-09T13:08:38.952,10.0167,0.0800,64.1689
2026-05-09T13:08:38.964,10.0103,0.0800,64.2471
2026-05-09T13:08:38.978,10.0048,0.0800,64.3145
2026-05-09T13:08:38.992,9.9999,0.0800,64.3747
2026-05-09T13:08:39.006,9.9940,0.0800,64.4468
2026-05-09T13:08:39.020,9.9883,0.0800,64.5162
2026-05-09T13:08:39.034,9.9824,0.0800,64.5880
2026-05-09T13:08:39.048,9.9769,0.0800,64.6554
2026-05-09T13:08:39.061,9.9711,0.0800,64.7265
2026-05-09T13:08:39.076,9.9655,0.0800,64.7943
2026-05-09T13:08:39.089,9.9599,0.0800,64.8622
2026-05-09T13:08:39.103,9.9541,0.0800,64.9323
2026-05-09T13:08:39.118,9.9488,0.0800,64.9961
2026-05-09T13:08:39.132,9.9428,0.0800,65.0691
2026-05-09T13:08:39.146,9.9366,0.0800,65.1441
2026-05-09T13:08:39.159,9.9309,0.0800,65.2138
2026-05-09T13:08:39.174,9.9254,0.0800,65.2808
2026-05-09T13:08:39.187,9.9200,0.0800,65.3462
2026-05-09T13:08:39.201,9.9139,0.0800,65.4209
2026-05-09T13:08:39.216,9.9084,0.0800,65.4877
2026-05-09T13:08:39.228,9.9027,0.0800,65.5570
2026-05-09T13:08:39.242,9.8970,0.0800,65.6268
2026-05-09T13:08:39.256,9.8913,0.0800,65.6961
2026-05-09T13:08:39.271,9.8861,0.0800,65.7594
2026-05-09T13:08:39.285,9.8792,0.0800,65.8294
2026-05-09T13:08:39.299,9.8720,0.0800,65.9084
2026-05-09T13:08:39.313,9.8644,0.0800,65.9732
2026-05-09T13:08:39.327,9.8556,0.0800,66.0441
2026-05-09T13:08:39.341,9.8482,0.0800,66.1117
2026-05-09T13:08:39.356,9.8378,0.0800,66.1809
2026-05-09T13:08:39.370,9.8256,0.0800,66.2539
2026-05-09T13:08:39.383,9.8120,0.0800,66.3234
2026-05-09T13:08:39.397,9.7983,0.0800,66.3957
2026-05-09T13:08:39.411,9.7837,0.0800,66.4507
2026-05-09T13:08:39.424,9.7667,0.0800,66.5035
2026-05-09T13:08:39.438,9.7532,0.0800,66.5523
2026-05-09T13:08:39.452,9.7359,0.0800,66.5985
2026-05-09T13:08:39.466,9.7152,0.0800,66.6530
2026-05-09T13:08:39.481,9.7001,0.0800,66.7025
2026-05-09T13:08:39.494,9.6824,0.0800,66.7504
2026-05-09T13:08:39.508,9.6639,0.0800,66.8023
2026-05-09T13:08:39.522,9.6484,0.0800,66.8477
2026-05-09T13:08:39.537,9.6348,0.0800,66.8994
2026-05-09T13:08:39.550,9.6196,0.0800,66.9460
2026-05-09T13:08:39.564,9.6024,0.0800,66.9986
2026-05-09T13:08:39.578,9.5913,0.0800,67.0451
2026-05-09T13:08:39.592,9.5761,0.0800,67.0909
2026-05-09T13:08:39.605,9.5591,0.0800,67.1403
2026-05-09T13:08:39.620,9.5454,0.0800,67.1889
2026-05-09T13:08:39.633,9.5276,0.0800,67.2366
2026-05-09T13:08:39.647,9.5095,0.0800,67.2828
2026-05-09T13:08:39.661,9.4946,0.0800,67.3283
2026-05-09T13:08:39.675,9.4751,0.0800,67.3742
2026-05-09T13:08:39.688,9.4558,0.0800,67.4177
2026-05-09T13:08:39.702,9.4340,0.0800,67.4650
2026-05-09T13:08:39.716,9.4172,0.0800,67.5085
2026-05-09T13:08:39.730,9.3956,0.0800,67.5518
2026-05-09T13:08:39.743,9.3725,0.0800,67.5966
2026-05-09T13:08:39.757,9.3505,0.0800,67.6453
2026-05-09T13:08:39.772,9.3290,0.0800,67.6841
2026-05-09T13:08:39.785,9.3038,0.0800,67.7283
2026-05-09T13:08:39.800,9.2790,0.0800,67.7774
2026-05-09T13:08:39.813,9.2550,0.0800,67.8164
2026-05-09T13:08:39.826,9.2276,0.0800,67.8597
2026-05-09T13:08:39.840,9.2052,0.0800,67.9005
2026-05-09T13:08:39.855,9.1796,0.0800,67.9384
2026-05-09T13:08:39.868,9.1517,0.0800,67.9785
2026-05-09T13:08:39.882,9.1211,0.0800,68.0211
2026-05-09T13:08:39.897,9.0973,0.0800,68.0598
2026-05-09T13:08:39.912,9.0588,0.0800,68.1106
2026-05-09T13:08:39.925,9.0337,0.0800,68.1431
2026-05-09T13:08:39.939,9.0017,0.0800,68.1886
2026-05-09T13:08:39.953,8.9706,0.0800,68.2274
2026-05-09T13:08:39.970,8.9403,0.0800,68.2644
2026-05-09T13:08:39.988,8.9093,0.0800,68.3013
2026-05-09T13:08:40.006,8.8745,0.0800,68.3470
2026-05-09T13:08:40.025,8.8362,0.0800,68.3898
2026-05-09T13:08:40.046,8.7919,0.0800,68.4376
2026-05-09T13:08:40.065,8.7468,0.0800,68.4843
2026-05-09T13:08:40.083,8.6948,0.0800,68.5359
2026-05-09T13:08:40.099,8.6452,0.0800,68.5827
2026-05-09T13:08:40.114,8.6010,0.0800,68.6226
2026-05-09T13:08:40.129,8.5583,0.0800,68.6597
2026-05-09T13:08:40.145,8.5220,0.0800,68.6951
2026-05-09T13:08:40.163,8.4812,0.0800,68.7266
2026-05-09T13:08:40.181,8.4352,0.0800,68.7604
2026-05-09T13:08:40.198,8.3803,0.0800,68.7985
2026-05-09T13:08:40.219,8.3328,0.0800,68.8296
2026-05-09T13:08:40.239,8.2806,0.0800,68.8617
2026-05-09T13:08:40.259,8.2188,0.0800,68.8980
2026-05-09T13:08:40.277,8.1566,0.0800,68.9326
2026-05-09T13:08:40.294,8.0966,0.0800,68.9643
2026-05-09T13:08:40.309,8.0376,0.0800,68.9938
2026-05-09T13:08:40.325,7.9896,0.0800,69.0220
2026-05-09T13:08:40.343,7.9427,0.0800,69.0432
2026-05-09T13:08:40.364,7.8935,0.0800,69.0644
2026-05-09T13:08:40.384,7.8079,0.0800,69.0996
2026-05-09T13:08:40.400,7.7691,0.0800,69.1141
2026-05-09T13:08:40.420,7.7011,0.0800,69.1382
2026-05-09T13:08:40.439,7.6473,0.0800,69.1555
2026-05-09T13:08:40.456,7.5828,0.0800,69.1744
2026-05-09T13:08:40.474,7.5184,0.0800,69.1913
2026-05-09T13:08:40.492,7.4601,0.0800,69.2045
2026-05-09T13:08:40.511,7.4002,0.0800,69.2154
2026-05-09T13:08:40.531,7.3414,0.0800,69.2291
2026-05-09T13:08:40.549,7.2729,0.0800,69.2380
2026-05-09T13:08:40.567,7.1998,0.0800,69.2441
2026-05-09T13:08:40.585,7.1424,0.0800,69.2471
2026-05-09T13:08:40.604,7.0757,0.0800,69.2488
2026-05-09T13:08:40.621,7.0141,0.0800,69.2483
2026-05-09T13:08:40.638,6.9435,0.0800,69.2464
2026-05-09T13:08:40.655,6.8886,0.0800,69.2435
2026-05-09T13:08:40.673,6.8259,0.0800,69.2392
2026-05-09T13:08:40.691,6.7690,0.0800,69.2344
2026-05-09T13:08:40.710,6.6981,0.0800,69.2321
2026-05-09T13:08:40.730,6.6250,0.0800,69.2244
2026-05-09T13:08:40.751,6.5430,0.0800,69.2154
2026-05-09T13:08:40.771,6.4486,0.0800,69.2041
2026-05-09T13:08:40.788,6.3502,0.0800,69.1926
2026-05-09T13:08:40.805,6.2464,0.0800,69.1800
2026-05-09T13:08:40.823,6.1662,0.0800,69.1701
2026-05-09T13:08:40.842,6.0776,0.0800,69.1603
2026-05-09T13:08:40.863,5.9977,0.0800,69.1514
2026-05-09T13:08:40.882,5.9001,0.0800,69.1407
2026-05-09T13:08:40.902,5.7954,0.0800,69.1293
2026-05-09T13:08:40.920,5.7001,0.0800,69.1189
2026-05-09T13:08:40.937,5.5957,0.0800,69.1076
2026-05-09T13:08:40.954,5.5156,0.0800,69.0990
2026-05-09T13:08:40.973,5.4253,0.0800,69.0895
2026-05-09T13:08:40.990,5.3446,0.0800,69.0809
2026-05-09T13:08:41.011,5.2485,0.0800,69.0709
2026-05-09T13:08:41.030,5.1645,0.0800,69.0622
2026-05-09T13:08:41.051,5.0586,0.0800,69.0515
2026-05-09T13:08:41.071,4.9624,0.0800,69.0430
2026-05-09T13:08:41.089,4.8634,0.0800,69.0346
2026-05-09T13:08:41.106,4.7579,0.0800,69.0263
2026-05-09T13:08:41.123,4.6742,0.0800,69.0201
2026-05-09T13:08:41.140,4.5865,0.0800,69.0137
2026-05-09T13:08:41.156,4.4993,0.0800,69.0074
2026-05-09T13:08:41.173,4.4144,0.0800,69.0013
2026-05-09T13:08:41.189,4.3386,0.0800,68.9960
2026-05-09T13:08:41.208,4.2563,0.0800,68.9901
2026-05-09T13:08:41.227,4.1629,0.0800,68.9835
2026-05-09T13:08:41.245,4.0738,0.0800,68.9772
2026-05-09T13:08:41.263,3.9842,0.0800,68.9709
2026-05-09T13:08:41.280,3.8974,0.0800,68.9649
2026-05-09T13:08:41.296,3.8025,0.0800,68.9583
2026-05-09T13:08:41.312,3.7235,0.0800,68.9530
2026-05-09T13:08:41.328,3.6136,0.0800,68.9457
2026-05-09T13:08:41.346,3.5607,0.0800,68.9423
2026-05-09T13:08:41.365,3.4662,0.0800,68.9362
2026-05-09T13:08:41.384,3.3890,0.0800,68.9316
2026-05-09T13:08:41.403,3.2953,0.0800,68.9262
2026-05-09T13:08:41.420,3.2001,0.0800,68.9215
2026-05-09T13:08:41.437,3.1010,0.0800,68.9172
2026-05-09T13:08:41.453,3.0275,0.0800,68.9189
2026-05-09T13:08:41.472,2.9524,0.0800,68.9212
2026-05-09T13:08:41.490,2.8794,0.0800,68.9245
2026-05-09T13:08:41.509,2.8158,0.0800,68.9279
2026-05-09T13:08:41.527,2.7562,0.0800,68.9316
2026-05-09T13:08:41.545,2.6938,0.0800,68.9356
2026-05-09T13:08:41.563,2.6342,0.0800,68.9392
2026-05-09T13:08:41.581,2.5781,0.0800,68.9427
2026-05-09T13:08:41.600,2.5180,0.0800,68.9464
2026-05-09T13:08:41.617,2.4590,0.0800,68.9501
2026-05-09T13:08:41.635,2.4029,0.0800,68.9532
2026-05-09T13:08:41.653,2.3566,0.0800,68.9561
2026-05-09T13:08:41.670,2.3147,0.0800,68.9598
2026-05-09T13:08:41.688,2.2813,0.0800,68.9630
2026-05-09T13:08:41.706,2.2512,0.0800,68.9664
2026-05-09T13:08:41.724,2.2249,0.0800,68.9694
2026-05-09T13:08:41.741,2.1979,0.0800,68.9725
2026-05-09T13:08:41.757,2.1734,0.0800,68.9752
2026-05-09T13:08:41.774,2.1498,0.0800,68.9777
2026-05-09T13:08:41.790,2.1291,0.0800,68.9799
2026-05-09T13:08:41.807,2.1090,0.0800,68.9818
2026-05-09T13:08:41.824,2.0917,0.0800,68.9832
2026-05-09T13:08:41.840,2.0857,0.0800,68.9833
2026-05-09T13:08:41.855,2.0820,0.0800,68.9833
2026-05-09T13:08:41.870,2.0784,0.0800,68.9832
2026-05-09T13:08:41.885,2.0745,0.0800,68.9833
2026-05-09T13:08:41.904,2.0686,0.0800,68.9833
2026-05-09T13:08:41.920,2.0597,0.0800,68.9834
2026-05-09T13:08:41.938,2.0439,0.0800,68.9835
2026-05-09T13:08:41.953,2.0176,0.0800,68.9810
2026-05-09T13:08:41.967,1.9793,0.0800,68.9768
2026-05-09T13:08:41.984,1.9395,0.0800,68.9757
2026-05-09T13:08:42.002,1.8940,0.0800,68.9686
2026-05-09T13:08:42.018,1.8564,0.0800,68.9618
2026-05-09T13:08:42.034,1.8080,0.0800,68.9523
2026-05-09T13:08:42.049,1.7663,0.0800,68.9431
2026-05-09T13:08:42.064,1.7245,0.0800,68.9380
2026-05-09T13:08:42.081,1.6850,0.0800,68.9276
2026-05-09T13:08:42.098,1.6354,0.0800,68.9136
2026-05-09T13:08:42.114,1.5958,0.0800,68.9015
2026-05-09T13:08:42.130,1.5513,0.0800,68.8870
2026-05-09T13:08:42.146,1.5098,0.0800,68.8730
2026-05-09T13:08:42.162,1.4644,0.0800,68.8621
2026-05-09T13:08:42.178,1.4231,0.0800,68.8481
2026-05-09T13:08:42.194,1.3745,0.0800,68.8313
2026-05-09T13:08:42.211,1.3354,0.0800,68.8189
2026-05-09T13:08:42.227,1.2920,0.0800,68.8058
2026-05-09T13:08:42.245,1.2442,0.0800,68.7992
2026-05-09T13:08:42.263,1.1970,0.0800,68.7885
2026-05-09T13:08:42.281,1.1489,0.0800,68.7785
2026-05-09T13:08:42.297,1.0876,0.0800,68.7666
2026-05-09T13:08:42.313,1.0169,0.0800,68.7521
2026-05-09T13:08:42.329,0.9480,0.0800,68.7367
2026-05-09T13:08:42.347,0.8691,0.0800,68.7223
2026-05-09T13:08:42.364,0.7873,0.0800,68.7011
2026-05-09T13:08:42.381,0.7110,0.0800,68.6793
2026-05-09T13:08:42.397,0.6302,0.0800,68.6545
2026-05-09T13:08:42.414,0.5575,0.0800,68.6304
2026-05-09T13:08:42.431,0.4766,0.0800,68.6017
2026-05-09T13:08:42.448,0.4015,0.0800,68.5731
2026-05-09T13:08:42.464,0.3180,0.0800,68.5441
2026-05-09T13:08:42.479,0.2508,0.0800,68.5154
2026-05-09T13:08:42.493,0.1705,0.0800,68.4805
2026-05-09T13:08:42.510,0.1139,0.0800,68.4548
2026-05-09T13:08:42.527,0.0299,0.0800,68.4159
2026-05-09T13:08:42.543,-0.0321,0.0800,68.3913
2026-05-09T13:08:42.560,-0.1033,0.0800,68.3556
2026-05-09T13:08:42.577,-0.1727,0.0800,68.3192
2026-05-09T13:08:42.592,-0.2421,0.0800,68.2810
2026-05-09T13:08:42.608,-0.3134,0.0800,68.2398
2026-05-09T13:08:42.624,-0.3846,0.0800,68.2017
2026-05-09T13:08:42.639,-0.4511,0.0800,68.1594
2026-05-09T13:08:42.653,-0.5126,0.0800,68.1186
2026-05-09T13:08:42.669,-0.5717,0.0800,68.0777
2026-05-09T13:08:42.686,-0.6301,0.0800,68.0356
2026-05-09T13:08:42.704,-0.6946,0.0800,67.9919
2026-05-09T13:08:42.721,-0.7565,0.0800,67.9435
2026-05-09T13:08:42.741,-0.8321,0.0800,67.8817
2026-05-09T13:08:42.757,-0.8901,0.0800,67.8318
2026-05-09T13:08:42.774,-0.9607,0.0800,67.7684
2026-05-09T13:08:42.791,-1.0179,0.0800,67.7144
2026-05-09T13:08:42.806,-1.0781,0.0800,67.6552
2026-05-09T13:08:42.822,-1.1387,0.0800,67.5994
2026-05-09T13:08:42.839,-1.1889,0.0800,67.5455
2026-05-09T13:08:42.856,-1.2371,0.0800,67.4895
2026-05-09T13:08:42.874,-1.2903,0.0800,67.4241
2026-05-09T13:08:42.892,-1.3471,0.0800,67.3495
2026-05-09T13:08:42.909,-1.3923,0.0800,67.2830
2026-05-09T13:08:42.928,-1.4313,0.0800,67.2210
2026-05-09T13:08:42.946,-1.4605,0.0800,67.1619
2026-05-09T13:08:42.962,-1.4889,0.0800,67.0977
2026-05-09T13:08:42.978,-1.5065,0.0800,67.0457
2026-05-09T13:08:42.994,-1.5159,0.0800,66.9934
2026-05-09T13:08:43.011,-1.5234,0.0800,66.9443
2026-05-09T13:08:43.029,-1.5288,0.0800,66.8962
2026-05-09T13:08:43.046,-1.5327,0.0800,66.8351
2026-05-09T13:08:43.062,-1.5357,0.0800,66.8142
2026-05-09T13:08:43.081,-1.5347,0.0800,66.7879
2026-05-09T13:08:43.099,-1.5335,0.0800,66.7636
2026-05-09T13:08:43.117,-1.5322,0.0800,66.7368
2026-05-09T13:08:43.132,-1.5307,0.0800,66.7090
2026-05-09T13:08:43.147,-1.5294,0.0800,66.6845
2026-05-09T13:08:43.162,-1.5282,0.0800,66.6612
2026-05-09T13:08:43.176,-1.5267,0.0800,66.6364
2026-05-09T13:08:43.191,-1.5254,0.0800,66.6138
2026-05-09T13:08:43.206,-1.5241,0.0800,66.5937
2026-05-09T13:08:43.222,-1.5224,0.0800,66.5728
2026-05-09T13:08:43.240,-1.5201,0.0800,66.5505
2026-05-09T13:08:43.257,-1.5173,0.0800,66.5266
2026-05-09T13:08:43.272,-1.5138,0.0800,66.4973
2026-05-09T13:08:43.287,-1.5101,0.0800,66.4662
2026-05-09T13:08:43.301,-1.5058,0.0800,66.4307
2026-05-09T13:08:43.316,-1.5024,0.0800,66.4040
2026-05-09T13:08:43.332,-1.4983,0.0800,66.3709
2026-05-09T13:08:43.347,-1.4946,0.0800,66.3399
2026-05-09T13:08:43.364,-1.4899,0.0800,66.3018
2026-05-09T13:08:43.378,-1.4855,0.0800,66.2627
2026-05-09T13:08:43.392,-1.4806,0.0800,66.2171
2026-05-09T13:08:43.407,-1.4765,0.0800,66.1774
2026-05-09T13:08:43.422,-1.4718,0.0800,66.1307
2026-05-09T13:08:43.439,-1.4674,0.0800,66.0831
2026-05-09T13:08:43.457,-1.4626,0.0800,66.0309
2026-05-09T13:08:43.473,-1.4571,0.0800,65.9688
2026-05-09T13:08:43.488,-1.4501,0.0800,65.9062
2026-05-09T13:08:43.502,-1.4435,0.0800,65.8516
2026-05-09T13:08:43.517,-1.4383,0.0800,65.8012
2026-05-09T13:08:43.531,-1.4312,0.0800,65.7485
2026-05-09T13:08:43.546,-1.4236,0.0800,65.6930
2026-05-09T13:08:43.561,-1.4165,0.0800,65.6343
2026-05-09T13:08:43.577,-1.4080,0.0800,65.5775
2026-05-09T13:08:43.595,-1.3978,0.0800,65.5134
2026-05-09T13:08:43.611,-1.3865,0.0800,65.4448
2026-05-09T13:08:43.625,-1.3725,0.0800,65.3639
2026-05-09T13:08:43.641,-1.3628,0.0800,65.2993
2026-05-09T13:08:43.655,-1.3508,0.0800,65.2346
2026-05-09T13:08:43.670,-1.3380,0.0800,65.1682
2026-05-09T13:08:43.684,-1.3249,0.0800,65.1020
2026-05-09T13:08:43.698,-1.3129,0.0800,65.0358
2026-05-09T13:08:43.713,-1.2983,0.0800,64.9657
2026-05-09T13:08:43.728,-1.2835,0.0800,64.8968
2026-05-09T13:08:43.744,-1.2692,0.0800,64.8247
2026-05-09T13:08:43.760,-1.2531,0.0800,64.7531
2026-05-09T13:08:43.776,-1.2357,0.0800,64.6773
2026-05-09T13:08:43.791,-1.2152,0.0800,64.5908
2026-05-09T13:08:43.805,-1.1978,0.0800,64.5177
2026-05-09T13:08:43.819,-1.1817,0.0800,64.4443
2026-05-09T13:08:43.834,-1.1645,0.0800,64.3720
2026-05-09T13:08:43.848,-1.1488,0.0800,64.3070
2026-05-09T13:08:43.862,-1.1336,0.0800,64.2384
2026-05-09T13:08:43.877,-1.1173,0.0800,64.1694
2026-05-09T13:08:43.891,-1.1008,0.0800,64.0982
2026-05-09T13:08:43.907,-1.0845,0.0800,64.0250
2026-05-09T13:08:43.922,-1.0753,0.0800,63.9562
2026-05-09T13:08:43.938,-1.0693,0.0800,63.8806
2026-05-09T13:08:43.953,-1.0662,0.0800,63.8030
2026-05-09T13:08:43.968,-1.0686,0.0800,63.7259
2026-05-09T13:08:43.983,-1.0743,0.0800,63.6495
2026-05-09T13:08:43.999,-1.0814,0.0800,63.5605
2026-05-09T13:08:44.013,-1.0899,0.0800,63.4990
2026-05-09T13:08:44.028,-1.1021,0.0800,63.4210
2026-05-09T13:08:44.042,-1.1151,0.0800,63.3514
2026-05-09T13:08:44.057,-1.1285,0.0800,63.2812
2026-05-09T13:08:44.072,-1.1429,0.0800,63.2102
2026-05-09T13:08:44.085,-1.1595,0.0800,63.1404
2026-05-09T13:08:44.099,-1.1796,0.0800,63.0662
2026-05-09T13:08:44.112,-1.1960,0.0800,63.0068
2026-05-09T13:08:44.126,-1.2169,0.0800,62.9375
2026-05-09T13:08:44.141,-1.2375,0.0800,62.8760
2026-05-09T13:08:44.155,-1.2599,0.0800,62.8086
2026-05-09T13:08:44.170,-1.2841,0.0800,62.7402
2026-05-09T13:08:44.183,-1.3074,0.0800,62.6756
2026-05-09T13:08:44.197,-1.3350,0.0800,62.6074
2026-05-09T13:08:44.212,-1.3607,0.0800,62.5445
2026-05-09T13:08:44.226,-1.3920,0.0800,62.4822
2026-05-09T13:08:44.240,-1.4262,0.0800,62.4168
2026-05-09T13:08:44.256,-1.4586,0.0800,62.3549
2026-05-09T13:08:44.269,-1.4950,0.0800,62.2943
2026-05-09T13:08:44.283,-1.5354,0.0800,62.2288
2026-05-09T13:08:44.297,-1.5741,0.0800,62.1709
2026-05-09T13:08:44.311,-1.6131,0.0800,62.1147
2026-05-09T13:08:44.324,-1.6537,0.0800,62.0579
2026-05-09T13:08:44.339,-1.6937,0.0800,62.0034
2026-05-09T13:08:44.352,-1.7341,0.0800,61.9492
2026-05-09T13:08:44.366,-1.7804,0.0800,61.8895
2026-05-09T13:08:44.380,-1.8222,0.0800,61.8368
2026-05-09T13:08:44.395,-1.8680,0.0800,61.7797
2026-05-09T13:08:44.409,-1.9090,0.0800,61.7288
2026-05-09T13:08:44.422,-1.9608,0.0800,61.6647
2026-05-09T13:08:44.436,-1.9998,0.0800,61.6163
2026-05-09T13:08:44.449,-2.0427,0.0800,61.5632
2026-05-09T13:08:44.462,-2.0851,0.0800,61.5107
2026-05-09T13:08:44.477,-2.1265,0.0800,61.4590
2026-05-09T13:08:44.491,-2.1680,0.0800,61.4066
2026-05-09T13:08:44.504,-2.2120,0.0800,61.3491
2026-05-09T13:08:44.520,-2.2563,0.0800,61.2834
2026-05-09T13:08:44.535,-2.2898,0.0800,61.2322
2026-05-09T13:08:44.550,-2.3335,0.0800,61.1643
2026-05-09T13:08:44.565,-2.3707,0.0800,61.0936
2026-05-09T13:08:44.588,-2.4002,0.0800,61.0273
2026-05-09T13:08:44.602,-2.4265,0.0800,60.9423
2026-05-09T13:08:44.616,-2.4447,0.0800,60.8424
2026-05-09T13:08:44.630,-2.4520,0.0800,60.7722
2026-05-09T13:08:44.644,-2.4541,0.0800,60.7038
2026-05-09T13:08:44.658,-2.4447,0.0800,60.6314
2026-05-09T13:08:44.672,-2.4328,0.0800,60.5644
2026-05-09T13:08:44.686,-2.4162,0.0800,60.4961
2026-05-09T13:08:44.700,-2.3971,0.0800,60.4274
2026-05-09T13:08:44.714,-2.3778,0.0800,60.3622
2026-05-09T13:08:44.728,-2.3543,0.0800,60.2889
2026-05-09T13:08:44.742,-2.3338,0.0800,60.2266
2026-05-09T13:08:44.756,-2.3114,0.0800,60.1603
2026-05-09T13:08:44.770,-2.2879,0.0800,60.0934
2026-05-09T13:08:44.785,-2.2648,0.0800,60.0283
2026-05-09T13:08:44.798,-2.2404,0.0800,59.9597
2026-05-09T13:08:44.812,-2.2170,0.0800,59.8948
2026-05-09T13:08:44.826,-2.1932,0.0800,59.8293
2026-05-09T13:08:44.841,-2.1700,0.0800,59.7663
2026-05-09T13:08:44.854,-2.1468,0.0800,59.7037
2026-05-09T13:08:44.868,-2.1193,0.0800,59.6296
2026-05-09T13:08:44.882,-2.0964,0.0800,59.5684
2026-05-09T13:08:44.896,-2.0717,0.0800,59.5024
2026-05-09T13:08:44.910,-2.0476,0.0800,59.4386
2026-05-09T13:08:44.924,-2.0229,0.0800,59.3738
2026-05-09T13:08:44.938,-1.9993,0.0800,59.3092
2026-05-09T13:08:44.952,-1.9753,0.0800,59.2435
2026-05-09T13:08:44.965,-1.9463,0.0800,59.1645
2026-05-09T13:08:44.980,-1.9235,0.0800,59.1072
2026-05-09T13:08:44.993,-1.9038,0.0800,59.0520
2026-05-09T13:08:45.007,-1.8793,0.0800,58.9828
2026-05-09T13:08:45.021,-1.8545,0.0800,58.9198
2026-05-09T13:08:45.035,-1.8308,0.0800,58.8512
2026-05-09T13:08:45.049,-1.8102,0.0800,58.7899
2026-05-09T13:08:45.063,-1.7874,0.0800,58.7211
2026-05-09T13:08:45.077,-1.7636,0.0800,58.6558
2026-05-09T13:08:45.091,-1.7428,0.0800,58.5910
2026-05-09T13:08:45.105,-1.7209,0.0800,58.5226
2026-05-09T13:08:45.120,-1.6985,0.0800,58.4607
2026-05-09T13:08:45.132,-1.6742,0.0800,58.3888
2026-05-09T13:08:45.147,-1.6519,0.0800,58.3228
2026-05-09T13:08:45.160,-1.6321,0.0800,58.2641
2026-05-09T13:08:45.174,-1.6090,0.0800,58.1952
2026-05-09T13:08:45.188,-1.5888,0.0800,58.1353
2026-05-09T13:08:45.201,-1.5642,0.0800,58.0623
2026-05-09T13:08:45.216,-1.5436,0.0800,58.0013
2026-05-09T13:08:45.230,-1.5218,0.0800,57.9366
2026-05-09T13:08:45.244,-1.4995,0.0800,57.8706
2026-05-09T13:08:45.259,-1.4749,0.0800,57.7976
2026-05-09T13:08:45.272,-1.4547,0.0800,57.7378
2026-05-09T13:08:45.287,-1.4292,0.0800,57.6623
2026-05-09T13:08:45.300,-1.4080,0.0800,57.5995
2026-05-09T13:08:45.315,-1.3853,0.0800,57.5322
2026-05-09T13:08:45.327,-1.3652,0.0800,57.4727
2026-05-09T13:08:45.341,-1.3411,0.0800,57.4016
2026-05-09T13:08:45.355,-1.3219,0.0800,57.3450
2026-05-09T13:08:45.369,-1.2994,0.0800,57.2786
2026-05-09T13:08:45.383,-1.2775,0.0800,57.2140
2026-05-09T13:08:45.398,-1.2545,0.0800,57.1465
2026-05-09T13:08:45.411,-1.2328,0.0800,57.0822
2026-05-09T13:08:45.426,-1.2048,0.0800,56.9995
2026-05-09T13:08:45.439,-1.1882,0.0800,56.9501
2026-05-09T13:08:45.454,-1.1630,0.0800,56.8737
2026-05-09T13:08:45.466,-1.1430,0.0800,56.8121
2026-05-09T13:08:45.482,-1.1208,0.0800,56.7434
2026-05-09T13:08:45.493,-1.1020,0.0800,56.6829
2026-05-09T13:08:45.507,-1.0798,0.0800,56.6103
2026-05-09T13:08:45.521,-1.0634,0.0800,56.5548
2026-05-09T13:08:45.536,-1.0449,0.0800,56.4912
2026-05-09T13:08:45.549,-1.0260,0.0800,56.4237
2026-05-09T13:08:45.563,-1.0051,0.0800,56.3474
2026-05-09T13:08:45.576,-0.9899,0.0800,56.2889
2026-05-09T13:08:45.592,-0.9713,0.0800,56.2160
2026-05-09T13:08:45.604,-0.9565,0.0800,56.1574
2026-05-09T13:08:45.618,-0.9364,0.0800,56.0767
2026-05-09T13:08:45.633,-0.9235,0.0800,56.0243
2026-05-09T13:08:45.647,-0.9070,0.0800,55.9528
2026-05-09T13:08:45.658,-0.8948,0.0800,55.8797
2026-05-09T13:08:45.672,-0.8938,0.0800,55.8118
2026-05-09T13:08:45.688,-0.8988,0.0800,55.7533
2026-05-09T13:08:45.702,-0.9141,0.0800,55.6836
2026-05-09T13:08:45.716,-0.9396,0.0800,55.6050
2026-05-09T13:08:45.729,-0.9659,0.0800,55.5390
2026-05-09T13:08:45.742,-0.9963,0.0800,55.4784
2026-05-09T13:08:45.756,-1.0300,0.0800,55.4127
2026-05-09T13:08:45.772,-1.0638,0.0800,55.3605
2026-05-09T13:08:45.785,-1.1076,0.0800,55.3007
2026-05-09T13:08:45.799,-1.1561,0.0800,55.2341
2026-05-09T13:08:45.813,-1.1988,0.0800,55.1861
2026-05-09T13:08:45.826,-1.2634,0.0800,55.1183
2026-05-09T13:08:45.840,-1.2948,0.0800,55.0816
2026-05-09T13:08:45.853,-1.3642,0.0800,55.0176
2026-05-09T13:08:45.877,-1.4173,0.0800,54.9713
2026-05-09T13:08:45.892,-1.4740,0.0800,54.9241
2026-05-09T13:08:45.919,-1.5504,0.0800,54.8621
2026-05-09T13:08:45.934,-1.6020,0.0800,54.8162
2026-05-09T13:08:45.948,-1.7073,0.0800,54.7294
2026-05-09T13:08:45.961,-1.7644,0.0800,54.6823
2026-05-09T13:08:45.975,-1.8161,0.0800,54.6398
2026-05-09T13:08:45.990,-1.8700,0.0800,54.5954
2026-05-09T13:08:46.004,-1.9236,0.0800,54.5503
2026-05-09T13:08:46.021,-1.9783,0.0800,54.5010
2026-05-09T13:08:46.039,-2.0284,0.0800,54.4520
2026-05-09T13:08:46.057,-2.0870,0.0800,54.3916
2026-05-09T13:08:46.071,-2.1466,0.0800,54.3206
2026-05-09T13:08:46.085,-2.2020,0.0800,54.2472
2026-05-09T13:08:46.100,-2.2432,0.0800,54.1880
2026-05-09T13:08:46.114,-2.2742,0.0800,54.1326
2026-05-09T13:08:46.130,-2.3058,0.0800,54.0660
2026-05-09T13:08:46.146,-2.3111,0.0800,54.0121
2026-05-09T13:08:46.163,-2.3124,0.0800,53.9600
2026-05-09T13:08:46.179,-2.2979,0.0800,53.9147
2026-05-09T13:08:46.195,-2.2716,0.0800,53.8665
2026-05-09T13:08:46.210,-2.2404,0.0800,53.8208
2026-05-09T13:08:46.225,-2.1755,0.0800,53.7645
2026-05-09T13:08:46.242,-2.1210,0.0800,53.7227
2026-05-09T13:08:46.255,-2.0590,0.0800,53.6854
2026-05-09T13:08:46.271,-1.9814,0.0800,53.6505
2026-05-09T13:08:46.286,-1.9211,0.0800,53.6274
2026-05-09T13:08:46.303,-1.8401,0.0800,53.6102
2026-05-09T13:08:46.319,-1.7650,0.0800,53.6002
2026-05-09T13:08:46.336,-1.6770,0.0800,53.6014
2026-05-09T13:08:46.350,-1.6022,0.0800,53.6064
2026-05-09T13:08:46.364,-1.5167,0.0800,53.6150
2026-05-09T13:08:46.379,-1.4461,0.0800,53.6232
2026-05-09T13:08:46.395,-1.3781,0.0800,53.6328
2026-05-09T13:08:46.412,-1.3028,0.0800,53.6437
2026-05-09T13:08:46.429,-1.2239,0.0800,53.6551
2026-05-09T13:08:46.444,-1.1365,0.0800,53.6678
2026-05-09T13:08:46.459,-1.0515,0.0800,53.6805
2026-05-09T13:08:46.474,-0.9802,0.0800,53.6927
2026-05-09T13:08:46.488,-0.9204,0.0800,53.7044
2026-05-09T13:08:46.503,-0.8877,0.0800,53.7125
2026-05-09T13:08:46.519,-0.8834,0.0800,53.7139
