timestamp_iso,pos_x,pos_y,pos_z,rot_x,rot_y,rot_z,rot_w
2026-05-08T19:36:18.912,-1.7026,0.0000,-0.0906,0.0000,0.0000,0.0000,1.0000
2026-05-08T19:36:19.094,-1.7026,-0.0039,-0.0906,0.0000,0.0000,0.0000,1.0000
2026-05-08T19:36:19.211,-1.7279,1.3774,-22.7522,-0.0581,0.0330,-0.0173,0.9976
2026-05-08T19:36:19.246,-1.7223,1.2746,-22.7484,-0.0543,0.0551,-0.0325,0.9965
2026-05-08T19:36:19.262,-1.7238,1.2045,-22.7460,-0.0563,0.0568,-0.0323,0.9963
2026-05-08T19:36:19.287,-1.7245,1.2045,-22.7459,-0.0578,0.0475,-0.0316,0.9967
2026-05-08T19:36:19.335,-1.7245,1.2043,-22.7451,-0.0539,0.0435,-0.0331,0.9971
2026-05-08T19:36:19.381,-1.7255,1.2052,-22.7457,-0.0511,0.0415,-0.0332,0.9973
2026-05-08T19:36:19.423,-1.7258,1.2054,-22.7462,-0.0554,0.0340,-0.0270,0.9975
2026-05-08T19:36:19.461,-1.7267,1.2057,-22.7467,-0.0536,0.0352,-0.0269,0.9976
2026-05-08T19:36:19.500,-1.7277,1.2059,-22.7474,-0.0563,0.0332,-0.0256,0.9975
2026-05-08T19:36:19.531,-1.7281,1.2068,-22.7478,-0.0554,0.0310,-0.0228,0.9977
2026-05-08T19:36:19.561,-1.7283,1.2071,-22.7485,-0.0567,0.0287,-0.0197,0.9978
2026-05-08T19:36:19.587,-1.7281,1.2069,-22.7489,-0.0559,0.0280,-0.0198,0.9978
2026-05-08T19:36:19.618,-1.7283,1.2071,-22.7493,-0.0543,0.0288,-0.0213,0.9979
2026-05-08T19:36:19.653,-1.7279,1.2071,-22.7494,-0.0528,0.0281,-0.0212,0.9980
2026-05-08T19:36:19.694,-1.7278,1.2074,-22.7495,-0.0548,0.0273,-0.0184,0.9980
2026-05-08T19:36:19.736,-1.7280,1.2075,-22.7494,-0.0547,0.0259,-0.0182,0.9980
2026-05-08T19:36:19.770,-1.7284,1.2076,-22.7491,-0.0544,0.0238,-0.0179,0.9981
2026-05-08T19:36:19.799,-1.7286,1.2077,-22.7490,-0.0546,0.0231,-0.0177,0.9981
2026-05-08T19:36:19.827,-1.7285,1.2075,-22.7491,-0.0541,0.0236,-0.0191,0.9981
2026-05-08T19:36:19.854,-1.7285,1.2074,-22.7492,-0.0542,0.0231,-0.0192,0.9981
2026-05-08T19:36:19.887,-1.7287,1.2075,-22.7492,-0.0544,0.0220,-0.0186,0.9981
2026-05-08T19:36:19.923,-1.7288,1.2075,-22.7494,-0.0543,0.0215,-0.0185,0.9981
2026-05-08T19:36:19.964,-1.7291,1.2076,-22.7495,-0.0545,0.0202,-0.0176,0.9982
2026-05-08T19:36:20.003,-1.7293,1.2079,-22.7497,-0.0556,0.0179,-0.0159,0.9982
2026-05-08T19:36:20.035,-1.7294,1.2078,-22.7498,-0.0545,0.0186,-0.0170,0.9982
2026-05-08T19:36:20.063,-1.7294,1.2078,-22.7500,-0.0542,0.0175,-0.0168,0.9982
2026-05-08T19:36:20.091,-1.7293,1.2077,-22.7503,-0.0531,0.0171,-0.0178,0.9983
2026-05-08T19:36:20.121,-1.7291,1.2075,-22.7505,-0.0522,0.0174,-0.0185,0.9983
2026-05-08T19:36:20.156,-1.7289,1.2074,-22.7507,-0.0516,0.0175,-0.0194,0.9983
2026-05-08T19:36:20.197,-1.7290,1.2073,-22.7510,-0.0512,0.0167,-0.0196,0.9984
2026-05-08T19:36:20.239,-1.7292,1.2069,-22.7513,-0.0492,0.0152,-0.0228,0.9984
2026-05-08T19:36:20.274,-1.7297,1.2068,-22.7518,-0.0407,0.0117,-0.0261,0.9988
2026-05-08T19:36:20.303,-1.7305,1.2065,-22.7538,-0.0309,0.0050,-0.0290,0.9991
2026-05-08T19:36:20.332,-1.7309,1.2071,-22.7547,-0.0223,0.0000,-0.0306,0.9993
2026-05-08T19:36:20.360,-1.7313,1.2065,-22.7570,-0.0145,-0.0048,-0.0308,0.9994
2026-05-08T19:36:20.392,-1.7316,1.2062,-22.7594,-0.0059,-0.0101,-0.0317,0.9994
2026-05-08T19:36:20.426,-1.7326,1.2050,-22.7634,0.0055,-0.0162,-0.0328,0.9993
2026-05-08T19:36:20.467,-1.7340,1.2070,-22.7660,0.0127,-0.0216,-0.0273,0.9993
2026-05-08T19:36:20.509,-1.7323,1.2073,-22.7694,0.0254,-0.0309,-0.0251,0.9989
2026-05-08T19:36:20.546,-1.7321,1.2083,-22.7715,0.0266,-0.0327,-0.0209,0.9989
2026-05-08T19:36:20.576,-1.7319,1.2079,-22.7727,0.0282,-0.0355,-0.0194,0.9988
2026-05-08T19:36:20.606,-1.7311,1.2078,-22.7736,0.0280,-0.0340,-0.0181,0.9989
2026-05-08T19:36:20.634,-1.7307,1.2082,-22.7743,0.0333,-0.0342,-0.0187,0.9987
2026-05-08T19:36:20.665,-1.7304,1.2091,-22.7749,0.0396,-0.0355,-0.0202,0.9984
2026-05-08T19:36:20.700,-1.7297,1.2094,-22.7756,0.0378,-0.0356,-0.0182,0.9985
2026-05-08T19:36:20.738,-1.7302,1.2103,-22.7768,0.0370,-0.0377,-0.0163,0.9985
2026-05-08T19:36:20.777,-1.7313,1.2109,-22.7777,0.0366,-0.0423,-0.0129,0.9984
2026-05-08T19:36:20.813,-1.7319,1.2118,-22.7780,0.0373,-0.0495,-0.0096,0.9980
2026-05-08T19:36:20.845,-1.7321,1.2116,-22.7784,0.0352,-0.0515,-0.0091,0.9980
2026-05-08T19:36:20.876,-1.7324,1.2117,-22.7788,0.0354,-0.0537,-0.0095,0.9979
2026-05-08T19:36:20.904,-1.7327,1.2118,-22.7788,0.0378,-0.0569,-0.0092,0.9976
2026-05-08T19:36:20.931,-1.7324,1.2120,-22.7790,0.0355,-0.0578,-0.0072,0.9977
2026-05-08T19:36:20.956,-1.7324,1.2121,-22.7794,0.0343,-0.0582,-0.0071,0.9977
2026-05-08T19:36:20.981,-1.7325,1.2121,-22.7797,0.0342,-0.0587,-0.0074,0.9977
2026-05-08T19:36:21.006,-1.7325,1.2122,-22.7800,0.0340,-0.0597,-0.0063,0.9976
2026-05-08T19:36:21.033,-1.7325,1.2123,-22.7802,0.0324,-0.0603,-0.0059,0.9976
2026-05-08T19:36:21.063,-1.7324,1.2123,-22.7804,0.0313,-0.0602,-0.0044,0.9977
2026-05-08T19:36:21.094,-1.7323,1.2121,-22.7809,0.0320,-0.0595,-0.0046,0.9977
2026-05-08T19:36:21.125,-1.7321,1.2120,-22.7812,0.0308,-0.0594,-0.0042,0.9978
2026-05-08T19:36:21.152,-1.7387,1.2118,-22.7250,0.0318,-0.0580,-0.0050,0.9978
2026-05-08T19:36:21.178,-1.7532,1.2116,-22.5987,0.0315,-0.0528,-0.0052,0.9981
2026-05-08T19:36:21.204,-1.7667,1.2116,-22.4674,0.0310,-0.0464,-0.0047,0.9984
2026-05-08T19:36:21.229,-1.7782,1.2114,-22.3433,0.0313,-0.0398,-0.0062,0.9987
2026-05-08T19:36:21.257,-1.7887,1.2114,-22.2132,0.0302,-0.0357,-0.0059,0.9989
2026-05-08T19:36:21.286,-1.7976,1.2112,-22.0907,0.0289,-0.0308,-0.0060,0.9991
2026-05-08T19:36:21.315,-1.8060,1.2109,-21.9587,0.0292,-0.0257,-0.0070,0.9992
2026-05-08T19:36:21.344,-1.8137,1.2109,-21.8161,0.0292,-0.0207,-0.0075,0.9993
2026-05-08T19:36:21.372,-1.8199,1.2106,-21.6755,0.0278,-0.0162,-0.0085,0.9994
2026-05-08T19:36:21.400,-1.8246,1.2104,-21.5421,0.0288,-0.0113,-0.0098,0.9995
2026-05-08T19:36:21.429,-1.8283,1.2105,-21.3953,0.0286,-0.0063,-0.0100,0.9995
2026-05-08T19:36:21.462,-1.8304,1.2105,-21.2633,0.0292,-0.0022,-0.0104,0.9995
2026-05-08T19:36:21.494,-1.8317,1.2108,-21.1102,0.0295,-0.0026,-0.0099,0.9995
2026-05-08T19:36:21.528,-1.8322,1.2109,-21.0764,0.0270,-0.0029,-0.0089,0.9996
2026-05-08T19:36:21.557,-1.8324,1.2111,-21.0763,0.0281,-0.0028,-0.0083,0.9996
2026-05-08T19:36:21.585,-1.8326,1.2111,-21.0762,0.0283,-0.0025,-0.0084,0.9996
2026-05-08T19:36:21.611,-1.8329,1.2112,-21.0763,0.0276,-0.0025,-0.0080,0.9996
2026-05-08T19:36:21.636,-1.8329,1.2111,-21.1194,0.0273,-0.0017,-0.0081,0.9996
2026-05-08T19:36:21.660,-1.8329,1.2113,-21.1807,0.0286,-0.0011,-0.0080,0.9996
2026-05-08T19:36:21.686,-1.8328,1.2113,-21.2962,0.0264,-0.0078,-0.0064,0.9996
2026-05-08T19:36:21.712,-1.8313,1.2113,-21.4075,0.0257,-0.0133,-0.0058,0.9996
2026-05-08T19:36:21.742,-1.8282,1.2113,-21.5243,0.0256,-0.0200,-0.0048,0.9995
2026-05-08T19:36:21.773,-1.8230,1.2114,-21.6474,0.0255,-0.0256,-0.0046,0.9993
2026-05-08T19:36:21.802,-1.8156,1.2113,-21.7884,0.0264,-0.0343,-0.0051,0.9990
2026-05-08T19:36:21.828,-1.8067,1.2112,-21.9189,0.0261,-0.0476,-0.0046,0.9985
2026-05-08T19:36:21.855,-1.7961,1.2113,-22.0306,0.0271,-0.0643,-0.0040,0.9976
2026-05-08T19:36:21.880,-1.7843,1.2114,-22.1208,0.0264,-0.0790,-0.0031,0.9965
2026-05-08T19:36:21.907,-1.7719,1.2114,-22.1978,0.0272,-0.0961,-0.0025,0.9950
2026-05-08T19:36:21.934,-1.7592,1.2114,-22.2636,0.0272,-0.1122,-0.0020,0.9933
2026-05-08T19:36:21.963,-1.7456,1.2114,-22.3226,0.0271,-0.1313,-0.0013,0.9910
2026-05-08T19:36:21.994,-1.7298,1.2113,-22.3807,0.0277,-0.1501,-0.0010,0.9883
2026-05-08T19:36:22.023,-1.7110,1.2112,-22.4408,0.0276,-0.1710,-0.0005,0.9849
2026-05-08T19:36:22.049,-1.6905,1.2112,-22.4979,0.0276,-0.1930,0.0000,0.9808
2026-05-08T19:36:22.077,-1.6708,1.2111,-22.5460,0.0273,-0.2141,0.0008,0.9764
2026-05-08T19:36:22.104,-1.6530,1.2111,-22.5846,0.0274,-0.2337,0.0010,0.9719
2026-05-08T19:36:22.132,-1.6340,1.2110,-22.6219,0.0274,-0.2544,0.0013,0.9667
2026-05-08T19:36:22.162,-1.6161,1.2110,-22.6537,0.0274,-0.2746,0.0017,0.9612
2026-05-08T19:36:22.190,-1.6094,1.2112,-22.6643,0.0263,-0.2979,0.0037,0.9542
2026-05-08T19:36:22.217,-1.6365,1.2111,-22.6251,0.0263,-0.3183,0.0039,0.9476
2026-05-08T19:36:22.244,-1.6869,1.2108,-22.5585,0.0274,-0.3353,0.0029,0.9417
2026-05-08T19:36:22.270,-1.7458,1.2109,-22.4862,0.0268,-0.3499,0.0041,0.9364
2026-05-08T19:36:22.297,-1.8198,1.2109,-22.4010,0.0260,-0.3619,0.0043,0.9318
2026-05-08T19:36:22.324,-1.8955,1.2108,-22.3182,0.0259,-0.3715,0.0045,0.9281
2026-05-08T19:36:22.351,-1.9765,1.2108,-22.2331,0.0257,-0.3812,0.0046,0.9241
2026-05-08T19:36:22.380,-2.0578,1.2107,-22.1513,0.0255,-0.3903,0.0045,0.9203
2026-05-08T19:36:22.408,-2.1430,1.2108,-22.0689,0.0249,-0.4003,0.0046,0.9160
2026-05-08T19:36:22.435,-2.2322,1.2108,-21.9863,0.0239,-0.4117,0.0050,0.9110
2026-05-08T19:36:22.460,-2.3201,1.2109,-21.9087,0.0249,-0.4238,0.0062,0.9054
2026-05-08T19:36:22.486,-2.4086,1.2108,-21.8350,0.0253,-0.4339,0.0052,0.9006
2026-05-08T19:36:22.512,-2.4900,1.2106,-21.7702,0.0266,-0.4443,0.0049,0.8955
2026-05-08T19:36:22.538,-2.5747,1.2106,-21.7059,0.0268,-0.4547,0.0054,0.8902
2026-05-08T19:36:22.562,-2.6631,1.2107,-21.6420,0.0264,-0.4649,0.0058,0.8850
2026-05-08T19:36:22.587,-2.7548,1.2106,-21.5787,0.0264,-0.4751,0.0059,0.8795
2026-05-08T19:36:22.612,-2.8398,1.2105,-21.5229,0.0270,-0.4845,0.0060,0.8744
2026-05-08T19:36:22.637,-2.9198,1.2105,-21.4729,0.0269,-0.4939,0.0060,0.8691
2026-05-08T19:36:22.664,-3.0052,1.2105,-21.4221,0.0274,-0.5044,0.0060,0.8630
2026-05-08T19:36:22.689,-3.0886,1.2104,-21.3752,0.0272,-0.5161,0.0063,0.8561
2026-05-08T19:36:22.714,-3.1720,1.2104,-21.3312,0.0274,-0.5287,0.0071,0.8483
2026-05-08T19:36:22.738,-3.2410,1.2105,-21.2972,0.0250,-0.5416,0.0076,0.8402
2026-05-08T19:36:22.762,-3.3069,1.2104,-21.2673,0.0262,-0.5550,0.0078,0.8314
2026-05-08T19:36:22.783,-3.3410,1.2103,-21.2415,0.0268,-0.5678,0.0078,0.8227
2026-05-08T19:36:22.805,-3.3409,1.2103,-21.2194,0.0268,-0.5810,0.0085,0.8134
2026-05-08T19:36:22.826,-3.3409,1.2104,-21.2027,0.0262,-0.5931,0.0090,0.8046
2026-05-08T19:36:22.846,-3.3407,1.2103,-21.1867,0.0259,-0.6055,0.0095,0.7954
2026-05-08T19:36:22.868,-3.3407,1.2102,-21.1746,0.0261,-0.6164,0.0098,0.7870
2026-05-08T19:36:22.888,-3.3406,1.2101,-21.1635,0.0264,-0.6276,0.0099,0.7780
2026-05-08T19:36:22.910,-3.3406,1.2101,-21.1533,0.0268,-0.6394,0.0104,0.7684
2026-05-08T19:36:22.931,-3.3406,1.2102,-21.1449,0.0264,-0.6506,0.0108,0.7589
2026-05-08T19:36:22.949,-3.3406,1.2102,-21.1374,0.0258,-0.6625,0.0112,0.7486
2026-05-08T19:36:22.968,-3.3406,1.2102,-21.1317,0.0255,-0.6735,0.0116,0.7387
2026-05-08T19:36:22.987,-3.3406,1.2102,-21.1280,0.0254,-0.6828,0.0120,0.7301
2026-05-08T19:36:23.006,-3.3407,1.2103,-21.1251,0.0246,-0.6930,0.0125,0.7204
2026-05-08T19:36:23.028,-3.3409,1.2103,-21.1224,0.0247,-0.7023,0.0129,0.7114
2026-05-08T19:36:23.051,-3.3409,1.2102,-21.1224,0.0251,-0.7110,0.0132,0.7027
2026-05-08T19:36:23.073,-3.3410,1.2103,-21.1224,0.0252,-0.7196,0.0136,0.6938
2026-05-08T19:36:23.094,-3.3410,1.2103,-21.1256,0.0252,-0.7281,0.0138,0.6849
2026-05-08T19:36:23.116,-3.3410,1.2102,-21.1311,0.0250,-0.7347,0.0141,0.6778
2026-05-08T19:36:23.137,-3.3410,1.2102,-21.1382,0.0250,-0.7406,0.0142,0.6713
2026-05-08T19:36:23.157,-3.3411,1.2102,-21.1475,0.0247,-0.7463,0.0144,0.6650
2026-05-08T19:36:23.177,-3.3411,1.2102,-21.1582,0.0245,-0.7515,0.0146,0.6591
2026-05-08T19:36:23.197,-3.3411,1.2103,-21.1695,0.0242,-0.7566,0.0147,0.6533
2026-05-08T19:36:23.217,-3.3412,1.2103,-21.1825,0.0240,-0.7616,0.0147,0.6474
2026-05-08T19:36:23.237,-3.3412,1.2102,-21.1971,0.0242,-0.7665,0.0146,0.6416
2026-05-08T19:36:23.255,-3.3411,1.2101,-21.2134,0.0247,-0.7714,0.0145,0.6357
2026-05-08T19:36:23.276,-3.3411,1.2100,-21.2292,0.0247,-0.7756,0.0146,0.6305
2026-05-08T19:36:23.297,-3.3428,1.2102,-21.2503,0.0246,-0.7796,0.0153,0.6256
2026-05-08T19:36:23.319,-3.3481,1.2103,-21.2813,0.0220,-0.7840,0.0149,0.6202
2026-05-08T19:36:23.339,-3.3605,1.2102,-21.3232,0.0237,-0.7871,0.0156,0.6161
2026-05-08T19:36:23.358,-3.3858,1.2102,-21.3754,0.0245,-0.7902,0.0154,0.6122
2026-05-08T19:36:23.379,-3.4322,1.2101,-21.4338,0.0238,-0.7935,0.0154,0.6079
2026-05-08T19:36:23.399,-3.5045,1.2101,-21.4839,0.0236,-0.7935,0.0153,0.6079
2026-05-08T19:36:23.417,-3.5979,1.2101,-21.5091,0.0234,-0.7935,0.0152,0.6079
2026-05-08T19:36:23.436,-3.7035,1.2101,-21.5375,0.0236,-0.7935,0.0150,0.6080
2026-05-08T19:36:23.453,-3.7858,1.2100,-21.5596,0.0242,-0.7933,0.0149,0.6082
2026-05-08T19:36:23.474,-3.8786,1.2100,-21.5845,0.0247,-0.7931,0.0147,0.6084
2026-05-08T19:36:23.493,-3.9609,1.2099,-21.6066,0.0245,-0.7932,0.0148,0.6083
2026-05-08T19:36:23.512,-4.0594,1.2099,-21.6330,0.0243,-0.7932,0.0146,0.6083
2026-05-08T19:36:23.530,-4.1541,1.2099,-21.6583,0.0242,-0.7930,0.0146,0.6085
2026-05-08T19:36:23.548,-4.2439,1.2099,-21.6824,0.0241,-0.7929,0.0144,0.6087
2026-05-08T19:36:23.565,-4.3306,1.2099,-21.7055,0.0239,-0.7929,0.0142,0.6088
2026-05-08T19:36:23.582,-4.4142,1.2099,-21.7278,0.0238,-0.7929,0.0141,0.6087
2026-05-08T19:36:23.600,-4.5035,1.2099,-21.7516,0.0241,-0.7929,0.0143,0.6087
2026-05-08T19:36:23.617,-4.5807,1.2099,-21.7722,0.0240,-0.7930,0.0143,0.6086
2026-05-08T19:36:23.638,-4.6647,1.2099,-21.7946,0.0238,-0.7930,0.0142,0.6086
2026-05-08T19:36:23.657,-4.7482,1.2099,-21.8168,0.0235,-0.7930,0.0141,0.6086
2026-05-08T19:36:23.677,-4.8471,1.2100,-21.8432,0.0237,-0.7930,0.0144,0.6086
2026-05-08T19:36:23.695,-4.9414,1.2099,-21.8683,0.0246,-0.7927,0.0141,0.6090
2026-05-08T19:36:23.713,-5.0366,1.2099,-21.8936,0.0256,-0.7923,0.0146,0.6094
2026-05-08T19:36:23.730,-5.1210,1.2098,-21.9159,0.0261,-0.7923,0.0146,0.6094
2026-05-08T19:36:23.747,-5.2045,1.2097,-21.9379,0.0265,-0.7922,0.0143,0.6095
2026-05-08T19:36:23.763,-5.2946,1.2097,-21.9618,0.0268,-0.7921,0.0144,0.6096
2026-05-08T19:36:23.780,-5.3681,1.2096,-21.9811,0.0271,-0.7921,0.0143,0.6097
2026-05-08T19:36:23.798,-5.4465,1.2096,-22.0018,0.0273,-0.7920,0.0143,0.6098
2026-05-08T19:36:23.817,-5.5258,1.2095,-22.0226,0.0276,-0.7917,0.0141,0.6101
2026-05-08T19:36:23.835,-5.6163,1.2094,-22.0462,0.0286,-0.7894,0.0142,0.6131
2026-05-08T19:36:23.852,-5.7019,1.2094,-22.0679,0.0292,-0.7870,0.0141,0.6161
2026-05-08T19:36:23.870,-5.7894,1.2093,-22.0894,0.0293,-0.7848,0.0142,0.6189
2026-05-08T19:36:23.886,-5.8693,1.2093,-22.1082,0.0299,-0.7825,0.0141,0.6218
2026-05-08T19:36:23.901,-5.9528,1.2092,-22.1276,0.0302,-0.7804,0.0140,0.6244
2026-05-08T19:36:23.917,-6.0260,1.2092,-22.1442,0.0306,-0.7780,0.0140,0.6273
2026-05-08T19:36:23.933,-6.1007,1.2091,-22.1604,0.0309,-0.7756,0.0139,0.6303
2026-05-08T19:36:23.951,-6.1719,1.2091,-22.1752,0.0310,-0.7733,0.0137,0.6331
2026-05-08T19:36:23.969,-6.2457,1.2091,-22.1900,0.0312,-0.7706,0.0135,0.6364
2026-05-08T19:36:23.986,-6.3262,1.2090,-22.2053,0.0313,-0.7673,0.0134,0.6404
2026-05-08T19:36:24.002,-6.4101,1.2090,-22.2205,0.0317,-0.7632,0.0132,0.6453
2026-05-08T19:36:24.017,-6.4818,1.2089,-22.2329,0.0320,-0.7589,0.0129,0.6503
2026-05-08T19:36:24.033,-6.5508,1.2089,-22.2436,0.0321,-0.7547,0.0128,0.6551
2026-05-08T19:36:24.048,-6.6125,1.2089,-22.2523,0.0324,-0.7504,0.0124,0.6601
2026-05-08T19:36:24.062,-6.6768,1.2088,-22.2606,0.0329,-0.7458,0.0122,0.6653
2026-05-08T19:36:24.077,-6.7351,1.2088,-22.2677,0.0335,-0.7413,0.0120,0.6703
2026-05-08T19:36:24.092,-6.7956,1.2088,-22.2738,0.0334,-0.7365,0.0118,0.6755
2026-05-08T19:36:24.107,-6.8535,1.2087,-22.2788,0.0336,-0.7319,0.0116,0.6805
2026-05-08T19:36:24.120,-6.9109,1.2087,-22.2830,0.0337,-0.7271,0.0114,0.6856
2026-05-08T19:36:24.135,-6.9764,1.2087,-22.2873,0.0339,-0.7216,0.0112,0.6914
2026-05-08T19:36:24.149,-7.0210,1.2087,-22.2892,0.0342,-0.7176,0.0112,0.6955
2026-05-08T19:36:24.164,-7.0818,1.2087,-22.2911,0.0342,-0.7119,0.0108,0.7014
2026-05-08T19:36:24.179,-7.1316,1.2087,-22.2919,0.0343,-0.7067,0.0106,0.7066
2026-05-08T19:36:24.194,-7.1832,1.2087,-22.2924,0.0344,-0.7001,0.0103,0.7132
2026-05-08T19:36:24.208,-7.2284,1.2087,-22.2916,0.0345,-0.6940,0.0101,0.7191
2026-05-08T19:36:24.222,-7.2744,1.2088,-22.2901,0.0346,-0.6873,0.0099,0.7254
2026-05-08T19:36:24.238,-7.3183,1.2088,-22.2883,0.0346,-0.6807,0.0097,0.7317
2026-05-08T19:36:24.252,-7.3589,1.2088,-22.2854,0.0346,-0.6742,0.0094,0.7377
2026-05-08T19:36:24.267,-7.4043,1.2088,-22.2814,0.0347,-0.6666,0.0092,0.7445
2026-05-08T19:36:24.280,-7.4452,1.2088,-22.2770,0.0348,-0.6598,0.0089,0.7506
2026-05-08T19:36:24.295,-7.4880,1.2088,-22.2722,0.0349,-0.6525,0.0087,0.7569
2026-05-08T19:36:24.315,-7.5258,1.2088,-22.2667,0.0349,-0.6460,0.0084,0.7625
2026-05-08T19:36:24.329,-7.5654,1.2088,-22.2603,0.0347,-0.6392,0.0081,0.7682
2026-05-08T19:36:24.343,-7.6236,1.2089,-22.2497,0.0345,-0.6289,0.0077,0.7767
2026-05-08T19:36:24.357,-7.6676,1.2089,-22.2405,0.0344,-0.6212,0.0074,0.7829
2026-05-08T19:36:24.372,-7.7007,1.2089,-22.2335,0.0344,-0.6152,0.0072,0.7876
2026-05-08T19:36:24.386,-7.7490,1.2090,-22.2216,0.0343,-0.6065,0.0070,0.7943
2026-05-08T19:36:24.400,-7.7846,1.2090,-22.2121,0.0342,-0.6001,0.0066,0.7992
2026-05-08T19:36:24.414,-7.8224,1.2090,-22.2019,0.0342,-0.5930,0.0061,0.8044
2026-05-08T19:36:24.430,-7.8594,1.2090,-22.1906,0.0345,-0.5858,0.0058,0.8097
2026-05-08T19:36:24.443,-7.8982,1.2090,-22.1780,0.0345,-0.5784,0.0056,0.8150
2026-05-08T19:36:24.456,-7.9451,1.2091,-22.1618,0.0346,-0.5694,0.0053,0.8213
2026-05-08T19:36:24.470,-7.9755,1.2091,-22.1514,0.0345,-0.5634,0.0050,0.8255
2026-05-08T19:36:24.496,-8.0127,1.2091,-22.1370,0.0347,-0.5561,0.0048,0.8304
2026-05-08T19:36:24.510,-8.0485,1.2092,-22.1223,0.0345,-0.5492,0.0049,0.8349
2026-05-08T19:36:24.523,-8.1191,1.2093,-22.0920,0.0344,-0.5346,0.0045,0.8444
2026-05-08T19:36:24.536,-8.1517,1.2093,-22.0767,0.0343,-0.5276,0.0042,0.8488
2026-05-08T19:36:24.550,-8.1874,1.2093,-22.0599,0.0345,-0.5201,0.0040,0.8534
2026-05-08T19:36:24.566,-8.2199,1.2093,-22.0433,0.0344,-0.5131,0.0036,0.8576
2026-05-08T19:36:24.579,-8.2555,1.2093,-22.0244,0.0345,-0.5052,0.0035,0.8623
2026-05-08T19:36:24.593,-8.2936,1.2093,-22.0039,0.0344,-0.4967,0.0032,0.8672
2026-05-08T19:36:24.607,-8.3261,1.2094,-21.9850,0.0344,-0.4894,0.0029,0.8714
2026-05-08T19:36:24.620,-8.3618,1.2094,-21.9633,0.0343,-0.4812,0.0027,0.8760
2026-05-08T19:36:24.635,-8.3945,1.2094,-21.9433,0.0343,-0.4735,0.0024,0.8801
2026-05-08T19:36:24.649,-8.4264,1.2094,-21.9224,0.0344,-0.4660,0.0021,0.8841
2026-05-08T19:36:24.663,-8.4649,1.2094,-21.8961,0.0345,-0.4567,0.0017,0.8890
2026-05-08T19:36:24.676,-8.4941,1.2094,-21.8753,0.0344,-0.4495,0.0015,0.8926
2026-05-08T19:36:24.690,-8.5291,1.2095,-21.8502,0.0344,-0.4408,0.0013,0.8969
2026-05-08T19:36:24.704,-8.5570,1.2095,-21.8289,0.0341,-0.4337,0.0010,0.9004
2026-05-08T19:36:24.717,-8.5887,1.2095,-21.8038,0.0338,-0.4256,0.0008,0.9043
2026-05-08T19:36:24.732,-8.6196,1.2095,-21.7791,0.0337,-0.4176,0.0006,0.9080
2026-05-08T19:36:24.747,-8.6484,1.2095,-21.7545,0.0336,-0.4097,0.0003,0.9116
2026-05-08T19:36:24.760,-8.6828,1.2095,-21.7240,0.0337,-0.4002,-0.0001,0.9158
2026-05-08T19:36:24.774,-8.7106,1.2095,-21.6991,0.0338,-0.3924,-0.0004,0.9192
2026-05-08T19:36:24.788,-8.7396,1.2095,-21.6714,0.0338,-0.3841,-0.0006,0.9227
2026-05-08T19:36:24.801,-8.7665,1.2095,-21.6448,0.0337,-0.3762,-0.0009,0.9259
2026-05-08T19:36:24.815,-8.7946,1.2096,-21.6168,0.0337,-0.3679,-0.0012,0.9293
2026-05-08T19:36:24.830,-8.8203,1.2096,-21.5895,0.0336,-0.3600,-0.0015,0.9324
2026-05-08T19:36:24.843,-8.8474,1.2096,-21.5597,0.0334,-0.3516,-0.0017,0.9356
2026-05-08T19:36:24.857,-8.8760,1.2096,-21.5272,0.0334,-0.3424,-0.0020,0.9390
2026-05-08T19:36:24.870,-8.9018,1.2096,-21.4976,0.0334,-0.3341,-0.0022,0.9420
2026-05-08T19:36:24.883,-8.9263,1.2097,-21.4675,0.0334,-0.3258,-0.0025,0.9449
2026-05-08T19:36:24.898,-8.9498,1.2097,-21.4375,0.0333,-0.3178,-0.0028,0.9476
2026-05-08T19:36:24.912,-8.9730,1.2097,-21.4077,0.0332,-0.3097,-0.0030,0.9502
2026-05-08T19:36:24.926,-8.9970,1.2097,-21.3748,0.0326,-0.3013,-0.0031,0.9530
2026-05-08T19:36:24.939,-9.0202,1.2097,-21.3418,0.0325,-0.2927,-0.0034,0.9556
2026-05-08T19:36:24.953,-9.0435,1.2097,-21.3083,0.0323,-0.2839,-0.0039,0.9583
2026-05-08T19:36:24.967,-9.0647,1.2097,-21.2758,0.0324,-0.2757,-0.0041,0.9607
2026-05-08T19:36:24.982,-9.0861,1.2097,-21.2416,0.0324,-0.2673,-0.0045,0.9631
2026-05-08T19:36:24.995,-9.1084,1.2097,-21.2046,0.0324,-0.2585,-0.0049,0.9655
2026-05-08T19:36:25.010,-9.1295,1.2097,-21.1692,0.0325,-0.2502,-0.0054,0.9676
2026-05-08T19:36:25.024,-9.1503,1.2097,-21.1315,0.0327,-0.2417,-0.0059,0.9698
2026-05-08T19:36:25.038,-9.1709,1.2096,-21.0927,0.0327,-0.2333,-0.0063,0.9718
2026-05-08T19:36:25.053,-9.1912,1.2096,-21.0541,0.0327,-0.2250,-0.0066,0.9738
2026-05-08T19:36:25.068,-9.2122,1.2096,-21.0109,0.0327,-0.2159,-0.0071,0.9758
2026-05-08T19:36:25.084,-9.2315,1.2096,-20.9693,0.0327,-0.2075,-0.0074,0.9777
2026-05-08T19:36:25.100,-9.2525,1.2096,-20.9220,0.0330,-0.1982,-0.0081,0.9796
2026-05-08T19:36:25.118,-9.2721,1.2095,-20.8773,0.0329,-0.1898,-0.0084,0.9812
2026-05-08T19:36:25.134,-9.2941,1.2095,-20.8225,0.0329,-0.1799,-0.0086,0.9831
2026-05-08T19:36:25.148,-9.3154,1.2095,-20.7663,0.0328,-0.1704,-0.0089,0.9848
2026-05-08T19:36:25.163,-9.3348,1.2095,-20.7119,0.0326,-0.1616,-0.0093,0.9863
2026-05-08T19:36:25.176,-9.3510,1.2094,-20.6635,0.0325,-0.1543,-0.0096,0.9874
2026-05-08T19:36:25.192,-9.3685,1.2094,-20.6105,0.0325,-0.1464,-0.0098,0.9886
2026-05-08T19:36:25.207,-9.3829,1.2094,-20.5625,0.0324,-0.1396,-0.0102,0.9896
2026-05-08T19:36:25.224,-9.3999,1.2094,-20.5034,0.0323,-0.1322,-0.0106,0.9906
2026-05-08T19:36:25.241,-9.4169,1.2093,-20.4432,0.0323,-0.1250,-0.0110,0.9916
2026-05-08T19:36:25.258,-9.4335,1.2092,-20.3786,0.0324,-0.1178,-0.0113,0.9924
2026-05-08T19:36:25.275,-9.4508,1.2092,-20.3067,0.0323,-0.1104,-0.0116,0.9933
2026-05-08T19:36:25.291,-9.4667,1.2092,-20.2362,0.0323,-0.1042,-0.0120,0.9940
2026-05-08T19:36:25.305,-9.4831,1.2092,-20.1590,0.0323,-0.0983,-0.0122,0.9946
2026-05-08T19:36:25.320,-9.4972,1.2091,-20.0885,0.0322,-0.0935,-0.0124,0.9950
2026-05-08T19:36:25.337,-9.5098,1.2091,-20.0238,0.0321,-0.0894,-0.0125,0.9954
2026-05-08T19:36:25.355,-9.5218,1.2091,-19.9578,0.0321,-0.0854,-0.0127,0.9957
2026-05-08T19:36:25.372,-9.5374,1.2091,-19.8679,0.0320,-0.0803,-0.0129,0.9962
2026-05-08T19:36:25.388,-9.5496,1.2091,-19.7936,0.0321,-0.0760,-0.0129,0.9965
2026-05-08T19:36:25.403,-9.5622,1.2091,-19.7119,0.0320,-0.0713,-0.0133,0.9969
2026-05-08T19:36:25.419,-9.5726,1.2091,-19.6422,0.0320,-0.0673,-0.0135,0.9971
2026-05-08T19:36:25.438,-9.5825,1.2090,-19.5697,0.0320,-0.0632,-0.0137,0.9974
2026-05-08T19:36:25.455,-9.5922,1.2090,-19.4950,0.0319,-0.0588,-0.0139,0.9977
2026-05-08T19:36:25.472,-9.6028,1.2090,-19.4059,0.0318,-0.0538,-0.0141,0.9979
2026-05-08T19:36:25.486,-9.6111,1.2090,-19.3305,0.0317,-0.0495,-0.0141,0.9982
2026-05-08T19:36:25.500,-9.6194,1.2090,-19.2478,0.0316,-0.0448,-0.0142,0.9984
2026-05-08T19:36:25.516,-9.6256,1.2089,-19.1845,0.0315,-0.0411,-0.0143,0.9986
2026-05-08T19:36:25.534,-9.6314,1.2089,-19.1149,0.0314,-0.0371,-0.0145,0.9987
2026-05-08T19:36:25.551,-9.6368,1.2089,-19.0443,0.0314,-0.0332,-0.0147,0.9989
2026-05-08T19:36:25.568,-9.6427,1.2089,-18.9564,0.0313,-0.0283,-0.0147,0.9990
2026-05-08T19:36:25.585,-9.6473,1.2090,-18.8775,0.0311,-0.0241,-0.0147,0.9991
2026-05-08T19:36:25.599,-9.6513,1.2090,-18.7964,0.0310,-0.0197,-0.0147,0.9992
2026-05-08T19:36:25.613,-9.6547,1.2090,-18.7186,0.0310,-0.0153,-0.0151,0.9993
2026-05-08T19:36:25.632,-9.6568,1.2090,-18.6537,0.0312,-0.0116,-0.0153,0.9993
2026-05-08T19:36:25.647,-9.6584,1.2090,-18.5866,0.0312,-0.0079,-0.0153,0.9994
2026-05-08T19:36:25.661,-9.6600,1.2091,-18.4940,0.0310,-0.0028,-0.0154,0.9994
2026-05-08T19:36:25.677,-9.6608,1.2091,-18.4273,0.0309,0.0009,-0.0154,0.9994
2026-05-08T19:36:25.691,-9.6607,1.2091,-18.3566,0.0309,0.0049,-0.0155,0.9994
2026-05-08T19:36:25.705,-9.6601,1.2091,-18.2867,0.0309,0.0088,-0.0156,0.9994
2026-05-08T19:36:25.718,-9.6590,1.2091,-18.2205,0.0309,0.0124,-0.0157,0.9993
2026-05-08T19:36:25.732,-9.6577,1.2091,-18.1535,0.0308,0.0161,-0.0157,0.9993
2026-05-08T19:36:25.746,-9.6558,1.2091,-18.0934,0.0307,0.0194,-0.0158,0.9992
2026-05-08T19:36:25.761,-9.6532,1.2092,-18.0249,0.0306,0.0232,-0.0159,0.9991
2026-05-08T19:36:25.776,-9.6505,1.2092,-17.9584,0.0305,0.0268,-0.0160,0.9990
2026-05-08T19:36:25.791,-9.6469,1.2092,-17.8894,0.0305,0.0307,-0.0160,0.9989
2026-05-08T19:36:25.807,-9.6427,1.2092,-17.8201,0.0303,0.0344,-0.0162,0.9988
2026-05-08T19:36:25.821,-9.6379,1.2092,-17.7493,0.0303,0.0382,-0.0164,0.9987
2026-05-08T19:36:25.839,-9.6326,1.2092,-17.6759,0.0302,0.0422,-0.0167,0.9985
2026-05-08T19:36:25.856,-9.6268,1.2091,-17.6064,0.0302,0.0460,-0.0169,0.9983
2026-05-08T19:36:25.874,-9.6188,1.2091,-17.5184,0.0301,0.0509,-0.0172,0.9981
2026-05-08T19:36:25.890,-9.6112,1.2092,-17.4428,0.0300,0.0551,-0.0172,0.9979
2026-05-08T19:36:25.906,-9.6018,1.2092,-17.3573,0.0297,0.0599,-0.0171,0.9976
2026-05-08T19:36:25.923,-9.5931,1.2093,-17.2846,0.0297,0.0638,-0.0170,0.9974
2026-05-08T19:36:25.941,-9.5840,1.2093,-17.2104,0.0295,0.0680,-0.0170,0.9971
2026-05-08T19:36:25.959,-9.5728,1.2093,-17.1281,0.0295,0.0725,-0.0170,0.9968
2026-05-08T19:36:25.975,-9.5609,1.2093,-17.0471,0.0295,0.0773,-0.0172,0.9964
2026-05-08T19:36:25.992,-9.5478,1.2094,-16.9624,0.0295,0.0827,-0.0172,0.9960
2026-05-08T19:36:26.009,-9.5354,1.2094,-16.8883,0.0295,0.0881,-0.0173,0.9955
2026-05-08T19:36:26.026,-9.5228,1.2094,-16.8169,0.0294,0.0941,-0.0176,0.9950
2026-05-08T19:36:26.043,-9.5092,1.2095,-16.7450,0.0292,0.1005,-0.0176,0.9943
2026-05-08T19:36:26.060,-9.4957,1.2095,-16.6760,0.0291,0.1083,-0.0178,0.9935
2026-05-08T19:36:26.077,-9.4813,1.2095,-16.6105,0.0289,0.1161,-0.0180,0.9927
2026-05-08T19:36:26.093,-9.4659,1.2095,-16.5449,0.0287,0.1244,-0.0182,0.9917
2026-05-08T19:36:26.111,-9.4501,1.2095,-16.4825,0.0284,0.1325,-0.0183,0.9906
2026-05-08T19:36:26.130,-9.4337,1.2094,-16.4221,0.0282,0.1407,-0.0184,0.9895
2026-05-08T19:36:26.148,-9.4146,1.2094,-16.3559,0.0279,0.1495,-0.0185,0.9882
2026-05-08T19:36:26.165,-9.3934,1.2095,-16.2870,0.0278,0.1590,-0.0187,0.9867
2026-05-08T19:36:26.183,-9.3734,1.2095,-16.2242,0.0277,0.1677,-0.0190,0.9853
2026-05-08T19:36:26.201,-9.3515,1.2096,-16.1615,0.0275,0.1764,-0.0190,0.9838
2026-05-08T19:36:26.220,-9.3286,1.2096,-16.0996,0.0272,0.1851,-0.0193,0.9821
2026-05-08T19:36:26.237,-9.3040,1.2096,-16.0364,0.0273,0.1942,-0.0198,0.9804
2026-05-08T19:36:26.254,-9.2771,1.2095,-15.9711,0.0273,0.2039,-0.0202,0.9784
2026-05-08T19:36:26.272,-9.2507,1.2095,-15.9103,0.0271,0.2128,-0.0204,0.9765
2026-05-08T19:36:26.290,-9.2230,1.2096,-15.8497,0.0269,0.2217,-0.0204,0.9745
2026-05-08T19:36:26.309,-9.1936,1.2096,-15.7883,0.0268,0.2309,-0.0204,0.9724
2026-05-08T19:36:26.327,-9.1642,1.2096,-15.7299,0.0267,0.2399,-0.0207,0.9702
2026-05-08T19:36:26.344,-9.1328,1.2096,-15.6701,0.0267,0.2498,-0.0210,0.9677
2026-05-08T19:36:26.361,-9.0998,1.2096,-15.6102,0.0264,0.2602,-0.0213,0.9649
2026-05-08T19:36:26.378,-9.0767,1.2095,-15.5691,0.0261,0.2689,-0.0215,0.9626
2026-05-08T19:36:26.395,-9.0489,1.2095,-15.5231,0.0258,0.2797,-0.0215,0.9595
2026-05-08T19:36:26.415,-9.0259,1.2095,-15.4869,0.0256,0.2905,-0.0218,0.9563
2026-05-08T19:36:26.435,-9.0014,1.2095,-15.4501,0.0253,0.3026,-0.0221,0.9525
2026-05-08T19:36:26.456,-8.9816,1.2095,-15.4221,0.0248,0.3150,-0.0225,0.9485
2026-05-08T19:36:26.476,-8.9580,1.2094,-15.3903,0.0245,0.3303,-0.0232,0.9433
2026-05-08T19:36:26.495,-8.9405,1.2094,-15.3682,0.0242,0.3436,-0.0234,0.9385
2026-05-08T19:36:26.512,-8.9207,1.2094,-15.3447,0.0239,0.3580,-0.0237,0.9331
2026-05-08T19:36:26.529,-8.9026,1.2095,-15.3245,0.0235,0.3711,-0.0239,0.9280
2026-05-08T19:36:26.545,-8.8861,1.2095,-15.3071,0.0232,0.3829,-0.0241,0.9232
2026-05-08T19:36:26.565,-8.8683,1.2095,-15.2894,0.0228,0.3953,-0.0243,0.9179
2026-05-08T19:36:26.585,-8.8531,1.2095,-15.2737,0.0225,0.4063,-0.0246,0.9131
2026-05-08T19:36:26.606,-8.8318,1.2095,-15.2545,0.0222,0.4201,-0.0250,0.9068
2026-05-08T19:36:26.624,-8.8110,1.2094,-15.2368,0.0218,0.4333,-0.0254,0.9006
2026-05-08T19:36:26.643,-8.7873,1.2094,-15.2179,0.0214,0.4480,-0.0259,0.8934
2026-05-08T19:36:26.662,-8.7670,1.2094,-15.2028,0.0210,0.4601,-0.0264,0.8873
2026-05-08T19:36:26.679,-8.7448,1.2094,-15.1872,0.0203,0.4731,-0.0269,0.8804
2026-05-08T19:36:26.697,-8.7222,1.2094,-15.1722,0.0206,0.4857,-0.0275,0.8734
2026-05-08T19:36:26.714,-8.7019,1.2094,-15.1595,0.0196,0.4967,-0.0273,0.8673
2026-05-08T19:36:26.733,-8.6788,1.2094,-15.1459,0.0193,0.5083,-0.0277,0.8605
2026-05-08T19:36:26.749,-8.6555,1.2093,-15.1331,0.0190,0.5195,-0.0280,0.8538
2026-05-08T19:36:26.766,-8.6279,1.2093,-15.1188,0.0186,0.5308,-0.0283,0.8468
2026-05-08T19:36:26.781,-8.6011,1.2093,-15.1058,0.0181,0.5407,-0.0284,0.8405
2026-05-08T19:36:26.800,-8.5729,1.2093,-15.0920,0.0178,0.5506,-0.0285,0.8341
2026-05-08T19:36:26.818,-8.5438,1.2093,-15.0796,0.0176,0.5596,-0.0288,0.8281
2026-05-08T19:36:26.836,-8.5041,1.2094,-15.0636,0.0172,0.5708,-0.0290,0.8204
2026-05-08T19:36:26.852,-8.4656,1.2094,-15.0493,0.0168,0.5805,-0.0292,0.8136
2026-05-08T19:36:26.867,-8.4215,1.2093,-15.0340,0.0164,0.5913,-0.0297,0.8058
2026-05-08T19:36:26.883,-8.3870,1.2093,-15.0232,0.0161,0.5995,-0.0301,0.7996
2026-05-08T19:36:26.897,-8.3483,1.2093,-15.0119,0.0159,0.6086,-0.0304,0.7927
2026-05-08T19:36:26.912,-8.3152,1.2093,-15.0023,0.0157,0.6163,-0.0304,0.7867
2026-05-08T19:36:26.927,-8.2799,1.2093,-14.9936,0.0153,0.6243,-0.0306,0.7805
2026-05-08T19:36:26.943,-8.2450,1.2093,-14.9858,0.0150,0.6321,-0.0308,0.7741
2026-05-08T19:36:26.958,-8.2089,1.2093,-14.9777,0.0148,0.6404,-0.0311,0.7673
2026-05-08T19:36:26.974,-8.1720,1.2092,-14.9710,0.0144,0.6484,-0.0313,0.7605
2026-05-08T19:36:26.989,-8.1333,1.2092,-14.9648,0.0140,0.6566,-0.0316,0.7534
2026-05-08T19:36:27.006,-8.0963,1.2092,-14.9597,0.0136,0.6644,-0.0318,0.7465
2026-05-08T19:36:27.022,-8.0586,1.2092,-14.9553,0.0132,0.6723,-0.0319,0.7394
2026-05-08T19:36:27.039,-8.0164,1.2091,-14.9505,0.0128,0.6812,-0.0321,0.7313
2026-05-08T19:36:27.055,-7.9772,1.2091,-14.9478,0.0124,0.6892,-0.0325,0.7237
2026-05-08T19:36:27.069,-7.9359,1.2090,-14.9458,0.0119,0.6976,-0.0328,0.7156
2026-05-08T19:36:27.083,-7.8972,1.2090,-14.9448,0.0114,0.7054,-0.0337,0.7079
2026-05-08T19:36:27.097,-7.8620,1.2089,-14.9447,0.0112,0.7125,-0.0343,0.7007
2026-05-08T19:36:27.114,-7.8298,1.2089,-14.9446,0.0106,0.7189,-0.0344,0.6942
2026-05-08T19:36:27.133,-7.7961,1.2089,-14.9458,0.0105,0.7255,-0.0344,0.6873
2026-05-08T19:36:27.149,-7.7530,1.2090,-14.9481,0.0102,0.7337,-0.0344,0.6785
2026-05-08T19:36:27.164,-7.7064,1.2090,-14.9518,0.0097,0.7426,-0.0345,0.6688
2026-05-08T19:36:27.178,-7.6680,1.2090,-14.9558,0.0095,0.7497,-0.0343,0.6608
2026-05-08T19:36:27.193,-7.6307,1.2089,-14.9598,0.0092,0.7566,-0.0346,0.6528
2026-05-08T19:36:27.207,-7.5979,1.2089,-14.9647,0.0088,0.7627,-0.0348,0.6458
2026-05-08T19:36:27.221,-7.5615,1.2089,-14.9708,0.0085,0.7693,-0.0351,0.6379
2026-05-08T19:36:27.236,-7.5280,1.2089,-14.9764,0.0082,0.7754,-0.0355,0.6304
2026-05-08T19:36:27.251,-7.4955,1.2089,-14.9832,0.0078,0.7813,-0.0357,0.6231
2026-05-08T19:36:27.266,-7.4596,1.2089,-14.9914,0.0074,0.7879,-0.0358,0.6148
2026-05-08T19:36:27.280,-7.4277,1.2089,-14.9995,0.0070,0.7939,-0.0359,0.6069
2026-05-08T19:36:27.299,-7.3959,1.2089,-15.0075,0.0066,0.8006,-0.0360,0.5981
2026-05-08T19:36:27.317,-7.3686,1.2089,-15.0156,0.0062,0.8068,-0.0362,0.5897
2026-05-08T19:36:27.332,-7.3348,1.2089,-15.0264,0.0055,0.8155,-0.0365,0.5776
2026-05-08T19:36:27.346,-7.3074,1.2088,-15.0360,0.0050,0.8227,-0.0365,0.5672
2026-05-08T19:36:27.360,-7.2866,1.2088,-15.0439,0.0045,0.8287,-0.0365,0.5585
2026-05-08T19:36:27.375,-7.2658,1.2088,-15.0516,0.0043,0.8347,-0.0365,0.5495
2026-05-08T19:36:27.389,-7.2454,1.2088,-15.0604,0.0037,0.8407,-0.0364,0.5402
2026-05-08T19:36:27.402,-7.2264,1.2088,-15.0691,0.0034,0.8463,-0.0363,0.5315
2026-05-08T19:36:27.417,-7.2070,1.2088,-15.0784,0.0031,0.8520,-0.0364,0.5223
2026-05-08T19:36:27.431,-7.1893,1.2089,-15.0867,0.0028,0.8571,-0.0364,0.5139
2026-05-08T19:36:27.447,-7.1699,1.2089,-15.0970,0.0025,0.8626,-0.0363,0.5046
2026-05-08T19:36:27.463,-7.1507,1.2089,-15.1079,0.0021,0.8681,-0.0361,0.4951
2026-05-08T19:36:27.480,-7.1303,1.2089,-15.1191,0.0016,0.8739,-0.0363,0.4848
2026-05-08T19:36:27.496,-7.1086,1.2089,-15.1326,0.0011,0.8801,-0.0367,0.4734
2026-05-08T19:36:27.511,-7.0893,1.2089,-15.1453,0.0007,0.8855,-0.0367,0.4631
2026-05-08T19:36:27.527,-7.0691,1.2090,-15.1594,0.0004,0.8912,-0.0367,0.4522
2026-05-08T19:36:27.540,-7.0515,1.2090,-15.1722,0.0002,0.8960,-0.0365,0.4425
2026-05-08T19:36:27.554,-7.0330,1.2090,-15.1854,-0.0002,0.9011,-0.0363,0.4320
2026-05-08T19:36:27.569,-7.0176,1.2090,-15.1977,-0.0007,0.9054,-0.0364,0.4230
2026-05-08T19:36:27.583,-6.9999,1.2090,-15.2125,-0.0011,0.9099,-0.0365,0.4133
2026-05-08T19:36:27.597,-6.9803,1.2090,-15.2295,-0.0015,0.9145,-0.0365,0.4029
2026-05-08T19:36:27.611,-6.9616,1.2089,-15.2455,-0.0019,0.9184,-0.0364,0.3940
2026-05-08T19:36:27.625,-6.9404,1.2089,-15.2656,-0.0024,0.9225,-0.0364,0.3843
2026-05-08T19:36:27.639,-6.9191,1.2089,-15.2866,-0.0027,0.9261,-0.0362,0.3756
2026-05-08T19:36:27.653,-6.8953,1.2090,-15.3101,-0.0029,0.9297,-0.0361,0.3664
2026-05-08T19:36:27.667,-6.8725,1.2090,-15.3344,-0.0033,0.9331,-0.0360,0.3578
2026-05-08T19:36:27.690,-6.8477,1.2090,-15.3619,-0.0036,0.9363,-0.0359,0.3493
2026-05-08T19:36:27.704,-6.8226,1.2090,-15.3898,-0.0039,0.9394,-0.0359,0.3409
2026-05-08T19:36:27.718,-6.7784,1.2090,-15.4425,-0.0046,0.9446,-0.0359,0.3262
2026-05-08T19:36:27.733,-6.7508,1.2090,-15.4759,-0.0049,0.9474,-0.0359,0.3179
2026-05-08T19:36:27.747,-6.7238,1.2090,-15.5114,-0.0052,0.9501,-0.0358,0.3098
2026-05-08T19:36:27.760,-6.6958,1.2090,-15.5498,-0.0054,0.9529,-0.0355,0.3013
2026-05-08T19:36:27.774,-6.6714,1.2091,-15.5833,-0.0055,0.9552,-0.0352,0.2939
2026-05-08T19:36:27.788,-6.6460,1.2091,-15.6206,-0.0058,0.9576,-0.0353,0.2858
2026-05-08T19:36:27.802,-6.6210,1.2091,-15.6585,-0.0061,0.9600,-0.0353,0.2778
2026-05-08T19:36:27.816,-6.5967,1.2091,-15.6959,-0.0064,0.9622,-0.0353,0.2700
2026-05-08T19:36:27.830,-6.5734,1.2091,-15.7342,-0.0067,0.9643,-0.0353,0.2622
2026-05-08T19:36:27.844,-6.5493,1.2091,-15.7750,-0.0070,0.9665,-0.0353,0.2542
2026-05-08T19:36:27.857,-6.5260,1.2091,-15.8162,-0.0073,0.9686,-0.0352,0.2461
2026-05-08T19:36:27.871,-6.5029,1.2091,-15.8575,-0.0075,0.9705,-0.0352,0.2382
2026-05-08T19:36:27.886,-6.4825,1.2091,-15.8964,-0.0077,0.9723,-0.0351,0.2309
2026-05-08T19:36:27.899,-6.4608,1.2092,-15.9394,-0.0079,0.9742,-0.0350,0.2229
2026-05-08T19:36:27.914,-6.4395,1.2092,-15.9820,-0.0081,0.9760,-0.0349,0.2150
2026-05-08T19:36:27.928,-6.4199,1.2092,-16.0241,-0.0083,0.9776,-0.0347,0.2073
2026-05-08T19:36:27.941,-6.4006,1.2092,-16.0673,-0.0086,0.9793,-0.0345,0.1994
2026-05-08T19:36:27.955,-6.3820,1.2092,-16.1094,-0.0089,0.9808,-0.0344,0.1916
2026-05-08T19:36:27.969,-6.3645,1.2092,-16.1524,-0.0092,0.9823,-0.0343,0.1838
2026-05-08T19:36:27.983,-6.3472,1.2092,-16.1966,-0.0095,0.9838,-0.0343,0.1757
2026-05-08T19:36:27.997,-6.3301,1.2092,-16.2429,-0.0096,0.9853,-0.0341,0.1674
2026-05-08T19:36:28.011,-6.3150,1.2092,-16.2840,-0.0098,0.9865,-0.0339,0.1600
2026-05-08T19:36:28.025,-6.3001,1.2092,-16.3285,-0.0100,0.9877,-0.0338,0.1521
2026-05-08T19:36:28.039,-6.2863,1.2093,-16.3720,-0.0103,0.9889,-0.0337,0.1444
2026-05-08T19:36:28.053,-6.2723,1.2093,-16.4170,-0.0105,0.9900,-0.0337,0.1365
2026-05-08T19:36:28.067,-6.2592,1.2093,-16.4636,-0.0106,0.9911,-0.0335,0.1285
2026-05-08T19:36:28.080,-6.2473,1.2093,-16.5085,-0.0110,0.9921,-0.0334,0.1207
2026-05-08T19:36:28.094,-6.2352,1.2093,-16.5551,-0.0113,0.9930,-0.0334,0.1129
2026-05-08T19:36:28.108,-6.2244,1.2093,-16.6016,-0.0117,0.9938,-0.0335,0.1055
2026-05-08T19:36:28.122,-6.2135,1.2092,-16.6519,-0.0119,0.9946,-0.0334,0.0977
2026-05-08T19:36:28.136,-6.2029,1.2093,-16.7025,-0.0121,0.9953,-0.0333,0.0904
2026-05-08T19:36:28.150,-6.1937,1.2093,-16.7527,-0.0122,0.9959,-0.0331,0.0838
2026-05-08T19:36:28.164,-6.1830,1.2093,-16.8151,-0.0123,0.9964,-0.0330,0.0774
2026-05-08T19:36:28.177,-6.1741,1.2093,-16.8716,-0.0125,0.9967,-0.0330,0.0727
2026-05-08T19:36:28.191,-6.1641,1.2094,-16.9375,-0.0126,0.9970,-0.0330,0.0686
2026-05-08T19:36:28.205,-6.1554,1.2094,-16.9996,-0.0126,0.9972,-0.0329,0.0661
2026-05-08T19:36:28.218,-6.1462,1.2094,-17.0683,-0.0128,0.9974,-0.0329,0.0636
2026-05-08T19:36:28.233,-6.1373,1.2093,-17.1357,-0.0126,0.9973,-0.0332,0.0639
2026-05-08T19:36:28.247,-6.1288,1.2094,-17.2012,-0.0122,0.9973,-0.0329,0.0638
2026-05-08T19:36:28.261,-6.1196,1.2094,-17.2728,-0.0121,0.9974,-0.0328,0.0638
2026-05-08T19:36:28.275,-6.1109,1.2094,-17.3403,-0.0121,0.9973,-0.0328,0.0639
2026-05-08T19:36:28.289,-6.1016,1.2094,-17.4115,-0.0122,0.9973,-0.0328,0.0638
2026-05-08T19:36:28.303,-6.0925,1.2094,-17.4817,-0.0125,0.9973,-0.0328,0.0638
2026-05-08T19:36:28.316,-6.0835,1.2094,-17.5514,-0.0128,0.9973,-0.0329,0.0640
2026-05-08T19:36:28.331,-6.0746,1.2094,-17.6199,-0.0129,0.9973,-0.0331,0.0641
2026-05-08T19:36:28.344,-6.0662,1.2094,-17.6849,-0.0128,0.9973,-0.0329,0.0643
2026-05-08T19:36:28.358,-6.0568,1.2093,-17.7567,-0.0128,0.9973,-0.0326,0.0645
2026-05-08T19:36:28.373,-6.0481,1.2092,-17.8234,-0.0132,0.9973,-0.0331,0.0643
2026-05-08T19:36:28.387,-6.0388,1.2092,-17.8941,-0.0133,0.9973,-0.0332,0.0644
2026-05-08T19:36:28.401,-6.0295,1.2092,-17.9658,-0.0132,0.9973,-0.0332,0.0646
2026-05-08T19:36:28.423,-6.0205,1.2092,-18.0348,-0.0134,0.9973,-0.0331,0.0645
2026-05-08T19:36:28.429,-6.0115,1.2091,-18.1041,-0.0135,0.9973,-0.0331,0.0643
2026-05-08T19:36:28.443,-5.9968,1.2091,-18.2170,-0.0139,0.9973,-0.0332,0.0641
2026-05-08T19:36:28.457,-5.9930,1.2090,-18.2456,-0.0142,0.9973,-0.0333,0.0640
2026-05-08T19:36:28.471,-5.9838,1.2090,-18.3166,-0.0143,0.9973,-0.0335,0.0640
2026-05-08T19:36:28.491,-5.9752,1.2090,-18.3824,-0.0144,0.9973,-0.0336,0.0642
2026-05-08T19:36:28.513,-5.9660,1.2090,-18.4525,-0.0144,0.9972,-0.0339,0.0644
2026-05-08T19:36:28.529,-5.9653,1.2090,-18.4579,-0.0144,0.9972,-0.0339,0.0647
2026-05-08T19:36:28.544,-5.9652,1.2090,-18.4578,-0.0145,0.9972,-0.0340,0.0646
2026-05-08T19:36:28.560,-5.9652,1.2089,-18.4578,-0.0146,0.9972,-0.0338,0.0645
2026-05-08T19:36:28.574,-5.9653,1.2090,-18.4579,-0.0146,0.9972,-0.0341,0.0645
2026-05-08T19:36:28.590,-5.9658,1.2090,-18.4545,-0.0145,0.9972,-0.0342,0.0643
2026-05-08T19:36:28.606,-5.9693,1.2092,-18.4283,-0.0143,0.9976,-0.0341,0.0592
2026-05-08T19:36:28.619,-5.9756,1.2091,-18.3772,-0.0140,0.9981,-0.0342,0.0487
2026-05-08T19:36:28.633,-5.9799,1.2091,-18.3277,-0.0149,0.9986,-0.0337,0.0386
2026-05-08T19:36:28.647,-5.9829,1.2090,-18.2898,-0.0153,0.9988,-0.0341,0.0312
2026-05-08T19:36:28.660,-5.9859,1.2090,-18.2427,-0.0155,0.9991,-0.0338,0.0220
2026-05-08T19:36:28.674,-5.9872,1.2090,-18.2009,-0.0157,0.9992,-0.0338,0.0139
2026-05-08T19:36:28.688,-5.9886,1.2091,-18.1565,-0.0159,0.9993,-0.0336,0.0054
2026-05-08T19:36:28.701,-5.9891,1.2091,-18.1156,-0.0163,0.9993,-0.0335,-0.0024
2026-05-08T19:36:28.716,-5.9884,1.2091,-18.0712,-0.0168,0.9992,-0.0336,-0.0111
2026-05-08T19:36:28.729,-5.9876,1.2090,-18.0289,-0.0174,0.9991,-0.0335,-0.0195
2026-05-08T19:36:28.744,-5.9860,1.2090,-17.9869,-0.0177,0.9989,-0.0335,-0.0279
2026-05-08T19:36:28.756,-5.9837,1.2090,-17.9437,-0.0180,0.9986,-0.0333,-0.0371
2026-05-08T19:36:28.770,-5.9801,1.2090,-17.9026,-0.0184,0.9982,-0.0332,-0.0460
2026-05-08T19:36:28.785,-5.9769,1.2089,-17.8679,-0.0187,0.9978,-0.0330,-0.0540
2026-05-08T19:36:28.798,-5.9726,1.2089,-17.8273,-0.0191,0.9972,-0.0329,-0.0636
2026-05-08T19:36:28.812,-5.9672,1.2089,-17.7900,-0.0195,0.9966,-0.0328,-0.0728
2026-05-08T19:36:28.827,-5.9620,1.2089,-17.7537,-0.0198,0.9959,-0.0327,-0.0819
2026-05-08T19:36:28.841,-5.9558,1.2089,-17.7158,-0.0202,0.9951,-0.0325,-0.0914
2026-05-08T19:36:28.855,-5.9483,1.2089,-17.6784,-0.0204,0.9941,-0.0323,-0.1011
2026-05-08T19:36:28.869,-5.9411,1.2089,-17.6428,-0.0207,0.9931,-0.0321,-0.1106
2026-05-08T19:36:28.883,-5.9333,1.2089,-17.6079,-0.0211,0.9920,-0.0319,-0.1200
2026-05-08T19:36:28.896,-5.9250,1.2088,-17.5735,-0.0213,0.9909,-0.0318,-0.1293
2026-05-08T19:36:28.911,-5.9150,1.2088,-17.5378,-0.0215,0.9895,-0.0316,-0.1392
2026-05-08T19:36:28.925,-5.9056,1.2088,-17.5048,-0.0217,0.9882,-0.0319,-0.1484
2026-05-08T19:36:28.940,-5.8951,1.2089,-17.4702,-0.0218,0.9867,-0.0310,-0.1583
2026-05-08T19:36:28.955,-5.8844,1.2089,-17.4398,-0.0221,0.9852,-0.0306,-0.1674
2026-05-08T19:36:28.970,-5.8729,1.2088,-17.4067,-0.0228,0.9833,-0.0304,-0.1781
2026-05-08T19:36:28.984,-5.8618,1.2087,-17.3771,-0.0234,0.9814,-0.0303,-0.1883
2026-05-08T19:36:28.997,-5.8489,1.2087,-17.3446,-0.0239,0.9791,-0.0301,-0.1996
2026-05-08T19:36:29.011,-5.8378,1.2087,-17.3203,-0.0241,0.9772,-0.0297,-0.2086
2026-05-08T19:36:29.026,-5.8264,1.2087,-17.2947,-0.0241,0.9751,-0.0293,-0.2185
2026-05-08T19:36:29.040,-5.8144,1.2087,-17.2689,-0.0244,0.9727,-0.0288,-0.2288
2026-05-08T19:36:29.054,-5.8014,1.2087,-17.2440,-0.0247,0.9702,-0.0285,-0.2395
2026-05-08T19:36:29.068,-5.7892,1.2087,-17.2205,-0.0248,0.9675,-0.0280,-0.2500
2026-05-08T19:36:29.082,-5.7772,1.2087,-17.1984,-0.0253,0.9647,-0.0274,-0.2606
2026-05-08T19:36:29.095,-5.7642,1.2087,-17.1770,-0.0255,0.9617,-0.0273,-0.2714
2026-05-08T19:36:29.110,-5.7515,1.2088,-17.1559,-0.0258,0.9587,-0.0269,-0.2821
2026-05-08T19:36:29.123,-5.7397,1.2088,-17.1372,-0.0261,0.9555,-0.0265,-0.2926
2026-05-08T19:36:29.137,-5.7273,1.2088,-17.1184,-0.0262,0.9522,-0.0262,-0.3031
2026-05-08T19:36:29.151,-5.7146,1.2088,-17.1013,-0.0264,0.9488,-0.0257,-0.3137
2026-05-08T19:36:29.165,-5.7028,1.2088,-17.0851,-0.0267,0.9454,-0.0252,-0.3239
2026-05-08T19:36:29.179,-5.6902,1.2088,-17.0685,-0.0271,0.9416,-0.0248,-0.3348
2026-05-08T19:36:29.192,-5.6760,1.2089,-17.0519,-0.0274,0.9375,-0.0245,-0.3462
2026-05-08T19:36:29.206,-5.6638,1.2088,-17.0373,-0.0278,0.9337,-0.0242,-0.3562
2026-05-08T19:36:29.220,-5.6514,1.2088,-17.0231,-0.0279,0.9297,-0.0237,-0.3665
2026-05-08T19:36:29.235,-5.6375,1.2089,-17.0088,-0.0281,0.9254,-0.0235,-0.3773
2026-05-08T19:36:29.249,-5.6253,1.2089,-16.9960,-0.0280,0.9211,-0.0227,-0.3878
2026-05-08T19:36:29.263,-5.6110,1.2090,-16.9817,-0.0277,0.9159,-0.0219,-0.3998
2026-05-08T19:36:29.276,-5.5974,1.2090,-16.9686,-0.0275,0.9109,-0.0212,-0.4112
2026-05-08T19:36:29.290,-5.5835,1.2090,-16.9568,-0.0272,0.9057,-0.0205,-0.4226
2026-05-08T19:36:29.304,-5.5708,1.2091,-16.9454,-0.0264,0.9004,-0.0195,-0.4338
2026-05-08T19:36:29.317,-5.5571,1.2092,-16.9339,-0.0255,0.8945,-0.0189,-0.4459
2026-05-08T19:36:29.332,-5.5436,1.2092,-16.9238,-0.0246,0.8886,-0.0178,-0.4577
2026-05-08T19:36:29.346,-5.5311,1.2094,-16.9143,-0.0243,0.8823,-0.0176,-0.4697
2026-05-08T19:36:29.359,-5.5176,1.2093,-16.9045,-0.0240,0.8756,-0.0168,-0.4821
2026-05-08T19:36:29.374,-5.5045,1.2095,-16.8962,-0.0234,0.8689,-0.0162,-0.4942
2026-05-08T19:36:29.388,-5.4921,1.2097,-16.8880,-0.0221,0.8618,-0.0154,-0.5066
2026-05-08T19:36:29.401,-5.4780,1.2099,-16.8792,-0.0206,0.8537,-0.0151,-0.5202
2026-05-08T19:36:29.416,-5.4643,1.2100,-16.8721,-0.0187,0.8460,-0.0143,-0.5327
2026-05-08T19:36:29.430,-5.4518,1.2100,-16.8654,-0.0171,0.8378,-0.0137,-0.5456
2026-05-08T19:36:29.444,-5.4372,1.2100,-16.8581,-0.0154,0.8287,-0.0126,-0.5594
2026-05-08T19:36:29.457,-5.4225,1.2103,-16.8512,-0.0146,0.8193,-0.0120,-0.5731
2026-05-08T19:36:29.471,-5.4085,1.2103,-16.8457,-0.0131,0.8103,-0.0103,-0.5857
2026-05-08T19:36:29.485,-5.3955,1.2104,-16.8404,-0.0115,0.8011,-0.0099,-0.5983
2026-05-08T19:36:29.498,-5.3804,1.2108,-16.8350,-0.0107,0.7903,-0.0106,-0.6125
2026-05-08T19:36:29.513,-5.3664,1.2108,-16.8311,-0.0092,0.7807,-0.0106,-0.6247
2026-05-08T19:36:29.527,-5.3533,1.2109,-16.8272,-0.0076,0.7710,-0.0107,-0.6367
2026-05-08T19:36:29.541,-5.3378,1.2112,-16.8235,-0.0057,0.7597,-0.0113,-0.6502
2026-05-08T19:36:29.555,-5.3225,1.2113,-16.8207,-0.0047,0.7493,-0.0113,-0.6622
2026-05-08T19:36:29.569,-5.3085,1.2114,-16.8181,-0.0018,0.7387,-0.0111,-0.6740
2026-05-08T19:36:29.583,-5.2943,1.2118,-16.8160,-0.0008,0.7264,-0.0119,-0.6871
2026-05-08T19:36:29.596,-5.2801,1.2118,-16.8141,0.0017,0.7158,-0.0111,-0.6982
2026-05-08T19:36:29.610,-5.2665,1.2120,-16.8136,0.0032,0.7049,-0.0117,-0.7092
2026-05-08T19:36:29.624,-5.2534,1.2120,-16.8127,0.0053,0.6936,-0.0108,-0.7202
2026-05-08T19:36:29.639,-5.2413,1.2123,-16.8123,0.0064,0.6824,-0.0113,-0.7308
2026-05-08T19:36:29.652,-5.2276,1.2126,-16.8131,0.0076,0.6703,-0.0116,-0.7419
2026-05-08T19:36:29.666,-5.2148,1.2128,-16.8136,0.0095,0.6582,-0.0121,-0.7526
2026-05-08T19:36:29.679,-5.2038,1.2129,-16.8144,0.0111,0.6466,-0.0125,-0.7626
2026-05-08T19:36:29.693,-5.1917,1.2131,-16.8161,0.0125,0.6351,-0.0124,-0.7722
2026-05-08T19:36:29.707,-5.1809,1.2134,-16.8174,0.0143,0.6240,-0.0126,-0.7812
2026-05-08T19:36:29.720,-5.1708,1.2136,-16.8190,0.0156,0.6129,-0.0128,-0.7899
2026-05-08T19:36:29.735,-5.1592,1.2138,-16.8219,0.0170,0.6009,-0.0131,-0.7990
2026-05-08T19:36:29.750,-5.1493,1.2143,-16.8241,0.0182,0.5891,-0.0142,-0.8078
2026-05-08T19:36:29.764,-5.1381,1.2142,-16.8268,0.0208,0.5767,-0.0131,-0.8166
2026-05-08T19:36:29.776,-5.1286,1.2145,-16.8295,0.0223,0.5655,-0.0137,-0.8243
2026-05-08T19:36:29.791,-5.1182,1.2146,-16.8334,0.0236,0.5545,-0.0132,-0.8317
2026-05-08T19:36:29.804,-5.1107,1.2148,-16.8361,0.0247,0.5444,-0.0127,-0.8384
2026-05-08T19:36:29.817,-5.1029,1.2149,-16.8393,0.0263,0.5334,-0.0140,-0.8454
2026-05-08T19:36:29.832,-5.0948,1.2150,-16.8431,0.0271,0.5231,-0.0144,-0.8517
2026-05-08T19:36:29.846,-5.0935,1.2150,-16.8433,0.0271,0.5127,-0.0149,-0.8580
2026-05-08T19:36:29.859,-5.0956,1.2150,-16.8419,0.0271,0.5014,-0.0154,-0.8646
2026-05-08T19:36:29.873,-5.1032,1.2151,-16.8377,0.0269,0.4924,-0.0164,-0.8698
2026-05-08T19:36:29.887,-5.1119,1.2150,-16.8323,0.0268,0.4838,-0.0175,-0.8746
2026-05-08T19:36:29.900,-5.1230,1.2150,-16.8253,0.0264,0.4751,-0.0184,-0.8794
2026-05-08T19:36:29.914,-5.1407,1.2149,-16.8141,0.0263,0.4679,-0.0188,-0.8832
2026-05-08T19:36:29.928,-5.1674,1.2148,-16.7960,0.0263,0.4610,-0.0190,-0.8868
2026-05-08T19:36:29.941,-5.2034,1.2148,-16.7708,0.0262,0.4540,-0.0194,-0.8904
2026-05-08T19:36:29.955,-5.2494,1.2147,-16.7380,0.0258,0.4487,-0.0193,-0.8931
2026-05-08T19:36:29.969,-5.2966,1.2147,-16.7030,0.0255,0.4441,-0.0194,-0.8954
2026-05-08T19:36:29.983,-5.3494,1.2146,-16.6631,0.0253,0.4413,-0.0191,-0.8968
2026-05-08T19:36:29.997,-5.4038,1.2146,-16.6214,0.0254,0.4394,-0.0191,-0.8977
2026-05-08T19:36:30.013,-5.4539,1.2147,-16.5829,0.0260,0.4378,-0.0189,-0.8985
2026-05-08T19:36:30.030,-5.5111,1.2147,-16.5385,0.0258,0.4390,-0.0188,-0.8979
2026-05-08T19:36:30.046,-5.5722,1.2147,-16.4913,0.0261,0.4397,-0.0182,-0.8976
2026-05-08T19:36:30.066,-5.6368,1.2147,-16.4414,0.0265,0.4400,-0.0184,-0.8974
2026-05-08T19:36:30.088,-5.7005,1.2147,-16.3924,0.0270,0.4411,-0.0185,-0.8969
2026-05-08T19:36:30.105,-5.7801,1.2147,-16.3315,0.0274,0.4416,-0.0185,-0.8966
2026-05-08T19:36:30.121,-5.8647,1.2147,-16.2667,0.0284,0.4427,-0.0183,-0.8960
2026-05-08T19:36:30.137,-5.9312,1.2148,-16.2162,0.0274,0.4434,-0.0189,-0.8957
2026-05-08T19:36:30.152,-5.9932,1.2148,-16.1695,0.0293,0.4444,-0.0179,-0.8952
2026-05-08T19:36:30.167,-6.0560,1.2148,-16.1221,0.0284,0.4452,-0.0177,-0.8948
2026-05-08T19:36:30.182,-6.1151,1.2147,-16.0775,0.0280,0.4456,-0.0166,-0.8946
2026-05-08T19:36:30.202,-6.1738,1.2146,-16.0335,0.0275,0.4458,-0.0163,-0.8946
2026-05-08T19:36:30.223,-6.2317,1.2145,-15.9903,0.0270,0.4466,-0.0156,-0.8942
2026-05-08T19:36:30.242,-6.3164,1.2143,-15.9270,0.0263,0.4471,-0.0151,-0.8940
2026-05-08T19:36:30.260,-6.3959,1.2143,-15.8677,0.0263,0.4476,-0.0149,-0.8937
2026-05-08T19:36:30.277,-6.4707,1.2142,-15.8121,0.0264,0.4488,-0.0143,-0.8931
2026-05-08T19:36:30.293,-6.5419,1.2142,-15.7594,0.0259,0.4494,-0.0140,-0.8928
2026-05-08T19:36:30.309,-6.6045,1.2142,-15.7133,0.0256,0.4500,-0.0135,-0.8926
2026-05-08T19:36:30.325,-6.6696,1.2142,-15.6652,0.0254,0.4501,-0.0138,-0.8925
2026-05-08T19:36:30.343,-6.7409,1.2142,-15.6127,0.0253,0.4506,-0.0138,-0.8922
2026-05-08T19:36:30.360,-6.7963,1.2142,-15.5720,0.0246,0.4513,-0.0132,-0.8919
2026-05-08T19:36:30.378,-6.8664,1.2141,-15.5205,0.0241,0.4515,-0.0131,-0.8918
2026-05-08T19:36:30.397,-6.9331,1.2140,-15.4715,0.0234,0.4513,-0.0127,-0.8920
2026-05-08T19:36:30.415,-7.0096,1.2140,-15.4153,0.0228,0.4510,-0.0125,-0.8921
2026-05-08T19:36:30.431,-7.0819,1.2139,-15.3622,0.0220,0.4482,-0.0125,-0.8936
2026-05-08T19:36:30.447,-7.1501,1.2138,-15.3113,0.0216,0.4454,-0.0122,-0.8950
2026-05-08T19:36:30.462,-7.2097,1.2138,-15.2663,0.0215,0.4409,-0.0121,-0.8972
2026-05-08T19:36:30.481,-7.2663,1.2137,-15.2229,0.0213,0.4361,-0.0122,-0.8996
2026-05-08T19:36:30.500,-7.3187,1.2137,-15.1815,0.0208,0.4300,-0.0122,-0.9025
2026-05-08T19:36:30.518,-7.3772,1.2135,-15.1340,0.0198,0.4228,-0.0121,-0.9059
2026-05-08T19:36:30.536,-7.4378,1.2135,-15.0833,0.0196,0.4148,-0.0123,-0.9096
2026-05-08T19:36:30.554,-7.4922,1.2135,-15.0361,0.0196,0.4075,-0.0123,-0.9129
2026-05-08T19:36:30.571,-7.5462,1.2134,-14.9876,0.0193,0.3999,-0.0122,-0.9163
2026-05-08T19:36:30.587,-7.5984,1.2133,-14.9393,0.0183,0.3924,-0.0122,-0.9196
2026-05-08T19:36:30.604,-7.6462,1.2132,-14.8935,0.0175,0.3850,-0.0121,-0.9227
2026-05-08T19:36:30.623,-7.6926,1.2132,-14.8481,0.0167,0.3779,-0.0120,-0.9256
2026-05-08T19:36:30.641,-7.7395,1.2131,-14.8004,0.0159,0.3704,-0.0116,-0.9287
2026-05-08T19:36:30.657,-7.7852,1.2130,-14.7522,0.0154,0.3617,-0.0117,-0.9321
2026-05-08T19:36:30.674,-7.8293,1.2130,-14.7041,0.0151,0.3530,-0.0115,-0.9354
2026-05-08T19:36:30.691,-7.8691,1.2130,-14.6591,0.0147,0.3452,-0.0117,-0.9383
2026-05-08T19:36:30.709,-7.9088,1.2129,-14.6128,0.0140,0.3378,-0.0113,-0.9411
2026-05-08T19:36:30.727,-7.9522,1.2130,-14.5605,0.0143,0.3314,-0.0115,-0.9433
2026-05-08T19:36:30.746,-8.0075,1.2130,-14.4919,0.0144,0.3325,-0.0115,-0.9429
2026-05-08T19:36:30.767,-8.0664,1.2130,-14.4193,0.0142,0.3344,-0.0112,-0.9423
2026-05-08T19:36:30.785,-8.1222,1.2130,-14.3510,0.0141,0.3397,-0.0109,-0.9404
2026-05-08T19:36:30.801,-8.1837,1.2130,-14.2774,0.0138,0.3468,-0.0105,-0.9378
2026-05-08T19:36:30.818,-8.2357,1.2130,-14.2174,0.0135,0.3548,-0.0098,-0.9348
2026-05-08T19:36:30.834,-8.2800,1.2130,-14.1679,0.0134,0.3624,-0.0091,-0.9319
2026-05-08T19:36:30.850,-8.3218,1.2129,-14.1226,0.0133,0.3715,-0.0087,-0.9283
2026-05-08T19:36:30.865,-8.3620,1.2129,-14.0808,0.0132,0.3812,-0.0080,-0.9244
2026-05-08T19:36:30.882,-8.3979,1.2129,-14.0451,0.0135,0.3905,-0.0076,-0.9205
2026-05-08T19:36:30.901,-8.4337,1.2129,-14.0103,0.0129,0.4008,-0.0082,-0.9160
2026-05-08T19:36:30.919,-8.4695,1.2128,-13.9779,0.0125,0.4123,-0.0053,-0.9109
2026-05-08T19:36:30.936,-8.5108,1.2128,-13.9419,0.0125,0.4248,-0.0056,-0.9052
2026-05-08T19:36:30.953,-8.5450,1.2128,-13.9139,0.0124,0.4355,-0.0052,-0.9001
2026-05-08T19:36:30.970,-8.5837,1.2128,-13.8836,0.0120,0.4471,-0.0050,-0.8944
2026-05-08T19:36:30.985,-8.6196,1.2128,-13.8571,0.0126,0.4590,-0.0037,-0.8883
2026-05-08T19:36:30.999,-8.6557,1.2129,-13.8318,0.0127,0.4700,-0.0037,-0.8826
2026-05-08T19:36:31.013,-8.6874,1.2129,-13.8101,0.0130,0.4795,-0.0033,-0.8774
2026-05-08T19:36:31.028,-8.7173,1.2129,-13.7913,0.0130,0.4888,-0.0030,-0.8723
2026-05-08T19:36:31.042,-8.7463,1.2130,-13.7738,0.0130,0.4984,-0.0027,-0.8669
2026-05-08T19:36:31.059,-8.7778,1.2130,-13.7554,0.0130,0.5085,-0.0025,-0.8610
2026-05-08T19:36:31.076,-8.8064,1.2130,-13.7400,0.0129,0.5183,-0.0024,-0.8551
2026-05-08T19:36:31.095,-8.8421,1.2132,-13.7218,0.0123,0.5302,-0.0021,-0.8478
2026-05-08T19:36:31.110,-8.8786,1.2130,-13.7047,0.0117,0.5440,-0.0022,-0.8390
2026-05-08T19:36:31.126,-8.9156,1.2130,-13.6886,0.0105,0.5576,-0.0033,-0.8300
2026-05-08T19:36:31.139,-8.9454,1.2126,-13.6767,0.0084,0.5678,-0.0020,-0.8232
2026-05-08T19:36:31.154,-8.9784,1.2126,-13.6643,0.0061,0.5789,-0.0036,-0.8153
2026-05-08T19:36:31.170,-9.0067,1.2124,-13.6548,0.0049,0.5894,-0.0040,-0.8078
2026-05-08T19:36:31.188,-9.0367,1.2125,-13.6456,0.0052,0.6006,-0.0045,-0.7995
2026-05-08T19:36:31.208,-9.0716,1.2122,-13.6361,0.0050,0.6120,-0.0033,-0.7908
2026-05-08T19:36:31.223,-9.1117,1.2124,-13.6269,0.0041,0.6275,-0.0039,-0.7786
2026-05-08T19:36:31.239,-9.1537,1.2123,-13.6177,0.0034,0.6413,-0.0029,-0.7673
2026-05-08T19:36:31.253,-9.1854,1.2125,-13.6129,0.0033,0.6521,-0.0048,-0.7581
2026-05-08T19:36:31.267,-9.2223,1.2128,-13.6080,0.0031,0.6652,-0.0049,-0.7466
2026-05-08T19:36:31.282,-9.2511,1.2121,-13.6055,0.0025,0.6768,-0.0058,-0.7362
2026-05-08T19:36:31.299,-9.2832,1.2118,-13.6034,-0.0027,0.6885,-0.0112,-0.7251
2026-05-08T19:36:31.316,-9.3163,1.2108,-13.6024,-0.0055,0.7025,-0.0134,-0.7115
2026-05-08T19:36:31.331,-9.3554,1.2112,-13.6029,-0.0097,0.7150,-0.0178,-0.6988
2026-05-08T19:36:31.346,-9.3893,1.2111,-13.6049,-0.0124,0.7285,-0.0220,-0.6846
2026-05-08T19:36:31.360,-9.4223,1.2108,-13.6091,-0.0169,0.7473,-0.0298,-0.6636
2026-05-08T19:36:31.375,-9.4535,1.2112,-13.6138,-0.0150,0.7589,-0.0345,-0.6501
2026-05-08T19:36:31.389,-9.4850,1.2097,-13.6172,-0.0097,0.7739,-0.0306,-0.6325
2026-05-08T19:36:31.404,-9.5167,1.2112,-13.6256,-0.0136,0.7804,-0.0323,-0.6243
2026-05-08T19:36:31.418,-9.5474,1.2110,-13.6336,-0.0129,0.7913,-0.0327,-0.6104
2026-05-08T19:36:31.433,-9.5782,1.2109,-13.6417,-0.0143,0.8020,-0.0342,-0.5961
2026-05-08T19:36:31.446,-9.6073,1.2106,-13.6514,-0.0136,0.8109,-0.0353,-0.5839
2026-05-08T19:36:31.460,-9.6399,1.2112,-13.6624,-0.0140,0.8212,-0.0344,-0.5695
2026-05-08T19:36:31.474,-9.6675,1.2114,-13.6718,-0.0104,0.8302,-0.0336,-0.5563
2026-05-08T19:36:31.488,-9.6948,1.2120,-13.6841,-0.0090,0.8379,-0.0327,-0.5448
2026-05-08T19:36:31.503,-9.7233,1.2120,-13.6972,-0.0079,0.8464,-0.0325,-0.5314
2026-05-08T19:36:31.519,-9.7533,1.2122,-13.7111,-0.0069,0.8538,-0.0330,-0.5196
2026-05-08T19:36:31.534,-9.7834,1.2124,-13.7268,-0.0053,0.8624,-0.0312,-0.5052
2026-05-08T19:36:31.548,-9.8142,1.2126,-13.7447,-0.0054,0.8699,-0.0314,-0.4922
2026-05-08T19:36:31.561,-9.8443,1.2125,-13.7628,-0.0037,0.8778,-0.0321,-0.4779
2026-05-08T19:36:31.576,-9.8700,1.2131,-13.7786,-0.0048,0.8838,-0.0316,-0.4669
2026-05-08T19:36:31.590,-9.8956,1.2133,-13.7965,-0.0039,0.8897,-0.0311,-0.4555
2026-05-08T19:36:31.605,-9.9227,1.2137,-13.8160,-0.0031,0.8957,-0.0294,-0.4437
2026-05-08T19:36:31.620,-9.9504,1.2140,-13.8370,-0.0016,0.9016,-0.0270,-0.4317
2026-05-08T19:36:31.635,-9.9783,1.2144,-13.8584,-0.0006,0.9072,-0.0248,-0.4200
2026-05-08T19:36:31.648,-10.0049,1.2146,-13.8808,0.0002,0.9126,-0.0234,-0.4082
2026-05-08T19:36:31.662,-10.0314,1.2149,-13.9045,0.0000,0.9178,-0.0221,-0.3965
2026-05-08T19:36:31.675,-10.0550,1.2150,-13.9255,-0.0001,0.9221,-0.0213,-0.3863
2026-05-08T19:36:31.689,-10.0780,1.2152,-13.9481,-0.0012,0.9266,-0.0209,-0.3755
2026-05-08T19:36:31.703,-10.1010,1.2152,-13.9717,-0.0024,0.9307,-0.0212,-0.3652
2026-05-08T19:36:31.716,-10.1235,1.2151,-13.9958,-0.0039,0.9346,-0.0223,-0.3550
2026-05-08T19:36:31.730,-10.1478,1.2148,-14.0216,-0.0055,0.9386,-0.0247,-0.3441
2026-05-08T19:36:31.747,-10.1672,1.2142,-14.0445,-0.0074,0.9425,-0.0274,-0.3329
2026-05-08T19:36:31.760,-10.1888,1.2138,-14.0710,-0.0096,0.9469,-0.0313,-0.3200
2026-05-08T19:36:31.775,-10.2124,1.2139,-14.1019,-0.0117,0.9508,-0.0326,-0.3078
2026-05-08T19:36:31.789,-10.2312,1.2135,-14.1275,-0.0118,0.9550,-0.0320,-0.2946
2026-05-08T19:36:31.803,-10.2510,1.2136,-14.1577,-0.0095,0.9592,-0.0307,-0.2810
2026-05-08T19:36:31.817,-10.2684,1.2137,-14.1852,-0.0080,0.9626,-0.0299,-0.2693
2026-05-08T19:36:31.831,-10.2878,1.2136,-14.2161,-0.0077,0.9659,-0.0291,-0.2572
2026-05-08T19:36:31.844,-10.3031,1.2136,-14.2432,-0.0082,0.9687,-0.0296,-0.2463
2026-05-08T19:36:31.858,-10.3205,1.2136,-14.2759,-0.0076,0.9717,-0.0299,-0.2343
2026-05-08T19:36:31.872,-10.3363,1.2137,-14.3051,-0.0063,0.9742,-0.0297,-0.2235
2026-05-08T19:36:31.886,-10.3517,1.2138,-14.3373,-0.0049,0.9767,-0.0293,-0.2126
2026-05-08T19:36:31.899,-10.3679,1.2138,-14.3734,-0.0040,0.9790,-0.0291,-0.2016
2026-05-08T19:36:31.914,-10.3832,1.2138,-14.4071,-0.0034,0.9810,-0.0286,-0.1918
2026-05-08T19:36:31.928,-10.3978,1.2139,-14.4434,-0.0024,0.9830,-0.0283,-0.1816
2026-05-08T19:36:31.942,-10.4127,1.2140,-14.4830,-0.0007,0.9848,-0.0277,-0.1713
2026-05-08T19:36:31.956,-10.4275,1.2142,-14.5221,0.0006,0.9865,-0.0266,-0.1618
2026-05-08T19:36:31.970,-10.4420,1.2144,-14.5655,0.0026,0.9880,-0.0247,-0.1526
2026-05-08T19:36:31.983,-10.4556,1.2146,-14.6091,0.0041,0.9892,-0.0236,-0.1445
2026-05-08T19:36:31.997,-10.4695,1.2148,-14.6566,0.0051,0.9904,-0.0227,-0.1359
2026-05-08T19:36:32.011,-10.4827,1.2150,-14.7015,0.0064,0.9915,-0.0217,-0.1281
2026-05-08T19:36:32.025,-10.4950,1.2153,-14.7487,0.0077,0.9925,-0.0207,-0.1206
2026-05-08T19:36:32.038,-10.5078,1.2156,-14.8018,0.0090,0.9935,-0.0194,-0.1121
2026-05-08T19:36:32.052,-10.5194,1.2160,-14.8505,0.0097,0.9944,-0.0170,-0.1043
2026-05-08T19:36:32.067,-10.5306,1.2164,-14.9038,0.0109,0.9951,-0.0144,-0.0970
2026-05-08T19:36:32.080,-10.5407,1.2167,-14.9565,0.0126,0.9958,-0.0127,-0.0898
2026-05-08T19:36:32.094,-10.5515,1.2170,-15.0136,0.0137,0.9965,-0.0112,-0.0823
2026-05-08T19:36:32.108,-10.5600,1.2174,-15.0663,0.0143,0.9970,-0.0108,-0.0759
2026-05-08T19:36:32.121,-10.5688,1.2175,-15.1242,0.0139,0.9975,-0.0086,-0.0691
2026-05-08T19:36:32.135,-10.5772,1.2179,-15.1817,0.0134,0.9979,-0.0074,-0.0627
2026-05-08T19:36:32.149,-10.5842,1.2181,-15.2381,0.0124,0.9983,-0.0046,-0.0571
2026-05-08T19:36:32.164,-10.5914,1.2182,-15.3025,0.0114,0.9987,-0.0026,-0.0504
2026-05-08T19:36:32.177,-10.5968,1.2189,-15.3587,0.0114,0.9990,-0.0015,-0.0443
2026-05-08T19:36:32.192,-10.6029,1.2189,-15.4242,0.0107,0.9993,0.0025,-0.0370
2026-05-08T19:36:32.205,-10.6069,1.2195,-15.4807,0.0101,0.9995,0.0036,-0.0312
2026-05-08T19:36:32.219,-10.6107,1.2200,-15.5442,0.0103,0.9996,0.0058,-0.0250
2026-05-08T19:36:32.233,-10.6140,1.2198,-15.6026,0.0108,0.9997,0.0101,-0.0191
2026-05-08T19:36:32.247,-10.6160,1.2208,-15.6616,0.0108,0.9998,0.0110,-0.0133
2026-05-08T19:36:32.260,-10.6175,1.2206,-15.7245,0.0106,0.9998,0.0165,-0.0071
2026-05-08T19:36:32.275,-10.6185,1.2216,-15.7850,0.0111,0.9998,0.0162,-0.0013
2026-05-08T19:36:32.288,-10.6185,1.2219,-15.8441,0.0112,0.9997,0.0192,0.0046
2026-05-08T19:36:32.303,-10.6177,1.2214,-15.9063,0.0113,0.9996,0.0223,0.0094
2026-05-08T19:36:32.316,-10.6166,1.2216,-15.9664,0.0118,0.9996,0.0219,0.0148
2026-05-08T19:36:32.331,-10.6150,1.2219,-16.0303,0.0112,0.9995,0.0231,0.0204
2026-05-08T19:36:32.344,-10.6125,1.2219,-16.0878,0.0117,0.9994,0.0225,0.0252
2026-05-08T19:36:32.358,-10.6090,1.2219,-16.1550,0.0117,0.9992,0.0230,0.0311
2026-05-08T19:36:32.372,-10.6060,1.2219,-16.2107,0.0119,0.9990,0.0233,0.0357
2026-05-08T19:36:32.386,-10.6019,1.2219,-16.2685,0.0126,0.9989,0.0227,0.0402
2026-05-08T19:36:32.401,-10.5967,1.2219,-16.3326,0.0120,0.9986,0.0227,0.0453
2026-05-08T19:36:32.416,-10.5918,1.2218,-16.3917,0.0115,0.9984,0.0227,0.0498
2026-05-08T19:36:32.431,-10.5852,1.2217,-16.4572,0.0112,0.9982,0.0221,0.0541
2026-05-08T19:36:32.445,-10.5780,1.2216,-16.5237,0.0102,0.9979,0.0222,0.0595
2026-05-08T19:36:32.459,-10.5698,1.2215,-16.5910,0.0101,0.9976,0.0222,0.0652
2026-05-08T19:36:32.474,-10.5626,1.2215,-16.6500,0.0107,0.9973,0.0227,0.0695
2026-05-08T19:36:32.488,-10.5535,1.2215,-16.7145,0.0109,0.9969,0.0236,0.0744
2026-05-08T19:36:32.504,-10.5438,1.2216,-16.7796,0.0112,0.9965,0.0244,0.0794
2026-05-08T19:36:32.521,-10.5345,1.2216,-16.8410,0.0113,0.9960,0.0256,0.0843
2026-05-08T19:36:32.537,-10.5217,1.2216,-16.9156,0.0119,0.9955,0.0269,0.0899
2026-05-08T19:36:32.550,-10.5087,1.2217,-16.9869,0.0124,0.9949,0.0289,0.0957
2026-05-08T19:36:32.564,-10.4951,1.2218,-17.0569,0.0130,0.9943,0.0304,0.1010
2026-05-08T19:36:32.577,-10.4834,1.2220,-17.1140,0.0133,0.9939,0.0323,0.1051
2026-05-08T19:36:32.592,-10.4708,1.2224,-17.1753,0.0117,0.9933,0.0358,0.1097
2026-05-08T19:36:32.607,-10.4579,1.2231,-17.2326,0.0136,0.9926,0.0406,0.1140
2026-05-08T19:36:32.620,-10.4428,1.2235,-17.2972,0.0151,0.9918,0.0453,0.1190
2026-05-08T19:36:32.635,-10.4274,1.2242,-17.3629,0.0153,0.9910,0.0479,0.1241
2026-05-08T19:36:32.649,-10.4133,1.2245,-17.4186,0.0154,0.9903,0.0503,0.1282
2026-05-08T19:36:32.663,-10.3956,1.2247,-17.4853,0.0159,0.9896,0.0521,0.1329
2026-05-08T19:36:32.676,-10.3793,1.2249,-17.5445,0.0160,0.9891,0.0524,0.1365
2026-05-08T19:36:32.690,-10.3624,1.2248,-17.6059,0.0153,0.9885,0.0533,0.1408
2026-05-08T19:36:32.704,-10.3460,1.2252,-17.6622,0.0146,0.9880,0.0527,0.1446
2026-05-08T19:36:32.718,-10.3281,1.2251,-17.7225,0.0149,0.9875,0.0519,0.1483
2026-05-08T19:36:32.733,-10.3101,1.2251,-17.7828,0.0147,0.9869,0.0515,0.1521
2026-05-08T19:36:32.747,-10.2917,1.2250,-17.8413,0.0132,0.9864,0.0507,0.1559
2026-05-08T19:36:32.761,-10.2709,1.2248,-17.9057,0.0121,0.9858,0.0499,0.1600
2026-05-08T19:36:32.775,-10.2502,1.2247,-17.9693,0.0109,0.9851,0.0492,0.1643
2026-05-08T19:36:32.789,-10.2298,1.2246,-18.0290,0.0092,0.9845,0.0481,0.1685
2026-05-08T19:36:32.804,-10.2096,1.2244,-18.0866,0.0078,0.9839,0.0468,0.1726
2026-05-08T19:36:32.818,-10.1881,1.2242,-18.1458,0.0069,0.9830,0.0458,0.1775
2026-05-08T19:36:32.833,-10.1661,1.2241,-18.2060,0.0063,0.9821,0.0456,0.1825
2026-05-08T19:36:32.848,-10.1440,1.2240,-18.2636,0.0058,0.9812,0.0453,0.1873
2026-05-08T19:36:32.863,-10.1175,1.2240,-18.3303,0.0056,0.9801,0.0461,0.1929
2026-05-08T19:36:32.877,-10.0938,1.2240,-18.3894,0.0050,0.9792,0.0464,0.1977
2026-05-08T19:36:32.893,-10.0687,1.2240,-18.4491,0.0045,0.9781,0.0466,0.2029
2026-05-08T19:36:32.908,-10.0438,1.2240,-18.5064,0.0036,0.9770,0.0465,0.2080
2026-05-08T19:36:32.924,-10.0153,1.2239,-18.5702,0.0024,0.9758,0.0472,0.2136
2026-05-08T19:36:32.937,-9.9869,1.2239,-18.6323,0.0019,0.9746,0.0480,0.2187
2026-05-08T19:36:32.952,-9.9576,1.2239,-18.6959,0.0006,0.9735,0.0488,0.2235
2026-05-08T19:36:32.966,-9.9332,1.2240,-18.7467,-0.0008,0.9726,0.0499,0.2270
2026-05-08T19:36:32.980,-9.9051,1.2239,-18.8039,-0.0016,0.9714,0.0508,0.2321
2026-05-08T19:36:32.996,-9.8777,1.2240,-18.8596,-0.0022,0.9702,0.0515,0.2366
2026-05-08T19:36:33.011,-9.8516,1.2239,-18.9108,-0.0033,0.9695,0.0516,0.2395
2026-05-08T19:36:33.026,-9.8199,1.2239,-18.9715,-0.0046,0.9684,0.0508,0.2440
2026-05-08T19:36:33.040,-9.7907,1.2238,-19.0267,-0.0058,0.9675,0.0503,0.2478
2026-05-08T19:36:33.054,-9.7598,1.2237,-19.0844,-0.0065,0.9665,0.0492,0.2518
2026-05-08T19:36:33.068,-9.7276,1.2237,-19.1428,-0.0074,0.9658,0.0484,0.2546
2026-05-08T19:36:33.082,-9.6963,1.2234,-19.1985,-0.0084,0.9653,0.0481,0.2567
2026-05-08T19:36:33.096,-9.6647,1.2236,-19.2544,-0.0090,0.9645,0.0466,0.2597
2026-05-08T19:36:33.111,-9.6337,1.2233,-19.3091,-0.0095,0.9636,0.0459,0.2630
2026-05-08T19:36:33.126,-9.6035,1.2232,-19.3615,-0.0099,0.9634,0.0437,0.2643
2026-05-08T19:36:33.143,-9.5893,1.2231,-19.3856,-0.0104,0.9637,0.0429,0.2634
2026-05-08T19:36:33.163,-9.5808,1.2227,-19.4005,-0.0111,0.9640,0.0423,0.2622
2026-05-08T19:36:33.180,-9.5753,1.2227,-19.4108,-0.0105,0.9644,0.0401,0.2613
2026-05-08T19:36:33.195,-9.5714,1.2226,-19.4176,-0.0085,0.9643,0.0403,0.2617
2026-05-08T19:36:33.209,-9.5682,1.2225,-19.4233,-0.0087,0.9642,0.0401,0.2620
2026-05-08T19:36:33.223,-9.5651,1.2225,-19.4285,-0.0087,0.9643,0.0398,0.2618
2026-05-08T19:36:33.238,-9.5624,1.2225,-19.4333,-0.0085,0.9643,0.0393,0.2618
2026-05-08T19:36:33.254,-9.5576,1.2224,-19.4416,-0.0084,0.9644,0.0385,0.2616
2026-05-08T19:36:33.273,-9.5510,1.2224,-19.4528,-0.0082,0.9644,0.0382,0.2616
2026-05-08T19:36:33.288,-9.5414,1.2223,-19.4691,-0.0078,0.9642,0.0381,0.2622
2026-05-08T19:36:33.304,-9.5238,1.2223,-19.4990,-0.0077,0.9641,0.0379,0.2625
2026-05-08T19:36:33.319,-9.4988,1.2221,-19.5412,-0.0069,0.9640,0.0370,0.2632
2026-05-08T19:36:33.334,-9.4681,1.2220,-19.5930,-0.0067,0.9640,0.0362,0.2634
2026-05-08T19:36:33.357,-9.4331,1.2219,-19.6521,-0.0066,0.9638,0.0358,0.2640
2026-05-08T19:36:33.371,-9.3969,1.2218,-19.7129,-0.0060,0.9637,0.0350,0.2646
2026-05-08T19:36:33.385,-9.3373,1.2217,-19.8129,-0.0056,0.9635,0.0344,0.2653
2026-05-08T19:36:33.398,-9.3018,1.2217,-19.8722,-0.0054,0.9634,0.0342,0.2658
2026-05-08T19:36:33.412,-9.2671,1.2216,-19.9301,-0.0049,0.9632,0.0335,0.2665
2026-05-08T19:36:33.427,-9.2337,1.2215,-19.9856,-0.0044,0.9631,0.0330,0.2670
2026-05-08T19:36:33.440,-9.1969,1.2214,-20.0467,-0.0041,0.9630,0.0325,0.2674
2026-05-08T19:36:33.454,-9.1598,1.2213,-20.1080,-0.0037,0.9630,0.0318,0.2678
2026-05-08T19:36:33.468,-9.1235,1.2212,-20.1680,-0.0033,0.9629,0.0311,0.2681
2026-05-08T19:36:33.482,-9.0895,1.2211,-20.2241,-0.0032,0.9628,0.0310,0.2682
2026-05-08T19:36:33.496,-9.0517,1.2210,-20.2866,-0.0031,0.9627,0.0303,0.2687
2026-05-08T19:36:33.510,-9.0175,1.2209,-20.3429,-0.0025,0.9627,0.0297,0.2690
2026-05-08T19:36:33.524,-8.9807,1.2208,-20.4032,-0.0021,0.9625,0.0293,0.2696
2026-05-08T19:36:33.538,-8.9449,1.2207,-20.4619,-0.0018,0.9624,0.0286,0.2701
2026-05-08T19:36:33.552,-8.9092,1.2206,-20.5203,-0.0013,0.9623,0.0279,0.2707
2026-05-08T19:36:33.566,-8.8723,1.2204,-20.5804,-0.0012,0.9621,0.0269,0.2713
2026-05-08T19:36:33.580,-8.8358,1.2203,-20.6397,-0.0009,0.9620,0.0255,0.2720
2026-05-08T19:36:33.594,-8.7966,1.2202,-20.7031,-0.0007,0.9618,0.0249,0.2725
2026-05-08T19:36:33.609,-8.7615,1.2200,-20.7599,0.0001,0.9616,0.0236,0.2734
2026-05-08T19:36:33.623,-8.7260,1.2198,-20.8170,0.0004,0.9615,0.0221,0.2740
2026-05-08T19:36:33.638,-8.6890,1.2196,-20.8763,0.0009,0.9604,0.0203,0.2780
2026-05-08T19:36:33.652,-8.6537,1.2194,-20.9325,0.0012,0.9592,0.0180,0.2822
2026-05-08T19:36:33.666,-8.6143,1.2189,-20.9932,0.0014,0.9577,0.0151,0.2872
2026-05-08T19:36:33.679,-8.5784,1.2186,-21.0476,0.0018,0.9564,0.0123,0.2918
2026-05-08T19:36:33.694,-8.5434,1.2183,-21.1004,0.0020,0.9550,0.0093,0.2965
2026-05-08T19:36:33.707,-8.5077,1.2177,-21.1520,0.0030,0.9534,0.0070,0.3017
2026-05-08T19:36:33.721,-8.4697,1.2174,-21.2052,0.0021,0.9515,0.0061,0.3077
2026-05-08T19:36:33.736,-8.4322,1.2175,-21.2571,0.0024,0.9492,0.0062,0.3145
2026-05-08T19:36:33.750,-8.3959,1.2176,-21.3054,0.0029,0.9469,0.0086,0.3213
2026-05-08T19:36:33.763,-8.3541,1.2174,-21.3591,0.0023,0.9442,0.0107,0.3291
2026-05-08T19:36:33.777,-8.3151,1.2174,-21.4070,0.0021,0.9419,0.0122,0.3358
2026-05-08T19:36:33.791,-8.2749,1.2175,-21.4565,0.0026,0.9390,0.0131,0.3438
2026-05-08T19:36:33.805,-8.2353,1.2174,-21.5025,0.0019,0.9366,0.0150,0.3500
2026-05-08T19:36:33.819,-8.1932,1.2178,-21.5503,0.0027,0.9341,0.0152,0.3566
2026-05-08T19:36:33.833,-8.1491,1.2179,-21.5996,0.0027,0.9317,0.0161,0.3627
2026-05-08T19:36:33.847,-8.1087,1.2179,-21.6429,0.0026,0.9295,0.0171,0.3685
2026-05-08T19:36:33.860,-8.0633,1.2180,-21.6907,0.0026,0.9270,0.0179,0.3747
2026-05-08T19:36:33.874,-8.0216,1.2180,-21.7340,0.0027,0.9249,0.0186,0.3797
2026-05-08T19:36:33.889,-7.9791,1.2180,-21.7767,0.0030,0.9229,0.0187,0.3847
2026-05-08T19:36:33.903,-7.9325,1.2181,-21.8225,0.0033,0.9208,0.0186,0.3896
2026-05-08T19:36:33.916,-7.8870,1.2181,-21.8663,0.0034,0.9186,0.0187,0.3946
2026-05-08T19:36:33.930,-7.8399,1.2182,-21.9113,0.0038,0.9165,0.0195,0.3995
2026-05-08T19:36:33.944,-7.7973,1.2183,-21.9505,0.0040,0.9146,0.0203,0.4038
2026-05-08T19:36:33.957,-7.7506,1.2184,-21.9927,0.0047,0.9125,0.0210,0.4084
2026-05-08T19:36:33.973,-7.7049,1.2185,-22.0338,0.0051,0.9103,0.0216,0.4134
2026-05-08T19:36:33.986,-7.6585,1.2186,-22.0741,0.0053,0.9081,0.0219,0.4181
2026-05-08T19:36:34.000,-7.6060,1.2187,-22.1187,0.0057,0.9055,0.0220,0.4237
2026-05-08T19:36:34.014,-7.5583,1.2188,-22.1586,0.0060,0.9031,0.0223,0.4288
2026-05-08T19:36:34.028,-7.5104,1.2188,-22.1974,0.0064,0.9006,0.0221,0.4340
2026-05-08T19:36:34.041,-7.4623,1.2188,-22.2354,0.0068,0.8981,0.0217,0.4393
2026-05-08T19:36:34.055,-7.4107,1.2188,-22.2757,0.0071,0.8953,0.0209,0.4449
2026-05-08T19:36:34.069,-7.3630,1.2188,-22.3115,0.0072,0.8927,0.0201,0.4502
2026-05-08T19:36:34.083,-7.3140,1.2187,-22.3473,0.0075,0.8900,0.0189,0.4555
2026-05-08T19:36:34.096,-7.2606,1.2186,-22.3855,0.0077,0.8871,0.0176,0.4612
2026-05-08T19:36:34.110,-7.2113,1.2185,-22.4203,0.0079,0.8845,0.0157,0.4662
2026-05-08T19:36:34.124,-7.1623,1.2184,-22.4537,0.0081,0.8820,0.0144,0.4710
2026-05-08T19:36:34.138,-7.1106,1.2182,-22.4881,0.0084,0.8793,0.0121,0.4761
2026-05-08T19:36:34.152,-7.0597,1.2180,-22.5217,0.0083,0.8766,0.0097,0.4810
2026-05-08T19:36:34.166,-7.0074,1.2176,-22.5550,0.0093,0.8737,0.0067,0.4864
2026-05-08T19:36:34.179,-6.9545,1.2172,-22.5879,0.0099,0.8707,0.0035,0.4916
2026-05-08T19:36:34.193,-6.9011,1.2168,-22.6207,0.0105,0.8678,0.0011,0.4968
2026-05-08T19:36:34.207,-6.8522,1.2164,-22.6493,0.0112,0.8651,-0.0033,0.5014
2026-05-08T19:36:34.220,-6.7913,1.2157,-22.6841,0.0118,0.8614,-0.0063,0.5077
2026-05-08T19:36:34.234,-6.7464,1.2153,-22.7096,0.0127,0.8583,-0.0094,0.5129
2026-05-08T19:36:34.247,-6.6936,1.2151,-22.7379,0.0127,0.8541,-0.0110,0.5198
2026-05-08T19:36:34.261,-6.6393,1.2149,-22.7657,0.0140,0.8507,-0.0115,0.5253
2026-05-08T19:36:34.275,-6.5882,1.2146,-22.7917,0.0134,0.8472,-0.0114,0.5309
2026-05-08T19:36:34.289,-6.5346,1.2146,-22.8177,0.0124,0.8444,-0.0104,0.5355
2026-05-08T19:36:34.304,-6.4787,1.2145,-22.8438,0.0123,0.8405,-0.0095,0.5416
2026-05-08T19:36:34.317,-6.4271,1.2143,-22.8669,0.0120,0.8365,-0.0090,0.5478
2026-05-08T19:36:34.332,-6.3725,1.2142,-22.8913,0.0121,0.8322,-0.0090,0.5543
2026-05-08T19:36:34.349,-6.3225,1.2141,-22.9119,0.0123,0.8275,-0.0090,0.5612
2026-05-08T19:36:34.367,-6.2659,1.2140,-22.9343,0.0117,0.8233,-0.0087,0.5674
2026-05-08T19:36:34.385,-6.2063,1.2140,-22.9570,0.0113,0.8188,-0.0079,0.5739
2026-05-08T19:36:34.405,-6.1372,1.2140,-22.9828,0.0106,0.8132,-0.0069,0.5819
2026-05-08T19:36:34.421,-6.0774,1.2141,-23.0033,0.0104,0.8085,-0.0060,0.5883
2026-05-08T19:36:34.438,-6.0014,1.2141,-23.0280,0.0102,0.8027,-0.0054,0.5963
2026-05-08T19:36:34.454,-5.9444,1.2142,-23.0454,0.0104,0.7984,-0.0051,0.6021
2026-05-08T19:36:34.471,-5.8792,1.2143,-23.0642,0.0105,0.7932,-0.0048,0.6088
2026-05-08T19:36:34.486,-5.8245,1.2143,-23.0790,0.0109,0.7889,-0.0048,0.6144
2026-05-08T19:36:34.503,-5.7613,1.2144,-23.0950,0.0110,0.7839,-0.0047,0.6208
2026-05-08T19:36:34.523,-5.7043,1.2145,-23.1092,0.0111,0.7793,-0.0046,0.6265
2026-05-08T19:36:34.544,-5.6366,1.2146,-23.1242,0.0110,0.7746,-0.0044,0.6323
2026-05-08T19:36:34.563,-5.5605,1.2146,-23.1398,0.0109,0.7690,-0.0039,0.6392
2026-05-08T19:36:34.580,-5.4757,1.2147,-23.1556,0.0106,0.7631,-0.0035,0.6462
2026-05-08T19:36:34.598,-5.3971,1.2147,-23.1689,0.0101,0.7582,-0.0035,0.6520
2026-05-08T19:36:34.614,-5.3267,1.2147,-23.1798,0.0097,0.7545,-0.0028,0.6563
2026-05-08T19:36:34.630,-5.2472,1.2147,-23.1911,0.0092,0.7508,-0.0026,0.6605
2026-05-08T19:36:34.649,-5.1760,1.2146,-23.2004,0.0095,0.7478,-0.0029,0.6639
2026-05-08T19:36:34.669,-5.0952,1.2146,-23.2102,0.0091,0.7449,-0.0031,0.6671
2026-05-08T19:36:34.688,-5.0104,1.2145,-23.2196,0.0089,0.7422,-0.0032,0.6701
2026-05-08T19:36:34.707,-4.9155,1.2145,-23.2295,0.0089,0.7399,-0.0044,0.6726
2026-05-08T19:36:34.724,-4.8190,1.2145,-23.2388,0.0088,0.7399,-0.0045,0.6727
2026-05-08T19:36:34.743,-4.7259,1.2145,-23.2476,0.0088,0.7401,-0.0045,0.6725
2026-05-08T19:36:34.759,-4.6473,1.2145,-23.2552,0.0088,0.7401,-0.0039,0.6724
2026-05-08T19:36:34.779,-4.5513,1.2146,-23.2643,0.0089,0.7401,-0.0042,0.6724
2026-05-08T19:36:34.798,-4.4716,1.2147,-23.2719,0.0090,0.7405,-0.0038,0.6719
2026-05-08T19:36:34.818,-4.3776,1.2147,-23.2812,0.0089,0.7405,-0.0041,0.6720
2026-05-08T19:36:34.839,-4.2826,1.2147,-23.2904,0.0091,0.7406,-0.0036,0.6719
2026-05-08T19:36:34.857,-4.1866,1.2147,-23.2998,0.0095,0.7405,-0.0033,0.6720
2026-05-08T19:36:34.875,-4.0787,1.2148,-23.3103,0.0096,0.7405,-0.0032,0.6719
2026-05-08T19:36:34.891,-3.9924,1.2148,-23.3187,0.0096,0.7407,-0.0033,0.6718
2026-05-08T19:36:34.909,-3.9076,1.2148,-23.3270,0.0096,0.7410,-0.0036,0.6714
2026-05-08T19:36:34.928,-3.8247,1.2148,-23.3353,0.0095,0.7412,-0.0037,0.6712
2026-05-08T19:36:34.948,-3.7390,1.2149,-23.3438,0.0094,0.7414,-0.0035,0.6709
2026-05-08T19:36:34.969,-3.6469,1.2149,-23.3531,0.0094,0.7418,-0.0036,0.6706
2026-05-08T19:36:34.989,-3.5483,1.2149,-23.3632,0.0090,0.7400,-0.0040,0.6725
2026-05-08T19:36:35.010,-3.4486,1.2147,-23.3728,0.0091,0.7370,-0.0041,0.6758
2026-05-08T19:36:35.029,-3.3557,1.2145,-23.3809,0.0089,0.7339,-0.0041,0.6792
2026-05-08T19:36:35.046,-3.2581,1.2145,-23.3884,0.0089,0.7295,-0.0040,0.6839
2026-05-08T19:36:35.064,-3.1715,1.2145,-23.3940,0.0088,0.7255,-0.0040,0.6881
2026-05-08T19:36:35.083,-3.0953,1.2146,-23.3986,0.0088,0.7213,-0.0041,0.6926
2026-05-08T19:36:35.104,-3.0158,1.2146,-23.4018,0.0087,0.7164,-0.0041,0.6976
2026-05-08T19:36:35.124,-2.9368,1.2146,-23.4039,0.0088,0.7110,-0.0039,0.7031
2026-05-08T19:36:35.144,-2.8454,1.2145,-23.4050,0.0088,0.7045,-0.0043,0.7097
2026-05-08T19:36:35.164,-2.7660,1.2145,-23.4045,0.0087,0.6986,-0.0047,0.7154
2026-05-08T19:36:35.182,-2.6819,1.2144,-23.4026,0.0085,0.6924,-0.0050,0.7214
2026-05-08T19:36:35.201,-2.6037,1.2143,-23.3995,0.0078,0.6858,-0.0053,0.7277
2026-05-08T19:36:35.219,-2.5319,1.2143,-23.3952,0.0075,0.6793,-0.0054,0.7338
2026-05-08T19:36:35.239,-2.4562,1.2142,-23.3895,0.0072,0.6723,-0.0061,0.7403
2026-05-08T19:36:35.259,-2.3962,1.2141,-23.3838,0.0071,0.6657,-0.0072,0.7461
2026-05-08T19:36:35.278,-2.3227,1.2139,-23.3756,0.0067,0.6572,-0.0080,0.7536
2026-05-08T19:36:35.300,-2.2552,1.2138,-23.3663,0.0073,0.6487,-0.0081,0.7610
2026-05-08T19:36:35.320,-2.1912,1.2138,-23.3561,0.0072,0.6405,-0.0082,0.7679
2026-05-08T19:36:35.339,-2.1177,1.2138,-23.3427,0.0074,0.6304,-0.0081,0.7762
2026-05-08T19:36:35.357,-2.0545,1.2137,-23.3295,0.0077,0.6210,-0.0083,0.7837
2026-05-08T19:36:35.377,-1.9953,1.2136,-23.3156,0.0075,0.6115,-0.0090,0.7911
2026-05-08T19:36:35.395,-1.9430,1.2135,-23.3020,0.0079,0.6026,-0.0092,0.7980
2026-05-08T19:36:35.413,-1.8909,1.2135,-23.2872,0.0077,0.5924,-0.0086,0.8056
2026-05-08T19:36:35.431,-1.8404,1.2135,-23.2714,0.0074,0.5822,-0.0082,0.8130
2026-05-08T19:36:35.448,-1.7962,1.2135,-23.2566,0.0077,0.5738,-0.0057,0.8189
2026-05-08T19:36:35.465,-1.7529,1.2135,-23.2410,0.0084,0.5635,-0.0065,0.8260
2026-05-08T19:36:35.483,-1.7167,1.2133,-23.2280,0.0096,0.5547,-0.0076,0.8320
2026-05-08T19:36:35.503,-1.6800,1.2130,-23.2129,0.0110,0.5462,-0.0081,0.8375
2026-05-08T19:36:35.522,-1.6488,1.2128,-23.1994,0.0120,0.5364,-0.0086,0.8438
2026-05-08T19:36:35.543,-1.6151,1.2125,-23.1839,0.0136,0.5251,-0.0108,0.8509
2026-05-08T19:36:35.563,-1.5899,1.2124,-23.1713,0.0150,0.5134,-0.0113,0.8580
2026-05-08T19:36:35.581,-1.5641,1.2122,-23.1575,0.0142,0.5000,-0.0113,0.8658
2026-05-08T19:36:35.600,-1.5402,1.2122,-23.1438,0.0149,0.4870,-0.0127,0.8732
2026-05-08T19:36:35.618,-1.5213,1.2122,-23.1320,0.0150,0.4757,-0.0117,0.8794
2026-05-08T19:36:35.636,-1.5018,1.2122,-23.1192,0.0150,0.4627,-0.0116,0.8863
2026-05-08T19:36:35.654,-1.4837,1.2121,-23.1065,0.0152,0.4498,-0.0120,0.8929
2026-05-08T19:36:35.672,-1.4670,1.2121,-23.0939,0.0158,0.4369,-0.0115,0.8993
2026-05-08T19:36:35.689,-1.4514,1.2121,-23.0815,0.0161,0.4246,-0.0113,0.9052
2026-05-08T19:36:35.708,-1.4355,1.2121,-23.0682,0.0162,0.4119,-0.0112,0.9110
2026-05-08T19:36:35.726,-1.4206,1.2121,-23.0550,0.0164,0.3991,-0.0107,0.9167
2026-05-08T19:36:35.745,-1.4046,1.2122,-23.0415,0.0164,0.3861,-0.0103,0.9223
2026-05-08T19:36:35.765,-1.3896,1.2123,-23.0267,0.0164,0.3732,-0.0099,0.9275
2026-05-08T19:36:35.784,-1.3738,1.2122,-23.0103,0.0156,0.3622,-0.0090,0.9319
2026-05-08T19:36:35.803,-1.3562,1.2122,-22.9913,0.0171,0.3473,-0.0097,0.9376
2026-05-08T19:36:35.823,-1.3280,1.2122,-22.9586,0.0178,0.3343,-0.0095,0.9422
2026-05-08T19:36:35.842,-1.2924,1.2121,-22.9148,0.0178,0.3244,-0.0092,0.9457
2026-05-08T19:36:35.862,-1.2486,1.2121,-22.8588,0.0177,0.3191,-0.0090,0.9475
2026-05-08T19:36:35.880,-1.2177,1.2122,-22.8183,0.0175,0.3195,-0.0090,0.9474
2026-05-08T19:36:35.900,-1.1904,1.2122,-22.7826,0.0176,0.3205,-0.0085,0.9471
2026-05-08T19:36:35.918,-1.1667,1.2122,-22.7518,0.0175,0.3214,-0.0095,0.9467
2026-05-08T19:36:35.938,-1.1482,1.2122,-22.7279,0.0173,0.3254,-0.0087,0.9454
2026-05-08T19:36:35.958,-1.1257,1.2122,-22.6993,0.0172,0.3346,-0.0093,0.9421
2026-05-08T19:36:35.979,-1.1003,1.2122,-22.6684,0.0170,0.3488,-0.0091,0.9370
2026-05-08T19:36:35.998,-1.0780,1.2122,-22.6427,0.0167,0.3622,-0.0099,0.9319
2026-05-08T19:36:36.016,-1.0540,1.2122,-22.6170,0.0164,0.3779,-0.0097,0.9256
2026-05-08T19:36:36.034,-1.0335,1.2123,-22.5962,0.0163,0.3911,-0.0108,0.9201
2026-05-08T19:36:36.052,-1.0138,1.2123,-22.5773,0.0162,0.4035,-0.0107,0.9148
2026-05-08T19:36:36.069,-0.9953,1.2123,-22.5607,0.0160,0.4172,-0.0112,0.9086
2026-05-08T19:36:36.087,-0.9867,1.2123,-22.5534,0.0159,0.4290,-0.0117,0.9031
2026-05-08T19:36:36.106,-0.9848,1.2123,-22.5520,0.0156,0.4421,-0.0119,0.8967
2026-05-08T19:36:36.123,-0.9862,1.2123,-22.5516,0.0153,0.4547,-0.0119,0.8904
2026-05-08T19:36:36.140,-0.9949,1.2124,-22.5581,0.0151,0.4677,-0.0122,0.8837
2026-05-08T19:36:36.157,-1.0034,1.2124,-22.5639,0.0149,0.4795,-0.0117,0.8773
2026-05-08T19:36:36.173,-1.0122,1.2124,-22.5696,0.0148,0.4909,-0.0125,0.8710
2026-05-08T19:36:36.188,-1.0215,1.2124,-22.5753,0.0143,0.5026,-0.0119,0.8643
2026-05-08T19:36:36.204,-1.0310,1.2125,-22.5809,0.0142,0.5145,-0.0121,0.8573
2026-05-08T19:36:36.218,-1.0386,1.2125,-22.5849,0.0139,0.5240,-0.0123,0.8515
2026-05-08T19:36:36.234,-1.0477,1.2126,-22.5885,0.0138,0.5345,-0.0127,0.8450
2026-05-08T19:36:36.250,-1.0509,1.2126,-22.5902,0.0134,0.5443,-0.0130,0.8387
2026-05-08T19:36:36.265,-1.0531,1.2126,-22.5912,0.0134,0.5554,-0.0132,0.8314
2026-05-08T19:36:36.280,-1.0484,1.2127,-22.5893,0.0132,0.5647,-0.0135,0.8251
2026-05-08T19:36:36.296,-1.0399,1.2127,-22.5850,0.0131,0.5749,-0.0136,0.8180
2026-05-08T19:36:36.311,-1.0248,1.2127,-22.5796,0.0129,0.5845,-0.0139,0.8112
2026-05-08T19:36:36.327,-1.0037,1.2126,-22.5726,0.0131,0.5944,-0.0135,0.8039
2026-05-08T19:36:36.342,-0.9817,1.2126,-22.5658,0.0128,0.6036,-0.0142,0.7971
2026-05-08T19:36:36.357,-0.9497,1.2126,-22.5559,0.0126,0.6128,-0.0142,0.7900
2026-05-08T19:36:36.372,-0.9180,1.2126,-22.5477,0.0125,0.6205,-0.0139,0.7840
2026-05-08T19:36:36.386,-0.8755,1.2126,-22.5377,0.0123,0.6281,-0.0144,0.7779
2026-05-08T19:36:36.400,-0.8284,1.2126,-22.5274,0.0119,0.6354,-0.0142,0.7719
2026-05-08T19:36:36.415,-0.7875,1.2127,-22.5186,0.0118,0.6414,-0.0141,0.7670
2026-05-08T19:36:36.429,-0.7326,1.2127,-22.5086,0.0116,0.6474,-0.0140,0.7619
2026-05-08T19:36:36.443,-0.6813,1.2127,-22.5002,0.0116,0.6527,-0.0141,0.7574
2026-05-08T19:36:36.457,-0.6198,1.2127,-22.4910,0.0115,0.6583,-0.0143,0.7525
2026-05-08T19:36:36.471,-0.5674,1.2127,-22.4833,0.0115,0.6629,-0.0145,0.7484
2026-05-08T19:36:36.485,-0.5122,1.2127,-22.4765,0.0114,0.6675,-0.0145,0.7444
2026-05-08T19:36:36.499,-0.4531,1.2127,-22.4699,0.0114,0.6722,-0.0145,0.7401
2026-05-08T19:36:36.513,-0.3967,1.2127,-22.4638,0.0114,0.6767,-0.0144,0.7360
2026-05-08T19:36:36.527,-0.3380,1.2126,-22.4587,0.0115,0.6813,-0.0137,0.7318
2026-05-08T19:36:36.539,-0.2814,1.2126,-22.4545,0.0113,0.6854,-0.0142,0.7280
2026-05-08T19:36:36.554,-0.2234,1.2127,-22.4505,0.0113,0.6897,-0.0140,0.7238
2026-05-08T19:36:36.567,-0.1689,1.2127,-22.4477,0.0114,0.6936,-0.0140,0.7201
2026-05-08T19:36:36.581,-0.1112,1.2127,-22.4454,0.0114,0.6978,-0.0141,0.7160
2026-05-08T19:36:36.595,-0.0504,1.2127,-22.4433,0.0113,0.7021,-0.0142,0.7118
2026-05-08T19:36:36.609,0.0049,1.2127,-22.4424,0.0113,0.7058,-0.0142,0.7081
2026-05-08T19:36:36.623,0.0680,1.2127,-22.4421,0.0113,0.7101,-0.0141,0.7039
2026-05-08T19:36:36.636,0.1261,1.2128,-22.4425,0.0113,0.7138,-0.0140,0.7001
2026-05-08T19:36:36.650,0.1879,1.2128,-22.4431,0.0113,0.7178,-0.0140,0.6960
2026-05-08T19:36:36.664,0.2447,1.2129,-22.4447,0.0114,0.7213,-0.0140,0.6923
2026-05-08T19:36:36.678,0.3062,1.2129,-22.4472,0.0114,0.7249,-0.0139,0.6886
2026-05-08T19:36:36.692,0.3689,1.2129,-22.4499,0.0114,0.7282,-0.0137,0.6852
2026-05-08T19:36:36.714,0.4331,1.2129,-22.4536,0.0114,0.7308,-0.0138,0.6823
2026-05-08T19:36:36.728,0.5010,1.2129,-22.4580,0.0112,0.7332,-0.0135,0.6798
2026-05-08T19:36:36.742,0.6021,1.2130,-22.4655,0.0111,0.7366,-0.0132,0.6761
2026-05-08T19:36:36.755,0.6709,1.2130,-22.4713,0.0108,0.7388,-0.0130,0.6737
2026-05-08T19:36:36.769,0.7333,1.2131,-22.4767,0.0108,0.7403,-0.0128,0.6721
2026-05-08T19:36:36.784,0.8002,1.2131,-22.4830,0.0107,0.7418,-0.0125,0.6705
2026-05-08T19:36:36.798,0.8741,1.2131,-22.4903,0.0102,0.7418,-0.0121,0.6704
2026-05-08T19:36:36.812,0.9411,1.2132,-22.4970,0.0107,0.7417,-0.0122,0.6705
2026-05-08T19:36:36.826,1.0098,1.2132,-22.5039,0.0109,0.7417,-0.0120,0.6706
2026-05-08T19:36:36.840,1.0797,1.2133,-22.5108,0.0110,0.7416,-0.0118,0.6707
2026-05-08T19:36:36.854,1.1503,1.2133,-22.5178,0.0110,0.7415,-0.0113,0.6708
2026-05-08T19:36:36.868,1.2177,1.2134,-22.5244,0.0109,0.7414,-0.0107,0.6709
2026-05-08T19:36:36.882,1.2881,1.2134,-22.5314,0.0109,0.7413,-0.0106,0.6710
2026-05-08T19:36:36.895,1.3633,1.2134,-22.5388,0.0107,0.7413,-0.0104,0.6710
2026-05-08T19:36:36.910,1.4300,1.2135,-22.5454,0.0107,0.7412,-0.0104,0.6711
2026-05-08T19:36:36.923,1.4938,1.2135,-22.5517,0.0108,0.7413,-0.0101,0.6711
2026-05-08T19:36:36.937,1.5689,1.2135,-22.5591,0.0108,0.7413,-0.0102,0.6710
2026-05-08T19:36:36.951,1.6349,1.2135,-22.5656,0.0108,0.7413,-0.0102,0.6710
2026-05-08T19:36:36.966,1.7044,1.2136,-22.5725,0.0110,0.7412,-0.0102,0.6711
2026-05-08T19:36:36.979,1.7729,1.2135,-22.5792,0.0111,0.7411,-0.0102,0.6712
2026-05-08T19:36:36.993,1.8460,1.2135,-22.5864,0.0112,0.7411,-0.0103,0.6712
2026-05-08T19:36:37.007,1.9134,1.2135,-22.5930,0.0112,0.7410,-0.0103,0.6713
2026-05-08T19:36:37.021,1.9825,1.2135,-22.5998,0.0112,0.7410,-0.0100,0.6714
2026-05-08T19:36:37.035,2.0539,1.2135,-22.6068,0.0111,0.7409,-0.0098,0.6715
2026-05-08T19:36:37.049,2.1193,1.2135,-22.6131,0.0109,0.7408,-0.0095,0.6716
2026-05-08T19:36:37.063,2.1954,1.2135,-22.6206,0.0108,0.7406,-0.0093,0.6718
2026-05-08T19:36:37.076,2.2602,1.2135,-22.6268,0.0104,0.7405,-0.0087,0.6719
2026-05-08T19:36:37.091,2.3274,1.2136,-22.6334,0.0110,0.7402,-0.0085,0.6722
2026-05-08T19:36:37.105,2.3945,1.2136,-22.6399,0.0103,0.7404,-0.0082,0.6721
2026-05-08T19:36:37.118,2.4667,1.2136,-22.6469,0.0104,0.7406,-0.0086,0.6718
2026-05-08T19:36:37.133,2.5401,1.2136,-22.6541,0.0102,0.7406,-0.0088,0.6718
2026-05-08T19:36:37.146,2.6041,1.2136,-22.6603,0.0102,0.7405,-0.0091,0.6719
2026-05-08T19:36:37.160,2.6755,1.2136,-22.6672,0.0102,0.7404,-0.0091,0.6721
2026-05-08T19:36:37.174,2.7428,1.2136,-22.6737,0.0104,0.7401,-0.0091,0.6724
2026-05-08T19:36:37.188,2.8123,1.2137,-22.6804,0.0105,0.7399,-0.0088,0.6725
2026-05-08T19:36:37.202,2.8867,1.2137,-22.6875,0.0103,0.7398,-0.0086,0.6727
2026-05-08T19:36:37.216,2.9536,1.2137,-22.6938,0.0103,0.7397,-0.0086,0.6728
2026-05-08T19:36:37.230,3.0240,1.2137,-22.7004,0.0103,0.7397,-0.0088,0.6728
2026-05-08T19:36:37.245,3.0912,1.2136,-22.7068,0.0101,0.7394,-0.0086,0.6731
2026-05-08T19:36:37.257,3.1618,1.2136,-22.7134,0.0099,0.7394,-0.0083,0.6732
2026-05-08T19:36:37.272,3.2319,1.2136,-22.7199,0.0097,0.7392,-0.0080,0.6734
2026-05-08T19:36:37.287,3.2963,1.2137,-22.7259,0.0095,0.7390,-0.0079,0.6736
2026-05-08T19:36:37.300,3.3707,1.2137,-22.7328,0.0096,0.7388,-0.0077,0.6738
2026-05-08T19:36:37.314,3.4406,1.2138,-22.7392,0.0095,0.7387,-0.0075,0.6740
2026-05-08T19:36:37.327,3.5083,1.2138,-22.7454,0.0092,0.7384,-0.0073,0.6742
2026-05-08T19:36:37.341,3.5787,1.2139,-22.7518,0.0092,0.7383,-0.0071,0.6744
2026-05-08T19:36:37.355,3.6435,1.2139,-22.7577,0.0089,0.7383,-0.0069,0.6744
2026-05-08T19:36:37.370,3.7132,1.2139,-22.7640,0.0087,0.7382,-0.0068,0.6745
2026-05-08T19:36:37.384,3.7810,1.2139,-22.7701,0.0088,0.7382,-0.0063,0.6745
2026-05-08T19:36:37.397,3.8631,1.2139,-22.7776,0.0084,0.7381,-0.0062,0.6746
2026-05-08T19:36:37.410,3.9220,1.2139,-22.7829,0.0079,0.7382,-0.0059,0.6746
2026-05-08T19:36:37.424,3.9936,1.2139,-22.7894,0.0082,0.7382,-0.0065,0.6745
2026-05-08T19:36:37.439,4.0572,1.2138,-22.7952,0.0081,0.7383,-0.0065,0.6744
2026-05-08T19:36:37.453,4.1267,1.2138,-22.8016,0.0079,0.7384,-0.0063,0.6743
2026-05-08T19:36:37.467,4.2027,1.2138,-22.8087,0.0076,0.7383,-0.0064,0.6744
2026-05-08T19:36:37.480,4.2701,1.2138,-22.8149,0.0077,0.7385,-0.0066,0.6742
2026-05-08T19:36:37.494,4.3410,1.2138,-22.8214,0.0077,0.7386,-0.0063,0.6740
2026-05-08T19:36:37.509,4.4028,1.2138,-22.8271,0.0075,0.7385,-0.0064,0.6741
2026-05-08T19:36:37.522,4.4748,1.2138,-22.8337,0.0075,0.7385,-0.0063,0.6742
2026-05-08T19:36:37.536,4.5443,1.2138,-22.8401,0.0075,0.7384,-0.0063,0.6743
2026-05-08T19:36:37.550,4.6112,1.2138,-22.8462,0.0073,0.7383,-0.0063,0.6744
2026-05-08T19:36:37.564,4.6828,1.2138,-22.8527,0.0071,0.7381,-0.0063,0.6746
2026-05-08T19:36:37.578,4.7499,1.2138,-22.8588,0.0072,0.7381,-0.0063,0.6746
2026-05-08T19:36:37.592,4.8239,1.2138,-22.8654,0.0073,0.7379,-0.0063,0.6749
2026-05-08T19:36:37.606,4.8882,1.2139,-22.8712,0.0073,0.7378,-0.0060,0.6750
2026-05-08T19:36:37.619,4.9591,1.2139,-22.8776,0.0075,0.7376,-0.0059,0.6752
2026-05-08T19:36:37.634,5.0313,1.2140,-22.8841,0.0076,0.7375,-0.0058,0.6753
2026-05-08T19:36:37.648,5.0941,1.2140,-22.8896,0.0076,0.7373,-0.0053,0.6755
2026-05-08T19:36:37.661,5.1671,1.2141,-22.8960,0.0075,0.7370,-0.0050,0.6758
2026-05-08T19:36:37.675,5.2370,1.2141,-22.9020,0.0077,0.7370,-0.0044,0.6759
2026-05-08T19:36:37.689,5.2992,1.2142,-22.9074,0.0075,0.7367,-0.0035,0.6762
2026-05-08T19:36:37.704,5.3694,1.2143,-22.9134,0.0079,0.7362,-0.0031,0.6767
2026-05-08T19:36:37.717,5.4401,1.2143,-22.9193,0.0073,0.7341,-0.0017,0.6790
2026-05-08T19:36:37.731,5.5136,1.2144,-22.9251,0.0066,0.7317,0.0009,0.6816
2026-05-08T19:36:37.745,5.5742,1.2147,-22.9292,0.0070,0.7289,0.0028,0.6846
2026-05-08T19:36:37.758,5.6404,1.2148,-22.9332,0.0066,0.7255,0.0052,0.6881
2026-05-08T19:36:37.773,5.7055,1.2149,-22.9367,0.0061,0.7221,0.0067,0.6917
2026-05-08T19:36:37.787,5.7660,1.2151,-22.9391,0.0056,0.7182,0.0077,0.6957
2026-05-08T19:36:37.801,5.8345,1.2154,-22.9409,0.0046,0.7137,0.0094,0.7004
2026-05-08T19:36:37.815,5.8981,1.2158,-22.9420,0.0049,0.7091,0.0126,0.7050
2026-05-08T19:36:37.828,5.9632,1.2161,-22.9420,0.0045,0.7043,0.0154,0.7097
2026-05-08T19:36:37.842,6.0239,1.2162,-22.9412,0.0022,0.6993,0.0183,0.7145
2026-05-08T19:36:37.856,6.0820,1.2169,-22.9400,0.0029,0.6943,0.0203,0.7194
2026-05-08T19:36:37.871,6.1450,1.2168,-22.9372,0.0010,0.6889,0.0248,0.7244
2026-05-08T19:36:37.884,6.2037,1.2177,-22.9342,0.0033,0.6835,0.0252,0.7295
2026-05-08T19:36:37.898,6.2671,1.2172,-22.9297,0.0011,0.6786,0.0285,0.7339
2026-05-08T19:36:37.912,6.3252,1.2176,-22.9255,0.0017,0.6738,0.0284,0.7383
2026-05-08T19:36:37.926,6.3831,1.2178,-22.9200,0.0022,0.6693,0.0283,0.7425
2026-05-08T19:36:37.940,6.4416,1.2179,-22.9139,0.0020,0.6646,0.0290,0.7467
2026-05-08T19:36:37.954,6.4994,1.2181,-22.9074,0.0024,0.6595,0.0295,0.7511
2026-05-08T19:36:37.968,6.5552,1.2181,-22.9001,0.0027,0.6549,0.0298,0.7551
2026-05-08T19:36:37.981,6.6115,1.2182,-22.8921,0.0032,0.6502,0.0298,0.7591
2026-05-08T19:36:37.995,6.6728,1.2182,-22.8826,0.0031,0.6451,0.0297,0.7635
2026-05-08T19:36:38.009,6.7225,1.2182,-22.8748,0.0035,0.6409,0.0295,0.7670
2026-05-08T19:36:38.023,6.7789,1.2181,-22.8646,0.0036,0.6360,0.0293,0.7711
2026-05-08T19:36:38.037,6.8348,1.2181,-22.8538,0.0037,0.6309,0.0291,0.7753
2026-05-08T19:36:38.051,6.8905,1.2181,-22.8428,0.0036,0.6254,0.0288,0.7798
2026-05-08T19:36:38.065,6.9466,1.2180,-22.8304,0.0038,0.6197,0.0285,0.7843
2026-05-08T19:36:38.079,6.9965,1.2180,-22.8185,0.0036,0.6144,0.0284,0.7885
2026-05-08T19:36:38.093,7.0523,1.2179,-22.8050,0.0037,0.6084,0.0278,0.7931
2026-05-08T19:36:38.107,7.1049,1.2178,-22.7908,0.0040,0.6025,0.0267,0.7976
2026-05-08T19:36:38.120,7.1561,1.2177,-22.7762,0.0038,0.5966,0.0260,0.8021
2026-05-08T19:36:38.135,7.2087,1.2176,-22.7610,0.0044,0.5906,0.0250,0.8066
2026-05-08T19:36:38.149,7.2564,1.2175,-22.7459,0.0041,0.5845,0.0243,0.8110
2026-05-08T19:36:38.163,7.3106,1.2173,-22.7278,0.0044,0.5774,0.0231,0.8161
2026-05-08T19:36:38.176,7.3582,1.2172,-22.7110,0.0041,0.5706,0.0224,0.8209
2026-05-08T19:36:38.190,7.4075,1.2171,-22.6932,0.0041,0.5640,0.0225,0.8255
2026-05-08T19:36:38.204,7.4548,1.2171,-22.6748,0.0036,0.5575,0.0225,0.8298
2026-05-08T19:36:38.218,7.5013,1.2170,-22.6559,0.0026,0.5513,0.0227,0.8340
2026-05-08T19:36:38.232,7.5512,1.2170,-22.6353,0.0020,0.5444,0.0224,0.8385
2026-05-08T19:36:38.246,7.5945,1.2170,-22.6161,0.0011,0.5386,0.0226,0.8423
2026-05-08T19:36:38.259,7.6415,1.2172,-22.5944,0.0004,0.5319,0.0234,0.8465
2026-05-08T19:36:38.273,7.6884,1.2172,-22.5726,-0.0007,0.5244,0.0241,0.8511
2026-05-08T19:36:38.287,7.7263,1.2173,-22.5536,-0.0021,0.5182,0.0254,0.8549
2026-05-08T19:36:38.301,7.7711,1.2174,-22.5303,-0.0032,0.5109,0.0267,0.8592
2026-05-08T19:36:38.315,7.8128,1.2175,-22.5084,-0.0040,0.5038,0.0273,0.8633
2026-05-08T19:36:38.329,7.8547,1.2176,-22.4847,-0.0054,0.4965,0.0272,0.8676
2026-05-08T19:36:38.343,7.8944,1.2176,-22.4614,-0.0060,0.4889,0.0282,0.8719
2026-05-08T19:36:38.356,7.9343,1.2178,-22.4369,-0.0072,0.4815,0.0291,0.8759
2026-05-08T19:36:38.371,7.9718,1.2179,-22.4139,-0.0084,0.4740,0.0296,0.8800
2026-05-08T19:36:38.384,8.0082,1.2180,-22.3899,-0.0091,0.4663,0.0301,0.8841
2026-05-08T19:36:38.397,8.0481,1.2181,-22.3626,-0.0108,0.4581,0.0308,0.8883
2026-05-08T19:36:38.412,8.0809,1.2182,-22.3401,-0.0123,0.4509,0.0313,0.8919
2026-05-08T19:36:38.426,8.1154,1.2183,-22.3147,-0.0125,0.4436,0.0309,0.8956
2026-05-08T19:36:38.439,8.1511,1.2183,-22.2875,-0.0137,0.4359,0.0311,0.8994
2026-05-08T19:36:38.453,8.1858,1.2184,-22.2611,-0.0142,0.4281,0.0307,0.9031
2026-05-08T19:36:38.467,8.2189,1.2183,-22.2343,-0.0152,0.4205,0.0306,0.9067
2026-05-08T19:36:38.480,8.2523,1.2183,-22.2062,-0.0150,0.4129,0.0299,0.9102
2026-05-08T19:36:38.495,8.2850,1.2182,-22.1787,-0.0157,0.4053,0.0290,0.9136
2026-05-08T19:36:38.509,8.3185,1.2181,-22.1485,-0.0163,0.3972,0.0277,0.9172
2026-05-08T19:36:38.523,8.3488,1.2180,-22.1203,-0.0170,0.3897,0.0269,0.9204
2026-05-08T19:36:38.536,8.3819,1.2180,-22.0884,-0.0175,0.3812,0.0257,0.9240
2026-05-08T19:36:38.551,8.4125,1.2180,-22.0588,-0.0190,0.3731,0.0254,0.9272
2026-05-08T19:36:38.564,8.4412,1.2181,-22.0292,-0.0195,0.3656,0.0247,0.9302
2026-05-08T19:36:38.578,8.4721,1.2181,-21.9962,-0.0216,0.3572,0.0241,0.9335
2026-05-08T19:36:38.592,8.5024,1.2183,-21.9636,-0.0213,0.3489,0.0235,0.9366
2026-05-08T19:36:38.606,8.5283,1.2182,-21.9339,-0.0224,0.3416,0.0234,0.9393
2026-05-08T19:36:38.619,8.5580,1.2182,-21.8988,-0.0235,0.3329,0.0231,0.9424
2026-05-08T19:36:38.633,8.5850,1.2182,-21.8667,-0.0240,0.3251,0.0223,0.9451
2026-05-08T19:36:38.647,8.6100,1.2182,-21.8348,-0.0245,0.3178,0.0218,0.9476
2026-05-08T19:36:38.661,8.6383,1.2183,-21.7977,-0.0244,0.3093,0.0215,0.9504
2026-05-08T19:36:38.676,8.6630,1.2183,-21.7654,-0.0251,0.3018,0.0209,0.9528
2026-05-08T19:36:38.692,8.6878,1.2183,-21.7307,-0.0263,0.2942,0.0204,0.9552
2026-05-08T19:36:38.710,8.7163,1.2184,-21.6892,-0.0266,0.2856,0.0202,0.9578
2026-05-08T19:36:38.729,8.7484,1.2183,-21.6404,-0.0264,0.2783,0.0200,0.9599
2026-05-08T19:36:38.747,8.7867,1.2183,-21.5805,-0.0264,0.2712,0.0190,0.9620
2026-05-08T19:36:38.762,8.8325,1.2183,-21.5059,-0.0265,0.2635,0.0186,0.9641
2026-05-08T19:36:38.778,8.8732,1.2183,-21.4383,-0.0262,0.2586,0.0182,0.9655
2026-05-08T19:36:38.793,8.9081,1.2183,-21.3780,-0.0261,0.2543,0.0175,0.9666
2026-05-08T19:36:38.808,8.9438,1.2182,-21.3147,-0.0258,0.2503,0.0170,0.9677
2026-05-08T19:36:38.825,8.9786,1.2181,-21.2520,-0.0257,0.2463,0.0168,0.9687
2026-05-08T19:36:38.842,9.0133,1.2181,-21.1881,-0.0256,0.2427,0.0167,0.9696
2026-05-08T19:36:38.858,9.0527,1.2180,-21.1148,-0.0248,0.2388,0.0160,0.9706
2026-05-08T19:36:38.874,9.0904,1.2180,-21.0425,-0.0248,0.2360,0.0158,0.9713
2026-05-08T19:36:38.889,9.1249,1.2179,-20.9755,-0.0247,0.2356,0.0156,0.9714
2026-05-08T19:36:38.904,9.1602,1.2178,-20.9069,-0.0249,0.2351,0.0161,0.9715
2026-05-08T19:36:38.919,9.1944,1.2178,-20.8401,-0.0248,0.2346,0.0163,0.9716
2026-05-08T19:36:38.937,9.2288,1.2177,-20.7726,-0.0246,0.2344,0.0161,0.9717
2026-05-08T19:36:38.954,9.2611,1.2177,-20.7095,-0.0246,0.2318,0.0157,0.9723
2026-05-08T19:36:38.969,9.3020,1.2176,-20.6281,-0.0247,0.2276,0.0157,0.9733
2026-05-08T19:36:38.984,9.3352,1.2176,-20.5608,-0.0248,0.2235,0.0157,0.9743
2026-05-08T19:36:38.998,9.3680,1.2176,-20.4929,-0.0247,0.2189,0.0156,0.9753
2026-05-08T19:36:39.014,9.3956,1.2176,-20.4354,-0.0249,0.2148,0.0154,0.9762
2026-05-08T19:36:39.032,9.4238,1.2176,-20.3743,-0.0249,0.2106,0.0155,0.9771
2026-05-08T19:36:39.050,9.4541,1.2176,-20.3072,-0.0248,0.2059,0.0155,0.9781
2026-05-08T19:36:39.067,9.4877,1.2176,-20.2306,-0.0249,0.2007,0.0155,0.9792
2026-05-08T19:36:39.082,9.5203,1.2176,-20.1540,-0.0248,0.1955,0.0156,0.9803
2026-05-08T19:36:39.097,9.5500,1.2176,-20.0835,-0.0249,0.1904,0.0155,0.9813
2026-05-08T19:36:39.114,9.5742,1.2176,-20.0233,-0.0247,0.1860,0.0155,0.9821
2026-05-08T19:36:39.133,9.6003,1.2176,-19.9564,-0.0247,0.1809,0.0155,0.9831
2026-05-08T19:36:39.150,9.6272,1.2176,-19.8854,-0.0246,0.1752,0.0154,0.9841
2026-05-08T19:36:39.167,9.6575,1.2176,-19.8027,-0.0248,0.1686,0.0153,0.9852
2026-05-08T19:36:39.182,9.6812,1.2176,-19.7352,-0.0248,0.1630,0.0151,0.9862
2026-05-08T19:36:39.198,9.7062,1.2176,-19.6628,-0.0251,0.1568,0.0149,0.9872
2026-05-08T19:36:39.214,9.7265,1.2177,-19.6005,-0.0253,0.1513,0.0147,0.9881
2026-05-08T19:36:39.231,9.7485,1.2177,-19.5302,-0.0253,0.1450,0.0144,0.9890
2026-05-08T19:36:39.246,9.7673,1.2177,-19.4673,-0.0256,0.1395,0.0144,0.9898
2026-05-08T19:36:39.262,9.7881,1.2178,-19.3940,-0.0259,0.1330,0.0147,0.9907
2026-05-08T19:36:39.278,9.8058,1.2178,-19.3307,-0.0263,0.1272,0.0149,0.9914
2026-05-08T19:36:39.294,9.8235,1.2178,-19.2621,-0.0262,0.1212,0.0148,0.9922
2026-05-08T19:36:39.312,9.8395,1.2178,-19.1974,-0.0264,0.1156,0.0149,0.9928
2026-05-08T19:36:39.331,9.8560,1.2178,-19.1270,-0.0266,0.1095,0.0148,0.9935
2026-05-08T19:36:39.346,9.8733,1.2179,-19.0489,-0.0267,0.1028,0.0146,0.9942
2026-05-08T19:36:39.361,9.8897,1.2179,-18.9698,-0.0267,0.0963,0.0145,0.9949
2026-05-08T19:36:39.377,9.9037,1.2179,-18.9003,-0.0264,0.0915,0.0142,0.9954
2026-05-08T19:36:39.394,9.9166,1.2179,-18.8304,-0.0263,0.0867,0.0141,0.9958
2026-05-08T19:36:39.412,9.9286,1.2179,-18.7613,-0.0262,0.0822,0.0141,0.9962
2026-05-08T19:36:39.431,9.9424,1.2180,-18.6780,-0.0261,0.0767,0.0142,0.9966
2026-05-08T19:36:39.447,9.9540,1.2180,-18.6021,-0.0261,0.0717,0.0141,0.9970
2026-05-08T19:36:39.464,9.9663,1.2180,-18.5170,-0.0260,0.0661,0.0141,0.9974
2026-05-08T19:36:39.481,9.9763,1.2180,-18.4448,-0.0259,0.0612,0.0139,0.9977
2026-05-08T19:36:39.497,9.9861,1.2181,-18.3639,-0.0259,0.0558,0.0140,0.9980
2026-05-08T19:36:39.513,9.9942,1.2181,-18.2903,-0.0256,0.0513,0.0139,0.9983
2026-05-08T19:36:39.528,10.0022,1.2181,-18.2124,-0.0255,0.0461,0.0136,0.9985
2026-05-08T19:36:39.544,10.0084,1.2180,-18.1441,-0.0252,0.0421,0.0135,0.9987
2026-05-08T19:36:39.561,10.0147,1.2180,-18.0747,-0.0247,0.0378,0.0131,0.9989
2026-05-08T19:36:39.579,10.0204,1.2179,-17.9990,-0.0241,0.0331,0.0125,0.9991
2026-05-08T19:36:39.597,10.0257,1.2177,-17.9187,-0.0230,0.0284,0.0118,0.9993
2026-05-08T19:36:39.613,10.0302,1.2176,-17.8390,-0.0228,0.0232,0.0116,0.9994
2026-05-08T19:36:39.629,10.0340,1.2176,-17.7542,-0.0224,0.0175,0.0108,0.9995
2026-05-08T19:36:39.645,10.0365,1.2176,-17.6825,-0.0223,0.0129,0.0107,0.9996
2026-05-08T19:36:39.662,10.0385,1.2175,-17.6061,-0.0221,0.0080,0.0103,0.9997
2026-05-08T19:36:39.678,10.0401,1.2174,-17.5295,-0.0217,0.0035,0.0098,0.9997
2026-05-08T19:36:39.694,10.0406,1.2174,-17.4521,-0.0216,-0.0008,0.0097,0.9997
2026-05-08T19:36:39.709,10.0404,1.2174,-17.3743,-0.0214,-0.0048,0.0093,0.9997
2026-05-08T19:36:39.724,10.0397,1.2173,-17.3032,-0.0210,-0.0084,0.0092,0.9997
2026-05-08T19:36:39.741,10.0384,1.2172,-17.2296,-0.0208,-0.0113,0.0089,0.9997
2026-05-08T19:36:39.759,10.0369,1.2172,-17.1553,-0.0206,-0.0136,0.0087,0.9997
2026-05-08T19:36:39.776,10.0346,1.2171,-17.0722,-0.0203,-0.0136,0.0085,0.9997
2026-05-08T19:36:39.792,10.0320,1.2171,-16.9777,-0.0202,-0.0135,0.0083,0.9997
2026-05-08T19:36:39.807,10.0298,1.2171,-16.8958,-0.0201,-0.0133,0.0082,0.9997
2026-05-08T19:36:39.823,10.0278,1.2171,-16.8180,-0.0201,-0.0130,0.0082,0.9997
2026-05-08T19:36:39.841,10.0257,1.2171,-16.7404,-0.0202,-0.0128,0.0083,0.9997
2026-05-08T19:36:39.858,10.0236,1.2171,-16.6618,-0.0203,-0.0125,0.0086,0.9997
2026-05-08T19:36:39.873,10.0214,1.2170,-16.5736,-0.0201,-0.0125,0.0088,0.9997
2026-05-08T19:36:39.889,10.0193,1.2170,-16.4921,-0.0201,-0.0125,0.0083,0.9997
2026-05-08T19:36:39.904,10.0174,1.2170,-16.4159,-0.0202,-0.0125,0.0084,0.9997
2026-05-08T19:36:39.920,10.0155,1.2169,-16.3418,-0.0202,-0.0123,0.0086,0.9997
2026-05-08T19:36:39.939,10.0136,1.2169,-16.2631,-0.0201,-0.0123,0.0081,0.9997
2026-05-08T19:36:39.956,10.0116,1.2169,-16.1872,-0.0201,-0.0123,0.0080,0.9997
2026-05-08T19:36:39.974,10.0092,1.2168,-16.0938,-0.0201,-0.0123,0.0080,0.9997
2026-05-08T19:36:39.990,10.0070,1.2168,-16.0090,-0.0202,-0.0123,0.0082,0.9997
2026-05-08T19:36:40.006,10.0048,1.2168,-15.9198,-0.0202,-0.0123,0.0083,0.9997
2026-05-08T19:36:40.021,10.0028,1.2168,-15.8441,-0.0201,-0.0122,0.0081,0.9997
2026-05-08T19:36:40.038,10.0007,1.2168,-15.7591,-0.0202,-0.0122,0.0082,0.9997
2026-05-08T19:36:40.053,9.9989,1.2167,-15.6894,-0.0203,-0.0121,0.0083,0.9997
2026-05-08T19:36:40.068,9.9966,1.2167,-15.6035,-0.0206,-0.0120,0.0090,0.9997
2026-05-08T19:36:40.083,9.9949,1.2167,-15.5366,-0.0206,-0.0120,0.0084,0.9997
2026-05-08T19:36:40.098,9.9930,1.2167,-15.4587,-0.0207,-0.0120,0.0086,0.9997
2026-05-08T19:36:40.114,9.9912,1.2167,-15.3879,-0.0204,-0.0119,0.0087,0.9997
2026-05-08T19:36:40.131,9.9893,1.2168,-15.3146,-0.0206,-0.0119,0.0089,0.9997
2026-05-08T19:36:40.148,9.9872,1.2168,-15.2304,-0.0208,-0.0120,0.0091,0.9997
2026-05-08T19:36:40.164,9.9850,1.2168,-15.1452,-0.0208,-0.0119,0.0091,0.9997
2026-05-08T19:36:40.181,9.9831,1.2168,-15.0697,-0.0207,-0.0092,0.0093,0.9997
2026-05-08T19:36:40.196,9.9815,1.2168,-14.9882,-0.0206,-0.0062,0.0095,0.9997
2026-05-08T19:36:40.210,9.9804,1.2168,-14.9050,-0.0205,-0.0033,0.0096,0.9997
2026-05-08T19:36:40.224,9.9799,1.2169,-14.8342,-0.0205,-0.0006,0.0097,0.9997
2026-05-08T19:36:40.239,9.9797,1.2169,-14.7645,-0.0206,0.0022,0.0101,0.9997
2026-05-08T19:36:40.254,9.9798,1.2169,-14.6944,-0.0205,0.0052,0.0100,0.9997
2026-05-08T19:36:40.270,9.9805,1.2169,-14.6254,-0.0203,0.0079,0.0102,0.9997
2026-05-08T19:36:40.285,9.9816,1.2169,-14.5492,-0.0202,0.0111,0.0102,0.9997
2026-05-08T19:36:40.299,9.9833,1.2169,-14.4731,-0.0202,0.0146,0.0102,0.9996
2026-05-08T19:36:40.315,9.9851,1.2170,-14.4036,-0.0202,0.0181,0.0104,0.9996
2026-05-08T19:36:40.328,9.9878,1.2170,-14.3278,-0.0202,0.0220,0.0105,0.9995
2026-05-08T19:36:40.342,9.9906,1.2170,-14.2627,-0.0201,0.0255,0.0105,0.9994
2026-05-08T19:36:40.355,9.9940,1.2170,-14.1962,-0.0201,0.0292,0.0104,0.9993
2026-05-08T19:36:40.370,9.9975,1.2170,-14.1310,-0.0200,0.0329,0.0104,0.9992
2026-05-08T19:36:40.384,10.0015,1.2169,-14.0692,-0.0200,0.0364,0.0104,0.9991
2026-05-08T19:36:40.398,10.0067,1.2169,-13.9970,-0.0200,0.0406,0.0105,0.9989
2026-05-08T19:36:40.412,10.0113,1.2169,-13.9357,-0.0199,0.0441,0.0105,0.9988
2026-05-08T19:36:40.426,10.0169,1.2170,-13.8718,-0.0199,0.0478,0.0107,0.9986
2026-05-08T19:36:40.441,10.0235,1.2170,-13.8034,-0.0200,0.0518,0.0108,0.9984
2026-05-08T19:36:40.455,10.0301,1.2170,-13.7357,-0.0199,0.0557,0.0109,0.9982
2026-05-08T19:36:40.469,10.0372,1.2169,-13.6726,-0.0198,0.0593,0.0110,0.9980
2026-05-08T19:36:40.483,10.0451,1.2169,-13.6059,-0.0198,0.0631,0.0112,0.9977
2026-05-08T19:36:40.496,10.0534,1.2169,-13.5398,-0.0198,0.0669,0.0114,0.9975
2026-05-08T19:36:40.510,10.0615,1.2170,-13.4766,-0.0198,0.0704,0.0115,0.9973
2026-05-08T19:36:40.524,10.0706,1.2170,-13.4124,-0.0198,0.0742,0.0115,0.9970
2026-05-08T19:36:40.537,10.0798,1.2170,-13.3508,-0.0197,0.0778,0.0115,0.9967
2026-05-08T19:36:40.551,10.0898,1.2170,-13.2848,-0.0196,0.0818,0.0115,0.9964
2026-05-08T19:36:40.565,10.1001,1.2170,-13.2226,-0.0194,0.0855,0.0116,0.9961
2026-05-08T19:36:40.579,10.1113,1.2170,-13.1576,-0.0193,0.0893,0.0117,0.9957
2026-05-08T19:36:40.593,10.1227,1.2170,-13.0926,-0.0192,0.0931,0.0118,0.9954
2026-05-08T19:36:40.607,10.1345,1.2170,-13.0295,-0.0191,0.0966,0.0118,0.9951
2026-05-08T19:36:40.621,10.1481,1.2170,-12.9599,-0.0190,0.1002,0.0119,0.9947
2026-05-08T19:36:40.636,10.1607,1.2170,-12.8963,-0.0191,0.1033,0.0120,0.9944
2026-05-08T19:36:40.650,10.1744,1.2170,-12.8307,-0.0190,0.1061,0.0122,0.9941
2026-05-08T19:36:40.664,10.1896,1.2170,-12.7604,-0.0190,0.1090,0.0124,0.9938
2026-05-08T19:36:40.678,10.2043,1.2170,-12.6941,-0.0189,0.1112,0.0125,0.9935
2026-05-08T19:36:40.692,10.2198,1.2170,-12.6243,-0.0189,0.1112,0.0125,0.9935
2026-05-08T19:36:40.706,10.2346,1.2170,-12.5591,-0.0189,0.1111,0.0125,0.9935
2026-05-08T19:36:40.720,10.2505,1.2170,-12.4884,-0.0189,0.1112,0.0125,0.9935
2026-05-08T19:36:40.734,10.2660,1.2170,-12.4203,-0.0189,0.1112,0.0125,0.9935
2026-05-08T19:36:40.749,10.2804,1.2170,-12.3564,-0.0188,0.1112,0.0125,0.9935
2026-05-08T19:36:40.764,10.2964,1.2170,-12.2857,-0.0186,0.1113,0.0124,0.9935
2026-05-08T19:36:40.779,10.3126,1.2169,-12.2144,-0.0186,0.1086,0.0122,0.9938
2026-05-08T19:36:40.796,10.3280,1.2169,-12.1459,-0.0186,0.1048,0.0121,0.9943
2026-05-08T19:36:40.812,10.3424,1.2169,-12.0779,-0.0187,0.1007,0.0121,0.9947
2026-05-08T19:36:40.827,10.3585,1.2169,-11.9990,-0.0188,0.0956,0.0120,0.9952
2026-05-08T19:36:40.840,10.3730,1.2169,-11.9238,-0.0188,0.0906,0.0121,0.9956
2026-05-08T19:36:40.855,10.3849,1.2169,-11.8611,-0.0188,0.0864,0.0120,0.9960
2026-05-08T19:36:40.869,10.3961,1.2168,-11.7966,-0.0188,0.0819,0.0120,0.9964
2026-05-08T19:36:40.882,10.4064,1.2169,-11.7344,-0.0187,0.0773,0.0119,0.9968
2026-05-08T19:36:40.896,10.4164,1.2169,-11.6698,-0.0187,0.0722,0.0119,0.9971
2026-05-08T19:36:40.912,10.4248,1.2169,-11.6148,-0.0187,0.0673,0.0118,0.9975
2026-05-08T19:36:40.926,10.4327,1.2170,-11.5569,-0.0187,0.0618,0.0117,0.9978
2026-05-08T19:36:40.940,10.4410,1.2170,-11.4895,-0.0188,0.0544,0.0116,0.9983
2026-05-08T19:36:40.959,10.4473,1.2170,-11.4373,-0.0189,0.0477,0.0116,0.9986
2026-05-08T19:36:40.968,10.4520,1.2169,-11.3874,-0.0188,0.0406,0.0115,0.9989
2026-05-08T19:36:40.983,10.4567,1.2169,-11.3293,-0.0189,0.0289,0.0113,0.9993
2026-05-08T19:36:40.996,10.4583,1.2169,-11.3012,-0.0189,0.0225,0.0112,0.9995
2026-05-08T19:36:41.013,10.4604,1.2169,-11.2645,-0.0190,0.0136,0.0112,0.9997
2026-05-08T19:36:41.030,10.4610,1.2169,-11.2362,-0.0191,0.0037,0.0112,0.9997
2026-05-08T19:36:41.045,10.4612,1.2169,-11.2069,-0.0193,-0.0088,0.0110,0.9997
2026-05-08T19:36:41.060,10.4607,1.2169,-11.1810,-0.0195,-0.0217,0.0108,0.9995
2026-05-08T19:36:41.079,10.4609,1.2169,-11.1621,-0.0196,-0.0324,0.0107,0.9992
2026-05-08T19:36:41.093,10.4599,1.2170,-11.1463,-0.0198,-0.0442,0.0106,0.9988
2026-05-08T19:36:41.107,10.4583,1.2170,-11.1293,-0.0200,-0.0590,0.0103,0.9980
2026-05-08T19:36:41.120,10.4570,1.2170,-11.1186,-0.0200,-0.0697,0.0100,0.9973
2026-05-08T19:36:41.135,10.4569,1.2170,-11.1116,-0.0200,-0.0807,0.0098,0.9965
2026-05-08T19:36:41.149,10.4560,1.2170,-11.1061,-0.0200,-0.0913,0.0096,0.9956
2026-05-08T19:36:41.162,10.4553,1.2170,-11.1027,-0.0200,-0.1026,0.0095,0.9945
2026-05-08T19:36:41.176,10.4549,1.2170,-11.1008,-0.0201,-0.1131,0.0094,0.9933
2026-05-08T19:36:41.190,10.4558,1.2170,-11.1010,-0.0201,-0.1237,0.0092,0.9921
2026-05-08T19:36:41.204,10.4563,1.2170,-11.1030,-0.0201,-0.1340,0.0090,0.9907
2026-05-08T19:36:41.218,10.4572,1.2171,-11.1063,-0.0202,-0.1448,0.0089,0.9892
2026-05-08T19:36:41.232,10.4599,1.2171,-11.1122,-0.0202,-0.1558,0.0087,0.9875
2026-05-08T19:36:41.246,10.4626,1.2171,-11.1207,-0.0203,-0.1660,0.0085,0.9859
2026-05-08T19:36:41.260,10.4660,1.2171,-11.1306,-0.0204,-0.1776,0.0085,0.9839
2026-05-08T19:36:41.274,10.4708,1.2171,-11.1407,-0.0205,-0.1881,0.0083,0.9819
2026-05-08T19:36:41.288,10.4752,1.2170,-11.1520,-0.0206,-0.1990,0.0082,0.9798
2026-05-08T19:36:41.302,10.4800,1.2170,-11.1631,-0.0207,-0.2093,0.0079,0.9776
2026-05-08T19:36:41.316,10.4862,1.2170,-11.1748,-0.0208,-0.2197,0.0076,0.9753
2026-05-08T19:36:41.331,10.4921,1.2170,-11.1873,-0.0208,-0.2307,0.0074,0.9728
2026-05-08T19:36:41.344,10.4978,1.2170,-11.1987,-0.0208,-0.2410,0.0070,0.9703
2026-05-08T19:36:41.358,10.5043,1.2170,-11.2108,-0.0209,-0.2520,0.0068,0.9675
2026-05-08T19:36:41.372,10.5113,1.2170,-11.2214,-0.0209,-0.2619,0.0066,0.9649
2026-05-08T19:36:41.386,10.5175,1.2170,-11.2321,-0.0209,-0.2718,0.0064,0.9621
2026-05-08T19:36:41.401,10.5249,1.2170,-11.2441,-0.0209,-0.2830,0.0062,0.9589
2026-05-08T19:36:41.417,10.5327,1.2169,-11.2545,-0.0209,-0.2929,0.0060,0.9559
2026-05-08T19:36:41.433,10.5406,1.2169,-11.2661,-0.0211,-0.3040,0.0058,0.9524
2026-05-08T19:36:41.448,10.5485,1.2169,-11.2772,-0.0211,-0.3158,0.0055,0.9486
2026-05-08T19:36:41.462,10.5561,1.2169,-11.2873,-0.0211,-0.3274,0.0053,0.9446
2026-05-08T19:36:41.475,10.5629,1.2169,-11.2960,-0.0211,-0.3383,0.0051,0.9408
2026-05-08T19:36:41.489,10.5698,1.2169,-11.3029,-0.0210,-0.3484,0.0049,0.9371
2026-05-08T19:36:41.510,10.5754,1.2169,-11.3092,-0.0209,-0.3579,0.0046,0.9335
2026-05-08T19:36:41.524,10.5809,1.2169,-11.3152,-0.0208,-0.3681,0.0042,0.9295
2026-05-08T19:36:41.538,10.5891,1.2169,-11.3239,-0.0207,-0.3833,0.0038,0.9234
2026-05-08T19:36:41.551,10.5958,1.2168,-11.3287,-0.0206,-0.3931,0.0035,0.9193
2026-05-08T19:36:41.566,10.6014,1.2168,-11.3339,-0.0205,-0.4032,0.0032,0.9149
2026-05-08T19:36:41.579,10.6068,1.2168,-11.3388,-0.0205,-0.4126,0.0029,0.9107
2026-05-08T19:36:41.593,10.6136,1.2167,-11.3436,-0.0205,-0.4232,0.0026,0.9058
2026-05-08T19:36:41.607,10.6189,1.2167,-11.3480,-0.0205,-0.4323,0.0024,0.9015
2026-05-08T19:36:41.620,10.6247,1.2168,-11.3526,-0.0205,-0.4422,0.0021,0.8967
2026-05-08T19:36:41.635,10.6311,1.2168,-11.3564,-0.0206,-0.4519,0.0019,0.8918
2026-05-08T19:36:41.648,10.6366,1.2168,-11.3603,-0.0207,-0.4611,0.0017,0.8871
2026-05-08T19:36:41.661,10.6430,1.2168,-11.3648,-0.0207,-0.4720,0.0013,0.8813
2026-05-08T19:36:41.676,10.6487,1.2168,-11.3674,-0.0206,-0.4804,0.0012,0.8768
2026-05-08T19:36:41.690,10.6542,1.2168,-11.3709,-0.0206,-0.4898,0.0009,0.8716
2026-05-08T19:36:41.705,10.6602,1.2167,-11.3745,-0.0205,-0.4996,0.0004,0.8660
2026-05-08T19:36:41.718,10.6662,1.2167,-11.3779,-0.0202,-0.5092,0.0002,0.8604
2026-05-08T19:36:41.733,10.6733,1.2167,-11.3808,-0.0200,-0.5193,-0.0001,0.8544
2026-05-08T19:36:41.746,10.6786,1.2167,-11.3835,-0.0199,-0.5277,-0.0002,0.8492
2026-05-08T19:36:41.759,10.6849,1.2167,-11.3866,-0.0200,-0.5376,-0.0005,0.8429
2026-05-08T19:36:41.774,10.6914,1.2167,-11.3886,-0.0199,-0.5464,-0.0007,0.8373
2026-05-08T19:36:41.788,10.6969,1.2167,-11.3910,-0.0199,-0.5550,-0.0009,0.8316
2026-05-08T19:36:41.802,10.7029,1.2167,-11.3935,-0.0198,-0.5643,-0.0011,0.8253
2026-05-08T19:36:41.816,10.7091,1.2167,-11.3948,-0.0197,-0.5733,-0.0012,0.8191
2026-05-08T19:36:41.830,10.7142,1.2166,-11.3967,-0.0195,-0.5822,-0.0015,0.8128
2026-05-08T19:36:41.844,10.7190,1.2166,-11.3983,-0.0195,-0.5910,-0.0016,0.8064
2026-05-08T19:36:41.857,10.7231,1.2166,-11.3996,-0.0197,-0.6000,-0.0018,0.7997
2026-05-08T19:36:41.872,10.7273,1.2166,-11.3999,-0.0197,-0.6093,-0.0020,0.7927
2026-05-08T19:36:41.886,10.7300,1.2166,-11.4006,-0.0197,-0.6172,-0.0022,0.7866
2026-05-08T19:36:41.900,10.7321,1.2167,-11.4012,-0.0196,-0.6262,-0.0023,0.7794
2026-05-08T19:36:41.914,10.7343,1.2167,-11.4007,-0.0196,-0.6349,-0.0026,0.7723
2026-05-08T19:36:41.927,10.7343,1.2167,-11.4008,-0.0196,-0.6439,-0.0028,0.7649
2026-05-08T19:36:41.941,10.7343,1.2167,-11.4008,-0.0196,-0.6526,-0.0031,0.7574
2026-05-08T19:36:41.956,10.7347,1.2166,-11.4000,-0.0192,-0.6602,-0.0033,0.7508
2026-05-08T19:36:41.970,10.7336,1.2166,-11.3998,-0.0189,-0.6682,-0.0035,0.7438
2026-05-08T19:36:41.984,10.7321,1.2166,-11.3997,-0.0188,-0.6773,-0.0037,0.7355
2026-05-08T19:36:41.997,10.7279,1.2166,-11.3994,-0.0188,-0.6856,-0.0039,0.7278
2026-05-08T19:36:42.011,10.7243,1.2166,-11.3983,-0.0188,-0.6931,-0.0041,0.7205
2026-05-08T19:36:42.026,10.7194,1.2166,-11.3981,-0.0188,-0.7006,-0.0043,0.7133
2026-05-08T19:36:42.039,10.7129,1.2166,-11.3980,-0.0187,-0.7087,-0.0045,0.7052
2026-05-08T19:36:42.053,10.7068,1.2166,-11.3970,-0.0186,-0.7161,-0.0047,0.6978
2026-05-08T19:36:42.067,10.6995,1.2166,-11.3972,-0.0184,-0.7234,-0.0049,0.6901
2026-05-08T19:36:42.081,10.6917,1.2165,-11.3976,-0.0182,-0.7308,-0.0050,0.6824
2026-05-08T19:36:42.094,10.6832,1.2165,-11.3972,-0.0178,-0.7383,-0.0051,0.6742
2026-05-08T19:36:42.108,10.6751,1.2165,-11.3979,-0.0175,-0.7453,-0.0052,0.6665
2026-05-08T19:36:42.122,10.6672,1.2166,-11.3987,-0.0174,-0.7521,-0.0051,0.6588
2026-05-08T19:36:42.137,10.6583,1.2166,-11.3990,-0.0170,-0.7592,-0.0051,0.6507
2026-05-08T19:36:42.151,10.6490,1.2166,-11.4004,-0.0167,-0.7661,-0.0053,0.6425
2026-05-08T19:36:42.165,10.6386,1.2165,-11.4022,-0.0163,-0.7738,-0.0053,0.6332
2026-05-08T19:36:42.178,10.6291,1.2165,-11.4042,-0.0162,-0.7805,-0.0053,0.6249
2026-05-08T19:36:42.193,10.6202,1.2165,-11.4053,-0.0158,-0.7868,-0.0056,0.6169
2026-05-08T19:36:42.207,10.6105,1.2165,-11.4076,-0.0156,-0.7935,-0.0054,0.6084
2026-05-08T19:36:42.220,10.6009,1.2165,-11.4102,-0.0153,-0.8000,-0.0057,0.5998
2026-05-08T19:36:42.234,10.5910,1.2165,-11.4122,-0.0151,-0.8067,-0.0057,0.5907
2026-05-08T19:36:42.248,10.5817,1.2164,-11.4152,-0.0148,-0.8129,-0.0059,0.5822
2026-05-08T19:36:42.262,10.5720,1.2164,-11.4185,-0.0147,-0.8193,-0.0059,0.5732
2026-05-08T19:36:42.275,10.5622,1.2164,-11.4221,-0.0143,-0.8255,-0.0060,0.5642
2026-05-08T19:36:42.290,10.5529,1.2164,-11.4248,-0.0140,-0.8314,-0.0061,0.5554
2026-05-08T19:36:42.304,10.5431,1.2163,-11.4289,-0.0140,-0.8376,-0.0063,0.5461
2026-05-08T19:36:42.318,10.5337,1.2164,-11.4330,-0.0138,-0.8435,-0.0064,0.5370
2026-05-08T19:36:42.332,10.5237,1.2163,-11.4367,-0.0135,-0.8494,-0.0065,0.5275
2026-05-08T19:36:42.346,10.5147,1.2163,-11.4412,-0.0132,-0.8547,-0.0066,0.5189
2026-05-08T19:36:42.359,10.5051,1.2163,-11.4462,-0.0130,-0.8604,-0.0066,0.5095
2026-05-08T19:36:42.374,10.4955,1.2163,-11.4505,-0.0128,-0.8659,-0.0068,0.5000
2026-05-08T19:36:42.388,10.4867,1.2163,-11.4555,-0.0127,-0.8709,-0.0068,0.4912
2026-05-08T19:36:42.401,10.4768,1.2163,-11.4615,-0.0127,-0.8766,-0.0070,0.4810
2026-05-08T19:36:42.415,10.4679,1.2163,-11.4660,-0.0126,-0.8814,-0.0070,0.4721
2026-05-08T19:36:42.429,10.4588,1.2163,-11.4721,-0.0126,-0.8865,-0.0070,0.4625
2026-05-08T19:36:42.443,10.4499,1.2163,-11.4783,-0.0125,-0.8914,-0.0071,0.4530
2026-05-08T19:36:42.456,10.4411,1.2163,-11.4847,-0.0125,-0.8962,-0.0071,0.4433
2026-05-08T19:36:42.471,10.4320,1.2163,-11.4906,-0.0124,-0.9011,-0.0072,0.4335
2026-05-08T19:36:42.485,10.4243,1.2163,-11.4968,-0.0125,-0.9053,-0.0074,0.4245
2026-05-08T19:36:42.498,10.4152,1.2163,-11.5044,-0.0125,-0.9102,-0.0075,0.4139
2026-05-08T19:36:42.513,10.4070,1.2162,-11.5103,-0.0124,-0.9144,-0.0076,0.4045
2026-05-08T19:36:42.527,10.3989,1.2162,-11.5177,-0.0124,-0.9188,-0.0077,0.3945
2026-05-08T19:36:42.540,10.3905,1.2162,-11.5257,-0.0123,-0.9231,-0.0078,0.3843
2026-05-08T19:36:42.554,10.3820,1.2162,-11.5329,-0.0122,-0.9272,-0.0079,0.3742
2026-05-08T19:36:42.568,10.3739,1.2162,-11.5413,-0.0119,-0.9311,-0.0079,0.3644
2026-05-08T19:36:42.582,10.3656,1.2163,-11.5502,-0.0116,-0.9350,-0.0080,0.3544
2026-05-08T19:36:42.595,10.3568,1.2163,-11.5601,-0.0114,-0.9390,-0.0080,0.3437
2026-05-08T19:36:42.610,10.3483,1.2163,-11.5687,-0.0112,-0.9423,-0.0080,0.3344
2026-05-08T19:36:42.624,10.3401,1.2163,-11.5788,-0.0111,-0.9457,-0.0082,0.3248
2026-05-08T19:36:42.637,10.3305,1.2163,-11.5911,-0.0110,-0.9494,-0.0083,0.3137
2026-05-08T19:36:42.652,10.3212,1.2163,-11.6021,-0.0110,-0.9526,-0.0084,0.3041
2026-05-08T19:36:42.666,10.3120,1.2163,-11.6149,-0.0109,-0.9557,-0.0085,0.2941
2026-05-08T19:36:42.679,10.3022,1.2163,-11.6294,-0.0107,-0.9588,-0.0087,0.2837
2026-05-08T19:36:42.693,10.2914,1.2163,-11.6444,-0.0106,-0.9617,-0.0087,0.2736
2026-05-08T19:36:42.707,10.2817,1.2163,-11.6600,-0.0105,-0.9644,-0.0087,0.2640
2026-05-08T19:36:42.721,10.2714,1.2163,-11.6774,-0.0104,-0.9672,-0.0088,0.2538
2026-05-08T19:36:42.735,10.2601,1.2163,-11.6957,-0.0102,-0.9699,-0.0089,0.2433
2026-05-08T19:36:42.749,10.2504,1.2163,-11.7138,-0.0100,-0.9722,-0.0090,0.2339
2026-05-08T19:36:42.763,10.2381,1.2163,-11.7378,-0.0099,-0.9746,-0.0091,0.2236
2026-05-08T19:36:42.776,10.2263,1.2163,-11.7621,-0.0097,-0.9768,-0.0091,0.2136
2026-05-08T19:36:42.790,10.2141,1.2162,-11.7868,-0.0096,-0.9788,-0.0092,0.2042
2026-05-08T19:36:42.804,10.2017,1.2162,-11.8151,-0.0094,-0.9807,-0.0093,0.1952
2026-05-08T19:36:42.817,10.1886,1.2162,-11.8467,-0.0093,-0.9825,-0.0094,0.1857
2026-05-08T19:36:42.831,10.1755,1.2162,-11.8778,-0.0091,-0.9841,-0.0094,0.1770
2026-05-08T19:36:42.845,10.1632,1.2162,-11.9108,-0.0089,-0.9856,-0.0095,0.1685
2026-05-08T19:36:42.859,10.1491,1.2161,-11.9510,-0.0086,-0.9873,-0.0095,0.1585
2026-05-08T19:36:42.873,10.1371,1.2161,-11.9847,-0.0085,-0.9885,-0.0096,0.1505
2026-05-08T19:36:42.887,10.1252,1.2161,-12.0230,-0.0084,-0.9898,-0.0097,0.1419
2026-05-08T19:36:42.900,10.1130,1.2161,-12.0646,-0.0083,-0.9911,-0.0098,0.1328
2026-05-08T19:36:42.914,10.1016,1.2161,-12.1036,-0.0081,-0.9921,-0.0100,0.1246
2026-05-08T19:36:42.928,10.0912,1.2161,-12.1443,-0.0080,-0.9932,-0.0101,0.1160
2026-05-08T19:36:42.941,10.0818,1.2161,-12.1838,-0.0079,-0.9941,-0.0102,0.1078
2026-05-08T19:36:42.955,10.0715,1.2161,-12.2279,-0.0077,-0.9950,-0.0103,0.0991
2026-05-08T19:36:42.969,10.0630,1.2161,-12.2701,-0.0076,-0.9958,-0.0104,0.0912
2026-05-08T19:36:42.983,10.0550,1.2161,-12.3133,-0.0074,-0.9965,-0.0104,0.0832
2026-05-08T19:36:42.998,10.0470,1.2161,-12.3603,-0.0071,-0.9971,-0.0104,0.0747
2026-05-08T19:36:43.014,10.0396,1.2161,-12.4051,-0.0070,-0.9977,-0.0104,0.0668
2026-05-08T19:36:43.030,10.0329,1.2161,-12.4546,-0.0069,-0.9982,-0.0106,0.0583
2026-05-08T19:36:43.046,10.0268,1.2161,-12.5071,-0.0067,-0.9987,-0.0105,0.0492
2026-05-08T19:36:43.062,10.0214,1.2161,-12.5623,-0.0065,-0.9991,-0.0105,0.0398
2026-05-08T19:36:43.078,10.0162,1.2161,-12.6179,-0.0065,-0.9995,-0.0104,0.0305
2026-05-08T19:36:43.093,10.0127,1.2161,-12.6748,-0.0065,-0.9997,-0.0106,0.0210
2026-05-08T19:36:43.108,10.0107,1.2161,-12.7244,-0.0063,-0.9998,-0.0107,0.0130
2026-05-08T19:36:43.122,10.0092,1.2161,-12.7801,-0.0063,-0.9999,-0.0108,0.0045
2026-05-08T19:36:43.138,10.0080,1.2161,-12.8371,-0.0062,-0.9999,-0.0108,-0.0026
2026-05-08T19:36:43.152,10.0084,1.2161,-12.8998,-0.0061,-0.9999,-0.0110,-0.0090
2026-05-08T19:36:43.167,10.0096,1.2161,-12.9643,-0.0061,-0.9998,-0.0109,-0.0149
2026-05-08T19:36:43.180,10.0115,1.2161,-13.0281,-0.0061,-0.9997,-0.0109,-0.0202
2026-05-08T19:36:43.195,10.0138,1.2161,-13.0946,-0.0060,-0.9996,-0.0111,-0.0248
2026-05-08T19:36:43.209,10.0170,1.2161,-13.1570,-0.0058,-0.9995,-0.0111,-0.0290
2026-05-08T19:36:43.223,10.0209,1.2161,-13.2239,-0.0057,-0.9994,-0.0110,-0.0334
2026-05-08T19:36:43.237,10.0252,1.2161,-13.2887,-0.0055,-0.9992,-0.0110,-0.0374
2026-05-08T19:36:43.255,10.0299,1.2161,-13.3548,-0.0055,-0.9991,-0.0110,-0.0412
2026-05-08T19:36:43.274,10.0355,1.2161,-13.4227,-0.0053,-0.9989,-0.0109,-0.0447
2026-05-08T19:36:43.290,10.0433,1.2161,-13.5090,-0.0054,-0.9987,-0.0110,-0.0488
2026-05-08T19:36:43.304,10.0523,1.2160,-13.6012,-0.0054,-0.9987,-0.0110,-0.0487
2026-05-08T19:36:43.318,10.0600,1.2160,-13.6797,-0.0055,-0.9987,-0.0111,-0.0487
2026-05-08T19:36:43.333,10.0672,1.2161,-13.7531,-0.0054,-0.9987,-0.0111,-0.0487
2026-05-08T19:36:43.348,10.0739,1.2161,-13.8215,-0.0054,-0.9987,-0.0111,-0.0486
2026-05-08T19:36:43.361,10.0814,1.2161,-13.8980,-0.0053,-0.9987,-0.0111,-0.0486
2026-05-08T19:36:43.376,10.0881,1.2161,-13.9669,-0.0053,-0.9987,-0.0111,-0.0486
2026-05-08T19:36:43.392,10.0948,1.2161,-14.0358,-0.0053,-0.9987,-0.0111,-0.0486
2026-05-08T19:36:43.410,10.1020,1.2161,-14.1097,-0.0053,-0.9987,-0.0112,-0.0487
2026-05-08T19:36:43.427,10.1098,1.2161,-14.1886,-0.0053,-0.9987,-0.0112,-0.0487
2026-05-08T19:36:43.444,10.1185,1.2161,-14.2785,-0.0052,-0.9987,-0.0112,-0.0486
2026-05-08T19:36:43.459,10.1265,1.2161,-14.3603,-0.0051,-0.9987,-0.0112,-0.0486
2026-05-08T19:36:43.473,10.1347,1.2161,-14.4441,-0.0051,-0.9987,-0.0113,-0.0485
2026-05-08T19:36:43.488,10.1421,1.2161,-14.5203,-0.0050,-0.9987,-0.0113,-0.0485
2026-05-08T19:36:43.503,10.1489,1.2161,-14.5906,-0.0048,-0.9988,-0.0112,-0.0485
2026-05-08T19:36:43.521,10.1558,1.2160,-14.6619,-0.0046,-0.9988,-0.0112,-0.0484
2026-05-08T19:36:43.537,10.1634,1.2160,-14.7399,-0.0047,-0.9988,-0.0111,-0.0484
2026-05-08T19:36:43.553,10.1719,1.2160,-14.8277,-0.0046,-0.9988,-0.0112,-0.0484
2026-05-08T19:36:43.570,10.1799,1.2160,-14.9094,-0.0046,-0.9988,-0.0113,-0.0484
2026-05-08T19:36:43.584,10.1875,1.2160,-14.9878,-0.0046,-0.9988,-0.0114,-0.0484
2026-05-08T19:36:43.598,10.1956,1.2160,-15.0721,-0.0044,-0.9988,-0.0113,-0.0485
2026-05-08T19:36:43.612,10.2023,1.2160,-15.1400,-0.0045,-0.9987,-0.0114,-0.0486
2026-05-08T19:36:43.626,10.2090,1.2159,-15.2084,-0.0045,-0.9987,-0.0114,-0.0486
2026-05-08T19:36:43.639,10.2157,1.2159,-15.2780,-0.0044,-0.9987,-0.0115,-0.0486
2026-05-08T19:36:43.653,10.2223,1.2159,-15.3453,-0.0041,-0.9988,-0.0113,-0.0485
2026-05-08T19:36:43.669,10.2288,1.2159,-15.4126,-0.0038,-0.9988,-0.0112,-0.0483
2026-05-08T19:36:43.683,10.2356,1.2159,-15.4834,-0.0037,-0.9988,-0.0111,-0.0482
2026-05-08T19:36:43.697,10.2433,1.2159,-15.5631,-0.0038,-0.9988,-0.0110,-0.0482
2026-05-08T19:36:43.711,10.2497,1.2159,-15.6297,-0.0036,-0.9988,-0.0110,-0.0481
2026-05-08T19:36:43.725,10.2564,1.2160,-15.6993,-0.0036,-0.9988,-0.0109,-0.0481
2026-05-08T19:36:43.739,10.2632,1.2160,-15.7693,-0.0036,-0.9988,-0.0110,-0.0480
2026-05-08T19:36:43.753,10.2699,1.2159,-15.8388,-0.0035,-0.9988,-0.0110,-0.0478
2026-05-08T19:36:43.769,10.2765,1.2159,-15.9075,-0.0035,-0.9988,-0.0111,-0.0478
2026-05-08T19:36:43.784,10.2832,1.2159,-15.9779,-0.0035,-0.9988,-0.0111,-0.0478
2026-05-08T19:36:43.798,10.2910,1.2159,-16.0586,-0.0036,-0.9988,-0.0111,-0.0479
2026-05-08T19:36:43.812,10.2983,1.2159,-16.1348,-0.0038,-0.9988,-0.0113,-0.0480
2026-05-08T19:36:43.826,10.3049,1.2158,-16.2034,-0.0038,-0.9988,-0.0113,-0.0480
2026-05-08T19:36:43.840,10.3113,1.2158,-16.2700,-0.0039,-0.9988,-0.0113,-0.0480
2026-05-08T19:36:43.854,10.3182,1.2158,-16.3409,-0.0039,-0.9988,-0.0112,-0.0481
2026-05-08T19:36:43.869,10.3249,1.2158,-16.4106,-0.0039,-0.9988,-0.0111,-0.0482
2026-05-08T19:36:43.883,10.3316,1.2158,-16.4801,-0.0038,-0.9988,-0.0110,-0.0481
2026-05-08T19:36:43.897,10.3385,1.2158,-16.5519,-0.0038,-0.9988,-0.0110,-0.0480
2026-05-08T19:36:43.911,10.3450,1.2158,-16.6200,-0.0037,-0.9988,-0.0110,-0.0479
2026-05-08T19:36:43.925,10.3517,1.2159,-16.6897,-0.0037,-0.9988,-0.0110,-0.0478
2026-05-08T19:36:43.939,10.3583,1.2159,-16.7585,-0.0038,-0.9988,-0.0110,-0.0478
2026-05-08T19:36:43.953,10.3647,1.2159,-16.8257,-0.0039,-0.9988,-0.0109,-0.0478
2026-05-08T19:36:43.969,10.3715,1.2159,-16.8962,-0.0039,-0.9988,-0.0109,-0.0477
2026-05-08T19:36:43.983,10.3782,1.2159,-16.9658,-0.0038,-0.9988,-0.0108,-0.0477
2026-05-08T19:36:43.998,10.3854,1.2158,-17.0415,-0.0038,-0.9988,-0.0107,-0.0477
2026-05-08T19:36:44.014,10.3922,1.2158,-17.1120,-0.0038,-0.9988,-0.0107,-0.0476
2026-05-08T19:36:44.028,10.3992,1.2158,-17.1848,-0.0037,-0.9988,-0.0107,-0.0475
2026-05-08T19:36:44.042,10.4065,1.2157,-17.2616,-0.0037,-0.9988,-0.0106,-0.0475
2026-05-08T19:36:44.056,10.4131,1.2157,-17.3309,-0.0036,-0.9988,-0.0106,-0.0474
2026-05-08T19:36:44.071,10.4195,1.2157,-17.3982,-0.0036,-0.9989,-0.0106,-0.0452
2026-05-08T19:36:44.086,10.4257,1.2157,-17.4673,-0.0036,-0.9990,-0.0105,-0.0429
2026-05-08T19:36:44.103,10.4322,1.2157,-17.5422,-0.0036,-0.9991,-0.0105,-0.0402
2026-05-08T19:36:44.119,10.4383,1.2157,-17.6159,-0.0035,-0.9992,-0.0104,-0.0375
2026-05-08T19:36:44.133,10.4445,1.2157,-17.6984,-0.0034,-0.9993,-0.0103,-0.0344
2026-05-08T19:36:44.147,10.4497,1.2157,-17.7741,-0.0033,-0.9994,-0.0103,-0.0316
2026-05-08T19:36:44.161,10.4542,1.2156,-17.8438,-0.0033,-0.9995,-0.0103,-0.0288
2026-05-08T19:36:44.176,10.4582,1.2156,-17.9103,-0.0033,-0.9996,-0.0102,-0.0263
2026-05-08T19:36:44.190,10.4619,1.2156,-17.9792,-0.0033,-0.9997,-0.0102,-0.0237
2026-05-08T19:36:44.205,10.4653,1.2156,-18.0493,-0.0035,-0.9997,-0.0101,-0.0209
2026-05-08T19:36:44.219,10.4682,1.2156,-18.1182,-0.0036,-0.9998,-0.0101,-0.0183
2026-05-08T19:36:44.235,10.4711,1.2157,-18.1898,-0.0036,-0.9998,-0.0101,-0.0155
2026-05-08T19:36:44.249,10.4732,1.2156,-18.2577,-0.0037,-0.9999,-0.0101,-0.0127
2026-05-08T19:36:44.263,10.4752,1.2157,-18.3349,-0.0038,-0.9999,-0.0100,-0.0096
2026-05-08T19:36:44.277,10.4765,1.2157,-18.4017,-0.0040,-0.9999,-0.0100,-0.0067
2026-05-08T19:36:44.292,10.4776,1.2157,-18.4696,-0.0042,-0.9999,-0.0100,-0.0038
2026-05-08T19:36:44.307,10.4781,1.2157,-18.5358,-0.0042,-0.9999,-0.0100,-0.0007
2026-05-08T19:36:44.320,10.4782,1.2156,-18.6081,-0.0042,-0.9999,-0.0098,0.0031
2026-05-08T19:36:44.335,10.4781,1.2157,-18.6795,-0.0042,-0.9999,-0.0096,0.0068
2026-05-08T19:36:44.349,10.4773,1.2157,-18.7424,-0.0044,-0.9999,-0.0095,0.0102
2026-05-08T19:36:44.373,10.4759,1.2157,-18.8153,-0.0045,-0.9998,-0.0094,0.0140
2026-05-08T19:36:44.386,10.4741,1.2157,-18.8809,-0.0047,-0.9998,-0.0095,0.0175
2026-05-08T19:36:44.400,10.4702,1.2157,-18.9921,-0.0049,-0.9997,-0.0095,0.0238
2026-05-08T19:36:44.413,10.4678,1.2157,-19.0536,-0.0050,-0.9996,-0.0094,0.0273
2026-05-08T19:36:44.427,10.4643,1.2157,-19.1188,-0.0051,-0.9995,-0.0094,0.0311
2026-05-08T19:36:44.441,10.4606,1.2157,-19.1786,-0.0052,-0.9993,-0.0094,0.0347
2026-05-08T19:36:44.455,10.4564,1.2157,-19.2435,-0.0054,-0.9992,-0.0094,0.0388
2026-05-08T19:36:44.470,10.4516,1.2157,-19.3064,-0.0054,-0.9990,-0.0093,0.0430
2026-05-08T19:36:44.484,10.4460,1.2157,-19.3716,-0.0056,-0.9988,-0.0093,0.0476
2026-05-08T19:36:44.498,10.4396,1.2158,-19.4388,-0.0057,-0.9986,-0.0092,0.0525
2026-05-08T19:36:44.512,10.4334,1.2158,-19.5012,-0.0058,-0.9983,-0.0092,0.0572
2026-05-08T19:36:44.525,10.4262,1.2158,-19.5645,-0.0059,-0.9980,-0.0092,0.0622
2026-05-08T19:36:44.539,10.4186,1.2157,-19.6253,-0.0059,-0.9977,-0.0091,0.0670
2026-05-08T19:36:44.552,10.4110,1.2157,-19.6844,-0.0058,-0.9974,-0.0089,0.0717
2026-05-08T19:36:44.566,10.4023,1.2157,-19.7442,-0.0059,-0.9970,-0.0088,0.0766
2026-05-08T19:36:44.580,10.3931,1.2157,-19.8043,-0.0059,-0.9966,-0.0088,0.0814
2026-05-08T19:36:44.594,10.3833,1.2157,-19.8661,-0.0061,-0.9962,-0.0087,0.0868
2026-05-08T19:36:44.608,10.3735,1.2157,-19.9223,-0.0061,-0.9957,-0.0087,0.0919
2026-05-08T19:36:44.622,10.3626,1.2157,-19.9807,-0.0063,-0.9952,-0.0087,0.0977
2026-05-08T19:36:44.636,10.3504,1.2157,-20.0424,-0.0064,-0.9945,-0.0086,0.1039
2026-05-08T19:36:44.651,10.3391,1.2157,-20.0983,-0.0065,-0.9939,-0.0086,0.1100
2026-05-08T19:36:44.664,10.3263,1.2157,-20.1554,-0.0065,-0.9931,-0.0085,0.1164
2026-05-08T19:36:44.678,10.3134,1.2158,-20.2099,-0.0066,-0.9924,-0.0084,0.1229
2026-05-08T19:36:44.692,10.3009,1.2158,-20.2616,-0.0066,-0.9916,-0.0083,0.1292
2026-05-08T19:36:44.706,10.2871,1.2158,-20.3137,-0.0066,-0.9907,-0.0082,0.1357
2026-05-08T19:36:44.719,10.2716,1.2158,-20.3691,-0.0066,-0.9897,-0.0081,0.1428
2026-05-08T19:36:44.734,10.2570,1.2158,-20.4207,-0.0066,-0.9887,-0.0081,0.1496
2026-05-08T19:36:44.748,10.2418,1.2158,-20.4699,-0.0067,-0.9876,-0.0080,0.1564
2026-05-08T19:36:44.761,10.2255,1.2158,-20.5202,-0.0067,-0.9864,-0.0078,0.1638
2026-05-08T19:36:44.775,10.2087,1.2158,-20.5714,-0.0067,-0.9852,-0.0078,0.1712
2026-05-08T19:36:44.789,10.1929,1.2158,-20.6154,-0.0067,-0.9840,-0.0077,0.1778
2026-05-08T19:36:44.803,10.1750,1.2158,-20.6635,-0.0068,-0.9826,-0.0078,0.1853
2026-05-08T19:36:44.817,10.1561,1.2158,-20.7118,-0.0067,-0.9811,-0.0077,0.1931
2026-05-08T19:36:44.831,10.1379,1.2158,-20.7580,-0.0067,-0.9796,-0.0077,0.2006
2026-05-08T19:36:44.845,10.1195,1.2158,-20.8013,-0.0068,-0.9781,-0.0076,0.2077
2026-05-08T19:36:44.858,10.0992,1.2158,-20.8470,-0.0068,-0.9765,-0.0075,0.2154
2026-05-08T19:36:44.873,10.0780,1.2157,-20.8943,-0.0068,-0.9747,-0.0073,0.2233
2026-05-08T19:36:44.887,10.0583,1.2157,-20.9353,-0.0070,-0.9731,-0.0072,0.2302
2026-05-08T19:36:44.900,10.0358,1.2157,-20.9801,-0.0078,-0.9713,-0.0072,0.2376
2026-05-08T19:36:44.915,10.0142,1.2157,-21.0233,-0.0071,-0.9693,-0.0069,0.2456
2026-05-08T19:36:44.929,9.9903,1.2157,-21.0673,-0.0075,-0.9673,-0.0070,0.2533
2026-05-08T19:36:44.943,9.9668,1.2157,-21.1091,-0.0076,-0.9653,-0.0069,0.2611
2026-05-08T19:36:44.956,9.9427,1.2157,-21.1505,-0.0076,-0.9631,-0.0069,0.2689
2026-05-08T19:36:44.970,9.9192,1.2157,-21.1906,-0.0076,-0.9610,-0.0069,0.2765
2026-05-08T19:36:44.984,9.8925,1.2157,-21.2332,-0.0076,-0.9585,-0.0068,0.2848
2026-05-08T19:36:44.998,9.8682,1.2157,-21.2705,-0.0075,-0.9563,-0.0066,0.2923
2026-05-08T19:36:45.012,9.8440,1.2157,-21.3077,-0.0076,-0.9540,-0.0064,0.2997
2026-05-08T19:36:45.026,9.8177,1.2157,-21.3455,-0.0077,-0.9515,-0.0064,0.3074
2026-05-08T19:36:45.039,9.7901,1.2157,-21.3839,-0.0079,-0.9489,-0.0063,0.3154
2026-05-08T19:36:45.053,9.7636,1.2157,-21.4205,-0.0080,-0.9463,-0.0061,0.3231
2026-05-08T19:36:45.067,9.7356,1.2158,-21.4567,-0.0081,-0.9436,-0.0060,0.3310
2026-05-08T19:36:45.081,9.7075,1.2158,-21.4918,-0.0082,-0.9408,-0.0058,0.3387
2026-05-08T19:36:45.095,9.6776,1.2158,-21.5291,-0.0083,-0.9379,-0.0057,0.3468
2026-05-08T19:36:45.109,9.6495,1.2158,-21.5619,-0.0084,-0.9351,-0.0056,0.3542
2026-05-08T19:36:45.123,9.6195,1.2158,-21.5958,-0.0085,-0.9322,-0.0055,0.3619
2026-05-08T19:36:45.136,9.5887,1.2158,-21.6295,-0.0086,-0.9291,-0.0054,0.3698
2026-05-08T19:36:45.151,9.5572,1.2158,-21.6638,-0.0087,-0.9259,-0.0054,0.3777
2026-05-08T19:36:45.165,9.5277,1.2158,-21.6940,-0.0088,-0.9229,-0.0053,0.3848
2026-05-08T19:36:45.178,9.4949,1.2158,-21.7265,-0.0089,-0.9196,-0.0052,0.3926
2026-05-08T19:36:45.192,9.4622,1.2158,-21.7588,-0.0089,-0.9163,-0.0050,0.4003
2026-05-08T19:36:45.207,9.4304,1.2158,-21.7883,-0.0089,-0.9131,-0.0049,0.4077
2026-05-08T19:36:45.219,9.3962,1.2158,-21.8189,-0.0089,-0.9096,-0.0047,0.4154
2026-05-08T19:36:45.234,9.3624,1.2158,-21.8492,-0.0088,-0.9060,-0.0046,0.4232
2026-05-08T19:36:45.248,9.3306,1.2158,-21.8758,-0.0089,-0.9027,-0.0044,0.4302
2026-05-08T19:36:45.261,9.2941,1.2158,-21.9054,-0.0090,-0.8989,-0.0043,0.4381
2026-05-08T19:36:45.276,9.2596,1.2158,-21.9333,-0.0090,-0.8952,-0.0041,0.4456
2026-05-08T19:36:45.289,9.2253,1.2158,-21.9593,-0.0091,-0.8916,-0.0040,0.4527
2026-05-08T19:36:45.303,9.1872,1.2158,-21.9870,-0.0091,-0.8875,-0.0039,0.4607
2026-05-08T19:36:45.316,9.1518,1.2158,-22.0119,-0.0091,-0.8837,-0.0038,0.4679
2026-05-08T19:36:45.331,9.1148,1.2158,-22.0378,-0.0091,-0.8797,-0.0037,0.4754
2026-05-08T19:36:45.345,9.0803,1.2158,-22.0603,-0.0092,-0.8760,-0.0036,0.4823
2026-05-08T19:36:45.359,9.0402,1.2158,-22.0857,-0.0092,-0.8716,-0.0035,0.4901
2026-05-08T19:36:45.373,9.0026,1.2158,-22.1094,-0.0093,-0.8675,-0.0034,0.4973
2026-05-08T19:36:45.386,8.9651,1.2158,-22.1314,-0.0094,-0.8635,-0.0033,0.5043
2026-05-08T19:36:45.400,8.9255,1.2158,-22.1538,-0.0094,-0.8591,-0.0032,0.5117
2026-05-08T19:36:45.414,8.8886,1.2158,-22.1745,-0.0095,-0.8551,-0.0031,0.5184
2026-05-08T19:36:45.428,8.8503,1.2158,-22.1945,-0.0096,-0.8509,-0.0029,0.5252
2026-05-08T19:36:45.442,8.8090,1.2158,-22.2152,-0.0096,-0.8464,-0.0029,0.5325
2026-05-08T19:36:45.455,8.7679,1.2158,-22.2350,-0.0097,-0.8418,-0.0028,0.5397
2026-05-08T19:36:45.470,8.7292,1.2158,-22.2536,-0.0096,-0.8374,-0.0028,0.5465
2026-05-08T19:36:45.483,8.6896,1.2158,-22.2710,-0.0096,-0.8329,-0.0027,0.5533
2026-05-08T19:36:45.497,8.6453,1.2158,-22.2896,-0.0096,-0.8282,-0.0026,0.5603
2026-05-08T19:36:45.511,8.6035,1.2157,-22.3071,-0.0096,-0.8241,-0.0025,0.5664
2026-05-08T19:36:45.525,8.5564,1.2157,-22.3252,-0.0095,-0.8199,-0.0024,0.5724
2026-05-08T19:36:45.539,8.5043,1.2157,-22.3444,-0.0095,-0.8161,-0.0023,0.5778
2026-05-08T19:36:45.553,8.4474,1.2156,-22.3650,-0.0095,-0.8127,-0.0022,0.5826
2026-05-08T19:36:45.567,8.3892,1.2157,-22.3848,-0.0096,-0.8098,-0.0022,0.5867
2026-05-08T19:36:45.580,8.3285,1.2157,-22.4047,-0.0096,-0.8072,-0.0021,0.5902
2026-05-08T19:36:45.595,8.2653,1.2158,-22.4253,-0.0097,-0.8053,-0.0021,0.5927
2026-05-08T19:36:45.609,8.2021,1.2158,-22.4449,-0.0098,-0.8036,-0.0019,0.5950
2026-05-08T19:36:45.623,8.1370,1.2158,-22.4648,-0.0098,-0.8020,-0.0019,0.5972
2026-05-08T19:36:45.636,8.0714,1.2158,-22.4844,-0.0098,-0.8004,-0.0018,0.5994
2026-05-08T19:36:45.650,8.0076,1.2158,-22.5033,-0.0097,-0.7987,-0.0018,0.6016
2026-05-08T19:36:45.664,7.9421,1.2158,-22.5221,-0.0095,-0.7970,-0.0017,0.6038
2026-05-08T19:36:45.677,7.8777,1.2158,-22.5401,-0.0094,-0.7954,-0.0017,0.6060
2026-05-08T19:36:45.692,7.8148,1.2158,-22.5577,-0.0095,-0.7939,-0.0016,0.6080
2026-05-08T19:36:45.706,7.7491,1.2158,-22.5755,-0.0094,-0.7923,-0.0014,0.6101
2026-05-08T19:36:45.719,7.6831,1.2158,-22.5929,-0.0094,-0.7906,-0.0015,0.6122
2026-05-08T19:36:45.734,7.6145,1.2158,-22.6109,-0.0094,-0.7889,-0.0015,0.6144
2026-05-08T19:36:45.748,7.5536,1.2158,-22.6263,-0.0095,-0.7874,-0.0014,0.6163
2026-05-08T19:36:45.761,7.4854,1.2158,-22.6432,-0.0095,-0.7857,-0.0014,0.6186
2026-05-08T19:36:45.775,7.4205,1.2158,-22.6591,-0.0094,-0.7841,-0.0014,0.6205
2026-05-08T19:36:45.789,7.3569,1.2158,-22.6740,-0.0094,-0.7827,-0.0013,0.6224
2026-05-08T19:36:45.803,7.2866,1.2158,-22.6903,-0.0093,-0.7809,-0.0013,0.6245
2026-05-08T19:36:45.816,7.2225,1.2158,-22.7047,-0.0093,-0.7793,-0.0013,0.6265
2026-05-08T19:36:45.831,7.1551,1.2158,-22.7198,-0.0093,-0.7777,-0.0013,0.6286
2026-05-08T19:36:45.844,7.0929,1.2158,-22.7331,-0.0093,-0.7762,-0.0013,0.6304
2026-05-08T19:36:45.858,7.0246,1.2158,-22.7475,-0.0094,-0.7746,-0.0013,0.6324
2026-05-08T19:36:45.872,6.9606,1.2158,-22.7608,-0.0094,-0.7730,-0.0013,0.6343
2026-05-08T19:36:45.886,6.8969,1.2158,-22.7734,-0.0092,-0.7715,-0.0013,0.6362
2026-05-08T19:36:45.899,6.8253,1.2158,-22.7873,-0.0091,-0.7697,-0.0014,0.6384
2026-05-08T19:36:45.914,6.7644,1.2158,-22.7990,-0.0090,-0.7681,-0.0014,0.6403
2026-05-08T19:36:45.929,6.6978,1.2158,-22.8111,-0.0090,-0.7663,-0.0014,0.6424
2026-05-08T19:36:45.944,6.6291,1.2158,-22.8233,-0.0091,-0.7645,-0.0014,0.6446
2026-05-08T19:36:45.959,6.5578,1.2158,-22.8356,-0.0091,-0.7625,-0.0013,0.6469
2026-05-08T19:36:45.975,6.4858,1.2158,-22.8477,-0.0091,-0.7605,-0.0012,0.6493
2026-05-08T19:36:45.990,6.4142,1.2158,-22.8591,-0.0092,-0.7584,-0.0012,0.6517
2026-05-08T19:36:46.004,6.3387,1.2158,-22.8707,-0.0092,-0.7560,-0.0011,0.6545
2026-05-08T19:36:46.017,6.2689,1.2158,-22.8808,-0.0092,-0.7537,-0.0011,0.6572
2026-05-08T19:36:46.033,6.2021,1.2158,-22.8903,-0.0093,-0.7513,-0.0011,0.6599
2026-05-08T19:36:46.049,6.1385,1.2158,-22.8985,-0.0093,-0.7489,-0.0012,0.6626
2026-05-08T19:36:46.064,6.0615,1.2158,-22.9080,-0.0093,-0.7460,-0.0011,0.6659
2026-05-08T19:36:46.078,5.9935,1.2158,-22.9157,-0.0093,-0.7433,-0.0012,0.6689
2026-05-08T19:36:46.092,5.9214,1.2158,-22.9237,-0.0093,-0.7401,-0.0011,0.6724
2026-05-08T19:36:46.106,5.8610,1.2158,-22.9295,-0.0093,-0.7374,-0.0012,0.6754
2026-05-08T19:36:46.120,5.7966,1.2158,-22.9352,-0.0093,-0.7343,-0.0012,0.6788
2026-05-08T19:36:46.135,5.7322,1.2158,-22.9407,-0.0094,-0.7312,-0.0012,0.6821
2026-05-08T19:36:46.149,5.6691,1.2158,-22.9451,-0.0094,-0.7281,-0.0012,0.6854
2026-05-08T19:36:46.164,5.5986,1.2158,-22.9494,-0.0095,-0.7246,-0.0011,0.6891
2026-05-08T19:36:46.179,5.5363,1.2159,-22.9525,-0.0094,-0.7216,-0.0011,0.6923
2026-05-08T19:36:46.193,5.4676,1.2159,-22.9558,-0.0093,-0.7182,-0.0011,0.6958
2026-05-08T19:36:46.207,5.4002,1.2159,-22.9579,-0.0093,-0.7150,-0.0010,0.6991
2026-05-08T19:36:46.220,5.3329,1.2159,-22.9595,-0.0093,-0.7122,-0.0011,0.7019
2026-05-08T19:36:46.234,5.2700,1.2159,-22.9607,-0.0093,-0.7097,-0.0010,0.7044
2026-05-08T19:36:46.248,5.2058,1.2159,-22.9613,-0.0094,-0.7078,-0.0011,0.7064
2026-05-08T19:36:46.263,5.1360,1.2159,-22.9614,-0.0094,-0.7060,-0.0011,0.7081
2026-05-08T19:36:46.277,5.0664,1.2159,-22.9615,-0.0094,-0.7061,-0.0011,0.7081
2026-05-08T19:36:46.292,4.9939,1.2160,-22.9613,-0.0094,-0.7061,-0.0010,0.7080
2026-05-08T19:36:46.306,4.9205,1.2160,-22.9611,-0.0094,-0.7062,-0.0010,0.7079
2026-05-08T19:36:46.320,4.8474,1.2160,-22.9609,-0.0094,-0.7061,-0.0011,0.7080
2026-05-08T19:36:46.334,4.7759,1.2160,-22.9606,-0.0093,-0.7060,-0.0012,0.7081
2026-05-08T19:36:46.348,4.7100,1.2160,-22.9605,-0.0091,-0.7059,-0.0013,0.7082
2026-05-08T19:36:46.361,4.6357,1.2160,-22.9602,-0.0090,-0.7058,-0.0013,0.7083
2026-05-08T19:36:46.377,4.5684,1.2160,-22.9600,-0.0091,-0.7058,-0.0013,0.7083
2026-05-08T19:36:46.391,4.5012,1.2160,-22.9598,-0.0091,-0.7058,-0.0012,0.7084
2026-05-08T19:36:46.405,4.4243,1.2160,-22.9595,-0.0090,-0.7057,-0.0012,0.7084
2026-05-08T19:36:46.418,4.3523,1.2160,-22.9593,-0.0090,-0.7056,-0.0013,0.7085
2026-05-08T19:36:46.432,4.2837,1.2161,-22.9590,-0.0090,-0.7056,-0.0013,0.7086
2026-05-08T19:36:46.445,4.2179,1.2160,-22.9587,-0.0090,-0.7056,-0.0013,0.7086
2026-05-08T19:36:46.459,4.1463,1.2160,-22.9584,-0.0090,-0.7056,-0.0013,0.7085
2026-05-08T19:36:46.474,4.0826,1.2160,-22.9582,-0.0091,-0.7056,-0.0015,0.7085
2026-05-08T19:36:46.489,4.0145,1.2160,-22.9579,-0.0091,-0.7057,-0.0015,0.7085
2026-05-08T19:36:46.505,3.9383,1.2159,-22.9577,-0.0092,-0.7057,-0.0016,0.7084
2026-05-08T19:36:46.521,3.8647,1.2159,-22.9574,-0.0092,-0.7058,-0.0017,0.7084
2026-05-08T19:36:46.536,3.7800,1.2159,-22.9571,-0.0092,-0.7059,-0.0017,0.7083
2026-05-08T19:36:46.550,3.7014,1.2159,-22.9568,-0.0091,-0.7059,-0.0017,0.7083
2026-05-08T19:36:46.564,3.6257,1.2158,-22.9565,-0.0090,-0.7059,-0.0018,0.7083
2026-05-08T19:36:46.577,3.5591,1.2159,-22.9563,-0.0088,-0.7058,-0.0018,0.7084
2026-05-08T19:36:46.591,3.4866,1.2158,-22.9560,-0.0088,-0.7057,-0.0020,0.7084
2026-05-08T19:36:46.605,3.4234,1.2158,-22.9557,-0.0087,-0.7057,-0.0020,0.7085
2026-05-08T19:36:46.620,3.3523,1.2158,-22.9554,-0.0087,-0.7056,-0.0021,0.7085
2026-05-08T19:36:46.636,3.2710,1.2158,-22.9550,-0.0087,-0.7056,-0.0021,0.7085
2026-05-08T19:36:46.650,3.2100,1.2158,-22.9547,-0.0087,-0.7056,-0.0021,0.7085
2026-05-08T19:36:46.664,3.1277,1.2158,-22.9544,-0.0087,-0.7056,-0.0022,0.7086
2026-05-08T19:36:46.678,3.0612,1.2158,-22.9540,-0.0086,-0.7056,-0.0022,0.7085
2026-05-08T19:36:46.691,2.9881,1.2158,-22.9537,-0.0086,-0.7056,-0.0022,0.7085
2026-05-08T19:36:46.705,2.9255,1.2158,-22.9534,-0.0085,-0.7056,-0.0022,0.7085
2026-05-08T19:36:46.719,2.8571,1.2158,-22.9531,-0.0085,-0.7056,-0.0023,0.7085
2026-05-08T19:36:46.734,2.7867,1.2158,-22.9528,-0.0084,-0.7056,-0.0023,0.7085
2026-05-08T19:36:46.748,2.7196,1.2158,-22.9525,-0.0083,-0.7056,-0.0024,0.7086
2026-05-08T19:36:46.762,2.6403,1.2157,-22.9521,-0.0083,-0.7056,-0.0025,0.7086
2026-05-08T19:36:46.776,2.5749,1.2157,-22.9518,-0.0083,-0.7055,-0.0025,0.7086
2026-05-08T19:36:46.789,2.5059,1.2157,-22.9515,-0.0082,-0.7055,-0.0025,0.7086
2026-05-08T19:36:46.803,2.4373,1.2157,-22.9511,-0.0082,-0.7055,-0.0026,0.7087
2026-05-08T19:36:46.817,2.3725,1.2157,-22.9508,-0.0082,-0.7055,-0.0027,0.7087
2026-05-08T19:36:46.831,2.3078,1.2156,-22.9505,-0.0081,-0.7037,-0.0027,0.7104
2026-05-08T19:36:46.845,2.2398,1.2156,-22.9499,-0.0081,-0.7018,-0.0027,0.7123
2026-05-08T19:36:46.858,2.1688,1.2156,-22.9488,-0.0080,-0.6997,-0.0027,0.7144
2026-05-08T19:36:46.873,2.1020,1.2156,-22.9477,-0.0080,-0.6974,-0.0026,0.7167
2026-05-08T19:36:46.887,2.0411,1.2156,-22.9460,-0.0081,-0.6950,-0.0026,0.7189
2026-05-08T19:36:46.900,1.9734,1.2156,-22.9437,-0.0081,-0.6922,-0.0026,0.7216
2026-05-08T19:36:46.915,1.9070,1.2156,-22.9413,-0.0083,-0.6894,-0.0026,0.7243
2026-05-08T19:36:46.928,1.8440,1.2156,-22.9382,-0.0082,-0.6865,-0.0025,0.7271
2026-05-08T19:36:46.943,1.7770,1.2156,-22.9343,-0.0083,-0.6832,-0.0025,0.7302
2026-05-08T19:36:46.956,1.7156,1.2156,-22.9302,-0.0083,-0.6801,-0.0025,0.7330
2026-05-08T19:36:46.971,1.6522,1.2156,-22.9258,-0.0083,-0.6767,-0.0024,0.7362
2026-05-08T19:36:46.984,1.5918,1.2156,-22.9206,-0.0083,-0.6733,-0.0023,0.7393
2026-05-08T19:36:46.998,1.5236,1.2156,-22.9143,-0.0083,-0.6694,-0.0024,0.7429
2026-05-08T19:36:47.012,1.4680,1.2156,-22.9089,-0.0082,-0.6656,-0.0022,0.7463
2026-05-08T19:36:47.026,1.4097,1.2157,-22.9022,-0.0081,-0.6611,-0.0021,0.7502
2026-05-08T19:36:47.040,1.3553,1.2157,-22.8953,-0.0081,-0.6562,-0.0020,0.7545
2026-05-08T19:36:47.053,1.3040,1.2157,-22.8887,-0.0081,-0.6503,-0.0019,0.7596
2026-05-08T19:36:47.067,1.2570,1.2157,-22.8813,-0.0080,-0.6442,-0.0018,0.7648
2026-05-08T19:36:47.081,1.2165,1.2156,-22.8742,-0.0081,-0.6381,-0.0018,0.7699
2026-05-08T19:36:47.095,1.1710,1.2156,-22.8663,-0.0081,-0.6313,-0.0017,0.7755
2026-05-08T19:36:47.109,1.1289,1.2156,-22.8575,-0.0081,-0.6247,-0.0017,0.7808
2026-05-08T19:36:47.123,1.0867,1.2156,-22.8480,-0.0082,-0.6179,-0.0016,0.7862
2026-05-08T19:36:47.136,1.0458,1.2156,-22.8381,-0.0082,-0.6112,-0.0016,0.7915
2026-05-08T19:36:47.150,1.0033,1.2156,-22.8277,-0.0082,-0.6042,-0.0015,0.7968
2026-05-08T19:36:47.164,0.9651,1.2156,-22.8170,-0.0081,-0.5977,-0.0015,0.8017
2026-05-08T19:36:47.178,0.9247,1.2155,-22.8049,-0.0079,-0.5907,-0.0015,0.8068
2026-05-08T19:36:47.192,0.8846,1.2155,-22.7929,-0.0079,-0.5837,-0.0015,0.8119
2026-05-08T19:36:47.206,0.8453,1.2155,-22.7796,-0.0079,-0.5767,-0.0015,0.8169
2026-05-08T19:36:47.220,0.8030,1.2155,-22.7646,-0.0079,-0.5690,-0.0015,0.8223
2026-05-08T19:36:47.233,0.7633,1.2155,-22.7503,-0.0078,-0.5616,-0.0015,0.8274
2026-05-08T19:36:47.247,0.7253,1.2155,-22.7352,-0.0078,-0.5546,-0.0013,0.8321
2026-05-08T19:36:47.261,0.6875,1.2155,-22.7195,-0.0078,-0.5473,-0.0013,0.8369
2026-05-08T19:36:47.276,0.6491,1.2155,-22.7035,-0.0077,-0.5399,-0.0013,0.8417
2026-05-08T19:36:47.289,0.6108,1.2155,-22.6859,-0.0078,-0.5324,-0.0011,0.8464
2026-05-08T19:36:47.303,0.5732,1.2155,-22.6679,-0.0078,-0.5249,-0.0010,0.8511
2026-05-08T19:36:47.316,0.5367,1.2155,-22.6496,-0.0078,-0.5174,-0.0010,0.8557
2026-05-08T19:36:47.331,0.4993,1.2155,-22.6308,-0.0078,-0.5098,-0.0008,0.8603
2026-05-08T19:36:47.344,0.4661,1.2155,-22.6126,-0.0079,-0.5028,-0.0006,0.8644
2026-05-08T19:36:47.358,0.4293,1.2155,-22.5917,-0.0080,-0.4949,-0.0004,0.8689
2026-05-08T19:36:47.372,0.3940,1.2155,-22.5717,-0.0080,-0.4874,-0.0002,0.8731
2026-05-08T19:36:47.386,0.3588,1.2155,-22.5500,-0.0081,-0.4796,0.0000,0.8774
2026-05-08T19:36:47.399,0.3232,1.2155,-22.5272,-0.0081,-0.4717,0.0002,0.8817
2026-05-08T19:36:47.414,0.2903,1.2155,-22.5062,-0.0081,-0.4643,0.0004,0.8856
2026-05-08T19:36:47.428,0.2569,1.2155,-22.4831,-0.0082,-0.4564,0.0005,0.8897
2026-05-08T19:36:47.442,0.2227,1.2155,-22.4585,-0.0082,-0.4482,0.0006,0.8939
2026-05-08T19:36:47.457,0.1882,1.2155,-22.4337,-0.0082,-0.4400,0.0007,0.8980
2026-05-08T19:36:47.473,0.1554,1.2155,-22.4083,-0.0082,-0.4316,0.0007,0.9020
2026-05-08T19:36:47.488,0.1219,1.2155,-22.3813,-0.0078,-0.4230,0.0006,0.9061
2026-05-08T19:36:47.504,0.0864,1.2154,-22.3516,-0.0077,-0.4137,0.0006,0.9104
2026-05-08T19:36:47.522,0.0516,1.2154,-22.3223,-0.0074,-0.4048,0.0006,0.9144
2026-05-08T19:36:47.537,0.0146,1.2154,-22.2887,-0.0077,-0.3949,0.0006,0.9187
2026-05-08T19:36:47.552,-0.0235,1.2154,-22.2526,-0.0077,-0.3847,0.0007,0.9230
2026-05-08T19:36:47.567,-0.0555,1.2154,-22.2209,-0.0077,-0.3759,0.0009,0.9266
2026-05-08T19:36:47.580,-0.0850,1.2154,-22.1906,-0.0078,-0.3678,0.0008,0.9299
2026-05-08T19:36:47.596,-0.1184,1.2154,-22.1562,-0.0077,-0.3586,0.0010,0.9335
2026-05-08T19:36:47.610,-0.1446,1.2154,-22.1271,-0.0078,-0.3510,0.0011,0.9363
2026-05-08T19:36:47.626,-0.1750,1.2155,-22.0925,-0.0080,-0.3421,0.0013,0.9396
2026-05-08T19:36:47.642,-0.2024,1.2155,-22.0599,-0.0079,-0.3337,0.0013,0.9426
2026-05-08T19:36:47.659,-0.2344,1.2155,-22.0216,-0.0078,-0.3238,0.0013,0.9461
2026-05-08T19:36:47.677,-0.2639,1.2155,-21.9836,-0.0078,-0.3142,0.0016,0.9493
2026-05-08T19:36:47.695,-0.2948,1.2155,-21.9422,-0.0079,-0.3040,0.0020,0.9526
2026-05-08T19:36:47.711,-0.3241,1.2155,-21.9010,-0.0079,-0.2937,0.0022,0.9559
2026-05-08T19:36:47.726,-0.3552,1.2155,-21.8552,-0.0078,-0.2823,0.0022,0.9593
2026-05-08T19:36:47.743,-0.3805,1.2156,-21.8160,-0.0077,-0.2727,0.0024,0.9621
2026-05-08T19:36:47.761,-0.4070,1.2156,-21.7746,-0.0076,-0.2627,0.0024,0.9648
2026-05-08T19:36:47.777,-0.4326,1.2156,-21.7311,-0.0076,-0.2523,0.0027,0.9676
2026-05-08T19:36:47.792,-0.4580,1.2156,-21.6856,-0.0074,-0.2416,0.0025,0.9703
2026-05-08T19:36:47.808,-0.4800,1.2156,-21.6441,-0.0071,-0.2318,0.0024,0.9727
2026-05-08T19:36:47.824,-0.5009,1.2155,-21.6028,-0.0070,-0.2220,0.0024,0.9750
2026-05-08T19:36:47.842,-0.5213,1.2155,-21.5619,-0.0069,-0.2126,0.0021,0.9771
2026-05-08T19:36:47.859,-0.5412,1.2155,-21.5184,-0.0071,-0.2027,0.0023,0.9792
2026-05-08T19:36:47.874,-0.5635,1.2155,-21.4665,-0.0068,-0.1907,0.0022,0.9816
2026-05-08T19:36:47.889,-0.5816,1.2155,-21.4216,-0.0065,-0.1804,0.0020,0.9836
2026-05-08T19:36:47.904,-0.5974,1.2154,-21.3800,-0.0063,-0.1712,0.0019,0.9852
2026-05-08T19:36:47.919,-0.6128,1.2154,-21.3367,-0.0065,-0.1618,0.0019,0.9868
2026-05-08T19:36:47.938,-0.6284,1.2154,-21.2930,-0.0066,-0.1521,0.0021,0.9883
2026-05-08T19:36:47.956,-0.6419,1.2154,-21.2501,-0.0065,-0.1429,0.0022,0.9897
2026-05-08T19:36:47.974,-0.6582,1.2154,-21.1948,-0.0064,-0.1310,0.0023,0.9914
2026-05-08T19:36:47.989,-0.6714,1.2154,-21.1456,-0.0063,-0.1204,0.0023,0.9927
2026-05-08T19:36:48.005,-0.6846,1.2155,-21.0919,-0.0062,-0.1089,0.0024,0.9940
2026-05-08T19:36:48.020,-0.6945,1.2155,-21.0469,-0.0061,-0.0992,0.0025,0.9950
2026-05-08T19:36:48.036,-0.7051,1.2155,-20.9983,-0.0060,-0.0888,0.0027,0.9960
2026-05-08T19:36:48.051,-0.7125,1.2155,-20.9569,-0.0059,-0.0799,0.0026,0.9968
2026-05-08T19:36:48.066,-0.7205,1.2155,-20.9071,-0.0056,-0.0693,0.0026,0.9976
2026-05-08T19:36:48.081,-0.7259,1.2155,-20.8679,-0.0056,-0.0607,0.0026,0.9981
2026-05-08T19:36:48.097,-0.7321,1.2155,-20.8216,-0.0054,-0.0504,0.0025,0.9987
2026-05-08T19:36:48.113,-0.7364,1.2154,-20.7794,-0.0054,-0.0410,0.0026,0.9991
2026-05-08T19:36:48.130,-0.7403,1.2154,-20.7318,-0.0053,-0.0304,0.0025,0.9995
2026-05-08T19:36:48.147,-0.7430,1.2153,-20.6868,-0.0054,-0.0203,0.0025,0.9998
2026-05-08T19:36:48.163,-0.7450,1.2153,-20.6375,-0.0052,-0.0091,0.0026,0.9999
2026-05-08T19:36:48.179,-0.7468,1.2153,-20.5896,-0.0052,0.0018,0.0027,1.0000
2026-05-08T19:36:48.194,-0.7466,1.2153,-20.5468,-0.0051,0.0117,0.0027,0.9999
2026-05-08T19:36:48.209,-0.7456,1.2153,-20.5037,-0.0049,0.0219,0.0026,0.9997
2026-05-08T19:36:48.224,-0.7438,1.2153,-20.4626,-0.0049,0.0315,0.0028,0.9995
2026-05-08T19:36:48.240,-0.7412,1.2153,-20.4220,-0.0049,0.0411,0.0027,0.9991
2026-05-08T19:36:48.257,-0.7386,1.2153,-20.3811,-0.0049,0.0510,0.0028,0.9987
2026-05-08T19:36:48.275,-0.7340,1.2153,-20.3363,-0.0047,0.0619,0.0027,0.9981
2026-05-08T19:36:48.293,-0.7286,1.2153,-20.2940,-0.0043,0.0734,0.0023,0.9973
2026-05-08T19:36:48.309,-0.7218,1.2152,-20.2486,-0.0044,0.0856,0.0023,0.9963
2026-05-08T19:36:48.324,-0.7141,1.2153,-20.2037,-0.0042,0.0978,0.0025,0.9952
2026-05-08T19:36:48.341,-0.7064,1.2153,-20.1655,-0.0042,0.1084,0.0025,0.9941
2026-05-08T19:36:48.358,-0.6985,1.2153,-20.1255,-0.0041,0.1193,0.0026,0.9928
2026-05-08T19:36:48.374,-0.6889,1.2153,-20.0863,-0.0039,0.1304,0.0027,0.9914
2026-05-08T19:36:48.390,-0.6781,1.2152,-20.0459,-0.0039,0.1421,0.0026,0.9898
2026-05-08T19:36:48.406,-0.6669,1.2153,-20.0079,-0.0037,0.1530,0.0027,0.9882
2026-05-08T19:36:48.421,-0.6555,1.2153,-19.9719,-0.0038,0.1636,0.0030,0.9865
2026-05-08T19:36:48.439,-0.6443,1.2153,-19.9362,-0.0037,0.1743,0.0030,0.9847
2026-05-08T19:36:48.457,-0.6314,1.2153,-19.9009,-0.0036,0.1850,0.0029,0.9827
2026-05-08T19:36:48.472,-0.6161,1.2153,-19.8619,-0.0036,0.1971,0.0029,0.9804
2026-05-08T19:36:48.487,-0.6007,1.2153,-19.8252,-0.0036,0.2086,0.0029,0.9780
2026-05-08T19:36:48.502,-0.5863,1.2153,-19.7930,-0.0035,0.2190,0.0029,0.9757
2026-05-08T19:36:48.517,-0.5722,1.2152,-19.7613,-0.0034,0.2291,0.0028,0.9734
2026-05-08T19:36:48.533,-0.5560,1.2152,-19.7288,-0.0033,0.2399,0.0027,0.9708
2026-05-08T19:36:48.548,-0.5401,1.2152,-19.6986,-0.0032,0.2501,0.0026,0.9682
2026-05-08T19:36:48.562,-0.5202,1.2152,-19.6627,-0.0033,0.2621,0.0026,0.9650
2026-05-08T19:36:48.576,-0.5050,1.2152,-19.6368,-0.0032,0.2709,0.0028,0.9626
2026-05-08T19:36:48.591,-0.4880,1.2152,-19.6074,-0.0031,0.2810,0.0029,0.9597
2026-05-08T19:36:48.606,-0.4718,1.2152,-19.5821,-0.0031,0.2900,0.0029,0.9570
2026-05-08T19:36:48.619,-0.4535,1.2152,-19.5547,-0.0030,0.3001,0.0029,0.9539
2026-05-08T19:36:48.634,-0.4360,1.2152,-19.5281,-0.0030,0.3096,0.0030,0.9509
2026-05-08T19:36:48.648,-0.4185,1.2152,-19.5041,-0.0029,0.3187,0.0031,0.9478
2026-05-08T19:36:48.661,-0.3997,1.2152,-19.4794,-0.0029,0.3287,0.0031,0.9444
2026-05-08T19:36:48.675,-0.3830,1.2152,-19.4569,-0.0028,0.3376,0.0031,0.9413
2026-05-08T19:36:48.690,-0.3655,1.2152,-19.4356,-0.0028,0.3468,0.0031,0.9379
2026-05-08T19:36:48.705,-0.3467,1.2152,-19.4136,-0.0027,0.3565,0.0031,0.9343
2026-05-08T19:36:48.718,-0.3280,1.2152,-19.3927,-0.0026,0.3659,0.0032,0.9306
2026-05-08T19:36:48.733,-0.3078,1.2152,-19.3697,-0.0025,0.3760,0.0032,0.9266
2026-05-08T19:36:48.747,-0.2887,1.2152,-19.3501,-0.0025,0.3851,0.0032,0.9229
2026-05-08T19:36:48.760,-0.2670,1.2152,-19.3286,-0.0025,0.3952,0.0032,0.9186
2026-05-08T19:36:48.775,-0.2481,1.2152,-19.3094,-0.0025,0.4040,0.0031,0.9148
2026-05-08T19:36:48.789,-0.2281,1.2152,-19.2913,-0.0025,0.4128,0.0032,0.9108
2026-05-08T19:36:48.803,-0.2059,1.2152,-19.2718,-0.0024,0.4224,0.0032,0.9064
2026-05-08T19:36:48.817,-0.1850,1.2151,-19.2542,-0.0024,0.4312,0.0032,0.9022
2026-05-08T19:36:48.832,-0.1591,1.2152,-19.2322,-0.0023,0.4407,0.0033,0.8976
2026-05-08T19:36:48.845,-0.1345,1.2152,-19.2131,-0.0023,0.4487,0.0033,0.8937
2026-05-08T19:36:48.858,-0.1118,1.2152,-19.1963,-0.0023,0.4548,0.0034,0.8906
2026-05-08T19:36:48.872,-0.0963,1.2152,-19.1843,-0.0023,0.4583,0.0034,0.8888
2026-05-08T19:36:48.886,-0.0806,1.2152,-19.1730,-0.0023,0.4618,0.0034,0.8870
2026-05-08T19:36:48.900,-0.0805,1.2152,-19.1730,-0.0022,0.4616,0.0034,0.8871
2026-05-08T19:36:48.941,-0.0805,1.2152,-19.1731,-0.0022,0.4618,0.0031,0.8870
2026-05-08T19:36:48.955,-0.0805,1.2152,-19.1731,-0.0022,0.4619,0.0030,0.8869
2026-05-08T19:36:48.970,-0.0865,1.2152,-19.1774,-0.0021,0.4621,0.0030,0.8868
2026-05-08T19:36:48.983,-0.1033,1.2153,-19.1891,-0.0022,0.4588,0.0030,0.8885
2026-05-08T19:36:48.997,-0.1376,1.2153,-19.2135,-0.0022,0.4537,0.0030,0.8911
2026-05-08T19:36:49.011,-0.1846,1.2153,-19.2482,-0.0022,0.4493,0.0031,0.8934
2026-05-08T19:36:49.025,-0.2349,1.2153,-19.2857,-0.0022,0.4459,0.0031,0.8951
2026-05-08T19:36:49.039,-0.2895,1.2153,-19.3268,-0.0021,0.4426,0.0030,0.8967
2026-05-08T19:36:49.053,-0.3429,1.2153,-19.3682,-0.0021,0.4405,0.0028,0.8977
2026-05-08T19:36:49.067,-0.3977,1.2153,-19.4105,-0.0020,0.4405,0.0028,0.8977
2026-05-08T19:36:49.081,-0.4536,1.2153,-19.4537,-0.0021,0.4404,0.0029,0.8978
2026-05-08T19:36:49.095,-0.5113,1.2153,-19.4984,-0.0021,0.4404,0.0030,0.8978
2026-05-08T19:36:49.108,-0.5616,1.2153,-19.5373,-0.0022,0.4427,0.0030,0.8967
2026-05-08T19:36:49.122,-0.6160,1.2153,-19.5790,-0.0021,0.4463,0.0029,0.8949
2026-05-08T19:36:49.136,-0.6635,1.2152,-19.6147,-0.0021,0.4497,0.0029,0.8932
2026-05-08T19:36:49.150,-0.7142,1.2152,-19.6520,-0.0021,0.4536,0.0029,0.8912
2026-05-08T19:36:49.164,-0.7648,1.2152,-19.6888,-0.0022,0.4583,0.0028,0.8888
2026-05-08T19:36:49.178,-0.8125,1.2152,-19.7227,-0.0021,0.4628,0.0027,0.8864
2026-05-08T19:36:49.192,-0.8596,1.2152,-19.7550,-0.0021,0.4683,0.0027,0.8836
2026-05-08T19:36:49.207,-0.9061,1.2152,-19.7866,-0.0021,0.4742,0.0027,0.8804
2026-05-08T19:36:49.219,-0.9518,1.2152,-19.8167,-0.0020,0.4803,0.0027,0.8771
2026-05-08T19:36:49.234,-0.9984,1.2153,-19.8458,-0.0019,0.4866,0.0028,0.8736
2026-05-08T19:36:49.248,-1.0400,1.2153,-19.8715,-0.0019,0.4924,0.0029,0.8703
2026-05-08T19:36:49.261,-1.0859,1.2153,-19.8991,-0.0019,0.4989,0.0031,0.8667
2026-05-08T19:36:49.275,-1.1309,1.2153,-19.9245,-0.0018,0.5051,0.0031,0.8631
2026-05-08T19:36:49.290,-1.1747,1.2153,-19.9491,-0.0018,0.5111,0.0031,0.8595
2026-05-08T19:36:49.305,-1.2211,1.2153,-19.9743,-0.0018,0.5174,0.0031,0.8557
2026-05-08T19:36:49.317,-1.2698,1.2153,-19.9999,-0.0017,0.5240,0.0031,0.8517
2026-05-08T19:36:49.331,-1.3215,1.2154,-20.0253,-0.0017,0.5309,0.0031,0.8474
2026-05-08T19:36:49.346,-1.3596,1.2154,-20.0438,-0.0017,0.5359,0.0030,0.8443
2026-05-08T19:36:49.359,-1.4085,1.2154,-20.0668,-0.0017,0.5423,0.0030,0.8402
2026-05-08T19:36:49.374,-1.4583,1.2154,-20.0886,-0.0017,0.5488,0.0029,0.8360
2026-05-08T19:36:49.387,-1.5034,1.2153,-20.1082,-0.0018,0.5545,0.0028,0.8322
2026-05-08T19:36:49.401,-1.5559,1.2153,-20.1301,-0.0018,0.5607,0.0028,0.8280
2026-05-08T19:36:49.415,-1.6037,1.2153,-20.1486,-0.0018,0.5661,0.0028,0.8244
2026-05-08T19:36:49.429,-1.6568,1.2153,-20.1690,-0.0018,0.5718,0.0027,0.8204
2026-05-08T19:36:49.443,-1.7098,1.2153,-20.1886,-0.0018,0.5772,0.0027,0.8166
2026-05-08T19:36:49.456,-1.7615,1.2153,-20.2069,-0.0019,0.5824,0.0026,0.8129
2026-05-08T19:36:49.471,-1.8141,1.2153,-20.2243,-0.0019,0.5875,0.0026,0.8092
2026-05-08T19:36:49.485,-1.8637,1.2153,-20.2404,-0.0019,0.5924,0.0025,0.8057
2026-05-08T19:36:49.498,-1.9212,1.2153,-20.2584,-0.0020,0.5979,0.0024,0.8016
2026-05-08T19:36:49.513,-1.9744,1.2152,-20.2736,-0.0020,0.6029,0.0023,0.7978
2026-05-08T19:36:49.526,-2.0280,1.2152,-20.2889,-0.0020,0.6080,0.0023,0.7939
2026-05-08T19:36:49.540,-2.0837,1.2152,-20.3039,-0.0020,0.6133,0.0023,0.7899
2026-05-08T19:36:49.554,-2.1370,1.2153,-20.3170,-0.0020,0.6182,0.0023,0.7860
2026-05-08T19:36:49.568,-2.1908,1.2153,-20.3301,-0.0020,0.6232,0.0023,0.7820
2026-05-08T19:36:49.582,-2.2453,1.2153,-20.3426,-0.0020,0.6282,0.0023,0.7780
2026-05-08T19:36:49.595,-2.3037,1.2153,-20.3552,-0.0020,0.6335,0.0023,0.7737
2026-05-08T19:36:49.610,-2.3559,1.2152,-20.3652,-0.0020,0.6382,0.0024,0.7699
2026-05-08T19:36:49.624,-2.4093,1.2152,-20.3753,-0.0020,0.6432,0.0024,0.7657
2026-05-08T19:36:49.637,-2.4655,1.2152,-20.3852,-0.0021,0.6487,0.0024,0.7611
2026-05-08T19:36:49.652,-2.5177,1.2152,-20.3931,-0.0022,0.6538,0.0022,0.7566
2026-05-08T19:36:49.666,-2.5697,1.2152,-20.4007,-0.0022,0.6593,0.0019,0.7518
2026-05-08T19:36:49.679,-2.6220,1.2152,-20.4077,-0.0020,0.6648,0.0016,0.7470
2026-05-08T19:36:49.693,-2.6725,1.2152,-20.4130,-0.0023,0.6703,0.0018,0.7421
2026-05-08T19:36:49.708,-2.7230,1.2152,-20.4182,-0.0021,0.6759,0.0015,0.7370
2026-05-08T19:36:49.721,-2.7716,1.2152,-20.4224,-0.0021,0.6816,0.0015,0.7317
2026-05-08T19:36:49.735,-2.8208,1.2152,-20.4253,-0.0023,0.6875,0.0016,0.7262
2026-05-08T19:36:49.749,-2.8653,1.2152,-20.4278,-0.0023,0.6930,0.0016,0.7209
2026-05-08T19:36:49.763,-2.9116,1.2152,-20.4296,-0.0023,0.6993,0.0016,0.7148
2026-05-08T19:36:49.777,-2.9116,1.2152,-20.4296,-0.0025,0.7050,0.0015,0.7092
2026-05-08T19:36:49.791,-2.9115,1.2152,-20.4290,-0.0025,0.7111,0.0016,0.7031
2026-05-08T19:36:49.805,-2.9115,1.2151,-20.4290,-0.0025,0.7168,0.0016,0.6972
2026-05-08T19:36:49.818,-2.9115,1.2151,-20.4279,-0.0026,0.7229,0.0015,0.6910
2026-05-08T19:36:49.833,-2.9113,1.2151,-20.4253,-0.0027,0.7291,0.0015,0.6844
2026-05-08T19:36:49.847,-2.9113,1.2151,-20.4229,-0.0027,0.7349,0.0014,0.6781
2026-05-08T19:36:49.860,-2.9113,1.2150,-20.4195,-0.0027,0.7414,0.0015,0.6711
2026-05-08T19:36:49.874,-2.9110,1.2150,-20.4149,-0.0028,0.7473,0.0013,0.6645
2026-05-08T19:36:49.888,-2.9110,1.2150,-20.4106,-0.0028,0.7530,0.0012,0.6581
2026-05-08T19:36:49.902,-2.9109,1.2150,-20.4052,-0.0029,0.7593,0.0010,0.6507
2026-05-08T19:36:49.916,-2.9106,1.2150,-20.3991,-0.0029,0.7651,0.0011,0.6439
2026-05-08T19:36:49.930,-2.9106,1.2150,-20.3928,-0.0030,0.7713,0.0011,0.6365
2026-05-08T19:36:49.944,-2.9105,1.2150,-20.3862,-0.0030,0.7773,0.0011,0.6291
2026-05-08T19:36:49.957,-2.9105,1.2150,-20.3791,-0.0030,0.7835,0.0012,0.6214
2026-05-08T19:36:49.972,-2.9101,1.2150,-20.3713,-0.0030,0.7894,0.0012,0.6138
2026-05-08T19:36:49.986,-2.9101,1.2150,-20.3642,-0.0030,0.7952,0.0011,0.6063
2026-05-08T19:36:49.999,-2.9102,1.2150,-20.3557,-0.0030,0.8019,0.0011,0.5975
2026-05-08T19:36:50.014,-2.9098,1.2149,-20.3473,-0.0029,0.8073,0.0011,0.5901
2026-05-08T19:36:50.027,-2.9099,1.2148,-20.3393,-0.0029,0.8129,0.0011,0.5824
2026-05-08T19:36:50.041,-2.9100,1.2148,-20.3299,-0.0030,0.8191,0.0012,0.5737
2026-05-08T19:36:50.055,-2.9100,1.2148,-20.3201,-0.0030,0.8246,0.0011,0.5657
2026-05-08T19:36:50.069,-2.9102,1.2148,-20.3104,-0.0030,0.8304,0.0011,0.5572
2026-05-08T19:36:50.083,-2.9103,1.2149,-20.3005,-0.0030,0.8359,0.0012,0.5489
2026-05-08T19:36:50.096,-2.9105,1.2149,-20.2896,-0.0031,0.8416,0.0012,0.5401
2026-05-08T19:36:50.110,-2.9106,1.2149,-20.2787,-0.0031,0.8470,0.0012,0.5316
2026-05-08T19:36:50.124,-2.9108,1.2149,-20.2684,-0.0031,0.8522,0.0012,0.5232
2026-05-08T19:36:50.137,-2.9110,1.2149,-20.2570,-0.0032,0.8579,0.0012,0.5138
2026-05-08T19:36:50.151,-2.9112,1.2149,-20.2461,-0.0032,0.8629,0.0011,0.5054
2026-05-08T19:36:50.165,-2.9115,1.2148,-20.2358,-0.0033,0.8677,0.0011,0.4970
2026-05-08T19:36:50.179,-2.9117,1.2148,-20.2255,-0.0033,0.8728,0.0010,0.4880
2026-05-08T19:36:50.193,-2.9119,1.2148,-20.2144,-0.0033,0.8780,0.0010,0.4787
2026-05-08T19:36:50.207,-2.9122,1.2148,-20.2049,-0.0034,0.8830,0.0009,0.4695
2026-05-08T19:36:50.220,-2.9125,1.2148,-20.1954,-0.0034,0.8881,0.0009,0.4597
2026-05-08T19:36:50.234,-2.9129,1.2148,-20.1860,-0.0034,0.8927,0.0009,0.4506
2026-05-08T19:36:50.248,-2.9132,1.2148,-20.1783,-0.0035,0.8973,0.0010,0.4414
2026-05-08T19:36:50.262,-2.9135,1.2148,-20.1705,-0.0035,0.9024,0.0010,0.4310
2026-05-08T19:36:50.276,-2.9140,1.2148,-20.1645,-0.0034,0.9066,0.0010,0.4219
2026-05-08T19:36:50.290,-2.9143,1.2148,-20.1595,-0.0034,0.9112,0.0011,0.4120
2026-05-08T19:36:50.305,-2.9147,1.2148,-20.1556,-0.0034,0.9154,0.0013,0.4024
2026-05-08T19:36:50.320,-2.9152,1.2148,-20.1527,-0.0034,0.9200,0.0013,0.3919
2026-05-08T19:36:50.335,-2.9157,1.2148,-20.1509,-0.0036,0.9246,0.0011,0.3809
2026-05-08T19:36:50.352,-2.9157,1.2148,-20.1509,-0.0036,0.9289,0.0010,0.3704
2026-05-08T19:36:50.369,-2.9132,1.2148,-20.1535,-0.0035,0.9335,0.0009,0.3586
2026-05-08T19:36:50.386,-2.9098,1.2148,-20.1573,-0.0035,0.9379,0.0011,0.3469
2026-05-08T19:36:50.401,-2.8984,1.2148,-20.1707,-0.0035,0.9427,0.0010,0.3335
2026-05-08T19:36:50.416,-2.8857,1.2148,-20.1845,-0.0034,0.9467,0.0012,0.3221
2026-05-08T19:36:50.432,-2.8698,1.2148,-20.2052,-0.0034,0.9502,0.0012,0.3116
2026-05-08T19:36:50.447,-2.8521,1.2147,-20.2291,-0.0034,0.9536,0.0012,0.3010
2026-05-08T19:36:50.462,-2.8315,1.2147,-20.2586,-0.0034,0.9568,0.0014,0.2908
2026-05-08T19:36:50.478,-2.8106,1.2147,-20.2881,-0.0035,0.9597,0.0014,0.2812
2026-05-08T19:36:50.495,-2.7895,1.2147,-20.3209,-0.0035,0.9626,0.0014,0.2708
2026-05-08T19:36:50.513,-2.7689,1.2146,-20.3545,-0.0034,0.9654,0.0014,0.2609
2026-05-08T19:36:50.529,-2.7426,1.2146,-20.3996,-0.0034,0.9685,0.0015,0.2488
2026-05-08T19:36:50.544,-2.7212,1.2146,-20.4385,-0.0035,0.9711,0.0016,0.2386
2026-05-08T19:36:50.559,-2.7011,1.2147,-20.4768,-0.0034,0.9735,0.0016,0.2285
2026-05-08T19:36:50.576,-2.6824,1.2146,-20.5125,-0.0035,0.9757,0.0015,0.2191
2026-05-08T19:36:50.594,-2.6647,1.2146,-20.5499,-0.0034,0.9778,0.0015,0.2094
2026-05-08T19:36:50.610,-2.6440,1.2146,-20.5960,-0.0033,0.9803,0.0016,0.1976
2026-05-08T19:36:50.627,-2.6248,1.2147,-20.6416,-0.0032,0.9825,0.0017,0.1861
2026-05-08T19:36:50.641,-2.6088,1.2147,-20.6822,-0.0031,0.9844,0.0018,0.1760
2026-05-08T19:36:50.656,-2.5925,1.2147,-20.7239,-0.0031,0.9862,0.0017,0.1656
2026-05-08T19:36:50.674,-2.5792,1.2147,-20.7621,-0.0030,0.9877,0.0018,0.1562
2026-05-08T19:36:50.691,-2.5661,1.2147,-20.8024,-0.0030,0.9892,0.0018,0.1464
2026-05-08T19:36:50.707,-2.5521,1.2147,-20.8486,-0.0028,0.9908,0.0019,0.1351
2026-05-08T19:36:50.722,-2.5394,1.2147,-20.8943,-0.0028,0.9923,0.0019,0.1240
2026-05-08T19:36:50.737,-2.5277,1.2147,-20.9363,-0.0027,0.9935,0.0019,0.1138
2026-05-08T19:36:50.752,-2.5184,1.2148,-20.9761,-0.0026,0.9945,0.0020,0.1043
2026-05-08T19:36:50.767,-2.5093,1.2148,-21.0189,-0.0026,0.9956,0.0020,0.0940
2026-05-08T19:36:50.783,-2.5015,1.2148,-21.0593,-0.0025,0.9964,0.0021,0.0843
2026-05-08T19:36:50.801,-2.4931,1.2148,-21.1036,-0.0024,0.9973,0.0022,0.0738
2026-05-08T19:36:50.817,-2.4867,1.2148,-21.1461,-0.0025,0.9980,0.0021,0.0637
2026-05-08T19:36:50.834,-2.4803,1.2148,-21.1949,-0.0025,0.9986,0.0021,0.0523
2026-05-08T19:36:50.849,-2.4757,1.2148,-21.2385,-0.0025,0.9991,0.0022,0.0421
2026-05-08T19:36:50.864,-2.4716,1.2148,-21.2856,-0.0024,0.9995,0.0022,0.0312
2026-05-08T19:36:50.879,-2.4689,1.2148,-21.3267,-0.0022,0.9998,0.0022,0.0218
2026-05-08T19:36:50.898,-2.4662,1.2148,-21.3688,-0.0021,0.9999,0.0023,0.0122
2026-05-08T19:36:50.915,-2.4650,1.2148,-21.4137,-0.0020,1.0000,0.0023,0.0018
2026-05-08T19:36:50.931,-2.4647,1.2148,-21.4657,-0.0018,0.9999,0.0023,-0.0099
2026-05-08T19:36:50.947,-2.4656,1.2149,-21.5136,-0.0017,0.9998,0.0023,-0.0208
2026-05-08T19:36:50.961,-2.4675,1.2149,-21.5604,-0.0016,0.9995,0.0025,-0.0316
2026-05-08T19:36:50.979,-2.4692,1.2149,-21.6022,-0.0016,0.9991,0.0024,-0.0412
2026-05-08T19:36:50.997,-2.4726,1.2149,-21.6446,-0.0016,0.9987,0.0024,-0.0511
2026-05-08T19:36:51.015,-2.4778,1.2149,-21.6960,-0.0016,0.9980,0.0023,-0.0630
2026-05-08T19:36:51.031,-2.4836,1.2149,-21.7431,-0.0014,0.9973,0.0024,-0.0739
2026-05-08T19:36:51.046,-2.4911,1.2150,-21.7935,-0.0012,0.9963,0.0023,-0.0856
2026-05-08T19:36:51.062,-2.4989,1.2150,-21.8384,-0.0011,0.9954,0.0024,-0.0961
2026-05-08T19:36:51.080,-2.5064,1.2150,-21.8817,-0.0011,0.9943,0.0023,-0.1063
2026-05-08T19:36:51.097,-2.5163,1.2150,-21.9279,-0.0010,0.9931,0.0023,-0.1172
2026-05-08T19:36:51.112,-2.5271,1.2150,-21.9733,-0.0008,0.9918,0.0024,-0.1278
2026-05-08T19:36:51.127,-2.5392,1.2150,-22.0193,-0.0007,0.9903,0.0024,-0.1386
2026-05-08T19:36:51.142,-2.5510,1.2151,-22.0606,-0.0007,0.9889,0.0024,-0.1484
2026-05-08T19:36:51.158,-2.5626,1.2150,-22.1015,-0.0007,0.9874,0.0025,-0.1580
2026-05-08T19:36:51.176,-2.5761,1.2150,-22.1426,-0.0007,0.9858,0.0024,-0.1679
2026-05-08T19:36:51.193,-2.5913,1.2150,-22.1858,-0.0007,0.9840,0.0025,-0.1782
2026-05-08T19:36:51.210,-2.6082,1.2150,-22.2312,-0.0007,0.9819,0.0025,-0.1893
2026-05-08T19:36:51.226,-2.6266,1.2149,-22.2771,-0.0008,0.9797,0.0024,-0.2004
2026-05-08T19:36:51.241,-2.6441,1.2149,-22.3180,-0.0008,0.9776,0.0024,-0.2106
2026-05-08T19:36:51.258,-2.6626,1.2149,-22.3612,-0.0009,0.9752,0.0024,-0.2211
2026-05-08T19:36:51.274,-2.6814,1.2149,-22.4006,-0.0008,0.9730,0.0023,-0.2310
2026-05-08T19:36:51.289,-2.7022,1.2149,-22.4419,-0.0006,0.9705,0.0024,-0.2413
2026-05-08T19:36:51.304,-2.7234,1.2149,-22.4819,-0.0005,0.9679,0.0024,-0.2514
2026-05-08T19:36:51.318,-2.7431,1.2149,-22.5171,-0.0004,0.9655,0.0024,-0.2605
2026-05-08T19:36:51.333,-2.7640,1.2149,-22.5545,-0.0004,0.9628,0.0023,-0.2702
2026-05-08T19:36:51.347,-2.7839,1.2149,-22.5871,-0.0004,0.9603,0.0024,-0.2789
2026-05-08T19:36:51.361,-2.8057,1.2149,-22.6215,-0.0004,0.9576,0.0024,-0.2881
2026-05-08T19:36:51.376,-2.8266,1.2149,-22.6545,-0.0004,0.9549,0.0023,-0.2971
2026-05-08T19:36:51.390,-2.8484,1.2149,-22.6861,-0.0004,0.9521,0.0023,-0.3058
2026-05-08T19:36:51.406,-2.8724,1.2149,-22.7196,-0.0004,0.9490,0.0023,-0.3152
2026-05-08T19:36:51.421,-2.8961,1.2148,-22.7512,-0.0004,0.9459,0.0023,-0.3244
2026-05-08T19:36:51.438,-2.9212,1.2148,-22.7848,-0.0004,0.9425,0.0024,-0.3342
2026-05-08T19:36:51.452,-2.9457,1.2148,-22.8150,-0.0005,0.9390,0.0024,-0.3439
2026-05-08T19:36:51.467,-2.9740,1.2148,-22.8485,-0.0004,0.9348,0.0024,-0.3552
2026-05-08T19:36:51.481,-2.9962,1.2148,-22.8734,-0.0004,0.9315,0.0024,-0.3637
2026-05-08T19:36:51.496,-3.0208,1.2148,-22.9012,-0.0005,0.9277,0.0025,-0.3733
2026-05-08T19:36:51.510,-3.0435,1.2148,-22.9249,-0.0006,0.9243,0.0025,-0.3818
2026-05-08T19:36:51.525,-3.0698,1.2147,-22.9513,-0.0006,0.9203,0.0025,-0.3913
2026-05-08T19:36:51.540,-3.0946,1.2147,-22.9752,-0.0007,0.9165,0.0025,-0.4000
2026-05-08T19:36:51.556,-3.1209,1.2147,-23.0006,-0.0007,0.9124,0.0025,-0.4093
2026-05-08T19:36:51.571,-3.1493,1.2147,-23.0258,-0.0007,0.9080,0.0025,-0.4189
2026-05-08T19:36:51.586,-3.1771,1.2148,-23.0496,-0.0006,0.9037,0.0026,-0.4282
2026-05-08T19:36:51.600,-3.2068,1.2148,-23.0738,-0.0006,0.8990,0.0026,-0.4380
2026-05-08T19:36:51.615,-3.2335,1.2148,-23.0959,-0.0006,0.8947,0.0026,-0.4467
2026-05-08T19:36:51.630,-3.2619,1.2148,-23.1172,-0.0005,0.8902,0.0026,-0.4556
2026-05-08T19:36:51.647,-3.2927,1.2148,-23.1393,-0.0004,0.8853,0.0025,-0.4649
2026-05-08T19:36:51.661,-3.3248,1.2148,-23.1614,-0.0004,0.8802,0.0024,-0.4746
2026-05-08T19:36:51.676,-3.3567,1.2148,-23.1835,-0.0004,0.8750,0.0025,-0.4842
2026-05-08T19:36:51.691,-3.3859,1.2148,-23.2017,-0.0005,0.8702,0.0025,-0.4927
2026-05-08T19:36:51.705,-3.4172,1.2148,-23.2205,-0.0006,0.8650,0.0024,-0.5018
2026-05-08T19:36:51.719,-3.4470,1.2148,-23.2376,-0.0006,0.8600,0.0024,-0.5102
2026-05-08T19:36:51.733,-3.4780,1.2148,-23.2554,-0.0004,0.8549,0.0024,-0.5188
2026-05-08T19:36:51.747,-3.5071,1.2148,-23.2705,-0.0003,0.8500,0.0023,-0.5267
2026-05-08T19:36:51.761,-3.5397,1.2148,-23.2868,-0.0003,0.8445,0.0023,-0.5355
2026-05-08T19:36:51.776,-3.5694,1.2149,-23.3017,-0.0003,0.8394,0.0023,-0.5435
2026-05-08T19:36:51.791,-3.5995,1.2149,-23.3152,-0.0003,0.8343,0.0023,-0.5513
2026-05-08T19:36:51.806,-3.6327,1.2149,-23.3293,-0.0003,0.8287,0.0022,-0.5598
2026-05-08T19:36:51.821,-3.6659,1.2149,-23.3427,-0.0003,0.8230,0.0022,-0.5680
2026-05-08T19:36:51.836,-3.7014,1.2149,-23.3570,-0.0002,0.8169,0.0023,-0.5768
2026-05-08T19:36:51.850,-3.7346,1.2148,-23.3688,-0.0003,0.8112,0.0023,-0.5848
2026-05-08T19:36:51.864,-3.7742,1.2148,-23.3820,-0.0002,0.8044,0.0023,-0.5941
2026-05-08T19:36:51.878,-3.8022,1.2148,-23.3906,-0.0002,0.7995,0.0022,-0.6007
2026-05-08T19:36:51.893,-3.8352,1.2148,-23.4009,-0.0001,0.7937,0.0022,-0.6083
2026-05-08T19:36:51.909,-3.8677,1.2148,-23.4097,-0.0001,0.7879,0.0023,-0.6158
2026-05-08T19:36:51.925,-3.9033,1.2148,-23.4185,-0.0001,0.7815,0.0023,-0.6239
2026-05-08T19:36:51.941,-3.9440,1.2148,-23.4278,-0.0002,0.7740,0.0023,-0.6332
2026-05-08T19:36:51.956,-3.9813,1.2148,-23.4363,-0.0002,0.7672,0.0023,-0.6414
2026-05-08T19:36:51.970,-4.0192,1.2148,-23.4431,-0.0002,0.7603,0.0023,-0.6495
2026-05-08T19:36:51.985,-4.0588,1.2149,-23.4494,-0.0002,0.7535,0.0022,-0.6574
2026-05-08T19:36:51.998,-4.0968,1.2149,-23.4546,0.0000,0.7474,0.0022,-0.6643
2026-05-08T19:36:52.013,-4.1367,1.2149,-23.4601,0.0000,0.7413,0.0021,-0.6711
2026-05-08T19:36:52.027,-4.1790,1.2149,-23.4643,0.0002,0.7358,0.0020,-0.6772
2026-05-08T19:36:52.040,-4.2257,1.2149,-23.4682,0.0002,0.7299,0.0019,-0.6836
2026-05-08T19:36:52.055,-4.2714,1.2149,-23.4720,0.0002,0.7243,0.0019,-0.6895
2026-05-08T19:36:52.069,-4.3203,1.2149,-23.4744,0.0003,0.7190,0.0018,-0.6951
2026-05-08T19:36:52.083,-4.3709,1.2149,-23.4761,0.0003,0.7138,0.0018,-0.7003
2026-05-08T19:36:52.097,-4.4284,1.2149,-23.4772,0.0002,0.7092,0.0018,-0.7050
2026-05-08T19:36:52.111,-4.4869,1.2149,-23.4781,0.0003,0.7048,0.0018,-0.7094
2026-05-08T19:36:52.125,-4.5476,1.2149,-23.4777,0.0003,0.7007,0.0018,-0.7135
2026-05-08T19:36:52.139,-4.6129,1.2149,-23.4765,0.0003,0.6974,0.0018,-0.7166
2026-05-08T19:36:52.152,-4.6772,1.2149,-23.4752,0.0002,0.6948,0.0018,-0.7192
2026-05-08T19:36:52.167,-4.7471,1.2149,-23.4728,0.0002,0.6924,0.0018,-0.7215
2026-05-08T19:36:52.181,-4.8108,1.2149,-23.4702,0.0002,0.6906,0.0019,-0.7233
2026-05-08T19:36:52.195,-4.8850,1.2149,-23.4670,0.0002,0.6886,0.0018,-0.7251
2026-05-08T19:36:52.210,-4.9485,1.2149,-23.4638,0.0003,0.6872,0.0019,-0.7264
2026-05-08T19:36:52.225,-5.0177,1.2149,-23.4600,0.0003,0.6873,0.0019,-0.7263
2026-05-08T19:36:52.238,-5.0925,1.2149,-23.4559,0.0002,0.6874,0.0019,-0.7263
2026-05-08T19:36:52.252,-5.1643,1.2149,-23.4520,0.0002,0.6875,0.0019,-0.7262
2026-05-08T19:36:52.266,-5.2318,1.2149,-23.4483,0.0001,0.6875,0.0019,-0.7262
2026-05-08T19:36:52.289,-5.2976,1.2149,-23.4447,0.0000,0.6875,0.0018,-0.7262
2026-05-08T19:36:52.304,-5.3688,1.2149,-23.4408,0.0001,0.6875,0.0018,-0.7262
2026-05-08T19:36:52.317,-5.4835,1.2149,-23.4345,0.0002,0.6874,0.0018,-0.7262
2026-05-08T19:36:52.331,-5.5544,1.2150,-23.4306,0.0002,0.6874,0.0018,-0.7263
2026-05-08T19:36:52.345,-5.6181,1.2150,-23.4271,0.0003,0.6874,0.0017,-0.7263
2026-05-08T19:36:52.358,-5.6890,1.2150,-23.4232,0.0003,0.6874,0.0017,-0.7262
2026-05-08T19:36:52.373,-5.7564,1.2150,-23.4195,0.0003,0.6874,0.0017,-0.7263
2026-05-08T19:36:52.386,-5.8228,1.2150,-23.4159,0.0004,0.6874,0.0016,-0.7263
2026-05-08T19:36:52.399,-5.8946,1.2150,-23.4119,0.0004,0.6874,0.0016,-0.7263
2026-05-08T19:36:52.414,-5.9557,1.2150,-23.4085,0.0002,0.6873,0.0016,-0.7264
2026-05-08T19:36:52.427,-6.0233,1.2150,-23.4047,0.0000,0.6855,0.0015,-0.7281
2026-05-08T19:36:52.441,-6.0922,1.2150,-23.4006,0.0001,0.6829,0.0014,-0.7305
2026-05-08T19:36:52.455,-6.1561,1.2151,-23.3965,0.0002,0.6805,0.0014,-0.7328
2026-05-08T19:36:52.470,-6.2152,1.2151,-23.3921,0.0003,0.6769,0.0014,-0.7361
2026-05-08T19:36:52.484,-6.2707,1.2151,-23.3875,0.0003,0.6721,0.0014,-0.7405
2026-05-08T19:36:52.498,-6.3299,1.2151,-23.3817,0.0004,0.6659,0.0014,-0.7460
2026-05-08T19:36:52.512,-6.3791,1.2151,-23.3768,0.0003,0.6605,0.0014,-0.7508
2026-05-08T19:36:52.526,-6.4278,1.2150,-23.3705,0.0003,0.6548,0.0014,-0.7558
2026-05-08T19:36:52.539,-6.4785,1.2150,-23.3632,0.0003,0.6487,0.0014,-0.7611
2026-05-08T19:36:52.554,-6.5248,1.2150,-23.3564,0.0003,0.6430,0.0014,-0.7658
2026-05-08T19:36:52.567,-6.5707,1.2150,-23.3483,0.0003,0.6371,0.0015,-0.7708
2026-05-08T19:36:52.581,-6.6177,1.2150,-23.3393,0.0003,0.6308,0.0015,-0.7759
2026-05-08T19:36:52.595,-6.6663,1.2150,-23.3299,0.0003,0.6244,0.0015,-0.7811
2026-05-08T19:36:52.609,-6.7098,1.2150,-23.3200,0.0003,0.6185,0.0015,-0.7858
2026-05-08T19:36:52.623,-6.7583,1.2150,-23.3083,0.0004,0.6118,0.0015,-0.7910
2026-05-08T19:36:52.637,-6.8018,1.2150,-23.2970,0.0003,0.6058,0.0016,-0.7956
2026-05-08T19:36:52.651,-6.8481,1.2150,-23.2848,0.0002,0.5992,0.0016,-0.8006
2026-05-08T19:36:52.665,-6.8948,1.2150,-23.2711,0.0002,0.5925,0.0017,-0.8056
2026-05-08T19:36:52.679,-6.9376,1.2150,-23.2577,0.0001,0.5862,0.0017,-0.8102
2026-05-08T19:36:52.693,-6.9840,1.2150,-23.2431,0.0001,0.5794,0.0017,-0.8151
2026-05-08T19:36:52.707,-7.0283,1.2150,-23.2276,0.0002,0.5727,0.0017,-0.8198
2026-05-08T19:36:52.720,-7.0730,1.2150,-23.2112,0.0001,0.5659,0.0017,-0.8245
2026-05-08T19:36:52.734,-7.1163,1.2150,-23.1952,0.0002,0.5593,0.0016,-0.8289
2026-05-08T19:36:52.748,-7.1582,1.2150,-23.1783,0.0002,0.5529,0.0016,-0.8332
2026-05-08T19:36:52.761,-7.2032,1.2150,-23.1593,0.0003,0.5459,0.0016,-0.8378
2026-05-08T19:36:52.776,-7.2446,1.2150,-23.1418,0.0002,0.5394,0.0016,-0.8421
2026-05-08T19:36:52.790,-7.2870,1.2150,-23.1222,0.0002,0.5326,0.0015,-0.8463
2026-05-08T19:36:52.804,-7.3322,1.2150,-23.1005,0.0002,0.5253,0.0015,-0.8509
2026-05-08T19:36:52.817,-7.3724,1.2150,-23.0803,0.0001,0.5187,0.0015,-0.8550
2026-05-08T19:36:52.831,-7.4150,1.2150,-23.0589,0.0002,0.5117,0.0014,-0.8592
2026-05-08T19:36:52.846,-7.4543,1.2151,-23.0375,0.0003,0.5050,0.0014,-0.8631
2026-05-08T19:36:52.859,-7.4967,1.2151,-23.0137,0.0003,0.4978,0.0014,-0.8673
2026-05-08T19:36:52.873,-7.5399,1.2151,-22.9893,0.0003,0.4903,0.0013,-0.8715
2026-05-08T19:36:52.887,-7.5778,1.2151,-22.9663,0.0003,0.4837,0.0014,-0.8753
2026-05-08T19:36:52.900,-7.6180,1.2151,-22.9410,0.0004,0.4765,0.0014,-0.8792
2026-05-08T19:36:52.915,-7.6583,1.2150,-22.9156,0.0005,0.4694,0.0014,-0.8830
2026-05-08T19:36:52.929,-7.6968,1.2150,-22.8895,0.0005,0.4623,0.0015,-0.8867
2026-05-08T19:36:52.942,-7.7362,1.2150,-22.8621,0.0005,0.4549,0.0015,-0.8905
2026-05-08T19:36:52.956,-7.7752,1.2150,-22.8339,0.0004,0.4476,0.0017,-0.8942
2026-05-08T19:36:52.970,-7.8121,1.2150,-22.8071,0.0004,0.4407,0.0016,-0.8976
2026-05-08T19:36:52.983,-7.8490,1.2150,-22.7787,0.0003,0.4336,0.0016,-0.9011
2026-05-08T19:36:52.997,-7.8863,1.2150,-22.7490,0.0003,0.4263,0.0016,-0.9046
2026-05-08T19:36:53.011,-7.9217,1.2150,-22.7206,0.0003,0.4193,0.0016,-0.9078
2026-05-08T19:36:53.025,-7.9566,1.2150,-22.6910,0.0004,0.4122,0.0017,-0.9111
2026-05-08T19:36:53.039,-7.9927,1.2150,-22.6593,0.0005,0.4048,0.0017,-0.9144
2026-05-08T19:36:53.053,-8.0294,1.2150,-22.6270,0.0005,0.3971,0.0016,-0.9178
2026-05-08T19:36:53.067,-8.0629,1.2150,-22.5955,0.0006,0.3900,0.0016,-0.9208
2026-05-08T19:36:53.080,-8.0964,1.2150,-22.5631,0.0006,0.3827,0.0014,-0.9239
2026-05-08T19:36:53.094,-8.1319,1.2150,-22.5285,0.0007,0.3749,0.0014,-0.9271
2026-05-08T19:36:53.108,-8.1618,1.2151,-22.4977,0.0006,0.3680,0.0015,-0.9298
2026-05-08T19:36:53.122,-8.1950,1.2151,-22.4622,0.0005,0.3602,0.0015,-0.9329
2026-05-08T19:36:53.135,-8.2275,1.2151,-22.4265,0.0005,0.3523,0.0015,-0.9359
2026-05-08T19:36:53.150,-8.2585,1.2151,-22.3922,0.0005,0.3448,0.0013,-0.9387
2026-05-08T19:36:53.164,-8.2883,1.2152,-22.3572,0.0006,0.3375,0.0012,-0.9413
2026-05-08T19:36:53.178,-8.3196,1.2152,-22.3192,0.0006,0.3295,0.0010,-0.9441
2026-05-08T19:36:53.192,-8.3495,1.2152,-22.2827,0.0006,0.3219,0.0010,-0.9468
2026-05-08T19:36:53.207,-8.3780,1.2152,-22.2457,0.0006,0.3144,0.0010,-0.9493
2026-05-08T19:36:53.221,-8.4076,1.2152,-22.2059,0.0006,0.3062,0.0009,-0.9520
2026-05-08T19:36:53.238,-8.4370,1.2153,-22.1662,0.0007,0.2983,0.0008,-0.9545
2026-05-08T19:36:53.253,-8.4643,1.2153,-22.1269,0.0007,0.2906,0.0008,-0.9568
2026-05-08T19:36:53.271,-8.4955,1.2153,-22.0803,0.0008,0.2816,0.0008,-0.9595
2026-05-08T19:36:53.288,-8.5243,1.2152,-22.0353,0.0008,0.2728,0.0009,-0.9621
2026-05-08T19:36:53.303,-8.5586,1.2152,-21.9797,0.0008,0.2628,0.0009,-0.9648
2026-05-08T19:36:53.318,-8.5905,1.2152,-21.9271,0.0008,0.2551,0.0009,-0.9669
2026-05-08T19:36:53.334,-8.6226,1.2152,-21.8705,0.0007,0.2489,0.0011,-0.9685
2026-05-08T19:36:53.349,-8.6547,1.2151,-21.8121,0.0007,0.2438,0.0012,-0.9698
2026-05-08T19:36:53.367,-8.6897,1.2151,-21.7467,0.0006,0.2395,0.0013,-0.9709
2026-05-08T19:36:53.384,-8.7231,1.2151,-21.6830,0.0006,0.2365,0.0014,-0.9716
2026-05-08T19:36:53.402,-8.7659,1.2151,-21.6008,0.0007,0.2333,0.0014,-0.9724
2026-05-08T19:36:53.417,-8.8008,1.2151,-21.5320,0.0007,0.2331,0.0015,-0.9724
2026-05-08T19:36:53.432,-8.8423,1.2151,-21.4503,0.0006,0.2330,0.0015,-0.9725
2026-05-08T19:36:53.448,-8.8736,1.2151,-21.3888,0.0005,0.2331,0.0015,-0.9724
2026-05-08T19:36:53.464,-8.9089,1.2151,-21.3192,0.0005,0.2331,0.0016,-0.9725
2026-05-08T19:36:53.482,-8.9438,1.2151,-21.2504,0.0006,0.2331,0.0016,-0.9725
2026-05-08T19:36:53.498,-8.9819,1.2151,-21.1753,0.0006,0.2330,0.0016,-0.9725
2026-05-08T19:36:53.513,-9.0183,1.2151,-21.1035,0.0005,0.2330,0.0016,-0.9725
2026-05-08T19:36:53.527,-9.0561,1.2151,-21.0292,0.0005,0.2304,0.0016,-0.9731
2026-05-08T19:36:53.542,-9.0877,1.2151,-20.9660,0.0004,0.2278,0.0016,-0.9737
2026-05-08T19:36:53.557,-9.1185,1.2151,-20.9041,0.0003,0.2253,0.0016,-0.9743
2026-05-08T19:36:53.573,-9.1494,1.2151,-20.8407,0.0003,0.2225,0.0016,-0.9749
2026-05-08T19:36:53.590,-9.1809,1.2151,-20.7753,0.0004,0.2191,0.0018,-0.9757
2026-05-08T19:36:53.607,-9.2150,1.2151,-20.7029,0.0004,0.2150,0.0019,-0.9766
2026-05-08T19:36:53.623,-9.2483,1.2151,-20.6309,0.0004,0.2108,0.0021,-0.9775
2026-05-08T19:36:53.639,-9.2813,1.2150,-20.5587,0.0004,0.2063,0.0021,-0.9785
2026-05-08T19:36:53.654,-9.3108,1.2150,-20.4918,0.0004,0.2021,0.0022,-0.9794
2026-05-08T19:36:53.669,-9.3413,1.2150,-20.4210,0.0004,0.1970,0.0023,-0.9804
2026-05-08T19:36:53.684,-9.3668,1.2150,-20.3604,0.0004,0.1924,0.0023,-0.9813
2026-05-08T19:36:53.699,-9.3931,1.2149,-20.2957,0.0004,0.1874,0.0023,-0.9823
2026-05-08T19:36:53.714,-9.4176,1.2150,-20.2352,0.0004,0.1825,0.0022,-0.9832
2026-05-08T19:36:53.729,-9.4422,1.2150,-20.1712,0.0006,0.1773,0.0021,-0.9842
2026-05-08T19:36:53.744,-9.4655,1.2150,-20.1088,0.0007,0.1717,0.0020,-0.9851
2026-05-08T19:36:53.758,-9.4877,1.2150,-20.0470,0.0008,0.1658,0.0021,-0.9862
2026-05-08T19:36:53.773,-9.5081,1.2150,-19.9897,0.0008,0.1599,0.0021,-0.9871
2026-05-08T19:36:53.787,-9.5267,1.2150,-19.9338,0.0006,0.1539,0.0022,-0.9881
2026-05-08T19:36:53.801,-9.5454,1.2150,-19.8752,0.0004,0.1476,0.0023,-0.9890
2026-05-08T19:36:53.816,-9.5625,1.2150,-19.8209,0.0004,0.1415,0.0023,-0.9899
2026-05-08T19:36:53.832,-9.5796,1.2150,-19.7626,0.0005,0.1348,0.0023,-0.9909
2026-05-08T19:36:53.847,-9.5953,1.2150,-19.7062,0.0006,0.1283,0.0022,-0.9917
2026-05-08T19:36:53.862,-9.6117,1.2150,-19.6439,0.0005,0.1212,0.0022,-0.9926
2026-05-08T19:36:53.877,-9.6270,1.2150,-19.5847,0.0005,0.1145,0.0022,-0.9934
2026-05-08T19:36:53.891,-9.6411,1.2150,-19.5247,0.0006,0.1078,0.0021,-0.9942
2026-05-08T19:36:53.906,-9.6538,1.2150,-19.4672,0.0007,0.1013,0.0020,-0.9949
2026-05-08T19:36:53.921,-9.6659,1.2150,-19.4086,0.0008,0.0951,0.0019,-0.9955
2026-05-08T19:36:53.939,-9.6787,1.2150,-19.3454,0.0008,0.0885,0.0018,-0.9961
2026-05-08T19:36:53.955,-9.6903,1.2150,-19.2809,0.0007,0.0830,0.0018,-0.9965
2026-05-08T19:36:53.971,-9.7035,1.2150,-19.2026,0.0007,0.0770,0.0014,-0.9970
2026-05-08T19:36:53.985,-9.7152,1.2150,-19.1280,0.0008,0.0729,0.0013,-0.9973
2026-05-08T19:36:54.000,-9.7260,1.2150,-19.0544,0.0008,0.0694,0.0012,-0.9976
2026-05-08T19:36:54.015,-9.7359,1.2150,-18.9864,0.0008,0.0662,0.0012,-0.9978
2026-05-08T19:36:54.030,-9.7458,1.2150,-18.9123,0.0008,0.0630,0.0013,-0.9980
2026-05-08T19:36:54.046,-9.7548,1.2150,-18.8425,0.0008,0.0602,0.0011,-0.9982
2026-05-08T19:36:54.063,-9.7640,1.2150,-18.7670,0.0008,0.0574,0.0009,-0.9983
2026-05-08T19:36:54.079,-9.7733,1.2150,-18.6891,0.0009,0.0547,0.0007,-0.9985
2026-05-08T19:36:54.095,-9.7827,1.2151,-18.6039,0.0008,0.0517,0.0006,-0.9987
2026-05-08T19:36:54.110,-9.7906,1.2151,-18.5294,0.0009,0.0490,0.0004,-0.9988
2026-05-08T19:36:54.124,-9.7980,1.2151,-18.4552,0.0009,0.0464,0.0003,-0.9989
2026-05-08T19:36:54.139,-9.8049,1.2151,-18.3817,0.0009,0.0437,0.0002,-0.9990
2026-05-08T19:36:54.153,-9.8111,1.2151,-18.3141,0.0009,0.0414,0.0001,-0.9991
2026-05-08T19:36:54.169,-9.8171,1.2151,-18.2429,0.0009,0.0389,-0.0001,-0.9992
2026-05-08T19:36:54.184,-9.8226,1.2151,-18.1725,0.0009,0.0363,-0.0001,-0.9993
2026-05-08T19:36:54.198,-9.8285,1.2151,-18.0931,0.0009,0.0336,-0.0002,-0.9994
2026-05-08T19:36:54.215,-9.8334,1.2151,-18.0245,0.0010,0.0311,-0.0002,-0.9995
2026-05-08T19:36:54.230,-9.8380,1.2152,-17.9514,0.0011,0.0283,-0.0002,-0.9996
2026-05-08T19:36:54.244,-9.8426,1.2152,-17.8706,0.0011,0.0254,-0.0002,-0.9997
2026-05-08T19:36:54.259,-9.8464,1.2152,-17.7966,0.0011,0.0228,-0.0002,-0.9997
2026-05-08T19:36:54.274,-9.8499,1.2152,-17.7280,0.0010,0.0203,-0.0003,-0.9998
2026-05-08T19:36:54.288,-9.8527,1.2152,-17.6574,0.0011,0.0178,-0.0003,-0.9998
2026-05-08T19:36:54.302,-9.8554,1.2152,-17.5845,0.0010,0.0152,-0.0002,-0.9999
2026-05-08T19:36:54.317,-9.8577,1.2152,-17.5163,0.0011,0.0128,-0.0003,-0.9999
2026-05-08T19:36:54.331,-9.8596,1.2152,-17.4453,0.0012,0.0103,-0.0003,-0.9999
2026-05-08T19:36:54.345,-9.8610,1.2152,-17.3764,0.0012,0.0079,-0.0003,-1.0000
2026-05-08T19:36:54.358,-9.8621,1.2152,-17.3085,0.0012,0.0054,-0.0003,-1.0000
2026-05-08T19:36:54.373,-9.8631,1.2152,-17.2399,0.0011,0.0030,-0.0002,-1.0000
2026-05-08T19:36:54.387,-9.8635,1.2152,-17.1730,0.0011,0.0007,-0.0001,-1.0000
2026-05-08T19:36:54.400,-9.8636,1.2152,-17.1008,0.0011,-0.0019,-0.0001,-1.0000
2026-05-08T19:36:54.415,-9.8635,1.2152,-17.0361,0.0011,-0.0042,0.0001,-1.0000
2026-05-08T19:36:54.430,-9.8628,1.2152,-16.9643,0.0010,-0.0069,0.0002,-1.0000
2026-05-08T19:36:54.444,-9.8619,1.2152,-16.8969,0.0010,-0.0095,0.0002,-1.0000
2026-05-08T19:36:54.458,-9.8605,1.2152,-16.8246,0.0010,-0.0121,0.0003,-0.9999
2026-05-08T19:36:54.473,-9.8590,1.2152,-16.7565,0.0010,-0.0143,0.0002,-0.9999
2026-05-08T19:36:54.488,-9.8571,1.2152,-16.6881,0.0009,-0.0144,0.0002,-0.9999
2026-05-08T19:36:54.504,-9.8549,1.2152,-16.6128,0.0008,-0.0145,0.0002,-0.9999
2026-05-08T19:36:54.520,-9.8528,1.2151,-16.5416,0.0008,-0.0145,0.0002,-0.9999
2026-05-08T19:36:54.536,-9.8504,1.2151,-16.4579,0.0007,-0.0145,0.0001,-0.9999
2026-05-08T19:36:54.550,-9.8480,1.2152,-16.3727,0.0008,-0.0144,0.0000,-0.9999
2026-05-08T19:36:54.565,-9.8458,1.2152,-16.2994,0.0008,-0.0144,0.0000,-0.9999
2026-05-08T19:36:54.578,-9.8439,1.2152,-16.2337,0.0009,-0.0144,0.0000,-0.9999
2026-05-08T19:36:54.593,-9.8416,1.2151,-16.1576,0.0009,-0.0144,0.0000,-0.9999
2026-05-08T19:36:54.608,-9.8398,1.2151,-16.0945,0.0008,-0.0143,0.0000,-0.9999
2026-05-08T19:36:54.623,-9.8377,1.2151,-16.0213,0.0008,-0.0143,0.0000,-0.9999
2026-05-08T19:36:54.640,-9.8356,1.2151,-15.9500,0.0007,-0.0142,-0.0001,-0.9999
2026-05-08T19:36:54.655,-9.8333,1.2151,-15.8718,0.0006,-0.0144,0.0002,-0.9999
2026-05-08T19:36:54.671,-9.8308,1.2150,-15.7889,0.0003,-0.0143,0.0003,-0.9999
2026-05-08T19:36:54.685,-9.8287,1.2150,-15.7140,0.0003,-0.0142,0.0003,-0.9999
2026-05-08T19:36:54.699,-9.8264,1.2150,-15.6331,0.0002,-0.0141,0.0002,-0.9999
2026-05-08T19:36:54.714,-9.8245,1.2150,-15.5643,0.0003,-0.0140,0.0001,-0.9999
2026-05-08T19:36:54.728,-9.8225,1.2150,-15.4941,0.0002,-0.0138,0.0000,-0.9999
2026-05-08T19:36:54.742,-9.8205,1.2150,-15.4211,0.0002,-0.0137,0.0000,-0.9999
2026-05-08T19:36:54.755,-9.8186,1.2150,-15.3517,0.0002,-0.0136,0.0000,-0.9999
2026-05-08T19:36:54.769,-9.8168,1.2150,-15.2849,0.0002,-0.0135,0.0000,-0.9999
2026-05-08T19:36:54.784,-9.8149,1.2150,-15.2199,0.0003,-0.0134,0.0000,-0.9999
2026-05-08T19:36:54.799,-9.8129,1.2150,-15.1448,0.0002,-0.0134,0.0001,-0.9999
2026-05-08T19:36:54.813,-9.8110,1.2150,-15.0767,0.0002,-0.0136,0.0001,-0.9999
2026-05-08T19:36:54.827,-9.8088,1.2149,-14.9973,0.0001,-0.0137,0.0004,-0.9999
2026-05-08T19:36:54.841,-9.8069,1.2149,-14.9315,0.0000,-0.0138,0.0005,-0.9999
2026-05-08T19:36:54.856,-9.8049,1.2149,-14.8615,-0.0001,-0.0139,0.0005,-0.9999
2026-05-08T19:36:54.870,-9.8030,1.2149,-14.7939,-0.0002,-0.0139,0.0005,-0.9999
2026-05-08T19:36:54.884,-9.8010,1.2149,-14.7238,-0.0001,-0.0139,0.0005,-0.9999
2026-05-08T19:36:54.898,-9.7990,1.2149,-14.6524,-0.0001,-0.0139,0.0006,-0.9999
2026-05-08T19:36:54.913,-9.7971,1.2148,-14.5854,-0.0001,-0.0140,0.0007,-0.9999
2026-05-08T19:36:54.927,-9.7951,1.2148,-14.5168,-0.0001,-0.0139,0.0008,-0.9999
2026-05-08T19:36:54.941,-9.7932,1.2148,-14.4472,-0.0002,-0.0168,0.0008,-0.9999
2026-05-08T19:36:54.955,-9.7915,1.2148,-14.3901,-0.0001,-0.0236,0.0009,-0.9997
2026-05-08T19:36:54.970,-9.7893,1.2148,-14.3437,-0.0001,-0.0321,0.0008,-0.9995
2026-05-08T19:36:54.983,-9.7868,1.2148,-14.3043,-0.0001,-0.0415,0.0009,-0.9991
2026-05-08T19:36:54.997,-9.7843,1.2148,-14.2746,-0.0002,-0.0521,0.0010,-0.9986
2026-05-08T19:36:55.011,-9.7825,1.2148,-14.2493,-0.0002,-0.0616,0.0010,-0.9981
2026-05-08T19:36:55.026,-9.7796,1.2148,-14.2258,-0.0001,-0.0714,0.0011,-0.9975
2026-05-08T19:36:55.039,-9.7761,1.2148,-14.2016,-0.0001,-0.0818,0.0009,-0.9966
2026-05-08T19:36:55.053,-9.7729,1.2148,-14.1767,-0.0001,-0.0926,0.0010,-0.9957
2026-05-08T19:36:55.067,-9.7686,1.2148,-14.1538,-0.0002,-0.1028,0.0012,-0.9947
2026-05-08T19:36:55.080,-9.7638,1.2148,-14.1312,-0.0002,-0.1129,0.0012,-0.9936
2026-05-08T19:36:55.095,-9.7592,1.2148,-14.1072,-0.0001,-0.1234,0.0011,-0.9924
2026-05-08T19:36:55.108,-9.7539,1.2148,-14.0861,-0.0001,-0.1328,0.0010,-0.9911
2026-05-08T19:36:55.122,-9.7474,1.2148,-14.0620,-0.0002,-0.1433,0.0010,-0.9897
2026-05-08T19:36:55.136,-9.7415,1.2148,-14.0389,-0.0003,-0.1528,0.0010,-0.9883
2026-05-08T19:36:55.150,-9.7328,1.2148,-14.0114,-0.0002,-0.1625,0.0009,-0.9867
2026-05-08T19:36:55.164,-9.7221,1.2148,-13.9797,-0.0003,-0.1725,0.0008,-0.9850
2026-05-08T19:36:55.178,-9.7106,1.2148,-13.9477,-0.0003,-0.1818,0.0007,-0.9833
2026-05-08T19:36:55.192,-9.6964,1.2148,-13.9083,-0.0004,-0.1901,0.0005,-0.9818
2026-05-08T19:36:55.206,-9.6782,1.2148,-13.8628,-0.0003,-0.1984,0.0004,-0.9801
2026-05-08T19:36:55.219,-9.6575,1.2148,-13.8137,-0.0004,-0.2048,0.0004,-0.9788
2026-05-08T19:36:55.233,-9.6347,1.2148,-13.7602,-0.0004,-0.2111,0.0004,-0.9775
2026-05-08T19:36:55.248,-9.6120,1.2148,-13.7101,-0.0004,-0.2162,0.0004,-0.9763
2026-05-08T19:36:55.261,-9.5835,1.2148,-13.6488,-0.0004,-0.2204,0.0003,-0.9754
2026-05-08T19:36:55.275,-9.5556,1.2148,-13.5892,-0.0004,-0.2235,0.0003,-0.9747
2026-05-08T19:36:55.289,-9.5268,1.2148,-13.5297,-0.0003,-0.2234,0.0003,-0.9747
2026-05-08T19:36:55.303,-9.4972,1.2148,-13.4686,-0.0004,-0.2234,0.0003,-0.9747
2026-05-08T19:36:55.316,-9.4649,1.2148,-13.4019,-0.0004,-0.2235,0.0004,-0.9747
2026-05-08T19:36:55.331,-9.4349,1.2149,-13.3398,-0.0004,-0.2235,0.0004,-0.9747
2026-05-08T19:36:55.344,-9.4074,1.2149,-13.2830,-0.0004,-0.2236,0.0004,-0.9747
2026-05-08T19:36:55.358,-9.3761,1.2149,-13.2184,-0.0004,-0.2212,0.0003,-0.9752
2026-05-08T19:36:55.372,-9.3481,1.2149,-13.1602,-0.0005,-0.2180,0.0003,-0.9760
2026-05-08T19:36:55.386,-9.3211,1.2149,-13.1026,-0.0005,-0.2145,0.0002,-0.9767
2026-05-08T19:36:55.400,-9.2934,1.2149,-13.0426,-0.0006,-0.2104,0.0002,-0.9776
2026-05-08T19:36:55.414,-9.2668,1.2149,-12.9845,-0.0006,-0.2065,0.0001,-0.9785
2026-05-08T19:36:55.428,-9.2399,1.2149,-12.9235,-0.0006,-0.2022,0.0002,-0.9793
2026-05-08T19:36:55.442,-9.2150,1.2149,-12.8658,-0.0005,-0.1981,0.0002,-0.9802
2026-05-08T19:36:55.455,-9.1892,1.2150,-12.8048,-0.0006,-0.1938,0.0002,-0.9810
2026-05-08T19:36:55.469,-9.1655,1.2150,-12.7484,-0.0006,-0.1899,0.0003,-0.9818
2026-05-08T19:36:55.483,-9.1421,1.2150,-12.6901,-0.0007,-0.1857,0.0003,-0.9826
2026-05-08T19:36:55.497,-9.1178,1.2149,-12.6282,-0.0007,-0.1814,0.0003,-0.9834
2026-05-08T19:36:55.511,-9.0954,1.2149,-12.5706,-0.0006,-0.1774,0.0003,-0.9841
2026-05-08T19:36:55.525,-9.0735,1.2149,-12.5118,-0.0006,-0.1733,0.0004,-0.9849
2026-05-08T19:36:55.539,-9.0518,1.2149,-12.4520,-0.0006,-0.1691,0.0004,-0.9856
2026-05-08T19:36:55.553,-9.0296,1.2149,-12.3902,-0.0006,-0.1648,0.0004,-0.9863
2026-05-08T19:36:55.567,-9.0088,1.2149,-12.3298,-0.0006,-0.1605,0.0004,-0.9870
2026-05-08T19:36:55.581,-8.9887,1.2149,-12.2694,-0.0005,-0.1563,0.0004,-0.9877
2026-05-08T19:36:55.595,-8.9678,1.2149,-12.2060,-0.0006,-0.1518,0.0004,-0.9884
2026-05-08T19:36:55.609,-8.9487,1.2149,-12.1455,-0.0006,-0.1475,0.0003,-0.9891
2026-05-08T19:36:55.623,-8.9290,1.2149,-12.0808,-0.0005,-0.1430,0.0004,-0.9897
2026-05-08T19:36:55.636,-8.9121,1.2149,-12.0236,-0.0004,-0.1391,0.0004,-0.9903
2026-05-08T19:36:55.650,-8.8939,1.2149,-11.9612,-0.0005,-0.1349,0.0004,-0.9909
2026-05-08T19:36:55.664,-8.8766,1.2149,-11.8990,-0.0004,-0.1308,0.0004,-0.9914
2026-05-08T19:36:55.678,-8.8596,1.2149,-11.8354,-0.0004,-0.1268,0.0004,-0.9919
2026-05-08T19:36:55.692,-8.8433,1.2149,-11.7741,-0.0004,-0.1230,0.0004,-0.9924
2026-05-08T19:36:55.706,-8.8276,1.2149,-11.7122,-0.0004,-0.1194,0.0005,-0.9928
2026-05-08T19:36:55.720,-8.8116,1.2149,-11.6465,-0.0005,-0.1157,0.0007,-0.9933
2026-05-08T19:36:55.734,-8.7958,1.2150,-11.5811,-0.0006,-0.1120,0.0008,-0.9937
2026-05-08T19:36:55.748,-8.7819,1.2150,-11.5204,-0.0006,-0.1086,0.0007,-0.9941
2026-05-08T19:36:55.761,-8.7662,1.2150,-11.4494,-0.0006,-0.1047,0.0006,-0.9945
2026-05-08T19:36:55.775,-8.7535,1.2150,-11.3915,-0.0006,-0.1015,0.0006,-0.9948
2026-05-08T19:36:55.789,-8.7408,1.2150,-11.3297,-0.0006,-0.0984,0.0005,-0.9951
2026-05-08T19:36:55.804,-8.7279,1.2150,-11.2652,-0.0006,-0.0952,0.0006,-0.9955
2026-05-08T19:36:55.816,-8.7151,1.2150,-11.1994,-0.0005,-0.0921,0.0006,-0.9958
2026-05-08T19:36:55.831,-8.7015,1.2150,-11.1281,-0.0006,-0.0894,0.0006,-0.9960
2026-05-08T19:36:55.846,-8.6907,1.2150,-11.0683,-0.0006,-0.0874,0.0006,-0.9962
2026-05-08T19:36:55.858,-8.6783,1.2150,-10.9983,-0.0005,-0.0850,0.0005,-0.9964
2026-05-08T19:36:55.872,-8.6657,1.2150,-10.9261,-0.0006,-0.0850,0.0006,-0.9964
2026-05-08T19:36:55.887,-8.6550,1.2150,-10.8635,-0.0005,-0.0851,0.0006,-0.9964
2026-05-08T19:36:55.900,-8.6433,1.2150,-10.7957,-0.0005,-0.0851,0.0007,-0.9964
2026-05-08T19:36:55.914,-8.6315,1.2149,-10.7273,-0.0005,-0.0851,0.0007,-0.9964
2026-05-08T19:36:55.928,-8.6199,1.2149,-10.6601,-0.0005,-0.0851,0.0007,-0.9964
2026-05-08T19:36:55.941,-8.6082,1.2149,-10.5926,-0.0005,-0.0851,0.0007,-0.9964
2026-05-08T19:36:55.956,-8.5964,1.2149,-10.5239,-0.0005,-0.0852,0.0008,-0.9964
2026-05-08T19:36:55.970,-8.5851,1.2149,-10.4586,-0.0005,-0.0854,0.0009,-0.9964
2026-05-08T19:36:55.985,-8.5820,1.2149,-10.3902,-0.0005,-0.0855,0.0010,-0.9963
2026-05-08T19:36:55.997,-8.5820,1.2149,-10.3160,-0.0005,-0.0856,0.0010,-0.9963
2026-05-08T19:36:56.012,-8.5820,1.2149,-10.2468,-0.0005,-0.0857,0.0010,-0.9963
2026-05-08T19:36:56.026,-8.5819,1.2150,-10.1857,-0.0005,-0.0857,0.0010,-0.9963
2026-05-08T19:36:56.039,-8.5819,1.2150,-10.1153,-0.0005,-0.0881,0.0010,-0.9961
2026-05-08T19:36:56.053,-8.5821,1.2150,-10.0488,-0.0004,-0.0903,0.0010,-0.9959
2026-05-08T19:36:56.067,-8.5821,1.2150,-9.9841,-0.0005,-0.0927,0.0010,-0.9957
2026-05-08T19:36:56.080,-8.5821,1.2149,-9.9193,-0.0005,-0.0952,0.0011,-0.9955
2026-05-08T19:36:56.094,-8.5823,1.2149,-9.8507,-0.0005,-0.0981,0.0012,-0.9952
2026-05-08T19:36:56.108,-8.5823,1.2149,-9.7892,-0.0004,-0.1007,0.0012,-0.9949
2026-05-08T19:36:56.122,-8.5823,1.2150,-9.7206,-0.0004,-0.1037,0.0012,-0.9946
2026-05-08T19:36:56.136,-8.5822,1.2150,-9.6574,-0.0004,-0.1066,0.0013,-0.9943
2026-05-08T19:36:56.150,-8.5824,1.2150,-9.5925,-0.0003,-0.1098,0.0014,-0.9939
2026-05-08T19:36:56.164,-8.5823,1.2150,-9.5278,-0.0004,-0.1131,0.0014,-0.9936
2026-05-08T19:36:56.177,-8.5823,1.2150,-9.4634,-0.0003,-0.1164,0.0015,-0.9932
2026-05-08T19:36:56.192,-8.5825,1.2150,-9.3988,-0.0002,-0.1196,0.0015,-0.9928
2026-05-08T19:36:56.206,-8.5825,1.2150,-9.3339,-0.0001,-0.1230,0.0016,-0.9924
2026-05-08T19:36:56.219,-8.5825,1.2150,-9.2648,-0.0001,-0.1266,0.0017,-0.9919
2026-05-08T19:36:56.233,-8.5828,1.2150,-9.2032,-0.0001,-0.1299,0.0018,-0.9915
2026-05-08T19:36:56.248,-8.5828,1.2150,-9.1432,-0.0001,-0.1332,0.0019,-0.9911
2026-05-08T19:36:56.262,-8.5828,1.2150,-9.0753,-0.0001,-0.1370,0.0020,-0.9906
2026-05-08T19:36:56.275,-8.5831,1.2150,-9.0121,-0.0001,-0.1406,0.0020,-0.9901
2026-05-08T19:36:56.289,-8.5831,1.2149,-8.9512,0.0000,-0.1441,0.0020,-0.9896
2026-05-08T19:36:56.304,-8.5831,1.2149,-8.8916,-0.0001,-0.1477,0.0020,-0.9890
2026-05-08T19:36:56.318,-8.5831,1.2149,-8.8306,0.0000,-0.1521,0.0021,-0.9884
2026-05-08T19:36:56.332,-8.5834,1.2149,-8.7641,0.0001,-0.1569,0.0021,-0.9876
2026-05-08T19:36:56.346,-8.5644,1.2149,-8.7058,0.0001,-0.1617,0.0021,-0.9868
2026-05-08T19:36:56.359,-8.5442,1.2149,-8.6458,0.0002,-0.1668,0.0020,-0.9860
2026-05-08T19:36:56.373,-8.5245,1.2149,-8.5880,0.0002,-0.1719,0.0019,-0.9851
2026-05-08T19:36:56.387,-8.5062,1.2149,-8.5373,0.0002,-0.1770,0.0019,-0.9842
2026-05-08T19:36:56.401,-8.4843,1.2149,-8.4784,0.0002,-0.1833,0.0021,-0.9831
2026-05-08T19:36:56.415,-8.4638,1.2149,-8.4240,0.0001,-0.1893,0.0022,-0.9819
2026-05-08T19:36:56.429,-8.4412,1.2149,-8.3677,0.0000,-0.1957,0.0023,-0.9807
2026-05-08T19:36:56.443,-8.4203,1.2150,-8.3174,0.0000,-0.2017,0.0023,-0.9795
2026-05-08T19:36:56.456,-8.3984,1.2150,-8.2665,0.0000,-0.2079,0.0023,-0.9781
2026-05-08T19:36:56.471,-8.3753,1.2150,-8.2136,0.0000,-0.2144,0.0024,-0.9767
2026-05-08T19:36:56.484,-8.3537,1.2150,-8.1666,-0.0001,-0.2203,0.0024,-0.9754
2026-05-08T19:36:56.498,-8.3286,1.2149,-8.1139,-0.0001,-0.2270,0.0024,-0.9739
2026-05-08T19:36:56.512,-8.3047,1.2149,-8.0643,0.0000,-0.2332,0.0024,-0.9724
2026-05-08T19:36:56.526,-8.2793,1.2149,-8.0145,0.0000,-0.2395,0.0024,-0.9709
2026-05-08T19:36:56.540,-8.2525,1.2149,-7.9634,0.0001,-0.2460,0.0023,-0.9693
2026-05-08T19:36:56.554,-8.2259,1.2149,-7.9133,0.0001,-0.2516,0.0023,-0.9678
2026-05-08T19:36:56.568,-8.1975,1.2149,-7.8625,0.0001,-0.2565,0.0023,-0.9666
2026-05-08T19:36:56.582,-8.1667,1.2149,-7.8085,0.0001,-0.2613,0.0024,-0.9653
2026-05-08T19:36:56.595,-8.1304,1.2149,-7.7465,0.0001,-0.2651,0.0024,-0.9642
2026-05-08T19:36:56.609,-8.0977,1.2149,-7.6910,0.0001,-0.2679,0.0024,-0.9635
2026-05-08T19:36:56.623,-8.0649,1.2148,-7.6367,0.0001,-0.2703,0.0025,-0.9628
2026-05-08T19:36:56.637,-8.0299,1.2148,-7.5793,0.0001,-0.2703,0.0025,-0.9628
2026-05-08T19:36:56.650,-7.9936,1.2148,-7.5198,0.0001,-0.2704,0.0026,-0.9628
2026-05-08T19:36:56.664,-7.9570,1.2148,-7.4600,0.0001,-0.2705,0.0027,-0.9627
2026-05-08T19:36:56.679,-7.9229,1.2148,-7.4040,0.0000,-0.2706,0.0028,-0.9627
2026-05-08T19:36:56.693,-7.8865,1.2148,-7.3445,0.0000,-0.2706,0.0027,-0.9627
2026-05-08T19:36:56.707,-7.8495,1.2148,-7.2839,0.0000,-0.2707,0.0028,-0.9627
2026-05-08T19:36:56.720,-7.8136,1.2148,-7.2253,-0.0001,-0.2706,0.0028,-0.9627
2026-05-08T19:36:56.735,-7.7765,1.2148,-7.1644,-0.0001,-0.2706,0.0027,-0.9627
2026-05-08T19:36:56.749,-7.7414,1.2148,-7.1070,-0.0001,-0.2707,0.0028,-0.9627
2026-05-08T19:36:56.763,-7.7033,1.2148,-7.0447,-0.0001,-0.2707,0.0028,-0.9627
2026-05-08T19:36:56.776,-7.6676,1.2148,-6.9864,-0.0001,-0.2706,0.0029,-0.9627
2026-05-08T19:36:56.790,-7.6306,1.2148,-6.9258,-0.0001,-0.2706,0.0028,-0.9627
2026-05-08T19:36:56.804,-7.5963,1.2148,-6.8696,-0.0001,-0.2705,0.0029,-0.9627
2026-05-08T19:36:56.817,-7.5593,1.2147,-6.8090,0.0000,-0.2705,0.0029,-0.9627
2026-05-08T19:36:56.832,-7.5228,1.2147,-6.7492,0.0001,-0.2705,0.0030,-0.9627
2026-05-08T19:36:56.846,-7.4888,1.2147,-6.6936,0.0002,-0.2705,0.0031,-0.9627
2026-05-08T19:36:56.859,-7.4540,1.2147,-6.6367,0.0003,-0.2673,0.0031,-0.9636
2026-05-08T19:36:56.873,-7.4188,1.2146,-6.5787,0.0003,-0.2638,0.0032,-0.9646
2026-05-08T19:36:56.887,-7.3856,1.2146,-6.5225,0.0004,-0.2603,0.0033,-0.9655
2026-05-08T19:36:56.900,-7.3544,1.2146,-6.4688,0.0005,-0.2564,0.0033,-0.9666
2026-05-08T19:36:56.915,-7.3227,1.2146,-6.4139,0.0006,-0.2523,0.0033,-0.9676
2026-05-08T19:36:56.929,-7.2910,1.2146,-6.3572,0.0005,-0.2480,0.0033,-0.9688
2026-05-08T19:36:56.943,-7.2606,1.2146,-6.3015,0.0005,-0.2437,0.0033,-0.9698
2026-05-08T19:36:56.956,-7.2296,1.2146,-6.2436,0.0005,-0.2393,0.0032,-0.9709
2026-05-08T19:36:56.970,-7.2006,1.2146,-6.1890,0.0004,-0.2352,0.0032,-0.9719
2026-05-08T19:36:56.984,-7.1716,1.2146,-6.1326,0.0005,-0.2309,0.0032,-0.9730
2026-05-08T19:36:56.997,-7.1420,1.2146,-6.0736,0.0004,-0.2265,0.0031,-0.9740
2026-05-08T19:36:57.011,-7.1158,1.2147,-6.0209,0.0004,-0.2226,0.0029,-0.9749
2026-05-08T19:36:57.026,-7.0879,1.2147,-5.9628,0.0003,-0.2182,0.0028,-0.9759
2026-05-08T19:36:57.039,-7.0613,1.2147,-5.9063,0.0004,-0.2140,0.0025,-0.9768
2026-05-08T19:36:57.053,-7.0328,1.2147,-5.8451,0.0004,-0.2094,0.0024,-0.9778
2026-05-08T19:36:57.067,-7.0079,1.2147,-5.7896,0.0004,-0.2053,0.0024,-0.9787
2026-05-08T19:36:57.081,-6.9824,1.2148,-5.7314,0.0003,-0.2011,0.0023,-0.9796
2026-05-08T19:36:57.095,-6.9550,1.2148,-5.6681,0.0001,-0.1965,0.0022,-0.9805
2026-05-08T19:36:57.109,-6.9332,1.2148,-5.6157,0.0001,-0.1922,0.0022,-0.9814
2026-05-08T19:36:57.123,-6.9092,1.2148,-5.5567,0.0000,-0.1869,0.0020,-0.9824
2026-05-08T19:36:57.136,-6.8875,1.2148,-5.5015,0.0000,-0.1818,0.0019,-0.9833
2026-05-08T19:36:57.150,-6.8662,1.2148,-5.4468,0.0000,-0.1761,0.0018,-0.9844
2026-05-08T19:36:57.164,-6.8465,1.2148,-5.3935,0.0000,-0.1703,0.0017,-0.9854
2026-05-08T19:36:57.177,-6.8269,1.2148,-5.3384,-0.0001,-0.1640,0.0016,-0.9865
2026-05-08T19:36:57.191,-6.8102,1.2148,-5.2909,-0.0001,-0.1577,0.0015,-0.9875
2026-05-08T19:36:57.205,-6.7945,1.2148,-5.2428,-0.0001,-0.1507,0.0014,-0.9886
2026-05-08T19:36:57.219,-6.7794,1.2148,-5.1942,-0.0001,-0.1429,0.0013,-0.9897
2026-05-08T19:36:57.233,-6.7652,1.2148,-5.1480,-0.0002,-0.1349,0.0013,-0.9909
2026-05-08T19:36:57.247,-6.7535,1.2148,-5.1058,-0.0003,-0.1272,0.0012,-0.9919
2026-05-08T19:36:57.261,-6.7419,1.2148,-5.0610,-0.0004,-0.1182,0.0012,-0.9930
2026-05-08T19:36:57.275,-6.7319,1.2148,-5.0228,-0.0004,-0.1098,0.0011,-0.9940
2026-05-08T19:36:57.289,-6.7235,1.2148,-4.9851,-0.0003,-0.1010,0.0011,-0.9949
2026-05-08T19:36:57.304,-6.7155,1.2147,-4.9459,-0.0003,-0.0915,0.0010,-0.9958
2026-05-08T19:36:57.318,-6.7086,1.2147,-4.9080,-0.0003,-0.0822,0.0010,-0.9966
2026-05-08T19:36:57.334,-6.7013,1.2147,-4.8687,-0.0004,-0.0721,0.0010,-0.9974
2026-05-08T19:36:57.348,-6.6961,1.2147,-4.8327,-0.0006,-0.0629,0.0009,-0.9980
2026-05-08T19:36:57.362,-6.6911,1.2147,-4.7924,-0.0008,-0.0523,0.0009,-0.9986
2026-05-08T19:36:57.376,-6.6868,1.2147,-4.7601,-0.0008,-0.0429,0.0008,-0.9991
2026-05-08T19:36:57.391,-6.6839,1.2147,-4.7256,-0.0009,-0.0326,0.0007,-0.9995
2026-05-08T19:36:57.408,-6.6820,1.2147,-4.6964,-0.0010,-0.0225,0.0006,-0.9997
2026-05-08T19:36:57.426,-6.6807,1.2147,-4.6657,-0.0008,-0.0112,0.0005,-0.9999
2026-05-08T19:36:57.442,-6.6800,1.2147,-4.6341,-0.0008,0.0010,0.0005,-1.0000
2026-05-08T19:36:57.458,-6.6791,1.2147,-4.6074,-0.0009,0.0142,0.0004,-0.9999
2026-05-08T19:36:57.473,-6.6797,1.2147,-4.5858,-0.0012,0.0257,0.0004,-0.9997
2026-05-08T19:36:57.487,-6.6808,1.2147,-4.5630,-0.0016,0.0384,0.0005,-0.9993
2026-05-08T19:36:57.501,-6.6824,1.2146,-4.5432,-0.0018,0.0494,0.0006,-0.9988
2026-05-08T19:36:57.517,-6.6833,1.2146,-4.5247,-0.0018,0.0600,0.0007,-0.9982
2026-05-08T19:36:57.533,-6.6858,1.2145,-4.5046,-0.0018,0.0712,0.0008,-0.9975
2026-05-08T19:36:57.550,-6.6888,1.2145,-4.4832,-0.0019,0.0830,0.0010,-0.9966
2026-05-08T19:36:57.566,-6.6926,1.2145,-4.4597,-0.0019,0.0964,0.0010,-0.9953
2026-05-08T19:36:57.580,-6.6964,1.2144,-4.4400,-0.0014,0.1065,-0.0009,-0.9943
2026-05-08T19:36:57.595,-6.6999,1.2145,-4.4186,-0.0030,0.1197,0.0015,-0.9928
2026-05-08T19:36:57.609,-6.7042,1.2144,-4.4014,-0.0026,0.1297,0.0010,-0.9915
2026-05-08T19:36:57.625,-6.7094,1.2144,-4.3816,-0.0027,0.1410,0.0010,-0.9900
2026-05-08T19:36:57.640,-6.7146,1.2143,-4.3632,-0.0028,0.1517,0.0011,-0.9884
2026-05-08T19:36:57.656,-6.7197,1.2144,-4.3437,-0.0030,0.1631,0.0013,-0.9866
2026-05-08T19:36:57.673,-6.7262,1.2144,-4.3241,-0.0029,0.1748,0.0014,-0.9846
2026-05-08T19:36:57.689,-6.7337,1.2143,-4.3037,-0.0029,0.1871,0.0013,-0.9823
2026-05-08T19:36:57.705,-6.7418,1.2143,-4.2829,-0.0030,0.1999,0.0013,-0.9798
2026-05-08T19:36:57.719,-6.7500,1.2143,-4.2634,-0.0030,0.2119,0.0012,-0.9773
2026-05-08T19:36:57.734,-6.7581,1.2143,-4.2429,-0.0032,0.2244,0.0013,-0.9745
2026-05-08T19:36:57.748,-6.7656,1.2143,-4.2274,-0.0035,0.2339,0.0013,-0.9723
2026-05-08T19:36:57.762,-6.7747,1.2143,-4.2093,-0.0038,0.2452,0.0011,-0.9695
2026-05-08T19:36:57.777,-6.7828,1.2143,-4.1923,-0.0040,0.2558,0.0009,-0.9667
2026-05-08T19:36:57.792,-6.7922,1.2143,-4.1755,-0.0042,0.2665,0.0009,-0.9638
2026-05-08T19:36:57.806,-6.8023,1.2143,-4.1585,-0.0046,0.2774,0.0006,-0.9607
2026-05-08T19:36:57.819,-6.8129,1.2143,-4.1415,-0.0046,0.2882,0.0004,-0.9575
2026-05-08T19:36:57.834,-6.8234,1.2143,-4.1240,-0.0046,0.2983,0.0005,-0.9545
2026-05-08T19:36:57.848,-6.8350,1.2143,-4.1072,-0.0048,0.3078,0.0004,-0.9514
2026-05-08T19:36:57.863,-6.8488,1.2142,-4.0880,-0.0048,0.3183,0.0002,-0.9480
2026-05-08T19:36:57.878,-6.8640,1.2142,-4.0678,-0.0047,0.3282,0.0002,-0.9446
2026-05-08T19:36:57.894,-6.8806,1.2142,-4.0453,-0.0047,0.3385,0.0001,-0.9410
2026-05-08T19:36:57.909,-6.9001,1.2142,-4.0218,-0.0046,0.3490,0.0000,-0.9371
2026-05-08T19:36:57.923,-6.9236,1.2142,-3.9945,-0.0047,0.3595,0.0000,-0.9331
2026-05-08T19:36:57.937,-6.9482,1.2142,-3.9673,-0.0049,0.3694,0.0000,-0.9292
2026-05-08T19:36:57.955,-6.9720,1.2141,-3.9407,-0.0049,0.3779,-0.0001,-0.9258
2026-05-08T19:36:57.969,-7.0033,1.2141,-3.9087,-0.0051,0.3870,-0.0001,-0.9221
2026-05-08T19:36:57.983,-7.0426,1.2141,-3.8700,-0.0054,0.3960,-0.0001,-0.9182
2026-05-08T19:36:57.997,-7.0774,1.2141,-3.8371,-0.0055,0.4034,-0.0001,-0.9150
2026-05-08T19:36:58.011,-7.1119,1.2141,-3.8046,-0.0056,0.4103,0.0000,-0.9119
2026-05-08T19:36:58.025,-7.1500,1.2140,-3.7708,-0.0058,0.4169,-0.0001,-0.9089
2026-05-08T19:36:58.039,-7.1908,1.2141,-3.7356,-0.0060,0.4238,-0.0002,-0.9057
2026-05-08T19:36:58.053,-7.2305,1.2141,-3.7016,-0.0060,0.4305,-0.0003,-0.9025
2026-05-08T19:36:58.067,-7.2714,1.2141,-3.6685,-0.0059,0.4371,-0.0004,-0.8994
2026-05-08T19:36:58.081,-7.3144,1.2141,-3.6347,-0.0060,0.4434,-0.0004,-0.8963
2026-05-08T19:36:58.095,-7.3585,1.2141,-3.6002,-0.0060,0.4497,-0.0005,-0.8932
2026-05-08T19:36:58.109,-7.3999,1.2141,-3.5695,-0.0061,0.4552,-0.0005,-0.8904
2026-05-08T19:36:58.123,-7.4464,1.2141,-3.5358,-0.0062,0.4610,-0.0006,-0.8874
2026-05-08T19:36:58.137,-7.4934,1.2141,-3.5028,-0.0063,0.4663,-0.0006,-0.8846
2026-05-08T19:36:58.151,-7.5418,1.2141,-3.4690,-0.0064,0.4714,-0.0006,-0.8819
2026-05-08T19:36:58.165,-7.5951,1.2141,-3.4334,-0.0065,0.4761,-0.0007,-0.8794
2026-05-08T19:36:58.178,-7.6456,1.2141,-3.4005,-0.0066,0.4800,-0.0007,-0.8772
2026-05-08T19:36:58.193,-7.6998,1.2141,-3.3653,-0.0065,0.4838,-0.0007,-0.8751
2026-05-08T19:36:58.207,-7.7524,1.2141,-3.3323,-0.0066,0.4869,-0.0007,-0.8734
2026-05-08T19:36:58.220,-7.8114,1.2141,-3.2958,-0.0066,0.4898,-0.0007,-0.8718
2026-05-08T19:36:58.235,-7.8701,1.2141,-3.2597,-0.0067,0.4899,-0.0006,-0.8718
2026-05-08T19:36:58.249,-7.9285,1.2141,-3.2242,-0.0067,0.4899,-0.0006,-0.8717
2026-05-08T19:36:58.262,-7.9907,1.2141,-3.1864,-0.0067,0.4899,-0.0005,-0.8717
2026-05-08T19:36:58.276,-8.0493,1.2141,-3.1508,-0.0068,0.4900,-0.0006,-0.8717
2026-05-08T19:36:58.290,-8.1064,1.2141,-3.1161,-0.0067,0.4901,-0.0006,-0.8717
2026-05-08T19:36:58.304,-8.1670,1.2141,-3.0793,-0.0067,0.4901,-0.0006,-0.8716
2026-05-08T19:36:58.317,-8.2252,1.2141,-3.0440,-0.0067,0.4901,-0.0007,-0.8716
2026-05-08T19:36:58.332,-8.2879,1.2140,-3.0059,-0.0067,0.4901,-0.0006,-0.8716
2026-05-08T19:36:58.346,-8.3408,1.2140,-2.9738,-0.0067,0.4901,-0.0005,-0.8716
2026-05-08T19:36:58.359,-8.4049,1.2140,-2.9348,-0.0067,0.4902,-0.0006,-0.8716
2026-05-08T19:36:58.373,-8.4648,1.2140,-2.8985,-0.0067,0.4902,-0.0006,-0.8716
2026-05-08T19:36:58.387,-8.5201,1.2141,-2.8649,-0.0067,0.4902,-0.0005,-0.8716
2026-05-08T19:36:58.400,-8.5825,1.2141,-2.8270,-0.0068,0.4902,-0.0005,-0.8716
2026-05-08T19:36:58.415,-8.6418,1.2141,-2.7910,-0.0069,0.4902,-0.0005,-0.8716
2026-05-08T19:36:58.429,-8.6979,1.2141,-2.7569,-0.0070,0.4901,-0.0005,-0.8717
2026-05-08T19:36:58.443,-8.7646,1.2141,-2.7164,-0.0070,0.4900,-0.0006,-0.8717
2026-05-08T19:36:58.456,-8.8197,1.2141,-2.6830,-0.0068,0.4900,-0.0007,-0.8717
2026-05-08T19:36:58.471,-8.8789,1.2141,-2.6470,-0.0068,0.4898,-0.0007,-0.8718
2026-05-08T19:36:58.486,-8.9359,1.2141,-2.6123,-0.0068,0.4897,-0.0008,-0.8718
2026-05-08T19:36:58.498,-8.9984,1.2141,-2.5742,-0.0068,0.4896,-0.0008,-0.8719
2026-05-08T19:36:58.512,-9.0624,1.2141,-2.5352,-0.0069,0.4895,-0.0008,-0.8720
2026-05-08T19:36:58.525,-9.1132,1.2141,-2.5043,-0.0068,0.4895,-0.0008,-0.8720
2026-05-08T19:36:58.539,-9.1731,1.2141,-2.4677,-0.0068,0.4894,-0.0008,-0.8720
2026-05-08T19:36:58.552,-9.2307,1.2141,-2.4326,-0.0068,0.4895,-0.0008,-0.8720
2026-05-08T19:36:58.567,-9.2878,1.2141,-2.3979,-0.0068,0.4895,-0.0009,-0.8720
2026-05-08T19:36:58.581,-9.3457,1.2141,-2.3625,-0.0068,0.4895,-0.0008,-0.8720
2026-05-08T19:36:58.596,-9.4096,1.2141,-2.3236,-0.0067,0.4895,-0.0007,-0.8720
2026-05-08T19:36:58.610,-9.4654,1.2141,-2.2896,-0.0067,0.4869,-0.0006,-0.8734
2026-05-08T19:36:58.624,-9.5213,1.2141,-2.2550,-0.0066,0.4819,-0.0006,-0.8762
2026-05-08T19:36:58.638,-9.5573,1.2140,-2.2322,-0.0066,0.4745,-0.0005,-0.8802
2026-05-08T19:36:58.653,-9.5881,1.2140,-2.2128,-0.0068,0.4660,-0.0003,-0.8847
2026-05-08T19:36:58.667,-9.6155,1.2140,-2.1940,-0.0068,0.4570,-0.0002,-0.8894
2026-05-08T19:36:58.681,-9.6367,1.2140,-2.1788,-0.0069,0.4472,-0.0001,-0.8944
2026-05-08T19:36:58.696,-9.6558,1.2139,-2.1656,-0.0070,0.4370,0.0000,-0.8994
2026-05-08T19:36:58.710,-9.6718,1.2140,-2.1529,-0.0070,0.4277,0.0002,-0.9039
2026-05-08T19:36:58.727,-9.6840,1.2141,-2.1429,-0.0070,0.4177,0.0003,-0.9086
2026-05-08T19:36:58.746,-9.6944,1.2141,-2.1339,-0.0070,0.4078,0.0003,-0.9130
2026-05-08T19:36:58.767,-9.7055,1.2142,-2.1251,-0.0069,0.3955,0.0004,-0.9184
2026-05-08T19:36:58.783,-9.7150,1.2142,-2.1161,-0.0069,0.3816,0.0004,-0.9243
2026-05-08T19:36:58.800,-9.7231,1.2142,-2.1079,-0.0070,0.3658,0.0006,-0.9307
2026-05-08T19:36:58.816,-9.7283,1.2142,-2.1023,-0.0070,0.3541,0.0007,-0.9352
2026-05-08T19:36:58.832,-9.7329,1.2141,-2.0970,-0.0071,0.3416,0.0009,-0.9398
2026-05-08T19:36:58.847,-9.7350,1.2141,-2.0943,-0.0071,0.3308,0.0010,-0.9437
2026-05-08T19:36:58.865,-9.7366,1.2142,-2.0923,-0.0071,0.3185,0.0012,-0.9479
2026-05-08T19:36:58.883,-9.7387,1.2141,-2.0912,-0.0071,0.3070,0.0015,-0.9517
2026-05-08T19:36:58.903,-9.7397,1.2141,-2.0898,-0.0071,0.2931,0.0017,-0.9560
2026-05-08T19:36:58.921,-9.7384,1.2141,-2.0914,-0.0072,0.2797,0.0022,-0.9601
2026-05-08T19:36:58.939,-9.7367,1.2141,-2.0941,-0.0072,0.2645,0.0024,-0.9643
2026-05-08T19:36:58.956,-9.7350,1.2141,-2.0967,-0.0071,0.2510,0.0026,-0.9680
2026-05-08T19:36:58.974,-9.7298,1.2141,-2.1060,-0.0071,0.2366,0.0028,-0.9716
2026-05-08T19:36:58.990,-9.7248,1.2141,-2.1154,-0.0070,0.2241,0.0031,-0.9745
2026-05-08T19:36:59.007,-9.7183,1.2141,-2.1287,-0.0070,0.2108,0.0031,-0.9775
2026-05-08T19:36:59.023,-9.7121,1.2142,-2.1422,-0.0069,0.1985,0.0033,-0.9801
2026-05-08T19:36:59.040,-9.7057,1.2142,-2.1598,-0.0068,0.1856,0.0034,-0.9826
2026-05-08T19:36:59.057,-9.6972,1.2142,-2.1813,-0.0066,0.1732,0.0036,-0.9849
2026-05-08T19:36:59.073,-9.6886,1.2142,-2.2049,-0.0064,0.1599,0.0039,-0.9871
2026-05-08T19:36:59.091,-9.6808,1.2143,-2.2280,-0.0065,0.1477,0.0042,-0.9890
2026-05-08T19:36:59.109,-9.6729,1.2143,-2.2535,-0.0063,0.1351,0.0043,-0.9908
2026-05-08T19:36:59.128,-9.6648,1.2144,-2.2820,-0.0057,0.1213,0.0046,-0.9926
2026-05-08T19:36:59.144,-9.6571,1.2144,-2.3126,-0.0046,0.1076,0.0045,-0.9942
2026-05-08T19:36:59.160,-9.6497,1.2145,-2.3459,-0.0037,0.0929,0.0045,-0.9957
2026-05-08T19:36:59.177,-9.6456,1.2146,-2.3735,-0.0031,0.0808,0.0046,-0.9967
2026-05-08T19:36:59.195,-9.6402,1.2148,-2.4051,-0.0017,0.0674,0.0040,-0.9977
2026-05-08T19:36:59.212,-9.6358,1.2149,-2.4367,-0.0021,0.0550,0.0041,-0.9985
2026-05-08T19:36:59.231,-9.6320,1.2149,-2.4701,-0.0018,0.0420,0.0041,-0.9991
2026-05-08T19:36:59.249,-9.6290,1.2150,-2.5045,-0.0012,0.0288,0.0039,-0.9996
2026-05-08T19:36:59.267,-9.6263,1.2151,-2.5457,0.0000,0.0127,0.0038,-0.9999
2026-05-08T19:36:59.286,-9.6254,1.2152,-2.5776,0.0000,0.0005,0.0036,-1.0000
2026-05-08T19:36:59.302,-9.6251,1.2153,-2.6174,0.0003,-0.0145,0.0038,-0.9999
2026-05-08T19:36:59.319,-9.6270,1.2154,-2.6529,0.0008,-0.0290,0.0038,-0.9996
2026-05-08T19:36:59.335,-9.6286,1.2154,-2.6856,0.0012,-0.0423,0.0037,-0.9991
2026-05-08T19:36:59.352,-9.6311,1.2155,-2.7183,0.0015,-0.0557,0.0037,-0.9984
2026-05-08T19:36:59.370,-9.6346,1.2156,-2.7524,0.0020,-0.0697,0.0037,-0.9976
2026-05-08T19:36:59.387,-9.6388,1.2158,-2.7851,0.0036,-0.0834,0.0035,-0.9965
2026-05-08T19:36:59.405,-9.6444,1.2163,-2.8234,0.0050,-0.1014,0.0027,-0.9948
2026-05-08T19:36:59.424,-9.6519,1.2164,-2.8565,0.0058,-0.1158,0.0023,-0.9933
2026-05-08T19:36:59.442,-9.6596,1.2163,-2.8912,0.0067,-0.1311,0.0028,-0.9913
2026-05-08T19:36:59.459,-9.6688,1.2164,-2.9288,0.0081,-0.1504,0.0027,-0.9886
2026-05-08T19:36:59.476,-9.6786,1.2165,-2.9620,0.0081,-0.1653,0.0029,-0.9862
2026-05-08T19:36:59.492,-9.6897,1.2167,-2.9958,0.0075,-0.1806,0.0027,-0.9835
2026-05-08T19:36:59.510,-9.7011,1.2168,-3.0273,0.0078,-0.1949,0.0024,-0.9808
2026-05-08T19:36:59.528,-9.7125,1.2171,-3.0576,0.0086,-0.2129,0.0026,-0.9770
2026-05-08T19:36:59.545,-9.7247,1.2174,-3.0863,0.0085,-0.2288,0.0026,-0.9734
2026-05-08T19:36:59.563,-9.7353,1.2173,-3.1089,0.0101,-0.2455,0.0018,-0.9693
2026-05-08T19:36:59.580,-9.7464,1.2174,-3.1281,0.0106,-0.2622,0.0014,-0.9650
2026-05-08T19:36:59.596,-9.7562,1.2177,-3.1462,0.0107,-0.2793,0.0009,-0.9602
2026-05-08T19:36:59.613,-9.7605,1.2179,-3.1557,0.0120,-0.2978,0.0003,-0.9545
2026-05-08T19:36:59.628,-9.7635,1.2180,-3.1613,0.0120,-0.3144,-0.0002,-0.9492
2026-05-08T19:36:59.644,-9.7652,1.2181,-3.1647,0.0122,-0.3316,0.0001,-0.9433
2026-05-08T19:36:59.659,-9.7645,1.2182,-3.1653,0.0126,-0.3477,-0.0001,-0.9375
2026-05-08T19:36:59.675,-9.7602,1.2183,-3.1597,0.0126,-0.3635,-0.0009,-0.9315
2026-05-08T19:36:59.690,-9.7521,1.2185,-3.1520,0.0131,-0.3789,-0.0017,-0.9253
2026-05-08T19:36:59.706,-9.7391,1.2185,-3.1400,0.0135,-0.3937,-0.0025,-0.9191
2026-05-08T19:36:59.720,-9.7191,1.2186,-3.1219,0.0140,-0.4084,-0.0037,-0.9127
2026-05-08T19:36:59.736,-9.6923,1.2189,-3.0987,0.0145,-0.4262,-0.0052,-0.9045
2026-05-08T19:36:59.750,-9.6651,1.2189,-3.0772,0.0147,-0.4388,-0.0058,-0.8984
2026-05-08T19:36:59.765,-9.6337,1.2188,-3.0533,0.0156,-0.4527,-0.0075,-0.8915
2026-05-08T19:36:59.780,-9.6029,1.2192,-3.0317,0.0145,-0.4633,-0.0078,-0.8861
2026-05-08T19:36:59.795,-9.5673,1.2193,-3.0066,0.0139,-0.4753,-0.0087,-0.8797
2026-05-08T19:36:59.811,-9.5319,1.2190,-2.9841,0.0140,-0.4852,-0.0092,-0.8742
2026-05-08T19:36:59.828,-9.4897,1.2191,-2.9583,0.0133,-0.4957,-0.0089,-0.8683
2026-05-08T19:36:59.843,-9.4452,1.2191,-2.9325,0.0128,-0.5059,-0.0086,-0.8625
2026-05-08T19:36:59.858,-9.3962,1.2190,-2.9055,0.0125,-0.5156,-0.0085,-0.8567
2026-05-08T19:36:59.873,-9.3496,1.2190,-2.8803,0.0121,-0.5242,-0.0083,-0.8515
2026-05-08T19:36:59.888,-9.3006,1.2190,-2.8560,0.0115,-0.5326,-0.0077,-0.8462
2026-05-08T19:36:59.902,-9.2526,1.2189,-2.8335,0.0107,-0.5420,-0.0069,-0.8403
2026-05-08T19:36:59.917,-9.2028,1.2188,-2.8105,0.0104,-0.5492,-0.0064,-0.8356
2026-05-08T19:36:59.931,-9.1535,1.2188,-2.7894,0.0098,-0.5556,-0.0055,-0.8314
2026-05-08T19:36:59.945,-9.1033,1.2187,-2.7690,0.0100,-0.5619,-0.0057,-0.8271
2026-05-08T19:36:59.959,-9.0544,1.2186,-2.7498,0.0099,-0.5678,-0.0051,-0.8231
2026-05-08T19:36:59.973,-9.0068,1.2185,-2.7311,0.0100,-0.5736,-0.0048,-0.8191
2026-05-08T19:36:59.988,-8.9560,1.2185,-2.7128,0.0101,-0.5796,-0.0042,-0.8148
2026-05-08T19:37:00.004,-8.9045,1.2184,-2.6949,0.0099,-0.5855,-0.0037,-0.8106
2026-05-08T19:37:00.019,-8.8533,1.2183,-2.6772,0.0100,-0.5913,-0.0037,-0.8064
2026-05-08T19:37:00.035,-8.7905,1.2183,-2.6573,0.0100,-0.5982,-0.0037,-0.8013
2026-05-08T19:37:00.050,-8.7392,1.2183,-2.6421,0.0102,-0.6036,-0.0040,-0.7972
2026-05-08T19:37:00.066,-8.6818,1.2183,-2.6258,0.0100,-0.6101,-0.0042,-0.7923
2026-05-08T19:37:00.079,-8.6337,1.2183,-2.6130,0.0100,-0.6158,-0.0040,-0.7879
2026-05-08T19:37:00.093,-8.5781,1.2183,-2.5984,0.0099,-0.6227,-0.0040,-0.7824
2026-05-08T19:37:00.107,-8.5371,1.2183,-2.5889,0.0099,-0.6281,-0.0041,-0.7781
2026-05-08T19:37:00.121,-8.4922,1.2182,-2.5793,0.0098,-0.6343,-0.0042,-0.7730
2026-05-08T19:37:00.136,-8.4484,1.2182,-2.5698,0.0097,-0.6406,-0.0042,-0.7678
2026-05-08T19:37:00.150,-8.4046,1.2182,-2.5618,0.0096,-0.6468,-0.0042,-0.7626
2026-05-08T19:37:00.163,-8.3572,1.2182,-2.5539,0.0094,-0.6534,-0.0042,-0.7569
2026-05-08T19:37:00.177,-8.3151,1.2182,-2.5477,0.0094,-0.6594,-0.0043,-0.7517
2026-05-08T19:37:00.191,-8.2731,1.2182,-2.5414,0.0093,-0.6655,-0.0044,-0.7463
2026-05-08T19:37:00.206,-8.2320,1.2182,-2.5367,0.0093,-0.6716,-0.0046,-0.7408
2026-05-08T19:37:00.220,-8.1906,1.2182,-2.5326,0.0091,-0.6780,-0.0048,-0.7350
2026-05-08T19:37:00.234,-8.1450,1.2182,-2.5282,0.0090,-0.6853,-0.0050,-0.7282
2026-05-08T19:37:00.248,-8.1068,1.2182,-2.5258,0.0089,-0.6912,-0.0051,-0.7226
2026-05-08T19:37:00.261,-8.0634,1.2182,-2.5238,0.0088,-0.6979,-0.0053,-0.7161
2026-05-08T19:37:00.276,-8.0257,1.2182,-2.5219,0.0087,-0.7040,-0.0054,-0.7101
2026-05-08T19:37:00.289,-7.9848,1.2182,-2.5215,0.0085,-0.7104,-0.0056,-0.7037
2026-05-08T19:37:00.304,-7.9443,1.2182,-2.5219,0.0084,-0.7167,-0.0058,-0.6973
2026-05-08T19:37:00.317,-7.9035,1.2182,-2.5231,0.0084,-0.7229,-0.0060,-0.6909
2026-05-08T19:37:00.331,-7.8633,1.2183,-2.5241,0.0083,-0.7290,-0.0063,-0.6844
2026-05-08T19:37:00.346,-7.8265,1.2183,-2.5264,0.0081,-0.7346,-0.0062,-0.6785
2026-05-08T19:37:00.359,-7.7842,1.2183,-2.5297,0.0081,-0.7409,-0.0062,-0.6716
2026-05-08T19:37:00.373,-7.7426,1.2183,-2.5329,0.0082,-0.7470,-0.0062,-0.6648
2026-05-08T19:37:00.387,-7.7027,1.2182,-2.5376,0.0081,-0.7524,-0.0061,-0.6586
2026-05-08T19:37:00.401,-7.6588,1.2183,-2.5434,0.0080,-0.7583,-0.0062,-0.6519
2026-05-08T19:37:00.415,-7.6156,1.2184,-2.5491,0.0079,-0.7638,-0.0062,-0.6454
2026-05-08T19:37:00.429,-7.5728,1.2184,-2.5563,0.0078,-0.7690,-0.0064,-0.6392
2026-05-08T19:37:00.443,-7.5282,1.2185,-2.5645,0.0077,-0.7743,-0.0066,-0.6328
2026-05-08T19:37:00.456,-7.4836,1.2185,-2.5735,0.0075,-0.7795,-0.0066,-0.6264
2026-05-08T19:37:00.471,-7.4355,1.2185,-2.5833,0.0074,-0.7842,-0.0065,-0.6204
2026-05-08T19:37:00.485,-7.3878,1.2185,-2.5945,0.0073,-0.7887,-0.0065,-0.6147
2026-05-08T19:37:00.499,-7.3317,1.2185,-2.6085,0.0072,-0.7932,-0.0064,-0.6089
2026-05-08T19:37:00.513,-7.2806,1.2184,-2.6214,0.0071,-0.7969,-0.0064,-0.6040
2026-05-08T19:37:00.527,-7.2226,1.2184,-2.6377,0.0070,-0.8004,-0.0066,-0.5994
2026-05-08T19:37:00.540,-7.1630,1.2185,-2.6551,0.0069,-0.8034,-0.0068,-0.5954
2026-05-08T19:37:00.554,-7.1031,1.2185,-2.6727,0.0068,-0.8060,-0.0070,-0.5918
2026-05-08T19:37:00.568,-7.0413,1.2185,-2.6921,0.0067,-0.8082,-0.0070,-0.5889
2026-05-08T19:37:00.583,-6.9773,1.2185,-2.7126,0.0067,-0.8098,-0.0070,-0.5866
2026-05-08T19:37:00.596,-6.9114,1.2185,-2.7342,0.0067,-0.8113,-0.0072,-0.5845
2026-05-08T19:37:00.610,-6.8456,1.2185,-2.7559,0.0066,-0.8113,-0.0071,-0.5845
2026-05-08T19:37:00.624,-6.7850,1.2185,-2.7760,0.0067,-0.8113,-0.0070,-0.5846
2026-05-08T19:37:00.638,-6.7163,1.2185,-2.7989,0.0066,-0.8113,-0.0069,-0.5845
2026-05-08T19:37:00.652,-6.6524,1.2185,-2.8202,0.0066,-0.8113,-0.0067,-0.5845
2026-05-08T19:37:00.666,-6.5871,1.2185,-2.8419,0.0065,-0.8112,-0.0066,-0.5846
2026-05-08T19:37:00.679,-6.5206,1.2185,-2.8639,0.0065,-0.8111,-0.0068,-0.5848
2026-05-08T19:37:00.693,-6.4554,1.2186,-2.8856,0.0062,-0.8109,-0.0072,-0.5851
2026-05-08T19:37:00.707,-6.3924,1.2186,-2.9064,0.0062,-0.8108,-0.0073,-0.5852
2026-05-08T19:37:00.721,-6.3280,1.2187,-2.9277,0.0061,-0.8106,-0.0073,-0.5856
2026-05-08T19:37:00.735,-6.2601,1.2187,-2.9501,0.0060,-0.8105,-0.0074,-0.5857
2026-05-08T19:37:00.749,-6.1979,1.2188,-2.9706,0.0059,-0.8103,-0.0075,-0.5860
2026-05-08T19:37:00.763,-6.1295,1.2188,-2.9930,0.0059,-0.8102,-0.0074,-0.5861
2026-05-08T19:37:00.777,-6.0648,1.2188,-3.0143,0.0058,-0.8101,-0.0073,-0.5862
2026-05-08T19:37:00.790,-5.9984,1.2188,-3.0360,0.0058,-0.8099,-0.0073,-0.5864
2026-05-08T19:37:00.804,-5.9342,1.2188,-3.0570,0.0058,-0.8099,-0.0074,-0.5865
2026-05-08T19:37:00.818,-5.8692,1.2189,-3.0783,0.0056,-0.8099,-0.0073,-0.5865
2026-05-08T19:37:00.832,-5.8019,1.2188,-3.1003,0.0056,-0.8098,-0.0073,-0.5867
2026-05-08T19:37:00.846,-5.7419,1.2188,-3.1200,0.0056,-0.8097,-0.0074,-0.5867
2026-05-08T19:37:00.859,-5.6731,1.2188,-3.1425,0.0056,-0.8097,-0.0074,-0.5868
2026-05-08T19:37:00.874,-5.6052,1.2188,-3.1647,0.0056,-0.8097,-0.0075,-0.5868
2026-05-08T19:37:00.888,-5.5427,1.2188,-3.1852,0.0056,-0.8097,-0.0076,-0.5868
2026-05-08T19:37:00.902,-5.4761,1.2188,-3.2069,0.0056,-0.8096,-0.0076,-0.5869
2026-05-08T19:37:00.916,-5.4093,1.2188,-3.2288,0.0055,-0.8096,-0.0076,-0.5869
2026-05-08T19:37:00.930,-5.3434,1.2188,-3.2503,0.0056,-0.8097,-0.0077,-0.5868
2026-05-08T19:37:00.944,-5.2775,1.2188,-3.2719,0.0056,-0.8096,-0.0076,-0.5868
2026-05-08T19:37:00.957,-5.2121,1.2187,-3.2933,0.0056,-0.8097,-0.0076,-0.5868
2026-05-08T19:37:00.971,-5.1447,1.2187,-3.3154,0.0057,-0.8097,-0.0076,-0.5868
2026-05-08T19:37:00.985,-5.0854,1.2187,-3.3349,0.0058,-0.8097,-0.0074,-0.5868
2026-05-08T19:37:00.999,-5.0150,1.2187,-3.3580,0.0059,-0.8097,-0.0072,-0.5868
2026-05-08T19:37:01.013,-4.9575,1.2186,-3.3769,0.0059,-0.8120,-0.0069,-0.5835
2026-05-08T19:37:01.027,-4.9037,1.2186,-3.3951,0.0060,-0.8155,-0.0066,-0.5786
2026-05-08T19:37:01.041,-4.8618,1.2186,-3.4098,0.0059,-0.8205,-0.0065,-0.5715
2026-05-08T19:37:01.055,-4.8264,1.2186,-3.4222,0.0058,-0.8260,-0.0066,-0.5636
2026-05-08T19:37:01.069,-4.7949,1.2185,-3.4346,0.0059,-0.8314,-0.0065,-0.5556
2026-05-08T19:37:01.083,-4.7715,1.2185,-3.4443,0.0059,-0.8368,-0.0064,-0.5474
2026-05-08T19:37:01.096,-4.7483,1.2185,-3.4545,0.0058,-0.8427,-0.0064,-0.5383
2026-05-08T19:37:01.111,-4.7320,1.2184,-3.4611,0.0058,-0.8484,-0.0065,-0.5293
2026-05-08T19:37:01.124,-4.7184,1.2184,-3.4679,0.0056,-0.8540,-0.0064,-0.5202
2026-05-08T19:37:01.138,-4.7055,1.2184,-3.4747,0.0056,-0.8598,-0.0061,-0.5106
2026-05-08T19:37:01.152,-4.6982,1.2184,-3.4776,0.0056,-0.8649,-0.0061,-0.5019
2026-05-08T19:37:01.166,-4.6926,1.2183,-3.4809,0.0058,-0.8704,-0.0060,-0.4923
2026-05-08T19:37:01.180,-4.6888,1.2182,-3.4832,0.0058,-0.8755,-0.0060,-0.4831
2026-05-08T19:37:01.194,-4.6888,1.2182,-3.4822,0.0057,-0.8811,-0.0059,-0.4728
2026-05-08T19:37:01.208,-4.6906,1.2181,-3.4810,0.0059,-0.8861,-0.0060,-0.4633
2026-05-08T19:37:01.221,-4.6973,1.2181,-3.4764,0.0058,-0.8911,-0.0060,-0.4538
2026-05-08T19:37:01.235,-4.7059,1.2181,-3.4691,0.0059,-0.8960,-0.0059,-0.4441
2026-05-08T19:37:01.249,-4.7152,1.2181,-3.4622,0.0060,-0.9005,-0.0058,-0.4347
2026-05-08T19:37:01.263,-4.7265,1.2180,-3.4534,0.0060,-0.9054,-0.0058,-0.4246
2026-05-08T19:37:01.277,-4.7393,1.2180,-3.4427,0.0061,-0.9097,-0.0057,-0.4152
2026-05-08T19:37:01.291,-4.7530,1.2180,-3.4297,0.0060,-0.9141,-0.0057,-0.4055
2026-05-08T19:37:01.305,-4.7670,1.2179,-3.4171,0.0060,-0.9182,-0.0057,-0.3960
2026-05-08T19:37:01.318,-4.7817,1.2179,-3.4033,0.0060,-0.9224,-0.0058,-0.3860
2026-05-08T19:37:01.332,-4.7951,1.2179,-3.3888,0.0059,-0.9263,-0.0058,-0.3766
2026-05-08T19:37:01.346,-4.8082,1.2179,-3.3754,0.0058,-0.9300,-0.0060,-0.3674
2026-05-08T19:37:01.359,-4.8224,1.2179,-3.3603,0.0056,-0.9340,-0.0061,-0.3571
2026-05-08T19:37:01.374,-4.8349,1.2179,-3.3450,0.0055,-0.9376,-0.0061,-0.3476
2026-05-08T19:37:01.387,-4.8470,1.2179,-3.3311,0.0056,-0.9410,-0.0061,-0.3383
2026-05-08T19:37:01.400,-4.8606,1.2179,-3.3147,0.0055,-0.9448,-0.0061,-0.3274
2026-05-08T19:37:01.415,-4.8716,1.2179,-3.2991,0.0055,-0.9480,-0.0061,-0.3181
2026-05-08T19:37:01.429,-4.8826,1.2179,-3.2847,0.0055,-0.9512,-0.0061,-0.3083
2026-05-08T19:37:01.442,-4.8936,1.2178,-3.2695,0.0055,-0.9547,-0.0060,-0.2975
2026-05-08T19:37:01.455,-4.9018,1.2178,-3.2578,0.0056,-0.9579,-0.0061,-0.2872
2026-05-08T19:37:01.470,-4.9074,1.2178,-3.2475,0.0056,-0.9608,-0.0060,-0.2773
2026-05-08T19:37:01.484,-4.9115,1.2177,-3.2411,0.0056,-0.9636,-0.0060,-0.2673
2026-05-08T19:37:01.500,-4.9148,1.2177,-3.2357,0.0056,-0.9667,-0.0060,-0.2559
2026-05-08T19:37:01.515,-4.9162,1.2177,-3.2312,0.0057,-0.9695,-0.0061,-0.2448
2026-05-08T19:37:01.533,-4.9162,1.2177,-3.2313,0.0055,-0.9725,-0.0062,-0.2330
2026-05-08T19:37:01.550,-4.9147,1.2177,-3.2344,0.0056,-0.9752,-0.0063,-0.2210
2026-05-08T19:37:01.566,-4.9108,1.2177,-3.2425,0.0055,-0.9783,-0.0064,-0.2072
2026-05-08T19:37:01.580,-4.9065,1.2177,-3.2523,0.0055,-0.9809,-0.0064,-0.1942
2026-05-08T19:37:01.595,-4.8999,1.2176,-3.2653,0.0055,-0.9832,-0.0065,-0.1824
2026-05-08T19:37:01.610,-4.8944,1.2177,-3.2794,0.0054,-0.9851,-0.0067,-0.1719
2026-05-08T19:37:01.626,-4.8882,1.2177,-3.2966,0.0053,-0.9870,-0.0067,-0.1604
2026-05-08T19:37:01.641,-4.8811,1.2177,-3.3178,0.0053,-0.9887,-0.0068,-0.1494
2026-05-08T19:37:01.657,-4.8725,1.2177,-3.3422,0.0053,-0.9905,-0.0068,-0.1375
2026-05-08T19:37:01.674,-4.8647,1.2177,-3.3697,0.0053,-0.9919,-0.0068,-0.1265
2026-05-08T19:37:01.690,-4.8566,1.2177,-3.4013,0.0054,-0.9934,-0.0066,-0.1144
2026-05-08T19:37:01.705,-4.8490,1.2177,-3.4339,0.0053,-0.9947,-0.0066,-0.1023
2026-05-08T19:37:01.719,-4.8423,1.2178,-3.4660,0.0052,-0.9957,-0.0066,-0.0920
2026-05-08T19:37:01.735,-4.8349,1.2178,-3.5007,0.0051,-0.9967,-0.0067,-0.0809
2026-05-08T19:37:01.749,-4.8297,1.2178,-3.5322,0.0050,-0.9974,-0.0068,-0.0711
2026-05-08T19:37:01.764,-4.8246,1.2178,-3.5679,0.0049,-0.9982,-0.0069,-0.0601
2026-05-08T19:37:01.778,-4.8207,1.2178,-3.6003,0.0048,-0.9987,-0.0069,-0.0504
2026-05-08T19:37:01.792,-4.8163,1.2178,-3.6354,0.0046,-0.9992,-0.0070,-0.0400
2026-05-08T19:37:01.807,-4.8135,1.2178,-3.6688,0.0045,-0.9995,-0.0070,-0.0306
2026-05-08T19:37:01.821,-4.8113,1.2178,-3.7047,0.0044,-0.9998,-0.0072,-0.0206
2026-05-08T19:37:01.836,-4.8090,1.2178,-3.7381,0.0044,-0.9999,-0.0073,-0.0111
2026-05-08T19:37:01.850,-4.8082,1.2178,-3.7724,0.0042,-1.0000,-0.0074,-0.0015
2026-05-08T19:37:01.864,-4.8081,1.2178,-3.8106,0.0041,-0.9999,-0.0074,0.0091
2026-05-08T19:37:01.878,-4.8087,1.2178,-3.8440,0.0040,-0.9998,-0.0075,0.0184
2026-05-08T19:37:01.892,-4.8092,1.2178,-3.8799,0.0039,-0.9996,-0.0075,0.0285
2026-05-08T19:37:01.907,-4.8111,1.2178,-3.9136,0.0039,-0.9992,-0.0074,0.0379
2026-05-08T19:37:01.921,-4.8138,1.2179,-3.9495,0.0040,-0.9988,-0.0074,0.0479
2026-05-08T19:37:01.936,-4.8162,1.2179,-3.9837,0.0039,-0.9983,-0.0073,0.0576
2026-05-08T19:37:01.950,-4.8202,1.2179,-4.0182,0.0037,-0.9977,-0.0073,0.0673
2026-05-08T19:37:01.963,-4.8255,1.2179,-4.0569,0.0036,-0.9969,-0.0073,0.0781
2026-05-08T19:37:01.983,-4.8306,1.2179,-4.0891,0.0034,-0.9962,-0.0074,0.0871
2026-05-08T19:37:01.997,-4.8355,1.2179,-4.1226,0.0032,-0.9953,-0.0074,0.0964
2026-05-08T19:37:02.011,-4.8446,1.2179,-4.1694,0.0030,-0.9940,-0.0074,0.1092
2026-05-08T19:37:02.025,-4.8521,1.2179,-4.2038,0.0029,-0.9929,-0.0075,0.1186
2026-05-08T19:37:02.039,-4.8603,1.2179,-4.2378,0.0029,-0.9918,-0.0074,0.1279
2026-05-08T19:37:02.053,-4.8684,1.2179,-4.2720,0.0029,-0.9905,-0.0073,0.1373
2026-05-08T19:37:02.068,-4.8786,1.2179,-4.3082,0.0028,-0.9891,-0.0074,0.1470
2026-05-08T19:37:02.081,-4.8888,1.2180,-4.3415,0.0027,-0.9877,-0.0074,0.1561
2026-05-08T19:37:02.096,-4.8992,1.2180,-4.3766,0.0025,-0.9861,-0.0074,0.1658
2026-05-08T19:37:02.109,-4.9105,1.2180,-4.4091,0.0025,-0.9846,-0.0075,0.1748
2026-05-08T19:37:02.123,-4.9229,1.2180,-4.4431,0.0025,-0.9829,-0.0076,0.1842
2026-05-08T19:37:02.137,-4.9356,1.2180,-4.4758,0.0025,-0.9811,-0.0076,0.1934
2026-05-08T19:37:02.151,-4.9479,1.2180,-4.5081,0.0024,-0.9792,-0.0076,0.2026
2026-05-08T19:37:02.165,-4.9615,1.2180,-4.5398,0.0024,-0.9773,-0.0076,0.2115
2026-05-08T19:37:02.178,-4.9765,1.2180,-4.5727,0.0022,-0.9753,-0.0077,0.2208
2026-05-08T19:37:02.193,-4.9906,1.2180,-4.6044,0.0021,-0.9732,-0.0077,0.2299
2026-05-08T19:37:02.207,-5.0065,1.2180,-4.6363,0.0020,-0.9710,-0.0078,0.2391
2026-05-08T19:37:02.221,-5.0233,1.2180,-4.6684,0.0019,-0.9686,-0.0078,0.2484
2026-05-08T19:37:02.235,-5.0393,1.2180,-4.6995,0.0018,-0.9663,-0.0079,0.2574
2026-05-08T19:37:02.250,-5.0570,1.2180,-4.7304,0.0018,-0.9638,-0.0079,0.2664
2026-05-08T19:37:02.263,-5.0760,1.2180,-4.7621,0.0016,-0.9612,-0.0079,0.2758
2026-05-08T19:37:02.277,-5.0943,1.2180,-4.7915,0.0014,-0.9587,-0.0080,0.2843
2026-05-08T19:37:02.291,-5.1140,1.2181,-4.8234,0.0013,-0.9558,-0.0081,0.2938
2026-05-08T19:37:02.305,-5.1315,1.2181,-4.8491,0.0012,-0.9534,-0.0080,0.3017
2026-05-08T19:37:02.318,-5.1518,1.2181,-4.8780,0.0012,-0.9505,-0.0080,0.3106
2026-05-08T19:37:02.332,-5.1728,1.2181,-4.9082,0.0011,-0.9474,-0.0080,0.3199
2026-05-08T19:37:02.346,-5.1925,1.2181,-4.9342,0.0009,-0.9446,-0.0080,0.3280
2026-05-08T19:37:02.360,-5.2149,1.2181,-4.9626,0.0007,-0.9415,-0.0080,0.3370
2026-05-08T19:37:02.375,-5.2357,1.2182,-4.9894,0.0005,-0.9385,-0.0080,0.3453
2026-05-08T19:37:02.388,-5.2586,1.2182,-5.0165,0.0004,-0.9352,-0.0079,0.3539
2026-05-08T19:37:02.402,-5.2853,1.2182,-5.0467,0.0004,-0.9318,-0.0079,0.3630
2026-05-08T19:37:02.416,-5.3088,1.2182,-5.0736,0.0001,-0.9286,-0.0080,0.3711
2026-05-08T19:37:02.430,-5.3355,1.2182,-5.1016,0.0000,-0.9252,-0.0081,0.3793
2026-05-08T19:37:02.444,-5.3638,1.2182,-5.1304,-0.0001,-0.9217,-0.0081,0.3878
2026-05-08T19:37:02.457,-5.3925,1.2182,-5.1586,-0.0001,-0.9182,-0.0080,0.3960
2026-05-08T19:37:02.472,-5.4230,1.2182,-5.1885,-0.0001,-0.9147,-0.0080,0.4040
2026-05-08T19:37:02.485,-5.4513,1.2181,-5.2142,0.0000,-0.9117,-0.0079,0.4107
2026-05-08T19:37:02.499,-5.4873,1.2181,-5.2461,0.0000,-0.9080,-0.0078,0.4189
2026-05-08T19:37:02.513,-5.5186,1.2181,-5.2739,-0.0001,-0.9047,-0.0077,0.4260
2026-05-08T19:37:02.527,-5.5535,1.2181,-5.3027,-0.0001,-0.9013,-0.0076,0.4331
2026-05-08T19:37:02.541,-5.5942,1.2181,-5.3353,0.0001,-0.8979,-0.0074,0.4401
2026-05-08T19:37:02.555,-5.6336,1.2181,-5.3667,0.0001,-0.8946,-0.0075,0.4468
2026-05-08T19:37:02.569,-5.6721,1.2181,-5.3957,-0.0001,-0.8916,-0.0075,0.4527
2026-05-08T19:37:02.583,-5.7149,1.2181,-5.4270,-0.0001,-0.8885,-0.0073,0.4588
2026-05-08T19:37:02.596,-5.7620,1.2181,-5.4605,-0.0003,-0.8853,-0.0075,0.4649
2026-05-08T19:37:02.611,-5.8080,1.2180,-5.4929,-0.0003,-0.8823,-0.0075,0.4706
2026-05-08T19:37:02.625,-5.8543,1.2180,-5.5240,-0.0003,-0.8794,-0.0074,0.4760
2026-05-08T19:37:02.638,-5.9029,1.2181,-5.5558,-0.0003,-0.8765,-0.0072,0.4814
2026-05-08T19:37:02.652,-5.9509,1.2181,-5.5871,-0.0005,-0.8737,-0.0070,0.4863
2026-05-08T19:37:02.666,-5.9988,1.2181,-5.6168,-0.0007,-0.8711,-0.0071,0.4911
2026-05-08T19:37:02.679,-6.0487,1.2181,-5.6470,-0.0008,-0.8683,-0.0068,0.4960
2026-05-08T19:37:02.694,-6.0994,1.2181,-5.6775,-0.0008,-0.8656,-0.0068,0.5007
2026-05-08T19:37:02.707,-6.1513,1.2180,-5.7074,-0.0009,-0.8630,-0.0068,0.5052
2026-05-08T19:37:02.721,-6.2086,1.2181,-5.7396,-0.0009,-0.8607,-0.0068,0.5091
2026-05-08T19:37:02.734,-6.2649,1.2181,-5.7711,-0.0009,-0.8588,-0.0067,0.5122
2026-05-08T19:37:02.749,-6.3191,1.2181,-5.8004,-0.0011,-0.8574,-0.0068,0.5147
2026-05-08T19:37:02.762,-6.3809,1.2180,-5.8334,-0.0012,-0.8563,-0.0067,0.5164
2026-05-08T19:37:02.776,-6.4403,1.2180,-5.8649,-0.0011,-0.8564,-0.0068,0.5162
2026-05-08T19:37:02.790,-6.4980,1.2180,-5.8954,-0.0012,-0.8566,-0.0068,0.5160
2026-05-08T19:37:02.804,-6.5583,1.2180,-5.9273,-0.0014,-0.8567,-0.0068,0.5158
2026-05-08T19:37:02.817,-6.6215,1.2180,-5.9608,-0.0016,-0.8568,-0.0070,0.5157
2026-05-08T19:37:02.832,-6.6836,1.2181,-5.9937,-0.0017,-0.8569,-0.0070,0.5155
2026-05-08T19:37:02.845,-6.7430,1.2181,-6.0253,-0.0018,-0.8569,-0.0069,0.5154
2026-05-08T19:37:02.859,-6.8058,1.2181,-6.0587,-0.0019,-0.8570,-0.0068,0.5152
2026-05-08T19:37:02.874,-6.8665,1.2181,-6.0909,-0.0019,-0.8571,-0.0069,0.5151
2026-05-08T19:37:02.887,-6.9247,1.2181,-6.1219,-0.0019,-0.8584,-0.0068,0.5130
2026-05-08T19:37:02.901,-6.9847,1.2181,-6.1542,-0.0018,-0.8603,-0.0067,0.5097
2026-05-08T19:37:02.916,-7.0416,1.2181,-6.1849,-0.0018,-0.8624,-0.0068,0.5062
2026-05-08T19:37:02.930,-7.1011,1.2181,-6.2182,-0.0017,-0.8647,-0.0067,0.5022
2026-05-08T19:37:02.944,-7.1555,1.2181,-6.2492,-0.0016,-0.8669,-0.0067,0.4984
2026-05-08T19:37:02.956,-7.2119,1.2181,-6.2820,-0.0014,-0.8691,-0.0067,0.4945
2026-05-08T19:37:02.971,-7.2676,1.2181,-6.3146,-0.0013,-0.8713,-0.0067,0.4906
2026-05-08T19:37:02.984,-7.3142,1.2181,-6.3429,-0.0013,-0.8733,-0.0067,0.4872
2026-05-08T19:37:02.997,-7.3706,1.2181,-6.3777,-0.0013,-0.8757,-0.0067,0.4829
2026-05-08T19:37:03.011,-7.4224,1.2181,-6.4098,-0.0012,-0.8780,-0.0066,0.4786
2026-05-08T19:37:03.026,-7.4707,1.2181,-6.4409,-0.0012,-0.8803,-0.0066,0.4743
2026-05-08T19:37:03.040,-7.5216,1.2181,-6.4744,-0.0010,-0.8829,-0.0066,0.4696
2026-05-08T19:37:03.056,-7.5741,1.2181,-6.5092,-0.0009,-0.8857,-0.0066,0.4642
2026-05-08T19:37:03.081,-7.6239,1.2181,-6.5437,-0.0010,-0.8887,-0.0066,0.4585
2026-05-08T19:37:03.095,-7.6714,1.2181,-6.5774,-0.0011,-0.8919,-0.0067,0.4523
2026-05-08T19:37:03.109,-7.7533,1.2181,-6.6373,-0.0010,-0.8975,-0.0067,0.4410
2026-05-08T19:37:03.123,-7.7955,1.2181,-6.6699,-0.0008,-0.9007,-0.0066,0.4345
2026-05-08T19:37:03.136,-7.8361,1.2181,-6.7022,-0.0006,-0.9038,-0.0066,0.4280
2026-05-08T19:37:03.151,-7.8774,1.2181,-6.7351,-0.0007,-0.9069,-0.0066,0.4213
2026-05-08T19:37:03.165,-7.9159,1.2181,-6.7676,-0.0005,-0.9099,-0.0066,0.4147
2026-05-08T19:37:03.179,-7.9545,1.2180,-6.8011,-0.0003,-0.9130,-0.0066,0.4079
2026-05-08T19:37:03.193,-7.9928,1.2180,-6.8345,-0.0001,-0.9161,-0.0065,0.4009
2026-05-08T19:37:03.206,-8.0296,1.2180,-6.8684,0.0000,-0.9192,-0.0064,0.3938
2026-05-08T19:37:03.220,-8.0644,1.2180,-6.9015,0.0000,-0.9221,-0.0064,0.3869
2026-05-08T19:37:03.234,-8.1001,1.2180,-6.9357,0.0000,-0.9251,-0.0064,0.3797
2026-05-08T19:37:03.248,-8.1329,1.2180,-6.9689,0.0000,-0.9278,-0.0064,0.3730
2026-05-08T19:37:03.262,-8.1688,1.2180,-7.0063,-0.0001,-0.9309,-0.0063,0.3653
2026-05-08T19:37:03.275,-8.2020,1.2180,-7.0410,-0.0001,-0.9336,-0.0063,0.3583
2026-05-08T19:37:03.290,-8.2344,1.2180,-7.0769,-0.0001,-0.9363,-0.0063,0.3511
2026-05-08T19:37:03.304,-8.2659,1.2180,-7.1130,-0.0001,-0.9390,-0.0063,0.3440
2026-05-08T19:37:03.317,-8.2985,1.2181,-7.1514,0.0000,-0.9417,-0.0062,0.3364
2026-05-08T19:37:03.331,-8.3308,1.2181,-7.1897,0.0000,-0.9443,-0.0063,0.3289
2026-05-08T19:37:03.345,-8.3596,1.2181,-7.2259,0.0001,-0.9468,-0.0063,0.3219
2026-05-08T19:37:03.359,-8.3899,1.2181,-7.2654,0.0002,-0.9493,-0.0062,0.3144
2026-05-08T19:37:03.374,-8.4206,1.2180,-7.3054,0.0002,-0.9518,-0.0061,0.3068
2026-05-08T19:37:03.387,-8.4496,1.2180,-7.3457,0.0004,-0.9542,-0.0061,0.2992
2026-05-08T19:37:03.401,-8.4796,1.2180,-7.3889,0.0004,-0.9566,-0.0062,0.2912
2026-05-08T19:37:03.415,-8.5049,1.2180,-7.4251,0.0005,-0.9586,-0.0062,0.2846
2026-05-08T19:37:03.429,-8.5338,1.2180,-7.4694,0.0006,-0.9609,-0.0061,0.2768
2026-05-08T19:37:03.444,-8.5607,1.2180,-7.5123,0.0006,-0.9630,-0.0061,0.2695
2026-05-08T19:37:03.459,-8.5885,1.2180,-7.5580,0.0006,-0.9650,-0.0061,0.2622
2026-05-08T19:37:03.474,-8.6164,1.2180,-7.6042,0.0006,-0.9670,-0.0061,0.2548
2026-05-08T19:37:03.490,-8.6443,1.2180,-7.6536,0.0006,-0.9689,-0.0062,0.2474
2026-05-08T19:37:03.505,-8.6733,1.2180,-7.7066,0.0007,-0.9708,-0.0061,0.2399
2026-05-08T19:37:03.520,-8.7017,1.2180,-7.7607,0.0007,-0.9726,-0.0061,0.2325
2026-05-08T19:37:03.536,-8.7328,1.2180,-7.8204,0.0009,-0.9743,-0.0061,0.2250
2026-05-08T19:37:03.551,-8.7588,1.2179,-7.8737,0.0010,-0.9758,-0.0061,0.2187
2026-05-08T19:37:03.566,-8.7868,1.2179,-7.9329,0.0012,-0.9772,-0.0060,0.2121
2026-05-08T19:37:03.579,-8.8121,1.2179,-7.9884,0.0014,-0.9784,-0.0060,0.2067
2026-05-08T19:37:03.594,-8.8392,1.2179,-8.0483,0.0016,-0.9795,-0.0058,0.2013
2026-05-08T19:37:03.608,-8.8635,1.2179,-8.1048,0.0017,-0.9803,-0.0057,0.1973
2026-05-08T19:37:03.623,-8.8895,1.2179,-8.1668,0.0016,-0.9812,-0.0058,0.1929
2026-05-08T19:37:03.639,-8.9158,1.2179,-8.2301,0.0015,-0.9820,-0.0058,0.1889
2026-05-08T19:37:03.654,-8.9422,1.2179,-8.2961,0.0014,-0.9827,-0.0059,0.1853
2026-05-08T19:37:03.668,-8.9700,1.2179,-8.3672,0.0013,-0.9833,-0.0058,0.1819
2026-05-08T19:37:03.682,-8.9953,1.2179,-8.4333,0.0013,-0.9838,-0.0058,0.1794
2026-05-08T19:37:03.696,-9.0207,1.2179,-8.5001,0.0013,-0.9838,-0.0058,0.1793
2026-05-08T19:37:03.711,-9.0442,1.2179,-8.5623,0.0012,-0.9838,-0.0059,0.1791
2026-05-08T19:37:03.726,-9.0703,1.2179,-8.6317,0.0012,-0.9838,-0.0059,0.1789
2026-05-08T19:37:03.742,-9.0966,1.2179,-8.7016,0.0012,-0.9839,-0.0060,0.1788
2026-05-08T19:37:03.760,-9.1238,1.2179,-8.7741,0.0013,-0.9839,-0.0060,0.1788
2026-05-08T19:37:03.775,-9.1520,1.2179,-8.8490,0.0011,-0.9839,-0.0062,0.1785
2026-05-08T19:37:03.790,-9.1821,1.2179,-8.9294,0.0011,-0.9840,-0.0063,0.1783
2026-05-08T19:37:03.804,-9.2079,1.2179,-8.9982,0.0011,-0.9840,-0.0062,0.1782
2026-05-08T19:37:03.818,-9.2348,1.2179,-9.0700,0.0011,-0.9840,-0.0063,0.1783
2026-05-08T19:37:03.833,-9.2596,1.2179,-9.1365,0.0012,-0.9839,-0.0062,0.1784
2026-05-08T19:37:03.847,-9.2830,1.2179,-9.1991,0.0011,-0.9839,-0.0062,0.1784
2026-05-08T19:37:03.862,-9.3093,1.2180,-9.2693,0.0010,-0.9839,-0.0062,0.1785
2026-05-08T19:37:03.876,-9.3345,1.2180,-9.3366,0.0008,-0.9839,-0.0063,0.1784
2026-05-08T19:37:03.890,-9.3604,1.2180,-9.4056,0.0006,-0.9839,-0.0063,0.1784
2026-05-08T19:37:03.904,-9.3856,1.2180,-9.4731,0.0006,-0.9839,-0.0064,0.1784
2026-05-08T19:37:03.918,-9.4105,1.2181,-9.5395,0.0004,-0.9839,-0.0064,0.1784
2026-05-08T19:37:03.934,-9.4353,1.2181,-9.6056,0.0004,-0.9839,-0.0066,0.1784
2026-05-08T19:37:03.948,-9.4590,1.2181,-9.6688,0.0004,-0.9839,-0.0065,0.1784
2026-05-08T19:37:03.962,-9.4868,1.2181,-9.7432,0.0005,-0.9840,-0.0065,0.1783
2026-05-08T19:37:03.976,-9.5121,1.2181,-9.8106,0.0006,-0.9840,-0.0065,0.1783
2026-05-08T19:37:03.991,-9.5381,1.2181,-9.8800,0.0007,-0.9840,-0.0065,0.1783
2026-05-08T19:37:04.005,-9.5619,1.2181,-9.9435,0.0007,-0.9840,-0.0065,0.1783
2026-05-08T19:37:04.019,-9.5865,1.2181,-10.0094,0.0006,-0.9840,-0.0066,0.1783
2026-05-08T19:37:04.033,-9.6094,1.2181,-10.0705,0.0006,-0.9846,-0.0066,0.1749
2026-05-08T19:37:04.047,-9.6317,1.2182,-10.1316,0.0006,-0.9852,-0.0067,0.1712
2026-05-08T19:37:04.061,-9.6555,1.2182,-10.1981,0.0006,-0.9860,-0.0067,0.1666
2026-05-08T19:37:04.076,-9.6765,1.2182,-10.2572,0.0006,-0.9867,-0.0068,0.1625
2026-05-08T19:37:04.090,-9.6978,1.2182,-10.3202,0.0006,-0.9874,-0.0068,0.1581
2026-05-08T19:37:04.104,-9.7174,1.2182,-10.3799,0.0006,-0.9881,-0.0069,0.1537
2026-05-08T19:37:04.116,-9.7374,1.2182,-10.4427,0.0007,-0.9889,-0.0069,0.1486
2026-05-08T19:37:04.130,-9.7562,1.2182,-10.5019,0.0006,-0.9896,-0.0070,0.1436
2026-05-08T19:37:04.149,-9.7709,1.2183,-10.5516,0.0007,-0.9902,-0.0070,0.1393
2026-05-08T19:37:04.163,-9.7883,1.2183,-10.6123,0.0009,-0.9910,-0.0070,0.1337
2026-05-08T19:37:04.177,-9.8087,1.2183,-10.6864,0.0011,-0.9919,-0.0070,0.1265
2026-05-08T19:37:04.191,-9.8247,1.2182,-10.7449,0.0015,-0.9927,-0.0068,0.1208
2026-05-08T19:37:04.207,-9.8384,1.2182,-10.8005,0.0018,-0.9933,-0.0068,0.1153
2026-05-08T19:37:04.220,-9.8524,1.2182,-10.8600,0.0021,-0.9940,-0.0068,0.1093
2026-05-08T19:37:04.234,-9.8671,1.2181,-10.9228,0.0025,-0.9947,-0.0068,0.1030
2026-05-08T19:37:04.248,-9.8780,1.2181,-10.9746,0.0026,-0.9952,-0.0068,0.0976
2026-05-08T19:37:04.261,-9.8900,1.2181,-11.0350,0.0027,-0.9958,-0.0068,0.0912
2026-05-08T19:37:04.275,-9.9010,1.2181,-11.0911,0.0028,-0.9963,-0.0068,0.0851
2026-05-08T19:37:04.290,-9.9104,1.2182,-11.1461,0.0028,-0.9968,-0.0068,0.0791
2026-05-08T19:37:04.304,-9.9194,1.2181,-11.2024,0.0028,-0.9973,-0.0068,0.0728
2026-05-08T19:37:04.317,-9.9280,1.2181,-11.2613,0.0028,-0.9978,-0.0068,0.0665
2026-05-08T19:37:04.332,-9.9364,1.2181,-11.3190,0.0028,-0.9982,-0.0069,0.0601
2026-05-08T19:37:04.345,-9.9428,1.2181,-11.3722,0.0027,-0.9985,-0.0070,0.0540
2026-05-08T19:37:04.359,-9.9490,1.2181,-11.4296,0.0025,-0.9989,-0.0073,0.0473
2026-05-08T19:37:04.373,-9.9550,1.2181,-11.4866,0.0026,-0.9991,-0.0072,0.0407
2026-05-08T19:37:04.387,-9.9594,1.2181,-11.5410,0.0026,-0.9994,-0.0072,0.0344
2026-05-08T19:37:04.401,-9.9634,1.2181,-11.5985,0.0026,-0.9996,-0.0073,0.0277
2026-05-08T19:37:04.415,-9.9671,1.2181,-11.6547,0.0027,-0.9997,-0.0074,0.0211
2026-05-08T19:37:04.429,-9.9695,1.2181,-11.7109,0.0027,-0.9999,-0.0074,0.0146
2026-05-08T19:37:04.443,-9.9712,1.2180,-11.7672,0.0028,-0.9999,-0.0074,0.0079
2026-05-08T19:37:04.456,-9.9720,1.2180,-11.8225,0.0030,-1.0000,-0.0074,0.0014
2026-05-08T19:37:04.471,-9.9728,1.2180,-11.8773,0.0031,-1.0000,-0.0073,-0.0049
2026-05-08T19:37:04.484,-9.9723,1.2180,-11.9309,0.0031,-0.9999,-0.0072,-0.0112
2026-05-08T19:37:04.498,-9.9710,1.2180,-11.9888,0.0032,-0.9998,-0.0072,-0.0180
2026-05-08T19:37:04.512,-9.9696,1.2180,-12.0434,0.0032,-0.9997,-0.0073,-0.0246
2026-05-08T19:37:04.526,-9.9669,1.2181,-12.0976,0.0032,-0.9995,-0.0073,-0.0311
2026-05-08T19:37:04.540,-9.9634,1.2181,-12.1549,0.0031,-0.9992,-0.0073,-0.0380
2026-05-08T19:37:04.554,-9.9599,1.2181,-12.2095,0.0031,-0.9990,-0.0072,-0.0447
2026-05-08T19:37:04.568,-9.9550,1.2181,-12.2634,0.0032,-0.9987,-0.0072,-0.0513
2026-05-08T19:37:04.582,-9.9493,1.2181,-12.3190,0.0033,-0.9983,-0.0071,-0.0583
2026-05-08T19:37:04.596,-9.9434,1.2181,-12.3749,0.0034,-0.9978,-0.0071,-0.0653
2026-05-08T19:37:04.610,-9.9365,1.2181,-12.4274,0.0035,-0.9974,-0.0070,-0.0719
2026-05-08T19:37:04.624,-9.9287,1.2180,-12.4814,0.0035,-0.9968,-0.0069,-0.0790
2026-05-08T19:37:04.637,-9.9204,1.2180,-12.5336,0.0036,-0.9963,-0.0069,-0.0861
2026-05-08T19:37:04.651,-9.9121,1.2180,-12.5849,0.0037,-0.9956,-0.0068,-0.0933
2026-05-08T19:37:04.665,-9.9031,1.2180,-12.6328,0.0038,-0.9949,-0.0068,-0.1002
2026-05-08T19:37:04.678,-9.8927,1.2180,-12.6838,0.0038,-0.9942,-0.0068,-0.1074
2026-05-08T19:37:04.693,-9.8825,1.2180,-12.7337,0.0039,-0.9933,-0.0068,-0.1149
2026-05-08T19:37:04.707,-9.8713,1.2180,-12.7817,0.0040,-0.9925,-0.0069,-0.1223
2026-05-08T19:37:04.720,-9.8589,1.2180,-12.8310,0.0041,-0.9915,-0.0068,-0.1302
2026-05-08T19:37:04.734,-9.8469,1.2179,-12.8787,0.0042,-0.9904,-0.0069,-0.1378
2026-05-08T19:37:04.749,-9.8345,1.2179,-12.9225,0.0043,-0.9894,-0.0069,-0.1450
2026-05-08T19:37:04.762,-9.8198,1.2179,-12.9715,0.0044,-0.9881,-0.0070,-0.1533
2026-05-08T19:37:04.775,-9.8051,1.2179,-13.0180,0.0045,-0.9869,-0.0069,-0.1613
2026-05-08T19:37:04.790,-9.7911,1.2179,-13.0617,0.0048,-0.9856,-0.0068,-0.1687
2026-05-08T19:37:04.804,-9.7754,1.2179,-13.1064,0.0050,-0.9842,-0.0067,-0.1767
2026-05-08T19:37:04.817,-9.7588,1.2178,-13.1513,0.0051,-0.9827,-0.0067,-0.1848
2026-05-08T19:37:04.831,-9.7422,1.2178,-13.1959,0.0052,-0.9812,-0.0066,-0.1929
2026-05-08T19:37:04.846,-9.7253,1.2178,-13.2372,0.0053,-0.9797,-0.0066,-0.2005
2026-05-08T19:37:04.859,-9.7063,1.2178,-13.2816,0.0055,-0.9779,-0.0065,-0.2088
2026-05-08T19:37:04.874,-9.6874,1.2178,-13.3257,0.0055,-0.9761,-0.0061,-0.2170
2026-05-08T19:37:04.887,-9.6679,1.2178,-13.3673,0.0057,-0.9744,-0.0061,-0.2246
2026-05-08T19:37:04.900,-9.6468,1.2178,-13.4106,0.0057,-0.9725,-0.0060,-0.2330
2026-05-08T19:37:04.914,-9.6277,1.2178,-13.4498,0.0057,-0.9706,-0.0060,-0.2404
2026-05-08T19:37:04.928,-9.6066,1.2178,-13.4899,0.0057,-0.9687,-0.0061,-0.2481
2026-05-08T19:37:04.942,-9.5836,1.2178,-13.5318,0.0057,-0.9666,-0.0060,-0.2562
2026-05-08T19:37:04.956,-9.5607,1.2178,-13.5720,0.0058,-0.9645,-0.0059,-0.2640
2026-05-08T19:37:04.970,-9.5378,1.2178,-13.6121,0.0059,-0.9623,-0.0058,-0.2717
2026-05-08T19:37:04.984,-9.5143,1.2178,-13.6504,0.0060,-0.9602,-0.0059,-0.2793
2026-05-08T19:37:04.997,-9.4870,1.2177,-13.6933,0.0059,-0.9576,-0.0058,-0.2880
2026-05-08T19:37:05.011,-9.4643,1.2177,-13.7290,0.0060,-0.9555,-0.0058,-0.2950
2026-05-08T19:37:05.025,-9.4386,1.2177,-13.7666,0.0060,-0.9531,-0.0058,-0.3026
2026-05-08T19:37:05.039,-9.4115,1.2177,-13.8051,0.0060,-0.9506,-0.0058,-0.3103
2026-05-08T19:37:05.053,-9.3825,1.2177,-13.8459,0.0061,-0.9481,-0.0057,-0.3178
2026-05-08T19:37:05.067,-9.3526,1.2177,-13.8856,0.0060,-0.9457,-0.0056,-0.3250
2026-05-08T19:37:05.081,-9.3213,1.2176,-13.9258,0.0060,-0.9432,-0.0055,-0.3321
2026-05-08T19:37:05.096,-9.2870,1.2176,-13.9696,0.0061,-0.9407,-0.0054,-0.3392
2026-05-08T19:37:05.110,-9.2538,1.2175,-14.0098,0.0060,-0.9382,-0.0055,-0.3459
2026-05-08T19:37:05.124,-9.2159,1.2176,-14.0541,0.0060,-0.9358,-0.0048,-0.3525
2026-05-08T19:37:05.138,-9.1791,1.2176,-14.0960,0.0058,-0.9334,-0.0052,-0.3588
2026-05-08T19:37:05.153,-9.1413,1.2175,-14.1387,0.0058,-0.9311,-0.0053,-0.3648
2026-05-08T19:37:05.167,-9.1023,1.2175,-14.1808,0.0059,-0.9288,-0.0052,-0.3704
2026-05-08T19:37:05.182,-9.0612,1.2175,-14.2241,0.0059,-0.9266,-0.0052,-0.3759
2026-05-08T19:37:05.197,-9.0172,1.2175,-14.2703,0.0059,-0.9243,-0.0051,-0.3816
2026-05-08T19:37:05.213,-8.9715,1.2175,-14.3161,0.0060,-0.9220,-0.0051,-0.3871
2026-05-08T19:37:05.230,-8.9237,1.2176,-14.3631,0.0060,-0.9197,-0.0050,-0.3925
2026-05-08T19:37:05.245,-8.8730,1.2176,-14.4117,0.0060,-0.9175,-0.0049,-0.3976
2026-05-08T19:37:05.260,-8.8177,1.2176,-14.4636,0.0061,-0.9152,-0.0048,-0.4030
2026-05-08T19:37:05.275,-8.7667,1.2176,-14.5110,0.0061,-0.9133,-0.0047,-0.4072
2026-05-08T19:37:05.290,-8.7152,1.2176,-14.5574,0.0062,-0.9116,-0.0048,-0.4110
2026-05-08T19:37:05.304,-8.6691,1.2176,-14.5981,0.0062,-0.9116,-0.0048,-0.4110
2026-05-08T19:37:05.318,-8.6308,1.2175,-14.6319,0.0063,-0.9116,-0.0048,-0.4109
2026-05-08T19:37:05.333,-8.5964,1.2175,-14.6623,0.0063,-0.9116,-0.0048,-0.4109
2026-05-08T19:37:05.348,-8.5724,1.2175,-14.6835,0.0063,-0.9128,-0.0049,-0.4083
2026-05-08T19:37:05.363,-8.5463,1.2175,-14.7069,0.0063,-0.9152,-0.0050,-0.4029
2026-05-08T19:37:05.379,-8.5161,1.2175,-14.7337,0.0061,-0.9191,-0.0050,-0.3940
2026-05-08T19:37:05.395,-8.4936,1.2175,-14.7552,0.0060,-0.9233,-0.0052,-0.3839
2026-05-08T19:37:05.410,-8.4719,1.2176,-14.7767,0.0059,-0.9276,-0.0054,-0.3735
2026-05-08T19:37:05.425,-8.4509,1.2176,-14.7985,0.0058,-0.9322,-0.0055,-0.3619
2026-05-08T19:37:05.439,-8.4342,1.2176,-14.8167,0.0057,-0.9359,-0.0056,-0.3521
2026-05-08T19:37:05.454,-8.4182,1.2176,-14.8336,0.0056,-0.9398,-0.0057,-0.3416
2026-05-08T19:37:05.469,-8.4041,1.2176,-14.8504,0.0055,-0.9433,-0.0058,-0.3318
2026-05-08T19:37:05.483,-8.3901,1.2177,-14.8678,0.0055,-0.9469,-0.0058,-0.3215
2026-05-08T19:37:05.498,-8.3765,1.2177,-14.8855,0.0055,-0.9503,-0.0058,-0.3112
2026-05-08T19:37:05.512,-8.3631,1.2177,-14.9021,0.0055,-0.9536,-0.0057,-0.3009
2026-05-08T19:37:05.527,-8.3504,1.2177,-14.9202,0.0055,-0.9568,-0.0058,-0.2905
2026-05-08T19:37:05.540,-8.3380,1.2177,-14.9387,0.0053,-0.9600,-0.0059,-0.2800
2026-05-08T19:37:05.555,-8.3257,1.2178,-14.9560,0.0051,-0.9629,-0.0061,-0.2697
2026-05-08T19:37:05.569,-8.3148,1.2178,-14.9740,0.0049,-0.9656,-0.0062,-0.2598
2026-05-08T19:37:05.584,-8.3040,1.2178,-14.9925,0.0048,-0.9683,-0.0062,-0.2496
2026-05-08T19:37:05.598,-8.2933,1.2178,-15.0119,0.0048,-0.9710,-0.0062,-0.2390
2026-05-08T19:37:05.613,-8.2826,1.2178,-15.0303,0.0046,-0.9735,-0.0061,-0.2285
2026-05-08T19:37:05.627,-8.2730,1.2178,-15.0496,0.0047,-0.9759,-0.0062,-0.2183
2026-05-08T19:37:05.640,-8.2633,1.2178,-15.0702,0.0045,-0.9782,-0.0063,-0.2074
2026-05-08T19:37:05.654,-8.2541,1.2178,-15.0884,0.0044,-0.9803,-0.0064,-0.1973
2026-05-08T19:37:05.669,-8.2461,1.2178,-15.1074,0.0044,-0.9823,-0.0064,-0.1873
2026-05-08T19:37:05.683,-8.2383,1.2178,-15.1270,0.0043,-0.9842,-0.0065,-0.1771
2026-05-08T19:37:05.696,-8.2304,1.2178,-15.1484,0.0043,-0.9861,-0.0065,-0.1662
2026-05-08T19:37:05.710,-8.2229,1.2177,-15.1669,0.0043,-0.9877,-0.0064,-0.1561
2026-05-08T19:37:05.734,-8.2165,1.2177,-15.1866,0.0043,-0.9893,-0.0063,-0.1458
2026-05-08T19:37:05.749,-8.2110,1.2177,-15.2053,0.0044,-0.9908,-0.0062,-0.1353
2026-05-08T19:37:05.762,-8.2028,1.2177,-15.2349,0.0044,-0.9931,-0.0063,-0.1170
2026-05-08T19:37:05.776,-8.1988,1.2177,-15.2516,0.0042,-0.9943,-0.0063,-0.1061
2026-05-08T19:37:05.790,-8.1948,1.2177,-15.2656,0.0042,-0.9954,-0.0064,-0.0956
2026-05-08T19:37:05.804,-8.1920,1.2177,-15.2798,0.0040,-0.9963,-0.0064,-0.0853
2026-05-08T19:37:05.817,-8.1895,1.2176,-15.2942,0.0039,-0.9972,-0.0065,-0.0746
2026-05-08T19:37:05.832,-8.1865,1.2176,-15.3078,0.0038,-0.9979,-0.0065,-0.0640
2026-05-08T19:37:05.846,-8.1847,1.2176,-15.3218,0.0037,-0.9985,-0.0066,-0.0537
2026-05-08T19:37:05.859,-8.1831,1.2176,-15.3366,0.0037,-0.9991,-0.0066,-0.0426
2026-05-08T19:37:05.873,-8.1809,1.2176,-15.3508,0.0037,-0.9995,-0.0066,-0.0315
2026-05-08T19:37:05.888,-8.1801,1.2176,-15.3633,0.0036,-0.9997,-0.0066,-0.0221
2026-05-08T19:37:05.901,-8.1795,1.2176,-15.3785,0.0036,-0.9999,-0.0066,-0.0108
2026-05-08T19:37:05.916,-8.1782,1.2176,-15.3926,0.0036,-1.0000,-0.0066,0.0002
2026-05-08T19:37:05.929,-8.1782,1.2176,-15.4067,0.0035,-0.9999,-0.0065,0.0107
2026-05-08T19:37:05.943,-8.1786,1.2176,-15.4218,0.0035,-0.9997,-0.0065,0.0220
2026-05-08T19:37:05.957,-8.1792,1.2176,-15.4369,0.0035,-0.9994,-0.0066,0.0333
2026-05-08T19:37:05.971,-8.1790,1.2176,-15.4493,0.0035,-0.9991,-0.0066,0.0429
2026-05-08T19:37:05.985,-8.1802,1.2176,-15.4631,0.0034,-0.9986,-0.0067,0.0532
2026-05-08T19:37:05.999,-8.1817,1.2176,-15.4777,0.0034,-0.9979,-0.0067,0.0641
2026-05-08T19:37:06.013,-8.1826,1.2175,-15.4924,0.0032,-0.9972,-0.0068,0.0747
2026-05-08T19:37:06.027,-8.1852,1.2175,-15.5097,0.0031,-0.9963,-0.0069,0.0853
2026-05-08T19:37:06.040,-8.1889,1.2175,-15.5312,0.0030,-0.9954,-0.0070,0.0958
2026-05-08T19:37:06.054,-8.1926,1.2175,-15.5553,0.0029,-0.9944,-0.0070,0.1059
2026-05-08T19:37:06.068,-8.1989,1.2175,-15.5847,0.0028,-0.9933,-0.0071,0.1155
2026-05-08T19:37:06.082,-8.2074,1.2175,-15.6208,0.0028,-0.9922,-0.0070,0.1244
2026-05-08T19:37:06.096,-8.2174,1.2175,-15.6634,0.0027,-0.9911,-0.0070,0.1329
2026-05-08T19:37:06.110,-8.2310,1.2176,-15.7131,0.0026,-0.9902,-0.0070,0.1396
2026-05-08T19:37:06.123,-8.2478,1.2176,-15.7716,0.0025,-0.9893,-0.0070,0.1460
2026-05-08T19:37:06.138,-8.2651,1.2176,-15.8290,0.0026,-0.9885,-0.0070,0.1511
2026-05-08T19:37:06.151,-8.2830,1.2176,-15.8879,0.0027,-0.9880,-0.0070,0.1544
2026-05-08T19:37:06.166,-8.3040,1.2176,-15.9533,0.0028,-0.9875,-0.0069,0.1573
2026-05-08T19:37:06.179,-8.3246,1.2176,-16.0163,0.0028,-0.9875,-0.0068,0.1574
2026-05-08T19:37:06.193,-8.3464,1.2176,-16.0830,0.0026,-0.9875,-0.0069,0.1574
2026-05-08T19:37:06.207,-8.3671,1.2176,-16.1463,0.0025,-0.9875,-0.0069,0.1574
2026-05-08T19:37:06.221,-8.3893,1.2176,-16.2142,0.0024,-0.9875,-0.0068,0.1574
2026-05-08T19:37:06.236,-8.4105,1.2176,-16.2792,0.0024,-0.9875,-0.0067,0.1575
2026-05-08T19:37:06.249,-8.4312,1.2176,-16.3425,0.0024,-0.9875,-0.0067,0.1575
2026-05-08T19:37:06.263,-8.4557,1.2176,-16.4172,0.0024,-0.9875,-0.0067,0.1575
2026-05-08T19:37:06.277,-8.4938,1.2176,-16.4628,0.0023,-0.9875,-0.0068,0.1574
2026-05-08T19:37:06.291,-8.5205,1.2176,-16.5241,0.0022,-0.9875,-0.0068,0.1574
2026-05-08T19:37:06.305,-8.5426,1.2176,-16.5919,0.0022,-0.9875,-0.0067,0.1572
2026-05-08T19:37:06.318,-8.5636,1.2176,-16.6564,0.0022,-0.9875,-0.0068,0.1571
2026-05-08T19:37:06.332,-8.5868,1.2176,-16.7274,0.0022,-0.9876,-0.0068,0.1571
2026-05-08T19:37:06.346,-8.6056,1.2176,-16.7850,0.0022,-0.9876,-0.0068,0.1570
2026-05-08T19:37:06.360,-8.6280,1.2176,-16.8537,0.0023,-0.9876,-0.0068,0.1569
2026-05-08T19:37:06.374,-8.6490,1.2176,-16.9180,0.0023,-0.9876,-0.0068,0.1569
2026-05-08T19:37:06.388,-8.6704,1.2176,-16.9837,0.0025,-0.9876,-0.0068,0.1569
2026-05-08T19:37:06.402,-8.6938,1.2176,-17.0556,0.0025,-0.9876,-0.0067,0.1570
2026-05-08T19:37:06.415,-8.7147,1.2176,-17.1196,0.0025,-0.9876,-0.0066,0.1570
2026-05-08T19:37:06.429,-8.7364,1.2177,-17.1861,0.0024,-0.9876,-0.0066,0.1570
2026-05-08T19:37:06.443,-8.7570,1.2177,-17.2493,0.0023,-0.9876,-0.0066,0.1570
2026-05-08T19:37:06.457,-8.7783,1.2177,-17.3145,0.0023,-0.9876,-0.0066,0.1569
2026-05-08T19:37:06.471,-8.7997,1.2177,-17.3804,0.0021,-0.9876,-0.0066,0.1568
2026-05-08T19:37:06.484,-8.8204,1.2177,-17.4439,0.0020,-0.9876,-0.0066,0.1568
2026-05-08T19:37:06.498,-8.8432,1.2177,-17.5138,0.0020,-0.9876,-0.0066,0.1568
2026-05-08T19:37:06.513,-8.8626,1.2177,-17.5735,0.0020,-0.9876,-0.0066,0.1568
2026-05-08T19:37:06.527,-8.8837,1.2177,-17.6381,0.0021,-0.9876,-0.0066,0.1567
2026-05-08T19:37:06.540,-8.9064,1.2177,-17.7081,0.0022,-0.9876,-0.0065,0.1567
2026-05-08T19:37:06.555,-8.9280,1.2177,-17.7742,0.0022,-0.9876,-0.0065,0.1566
2026-05-08T19:37:06.569,-8.9493,1.2177,-17.8397,0.0022,-0.9876,-0.0065,0.1566
2026-05-08T19:37:06.582,-8.9708,1.2177,-17.9057,0.0024,-0.9880,-0.0065,0.1544
2026-05-08T19:37:06.595,-8.9919,1.2177,-17.9717,0.0024,-0.9885,-0.0064,0.1512
2026-05-08T19:37:06.610,-9.0108,1.2177,-18.0311,0.0025,-0.9890,-0.0065,0.1481
2026-05-08T19:37:06.624,-9.0289,1.2177,-18.0899,0.0026,-0.9895,-0.0065,0.1443
2026-05-08T19:37:06.637,-9.0484,1.2177,-18.1555,0.0028,-0.9901,-0.0065,0.1399
2026-05-08T19:37:06.651,-9.0665,1.2176,-18.2169,0.0030,-0.9907,-0.0066,0.1358
2026-05-08T19:37:06.665,-9.0829,1.2176,-18.2754,0.0033,-0.9913,-0.0066,0.1317
2026-05-08T19:37:06.679,-9.0996,1.2176,-18.3370,0.0034,-0.9918,-0.0066,0.1275
2026-05-08T19:37:06.693,-9.1162,1.2176,-18.3993,0.0037,-0.9924,-0.0066,0.1230
2026-05-08T19:37:06.707,-9.1324,1.2175,-18.4636,0.0038,-0.9929,-0.0066,0.1185
2026-05-08T19:37:06.721,-9.1473,1.2175,-18.5250,0.0039,-0.9935,-0.0067,0.1140
2026-05-08T19:37:06.735,-9.1626,1.2175,-18.5889,0.0040,-0.9940,-0.0065,0.1094
2026-05-08T19:37:06.749,-9.1757,1.2175,-18.6474,0.0042,-0.9944,-0.0066,0.1051
2026-05-08T19:37:06.763,-9.1895,1.2175,-18.7120,0.0042,-0.9949,-0.0066,0.1002
2026-05-08T19:37:06.777,-9.2019,1.2175,-18.7727,0.0043,-0.9954,-0.0065,0.0955
2026-05-08T19:37:06.790,-9.2147,1.2175,-18.8357,0.0043,-0.9959,-0.0065,0.0904
2026-05-08T19:37:06.804,-9.2254,1.2175,-18.8940,0.0045,-0.9963,-0.0065,0.0857
2026-05-08T19:37:06.818,-9.2357,1.2175,-18.9535,0.0046,-0.9967,-0.0063,0.0808
2026-05-08T19:37:06.833,-9.2462,1.2175,-19.0141,0.0046,-0.9971,-0.0062,0.0757
2026-05-08T19:37:06.846,-9.2549,1.2176,-19.0712,0.0045,-0.9975,-0.0061,0.0705
2026-05-08T19:37:06.860,-9.2639,1.2176,-19.1343,0.0044,-0.9979,-0.0061,0.0646
2026-05-08T19:37:06.874,-9.2719,1.2177,-19.1913,0.0040,-0.9982,-0.0062,0.0590
2026-05-08T19:37:06.888,-9.2785,1.2177,-19.2474,0.0041,-0.9986,-0.0061,0.0531
2026-05-08T19:37:06.902,-9.2850,1.2177,-19.3074,0.0040,-0.9989,-0.0060,0.0467
2026-05-08T19:37:06.916,-9.2907,1.2177,-19.3619,0.0041,-0.9992,-0.0059,0.0402
2026-05-08T19:37:06.930,-9.2949,1.2177,-19.4142,0.0041,-0.9994,-0.0058,0.0336
2026-05-08T19:37:06.944,-9.2985,1.2177,-19.4680,0.0042,-0.9996,-0.0057,0.0260
2026-05-08T19:37:06.957,-9.3012,1.2177,-19.5199,0.0042,-0.9998,-0.0058,0.0185
2026-05-08T19:37:06.972,-9.3037,1.2177,-19.5708,0.0042,-0.9999,-0.0058,0.0106
2026-05-08T19:37:06.986,-9.3047,1.2177,-19.6143,0.0041,-1.0000,-0.0059,0.0034
2026-05-08T19:37:06.999,-9.3050,1.2176,-19.6660,0.0043,-1.0000,-0.0059,-0.0055
2026-05-08T19:37:07.013,-9.3053,1.2176,-19.7118,0.0044,-0.9999,-0.0059,-0.0137
2026-05-08T19:37:07.027,-9.3041,1.2176,-19.7564,0.0045,-0.9997,-0.0057,-0.0218
2026-05-08T19:37:07.041,-9.3021,1.2176,-19.8037,0.0046,-0.9995,-0.0057,-0.0306
2026-05-08T19:37:07.055,-9.3001,1.2175,-19.8483,0.0048,-0.9992,-0.0057,-0.0390
2026-05-08T19:37:07.069,-9.2968,1.2175,-19.8919,0.0049,-0.9988,-0.0057,-0.0475
2026-05-08T19:37:07.083,-9.2929,1.2175,-19.9324,0.0049,-0.9984,-0.0056,-0.0554
2026-05-08T19:37:07.096,-9.2881,1.2175,-19.9753,0.0049,-0.9979,-0.0056,-0.0643
2026-05-08T19:37:07.111,-9.2834,1.2175,-20.0187,0.0048,-0.9973,-0.0055,-0.0733
2026-05-08T19:37:07.124,-9.2776,1.2176,-20.0577,0.0048,-0.9966,-0.0055,-0.0816
2026-05-08T19:37:07.138,-9.2704,1.2176,-20.1012,0.0048,-0.9958,-0.0055,-0.0908
2026-05-08T19:37:07.152,-9.2642,1.2176,-20.1396,0.0048,-0.9951,-0.0054,-0.0988
2026-05-08T19:37:07.167,-9.2561,1.2176,-20.1805,0.0048,-0.9942,-0.0054,-0.1076
2026-05-08T19:37:07.180,-9.2473,1.2176,-20.2206,0.0049,-0.9932,-0.0053,-0.1163
2026-05-08T19:37:07.193,-9.2380,1.2176,-20.2634,0.0050,-0.9921,-0.0053,-0.1255
2026-05-08T19:37:07.207,-9.2284,1.2176,-20.3009,0.0050,-0.9910,-0.0052,-0.1337
2026-05-08T19:37:07.221,-9.2177,1.2176,-20.3396,0.0050,-0.9898,-0.0052,-0.1421
2026-05-08T19:37:07.235,-9.2067,1.2176,-20.3801,0.0052,-0.9885,-0.0052,-0.1510
2026-05-08T19:37:07.249,-9.1948,1.2176,-20.4180,0.0052,-0.9872,-0.0051,-0.1593
2026-05-08T19:37:07.263,-9.1809,1.2176,-20.4602,0.0052,-0.9857,-0.0051,-0.1686
2026-05-08T19:37:07.277,-9.1677,1.2176,-20.4976,0.0052,-0.9842,-0.0051,-0.1769
2026-05-08T19:37:07.291,-9.1536,1.2176,-20.5377,0.0053,-0.9826,-0.0051,-0.1857
2026-05-08T19:37:07.305,-9.1391,1.2176,-20.5744,0.0054,-0.9810,-0.0051,-0.1940
2026-05-08T19:37:07.318,-9.1232,1.2176,-20.6130,0.0055,-0.9792,-0.0051,-0.2027
2026-05-08T19:37:07.333,-9.1071,1.2176,-20.6523,0.0056,-0.9773,-0.0051,-0.2115
2026-05-08T19:37:07.347,-9.0910,1.2176,-20.6875,0.0056,-0.9756,-0.0051,-0.2195
2026-05-08T19:37:07.361,-9.0716,1.2176,-20.7284,0.0056,-0.9734,-0.0051,-0.2290
2026-05-08T19:37:07.375,-9.0537,1.2176,-20.7663,0.0056,-0.9713,-0.0052,-0.2375
2026-05-08T19:37:07.388,-9.0348,1.2176,-20.8025,0.0056,-0.9693,-0.0052,-0.2458
2026-05-08T19:37:07.402,-9.0143,1.2177,-20.8403,0.0056,-0.9671,-0.0052,-0.2542
2026-05-08T19:37:07.416,-8.9942,1.2177,-20.8776,0.0057,-0.9651,-0.0052,-0.2619
2026-05-08T19:37:07.430,-8.9713,1.2177,-20.9166,0.0057,-0.9629,-0.0052,-0.2699
2026-05-08T19:37:07.443,-8.9468,1.2177,-20.9568,0.0057,-0.9606,-0.0052,-0.2779
2026-05-08T19:37:07.457,-8.9207,1.2177,-20.9980,0.0057,-0.9583,-0.0052,-0.2858
2026-05-08T19:37:07.471,-8.8970,1.2177,-21.0356,0.0057,-0.9562,-0.0052,-0.2927
2026-05-08T19:37:07.485,-8.8694,1.2177,-21.0766,0.0058,-0.9539,-0.0050,-0.3000
2026-05-08T19:37:07.498,-8.8401,1.2177,-21.1185,0.0059,-0.9516,-0.0048,-0.3073
2026-05-08T19:37:07.512,-8.8116,1.2177,-21.1592,0.0059,-0.9494,-0.0047,-0.3140
2026-05-08T19:37:07.527,-8.7816,1.2177,-21.1997,0.0059,-0.9472,-0.0047,-0.3207
2026-05-08T19:37:07.540,-8.7492,1.2178,-21.2420,0.0059,-0.9448,-0.0047,-0.3275
2026-05-08T19:37:07.554,-8.7153,1.2178,-21.2862,0.0059,-0.9425,-0.0047,-0.3340
2026-05-08T19:37:07.568,-8.6832,1.2178,-21.3259,0.0059,-0.9405,-0.0047,-0.3398
2026-05-08T19:37:07.582,-8.6460,1.2178,-21.3706,0.0059,-0.9381,-0.0046,-0.3462
2026-05-08T19:37:07.596,-8.6088,1.2178,-21.4151,0.0060,-0.9360,-0.0046,-0.3520
2026-05-08T19:37:07.610,-8.5720,1.2178,-21.4571,0.0060,-0.9338,-0.0046,-0.3576
2026-05-08T19:37:07.624,-8.5314,1.2178,-21.5022,0.0060,-0.9315,-0.0046,-0.3637
2026-05-08T19:37:07.637,-8.4934,1.2178,-21.5434,0.0061,-0.9293,-0.0046,-0.3691
2026-05-08T19:37:07.651,-8.4534,1.2178,-21.5866,0.0061,-0.9271,-0.0046,-0.3747
2026-05-08T19:37:07.666,-8.4141,1.2178,-21.6274,0.0062,-0.9249,-0.0045,-0.3801
2026-05-08T19:37:07.679,-8.3731,1.2178,-21.6688,0.0062,-0.9226,-0.0045,-0.3856
2026-05-08T19:37:07.693,-8.3306,1.2178,-21.7116,0.0062,-0.9203,-0.0045,-0.3912
2026-05-08T19:37:07.707,-8.2889,1.2178,-21.7518,0.0063,-0.9180,-0.0044,-0.3966
2026-05-08T19:37:07.720,-8.2456,1.2177,-21.7926,0.0064,-0.9156,-0.0043,-0.4021
2026-05-08T19:37:07.734,-8.2041,1.2177,-21.8315,0.0065,-0.9133,-0.0042,-0.4072
2026-05-08T19:37:07.749,-8.1628,1.2177,-21.8686,0.0065,-0.9110,-0.0041,-0.4123
2026-05-08T19:37:07.762,-8.1186,1.2178,-21.9074,0.0065,-0.9086,-0.0041,-0.4177
2026-05-08T19:37:07.776,-8.0715,1.2178,-21.9479,0.0064,-0.9059,-0.0042,-0.4234
2026-05-08T19:37:07.790,-8.0288,1.2178,-21.9843,0.0064,-0.9035,-0.0041,-0.4286
2026-05-08T19:37:07.804,-7.9850,1.2178,-22.0201,0.0064,-0.9010,-0.0042,-0.4338
2026-05-08T19:37:07.818,-7.9368,1.2177,-22.0585,0.0064,-0.8982,-0.0042,-0.4394
2026-05-08T19:37:07.831,-7.8905,1.2177,-22.0952,0.0063,-0.8956,-0.0041,-0.4448
2026-05-08T19:37:07.846,-7.8466,1.2177,-22.1285,0.0064,-0.8931,-0.0041,-0.4498
2026-05-08T19:37:07.859,-7.7999,1.2177,-22.1631,0.0064,-0.8904,-0.0041,-0.4551
2026-05-08T19:37:07.873,-7.7502,1.2177,-22.1996,0.0064,-0.8875,-0.0040,-0.4608
2026-05-08T19:37:07.887,-7.7068,1.2177,-22.2302,0.0064,-0.8850,-0.0040,-0.4656
2026-05-08T19:37:07.900,-7.6551,1.2177,-22.2657,0.0065,-0.8819,-0.0039,-0.4713
2026-05-08T19:37:07.915,-7.6088,1.2177,-22.2974,0.0065,-0.8793,-0.0039,-0.4763
2026-05-08T19:37:07.929,-7.5619,1.2177,-22.3280,0.0065,-0.8765,-0.0039,-0.4813
2026-05-08T19:37:07.943,-7.5113,1.2177,-22.3602,0.0065,-0.8736,-0.0039,-0.4866
2026-05-08T19:37:07.956,-7.4599,1.2177,-22.3920,0.0066,-0.8706,-0.0038,-0.4920
2026-05-08T19:37:07.970,-7.4050,1.2177,-22.4258,0.0067,-0.8673,-0.0037,-0.4977
2026-05-08T19:37:07.984,-7.3629,1.2177,-22.4504,0.0067,-0.8648,-0.0037,-0.5020
2026-05-08T19:37:07.997,-7.3075,1.2177,-22.4819,0.0068,-0.8616,-0.0036,-0.5075
2026-05-08T19:37:08.011,-7.2599,1.2176,-22.5089,0.0069,-0.8588,-0.0035,-0.5123
2026-05-08T19:37:08.026,-7.2113,1.2176,-22.5349,0.0069,-0.8559,-0.0035,-0.5171
2026-05-08T19:37:08.040,-7.1587,1.2176,-22.5626,0.0069,-0.8528,-0.0034,-0.5222
2026-05-08T19:37:08.053,-7.1041,1.2176,-22.5911,0.0070,-0.8495,-0.0034,-0.5276
2026-05-08T19:37:08.067,-7.0498,1.2176,-22.6179,0.0071,-0.8463,-0.0033,-0.5327
2026-05-08T19:37:08.081,-7.0002,1.2176,-22.6417,0.0072,-0.8432,-0.0033,-0.5376
2026-05-08T19:37:08.095,-6.9469,1.2176,-22.6671,0.0071,-0.8400,-0.0032,-0.5426
2026-05-08T19:37:08.109,-6.8945,1.2176,-22.6908,0.0072,-0.8367,-0.0032,-0.5476
2026-05-08T19:37:08.123,-6.8386,1.2176,-22.7152,0.0072,-0.8331,-0.0032,-0.5530
2026-05-08T19:37:08.137,-6.7849,1.2176,-22.7378,0.0073,-0.8298,-0.0032,-0.5579
2026-05-08T19:37:08.151,-6.7318,1.2176,-22.7599,0.0073,-0.8266,-0.0030,-0.5627
2026-05-08T19:37:08.164,-6.6789,1.2176,-22.7807,0.0073,-0.8233,-0.0029,-0.5675
2026-05-08T19:37:08.178,-6.6242,1.2176,-22.8015,0.0073,-0.8199,-0.0028,-0.5725
2026-05-08T19:37:08.193,-6.5702,1.2176,-22.8219,0.0072,-0.8165,-0.0029,-0.5773
2026-05-08T19:37:08.206,-6.5151,1.2176,-22.8414,0.0072,-0.8130,-0.0029,-0.5822
2026-05-08T19:37:08.220,-6.4573,1.2176,-22.8610,0.0072,-0.8094,-0.0029,-0.5871
2026-05-08T19:37:08.234,-6.4008,1.2176,-22.8800,0.0072,-0.8060,-0.0028,-0.5919
2026-05-08T19:37:08.248,-6.3468,1.2176,-22.8969,0.0072,-0.8027,-0.0028,-0.5963
2026-05-08T19:37:08.261,-6.2867,1.2175,-22.9150,0.0073,-0.7992,-0.0027,-0.6010
2026-05-08T19:37:08.276,-6.2303,1.2175,-22.9318,0.0073,-0.7959,-0.0026,-0.6053
2026-05-08T19:37:08.290,-6.1739,1.2175,-22.9474,0.0071,-0.7929,-0.0024,-0.6094
2026-05-08T19:37:08.304,-6.1128,1.2175,-22.9637,0.0071,-0.7896,-0.0020,-0.6136
2026-05-08T19:37:08.318,-6.0516,1.2175,-22.9792,0.0071,-0.7864,-0.0020,-0.6177
2026-05-08T19:37:08.333,-5.9851,1.2175,-22.9958,0.0064,-0.7840,-0.0013,-0.6207
2026-05-08T19:37:08.347,-5.9264,1.2175,-23.0097,0.0069,-0.7814,-0.0017,-0.6240
2026-05-08T19:37:08.360,-5.8577,1.2174,-23.0252,0.0069,-0.7783,-0.0017,-0.6278
2026-05-08T19:37:08.375,-5.7972,1.2174,-23.0387,0.0069,-0.7757,-0.0016,-0.6311
2026-05-08T19:37:08.389,-5.7354,1.2174,-23.0516,0.0069,-0.7730,-0.0012,-0.6343
2026-05-08T19:37:08.403,-5.6696,1.2174,-23.0646,0.0067,-0.7702,-0.0012,-0.6377
2026-05-08T19:37:08.417,-5.6061,1.2174,-23.0767,0.0068,-0.7675,-0.0014,-0.6410
2026-05-08T19:37:08.431,-5.5393,1.2174,-23.0891,0.0067,-0.7646,-0.0016,-0.6445
2026-05-08T19:37:08.445,-5.4803,1.2175,-23.0992,0.0067,-0.7620,-0.0019,-0.6476
2026-05-08T19:37:08.458,-5.4114,1.2175,-23.1104,0.0065,-0.7589,-0.0020,-0.6511
2026-05-08T19:37:08.472,-5.3513,1.2175,-23.1200,0.0065,-0.7562,-0.0021,-0.6543
2026-05-08T19:37:08.486,-5.2915,1.2174,-23.1287,0.0066,-0.7535,-0.0022,-0.6574
2026-05-08T19:37:08.500,-5.2273,1.2174,-23.1374,0.0065,-0.7506,-0.0022,-0.6607
2026-05-08T19:37:08.515,-5.1651,1.2174,-23.1456,0.0064,-0.7477,-0.0024,-0.6639
2026-05-08T19:37:08.530,-5.0994,1.2175,-23.1534,0.0063,-0.7447,-0.0022,-0.6673
2026-05-08T19:37:08.547,-5.0306,1.2175,-23.1610,0.0063,-0.7416,-0.0023,-0.6708
2026-05-08T19:37:08.563,-4.9570,1.2175,-23.1684,0.0063,-0.7376,-0.0024,-0.6753
2026-05-08T19:37:08.577,-4.8868,1.2175,-23.1751,0.0064,-0.7334,-0.0025,-0.6797
2026-05-08T19:37:08.592,-4.8141,1.2175,-23.1806,0.0064,-0.7288,-0.0024,-0.6847
2026-05-08T19:37:08.606,-4.7583,1.2175,-23.1840,0.0064,-0.7249,-0.0024,-0.6888
2026-05-08T19:37:08.620,-4.6999,1.2175,-23.1870,0.0065,-0.7205,-0.0025,-0.6934
2026-05-08T19:37:08.636,-4.6425,1.2176,-23.1897,0.0065,-0.7158,-0.0025,-0.6983
2026-05-08T19:37:08.652,-4.5903,1.2176,-23.1909,0.0065,-0.7107,-0.0026,-0.7035
2026-05-08T19:37:08.668,-4.5271,1.2176,-23.1915,0.0065,-0.7042,-0.0026,-0.7100
2026-05-08T19:37:08.682,-4.4737,1.2177,-23.1910,0.0065,-0.6985,-0.0026,-0.7156
2026-05-08T19:37:08.696,-4.4157,1.2177,-23.1896,0.0064,-0.6916,-0.0026,-0.7223
2026-05-08T19:37:08.711,-4.3690,1.2177,-23.1885,0.0065,-0.6856,-0.0024,-0.7280
2026-05-08T19:37:08.727,-4.3238,1.2177,-23.1857,0.0065,-0.6794,-0.0024,-0.7337
2026-05-08T19:37:08.744,-4.2754,1.2177,-23.1819,0.0066,-0.6725,-0.0023,-0.7401
2026-05-08T19:37:08.759,-4.2221,1.2178,-23.1768,0.0066,-0.6647,-0.0023,-0.7471
2026-05-08T19:37:08.775,-4.1752,1.2178,-23.1722,0.0066,-0.6574,-0.0021,-0.7535
2026-05-08T19:37:08.789,-4.1315,1.2178,-23.1661,0.0065,-0.6504,-0.0019,-0.7596
2026-05-08T19:37:08.804,-4.0850,1.2178,-23.1588,0.0064,-0.6427,-0.0019,-0.7661
2026-05-08T19:37:08.818,-4.0428,1.2178,-23.1513,0.0063,-0.6356,-0.0021,-0.7720
2026-05-08T19:37:08.833,-3.9994,1.2179,-23.1436,0.0061,-0.6283,-0.0023,-0.7779
2026-05-08T19:37:08.848,-3.9598,1.2179,-23.1350,0.0060,-0.6214,-0.0026,-0.7834
2026-05-08T19:37:08.863,-3.9143,1.2180,-23.1242,0.0058,-0.6137,-0.0027,-0.7895
2026-05-08T19:37:08.878,-3.8729,1.2180,-23.1145,0.0057,-0.6063,-0.0029,-0.7952
2026-05-08T19:37:08.895,-3.8288,1.2180,-23.1023,0.0058,-0.5983,-0.0031,-0.8012
2026-05-08T19:37:08.911,-3.7846,1.2180,-23.0891,0.0057,-0.5901,-0.0033,-0.8073
2026-05-08T19:37:08.927,-3.7369,1.2181,-23.0738,0.0058,-0.5812,-0.0035,-0.8138
2026-05-08T19:37:08.941,-3.6939,1.2181,-23.0589,0.0058,-0.5730,-0.0037,-0.8195
2026-05-08T19:37:08.956,-3.6483,1.2181,-23.0432,0.0058,-0.5644,-0.0037,-0.8255
2026-05-08T19:37:08.971,-3.6103,1.2181,-23.0283,0.0059,-0.5570,-0.0039,-0.8305
2026-05-08T19:37:08.987,-3.5697,1.2181,-23.0116,0.0059,-0.5491,-0.0040,-0.8358
2026-05-08T19:37:09.003,-3.5277,1.2181,-22.9932,0.0061,-0.5405,-0.0041,-0.8413
2026-05-08T19:37:09.020,-3.4860,1.2181,-22.9751,0.0060,-0.5324,-0.0039,-0.8465
2026-05-08T19:37:09.036,-3.4413,1.2181,-22.9536,0.0060,-0.5234,-0.0038,-0.8521
2026-05-08T19:37:09.052,-3.3955,1.2182,-22.9304,0.0060,-0.5141,-0.0038,-0.8577
2026-05-08T19:37:09.067,-3.3531,1.2182,-22.9077,0.0060,-0.5053,-0.0038,-0.8629
2026-05-08T19:37:09.082,-3.3151,1.2182,-22.8862,0.0060,-0.4973,-0.0039,-0.8675
2026-05-08T19:37:09.098,-3.2731,1.2182,-22.8626,0.0061,-0.4888,-0.0039,-0.8723
2026-05-08T19:37:09.112,-3.2341,1.2182,-22.8387,0.0060,-0.4807,-0.0039,-0.8768
2026-05-08T19:37:09.127,-3.1949,1.2183,-22.8137,0.0061,-0.4726,-0.0038,-0.8812
2026-05-08T19:37:09.142,-3.1561,1.2183,-22.7879,0.0061,-0.4645,-0.0037,-0.8855
2026-05-08T19:37:09.159,-3.1189,1.2183,-22.7633,0.0062,-0.4570,-0.0036,-0.8895
2026-05-08T19:37:09.176,-3.0788,1.2182,-22.7345,0.0061,-0.4488,-0.0035,-0.8936
2026-05-08T19:37:09.191,-3.0325,1.2182,-22.7001,0.0062,-0.4393,-0.0033,-0.8983
2026-05-08T19:37:09.207,-2.9873,1.2182,-22.6649,0.0063,-0.4305,-0.0032,-0.9026
2026-05-08T19:37:09.221,-2.9487,1.2182,-22.6338,0.0063,-0.4231,-0.0031,-0.9061
2026-05-08T19:37:09.236,-2.9047,1.2182,-22.5979,0.0064,-0.4153,-0.0031,-0.9097
2026-05-08T19:37:09.251,-2.8664,1.2182,-22.5647,0.0065,-0.4086,-0.0029,-0.9127
2026-05-08T19:37:09.267,-2.8219,1.2182,-22.5249,0.0065,-0.4008,-0.0028,-0.9161
2026-05-08T19:37:09.284,-2.7807,1.2182,-22.4867,0.0066,-0.3940,-0.0028,-0.9191
2026-05-08T19:37:09.301,-2.7325,1.2183,-22.4418,0.0066,-0.3863,-0.0029,-0.9223
2026-05-08T19:37:09.317,-2.6829,1.2183,-22.3931,0.0067,-0.3794,-0.0028,-0.9252
2026-05-08T19:37:09.334,-2.6321,1.2183,-22.3415,0.0069,-0.3734,-0.0029,-0.9276
2026-05-08T19:37:09.349,-2.5809,1.2183,-22.2883,0.0068,-0.3686,-0.0029,-0.9296
2026-05-08T19:37:09.365,-2.5273,1.2183,-22.2314,0.0068,-0.3635,-0.0029,-0.9316
2026-05-08T19:37:09.380,-2.4813,1.2183,-22.1813,0.0068,-0.3591,-0.0028,-0.9333
2026-05-08T19:37:09.396,-2.4299,1.2183,-22.1252,0.0069,-0.3546,-0.0026,-0.9350
2026-05-08T19:37:09.413,-2.3830,1.2183,-22.0722,0.0067,-0.3509,-0.0024,-0.9364
2026-05-08T19:37:09.431,-2.3325,1.2183,-22.0144,0.0067,-0.3483,-0.0023,-0.9374
2026-05-08T19:37:09.450,-2.2790,1.2183,-21.9525,0.0066,-0.3483,-0.0023,-0.9374
2026-05-08T19:37:09.470,-2.2211,1.2183,-21.8854,0.0066,-0.3483,-0.0025,-0.9374
2026-05-08T19:37:09.486,-2.1547,1.2183,-21.8085,0.0065,-0.3485,-0.0025,-0.9373
2026-05-08T19:37:09.503,-2.0926,1.2183,-21.7367,0.0064,-0.3486,-0.0022,-0.9372
2026-05-08T19:37:09.519,-2.0398,1.2182,-21.6757,0.0064,-0.3487,-0.0022,-0.9372
2026-05-08T19:37:09.537,-1.9857,1.2182,-21.6132,0.0064,-0.3486,-0.0022,-0.9372
2026-05-08T19:37:09.554,-1.9337,1.2182,-21.5530,0.0064,-0.3486,-0.0021,-0.9373
2026-05-08T19:37:09.570,-1.8755,1.2181,-21.4858,0.0064,-0.3487,-0.0018,-0.9372
2026-05-08T19:37:09.586,-1.8195,1.2181,-21.4211,0.0064,-0.3486,-0.0016,-0.9372
2026-05-08T19:37:09.603,-1.7691,1.2181,-21.3628,0.0063,-0.3486,-0.0014,-0.9373
2026-05-08T19:37:09.621,-1.7171,1.2180,-21.3028,0.0064,-0.3511,-0.0014,-0.9363
2026-05-08T19:37:09.638,-1.6612,1.2180,-21.2388,0.0062,-0.3542,-0.0010,-0.9351
2026-05-08T19:37:09.655,-1.6045,1.2179,-21.1748,0.0061,-0.3573,-0.0008,-0.9340
2026-05-08T19:37:09.671,-1.5520,1.2179,-21.1163,0.0061,-0.3600,-0.0008,-0.9329
2026-05-08T19:37:09.687,-1.4978,1.2179,-21.0567,0.0060,-0.3631,-0.0008,-0.9317
2026-05-08T19:37:09.703,-1.4425,1.2179,-20.9965,0.0060,-0.3661,-0.0009,-0.9305
2026-05-08T19:37:09.720,-1.3906,1.2179,-20.9405,0.0060,-0.3692,-0.0010,-0.9293
2026-05-08T19:37:09.737,-1.3367,1.2179,-20.8835,0.0059,-0.3730,-0.0011,-0.9278
2026-05-08T19:37:09.752,-1.2830,1.2179,-20.8276,0.0059,-0.3771,-0.0011,-0.9262
2026-05-08T19:37:09.768,-1.2297,1.2179,-20.7729,0.0059,-0.3815,-0.0011,-0.9243
2026-05-08T19:37:09.784,-1.1742,1.2179,-20.7172,0.0058,-0.3870,-0.0010,-0.9221
2026-05-08T19:37:09.800,-1.1261,1.2178,-20.6701,0.0057,-0.3923,-0.0009,-0.9198
2026-05-08T19:37:09.817,-1.0779,1.2178,-20.6231,0.0057,-0.3983,-0.0009,-0.9172
2026-05-08T19:37:09.834,-1.0322,1.2178,-20.5805,0.0057,-0.4050,-0.0009,-0.9143
2026-05-08T19:37:09.850,-0.9845,1.2178,-20.5373,0.0057,-0.4122,-0.0009,-0.9111
2026-05-08T19:37:09.866,-0.9357,1.2178,-20.4943,0.0057,-0.4203,-0.0010,-0.9073
2026-05-08T19:37:09.883,-0.8926,1.2178,-20.4577,0.0057,-0.4279,-0.0011,-0.9038
2026-05-08T19:37:09.901,-0.8457,1.2178,-20.4183,0.0058,-0.4365,-0.0011,-0.8997
2026-05-08T19:37:09.917,-0.8039,1.2178,-20.3852,0.0058,-0.4447,-0.0013,-0.8956
2026-05-08T19:37:09.933,-0.7570,1.2178,-20.3496,0.0057,-0.4541,-0.0014,-0.8909
2026-05-08T19:37:09.947,-0.7166,1.2178,-20.3202,0.0057,-0.4620,-0.0015,-0.8868
2026-05-08T19:37:09.962,-0.6709,1.2178,-20.2882,0.0057,-0.4711,-0.0017,-0.8821
2026-05-08T19:37:09.978,-0.6336,1.2178,-20.2621,0.0057,-0.4786,-0.0017,-0.8780
2026-05-08T19:37:09.995,-0.5920,1.2179,-20.2353,0.0057,-0.4866,-0.0018,-0.8736
2026-05-08T19:37:10.011,-0.5492,1.2179,-20.2087,0.0056,-0.4946,-0.0018,-0.8691
2026-05-08T19:37:10.027,-0.5015,1.2180,-20.1804,0.0056,-0.5034,-0.0019,-0.8640
2026-05-08T19:37:10.041,-0.4585,1.2180,-20.1560,0.0056,-0.5112,-0.0019,-0.8595
2026-05-08T19:37:10.056,-0.4142,1.2180,-20.1309,0.0056,-0.5195,-0.0017,-0.8545
2026-05-08T19:37:10.071,-0.3722,1.2179,-20.1092,0.0055,-0.5269,-0.0015,-0.8499
2026-05-08T19:37:10.085,-0.3301,1.2180,-20.0882,0.0054,-0.5343,-0.0016,-0.8453
2026-05-08T19:37:10.099,-0.2862,1.2180,-20.0674,0.0053,-0.5418,-0.0019,-0.8405
2026-05-08T19:37:10.114,-0.2450,1.2180,-20.0477,0.0053,-0.5489,-0.0021,-0.8358
2026-05-08T19:37:10.127,-0.2006,1.2180,-20.0284,0.0052,-0.5564,-0.0023,-0.8309
2026-05-08T19:37:10.141,-0.1588,1.2180,-20.0112,0.0052,-0.5634,-0.0024,-0.8262
2026-05-08T19:37:10.156,-0.1184,1.2180,-19.9944,0.0051,-0.5700,-0.0024,-0.8216
2026-05-08T19:37:10.173,-0.0776,1.2180,-19.9791,0.0051,-0.5765,-0.0025,-0.8171
2026-05-08T19:37:10.188,-0.0282,1.2180,-19.9614,0.0052,-0.5838,-0.0027,-0.8119
2026-05-08T19:37:10.204,0.0278,1.2180,-19.9426,0.0051,-0.5913,-0.0028,-0.8065
2026-05-08T19:37:10.217,0.0793,1.2181,-19.9263,0.0051,-0.5977,-0.0029,-0.8017
2026-05-08T19:37:10.233,0.1392,1.2181,-19.9076,0.0051,-0.6034,-0.0030,-0.7974
2026-05-08T19:37:10.246,0.2002,1.2181,-19.8903,0.0051,-0.6060,-0.0031,-0.7955
2026-05-08T19:37:10.259,0.2724,1.2181,-19.8704,0.0052,-0.6058,-0.0032,-0.7956
2026-05-08T19:37:10.274,0.3348,1.2181,-19.8531,0.0052,-0.6058,-0.0032,-0.7956
2026-05-08T19:37:10.288,0.3978,1.2181,-19.8357,0.0052,-0.6058,-0.0032,-0.7956
2026-05-08T19:37:10.303,0.4682,1.2181,-19.8162,0.0052,-0.6058,-0.0032,-0.7956
2026-05-08T19:37:10.319,0.5355,1.2181,-19.7976,0.0051,-0.6058,-0.0032,-0.7956
2026-05-08T19:37:10.334,0.6110,1.2182,-19.7767,0.0051,-0.6058,-0.0034,-0.7956
2026-05-08T19:37:10.348,0.6857,1.2182,-19.7560,0.0051,-0.6058,-0.0036,-0.7956
2026-05-08T19:37:10.362,0.7562,1.2182,-19.7366,0.0050,-0.6036,-0.0037,-0.7973
2026-05-08T19:37:10.377,0.8196,1.2182,-19.7189,0.0050,-0.6013,-0.0037,-0.7990
2026-05-08T19:37:10.393,0.8822,1.2182,-19.7009,0.0050,-0.5988,-0.0037,-0.8009
2026-05-08T19:37:10.409,0.9524,1.2182,-19.6802,0.0050,-0.5959,-0.0037,-0.8031
2026-05-08T19:37:10.424,1.0276,1.2182,-19.6574,0.0051,-0.5927,-0.0035,-0.8054
2026-05-08T19:37:10.438,1.1011,1.2182,-19.6345,0.0051,-0.5896,-0.0035,-0.8077
2026-05-08T19:37:10.453,1.1681,1.2182,-19.6135,0.0052,-0.5868,-0.0034,-0.8097
2026-05-08T19:37:10.467,1.2311,1.2182,-19.5928,0.0052,-0.5840,-0.0033,-0.8117
2026-05-08T19:37:10.482,1.2971,1.2182,-19.5707,0.0052,-0.5811,-0.0032,-0.8138
2026-05-08T19:37:10.497,1.3632,1.2182,-19.5484,0.0053,-0.5780,-0.0032,-0.8160
2026-05-08T19:37:10.511,1.4267,1.2183,-19.5261,0.0054,-0.5749,-0.0032,-0.8182
2026-05-08T19:37:10.526,1.4907,1.2183,-19.5031,0.0054,-0.5716,-0.0032,-0.8205
2026-05-08T19:37:10.540,1.5547,1.2183,-19.4794,0.0055,-0.5681,-0.0032,-0.8229
2026-05-08T19:37:10.554,1.6166,1.2183,-19.4564,0.0056,-0.5648,-0.0031,-0.8252
2026-05-08T19:37:10.569,1.6774,1.2183,-19.4328,0.0057,-0.5614,-0.0030,-0.8275
2026-05-08T19:37:10.583,1.7396,1.2183,-19.4080,0.0057,-0.5578,-0.0029,-0.8299
2026-05-08T19:37:10.598,1.8042,1.2183,-19.3817,0.0057,-0.5540,-0.0029,-0.8325
2026-05-08T19:37:10.612,1.8644,1.2183,-19.3570,0.0058,-0.5505,-0.0028,-0.8348
2026-05-08T19:37:10.626,1.9252,1.2182,-19.3310,0.0058,-0.5468,-0.0028,-0.8373
2026-05-08T19:37:10.640,1.9855,1.2182,-19.3045,0.0058,-0.5432,-0.0028,-0.8396
2026-05-08T19:37:10.655,2.0461,1.2182,-19.2778,0.0059,-0.5396,-0.0027,-0.8419
2026-05-08T19:37:10.671,2.1042,1.2182,-19.2511,0.0059,-0.5359,-0.0026,-0.8443
2026-05-08T19:37:10.686,2.1642,1.2182,-19.2229,0.0059,-0.5321,-0.0026,-0.8467
2026-05-08T19:37:10.701,2.2327,1.2182,-19.1900,0.0059,-0.5277,-0.0026,-0.8494
2026-05-08T19:37:10.716,2.2984,1.2182,-19.1581,0.0060,-0.5236,-0.0025,-0.8519
2026-05-08T19:37:10.731,2.3570,1.2182,-19.1285,0.0060,-0.5200,-0.0022,-0.8541
2026-05-08T19:37:10.745,2.4183,1.2182,-19.0969,0.0059,-0.5163,-0.0020,-0.8564
2026-05-08T19:37:10.758,2.4785,1.2183,-19.0651,0.0059,-0.5124,-0.0021,-0.8587
2026-05-08T19:37:10.773,2.5346,1.2183,-19.0354,0.0059,-0.5093,-0.0022,-0.8606
2026-05-08T19:37:10.787,2.5926,1.2183,-19.0035,0.0058,-0.5064,-0.0022,-0.8623
2026-05-08T19:37:10.802,2.6545,1.2183,-18.9690,0.0058,-0.5032,-0.0022,-0.8642
2026-05-08T19:37:10.816,2.7114,1.2182,-18.9372,0.0058,-0.5004,-0.0021,-0.8658
2026-05-08T19:37:10.830,2.7731,1.2182,-18.9017,0.0058,-0.4974,-0.0020,-0.8675
2026-05-08T19:37:10.845,2.8309,1.2181,-18.8679,0.0059,-0.4945,-0.0021,-0.8691
2026-05-08T19:37:10.858,2.8899,1.2181,-18.8328,0.0060,-0.4916,-0.0021,-0.8708
2026-05-08T19:37:10.873,2.9477,1.2181,-18.7983,0.0060,-0.4887,-0.0020,-0.8724
2026-05-08T19:37:10.887,3.0036,1.2181,-18.7641,0.0061,-0.4858,-0.0020,-0.8740
2026-05-08T19:37:10.901,3.0634,1.2181,-18.7270,0.0061,-0.4828,-0.0021,-0.8757
2026-05-08T19:37:10.914,3.1180,1.2181,-18.6929,0.0061,-0.4802,-0.0020,-0.8772
2026-05-08T19:37:10.928,3.1759,1.2180,-18.6559,0.0062,-0.4772,-0.0019,-0.8788
2026-05-08T19:37:10.942,3.2291,1.2180,-18.6214,0.0062,-0.4744,-0.0018,-0.8803
2026-05-08T19:37:10.956,3.2867,1.2180,-18.5835,0.0062,-0.4713,-0.0017,-0.8819
2026-05-08T19:37:10.970,3.3398,1.2180,-18.5485,0.0062,-0.4684,-0.0016,-0.8835
2026-05-08T19:37:10.984,3.3932,1.2180,-18.5124,0.0062,-0.4651,-0.0016,-0.8852
2026-05-08T19:37:10.998,3.4509,1.2180,-18.4726,0.0062,-0.4612,-0.0016,-0.8873
2026-05-08T19:37:11.012,3.5006,1.2180,-18.4382,0.0062,-0.4576,-0.0017,-0.8891
2026-05-08T19:37:11.026,3.5551,1.2181,-18.3992,0.0062,-0.4537,-0.0018,-0.8911
2026-05-08T19:37:11.039,3.6048,1.2181,-18.3632,0.0062,-0.4500,-0.0018,-0.8930
2026-05-08T19:37:11.053,3.6552,1.2181,-18.3264,0.0062,-0.4462,-0.0018,-0.8949
2026-05-08T19:37:11.067,3.7051,1.2181,-18.2888,0.0062,-0.4424,-0.0018,-0.8968
2026-05-08T19:37:11.081,3.7556,1.2181,-18.2501,0.0063,-0.4383,-0.0019,-0.8988
2026-05-08T19:37:11.095,3.8080,1.2181,-18.2097,0.0067,-0.4338,-0.0024,-0.9010
2026-05-08T19:37:11.109,3.8547,1.2181,-18.1725,0.0069,-0.4297,-0.0027,-0.9030
2026-05-08T19:37:11.122,3.9049,1.2182,-18.1317,0.0073,-0.4248,-0.0031,-0.9052
2026-05-08T19:37:11.136,3.9497,1.2182,-18.0946,0.0078,-0.4206,-0.0039,-0.9072
2026-05-08T19:37:11.150,3.9974,1.2182,-18.0548,0.0082,-0.4157,-0.0050,-0.9094
2026-05-08T19:37:11.164,4.0430,1.2183,-18.0153,0.0092,-0.4109,-0.0055,-0.9116
2026-05-08T19:37:11.179,4.0901,1.2184,-17.9736,0.0098,-0.4061,-0.0061,-0.9137
2026-05-08T19:37:11.192,4.1367,1.2185,-17.9322,0.0102,-0.4015,-0.0066,-0.9158
2026-05-08T19:37:11.207,4.1845,1.2185,-17.8882,0.0105,-0.3968,-0.0066,-0.9178
2026-05-08T19:37:11.220,4.2292,1.2186,-17.8461,0.0109,-0.3926,-0.0063,-0.9196
2026-05-08T19:37:11.234,4.2750,1.2186,-17.8029,0.0109,-0.3880,-0.0061,-0.9216
2026-05-08T19:37:11.248,4.3147,1.2186,-17.7642,0.0117,-0.3839,-0.0060,-0.9233
2026-05-08T19:37:11.262,4.3650,1.2186,-17.7141,0.0117,-0.3786,-0.0059,-0.9255
2026-05-08T19:37:11.275,4.4045,1.2187,-17.6739,0.0118,-0.3744,-0.0058,-0.9272
2026-05-08T19:37:11.289,4.4485,1.2187,-17.6290,0.0122,-0.3697,-0.0057,-0.9291
2026-05-08T19:37:11.305,4.4861,1.2187,-17.5893,0.0125,-0.3655,-0.0057,-0.9307
2026-05-08T19:37:11.317,4.5296,1.2188,-17.5425,0.0125,-0.3604,-0.0056,-0.9327
2026-05-08T19:37:11.332,4.5754,1.2188,-17.4928,0.0128,-0.3549,-0.0060,-0.9348
2026-05-08T19:37:11.346,4.6128,1.2189,-17.4506,0.0128,-0.3501,-0.0058,-0.9366
2026-05-08T19:37:11.359,4.6558,1.2189,-17.4011,0.0131,-0.3448,-0.0056,-0.9386
2026-05-08T19:37:11.374,4.6949,1.2189,-17.3559,0.0129,-0.3400,-0.0055,-0.9403
2026-05-08T19:37:11.388,4.7329,1.2189,-17.3102,0.0130,-0.3352,-0.0053,-0.9421
2026-05-08T19:37:11.401,4.7745,1.2189,-17.2590,0.0129,-0.3299,-0.0050,-0.9439
2026-05-08T19:37:11.416,4.8106,1.2190,-17.2144,0.0127,-0.3252,-0.0050,-0.9455
2026-05-08T19:37:11.429,4.8477,1.2190,-17.1669,0.0125,-0.3201,-0.0051,-0.9473
2026-05-08T19:37:11.443,4.8852,1.2190,-17.1176,0.0125,-0.3149,-0.0051,-0.9490
2026-05-08T19:37:11.456,4.9207,1.2190,-17.0700,0.0125,-0.3099,-0.0051,-0.9507
2026-05-08T19:37:11.471,4.9583,1.2190,-17.0193,0.0124,-0.3046,-0.0051,-0.9524
2026-05-08T19:37:11.485,4.9902,1.2190,-16.9745,0.0124,-0.2999,-0.0052,-0.9539
2026-05-08T19:37:11.498,5.0253,1.2190,-16.9242,0.0122,-0.2945,-0.0051,-0.9556
2026-05-08T19:37:11.513,5.0611,1.2190,-16.8724,0.0121,-0.2889,-0.0052,-0.9573
2026-05-08T19:37:11.526,5.0939,1.2190,-16.8229,0.0120,-0.2835,-0.0051,-0.9589
2026-05-08T19:37:11.540,5.1267,1.2190,-16.7723,0.0119,-0.2779,-0.0051,-0.9605
2026-05-08T19:37:11.554,5.1578,1.2190,-16.7239,0.0117,-0.2728,-0.0051,-0.9620
2026-05-08T19:37:11.568,5.1890,1.2190,-16.6733,0.0118,-0.2673,-0.0051,-0.9635
2026-05-08T19:37:11.582,5.2190,1.2190,-16.6233,0.0118,-0.2619,-0.0050,-0.9650
2026-05-08T19:37:11.596,5.2523,1.2190,-16.5665,0.0117,-0.2558,-0.0050,-0.9667
2026-05-08T19:37:11.610,5.2808,1.2189,-16.5174,0.0116,-0.2506,-0.0049,-0.9680
2026-05-08T19:37:11.624,5.3091,1.2188,-16.4662,0.0115,-0.2454,-0.0048,-0.9694
2026-05-08T19:37:11.637,5.3377,1.2188,-16.4130,0.0115,-0.2398,-0.0047,-0.9707
2026-05-08T19:37:11.651,5.3661,1.2188,-16.3601,0.0116,-0.2344,-0.0048,-0.9721
2026-05-08T19:37:11.665,5.3921,1.2188,-16.3092,0.0116,-0.2292,-0.0048,-0.9733
2026-05-08T19:37:11.679,5.4192,1.2188,-16.2548,0.0115,-0.2237,-0.0049,-0.9746
2026-05-08T19:37:11.693,5.4473,1.2188,-16.1979,0.0115,-0.2182,-0.0049,-0.9758
2026-05-08T19:37:11.707,5.4717,1.2188,-16.1458,0.0115,-0.2133,-0.0049,-0.9769
2026-05-08T19:37:11.720,5.4977,1.2187,-16.0891,0.0114,-0.2081,-0.0047,-0.9780
2026-05-08T19:37:11.734,5.5246,1.2187,-16.0299,0.0110,-0.2028,-0.0045,-0.9791
2026-05-08T19:37:11.748,5.5461,1.2186,-15.9801,0.0109,-0.1986,-0.0043,-0.9800
2026-05-08T19:37:11.762,5.5722,1.2186,-15.9183,0.0106,-0.1933,-0.0042,-0.9811
2026-05-08T19:37:11.776,5.5949,1.2186,-15.8628,0.0107,-0.1886,-0.0043,-0.9820
2026-05-08T19:37:11.789,5.6182,1.2186,-15.8054,0.0107,-0.1843,-0.0042,-0.9828
2026-05-08T19:37:11.804,5.6413,1.2186,-15.7460,0.0108,-0.1797,-0.0042,-0.9836
2026-05-08T19:37:11.817,5.6629,1.2185,-15.6889,0.0109,-0.1755,-0.0041,-0.9844
2026-05-08T19:37:11.831,5.6868,1.2185,-15.6253,0.0109,-0.1708,-0.0041,-0.9852
2026-05-08T19:37:11.846,5.7063,1.2185,-15.5707,0.0111,-0.1668,-0.0040,-0.9859
2026-05-08T19:37:11.859,5.7277,1.2184,-15.5092,0.0110,-0.1622,-0.0039,-0.9867
2026-05-08T19:37:11.873,5.7495,1.2184,-15.4461,0.0110,-0.1576,-0.0038,-0.9874
2026-05-08T19:37:11.887,5.7681,1.2184,-15.3892,0.0110,-0.1535,-0.0037,-0.9881
2026-05-08T19:37:11.901,5.7878,1.2184,-15.3271,0.0109,-0.1490,-0.0036,-0.9888
2026-05-08T19:37:11.915,5.8065,1.2184,-15.2682,0.0110,-0.1447,-0.0036,-0.9894
2026-05-08T19:37:11.928,5.8253,1.2184,-15.2055,0.0110,-0.1402,-0.0035,-0.9901
2026-05-08T19:37:11.943,5.8430,1.2183,-15.1442,0.0110,-0.1358,-0.0034,-0.9907
2026-05-08T19:37:11.956,5.8597,1.2183,-15.0844,0.0110,-0.1316,-0.0033,-0.9912
2026-05-08T19:37:11.971,5.8770,1.2183,-15.0217,0.0110,-0.1271,-0.0033,-0.9918
2026-05-08T19:37:11.984,5.8926,1.2183,-14.9620,0.0109,-0.1229,-0.0032,-0.9924
2026-05-08T19:37:11.998,5.9092,1.2183,-14.8963,0.0110,-0.1186,-0.0031,-0.9929
2026-05-08T19:37:12.012,5.9246,1.2183,-14.8344,0.0109,-0.1147,-0.0029,-0.9933
2026-05-08T19:37:12.026,5.9391,1.2183,-14.7725,0.0107,-0.1110,-0.0026,-0.9938
2026-05-08T19:37:12.040,5.9537,1.2183,-14.7080,0.0107,-0.1074,-0.0025,-0.9942
2026-05-08T19:37:12.054,5.9678,1.2183,-14.6452,0.0107,-0.1038,-0.0025,-0.9945
2026-05-08T19:37:12.068,5.9817,1.2183,-14.5792,0.0108,-0.1000,-0.0027,-0.9949
2026-05-08T19:37:12.082,5.9941,1.2183,-14.5182,0.0108,-0.0967,-0.0028,-0.9952
2026-05-08T19:37:12.095,6.0078,1.2183,-14.4484,0.0108,-0.0932,-0.0028,-0.9956
2026-05-08T19:37:12.110,6.0203,1.2183,-14.3840,0.0107,-0.0902,-0.0028,-0.9959
2026-05-08T19:37:12.123,6.0317,1.2183,-14.3220,0.0107,-0.0874,-0.0027,-0.9961
2026-05-08T19:37:12.137,6.0442,1.2183,-14.2513,0.0108,-0.0874,-0.0027,-0.9961
2026-05-08T19:37:12.151,6.0559,1.2183,-14.1850,0.0107,-0.0875,-0.0028,-0.9961
2026-05-08T19:37:12.165,6.0679,1.2183,-14.1172,0.0108,-0.0873,-0.0029,-0.9961
2026-05-08T19:37:12.179,6.0803,1.2183,-14.0470,0.0109,-0.0872,-0.0029,-0.9961
2026-05-08T19:37:12.193,6.0925,1.2183,-13.9778,0.0108,-0.0872,-0.0028,-0.9961
2026-05-08T19:37:12.207,6.1040,1.2183,-13.9128,0.0108,-0.0871,-0.0028,-0.9961
2026-05-08T19:37:12.220,6.1162,1.2183,-13.8434,0.0108,-0.0870,-0.0028,-0.9961
2026-05-08T19:37:12.235,6.1284,1.2183,-13.7744,0.0108,-0.0870,-0.0028,-0.9961
2026-05-08T19:37:12.249,6.1397,1.2183,-13.7103,0.0109,-0.0869,-0.0027,-0.9962
2026-05-08T19:37:12.262,6.1526,1.2183,-13.6371,0.0109,-0.0870,-0.0027,-0.9961
2026-05-08T19:37:12.276,6.1641,1.2183,-13.5721,0.0110,-0.0870,-0.0028,-0.9961
2026-05-08T19:37:12.290,6.1761,1.2183,-13.5037,0.0110,-0.0870,-0.0030,-0.9961
2026-05-08T19:37:12.304,6.1876,1.2184,-13.4388,0.0110,-0.0870,-0.0031,-0.9961
2026-05-08T19:37:12.317,6.1996,1.2184,-13.3704,0.0110,-0.0871,-0.0031,-0.9961
2026-05-08T19:37:12.332,6.2124,1.2184,-13.2979,0.0111,-0.0872,-0.0032,-0.9961
2026-05-08T19:37:12.345,6.2227,1.2184,-13.2397,0.0111,-0.0872,-0.0034,-0.9961
2026-05-08T19:37:12.359,6.2352,1.2185,-13.1685,0.0110,-0.0872,-0.0034,-0.9961
2026-05-08T19:37:12.373,6.2469,1.2185,-13.1026,0.0110,-0.0872,-0.0034,-0.9961
2026-05-08T19:37:12.387,6.2588,1.2185,-13.0351,0.0110,-0.0872,-0.0034,-0.9961
2026-05-08T19:37:12.400,6.2716,1.2185,-12.9628,0.0110,-0.0872,-0.0032,-0.9961
2026-05-08T19:37:12.415,6.2829,1.2185,-12.8988,0.0110,-0.0873,-0.0031,-0.9961
2026-05-08T19:37:12.429,6.2947,1.2185,-12.8323,0.0109,-0.0873,-0.0029,-0.9961
2026-05-08T19:37:12.443,6.3067,1.2185,-12.7647,0.0108,-0.0873,-0.0029,-0.9961
2026-05-08T19:37:12.456,6.3186,1.2185,-12.6971,0.0107,-0.0872,-0.0028,-0.9961
2026-05-08T19:37:12.470,6.3311,1.2185,-12.6266,0.0106,-0.0873,-0.0027,-0.9961
2026-05-08T19:37:12.484,6.3423,1.2185,-12.5632,0.0105,-0.0872,-0.0027,-0.9961
2026-05-08T19:37:12.498,6.3548,1.2185,-12.4922,0.0106,-0.0872,-0.0027,-0.9961
2026-05-08T19:37:12.512,6.3667,1.2185,-12.4245,0.0107,-0.0871,-0.0027,-0.9961
2026-05-08T19:37:12.526,6.3782,1.2185,-12.3594,0.0106,-0.0872,-0.0027,-0.9961
2026-05-08T19:37:12.539,6.3906,1.2185,-12.2890,0.0107,-0.0872,-0.0028,-0.9961
2026-05-08T19:37:12.554,6.4022,1.2186,-12.2232,0.0106,-0.0871,-0.0028,-0.9961
2026-05-08T19:37:12.568,6.4139,1.2186,-12.1563,0.0106,-0.0871,-0.0028,-0.9961
2026-05-08T19:37:12.581,6.4260,1.2186,-12.0880,0.0107,-0.0871,-0.0029,-0.9961
2026-05-08T19:37:12.595,6.4383,1.2186,-12.0182,0.0107,-0.0870,-0.0029,-0.9961
2026-05-08T19:37:12.609,6.4493,1.2186,-11.9555,0.0106,-0.0870,-0.0029,-0.9961
2026-05-08T19:37:12.622,6.4620,1.2185,-11.8828,0.0106,-0.0869,-0.0029,-0.9962
2026-05-08T19:37:12.636,6.4729,1.2185,-11.8212,0.0104,-0.0869,-0.0028,-0.9962
2026-05-08T19:37:12.651,6.4851,1.2185,-11.7516,0.0104,-0.0868,-0.0028,-0.9962
2026-05-08T19:37:12.665,6.4967,1.2184,-11.6856,0.0103,-0.0869,-0.0027,-0.9962
2026-05-08T19:37:12.679,6.5094,1.2184,-11.6132,0.0101,-0.0869,-0.0026,-0.9962
2026-05-08T19:37:12.693,6.5212,1.2184,-11.5464,0.0101,-0.0894,-0.0026,-0.9959
2026-05-08T19:37:12.707,6.5334,1.2184,-11.4790,0.0102,-0.0920,-0.0028,-0.9957
2026-05-08T19:37:12.721,6.5457,1.2185,-11.4130,0.0103,-0.0947,-0.0030,-0.9954
2026-05-08T19:37:12.736,6.5584,1.2185,-11.3453,0.0103,-0.0976,-0.0031,-0.9952
2026-05-08T19:37:12.752,6.5712,1.2185,-11.2806,0.0102,-0.1007,-0.0032,-0.9949
2026-05-08T19:37:12.767,6.5858,1.2185,-11.2094,0.0102,-0.1040,-0.0032,-0.9945
2026-05-08T19:37:12.782,6.6008,1.2185,-11.1382,0.0101,-0.1074,-0.0032,-0.9942
2026-05-08T19:37:12.796,6.6177,1.2184,-11.0607,0.0102,-0.1112,-0.0033,-0.9937
2026-05-08T19:37:12.811,6.6321,1.2184,-10.9958,0.0102,-0.1147,-0.0034,-0.9933
2026-05-08T19:37:12.827,6.6482,1.2183,-10.9271,0.0101,-0.1183,-0.0033,-0.9929
2026-05-08T19:37:12.842,6.6643,1.2183,-10.8603,0.0101,-0.1221,-0.0032,-0.9925
2026-05-08T19:37:12.857,6.6833,1.2183,-10.7842,0.0101,-0.1264,-0.0033,-0.9919
2026-05-08T19:37:12.872,6.6992,1.2183,-10.7212,0.0101,-0.1304,-0.0033,-0.9914
2026-05-08T19:37:12.886,6.7166,1.2183,-10.6561,0.0101,-0.1347,-0.0033,-0.9908
2026-05-08T19:37:12.900,6.7350,1.2183,-10.5898,0.0101,-0.1395,-0.0033,-0.9902
2026-05-08T19:37:12.914,6.7522,1.2183,-10.5285,0.0100,-0.1440,-0.0032,-0.9895
2026-05-08T19:37:12.927,6.7699,1.2183,-10.4687,0.0100,-0.1484,-0.0032,-0.9889
2026-05-08T19:37:12.941,6.7886,1.2183,-10.4081,0.0100,-0.1529,-0.0033,-0.9882
2026-05-08T19:37:12.955,6.8077,1.2183,-10.3462,0.0099,-0.1576,-0.0035,-0.9875
2026-05-08T19:37:12.970,6.8257,1.2184,-10.2913,0.0099,-0.1617,-0.0036,-0.9868
2026-05-08T19:37:12.985,6.8481,1.2184,-10.2247,0.0098,-0.1667,-0.0037,-0.9860
2026-05-08T19:37:12.999,6.8692,1.2184,-10.1640,0.0099,-0.1712,-0.0038,-0.9852
2026-05-08T19:37:13.015,6.8905,1.2184,-10.1032,0.0098,-0.1757,-0.0040,-0.9844
2026-05-08T19:37:13.030,6.9144,1.2184,-10.0385,0.0098,-0.1804,-0.0040,-0.9835
2026-05-08T19:37:13.044,6.9387,1.2184,-9.9743,0.0098,-0.1851,-0.0040,-0.9827
2026-05-08T19:37:13.059,6.9656,1.2183,-9.9052,0.0098,-0.1898,-0.0040,-0.9818
2026-05-08T19:37:13.075,6.9888,1.2183,-9.8463,0.0098,-0.1933,-0.0040,-0.9811
2026-05-08T19:37:13.091,7.0163,1.2183,-9.7791,0.0098,-0.1969,-0.0040,-0.9804
2026-05-08T19:37:13.107,7.0467,1.2183,-9.7063,0.0098,-0.1997,-0.0040,-0.9798
2026-05-08T19:37:13.121,7.0770,1.2184,-9.6349,0.0098,-0.1996,-0.0040,-0.9798
2026-05-08T19:37:13.136,7.1087,1.2184,-9.5604,0.0100,-0.1996,-0.0042,-0.9798
2026-05-08T19:37:13.150,7.1354,1.2184,-9.4975,0.0100,-0.1995,-0.0042,-0.9798
2026-05-08T19:37:13.165,7.1652,1.2184,-9.4271,0.0100,-0.1996,-0.0043,-0.9798
2026-05-08T19:37:13.179,7.1913,1.2184,-9.3655,0.0101,-0.1996,-0.0043,-0.9798
2026-05-08T19:37:13.194,7.2203,1.2184,-9.2971,0.0102,-0.1996,-0.0044,-0.9798
2026-05-08T19:37:13.208,7.2483,1.2184,-9.2313,0.0102,-0.1996,-0.0045,-0.9798
2026-05-08T19:37:13.222,7.2769,1.2185,-9.1639,0.0102,-0.1996,-0.0048,-0.9798
2026-05-08T19:37:13.236,7.3040,1.2185,-9.1001,0.0102,-0.1996,-0.0048,-0.9798
2026-05-08T19:37:13.250,7.3316,1.2185,-9.0351,0.0101,-0.1997,-0.0047,-0.9798
2026-05-08T19:37:13.264,7.3578,1.2185,-8.9734,0.0101,-0.1996,-0.0047,-0.9798
2026-05-08T19:37:13.289,7.3847,1.2185,-8.9100,0.0100,-0.1995,-0.0047,-0.9798
2026-05-08T19:37:13.303,7.4128,1.2185,-8.8439,0.0101,-0.1996,-0.0046,-0.9798
2026-05-08T19:37:13.317,7.4423,1.2185,-8.7301,0.0100,-0.1997,-0.0044,-0.9798
2026-05-08T19:37:13.331,7.4712,1.2186,-8.6622,0.0099,-0.1998,-0.0043,-0.9798
2026-05-08T19:37:13.345,7.4965,1.2186,-8.6027,0.0097,-0.2000,-0.0042,-0.9797
2026-05-08T19:37:13.358,7.5248,1.2186,-8.5364,0.0098,-0.2001,-0.0043,-0.9797
2026-05-08T19:37:13.373,7.5516,1.2186,-8.4735,0.0097,-0.2002,-0.0043,-0.9797
2026-05-08T19:37:13.387,7.5773,1.2186,-8.4133,0.0097,-0.2004,-0.0043,-0.9797
2026-05-08T19:37:13.400,7.6065,1.2186,-8.3450,0.0097,-0.2006,-0.0041,-0.9796
2026-05-08T19:37:13.415,7.6330,1.2185,-8.2831,0.0095,-0.2006,-0.0042,-0.9796
2026-05-08T19:37:13.429,7.6605,1.2185,-8.2187,0.0096,-0.2007,-0.0041,-0.9796
2026-05-08T19:37:13.442,7.6866,1.2185,-8.1575,0.0097,-0.2006,-0.0041,-0.9796
2026-05-08T19:37:13.456,7.7152,1.2185,-8.0908,0.0097,-0.2007,-0.0041,-0.9796
2026-05-08T19:37:13.470,7.7399,1.2185,-8.0330,0.0098,-0.2006,-0.0041,-0.9796
2026-05-08T19:37:13.484,7.7681,1.2184,-7.9669,0.0098,-0.2007,-0.0040,-0.9796
2026-05-08T19:37:13.497,7.7967,1.2184,-7.9001,0.0098,-0.2007,-0.0039,-0.9796
2026-05-08T19:37:13.512,7.8223,1.2184,-7.8404,0.0098,-0.2007,-0.0039,-0.9796
2026-05-08T19:37:13.527,7.8484,1.2184,-7.7795,0.0099,-0.2007,-0.0039,-0.9796
2026-05-08T19:37:13.540,7.8782,1.2184,-7.7097,0.0098,-0.2008,-0.0038,-0.9796
2026-05-08T19:37:13.554,7.9055,1.2183,-7.6460,0.0098,-0.2008,-0.0036,-0.9796
2026-05-08T19:37:13.568,7.9316,1.2183,-7.5849,0.0097,-0.2009,-0.0036,-0.9795
2026-05-08T19:37:13.581,7.9587,1.2183,-7.5217,0.0097,-0.2010,-0.0036,-0.9795
2026-05-08T19:37:13.596,7.9871,1.2183,-7.4553,0.0096,-0.2010,-0.0037,-0.9795
2026-05-08T19:37:13.610,8.0137,1.2184,-7.3934,0.0097,-0.2010,-0.0038,-0.9795
2026-05-08T19:37:13.623,8.0424,1.2184,-7.3264,0.0097,-0.2010,-0.0038,-0.9795
2026-05-08T19:37:13.637,8.0676,1.2184,-7.2677,0.0097,-0.1979,-0.0039,-0.9802
2026-05-08T19:37:13.651,8.0933,1.2184,-7.2075,0.0097,-0.1945,-0.0039,-0.9809
2026-05-08T19:37:13.664,8.1206,1.2184,-7.1411,0.0097,-0.1898,-0.0039,-0.9818
2026-05-08T19:37:13.678,8.1408,1.2184,-7.0910,0.0097,-0.1862,-0.0038,-0.9825
2026-05-08T19:37:13.692,8.1643,1.2184,-7.0322,0.0097,-0.1819,-0.0038,-0.9833
2026-05-08T19:37:13.707,8.1872,1.2184,-6.9725,0.0097,-0.1777,-0.0038,-0.9840
2026-05-08T19:37:13.720,8.2093,1.2184,-6.9132,0.0097,-0.1735,-0.0036,-0.9848
2026-05-08T19:37:13.735,8.2330,1.2184,-6.8495,0.0096,-0.1689,-0.0036,-0.9856
2026-05-08T19:37:13.748,8.2521,1.2184,-6.7955,0.0097,-0.1648,-0.0034,-0.9863
2026-05-08T19:37:13.762,8.2745,1.2184,-6.7305,0.0096,-0.1600,-0.0033,-0.9871
2026-05-08T19:37:13.776,8.2934,1.2184,-6.6752,0.0095,-0.1556,-0.0031,-0.9878
2026-05-08T19:37:13.790,8.3128,1.2184,-6.6152,0.0096,-0.1511,-0.0030,-0.9885
2026-05-08T19:37:13.803,8.3325,1.2183,-6.5523,0.0096,-0.1462,-0.0030,-0.9892
2026-05-08T19:37:13.817,8.3502,1.2183,-6.4942,0.0097,-0.1417,-0.0029,-0.9899
2026-05-08T19:37:13.831,8.3679,1.2182,-6.4351,0.0096,-0.1372,-0.0028,-0.9905
2026-05-08T19:37:13.845,8.3842,1.2182,-6.3777,0.0096,-0.1327,-0.0027,-0.9911
2026-05-08T19:37:13.858,8.4015,1.2182,-6.3144,0.0096,-0.1279,-0.0027,-0.9917
2026-05-08T19:37:13.873,8.4179,1.2182,-6.2537,0.0096,-0.1232,-0.0026,-0.9923
2026-05-08T19:37:13.887,8.4324,1.2182,-6.1965,0.0097,-0.1188,-0.0025,-0.9929
2026-05-08T19:37:13.900,8.4480,1.2182,-6.1320,0.0096,-0.1138,-0.0024,-0.9934
2026-05-08T19:37:13.915,8.4622,1.2182,-6.0728,0.0096,-0.1093,-0.0023,-0.9940
2026-05-08T19:37:13.929,8.4764,1.2182,-6.0091,0.0096,-0.1044,-0.0023,-0.9945
2026-05-08T19:37:13.942,8.4894,1.2182,-5.9481,0.0095,-0.0997,-0.0022,-0.9950
2026-05-08T19:37:13.956,8.5020,1.2182,-5.8856,0.0095,-0.0950,-0.0020,-0.9954
2026-05-08T19:37:13.970,8.5141,1.2182,-5.8256,0.0092,-0.0905,-0.0017,-0.9959
2026-05-08T19:37:13.984,8.5253,1.2182,-5.7644,0.0092,-0.0860,-0.0016,-0.9963
2026-05-08T19:37:13.997,8.5364,1.2182,-5.7008,0.0092,-0.0812,-0.0017,-0.9967
2026-05-08T19:37:14.012,8.5470,1.2182,-5.6389,0.0092,-0.0766,-0.0017,-0.9970
2026-05-08T19:37:14.026,8.5564,1.2182,-5.5780,0.0092,-0.0720,-0.0018,-0.9974
2026-05-08T19:37:14.039,8.5654,1.2182,-5.5157,0.0093,-0.0673,-0.0018,-0.9977
2026-05-08T19:37:14.053,8.5744,1.2182,-5.4523,0.0093,-0.0626,-0.0017,-0.9980
2026-05-08T19:37:14.067,8.5822,1.2181,-5.3905,0.0093,-0.0579,-0.0016,-0.9983
2026-05-08T19:37:14.081,8.5893,1.2181,-5.3291,0.0093,-0.0532,-0.0017,-0.9985
2026-05-08T19:37:14.095,8.5967,1.2181,-5.2634,0.0094,-0.0482,-0.0016,-0.9988
2026-05-08T19:37:14.109,8.6022,1.2181,-5.2065,0.0094,-0.0432,-0.0016,-0.9990
2026-05-08T19:37:14.123,8.6077,1.2182,-5.1432,0.0095,-0.0376,-0.0015,-0.9992
2026-05-08T19:37:14.136,8.6121,1.2182,-5.0844,0.0095,-0.0320,-0.0014,-0.9994
2026-05-08T19:37:14.150,8.6163,1.2181,-5.0261,0.0095,-0.0260,-0.0013,-0.9996
2026-05-08T19:37:14.164,8.6192,1.2181,-4.9705,0.0094,-0.0201,-0.0012,-0.9998
2026-05-08T19:37:14.178,8.6214,1.2181,-4.9155,0.0094,-0.0137,-0.0011,-0.9999
2026-05-08T19:37:14.192,8.6236,1.2181,-4.8590,0.0095,-0.0066,-0.0011,-0.9999
2026-05-08T19:37:14.207,8.6242,1.2181,-4.8075,0.0095,0.0004,-0.0012,-1.0000
2026-05-08T19:37:14.222,8.6242,1.2182,-4.7565,0.0095,0.0082,-0.0011,-0.9999
2026-05-08T19:37:14.238,8.6240,1.2182,-4.7055,0.0095,0.0166,-0.0011,-0.9998
2026-05-08T19:37:14.253,8.6224,1.2182,-4.6563,0.0096,0.0251,-0.0012,-0.9996
2026-05-08T19:37:14.269,8.6198,1.2182,-4.6058,0.0096,0.0348,-0.0012,-0.9993
2026-05-08T19:37:14.284,8.6164,1.2182,-4.5575,0.0096,0.0444,-0.0012,-0.9990
2026-05-08T19:37:14.299,8.6119,1.2183,-4.5071,0.0096,0.0549,-0.0012,-0.9984
2026-05-08T19:37:14.313,8.6079,1.2183,-4.4617,0.0096,0.0646,-0.0012,-0.9979
2026-05-08T19:37:14.328,8.6025,1.2183,-4.4208,0.0096,0.0737,-0.0012,-0.9972
2026-05-08T19:37:14.343,8.5965,1.2183,-4.3804,0.0094,0.0832,-0.0010,-0.9965
2026-05-08T19:37:14.358,8.5900,1.2183,-4.3402,0.0094,0.0927,-0.0010,-0.9957
2026-05-08T19:37:14.375,8.5885,1.2183,-4.2997,0.0093,0.1023,-0.0008,-0.9947
2026-05-08T19:37:14.391,8.5799,1.2183,-4.2585,0.0093,0.1123,-0.0006,-0.9936
2026-05-08T19:37:14.407,8.5739,1.2183,-4.2156,0.0094,0.1230,-0.0005,-0.9924
2026-05-08T19:37:14.423,8.5638,1.2183,-4.1757,0.0095,0.1332,-0.0003,-0.9910
2026-05-08T19:37:14.441,8.5528,1.2183,-4.1318,0.0095,0.1444,-0.0002,-0.9895
2026-05-08T19:37:14.456,8.5402,1.2183,-4.0900,0.0095,0.1555,0.0000,-0.9878
2026-05-08T19:37:14.471,8.5270,1.2183,-4.0491,0.0096,0.1665,0.0000,-0.9860
2026-05-08T19:37:14.486,8.5143,1.2183,-4.0131,0.0098,0.1763,0.0000,-0.9843
2026-05-08T19:37:14.501,8.5000,1.2184,-3.9748,0.0099,0.1868,0.0000,-0.9824
2026-05-08T19:37:14.516,8.4871,1.2184,-3.9395,0.0100,0.1963,-0.0001,-0.9805
2026-05-08T19:37:14.531,8.4712,1.2185,-3.9015,0.0099,0.2069,-0.0001,-0.9783
2026-05-08T19:37:14.547,8.4556,1.2185,-3.8664,0.0100,0.2167,0.0000,-0.9762
2026-05-08T19:37:14.562,8.4382,1.2185,-3.8294,0.0102,0.2272,0.0000,-0.9738
2026-05-08T19:37:14.579,8.4211,1.2185,-3.7927,0.0102,0.2373,0.0001,-0.9714
2026-05-08T19:37:14.596,8.4024,1.2185,-3.7568,0.0102,0.2474,0.0003,-0.9689
2026-05-08T19:37:14.612,8.3817,1.2185,-3.7191,0.0101,0.2582,0.0004,-0.9661
2026-05-08T19:37:14.627,8.3595,1.2185,-3.6807,0.0101,0.2691,0.0004,-0.9631
2026-05-08T19:37:14.643,8.3385,1.2185,-3.6461,0.0103,0.2790,0.0003,-0.9602
2026-05-08T19:37:14.659,8.3155,1.2186,-3.6082,0.0104,0.2894,0.0003,-0.9572
2026-05-08T19:37:14.677,8.2928,1.2186,-3.5742,0.0104,0.2987,0.0003,-0.9543
2026-05-08T19:37:14.692,8.2652,1.2186,-3.5344,0.0104,0.3094,0.0004,-0.9509
2026-05-08T19:37:14.707,8.2372,1.2186,-3.4961,0.0104,0.3196,0.0005,-0.9475
2026-05-08T19:37:14.722,8.2117,1.2186,-3.4627,0.0104,0.3286,0.0005,-0.9444
2026-05-08T19:37:14.737,8.1837,1.2186,-3.4260,0.0104,0.3381,0.0006,-0.9411
2026-05-08T19:37:14.752,8.1561,1.2186,-3.3925,0.0105,0.3470,0.0006,-0.9378
2026-05-08T19:37:14.767,8.1265,1.2186,-3.3581,0.0105,0.3560,0.0008,-0.9344
2026-05-08T19:37:14.781,8.0965,1.2186,-3.3244,0.0104,0.3649,0.0009,-0.9310
2026-05-08T19:37:14.796,8.0651,1.2186,-3.2893,0.0104,0.3740,0.0010,-0.9274
2026-05-08T19:37:14.812,8.0352,1.2185,-3.2581,0.0104,0.3822,0.0013,-0.9240
2026-05-08T19:37:14.828,8.0005,1.2185,-3.2233,0.0103,0.3910,0.0013,-0.9203
2026-05-08T19:37:14.843,7.9675,1.2185,-3.1914,0.0100,0.3994,0.0015,-0.9167
2026-05-08T19:37:14.856,7.9291,1.2185,-3.1557,0.0095,0.4088,0.0016,-0.9126
2026-05-08T19:37:14.872,7.8965,1.2184,-3.1255,0.0090,0.4169,0.0014,-0.9089
2026-05-08T19:37:14.886,7.8634,1.2184,-3.0970,0.0084,0.4252,0.0013,-0.9051
2026-05-08T19:37:14.900,7.8251,1.2184,-3.0654,0.0074,0.4345,0.0007,-0.9006
2026-05-08T19:37:14.915,7.7924,1.2184,-3.0383,0.0068,0.4429,0.0009,-0.8966
2026-05-08T19:37:14.929,7.7534,1.2184,-3.0087,0.0065,0.4522,0.0006,-0.8919
2026-05-08T19:37:14.943,7.7178,1.2184,-2.9828,0.0063,0.4605,0.0004,-0.8876
2026-05-08T19:37:14.956,7.6781,1.2184,-2.9550,0.0064,0.4696,0.0002,-0.8829
2026-05-08T19:37:14.971,7.6439,1.2184,-2.9311,0.0064,0.4772,0.0002,-0.8788
2026-05-08T19:37:14.984,7.6080,1.2185,-2.9079,0.0061,0.4856,-0.0001,-0.8742
2026-05-08T19:37:14.999,7.5688,1.2184,-2.8838,0.0059,0.4942,-0.0002,-0.8694
2026-05-08T19:37:15.013,7.5310,1.2184,-2.8605,0.0057,0.5026,-0.0006,-0.8645
2026-05-08T19:37:15.027,7.4891,1.2184,-2.8369,0.0055,0.5116,-0.0007,-0.8592
2026-05-08T19:37:15.040,7.4513,1.2184,-2.8166,0.0051,0.5200,-0.0010,-0.8541
2026-05-08T19:37:15.054,7.4120,1.2184,-2.7957,0.0045,0.5286,-0.0014,-0.8489
2026-05-08T19:37:15.067,7.3724,1.2183,-2.7765,0.0037,0.5365,-0.0017,-0.8439
2026-05-08T19:37:15.081,7.3325,1.2182,-2.7581,0.0045,0.5442,-0.0026,-0.8390
2026-05-08T19:37:15.095,7.2919,1.2182,-2.7392,0.0036,0.5524,-0.0024,-0.8335
2026-05-08T19:37:15.109,7.2526,1.2182,-2.7229,0.0032,0.5600,-0.0022,-0.8285
2026-05-08T19:37:15.123,7.2090,1.2182,-2.7057,0.0032,0.5679,-0.0029,-0.8231
2026-05-08T19:37:15.136,7.1670,1.2181,-2.6900,0.0031,0.5759,-0.0030,-0.8175
2026-05-08T19:37:15.150,7.1244,1.2181,-2.6742,0.0032,0.5833,-0.0032,-0.8123
2026-05-08T19:37:15.164,7.0844,1.2181,-2.6609,0.0031,0.5904,-0.0033,-0.8071
2026-05-08T19:37:15.178,7.0387,1.2181,-2.6466,0.0029,0.5981,-0.0036,-0.8014
2026-05-08T19:37:15.192,6.9944,1.2180,-2.6328,0.0023,0.6053,-0.0037,-0.7960
2026-05-08T19:37:15.206,6.9507,1.2180,-2.6209,0.0013,0.6129,-0.0043,-0.7901
2026-05-08T19:37:15.219,6.9030,1.2178,-2.6089,0.0009,0.6205,-0.0041,-0.7842
2026-05-08T19:37:15.234,6.8588,1.2178,-2.5978,0.0003,0.6276,-0.0046,-0.7786
2026-05-08T19:37:15.248,6.8135,1.2177,-2.5882,0.0003,0.6343,-0.0051,-0.7731
2026-05-08T19:37:15.261,6.7629,1.2176,-2.5782,0.0003,0.6418,-0.0054,-0.7668
2026-05-08T19:37:15.275,6.7195,1.2177,-2.5698,0.0001,0.6478,-0.0055,-0.7618
2026-05-08T19:37:15.289,6.6733,1.2177,-2.5625,0.0007,0.6546,-0.0054,-0.7560
2026-05-08T19:37:15.303,6.6281,1.2177,-2.5561,0.0008,0.6608,-0.0052,-0.7505
2026-05-08T19:37:15.317,6.5793,1.2177,-2.5500,0.0009,0.6674,-0.0051,-0.7447
2026-05-08T19:37:15.331,6.5313,1.2177,-2.5440,0.0011,0.6738,-0.0055,-0.7389
2026-05-08T19:37:15.345,6.4860,1.2177,-2.5400,0.0009,0.6800,-0.0055,-0.7332
2026-05-08T19:37:15.358,6.4390,1.2176,-2.5366,0.0007,0.6863,-0.0059,-0.7273
2026-05-08T19:37:15.373,6.3908,1.2176,-2.5332,0.0005,0.6928,-0.0062,-0.7211
2026-05-08T19:37:15.387,6.3453,1.2176,-2.5315,0.0005,0.6988,-0.0065,-0.7153
2026-05-08T19:37:15.400,6.2937,1.2176,-2.5305,0.0003,0.7055,-0.0067,-0.7087
2026-05-08T19:37:15.414,6.2489,1.2175,-2.5296,0.0001,0.7113,-0.0072,-0.7029
2026-05-08T19:37:15.428,6.2030,1.2175,-2.5303,-0.0006,0.7171,-0.0075,-0.6969
2026-05-08T19:37:15.442,6.1548,1.2175,-2.5319,-0.0004,0.7232,-0.0078,-0.6906
2026-05-08T19:37:15.456,6.1069,1.2174,-2.5342,-0.0009,0.7293,-0.0081,-0.6841
2026-05-08T19:37:15.470,6.0601,1.2173,-2.5365,-0.0015,0.7351,-0.0080,-0.6779
2026-05-08T19:37:15.484,6.0150,1.2172,-2.5404,-0.0020,0.7410,-0.0088,-0.6715
2026-05-08T19:37:15.497,5.9670,1.2171,-2.5452,-0.0007,0.7462,-0.0097,-0.6657
2026-05-08T19:37:15.512,5.9205,1.2171,-2.5498,-0.0025,0.7523,-0.0092,-0.6587
2026-05-08T19:37:15.526,5.8727,1.2171,-2.5564,-0.0019,0.7582,-0.0093,-0.6520
2026-05-08T19:37:15.539,5.8250,1.2171,-2.5638,-0.0012,0.7637,-0.0094,-0.6455
2026-05-08T19:37:15.553,5.7786,1.2172,-2.5709,-0.0007,0.7691,-0.0091,-0.6391
2026-05-08T19:37:15.567,5.7340,1.2172,-2.5794,-0.0002,0.7740,-0.0088,-0.6331
2026-05-08T19:37:15.581,5.6878,1.2173,-2.5888,0.0000,0.7791,-0.0087,-0.6268
2026-05-08T19:37:15.595,5.6400,1.2173,-2.5986,0.0003,0.7844,-0.0085,-0.6202
2026-05-08T19:37:15.609,5.5958,1.2173,-2.6091,0.0004,0.7893,-0.0087,-0.6140
2026-05-08T19:37:15.623,5.5478,1.2172,-2.6214,0.0004,0.7946,-0.0089,-0.6071
2026-05-08T19:37:15.636,5.5043,1.2172,-2.6332,0.0005,0.7992,-0.0089,-0.6010
2026-05-08T19:37:15.650,5.4584,1.2172,-2.6458,0.0006,0.8040,-0.0088,-0.5945
2026-05-08T19:37:15.664,5.4140,1.2173,-2.6594,0.0008,0.8086,-0.0088,-0.5882
2026-05-08T19:37:15.678,5.3685,1.2173,-2.6741,0.0011,0.8133,-0.0087,-0.5818
2026-05-08T19:37:15.692,5.3238,1.2173,-2.6885,0.0014,0.8178,-0.0085,-0.5755
2026-05-08T19:37:15.707,5.2798,1.2173,-2.7043,0.0016,0.8223,-0.0085,-0.5690
2026-05-08T19:37:15.719,5.2333,1.2174,-2.7218,0.0016,0.8269,-0.0084,-0.5624
2026-05-08T19:37:15.734,5.1877,1.2174,-2.7388,0.0016,0.8313,-0.0085,-0.5557
2026-05-08T19:37:15.748,5.1472,1.2174,-2.7556,0.0016,0.8352,-0.0085,-0.5498
2026-05-08T19:37:15.762,5.1000,1.2174,-2.7759,0.0017,0.8395,-0.0085,-0.5432
2026-05-08T19:37:15.776,5.0530,1.2174,-2.7961,0.0017,0.8437,-0.0085,-0.5367
2026-05-08T19:37:15.790,5.0065,1.2174,-2.8178,0.0018,0.8475,-0.0084,-0.5306
2026-05-08T19:37:15.803,4.9594,1.2174,-2.8407,0.0018,0.8514,-0.0084,-0.5244
2026-05-08T19:37:15.817,4.9137,1.2175,-2.8635,0.0017,0.8551,-0.0084,-0.5185
2026-05-08T19:37:15.831,4.8646,1.2175,-2.8883,0.0017,0.8586,-0.0084,-0.5125
2026-05-08T19:37:15.845,4.8169,1.2175,-2.9140,0.0016,0.8619,-0.0083,-0.5070
2026-05-08T19:37:15.858,4.7650,1.2175,-2.9429,0.0015,0.8652,-0.0082,-0.5013
2026-05-08T19:37:15.873,4.7154,1.2175,-2.9705,0.0015,0.8683,-0.0082,-0.4960
2026-05-08T19:37:15.887,4.6686,1.2175,-2.9981,0.0015,0.8711,-0.0082,-0.4910
2026-05-08T19:37:15.901,4.6154,1.2175,-3.0303,0.0016,0.8742,-0.0081,-0.4855
2026-05-08T19:37:15.915,4.5632,1.2175,-3.0620,0.0017,0.8772,-0.0081,-0.4801
2026-05-08T19:37:15.929,4.5139,1.2176,-3.0935,0.0017,0.8800,-0.0080,-0.4750
2026-05-08T19:37:15.943,4.4645,1.2176,-3.1259,0.0018,0.8826,-0.0080,-0.4700
2026-05-08T19:37:15.957,4.4146,1.2176,-3.1595,0.0018,0.8853,-0.0079,-0.4649
2026-05-08T19:37:15.971,4.3665,1.2176,-3.1919,0.0018,0.8879,-0.0079,-0.4601
2026-05-08T19:37:15.985,4.3176,1.2176,-3.2265,0.0019,0.8904,-0.0080,-0.4550
2026-05-08T19:37:15.998,4.2649,1.2175,-3.2645,0.0020,0.8932,-0.0078,-0.4495
2026-05-08T19:37:16.013,4.2200,1.2175,-3.2971,0.0021,0.8956,-0.0078,-0.4448
2026-05-08T19:37:16.026,4.1748,1.2175,-3.3314,0.0021,0.8980,-0.0078,-0.4399
2026-05-08T19:37:16.041,4.1251,1.2175,-3.3699,0.0022,0.9006,-0.0078,-0.4345
2026-05-08T19:37:16.055,4.0781,1.2175,-3.4066,0.0023,0.9030,-0.0078,-0.4295
2026-05-08T19:37:16.069,4.0297,1.2175,-3.4460,0.0024,0.9055,-0.0078,-0.4243
2026-05-08T19:37:16.083,3.9839,1.2175,-3.4841,0.0023,0.9078,-0.0078,-0.4192
2026-05-08T19:37:16.096,3.9347,1.2175,-3.5260,0.0024,0.9103,-0.0078,-0.4140
2026-05-08T19:37:16.110,3.8905,1.2175,-3.5638,0.0024,0.9124,-0.0078,-0.4093
2026-05-08T19:37:16.124,3.8464,1.2175,-3.6030,0.0024,0.9145,-0.0077,-0.4046
2026-05-08T19:37:16.138,3.8005,1.2176,-3.6447,0.0025,0.9167,-0.0078,-0.3995
2026-05-08T19:37:16.152,3.7559,1.2176,-3.6855,0.0026,0.9188,-0.0077,-0.3946
2026-05-08T19:37:16.166,3.7141,1.2176,-3.7251,0.0028,0.9209,-0.0077,-0.3898
2026-05-08T19:37:16.179,3.6711,1.2176,-3.7668,0.0029,0.9229,-0.0076,-0.3850
2026-05-08T19:37:16.194,3.6270,1.2176,-3.8097,0.0030,0.9250,-0.0076,-0.3799
2026-05-08T19:37:16.208,3.5850,1.2176,-3.8522,0.0031,0.9270,-0.0075,-0.3750
2026-05-08T19:37:16.221,3.5426,1.2176,-3.8961,0.0031,0.9290,-0.0074,-0.3699
2026-05-08T19:37:16.236,3.5003,1.2176,-3.9400,0.0033,0.9311,-0.0073,-0.3647
2026-05-08T19:37:16.250,3.4629,1.2176,-3.9803,0.0034,0.9330,-0.0072,-0.3597
2026-05-08T19:37:16.264,3.4180,1.2177,-4.0299,0.0037,0.9355,-0.0067,-0.3533
2026-05-08T19:37:16.277,3.3818,1.2177,-4.0710,0.0036,0.9375,-0.0066,-0.3480
2026-05-08T19:37:16.291,3.3435,1.2177,-4.1146,0.0039,0.9396,-0.0064,-0.3422
2026-05-08T19:37:16.305,3.3073,1.2177,-4.1576,0.0041,0.9416,-0.0060,-0.3366
2026-05-08T19:37:16.319,3.2712,1.2177,-4.2015,0.0042,0.9437,-0.0058,-0.3307
2026-05-08T19:37:16.333,3.2341,1.2177,-4.2469,0.0044,0.9458,-0.0058,-0.3246
2026-05-08T19:37:16.347,3.2012,1.2177,-4.2892,0.0044,0.9478,-0.0057,-0.3188
2026-05-08T19:37:16.360,3.1640,1.2177,-4.3383,0.0043,0.9500,-0.0057,-0.3123
2026-05-08T19:37:16.375,3.1321,1.2177,-4.3805,0.0041,0.9518,-0.0058,-0.3065
2026-05-08T19:37:16.389,3.1021,1.2177,-4.4222,0.0040,0.9537,-0.0059,-0.3008
2026-05-08T19:37:16.403,3.0654,1.2177,-4.4745,0.0040,0.9559,-0.0059,-0.2937
2026-05-08T19:37:16.416,3.0353,1.2177,-4.5190,0.0040,0.9577,-0.0060,-0.2876
2026-05-08T19:37:16.430,3.0024,1.2176,-4.5677,0.0040,0.9597,-0.0060,-0.2810
2026-05-08T19:37:16.444,2.9745,1.2176,-4.6115,0.0039,0.9614,-0.0061,-0.2752
2026-05-08T19:37:16.457,2.9437,1.2176,-4.6609,0.0040,0.9633,-0.0059,-0.2684
2026-05-08T19:37:16.473,2.9151,1.2176,-4.7071,0.0041,0.9650,-0.0060,-0.2621
2026-05-08T19:37:16.486,2.8880,1.2176,-4.7534,0.0041,0.9667,-0.0059,-0.2559
2026-05-08T19:37:16.499,2.8572,1.2176,-4.8077,0.0042,0.9686,-0.0059,-0.2487
2026-05-08T19:37:16.514,2.8308,1.2176,-4.8543,0.0042,0.9701,-0.0059,-0.2427
2026-05-08T19:37:16.527,2.8043,1.2176,-4.9041,0.0041,0.9716,-0.0058,-0.2364
2026-05-08T19:37:16.541,2.7790,1.2176,-4.9531,0.0041,0.9731,-0.0058,-0.2302
2026-05-08T19:37:16.555,2.7538,1.2176,-5.0020,0.0042,0.9746,-0.0057,-0.2239
2026-05-08T19:37:16.569,2.7300,1.2177,-5.0512,0.0043,0.9760,-0.0057,-0.2177
2026-05-08T19:37:16.583,2.7055,1.2177,-5.1036,0.0044,0.9774,-0.0057,-0.2111
2026-05-08T19:37:16.596,2.6818,1.2177,-5.1558,0.0044,0.9788,-0.0055,-0.2046
2026-05-08T19:37:16.610,2.6600,1.2176,-5.2044,0.0046,0.9800,-0.0054,-0.1987
2026-05-08T19:37:16.624,2.6383,1.2176,-5.2561,0.0047,0.9813,-0.0052,-0.1924
2026-05-08T19:37:16.637,2.6180,1.2176,-5.3058,0.0048,0.9824,-0.0050,-0.1864
2026-05-08T19:37:16.651,2.5965,1.2176,-5.3589,0.0049,0.9836,-0.0050,-0.1801
2026-05-08T19:37:16.665,2.5774,1.2175,-5.4093,0.0049,0.9847,-0.0050,-0.1741
2026-05-08T19:37:16.679,2.5569,1.2175,-5.4653,0.0048,0.9858,-0.0049,-0.1675
2026-05-08T19:37:16.692,2.5384,1.2175,-5.5162,0.0049,0.9868,-0.0048,-0.1619
2026-05-08T19:37:16.706,2.5203,1.2175,-5.5697,0.0049,0.9877,-0.0048,-0.1561
2026-05-08T19:37:16.719,2.5027,1.2176,-5.6237,0.0049,0.9886,-0.0048,-0.1504
2026-05-08T19:37:16.733,2.4852,1.2176,-5.6780,0.0048,0.9894,-0.0047,-0.1449
2026-05-08T19:37:16.748,2.4692,1.2176,-5.7312,0.0048,0.9902,-0.0049,-0.1397
2026-05-08T19:37:16.763,2.4517,1.2176,-5.7921,0.0048,0.9910,-0.0048,-0.1339
2026-05-08T19:37:16.778,2.4348,1.2176,-5.8511,0.0049,0.9916,-0.0047,-0.1289
2026-05-08T19:37:16.794,2.4174,1.2176,-5.9167,0.0050,0.9923,-0.0047,-0.1236
2026-05-08T19:37:16.811,2.4005,1.2176,-5.9834,0.0050,0.9929,-0.0046,-0.1184
2026-05-08T19:37:16.829,2.3824,1.2176,-6.0582,0.0050,0.9936,-0.0047,-0.1127
2026-05-08T19:37:16.847,2.3658,1.2175,-6.1301,0.0050,0.9942,-0.0047,-0.1077
2026-05-08T19:37:16.864,2.3483,1.2175,-6.2098,0.0049,0.9947,-0.0048,-0.1023
2026-05-08T19:37:16.880,2.3317,1.2175,-6.2872,0.0049,0.9953,-0.0048,-0.0969
2026-05-08T19:37:16.897,2.3157,1.2175,-6.3685,0.0050,0.9958,-0.0048,-0.0914
2026-05-08T19:37:16.913,2.3019,1.2175,-6.4428,0.0050,0.9962,-0.0047,-0.0863
2026-05-08T19:37:16.930,2.2891,1.2176,-6.5159,0.0051,0.9967,-0.0046,-0.0813
2026-05-08T19:37:16.947,2.2774,1.2176,-6.5875,0.0051,0.9971,-0.0046,-0.0764
2026-05-08T19:37:16.963,2.2652,1.2176,-6.6663,0.0052,0.9974,-0.0044,-0.0711
2026-05-08T19:37:16.981,2.2540,1.2176,-6.7406,0.0052,0.9978,-0.0042,-0.0662
2026-05-08T19:37:16.999,2.2431,1.2176,-6.8229,0.0052,0.9981,-0.0041,-0.0608
2026-05-08T19:37:17.014,2.2340,1.2176,-6.8977,0.0053,0.9984,-0.0038,-0.0561
2026-05-08T19:37:17.030,2.2247,1.2176,-6.9800,0.0054,0.9987,-0.0037,-0.0508
2026-05-08T19:37:17.046,2.2177,1.2176,-7.0495,0.0053,0.9989,-0.0039,-0.0463
2026-05-08T19:37:17.062,2.2107,1.2175,-7.1245,0.0054,0.9991,-0.0038,-0.0415
2026-05-08T19:37:17.080,2.2040,1.2175,-7.1993,0.0054,0.9993,-0.0038,-0.0366
2026-05-08T19:37:17.098,2.1985,1.2175,-7.2751,0.0056,0.9995,-0.0036,-0.0320
2026-05-08T19:37:17.114,2.1933,1.2176,-7.3554,0.0058,0.9996,-0.0035,-0.0271
2026-05-08T19:37:17.131,2.1888,1.2177,-7.4381,0.0058,0.9997,-0.0034,-0.0223
2026-05-08T19:37:17.147,2.1852,1.2177,-7.5182,0.0057,0.9998,-0.0033,-0.0180
2026-05-08T19:37:17.164,2.1823,1.2176,-7.5977,0.0056,0.9999,-0.0034,-0.0138
2026-05-08T19:37:17.180,2.1798,1.2176,-7.6725,0.0056,0.9999,-0.0034,-0.0101
2026-05-08T19:37:17.195,2.1782,1.2176,-7.7535,0.0056,1.0000,-0.0034,-0.0061
2026-05-08T19:37:17.211,2.1773,1.2177,-7.8266,0.0056,1.0000,-0.0033,-0.0027
2026-05-08T19:37:17.226,2.1769,1.2177,-7.8996,0.0057,1.0000,-0.0033,0.0008
2026-05-08T19:37:17.244,2.1770,1.2177,-7.9733,0.0057,1.0000,-0.0031,0.0042
2026-05-08T19:37:17.263,2.1773,1.2177,-8.0527,0.0057,0.9999,-0.0031,0.0077
2026-05-08T19:37:17.279,2.1786,1.2177,-8.1368,0.0058,0.9999,-0.0031,0.0104
2026-05-08T19:37:17.295,2.1806,1.2177,-8.2313,0.0058,0.9999,-0.0029,0.0104
2026-05-08T19:37:17.312,2.1821,1.2178,-8.3086,0.0058,0.9999,-0.0027,0.0103
2026-05-08T19:37:17.328,2.1838,1.2178,-8.3908,0.0059,0.9999,-0.0024,0.0100
2026-05-08T19:37:17.343,2.1854,1.2178,-8.4696,0.0059,0.9999,-0.0023,0.0097
2026-05-08T19:37:17.359,2.1869,1.2178,-8.5494,0.0059,0.9999,-0.0022,0.0096
2026-05-08T19:37:17.375,2.1884,1.2178,-8.6257,0.0058,0.9999,-0.0024,0.0095
2026-05-08T19:37:17.390,2.1899,1.2179,-8.7085,0.0058,0.9999,-0.0020,0.0090
2026-05-08T19:37:17.405,2.1912,1.2179,-8.7845,0.0057,0.9999,-0.0018,0.0088
2026-05-08T19:37:17.421,2.1925,1.2180,-8.8582,0.0059,0.9999,-0.0013,0.0080
2026-05-08T19:37:17.440,2.1937,1.2181,-8.9348,0.0061,1.0000,-0.0003,0.0074
2026-05-08T19:37:17.456,2.1947,1.2182,-9.0144,0.0070,1.0000,0.0015,0.0062
2026-05-08T19:37:17.474,2.1957,1.2185,-9.1076,0.0077,1.0000,0.0042,0.0035
2026-05-08T19:37:17.489,2.1960,1.2186,-9.1886,0.0082,1.0000,0.0054,0.0015
2026-05-08T19:37:17.505,2.1960,1.2187,-9.2743,0.0086,0.9999,0.0059,-0.0007
2026-05-08T19:37:17.521,2.1956,1.2188,-9.3538,0.0084,0.9999,0.0061,-0.0026
2026-05-08T19:37:17.539,2.1949,1.2188,-9.4356,0.0085,0.9999,0.0061,-0.0046
2026-05-08T19:37:17.554,2.1938,1.2189,-9.5124,0.0085,0.9999,0.0058,-0.0066
2026-05-08T19:37:17.570,2.1924,1.2189,-9.5980,0.0084,0.9999,0.0059,-0.0085
2026-05-08T19:37:17.585,2.1904,1.2189,-9.6698,0.0083,0.9999,0.0060,-0.0122
2026-05-08T19:37:17.600,2.1881,1.2189,-9.7492,0.0084,0.9998,0.0067,-0.0143
2026-05-08T19:37:17.615,2.1858,1.2190,-9.8244,0.0083,0.9998,0.0067,-0.0164
2026-05-08T19:37:17.631,2.1832,1.2191,-9.9015,0.0082,0.9998,0.0071,-0.0177
2026-05-08T19:37:17.647,2.1803,1.2191,-9.9754,0.0082,0.9997,0.0068,-0.0217
2026-05-08T19:37:17.663,2.1766,1.2191,-10.0552,0.0079,0.9996,0.0072,-0.0258
2026-05-08T19:37:17.679,2.1727,1.2191,-10.1292,0.0079,0.9995,0.0074,-0.0294
2026-05-08T19:37:17.694,2.1675,1.2191,-10.2071,0.0074,0.9993,0.0075,-0.0349
2026-05-08T19:37:17.710,2.1616,1.2190,-10.2868,0.0072,0.9992,0.0078,-0.0389
2026-05-08T19:37:17.725,2.1556,1.2192,-10.3603,0.0073,0.9990,0.0078,-0.0431
2026-05-08T19:37:17.739,2.1489,1.2192,-10.4332,0.0073,0.9988,0.0083,-0.0472
2026-05-08T19:37:17.754,2.1416,1.2191,-10.5079,0.0070,0.9986,0.0096,-0.0519
2026-05-08T19:37:17.768,2.1342,1.2193,-10.5753,0.0070,0.9983,0.0098,-0.0565
2026-05-08T19:37:17.783,2.1247,1.2194,-10.6538,0.0069,0.9980,0.0109,-0.0621
2026-05-08T19:37:17.797,2.1151,1.2193,-10.7263,0.0070,0.9976,0.0124,-0.0673
2026-05-08T19:37:17.812,2.1062,1.2196,-10.7900,0.0065,0.9972,0.0129,-0.0736
2026-05-08T19:37:17.827,2.0946,1.2194,-10.8637,0.0067,0.9967,0.0153,-0.0794
2026-05-08T19:37:17.841,2.0830,1.2192,-10.9317,0.0075,0.9961,0.0175,-0.0860
2026-05-08T19:37:17.855,2.0705,1.2199,-11.0028,0.0074,0.9955,0.0164,-0.0931
2026-05-08T19:37:17.869,2.0569,1.2197,-11.0717,0.0080,0.9949,0.0176,-0.0990
2026-05-08T19:37:17.883,2.0431,1.2198,-11.1370,0.0084,0.9944,0.0177,-0.1041
2026-05-08T19:37:17.897,2.0283,1.2195,-11.2045,0.0083,0.9938,0.0181,-0.1095
2026-05-08T19:37:17.912,2.0142,1.2194,-11.2669,0.0085,0.9931,0.0180,-0.1153
2026-05-08T19:37:17.926,1.9980,1.2194,-11.3338,0.0084,0.9924,0.0173,-0.1216
2026-05-08T19:37:17.939,1.9825,1.2192,-11.3943,0.0088,0.9915,0.0172,-0.1289
2026-05-08T19:37:17.954,1.9655,1.2193,-11.4582,0.0083,0.9905,0.0164,-0.1363
2026-05-08T19:37:17.967,1.9498,1.2194,-11.5129,0.0085,0.9895,0.0159,-0.1436
2026-05-08T19:37:17.981,1.9319,1.2194,-11.5721,0.0089,0.9884,0.0162,-0.1511
2026-05-08T19:37:17.996,1.9136,1.2193,-11.6310,0.0092,0.9872,0.0159,-0.1585
2026-05-08T19:37:18.010,1.8963,1.2192,-11.6825,0.0094,0.9860,0.0161,-0.1657
2026-05-08T19:37:18.024,1.8759,1.2192,-11.7403,0.0097,0.9847,0.0160,-0.1734
2026-05-08T19:37:18.038,1.8562,1.2191,-11.7938,0.0096,0.9833,0.0157,-0.1810
2026-05-08T19:37:18.052,1.8363,1.2191,-11.8466,0.0095,0.9819,0.0153,-0.1887
2026-05-08T19:37:18.066,1.8153,1.2191,-11.8985,0.0096,0.9804,0.0150,-0.1962
2026-05-08T19:37:18.079,1.7939,1.2191,-11.9494,0.0096,0.9789,0.0146,-0.2038
2026-05-08T19:37:18.093,1.7700,1.2190,-12.0051,0.0095,0.9772,0.0145,-0.2118
2026-05-08T19:37:18.107,1.7505,1.2190,-12.0473,0.0096,0.9757,0.0142,-0.2184
2026-05-08T19:37:18.121,1.7272,1.2190,-12.0965,0.0096,0.9739,0.0141,-0.2262
2026-05-08T19:37:18.136,1.7046,1.2190,-12.1436,0.0097,0.9720,0.0139,-0.2342
2026-05-08T19:37:18.150,1.6825,1.2189,-12.1864,0.0098,0.9701,0.0139,-0.2421
2026-05-08T19:37:18.165,1.6577,1.2189,-12.2328,0.0100,0.9679,0.0138,-0.2507
2026-05-08T19:37:18.179,1.6357,1.2189,-12.2721,0.0101,0.9657,0.0137,-0.2589
2026-05-08T19:37:18.193,1.6121,1.2189,-12.3141,0.0102,0.9633,0.0134,-0.2679
2026-05-08T19:37:18.207,1.5896,1.2188,-12.3513,0.0102,0.9609,0.0133,-0.2762
2026-05-08T19:37:18.222,1.5651,1.2188,-12.3903,0.0103,0.9584,0.0132,-0.2848
2026-05-08T19:37:18.236,1.5425,1.2187,-12.4261,0.0101,0.9558,0.0129,-0.2934
2026-05-08T19:37:18.250,1.5171,1.2187,-12.4634,0.0101,0.9532,0.0126,-0.3020
2026-05-08T19:37:18.264,1.4915,1.2186,-12.4996,0.0102,0.9505,0.0126,-0.3104
2026-05-08T19:37:18.277,1.4663,1.2186,-12.5340,0.0102,0.9478,0.0124,-0.3184
2026-05-08T19:37:18.291,1.4414,1.2186,-12.5679,0.0102,0.9451,0.0122,-0.3264
2026-05-08T19:37:18.306,1.4153,1.2186,-12.6013,0.0102,0.9424,0.0120,-0.3342
2026-05-08T19:37:18.321,1.3870,1.2186,-12.6363,0.0101,0.9395,0.0116,-0.3423
2026-05-08T19:37:18.336,1.3581,1.2186,-12.6719,0.0102,0.9364,0.0116,-0.3507
2026-05-08T19:37:18.349,1.3297,1.2186,-12.7046,0.0102,0.9334,0.0114,-0.3585
2026-05-08T19:37:18.363,1.2970,1.2186,-12.7409,0.0104,0.9300,0.0112,-0.3671
2026-05-08T19:37:18.376,1.2694,1.2186,-12.7705,0.0104,0.9271,0.0111,-0.3745
2026-05-08T19:37:18.390,1.2393,1.2186,-12.8026,0.0105,0.9238,0.0108,-0.3826
2026-05-08T19:37:18.405,1.2115,1.2185,-12.8306,0.0106,0.9208,0.0106,-0.3897
2026-05-08T19:37:18.418,1.1804,1.2185,-12.8608,0.0108,0.9175,0.0103,-0.3974
2026-05-08T19:37:18.436,1.1496,1.2185,-12.8908,0.0108,0.9142,0.0103,-0.4051
2026-05-08T19:37:18.454,1.1184,1.2185,-12.9193,0.0107,0.9108,0.0101,-0.4126
2026-05-08T19:37:18.470,1.0743,1.2185,-12.9581,0.0107,0.9060,0.0100,-0.4230
2026-05-08T19:37:18.485,1.0333,1.2184,-12.9927,0.0109,0.9016,0.0098,-0.4323
2026-05-08T19:37:18.500,0.9959,1.2185,-13.0228,0.0111,0.8974,0.0098,-0.4409
2026-05-08T19:37:18.515,0.9603,1.2186,-13.0515,0.0114,0.8934,0.0097,-0.4490
2026-05-08T19:37:18.529,0.9229,1.2187,-13.0794,0.0115,0.8893,0.0096,-0.4571
2026-05-08T19:37:18.543,0.8851,1.2187,-13.1066,0.0118,0.8851,0.0097,-0.4651
2026-05-08T19:37:18.556,0.8498,1.2187,-13.1311,0.0120,0.8811,0.0096,-0.4726
2026-05-08T19:37:18.571,0.8146,1.2187,-13.1555,0.0122,0.8771,0.0095,-0.4800
2026-05-08T19:37:18.586,0.7799,1.2187,-13.1778,0.0123,0.8732,0.0096,-0.4871
2026-05-08T19:37:18.598,0.7422,1.2187,-13.2012,0.0125,0.8688,0.0096,-0.4948
2026-05-08T19:37:18.613,0.7000,1.2187,-13.2272,0.0126,0.8638,0.0093,-0.5036
2026-05-08T19:37:18.627,0.6684,1.2187,-13.2452,0.0127,0.8602,0.0094,-0.5098
2026-05-08T19:37:18.642,0.6296,1.2187,-13.2665,0.0126,0.8555,0.0091,-0.5175
2026-05-08T19:37:18.659,0.5920,1.2187,-13.2871,0.0125,0.8509,0.0091,-0.5250
2026-05-08T19:37:18.677,0.5533,1.2186,-13.3066,0.0125,0.8461,0.0091,-0.5328
2026-05-08T19:37:18.692,0.5069,1.2186,-13.3289,0.0124,0.8399,0.0090,-0.5425
2026-05-08T19:37:18.707,0.4609,1.2186,-13.3497,0.0122,0.8337,0.0088,-0.5520
2026-05-08T19:37:18.720,0.4225,1.2187,-13.3660,0.0123,0.8283,0.0088,-0.5601
2026-05-08T19:37:18.735,0.3844,1.2187,-13.3822,0.0124,0.8228,0.0087,-0.5681
2026-05-08T19:37:18.750,0.3506,1.2188,-13.3951,0.0126,0.8180,0.0086,-0.5750
2026-05-08T19:37:18.765,0.3102,1.2188,-13.4097,0.0128,0.8122,0.0084,-0.5831
2026-05-08T19:37:18.778,0.2734,1.2188,-13.4222,0.0130,0.8068,0.0082,-0.5906
2026-05-08T19:37:18.793,0.2347,1.2188,-13.4354,0.0131,0.8009,0.0080,-0.5986
2026-05-08T19:37:18.808,0.1999,1.2188,-13.4457,0.0132,0.7954,0.0079,-0.6059
2026-05-08T19:37:18.824,0.1639,1.2189,-13.4555,0.0133,0.7896,0.0078,-0.6135
2026-05-08T19:37:18.841,0.1279,1.2189,-13.4656,0.0132,0.7834,0.0077,-0.6214
2026-05-08T19:37:18.855,0.0889,1.2188,-13.4747,0.0130,0.7766,0.0075,-0.6299
2026-05-08T19:37:18.871,0.0473,1.2188,-13.4835,0.0129,0.7692,0.0075,-0.6388
2026-05-08T19:37:18.885,0.0131,1.2188,-13.4900,0.0130,0.7630,0.0072,-0.6462
2026-05-08T19:37:18.899,-0.0243,1.2188,-13.4963,0.0131,0.7562,0.0071,-0.6542
2026-05-08T19:37:18.913,-0.0558,1.2188,-13.5018,0.0131,0.7501,0.0069,-0.6612
2026-05-08T19:37:18.927,-0.0890,1.2188,-13.5061,0.0132,0.7435,0.0069,-0.6686
2026-05-08T19:37:18.941,-0.1196,1.2188,-13.5094,0.0132,0.7373,0.0068,-0.6754
2026-05-08T19:37:18.956,-0.1506,1.2189,-13.5129,0.0134,0.7306,0.0066,-0.6826
2026-05-08T19:37:18.971,-0.1805,1.2189,-13.5150,0.0135,0.7241,0.0064,-0.6896
2026-05-08T19:37:18.985,-0.2130,1.2189,-13.5167,0.0135,0.7164,0.0064,-0.6975
2026-05-08T19:37:18.999,-0.2423,1.2189,-13.5174,0.0136,0.7092,0.0062,-0.7049
2026-05-08T19:37:19.014,-0.2703,1.2188,-13.5185,0.0136,0.7020,0.0060,-0.7120
2026-05-08T19:37:19.028,-0.2984,1.2188,-13.5181,0.0137,0.6949,0.0059,-0.7189
2026-05-08T19:37:19.041,-0.3274,1.2188,-13.5172,0.0137,0.6875,0.0058,-0.7260
2026-05-08T19:37:19.056,-0.3563,1.2188,-13.5165,0.0138,0.6799,0.0057,-0.7332
2026-05-08T19:37:19.070,-0.3826,1.2188,-13.5145,0.0139,0.6730,0.0056,-0.7395
2026-05-08T19:37:19.085,-0.4112,1.2188,-13.5118,0.0139,0.6655,0.0055,-0.7463
2026-05-08T19:37:19.101,-0.4401,1.2188,-13.5084,0.0139,0.6577,0.0054,-0.7531
2026-05-08T19:37:19.116,-0.4685,1.2188,-13.5053,0.0138,0.6499,0.0052,-0.7599
2026-05-08T19:37:19.130,-0.5032,1.2188,-13.4998,0.0136,0.6404,0.0051,-0.7679
2026-05-08T19:37:19.144,-0.5319,1.2188,-13.4945,0.0136,0.6325,0.0049,-0.7744
2026-05-08T19:37:19.158,-0.5615,1.2188,-13.4885,0.0136,0.6241,0.0047,-0.7812
2026-05-08T19:37:19.173,-0.5874,1.2188,-13.4836,0.0137,0.6166,0.0045,-0.7871
2026-05-08T19:37:19.186,-0.6155,1.2188,-13.4767,0.0137,0.6085,0.0043,-0.7934
2026-05-08T19:37:19.199,-0.6439,1.2188,-13.4691,0.0138,0.6002,0.0042,-0.7998
2026-05-08T19:37:19.213,-0.6674,1.2188,-13.4632,0.0138,0.5931,0.0041,-0.8050
2026-05-08T19:37:19.228,-0.6929,1.2188,-13.4553,0.0137,0.5854,0.0039,-0.8106
2026-05-08T19:37:19.242,-0.7196,1.2188,-13.4465,0.0138,0.5773,0.0039,-0.8164
2026-05-08T19:37:19.256,-0.7495,1.2188,-13.4360,0.0138,0.5682,0.0038,-0.8228
2026-05-08T19:37:19.270,-0.7739,1.2188,-13.4278,0.0139,0.5604,0.0037,-0.8281
2026-05-08T19:37:19.284,-0.8000,1.2187,-13.4174,0.0140,0.5521,0.0037,-0.8336
2026-05-08T19:37:19.298,-0.8275,1.2187,-13.4057,0.0140,0.5432,0.0035,-0.8395
2026-05-08T19:37:19.312,-0.8545,1.2187,-13.3945,0.0139,0.5355,0.0034,-0.8444
2026-05-08T19:37:19.326,-0.8871,1.2186,-13.3791,0.0139,0.5271,0.0033,-0.8497
2026-05-08T19:37:19.339,-0.9176,1.2186,-13.3640,0.0139,0.5195,0.0032,-0.8543
2026-05-08T19:37:19.354,-0.9509,1.2186,-13.3477,0.0138,0.5118,0.0032,-0.8590
2026-05-08T19:37:19.367,-0.9835,1.2186,-13.3300,0.0137,0.5045,0.0032,-0.8633
2026-05-08T19:37:19.381,-1.0206,1.2186,-13.3092,0.0137,0.4968,0.0029,-0.8677
2026-05-08T19:37:19.395,-1.0627,1.2186,-13.2845,0.0138,0.4892,0.0029,-0.8721
2026-05-08T19:37:19.409,-1.0988,1.2186,-13.2634,0.0139,0.4832,0.0027,-0.8754
2026-05-08T19:37:19.424,-1.1456,1.2186,-13.2340,0.0140,0.4769,0.0026,-0.8788
2026-05-08T19:37:19.437,-1.1912,1.2186,-13.2044,0.0141,0.4716,0.0023,-0.8817
2026-05-08T19:37:19.451,-1.2430,1.2186,-13.1706,0.0142,0.4659,0.0023,-0.8847
2026-05-08T19:37:19.465,-1.2936,1.2186,-13.1359,0.0141,0.4617,0.0021,-0.8869
2026-05-08T19:37:19.478,-1.3453,1.2186,-13.0997,0.0141,0.4581,0.0021,-0.8888
2026-05-08T19:37:19.492,-1.4006,1.2186,-13.0608,0.0141,0.4557,0.0019,-0.8900
2026-05-08T19:37:19.506,-1.4517,1.2186,-13.0240,0.0141,0.4535,0.0020,-0.8911
2026-05-08T19:37:19.520,-1.5067,1.2186,-12.9840,0.0141,0.4515,0.0019,-0.8922
2026-05-08T19:37:19.535,-1.5617,1.2186,-12.9438,0.0141,0.4515,0.0018,-0.8922
2026-05-08T19:37:19.548,-1.6155,1.2187,-12.9044,0.0141,0.4516,0.0018,-0.8921
2026-05-08T19:37:19.562,-1.6795,1.2187,-12.8574,0.0142,0.4516,0.0018,-0.8921
2026-05-08T19:37:19.576,-1.7295,1.2187,-12.8208,0.0142,0.4516,0.0018,-0.8921
2026-05-08T19:37:19.590,-1.7896,1.2187,-12.7767,0.0142,0.4517,0.0018,-0.8920
2026-05-08T19:37:19.604,-1.8416,1.2187,-12.7385,0.0142,0.4517,0.0018,-0.8920
2026-05-08T19:37:19.618,-1.8997,1.2187,-12.6960,0.0142,0.4517,0.0018,-0.8920
2026-05-08T19:37:19.633,-1.9538,1.2187,-12.6564,0.0142,0.4538,0.0019,-0.8910
2026-05-08T19:37:19.649,-2.0086,1.2187,-12.6166,0.0143,0.4568,0.0019,-0.8895
2026-05-08T19:37:19.663,-2.0644,1.2187,-12.5767,0.0144,0.4600,0.0018,-0.8878
2026-05-08T19:37:19.676,-2.1261,1.2187,-12.5333,0.0144,0.4638,0.0019,-0.8858
2026-05-08T19:37:19.691,-2.1784,1.2187,-12.4966,0.0145,0.4670,0.0019,-0.8841
2026-05-08T19:37:19.706,-2.2301,1.2187,-12.4613,0.0145,0.4702,0.0020,-0.8825
2026-05-08T19:37:19.719,-2.2881,1.2187,-12.4224,0.0146,0.4737,0.0021,-0.8805
2026-05-08T19:37:19.733,-2.3485,1.2187,-12.3821,0.0146,0.4775,0.0022,-0.8785
2026-05-08T19:37:19.747,-2.3988,1.2188,-12.3495,0.0147,0.4806,0.0021,-0.8768
2026-05-08T19:37:19.761,-2.4555,1.2188,-12.3134,0.0147,0.4841,0.0022,-0.8749
2026-05-08T19:37:19.776,-2.5110,1.2188,-12.2782,0.0147,0.4874,0.0023,-0.8730
2026-05-08T19:37:19.790,-2.5648,1.2188,-12.2452,0.0147,0.4907,0.0024,-0.8712
2026-05-08T19:37:19.804,-2.6247,1.2188,-12.2089,0.0146,0.4942,0.0024,-0.8692
2026-05-08T19:37:19.817,-2.6819,1.2188,-12.1750,0.0147,0.4975,0.0024,-0.8673
2026-05-08T19:37:19.832,-2.7403,1.2188,-12.1405,0.0147,0.5009,0.0024,-0.8653
2026-05-08T19:37:19.846,-2.7926,1.2188,-12.1105,0.0148,0.5040,0.0023,-0.8636
2026-05-08T19:37:19.860,-2.8528,1.2188,-12.0766,0.0148,0.5075,0.0023,-0.8615
2026-05-08T19:37:19.874,-2.9109,1.2188,-12.0440,0.0149,0.5109,0.0023,-0.8595
2026-05-08T19:37:19.888,-2.9694,1.2188,-12.0123,0.0149,0.5142,0.0023,-0.8575
2026-05-08T19:37:19.902,-3.0260,1.2189,-11.9821,0.0149,0.5174,0.0024,-0.8556
2026-05-08T19:37:19.917,-3.0850,1.2189,-11.9507,0.0148,0.5206,0.0024,-0.8537
2026-05-08T19:37:19.930,-3.1434,1.2189,-11.9207,0.0149,0.5236,0.0025,-0.8518
2026-05-08T19:37:19.944,-3.2051,1.2189,-11.8895,0.0149,0.5268,0.0026,-0.8498
2026-05-08T19:37:19.957,-3.2624,1.2189,-11.8611,0.0149,0.5296,0.0027,-0.8481
2026-05-08T19:37:19.972,-3.3242,1.2189,-11.8305,0.0149,0.5324,0.0027,-0.8464
2026-05-08T19:37:19.985,-3.3778,1.2189,-11.8048,0.0148,0.5346,0.0028,-0.8449
2026-05-08T19:37:19.999,-3.4469,1.2189,-11.7721,0.0148,0.5371,0.0028,-0.8434
2026-05-08T19:37:20.013,-3.5031,1.2189,-11.7456,0.0146,0.5389,0.0029,-0.8422
2026-05-08T19:37:20.027,-3.5669,1.2188,-11.7161,0.0143,0.5409,0.0030,-0.8410
2026-05-08T19:37:20.040,-3.6276,1.2188,-11.6885,0.0142,0.5408,0.0030,-0.8410
2026-05-08T19:37:20.055,-3.6893,1.2188,-11.6604,0.0143,0.5408,0.0029,-0.8410
2026-05-08T19:37:20.069,-3.7520,1.2188,-11.6318,0.0144,0.5409,0.0029,-0.8410
2026-05-08T19:37:20.083,-3.8154,1.2188,-11.6030,0.0145,0.5408,0.0028,-0.8410
2026-05-08T19:37:20.096,-3.8799,1.2189,-11.5736,0.0146,0.5409,0.0028,-0.8409
2026-05-08T19:37:20.110,-3.9435,1.2189,-11.5446,0.0147,0.5410,0.0028,-0.8409
2026-05-08T19:37:20.124,-4.0007,1.2189,-11.5185,0.0147,0.5411,0.0027,-0.8408
2026-05-08T19:37:20.138,-4.0666,1.2189,-11.4885,0.0147,0.5412,0.0028,-0.8408
2026-05-08T19:37:20.152,-4.1294,1.2189,-11.4599,0.0147,0.5413,0.0027,-0.8407
2026-05-08T19:37:20.167,-4.1928,1.2189,-11.4311,0.0146,0.5414,0.0027,-0.8406
2026-05-08T19:37:20.180,-4.2523,1.2189,-11.4041,0.0145,0.5415,0.0027,-0.8406
2026-05-08T19:37:20.194,-4.3224,1.2189,-11.3723,0.0144,0.5416,0.0027,-0.8405
2026-05-08T19:37:20.208,-4.3794,1.2188,-11.3464,0.0144,0.5416,0.0028,-0.8405
2026-05-08T19:37:20.222,-4.4447,1.2188,-11.3168,0.0144,0.5417,0.0028,-0.8405
2026-05-08T19:37:20.235,-4.5053,1.2188,-11.2893,0.0144,0.5417,0.0028,-0.8404
2026-05-08T19:37:20.249,-4.5682,1.2188,-11.2609,0.0144,0.5417,0.0029,-0.8405
2026-05-08T19:37:20.263,-4.6310,1.2188,-11.2324,0.0145,0.5417,0.0030,-0.8405
2026-05-08T19:37:20.277,-4.6921,1.2188,-11.2047,0.0145,0.5417,0.0029,-0.8404
2026-05-08T19:37:20.291,-4.7533,1.2188,-11.1770,0.0145,0.5417,0.0029,-0.8404
2026-05-08T19:37:20.305,-4.8171,1.2188,-11.1481,0.0145,0.5417,0.0029,-0.8404
2026-05-08T19:37:20.318,-4.8779,1.2188,-11.1205,0.0145,0.5417,0.0029,-0.8404
2026-05-08T19:37:20.332,-4.9408,1.2188,-11.0920,0.0146,0.5395,0.0028,-0.8418
2026-05-08T19:37:20.346,-4.9937,1.2188,-11.0677,0.0146,0.5368,0.0027,-0.8436
2026-05-08T19:37:20.359,-5.0466,1.2187,-11.0429,0.0145,0.5330,0.0027,-0.8460
2026-05-08T19:37:20.378,-5.0769,1.2187,-11.0289,0.0145,0.5278,0.0026,-0.8493
2026-05-08T19:37:20.388,-5.1066,1.2187,-11.0142,0.0144,0.5204,0.0024,-0.8538
2026-05-08T19:37:20.401,-5.1351,1.2187,-10.9995,0.0143,0.5087,0.0023,-0.8608
2026-05-08T19:37:20.416,-5.1477,1.2187,-10.9939,0.0143,0.5024,0.0022,-0.8645
2026-05-08T19:37:20.429,-5.1624,1.2186,-10.9855,0.0143,0.4934,0.0022,-0.8697
2026-05-08T19:37:20.444,-5.1707,1.2186,-10.9806,0.0141,0.4837,0.0020,-0.8751
2026-05-08T19:37:20.456,-5.1756,1.2186,-10.9775,0.0141,0.4745,0.0018,-0.8801
2026-05-08T19:37:20.470,-5.1772,1.2186,-10.9775,0.0142,0.4644,0.0016,-0.8855
2026-05-08T19:37:20.483,-5.1772,1.2186,-10.9775,0.0142,0.4561,0.0013,-0.8898
2026-05-08T19:37:20.497,-5.1757,1.2186,-10.9785,0.0143,0.4455,0.0011,-0.8952
2026-05-08T19:37:20.512,-5.1740,1.2187,-10.9811,0.0142,0.4367,0.0009,-0.8995
2026-05-08T19:37:20.526,-5.1718,1.2187,-10.9827,0.0142,0.4266,0.0007,-0.9044
2026-05-08T19:37:20.539,-5.1675,1.2187,-10.9862,0.0141,0.4161,0.0005,-0.9092
2026-05-08T19:37:20.554,-5.1623,1.2186,-10.9921,0.0141,0.4066,0.0004,-0.9135
2026-05-08T19:37:20.568,-5.1563,1.2186,-10.9974,0.0141,0.3968,0.0002,-0.9178
2026-05-08T19:37:20.581,-5.1494,1.2186,-11.0039,0.0141,0.3864,0.0000,-0.9222
2026-05-08T19:37:20.595,-5.1418,1.2186,-11.0114,0.0141,0.3756,-0.0001,-0.9267
2026-05-08T19:37:20.608,-5.1353,1.2186,-11.0195,0.0140,0.3667,-0.0002,-0.9302
2026-05-08T19:37:20.622,-5.1277,1.2185,-11.0276,0.0139,0.3572,-0.0004,-0.9339
2026-05-08T19:37:20.636,-5.1198,1.2185,-11.0364,0.0140,0.3474,-0.0004,-0.9376
2026-05-08T19:37:20.650,-5.1120,1.2185,-11.0468,0.0139,0.3374,-0.0005,-0.9413
2026-05-08T19:37:20.664,-5.1038,1.2184,-11.0567,0.0137,0.3267,-0.0005,-0.9450
2026-05-08T19:37:20.677,-5.0965,1.2184,-11.0659,0.0135,0.3168,-0.0006,-0.9484
2026-05-08T19:37:20.692,-5.0892,1.2184,-11.0770,0.0132,0.3064,-0.0007,-0.9518
2026-05-08T19:37:20.706,-5.0820,1.2184,-11.0868,0.0132,0.2966,-0.0007,-0.9549
2026-05-08T19:37:20.719,-5.0741,1.2184,-11.0982,0.0132,0.2854,-0.0009,-0.9583
2026-05-08T19:37:20.734,-5.0676,1.2184,-11.1098,0.0131,0.2754,-0.0011,-0.9613
2026-05-08T19:37:20.748,-5.0611,1.2184,-11.1201,0.0131,0.2656,-0.0013,-0.9640
2026-05-08T19:37:20.763,-5.0537,1.2184,-11.1325,0.0131,0.2542,-0.0014,-0.9671
2026-05-08T19:37:20.778,-5.0479,1.2184,-11.1448,0.0130,0.2438,-0.0015,-0.9697
2026-05-08T19:37:20.792,-5.0412,1.2184,-11.1571,0.0129,0.2326,-0.0015,-0.9725
2026-05-08T19:37:20.807,-5.0346,1.2183,-11.1699,0.0127,0.2209,-0.0016,-0.9752
2026-05-08T19:37:20.820,-5.0289,1.2183,-11.1816,0.0124,0.2105,-0.0015,-0.9775
2026-05-08T19:37:20.835,-5.0238,1.2182,-11.1948,0.0122,0.1995,-0.0015,-0.9798
2026-05-08T19:37:20.850,-5.0188,1.2182,-11.2066,0.0122,0.1892,-0.0015,-0.9819
2026-05-08T19:37:20.865,-5.0133,1.2182,-11.2201,0.0121,0.1774,-0.0017,-0.9841
2026-05-08T19:37:20.880,-5.0087,1.2182,-11.2323,0.0120,0.1668,-0.0015,-0.9859
2026-05-08T19:37:20.896,-5.0046,1.2182,-11.2469,0.0120,0.1549,-0.0017,-0.9878
2026-05-08T19:37:20.911,-5.0003,1.2182,-11.2603,0.0120,0.1434,-0.0018,-0.9896
2026-05-08T19:37:20.926,-4.9958,1.2182,-11.2752,0.0120,0.1307,-0.0019,-0.9914
2026-05-08T19:37:20.940,-4.9923,1.2182,-11.2883,0.0120,0.1196,-0.0020,-0.9927
2026-05-08T19:37:20.955,-4.9898,1.2182,-11.3027,0.0120,0.1082,-0.0021,-0.9941
2026-05-08T19:37:20.969,-4.9869,1.2182,-11.3154,0.0120,0.0976,-0.0023,-0.9952
2026-05-08T19:37:20.984,-4.9843,1.2182,-11.3289,0.0119,0.0864,-0.0025,-0.9962
2026-05-08T19:37:20.998,-4.9818,1.2182,-11.3425,0.0119,0.0750,-0.0026,-0.9971
2026-05-08T19:37:21.013,-4.9806,1.2182,-11.3568,0.0118,0.0639,-0.0027,-0.9979
2026-05-08T19:37:21.027,-4.9788,1.2181,-11.3705,0.0118,0.0525,-0.0028,-0.9985
2026-05-08T19:37:21.040,-4.9774,1.2181,-11.3835,0.0118,0.0418,-0.0030,-0.9991
2026-05-08T19:37:21.055,-4.9772,1.2181,-11.3974,0.0117,0.0310,-0.0031,-0.9994
2026-05-08T19:37:21.070,-4.9763,1.2181,-11.4106,0.0115,0.0203,-0.0031,-0.9997
2026-05-08T19:37:21.086,-4.9757,1.2181,-11.4245,0.0112,0.0089,-0.0031,-0.9999
2026-05-08T19:37:21.101,-4.9754,1.2181,-11.4387,0.0110,-0.0029,-0.0031,-0.9999
2026-05-08T19:37:21.117,-4.9766,1.2182,-11.4539,0.0108,-0.0148,-0.0034,-0.9998
2026-05-08T19:37:21.132,-4.9770,1.2183,-11.4687,0.0107,-0.0271,-0.0037,-0.9996
2026-05-08T19:37:21.146,-4.9777,1.2183,-11.4827,0.0106,-0.0385,-0.0040,-0.9992
2026-05-08T19:37:21.159,-4.9789,1.2183,-11.4979,0.0105,-0.0511,-0.0042,-0.9986
2026-05-08T19:37:21.174,-4.9814,1.2183,-11.5109,0.0104,-0.0614,-0.0043,-0.9980
2026-05-08T19:37:21.190,-4.9830,1.2183,-11.5242,0.0102,-0.0724,-0.0044,-0.9973
2026-05-08T19:37:21.205,-4.9849,1.2183,-11.5372,0.0100,-0.0832,-0.0045,-0.9965
2026-05-08T19:37:21.220,-4.9873,1.2182,-11.5510,0.0098,-0.0945,-0.0045,-0.9955
2026-05-08T19:37:21.236,-4.9912,1.2182,-11.5661,0.0099,-0.1065,-0.0048,-0.9943
2026-05-08T19:37:21.250,-4.9941,1.2182,-11.5796,0.0100,-0.1177,-0.0048,-0.9930
2026-05-08T19:37:21.265,-4.9978,1.2182,-11.5948,0.0098,-0.1303,-0.0049,-0.9914
2026-05-08T19:37:21.279,-5.0010,1.2182,-11.6069,0.0099,-0.1405,-0.0049,-0.9900
2026-05-08T19:37:21.294,-5.0060,1.2182,-11.6206,0.0097,-0.1516,-0.0050,-0.9884
2026-05-08T19:37:21.309,-5.0099,1.2182,-11.6330,0.0096,-0.1622,-0.0050,-0.9867
2026-05-08T19:37:21.325,-5.0146,1.2182,-11.6470,0.0093,-0.1743,-0.0050,-0.9846
2026-05-08T19:37:21.340,-5.0193,1.2182,-11.6599,0.0092,-0.1855,-0.0051,-0.9826
2026-05-08T19:37:21.355,-5.0263,1.2182,-11.6750,0.0091,-0.1983,-0.0053,-0.9801
2026-05-08T19:37:21.370,-5.0317,1.2183,-11.6878,0.0090,-0.2096,-0.0054,-0.9777
2026-05-08T19:37:21.384,-5.0375,1.2183,-11.7006,0.0089,-0.2209,-0.0057,-0.9753
2026-05-08T19:37:21.398,-5.0435,1.2183,-11.7132,0.0089,-0.2321,-0.0059,-0.9726
2026-05-08T19:37:21.412,-5.0502,1.2183,-11.7244,0.0088,-0.2421,-0.0061,-0.9702
2026-05-08T19:37:21.426,-5.0566,1.2182,-11.7365,0.0087,-0.2531,-0.0062,-0.9674
2026-05-08T19:37:21.440,-5.0628,1.2182,-11.7475,0.0086,-0.2631,-0.0062,-0.9647
2026-05-08T19:37:21.455,-5.0709,1.2182,-11.7594,0.0085,-0.2739,-0.0064,-0.9617
2026-05-08T19:37:21.469,-5.0774,1.2183,-11.7699,0.0083,-0.2836,-0.0065,-0.9589
2026-05-08T19:37:21.483,-5.0850,1.2183,-11.7816,0.0082,-0.2945,-0.0066,-0.9556
2026-05-08T19:37:21.497,-5.0928,1.2183,-11.7930,0.0082,-0.3053,-0.0067,-0.9522
2026-05-08T19:37:21.512,-5.1017,1.2183,-11.8037,0.0080,-0.3156,-0.0068,-0.9488
2026-05-08T19:37:21.526,-5.1095,1.2184,-11.8140,0.0078,-0.3256,-0.0070,-0.9454
2026-05-08T19:37:21.540,-5.1181,1.2184,-11.8250,0.0078,-0.3364,-0.0073,-0.9417
2026-05-08T19:37:21.553,-5.1280,1.2185,-11.8355,0.0078,-0.3471,-0.0077,-0.9378
2026-05-08T19:37:21.567,-5.1361,1.2185,-11.8449,0.0076,-0.3566,-0.0081,-0.9342
2026-05-08T19:37:21.581,-5.1447,1.2185,-11.8545,0.0076,-0.3666,-0.0085,-0.9303
2026-05-08T19:37:21.596,-5.1547,1.2186,-11.8639,0.0074,-0.3767,-0.0085,-0.9263
2026-05-08T19:37:21.610,-5.1628,1.2186,-11.8723,0.0072,-0.3866,-0.0088,-0.9222
2026-05-08T19:37:21.623,-5.1709,1.2186,-11.8804,0.0070,-0.3971,-0.0089,-0.9177
2026-05-08T19:37:21.637,-5.1778,1.2186,-11.8869,0.0069,-0.4069,-0.0091,-0.9134
2026-05-08T19:37:21.650,-5.1850,1.2186,-11.8921,0.0069,-0.4169,-0.0094,-0.9089
2026-05-08T19:37:21.664,-5.1890,1.2186,-11.8956,0.0067,-0.4263,-0.0095,-0.9045
2026-05-08T19:37:21.677,-5.1915,1.2186,-11.8976,0.0065,-0.4359,-0.0096,-0.8999
2026-05-08T19:37:21.692,-5.1938,1.2186,-11.8983,0.0064,-0.4458,-0.0096,-0.8951
2026-05-08T19:37:21.705,-5.1938,1.2186,-11.8983,0.0062,-0.4551,-0.0096,-0.8904
2026-05-08T19:37:21.719,-5.1901,1.2187,-11.8957,0.0061,-0.4650,-0.0095,-0.8853
2026-05-08T19:37:21.733,-5.1861,1.2187,-11.8917,0.0059,-0.4743,-0.0094,-0.8803
2026-05-08T19:37:21.747,-5.1793,1.2186,-11.8872,0.0058,-0.4834,-0.0093,-0.8753
2026-05-08T19:37:21.761,-5.1689,1.2186,-11.8807,0.0056,-0.4934,-0.0093,-0.8697
2026-05-08T19:37:21.775,-5.1586,1.2186,-11.8734,0.0055,-0.5026,-0.0094,-0.8644
2026-05-08T19:37:21.788,-5.1444,1.2186,-11.8653,0.0053,-0.5124,-0.0096,-0.8587
2026-05-08T19:37:21.803,-5.1311,1.2186,-11.8581,0.0053,-0.5205,-0.0098,-0.8538
2026-05-08T19:37:21.817,-5.1154,1.2186,-11.8490,0.0052,-0.5291,-0.0099,-0.8485
2026-05-08T19:37:21.831,-5.0938,1.2185,-11.8385,0.0051,-0.5386,-0.0098,-0.8425
2026-05-08T19:37:21.846,-5.0721,1.2185,-11.8284,0.0050,-0.5472,-0.0098,-0.8369
2026-05-08T19:37:21.859,-5.0456,1.2185,-11.8168,0.0049,-0.5558,-0.0099,-0.8312
2026-05-08T19:37:21.873,-5.0165,1.2185,-11.8038,0.0048,-0.5644,-0.0100,-0.8254
2026-05-08T19:37:21.887,-4.9897,1.2185,-11.7933,0.0048,-0.5716,-0.0101,-0.8204
2026-05-08T19:37:21.900,-4.9563,1.2185,-11.7809,0.0047,-0.5798,-0.0101,-0.8147
2026-05-08T19:37:21.914,-4.9261,1.2185,-11.7695,0.0046,-0.5873,-0.0100,-0.8093
2026-05-08T19:37:21.928,-4.8942,1.2186,-11.7591,0.0046,-0.5948,-0.0100,-0.8038
2026-05-08T19:37:21.943,-4.8624,1.2185,-11.7493,0.0045,-0.6022,-0.0101,-0.7983
2026-05-08T19:37:21.956,-4.8285,1.2185,-11.7397,0.0044,-0.6100,-0.0101,-0.7923
2026-05-08T19:37:21.970,-4.7958,1.2185,-11.7301,0.0044,-0.6177,-0.0101,-0.7863
2026-05-08T19:37:21.984,-4.7655,1.2185,-11.7227,0.0043,-0.6246,-0.0101,-0.7809
2026-05-08T19:37:21.998,-4.7293,1.2185,-11.7145,0.0042,-0.6326,-0.0102,-0.7744
2026-05-08T19:37:22.013,-4.6976,1.2185,-11.7071,0.0041,-0.6398,-0.0102,-0.7684
2026-05-08T19:37:22.026,-4.6629,1.2185,-11.7007,0.0039,-0.6474,-0.0103,-0.7621
2026-05-08T19:37:22.040,-4.6287,1.2186,-11.6951,0.0039,-0.6547,-0.0104,-0.7558
2026-05-08T19:37:22.054,-4.5959,1.2186,-11.6895,0.0038,-0.6618,-0.0106,-0.7496
2026-05-08T19:37:22.068,-4.5634,1.2186,-11.6854,0.0038,-0.6686,-0.0106,-0.7435
2026-05-08T19:37:22.082,-4.5280,1.2186,-11.6816,0.0037,-0.6760,-0.0107,-0.7368
2026-05-08T19:37:22.096,-4.4942,1.2186,-11.6777,0.0035,-0.6831,-0.0108,-0.7303
2026-05-08T19:37:22.110,-4.4602,1.2186,-11.6754,0.0034,-0.6899,-0.0109,-0.7238
2026-05-08T19:37:22.123,-4.4256,1.2186,-11.6737,0.0034,-0.6969,-0.0109,-0.7171
2026-05-08T19:37:22.137,-4.3917,1.2187,-11.6727,0.0033,-0.7036,-0.0109,-0.7105
2026-05-08T19:37:22.152,-4.3599,1.2187,-11.6715,0.0032,-0.7099,-0.0109,-0.7042
2026-05-08T19:37:22.166,-4.3248,1.2187,-11.6718,0.0032,-0.7168,-0.0109,-0.6972
2026-05-08T19:37:22.179,-4.2914,1.2187,-11.6726,0.0031,-0.7232,-0.0110,-0.6905
2026-05-08T19:37:22.193,-4.2568,1.2187,-11.6734,0.0030,-0.7300,-0.0110,-0.6834
2026-05-08T19:37:22.207,-4.2227,1.2187,-11.6756,0.0029,-0.7364,-0.0111,-0.6764
2026-05-08T19:37:22.221,-4.1884,1.2187,-11.6785,0.0028,-0.7429,-0.0112,-0.6693
2026-05-08T19:37:22.236,-4.1553,1.2187,-11.6811,0.0028,-0.7492,-0.0113,-0.6622
2026-05-08T19:37:22.249,-4.1221,1.2187,-11.6852,0.0026,-0.7554,-0.0113,-0.6552
2026-05-08T19:37:22.263,-4.0849,1.2188,-11.6904,0.0025,-0.7622,-0.0115,-0.6472
2026-05-08T19:37:22.277,-4.0535,1.2188,-11.6956,0.0024,-0.7679,-0.0116,-0.6404
2026-05-08T19:37:22.291,-4.0211,1.2188,-11.7006,0.0022,-0.7738,-0.0118,-0.6333
2026-05-08T19:37:22.306,-3.9857,1.2188,-11.7077,0.0021,-0.7802,-0.0121,-0.6254
2026-05-08T19:37:22.318,-3.9530,1.2188,-11.7149,0.0020,-0.7860,-0.0121,-0.6182
2026-05-08T19:37:22.333,-3.9182,1.2189,-11.7224,0.0018,-0.7921,-0.0122,-0.6103
2026-05-08T19:37:22.346,-3.8889,1.2189,-11.7301,0.0017,-0.7972,-0.0122,-0.6036
2026-05-08T19:37:22.360,-3.8549,1.2189,-11.7396,0.0016,-0.8030,-0.0123,-0.5958
2026-05-08T19:37:22.374,-3.8232,1.2189,-11.7483,0.0015,-0.8085,-0.0122,-0.5884
2026-05-08T19:37:22.388,-3.7903,1.2189,-11.7589,0.0014,-0.8142,-0.0122,-0.5804
2026-05-08T19:37:22.402,-3.7569,1.2189,-11.7704,0.0013,-0.8199,-0.0120,-0.5724
2026-05-08T19:37:22.417,-3.7272,1.2189,-11.7803,0.0011,-0.8250,-0.0120,-0.5650
2026-05-08T19:37:22.430,-3.6943,1.2189,-11.7930,0.0009,-0.8305,-0.0121,-0.5569
2026-05-08T19:37:22.444,-3.6621,1.2189,-11.8062,0.0007,-0.8358,-0.0123,-0.5489
2026-05-08T19:37:22.457,-3.6313,1.2189,-11.8195,0.0004,-0.8406,-0.0125,-0.5415
2026-05-08T19:37:22.472,-3.5992,1.2190,-11.8331,0.0002,-0.8458,-0.0127,-0.5333
2026-05-08T19:37:22.486,-3.5708,1.2190,-11.8466,0.0001,-0.8503,-0.0127,-0.5261
2026-05-08T19:37:22.499,-3.5378,1.2190,-11.8630,-0.0001,-0.8556,-0.0127,-0.5175
2026-05-08T19:37:22.514,-3.5090,1.2190,-11.8769,-0.0003,-0.8601,-0.0127,-0.5099
2026-05-08T19:37:22.527,-3.4790,1.2190,-11.8932,-0.0004,-0.8648,-0.0128,-0.5019
2026-05-08T19:37:22.541,-3.4495,1.2190,-11.9100,-0.0006,-0.8693,-0.0131,-0.4940
2026-05-08T19:37:22.555,-3.4210,1.2191,-11.9258,-0.0009,-0.8737,-0.0131,-0.4862
2026-05-08T19:37:22.569,-3.3916,1.2191,-11.9440,-0.0010,-0.8782,-0.0132,-0.4780
2026-05-08T19:37:22.583,-3.3587,1.2191,-11.9652,-0.0013,-0.8833,-0.0133,-0.4687
2026-05-08T19:37:22.596,-3.3328,1.2191,-11.9827,-0.0015,-0.8871,-0.0133,-0.4614
2026-05-08T19:37:22.611,-3.3031,1.2191,-12.0025,-0.0016,-0.8911,-0.0133,-0.4535
2026-05-08T19:37:22.625,-3.2740,1.2191,-12.0236,-0.0018,-0.8951,-0.0133,-0.4456
2026-05-08T19:37:22.639,-3.2429,1.2191,-12.0470,-0.0020,-0.8992,-0.0132,-0.4374
2026-05-08T19:37:22.652,-3.2116,1.2192,-12.0704,-0.0022,-0.9031,-0.0133,-0.4292
2026-05-08T19:37:22.667,-3.1809,1.2192,-12.0953,-0.0026,-0.9069,-0.0135,-0.4212
2026-05-08T19:37:22.680,-3.1519,1.2192,-12.1196,-0.0027,-0.9102,-0.0137,-0.4139
2026-05-08T19:37:22.695,-3.1172,1.2193,-12.1488,-0.0031,-0.9142,-0.0137,-0.4050
2026-05-08T19:37:22.709,-3.0851,1.2193,-12.1777,-0.0034,-0.9171,-0.0139,-0.3983
2026-05-08T19:37:22.722,-3.0497,1.2193,-12.2107,-0.0035,-0.9196,-0.0139,-0.3926
2026-05-08T19:37:22.736,-3.0145,1.2194,-12.2443,-0.0036,-0.9210,-0.0140,-0.3893
2026-05-08T19:37:22.750,-2.9813,1.2194,-12.2759,-0.0038,-0.9218,-0.0141,-0.3874
2026-05-08T19:37:22.763,-2.9432,1.2194,-12.3132,-0.0038,-0.9217,-0.0141,-0.3876
2026-05-08T19:37:22.777,-2.9065,1.2194,-12.3490,-0.0039,-0.9216,-0.0142,-0.3878
2026-05-08T19:37:22.792,-2.8679,1.2195,-12.3867,-0.0039,-0.9215,-0.0143,-0.3880
2026-05-08T19:37:22.805,-2.8238,1.2194,-12.4296,-0.0039,-0.9215,-0.0142,-0.3881
2026-05-08T19:37:22.819,-2.7737,1.2194,-12.4785,-0.0040,-0.9203,-0.0143,-0.3909
2026-05-08T19:37:22.832,-2.7279,1.2194,-12.5230,-0.0040,-0.9190,-0.0144,-0.3939
2026-05-08T19:37:22.846,-2.6819,1.2194,-12.5667,-0.0040,-0.9176,-0.0146,-0.3973
2026-05-08T19:37:22.860,-2.6337,1.2194,-12.6118,-0.0039,-0.9158,-0.0147,-0.4013
2026-05-08T19:37:22.874,-2.5893,1.2195,-12.6532,-0.0039,-0.9141,-0.0148,-0.4051
2026-05-08T19:37:22.887,-2.5425,1.2195,-12.6955,-0.0038,-0.9124,-0.0148,-0.4090
2026-05-08T19:37:22.901,-2.4935,1.2195,-12.7391,-0.0038,-0.9106,-0.0149,-0.4130
2026-05-08T19:37:22.915,-2.4459,1.2195,-12.7812,-0.0037,-0.9088,-0.0150,-0.4169
2026-05-08T19:37:22.929,-2.3988,1.2195,-12.8217,-0.0037,-0.9071,-0.0151,-0.4207
2026-05-08T19:37:22.942,-2.3500,1.2195,-12.8628,-0.0037,-0.9052,-0.0151,-0.4247
2026-05-08T19:37:22.956,-2.3019,1.2196,-12.9028,-0.0037,-0.9034,-0.0152,-0.4286
2026-05-08T19:37:22.970,-2.2543,1.2196,-12.9422,-0.0036,-0.9014,-0.0153,-0.4326
2026-05-08T19:37:22.984,-2.2050,1.2196,-12.9817,-0.0035,-0.8995,-0.0153,-0.4367
2026-05-08T19:37:22.999,-2.1534,1.2196,-13.0222,-0.0035,-0.8972,-0.0153,-0.4413
2026-05-08T19:37:23.014,-2.1051,1.2195,-13.0600,-0.0034,-0.8950,-0.0153,-0.4457
2026-05-08T19:37:23.028,-2.0551,1.2195,-13.0978,-0.0034,-0.8927,-0.0152,-0.4505
2026-05-08T19:37:23.043,-2.0025,1.2195,-13.1366,-0.0032,-0.8900,-0.0151,-0.4557
2026-05-08T19:37:23.056,-1.9480,1.2195,-13.1758,-0.0032,-0.8872,-0.0152,-0.4611
2026-05-08T19:37:23.071,-1.8997,1.2196,-13.2104,-0.0032,-0.8847,-0.0152,-0.4658
2026-05-08T19:37:23.086,-1.8512,1.2196,-13.2437,-0.0031,-0.8822,-0.0152,-0.4706
2026-05-08T19:37:23.102,-1.7992,1.2195,-13.2786,-0.0030,-0.8794,-0.0153,-0.4758
2026-05-08T19:37:23.122,-1.7449,1.2195,-13.3148,-0.0029,-0.8764,-0.0153,-0.4813
2026-05-08T19:37:23.139,-1.6824,1.2195,-13.3545,-0.0028,-0.8728,-0.0154,-0.4879
2026-05-08T19:37:23.154,-1.6184,1.2195,-13.3938,-0.0027,-0.8689,-0.0154,-0.4947
2026-05-08T19:37:23.169,-1.5559,1.2195,-13.4309,-0.0025,-0.8651,-0.0154,-0.5014
2026-05-08T19:37:23.184,-1.5020,1.2194,-13.4618,-0.0024,-0.8615,-0.0154,-0.5075
2026-05-08T19:37:23.201,-1.4485,1.2195,-13.4914,-0.0023,-0.8576,-0.0154,-0.5141
2026-05-08T19:37:23.218,-1.4002,1.2194,-13.5180,-0.0022,-0.8540,-0.0154,-0.5201
2026-05-08T19:37:23.236,-1.3404,1.2193,-13.5490,-0.0020,-0.8489,-0.0154,-0.5283
2026-05-08T19:37:23.250,-1.2884,1.2193,-13.5745,-0.0018,-0.8444,-0.0154,-0.5355
2026-05-08T19:37:23.265,-1.2289,1.2193,-13.6026,-0.0016,-0.8388,-0.0153,-0.5442
2026-05-08T19:37:23.279,-1.1860,1.2193,-13.6217,-0.0015,-0.8344,-0.0154,-0.5509
2026-05-08T19:37:23.294,-1.1417,1.2193,-13.6414,-0.0015,-0.8296,-0.0156,-0.5582
2026-05-08T19:37:23.310,-1.1009,1.2193,-13.6579,-0.0014,-0.8250,-0.0157,-0.5650
2026-05-08T19:37:23.327,-1.0530,1.2193,-13.6765,-0.0013,-0.8193,-0.0159,-0.5731
2026-05-08T19:37:23.341,-1.0082,1.2193,-13.6928,-0.0011,-0.8139,-0.0158,-0.5808
2026-05-08T19:37:23.357,-0.9593,1.2193,-13.7105,-0.0010,-0.8077,-0.0158,-0.5893
2026-05-08T19:37:23.372,-0.9166,1.2193,-13.7242,-0.0008,-0.8022,-0.0158,-0.5968
2026-05-08T19:37:23.386,-0.8732,1.2193,-13.7372,-0.0007,-0.7964,-0.0158,-0.6046
2026-05-08T19:37:23.400,-0.8289,1.2193,-13.7496,-0.0006,-0.7904,-0.0158,-0.6124
2026-05-08T19:37:23.415,-0.7901,1.2193,-13.7605,-0.0004,-0.7851,-0.0158,-0.6192
2026-05-08T19:37:23.430,-0.7480,1.2192,-13.7706,-0.0003,-0.7793,-0.0157,-0.6265
2026-05-08T19:37:23.446,-0.7069,1.2192,-13.7796,-0.0001,-0.7735,-0.0157,-0.6336
2026-05-08T19:37:23.463,-0.6604,1.2192,-13.7889,0.0001,-0.7671,-0.0157,-0.6414
2026-05-08T19:37:23.480,-0.6153,1.2192,-13.7979,0.0002,-0.7608,-0.0158,-0.6488
2026-05-08T19:37:23.498,-0.5626,1.2193,-13.8063,0.0004,-0.7533,-0.0159,-0.6575
2026-05-08T19:37:23.513,-0.5158,1.2193,-13.8126,0.0005,-0.7465,-0.0160,-0.6652
2026-05-08T19:37:23.528,-0.4640,1.2193,-13.8185,0.0007,-0.7390,-0.0161,-0.6735
2026-05-08T19:37:23.543,-0.4183,1.2192,-13.8227,0.0009,-0.7323,-0.0162,-0.6808
2026-05-08T19:37:23.559,-0.3724,1.2193,-13.8260,0.0010,-0.7255,-0.0162,-0.6880
2026-05-08T19:37:23.576,-0.3284,1.2192,-13.8292,0.0012,-0.7189,-0.0162,-0.6949
2026-05-08T19:37:23.594,-0.2814,1.2192,-13.8308,0.0013,-0.7118,-0.0161,-0.7022
2026-05-08T19:37:23.611,-0.2299,1.2192,-13.8314,0.0016,-0.7037,-0.0160,-0.7103
2026-05-08T19:37:23.627,-0.1781,1.2192,-13.8309,0.0019,-0.6959,-0.0158,-0.7180
2026-05-08T19:37:23.642,-0.1286,1.2192,-13.8294,0.0020,-0.6881,-0.0157,-0.7254
2026-05-08T19:37:23.658,-0.0814,1.2192,-13.8278,0.0021,-0.6807,-0.0158,-0.7324
2026-05-08T19:37:23.675,-0.0343,1.2192,-13.8243,0.0022,-0.6733,-0.0159,-0.7392
2026-05-08T19:37:23.692,0.0125,1.2192,-13.8199,0.0023,-0.6659,-0.0159,-0.7459
2026-05-08T19:37:23.709,0.0634,1.2193,-13.8140,0.0024,-0.6579,-0.0159,-0.7529
2026-05-08T19:37:23.725,0.1127,1.2193,-13.8073,0.0025,-0.6500,-0.0160,-0.7597
2026-05-08T19:37:23.741,0.1632,1.2193,-13.7994,0.0027,-0.6421,-0.0158,-0.7665
2026-05-08T19:37:23.758,0.2129,1.2193,-13.7915,0.0028,-0.6343,-0.0159,-0.7729
2026-05-08T19:37:23.774,0.2608,1.2193,-13.7819,0.0030,-0.6265,-0.0158,-0.7792
2026-05-08T19:37:23.791,0.3126,1.2193,-13.7705,0.0032,-0.6182,-0.0158,-0.7859
2026-05-08T19:37:23.807,0.3613,1.2192,-13.7587,0.0033,-0.6102,-0.0157,-0.7921
2026-05-08T19:37:23.822,0.4094,1.2192,-13.7460,0.0035,-0.6022,-0.0156,-0.7982
2026-05-08T19:37:23.838,0.4574,1.2192,-13.7333,0.0037,-0.5943,-0.0155,-0.8041
2026-05-08T19:37:23.856,0.5016,1.2192,-13.7197,0.0038,-0.5867,-0.0154,-0.8096
2026-05-08T19:37:23.874,0.5520,1.2192,-13.7031,0.0040,-0.5780,-0.0154,-0.8158
2026-05-08T19:37:23.890,0.6023,1.2192,-13.6854,0.0041,-0.5693,-0.0153,-0.8220
2026-05-08T19:37:23.906,0.6531,1.2192,-13.6663,0.0043,-0.5603,-0.0152,-0.8282
2026-05-08T19:37:23.921,0.7005,1.2192,-13.6473,0.0045,-0.5516,-0.0152,-0.8339
2026-05-08T19:37:23.939,0.7463,1.2192,-13.6289,0.0045,-0.5433,-0.0153,-0.8394
2026-05-08T19:37:23.956,0.7895,1.2192,-13.6095,0.0047,-0.5353,-0.0153,-0.8445
2026-05-08T19:37:23.974,0.8390,1.2192,-13.5861,0.0049,-0.5259,-0.0152,-0.8504
2026-05-08T19:37:23.991,0.8865,1.2192,-13.5623,0.0050,-0.5167,-0.0151,-0.8560
2026-05-08T19:37:24.007,0.9348,1.2191,-13.5370,0.0051,-0.5073,-0.0149,-0.8616
2026-05-08T19:37:24.023,0.9822,1.2191,-13.5108,0.0053,-0.4978,-0.0146,-0.8672
2026-05-08T19:37:24.040,1.0254,1.2191,-13.4868,0.0054,-0.4892,-0.0146,-0.8720
2026-05-08T19:37:24.055,1.0672,1.2191,-13.4612,0.0055,-0.4804,-0.0144,-0.8769
2026-05-08T19:37:24.072,1.1093,1.2191,-13.4343,0.0056,-0.4716,-0.0142,-0.8817
2026-05-08T19:37:24.088,1.1495,1.2190,-13.4074,0.0056,-0.4630,-0.0140,-0.8862
2026-05-08T19:37:24.105,1.1897,1.2190,-13.3794,0.0059,-0.4541,-0.0138,-0.8908
2026-05-08T19:37:24.123,1.2344,1.2190,-13.3469,0.0063,-0.4440,-0.0137,-0.8959
2026-05-08T19:37:24.142,1.2748,1.2190,-13.3173,0.0063,-0.4348,-0.0138,-0.9004
2026-05-08T19:37:24.161,1.3167,1.2190,-13.2840,0.0065,-0.4250,-0.0138,-0.9051
2026-05-08T19:37:24.179,1.3633,1.2190,-13.2453,0.0068,-0.4139,-0.0138,-0.9102
2026-05-08T19:37:24.197,1.4085,1.2190,-13.2058,0.0070,-0.4025,-0.0136,-0.9153
2026-05-08T19:37:24.214,1.4466,1.2190,-13.1709,0.0071,-0.3926,-0.0136,-0.9196
2026-05-08T19:37:24.232,1.4878,1.2191,-13.1315,0.0073,-0.3820,-0.0134,-0.9240
2026-05-08T19:37:24.250,1.5254,1.2190,-13.0937,0.0074,-0.3719,-0.0131,-0.9281
2026-05-08T19:37:24.268,1.5634,1.2190,-13.0539,0.0076,-0.3612,-0.0130,-0.9324
2026-05-08T19:37:24.286,1.5990,1.2190,-13.0147,0.0077,-0.3511,-0.0131,-0.9362
2026-05-08T19:37:24.303,1.6396,1.2191,-12.9681,0.0078,-0.3392,-0.0131,-0.9406
2026-05-08T19:37:24.319,1.6725,1.2191,-12.9303,0.0079,-0.3297,-0.0132,-0.9440
2026-05-08T19:37:24.336,1.7054,1.2191,-12.8888,0.0080,-0.3197,-0.0131,-0.9474
2026-05-08T19:37:24.352,1.7346,1.2191,-12.8504,0.0080,-0.3103,-0.0130,-0.9505
2026-05-08T19:37:24.372,1.7660,1.2191,-12.8074,0.0082,-0.2999,-0.0129,-0.9538
2026-05-08T19:37:24.390,1.7945,1.2191,-12.7665,0.0084,-0.2903,-0.0129,-0.9568
2026-05-08T19:37:24.409,1.8278,1.2191,-12.7168,0.0086,-0.2785,-0.0128,-0.9603
2026-05-08T19:37:24.427,1.8568,1.2191,-12.6710,0.0088,-0.2679,-0.0127,-0.9633
2026-05-08T19:37:24.445,1.8872,1.2191,-12.6205,0.0091,-0.2561,-0.0126,-0.9665
2026-05-08T19:37:24.463,1.9152,1.2191,-12.5735,0.0092,-0.2454,-0.0124,-0.9693
2026-05-08T19:37:24.480,1.9413,1.2191,-12.5252,0.0093,-0.2347,-0.0121,-0.9720
2026-05-08T19:37:24.499,1.9681,1.2191,-12.4730,0.0095,-0.2231,-0.0119,-0.9747
2026-05-08T19:37:24.517,1.9902,1.2191,-12.4272,0.0095,-0.2131,-0.0118,-0.9769
2026-05-08T19:37:24.536,2.0150,1.2192,-12.3729,0.0097,-0.2013,-0.0118,-0.9794
2026-05-08T19:37:24.554,2.0356,1.2192,-12.3249,0.0098,-0.1909,-0.0118,-0.9815
2026-05-08T19:37:24.573,2.0581,1.2192,-12.2692,0.0099,-0.1790,-0.0118,-0.9837
2026-05-08T19:37:24.592,2.0772,1.2193,-12.2184,0.0101,-0.1681,-0.0118,-0.9856
2026-05-08T19:37:24.610,2.0974,1.2193,-12.1605,0.0102,-0.1558,-0.0117,-0.9877
2026-05-08T19:37:24.628,2.1147,1.2193,-12.1069,0.0104,-0.1446,-0.0116,-0.9894
2026-05-08T19:37:24.645,2.1306,1.2193,-12.0533,0.0105,-0.1335,-0.0114,-0.9909
2026-05-08T19:37:24.664,2.1463,1.2193,-12.0001,0.0106,-0.1227,-0.0113,-0.9923
2026-05-08T19:37:24.683,2.1599,1.2193,-11.9455,0.0107,-0.1123,-0.0112,-0.9936
2026-05-08T19:37:24.703,2.1747,1.2193,-11.8803,0.0109,-0.1018,-0.0111,-0.9947
2026-05-08T19:37:24.723,2.1894,1.2193,-11.8088,0.0112,-0.0915,-0.0111,-0.9957
2026-05-08T19:37:24.740,2.2046,1.2193,-11.7263,0.0114,-0.0832,-0.0110,-0.9964
2026-05-08T19:37:24.757,2.2189,1.2193,-11.6410,0.0116,-0.0762,-0.0110,-0.9970
2026-05-08T19:37:24.776,2.2309,1.2193,-11.5625,0.0117,-0.0707,-0.0110,-0.9974
2026-05-08T19:37:24.795,2.2418,1.2193,-11.4854,0.0119,-0.0659,-0.0109,-0.9977
2026-05-08T19:37:24.814,2.2536,1.2193,-11.3968,0.0120,-0.0610,-0.0109,-0.9980
2026-05-08T19:37:24.833,2.2648,1.2193,-11.3055,0.0121,-0.0564,-0.0108,-0.9983
2026-05-08T19:37:24.850,2.2748,1.2193,-11.2163,0.0122,-0.0531,-0.0107,-0.9985
2026-05-08T19:37:24.869,2.2854,1.2193,-11.1173,0.0122,-0.0498,-0.0106,-0.9986
2026-05-08T19:37:24.887,2.2933,1.2193,-11.0379,0.0122,-0.0498,-0.0104,-0.9986
2026-05-08T19:37:24.906,2.3027,1.2193,-10.9429,0.0122,-0.0500,-0.0103,-0.9986
2026-05-08T19:37:24.924,2.3114,1.2193,-10.8568,0.0121,-0.0501,-0.0103,-0.9986
2026-05-08T19:37:24.942,2.3208,1.2193,-10.7625,0.0121,-0.0501,-0.0105,-0.9986
2026-05-08T19:37:24.960,2.3295,1.2194,-10.6753,0.0122,-0.0502,-0.0108,-0.9986
2026-05-08T19:37:24.976,2.3379,1.2194,-10.5922,0.0123,-0.0504,-0.0108,-0.9986
2026-05-08T19:37:24.993,2.3469,1.2194,-10.5030,0.0122,-0.0506,-0.0107,-0.9986
2026-05-08T19:37:25.010,2.3557,1.2193,-10.4170,0.0122,-0.0508,-0.0106,-0.9986
2026-05-08T19:37:25.027,2.3639,1.2193,-10.3375,0.0122,-0.0509,-0.0105,-0.9986
2026-05-08T19:37:25.044,2.3723,1.2193,-10.2550,0.0122,-0.0508,-0.0105,-0.9986
2026-05-08T19:37:25.060,2.3807,1.2193,-10.1722,0.0122,-0.0509,-0.0105,-0.9986
2026-05-08T19:37:25.078,2.3888,1.2193,-10.0932,0.0122,-0.0510,-0.0103,-0.9986
2026-05-08T19:37:25.095,2.3977,1.2193,-10.0061,0.0124,-0.0510,-0.0103,-0.9986
2026-05-08T19:37:25.112,2.4061,1.2192,-9.9246,0.0124,-0.0510,-0.0101,-0.9986
2026-05-08T19:37:25.128,2.4150,1.2192,-9.8381,0.0124,-0.0511,-0.0099,-0.9986
2026-05-08T19:37:25.145,2.4232,1.2192,-9.7581,0.0123,-0.0512,-0.0098,-0.9986
2026-05-08T19:37:25.162,2.4317,1.2192,-9.6759,0.0123,-0.0513,-0.0097,-0.9986
2026-05-08T19:37:25.179,2.4402,1.2192,-9.5928,0.0122,-0.0514,-0.0097,-0.9986
2026-05-08T19:37:25.195,2.4484,1.2192,-9.5130,0.0123,-0.0515,-0.0098,-0.9986
2026-05-08T19:37:25.211,2.4571,1.2192,-9.4284,0.0124,-0.0515,-0.0099,-0.9985
2026-05-08T19:37:25.226,2.4650,1.2192,-9.3514,0.0124,-0.0516,-0.0101,-0.9985
2026-05-08T19:37:25.244,2.4729,1.2192,-9.2752,0.0123,-0.0517,-0.0101,-0.9985
2026-05-08T19:37:25.262,2.4812,1.2192,-9.1954,0.0123,-0.0516,-0.0101,-0.9985
2026-05-08T19:37:25.278,2.4901,1.2193,-9.1096,0.0123,-0.0516,-0.0101,-0.9985
2026-05-08T19:37:25.295,2.4999,1.2193,-9.0151,0.0122,-0.0517,-0.0100,-0.9985
2026-05-08T19:37:25.312,2.5076,1.2192,-8.9415,0.0122,-0.0517,-0.0099,-0.9985
2026-05-08T19:37:25.328,2.5163,1.2192,-8.8577,0.0122,-0.0518,-0.0098,-0.9985
2026-05-08T19:37:25.346,2.5252,1.2192,-8.7722,0.0122,-0.0518,-0.0098,-0.9985
2026-05-08T19:37:25.362,2.5333,1.2192,-8.6948,0.0122,-0.0519,-0.0097,-0.9985
2026-05-08T19:37:25.379,2.5420,1.2192,-8.6116,0.0122,-0.0520,-0.0095,-0.9985
2026-05-08T19:37:25.394,2.5504,1.2192,-8.5308,0.0122,-0.0520,-0.0095,-0.9985
2026-05-08T19:37:25.412,2.5591,1.2191,-8.4475,0.0123,-0.0520,-0.0095,-0.9985
2026-05-08T19:37:25.429,2.5674,1.2190,-8.3689,0.0123,-0.0521,-0.0094,-0.9985
2026-05-08T19:37:25.447,2.5762,1.2190,-8.2845,0.0124,-0.0521,-0.0094,-0.9985
2026-05-08T19:37:25.463,2.5852,1.2190,-8.1991,0.0123,-0.0522,-0.0093,-0.9985
2026-05-08T19:37:25.481,2.5938,1.2190,-8.1174,0.0123,-0.0523,-0.0093,-0.9985
2026-05-08T19:37:25.498,2.6035,1.2190,-8.0246,0.0122,-0.0523,-0.0092,-0.9985
2026-05-08T19:37:25.515,2.6118,1.2190,-7.9472,0.0121,-0.0524,-0.0091,-0.9985
2026-05-08T19:37:25.532,2.6207,1.2191,-7.8624,0.0121,-0.0525,-0.0090,-0.9985
2026-05-08T19:37:25.549,2.6293,1.2191,-7.7815,0.0118,-0.0527,-0.0088,-0.9985
2026-05-08T19:37:25.568,2.6388,1.2191,-7.6920,0.0117,-0.0528,-0.0089,-0.9985
2026-05-08T19:37:25.585,2.6475,1.2191,-7.6102,0.0117,-0.0528,-0.0089,-0.9985
2026-05-08T19:37:25.602,2.6571,1.2191,-7.5194,0.0117,-0.0528,-0.0091,-0.9985
2026-05-08T19:37:25.620,2.6655,1.2191,-7.4397,0.0117,-0.0527,-0.0092,-0.9985
2026-05-08T19:37:25.638,2.6752,1.2191,-7.3482,0.0117,-0.0527,-0.0091,-0.9985
2026-05-08T19:37:25.655,2.6843,1.2191,-7.2624,0.0117,-0.0527,-0.0092,-0.9985
2026-05-08T19:37:25.672,2.6933,1.2191,-7.1774,0.0117,-0.0525,-0.0091,-0.9985
2026-05-08T19:37:25.689,2.7023,1.2191,-7.0916,0.0118,-0.0524,-0.0092,-0.9985
2026-05-08T19:37:25.707,2.7116,1.2191,-7.0033,0.0119,-0.0523,-0.0092,-0.9985
2026-05-08T19:37:25.724,2.7204,1.2190,-6.9190,0.0119,-0.0522,-0.0093,-0.9985
2026-05-08T19:37:25.743,2.7298,1.2190,-6.8290,0.0119,-0.0521,-0.0093,-0.9985
2026-05-08T19:37:25.760,2.7385,1.2190,-6.7460,0.0119,-0.0521,-0.0091,-0.9985
2026-05-08T19:37:25.778,2.7478,1.2190,-6.6570,0.0119,-0.0520,-0.0091,-0.9985
2026-05-08T19:37:25.795,2.7567,1.2190,-6.5718,0.0118,-0.0551,-0.0091,-0.9984
2026-05-08T19:37:25.812,2.7663,1.2190,-6.4838,0.0118,-0.0583,-0.0093,-0.9982
2026-05-08T19:37:25.830,2.7767,1.2191,-6.3939,0.0118,-0.0617,-0.0096,-0.9980
2026-05-08T19:37:25.847,2.7859,1.2191,-6.3201,0.0118,-0.0654,-0.0099,-0.9977
2026-05-08T19:37:25.863,2.7970,1.2191,-6.2353,0.0117,-0.0699,-0.0099,-0.9974
2026-05-08T19:37:25.879,2.8067,1.2191,-6.1635,0.0116,-0.0740,-0.0099,-0.9971
2026-05-08T19:37:25.897,2.8182,1.2191,-6.0861,0.0116,-0.0784,-0.0100,-0.9968
2026-05-08T19:37:25.915,2.8304,1.2191,-6.0089,0.0115,-0.0830,-0.0101,-0.9964
2026-05-08T19:37:25.933,2.8442,1.2191,-5.9257,0.0114,-0.0888,-0.0103,-0.9959
2026-05-08T19:37:25.951,2.8575,1.2191,-5.8516,0.0113,-0.0942,-0.0104,-0.9954
2026-05-08T19:37:25.968,2.8736,1.2192,-5.7675,0.0112,-0.1005,-0.0105,-0.9948
2026-05-08T19:37:25.985,2.8898,1.2192,-5.6879,0.0111,-0.1068,-0.0106,-0.9942
2026-05-08T19:37:26.001,2.9061,1.2192,-5.6124,0.0111,-0.1136,-0.0109,-0.9934
2026-05-08T19:37:26.016,2.9197,1.2191,-5.5505,0.0112,-0.1196,-0.0109,-0.9927
2026-05-08T19:37:26.031,2.9371,1.2191,-5.4790,0.0111,-0.1270,-0.0110,-0.9918
2026-05-08T19:37:26.045,2.9513,1.2191,-5.4239,0.0111,-0.1331,-0.0111,-0.9910
2026-05-08T19:37:26.059,2.9685,1.2191,-5.3608,0.0110,-0.1404,-0.0112,-0.9900
2026-05-08T19:37:26.075,2.9820,1.2191,-5.3115,0.0109,-0.1464,-0.0113,-0.9891
2026-05-08T19:37:26.091,2.9982,1.2191,-5.2579,0.0109,-0.1532,-0.0115,-0.9881
2026-05-08T19:37:26.108,3.0169,1.2191,-5.1987,0.0109,-0.1611,-0.0117,-0.9868
2026-05-08T19:37:26.123,3.0369,1.2191,-5.1390,0.0109,-0.1695,-0.0119,-0.9854
2026-05-08T19:37:26.138,3.0559,1.2191,-5.0828,0.0107,-0.1775,-0.0121,-0.9840
2026-05-08T19:37:26.153,3.0753,1.2191,-5.0304,0.0107,-0.1849,-0.0123,-0.9826
2026-05-08T19:37:26.167,3.0960,1.2191,-4.9773,0.0106,-0.1927,-0.0124,-0.9811
2026-05-08T19:37:26.181,3.1165,1.2191,-4.9271,0.0105,-0.2001,-0.0124,-0.9796
2026-05-08T19:37:26.195,3.1365,1.2191,-4.8784,0.0104,-0.2075,-0.0123,-0.9781
2026-05-08T19:37:26.209,3.1577,1.2191,-4.8304,0.0101,-0.2148,-0.0124,-0.9765
2026-05-08T19:37:26.222,3.1801,1.2192,-4.7819,0.0100,-0.2222,-0.0126,-0.9749
2026-05-08T19:37:26.236,3.2010,1.2192,-4.7383,0.0100,-0.2289,-0.0128,-0.9733
2026-05-08T19:37:26.251,3.2230,1.2192,-4.6926,0.0099,-0.2359,-0.0130,-0.9716
2026-05-08T19:37:26.265,3.2488,1.2193,-4.6425,0.0098,-0.2437,-0.0132,-0.9697
2026-05-08T19:37:26.279,3.2713,1.2193,-4.6003,0.0097,-0.2504,-0.0133,-0.9680
2026-05-08T19:37:26.294,3.2976,1.2193,-4.5516,0.0095,-0.2580,-0.0134,-0.9660
2026-05-08T19:37:26.317,3.3231,1.2193,-4.5070,0.0094,-0.2650,-0.0135,-0.9641
2026-05-08T19:37:26.330,3.3531,1.2193,-4.4565,0.0093,-0.2729,-0.0136,-0.9619
2026-05-08T19:37:26.344,3.3944,1.2193,-4.3896,0.0092,-0.2836,-0.0137,-0.9588
2026-05-08T19:37:26.357,3.4216,1.2193,-4.3475,0.0092,-0.2904,-0.0138,-0.9567
2026-05-08T19:37:26.373,3.4502,1.2193,-4.3035,0.0090,-0.2966,-0.0138,-0.9548
2026-05-08T19:37:26.387,3.4820,1.2193,-4.2571,0.0089,-0.3027,-0.0139,-0.9530
2026-05-08T19:37:26.400,3.5194,1.2193,-4.2042,0.0089,-0.3088,-0.0140,-0.9510
2026-05-08T19:37:26.414,3.5548,1.2193,-4.1543,0.0089,-0.3129,-0.0139,-0.9496
2026-05-08T19:37:26.428,3.5941,1.2192,-4.1012,0.0088,-0.3164,-0.0139,-0.9485
2026-05-08T19:37:26.443,3.6351,1.2192,-4.0466,0.0087,-0.3165,-0.0137,-0.9485
2026-05-08T19:37:26.455,3.6779,1.2192,-3.9895,0.0087,-0.3165,-0.0137,-0.9485
2026-05-08T19:37:26.470,3.7195,1.2192,-3.9342,0.0087,-0.3165,-0.0138,-0.9485
2026-05-08T19:37:26.484,3.7581,1.2192,-3.8828,0.0087,-0.3164,-0.0139,-0.9485
2026-05-08T19:37:26.497,3.8019,1.2192,-3.8243,0.0087,-0.3164,-0.0139,-0.9485
2026-05-08T19:37:26.511,3.8413,1.2193,-3.7718,0.0086,-0.3163,-0.0140,-0.9485
2026-05-08T19:37:26.525,3.8835,1.2193,-3.7156,0.0086,-0.3163,-0.0140,-0.9485
2026-05-08T19:37:26.539,3.9253,1.2193,-3.6599,0.0086,-0.3162,-0.0140,-0.9485
2026-05-08T19:37:26.553,3.9674,1.2193,-3.6036,0.0086,-0.3161,-0.0141,-0.9486
2026-05-08T19:37:26.567,4.0079,1.2193,-3.5497,0.0085,-0.3160,-0.0140,-0.9486
2026-05-08T19:37:26.581,4.0499,1.2193,-3.4937,0.0084,-0.3160,-0.0140,-0.9486
2026-05-08T19:37:26.595,4.0907,1.2193,-3.4392,0.0084,-0.3160,-0.0139,-0.9486
2026-05-08T19:37:26.609,4.1323,1.2193,-3.3838,0.0082,-0.3160,-0.0138,-0.9486
2026-05-08T19:37:26.622,4.1768,1.2193,-3.3245,0.0082,-0.3160,-0.0138,-0.9486
2026-05-08T19:37:26.636,4.2165,1.2193,-3.2715,0.0081,-0.3160,-0.0137,-0.9486
2026-05-08T19:37:26.650,4.2582,1.2192,-3.2159,0.0081,-0.3161,-0.0136,-0.9486
2026-05-08T19:37:26.664,4.2992,1.2192,-3.1612,0.0082,-0.3161,-0.0136,-0.9486
2026-05-08T19:37:26.678,4.3403,1.2192,-3.1064,0.0082,-0.3162,-0.0136,-0.9486
2026-05-08T19:37:26.692,4.3836,1.2192,-3.0487,0.0082,-0.3162,-0.0136,-0.9486
2026-05-08T19:37:26.706,4.4257,1.2192,-2.9925,0.0083,-0.3162,-0.0135,-0.9486
2026-05-08T19:37:26.720,4.4679,1.2192,-2.9362,0.0083,-0.3163,-0.0135,-0.9485
2026-05-08T19:37:26.733,4.5097,1.2192,-2.8805,0.0083,-0.3162,-0.0136,-0.9486
2026-05-08T19:37:26.748,4.5501,1.2192,-2.8267,0.0083,-0.3162,-0.0136,-0.9486
2026-05-08T19:37:26.762,4.5935,1.2192,-2.7688,0.0082,-0.3161,-0.0135,-0.9486
2026-05-08T19:37:26.775,4.6345,1.2192,-2.7141,0.0083,-0.3161,-0.0135,-0.9486
2026-05-08T19:37:26.789,4.6744,1.2192,-2.6609,0.0082,-0.3161,-0.0135,-0.9486
2026-05-08T19:37:26.804,4.7157,1.2192,-2.6058,0.0082,-0.3161,-0.0134,-0.9486
2026-05-08T19:37:26.817,4.7580,1.2192,-2.5495,0.0082,-0.3161,-0.0134,-0.9486
2026-05-08T19:37:26.831,4.8009,1.2191,-2.4923,0.0081,-0.3160,-0.0133,-0.9486
2026-05-08T19:37:26.846,4.8378,1.2191,-2.4432,0.0081,-0.3158,-0.0132,-0.9487
2026-05-08T19:37:26.859,4.8813,1.2191,-2.3850,0.0081,-0.3158,-0.0132,-0.9487
2026-05-08T19:37:26.873,4.9238,1.2191,-2.3283,0.0080,-0.3159,-0.0129,-0.9487
2026-05-08T19:37:26.887,4.9642,1.2191,-2.2743,0.0078,-0.3160,-0.0128,-0.9486
2026-05-08T19:37:26.901,5.0063,1.2191,-2.2183,0.0078,-0.3161,-0.0128,-0.9486
2026-05-08T19:37:26.915,5.0473,1.2191,-2.1635,0.0079,-0.3160,-0.0130,-0.9486
2026-05-08T19:37:26.929,5.0891,1.2191,-2.1077,0.0078,-0.3160,-0.0131,-0.9486
2026-05-08T19:37:26.943,5.1305,1.2191,-2.0525,0.0078,-0.3161,-0.0132,-0.9486
2026-05-08T19:37:26.956,5.1719,1.2191,-1.9973,0.0078,-0.3161,-0.0132,-0.9486
2026-05-08T19:37:26.970,5.2133,1.2191,-1.9420,0.0078,-0.3162,-0.0131,-0.9486
2026-05-08T19:37:26.984,5.2512,1.2191,-1.8914,0.0078,-0.3162,-0.0131,-0.9486
2026-05-08T19:37:26.998,5.2945,1.2191,-1.8338,0.0077,-0.3161,-0.0131,-0.9486
2026-05-08T19:37:27.012,5.3360,1.2190,-1.7784,0.0078,-0.3160,-0.0131,-0.9486
2026-05-08T19:37:27.026,5.3771,1.2190,-1.7236,0.0078,-0.3159,-0.0131,-0.9487
2026-05-08T19:37:27.040,5.4183,1.2189,-1.6686,0.0079,-0.3159,-0.0131,-0.9487
2026-05-08T19:37:27.054,5.4596,1.2189,-1.6134,0.0078,-0.3158,-0.0131,-0.9487
2026-05-08T19:37:27.068,5.4989,1.2189,-1.5609,0.0079,-0.3157,-0.0131,-0.9487
2026-05-08T19:37:27.082,5.5403,1.2189,-1.5056,0.0079,-0.3156,-0.0130,-0.9488
2026-05-08T19:37:27.095,5.5825,1.2189,-1.4491,0.0079,-0.3156,-0.0129,-0.9488
2026-05-08T19:37:27.110,5.6238,1.2189,-1.3939,0.0079,-0.3157,-0.0128,-0.9488
2026-05-08T19:37:27.124,5.6607,1.2189,-1.3446,0.0078,-0.3177,-0.0127,-0.9481
2026-05-08T19:37:27.137,5.7058,1.2190,-1.2849,0.0077,-0.3206,-0.0127,-0.9471
2026-05-08T19:37:27.152,5.7442,1.2190,-1.2342,0.0076,-0.3232,-0.0128,-0.9462
2026-05-08T19:37:27.166,5.7854,1.2190,-1.1808,0.0076,-0.3260,-0.0129,-0.9453
2026-05-08T19:37:27.179,5.8261,1.2190,-1.1288,0.0075,-0.3292,-0.0131,-0.9442
2026-05-08T19:37:27.193,5.8686,1.2190,-1.0748,0.0075,-0.3325,-0.0132,-0.9430
2026-05-08T19:37:27.206,5.9080,1.2190,-1.0258,0.0074,-0.3356,-0.0132,-0.9419
2026-05-08T19:37:27.220,5.9499,1.2190,-0.9744,0.0074,-0.3391,-0.0132,-0.9406
2026-05-08T19:37:27.235,5.9882,1.2190,-0.9277,0.0073,-0.3424,-0.0132,-0.9394
2026-05-08T19:37:27.249,6.0289,1.2190,-0.8792,0.0072,-0.3464,-0.0131,-0.9380
2026-05-08T19:37:27.263,6.0748,1.2190,-0.8256,0.0071,-0.3511,-0.0130,-0.9362
2026-05-08T19:37:27.277,6.1145,1.2190,-0.7800,0.0071,-0.3553,-0.0131,-0.9346
2026-05-08T19:37:27.291,6.1556,1.2190,-0.7331,0.0071,-0.3601,-0.0130,-0.9328
2026-05-08T19:37:27.305,6.1967,1.2190,-0.6878,0.0070,-0.3650,-0.0130,-0.9309
2026-05-08T19:37:27.318,6.2368,1.2190,-0.6444,0.0070,-0.3701,-0.0131,-0.9289
2026-05-08T19:37:27.333,6.2789,1.2190,-0.5992,0.0069,-0.3755,-0.0131,-0.9267
2026-05-08T19:37:27.347,6.3175,1.2190,-0.5593,0.0069,-0.3804,-0.0131,-0.9247
2026-05-08T19:37:27.360,6.3621,1.2190,-0.5143,0.0068,-0.3860,-0.0133,-0.9224
2026-05-08T19:37:27.378,6.4027,1.2190,-0.4734,0.0068,-0.3911,-0.0133,-0.9202
2026-05-08T19:37:27.388,6.4439,1.2190,0.0058,0.0067,-0.3961,-0.0135,-0.9181
2026-05-08T19:37:27.402,6.5042,1.2190,0.0628,0.0067,-0.4034,-0.0136,-0.9149
2026-05-08T19:37:27.415,6.5304,1.2190,0.0878,0.0066,-0.4066,-0.0137,-0.9135
2026-05-08T19:37:27.430,6.5759,1.2190,0.1288,0.0065,-0.4119,-0.0137,-0.9111
2026-05-08T19:37:27.444,6.6183,1.2191,0.1662,0.0064,-0.4164,-0.0138,-0.9091
2026-05-08T19:37:27.457,6.6700,1.2191,0.2109,0.0064,-0.4212,-0.0139,-0.9069
2026-05-08T19:37:27.472,6.7190,1.2191,0.2529,0.0063,-0.4242,-0.0139,-0.9055
2026-05-08T19:37:27.486,6.7655,1.2191,0.2917,0.0062,-0.4264,-0.0139,-0.9044
2026-05-08T19:37:27.499,6.8245,1.2191,0.3404,0.0062,-0.4264,-0.0139,-0.9044
2026-05-08T19:37:27.514,6.8756,1.2192,0.3826,0.0063,-0.4263,-0.0138,-0.9045
2026-05-08T19:37:27.527,6.9281,1.2192,0.4260,0.0063,-0.4262,-0.0138,-0.9045
2026-05-08T19:37:27.541,6.9832,1.2192,0.4715,0.0062,-0.4263,-0.0137,-0.9045
2026-05-08T19:37:27.555,7.0337,1.2192,0.5132,0.0062,-0.4263,-0.0136,-0.9044
2026-05-08T19:37:27.569,7.0867,1.2192,0.5570,0.0061,-0.4264,-0.0137,-0.9044
2026-05-08T19:37:27.582,7.1447,1.2192,0.6048,0.0061,-0.4264,-0.0138,-0.9044
2026-05-08T19:37:27.596,7.1953,1.2192,0.6466,0.0061,-0.4264,-0.0140,-0.9044
2026-05-08T19:37:27.610,7.2455,1.2192,0.6881,0.0061,-0.4264,-0.0140,-0.9044
2026-05-08T19:37:27.624,7.2977,1.2192,0.7311,0.0061,-0.4242,-0.0140,-0.9054
2026-05-08T19:37:27.638,7.3490,1.2192,0.7739,0.0062,-0.4215,-0.0140,-0.9067
2026-05-08T19:37:27.652,7.4002,1.2192,0.8168,0.0063,-0.4184,-0.0139,-0.9081
2026-05-08T19:37:27.666,7.4512,1.2192,0.8604,0.0063,-0.4151,-0.0139,-0.9096
2026-05-08T19:37:27.680,7.5000,1.2192,0.9029,0.0064,-0.4118,-0.0139,-0.9111
2026-05-08T19:37:27.693,7.5510,1.2192,0.9474,0.0064,-0.4084,-0.0138,-0.9127
2026-05-08T19:37:27.707,7.5983,1.2192,0.9897,0.0065,-0.4052,-0.0137,-0.9141
2026-05-08T19:37:27.720,7.6452,1.2192,1.0323,0.0066,-0.4020,-0.0136,-0.9155
2026-05-08T19:37:27.734,7.6952,1.2192,1.0778,0.0066,-0.3984,-0.0136,-0.9171
2026-05-08T19:37:27.749,7.7394,1.2192,1.1191,0.0067,-0.3953,-0.0136,-0.9184
2026-05-08T19:37:27.763,7.7888,1.2191,1.1659,0.0068,-0.3918,-0.0136,-0.9199
2026-05-08T19:37:27.776,7.8372,1.2191,1.2125,0.0069,-0.3884,-0.0134,-0.9214
2026-05-08T19:37:27.790,7.8853,1.2191,1.2590,0.0068,-0.3850,-0.0133,-0.9228
2026-05-08T19:37:27.804,7.9286,1.2191,1.3018,0.0069,-0.3819,-0.0132,-0.9241
2026-05-08T19:37:27.817,7.9750,1.2191,1.3483,0.0069,-0.3785,-0.0132,-0.9255
2026-05-08T19:37:27.831,8.0214,1.2191,1.3950,0.0070,-0.3748,-0.0132,-0.9270
2026-05-08T19:37:27.845,8.0617,1.2191,1.4368,0.0070,-0.3714,-0.0133,-0.9284
2026-05-08T19:37:27.858,8.1096,1.2191,1.4871,0.0071,-0.3671,-0.0134,-0.9301
2026-05-08T19:37:27.872,8.1504,1.2191,1.5301,0.0072,-0.3634,-0.0134,-0.9315
2026-05-08T19:37:27.886,8.1918,1.2191,1.5751,0.0073,-0.3596,-0.0134,-0.9330
2026-05-08T19:37:27.901,8.2362,1.2191,1.6242,0.0073,-0.3553,-0.0133,-0.9346
2026-05-08T19:37:27.916,8.2787,1.2191,1.6713,0.0074,-0.3509,-0.0131,-0.9363
2026-05-08T19:37:27.932,8.3215,1.2191,1.7203,0.0076,-0.3457,-0.0129,-0.9382
2026-05-08T19:37:27.946,8.3622,1.2191,1.7681,0.0076,-0.3397,-0.0128,-0.9404
2026-05-08T19:37:27.959,8.4041,1.2191,1.8184,0.0077,-0.3332,-0.0126,-0.9427
2026-05-08T19:37:27.973,8.4397,1.2191,1.8615,0.0078,-0.3276,-0.0125,-0.9447
2026-05-08T19:37:27.987,8.4734,1.2190,1.9042,0.0078,-0.3221,-0.0124,-0.9466
2026-05-08T19:37:28.001,8.5102,1.2190,1.9519,0.0079,-0.3161,-0.0123,-0.9486
2026-05-08T19:37:28.016,8.5470,1.2190,1.9998,0.0081,-0.3110,-0.0122,-0.9503
2026-05-08T19:37:28.032,8.5779,1.2190,2.0419,0.0081,-0.3073,-0.0122,-0.9515
2026-05-08T19:37:28.046,8.6040,1.2190,2.0781,0.0082,-0.3044,-0.0122,-0.9524
2026-05-08T19:37:28.061,8.6171,1.2190,2.0964,0.0082,-0.3045,-0.0121,-0.9524
2026-05-08T19:37:28.075,8.6254,1.2190,2.1080,0.0082,-0.3046,-0.0120,-0.9524
2026-05-08T19:37:28.090,8.6280,1.2190,2.1116,0.0081,-0.3046,-0.0121,-0.9524
2026-05-08T19:37:28.117,8.6280,1.2190,2.1115,0.0082,-0.3047,-0.0121,-0.9523
2026-05-08T19:37:28.146,8.6281,1.2189,2.1114,0.0082,-0.3048,-0.0119,-0.9523
2026-05-08T19:37:28.160,8.6281,1.2189,2.1113,0.0082,-0.3048,-0.0118,-0.9523
2026-05-08T19:37:28.189,8.6283,1.2189,2.1113,0.0082,-0.3048,-0.0117,-0.9523
2026-05-08T19:37:28.203,8.6283,1.2188,2.1112,0.0081,-0.3049,-0.0115,-0.9523
2026-05-08T19:37:28.216,8.6284,1.2189,2.1112,0.0079,-0.3051,-0.0112,-0.9522
2026-05-08T19:37:28.231,8.6285,1.2189,2.1112,0.0077,-0.3052,-0.0110,-0.9522
2026-05-08T19:37:28.258,8.6286,1.2189,2.1111,0.0076,-0.3053,-0.0110,-0.9522
2026-05-08T19:37:28.272,8.6287,1.2188,2.1111,0.0078,-0.3053,-0.0110,-0.9521
2026-05-08T19:37:28.287,8.6287,1.2188,2.1111,0.0077,-0.3055,-0.0110,-0.9521
2026-05-08T19:37:28.330,8.6287,1.2188,2.1111,0.0076,-0.3054,-0.0109,-0.9521
2026-05-08T19:37:28.343,8.6288,1.2188,2.1110,0.0077,-0.3053,-0.0108,-0.9522
2026-05-08T19:37:28.399,8.6288,1.2188,2.1110,0.0078,-0.3052,-0.0107,-0.9522
2026-05-08T19:37:28.413,8.6288,1.2188,2.1110,0.0078,-0.3051,-0.0107,-0.9522
2026-05-08T19:37:28.441,8.6277,1.2187,2.1095,0.0078,-0.3051,-0.0107,-0.9522
2026-05-08T19:37:28.455,8.6242,1.2187,2.1046,0.0077,-0.3021,-0.0107,-0.9532
2026-05-08T19:37:28.469,8.6160,1.2187,2.0929,0.0078,-0.2950,-0.0106,-0.9554
2026-05-08T19:37:28.483,8.6039,1.2187,2.0753,0.0079,-0.2846,-0.0107,-0.9586
2026-05-08T19:37:28.497,8.5923,1.2188,2.0575,0.0080,-0.2742,-0.0107,-0.9616
2026-05-08T19:37:28.511,8.5829,1.2188,2.0404,0.0081,-0.2645,-0.0107,-0.9643
2026-05-08T19:37:28.525,8.5720,1.2188,2.0222,0.0082,-0.2542,-0.0107,-0.9671
2026-05-08T19:37:28.538,8.5617,1.2188,2.0039,0.0083,-0.2441,-0.0107,-0.9696
2026-05-08T19:37:28.553,8.5524,1.2188,1.9847,0.0084,-0.2339,-0.0105,-0.9722
2026-05-08T19:37:28.568,8.5428,1.2188,1.9658,0.0086,-0.2240,-0.0104,-0.9745
2026-05-08T19:37:28.584,8.5331,1.2188,1.9459,0.0087,-0.2136,-0.0104,-0.9768
2026-05-08T19:37:28.600,8.5230,1.2187,1.9238,0.0088,-0.2020,-0.0102,-0.9793
2026-05-08T19:37:28.620,8.5143,1.2187,1.9012,0.0090,-0.1906,-0.0101,-0.9816
2026-05-08T19:37:28.638,8.5041,1.2187,1.8762,0.0091,-0.1779,-0.0099,-0.9840
2026-05-08T19:37:28.655,8.4939,1.2187,1.8490,0.0093,-0.1644,-0.0099,-0.9863
2026-05-08T19:37:28.671,8.4843,1.2187,1.8211,0.0095,-0.1505,-0.0097,-0.9885
2026-05-08T19:37:28.686,8.4771,1.2187,1.7981,0.0097,-0.1388,-0.0096,-0.9902
2026-05-08T19:37:28.703,8.4703,1.2187,1.7745,0.0098,-0.1265,-0.0094,-0.9919
2026-05-08T19:37:28.720,8.4656,1.2188,1.7522,0.0099,-0.1147,-0.0093,-0.9933
2026-05-08T19:37:28.738,8.4601,1.2188,1.7294,0.0100,-0.1023,-0.0092,-0.9947
2026-05-08T19:37:28.755,8.4557,1.2188,1.7083,0.0102,-0.0900,-0.0093,-0.9958
2026-05-08T19:37:28.774,8.4516,1.2188,1.6861,0.0102,-0.0765,-0.0092,-0.9970
2026-05-08T19:37:28.791,8.4483,1.2189,1.6649,0.0105,-0.0630,-0.0092,-0.9979
2026-05-08T19:37:28.807,8.4453,1.2189,1.6426,0.0106,-0.0485,-0.0093,-0.9987
2026-05-08T19:37:28.823,8.4433,1.2189,1.6223,0.0108,-0.0353,-0.0091,-0.9993
2026-05-08T19:37:28.841,8.4431,1.2189,1.6036,0.0110,-0.0229,-0.0090,-0.9996
2026-05-08T19:37:28.860,8.4422,1.2189,1.5839,0.0110,-0.0102,-0.0089,-0.9998
2026-05-08T19:37:28.879,8.4417,1.2189,1.5625,0.0112,0.0035,-0.0087,-0.9999
2026-05-08T19:37:28.897,8.4418,1.2189,1.5410,0.0112,0.0171,-0.0086,-0.9998
2026-05-08T19:37:28.913,8.4426,1.2190,1.5181,0.0113,0.0319,-0.0085,-0.9994
2026-05-08T19:37:28.930,8.4440,1.2191,1.4975,0.0115,0.0458,-0.0085,-0.9988
2026-05-08T19:37:28.946,8.4455,1.2191,1.4799,0.0117,0.0581,-0.0085,-0.9982
2026-05-08T19:37:28.963,8.4474,1.2191,1.4635,0.0117,0.0710,-0.0083,-0.9974
2026-05-08T19:37:28.980,8.4506,1.2191,1.4497,0.0118,0.0835,-0.0083,-0.9964
2026-05-08T19:37:28.999,8.4529,1.2191,1.4357,0.0120,0.0973,-0.0081,-0.9952
2026-05-08T19:37:29.015,8.4551,1.2191,1.4242,0.0122,0.1105,-0.0080,-0.9938
2026-05-08T19:37:29.032,8.4577,1.2191,1.4126,0.0124,0.1247,-0.0078,-0.9921
2026-05-08T19:37:29.050,8.4603,1.2190,1.4028,0.0125,0.1375,-0.0076,-0.9904
2026-05-08T19:37:29.067,8.4633,1.2190,1.3920,0.0125,0.1519,-0.0073,-0.9883
2026-05-08T19:37:29.084,8.4661,1.2190,1.3834,0.0126,0.1642,-0.0071,-0.9863
2026-05-08T19:37:29.101,8.4704,1.2190,1.3746,0.0126,0.1782,-0.0068,-0.9839
2026-05-08T19:37:29.118,8.4735,1.2190,1.3664,0.0125,0.1902,-0.0065,-0.9816
2026-05-08T19:37:29.137,8.4772,1.2190,1.3571,0.0122,0.2041,-0.0061,-0.9789
2026-05-08T19:37:29.154,8.4806,1.2190,1.3495,0.0119,0.2171,-0.0059,-0.9761
2026-05-08T19:37:29.170,8.4845,1.2190,1.3415,0.0121,0.2308,-0.0058,-0.9729
2026-05-08T19:37:29.186,8.4881,1.2190,1.3343,0.0121,0.2436,-0.0056,-0.9698
2026-05-08T19:37:29.202,8.4919,1.2190,1.3273,0.0121,0.2564,-0.0054,-0.9665
2026-05-08T19:37:29.220,8.4965,1.2189,1.3218,0.0122,0.2686,-0.0052,-0.9632
2026-05-08T19:37:29.239,8.5006,1.2189,1.3152,0.0119,0.2812,-0.0050,-0.9596
2026-05-08T19:37:29.259,8.5050,1.2188,1.3084,0.0112,0.2945,-0.0045,-0.9556
2026-05-08T19:37:29.279,8.5090,1.2187,1.3023,0.0097,0.3101,-0.0041,-0.9507
2026-05-08T19:37:29.296,8.5110,1.2186,1.2993,0.0088,0.3261,-0.0035,-0.9453
2026-05-08T19:37:29.313,8.5117,1.2185,1.2982,0.0080,0.3426,-0.0034,-0.9394
2026-05-08T19:37:29.331,8.5106,1.2185,1.2992,0.0080,0.3563,-0.0032,-0.9343
2026-05-08T19:37:29.348,8.5065,1.2184,1.3034,0.0077,0.3711,-0.0031,-0.9285
2026-05-08T19:37:29.365,8.4994,1.2184,1.3105,0.0081,0.3851,-0.0029,-0.9228
2026-05-08T19:37:29.382,8.4917,1.2184,1.3197,0.0083,0.3985,-0.0027,-0.9171
2026-05-08T19:37:29.400,8.4812,1.2184,1.3292,0.0082,0.4123,-0.0025,-0.9110
2026-05-08T19:37:29.416,8.4587,1.2183,1.3485,0.0082,0.4257,-0.0022,-0.9048
2026-05-08T19:37:29.433,8.4252,1.2183,1.3761,0.0082,0.4384,-0.0021,-0.8988
2026-05-08T19:37:29.449,8.3942,1.2183,1.4001,0.0082,0.4489,-0.0020,-0.8935
2026-05-08T19:37:29.467,8.3530,1.2183,1.4305,0.0083,0.4599,-0.0018,-0.8879
2026-05-08T19:37:29.483,8.3068,1.2183,1.4630,0.0086,0.4689,-0.0019,-0.8832
2026-05-08T19:37:29.501,8.2490,1.2183,1.5029,0.0085,0.4781,-0.0020,-0.8783
2026-05-08T19:37:29.517,8.1943,1.2184,1.5381,0.0088,0.4846,-0.0020,-0.8747
2026-05-08T19:37:29.534,8.1271,1.2184,1.5801,0.0089,0.4912,-0.0020,-0.8710
2026-05-08T19:37:29.552,8.0646,1.2184,1.6177,0.0089,0.4961,-0.0022,-0.8682
2026-05-08T19:37:29.569,7.9954,1.2184,1.6585,0.0087,0.5013,-0.0021,-0.8653
2026-05-08T19:37:29.585,7.9317,1.2184,1.6948,0.0089,0.5062,-0.0023,-0.8624
2026-05-08T19:37:29.601,7.8612,1.2184,1.7341,0.0088,0.5110,-0.0025,-0.8595
2026-05-08T19:37:29.618,7.7968,1.2185,1.7697,0.0089,0.5156,-0.0026,-0.8568
2026-05-08T19:37:29.636,7.7291,1.2185,1.8056,0.0091,0.5199,-0.0024,-0.8542
2026-05-08T19:37:29.651,7.6621,1.2185,1.8402,0.0090,0.5243,-0.0025,-0.8515
2026-05-08T19:37:29.668,7.5890,1.2185,1.8770,0.0090,0.5292,-0.0025,-0.8484
2026-05-08T19:37:29.683,7.5273,1.2185,1.9072,0.0090,0.5332,-0.0025,-0.8459
2026-05-08T19:37:29.698,7.4541,1.2185,1.9421,0.0089,0.5379,-0.0025,-0.8430
2026-05-08T19:37:29.713,7.3934,1.2185,1.9709,0.0089,0.5418,-0.0023,-0.8404
2026-05-08T19:37:29.728,7.3294,1.2185,1.9999,0.0090,0.5458,-0.0023,-0.8379
2026-05-08T19:37:29.742,7.2673,1.2185,2.0273,0.0091,0.5498,-0.0023,-0.8352
2026-05-08T19:37:29.756,7.2010,1.2184,2.0557,0.0092,0.5539,-0.0022,-0.8325
2026-05-08T19:37:29.772,7.1446,1.2184,2.0798,0.0091,0.5575,-0.0021,-0.8301
2026-05-08T19:37:29.788,7.0843,1.2184,2.1043,0.0090,0.5612,-0.0021,-0.8276
2026-05-08T19:37:29.803,7.0164,1.2184,2.1313,0.0089,0.5654,-0.0020,-0.8247
2026-05-08T19:37:29.819,6.9514,1.2184,2.1569,0.0090,0.5694,-0.0020,-0.8220
2026-05-08T19:37:29.835,6.8844,1.2185,2.1818,0.0092,0.5735,-0.0021,-0.8191
2026-05-08T19:37:29.850,6.8163,1.2185,2.2065,0.0094,0.5776,-0.0022,-0.8163
2026-05-08T19:37:29.865,6.7464,1.2185,2.2310,0.0097,0.5816,-0.0021,-0.8134
2026-05-08T19:37:29.879,6.6848,1.2185,2.2520,0.0099,0.5853,-0.0021,-0.8107
2026-05-08T19:37:29.897,6.6154,1.2185,2.2753,0.0100,0.5893,-0.0020,-0.8079
2026-05-08T19:37:29.913,6.5514,1.2186,2.2958,0.0101,0.5930,-0.0021,-0.8051
2026-05-08T19:37:29.929,6.4740,1.2186,2.3198,0.0101,0.5975,-0.0021,-0.8018
2026-05-08T19:37:29.945,6.4063,1.2187,2.3397,0.0102,0.6014,-0.0021,-0.7989
2026-05-08T19:37:29.960,6.3314,1.2187,2.3612,0.0104,0.6056,-0.0022,-0.7957
2026-05-08T19:37:29.975,6.2662,1.2187,2.3797,0.0105,0.6093,-0.0021,-0.7928
2026-05-08T19:37:29.992,6.2000,1.2187,2.3972,0.0106,0.6129,-0.0022,-0.7901
2026-05-08T19:37:30.008,6.1294,1.2188,2.4152,0.0107,0.6169,-0.0021,-0.7870
2026-05-08T19:37:30.025,6.0511,1.2188,2.4343,0.0108,0.6211,-0.0021,-0.7836
2026-05-08T19:37:30.042,5.9808,1.2188,2.4371,0.0110,0.6249,-0.0020,-0.7806
2026-05-08T19:37:30.060,5.9054,1.2189,2.4382,0.0113,0.6289,-0.0021,-0.7774
2026-05-08T19:37:30.076,5.8299,1.2189,2.4395,0.0114,0.6328,-0.0020,-0.7743
2026-05-08T19:37:30.092,5.7451,1.2189,2.4407,0.0115,0.6366,-0.0020,-0.7711
2026-05-08T19:37:30.108,5.6695,1.2189,2.4420,0.0115,0.6399,-0.0019,-0.7684
2026-05-08T19:37:30.123,5.5941,1.2190,2.4430,0.0115,0.6430,-0.0019,-0.7658
2026-05-08T19:37:30.137,5.5210,1.2190,2.4441,0.0115,0.6460,-0.0018,-0.7633
2026-05-08T19:37:30.152,5.4546,1.2190,2.4451,0.0115,0.6485,-0.0017,-0.7611
2026-05-08T19:37:30.166,5.3869,1.2190,2.4459,0.0116,0.6512,-0.0017,-0.7588
2026-05-08T19:37:30.180,5.3179,1.2190,2.4468,0.0114,0.6538,-0.0016,-0.7566
2026-05-08T19:37:30.195,5.2472,1.2190,2.4477,0.0114,0.6563,-0.0015,-0.7545
2026-05-08T19:37:30.210,5.1796,1.2190,2.4486,0.0112,0.6584,-0.0014,-0.7526
2026-05-08T19:37:30.224,5.1094,1.2190,2.4494,0.0112,0.6605,-0.0014,-0.7507
2026-05-08T19:37:30.238,5.0399,1.2190,2.4501,0.0113,0.6623,-0.0014,-0.7492
2026-05-08T19:37:30.253,4.9708,1.2190,2.4507,0.0114,0.6639,-0.0014,-0.7477
2026-05-08T19:37:30.268,4.9015,1.2191,2.4513,0.0115,0.6639,-0.0014,-0.7478
2026-05-08T19:37:30.283,4.8285,1.2190,2.4514,0.0115,0.6638,-0.0015,-0.7478
2026-05-08T19:37:30.298,4.7448,1.2190,2.4514,0.0114,0.6637,-0.0014,-0.7479
2026-05-08T19:37:30.316,4.6768,1.2190,2.4514,0.0114,0.6637,-0.0014,-0.7479
2026-05-08T19:37:30.330,4.6051,1.2189,2.4514,0.0114,0.6638,-0.0013,-0.7478
2026-05-08T19:37:30.344,4.5172,1.2189,2.4514,0.0115,0.6638,-0.0013,-0.7478
2026-05-08T19:37:30.358,4.4432,1.2189,2.4514,0.0114,0.6638,-0.0013,-0.7478
2026-05-08T19:37:30.372,4.3757,1.2189,2.4514,0.0114,0.6638,-0.0012,-0.7478
2026-05-08T19:37:30.387,4.3084,1.2189,2.4524,0.0113,0.6638,-0.0012,-0.7478
2026-05-08T19:37:30.400,4.2361,1.2189,2.4524,0.0114,0.6639,-0.0011,-0.7477
2026-05-08T19:37:30.414,4.1669,1.2189,2.4525,0.0114,0.6640,-0.0010,-0.7477
2026-05-08T19:37:30.428,4.0983,1.2188,2.4525,0.0113,0.6639,-0.0010,-0.7477
2026-05-08T19:37:30.443,4.0311,1.2188,2.4525,0.0112,0.6638,-0.0009,-0.7478
2026-05-08T19:37:30.460,3.9606,1.2188,2.4526,0.0111,0.6638,-0.0009,-0.7479
2026-05-08T19:37:30.477,3.8874,1.2188,2.4526,0.0112,0.6637,-0.0010,-0.7479
2026-05-08T19:37:30.492,3.8042,1.2189,2.4526,0.0113,0.6636,-0.0010,-0.7480
2026-05-08T19:37:30.509,3.7208,1.2189,2.4526,0.0114,0.6635,-0.0011,-0.7481
2026-05-08T19:37:30.523,3.6406,1.2189,2.4526,0.0113,0.6635,-0.0010,-0.7481
2026-05-08T19:37:30.538,3.5624,1.2189,2.4526,0.0113,0.6635,-0.0010,-0.7481
2026-05-08T19:37:30.551,3.4937,1.2189,2.4526,0.0112,0.6635,-0.0010,-0.7481
2026-05-08T19:37:30.565,3.4233,1.2189,2.4527,0.0111,0.6635,-0.0009,-0.7481
2026-05-08T19:37:30.579,3.3575,1.2189,2.4527,0.0110,0.6635,-0.0009,-0.7481
2026-05-08T19:37:30.594,3.2863,1.2189,2.4527,0.0108,0.6634,-0.0009,-0.7482
2026-05-08T19:37:30.610,3.2187,1.2188,2.4528,0.0107,0.6633,-0.0006,-0.7483
2026-05-08T19:37:30.626,3.1469,1.2188,2.4528,0.0106,0.6633,-0.0006,-0.7483
2026-05-08T19:37:30.639,3.0696,1.2187,2.4529,0.0106,0.6632,-0.0005,-0.7484
2026-05-08T19:37:30.654,2.9910,1.2187,2.4530,0.0106,0.6631,-0.0004,-0.7484
2026-05-08T19:37:30.667,2.9232,1.2187,2.4530,0.0106,0.6630,-0.0004,-0.7486
2026-05-08T19:37:30.681,2.8572,1.2187,2.4530,0.0107,0.6603,-0.0003,-0.7509
2026-05-08T19:37:30.698,2.7973,1.2187,2.4527,0.0106,0.6553,-0.0004,-0.7553
2026-05-08T19:37:30.716,2.7545,1.2187,2.4528,0.0105,0.6505,-0.0002,-0.7595
2026-05-08T19:37:30.735,2.7055,1.2187,2.4529,0.0103,0.6433,-0.0003,-0.7656
2026-05-08T19:37:30.750,2.6648,1.2187,2.4530,0.0104,0.6347,-0.0004,-0.7727
2026-05-08T19:37:30.765,2.6243,1.2187,2.4530,0.0104,0.6259,-0.0005,-0.7798
2026-05-08T19:37:30.778,2.5949,1.2187,2.4530,0.0104,0.6194,-0.0006,-0.7850
2026-05-08T19:37:30.793,2.5583,1.2187,2.4522,0.0104,0.6112,-0.0007,-0.7914
2026-05-08T19:37:30.809,2.5358,1.2187,2.4522,0.0104,0.6061,-0.0007,-0.7954
2026-05-08T19:37:30.826,2.5050,1.2187,2.4521,0.0103,0.5991,-0.0008,-0.8006
2026-05-08T19:37:30.841,2.4663,1.2187,2.4521,0.0103,0.5912,-0.0009,-0.8065
2026-05-08T19:37:30.857,2.4146,1.2187,2.4511,0.0103,0.5827,-0.0010,-0.8126
2026-05-08T19:37:30.873,2.3700,1.2186,2.4512,0.0102,0.5755,-0.0010,-0.8177
2026-05-08T19:37:30.888,2.3219,1.2186,2.3879,0.0100,0.5677,-0.0011,-0.8232
2026-05-08T19:37:30.903,2.2790,1.2186,2.4041,0.0101,0.5597,-0.0013,-0.8287
2026-05-08T19:37:30.918,2.2449,1.2186,2.4168,0.0102,0.5523,-0.0014,-0.8336
2026-05-08T19:37:30.933,2.2139,1.2186,2.4168,0.0103,0.5444,-0.0016,-0.8387
2026-05-08T19:37:30.950,2.1843,1.2186,2.4168,0.0102,0.5360,-0.0017,-0.8442
2026-05-08T19:37:30.965,2.1616,1.2186,2.4168,0.0102,0.5273,-0.0018,-0.8496
2026-05-08T19:37:30.978,2.1383,1.2186,2.4168,0.0102,0.5172,-0.0019,-0.8558
2026-05-08T19:37:30.993,2.1213,1.2186,2.4156,0.0103,0.5090,-0.0020,-0.8607
2026-05-08T19:37:31.009,2.1074,1.2186,2.4156,0.0103,0.5006,-0.0022,-0.8656
2026-05-08T19:37:31.023,2.0972,1.2186,2.4156,0.0103,0.4909,-0.0023,-0.8712
2026-05-08T19:37:31.037,2.0897,1.2186,2.4156,0.0102,0.4805,-0.0023,-0.8769
2026-05-08T19:37:31.051,2.0851,1.2185,2.4144,0.0100,0.4709,-0.0023,-0.8821
2026-05-08T19:37:31.067,2.0851,1.2185,2.4144,0.0100,0.4607,-0.0024,-0.8875
2026-05-08T19:37:31.084,2.0867,1.2185,2.4134,0.0098,0.4509,-0.0025,-0.8925
2026-05-08T19:37:31.099,2.0893,1.2185,2.4103,0.0096,0.4392,-0.0025,-0.8983
2026-05-08T19:37:31.114,2.0952,1.2185,2.4057,0.0095,0.4273,-0.0026,-0.9041
2026-05-08T19:37:31.132,2.1019,1.2185,2.4002,0.0094,0.4167,-0.0027,-0.9090
2026-05-08T19:37:31.150,2.1093,1.2185,2.3938,0.0094,0.4057,-0.0029,-0.9140
2026-05-08T19:37:31.167,2.1187,1.2185,2.3854,0.0094,0.3925,-0.0031,-0.9197
2026-05-08T19:37:31.181,2.1273,1.2185,2.3772,0.0093,0.3807,-0.0033,-0.9246
2026-05-08T19:37:31.196,2.1363,1.2185,2.3665,0.0092,0.3679,-0.0033,-0.9298
2026-05-08T19:37:31.210,2.1435,1.2185,2.3587,0.0091,0.3579,-0.0034,-0.9337
2026-05-08T19:37:31.227,2.1512,1.2184,2.3501,0.0090,0.3473,-0.0035,-0.9377
2026-05-08T19:37:31.243,2.1589,1.2184,2.3412,0.0089,0.3368,-0.0036,-0.9415
2026-05-08T19:37:31.261,2.1676,1.2184,2.3289,0.0089,0.3246,-0.0037,-0.9458
2026-05-08T19:37:31.274,2.1782,1.2184,2.3153,0.0088,0.3124,-0.0037,-0.9499
2026-05-08T19:37:31.288,2.1903,1.2184,2.2989,0.0087,0.3004,-0.0037,-0.9538
2026-05-08T19:37:31.304,2.2010,1.2184,2.2836,0.0087,0.2900,-0.0038,-0.9570
2026-05-08T19:37:31.320,2.2119,1.2184,2.2674,0.0087,0.2804,-0.0039,-0.9598
2026-05-08T19:37:31.337,2.2248,1.2183,2.2454,0.0087,0.2687,-0.0039,-0.9632
2026-05-08T19:37:31.354,2.2381,1.2183,2.2235,0.0086,0.2576,-0.0039,-0.9662
2026-05-08T19:37:31.371,2.2540,1.2183,2.1958,0.0085,0.2455,-0.0040,-0.9694
2026-05-08T19:37:31.386,2.2724,1.2183,2.1618,0.0086,0.2328,-0.0041,-0.9725
2026-05-08T19:37:31.400,2.2892,1.2183,2.1285,0.0086,0.2213,-0.0043,-0.9752
2026-05-08T19:37:31.425,2.3017,1.2184,2.0995,0.0086,0.2119,-0.0045,-0.9773
2026-05-08T19:37:31.440,2.3156,1.2184,2.0688,0.0086,0.2020,-0.0046,-0.9793
2026-05-08T19:37:31.454,2.3386,1.2184,2.0154,0.0084,0.1851,-0.0047,-0.9827
2026-05-08T19:37:31.468,2.3516,1.2184,1.9820,0.0084,0.1748,-0.0048,-0.9845
2026-05-08T19:37:31.482,2.3620,1.2184,1.9536,0.0083,0.1662,-0.0049,-0.9860
2026-05-08T19:37:31.495,2.3738,1.2184,1.9196,0.0083,0.1560,-0.0050,-0.9877
2026-05-08T19:37:31.509,2.3828,1.2185,1.8887,0.0082,0.1469,-0.0051,-0.9891
2026-05-08T19:37:31.524,2.3922,1.2185,1.8578,0.0081,0.1376,-0.0052,-0.9904
2026-05-08T19:37:31.537,2.4011,1.2185,1.8264,0.0080,0.1283,-0.0051,-0.9917
2026-05-08T19:37:31.552,2.4091,1.2185,1.7925,0.0079,0.1184,-0.0053,-0.9929
2026-05-08T19:37:31.566,2.4169,1.2185,1.7602,0.0078,0.1090,-0.0054,-0.9940
2026-05-08T19:37:31.579,2.4243,1.2185,1.7266,0.0078,0.0993,-0.0056,-0.9950
2026-05-08T19:37:31.593,2.4305,1.2185,1.6911,0.0078,0.0892,-0.0058,-0.9960
2026-05-08T19:37:31.608,2.4362,1.2185,1.6596,0.0078,0.0802,-0.0059,-0.9967
2026-05-08T19:37:31.621,2.4416,1.2185,1.6258,0.0077,0.0704,-0.0060,-0.9975
2026-05-08T19:37:31.636,2.4455,1.2186,1.5913,0.0077,0.0607,-0.0061,-0.9981
2026-05-08T19:37:31.650,2.4495,1.2186,1.5580,0.0077,0.0513,-0.0062,-0.9986
2026-05-08T19:37:31.664,2.4533,1.2186,1.5210,0.0076,0.0408,-0.0063,-0.9991
2026-05-08T19:37:31.677,2.4558,1.2186,1.4904,0.0076,0.0321,-0.0064,-0.9994
2026-05-08T19:37:31.691,2.4572,1.2186,1.4558,0.0076,0.0225,-0.0064,-0.9997
2026-05-08T19:37:31.705,2.4587,1.2185,1.4228,0.0075,0.0132,-0.0066,-0.9999
2026-05-08T19:37:31.718,2.4596,1.2185,1.3888,0.0074,0.0036,-0.0066,-0.9999
2026-05-08T19:37:31.732,2.4589,1.2185,1.3543,0.0074,-0.0060,-0.0067,-0.9999
2026-05-08T19:37:31.747,2.4586,1.2185,1.3237,0.0073,-0.0147,-0.0067,-0.9998
2026-05-08T19:37:31.760,2.4575,1.2185,1.2874,0.0071,-0.0250,-0.0069,-0.9996
2026-05-08T19:37:31.775,2.4548,1.2185,1.2539,0.0070,-0.0344,-0.0068,-0.9994
2026-05-08T19:37:31.789,2.4525,1.2185,1.2211,0.0069,-0.0438,-0.0069,-0.9990
2026-05-08T19:37:31.803,2.4494,1.2185,1.1858,0.0069,-0.0538,-0.0071,-0.9985
2026-05-08T19:37:31.816,2.4456,1.2186,1.1519,0.0069,-0.0635,-0.0073,-0.9979
2026-05-08T19:37:31.830,2.4403,1.2186,1.1175,0.0069,-0.0732,-0.0075,-0.9973
2026-05-08T19:37:31.844,2.4357,1.2186,1.0869,0.0069,-0.0820,-0.0076,-0.9966
2026-05-08T19:37:31.857,2.4300,1.2186,1.0527,0.0068,-0.0918,-0.0077,-0.9957
2026-05-08T19:37:31.872,2.4231,1.2186,1.0209,0.0067,-0.1008,-0.0078,-0.9948
2026-05-08T19:37:31.885,2.4164,1.2186,0.9881,0.0066,-0.1103,-0.0078,-0.9938
2026-05-08T19:37:31.899,2.4086,1.2186,0.9535,0.0065,-0.1203,-0.0079,-0.9927
2026-05-08T19:37:31.913,2.3999,1.2186,0.9223,0.0064,-0.1293,-0.0079,-0.9916
2026-05-08T19:37:31.927,2.3908,1.2187,0.8879,0.0064,-0.1392,-0.0079,-0.9902
2026-05-08T19:37:31.941,2.3817,1.2187,0.8563,0.0063,-0.1485,-0.0080,-0.9889
2026-05-08T19:37:31.955,2.3718,1.2187,0.8270,0.0062,-0.1581,-0.0081,-0.9874
2026-05-08T19:37:31.969,2.3633,1.2187,0.8012,0.0062,-0.1674,-0.0081,-0.9858
2026-05-08T19:37:31.983,2.3552,1.2187,0.7782,0.0061,-0.1784,-0.0081,-0.9839
2026-05-08T19:37:31.997,2.3479,1.2187,0.7585,0.0060,-0.1890,-0.0081,-0.9819
2026-05-08T19:37:32.011,2.3414,1.2186,0.7451,0.0059,-0.1992,-0.0082,-0.9799
2026-05-08T19:37:32.025,2.3370,1.2186,0.7347,0.0058,-0.2093,-0.0082,-0.9778
2026-05-08T19:37:32.039,2.3339,1.2186,0.7277,0.0058,-0.2201,-0.0082,-0.9754
2026-05-08T19:37:32.053,2.3327,1.2186,0.7278,0.0057,-0.2312,-0.0082,-0.9729
2026-05-08T19:37:32.067,2.3338,1.2186,0.7299,0.0056,-0.2417,-0.0083,-0.9703
2026-05-08T19:37:32.080,2.3373,1.2187,0.7364,0.0055,-0.2522,-0.0084,-0.9676
2026-05-08T19:37:32.094,2.3405,1.2187,0.7444,0.0054,-0.2625,-0.0084,-0.9649
2026-05-08T19:37:32.108,2.3453,1.2187,0.7525,0.0054,-0.2724,-0.0085,-0.9621
2026-05-08T19:37:32.122,2.3516,1.2187,0.7627,0.0052,-0.2827,-0.0085,-0.9592
2026-05-08T19:37:32.136,2.3587,1.2187,0.7737,0.0051,-0.2931,-0.0085,-0.9560
2026-05-08T19:37:32.150,2.3650,1.2187,0.7848,0.0050,-0.3031,-0.0085,-0.9529
2026-05-08T19:37:32.164,2.3731,1.2187,0.7963,0.0048,-0.3140,-0.0084,-0.9494
2026-05-08T19:37:32.178,2.3808,1.2187,0.8065,0.0046,-0.3238,-0.0084,-0.9461
2026-05-08T19:37:32.192,2.3880,1.2187,0.8175,0.0044,-0.3340,-0.0084,-0.9425
2026-05-08T19:37:32.206,2.3961,1.2187,0.8274,0.0043,-0.3437,-0.0085,-0.9390
2026-05-08T19:37:32.220,2.4051,1.2187,0.8379,0.0042,-0.3542,-0.0088,-0.9351
2026-05-08T19:37:32.234,2.4130,1.2187,0.8484,0.0042,-0.3644,-0.0089,-0.9312
2026-05-08T19:37:32.248,2.4215,1.2187,0.8577,0.0040,-0.3740,-0.0089,-0.9274
2026-05-08T19:37:32.261,2.4314,1.2187,0.8679,0.0038,-0.3846,-0.0089,-0.9230
2026-05-08T19:37:32.275,2.4393,1.2187,0.8773,0.0037,-0.3940,-0.0090,-0.9190
2026-05-08T19:37:32.289,2.4488,1.2187,0.8862,0.0036,-0.4037,-0.0090,-0.9148
2026-05-08T19:37:32.303,2.4586,1.2187,0.8951,0.0036,-0.4134,-0.0091,-0.9105
2026-05-08T19:37:32.317,2.4684,1.2186,0.9037,0.0034,-0.4228,-0.0091,-0.9062
2026-05-08T19:37:32.332,2.4780,1.2186,0.9131,0.0033,-0.4329,-0.0090,-0.9014
2026-05-08T19:37:32.346,2.4882,1.2186,0.9212,0.0032,-0.4423,-0.0090,-0.8968
2026-05-08T19:37:32.360,2.4999,1.2186,0.9301,0.0031,-0.4529,-0.0089,-0.8915
2026-05-08T19:37:32.373,2.5090,1.2186,0.9382,0.0030,-0.4618,-0.0090,-0.8869
2026-05-08T19:37:32.387,2.5198,1.2186,0.9457,0.0029,-0.4712,-0.0090,-0.8820
2026-05-08T19:37:32.401,2.5308,1.2185,0.9530,0.0028,-0.4806,-0.0089,-0.8769
2026-05-08T19:37:32.415,2.5406,1.2185,0.9604,0.0027,-0.4895,-0.0088,-0.8719
2026-05-08T19:37:32.429,2.5525,1.2185,0.9676,0.0026,-0.4993,-0.0088,-0.8664
2026-05-08T19:37:32.443,2.5640,1.2185,0.9743,0.0024,-0.5087,-0.0088,-0.8609
2026-05-08T19:37:32.457,2.5758,1.2185,0.9808,0.0023,-0.5180,-0.0089,-0.8553
2026-05-08T19:37:32.470,2.5868,1.2185,0.9877,0.0022,-0.5272,-0.0090,-0.8497
2026-05-08T19:37:32.485,2.5983,1.2185,0.9934,0.0021,-0.5360,-0.0090,-0.8442
2026-05-08T19:37:32.499,2.6103,1.2185,0.9990,0.0019,-0.5450,-0.0090,-0.8384
2026-05-08T19:37:32.513,2.6221,1.2185,1.0053,0.0017,-0.5542,-0.0090,-0.8324
2026-05-08T19:37:32.527,2.6348,1.2185,1.0106,0.0016,-0.5634,-0.0090,-0.8261
2026-05-08T19:37:32.539,2.6468,1.2185,1.0153,0.0015,-0.5720,-0.0089,-0.8202
2026-05-08T19:37:32.554,2.6589,1.2185,1.0209,0.0014,-0.5808,-0.0089,-0.8140
2026-05-08T19:37:32.569,2.6716,1.2185,1.0252,0.0014,-0.5886,-0.0089,-0.8084
2026-05-08T19:37:32.583,2.6878,1.2185,1.0305,0.0012,-0.5975,-0.0088,-0.8018
2026-05-08T19:37:32.595,2.7134,1.2185,1.0381,0.0011,-0.6067,-0.0087,-0.7949
2026-05-08T19:37:32.610,2.7398,1.2184,1.0465,0.0011,-0.6138,-0.0088,-0.7894
2026-05-08T19:37:32.623,2.7725,1.2184,1.0548,0.0009,-0.6203,-0.0086,-0.7843
2026-05-08T19:37:32.638,2.8160,1.2184,1.0651,0.0009,-0.6271,-0.0087,-0.7789
2026-05-08T19:37:32.652,2.8632,1.2184,1.0763,0.0009,-0.6331,-0.0087,-0.7740
2026-05-08T19:37:32.666,2.9210,1.2184,1.0881,0.0008,-0.6381,-0.0088,-0.7699
2026-05-08T19:37:32.679,2.9787,1.2184,1.0990,0.0008,-0.6426,-0.0088,-0.7662
2026-05-08T19:37:32.694,3.0404,1.2184,1.1105,0.0006,-0.6469,-0.0089,-0.7625
2026-05-08T19:37:32.708,3.0982,1.2184,1.1201,0.0006,-0.6504,-0.0089,-0.7595
2026-05-08T19:37:32.721,3.1608,1.2184,1.1300,0.0005,-0.6541,-0.0090,-0.7563
2026-05-08T19:37:32.736,3.2247,1.2184,1.1398,0.0005,-0.6577,-0.0091,-0.7533
2026-05-08T19:37:32.750,3.2835,1.2184,1.1479,0.0004,-0.6609,-0.0091,-0.7504
2026-05-08T19:37:32.763,3.3508,1.2184,1.1565,0.0004,-0.6645,-0.0093,-0.7473
2026-05-08T19:37:32.777,3.4120,1.2184,1.1637,0.0003,-0.6675,-0.0093,-0.7446
2026-05-08T19:37:32.790,3.4777,1.2185,1.1714,0.0002,-0.6707,-0.0093,-0.7417
2026-05-08T19:37:32.805,3.5396,1.2185,1.1777,0.0002,-0.6736,-0.0092,-0.7390
2026-05-08T19:37:32.818,3.6011,1.2185,1.1834,0.0002,-0.6764,-0.0092,-0.7365
2026-05-08T19:37:32.833,3.6715,1.2185,1.1898,0.0001,-0.6793,-0.0090,-0.7338
2026-05-08T19:37:32.847,3.7310,1.2185,1.1945,0.0000,-0.6816,-0.0090,-0.7317
2026-05-08T19:37:32.860,3.8035,1.2185,1.1996,-0.0001,-0.6842,-0.0091,-0.7292
2026-05-08T19:37:32.874,3.8655,1.2185,1.2040,-0.0001,-0.6864,-0.0092,-0.7271
2026-05-08T19:37:32.888,3.9297,1.2185,1.2077,-0.0002,-0.6887,-0.0093,-0.7250
2026-05-08T19:37:32.902,3.9989,1.2186,1.2113,-0.0003,-0.6912,-0.0093,-0.7226
2026-05-08T19:37:32.916,4.0664,1.2186,1.2146,-0.0003,-0.6935,-0.0092,-0.7204
2026-05-08T19:37:32.930,4.1321,1.2186,1.2171,-0.0003,-0.6956,-0.0092,-0.7184
2026-05-08T19:37:32.944,4.2007,1.2186,1.2194,-0.0004,-0.6978,-0.0093,-0.7162
2026-05-08T19:37:32.957,4.2666,1.2186,1.2211,-0.0004,-0.6998,-0.0093,-0.7142
2026-05-08T19:37:32.971,4.3343,1.2186,1.2229,-0.0004,-0.7021,-0.0093,-0.7121
2026-05-08T19:37:32.986,4.3941,1.2186,1.2237,-0.0004,-0.7039,-0.0093,-0.7102
2026-05-08T19:37:32.999,4.4661,1.2186,1.2244,-0.0004,-0.7062,-0.0093,-0.7079
2026-05-08T19:37:33.013,4.5336,1.2186,1.2248,-0.0004,-0.7083,-0.0093,-0.7058
2026-05-08T19:37:33.027,4.5981,1.2186,1.2246,-0.0005,-0.7103,-0.0094,-0.7038
2026-05-08T19:37:33.040,4.6649,1.2185,1.2240,-0.0004,-0.7124,-0.0093,-0.7017
2026-05-08T19:37:33.055,4.7313,1.2185,1.2233,-0.0005,-0.7145,-0.0092,-0.6995
2026-05-08T19:37:33.069,4.7976,1.2185,1.2219,-0.0005,-0.7167,-0.0091,-0.6974
2026-05-08T19:37:33.083,4.8644,1.2185,1.2201,-0.0006,-0.7187,-0.0091,-0.6952
2026-05-08T19:37:33.096,4.9344,1.2185,1.2178,-0.0006,-0.7207,-0.0092,-0.6931
2026-05-08T19:37:33.110,5.0014,1.2186,1.2155,-0.0008,-0.7226,-0.0094,-0.6912
2026-05-08T19:37:33.124,5.0666,1.2187,1.2126,-0.0008,-0.7244,-0.0094,-0.6893
2026-05-08T19:37:33.138,5.1365,1.2187,1.2092,-0.0009,-0.7261,-0.0094,-0.6875
2026-05-08T19:37:33.152,5.2009,1.2187,1.2059,-0.0010,-0.7276,-0.0095,-0.6859
2026-05-08T19:37:33.166,5.2675,1.2187,1.2020,-0.0010,-0.7292,-0.0096,-0.6842
2026-05-08T19:37:33.180,5.3365,1.2187,1.1976,-0.0011,-0.7308,-0.0096,-0.6825
2026-05-08T19:37:33.194,5.4128,1.2187,1.1926,-0.0010,-0.7326,-0.0095,-0.6806
2026-05-08T19:37:33.208,5.4736,1.2187,1.1881,-0.0011,-0.7326,-0.0094,-0.6806
2026-05-08T19:37:33.221,5.5428,1.2187,1.1830,-0.0011,-0.7326,-0.0093,-0.6806
2026-05-08T19:37:33.235,5.6102,1.2187,1.1780,-0.0011,-0.7326,-0.0093,-0.6806
2026-05-08T19:37:33.249,5.6784,1.2187,1.1730,-0.0010,-0.7326,-0.0092,-0.6806
2026-05-08T19:37:33.262,5.7352,1.2187,1.1688,-0.0010,-0.7326,-0.0093,-0.6806
2026-05-08T19:37:33.277,5.7492,1.2187,1.1677,-0.0010,-0.7326,-0.0093,-0.6805
2026-05-08T19:37:33.290,5.7524,1.2187,1.1674,-0.0009,-0.7327,-0.0093,-0.6805
2026-05-08T19:37:33.317,5.7524,1.2187,1.1674,-0.0008,-0.7328,-0.0093,-0.6803
2026-05-08T19:37:33.332,5.7505,1.2187,1.1676,-0.0008,-0.7329,-0.0092,-0.6803
2026-05-08T19:37:33.346,5.7421,1.2187,1.1682,-0.0007,-0.7297,-0.0092,-0.6837
2026-05-08T19:37:33.359,5.7106,1.2187,1.1702,-0.0006,-0.7229,-0.0092,-0.6909
2026-05-08T19:37:33.374,5.6760,1.2187,1.1708,-0.0005,-0.7165,-0.0092,-0.6975
2026-05-08T19:37:33.388,5.6360,1.2187,1.1718,-0.0004,-0.7102,-0.0092,-0.7039
2026-05-08T19:37:33.401,5.5889,1.2187,1.1722,-0.0003,-0.7036,-0.0092,-0.7105
2026-05-08T19:37:33.415,5.5446,1.2187,1.1708,-0.0002,-0.6981,-0.0091,-0.7160
2026-05-08T19:37:33.429,5.4977,1.2186,1.1696,-0.0001,-0.6927,-0.0091,-0.7212
2026-05-08T19:37:33.443,5.4407,1.2186,1.1673,-0.0002,-0.6880,-0.0090,-0.7256
2026-05-08T19:37:33.456,5.3795,1.2186,1.1640,-0.0001,-0.6846,-0.0090,-0.7288
2026-05-08T19:37:33.471,5.3136,1.2186,1.1594,0.0000,-0.6816,-0.0089,-0.7317
2026-05-08T19:37:33.485,5.2511,1.2186,1.1549,0.0000,-0.6791,-0.0087,-0.7340
2026-05-08T19:37:33.499,5.1794,1.2186,1.1493,-0.0001,-0.6766,-0.0086,-0.7363
2026-05-08T19:37:33.513,5.1173,1.2186,1.1436,0.0000,-0.6744,-0.0086,-0.7383
2026-05-08T19:37:33.526,5.0498,1.2186,1.1375,0.0000,-0.6720,-0.0087,-0.7405
2026-05-08T19:37:33.540,4.9835,1.2186,1.1310,0.0000,-0.6696,-0.0087,-0.7426
2026-05-08T19:37:33.554,4.9175,1.2186,1.1239,0.0000,-0.6673,-0.0088,-0.7448
2026-05-08T19:37:33.568,4.8543,1.2186,1.1169,0.0000,-0.6650,-0.0088,-0.7468
2026-05-08T19:37:33.583,4.7859,1.2186,1.1089,0.0000,-0.6625,-0.0088,-0.7490
2026-05-08T19:37:33.595,4.7166,1.2186,1.1004,0.0001,-0.6600,-0.0088,-0.7512
2026-05-08T19:37:33.610,4.6511,1.2185,1.0915,0.0001,-0.6575,-0.0088,-0.7534
2026-05-08T19:37:33.624,4.5913,1.2185,1.0833,0.0002,-0.6553,-0.0087,-0.7553
2026-05-08T19:37:33.638,4.5219,1.2184,1.0733,0.0004,-0.6527,-0.0086,-0.7576
2026-05-08T19:37:33.652,4.4575,1.2184,1.0633,0.0005,-0.6503,-0.0085,-0.7596
2026-05-08T19:37:33.665,4.3921,1.2184,1.0531,0.0005,-0.6479,-0.0084,-0.7617
2026-05-08T19:37:33.679,4.3263,1.2184,1.0423,0.0006,-0.6454,-0.0084,-0.7638
2026-05-08T19:37:33.694,4.2647,1.2184,1.0315,0.0006,-0.6419,-0.0083,-0.7668
2026-05-08T19:37:33.708,4.2068,1.2184,1.0211,0.0007,-0.6377,-0.0082,-0.7702
2026-05-08T19:37:33.721,4.1588,1.2184,1.0120,0.0008,-0.6324,-0.0081,-0.7746
2026-05-08T19:37:33.735,4.1159,1.2184,1.0025,0.0008,-0.6265,-0.0080,-0.7793
2026-05-08T19:37:33.749,4.0824,1.2183,0.9950,0.0009,-0.6210,-0.0079,-0.7838
2026-05-08T19:37:33.763,4.0453,1.2183,0.9863,0.0010,-0.6140,-0.0080,-0.7893
2026-05-08T19:37:33.777,4.0138,1.2184,0.9782,0.0010,-0.6070,-0.0080,-0.7947
2026-05-08T19:37:33.790,3.9844,1.2183,0.9692,0.0012,-0.5996,-0.0080,-0.8003
2026-05-08T19:37:33.804,3.9584,1.2183,0.9615,0.0012,-0.5914,-0.0079,-0.8063
2026-05-08T19:37:33.818,3.9362,1.2183,0.9545,0.0013,-0.5834,-0.0078,-0.8121
2026-05-08T19:37:33.833,3.9168,1.2183,0.9468,0.0013,-0.5750,-0.0077,-0.8181
2026-05-08T19:37:33.846,3.8986,1.2183,0.9402,0.0014,-0.5670,-0.0075,-0.8237
2026-05-08T19:37:33.860,3.8769,1.2183,0.9318,0.0014,-0.5575,-0.0074,-0.8302
2026-05-08T19:37:33.874,3.8596,1.2182,0.9234,0.0016,-0.5492,-0.0073,-0.8356
2026-05-08T19:37:33.888,3.8410,1.2182,0.9153,0.0017,-0.5407,-0.0071,-0.8412
2026-05-08T19:37:33.901,3.8217,1.2182,0.9064,0.0018,-0.5316,-0.0069,-0.8470
2026-05-08T19:37:33.916,3.8049,1.2182,0.8971,0.0019,-0.5232,-0.0068,-0.8522
2026-05-08T19:37:33.930,3.7872,1.2182,0.8880,0.0019,-0.5147,-0.0067,-0.8574
2026-05-08T19:37:33.943,3.7676,1.2181,0.8776,0.0021,-0.5051,-0.0065,-0.8630
2026-05-08T19:37:33.957,3.7499,1.2181,0.8676,0.0022,-0.4962,-0.0064,-0.8682
2026-05-08T19:37:33.972,3.7347,1.2181,0.8574,0.0024,-0.4876,-0.0063,-0.8730
2026-05-08T19:37:33.985,3.7186,1.2181,0.8474,0.0025,-0.4787,-0.0062,-0.8780
2026-05-08T19:37:33.999,3.7013,1.2180,0.8362,0.0026,-0.4684,-0.0061,-0.8835
2026-05-08T19:37:34.013,3.6894,1.2180,0.8267,0.0026,-0.4597,-0.0061,-0.8881
2026-05-08T19:37:34.027,3.6758,1.2180,0.8170,0.0026,-0.4500,-0.0060,-0.8930
2026-05-08T19:37:34.040,3.6635,1.2180,0.8078,0.0027,-0.4409,-0.0059,-0.8975
2026-05-08T19:37:34.054,3.6514,1.2180,0.7972,0.0028,-0.4309,-0.0058,-0.9024
2026-05-08T19:37:34.068,3.6404,1.2180,0.7883,0.0029,-0.4221,-0.0058,-0.9065
2026-05-08T19:37:34.082,3.6307,1.2180,0.7800,0.0029,-0.4122,-0.0057,-0.9111
2026-05-08T19:37:34.095,3.6221,1.2179,0.7724,0.0030,-0.4019,-0.0057,-0.9156
2026-05-08T19:37:34.109,3.6167,1.2179,0.7659,0.0030,-0.3922,-0.0056,-0.9198
2026-05-08T19:37:34.123,3.6109,1.2179,0.7602,0.0031,-0.3822,-0.0056,-0.9240
2026-05-08T19:37:34.137,3.6056,1.2179,0.7549,0.0031,-0.3727,-0.0055,-0.9279
2026-05-08T19:37:34.151,3.6020,1.2179,0.7496,0.0031,-0.3624,-0.0052,-0.9320
2026-05-08T19:37:34.166,3.5985,1.2179,0.7458,0.0031,-0.3526,-0.0051,-0.9358
2026-05-08T19:37:34.179,3.5959,1.2179,0.7427,0.0031,-0.3423,-0.0051,-0.9396
2026-05-08T19:37:34.193,3.5953,1.2179,0.7403,0.0031,-0.3312,-0.0052,-0.9435
2026-05-08T19:37:34.207,3.5943,1.2179,0.7392,0.0032,-0.3214,-0.0053,-0.9469
2026-05-08T19:37:34.220,3.5943,1.2179,0.7392,0.0032,-0.3108,-0.0053,-0.9504
2026-05-08T19:37:34.234,3.5954,1.2179,0.7390,0.0033,-0.3008,-0.0053,-0.9537
2026-05-08T19:37:34.248,3.5954,1.2179,0.7390,0.0034,-0.2905,-0.0053,-0.9569
2026-05-08T19:37:34.261,3.5961,1.2179,0.7401,0.0036,-0.2791,-0.0054,-0.9602
2026-05-08T19:37:34.276,3.5987,1.2178,0.7422,0.0038,-0.2686,-0.0054,-0.9632
2026-05-08T19:37:34.289,3.6012,1.2178,0.7463,0.0040,-0.2578,-0.0056,-0.9662
2026-05-08T19:37:34.303,3.6046,1.2179,0.7525,0.0041,-0.2465,-0.0056,-0.9691
2026-05-08T19:37:34.316,3.6082,1.2179,0.7593,0.0044,-0.2349,-0.0055,-0.9720
2026-05-08T19:37:34.331,3.6129,1.2180,0.7664,0.0049,-0.2238,-0.0059,-0.9746
2026-05-08T19:37:34.344,3.6164,1.2180,0.7739,0.0056,-0.2127,-0.0065,-0.9771
2026-05-08T19:37:34.358,3.6201,1.2181,0.7824,0.0056,-0.2012,-0.0067,-0.9795
2026-05-08T19:37:34.372,3.6249,1.2181,0.7912,0.0056,-0.1899,-0.0068,-0.9818
2026-05-08T19:37:34.386,3.6284,1.2181,0.8001,0.0052,-0.1788,-0.0066,-0.9839
2026-05-08T19:37:34.401,3.6320,1.2182,0.8106,0.0052,-0.1655,-0.0068,-0.9862
2026-05-08T19:37:34.416,3.6365,1.2183,0.8209,0.0052,-0.1531,-0.0070,-0.9882
2026-05-08T19:37:34.430,3.6398,1.2184,0.8322,0.0052,-0.1397,-0.0072,-0.9901
2026-05-08T19:37:34.444,3.6421,1.2185,0.8429,0.0046,-0.1256,-0.0078,-0.9920
2026-05-08T19:37:34.458,3.6452,1.2186,0.8560,0.0046,-0.1116,-0.0080,-0.9937
2026-05-08T19:37:34.473,3.6486,1.2186,0.8675,0.0050,-0.1000,-0.0085,-0.9949
2026-05-08T19:37:34.489,3.6512,1.2186,0.8809,0.0047,-0.0874,-0.0090,-0.9961
2026-05-08T19:37:34.506,3.6533,1.2188,0.8950,0.0044,-0.0748,-0.0092,-0.9971
2026-05-08T19:37:34.522,3.6553,1.2188,0.9106,0.0053,-0.0603,-0.0094,-0.9981
2026-05-08T19:37:34.537,3.6584,1.2188,0.9294,0.0058,-0.0452,-0.0098,-0.9989
2026-05-08T19:37:34.551,3.6596,1.2188,0.9461,0.0058,-0.0316,-0.0101,-0.9994
2026-05-08T19:37:34.566,3.6602,1.2188,0.9617,0.0060,-0.0184,-0.0104,-0.9998
2026-05-08T19:37:34.579,3.6604,1.2189,0.9766,0.0059,-0.0059,-0.0109,-0.9999
2026-05-08T19:37:34.593,3.6612,1.2190,0.9927,0.0057,0.0073,-0.0107,-0.9999
2026-05-08T19:37:34.607,3.6606,1.2189,1.0064,0.0060,0.0190,-0.0113,-0.9997
2026-05-08T19:37:34.621,3.6596,1.2190,1.0229,0.0062,0.0337,-0.0116,-0.9993
2026-05-08T19:37:34.636,3.6593,1.2190,1.0370,0.0060,0.0449,-0.0117,-0.9989
2026-05-08T19:37:34.651,3.6576,1.2190,1.0523,0.0059,0.0577,-0.0121,-0.9982
2026-05-08T19:37:34.667,3.6550,1.2191,1.0682,0.0061,0.0727,-0.0130,-0.9973
2026-05-08T19:37:34.681,3.6523,1.2192,1.0837,0.0058,0.0858,-0.0138,-0.9962
2026-05-08T19:37:34.695,3.6500,1.2192,1.1013,0.0061,0.1001,-0.0141,-0.9949
2026-05-08T19:37:34.710,3.6467,1.2191,1.1147,0.0063,0.1118,-0.0147,-0.9936
2026-05-08T19:37:34.727,3.6428,1.2193,1.1299,0.0067,0.1251,-0.0152,-0.9920
2026-05-08T19:37:34.745,3.6382,1.2193,1.1456,0.0070,0.1387,-0.0158,-0.9902
2026-05-08T19:37:34.760,3.6334,1.2193,1.1646,0.0068,0.1545,-0.0161,-0.9878
2026-05-08T19:37:34.774,3.6274,1.2195,1.1820,0.0066,0.1696,-0.0168,-0.9853
2026-05-08T19:37:34.788,3.6212,1.2194,1.1976,0.0075,0.1839,-0.0178,-0.9828
2026-05-08T19:37:34.802,3.6150,1.2193,1.2122,0.0081,0.1970,-0.0182,-0.9802
2026-05-08T19:37:34.816,3.6084,1.2194,1.2264,0.0084,0.2100,-0.0191,-0.9775
2026-05-08T19:37:34.831,3.6023,1.2195,1.2412,0.0086,0.2233,-0.0209,-0.9745
2026-05-08T19:37:34.846,3.5949,1.2196,1.2548,0.0091,0.2370,-0.0218,-0.9712
2026-05-08T19:37:34.861,3.5862,1.2196,1.2698,0.0099,0.2514,-0.0229,-0.9676
2026-05-08T19:37:34.875,3.5780,1.2196,1.2841,0.0100,0.2683,-0.0246,-0.9630
2026-05-08T19:37:34.889,3.5685,1.2197,1.2985,0.0101,0.2821,-0.0255,-0.9590
2026-05-08T19:37:34.904,3.5591,1.2195,1.3120,0.0109,0.2956,-0.0260,-0.9549
2026-05-08T19:37:34.919,3.5489,1.2198,1.3252,0.0112,0.3088,-0.0273,-0.9507
2026-05-08T19:37:34.935,3.5398,1.2197,1.3387,0.0121,0.3225,-0.0285,-0.9461
2026-05-08T19:37:34.952,3.5286,1.2198,1.3519,0.0122,0.3361,-0.0292,-0.9413
2026-05-08T19:37:34.969,3.5151,1.2198,1.3672,0.0126,0.3517,-0.0306,-0.9355
2026-05-08T19:37:34.985,3.5029,1.2197,1.3801,0.0142,0.3655,-0.0310,-0.9302
2026-05-08T19:37:34.999,3.4881,1.2197,1.3950,0.0142,0.3806,-0.0329,-0.9240
2026-05-08T19:37:35.013,3.4768,1.2195,1.4075,0.0150,0.3938,-0.0334,-0.9185
2026-05-08T19:37:35.026,3.4640,1.2196,1.4187,0.0151,0.4061,-0.0346,-0.9131
2026-05-08T19:37:35.040,3.4519,1.2196,1.4287,0.0144,0.4170,-0.0353,-0.9081
2026-05-08T19:37:35.054,3.4400,1.2195,1.4398,0.0143,0.4284,-0.0365,-0.9028
2026-05-08T19:37:35.069,3.4270,1.2193,1.4499,0.0142,0.4391,-0.0372,-0.8975
2026-05-08T19:37:35.084,3.4131,1.2191,1.4600,0.0134,0.4496,-0.0385,-0.8923
2026-05-08T19:37:35.098,3.3974,1.2186,1.4708,0.0107,0.4626,-0.0397,-0.8856
2026-05-08T19:37:35.114,3.3825,1.2187,1.4822,0.0094,0.4734,-0.0409,-0.8798
2026-05-08T19:37:35.127,3.3661,1.2186,1.4929,0.0103,0.4840,-0.0400,-0.8741
2026-05-08T19:37:35.141,3.3474,1.2186,1.5044,0.0119,0.4942,-0.0398,-0.8684
2026-05-08T19:37:35.155,3.3317,1.2187,1.5151,0.0130,0.5030,-0.0392,-0.8633
2026-05-08T19:37:35.170,3.3149,1.2186,1.5242,0.0137,0.5102,-0.0390,-0.8591
2026-05-08T19:37:35.185,3.2958,1.2186,1.5348,0.0147,0.5187,-0.0379,-0.8540
2026-05-08T19:37:35.200,3.2725,1.2187,1.5470,0.0151,0.5277,-0.0375,-0.8484
2026-05-08T19:37:35.214,3.2497,1.2186,1.5596,0.0153,0.5362,-0.0370,-0.8431
2026-05-08T19:37:35.229,3.2218,1.2186,1.5728,0.0152,0.5453,-0.0366,-0.8373
2026-05-08T19:37:35.243,3.1961,1.2185,1.5843,0.0153,0.5534,-0.0361,-0.8320
2026-05-08T19:37:35.256,3.1639,1.2185,1.5979,0.0154,0.5616,-0.0360,-0.8265
2026-05-08T19:37:35.271,3.1358,1.2185,1.6103,0.0156,0.5688,-0.0358,-0.8216
2026-05-08T19:37:35.286,3.1047,1.2184,1.6221,0.0162,0.5762,-0.0356,-0.8164
2026-05-08T19:37:35.300,3.0697,1.2184,1.6346,0.0163,0.5842,-0.0355,-0.8107
2026-05-08T19:37:35.316,3.0335,1.2185,1.6478,0.0167,0.5920,-0.0353,-0.8050
2026-05-08T19:37:35.330,2.9948,1.2185,1.6599,0.0172,0.5997,-0.0350,-0.7993
2026-05-08T19:37:35.344,2.9557,1.2185,1.6714,0.0178,0.6071,-0.0347,-0.7936
2026-05-08T19:37:35.356,2.9152,1.2185,1.6824,0.0181,0.6142,-0.0343,-0.7882
2026-05-08T19:37:35.372,2.8761,1.2186,1.6932,0.0184,0.6211,-0.0341,-0.7828
2026-05-08T19:37:35.385,2.8388,1.2186,1.7020,0.0186,0.6271,-0.0337,-0.7780
2026-05-08T19:37:35.399,2.7905,1.2186,1.7126,0.0187,0.6344,-0.0334,-0.7721
2026-05-08T19:37:35.414,2.7490,1.2186,1.7219,0.0186,0.6402,-0.0329,-0.7672
2026-05-08T19:37:35.429,2.7006,1.2186,1.7308,0.0188,0.6467,-0.0326,-0.7618
2026-05-08T19:37:35.445,2.6521,1.2186,1.7388,0.0189,0.6523,-0.0323,-0.7571
2026-05-08T19:37:35.459,2.5957,1.2185,1.7473,0.0189,0.6584,-0.0317,-0.7518
2026-05-08T19:37:35.473,2.5374,1.2185,1.7559,0.0193,0.6637,-0.0314,-0.7471
2026-05-08T19:37:35.487,2.4773,1.2185,1.7631,0.0196,0.6684,-0.0309,-0.7429
2026-05-08T19:37:35.501,2.4174,1.2185,1.7695,0.0200,0.6724,-0.0307,-0.7392
2026-05-08T19:37:35.516,2.3563,1.2185,1.7759,0.0202,0.6758,-0.0306,-0.7362
2026-05-08T19:37:35.532,2.2907,1.2185,1.7815,0.0202,0.6792,-0.0304,-0.7330
2026-05-08T19:37:35.548,2.2244,1.2185,1.7866,0.0203,0.6826,-0.0305,-0.7299
2026-05-08T19:37:35.567,2.1465,1.2185,1.7918,0.0205,0.6862,-0.0304,-0.7265
2026-05-08T19:37:35.583,2.0672,1.2185,1.7964,0.0206,0.6891,-0.0302,-0.7238
2026-05-08T19:37:35.597,1.9808,1.2185,1.8011,0.0210,0.6920,-0.0299,-0.7209
2026-05-08T19:37:35.611,1.9038,1.2186,1.8044,0.0212,0.6940,-0.0298,-0.7190
2026-05-08T19:37:35.626,1.8342,1.2187,1.8069,0.0213,0.6958,-0.0296,-0.7173
2026-05-08T19:37:35.639,1.7664,1.2187,1.8091,0.0214,0.6972,-0.0295,-0.7159
2026-05-08T19:37:35.654,1.6962,1.2187,1.8113,0.0213,0.6970,-0.0294,-0.7162
2026-05-08T19:37:35.668,1.6300,1.2187,1.8132,0.0213,0.6968,-0.0293,-0.7163
2026-05-08T19:37:35.684,1.5588,1.2187,1.8153,0.0214,0.6966,-0.0294,-0.7165
2026-05-08T19:37:35.701,1.4868,1.2187,1.8174,0.0213,0.6966,-0.0294,-0.7165
2026-05-08T19:37:35.715,1.4074,1.2188,1.8197,0.0213,0.6965,-0.0295,-0.7167
2026-05-08T19:37:35.729,1.3181,1.2188,1.8224,0.0213,0.6963,-0.0296,-0.7169
2026-05-08T19:37:35.744,1.2534,1.2188,1.8243,0.0213,0.6962,-0.0295,-0.7169
2026-05-08T19:37:35.757,1.1784,1.2189,1.8266,0.0212,0.6961,-0.0296,-0.7170
2026-05-08T19:37:35.772,1.1096,1.2189,1.8287,0.0213,0.6961,-0.0296,-0.7170
2026-05-08T19:37:35.786,1.0416,1.2189,1.8308,0.0213,0.6961,-0.0296,-0.7170
2026-05-08T19:37:35.799,0.9672,1.2189,1.8331,0.0213,0.6961,-0.0295,-0.7170
2026-05-08T19:37:35.813,0.9004,1.2189,1.8351,0.0212,0.6960,-0.0295,-0.7171
2026-05-08T19:37:35.827,0.8295,1.2189,1.8372,0.0210,0.6958,-0.0292,-0.7173
2026-05-08T19:37:35.840,0.7622,1.2189,1.8393,0.0209,0.6959,-0.0293,-0.7173
2026-05-08T19:37:35.855,0.6934,1.2189,1.8415,0.0208,0.6959,-0.0293,-0.7172
2026-05-08T19:37:35.869,0.6268,1.2189,1.8435,0.0209,0.6959,-0.0293,-0.7172
2026-05-08T19:37:35.883,0.5558,1.2189,1.8457,0.0209,0.6960,-0.0293,-0.7172
2026-05-08T19:37:35.896,0.4829,1.2189,1.8479,0.0210,0.6960,-0.0293,-0.7172
2026-05-08T19:37:35.911,0.4167,1.2189,1.8498,0.0210,0.6960,-0.0292,-0.7172
2026-05-08T19:37:35.925,0.3454,1.2188,1.8520,0.0211,0.6959,-0.0292,-0.7172
2026-05-08T19:37:35.938,0.2771,1.2188,1.8541,0.0211,0.6960,-0.0292,-0.7172
2026-05-08T19:37:35.952,0.2065,1.2188,1.8562,0.0211,0.6960,-0.0292,-0.7172
2026-05-08T19:37:35.966,0.1440,1.2189,1.8581,0.0211,0.6960,-0.0291,-0.7172
2026-05-08T19:37:35.981,0.0720,1.2189,1.8603,0.0212,0.6959,-0.0291,-0.7172
2026-05-08T19:37:35.997,0.0006,1.2189,1.8625,0.0214,0.6978,-0.0290,-0.7154
2026-05-08T19:37:36.012,-0.0652,1.2189,1.8641,0.0214,0.7001,-0.0289,-0.7131
2026-05-08T19:37:36.027,-0.1400,1.2190,1.8655,0.0216,0.7028,-0.0287,-0.7105
2026-05-08T19:37:36.041,-0.2152,1.2190,1.8663,0.0217,0.7056,-0.0286,-0.7077
2026-05-08T19:37:36.056,-0.2843,1.2190,1.8670,0.0215,0.7083,-0.0284,-0.7050
2026-05-08T19:37:36.070,-0.3482,1.2190,1.8668,0.0215,0.7110,-0.0282,-0.7023
2026-05-08T19:37:36.084,-0.4153,1.2190,1.8660,0.0216,0.7139,-0.0282,-0.6993
2026-05-08T19:37:36.098,-0.4812,1.2190,1.8648,0.0216,0.7167,-0.0280,-0.6965
2026-05-08T19:37:36.113,-0.5467,1.2190,1.8633,0.0218,0.7197,-0.0279,-0.6934
2026-05-08T19:37:36.129,-0.6098,1.2189,1.8610,0.0217,0.7224,-0.0277,-0.6906
2026-05-08T19:37:36.144,-0.6824,1.2189,1.8578,0.0216,0.7255,-0.0274,-0.6873
2026-05-08T19:37:36.159,-0.7566,1.2189,1.8538,0.0217,0.7289,-0.0272,-0.6837
2026-05-08T19:37:36.174,-0.8238,1.2188,1.8501,0.0219,0.7318,-0.0272,-0.6806
2026-05-08T19:37:36.189,-0.8962,1.2188,1.8449,0.0220,0.7350,-0.0270,-0.6771
2026-05-08T19:37:36.203,-0.9652,1.2188,1.8392,0.0221,0.7380,-0.0268,-0.6739
2026-05-08T19:37:36.216,-1.0319,1.2188,1.8332,0.0221,0.7409,-0.0266,-0.6707
2026-05-08T19:37:36.231,-1.0977,1.2188,1.8271,0.0222,0.7432,-0.0265,-0.6682
2026-05-08T19:37:36.246,-1.1610,1.2188,1.8204,0.0223,0.7453,-0.0264,-0.6658
2026-05-08T19:37:36.261,-1.2339,1.2188,1.8122,0.0223,0.7471,-0.0262,-0.6638
2026-05-08T19:37:36.277,-1.3045,1.2188,1.8042,0.0222,0.7471,-0.0262,-0.6639
2026-05-08T19:37:36.293,-1.3806,1.2187,1.7952,0.0221,0.7471,-0.0261,-0.6639
2026-05-08T19:37:36.307,-1.4583,1.2187,1.7860,0.0219,0.7470,-0.0262,-0.6640
2026-05-08T19:37:36.320,-1.5381,1.2187,1.7766,0.0220,0.7469,-0.0261,-0.6640
2026-05-08T19:37:36.336,-1.6067,1.2187,1.7686,0.0220,0.7469,-0.0262,-0.6640
2026-05-08T19:37:36.351,-1.6720,1.2187,1.7609,0.0222,0.7469,-0.0261,-0.6641
2026-05-08T19:37:36.369,-1.7515,1.2187,1.7516,0.0224,0.7469,-0.0262,-0.6641
2026-05-08T19:37:36.385,-1.8274,1.2187,1.7427,0.0225,0.7469,-0.0262,-0.6640
2026-05-08T19:37:36.401,-1.9202,1.2187,1.7317,0.0225,0.7469,-0.0263,-0.6640
2026-05-08T19:37:36.416,-1.9922,1.2188,1.7233,0.0225,0.7469,-0.0263,-0.6640
2026-05-08T19:37:36.430,-2.0763,1.2188,1.7134,0.0224,0.7469,-0.0262,-0.6641
2026-05-08T19:37:36.443,-2.1453,1.2188,1.7053,0.0224,0.7469,-0.0262,-0.6641
2026-05-08T19:37:36.457,-2.2148,1.2187,1.6972,0.0224,0.7469,-0.0262,-0.6641
2026-05-08T19:37:36.471,-2.2815,1.2187,1.6894,0.0224,0.7468,-0.0262,-0.6641
2026-05-08T19:37:36.484,-2.3455,1.2187,1.6819,0.0224,0.7468,-0.0262,-0.6641
2026-05-08T19:37:36.499,-2.4171,1.2187,1.6735,0.0225,0.7468,-0.0261,-0.6642
2026-05-08T19:37:36.513,-2.4837,1.2187,1.6657,0.0225,0.7467,-0.0261,-0.6643
2026-05-08T19:37:36.527,-2.5553,1.2187,1.6573,0.0225,0.7467,-0.0260,-0.6643
2026-05-08T19:37:36.540,-2.6238,1.2187,1.6494,0.0224,0.7466,-0.0260,-0.6644
2026-05-08T19:37:36.554,-2.6938,1.2186,1.6412,0.0224,0.7465,-0.0260,-0.6645
2026-05-08T19:37:36.567,-2.7577,1.2186,1.6339,0.0223,0.7464,-0.0260,-0.6646
2026-05-08T19:37:36.581,-2.8267,1.2186,1.6259,0.0222,0.7464,-0.0260,-0.6646
2026-05-08T19:37:36.595,-2.8949,1.2186,1.6180,0.0222,0.7464,-0.0259,-0.6646
2026-05-08T19:37:36.609,-2.9621,1.2187,1.6103,0.0223,0.7463,-0.0259,-0.6647
2026-05-08T19:37:36.623,-3.0327,1.2187,1.6021,0.0223,0.7463,-0.0258,-0.6648
2026-05-08T19:37:36.637,-3.0977,1.2187,1.5947,0.0221,0.7463,-0.0257,-0.6648
2026-05-08T19:37:36.651,-3.1673,1.2187,1.5867,0.0221,0.7463,-0.0257,-0.6648
2026-05-08T19:37:36.665,-3.2372,1.2187,1.5787,0.0220,0.7463,-0.0257,-0.6648
2026-05-08T19:37:36.679,-3.3044,1.2187,1.5710,0.0219,0.7463,-0.0256,-0.6647
2026-05-08T19:37:36.693,-3.3758,1.2187,1.5627,0.0219,0.7463,-0.0256,-0.6647
2026-05-08T19:37:36.707,-3.4451,1.2187,1.5547,0.0218,0.7463,-0.0255,-0.6648
2026-05-08T19:37:36.720,-3.5139,1.2186,1.5468,0.0217,0.7461,-0.0253,-0.6649
2026-05-08T19:37:36.734,-3.5814,1.2186,1.5390,0.0215,0.7461,-0.0254,-0.6650
2026-05-08T19:37:36.749,-3.6448,1.2186,1.5318,0.0216,0.7460,-0.0253,-0.6651
2026-05-08T19:37:36.762,-3.7204,1.2186,1.5232,0.0214,0.7460,-0.0254,-0.6651
2026-05-08T19:37:36.776,-3.7878,1.2186,1.5155,0.0214,0.7458,-0.0254,-0.6653
2026-05-08T19:37:36.790,-3.8563,1.2186,1.5077,0.0213,0.7458,-0.0253,-0.6654
2026-05-08T19:37:36.804,-3.9268,1.2186,1.4996,0.0213,0.7456,-0.0252,-0.6655
2026-05-08T19:37:36.817,-3.9932,1.2186,1.4921,0.0213,0.7456,-0.0252,-0.6656
2026-05-08T19:37:36.831,-4.0638,1.2186,1.4841,0.0214,0.7456,-0.0251,-0.6656
2026-05-08T19:37:36.846,-4.1279,1.2186,1.4768,0.0214,0.7456,-0.0250,-0.6656
2026-05-08T19:37:36.859,-4.1961,1.2186,1.4691,0.0215,0.7456,-0.0249,-0.6656
2026-05-08T19:37:36.873,-4.2691,1.2186,1.4608,0.0215,0.7457,-0.0248,-0.6655
2026-05-08T19:37:36.887,-4.3356,1.2186,1.4533,0.0215,0.7457,-0.0247,-0.6655
2026-05-08T19:37:36.900,-4.4046,1.2186,1.4454,0.0214,0.7457,-0.0247,-0.6655
2026-05-08T19:37:36.915,-4.4730,1.2185,1.4375,0.0214,0.7457,-0.0246,-0.6655
2026-05-08T19:37:36.929,-4.5407,1.2185,1.4298,0.0215,0.7457,-0.0245,-0.6655
2026-05-08T19:37:36.943,-4.6094,1.2185,1.4220,0.0215,0.7456,-0.0245,-0.6656
2026-05-08T19:37:36.956,-4.6789,1.2185,1.4141,0.0213,0.7456,-0.0245,-0.6656
2026-05-08T19:37:36.971,-4.7501,1.2185,1.4061,0.0212,0.7455,-0.0245,-0.6657
2026-05-08T19:37:36.985,-4.8144,1.2185,1.3988,0.0212,0.7455,-0.0245,-0.6657
2026-05-08T19:37:36.998,-4.8890,1.2185,1.3904,0.0213,0.7455,-0.0245,-0.6658
2026-05-08T19:37:37.013,-4.9546,1.2185,1.3830,0.0213,0.7454,-0.0244,-0.6658
2026-05-08T19:37:37.026,-5.0223,1.2185,1.3753,0.0213,0.7454,-0.0245,-0.6659
2026-05-08T19:37:37.040,-5.0939,1.2185,1.3673,0.0212,0.7453,-0.0244,-0.6659
2026-05-08T19:37:37.054,-5.1608,1.2185,1.3598,0.0212,0.7453,-0.0244,-0.6659
2026-05-08T19:37:37.067,-5.2279,1.2185,1.3522,0.0212,0.7452,-0.0244,-0.6660
2026-05-08T19:37:37.081,-5.2958,1.2185,1.3447,0.0211,0.7452,-0.0244,-0.6660
2026-05-08T19:37:37.096,-5.3646,1.2185,1.3370,0.0211,0.7452,-0.0244,-0.6661
2026-05-08T19:37:37.109,-5.4327,1.2185,1.3294,0.0210,0.7451,-0.0244,-0.6662
2026-05-08T19:37:37.123,-5.5022,1.2184,1.3216,0.0209,0.7451,-0.0243,-0.6662
2026-05-08T19:37:37.137,-5.5703,1.2184,1.3140,0.0208,0.7450,-0.0243,-0.6663
2026-05-08T19:37:37.151,-5.6397,1.2184,1.3063,0.0207,0.7449,-0.0243,-0.6664
2026-05-08T19:37:37.165,-5.7072,1.2184,1.2988,0.0206,0.7448,-0.0243,-0.6665
2026-05-08T19:37:37.179,-5.7767,1.2184,1.2911,0.0206,0.7449,-0.0243,-0.6664
2026-05-08T19:37:37.193,-5.8442,1.2184,1.2836,0.0205,0.7447,-0.0243,-0.6666
2026-05-08T19:37:37.207,-5.9136,1.2184,1.2760,0.0205,0.7447,-0.0242,-0.6667
2026-05-08T19:37:37.220,-5.9812,1.2184,1.2685,0.0204,0.7428,-0.0241,-0.6687
2026-05-08T19:37:37.235,-6.0478,1.2183,1.2613,0.0203,0.7406,-0.0242,-0.6712
2026-05-08T19:37:37.249,-6.1075,1.2183,1.2554,0.0202,0.7381,-0.0244,-0.6740
2026-05-08T19:37:37.263,-6.1707,1.2183,1.2497,0.0201,0.7340,-0.0246,-0.6784
2026-05-08T19:37:37.276,-6.2290,1.2183,1.2451,0.0199,0.7299,-0.0247,-0.6829
2026-05-08T19:37:37.290,-6.2824,1.2183,1.2410,0.0198,0.7252,-0.0248,-0.6878
2026-05-08T19:37:37.304,-6.3327,1.2183,1.2383,0.0197,0.7204,-0.0250,-0.6929
2026-05-08T19:37:37.317,-6.3862,1.2183,1.2362,0.0195,0.7147,-0.0252,-0.6987
2026-05-08T19:37:37.332,-6.4335,1.2183,1.2343,0.0195,0.7096,-0.0254,-0.7039
2026-05-08T19:37:37.346,-6.4779,1.2183,1.2340,0.0194,0.7045,-0.0256,-0.7090
2026-05-08T19:37:37.360,-6.5258,1.2183,1.2343,0.0192,0.6985,-0.0258,-0.7149
2026-05-08T19:37:37.374,-6.5750,1.2183,1.2346,0.0189,0.6922,-0.0259,-0.7209
2026-05-08T19:37:37.388,-6.6219,1.2183,1.2366,0.0186,0.6860,-0.0260,-0.7269
2026-05-08T19:37:37.401,-6.6660,1.2183,1.2391,0.0183,0.6798,-0.0261,-0.7327
2026-05-08T19:37:37.416,-6.7090,1.2184,1.2415,0.0181,0.6736,-0.0264,-0.7384
2026-05-08T19:37:37.430,-6.7525,1.2184,1.2455,0.0180,0.6670,-0.0266,-0.7443
2026-05-08T19:37:37.444,-6.7939,1.2184,1.2501,0.0178,0.6605,-0.0267,-0.7502
2026-05-08T19:37:37.456,-6.8362,1.2184,1.2555,0.0176,0.6535,-0.0268,-0.7562
2026-05-08T19:37:37.471,-6.8751,1.2184,1.2603,0.0173,0.6470,-0.0269,-0.7618
2026-05-08T19:37:37.485,-6.9126,1.2184,1.2665,0.0170,0.6407,-0.0271,-0.7671
2026-05-08T19:37:37.499,-6.9556,1.2184,1.2743,0.0168,0.6334,-0.0272,-0.7731
2026-05-08T19:37:37.513,-6.9961,1.2184,1.2814,0.0165,0.6266,-0.0274,-0.7787
2026-05-08T19:37:37.527,-7.0364,1.2184,1.2902,0.0163,0.6196,-0.0275,-0.7843
2026-05-08T19:37:37.541,-7.0757,1.2184,1.2996,0.0160,0.6126,-0.0276,-0.7897
2026-05-08T19:37:37.555,-7.1161,1.2184,1.3090,0.0158,0.6055,-0.0277,-0.7952
2026-05-08T19:37:37.569,-7.1544,1.2184,1.3196,0.0157,0.5987,-0.0279,-0.8004
2026-05-08T19:37:37.583,-7.1945,1.2184,1.3314,0.0155,0.5913,-0.0281,-0.8058
2026-05-08T19:37:37.596,-7.2367,1.2185,1.3447,0.0153,0.5837,-0.0282,-0.8113
2026-05-08T19:37:37.611,-7.2775,1.2185,1.3573,0.0150,0.5769,-0.0283,-0.8162
2026-05-08T19:37:37.625,-7.3173,1.2185,1.3714,0.0148,0.5704,-0.0284,-0.8208
2026-05-08T19:37:37.639,-7.3633,1.2185,1.3885,0.0145,0.5629,-0.0286,-0.8259
2026-05-08T19:37:37.652,-7.4087,1.2185,1.4053,0.0145,0.5568,-0.0288,-0.8300
2026-05-08T19:37:37.666,-7.4559,1.2185,1.4246,0.0143,0.5506,-0.0291,-0.8341
2026-05-08T19:37:37.680,-7.5035,1.2185,1.4450,0.0144,0.5448,-0.0293,-0.8380
2026-05-08T19:37:37.693,-7.5563,1.2186,1.4676,0.0142,0.5392,-0.0294,-0.8416
2026-05-08T19:37:37.707,-7.6057,1.2186,1.4902,0.0142,0.5339,-0.0296,-0.8449
2026-05-08T19:37:37.721,-7.6582,1.2186,1.5150,0.0140,0.5289,-0.0298,-0.8480
2026-05-08T19:37:37.736,-7.7114,1.2186,1.5403,0.0139,0.5240,-0.0299,-0.8511
2026-05-08T19:37:37.750,-7.7642,1.2186,1.5669,0.0138,0.5193,-0.0301,-0.8540
2026-05-08T19:37:37.764,-7.8230,1.2186,1.5973,0.0137,0.5143,-0.0303,-0.8569
2026-05-08T19:37:37.778,-7.8750,1.2186,1.6250,0.0136,0.5100,-0.0304,-0.8595
2026-05-08T19:37:37.792,-7.9307,1.2187,1.6547,0.0135,0.5056,-0.0305,-0.8621
2026-05-08T19:37:37.806,-7.9841,1.2187,1.6845,0.0134,0.5014,-0.0306,-0.8645
2026-05-08T19:37:37.819,-8.0375,1.2188,1.7150,0.0134,0.4973,-0.0307,-0.8669
2026-05-08T19:37:37.833,-8.0929,1.2188,1.7468,0.0133,0.4930,-0.0308,-0.8694
2026-05-08T19:37:37.848,-8.1430,1.2188,1.7767,0.0131,0.4890,-0.0309,-0.8716
2026-05-08T19:37:37.861,-8.1996,1.2188,1.8113,0.0131,0.4845,-0.0309,-0.8741
2026-05-08T19:37:37.875,-8.2547,1.2188,1.8450,0.0130,0.4801,-0.0311,-0.8765
2026-05-08T19:37:37.888,-8.3067,1.2188,1.8782,0.0129,0.4760,-0.0311,-0.8788
2026-05-08T19:37:37.902,-8.3580,1.2188,1.9115,0.0128,0.4718,-0.0312,-0.8810
2026-05-08T19:37:37.917,-8.4071,1.2188,1.9435,0.0127,0.4679,-0.0314,-0.8831
2026-05-08T19:37:37.930,-8.4608,1.2188,1.9798,0.0125,0.4636,-0.0314,-0.8854
2026-05-08T19:37:37.944,-8.5126,1.2189,2.0157,0.0124,0.4593,-0.0316,-0.8877
2026-05-08T19:37:37.957,-8.5638,1.2189,2.0519,0.0124,0.4549,-0.0316,-0.8899
2026-05-08T19:37:37.972,-8.6121,1.2189,2.0861,0.0122,0.4509,-0.0317,-0.8919
2026-05-08T19:37:37.985,-8.6607,1.2189,2.1219,0.0123,0.4468,-0.0318,-0.8940
2026-05-08T19:37:37.999,-8.7135,1.2190,2.1615,0.0122,0.4423,-0.0319,-0.8962
2026-05-08T19:37:38.013,-8.7624,1.2190,2.1982,0.0121,0.4381,-0.0320,-0.8983
2026-05-08T19:37:38.027,-8.8120,1.2190,2.2369,0.0120,0.4336,-0.0321,-0.9005
2026-05-08T19:37:38.040,-8.8586,1.2190,2.2742,0.0118,0.4291,-0.0321,-0.9026
2026-05-08T19:37:38.054,-8.9068,1.2190,2.3128,0.0116,0.4243,-0.0322,-0.9049
2026-05-08T19:37:38.067,-8.9511,1.2190,2.3496,0.0113,0.4195,-0.0322,-0.9071
2026-05-08T19:37:38.080,-8.9971,1.2190,2.3887,0.0111,0.4143,-0.0323,-0.9095
2026-05-08T19:37:38.095,-9.0400,1.2191,2.4253,0.0111,0.4094,-0.0325,-0.9117
2026-05-08T19:37:38.109,-9.0820,1.2190,2.4625,0.0109,0.4043,-0.0325,-0.9140
2026-05-08T19:37:38.123,-9.1285,1.2190,2.5046,0.0107,0.3986,-0.0327,-0.9165
2026-05-08T19:37:38.137,-9.1708,1.2190,2.5440,0.0104,0.3932,-0.0326,-0.9188
2026-05-08T19:37:38.152,-9.2130,1.2190,2.5835,0.0103,0.3879,-0.0328,-0.9211
2026-05-08T19:37:38.167,-9.2556,1.2190,2.6251,0.0100,0.3825,-0.0329,-0.9233
2026-05-08T19:37:38.184,-9.3013,1.2190,2.6708,0.0099,0.3766,-0.0330,-0.9257
2026-05-08T19:37:38.204,-9.3470,1.2190,2.7168,0.0097,0.3707,-0.0330,-0.9281
2026-05-08T19:37:38.222,-9.3958,1.2190,2.7683,0.0095,0.3641,-0.0330,-0.9307
2026-05-08T19:37:38.239,-9.4532,1.2189,2.8306,0.0092,0.3563,-0.0331,-0.9338
2026-05-08T19:37:38.254,-9.5032,1.2190,2.8867,0.0090,0.3493,-0.0331,-0.9364
2026-05-08T19:37:38.272,-9.5512,1.2189,2.9421,0.0087,0.3424,-0.0331,-0.9389
2026-05-08T19:37:38.290,-9.5935,1.2189,2.9925,0.0084,0.3361,-0.0329,-0.9412
2026-05-08T19:37:38.309,-9.6408,1.2189,3.0505,0.0081,0.3287,-0.0328,-0.9438
2026-05-08T19:37:38.328,-9.6865,1.2188,3.1082,0.0081,0.3213,-0.0329,-0.9464
2026-05-08T19:37:38.346,-9.7351,1.2188,3.1716,0.0078,0.3127,-0.0329,-0.9493
2026-05-08T19:37:38.363,-9.7805,1.2189,3.2334,0.0078,0.3038,-0.0328,-0.9521
2026-05-08T19:37:38.381,-9.8219,1.2189,3.2904,0.0075,0.2958,-0.0325,-0.9547
2026-05-08T19:37:38.400,-9.8607,1.2189,3.3473,0.0076,0.2863,-0.0324,-0.9576
2026-05-08T19:37:38.417,-9.8943,1.2190,3.3988,0.0076,0.2762,-0.0323,-0.9605
2026-05-08T19:37:38.436,-9.9276,1.2191,3.4527,0.0080,0.2638,-0.0317,-0.9640
2026-05-08T19:37:38.455,-9.9548,1.2192,3.4992,0.0085,0.2529,-0.0315,-0.9669
2026-05-08T19:37:38.473,-9.9853,1.2193,3.5548,0.0085,0.2371,-0.0311,-0.9709
2026-05-08T19:37:38.492,-10.0071,1.2194,3.5976,0.0082,0.2248,-0.0308,-0.9739
2026-05-08T19:37:38.511,-10.0285,1.2193,3.6424,0.0080,0.2118,-0.0301,-0.9768
2026-05-08T19:37:38.531,-10.0444,1.2194,3.6789,0.0076,0.1957,-0.0295,-0.9802
2026-05-08T19:37:38.551,-10.0588,1.2194,3.7142,0.0069,0.1807,-0.0295,-0.9831
2026-05-08T19:37:38.571,-10.0712,1.2194,3.7488,0.0064,0.1633,-0.0290,-0.9861
2026-05-08T19:37:38.590,-10.0817,1.2193,3.7804,0.0062,0.1478,-0.0288,-0.9886
2026-05-08T19:37:38.609,-10.0912,1.2195,3.8125,0.0054,0.1319,-0.0289,-0.9908
2026-05-08T19:37:38.629,-10.0986,1.2198,3.8420,0.0042,0.1151,-0.0284,-0.9929
2026-05-08T19:37:38.648,-10.1046,1.2195,3.8688,0.0049,0.1013,-0.0284,-0.9944
2026-05-08T19:37:38.668,-10.1109,1.2196,3.9018,0.0041,0.0832,-0.0283,-0.9961
2026-05-08T19:37:38.688,-10.1153,1.2196,3.9297,0.0035,0.0689,-0.0279,-0.9972
2026-05-08T19:37:38.707,-10.1193,1.2196,3.9602,0.0029,0.0536,-0.0275,-0.9982
2026-05-08T19:37:38.729,-10.1237,1.2195,3.9905,0.0025,0.0376,-0.0271,-0.9989
2026-05-08T19:37:38.750,-10.1256,1.2195,4.0206,0.0023,0.0217,-0.0268,-0.9994
2026-05-08T19:37:38.773,-10.1270,1.2195,4.0544,0.0021,0.0042,-0.0271,-0.9996
2026-05-08T19:37:38.794,-10.1269,1.2196,4.0807,0.0022,-0.0117,-0.0267,-0.9996
2026-05-08T19:37:38.816,-10.1259,1.2195,4.1160,0.0017,-0.0327,-0.0265,-0.9991
2026-05-08T19:37:38.837,-10.1237,1.2195,4.1434,0.0013,-0.0507,-0.0261,-0.9984
2026-05-08T19:37:38.858,-10.1215,1.2195,4.1641,0.0008,-0.0641,-0.0261,-0.9976
2026-05-08T19:37:38.877,-10.1179,1.2194,4.1899,0.0005,-0.0819,-0.0261,-0.9963
2026-05-08T19:37:38.897,-10.1140,1.2194,4.2130,0.0000,-0.0975,-0.0259,-0.9949
2026-05-08T19:37:38.917,-10.1096,1.2194,4.2340,-0.0003,-0.1129,-0.0258,-0.9933
2026-05-08T19:37:38.937,-10.1045,1.2194,4.2556,-0.0007,-0.1290,-0.0256,-0.9913
2026-05-08T19:37:38.956,-10.0990,1.2194,4.2758,-0.0010,-0.1437,-0.0256,-0.9893
2026-05-08T19:37:38.976,-10.0929,1.2194,4.2956,-0.0016,-0.1601,-0.0255,-0.9868
2026-05-08T19:37:38.996,-10.0871,1.2193,4.3129,-0.0021,-0.1744,-0.0251,-0.9844
2026-05-08T19:37:39.015,-10.0811,1.2194,4.3289,-0.0026,-0.1900,-0.0248,-0.9815
2026-05-08T19:37:39.034,-10.0748,1.2194,4.3445,-0.0027,-0.2056,-0.0251,-0.9783
2026-05-08T19:37:39.053,-10.0686,1.2194,4.3583,-0.0031,-0.2202,-0.0249,-0.9751
2026-05-08T19:37:39.071,-10.0619,1.2194,4.3722,-0.0034,-0.2359,-0.0247,-0.9715
2026-05-08T19:37:39.091,-10.0561,1.2194,4.3831,-0.0037,-0.2484,-0.0245,-0.9683
2026-05-08T19:37:39.110,-10.0491,1.2194,4.3957,-0.0042,-0.2629,-0.0244,-0.9645
2026-05-08T19:37:39.129,-10.0413,1.2194,4.4085,-0.0045,-0.2778,-0.0241,-0.9603
2026-05-08T19:37:39.147,-10.0339,1.2194,4.4201,-0.0049,-0.2915,-0.0238,-0.9563
2026-05-08T19:37:39.165,-10.0257,1.2194,4.4324,-0.0052,-0.3061,-0.0236,-0.9517
2026-05-08T19:37:39.184,-10.0191,1.2194,4.4443,-0.0055,-0.3194,-0.0234,-0.9473
2026-05-08T19:37:39.202,-10.0108,1.2194,4.4553,-0.0058,-0.3329,-0.0233,-0.9427
2026-05-08T19:37:39.221,-10.0021,1.2194,4.4661,-0.0061,-0.3464,-0.0232,-0.9378
2026-05-08T19:37:39.241,-9.9852,1.2194,4.4860,-0.0063,-0.3592,-0.0231,-0.9329
2026-05-08T19:37:39.260,-9.9643,1.2194,4.5091,-0.0067,-0.3716,-0.0231,-0.9281
2026-05-08T19:37:39.280,-9.9281,1.2194,4.5473,-0.0070,-0.3843,-0.0230,-0.9229
2026-05-08T19:37:39.300,-9.8856,1.2194,4.5895,-0.0073,-0.3956,-0.0229,-0.9181
2026-05-08T19:37:39.318,-9.8379,1.2194,4.6347,-0.0076,-0.4049,-0.0229,-0.9140
2026-05-08T19:37:39.337,-9.7744,1.2194,4.6924,-0.0079,-0.4146,-0.0230,-0.9097
2026-05-08T19:37:39.356,-9.7231,1.2194,4.7371,-0.0080,-0.4215,-0.0230,-0.9065
2026-05-08T19:37:39.374,-9.6574,1.2194,4.7926,-0.0082,-0.4285,-0.0230,-0.9032
2026-05-08T19:37:39.392,-9.5953,1.2194,4.8433,-0.0083,-0.4345,-0.0230,-0.9003
2026-05-08T19:37:39.409,-9.5313,1.2195,4.8943,-0.0084,-0.4402,-0.0230,-0.8976
2026-05-08T19:37:39.428,-9.4685,1.2195,4.9430,-0.0085,-0.4452,-0.0230,-0.8951
2026-05-08T19:37:39.446,-9.4029,1.2195,4.9928,-0.0086,-0.4494,-0.0227,-0.8930
2026-05-08T19:37:39.464,-9.3337,1.2195,5.0449,-0.0089,-0.4540,-0.0226,-0.8907
2026-05-08T19:37:39.481,-9.2645,1.2195,5.0952,-0.0090,-0.4582,-0.0227,-0.8885
2026-05-08T19:37:39.499,-9.1937,1.2195,5.1456,-0.0090,-0.4621,-0.0227,-0.8865
2026-05-08T19:37:39.516,-9.1272,1.2195,5.1922,-0.0091,-0.4656,-0.0230,-0.8847
2026-05-08T19:37:39.533,-9.0544,1.2195,5.2422,-0.0092,-0.4694,-0.0229,-0.8826
2026-05-08T19:37:39.552,-8.9905,1.2195,5.2853,-0.0093,-0.4725,-0.0228,-0.8810
2026-05-08T19:37:39.569,-8.9154,1.2195,5.3354,-0.0094,-0.4760,-0.0229,-0.8791
2026-05-08T19:37:39.587,-8.8451,1.2195,5.3813,-0.0094,-0.4790,-0.0229,-0.8775
2026-05-08T19:37:39.606,-8.7752,1.2195,5.4263,-0.0094,-0.4821,-0.0230,-0.8758
2026-05-08T19:37:39.626,-8.6991,1.2195,5.4750,-0.0094,-0.4854,-0.0229,-0.8740
2026-05-08T19:37:39.645,-8.6252,1.2195,5.5209,-0.0095,-0.4885,-0.0228,-0.8722
2026-05-08T19:37:39.664,-8.5401,1.2195,5.5732,-0.0095,-0.4920,-0.0227,-0.8702
2026-05-08T19:37:39.682,-8.4606,1.2194,5.6211,-0.0096,-0.4953,-0.0225,-0.8684
2026-05-08T19:37:39.700,-8.3831,1.2194,5.6670,-0.0097,-0.4987,-0.0223,-0.8664
2026-05-08T19:37:39.718,-8.3097,1.2195,5.7096,-0.0098,-0.5018,-0.0224,-0.8647
2026-05-08T19:37:39.737,-8.2292,1.2195,5.7557,-0.0098,-0.5050,-0.0222,-0.8628
2026-05-08T19:37:39.755,-8.1582,1.2195,5.7956,-0.0097,-0.5078,-0.0224,-0.8611
2026-05-08T19:37:39.772,-8.0760,1.2195,5.8410,-0.0098,-0.5109,-0.0225,-0.8593
2026-05-08T19:37:39.789,-8.0002,1.2195,5.8823,-0.0100,-0.5135,-0.0223,-0.8577
2026-05-08T19:37:39.807,-7.9224,1.2195,5.9240,-0.0099,-0.5136,-0.0222,-0.8577
2026-05-08T19:37:39.823,-7.8509,1.2195,5.9621,-0.0100,-0.5136,-0.0221,-0.8577
2026-05-08T19:37:39.842,-7.7746,1.2195,6.0030,-0.0099,-0.5135,-0.0220,-0.8577
2026-05-08T19:37:39.858,-7.7017,1.2195,6.0420,-0.0099,-0.5135,-0.0220,-0.8578
2026-05-08T19:37:39.874,-7.6206,1.2195,6.0855,-0.0098,-0.5135,-0.0220,-0.8578
2026-05-08T19:37:39.890,-7.5534,1.2195,6.1216,-0.0098,-0.5134,-0.0219,-0.8578
2026-05-08T19:37:39.907,-7.4781,1.2195,6.1619,-0.0098,-0.5134,-0.0218,-0.8578
2026-05-08T19:37:39.922,-7.4081,1.2195,6.1995,-0.0098,-0.5134,-0.0218,-0.8578
2026-05-08T19:37:39.940,-7.3364,1.2194,6.2379,-0.0097,-0.5134,-0.0217,-0.8578
2026-05-08T19:37:39.957,-7.2677,1.2194,6.2748,-0.0096,-0.5099,-0.0217,-0.8599
2026-05-08T19:37:39.973,-7.1986,1.2194,6.3126,-0.0095,-0.5061,-0.0216,-0.8621
2026-05-08T19:37:39.988,-7.1305,1.2194,6.3506,-0.0094,-0.5019,-0.0216,-0.8646
2026-05-08T19:37:40.004,-7.0662,1.2194,6.3873,-0.0092,-0.4978,-0.0216,-0.8670
2026-05-08T19:37:40.021,-7.0049,1.2194,6.4225,-0.0091,-0.4938,-0.0218,-0.8693
2026-05-08T19:37:40.039,-6.9387,1.2194,6.4619,-0.0090,-0.4895,-0.0218,-0.8717
2026-05-08T19:37:40.056,-6.8732,1.2194,6.5019,-0.0090,-0.4852,-0.0217,-0.8741
2026-05-08T19:37:40.072,-6.8028,1.2194,6.5458,-0.0088,-0.4805,-0.0216,-0.8767
2026-05-08T19:37:40.088,-6.7375,1.2194,6.5875,-0.0087,-0.4759,-0.0216,-0.8792
2026-05-08T19:37:40.105,-6.6755,1.2194,6.6279,-0.0086,-0.4713,-0.0218,-0.8816
2026-05-08T19:37:40.124,-6.6154,1.2193,6.6674,-0.0085,-0.4666,-0.0219,-0.8842
2026-05-08T19:37:40.141,-6.5483,1.2193,6.7131,-0.0083,-0.4613,-0.0217,-0.8870
2026-05-08T19:37:40.158,-6.4817,1.2193,6.7598,-0.0086,-0.4561,-0.0211,-0.8896
2026-05-08T19:37:40.175,-6.4214,1.2192,6.8031,-0.0085,-0.4511,-0.0211,-0.8922
2026-05-08T19:37:40.192,-6.3578,1.2193,6.8499,-0.0085,-0.4458,-0.0213,-0.8949
2026-05-08T19:37:40.208,-6.2949,1.2193,6.8973,-0.0084,-0.4408,-0.0213,-0.8973
2026-05-08T19:37:40.223,-6.2328,1.2192,6.9453,-0.0083,-0.4358,-0.0213,-0.8997
2026-05-08T19:37:40.240,-6.1791,1.2192,6.9870,-0.0082,-0.4314,-0.0213,-0.9019
2026-05-08T19:37:40.257,-6.1223,1.2192,7.0328,-0.0081,-0.4267,-0.0212,-0.9041
2026-05-08T19:37:40.275,-6.0625,1.2192,7.0820,-0.0079,-0.4216,-0.0213,-0.9065
2026-05-08T19:37:40.292,-6.0019,1.2192,7.1330,-0.0078,-0.4165,-0.0214,-0.9089
2026-05-08T19:37:40.308,-5.9410,1.2191,7.1854,-0.0076,-0.4110,-0.0214,-0.9113
2026-05-08T19:37:40.325,-5.8882,1.2191,7.2319,-0.0076,-0.4060,-0.0214,-0.9136
2026-05-08T19:37:40.342,-5.8324,1.2191,7.2815,-0.0076,-0.4006,-0.0214,-0.9160
2026-05-08T19:37:40.359,-5.7765,1.2191,7.3332,-0.0075,-0.3941,-0.0214,-0.9188
2026-05-08T19:37:40.376,-5.7260,1.2191,7.3812,-0.0074,-0.3876,-0.0213,-0.9216
2026-05-08T19:37:40.391,-5.6757,1.2191,7.4303,-0.0072,-0.3808,-0.0212,-0.9244
2026-05-08T19:37:40.407,-5.6293,1.2191,7.4770,-0.0071,-0.3741,-0.0211,-0.9271
2026-05-08T19:37:40.424,-5.5845,1.2191,7.5233,-0.0068,-0.3666,-0.0212,-0.9301
2026-05-08T19:37:40.443,-5.5444,1.2191,7.5649,-0.0065,-0.3590,-0.0213,-0.9331
2026-05-08T19:37:40.458,-5.5032,1.2191,7.6105,-0.0063,-0.3495,-0.0213,-0.9367
2026-05-08T19:37:40.474,-5.4669,1.2191,7.6525,-0.0061,-0.3402,-0.0213,-0.9401
2026-05-08T19:37:40.490,-5.4359,1.2191,7.6897,-0.0060,-0.3307,-0.0215,-0.9435
2026-05-08T19:37:40.508,-5.4072,1.2190,7.7256,-0.0057,-0.3212,-0.0216,-0.9468
2026-05-08T19:37:40.526,-5.3774,1.2190,7.7645,-0.0055,-0.3102,-0.0217,-0.9504
2026-05-08T19:37:40.543,-5.3494,1.2190,7.8027,-0.0052,-0.2996,-0.0218,-0.9538
2026-05-08T19:37:40.559,-5.3208,1.2190,7.8418,-0.0050,-0.2887,-0.0218,-0.9572
2026-05-08T19:37:40.574,-5.2959,1.2190,7.8793,-0.0047,-0.2785,-0.0219,-0.9602
2026-05-08T19:37:40.591,-5.2714,1.2190,7.9180,-0.0045,-0.2681,-0.0220,-0.9631
2026-05-08T19:37:40.607,-5.2486,1.2190,7.9557,-0.0042,-0.2581,-0.0220,-0.9658
2026-05-08T19:37:40.622,-5.2219,1.2190,8.0020,-0.0040,-0.2491,-0.0219,-0.9682
2026-05-08T19:37:40.638,-5.2194,1.2191,8.0045,-0.0040,-0.2492,-0.0218,-0.9682
2026-05-08T19:37:40.685,-5.2178,1.2190,8.0076,-0.0040,-0.2493,-0.0218,-0.9682
2026-05-08T19:37:40.702,-5.2150,1.2190,8.0127,-0.0041,-0.2558,-0.0218,-0.9665
2026-05-08T19:37:40.718,-5.2115,1.2191,8.0203,-0.0044,-0.2678,-0.0219,-0.9632
2026-05-08T19:37:40.733,-5.2070,1.2191,8.0280,-0.0046,-0.2801,-0.0219,-0.9597
2026-05-08T19:37:40.748,-5.2025,1.2191,8.0351,-0.0049,-0.2909,-0.0218,-0.9565
2026-05-08T19:37:40.763,-5.1954,1.2191,8.0458,-0.0052,-0.3033,-0.0219,-0.9526
2026-05-08T19:37:40.778,-5.1878,1.2191,8.0566,-0.0054,-0.3132,-0.0219,-0.9494
2026-05-08T19:37:40.794,-5.1770,1.2191,8.0733,-0.0057,-0.3240,-0.0219,-0.9458
2026-05-08T19:37:40.809,-5.1637,1.2191,8.0904,-0.0059,-0.3342,-0.0220,-0.9422
2026-05-08T19:37:40.824,-5.1463,1.2192,8.1119,-0.0063,-0.3454,-0.0219,-0.9382
2026-05-08T19:37:40.839,-5.1295,1.2192,8.1317,-0.0065,-0.3557,-0.0217,-0.9343
2026-05-08T19:37:40.855,-5.1115,1.2192,8.1537,-0.0069,-0.3663,-0.0217,-0.9302
2026-05-08T19:37:40.871,-5.0912,1.2192,8.1755,-0.0071,-0.3769,-0.0218,-0.9260
2026-05-08T19:37:40.885,-5.0707,1.2193,8.1966,-0.0074,-0.3873,-0.0219,-0.9217
2026-05-08T19:37:40.900,-5.0506,1.2193,8.2164,-0.0077,-0.3973,-0.0219,-0.9174
2026-05-08T19:37:40.914,-5.0317,1.2192,8.2359,-0.0079,-0.4070,-0.0218,-0.9132
2026-05-08T19:37:40.929,-5.0106,1.2192,8.2549,-0.0083,-0.4169,-0.0218,-0.9087
2026-05-08T19:37:40.943,-4.9904,1.2192,8.2723,-0.0084,-0.4262,-0.0217,-0.9043
2026-05-08T19:37:40.957,-4.9686,1.2192,8.2904,-0.0087,-0.4359,-0.0217,-0.8997
2026-05-08T19:37:40.972,-4.9491,1.2192,8.3074,-0.0089,-0.4447,-0.0217,-0.8953
2026-05-08T19:37:40.986,-4.9275,1.2192,8.3239,-0.0091,-0.4540,-0.0215,-0.8907
2026-05-08T19:37:41.000,-4.9034,1.2192,8.3412,-0.0093,-0.4640,-0.0213,-0.8855
2026-05-08T19:37:41.014,-4.8819,1.2192,8.3575,-0.0095,-0.4723,-0.0212,-0.8811
2026-05-08T19:37:41.028,-4.8553,1.2192,8.3752,-0.0097,-0.4808,-0.0212,-0.8765
2026-05-08T19:37:41.042,-4.8244,1.2192,8.3949,-0.0099,-0.4890,-0.0210,-0.8720
2026-05-08T19:37:41.055,-4.7910,1.2192,8.4153,-0.0101,-0.4969,-0.0208,-0.8675
2026-05-08T19:37:41.069,-4.7555,1.2192,8.4373,-0.0102,-0.5041,-0.0206,-0.8634
2026-05-08T19:37:41.084,-4.7175,1.2192,8.4588,-0.0105,-0.5112,-0.0204,-0.8591
2026-05-08T19:37:41.108,-4.6736,1.2192,8.4826,-0.0107,-0.5182,-0.0204,-0.8549
2026-05-08T19:37:41.123,-4.6259,1.2192,8.5086,-0.0108,-0.5246,-0.0205,-0.8510
2026-05-08T19:37:41.137,-4.5404,1.2192,8.5516,-0.0111,-0.5348,-0.0204,-0.8447
2026-05-08T19:37:41.151,-4.4895,1.2192,8.5771,-0.0112,-0.5407,-0.0204,-0.8409
2026-05-08T19:37:41.165,-4.4395,1.2192,8.5999,-0.0114,-0.5462,-0.0203,-0.8373
2026-05-08T19:37:41.178,-4.3884,1.2192,8.6225,-0.0116,-0.5516,-0.0203,-0.8338
2026-05-08T19:37:41.192,-4.3342,1.2192,8.6463,-0.0117,-0.5573,-0.0203,-0.8300
2026-05-08T19:37:41.206,-4.2863,1.2193,8.6659,-0.0118,-0.5623,-0.0202,-0.8266
2026-05-08T19:37:41.220,-4.2340,1.2193,8.6865,-0.0120,-0.5676,-0.0201,-0.8230
2026-05-08T19:37:41.234,-4.1811,1.2193,8.7073,-0.0121,-0.5730,-0.0199,-0.8192
2026-05-08T19:37:41.248,-4.1308,1.2193,8.7256,-0.0123,-0.5781,-0.0198,-0.8156
2026-05-08T19:37:41.261,-4.0740,1.2193,8.7456,-0.0125,-0.5838,-0.0196,-0.8115
2026-05-08T19:37:41.276,-4.0234,1.2193,8.7633,-0.0126,-0.5889,-0.0195,-0.8078
2026-05-08T19:37:41.290,-3.9726,1.2193,8.7796,-0.0126,-0.5940,-0.0195,-0.8041
2026-05-08T19:37:41.304,-3.9187,1.2193,8.7962,-0.0128,-0.5993,-0.0194,-0.8002
2026-05-08T19:37:41.317,-3.8628,1.2193,8.8126,-0.0128,-0.6048,-0.0192,-0.7961
2026-05-08T19:37:41.332,-3.8049,1.2192,8.8294,-0.0129,-0.6104,-0.0191,-0.7918
2026-05-08T19:37:41.345,-3.7577,1.2192,8.8419,-0.0130,-0.6149,-0.0188,-0.7883
2026-05-08T19:37:41.359,-3.7031,1.2192,8.8556,-0.0132,-0.6209,-0.0187,-0.7835
2026-05-08T19:37:41.374,-3.6572,1.2192,8.8671,-0.0133,-0.6265,-0.0185,-0.7791
2026-05-08T19:37:41.387,-3.6105,1.2192,8.8774,-0.0135,-0.6326,-0.0184,-0.7741
2026-05-08T19:37:41.401,-3.5661,1.2192,8.8864,-0.0137,-0.6398,-0.0183,-0.7682
2026-05-08T19:37:41.415,-3.5292,1.2192,8.8942,-0.0138,-0.6465,-0.0182,-0.7626
2026-05-08T19:37:41.429,-3.4975,1.2192,8.8994,-0.0140,-0.6532,-0.0181,-0.7569
2026-05-08T19:37:41.443,-3.4646,1.2192,8.9042,-0.0141,-0.6608,-0.0179,-0.7502
2026-05-08T19:37:41.456,-3.4361,1.2192,8.9078,-0.0143,-0.6684,-0.0177,-0.7435
2026-05-08T19:37:41.471,-3.4109,1.2192,8.9116,-0.0145,-0.6761,-0.0176,-0.7365
2026-05-08T19:37:41.485,-3.3914,1.2192,8.9132,-0.0147,-0.6828,-0.0173,-0.7302
2026-05-08T19:37:41.498,-3.3686,1.2192,8.9147,-0.0149,-0.6911,-0.0170,-0.7224
2026-05-08T19:37:41.512,-3.3492,1.2191,8.9168,-0.0150,-0.6986,-0.0167,-0.7152
2026-05-08T19:37:41.527,-3.3312,1.2191,8.9172,-0.0153,-0.7059,-0.0164,-0.7080
2026-05-08T19:37:41.540,-3.3138,1.2191,8.9172,-0.0155,-0.7136,-0.0163,-0.7002
2026-05-08T19:37:41.554,-3.2996,1.2192,8.9181,-0.0158,-0.7211,-0.0162,-0.6925
2026-05-08T19:37:41.568,-3.2873,1.2192,8.9176,-0.0160,-0.7282,-0.0161,-0.6850
2026-05-08T19:37:41.582,-3.2764,1.2192,8.9170,-0.0162,-0.7358,-0.0159,-0.6768
2026-05-08T19:37:41.596,-3.2668,1.2192,8.9173,-0.0165,-0.7431,-0.0158,-0.6688
2026-05-08T19:37:41.610,-3.2584,1.2192,8.9164,-0.0167,-0.7502,-0.0155,-0.6608
2026-05-08T19:37:41.623,-3.2510,1.2192,8.9154,-0.0168,-0.7572,-0.0153,-0.6527
2026-05-08T19:37:41.638,-3.2437,1.2192,8.9143,-0.0170,-0.7644,-0.0152,-0.6443
2026-05-08T19:37:41.651,-3.2372,1.2192,8.9144,-0.0172,-0.7708,-0.0151,-0.6367
2026-05-08T19:37:41.666,-3.2306,1.2192,8.9132,-0.0173,-0.7778,-0.0149,-0.6281
2026-05-08T19:37:41.679,-3.2246,1.2192,8.9119,-0.0175,-0.7843,-0.0146,-0.6200
2026-05-08T19:37:41.694,-3.2176,1.2192,8.9114,-0.0176,-0.7914,-0.0144,-0.6109
2026-05-08T19:37:41.707,-3.2118,1.2191,8.9098,-0.0178,-0.7977,-0.0142,-0.6026
2026-05-08T19:37:41.720,-3.2052,1.2191,8.9079,-0.0179,-0.8047,-0.0140,-0.5932
2026-05-08T19:37:41.734,-3.1995,1.2190,8.9075,-0.0179,-0.8104,-0.0137,-0.5855
2026-05-08T19:37:41.748,-3.1936,1.2190,8.9055,-0.0181,-0.8165,-0.0133,-0.5768
2026-05-08T19:37:41.761,-3.1874,1.2190,8.9033,-0.0182,-0.8232,-0.0131,-0.5673
2026-05-08T19:37:41.777,-3.1812,1.2190,8.9022,-0.0185,-0.8291,-0.0129,-0.5586
2026-05-08T19:37:41.790,-3.1755,1.2190,8.8999,-0.0187,-0.8350,-0.0128,-0.5499
2026-05-08T19:37:41.804,-3.1692,1.2190,8.8972,-0.0189,-0.8414,-0.0127,-0.5400
2026-05-08T19:37:41.817,-3.1638,1.2190,8.8948,-0.0190,-0.8468,-0.0125,-0.5314
2026-05-08T19:37:41.832,-3.1573,1.2190,8.8929,-0.0192,-0.8528,-0.0123,-0.5217
2026-05-08T19:37:41.846,-3.1521,1.2190,8.8902,-0.0194,-0.8580,-0.0121,-0.5131
2026-05-08T19:37:41.859,-3.1462,1.2190,8.8870,-0.0195,-0.8640,-0.0118,-0.5030
2026-05-08T19:37:41.874,-3.1403,1.2190,8.8851,-0.0196,-0.8691,-0.0115,-0.4941
2026-05-08T19:37:41.887,-3.1348,1.2190,8.8818,-0.0198,-0.8745,-0.0112,-0.4845
2026-05-08T19:37:41.901,-3.1290,1.2190,8.8782,-0.0199,-0.8799,-0.0109,-0.4747
2026-05-08T19:37:41.916,-3.1185,1.2190,8.8727,-0.0200,-0.8848,-0.0107,-0.4655
2026-05-08T19:37:41.929,-3.1065,1.2190,8.8644,-0.0200,-0.8897,-0.0105,-0.4560
2026-05-08T19:37:41.943,-3.0886,1.2190,8.8515,-0.0201,-0.8945,-0.0102,-0.4466
2026-05-08T19:37:41.956,-3.0674,1.2189,8.8356,-0.0202,-0.8989,-0.0100,-0.4377
2026-05-08T19:37:41.971,-3.0389,1.2189,8.8145,-0.0203,-0.9032,-0.0098,-0.4287
2026-05-08T19:37:41.984,-3.0095,1.2189,8.7906,-0.0204,-0.9063,-0.0097,-0.4220
2026-05-08T19:37:41.998,-2.9686,1.2189,8.7562,-0.0204,-0.9099,-0.0095,-0.4142
2026-05-08T19:37:42.013,-2.9283,1.2189,8.7224,-0.0205,-0.9123,-0.0093,-0.4089
2026-05-08T19:37:42.026,-2.8840,1.2189,8.6829,-0.0205,-0.9147,-0.0092,-0.4034
2026-05-08T19:37:42.040,-2.8366,1.2189,8.6397,-0.0206,-0.9169,-0.0091,-0.3984
2026-05-08T19:37:42.054,-2.7897,1.2189,8.5967,-0.0206,-0.9185,-0.0090,-0.3948
2026-05-08T19:37:42.068,-2.7429,1.2189,8.5524,-0.0207,-0.9198,-0.0090,-0.3917
2026-05-08T19:37:42.082,-2.6948,1.2189,8.5062,-0.0208,-0.9211,-0.0089,-0.3888
2026-05-08T19:37:42.095,-2.6460,1.2189,8.4592,-0.0208,-0.9221,-0.0090,-0.3863
2026-05-08T19:37:42.110,-2.5982,1.2189,8.4122,-0.0209,-0.9231,-0.0089,-0.3840
2026-05-08T19:37:42.123,-2.5499,1.2190,8.3643,-0.0209,-0.9231,-0.0090,-0.3840
2026-05-08T19:37:42.137,-2.4992,1.2190,8.3140,-0.0209,-0.9230,-0.0089,-0.3840
2026-05-08T19:37:42.151,-2.4515,1.2190,8.2666,-0.0209,-0.9230,-0.0089,-0.3841
2026-05-08T19:37:42.165,-2.4045,1.2190,8.2199,-0.0209,-0.9230,-0.0090,-0.3841
2026-05-08T19:37:42.179,-2.3565,1.2190,8.1722,-0.0209,-0.9230,-0.0089,-0.3841
2026-05-08T19:37:42.193,-2.3033,1.2190,8.1194,-0.0208,-0.9231,-0.0088,-0.3840
2026-05-08T19:37:42.207,-2.2573,1.2190,8.0737,-0.0209,-0.9231,-0.0088,-0.3839
2026-05-08T19:37:42.220,-2.2061,1.2190,8.0229,-0.0209,-0.9231,-0.0089,-0.3839
2026-05-08T19:37:42.234,-2.1577,1.2191,7.9748,-0.0211,-0.9231,-0.0090,-0.3838
2026-05-08T19:37:42.248,-2.1106,1.2191,7.9280,-0.0211,-0.9231,-0.0091,-0.3838
2026-05-08T19:37:42.262,-2.0599,1.2191,7.8776,-0.0211,-0.9231,-0.0091,-0.3838
2026-05-08T19:37:42.276,-2.0123,1.2191,7.8304,-0.0211,-0.9231,-0.0091,-0.3838
2026-05-08T19:37:42.290,-1.9646,1.2191,7.7829,-0.0211,-0.9231,-0.0091,-0.3839
2026-05-08T19:37:42.304,-1.9159,1.2191,7.7344,-0.0211,-0.9231,-0.0091,-0.3840
2026-05-08T19:37:42.317,-1.8692,1.2191,7.6880,-0.0211,-0.9230,-0.0090,-0.3841
2026-05-08T19:37:42.331,-1.8178,1.2191,7.6369,-0.0210,-0.9230,-0.0090,-0.3841
2026-05-08T19:37:42.345,-1.7741,1.2191,7.5935,-0.0209,-0.9230,-0.0090,-0.3842
2026-05-08T19:37:42.359,-1.7237,1.2190,7.5435,-0.0209,-0.9230,-0.0091,-0.3842
2026-05-08T19:37:42.373,-1.6759,1.2190,7.4960,-0.0209,-0.9229,-0.0091,-0.3843
2026-05-08T19:37:42.387,-1.6269,1.2190,7.4474,-0.0208,-0.9229,-0.0091,-0.3844
2026-05-08T19:37:42.401,-1.5759,1.2190,7.3968,-0.0207,-0.9229,-0.0091,-0.3843
2026-05-08T19:37:42.415,-1.5277,1.2191,7.3489,-0.0207,-0.9229,-0.0090,-0.3844
2026-05-08T19:37:42.429,-1.4814,1.2191,7.3030,-0.0206,-0.9230,-0.0090,-0.3842
2026-05-08T19:37:42.443,-1.4325,1.2191,7.2544,-0.0206,-0.9230,-0.0089,-0.3842
2026-05-08T19:37:42.456,-1.3827,1.2191,7.2050,-0.0206,-0.9230,-0.0089,-0.3841
2026-05-08T19:37:42.471,-1.3356,1.2191,7.1582,-0.0207,-0.9222,-0.0090,-0.3861
2026-05-08T19:37:42.484,-1.2896,1.2191,7.1130,-0.0207,-0.9214,-0.0091,-0.3880
2026-05-08T19:37:42.498,-1.2378,1.2191,7.0623,-0.0207,-0.9202,-0.0093,-0.3907
2026-05-08T19:37:42.513,-1.1909,1.2191,7.0166,-0.0206,-0.9190,-0.0095,-0.3936
2026-05-08T19:37:42.526,-1.1440,1.2191,6.9718,-0.0206,-0.9176,-0.0095,-0.3969
2026-05-08T19:37:42.540,-1.0953,1.2191,6.9261,-0.0205,-0.9159,-0.0096,-0.4007
2026-05-08T19:37:42.554,-1.0495,1.2191,6.8832,-0.0205,-0.9142,-0.0096,-0.4047
2026-05-08T19:37:42.568,-1.0041,1.2191,6.8419,-0.0204,-0.9125,-0.0097,-0.4085
2026-05-08T19:37:42.582,-0.9540,1.2190,6.7972,-0.0202,-0.9106,-0.0097,-0.4126
2026-05-08T19:37:42.596,-0.9083,1.2190,6.7564,-0.0201,-0.9086,-0.0098,-0.4170
2026-05-08T19:37:42.610,-0.8606,1.2190,6.7154,-0.0200,-0.9065,-0.0099,-0.4215
2026-05-08T19:37:42.623,-0.8152,1.2191,6.6771,-0.0198,-0.9044,-0.0100,-0.4261
2026-05-08T19:37:42.637,-0.7664,1.2191,6.6367,-0.0197,-0.9021,-0.0101,-0.4310
2026-05-08T19:37:42.651,-0.7213,1.2191,6.5996,-0.0196,-0.8999,-0.0101,-0.4355
2026-05-08T19:37:42.665,-0.6735,1.2191,6.5617,-0.0194,-0.8976,-0.0102,-0.4403
2026-05-08T19:37:42.679,-0.6278,1.2190,6.5263,-0.0193,-0.8953,-0.0103,-0.4448
2026-05-08T19:37:42.693,-0.5784,1.2190,6.4882,-0.0192,-0.8929,-0.0103,-0.4497
2026-05-08T19:37:42.706,-0.5303,1.2190,6.4526,-0.0190,-0.8905,-0.0104,-0.4545
2026-05-08T19:37:42.720,-0.4786,1.2190,6.4151,-0.0190,-0.8879,-0.0105,-0.4596
2026-05-08T19:37:42.735,-0.4329,1.2190,6.3820,-0.0189,-0.8856,-0.0106,-0.4640
2026-05-08T19:37:42.749,-0.3844,1.2190,6.3485,-0.0188,-0.8831,-0.0107,-0.4686
2026-05-08T19:37:42.763,-0.3257,1.2190,6.3087,-0.0188,-0.8802,-0.0108,-0.4741
2026-05-08T19:37:42.777,-0.2810,1.2190,6.2793,-0.0186,-0.8780,-0.0109,-0.4783
2026-05-08T19:37:42.790,-0.2297,1.2190,6.2455,-0.0185,-0.8753,-0.0110,-0.4830
2026-05-08T19:37:42.805,-0.1780,1.2190,6.2129,-0.0184,-0.8727,-0.0111,-0.4878
2026-05-08T19:37:42.818,-0.1287,1.2190,6.1826,-0.0184,-0.8702,-0.0111,-0.4923
2026-05-08T19:37:42.832,-0.0734,1.2190,6.1487,-0.0183,-0.8673,-0.0112,-0.4973
2026-05-08T19:37:42.846,-0.0266,1.2190,6.1213,-0.0182,-0.8649,-0.0113,-0.5014
2026-05-08T19:37:42.859,0.0295,1.2190,6.0891,-0.0180,-0.8621,-0.0112,-0.5063
2026-05-08T19:37:42.874,0.0815,1.2190,6.0594,-0.0178,-0.8595,-0.0112,-0.5107
2026-05-08T19:37:42.888,0.1309,1.2190,6.0324,-0.0178,-0.8569,-0.0112,-0.5150
2026-05-08T19:37:42.901,0.1903,1.2190,6.0009,-0.0178,-0.8539,-0.0113,-0.5201
2026-05-08T19:37:42.916,0.2414,1.2190,5.9738,-0.0177,-0.8512,-0.0115,-0.5245
2026-05-08T19:37:42.929,0.2955,1.2190,5.9465,-0.0177,-0.8484,-0.0116,-0.5290
2026-05-08T19:37:42.944,0.3498,1.2190,5.9199,-0.0176,-0.8455,-0.0116,-0.5335
2026-05-08T19:37:42.957,0.4081,1.2190,5.8921,-0.0175,-0.8425,-0.0116,-0.5383
2026-05-08T19:37:42.972,0.4598,1.2190,5.8675,-0.0174,-0.8397,-0.0117,-0.5426
2026-05-08T19:37:42.985,0.5122,1.2190,5.8438,-0.0172,-0.8369,-0.0118,-0.5469
2026-05-08T19:37:42.998,0.5725,1.2190,5.8173,-0.0171,-0.8337,-0.0119,-0.5518
2026-05-08T19:37:43.013,0.6242,1.2189,5.7945,-0.0170,-0.8309,-0.0119,-0.5560
2026-05-08T19:37:43.026,0.6776,1.2189,5.7724,-0.0168,-0.8281,-0.0120,-0.5603
2026-05-08T19:37:43.040,0.7375,1.2189,5.7483,-0.0168,-0.8249,-0.0120,-0.5650
2026-05-08T19:37:43.054,0.7906,1.2189,5.7271,-0.0166,-0.8220,-0.0120,-0.5692
2026-05-08T19:37:43.069,0.8469,1.2189,5.7059,-0.0165,-0.8190,-0.0121,-0.5735
2026-05-08T19:37:43.083,0.9052,1.2188,5.6846,-0.0164,-0.8160,-0.0121,-0.5777
2026-05-08T19:37:43.096,0.9684,1.2188,5.6623,-0.0163,-0.8130,-0.0121,-0.5818
2026-05-08T19:37:43.110,1.0254,1.2188,5.6423,-0.0162,-0.8106,-0.0121,-0.5852
2026-05-08T19:37:43.124,1.0827,1.2188,5.6232,-0.0162,-0.8082,-0.0121,-0.5885
2026-05-08T19:37:43.137,1.1468,1.2188,5.6025,-0.0162,-0.8056,-0.0123,-0.5921
2026-05-08T19:37:43.151,1.2055,1.2188,5.5837,-0.0161,-0.8032,-0.0124,-0.5953
2026-05-08T19:37:43.165,1.2676,1.2188,5.5648,-0.0161,-0.8009,-0.0125,-0.5984
2026-05-08T19:37:43.179,1.3281,1.2188,5.5469,-0.0160,-0.7989,-0.0124,-0.6011
2026-05-08T19:37:43.193,1.3941,1.2188,5.5275,-0.0160,-0.7967,-0.0124,-0.6040
2026-05-08T19:37:43.207,1.4581,1.2188,5.5095,-0.0161,-0.7947,-0.0124,-0.6067
2026-05-08T19:37:43.221,1.5231,1.2188,5.4917,-0.0160,-0.7926,-0.0124,-0.6094
2026-05-08T19:37:43.235,1.5852,1.2189,5.4748,-0.0160,-0.7906,-0.0125,-0.6120
2026-05-08T19:37:43.249,1.6496,1.2189,5.4581,-0.0159,-0.7886,-0.0125,-0.6146
2026-05-08T19:37:43.263,1.7168,1.2189,5.4411,-0.0158,-0.7864,-0.0125,-0.6174
2026-05-08T19:37:43.276,1.7797,1.2189,5.4258,-0.0158,-0.7844,-0.0126,-0.6199
2026-05-08T19:37:43.291,1.8447,1.2189,5.4100,-0.0157,-0.7823,-0.0127,-0.6226
2026-05-08T19:37:43.304,1.9059,1.2188,5.3958,-0.0156,-0.7803,-0.0128,-0.6251
2026-05-08T19:37:43.317,1.9725,1.2188,5.3809,-0.0155,-0.7781,-0.0128,-0.6278
2026-05-08T19:37:43.332,2.0375,1.2187,5.3664,-0.0155,-0.7760,-0.0129,-0.6304
2026-05-08T19:37:43.345,2.0946,1.2187,5.3544,-0.0154,-0.7742,-0.0129,-0.6326
2026-05-08T19:37:43.359,2.1629,1.2187,5.3406,-0.0153,-0.7719,-0.0129,-0.6354
2026-05-08T19:37:43.373,2.2267,1.2187,5.3277,-0.0153,-0.7698,-0.0130,-0.6379
2026-05-08T19:37:43.388,2.2909,1.2187,5.3156,-0.0152,-0.7677,-0.0130,-0.6404
2026-05-08T19:37:43.402,2.3567,1.2187,5.3037,-0.0152,-0.7656,-0.0131,-0.6430
2026-05-08T19:37:43.416,2.4264,1.2188,5.2911,-0.0152,-0.7633,-0.0133,-0.6458
2026-05-08T19:37:43.430,2.4909,1.2188,5.2803,-0.0152,-0.7611,-0.0134,-0.6483
2026-05-08T19:37:43.444,2.5555,1.2188,5.2700,-0.0151,-0.7589,-0.0134,-0.6509
2026-05-08T19:37:43.457,2.6220,1.2188,5.2597,-0.0151,-0.7566,-0.0134,-0.6536
2026-05-08T19:37:43.472,2.6873,1.2189,5.2498,-0.0151,-0.7542,-0.0136,-0.6563
2026-05-08T19:37:43.485,2.7478,1.2189,5.2414,-0.0151,-0.7520,-0.0138,-0.6589
2026-05-08T19:37:43.499,2.8195,1.2189,5.2320,-0.0151,-0.7493,-0.0140,-0.6619
2026-05-08T19:37:43.513,2.8808,1.2189,5.2240,-0.0150,-0.7471,-0.0141,-0.6644
2026-05-08T19:37:43.526,2.9481,1.2189,5.2161,-0.0149,-0.7446,-0.0140,-0.6672
2026-05-08T19:37:43.540,3.0115,1.2189,5.2092,-0.0149,-0.7422,-0.0140,-0.6699
2026-05-08T19:37:43.554,3.0722,1.2189,5.2026,-0.0148,-0.7398,-0.0141,-0.6725
2026-05-08T19:37:43.569,3.1386,1.2190,5.1963,-0.0149,-0.7371,-0.0143,-0.6755
2026-05-08T19:37:43.583,3.2044,1.2190,5.1906,-0.0149,-0.7345,-0.0144,-0.6783
2026-05-08T19:37:43.595,3.2726,1.2190,5.1852,-0.0149,-0.7318,-0.0146,-0.6812
2026-05-08T19:37:43.610,3.3347,1.2190,5.1804,-0.0148,-0.7293,-0.0147,-0.6838
2026-05-08T19:37:43.624,3.3955,1.2190,5.1764,-0.0148,-0.7269,-0.0147,-0.6864
2026-05-08T19:37:43.638,3.4644,1.2190,5.1725,-0.0148,-0.7240,-0.0148,-0.6895
2026-05-08T19:37:43.652,3.5276,1.2190,5.1690,-0.0148,-0.7214,-0.0149,-0.6922
2026-05-08T19:37:43.666,3.5926,1.2190,5.1664,-0.0148,-0.7186,-0.0151,-0.6951
2026-05-08T19:37:43.680,3.6575,1.2191,5.1643,-0.0147,-0.7160,-0.0153,-0.6978
2026-05-08T19:37:43.693,3.7238,1.2191,5.1623,-0.0146,-0.7133,-0.0154,-0.7005
2026-05-08T19:37:43.707,3.7928,1.2191,5.1611,-0.0146,-0.7106,-0.0155,-0.7033
2026-05-08T19:37:43.720,3.8549,1.2190,5.1604,-0.0146,-0.7081,-0.0157,-0.7057
2026-05-08T19:37:43.735,3.9207,1.2190,5.1599,-0.0145,-0.7057,-0.0158,-0.7082
2026-05-08T19:37:43.749,3.9824,1.2190,5.1601,-0.0145,-0.7035,-0.0158,-0.7104
2026-05-08T19:37:43.763,4.0532,1.2190,5.1609,-0.0144,-0.7010,-0.0158,-0.7128
2026-05-08T19:37:43.777,4.1209,1.2190,5.1620,-0.0144,-0.6988,-0.0159,-0.7150
2026-05-08T19:37:43.791,4.1860,1.2191,5.1632,-0.0144,-0.6967,-0.0159,-0.7170
2026-05-08T19:37:43.805,4.2536,1.2191,5.1652,-0.0144,-0.6950,-0.0161,-0.7187
2026-05-08T19:37:43.818,4.3220,1.2191,5.1675,-0.0144,-0.6950,-0.0162,-0.7187
2026-05-08T19:37:43.832,4.3924,1.2191,5.1699,-0.0144,-0.6950,-0.0163,-0.7187
2026-05-08T19:37:43.846,4.4570,1.2191,5.1721,-0.0144,-0.6950,-0.0163,-0.7187
2026-05-08T19:37:43.859,4.5310,1.2191,5.1746,-0.0144,-0.6950,-0.0164,-0.7187
2026-05-08T19:37:43.874,4.5960,1.2191,5.1768,-0.0144,-0.6950,-0.0164,-0.7187
2026-05-08T19:37:43.888,4.6640,1.2191,5.1791,-0.0144,-0.6949,-0.0164,-0.7188
2026-05-08T19:37:43.902,4.7340,1.2191,5.1814,-0.0144,-0.6949,-0.0163,-0.7188
2026-05-08T19:37:43.917,4.8055,1.2190,5.1838,-0.0144,-0.6949,-0.0163,-0.7188
2026-05-08T19:37:43.931,4.8751,1.2190,5.1862,-0.0143,-0.6949,-0.0161,-0.7188
2026-05-08T19:37:43.946,4.9474,1.2190,5.1886,-0.0143,-0.6950,-0.0160,-0.7187
2026-05-08T19:37:43.960,5.0218,1.2190,5.1911,-0.0143,-0.6950,-0.0161,-0.7187
2026-05-08T19:37:43.974,5.0935,1.2190,5.1935,-0.0143,-0.6950,-0.0162,-0.7187
2026-05-08T19:37:43.989,5.1641,1.2190,5.1958,-0.0143,-0.6950,-0.0162,-0.7187
2026-05-08T19:37:44.012,5.2363,1.2190,5.1983,-0.0142,-0.6951,-0.0161,-0.7186
2026-05-08T19:37:44.026,5.3075,1.2190,5.2006,-0.0142,-0.6951,-0.0161,-0.7186
2026-05-08T19:37:44.040,5.4276,1.2190,5.2046,-0.0143,-0.6951,-0.0161,-0.7186
2026-05-08T19:37:44.054,5.4948,1.2190,5.2069,-0.0144,-0.6950,-0.0161,-0.7187
2026-05-08T19:37:44.070,5.5606,1.2190,5.2091,-0.0143,-0.6926,-0.0161,-0.7210
2026-05-08T19:37:44.083,5.6232,1.2190,5.2116,-0.0143,-0.6895,-0.0162,-0.7240
2026-05-08T19:37:44.097,5.6983,1.2189,5.2152,-0.0142,-0.6850,-0.0162,-0.7283
2026-05-08T19:37:44.111,5.7469,1.2190,5.2175,-0.0140,-0.6812,-0.0163,-0.7318
2026-05-08T19:37:44.124,5.7901,1.2190,5.2205,-0.0139,-0.6749,-0.0164,-0.7376
2026-05-08T19:37:44.138,5.8299,1.2189,5.2240,-0.0138,-0.6681,-0.0166,-0.7437
2026-05-08T19:37:44.153,5.8636,1.2189,5.2266,-0.0136,-0.6613,-0.0166,-0.7498
2026-05-08T19:37:44.167,5.8855,1.2189,5.2293,-0.0135,-0.6536,-0.0167,-0.7566
2026-05-08T19:37:44.181,5.9036,1.2189,5.2319,-0.0133,-0.6452,-0.0167,-0.7637
2026-05-08T19:37:44.195,5.9108,1.2189,5.2319,-0.0131,-0.6365,-0.0167,-0.7710
2026-05-08T19:37:44.209,5.9130,1.2189,5.2323,-0.0129,-0.6284,-0.0167,-0.7776
2026-05-08T19:37:44.223,5.9130,1.2189,5.2322,-0.0128,-0.6198,-0.0168,-0.7845
2026-05-08T19:37:44.237,5.9067,1.2189,5.2307,-0.0127,-0.6113,-0.0170,-0.7911
2026-05-08T19:37:44.252,5.8982,1.2189,5.2272,-0.0126,-0.6024,-0.0171,-0.7979
2026-05-08T19:37:44.266,5.8885,1.2188,5.2243,-0.0124,-0.5937,-0.0172,-0.8044
2026-05-08T19:37:44.279,5.8781,1.2188,5.2210,-0.0123,-0.5848,-0.0171,-0.8109
2026-05-08T19:37:44.293,5.8676,1.2188,5.2163,-0.0122,-0.5759,-0.0171,-0.8173
2026-05-08T19:37:44.307,5.8568,1.2188,5.2124,-0.0120,-0.5671,-0.0172,-0.8234
2026-05-08T19:37:44.323,5.8454,1.2188,5.2080,-0.0118,-0.5581,-0.0174,-0.8295
2026-05-08T19:37:44.338,5.8343,1.2188,5.2022,-0.0115,-0.5490,-0.0175,-0.8356
2026-05-08T19:37:44.353,5.8217,1.2188,5.1967,-0.0113,-0.5387,-0.0175,-0.8422
2026-05-08T19:37:44.367,5.8086,1.2187,5.1906,-0.0111,-0.5279,-0.0176,-0.8491
2026-05-08T19:37:44.381,5.7980,1.2187,5.1853,-0.0109,-0.5189,-0.0177,-0.8546
2026-05-08T19:37:44.394,5.7850,1.2187,5.1785,-0.0106,-0.5076,-0.0178,-0.8613
2026-05-08T19:37:44.408,5.7765,1.2187,5.1722,-0.0104,-0.4997,-0.0179,-0.8659
2026-05-08T19:37:44.422,5.7656,1.2186,5.1659,-0.0102,-0.4901,-0.0178,-0.8714
2026-05-08T19:37:44.441,5.7556,1.2186,5.1598,-0.0101,-0.4813,-0.0178,-0.8763
2026-05-08T19:37:44.456,5.7460,1.2186,5.1523,-0.0100,-0.4720,-0.0179,-0.8814
2026-05-08T19:37:44.471,5.7326,1.2186,5.1433,-0.0098,-0.4595,-0.0179,-0.8880
2026-05-08T19:37:44.484,5.7220,1.2186,5.1358,-0.0095,-0.4492,-0.0181,-0.8932
2026-05-08T19:37:44.497,5.7111,1.2186,5.1276,-0.0093,-0.4386,-0.0181,-0.8985
2026-05-08T19:37:44.511,5.7033,1.2186,5.1199,-0.0091,-0.4300,-0.0183,-0.9026
2026-05-08T19:37:44.526,5.6939,1.2185,5.1123,-0.0090,-0.4205,-0.0183,-0.9071
2026-05-08T19:37:44.539,5.6844,1.2185,5.1042,-0.0088,-0.4105,-0.0184,-0.9116
2026-05-08T19:37:44.553,5.6758,1.2185,5.0950,-0.0087,-0.4004,-0.0184,-0.9161
2026-05-08T19:37:44.566,5.6671,1.2185,5.0869,-0.0084,-0.3908,-0.0184,-0.9203
2026-05-08T19:37:44.581,5.6586,1.2184,5.0787,-0.0084,-0.3811,-0.0184,-0.9243
2026-05-08T19:37:44.595,5.6500,1.2184,5.0685,-0.0082,-0.3703,-0.0184,-0.9287
2026-05-08T19:37:44.609,5.6419,1.2184,5.0598,-0.0081,-0.3605,-0.0184,-0.9326
2026-05-08T19:37:44.623,5.6335,1.2184,5.0506,-0.0078,-0.3502,-0.0185,-0.9365
2026-05-08T19:37:44.636,5.6258,1.2185,5.0417,-0.0076,-0.3403,-0.0186,-0.9401
2026-05-08T19:37:44.650,5.6188,1.2185,5.0317,-0.0074,-0.3302,-0.0187,-0.9437
2026-05-08T19:37:44.664,5.6113,1.2184,5.0222,-0.0072,-0.3201,-0.0188,-0.9472
2026-05-08T19:37:44.678,5.6039,1.2184,5.0126,-0.0069,-0.3098,-0.0189,-0.9506
2026-05-08T19:37:44.692,5.5976,1.2184,5.0021,-0.0066,-0.2993,-0.0192,-0.9539
2026-05-08T19:37:44.706,5.5908,1.2184,4.9925,-0.0064,-0.2891,-0.0194,-0.9571
2026-05-08T19:37:44.720,5.5839,1.2185,4.9821,-0.0062,-0.2786,-0.0197,-0.9602
2026-05-08T19:37:44.735,5.5780,1.2185,4.9709,-0.0060,-0.2677,-0.0197,-0.9633
2026-05-08T19:37:44.749,5.5718,1.2184,4.9606,-0.0060,-0.2575,-0.0198,-0.9660
2026-05-08T19:37:44.764,5.5651,1.2184,4.9489,-0.0057,-0.2460,-0.0198,-0.9690
2026-05-08T19:37:44.778,5.5590,1.2184,4.9379,-0.0057,-0.2352,-0.0199,-0.9717
2026-05-08T19:37:44.792,5.5538,1.2184,4.9253,-0.0053,-0.2234,-0.0201,-0.9745
2026-05-08T19:37:44.806,5.5487,1.2184,4.9149,-0.0052,-0.2132,-0.0204,-0.9768
2026-05-08T19:37:44.822,5.5440,1.2185,4.9047,-0.0050,-0.2025,-0.0204,-0.9791
2026-05-08T19:37:44.839,5.5409,1.2185,4.8946,-0.0047,-0.1919,-0.0205,-0.9812
2026-05-08T19:37:44.857,5.5371,1.2185,4.8851,-0.0043,-0.1804,-0.0205,-0.9834
2026-05-08T19:37:44.872,5.5335,1.2185,4.8755,-0.0041,-0.1668,-0.0205,-0.9858
2026-05-08T19:37:44.887,5.5307,1.2185,4.8674,-0.0038,-0.1539,-0.0206,-0.9879
2026-05-08T19:37:44.901,5.5287,1.2185,4.8609,-0.0033,-0.1420,-0.0207,-0.9896
2026-05-08T19:37:44.916,5.5287,1.2185,4.8563,-0.0034,-0.1312,-0.0207,-0.9911
2026-05-08T19:37:44.930,5.5282,1.2185,4.8544,-0.0030,-0.1197,-0.0207,-0.9926
2026-05-08T19:37:44.944,5.5280,1.2185,4.8533,-0.0032,-0.1085,-0.0208,-0.9939
2026-05-08T19:37:44.958,5.5279,1.2185,4.8532,-0.0030,-0.0976,-0.0207,-0.9950
2026-05-08T19:37:44.973,5.5294,1.2185,4.8545,-0.0029,-0.0868,-0.0207,-0.9960
2026-05-08T19:37:44.988,5.5299,1.2184,4.8578,-0.0028,-0.0759,-0.0206,-0.9969
2026-05-08T19:37:45.003,5.5309,1.2184,4.8643,-0.0026,-0.0640,-0.0207,-0.9977
2026-05-08T19:37:45.018,5.5332,1.2185,4.8721,-0.0024,-0.0519,-0.0207,-0.9984
2026-05-08T19:37:45.036,5.5341,1.2185,4.8810,-0.0022,-0.0396,-0.0206,-0.9990
2026-05-08T19:37:45.053,5.5349,1.2184,4.8915,-0.0020,-0.0272,-0.0206,-0.9994
2026-05-08T19:37:45.068,5.5356,1.2184,4.9040,-0.0018,-0.0129,-0.0207,-0.9997
2026-05-08T19:37:45.083,5.5358,1.2184,4.9157,-0.0016,-0.0006,-0.0206,-0.9998
2026-05-08T19:37:45.097,5.5359,1.2184,4.9275,-0.0015,0.0113,-0.0205,-0.9997
2026-05-08T19:37:45.111,5.5369,1.2184,4.9400,-0.0015,0.0223,-0.0204,-0.9995
2026-05-08T19:37:45.125,5.5364,1.2184,4.9530,-0.0014,0.0334,-0.0204,-0.9992
2026-05-08T19:37:45.141,5.5354,1.2184,4.9665,-0.0012,0.0443,-0.0204,-0.9988
2026-05-08T19:37:45.158,5.5354,1.2184,4.9800,-0.0008,0.0553,-0.0206,-0.9983
2026-05-08T19:37:45.176,5.5338,1.2184,4.9944,-0.0005,0.0668,-0.0207,-0.9976
2026-05-08T19:37:45.191,5.5314,1.2184,5.0123,-0.0002,0.0805,-0.0208,-0.9965
2026-05-08T19:37:45.207,5.5284,1.2184,5.0304,0.0001,0.0942,-0.0208,-0.9953
2026-05-08T19:37:45.221,5.5254,1.2184,5.0459,0.0002,0.1055,-0.0208,-0.9942
2026-05-08T19:37:45.236,5.5231,1.2184,5.0628,0.0004,0.1179,-0.0207,-0.9928
2026-05-08T19:37:45.250,5.5196,1.2183,5.0771,0.0006,0.1283,-0.0206,-0.9915
2026-05-08T19:37:45.265,5.5155,1.2183,5.0928,0.0008,0.1399,-0.0206,-0.9899
2026-05-08T19:37:45.279,5.5113,1.2183,5.1072,0.0010,0.1505,-0.0205,-0.9884
2026-05-08T19:37:45.293,5.5077,1.2183,5.1226,0.0013,0.1615,-0.0204,-0.9867
2026-05-08T19:37:45.309,5.5031,1.2183,5.1367,0.0015,0.1718,-0.0203,-0.9849
2026-05-08T19:37:45.326,5.4977,1.2182,5.1517,0.0017,0.1828,-0.0202,-0.9829
2026-05-08T19:37:45.342,5.4915,1.2182,5.1680,0.0019,0.1948,-0.0201,-0.9806
2026-05-08T19:37:45.359,5.4852,1.2182,5.1863,0.0022,0.2082,-0.0200,-0.9779
2026-05-08T19:37:45.373,5.4783,1.2182,5.2017,0.0026,0.2199,-0.0200,-0.9753
2026-05-08T19:37:45.388,5.4705,1.2182,5.2182,0.0029,0.2323,-0.0200,-0.9724
2026-05-08T19:37:45.402,5.4635,1.2182,5.2319,0.0031,0.2428,-0.0199,-0.9699
2026-05-08T19:37:45.417,5.4571,1.2182,5.2463,0.0032,0.2535,-0.0199,-0.9671
2026-05-08T19:37:45.432,5.4494,1.2182,5.2601,0.0034,0.2641,-0.0198,-0.9643
2026-05-08T19:37:45.447,5.4411,1.2182,5.2740,0.0037,0.2749,-0.0198,-0.9613
2026-05-08T19:37:45.463,5.4321,1.2182,5.2885,0.0039,0.2861,-0.0198,-0.9580
2026-05-08T19:37:45.480,5.4241,1.2181,5.3030,0.0041,0.2972,-0.0197,-0.9546
2026-05-08T19:37:45.497,5.4130,1.2182,5.3191,0.0044,0.3102,-0.0196,-0.9505
2026-05-08T19:37:45.511,5.4031,1.2182,5.3327,0.0046,0.3213,-0.0196,-0.9468
2026-05-08T19:37:45.525,5.3920,1.2183,5.3473,0.0049,0.3332,-0.0195,-0.9426
2026-05-08T19:37:45.539,5.3824,1.2183,5.3592,0.0050,0.3432,-0.0194,-0.9391
2026-05-08T19:37:45.554,5.3730,1.2182,5.3720,0.0050,0.3534,-0.0193,-0.9352
2026-05-08T19:37:45.570,5.3629,1.2182,5.3835,0.0052,0.3634,-0.0192,-0.9314
2026-05-08T19:37:45.587,5.3517,1.2183,5.3956,0.0055,0.3739,-0.0193,-0.9273
2026-05-08T19:37:45.603,5.3398,1.2183,5.4080,0.0058,0.3849,-0.0192,-0.9228
2026-05-08T19:37:45.620,5.3274,1.2183,5.4221,0.0060,0.3967,-0.0192,-0.9177
2026-05-08T19:37:45.638,5.3138,1.2184,5.4348,0.0063,0.4085,-0.0190,-0.9125
2026-05-08T19:37:45.652,5.3001,1.2184,5.4471,0.0065,0.4201,-0.0189,-0.9072
2026-05-08T19:37:45.667,5.2851,1.2184,5.4598,0.0069,0.4326,-0.0187,-0.9014
2026-05-08T19:37:45.681,5.2731,1.2184,5.4693,0.0072,0.4420,-0.0187,-0.8968
2026-05-08T19:37:45.696,5.2599,1.2184,5.4809,0.0073,0.4527,-0.0185,-0.8915
2026-05-08T19:37:45.710,5.2473,1.2183,5.4902,0.0075,0.4618,-0.0183,-0.8868
2026-05-08T19:37:45.726,5.2320,1.2183,5.5009,0.0077,0.4717,-0.0181,-0.8815
2026-05-08T19:37:45.741,5.2159,1.2183,5.5117,0.0080,0.4816,-0.0180,-0.8761
2026-05-08T19:37:45.756,5.1986,1.2183,5.5241,0.0082,0.4921,-0.0179,-0.8703
2026-05-08T19:37:45.772,5.1810,1.2183,5.5347,0.0083,0.5016,-0.0177,-0.8649
2026-05-08T19:37:45.786,5.1611,1.2183,5.5461,0.0084,0.5114,-0.0176,-0.8591
2026-05-08T19:37:45.800,5.1385,1.2183,5.5584,0.0086,0.5218,-0.0174,-0.8529
2026-05-08T19:37:45.814,5.1193,1.2183,5.5696,0.0087,0.5300,-0.0174,-0.8478
2026-05-08T19:37:45.828,5.0941,1.2184,5.5819,0.0090,0.5390,-0.0174,-0.8421
2026-05-08T19:37:45.842,5.0694,1.2184,5.5933,0.0092,0.5472,-0.0173,-0.8368
2026-05-08T19:37:45.855,5.0410,1.2184,5.6058,0.0093,0.5555,-0.0171,-0.8313
2026-05-08T19:37:45.870,5.0131,1.2184,5.6185,0.0095,0.5634,-0.0170,-0.8260
2026-05-08T19:37:45.884,4.9850,1.2184,5.6296,0.0095,0.5709,-0.0170,-0.8208
2026-05-08T19:37:45.899,4.9522,1.2184,5.6418,0.0097,0.5792,-0.0168,-0.8149
2026-05-08T19:37:45.913,4.9210,1.2184,5.6538,0.0098,0.5870,-0.0166,-0.8093
2026-05-08T19:37:45.927,4.8851,1.2183,5.6656,0.0100,0.5956,-0.0165,-0.8030
2026-05-08T19:37:45.940,4.8534,1.2183,5.6753,0.0101,0.6029,-0.0163,-0.7976
2026-05-08T19:37:45.955,4.8197,1.2183,5.6859,0.0101,0.6104,-0.0162,-0.7919
2026-05-08T19:37:45.970,4.7862,1.2184,5.6948,0.0102,0.6174,-0.0161,-0.7864
2026-05-08T19:37:45.983,4.7493,1.2184,5.7038,0.0104,0.6247,-0.0159,-0.7806
2026-05-08T19:37:45.997,4.7061,1.2183,5.7136,0.0105,0.6329,-0.0157,-0.7740
2026-05-08T19:37:46.011,4.6720,1.2183,5.7216,0.0106,0.6391,-0.0156,-0.7689
2026-05-08T19:37:46.026,4.6312,1.2183,5.7293,0.0106,0.6458,-0.0154,-0.7633
2026-05-08T19:37:46.039,4.5885,1.2183,5.7365,0.0106,0.6525,-0.0152,-0.7575
2026-05-08T19:37:46.054,4.5421,1.2183,5.7444,0.0107,0.6588,-0.0149,-0.7521
2026-05-08T19:37:46.067,4.4961,1.2182,5.7506,0.0107,0.6648,-0.0150,-0.7468
2026-05-08T19:37:46.081,4.4482,1.2182,5.7562,0.0108,0.6705,-0.0149,-0.7417
2026-05-08T19:37:46.095,4.3943,1.2182,5.7625,0.0109,0.6761,-0.0147,-0.7366
2026-05-08T19:37:46.109,4.3439,1.2182,5.7668,0.0110,0.6809,-0.0146,-0.7322
2026-05-08T19:37:46.123,4.2855,1.2182,5.7711,0.0111,0.6852,-0.0145,-0.7281
2026-05-08T19:37:46.137,4.2229,1.2182,5.7749,0.0112,0.6892,-0.0144,-0.7243
2026-05-08T19:37:46.151,4.1620,1.2182,5.7785,0.0113,0.6927,-0.0143,-0.7210
2026-05-08T19:37:46.165,4.0996,1.2182,5.7810,0.0115,0.6958,-0.0142,-0.7180
2026-05-08T19:37:46.178,4.0355,1.2182,5.7830,0.0115,0.6987,-0.0141,-0.7152
2026-05-08T19:37:46.192,3.9646,1.2182,5.7851,0.0114,0.7013,-0.0141,-0.7126
2026-05-08T19:37:46.206,3.9025,1.2182,5.7861,0.0113,0.7027,-0.0141,-0.7112
2026-05-08T19:37:46.220,3.8298,1.2182,5.7870,0.0112,0.7027,-0.0142,-0.7113
2026-05-08T19:37:46.234,3.7605,1.2182,5.7878,0.0113,0.7027,-0.0142,-0.7113
2026-05-08T19:37:46.248,3.6922,1.2182,5.7887,0.0113,0.7027,-0.0143,-0.7113
2026-05-08T19:37:46.261,3.6206,1.2182,5.7896,0.0113,0.7026,-0.0143,-0.7113
2026-05-08T19:37:46.275,3.5538,1.2182,5.7904,0.0113,0.7026,-0.0144,-0.7114
2026-05-08T19:37:46.290,3.4881,1.2182,5.7912,0.0113,0.7025,-0.0143,-0.7114
2026-05-08T19:37:46.304,3.4165,1.2181,5.7921,0.0112,0.7024,-0.0143,-0.7115
2026-05-08T19:37:46.317,3.3457,1.2181,5.7931,0.0113,0.7025,-0.0143,-0.7114
2026-05-08T19:37:46.331,3.2751,1.2181,5.7939,0.0113,0.7025,-0.0143,-0.7114
2026-05-08T19:37:46.345,3.2107,1.2181,5.7948,0.0114,0.7026,-0.0143,-0.7114
2026-05-08T19:37:46.359,3.1417,1.2181,5.7956,0.0113,0.7026,-0.0142,-0.7113
2026-05-08T19:37:46.373,3.0731,1.2181,5.7965,0.0114,0.7026,-0.0142,-0.7113
2026-05-08T19:37:46.387,3.0047,1.2181,5.7973,0.0114,0.7027,-0.0142,-0.7112
2026-05-08T19:37:46.401,2.9334,1.2181,5.7981,0.0115,0.7027,-0.0142,-0.7112
2026-05-08T19:37:46.415,2.8655,1.2181,5.7989,0.0114,0.7027,-0.0141,-0.7112
2026-05-08T19:37:46.428,2.7966,1.2181,5.7997,0.0114,0.7027,-0.0142,-0.7113
2026-05-08T19:37:46.443,2.7280,1.2181,5.8006,0.0113,0.7026,-0.0142,-0.7113
2026-05-08T19:37:46.456,2.6595,1.2181,5.8014,0.0113,0.7026,-0.0143,-0.7113
2026-05-08T19:37:46.470,2.5904,1.2181,5.8022,0.0114,0.7026,-0.0143,-0.7113
2026-05-08T19:37:46.484,2.5264,1.2181,5.8030,0.0115,0.7027,-0.0143,-0.7113
2026-05-08T19:37:46.498,2.4524,1.2181,5.8038,0.0115,0.7027,-0.0144,-0.7113
2026-05-08T19:37:46.512,2.3854,1.2182,5.8046,0.0115,0.7026,-0.0144,-0.7113
2026-05-08T19:37:46.527,2.3157,1.2182,5.8055,0.0116,0.7027,-0.0145,-0.7113
2026-05-08T19:37:46.540,2.2451,1.2182,5.8063,0.0117,0.7027,-0.0146,-0.7112
2026-05-08T19:37:46.554,2.1766,1.2182,5.8071,0.0117,0.7027,-0.0146,-0.7112
2026-05-08T19:37:46.568,2.1100,1.2182,5.8079,0.0118,0.7028,-0.0147,-0.7112
2026-05-08T19:37:46.582,2.0404,1.2182,5.8087,0.0118,0.7027,-0.0147,-0.7112
2026-05-08T19:37:46.596,1.9715,1.2182,5.8095,0.0118,0.7028,-0.0148,-0.7112
2026-05-08T19:37:46.611,1.9046,1.2183,5.8102,0.0119,0.7027,-0.0148,-0.7112
2026-05-08T19:37:46.624,1.8306,1.2183,5.8110,0.0119,0.7027,-0.0149,-0.7112
2026-05-08T19:37:46.638,1.7622,1.2183,5.8118,0.0119,0.7027,-0.0148,-0.7112
2026-05-08T19:37:46.652,1.6988,1.2183,5.8125,0.0120,0.7027,-0.0148,-0.7112
2026-05-08T19:37:46.666,1.6283,1.2183,5.8133,0.0120,0.7027,-0.0148,-0.7112
2026-05-08T19:37:46.680,1.5575,1.2183,5.8141,0.0121,0.7027,-0.0148,-0.7112
2026-05-08T19:37:46.694,1.4872,1.2183,5.8149,0.0121,0.7027,-0.0148,-0.7112
2026-05-08T19:37:46.708,1.4194,1.2183,5.8157,0.0121,0.7027,-0.0148,-0.7112
2026-05-08T19:37:46.721,1.3530,1.2183,5.8165,0.0121,0.7027,-0.0148,-0.7113
2026-05-08T19:37:46.735,1.2799,1.2183,5.8174,0.0122,0.7027,-0.0148,-0.7113
2026-05-08T19:37:46.749,1.2163,1.2184,5.8181,0.0122,0.7027,-0.0149,-0.7112
2026-05-08T19:37:46.763,1.1454,1.2184,5.8189,0.0122,0.7027,-0.0149,-0.7112
2026-05-08T19:37:46.777,1.0809,1.2184,5.8196,0.0122,0.7009,-0.0150,-0.7130
2026-05-08T19:37:46.791,1.0139,1.2184,5.8204,0.0122,0.6987,-0.0150,-0.7152
2026-05-08T19:37:46.805,0.9480,1.2184,5.8219,0.0123,0.6961,-0.0151,-0.7177
2026-05-08T19:37:46.818,0.8877,1.2184,5.8237,0.0123,0.6928,-0.0151,-0.7209
2026-05-08T19:37:46.833,0.8242,1.2184,5.8258,0.0121,0.6887,-0.0152,-0.7248
2026-05-08T19:37:46.847,0.7696,1.2184,5.8285,0.0119,0.6847,-0.0153,-0.7285
2026-05-08T19:37:46.860,0.7085,1.2184,5.8323,0.0118,0.6792,-0.0154,-0.7337
2026-05-08T19:37:46.874,0.6593,1.2184,5.8353,0.0117,0.6740,-0.0156,-0.7385
2026-05-08T19:37:46.888,0.6185,1.2184,5.8390,0.0117,0.6682,-0.0157,-0.7437
2026-05-08T19:37:46.902,0.5748,1.2185,5.8436,0.0117,0.6614,-0.0159,-0.7498
2026-05-08T19:37:46.916,0.5362,1.2185,5.8475,0.0116,0.6549,-0.0160,-0.7555
2026-05-08T19:37:46.930,0.5004,1.2185,5.8526,0.0114,0.6468,-0.0162,-0.7624
2026-05-08T19:37:46.944,0.4751,1.2185,5.8567,0.0113,0.6398,-0.0163,-0.7683
2026-05-08T19:37:46.957,0.4506,1.2185,5.8612,0.0112,0.6320,-0.0165,-0.7747
2026-05-08T19:37:46.972,0.4282,1.2185,5.8647,0.0110,0.6236,-0.0167,-0.7815
2026-05-08T19:37:46.985,0.4097,1.2185,5.8689,0.0109,0.6163,-0.0168,-0.7873
2026-05-08T19:37:46.999,0.3877,1.2185,5.8743,0.0108,0.6072,-0.0169,-0.7943
2026-05-08T19:37:47.013,0.3706,1.2185,5.8777,0.0106,0.5995,-0.0170,-0.8001
2026-05-08T19:37:47.027,0.3542,1.2184,5.8825,0.0104,0.5913,-0.0172,-0.8062
2026-05-08T19:37:47.041,0.3379,1.2184,5.8876,0.0103,0.5826,-0.0173,-0.8125
2026-05-08T19:37:47.055,0.3220,1.2184,5.8918,0.0101,0.5742,-0.0174,-0.8185
2026-05-08T19:37:47.069,0.3059,1.2184,5.8977,0.0097,0.5653,-0.0175,-0.8247
2026-05-08T19:37:47.083,0.2909,1.2184,5.9035,0.0095,0.5568,-0.0176,-0.8304
2026-05-08T19:37:47.096,0.2741,1.2184,5.9104,0.0092,0.5472,-0.0178,-0.8368
2026-05-08T19:37:47.110,0.2590,1.2184,5.9157,0.0090,0.5386,-0.0180,-0.8423
2026-05-08T19:37:47.124,0.2444,1.2184,5.9224,0.0090,0.5301,-0.0181,-0.8477
2026-05-08T19:37:47.137,0.2292,1.2184,5.9297,0.0088,0.5209,-0.0183,-0.8534
2026-05-08T19:37:47.151,0.2144,1.2184,5.9361,0.0086,0.5123,-0.0184,-0.8586
2026-05-08T19:37:47.166,0.1979,1.2184,5.9450,0.0084,0.5035,-0.0185,-0.8638
2026-05-08T19:37:47.179,0.1771,1.2184,5.9568,0.0082,0.4947,-0.0186,-0.8688
2026-05-08T19:37:47.193,0.1508,1.2184,5.9712,0.0079,0.4855,-0.0187,-0.8740
2026-05-08T19:37:47.207,0.1214,1.2184,5.9895,0.0077,0.4780,-0.0188,-0.8781
2026-05-08T19:37:47.221,0.0873,1.2184,6.0116,0.0074,0.4699,-0.0189,-0.8825
2026-05-08T19:37:47.234,0.0535,1.2184,6.0333,0.0071,0.4623,-0.0190,-0.8865
2026-05-08T19:37:47.248,0.0180,1.2184,6.0581,0.0069,0.4550,-0.0190,-0.8903
2026-05-08T19:37:47.261,-0.0227,1.2184,6.0875,0.0068,0.4482,-0.0190,-0.8937
2026-05-08T19:37:47.276,-0.0628,1.2184,6.1165,0.0066,0.4418,-0.0191,-0.8969
2026-05-08T19:37:47.290,-0.1048,1.2184,6.1489,0.0065,0.4361,-0.0191,-0.8997
2026-05-08T19:37:47.304,-0.1519,1.2184,6.1861,0.0064,0.4301,-0.0191,-0.9026
2026-05-08T19:37:47.318,-0.1968,1.2184,6.2225,0.0062,0.4244,-0.0190,-0.9053
2026-05-08T19:37:47.334,-0.2432,1.2183,6.2603,0.0060,0.4193,-0.0191,-0.9076
2026-05-08T19:37:47.350,-0.2944,1.2183,6.3039,0.0057,0.4143,-0.0190,-0.9099
2026-05-08T19:37:47.367,-0.3480,1.2183,6.3506,0.0056,0.4100,-0.0191,-0.9119
2026-05-08T19:37:47.385,-0.4029,1.2183,6.3993,0.0057,0.4058,-0.0192,-0.9137
2026-05-08T19:37:47.399,-0.4704,1.2183,6.4603,0.0057,0.4018,-0.0192,-0.9155
2026-05-08T19:37:47.414,-0.5276,1.2183,6.5122,0.0056,0.3988,-0.0192,-0.9168
2026-05-08T19:37:47.429,-0.5798,1.2183,6.5609,0.0055,0.3966,-0.0192,-0.9178
2026-05-08T19:37:47.444,-0.6310,1.2183,6.6091,0.0054,0.3967,-0.0192,-0.9177
2026-05-08T19:37:47.459,-0.6848,1.2183,6.6598,0.0054,0.3969,-0.0191,-0.9176
2026-05-08T19:37:47.477,-0.7370,1.2183,6.7089,0.0053,0.3968,-0.0191,-0.9177
2026-05-08T19:37:47.494,-0.7939,1.2183,6.7623,0.0049,0.3966,-0.0190,-0.9178
2026-05-08T19:37:47.511,-0.8588,1.2183,6.8235,0.0050,0.3965,-0.0190,-0.9178
2026-05-08T19:37:47.527,-0.9230,1.2183,6.8839,0.0051,0.3965,-0.0191,-0.9178
2026-05-08T19:37:47.542,-0.9795,1.2183,6.9370,0.0052,0.3964,-0.0193,-0.9179
2026-05-08T19:37:47.557,-1.0406,1.2183,6.9946,0.0051,0.3963,-0.0193,-0.9179
2026-05-08T19:37:47.572,-1.0912,1.2183,7.0423,0.0050,0.3985,-0.0193,-0.9170
2026-05-08T19:37:47.589,-1.1474,1.2183,7.0947,0.0049,0.4021,-0.0193,-0.9154
2026-05-08T19:37:47.607,-1.1985,1.2183,7.1417,0.0049,0.4057,-0.0192,-0.9138
2026-05-08T19:37:47.624,-1.2620,1.2183,7.1991,0.0052,0.4108,-0.0193,-0.9115
2026-05-08T19:37:47.640,-1.3156,1.2183,7.2473,0.0054,0.4152,-0.0192,-0.9095
2026-05-08T19:37:47.655,-1.3764,1.2183,7.3001,0.0055,0.4202,-0.0192,-0.9072
2026-05-08T19:37:47.670,-1.4308,1.2182,7.3461,0.0055,0.4247,-0.0191,-0.9051
2026-05-08T19:37:47.687,-1.4828,1.2182,7.3893,0.0056,0.4290,-0.0192,-0.9031
2026-05-08T19:37:47.704,-1.5400,1.2182,7.4360,0.0057,0.4336,-0.0191,-0.9009
2026-05-08T19:37:47.721,-1.5992,1.2182,7.4840,0.0057,0.4383,-0.0191,-0.8986
2026-05-08T19:37:47.737,-1.6613,1.2182,7.5325,0.0057,0.4434,-0.0191,-0.8961
2026-05-08T19:37:47.752,-1.7191,1.2183,7.5766,0.0059,0.4485,-0.0190,-0.8936
2026-05-08T19:37:47.767,-1.7731,1.2183,7.6168,0.0060,0.4536,-0.0191,-0.8910
2026-05-08T19:37:47.783,-1.8252,1.2183,7.6548,0.0062,0.4588,-0.0191,-0.8883
2026-05-08T19:37:47.801,-1.8833,1.2183,7.6968,0.0063,0.4646,-0.0192,-0.8853
2026-05-08T19:37:47.817,-1.9374,1.2183,7.7342,0.0064,0.4705,-0.0192,-0.8821
2026-05-08T19:37:47.833,-1.9992,1.2183,7.7757,0.0067,0.4773,-0.0192,-0.8785
2026-05-08T19:37:47.848,-2.0549,1.2183,7.8118,0.0068,0.4836,-0.0192,-0.8751
2026-05-08T19:37:47.863,-2.1100,1.2183,7.8464,0.0069,0.4897,-0.0191,-0.8716
2026-05-08T19:37:47.879,-2.1601,1.2183,7.8778,0.0070,0.4956,-0.0191,-0.8683
2026-05-08T19:37:47.898,-2.2108,1.2183,7.9078,0.0069,0.5016,-0.0190,-0.8648
2026-05-08T19:37:47.916,-2.2680,1.2183,7.9406,0.0070,0.5088,-0.0189,-0.8607
2026-05-08T19:37:47.933,-2.3313,1.2183,7.9755,0.0072,0.5168,-0.0188,-0.8559
2026-05-08T19:37:47.948,-2.3906,1.2183,8.0067,0.0074,0.5248,-0.0187,-0.8510
2026-05-08T19:37:47.963,-2.4481,1.2183,8.0356,0.0077,0.5325,-0.0186,-0.8462
2026-05-08T19:37:47.980,-2.4951,1.2183,8.0592,0.0077,0.5391,-0.0185,-0.8420
2026-05-08T19:37:47.997,-2.5431,1.2183,8.0813,0.0079,0.5467,-0.0185,-0.8371
2026-05-08T19:37:48.014,-2.5930,1.2183,8.1032,0.0080,0.5549,-0.0184,-0.8317
2026-05-08T19:37:48.030,-2.6437,1.2183,8.1242,0.0087,0.5638,-0.0179,-0.8257
2026-05-08T19:37:48.044,-2.6929,1.2183,8.1435,0.0089,0.5726,-0.0177,-0.8196
2026-05-08T19:37:48.059,-2.7393,1.2183,8.1605,0.0088,0.5813,-0.0178,-0.8135
2026-05-08T19:37:48.076,-2.7779,1.2182,8.1749,0.0086,0.5887,-0.0181,-0.8081
2026-05-08T19:37:48.093,-2.8194,1.2182,8.1883,0.0077,0.5971,-0.0181,-0.8020
2026-05-08T19:37:48.111,-2.8634,1.2181,8.2014,0.0074,0.6064,-0.0186,-0.7949
2026-05-08T19:37:48.127,-2.9101,1.2181,8.2140,0.0067,0.6161,-0.0192,-0.7874
2026-05-08T19:37:48.142,-2.9573,1.2181,8.2256,0.0069,0.6258,-0.0193,-0.7797
2026-05-08T19:37:48.158,-2.9980,1.2182,8.2358,0.0077,0.6341,-0.0194,-0.7730
2026-05-08T19:37:48.174,-3.0374,1.2182,8.2436,0.0083,0.6424,-0.0193,-0.7661
2026-05-08T19:37:48.189,-3.0785,1.2183,8.2508,0.0089,0.6510,-0.0194,-0.7588
2026-05-08T19:37:48.204,-3.1177,1.2183,8.2567,0.0093,0.6595,-0.0192,-0.7514
2026-05-08T19:37:48.219,-3.1534,1.2183,8.2612,0.0097,0.6675,-0.0192,-0.7443
2026-05-08T19:37:48.234,-3.1882,1.2183,8.2660,0.0097,0.6753,-0.0194,-0.7373
2026-05-08T19:37:48.249,-3.2211,1.2183,8.2689,0.0098,0.6827,-0.0196,-0.7303
2026-05-08T19:37:48.263,-3.2575,1.2183,8.2713,0.0100,0.6909,-0.0194,-0.7227
2026-05-08T19:37:48.277,-3.2877,1.2183,8.2739,0.0102,0.6982,-0.0195,-0.7156
2026-05-08T19:37:48.292,-3.3196,1.2183,8.2746,0.0106,0.7057,-0.0195,-0.7081
2026-05-08T19:37:48.307,-3.3497,1.2183,8.2747,0.0107,0.7130,-0.0195,-0.7008
2026-05-08T19:37:48.322,-3.3800,1.2183,8.2742,0.0111,0.7204,-0.0195,-0.6932
2026-05-08T19:37:48.338,-3.4099,1.2183,8.2742,0.0113,0.7278,-0.0195,-0.6854
2026-05-08T19:37:48.354,-3.4392,1.2183,8.2724,0.0115,0.7350,-0.0195,-0.6777
2026-05-08T19:37:48.370,-3.4739,1.2182,8.2696,0.0115,0.7433,-0.0194,-0.6686
2026-05-08T19:37:48.384,-3.5056,1.2182,8.2663,0.0116,0.7508,-0.0194,-0.6602
2026-05-08T19:37:48.399,-3.5368,1.2182,8.2623,0.0116,0.7581,-0.0193,-0.6518
2026-05-08T19:37:48.413,-3.5647,1.2182,8.2593,0.0118,0.7645,-0.0192,-0.6442
2026-05-08T19:37:48.428,-3.5946,1.2182,8.2542,0.0120,0.7714,-0.0189,-0.6360
2026-05-08T19:37:48.442,-3.6221,1.2182,8.2489,0.0121,0.7777,-0.0189,-0.6283
2026-05-08T19:37:48.458,-3.6517,1.2181,8.2437,0.0122,0.7844,-0.0186,-0.6199
2026-05-08T19:37:48.474,-3.6786,1.2181,8.2374,0.0121,0.7904,-0.0187,-0.6122
2026-05-08T19:37:48.490,-3.7103,1.2181,8.2293,0.0123,0.7974,-0.0184,-0.6030
2026-05-08T19:37:48.506,-3.7404,1.2181,8.2209,0.0124,0.8041,-0.0181,-0.5941
2026-05-08T19:37:48.522,-3.7733,1.2180,8.2109,0.0125,0.8112,-0.0180,-0.5843
2026-05-08T19:37:48.536,-3.8039,1.2180,8.2022,0.0124,0.8178,-0.0178,-0.5751
2026-05-08T19:37:48.550,-3.8334,1.2180,8.1917,0.0125,0.8241,-0.0177,-0.5660
2026-05-08T19:37:48.566,-3.8638,1.2180,8.1801,0.0125,0.8297,-0.0174,-0.5578
2026-05-08T19:37:48.579,-3.8940,1.2179,8.1680,0.0126,0.8349,-0.0172,-0.5500
2026-05-08T19:37:48.595,-3.9290,1.2179,8.1542,0.0127,0.8407,-0.0170,-0.5412
2026-05-08T19:37:48.609,-3.9599,1.2178,8.1403,0.0127,0.8454,-0.0168,-0.5338
2026-05-08T19:37:48.625,-3.9980,1.2176,8.1223,0.0126,0.8509,-0.0166,-0.5249
2026-05-08T19:37:48.640,-4.0333,1.2176,8.1048,0.0125,0.8555,-0.0164,-0.5174
2026-05-08T19:37:48.655,-4.0753,1.2175,8.0840,0.0126,0.8607,-0.0161,-0.5086
2026-05-08T19:37:48.671,-4.1118,1.2175,8.0641,0.0125,0.8652,-0.0160,-0.5010
2026-05-08T19:37:48.686,-4.1529,1.2176,8.0406,0.0125,0.8699,-0.0158,-0.4928
2026-05-08T19:37:48.702,-4.1991,1.2176,8.0131,0.0126,0.8749,-0.0155,-0.4839
2026-05-08T19:37:48.717,-4.2456,1.2175,7.9853,0.0126,0.8786,-0.0155,-0.4772
2026-05-08T19:37:48.733,-4.2989,1.2175,7.9509,0.0124,0.8823,-0.0155,-0.4703
2026-05-08T19:37:48.747,-4.3505,1.2175,7.9164,0.0124,0.8850,-0.0153,-0.4652
2026-05-08T19:37:48.760,-4.4097,1.2175,7.8758,0.0124,0.8876,-0.0152,-0.4602
2026-05-08T19:37:48.775,-4.4595,1.2175,7.8416,0.0123,0.8895,-0.0152,-0.4565
2026-05-08T19:37:48.789,-4.5110,1.2175,7.8048,0.0122,0.8913,-0.0150,-0.4529
2026-05-08T19:37:48.804,-4.5653,1.2175,7.7653,0.0120,0.8932,-0.0149,-0.4492
2026-05-08T19:37:48.818,-4.6210,1.2175,7.7240,0.0118,0.8949,-0.0150,-0.4459
2026-05-08T19:37:48.833,-4.6769,1.2175,7.6826,0.0117,0.8965,-0.0151,-0.4427
2026-05-08T19:37:48.846,-4.7294,1.2175,7.6425,0.0118,0.8980,-0.0149,-0.4397
2026-05-08T19:37:48.859,-4.7845,1.2175,7.5999,0.0117,0.8994,-0.0148,-0.4367
2026-05-08T19:37:48.873,-4.8332,1.2175,7.5622,0.0117,0.9006,-0.0147,-0.4342
2026-05-08T19:37:48.887,-4.8824,1.2175,7.5231,0.0116,0.9019,-0.0146,-0.4315
2026-05-08T19:37:48.901,-4.9342,1.2175,7.4814,0.0117,0.9031,-0.0146,-0.4290
2026-05-08T19:37:48.916,-4.9869,1.2174,7.4390,0.0115,0.9044,-0.0145,-0.4262
2026-05-08T19:37:48.930,-5.0430,1.2175,7.3928,0.0115,0.9056,-0.0144,-0.4237
2026-05-08T19:37:48.943,-5.0952,1.2175,7.3493,0.0115,0.9067,-0.0143,-0.4214
2026-05-08T19:37:48.956,-5.1494,1.2175,7.3036,0.0115,0.9077,-0.0143,-0.4193
2026-05-08T19:37:48.970,-5.1974,1.2175,7.2632,0.0115,0.9077,-0.0142,-0.4193
2026-05-08T19:37:48.983,-5.2461,1.2175,7.2218,0.0113,0.9077,-0.0141,-0.4193
2026-05-08T19:37:48.997,-5.2993,1.2174,7.1765,0.0110,0.9076,-0.0139,-0.4194
2026-05-08T19:37:49.012,-5.3499,1.2174,7.1334,0.0109,0.9076,-0.0138,-0.4195
2026-05-08T19:37:49.026,-5.4030,1.2174,7.0883,0.0109,0.9075,-0.0140,-0.4197
2026-05-08T19:37:49.040,-5.4589,1.2174,7.0408,0.0108,0.9075,-0.0140,-0.4197
2026-05-08T19:37:49.054,-5.5118,1.2174,6.9959,0.0109,0.9075,-0.0140,-0.4197
2026-05-08T19:37:49.068,-5.5630,1.2174,6.9524,0.0108,0.9075,-0.0140,-0.4197
2026-05-08T19:37:49.081,-5.6169,1.2174,6.9065,0.0109,0.9074,-0.0140,-0.4198
2026-05-08T19:37:49.095,-5.6699,1.2175,6.8615,0.0109,0.9074,-0.0141,-0.4199
2026-05-08T19:37:49.110,-5.7192,1.2175,6.8196,0.0110,0.9074,-0.0141,-0.4200
2026-05-08T19:37:49.123,-5.7746,1.2175,6.7725,0.0110,0.9073,-0.0141,-0.4200
2026-05-08T19:37:49.137,-5.8279,1.2175,6.7273,0.0112,0.9073,-0.0141,-0.4201
2026-05-08T19:37:49.151,-5.8787,1.2175,6.6841,0.0112,0.9073,-0.0142,-0.4201
2026-05-08T19:37:49.166,-5.9318,1.2175,6.6390,0.0113,0.9073,-0.0142,-0.4201
2026-05-08T19:37:49.179,-5.9830,1.2175,6.5955,0.0113,0.9073,-0.0142,-0.4201
2026-05-08T19:37:49.193,-6.0383,1.2175,6.5486,0.0114,0.9073,-0.0142,-0.4201
2026-05-08T19:37:49.207,-6.0932,1.2175,6.5021,0.0114,0.9073,-0.0143,-0.4201
2026-05-08T19:37:49.221,-6.1432,1.2176,6.4596,0.0115,0.9073,-0.0143,-0.4201
2026-05-08T19:37:49.235,-6.1967,1.2176,6.4142,0.0115,0.9073,-0.0142,-0.4201
2026-05-08T19:37:49.250,-6.2481,1.2176,6.3705,0.0115,0.9072,-0.0142,-0.4203
2026-05-08T19:37:49.262,-6.3078,1.2176,6.3199,0.0115,0.9072,-0.0142,-0.4203
2026-05-08T19:37:49.276,-6.3576,1.2176,6.2776,0.0115,0.9071,-0.0141,-0.4205
2026-05-08T19:37:49.290,-6.4047,1.2176,6.2377,0.0114,0.9071,-0.0140,-0.4206
2026-05-08T19:37:49.305,-6.4567,1.2176,6.1936,0.0113,0.9070,-0.0140,-0.4207
2026-05-08T19:37:49.318,-6.5126,1.2176,6.1462,0.0114,0.9070,-0.0140,-0.4207
2026-05-08T19:37:49.332,-6.5673,1.2176,6.0999,0.0114,0.9070,-0.0139,-0.4207
2026-05-08T19:37:49.346,-6.6168,1.2177,6.0579,0.0115,0.9070,-0.0138,-0.4207
2026-05-08T19:37:49.360,-6.6730,1.2177,6.0102,0.0116,0.9070,-0.0138,-0.4207
2026-05-08T19:37:49.374,-6.7249,1.2178,5.9662,0.0117,0.9071,-0.0137,-0.4205
2026-05-08T19:37:49.388,-6.7742,1.2178,5.9244,0.0119,0.9072,-0.0137,-0.4204
2026-05-08T19:37:49.401,-6.8278,1.2178,5.8788,0.0121,0.9088,-0.0137,-0.4168
2026-05-08T19:37:49.416,-6.8756,1.2178,5.8381,0.0122,0.9105,-0.0135,-0.4130
2026-05-08T19:37:49.430,-6.9249,1.2178,5.7948,0.0123,0.9124,-0.0134,-0.4089
2026-05-08T19:37:49.444,-6.9726,1.2178,5.7522,0.0125,0.9142,-0.0134,-0.4048
2026-05-08T19:37:49.457,-7.0184,1.2179,5.7105,0.0126,0.9162,-0.0134,-0.4003
2026-05-08T19:37:49.472,-7.0643,1.2179,5.6686,0.0127,0.9183,-0.0133,-0.3954
2026-05-08T19:37:49.485,-7.1047,1.2180,5.6303,0.0128,0.9206,-0.0133,-0.3902
2026-05-08T19:37:49.499,-7.1461,1.2180,5.5901,0.0131,0.9229,-0.0132,-0.3845
2026-05-08T19:37:49.513,-7.1833,1.2181,5.5541,0.0132,0.9253,-0.0132,-0.3788
2026-05-08T19:37:49.527,-7.2233,1.2181,5.5134,0.0133,0.9279,-0.0130,-0.3723
2026-05-08T19:37:49.540,-7.2604,1.2181,5.4746,0.0133,0.9305,-0.0129,-0.3658
2026-05-08T19:37:49.555,-7.2955,1.2181,5.4379,0.0134,0.9330,-0.0128,-0.3593
2026-05-08T19:37:49.569,-7.3290,1.2181,5.4009,0.0135,0.9355,-0.0125,-0.3530
2026-05-08T19:37:49.583,-7.3641,1.2181,5.3609,0.0135,0.9380,-0.0124,-0.3461
2026-05-08T19:37:49.596,-7.4009,1.2180,5.3179,0.0136,0.9407,-0.0122,-0.3386
2026-05-08T19:37:49.610,-7.4337,1.2180,5.2794,0.0137,0.9431,-0.0121,-0.3319
2026-05-08T19:37:49.624,-7.4650,1.2180,5.2405,0.0137,0.9454,-0.0119,-0.3253
2026-05-08T19:37:49.637,-7.4965,1.2180,5.2000,0.0138,0.9477,-0.0118,-0.3185
2026-05-08T19:37:49.651,-7.5281,1.2180,5.1596,0.0139,0.9500,-0.0117,-0.3116
2026-05-08T19:37:49.666,-7.5581,1.2180,5.1187,0.0139,0.9522,-0.0116,-0.3048
2026-05-08T19:37:49.679,-7.5883,1.2180,5.0763,0.0140,0.9544,-0.0115,-0.2979
2026-05-08T19:37:49.693,-7.6211,1.2180,5.0303,0.0141,0.9568,-0.0114,-0.2903
2026-05-08T19:37:49.707,-7.6469,1.2180,4.9917,0.0142,0.9586,-0.0114,-0.2841
2026-05-08T19:37:49.721,-7.6764,1.2181,4.9463,0.0144,0.9608,-0.0112,-0.2768
2026-05-08T19:37:49.735,-7.7042,1.2181,4.9034,0.0147,0.9627,-0.0111,-0.2699
2026-05-08T19:37:49.749,-7.7308,1.2181,4.8598,0.0148,0.9646,-0.0110,-0.2630
2026-05-08T19:37:49.763,-7.7580,1.2181,4.8136,0.0150,0.9666,-0.0110,-0.2557
2026-05-08T19:37:49.776,-7.7831,1.2181,4.7695,0.0151,0.9684,-0.0109,-0.2489
2026-05-08T19:37:49.790,-7.8095,1.2181,4.7231,0.0153,0.9702,-0.0108,-0.2417
2026-05-08T19:37:49.804,-7.8332,1.2181,4.6785,0.0153,0.9718,-0.0107,-0.2351
2026-05-08T19:37:49.818,-7.8583,1.2181,4.6295,0.0155,0.9734,-0.0106,-0.2282
2026-05-08T19:37:49.832,-7.8828,1.2181,4.5820,0.0156,0.9750,-0.0105,-0.2216
2026-05-08T19:37:49.845,-7.9055,1.2181,4.5345,0.0156,0.9764,-0.0104,-0.2151
2026-05-08T19:37:49.858,-7.9303,1.2181,4.4810,0.0157,0.9780,-0.0104,-0.2079
2026-05-08T19:37:49.872,-7.9509,1.2181,4.4367,0.0156,0.9792,-0.0103,-0.2018
2026-05-08T19:37:49.886,-7.9712,1.2181,4.3897,0.0156,0.9805,-0.0101,-0.1956
2026-05-08T19:37:49.899,-7.9922,1.2180,4.3392,0.0156,0.9818,-0.0100,-0.1888
2026-05-08T19:37:49.914,-8.0118,1.2180,4.2921,0.0156,0.9830,-0.0099,-0.1825
2026-05-08T19:37:49.929,-8.0317,1.2179,4.2402,0.0156,0.9843,-0.0097,-0.1757
2026-05-08T19:37:49.943,-8.0509,1.2179,4.1883,0.0157,0.9855,-0.0097,-0.1689
2026-05-08T19:37:49.957,-8.0707,1.2179,4.1322,0.0157,0.9867,-0.0095,-0.1613
2026-05-08T19:37:49.972,-8.0889,1.2179,4.0807,0.0158,0.9879,-0.0094,-0.1541
2026-05-08T19:37:49.985,-8.1052,1.2179,4.0300,0.0159,0.9890,-0.0093,-0.1470
2026-05-08T19:37:50.000,-8.1218,1.2179,3.9755,0.0158,0.9901,-0.0092,-0.1391
2026-05-08T19:37:50.014,-8.1355,1.2178,3.9306,0.0159,0.9910,-0.0090,-0.1325
2026-05-08T19:37:50.028,-8.1497,1.2178,3.8786,0.0160,0.9920,-0.0089,-0.1245
2026-05-08T19:37:50.043,-8.1625,1.2178,3.8290,0.0161,0.9930,-0.0089,-0.1167
2026-05-08T19:37:50.058,-8.1750,1.2178,3.7800,0.0162,0.9939,-0.0088,-0.1090
2026-05-08T19:37:50.074,-8.1861,1.2178,3.7306,0.0161,0.9947,-0.0087,-0.1009
2026-05-08T19:37:50.091,-8.1966,1.2177,3.6796,0.0160,0.9955,-0.0087,-0.0926
2026-05-08T19:37:50.107,-8.2071,1.2177,3.6241,0.0160,0.9964,-0.0086,-0.0833
2026-05-08T19:37:50.122,-8.2168,1.2176,3.5665,0.0161,0.9971,-0.0085,-0.0737
2026-05-08T19:37:50.138,-8.2260,1.2176,3.5118,0.0162,0.9978,-0.0083,-0.0644
2026-05-08T19:37:50.153,-8.2325,1.2176,3.4623,0.0163,0.9983,-0.0083,-0.0559
2026-05-08T19:37:50.169,-8.2383,1.2176,3.4115,0.0164,0.9987,-0.0082,-0.0469
2026-05-08T19:37:50.185,-8.2429,1.2176,3.3626,0.0164,0.9991,-0.0082,-0.0378
2026-05-08T19:37:50.202,-8.2470,1.2175,3.3099,0.0165,0.9994,-0.0081,-0.0277
2026-05-08T19:37:50.220,-8.2507,1.2175,3.2613,0.0167,0.9997,-0.0079,-0.0179
2026-05-08T19:37:50.238,-8.2525,1.2175,3.2087,0.0168,0.9998,-0.0076,-0.0070
2026-05-08T19:37:50.254,-8.2533,1.2174,3.1578,0.0169,0.9998,-0.0073,0.0040
2026-05-08T19:37:50.271,-8.2529,1.2174,3.1044,0.0170,0.9997,-0.0072,0.0154
2026-05-08T19:37:50.288,-8.2514,1.2174,3.0557,0.0170,0.9995,-0.0070,0.0261
2026-05-08T19:37:50.306,-8.2489,1.2174,3.0069,0.0171,0.9991,-0.0068,0.0374
2026-05-08T19:37:50.323,-8.2467,1.2174,2.9610,0.0171,0.9987,-0.0066,0.0483
2026-05-08T19:37:50.341,-8.2420,1.2174,2.9118,0.0172,0.9980,-0.0065,0.0598
2026-05-08T19:37:50.358,-8.2363,1.2174,2.8643,0.0172,0.9973,-0.0064,0.0710
2026-05-08T19:37:50.376,-8.2295,1.2174,2.8165,0.0174,0.9964,-0.0062,0.0826
2026-05-08T19:37:50.393,-8.2221,1.2174,2.7721,0.0176,0.9955,-0.0059,0.0934
2026-05-08T19:37:50.411,-8.2131,1.2175,2.7247,0.0178,0.9943,-0.0057,0.1052
2026-05-08T19:37:50.429,-8.2022,1.2175,2.6743,0.0179,0.9928,-0.0054,0.1185
2026-05-08T19:37:50.446,-8.1924,1.2175,2.6339,0.0181,0.9914,-0.0052,0.1292
2026-05-08T19:37:50.464,-8.1807,1.2175,2.5898,0.0181,0.9898,-0.0051,0.1412
2026-05-08T19:37:50.482,-8.1703,1.2175,2.5493,0.0182,0.9881,-0.0048,0.1526
2026-05-08T19:37:50.500,-8.1566,1.2175,2.5059,0.0183,0.9861,-0.0046,0.1652
2026-05-08T19:37:50.517,-8.1425,1.2175,2.4646,0.0181,0.9840,-0.0043,0.1772
2026-05-08T19:37:50.535,-8.1274,1.2175,2.4239,0.0181,0.9818,-0.0042,0.1891
2026-05-08T19:37:50.553,-8.1115,1.2175,2.3842,0.0182,0.9795,-0.0039,0.2007
2026-05-08T19:37:50.572,-8.0937,1.2175,2.3427,0.0184,0.9768,-0.0037,0.2133
2026-05-08T19:37:50.591,-8.0764,1.2175,2.3050,0.0184,0.9742,-0.0035,0.2248
2026-05-08T19:37:50.607,-8.0550,1.2175,2.2615,0.0185,0.9711,-0.0032,0.2381
2026-05-08T19:37:50.624,-8.0348,1.2175,2.2230,0.0185,0.9681,-0.0030,0.2499
2026-05-08T19:37:50.641,-8.0168,1.2175,2.1880,0.0186,0.9652,-0.0027,0.2608
2026-05-08T19:37:50.658,-7.9959,1.2175,2.1522,0.0186,0.9621,-0.0024,0.2722
2026-05-08T19:37:50.677,-7.9743,1.2175,2.1171,0.0187,0.9588,-0.0022,0.2833
2026-05-08T19:37:50.695,-7.9503,1.2175,2.0801,0.0188,0.9553,-0.0020,0.2951
2026-05-08T19:37:50.713,-7.9254,1.2175,2.0437,0.0189,0.9515,-0.0017,0.3069
2026-05-08T19:37:50.731,-7.8983,1.2176,2.0060,0.0190,0.9476,-0.0014,0.3190
2026-05-08T19:37:50.749,-7.8710,1.2176,1.9699,0.0190,0.9437,-0.0012,0.3304
2026-05-08T19:37:50.766,-7.8418,1.2176,1.9334,0.0189,0.9396,-0.0010,0.3417
2026-05-08T19:37:50.782,-7.8126,1.2176,1.8986,0.0191,0.9356,-0.0008,0.3525
2026-05-08T19:37:50.799,-7.7835,1.2176,1.8637,0.0192,0.9316,-0.0005,0.3630
2026-05-08T19:37:50.816,-7.7526,1.2177,1.8301,0.0193,0.9276,-0.0002,0.3731
2026-05-08T19:37:50.832,-7.7181,1.2177,1.7942,0.0194,0.9232,0.0000,0.3838
2026-05-08T19:37:50.848,-7.6877,1.2177,1.7640,0.0194,0.9194,0.0001,0.3929
2026-05-08T19:37:50.864,-7.6502,1.2176,1.7281,0.0194,0.9146,0.0004,0.4039
2026-05-08T19:37:50.881,-7.6218,1.2176,1.7006,0.0194,0.9108,0.0006,0.4123
2026-05-08T19:37:50.898,-7.5869,1.2176,1.6700,0.0194,0.9064,0.0008,0.4219
2026-05-08T19:37:50.915,-7.5495,1.2177,1.6384,0.0193,0.9018,0.0010,0.4317
2026-05-08T19:37:50.932,-7.5113,1.2176,1.6076,0.0192,0.8971,0.0011,0.4415
2026-05-08T19:37:50.948,-7.4716,1.2176,1.5770,0.0191,0.8921,0.0013,0.4514
2026-05-08T19:37:50.964,-7.4321,1.2176,1.5479,0.0191,0.8872,0.0017,0.4610
2026-05-08T19:37:50.982,-7.3947,1.2176,1.5203,0.0190,0.8825,0.0018,0.4698
2026-05-08T19:37:50.998,-7.3541,1.2176,1.4929,0.0189,0.8776,0.0019,0.4790
2026-05-08T19:37:51.015,-7.3112,1.2177,1.4654,0.0190,0.8723,0.0020,0.4885
2026-05-08T19:37:51.031,-7.2701,1.2177,1.4402,0.0190,0.8673,0.0022,0.4974
2026-05-08T19:37:51.046,-7.2257,1.2177,1.4142,0.0190,0.8619,0.0025,0.5068
2026-05-08T19:37:51.062,-7.1846,1.2177,1.3913,0.0189,0.8568,0.0027,0.5153
2026-05-08T19:37:51.079,-7.1446,1.2177,1.3689,0.0189,0.8519,0.0030,0.5234
2026-05-08T19:37:51.095,-7.0988,1.2177,1.3456,0.0189,0.8465,0.0032,0.5320
2026-05-08T19:37:51.111,-7.0529,1.2177,1.3235,0.0189,0.8413,0.0033,0.5403
2026-05-08T19:37:51.126,-7.0040,1.2177,1.3011,0.0188,0.8359,0.0034,0.5486
2026-05-08T19:37:51.141,-6.9564,1.2177,1.2804,0.0187,0.8310,0.0036,0.5560
2026-05-08T19:37:51.156,-6.9063,1.2177,1.2587,0.0186,0.8261,0.0037,0.5631
2026-05-08T19:37:51.173,-6.8573,1.2177,1.2394,0.0186,0.8217,0.0039,0.5696
2026-05-08T19:37:51.189,-6.8022,1.2177,1.2188,0.0185,0.8170,0.0040,0.5764
2026-05-08T19:37:51.207,-6.7374,1.2177,1.1957,0.0184,0.8125,0.0042,0.5826
2026-05-08T19:37:51.224,-6.6741,1.2177,1.1743,0.0182,0.8088,0.0043,0.5878
2026-05-08T19:37:51.240,-6.6014,1.2176,1.1500,0.0181,0.8047,0.0044,0.5933
2026-05-08T19:37:51.255,-6.5304,1.2176,1.1281,0.0180,0.8009,0.0046,0.5985
2026-05-08T19:37:51.272,-6.4617,1.2176,1.1078,0.0180,0.7974,0.0048,0.6032
2026-05-08T19:37:51.288,-6.3947,1.2176,1.0888,0.0180,0.7941,0.0049,0.6075
2026-05-08T19:37:51.303,-6.3226,1.2176,1.0693,0.0180,0.7907,0.0050,0.6119
2026-05-08T19:37:51.319,-6.2532,1.2177,1.0507,0.0179,0.7877,0.0051,0.6158
2026-05-08T19:37:51.336,-6.1851,1.2177,1.0337,0.0178,0.7848,0.0052,0.6195
2026-05-08T19:37:51.352,-6.1119,1.2177,1.0162,0.0177,0.7817,0.0054,0.6234
2026-05-08T19:37:51.367,-6.0358,1.2177,0.9988,0.0177,0.7784,0.0055,0.6275
2026-05-08T19:37:51.382,-5.9652,1.2177,0.9835,0.0177,0.7753,0.0056,0.6313
2026-05-08T19:37:51.398,-5.8960,1.2177,0.9686,0.0176,0.7724,0.0055,0.6348
2026-05-08T19:37:51.413,-5.8289,1.2176,0.9553,0.0174,0.7703,0.0052,0.6375
2026-05-08T19:37:51.430,-5.7530,1.2176,0.9408,0.0174,0.7677,0.0054,0.6405
2026-05-08T19:37:51.446,-5.6829,1.2177,0.9280,0.0173,0.7656,0.0054,0.6430
2026-05-08T19:37:51.462,-5.6026,1.2177,0.9139,0.0173,0.7630,0.0055,0.6461
2026-05-08T19:37:51.478,-5.5289,1.2177,0.9011,0.0173,0.7607,0.0056,0.6489
2026-05-08T19:37:51.496,-5.4542,1.2177,0.8891,0.0173,0.7582,0.0055,0.6517
2026-05-08T19:37:51.511,-5.3744,1.2177,0.8769,0.0173,0.7557,0.0055,0.6547
2026-05-08T19:37:51.527,-5.2915,1.2177,0.8650,0.0171,0.7529,0.0056,0.6578
2026-05-08T19:37:51.542,-5.2216,1.2177,0.8555,0.0170,0.7506,0.0057,0.6605
2026-05-08T19:37:51.558,-5.1466,1.2177,0.8454,0.0169,0.7479,0.0057,0.6635
2026-05-08T19:37:51.573,-5.0790,1.2177,0.8373,0.0168,0.7455,0.0057,0.6663
2026-05-08T19:37:51.590,-5.0019,1.2177,0.8286,0.0168,0.7425,0.0058,0.6696
2026-05-08T19:37:51.607,-4.9320,1.2176,0.8214,0.0167,0.7396,0.0058,0.6729
2026-05-08T19:37:51.621,-4.8527,1.2176,0.8138,0.0167,0.7360,0.0058,0.6767
2026-05-08T19:37:51.637,-4.7784,1.2176,0.8069,0.0166,0.7329,0.0059,0.6801
2026-05-08T19:37:51.652,-4.7104,1.2176,0.8018,0.0165,0.7299,0.0059,0.6833
2026-05-08T19:37:51.667,-4.6356,1.2176,0.7968,0.0165,0.7267,0.0059,0.6867
2026-05-08T19:37:51.681,-4.5699,1.2176,0.7931,0.0164,0.7238,0.0060,0.6898
2026-05-08T19:37:51.696,-4.4981,1.2176,0.7891,0.0164,0.7207,0.0061,0.6931
2026-05-08T19:37:51.712,-4.4337,1.2176,0.7865,0.0165,0.7178,0.0062,0.6960
2026-05-08T19:37:51.729,-4.3631,1.2176,0.7843,0.0165,0.7146,0.0065,0.6993
2026-05-08T19:37:51.746,-4.2910,1.2176,0.7827,0.0165,0.7114,0.0065,0.7026
2026-05-08T19:37:51.761,-4.2077,1.2176,0.7816,0.0164,0.7076,0.0066,0.7064
2026-05-08T19:37:51.776,-4.1342,1.2176,0.7809,0.0163,0.7043,0.0067,0.7097
2026-05-08T19:37:51.791,-4.0667,1.2176,0.7813,0.0162,0.7012,0.0066,0.7128
2026-05-08T19:37:51.806,-3.9936,1.2176,0.7824,0.0161,0.6979,0.0066,0.7160
2026-05-08T19:37:51.820,-3.9249,1.2176,0.7842,0.0160,0.6947,0.0066,0.7191
2026-05-08T19:37:51.835,-3.8566,1.2176,0.7860,0.0160,0.6917,0.0066,0.7219
2026-05-08T19:37:51.850,-3.7922,1.2176,0.7887,0.0159,0.6891,0.0065,0.7244
2026-05-08T19:37:51.867,-3.7166,1.2176,0.7924,0.0158,0.6862,0.0065,0.7272
2026-05-08T19:37:51.884,-3.6485,1.2176,0.7963,0.0157,0.6836,0.0064,0.7296
2026-05-08T19:37:51.900,-3.5620,1.2176,0.8015,0.0156,0.6805,0.0064,0.7325
2026-05-08T19:37:51.915,-3.4858,1.2175,0.8071,0.0155,0.6780,0.0064,0.7349
2026-05-08T19:37:51.930,-3.4098,1.2175,0.8132,0.0155,0.6757,0.0063,0.7370
2026-05-08T19:37:51.945,-3.3394,1.2175,0.8192,0.0154,0.6737,0.0063,0.7389
2026-05-08T19:37:51.959,-3.2632,1.2175,0.8262,0.0154,0.6718,0.0064,0.7406
2026-05-08T19:37:51.974,-3.1930,1.2175,0.8327,0.0153,0.6718,0.0063,0.7406
2026-05-08T19:37:51.989,-3.1215,1.2175,0.8396,0.0153,0.6718,0.0063,0.7406
2026-05-08T19:37:52.005,-3.0476,1.2175,0.8468,0.0153,0.6718,0.0063,0.7406
2026-05-08T19:37:52.020,-2.9709,1.2175,0.8543,0.0153,0.6718,0.0063,0.7406
2026-05-08T19:37:52.034,-2.8924,1.2175,0.8619,0.0153,0.6717,0.0063,0.7406
2026-05-08T19:37:52.048,-2.8187,1.2174,0.8690,0.0152,0.6718,0.0061,0.7405
2026-05-08T19:37:52.061,-2.7412,1.2174,0.8765,0.0151,0.6719,0.0059,0.7405
2026-05-08T19:37:52.075,-2.6824,1.2174,0.8822,0.0152,0.6720,0.0058,0.7404
2026-05-08T19:37:52.090,-2.6129,1.2174,0.8889,0.0152,0.6720,0.0057,0.7403
2026-05-08T19:37:52.105,-2.5455,1.2174,0.8954,0.0152,0.6720,0.0059,0.7403
2026-05-08T19:37:52.118,-2.4720,1.2174,0.9025,0.0152,0.6720,0.0060,0.7404
2026-05-08T19:37:52.132,-2.3984,1.2174,0.9097,0.0152,0.6720,0.0060,0.7404
2026-05-08T19:37:52.146,-2.3342,1.2174,0.9159,0.0152,0.6720,0.0060,0.7404
2026-05-08T19:37:52.159,-2.2619,1.2174,0.9229,0.0152,0.6719,0.0060,0.7404
2026-05-08T19:37:52.173,-2.1957,1.2174,0.9294,0.0152,0.6718,0.0060,0.7405
2026-05-08T19:37:52.192,-2.1303,1.2174,0.9358,0.0152,0.6718,0.0062,0.7406
2026-05-08T19:37:52.206,-2.0582,1.2174,0.9429,0.0152,0.6716,0.0062,0.7407
2026-05-08T19:37:52.219,-1.9711,1.2173,0.9515,0.0151,0.6715,0.0061,0.7408
2026-05-08T19:37:52.234,-1.9042,1.2173,0.9581,0.0152,0.6715,0.0061,0.7409
2026-05-08T19:37:52.248,-1.8393,1.2173,0.9645,0.0152,0.6715,0.0062,0.7408
2026-05-08T19:37:52.262,-1.7622,1.2173,0.9721,0.0152,0.6715,0.0063,0.7408
2026-05-08T19:37:52.275,-1.6934,1.2173,0.9789,0.0153,0.6715,0.0062,0.7408
2026-05-08T19:37:52.289,-1.6244,1.2173,0.9857,0.0152,0.6716,0.0062,0.7408
2026-05-08T19:37:52.304,-1.5600,1.2173,0.9919,0.0153,0.6716,0.0062,0.7407
2026-05-08T19:37:52.317,-1.4903,1.2173,0.9988,0.0154,0.6717,0.0063,0.7406
2026-05-08T19:37:52.332,-1.4131,1.2174,1.0063,0.0154,0.6717,0.0064,0.7406
2026-05-08T19:37:52.345,-1.3543,1.2174,1.0121,0.0155,0.6718,0.0065,0.7406
2026-05-08T19:37:52.359,-1.2801,1.2174,1.0193,0.0155,0.6717,0.0066,0.7406
2026-05-08T19:37:52.373,-1.2170,1.2174,1.0255,0.0156,0.6718,0.0066,0.7406
2026-05-08T19:37:52.388,-1.1492,1.2174,1.0321,0.0156,0.6717,0.0066,0.7406
2026-05-08T19:37:52.402,-1.0755,1.2174,1.0394,0.0157,0.6717,0.0066,0.7406
2026-05-08T19:37:52.416,-1.0051,1.2174,1.0463,0.0157,0.6717,0.0066,0.7406
2026-05-08T19:37:52.430,-0.9366,1.2174,1.0530,0.0158,0.6717,0.0066,0.7406
2026-05-08T19:37:52.444,-0.8677,1.2174,1.0598,0.0158,0.6716,0.0067,0.7407
2026-05-08T19:37:52.456,-0.7978,1.2174,1.0666,0.0158,0.6716,0.0067,0.7407
2026-05-08T19:37:52.471,-0.7298,1.2174,1.0733,0.0158,0.6717,0.0067,0.7407
2026-05-08T19:37:52.485,-0.6701,1.2174,1.0792,0.0158,0.6716,0.0066,0.7407
2026-05-08T19:37:52.499,-0.5966,1.2174,1.0864,0.0157,0.6716,0.0067,0.7407
2026-05-08T19:37:52.513,-0.5269,1.2174,1.0932,0.0157,0.6716,0.0066,0.7407
2026-05-08T19:37:52.527,-0.4587,1.2174,1.0999,0.0157,0.6716,0.0067,0.7407
2026-05-08T19:37:52.540,-0.3905,1.2174,1.1066,0.0157,0.6715,0.0066,0.7408
2026-05-08T19:37:52.555,-0.3231,1.2174,1.1133,0.0157,0.6715,0.0066,0.7408
2026-05-08T19:37:52.569,-0.2574,1.2174,1.1198,0.0157,0.6714,0.0067,0.7409
2026-05-08T19:37:52.583,-0.1861,1.2174,1.1269,0.0157,0.6714,0.0069,0.7409
2026-05-08T19:37:52.596,-0.1145,1.2174,1.1340,0.0157,0.6713,0.0069,0.7410
2026-05-08T19:37:52.611,-0.0489,1.2174,1.1405,0.0158,0.6713,0.0069,0.7410
2026-05-08T19:37:52.623,0.0235,1.2174,1.1477,0.0158,0.6712,0.0070,0.7411
2026-05-08T19:37:52.638,0.0892,1.2175,1.1542,0.0158,0.6711,0.0070,0.7412
2026-05-08T19:37:52.652,0.1500,1.2175,1.1603,0.0158,0.6725,0.0069,0.7399
2026-05-08T19:37:52.666,0.2219,1.2175,1.1672,0.0158,0.6741,0.0069,0.7384
2026-05-08T19:37:52.680,0.2895,1.2175,1.1734,0.0158,0.6758,0.0068,0.7369
2026-05-08T19:37:52.694,0.3603,1.2175,1.1797,0.0158,0.6776,0.0068,0.7352
2026-05-08T19:37:52.708,0.4236,1.2175,1.1849,0.0159,0.6793,0.0068,0.7337
2026-05-08T19:37:52.720,0.4945,1.2175,1.1903,0.0160,0.6812,0.0068,0.7319
2026-05-08T19:37:52.735,0.5629,1.2175,1.1955,0.0161,0.6830,0.0067,0.7303
2026-05-08T19:37:52.749,0.6219,1.2175,1.1995,0.0161,0.6845,0.0068,0.7288
2026-05-08T19:37:52.763,0.6923,1.2175,1.2039,0.0162,0.6864,0.0068,0.7270
2026-05-08T19:37:52.777,0.7612,1.2175,1.2078,0.0162,0.6883,0.0067,0.7252
2026-05-08T19:37:52.790,0.8307,1.2175,1.2117,0.0163,0.6902,0.0066,0.7234
2026-05-08T19:37:52.805,0.8982,1.2175,1.2149,0.0163,0.6921,0.0065,0.7216
2026-05-08T19:37:52.818,0.9608,1.2175,1.2175,0.0163,0.6938,0.0066,0.7200
2026-05-08T19:37:52.833,1.0336,1.2175,1.2205,0.0164,0.6957,0.0065,0.7181
2026-05-08T19:37:52.846,1.0948,1.2175,1.2224,0.0163,0.6974,0.0064,0.7165
2026-05-08T19:37:52.860,1.1674,1.2175,1.2243,0.0164,0.6993,0.0064,0.7146
2026-05-08T19:37:52.875,1.2336,1.2174,1.2261,0.0163,0.7012,0.0063,0.7127
2026-05-08T19:37:52.888,1.2985,1.2174,1.2271,0.0164,0.7030,0.0063,0.7110
2026-05-08T19:37:52.902,1.3711,1.2174,1.2278,0.0163,0.7050,0.0062,0.7090
2026-05-08T19:37:52.916,1.4365,1.2174,1.2284,0.0163,0.7070,0.0061,0.7070
2026-05-08T19:37:52.930,1.5052,1.2173,1.2284,0.0163,0.7089,0.0059,0.7051
2026-05-08T19:37:52.944,1.5691,1.2173,1.2280,0.0164,0.7108,0.0058,0.7031
2026-05-08T19:37:52.957,1.6360,1.2173,1.2272,0.0164,0.7128,0.0057,0.7012
2026-05-08T19:37:52.972,1.7044,1.2173,1.2264,0.0164,0.7148,0.0058,0.6991
2026-05-08T19:37:52.985,1.7675,1.2173,1.2249,0.0165,0.7166,0.0058,0.6973
2026-05-08T19:37:52.999,1.8444,1.2173,1.2228,0.0166,0.7184,0.0058,0.6954
2026-05-08T19:37:53.013,1.9050,1.2174,1.2211,0.0166,0.7184,0.0058,0.6954
2026-05-08T19:37:53.027,1.9759,1.2174,1.2188,0.0167,0.7184,0.0057,0.6954
2026-05-08T19:37:53.041,2.0450,1.2173,1.2165,0.0166,0.7184,0.0058,0.6954
2026-05-08T19:37:53.055,2.1128,1.2173,1.2143,0.0167,0.7184,0.0059,0.6954
2026-05-08T19:37:53.069,2.1821,1.2173,1.2120,0.0167,0.7184,0.0059,0.6954
2026-05-08T19:37:53.083,2.2521,1.2173,1.2097,0.0167,0.7184,0.0058,0.6955
2026-05-08T19:37:53.096,2.3237,1.2173,1.2074,0.0167,0.7183,0.0057,0.6955
2026-05-08T19:37:53.110,2.3927,1.2173,1.2051,0.0168,0.7183,0.0057,0.6955
2026-05-08T19:37:53.124,2.4596,1.2173,1.2028,0.0167,0.7183,0.0056,0.6955
2026-05-08T19:37:53.137,2.5311,1.2172,1.2004,0.0167,0.7183,0.0055,0.6955
2026-05-08T19:37:53.151,2.5999,1.2172,1.1982,0.0167,0.7183,0.0055,0.6955
2026-05-08T19:37:53.165,2.6653,1.2172,1.1961,0.0166,0.7183,0.0055,0.6955
2026-05-08T19:37:53.179,2.7351,1.2172,1.1938,0.0166,0.7183,0.0055,0.6955
2026-05-08T19:37:53.193,2.8066,1.2172,1.1915,0.0166,0.7183,0.0056,0.6955
2026-05-08T19:37:53.207,2.8728,1.2172,1.1894,0.0166,0.7182,0.0055,0.6956
2026-05-08T19:37:53.221,2.9454,1.2172,1.1871,0.0166,0.7182,0.0055,0.6956
2026-05-08T19:37:53.235,3.0146,1.2173,1.1849,0.0166,0.7182,0.0056,0.6956
2026-05-08T19:37:53.249,3.0807,1.2172,1.1828,0.0166,0.7182,0.0056,0.6957
2026-05-08T19:37:53.263,3.1548,1.2173,1.1804,0.0166,0.7181,0.0056,0.6957
2026-05-08T19:37:53.276,3.2253,1.2172,1.1782,0.0165,0.7181,0.0055,0.6958
2026-05-08T19:37:53.290,3.2912,1.2172,1.1761,0.0166,0.7180,0.0056,0.6958
2026-05-08T19:37:53.305,3.3603,1.2173,1.1739,0.0166,0.7179,0.0055,0.6959
2026-05-08T19:37:53.318,3.4294,1.2173,1.1717,0.0164,0.7180,0.0054,0.6958
2026-05-08T19:37:53.332,3.5037,1.2173,1.1693,0.0165,0.7181,0.0052,0.6958
2026-05-08T19:37:53.347,3.5663,1.2173,1.1673,0.0165,0.7181,0.0052,0.6957
2026-05-08T19:37:53.359,3.6389,1.2173,1.1650,0.0166,0.7181,0.0053,0.6957
2026-05-08T19:37:53.373,3.7118,1.2173,1.1627,0.0167,0.7181,0.0054,0.6957
2026-05-08T19:37:53.387,3.7751,1.2173,1.1607,0.0167,0.7182,0.0055,0.6956
2026-05-08T19:37:53.401,3.8448,1.2173,1.1585,0.0167,0.7182,0.0055,0.6956
2026-05-08T19:37:53.415,3.9152,1.2173,1.1563,0.0168,0.7183,0.0054,0.6955
2026-05-08T19:37:53.429,3.9829,1.2173,1.1541,0.0169,0.7183,0.0054,0.6955
2026-05-08T19:37:53.443,4.0519,1.2173,1.1519,0.0168,0.7182,0.0055,0.6956
2026-05-08T19:37:53.456,4.1230,1.2173,1.1496,0.0169,0.7182,0.0056,0.6956
2026-05-08T19:37:53.471,4.1915,1.2173,1.1475,0.0169,0.7181,0.0057,0.6957
2026-05-08T19:37:53.484,4.2595,1.2173,1.1453,0.0169,0.7181,0.0057,0.6957
2026-05-08T19:37:53.498,4.3316,1.2173,1.1430,0.0169,0.7180,0.0057,0.6958
2026-05-08T19:37:53.512,4.3981,1.2173,1.1409,0.0169,0.7180,0.0057,0.6958
2026-05-08T19:37:53.526,4.4667,1.2173,1.1387,0.0169,0.7179,0.0057,0.6960
2026-05-08T19:37:53.540,4.5380,1.2173,1.1365,0.0169,0.7178,0.0057,0.6960
2026-05-08T19:37:53.554,4.6070,1.2173,1.1344,0.0169,0.7178,0.0057,0.6960
2026-05-08T19:37:53.567,4.6748,1.2173,1.1323,0.0169,0.7179,0.0056,0.6959
2026-05-08T19:37:53.581,4.7444,1.2172,1.1301,0.0169,0.7180,0.0055,0.6959
2026-05-08T19:37:53.595,4.8181,1.2173,1.1278,0.0169,0.7180,0.0055,0.6959
2026-05-08T19:37:53.609,4.8815,1.2173,1.1259,0.0169,0.7180,0.0055,0.6959
2026-05-08T19:37:53.623,4.9533,1.2173,1.1237,0.0170,0.7179,0.0056,0.6959
2026-05-08T19:37:53.636,5.0213,1.2173,1.1216,0.0171,0.7179,0.0057,0.6959
2026-05-08T19:37:53.651,5.0880,1.2173,1.1195,0.0171,0.7179,0.0058,0.6959
2026-05-08T19:37:53.664,5.1555,1.2173,1.1174,0.0171,0.7161,0.0059,0.6977
2026-05-08T19:37:53.678,5.2220,1.2174,1.1156,0.0171,0.7140,0.0059,0.6999
2026-05-08T19:37:53.693,5.2868,1.2174,1.1140,0.0171,0.7117,0.0060,0.7022
2026-05-08T19:37:53.706,5.3522,1.2173,1.1131,0.0171,0.7093,0.0060,0.7046
2026-05-08T19:37:53.720,5.4233,1.2173,1.1126,0.0171,0.7066,0.0059,0.7073
2026-05-08T19:37:53.734,5.4868,1.2173,1.1122,0.0171,0.7042,0.0060,0.7098
2026-05-08T19:37:53.748,5.5489,1.2174,1.1127,0.0171,0.7017,0.0061,0.7123
2026-05-08T19:37:53.762,5.6194,1.2174,1.1137,0.0170,0.6988,0.0062,0.7151
2026-05-08T19:37:53.777,5.6827,1.2174,1.1147,0.0170,0.6961,0.0062,0.7177
2026-05-08T19:37:53.791,5.7495,1.2173,1.1167,0.0169,0.6932,0.0061,0.7205
2026-05-08T19:37:53.806,5.8170,1.2174,1.1193,0.0169,0.6902,0.0062,0.7234
2026-05-08T19:37:53.819,5.8824,1.2174,1.1223,0.0169,0.6872,0.0063,0.7262
2026-05-08T19:37:53.833,5.9491,1.2174,1.1256,0.0168,0.6840,0.0063,0.7292
2026-05-08T19:37:53.847,6.0104,1.2174,1.1295,0.0168,0.6811,0.0064,0.7319
2026-05-08T19:37:53.861,6.0797,1.2174,1.1345,0.0168,0.6778,0.0065,0.7350
2026-05-08T19:37:53.875,6.1406,1.2174,1.1389,0.0167,0.6748,0.0065,0.7378
2026-05-08T19:37:53.889,6.2062,1.2174,1.1448,0.0167,0.6716,0.0066,0.7407
2026-05-08T19:37:53.904,6.2702,1.2174,1.1511,0.0167,0.6685,0.0068,0.7435
2026-05-08T19:37:53.919,6.3350,1.2174,1.1579,0.0167,0.6653,0.0068,0.7464
2026-05-08T19:37:53.934,6.4050,1.2174,1.1655,0.0166,0.6619,0.0068,0.7494
2026-05-08T19:37:53.949,6.4704,1.2174,1.1736,0.0167,0.6587,0.0069,0.7522
2026-05-08T19:37:53.965,6.5435,1.2174,1.1832,0.0166,0.6550,0.0070,0.7554
2026-05-08T19:37:53.979,6.6109,1.2174,1.1928,0.0165,0.6517,0.0070,0.7583
2026-05-08T19:37:53.995,6.6869,1.2174,1.2039,0.0165,0.6481,0.0069,0.7614
2026-05-08T19:37:54.009,6.7497,1.2174,1.2140,0.0165,0.6450,0.0068,0.7640
2026-05-08T19:37:54.023,6.8188,1.2174,1.2258,0.0165,0.6415,0.0070,0.7669
2026-05-08T19:37:54.037,6.8831,1.2174,1.2373,0.0166,0.6383,0.0072,0.7696
2026-05-08T19:37:54.052,6.9472,1.2175,1.2489,0.0166,0.6350,0.0073,0.7723
2026-05-08T19:37:54.066,7.0125,1.2175,1.2617,0.0166,0.6318,0.0074,0.7749
2026-05-08T19:37:54.079,7.0754,1.2175,1.2746,0.0165,0.6285,0.0074,0.7776
2026-05-08T19:37:54.093,7.1404,1.2175,1.2880,0.0165,0.6252,0.0074,0.7803
2026-05-08T19:37:54.107,7.1981,1.2175,1.3009,0.0165,0.6221,0.0075,0.7827
2026-05-08T19:37:54.120,7.2620,1.2175,1.3157,0.0165,0.6186,0.0077,0.7855
2026-05-08T19:37:54.135,7.3243,1.2175,1.3302,0.0165,0.6153,0.0078,0.7881
2026-05-08T19:37:54.149,7.3846,1.2175,1.3453,0.0164,0.6120,0.0078,0.7907
2026-05-08T19:37:54.164,7.4499,1.2174,1.3622,0.0164,0.6084,0.0079,0.7934
2026-05-08T19:37:54.178,7.5105,1.2174,1.3785,0.0163,0.6047,0.0079,0.7962
2026-05-08T19:37:54.193,7.5775,1.2174,1.3966,0.0162,0.6003,0.0081,0.7995
2026-05-08T19:37:54.207,7.6379,1.2174,1.4142,0.0162,0.5961,0.0081,0.8027
2026-05-08T19:37:54.220,7.6973,1.2174,1.4321,0.0161,0.5916,0.0081,0.8060
2026-05-08T19:37:54.235,7.7536,1.2174,1.4491,0.0161,0.5871,0.0082,0.8093
2026-05-08T19:37:54.250,7.8069,1.2173,1.4665,0.0161,0.5825,0.0082,0.8127
2026-05-08T19:37:54.264,7.8684,1.2173,1.4874,0.0159,0.5767,0.0084,0.8167
2026-05-08T19:37:54.277,7.9224,1.2174,1.5065,0.0160,0.5715,0.0086,0.8204
2026-05-08T19:37:54.291,7.9732,1.2174,1.5246,0.0160,0.5661,0.0088,0.8242
2026-05-08T19:37:54.305,8.0208,1.2174,1.5429,0.0159,0.5608,0.0089,0.8277
2026-05-08T19:37:54.319,8.0714,1.2174,1.5631,0.0159,0.5547,0.0091,0.8319
2026-05-08T19:37:54.333,8.1214,1.2175,1.5830,0.0158,0.5485,0.0092,0.8360
2026-05-08T19:37:54.347,8.1665,1.2175,1.6025,0.0157,0.5427,0.0094,0.8398
2026-05-08T19:37:54.360,8.2173,1.2175,1.6254,0.0155,0.5360,0.0097,0.8440
2026-05-08T19:37:54.375,8.2630,1.2176,1.6459,0.0155,0.5299,0.0099,0.8479
2026-05-08T19:37:54.389,8.3070,1.2176,1.6674,0.0153,0.5239,0.0101,0.8516
2026-05-08T19:37:54.403,8.3545,1.2176,1.6914,0.0153,0.5172,0.0103,0.8557
2026-05-08T19:37:54.417,8.3989,1.2176,1.7147,0.0152,0.5108,0.0104,0.8595
2026-05-08T19:37:54.431,8.4451,1.2176,1.7389,0.0150,0.5039,0.0106,0.8636
2026-05-08T19:37:54.445,8.4863,1.2176,1.7622,0.0150,0.4976,0.0108,0.8672
2026-05-08T19:37:54.457,8.5325,1.2176,1.7892,0.0149,0.4905,0.0109,0.8712
2026-05-08T19:37:54.472,8.5734,1.2176,1.8130,0.0148,0.4841,0.0110,0.8748
2026-05-08T19:37:54.486,8.6114,1.2177,1.8368,0.0146,0.4780,0.0111,0.8782
2026-05-08T19:37:54.500,8.6553,1.2176,1.8652,0.0145,0.4707,0.0111,0.8821
2026-05-08T19:37:54.514,8.6962,1.2176,1.8916,0.0144,0.4640,0.0112,0.8857
2026-05-08T19:37:54.528,8.7359,1.2176,1.9191,0.0143,0.4572,0.0112,0.8892
2026-05-08T19:37:54.542,8.7769,1.2176,1.9485,0.0142,0.4501,0.0114,0.8928
2026-05-08T19:37:54.555,8.8165,1.2177,1.9768,0.0142,0.4432,0.0115,0.8963
2026-05-08T19:37:54.570,8.8547,1.2177,2.0059,0.0140,0.4364,0.0115,0.8996
2026-05-08T19:37:54.584,8.8919,1.2177,2.0352,0.0139,0.4296,0.0117,0.9028
2026-05-08T19:37:54.596,8.9337,1.2177,2.0693,0.0138,0.4219,0.0118,0.9065
2026-05-08T19:37:54.611,8.9703,1.2177,2.0988,0.0137,0.4151,0.0119,0.9096
2026-05-08T19:37:54.624,9.0042,1.2177,2.1281,0.0136,0.4086,0.0120,0.9125
2026-05-08T19:37:54.638,9.0417,1.2177,2.1616,0.0136,0.4013,0.0122,0.9158
2026-05-08T19:37:54.652,9.0777,1.2177,2.1937,0.0134,0.3943,0.0123,0.9188
2026-05-08T19:37:54.666,9.1142,1.2177,2.2283,0.0133,0.3870,0.0124,0.9219
2026-05-08T19:37:54.680,9.1486,1.2177,2.2620,0.0132,0.3802,0.0123,0.9247
2026-05-08T19:37:54.694,9.1879,1.2177,2.3005,0.0132,0.3723,0.0122,0.9279
2026-05-08T19:37:54.708,9.2163,1.2177,2.3302,0.0132,0.3663,0.0124,0.9303
2026-05-08T19:37:54.721,9.2516,1.2177,2.3682,0.0130,0.3587,0.0126,0.9333
2026-05-08T19:37:54.734,9.2837,1.2178,2.4025,0.0129,0.3518,0.0127,0.9359
2026-05-08T19:37:54.748,9.3149,1.2178,2.4380,0.0128,0.3448,0.0128,0.9385
2026-05-08T19:37:54.761,9.3453,1.2178,2.4738,0.0127,0.3380,0.0129,0.9410
2026-05-08T19:37:54.776,9.3753,1.2178,2.5090,0.0126,0.3311,0.0130,0.9434
2026-05-08T19:37:54.789,9.4064,1.2178,2.5477,0.0125,0.3237,0.0130,0.9460
2026-05-08T19:37:54.804,9.4376,1.2178,2.5880,0.0123,0.3160,0.0131,0.9486
2026-05-08T19:37:54.817,9.4658,1.2177,2.6255,0.0122,0.3089,0.0132,0.9509
2026-05-08T19:37:54.831,9.4961,1.2177,2.6659,0.0120,0.3012,0.0133,0.9534
2026-05-08T19:37:54.846,9.5224,1.2177,2.7034,0.0119,0.2943,0.0134,0.9556
2026-05-08T19:37:54.860,9.5519,1.2177,2.7467,0.0118,0.2863,0.0134,0.9580
2026-05-08T19:37:54.877,9.5797,1.2177,2.7874,0.0116,0.2787,0.0134,0.9602
2026-05-08T19:37:54.894,9.6079,1.2177,2.8319,0.0114,0.2707,0.0134,0.9625
2026-05-08T19:37:54.913,9.6368,1.2177,2.8791,0.0113,0.2623,0.0134,0.9648
2026-05-08T19:37:54.928,9.6708,1.2176,2.9368,0.0112,0.2522,0.0134,0.9675
2026-05-08T19:37:54.943,9.7006,1.2176,2.9899,0.0111,0.2430,0.0134,0.9699
2026-05-08T19:37:54.958,9.7270,1.2176,3.0371,0.0110,0.2347,0.0135,0.9719
2026-05-08T19:37:54.973,9.7513,1.2176,3.0844,0.0108,0.2266,0.0137,0.9738
2026-05-08T19:37:54.988,9.7753,1.2176,3.1331,0.0107,0.2183,0.0138,0.9757
2026-05-08T19:37:55.005,9.7980,1.2176,3.1812,0.0106,0.2102,0.0140,0.9775
2026-05-08T19:37:55.022,9.8201,1.2176,3.2300,0.0106,0.2019,0.0139,0.9792
2026-05-08T19:37:55.041,9.8438,1.2176,3.2828,0.0104,0.1929,0.0140,0.9811
2026-05-08T19:37:55.056,9.8668,1.2176,3.3388,0.0103,0.1836,0.0140,0.9829
2026-05-08T19:37:55.072,9.8902,1.2176,3.3989,0.0102,0.1736,0.0141,0.9847
2026-05-08T19:37:55.087,9.9088,1.2175,3.4498,0.0100,0.1652,0.0141,0.9861
2026-05-08T19:37:55.104,9.9277,1.2175,3.5044,0.0099,0.1563,0.0140,0.9876
2026-05-08T19:37:55.122,9.9451,1.2175,3.5552,0.0098,0.1479,0.0141,0.9889
2026-05-08T19:37:55.139,9.9627,1.2175,3.6125,0.0096,0.1387,0.0140,0.9902
2026-05-08T19:37:55.155,9.9796,1.2175,3.6713,0.0095,0.1292,0.0139,0.9915
2026-05-08T19:37:55.171,9.9952,1.2174,3.7301,0.0093,0.1197,0.0140,0.9927
2026-05-08T19:37:55.188,10.0088,1.2174,3.7857,0.0092,0.1108,0.0140,0.9937
2026-05-08T19:37:55.206,10.0219,1.2174,3.8435,0.0090,0.1016,0.0140,0.9947
2026-05-08T19:37:55.222,10.0338,1.2174,3.9007,0.0089,0.0927,0.0140,0.9956
2026-05-08T19:37:55.240,10.0465,1.2174,3.9629,0.0088,0.0838,0.0142,0.9963
2026-05-08T19:37:55.256,10.0577,1.2174,4.0285,0.0087,0.0759,0.0143,0.9970
2026-05-08T19:37:55.275,10.0693,1.2174,4.1041,0.0086,0.0685,0.0143,0.9975
2026-05-08T19:37:55.291,10.0797,1.2174,4.1793,0.0085,0.0635,0.0145,0.9978
2026-05-08T19:37:55.307,10.0906,1.2175,4.2640,0.0084,0.0588,0.0146,0.9981
2026-05-08T19:37:55.323,10.1000,1.2174,4.3437,0.0083,0.0552,0.0147,0.9983
2026-05-08T19:37:55.342,10.1090,1.2174,4.4210,0.0084,0.0553,0.0146,0.9983
2026-05-08T19:37:55.360,10.1179,1.2174,4.5013,0.0085,0.0554,0.0145,0.9983
2026-05-08T19:37:55.378,10.1283,1.2174,4.5935,0.0084,0.0554,0.0145,0.9983
2026-05-08T19:37:55.396,10.1383,1.2174,4.6838,0.0084,0.0554,0.0146,0.9983
2026-05-08T19:37:55.414,10.1483,1.2175,4.7740,0.0084,0.0553,0.0147,0.9983
2026-05-08T19:37:55.431,10.1586,1.2175,4.8675,0.0084,0.0552,0.0147,0.9983
2026-05-08T19:37:55.447,10.1677,1.2175,4.9492,0.0084,0.0551,0.0146,0.9983
2026-05-08T19:37:55.463,10.1778,1.2175,5.0402,0.0083,0.0550,0.0147,0.9983
2026-05-08T19:37:55.480,10.1863,1.2175,5.1176,0.0083,0.0548,0.0148,0.9984
2026-05-08T19:37:55.498,10.1955,1.2175,5.2016,0.0083,0.0547,0.0148,0.9984
2026-05-08T19:37:55.515,10.2039,1.2174,5.2784,0.0083,0.0546,0.0148,0.9984
2026-05-08T19:37:55.534,10.2130,1.2174,5.3619,0.0083,0.0512,0.0149,0.9985
2026-05-08T19:37:55.551,10.2217,1.2174,5.4459,0.0082,0.0473,0.0150,0.9987
2026-05-08T19:37:55.569,10.2305,1.2174,5.5393,0.0081,0.0424,0.0150,0.9990
2026-05-08T19:37:55.585,10.2370,1.2174,5.6154,0.0081,0.0383,0.0150,0.9991
2026-05-08T19:37:55.600,10.2434,1.2174,5.6986,0.0081,0.0337,0.0151,0.9993
2026-05-08T19:37:55.617,10.2488,1.2175,5.7710,0.0081,0.0292,0.0152,0.9994
2026-05-08T19:37:55.635,10.2533,1.2175,5.8476,0.0079,0.0242,0.0154,0.9996
2026-05-08T19:37:55.650,10.2569,1.2175,5.9222,0.0078,0.0193,0.0155,0.9997
2026-05-08T19:37:55.667,10.2600,1.2175,6.0046,0.0078,0.0137,0.0156,0.9998
2026-05-08T19:37:55.682,10.2618,1.2175,6.0711,0.0077,0.0083,0.0158,0.9998
2026-05-08T19:37:55.699,10.2636,1.2175,6.1446,0.0076,0.0020,0.0159,0.9998
2026-05-08T19:37:55.717,10.2638,1.2175,6.2106,0.0075,-0.0041,0.0161,0.9998
2026-05-08T19:37:55.734,10.2632,1.2175,6.2849,0.0074,-0.0117,0.0161,0.9998
2026-05-08T19:37:55.751,10.2616,1.2175,6.3531,0.0074,-0.0190,0.0162,0.9997
2026-05-08T19:37:55.767,10.2588,1.2175,6.4264,0.0072,-0.0272,0.0162,0.9995
2026-05-08T19:37:55.782,10.2553,1.2175,6.4898,0.0070,-0.0345,0.0162,0.9992
2026-05-08T19:37:55.799,10.2515,1.2175,6.5570,0.0069,-0.0428,0.0163,0.9989
2026-05-08T19:37:55.816,10.2464,1.2174,6.6156,0.0067,-0.0502,0.0162,0.9986
2026-05-08T19:37:55.832,10.2397,1.2174,6.6819,0.0065,-0.0587,0.0163,0.9981
2026-05-08T19:37:55.848,10.2326,1.2174,6.7416,0.0064,-0.0666,0.0164,0.9976
2026-05-08T19:37:55.864,10.2237,1.2174,6.8076,0.0062,-0.0755,0.0165,0.9970
2026-05-08T19:37:55.880,10.2159,1.2174,6.8649,0.0061,-0.0832,0.0166,0.9964
2026-05-08T19:37:55.899,10.2054,1.2175,6.9272,0.0058,-0.0918,0.0168,0.9956
2026-05-08T19:37:55.917,10.1942,1.2175,6.9868,0.0056,-0.1002,0.0169,0.9948
2026-05-08T19:37:55.935,10.1795,1.2175,7.0587,0.0054,-0.1106,0.0171,0.9937
2026-05-08T19:37:55.952,10.1661,1.2175,7.1184,0.0053,-0.1192,0.0172,0.9927
2026-05-08T19:37:55.968,10.1493,1.2175,7.1872,0.0051,-0.1292,0.0173,0.9915
2026-05-08T19:37:55.983,10.1336,1.2175,7.2463,0.0051,-0.1379,0.0172,0.9903
2026-05-08T19:37:55.999,10.1188,1.2175,7.3018,0.0050,-0.1464,0.0172,0.9891
2026-05-08T19:37:56.015,10.1038,1.2176,7.3514,0.0050,-0.1542,0.0173,0.9879
2026-05-08T19:37:56.032,10.0850,1.2176,7.4101,0.0046,-0.1637,0.0175,0.9863
2026-05-08T19:37:56.051,10.0679,1.2176,7.4605,0.0045,-0.1720,0.0177,0.9849
2026-05-08T19:37:56.069,10.0467,1.2177,7.5191,0.0043,-0.1825,0.0178,0.9830
2026-05-08T19:37:56.086,10.0260,1.2176,7.5729,0.0041,-0.1924,0.0179,0.9811
2026-05-08T19:37:56.104,10.0032,1.2177,7.6288,0.0038,-0.2034,0.0181,0.9789
2026-05-08T19:37:56.121,9.9823,1.2177,7.6799,0.0032,-0.2141,0.0182,0.9766
2026-05-08T19:37:56.138,9.9597,1.2177,7.7290,0.0027,-0.2252,0.0182,0.9741
2026-05-08T19:37:56.154,9.9389,1.2177,7.7715,0.0019,-0.2356,0.0185,0.9717
2026-05-08T19:37:56.170,9.9163,1.2178,7.8153,0.0013,-0.2465,0.0186,0.9690
2026-05-08T19:37:56.186,9.8947,1.2178,7.8549,0.0001,-0.2567,0.0186,0.9663
2026-05-08T19:37:56.203,9.8709,1.2179,7.8965,-0.0006,-0.2674,0.0191,0.9634
2026-05-08T19:37:56.221,9.8493,1.2179,7.9346,-0.0011,-0.2776,0.0191,0.9605
2026-05-08T19:37:56.239,9.8237,1.2179,7.9751,-0.0015,-0.2883,0.0195,0.9573
2026-05-08T19:37:56.257,9.7968,1.2179,8.0157,-0.0013,-0.2995,0.0197,0.9539
2026-05-08T19:37:56.275,9.7672,1.2179,8.0582,-0.0015,-0.3111,0.0199,0.9502
2026-05-08T19:37:56.292,9.7382,1.2179,8.0978,-0.0018,-0.3220,0.0199,0.9465
2026-05-08T19:37:56.308,9.7089,1.2180,8.1360,-0.0020,-0.3326,0.0201,0.9428
2026-05-08T19:37:56.323,9.6803,1.2180,8.1715,-0.0022,-0.3426,0.0201,0.9393
2026-05-08T19:37:56.342,9.6527,1.2180,8.2061,-0.0021,-0.3524,0.0200,0.9356
2026-05-08T19:37:56.360,9.6234,1.2180,8.2396,-0.0022,-0.3622,0.0199,0.9319
2026-05-08T19:37:56.378,9.5889,1.2180,8.2773,-0.0022,-0.3735,0.0197,0.9274
2026-05-08T19:37:56.397,9.5527,1.2179,8.3150,-0.0024,-0.3851,0.0196,0.9227
2026-05-08T19:37:56.414,9.5181,1.2179,8.3494,-0.0025,-0.3957,0.0195,0.9182
2026-05-08T19:37:56.431,9.4788,1.2179,8.3866,-0.0026,-0.4075,0.0193,0.9130
2026-05-08T19:37:56.448,9.4470,1.2179,8.4151,-0.0028,-0.4167,0.0192,0.9089
2026-05-08T19:37:56.466,9.4095,1.2179,8.4475,-0.0029,-0.4273,0.0190,0.9039
2026-05-08T19:37:56.483,9.3733,1.2179,8.4773,-0.0030,-0.4373,0.0189,0.8991
2026-05-08T19:37:56.502,9.3342,1.2178,8.5095,-0.0030,-0.4480,0.0188,0.8938
2026-05-08T19:37:56.518,9.2978,1.2178,8.5368,-0.0032,-0.4575,0.0187,0.8890
2026-05-08T19:37:56.536,9.2535,1.2178,8.5684,-0.0035,-0.4686,0.0187,0.8832
2026-05-08T19:37:56.552,9.2139,1.2178,8.5953,-0.0037,-0.4776,0.0186,0.8784
2026-05-08T19:37:56.570,9.1693,1.2178,8.6242,-0.0038,-0.4874,0.0186,0.8730
2026-05-08T19:37:56.586,9.1278,1.2178,8.6498,-0.0040,-0.4959,0.0185,0.8682
2026-05-08T19:37:56.603,9.0802,1.2178,8.6779,-0.0041,-0.5052,0.0186,0.8628
2026-05-08T19:37:56.621,9.0350,1.2177,8.7046,-0.0043,-0.5138,0.0185,0.8577
2026-05-08T19:37:56.639,8.9838,1.2177,8.7321,-0.0043,-0.5224,0.0182,0.8525
2026-05-08T19:37:56.656,8.9328,1.2176,8.7581,-0.0042,-0.5307,0.0183,0.8474
2026-05-08T19:37:56.673,8.8753,1.2176,8.7860,-0.0045,-0.5396,0.0183,0.8417
2026-05-08T19:37:56.691,8.8229,1.2177,8.8101,-0.0048,-0.5474,0.0183,0.8366
2026-05-08T19:37:56.708,8.7654,1.2176,8.8351,-0.0050,-0.5549,0.0183,0.8317
2026-05-08T19:37:56.726,8.7036,1.2176,8.8608,-0.0051,-0.5627,0.0182,0.8265
2026-05-08T19:37:56.742,8.6413,1.2176,8.8853,-0.0052,-0.5698,0.0182,0.8216
2026-05-08T19:37:56.759,8.5765,1.2175,8.9105,-0.0053,-0.5770,0.0182,0.8165
2026-05-08T19:37:56.777,8.5108,1.2175,8.9338,-0.0056,-0.5830,0.0181,0.8123
2026-05-08T19:37:56.794,8.4439,1.2175,8.9564,-0.0057,-0.5885,0.0181,0.8083
2026-05-08T19:37:56.812,8.3693,1.2175,8.9805,-0.0058,-0.5940,0.0180,0.8043
2026-05-08T19:37:56.830,8.2944,1.2175,9.0036,-0.0059,-0.5991,0.0180,0.8005
2026-05-08T19:37:56.847,8.2180,1.2175,9.0261,-0.0060,-0.6035,0.0179,0.7971
2026-05-08T19:37:56.864,8.1376,1.2175,9.0488,-0.0061,-0.6080,0.0178,0.7937
2026-05-08T19:37:56.881,8.0657,1.2175,9.0688,-0.0061,-0.6119,0.0179,0.7907
2026-05-08T19:37:56.898,7.9863,1.2175,9.0895,-0.0060,-0.6161,0.0179,0.7874
2026-05-08T19:37:56.914,7.9088,1.2175,9.1087,-0.0061,-0.6197,0.0179,0.7846
2026-05-08T19:37:56.931,7.8323,1.2175,9.1269,-0.0063,-0.6228,0.0179,0.7822
2026-05-08T19:37:56.946,7.7587,1.2175,9.1439,-0.0064,-0.6255,0.0179,0.7800
2026-05-08T19:37:56.961,7.6791,1.2175,9.1616,-0.0065,-0.6282,0.0179,0.7778
2026-05-08T19:37:56.978,7.6064,1.2175,9.1777,-0.0065,-0.6302,0.0178,0.7762
2026-05-08T19:37:56.996,7.5305,1.2175,9.1936,-0.0065,-0.6303,0.0178,0.7761
2026-05-08T19:37:57.011,7.4490,1.2176,9.2108,-0.0064,-0.6303,0.0179,0.7761
2026-05-08T19:37:57.027,7.3638,1.2176,9.2288,-0.0063,-0.6304,0.0178,0.7761
2026-05-08T19:37:57.042,7.2889,1.2176,9.2445,-0.0061,-0.6304,0.0177,0.7761
2026-05-08T19:37:57.058,7.2122,1.2176,9.2606,-0.0062,-0.6303,0.0178,0.7761
2026-05-08T19:37:57.073,7.1404,1.2176,9.2756,-0.0062,-0.6303,0.0178,0.7761
2026-05-08T19:37:57.090,7.0621,1.2176,9.2920,-0.0062,-0.6303,0.0178,0.7761
2026-05-08T19:37:57.106,6.9858,1.2176,9.3080,-0.0062,-0.6303,0.0178,0.7761
2026-05-08T19:37:57.122,6.9046,1.2176,9.3250,-0.0062,-0.6303,0.0177,0.7761
2026-05-08T19:37:57.138,6.8247,1.2176,9.3417,-0.0062,-0.6304,0.0178,0.7761
2026-05-08T19:37:57.154,6.7510,1.2176,9.3571,-0.0062,-0.6304,0.0178,0.7760
2026-05-08T19:37:57.169,6.6674,1.2176,9.3746,-0.0063,-0.6305,0.0179,0.7760
2026-05-08T19:37:57.184,6.5949,1.2176,9.3898,-0.0064,-0.6304,0.0179,0.7760
2026-05-08T19:37:57.198,6.5183,1.2176,9.4058,-0.0064,-0.6305,0.0178,0.7759
2026-05-08T19:37:57.213,6.4475,1.2176,9.4206,-0.0064,-0.6305,0.0179,0.7760
2026-05-08T19:37:57.230,6.3715,1.2176,9.4365,-0.0064,-0.6306,0.0179,0.7759
2026-05-08T19:37:57.245,6.2982,1.2176,9.4518,-0.0064,-0.6306,0.0178,0.7759
2026-05-08T19:37:57.260,6.2151,1.2176,9.4692,-0.0064,-0.6306,0.0179,0.7759
2026-05-08T19:37:57.274,6.1471,1.2176,9.4834,-0.0063,-0.6306,0.0178,0.7759
2026-05-08T19:37:57.289,6.0739,1.2176,9.4988,-0.0062,-0.6305,0.0177,0.7760
2026-05-08T19:37:57.304,6.0026,1.2176,9.5137,-0.0060,-0.6304,0.0178,0.7761
2026-05-08T19:37:57.318,5.9315,1.2176,9.5286,-0.0060,-0.6303,0.0178,0.7761
2026-05-08T19:37:57.333,5.8591,1.2177,9.5438,-0.0062,-0.6303,0.0178,0.7761
2026-05-08T19:37:57.347,5.7902,1.2177,9.5583,-0.0063,-0.6303,0.0180,0.7761
2026-05-08T19:37:57.361,5.7179,1.2177,9.5735,-0.0063,-0.6302,0.0179,0.7762
2026-05-08T19:37:57.376,5.6511,1.2177,9.5875,-0.0062,-0.6284,0.0179,0.7776
2026-05-08T19:37:57.390,5.5826,1.2176,9.6022,-0.0060,-0.6265,0.0179,0.7792
2026-05-08T19:37:57.405,5.5140,1.2176,9.6172,-0.0060,-0.6245,0.0179,0.7808
2026-05-08T19:37:57.419,5.4482,1.2176,9.6321,-0.0060,-0.6223,0.0179,0.7825
2026-05-08T19:37:57.435,5.3779,1.2177,9.6480,-0.0059,-0.6196,0.0179,0.7847
2026-05-08T19:37:57.450,5.3164,1.2177,9.6628,-0.0058,-0.6170,0.0178,0.7867
2026-05-08T19:37:57.465,5.2346,1.2177,9.6829,-0.0056,-0.6133,0.0178,0.7896
2026-05-08T19:37:57.479,5.1729,1.2176,9.6986,-0.0055,-0.6104,0.0177,0.7919
2026-05-08T19:37:57.493,5.0992,1.2176,9.7177,-0.0054,-0.6063,0.0177,0.7950
2026-05-08T19:37:57.508,5.0428,1.2176,9.7332,-0.0053,-0.6029,0.0177,0.7976
2026-05-08T19:37:57.522,4.9800,1.2176,9.7511,-0.0051,-0.5989,0.0177,0.8006
2026-05-08T19:37:57.538,4.9194,1.2176,9.7684,-0.0050,-0.5949,0.0178,0.8036
2026-05-08T19:37:57.552,4.8586,1.2176,9.7870,-0.0049,-0.5909,0.0178,0.8065
2026-05-08T19:37:57.567,4.7918,1.2176,9.8081,-0.0049,-0.5864,0.0179,0.8098
2026-05-08T19:37:57.580,4.7302,1.2177,9.8284,-0.0049,-0.5821,0.0180,0.8129
2026-05-08T19:37:57.594,4.6701,1.2177,9.8482,-0.0049,-0.5778,0.0181,0.8159
2026-05-08T19:37:57.608,4.6171,1.2177,9.8669,-0.0048,-0.5737,0.0182,0.8188
2026-05-08T19:37:57.624,4.5573,1.2177,9.8886,-0.0048,-0.5687,0.0183,0.8223
2026-05-08T19:37:57.638,4.4979,1.2177,9.9110,-0.0046,-0.5634,0.0183,0.8260
2026-05-08T19:37:57.653,4.4436,1.2177,9.9316,-0.0045,-0.5583,0.0184,0.8294
2026-05-08T19:37:57.667,4.3871,1.2177,9.9546,-0.0042,-0.5528,0.0184,0.8331
2026-05-08T19:37:57.681,4.3329,1.2177,9.9775,-0.0042,-0.5471,0.0183,0.8368
2026-05-08T19:37:57.695,4.2794,1.2177,10.0002,-0.0040,-0.5414,0.0184,0.8406
2026-05-08T19:37:57.710,4.2327,1.2177,10.0215,-0.0038,-0.5360,0.0183,0.8440
2026-05-08T19:37:57.725,4.1826,1.2177,10.0450,-0.0037,-0.5300,0.0183,0.8478
2026-05-08T19:37:57.741,4.1305,1.2177,10.0704,-0.0036,-0.5234,0.0183,0.8519
2026-05-08T19:37:57.759,4.0795,1.2177,10.0954,-0.0034,-0.5166,0.0183,0.8560
2026-05-08T19:37:57.776,4.0284,1.2177,10.1224,-0.0032,-0.5091,0.0182,0.8605
2026-05-08T19:37:57.790,3.9733,1.2177,10.1528,-0.0029,-0.5008,0.0181,0.8654
2026-05-08T19:37:57.804,3.9212,1.2176,10.1828,-0.0027,-0.4928,0.0181,0.8700
2026-05-08T19:37:57.818,3.8781,1.2176,10.2087,-0.0025,-0.4856,0.0181,0.8740
2026-05-08T19:37:57.832,3.8369,1.2177,10.2334,-0.0023,-0.4784,0.0180,0.8780
2026-05-08T19:37:57.845,3.7991,1.2177,10.2578,-0.0022,-0.4715,0.0180,0.8817
2026-05-08T19:37:57.859,3.7602,1.2177,10.2839,-0.0021,-0.4637,0.0180,0.8858
2026-05-08T19:37:57.873,3.7244,1.2177,10.3076,-0.0019,-0.4562,0.0180,0.8897
2026-05-08T19:37:57.886,3.6911,1.2177,10.3316,-0.0017,-0.4486,0.0180,0.8936
2026-05-08T19:37:57.900,3.6592,1.2177,10.3555,-0.0016,-0.4407,0.0180,0.8975
2026-05-08T19:37:57.914,3.6295,1.2177,10.3773,-0.0014,-0.4330,0.0180,0.9012
2026-05-08T19:37:57.928,3.5982,1.2177,10.4024,-0.0012,-0.4241,0.0180,0.9054
2026-05-08T19:37:57.941,3.5719,1.2177,10.4244,-0.0009,-0.4162,0.0179,0.9091
2026-05-08T19:37:57.955,3.5442,1.2177,10.4472,-0.0006,-0.4075,0.0178,0.9131
2026-05-08T19:37:57.970,3.5187,1.2177,10.4703,-0.0002,-0.3987,0.0178,0.9169
2026-05-08T19:37:57.984,3.4936,1.2177,10.4937,0.0000,-0.3899,0.0179,0.9207
2026-05-08T19:37:57.997,3.4677,1.2177,10.5189,0.0002,-0.3802,0.0179,0.9247
2026-05-08T19:37:58.012,3.4445,1.2177,10.5408,0.0005,-0.3716,0.0178,0.9282
2026-05-08T19:37:58.026,3.4224,1.2177,10.5641,0.0006,-0.3627,0.0178,0.9317
2026-05-08T19:37:58.039,3.3995,1.2176,10.5890,0.0008,-0.3533,0.0177,0.9353
2026-05-08T19:37:58.053,3.3773,1.2176,10.6127,0.0009,-0.3442,0.0177,0.9387
2026-05-08T19:37:58.067,3.3566,1.2176,10.6370,0.0011,-0.3353,0.0176,0.9420
2026-05-08T19:37:58.081,3.3362,1.2176,10.6621,0.0011,-0.3262,0.0176,0.9451
2026-05-08T19:37:58.095,3.3150,1.2176,10.6874,0.0013,-0.3168,0.0175,0.9483
2026-05-08T19:37:58.109,3.2972,1.2176,10.7112,0.0014,-0.3084,0.0174,0.9511
2026-05-08T19:37:58.122,3.2772,1.2175,10.7388,0.0017,-0.2986,0.0174,0.9542
2026-05-08T19:37:58.136,3.2594,1.2175,10.7645,0.0019,-0.2898,0.0172,0.9569
2026-05-08T19:37:58.150,3.2409,1.2175,10.7905,0.0020,-0.2806,0.0173,0.9597
2026-05-08T19:37:58.164,3.2240,1.2175,10.8170,0.0022,-0.2715,0.0172,0.9623
2026-05-08T19:37:58.177,3.2069,1.2175,10.8450,0.0025,-0.2619,0.0171,0.9649
2026-05-08T19:37:58.192,3.1897,1.2175,10.8723,0.0027,-0.2528,0.0169,0.9674
2026-05-08T19:37:58.206,3.1735,1.2175,10.9012,0.0029,-0.2439,0.0169,0.9697
2026-05-08T19:37:58.219,3.1526,1.2175,10.9402,0.0030,-0.2341,0.0170,0.9721
2026-05-08T19:37:58.234,3.1341,1.2175,10.9740,0.0032,-0.2261,0.0170,0.9740
2026-05-08T19:37:58.247,3.1147,1.2175,11.0136,0.0033,-0.2181,0.0170,0.9758
2026-05-08T19:37:58.262,3.0927,1.2175,11.0604,0.0035,-0.2101,0.0170,0.9775
2026-05-08T19:37:58.277,3.0715,1.2175,11.1054,0.0037,-0.2029,0.0170,0.9790
2026-05-08T19:37:58.291,3.0486,1.2175,11.1584,0.0038,-0.1961,0.0169,0.9804
2026-05-08T19:37:58.305,3.0244,1.2175,11.2164,0.0039,-0.1894,0.0170,0.9817
2026-05-08T19:37:58.318,3.0020,1.2175,11.2723,0.0040,-0.1842,0.0170,0.9827
2026-05-08T19:37:58.332,2.9780,1.2175,11.3323,0.0040,-0.1794,0.0170,0.9836
2026-05-08T19:37:58.347,2.9565,1.2175,11.3893,0.0041,-0.1756,0.0170,0.9843
2026-05-08T19:37:58.360,2.9340,1.2175,11.4507,0.0042,-0.1723,0.0170,0.9849
2026-05-08T19:37:58.377,2.9101,1.2175,11.5160,0.0042,-0.1694,0.0169,0.9854
2026-05-08T19:37:58.394,2.8870,1.2175,11.5810,0.0042,-0.1669,0.0168,0.9858
2026-05-08T19:37:58.412,2.8606,1.2175,11.6568,0.0043,-0.1641,0.0167,0.9863
2026-05-08T19:37:58.427,2.8328,1.2174,11.7379,0.0044,-0.1613,0.0166,0.9868
2026-05-08T19:37:58.440,2.8065,1.2174,11.8162,0.0044,-0.1587,0.0166,0.9872
2026-05-08T19:37:58.453,2.7829,1.2174,11.8867,0.0045,-0.1563,0.0166,0.9876
2026-05-08T19:37:58.468,2.7635,1.2174,11.9463,0.0044,-0.1543,0.0166,0.9879
2026-05-08T19:37:58.482,2.7429,1.2174,12.0106,0.0044,-0.1523,0.0166,0.9882
2026-05-08T19:37:58.499,2.7209,1.2175,12.0793,0.0043,-0.1497,0.0166,0.9886
2026-05-08T19:37:58.514,2.7011,1.2175,12.1430,0.0044,-0.1462,0.0166,0.9891
2026-05-08T19:37:58.530,2.6779,1.2175,12.2194,0.0045,-0.1411,0.0167,0.9898
2026-05-08T19:37:58.546,2.6602,1.2175,12.2802,0.0045,-0.1357,0.0168,0.9906
2026-05-08T19:37:58.563,2.6412,1.2175,12.3483,0.0045,-0.1292,0.0168,0.9915
2026-05-08T19:37:58.579,2.6235,1.2175,12.4122,0.0046,-0.1219,0.0167,0.9924
2026-05-08T19:37:58.594,2.6059,1.2175,12.4827,0.0049,-0.1136,0.0167,0.9934
2026-05-08T19:37:58.609,2.5931,1.2175,12.5375,0.0050,-0.1072,0.0167,0.9941
2026-05-08T19:37:58.623,2.5797,1.2175,12.5985,0.0051,-0.1001,0.0168,0.9948
2026-05-08T19:37:58.638,2.5681,1.2175,12.6555,0.0052,-0.0934,0.0170,0.9955
2026-05-08T19:37:58.653,2.5568,1.2175,12.7114,0.0053,-0.0868,0.0170,0.9961
2026-05-08T19:37:58.668,2.5463,1.2176,12.7705,0.0055,-0.0798,0.0172,0.9966
2026-05-08T19:37:58.682,2.5369,1.2176,12.8286,0.0055,-0.0728,0.0171,0.9972
2026-05-08T19:37:58.696,2.5277,1.2176,12.8914,0.0057,-0.0652,0.0172,0.9977
2026-05-08T19:37:58.711,2.5198,1.2176,12.9446,0.0056,-0.0589,0.0173,0.9981
2026-05-08T19:37:58.725,2.5132,1.2176,12.9999,0.0056,-0.0523,0.0173,0.9985
2026-05-08T19:37:58.740,2.5071,1.2177,13.0577,0.0056,-0.0452,0.0174,0.9988
2026-05-08T19:37:58.756,2.5010,1.2177,13.1157,0.0058,-0.0380,0.0173,0.9991
2026-05-08T19:37:58.772,2.4967,1.2177,13.1716,0.0060,-0.0309,0.0173,0.9994
2026-05-08T19:37:58.787,2.4928,1.2177,13.2347,0.0061,-0.0227,0.0172,0.9996
2026-05-08T19:37:58.802,2.4899,1.2177,13.2970,0.0063,-0.0144,0.0171,0.9997
2026-05-08T19:37:58.816,2.4875,1.2177,13.3508,0.0064,-0.0071,0.0171,0.9998
2026-05-08T19:37:58.831,2.4867,1.2177,13.4110,0.0066,0.0010,0.0169,0.9998
2026-05-08T19:37:58.844,2.4868,1.2177,13.4598,0.0067,0.0077,0.0169,0.9998
2026-05-08T19:37:58.859,2.4876,1.2177,13.5160,0.0069,0.0152,0.0169,0.9997
2026-05-08T19:37:58.874,2.4884,1.2177,13.5685,0.0069,0.0223,0.0170,0.9996
2026-05-08T19:37:58.889,2.4907,1.2177,13.6222,0.0070,0.0296,0.0171,0.9994
2026-05-08T19:37:58.905,2.4940,1.2177,13.6785,0.0071,0.0374,0.0172,0.9991
2026-05-08T19:37:58.919,2.4982,1.2177,13.7344,0.0072,0.0452,0.0172,0.9988
2026-05-08T19:37:58.934,2.5025,1.2177,13.7916,0.0074,0.0533,0.0171,0.9984
2026-05-08T19:37:58.949,2.5078,1.2177,13.8417,0.0075,0.0608,0.0171,0.9980
2026-05-08T19:37:58.964,2.5151,1.2177,13.9007,0.0077,0.0698,0.0172,0.9974
2026-05-08T19:37:58.977,2.5221,1.2177,13.9506,0.0079,0.0776,0.0172,0.9968
2026-05-08T19:37:58.992,2.5298,1.2177,14.0049,0.0081,0.0864,0.0170,0.9961
2026-05-08T19:37:59.006,2.5377,1.2178,14.0499,0.0082,0.0941,0.0169,0.9954
2026-05-08T19:37:59.020,2.5469,1.2178,14.0982,0.0083,0.1027,0.0169,0.9945
2026-05-08T19:37:59.036,2.5554,1.2178,14.1432,0.0084,0.1106,0.0167,0.9937
2026-05-08T19:37:59.050,2.5660,1.2178,14.1902,0.0085,0.1192,0.0166,0.9927
2026-05-08T19:37:59.064,2.5789,1.2178,14.2430,0.0087,0.1288,0.0165,0.9915
2026-05-08T19:37:59.078,2.5892,1.2178,14.2820,0.0088,0.1360,0.0164,0.9905
2026-05-08T19:37:59.093,2.6017,1.2178,14.3293,0.0089,0.1447,0.0163,0.9893
2026-05-08T19:37:59.108,2.6141,1.2178,14.3709,0.0091,0.1526,0.0162,0.9881
2026-05-08T19:37:59.121,2.6289,1.2178,14.4177,0.0091,0.1617,0.0163,0.9867
2026-05-08T19:37:59.135,2.6431,1.2178,14.4628,0.0092,0.1705,0.0161,0.9852
2026-05-08T19:37:59.149,2.6570,1.2178,14.5018,0.0094,0.1783,0.0160,0.9838
2026-05-08T19:37:59.163,2.6728,1.2178,14.5438,0.0095,0.1869,0.0159,0.9822
2026-05-08T19:37:59.176,2.6881,1.2178,14.5823,0.0097,0.1948,0.0158,0.9807
2026-05-08T19:37:59.190,2.7042,1.2178,14.6234,0.0098,0.2034,0.0156,0.9789
2026-05-08T19:37:59.203,2.7205,1.2178,14.6609,0.0099,0.2113,0.0155,0.9773
2026-05-08T19:37:59.216,2.7387,1.2177,14.7009,0.0100,0.2200,0.0153,0.9753
2026-05-08T19:37:59.233,2.7551,1.2177,14.7374,0.0103,0.2279,0.0151,0.9735
2026-05-08T19:37:59.247,2.7727,1.2177,14.7728,0.0104,0.2359,0.0150,0.9716
2026-05-08T19:37:59.260,2.7966,1.2177,14.8191,0.0106,0.2466,0.0150,0.9690
2026-05-08T19:37:59.275,2.8144,1.2177,14.8541,0.0106,0.2546,0.0150,0.9669
2026-05-08T19:37:59.289,2.8350,1.2177,14.8904,0.0108,0.2632,0.0149,0.9646
2026-05-08T19:37:59.304,2.8564,1.2177,14.9266,0.0110,0.2719,0.0148,0.9622
2026-05-08T19:37:59.317,2.8779,1.2177,14.9615,0.0112,0.2803,0.0146,0.9597
2026-05-08T19:37:59.331,2.9013,1.2177,14.9999,0.0113,0.2894,0.0144,0.9570
2026-05-08T19:37:59.345,2.9229,1.2177,15.0324,0.0115,0.2974,0.0142,0.9546
2026-05-08T19:37:59.358,2.9472,1.2176,15.0675,0.0116,0.3061,0.0140,0.9518
2026-05-08T19:37:59.373,2.9691,1.2176,15.0995,0.0117,0.3140,0.0135,0.9492
2026-05-08T19:37:59.387,2.9939,1.2176,15.1328,0.0120,0.3225,0.0131,0.9464
2026-05-08T19:37:59.400,3.0208,1.2175,15.1677,0.0120,0.3315,0.0127,0.9433
2026-05-08T19:37:59.414,3.0454,1.2175,15.1999,0.0122,0.3397,0.0124,0.9404
2026-05-08T19:37:59.429,3.0711,1.2175,15.2308,0.0122,0.3477,0.0121,0.9374
2026-05-08T19:37:59.443,3.0976,1.2174,15.2615,0.0123,0.3558,0.0119,0.9344
2026-05-08T19:37:59.456,3.1270,1.2174,15.2944,0.0125,0.3647,0.0116,0.9310
2026-05-08T19:37:59.471,3.1552,1.2174,15.3263,0.0126,0.3730,0.0114,0.9277
2026-05-08T19:37:59.485,3.1819,1.2174,15.3541,0.0127,0.3806,0.0112,0.9246
2026-05-08T19:37:59.498,3.2119,1.2173,15.3843,0.0128,0.3891,0.0112,0.9211
2026-05-08T19:37:59.513,3.2409,1.2174,15.4139,0.0129,0.3970,0.0112,0.9176
2026-05-08T19:37:59.526,3.2711,1.2174,15.4422,0.0130,0.4051,0.0112,0.9141
2026-05-08T19:37:59.540,3.3024,1.2174,15.4707,0.0131,0.4132,0.0112,0.9105
2026-05-08T19:37:59.554,3.3308,1.2174,15.4968,0.0133,0.4206,0.0111,0.9071
2026-05-08T19:37:59.568,3.3629,1.2174,15.5240,0.0134,0.4287,0.0110,0.9033
2026-05-08T19:37:59.582,3.3949,1.2174,15.5501,0.0136,0.4366,0.0109,0.8995
2026-05-08T19:37:59.595,3.4303,1.2174,15.5779,0.0137,0.4453,0.0108,0.8952
2026-05-08T19:37:59.610,3.4598,1.2174,15.6015,0.0138,0.4524,0.0107,0.8916
2026-05-08T19:37:59.624,3.4921,1.2174,15.6251,0.0139,0.4600,0.0105,0.8877
2026-05-08T19:37:59.638,3.5268,1.2174,15.6496,0.0141,0.4681,0.0103,0.8835
2026-05-08T19:37:59.652,3.5612,1.2174,15.6741,0.0141,0.4760,0.0103,0.8793
2026-05-08T19:37:59.666,3.5963,1.2174,15.6970,0.0142,0.4838,0.0101,0.8750
2026-05-08T19:37:59.680,3.6333,1.2174,15.7203,0.0143,0.4912,0.0100,0.8709
2026-05-08T19:37:59.693,3.6726,1.2174,15.7451,0.0143,0.4986,0.0099,0.8666
2026-05-08T19:37:59.707,3.7149,1.2174,15.7698,0.0144,0.5050,0.0098,0.8629
2026-05-08T19:37:59.721,3.7586,1.2174,15.7944,0.0145,0.5111,0.0097,0.8594
2026-05-08T19:37:59.736,3.8075,1.2174,15.8218,0.0145,0.5167,0.0097,0.8560
2026-05-08T19:37:59.749,3.8543,1.2174,15.8465,0.0147,0.5217,0.0096,0.8529
2026-05-08T19:37:59.763,3.9106,1.2174,15.8754,0.0147,0.5275,0.0096,0.8494
2026-05-08T19:37:59.777,3.9621,1.2174,15.9009,0.0147,0.5321,0.0096,0.8465
2026-05-08T19:37:59.791,4.0158,1.2175,15.9274,0.0147,0.5367,0.0095,0.8436
2026-05-08T19:37:59.805,4.0719,1.2175,15.9537,0.0148,0.5411,0.0095,0.8408
2026-05-08T19:37:59.818,4.1283,1.2175,15.9794,0.0149,0.5451,0.0094,0.8382
2026-05-08T19:37:59.833,4.1847,1.2175,16.0049,0.0150,0.5490,0.0093,0.8356
2026-05-08T19:37:59.847,4.2386,1.2175,16.0283,0.0150,0.5526,0.0093,0.8333
2026-05-08T19:37:59.860,4.3025,1.2174,16.0553,0.0151,0.5567,0.0091,0.8305
2026-05-08T19:37:59.874,4.3590,1.2174,16.0791,0.0151,0.5603,0.0090,0.8281
2026-05-08T19:37:59.888,4.4151,1.2174,16.1016,0.0152,0.5637,0.0089,0.8258
2026-05-08T19:37:59.902,4.4774,1.2175,16.1260,0.0152,0.5673,0.0090,0.8233
2026-05-08T19:37:59.916,4.5385,1.2175,16.1498,0.0153,0.5706,0.0090,0.8210
2026-05-08T19:37:59.930,4.6017,1.2176,16.1733,0.0154,0.5739,0.0091,0.8188
2026-05-08T19:37:59.943,4.6621,1.2176,16.1953,0.0155,0.5769,0.0091,0.8166
2026-05-08T19:37:59.957,4.7223,1.2176,16.2167,0.0156,0.5799,0.0091,0.8145
2026-05-08T19:37:59.972,4.7819,1.2176,16.2378,0.0156,0.5826,0.0090,0.8125
2026-05-08T19:37:59.986,4.8431,1.2176,16.2586,0.0157,0.5854,0.0090,0.8106
2026-05-08T19:37:59.999,4.9126,1.2176,16.2815,0.0157,0.5885,0.0091,0.8083
2026-05-08T19:38:00.014,4.9739,1.2176,16.3017,0.0157,0.5912,0.0091,0.8063
2026-05-08T19:38:00.027,5.0343,1.2177,16.3208,0.0158,0.5938,0.0091,0.8044
2026-05-08T19:38:00.040,5.0996,1.2177,16.3409,0.0158,0.5967,0.0090,0.8023
2026-05-08T19:38:00.055,5.1584,1.2177,16.3591,0.0158,0.5992,0.0090,0.8004
2026-05-08T19:38:00.069,5.2194,1.2177,16.3770,0.0158,0.6018,0.0090,0.7984
2026-05-08T19:38:00.083,5.2846,1.2177,16.3957,0.0159,0.6046,0.0090,0.7963
2026-05-08T19:38:00.096,5.3507,1.2176,16.4142,0.0158,0.6075,0.0089,0.7941
2026-05-08T19:38:00.111,5.4135,1.2176,16.4316,0.0159,0.6103,0.0088,0.7920
2026-05-08T19:38:00.124,5.4761,1.2175,16.4481,0.0160,0.6130,0.0087,0.7899
2026-05-08T19:38:00.138,5.5438,1.2175,16.4654,0.0161,0.6160,0.0087,0.7875
2026-05-08T19:38:00.152,5.6038,1.2175,16.4807,0.0160,0.6186,0.0086,0.7855
2026-05-08T19:38:00.166,5.6690,1.2176,16.4965,0.0162,0.6215,0.0087,0.7832
2026-05-08T19:38:00.180,5.7304,1.2177,16.5108,0.0163,0.6243,0.0087,0.7810
2026-05-08T19:38:00.194,5.7960,1.2177,16.5260,0.0163,0.6272,0.0087,0.7786
2026-05-08T19:38:00.209,5.8586,1.2177,16.5396,0.0164,0.6300,0.0087,0.7763
2026-05-08T19:38:00.222,5.9226,1.2177,16.5531,0.0164,0.6329,0.0086,0.7740
2026-05-08T19:38:00.235,5.9916,1.2178,16.5670,0.0165,0.6360,0.0086,0.7715
2026-05-08T19:38:00.249,6.0511,1.2178,16.5789,0.0165,0.6386,0.0085,0.7693
2026-05-08T19:38:00.263,6.1149,1.2178,16.5908,0.0165,0.6414,0.0084,0.7669
2026-05-08T19:38:00.277,6.1770,1.2178,16.6019,0.0165,0.6442,0.0083,0.7646
2026-05-08T19:38:00.291,6.2410,1.2178,16.6133,0.0165,0.6471,0.0082,0.7622
2026-05-08T19:38:00.305,6.3087,1.2178,16.6244,0.0165,0.6501,0.0080,0.7596
2026-05-08T19:38:00.318,6.3733,1.2178,16.6345,0.0166,0.6529,0.0079,0.7572
2026-05-08T19:38:00.332,6.4367,1.2178,16.6442,0.0165,0.6557,0.0078,0.7548
2026-05-08T19:38:00.347,6.4968,1.2178,16.6527,0.0165,0.6583,0.0078,0.7525
2026-05-08T19:38:00.360,6.5651,1.2178,16.6618,0.0165,0.6613,0.0077,0.7499
2026-05-08T19:38:00.375,6.6329,1.2178,16.6708,0.0165,0.6641,0.0076,0.7474
2026-05-08T19:38:00.388,6.6928,1.2177,16.6778,0.0165,0.6666,0.0075,0.7452
2026-05-08T19:38:00.401,6.7624,1.2177,16.6856,0.0165,0.6696,0.0074,0.7425
2026-05-08T19:38:00.415,6.8267,1.2177,16.6926,0.0165,0.6723,0.0073,0.7401
2026-05-08T19:38:00.429,6.8898,1.2177,16.6987,0.0165,0.6749,0.0072,0.7377
2026-05-08T19:38:00.443,6.9530,1.2177,16.7043,0.0165,0.6776,0.0072,0.7352
2026-05-08T19:38:00.457,7.0194,1.2177,16.7096,0.0165,0.6804,0.0071,0.7327
2026-05-08T19:38:00.471,7.0817,1.2177,16.7146,0.0165,0.6830,0.0071,0.7302
2026-05-08T19:38:00.485,7.1451,1.2177,16.7188,0.0166,0.6856,0.0070,0.7277
2026-05-08T19:38:00.499,7.2124,1.2177,16.7228,0.0166,0.6884,0.0070,0.7251
2026-05-08T19:38:00.513,7.2770,1.2177,16.7265,0.0166,0.6910,0.0069,0.7226
2026-05-08T19:38:00.527,7.3446,1.2177,16.7295,0.0166,0.6937,0.0068,0.7200
2026-05-08T19:38:00.540,7.4119,1.2176,16.7320,0.0165,0.6962,0.0067,0.7177
2026-05-08T19:38:00.554,7.4781,1.2176,16.7343,0.0166,0.6985,0.0064,0.7154
2026-05-08T19:38:00.569,7.5433,1.2176,16.7358,0.0166,0.7006,0.0063,0.7133
2026-05-08T19:38:00.582,7.6121,1.2177,16.7370,0.0167,0.7028,0.0063,0.7111
2026-05-08T19:38:00.596,7.6824,1.2177,16.7378,0.0168,0.7050,0.0063,0.7090
2026-05-08T19:38:00.610,7.7441,1.2177,16.7385,0.0168,0.7069,0.0063,0.7071
2026-05-08T19:38:00.624,7.8126,1.2177,16.7385,0.0169,0.7090,0.0062,0.7050
2026-05-08T19:38:00.637,7.8833,1.2177,16.7380,0.0169,0.7111,0.0060,0.7028
2026-05-08T19:38:00.651,7.9455,1.2177,16.7376,0.0169,0.7130,0.0060,0.7010
2026-05-08T19:38:00.666,8.0117,1.2177,16.7364,0.0168,0.7149,0.0060,0.6990
2026-05-08T19:38:00.679,8.0782,1.2177,16.7349,0.0168,0.7169,0.0059,0.6970
2026-05-08T19:38:00.693,8.1502,1.2176,16.7332,0.0168,0.7194,0.0058,0.6943
2026-05-08T19:38:00.707,8.2120,1.2176,16.7309,0.0167,0.7219,0.0057,0.6918
2026-05-08T19:38:00.721,8.2741,1.2176,16.7283,0.0167,0.7252,0.0055,0.6883
2026-05-08T19:38:00.735,8.3338,1.2175,16.7256,0.0167,0.7289,0.0053,0.6844
2026-05-08T19:38:00.749,8.3896,1.2175,16.7221,0.0167,0.7327,0.0053,0.6804
2026-05-08T19:38:00.762,8.4480,1.2175,16.7177,0.0166,0.7372,0.0052,0.6755
2026-05-08T19:38:00.776,8.5043,1.2175,16.7127,0.0166,0.7418,0.0049,0.6704
2026-05-08T19:38:00.790,8.5580,1.2175,16.7080,0.0166,0.7463,0.0048,0.6654
2026-05-08T19:38:00.803,8.6092,1.2175,16.7020,0.0166,0.7507,0.0046,0.6604
2026-05-08T19:38:00.817,8.6627,1.2175,16.6951,0.0167,0.7555,0.0045,0.6549
2026-05-08T19:38:00.832,8.7127,1.2175,16.6887,0.0167,0.7601,0.0045,0.6496
2026-05-08T19:38:00.846,8.7621,1.2175,16.6809,0.0168,0.7647,0.0044,0.6442
2026-05-08T19:38:00.860,8.8151,1.2175,16.6718,0.0168,0.7698,0.0043,0.6380
2026-05-08T19:38:00.874,8.8640,1.2175,16.6634,0.0169,0.7748,0.0042,0.6320
2026-05-08T19:38:00.887,8.9106,1.2175,16.6538,0.0169,0.7797,0.0041,0.6259
2026-05-08T19:38:00.901,8.9582,1.2175,16.6433,0.0169,0.7849,0.0040,0.6194
2026-05-08T19:38:00.915,9.0004,1.2176,16.6340,0.0169,0.7897,0.0038,0.6133
2026-05-08T19:38:00.929,9.0435,1.2176,16.6230,0.0170,0.7946,0.0037,0.6069
2026-05-08T19:38:00.943,9.0870,1.2176,16.6111,0.0170,0.7997,0.0035,0.6001
2026-05-08T19:38:00.956,9.1302,1.2176,16.5985,0.0170,0.8049,0.0033,0.5932
2026-05-08T19:38:00.970,9.1732,1.2176,16.5860,0.0170,0.8099,0.0031,0.5863
2026-05-08T19:38:00.984,9.2128,1.2176,16.5730,0.0170,0.8147,0.0029,0.5796
2026-05-08T19:38:00.998,9.2556,1.2176,16.5581,0.0169,0.8198,0.0027,0.5724
2026-05-08T19:38:01.012,9.2956,1.2176,16.5444,0.0168,0.8245,0.0025,0.5656
2026-05-08T19:38:01.026,9.3369,1.2176,16.5284,0.0168,0.8294,0.0024,0.5584
2026-05-08T19:38:01.039,9.3788,1.2176,16.5113,0.0168,0.8343,0.0022,0.5510
2026-05-08T19:38:01.054,9.4179,1.2176,16.4956,0.0167,0.8388,0.0020,0.5442
2026-05-08T19:38:01.068,9.4572,1.2176,16.4781,0.0167,0.8433,0.0018,0.5371
2026-05-08T19:38:01.081,9.4970,1.2176,16.4595,0.0166,0.8479,0.0016,0.5299
2026-05-08T19:38:01.096,9.5381,1.2176,16.4404,0.0166,0.8526,0.0014,0.5224
2026-05-08T19:38:01.110,9.5747,1.2176,16.4218,0.0165,0.8567,0.0012,0.5155
2026-05-08T19:38:01.124,9.6153,1.2176,16.4003,0.0165,0.8613,0.0010,0.5078
2026-05-08T19:38:01.137,9.6538,1.2176,16.3789,0.0164,0.8656,0.0009,0.5004
2026-05-08T19:38:01.151,9.6921,1.2176,16.3579,0.0164,0.8699,0.0007,0.4930
2026-05-08T19:38:01.165,9.7288,1.2176,16.3359,0.0164,0.8739,0.0006,0.4859
2026-05-08T19:38:01.178,9.7655,1.2176,16.3131,0.0164,0.8779,0.0005,0.4785
2026-05-08T19:38:01.192,9.8026,1.2176,16.2902,0.0164,0.8819,0.0003,0.4712
2026-05-08T19:38:01.206,9.8373,1.2176,16.2670,0.0164,0.8857,0.0002,0.4640
2026-05-08T19:38:01.220,9.8748,1.2176,16.2410,0.0164,0.8898,0.0000,0.4560
2026-05-08T19:38:01.234,9.9099,1.2176,16.2169,0.0163,0.8936,-0.0003,0.4486
2026-05-08T19:38:01.248,9.9436,1.2176,16.1917,0.0162,0.8973,-0.0005,0.4411
2026-05-08T19:38:01.261,9.9794,1.2176,16.1641,0.0162,0.9012,-0.0007,0.4330
2026-05-08T19:38:01.276,10.0133,1.2176,16.1381,0.0163,0.9048,-0.0009,0.4255
2026-05-08T19:38:01.290,10.0469,1.2176,16.1102,0.0163,0.9084,-0.0011,0.4178
2026-05-08T19:38:01.305,10.0816,1.2176,16.0804,0.0163,0.9121,-0.0013,0.4096
2026-05-08T19:38:01.320,10.1160,1.2176,16.0499,0.0163,0.9158,-0.0015,0.4014
2026-05-08T19:38:01.335,10.1503,1.2176,16.0195,0.0164,0.9194,-0.0016,0.3931
2026-05-08T19:38:01.349,10.1828,1.2176,15.9885,0.0163,0.9227,-0.0016,0.3852
2026-05-08T19:38:01.362,10.2177,1.2176,15.9539,0.0163,0.9263,-0.0017,0.3764
2026-05-08T19:38:01.377,10.2477,1.2176,15.9245,0.0162,0.9294,-0.0017,0.3688
2026-05-08T19:38:01.392,10.2776,1.2176,15.8927,0.0161,0.9325,-0.0019,0.3609
2026-05-08T19:38:01.407,10.3090,1.2176,15.8581,0.0162,0.9357,-0.0021,0.3524
2026-05-08T19:38:01.422,10.3388,1.2176,15.8242,0.0161,0.9388,-0.0023,0.3441
2026-05-08T19:38:01.439,10.3717,1.2176,15.7868,0.0161,0.9420,-0.0024,0.3351
2026-05-08T19:38:01.453,10.4027,1.2176,15.7486,0.0160,0.9452,-0.0027,0.3261
2026-05-08T19:38:01.469,10.4347,1.2176,15.7078,0.0159,0.9485,-0.0029,0.3164
2026-05-08T19:38:01.483,10.4605,1.2176,15.6734,0.0159,0.9511,-0.0030,0.3084
2026-05-08T19:38:01.497,10.4896,1.2176,15.6332,0.0158,0.9540,-0.0031,0.2992
2026-05-08T19:38:01.511,10.5147,1.2175,15.5990,0.0158,0.9565,-0.0032,0.2914
2026-05-08T19:38:01.525,10.5406,1.2175,15.5604,0.0158,0.9591,-0.0033,0.2827
2026-05-08T19:38:01.539,10.5643,1.2175,15.5237,0.0158,0.9614,-0.0034,0.2745
2026-05-08T19:38:01.554,10.5885,1.2175,15.4864,0.0158,0.9638,-0.0036,0.2662
2026-05-08T19:38:01.569,10.6106,1.2175,15.4494,0.0158,0.9660,-0.0038,0.2581
2026-05-08T19:38:01.584,10.6337,1.2175,15.4093,0.0157,0.9683,-0.0040,0.2494
2026-05-08T19:38:01.598,10.6569,1.2175,15.3672,0.0156,0.9706,-0.0041,0.2403
2026-05-08T19:38:01.613,10.6802,1.2175,15.3251,0.0155,0.9728,-0.0043,0.2311
2026-05-08T19:38:01.627,10.6993,1.2175,15.2870,0.0154,0.9747,-0.0045,0.2230
2026-05-08T19:38:01.640,10.7191,1.2175,15.2460,0.0154,0.9766,-0.0046,0.2143
2026-05-08T19:38:01.656,10.7386,1.2175,15.2059,0.0153,0.9785,-0.0048,0.2058
2026-05-08T19:38:01.673,10.7557,1.2175,15.1670,0.0153,0.9801,-0.0049,0.1977
2026-05-08T19:38:01.690,10.7758,1.2175,15.1190,0.0152,0.9821,-0.0050,0.1877
2026-05-08T19:38:01.705,10.7946,1.2175,15.0715,0.0151,0.9839,-0.0052,0.1779
2026-05-08T19:38:01.720,10.8133,1.2175,15.0216,0.0150,0.9857,-0.0054,0.1677
2026-05-08T19:38:01.735,10.8303,1.2175,14.9762,0.0150,0.9872,-0.0055,0.1584
2026-05-08T19:38:01.749,10.8446,1.2175,14.9328,0.0150,0.9886,-0.0056,0.1496
2026-05-08T19:38:01.764,10.8588,1.2175,14.8869,0.0150,0.9900,-0.0057,0.1404
2026-05-08T19:38:01.778,10.8708,1.2175,14.8455,0.0150,0.9911,-0.0058,0.1321
2026-05-08T19:38:01.793,10.8841,1.2176,14.7999,0.0150,0.9923,-0.0059,0.1230
2026-05-08T19:38:01.808,10.8945,1.2175,14.7582,0.0149,0.9933,-0.0061,0.1147
2026-05-08T19:38:01.823,10.9055,1.2175,14.7113,0.0149,0.9943,-0.0062,0.1054
2026-05-08T19:38:01.841,10.9163,1.2175,14.6657,0.0149,0.9952,-0.0063,0.0965
2026-05-08T19:38:01.859,10.9254,1.2175,14.6188,0.0149,0.9961,-0.0064,0.0873
2026-05-08T19:38:01.875,10.9352,1.2175,14.5632,0.0147,0.9970,-0.0066,0.0764
2026-05-08T19:38:01.892,10.9437,1.2175,14.5083,0.0144,0.9977,-0.0069,0.0655
2026-05-08T19:38:01.906,10.9503,1.2175,14.4580,0.0143,0.9983,-0.0072,0.0555
2026-05-08T19:38:01.921,10.9562,1.2175,14.4047,0.0143,0.9989,-0.0073,0.0450
2026-05-08T19:38:01.937,10.9614,1.2176,14.3592,0.0143,0.9992,-0.0074,0.0360
2026-05-08T19:38:01.955,10.9646,1.2176,14.3143,0.0143,0.9995,-0.0074,0.0272
2026-05-08T19:38:01.972,10.9674,1.2176,14.2617,0.0141,0.9997,-0.0076,0.0167
2026-05-08T19:38:01.987,10.9690,1.2176,14.2103,0.0138,0.9999,-0.0078,0.0064
2026-05-08T19:38:02.003,10.9697,1.2175,14.1563,0.0138,0.9999,-0.0080,-0.0049
2026-05-08T19:38:02.018,10.9704,1.2175,14.1121,0.0136,0.9998,-0.0080,-0.0142
2026-05-08T19:38:02.037,10.9690,1.2175,14.0649,0.0134,0.9996,-0.0082,-0.0244
2026-05-08T19:38:02.054,10.9668,1.2175,14.0208,0.0132,0.9993,-0.0084,-0.0344
2026-05-08T19:38:02.069,10.9631,1.2174,13.9686,0.0129,0.9988,-0.0086,-0.0463
2026-05-08T19:38:02.084,10.9588,1.2174,13.9226,0.0128,0.9982,-0.0087,-0.0572
2026-05-08T19:38:02.099,10.9540,1.2174,13.8814,0.0125,0.9976,-0.0087,-0.0672
2026-05-08T19:38:02.117,10.9498,1.2174,13.8425,0.0122,0.9969,-0.0089,-0.0773
2026-05-08T19:38:02.134,10.9439,1.2173,13.8046,0.0121,0.9960,-0.0092,-0.0879
2026-05-08T19:38:02.151,10.9370,1.2173,13.7663,0.0120,0.9948,-0.0094,-0.1009
2026-05-08T19:38:02.168,10.9303,1.2173,13.7337,0.0120,0.9935,-0.0096,-0.1127
2026-05-08T19:38:02.183,10.9237,1.2173,13.7051,0.0119,0.9921,-0.0097,-0.1245
2026-05-08T19:38:02.198,10.9172,1.2173,13.6744,0.0118,0.9904,-0.0098,-0.1372
2026-05-08T19:38:02.215,10.9111,1.2173,13.6528,0.0118,0.9889,-0.0099,-0.1479
2026-05-08T19:38:02.233,10.9041,1.2172,13.6300,0.0117,0.9871,-0.0102,-0.1596
2026-05-08T19:38:02.250,10.8964,1.2172,13.6068,0.0115,0.9849,-0.0104,-0.1722
2026-05-08T19:38:02.266,10.8878,1.2172,13.5830,0.0114,0.9825,-0.0108,-0.1854
2026-05-08T19:38:02.281,10.8801,1.2172,13.5636,0.0111,0.9802,-0.0109,-0.1973
2026-05-08T19:38:02.296,10.8739,1.2172,13.5455,0.0109,0.9775,-0.0111,-0.2105
2026-05-08T19:38:02.312,10.8680,1.2172,13.5325,0.0108,0.9751,-0.0111,-0.2213
2026-05-08T19:38:02.329,10.8643,1.2172,13.5248,0.0107,0.9724,-0.0113,-0.2330
2026-05-08T19:38:02.344,10.8611,1.2172,13.5184,0.0105,0.9693,-0.0114,-0.2453
2026-05-08T19:38:02.359,10.8583,1.2171,13.5133,0.0103,0.9662,-0.0116,-0.2575
2026-05-08T19:38:02.375,10.8584,1.2171,13.5108,0.0101,0.9631,-0.0116,-0.2688
2026-05-08T19:38:02.389,10.8592,1.2171,13.5121,0.0099,0.9598,-0.0118,-0.2802
2026-05-08T19:38:02.404,10.8606,1.2171,13.5141,0.0097,0.9563,-0.0119,-0.2920
2026-05-08T19:38:02.419,10.8621,1.2171,13.5163,0.0095,0.9529,-0.0121,-0.3028
2026-05-08T19:38:02.435,10.8650,1.2171,13.5183,0.0095,0.9493,-0.0122,-0.3141
2026-05-08T19:38:02.451,10.8684,1.2172,13.5228,0.0094,0.9457,-0.0123,-0.3247
2026-05-08T19:38:02.469,10.8727,1.2171,13.5282,0.0093,0.9414,-0.0124,-0.3371
2026-05-08T19:38:02.483,10.8768,1.2171,13.5332,0.0091,0.9373,-0.0126,-0.3483
2026-05-08T19:38:02.498,10.8815,1.2171,13.5386,0.0091,0.9324,-0.0127,-0.3610
2026-05-08T19:38:02.514,10.8864,1.2171,13.5418,0.0088,0.9284,-0.0128,-0.3713
2026-05-08T19:38:02.529,10.8907,1.2171,13.5462,0.0086,0.9239,-0.0129,-0.3822
2026-05-08T19:38:02.543,10.8932,1.2171,13.5487,0.0083,0.9192,-0.0131,-0.3935
2026-05-08T19:38:02.558,10.8952,1.2171,13.5507,0.0082,0.9145,-0.0131,-0.4044
2026-05-08T19:38:02.574,10.8968,1.2172,13.5504,0.0082,0.9097,-0.0133,-0.4150
2026-05-08T19:38:02.590,10.8947,1.2172,13.5485,0.0082,0.9047,-0.0134,-0.4258
2026-05-08T19:38:02.605,10.8895,1.2172,13.5442,0.0080,0.8993,-0.0136,-0.4370
2026-05-08T19:38:02.619,10.8772,1.2172,13.5346,0.0078,0.8939,-0.0137,-0.4480
2026-05-08T19:38:02.635,10.8635,1.2172,13.5227,0.0077,0.8888,-0.0138,-0.4580
2026-05-08T19:38:02.649,10.8410,1.2172,13.5066,0.0077,0.8840,-0.0140,-0.4672
2026-05-08T19:38:02.664,10.8130,1.2172,13.4874,0.0076,0.8791,-0.0140,-0.4763
2026-05-08T19:38:02.677,10.7842,1.2172,13.4686,0.0074,0.8747,-0.0141,-0.4844
2026-05-08T19:38:02.692,10.7454,1.2172,13.4431,0.0073,0.8703,-0.0141,-0.4922
2026-05-08T19:38:02.706,10.7081,1.2172,13.4207,0.0072,0.8664,-0.0142,-0.4991
2026-05-08T19:38:02.720,10.6632,1.2172,13.3947,0.0071,0.8625,-0.0143,-0.5058
2026-05-08T19:38:02.736,10.6170,1.2173,13.3679,0.0071,0.8586,-0.0143,-0.5124
2026-05-08T19:38:02.750,10.5707,1.2173,13.3429,0.0070,0.8548,-0.0143,-0.5188
2026-05-08T19:38:02.765,10.5188,1.2172,13.3158,0.0068,0.8506,-0.0144,-0.5256
2026-05-08T19:38:02.779,10.4698,1.2172,13.2913,0.0065,0.8468,-0.0145,-0.5317
2026-05-08T19:38:02.794,10.4083,1.2172,13.2608,0.0064,0.8421,-0.0146,-0.5391
2026-05-08T19:38:02.808,10.3682,1.2173,13.2423,0.0064,0.8392,-0.0147,-0.5436
2026-05-08T19:38:02.822,10.3136,1.2173,13.2179,0.0064,0.8350,-0.0147,-0.5500
2026-05-08T19:38:02.837,10.2637,1.2173,13.1956,0.0063,0.8313,-0.0148,-0.5556
2026-05-08T19:38:02.852,10.2105,1.2173,13.1736,0.0064,0.8273,-0.0149,-0.5615
2026-05-08T19:38:02.867,10.1555,1.2173,13.1517,0.0062,0.8232,-0.0149,-0.5676
2026-05-08T19:38:02.880,10.1026,1.2173,13.1316,0.0061,0.8192,-0.0149,-0.5733
2026-05-08T19:38:02.894,10.0448,1.2173,13.1097,0.0061,0.8149,-0.0150,-0.5794
2026-05-08T19:38:02.907,9.9969,1.2173,13.0931,0.0060,0.8114,-0.0151,-0.5843
2026-05-08T19:38:02.921,9.9454,1.2174,13.0759,0.0058,0.8075,-0.0151,-0.5896
2026-05-08T19:38:02.936,9.8957,1.2173,13.0593,0.0057,0.8038,-0.0151,-0.5947
2026-05-08T19:38:02.951,9.8424,1.2173,13.0430,0.0056,0.7998,-0.0152,-0.6001
2026-05-08T19:38:02.966,9.7935,1.2173,13.0288,0.0054,0.7944,-0.0152,-0.6071
2026-05-08T19:38:02.979,9.7570,1.2174,13.0188,0.0053,0.7888,-0.0153,-0.6144
2026-05-08T19:38:02.994,9.7177,1.2174,13.0079,0.0052,0.7821,-0.0153,-0.6230
2026-05-08T19:38:03.007,9.6929,1.2174,13.0022,0.0050,0.7764,-0.0154,-0.6300
2026-05-08T19:38:03.021,9.6644,1.2174,12.9962,0.0048,0.7698,-0.0154,-0.6381
2026-05-08T19:38:03.036,9.6395,1.2174,12.9904,0.0047,0.7636,-0.0155,-0.6455
2026-05-08T19:38:03.049,9.6139,1.2174,12.9861,0.0045,0.7568,-0.0155,-0.6534
2026-05-08T19:38:03.062,9.5868,1.2174,12.9821,0.0044,0.7496,-0.0156,-0.6617
2026-05-08T19:38:03.080,9.5652,1.2174,12.9793,0.0043,0.7438,-0.0156,-0.6683
2026-05-08T19:38:03.094,9.5392,1.2174,12.9756,0.0041,0.7367,-0.0156,-0.6761
2026-05-08T19:38:03.108,9.5096,1.2174,12.9730,0.0039,0.7285,-0.0157,-0.6849
2026-05-08T19:38:03.121,9.4835,1.2173,12.9714,0.0037,0.7215,-0.0157,-0.6922
2026-05-08T19:38:03.136,9.4546,1.2173,12.9691,0.0035,0.7145,-0.0158,-0.6995
2026-05-08T19:38:03.151,9.4224,1.2173,12.9685,0.0034,0.7082,-0.0158,-0.7058
2026-05-08T19:38:03.165,9.3837,1.2173,12.9684,0.0032,0.7010,-0.0158,-0.7130
2026-05-08T19:38:03.178,9.3439,1.2174,12.9691,0.0030,0.6940,-0.0159,-0.7198
2026-05-08T19:38:03.193,9.2980,1.2174,12.9699,0.0028,0.6874,-0.0159,-0.7261
2026-05-08T19:38:03.207,9.2564,1.2174,12.9721,0.0027,0.6817,-0.0160,-0.7315
2026-05-08T19:38:03.220,9.2078,1.2174,12.9755,0.0028,0.6756,-0.0160,-0.7371
2026-05-08T19:38:03.235,9.1569,1.2174,12.9791,0.0027,0.6701,-0.0162,-0.7421
2026-05-08T19:38:03.249,9.1085,1.2174,12.9841,0.0026,0.6650,-0.0162,-0.7467
2026-05-08T19:38:03.263,9.0489,1.2174,12.9911,0.0024,0.6591,-0.0163,-0.7519
2026-05-08T19:38:03.276,8.9963,1.2174,12.9980,0.0023,0.6543,-0.0162,-0.7560
2026-05-08T19:38:03.290,8.9403,1.2174,13.0054,0.0023,0.6495,-0.0163,-0.7602
2026-05-08T19:38:03.304,8.8843,1.2174,13.0143,0.0022,0.6453,-0.0163,-0.7637
2026-05-08T19:38:03.318,8.8239,1.2175,13.0246,0.0021,0.6411,-0.0163,-0.7673
2026-05-08T19:38:03.332,8.7629,1.2175,13.0350,0.0020,0.6373,-0.0163,-0.7705
2026-05-08T19:38:03.346,8.7030,1.2174,13.0465,0.0019,0.6343,-0.0162,-0.7729
2026-05-08T19:38:03.359,8.6344,1.2174,13.0601,0.0018,0.6311,-0.0163,-0.7755
2026-05-08T19:38:03.374,8.5707,1.2174,13.0729,0.0018,0.6284,-0.0162,-0.7777
2026-05-08T19:38:03.388,8.5100,1.2175,13.0860,0.0018,0.6261,-0.0162,-0.7796
2026-05-08T19:38:03.402,8.4396,1.2174,13.1016,0.0017,0.6237,-0.0162,-0.7815
2026-05-08T19:38:03.416,8.3748,1.2174,13.1160,0.0016,0.6215,-0.0161,-0.7832
2026-05-08T19:38:03.429,8.3087,1.2174,13.1315,0.0014,0.6194,-0.0161,-0.7849
2026-05-08T19:38:03.444,8.2449,1.2174,13.1468,0.0014,0.6175,-0.0161,-0.7864
2026-05-08T19:38:03.456,8.1773,1.2174,13.1633,0.0014,0.6156,-0.0161,-0.7879
2026-05-08T19:38:03.471,8.1111,1.2174,13.1795,0.0014,0.6138,-0.0162,-0.7893
2026-05-08T19:38:03.485,8.0498,1.2175,13.1951,0.0014,0.6121,-0.0163,-0.7906
2026-05-08T19:38:03.498,7.9809,1.2175,13.2129,0.0014,0.6102,-0.0163,-0.7921
2026-05-08T19:38:03.513,7.9163,1.2175,13.2298,0.0014,0.6085,-0.0163,-0.7933
2026-05-08T19:38:03.526,7.8500,1.2175,13.2476,0.0013,0.6068,-0.0163,-0.7947
2026-05-08T19:38:03.540,7.7810,1.2175,13.2664,0.0013,0.6050,-0.0163,-0.7961
2026-05-08T19:38:03.554,7.7192,1.2175,13.2833,0.0012,0.6033,-0.0163,-0.7973
2026-05-08T19:38:03.568,7.6514,1.2175,13.3025,0.0012,0.6015,-0.0163,-0.7987
2026-05-08T19:38:03.582,7.5886,1.2175,13.3206,0.0012,0.5997,-0.0163,-0.8000
2026-05-08T19:38:03.596,7.5198,1.2175,13.3408,0.0011,0.5978,-0.0162,-0.8015
2026-05-08T19:38:03.610,7.4555,1.2175,13.3596,0.0011,0.5960,-0.0162,-0.8029
2026-05-08T19:38:03.623,7.3898,1.2175,13.3795,0.0011,0.5941,-0.0161,-0.8042
2026-05-08T19:38:03.637,7.3278,1.2175,13.3986,0.0011,0.5922,-0.0160,-0.8057
2026-05-08T19:38:03.651,7.2627,1.2175,13.4188,0.0011,0.5900,-0.0159,-0.8072
2026-05-08T19:38:03.665,7.1996,1.2174,13.4389,0.0010,0.5880,-0.0158,-0.8087
2026-05-08T19:38:03.679,7.1341,1.2174,13.4602,0.0010,0.5859,-0.0159,-0.8103
2026-05-08T19:38:03.693,7.0684,1.2174,13.4816,0.0008,0.5837,-0.0158,-0.8118
2026-05-08T19:38:03.707,7.0081,1.2174,13.5019,0.0008,0.5817,-0.0158,-0.8133
2026-05-08T19:38:03.720,6.9427,1.2174,13.5242,0.0008,0.5793,-0.0157,-0.8149
2026-05-08T19:38:03.740,6.8793,1.2174,13.5460,0.0008,0.5769,-0.0157,-0.8166
2026-05-08T19:38:04.027,6.8215,1.2174,13.5666,0.0007,0.5740,-0.0156,-0.8187
2026-05-08T19:38:04.039,7.2616,1.2173,13.4077,-0.0036,0.3772,-0.0143,-0.9260
2026-05-08T19:38:04.052,7.2579,1.2173,13.3787,-0.0038,0.3712,-0.0142,-0.9284
2026-05-08T19:38:04.065,7.2778,1.2172,13.3579,-0.0040,0.3598,-0.0141,-0.9329
2026-05-08T19:38:04.083,7.2901,1.2172,13.3444,-0.0042,0.3527,-0.0140,-0.9356
2026-05-08T19:38:04.095,7.3168,1.2172,13.3140,-0.0045,0.3368,-0.0140,-0.9415
2026-05-08T19:38:04.110,7.3215,1.2173,13.3057,-0.0046,0.3333,-0.0139,-0.9427
2026-05-08T19:38:04.123,7.3371,1.2173,13.2865,-0.0048,0.3240,-0.0140,-0.9460
2026-05-08T19:38:04.146,7.3544,1.2173,13.2643,-0.0050,0.3134,-0.0139,-0.9495
2026-05-08T19:38:04.172,7.3779,1.2173,13.2328,-0.0053,0.2992,-0.0138,-0.9541
2026-05-08T19:38:04.198,7.3947,1.2173,13.2062,-0.0056,0.2881,-0.0137,-0.9575
2026-05-08T19:38:04.226,7.4237,1.2172,13.1626,-0.0060,0.2705,-0.0135,-0.9626
2026-05-08T19:38:04.245,7.4530,1.2172,13.1148,-0.0062,0.2525,-0.0133,-0.9675
2026-05-08T19:38:04.264,7.4832,1.2172,13.0610,-0.0064,0.2336,-0.0131,-0.9722
2026-05-08T19:38:04.282,7.5020,1.2172,13.0243,-0.0066,0.2210,-0.0129,-0.9752
2026-05-08T19:38:04.304,7.5208,1.2171,12.9850,-0.0068,0.2078,-0.0127,-0.9781
2026-05-08T19:38:04.325,7.5406,1.2171,12.9408,-0.0071,0.1936,-0.0123,-0.9810
2026-05-08T19:38:04.346,7.5579,1.2170,12.8989,-0.0073,0.1805,-0.0121,-0.9835
2026-05-08T19:38:04.369,7.5763,1.2171,12.8505,-0.0074,0.1660,-0.0120,-0.9860
2026-05-08T19:38:04.393,7.5930,1.2170,12.8026,-0.0074,0.1517,-0.0118,-0.9883
2026-05-08T19:38:04.416,7.6098,1.2170,12.7493,-0.0077,0.1359,-0.0115,-0.9906
2026-05-08T19:38:04.438,7.6257,1.2170,12.6924,-0.0079,0.1194,-0.0114,-0.9927
2026-05-08T19:38:04.458,7.6387,1.2170,12.6395,-0.0078,0.1039,-0.0114,-0.9945
2026-05-08T19:38:04.481,7.6496,1.2170,12.5882,-0.0082,0.0889,-0.0110,-0.9959
2026-05-08T19:38:04.507,7.6584,1.2170,12.5387,-0.0084,0.0745,-0.0112,-0.9971
2026-05-08T19:38:04.532,7.6661,1.2172,12.4860,-0.0083,0.0592,-0.0114,-0.9981
2026-05-08T19:38:04.561,7.6735,1.2172,12.4239,-0.0083,0.0406,-0.0115,-0.9991
2026-05-08T19:38:04.589,7.6782,1.2172,12.3674,-0.0082,0.0224,-0.0111,-0.9997
2026-05-08T19:38:04.616,7.6811,1.2172,12.3031,-0.0079,0.0010,-0.0112,-0.9999
2026-05-08T19:38:04.642,7.6811,1.2172,12.2427,-0.0080,-0.0195,-0.0107,-0.9997
2026-05-08T19:38:04.668,7.6791,1.2173,12.1853,-0.0070,-0.0389,-0.0106,-0.9992
2026-05-08T19:38:04.693,7.6748,1.2175,12.1271,-0.0066,-0.0592,-0.0105,-0.9982
2026-05-08T19:38:04.716,7.6691,1.2175,12.0775,-0.0063,-0.0787,-0.0101,-0.9968
2026-05-08T19:38:04.739,7.6608,1.2176,12.0773,-0.0063,-0.0974,-0.0098,-0.9952
2026-05-08T19:38:04.764,7.6516,1.2177,12.0771,-0.0052,-0.1145,-0.0094,-0.9934
2026-05-08T19:38:04.793,7.6404,1.2177,12.0768,-0.0052,-0.1325,-0.0091,-0.9911
2026-05-08T19:38:04.822,7.6265,1.2179,12.0764,-0.0039,-0.1522,-0.0093,-0.9883
2026-05-08T19:38:04.850,7.6082,1.2181,12.0759,-0.0013,-0.1756,-0.0090,-0.9844
2026-05-08T19:38:04.874,7.5878,1.2183,12.0750,0.0010,-0.1997,-0.0088,-0.9798
2026-05-08T19:38:04.896,7.5646,1.2183,12.0742,0.0022,-0.2220,-0.0088,-0.9750
2026-05-08T19:38:04.918,7.5480,1.2185,12.0731,0.0023,-0.2423,-0.0083,-0.9702
2026-05-08T19:38:04.942,7.5328,1.2183,12.0720,0.0025,-0.2600,-0.0079,-0.9656
2026-05-08T19:38:04.968,7.5313,1.2184,12.0713,0.0030,-0.2783,-0.0070,-0.9605
2026-05-08T19:38:04.997,7.5442,1.2185,12.0902,0.0044,-0.2931,-0.0068,-0.9561
2026-05-08T19:38:05.024,7.5941,1.2184,12.1629,0.0066,-0.3082,-0.0075,-0.9513
2026-05-08T19:38:05.049,7.6756,1.2184,12.2740,0.0073,-0.3160,-0.0081,-0.9487
2026-05-08T19:38:05.074,7.7543,1.2186,12.3778,0.0069,-0.3182,-0.0068,-0.9480
2026-05-08T19:38:05.099,7.8296,1.2182,12.4762,0.0055,-0.3204,-0.0054,-0.9473
2026-05-08T19:38:05.124,7.9073,1.2181,12.5772,0.0043,-0.3219,-0.0035,-0.9468
2026-05-08T19:38:05.146,7.9845,1.2180,12.6774,0.0037,-0.3219,-0.0031,-0.9468
2026-05-08T19:38:05.168,8.0583,1.2180,12.7726,0.0032,-0.3219,-0.0028,-0.9468
2026-05-08T19:38:05.193,8.1266,1.2179,12.8608,0.0031,-0.3223,-0.0024,-0.9466
2026-05-08T19:38:05.220,8.1964,1.2178,12.9514,0.0030,-0.3214,-0.0024,-0.9469
2026-05-08T19:38:05.249,8.2678,1.2178,13.0442,0.0025,-0.3202,-0.0024,-0.9473
2026-05-08T19:38:05.274,8.3502,1.2177,13.1519,0.0019,-0.3189,-0.0018,-0.9478
2026-05-08T19:38:05.299,8.4376,1.2176,13.2673,0.0021,-0.3185,-0.0020,-0.9479
2026-05-08T19:38:05.323,8.5142,1.2176,13.3681,0.0015,-0.3177,-0.0020,-0.9482
2026-05-08T19:38:05.347,8.5896,1.2175,13.4678,0.0012,-0.3172,-0.0016,-0.9484
2026-05-08T19:38:05.371,8.6623,1.2175,13.5644,0.0009,-0.3171,-0.0014,-0.9484
2026-05-08T19:38:05.396,8.7333,1.2174,13.6587,-0.0002,-0.3164,-0.0016,-0.9486
2026-05-08T19:38:05.420,8.8085,1.2174,13.7590,-0.0007,-0.3154,-0.0019,-0.9489
2026-05-08T19:38:05.444,8.8806,1.2174,13.8557,-0.0018,-0.3143,-0.0022,-0.9493
2026-05-08T19:38:05.468,8.9489,1.2174,13.9478,-0.0026,-0.3075,-0.0017,-0.9516
2026-05-08T19:38:05.491,9.0136,1.2172,14.0381,-0.0049,-0.2985,-0.0016,-0.9544
2026-05-08T19:38:05.515,9.0742,1.2171,14.1266,-0.0081,-0.2874,-0.0003,-0.9578
2026-05-08T19:38:05.540,9.1332,1.2169,14.2180,-0.0115,-0.2756,-0.0003,-0.9612
2026-05-08T19:38:05.567,9.1892,1.2168,14.3106,-0.0162,-0.2597,0.0000,-0.9656
2026-05-08T19:38:05.592,9.2443,1.2166,14.4084,-0.0197,-0.2413,-0.0017,-0.9702
2026-05-08T19:38:05.618,9.2993,1.2166,14.5155,-0.0212,-0.2231,-0.0030,-0.9746
2026-05-08T19:38:05.644,9.3456,1.2167,14.6150,-0.0212,-0.2065,-0.0049,-0.9782
2026-05-08T19:38:05.669,9.3909,1.2166,14.7202,-0.0210,-0.1892,-0.0074,-0.9817
2026-05-08T19:38:05.696,9.4313,1.2166,14.8243,-0.0203,-0.1742,-0.0090,-0.9845
2026-05-08T19:38:05.719,9.4694,1.2156,14.9312,-0.0196,-0.1604,-0.0090,-0.9868
2026-05-08T19:38:05.743,9.5052,1.2159,15.0405,-0.0226,-0.1492,-0.0090,-0.9885
2026-05-08T19:38:05.766,9.5338,1.2151,15.1362,-0.0256,-0.1349,-0.0082,-0.9905
2026-05-08T19:38:05.793,9.5604,1.2150,15.2371,-0.0303,-0.1213,-0.0087,-0.9921
2026-05-08T19:38:05.816,9.5847,1.2147,15.3392,-0.0372,-0.1063,-0.0078,-0.9936
2026-05-08T19:38:05.845,9.6081,1.2138,15.4507,-0.0422,-0.0923,-0.0090,-0.9948
2026-05-08T19:38:05.876,9.6244,1.2116,15.5501,-0.0523,-0.0698,-0.0072,-0.9962
2026-05-08T19:38:05.909,9.6403,1.2125,15.6772,-0.0565,-0.0500,-0.0104,-0.9971
2026-05-08T19:38:05.940,9.6535,1.2126,15.8154,-0.0502,-0.0306,-0.0146,-0.9982
2026-05-08T19:38:05.967,9.6615,1.2121,15.9613,-0.0453,-0.0122,-0.0178,-0.9987
2026-05-08T19:38:05.994,9.6641,1.2117,16.0915,-0.0463,0.0042,-0.0183,-0.9987
2026-05-08T19:38:06.021,9.6629,1.2115,16.2140,-0.0486,0.0176,-0.0187,-0.9985
2026-05-08T19:38:06.047,9.6586,1.2114,16.3298,-0.0489,0.0286,-0.0185,-0.9982
2026-05-08T19:38:06.074,9.6516,1.2113,16.4483,-0.0483,0.0391,-0.0192,-0.9979
2026-05-08T19:38:06.102,9.6429,1.2113,16.5643,-0.0471,0.0484,-0.0195,-0.9975
2026-05-08T19:38:06.131,9.6320,1.2115,16.6826,-0.0452,0.0561,-0.0190,-0.9972
2026-05-08T19:38:06.160,9.6190,1.2120,16.8061,-0.0399,0.0625,-0.0190,-0.9971
2026-05-08T19:38:06.188,9.6044,1.2128,16.9335,-0.0335,0.0682,-0.0196,-0.9969
2026-05-08T19:38:06.216,9.5889,1.2133,17.0532,-0.0284,0.0746,-0.0189,-0.9966
2026-05-08T19:38:06.243,9.5719,1.2139,17.1742,-0.0217,0.0803,-0.0195,-0.9963
2026-05-08T19:38:06.271,9.5536,1.2150,17.2943,-0.0168,0.0850,-0.0204,-0.9960
2026-05-08T19:38:06.299,9.5345,1.2157,17.4115,-0.0075,0.0895,-0.0196,-0.9958
2026-05-08T19:38:06.327,9.5148,1.2169,17.5301,0.0029,0.0935,-0.0201,-0.9954
2026-05-08T19:38:06.356,9.4932,1.2183,17.6528,0.0115,0.0956,-0.0181,-0.9952
2026-05-08T19:38:06.385,9.4717,1.2197,17.7719,0.0198,0.0965,-0.0189,-0.9950
2026-05-08T19:38:06.412,9.4500,1.2201,17.8929,0.0235,0.0989,-0.0154,-0.9947
2026-05-08T19:38:06.440,9.4272,1.2209,18.0127,0.0265,0.1022,-0.0151,-0.9943
2026-05-08T19:38:06.468,9.4045,1.2213,18.1290,0.0276,0.1054,-0.0152,-0.9939
2026-05-08T19:38:06.496,9.3806,1.2212,18.2466,0.0284,0.1115,-0.0141,-0.9933
2026-05-08T19:38:06.524,9.3548,1.2219,18.3636,0.0301,0.1181,-0.0139,-0.9924
2026-05-08T19:38:06.553,9.3281,1.2225,18.4784,0.0341,0.1255,-0.0111,-0.9914
2026-05-08T19:38:06.581,9.2997,1.2226,18.5932,0.0367,0.1320,-0.0091,-0.9905
2026-05-08T19:38:06.611,9.2697,1.2229,18.7088,0.0354,0.1400,-0.0069,-0.9895
2026-05-08T19:38:06.641,9.2374,1.2228,18.8241,0.0333,0.1496,-0.0056,-0.9882
2026-05-08T19:38:06.675,9.2020,1.2229,18.9417,0.0332,0.1591,-0.0044,-0.9867
2026-05-08T19:38:06.710,9.1638,1.2231,19.0603,0.0335,0.1690,-0.0028,-0.9850
2026-05-08T19:38:06.742,9.1194,1.2231,19.1872,0.0338,0.1830,-0.0030,-0.9825
2026-05-08T19:38:06.775,9.0686,1.2230,19.3193,0.0332,0.1989,-0.0030,-0.9794
2026-05-08T19:38:06.806,9.0186,1.2228,19.4387,0.0303,0.2159,-0.0023,-0.9759
2026-05-08T19:38:06.836,8.9650,1.2225,19.5528,0.0277,0.2353,-0.0015,-0.9715
2026-05-08T19:38:06.869,8.9089,1.2220,19.6602,0.0235,0.2564,-0.0005,-0.9663
2026-05-08T19:38:06.903,8.8461,1.2209,19.7658,0.0159,0.2809,0.0000,-0.9596
2026-05-08T19:38:06.937,8.7760,1.2208,19.8717,0.0117,0.3133,-0.0013,-0.9496
2026-05-08T19:38:06.972,8.6954,1.2203,19.9767,0.0154,0.3454,-0.0036,-0.9383
2026-05-08T19:38:07.003,8.6077,1.2201,20.0779,0.0186,0.3772,-0.0064,-0.9259
2026-05-08T19:38:07.035,8.5111,1.2198,20.1748,0.0208,0.4076,-0.0088,-0.9129
2026-05-08T19:38:07.068,8.4209,1.2191,20.2547,0.0188,0.4318,-0.0073,-0.9017
2026-05-08T19:38:07.102,8.3221,1.2188,20.3335,0.0156,0.4590,-0.0090,-0.8882
2026-05-08T19:38:07.135,8.2184,1.2178,20.4077,0.0139,0.4775,-0.0078,-0.8785
2026-05-08T19:38:07.166,8.1062,1.2172,20.4797,0.0106,0.4967,-0.0059,-0.8679
2026-05-08T19:38:07.196,7.9974,1.2172,20.5447,0.0130,0.5107,-0.0054,-0.8597
2026-05-08T19:38:07.226,7.8925,1.2174,20.6036,0.0135,0.5221,-0.0046,-0.8527
2026-05-08T19:38:07.260,7.7880,1.2175,20.6582,0.0130,0.5328,-0.0035,-0.8461
2026-05-08T19:38:07.294,7.6831,1.2174,20.7104,0.0131,0.5423,-0.0024,-0.8401
2026-05-08T19:38:07.328,7.5624,1.2175,20.7662,0.0119,0.5531,-0.0018,-0.8330
2026-05-08T19:38:07.361,7.4405,1.2175,20.8193,0.0116,0.5635,-0.0018,-0.8261
2026-05-08T19:38:07.391,7.3159,1.2175,20.8690,0.0101,0.5754,-0.0020,-0.8178
2026-05-08T19:38:07.422,7.1988,1.2172,20.9116,0.0080,0.5878,-0.0022,-0.8090
2026-05-08T19:38:07.455,7.0847,1.2173,20.9488,0.0068,0.6021,-0.0028,-0.7984
2026-05-08T19:38:07.489,6.9685,1.2172,20.9827,0.0103,0.6166,-0.0023,-0.7872
2026-05-08T19:38:07.523,6.8434,1.2176,21.0135,0.0139,0.6315,-0.0023,-0.7753
2026-05-08T19:38:07.554,6.7116,1.2186,21.0411,0.0260,0.6445,0.0038,-0.7642
2026-05-08T19:38:07.586,6.5831,1.2192,21.0645,0.0291,0.6536,0.0078,-0.7562
2026-05-08T19:38:07.618,6.4646,1.2195,21.0830,0.0277,0.6607,0.0151,-0.7500
2026-05-08T19:38:07.649,6.3395,1.2204,21.1004,0.0301,0.6664,0.0202,-0.7447
2026-05-08T19:38:07.680,6.2173,1.2223,21.1174,0.0354,0.6656,0.0330,-0.7447
2026-05-08T19:38:07.711,6.0999,1.2226,21.1341,0.0396,0.6631,0.0409,-0.7464
2026-05-08T19:38:07.742,5.9795,1.2243,21.1509,0.0404,0.6586,0.0498,-0.7498
2026-05-08T19:38:07.775,5.8597,1.2232,21.1697,0.0408,0.6597,0.0477,-0.7489
2026-05-08T19:38:07.804,5.7360,1.2230,21.1897,0.0355,0.6562,0.0404,-0.7527
2026-05-08T19:38:07.834,5.5939,1.2229,21.2114,0.0319,0.6604,0.0388,-0.7492
2026-05-08T19:38:07.860,5.4894,1.2227,21.2273,0.0300,0.6619,0.0404,-0.7479
2026-05-08T19:38:07.886,5.3699,1.2234,21.2449,0.0311,0.6613,0.0431,-0.7482
2026-05-08T19:38:07.912,5.2669,1.2237,21.2596,0.0326,0.6670,0.0417,-0.7432
2026-05-08T19:38:07.937,5.1649,1.2227,21.2731,0.0325,0.6626,0.0438,-0.7470
2026-05-08T19:38:07.962,5.0613,1.2224,21.2879,0.0282,0.6609,0.0425,-0.7488
2026-05-08T19:38:07.987,4.9558,1.2221,21.3035,0.0256,0.6598,0.0403,-0.7499
2026-05-08T19:38:08.011,4.8548,1.2229,21.3176,0.0257,0.6641,0.0401,-0.7462
2026-05-08T19:38:08.036,4.7561,1.2231,21.3313,0.0276,0.6617,0.0406,-0.7481
2026-05-08T19:38:08.061,4.6563,1.2229,21.3462,0.0262,0.6614,0.0368,-0.7487
2026-05-08T19:38:08.087,4.5557,1.2223,21.3600,0.0239,0.6607,0.0330,-0.7495
2026-05-08T19:38:08.115,4.4553,1.2217,21.3743,0.0232,0.6620,0.0316,-0.7485
2026-05-08T19:38:08.142,4.3474,1.2212,21.3882,0.0202,0.6667,0.0305,-0.7445
2026-05-08T19:38:08.169,4.2292,1.2210,21.4019,0.0160,0.6735,0.0299,-0.7384
2026-05-08T19:38:08.195,4.1117,1.2205,21.4131,0.0130,0.6805,0.0310,-0.7319
2026-05-08T19:38:08.221,3.9871,1.2203,21.4227,0.0124,0.6873,0.0321,-0.7255
2026-05-08T19:38:08.247,3.8676,1.2204,21.4288,0.0121,0.6945,0.0327,-0.7187
2026-05-08T19:38:08.272,3.7577,1.2202,21.4324,0.0117,0.6960,0.0348,-0.7171
2026-05-08T19:38:08.299,3.6297,1.2202,21.4358,0.0108,0.6980,0.0355,-0.7152
2026-05-08T19:38:08.324,3.5214,1.2202,21.4381,0.0089,0.6920,0.0358,-0.7210
2026-05-08T19:38:08.351,3.4261,1.2202,21.4415,0.0085,0.6835,0.0359,-0.7291
2026-05-08T19:38:08.376,3.3398,1.2204,21.4464,0.0104,0.6748,0.0356,-0.7371
2026-05-08T19:38:08.401,3.2526,1.2204,21.4537,0.0106,0.6651,0.0352,-0.7458
2026-05-08T19:38:08.425,3.1681,1.2205,21.4627,0.0115,0.6574,0.0354,-0.7526
2026-05-08T19:38:08.451,3.0729,1.2207,21.4746,0.0127,0.6508,0.0351,-0.7583
2026-05-08T19:38:08.477,2.9742,1.2210,21.4886,0.0142,0.6462,0.0347,-0.7623
2026-05-08T19:38:08.505,2.8718,1.2210,21.5044,0.0150,0.6417,0.0346,-0.7660
2026-05-08T19:38:08.536,2.7597,1.2210,21.5226,0.0139,0.6380,0.0336,-0.7692
2026-05-08T19:38:08.566,2.6357,1.2209,21.5446,0.0146,0.6359,0.0346,-0.7708
2026-05-08T19:38:08.593,2.4931,1.2213,21.5712,0.0159,0.6320,0.0315,-0.7742
2026-05-08T19:38:08.620,2.3488,1.2212,21.5996,0.0167,0.6310,0.0288,-0.7751
2026-05-08T19:38:08.646,2.2205,1.2210,21.6253,0.0156,0.6328,0.0256,-0.7737
2026-05-08T19:38:08.673,2.0957,1.2206,21.6496,0.0129,0.6389,0.0235,-0.7688
2026-05-08T19:38:08.700,1.9733,1.2207,21.6718,0.0122,0.6451,0.0237,-0.7637
2026-05-08T19:38:08.725,1.8536,1.2207,21.6916,0.0139,0.6519,0.0238,-0.7578
2026-05-08T19:38:08.750,1.7324,1.2207,21.7092,0.0130,0.6599,0.0232,-0.7509
2026-05-08T19:38:08.776,1.6291,1.2205,21.7224,0.0119,0.6674,0.0218,-0.7443
2026-05-08T19:38:08.801,1.5289,1.2204,21.7328,0.0104,0.6758,0.0225,-0.7367
2026-05-08T19:38:08.826,1.4283,1.2202,21.7412,0.0092,0.6859,0.0215,-0.7273
2026-05-08T19:38:08.850,1.3316,1.2200,21.7466,0.0071,0.6955,0.0234,-0.7181
2026-05-08T19:38:08.875,1.2384,1.2201,21.7491,0.0049,0.7052,0.0250,-0.7086
2026-05-08T19:38:08.900,1.1712,1.2200,21.7493,0.0023,0.7156,0.0250,-0.6980
2026-05-08T19:38:08.924,1.1258,1.2198,21.7480,-0.0029,0.7282,0.0245,-0.6850
2026-05-08T19:38:08.948,1.1014,1.2195,21.7460,-0.0061,0.7426,0.0238,-0.6693
2026-05-08T19:38:08.971,1.0976,1.2198,21.7451,-0.0057,0.7562,0.0237,-0.6539
2026-05-08T19:38:08.994,1.1185,1.2200,21.7474,-0.0036,0.7690,0.0242,-0.6388
2026-05-08T19:38:09.016,1.1444,1.2201,21.7515,-0.0028,0.7816,0.0239,-0.6233
2026-05-08T19:38:09.038,1.1769,1.2202,21.7585,-0.0018,0.7924,0.0241,-0.6095
2026-05-08T19:38:09.059,1.2164,1.2204,21.7684,-0.0003,0.8032,0.0240,-0.5953
2026-05-08T19:38:09.081,1.2573,1.2205,21.7805,-0.0001,0.8128,0.0236,-0.5821
2026-05-08T19:38:09.104,1.2979,1.2205,21.7939,0.0009,0.8221,0.0238,-0.5688
2026-05-08T19:38:09.127,1.3401,1.2206,21.8095,0.0015,0.8311,0.0236,-0.5556
2026-05-08T19:38:09.150,1.3855,1.2207,21.8280,0.0010,0.8403,0.0233,-0.5416
2026-05-08T19:38:09.174,1.4281,1.2208,21.8469,0.0012,0.8495,0.0236,-0.5271
2026-05-08T19:38:09.197,1.4718,1.2209,21.8682,0.0020,0.8586,0.0234,-0.5121
2026-05-08T19:38:09.219,1.5158,1.2210,21.8918,0.0014,0.8674,0.0233,-0.4970
2026-05-08T19:38:09.241,1.5563,1.2211,21.9152,0.0016,0.8757,0.0231,-0.4822
2026-05-08T19:38:09.263,1.5935,1.2211,21.9386,0.0014,0.8832,0.0232,-0.4685
2026-05-08T19:38:09.285,1.6331,1.2211,21.9652,0.0013,0.8911,0.0232,-0.4532
2026-05-08T19:38:09.307,1.6682,1.2211,21.9906,0.0008,0.8984,0.0230,-0.4386
2026-05-08T19:38:09.329,1.7042,1.2210,22.0187,0.0006,0.9058,0.0225,-0.4232
2026-05-08T19:38:09.350,1.7357,1.2207,22.0451,0.0009,0.9124,0.0208,-0.4088
2026-05-08T19:38:09.371,1.7655,1.2207,22.0717,0.0007,0.9190,0.0207,-0.3938
2026-05-08T19:38:09.390,1.7908,1.2204,22.0958,0.0006,0.9252,0.0194,-0.3791
2026-05-08T19:38:09.411,1.8153,1.2203,22.1208,-0.0002,0.9311,0.0196,-0.3643
2026-05-08T19:38:09.432,1.8355,1.2203,22.1428,0.0000,0.9363,0.0195,-0.3507
2026-05-08T19:38:09.452,1.8561,1.2202,22.1666,-0.0004,0.9416,0.0190,-0.3362
2026-05-08T19:38:09.471,1.8754,1.2202,22.1902,-0.0008,0.9467,0.0187,-0.3216
2026-05-08T19:38:09.491,1.8934,1.2201,22.2139,-0.0009,0.9515,0.0187,-0.3072
2026-05-08T19:38:09.510,1.9097,1.2200,22.2364,-0.0011,0.9557,0.0186,-0.2938
2026-05-08T19:38:09.531,1.9264,1.2199,22.2611,-0.0016,0.9601,0.0188,-0.2790
2026-05-08T19:38:09.552,1.9411,1.2199,22.2843,-0.0020,0.9640,0.0188,-0.2653
2026-05-08T19:38:09.572,1.9562,1.2199,22.3098,-0.0029,0.9683,0.0188,-0.2489
2026-05-08T19:38:09.592,1.9691,1.2198,22.3332,-0.0033,0.9720,0.0184,-0.2343
2026-05-08T19:38:09.612,1.9805,1.2198,22.3555,-0.0039,0.9756,0.0183,-0.2187
2026-05-08T19:38:09.631,1.9904,1.2198,22.3765,-0.0042,0.9788,0.0182,-0.2041
2026-05-08T19:38:09.650,1.9997,1.2198,22.3975,-0.0045,0.9818,0.0183,-0.1888
2026-05-08T19:38:09.671,2.0080,1.2197,22.4184,-0.0049,0.9847,0.0182,-0.1734
2026-05-08T19:38:09.692,2.0142,1.2197,22.4354,-0.0053,0.9870,0.0180,-0.1596
2026-05-08T19:38:09.712,2.0199,1.2196,22.4376,-0.0056,0.9896,0.0181,-0.1426
2026-05-08T19:38:09.734,2.0240,1.2196,22.4376,-0.0057,0.9917,0.0180,-0.1270
2026-05-08T19:38:09.756,2.0273,1.2195,22.4375,-0.0062,0.9937,0.0181,-0.1105
2026-05-08T19:38:09.778,2.0301,1.2195,22.4375,-0.0069,0.9954,0.0181,-0.0933
2026-05-08T19:38:09.798,2.0324,1.2195,22.4375,-0.0072,0.9969,0.0179,-0.0761
2026-05-08T19:38:09.818,2.0339,1.2195,22.4375,-0.0078,0.9981,0.0175,-0.0588
2026-05-08T19:38:09.839,2.0340,1.2194,22.4375,-0.0081,0.9990,0.0175,-0.0416
2026-05-08T19:38:09.859,2.0340,1.2195,22.4375,-0.0085,0.9995,0.0174,-0.0267
2026-05-08T19:38:09.879,2.0340,1.2194,22.4376,-0.0088,0.9998,0.0173,-0.0087
2026-05-08T19:38:09.900,2.0341,1.2194,22.4376,-0.0091,0.9998,0.0171,0.0061
2026-05-08T19:38:09.922,2.0342,1.2195,22.4358,-0.0091,0.9996,0.0168,0.0225
2026-05-08T19:38:09.945,2.0345,1.2195,22.4326,-0.0093,0.9990,0.0164,0.0395
2026-05-08T19:38:09.969,2.0349,1.2195,22.4277,-0.0097,0.9981,0.0160,0.0583
2026-05-08T19:38:09.990,2.0361,1.2195,22.4192,-0.0097,0.9969,0.0156,0.0766
2026-05-08T19:38:10.011,2.0379,1.2195,22.4089,-0.0102,0.9952,0.0155,0.0958
2026-05-08T19:38:10.032,2.0400,1.2195,22.3992,-0.0103,0.9934,0.0151,0.1133
2026-05-08T19:38:10.051,2.0424,1.2195,22.3895,-0.0104,0.9913,0.0148,0.1302
2026-05-08T19:38:10.070,2.0456,1.2196,22.3785,-0.0104,0.9888,0.0144,0.1482
2026-05-08T19:38:10.089,2.0486,1.2196,22.3694,-0.0106,0.9865,0.0143,0.1629
2026-05-08T19:38:10.108,2.0522,1.2196,22.3593,-0.0103,0.9837,0.0144,0.1787
2026-05-08T19:38:10.126,2.0563,1.2197,22.3494,-0.0100,0.9808,0.0144,0.1941
2026-05-08T19:38:10.146,2.0595,1.2197,22.3378,-0.0099,0.9776,0.0144,0.2097
2026-05-08T19:38:10.165,2.0642,1.2198,22.3280,-0.0098,0.9743,0.0145,0.2247
2026-05-08T19:38:10.183,2.0698,1.2198,22.3173,-0.0099,0.9701,0.0149,0.2419
2026-05-08T19:38:10.202,2.0751,1.2199,22.3077,-0.0099,0.9664,0.0149,0.2565
2026-05-08T19:38:10.220,2.0806,1.2199,22.2984,-0.0099,0.9626,0.0146,0.2704
2026-05-08T19:38:10.237,2.0868,1.2200,22.2887,-0.0101,0.9583,0.0145,0.2852
2026-05-08T19:38:10.255,2.0926,1.2200,22.2800,-0.0104,0.9543,0.0143,0.2983
2026-05-08T19:38:10.272,2.0990,1.2200,22.2711,-0.0102,0.9500,0.0145,0.3119
2026-05-08T19:38:10.289,2.1058,1.2201,22.2622,-0.0105,0.9453,0.0144,0.3258
2026-05-08T19:38:10.305,2.1124,1.2201,22.2542,-0.0104,0.9406,0.0144,0.3390
2026-05-08T19:38:10.320,2.1189,1.2202,22.2466,-0.0107,0.9361,0.0144,0.3512
2026-05-08T19:38:10.336,2.1250,1.2202,22.2377,-0.0105,0.9316,0.0148,0.3631
2026-05-08T19:38:10.351,2.1315,1.2202,22.2308,-0.0110,0.9269,0.0144,0.3748
2026-05-08T19:38:10.368,2.1387,1.2202,22.2235,-0.0111,0.9221,0.0144,0.3866
2026-05-08T19:38:10.385,2.1460,1.2202,22.2165,-0.0116,0.9175,0.0143,0.3974
2026-05-08T19:38:10.402,2.1546,1.2202,22.2084,-0.0120,0.9122,0.0141,0.4093
2026-05-08T19:38:10.418,2.1658,1.2202,22.1967,-0.0119,0.9069,0.0141,0.4209
2026-05-08T19:38:10.435,2.1819,1.2202,22.1831,-0.0124,0.9013,0.0139,0.4328
2026-05-08T19:38:10.452,2.2053,1.2201,22.1642,-0.0124,0.8967,0.0136,0.4423
2026-05-08T19:38:10.469,2.2317,1.2201,22.1439,-0.0124,0.8940,0.0133,0.4476
2026-05-08T19:38:10.485,2.2383,1.2200,22.1389,-0.0125,0.8945,0.0131,0.4466
2026-05-08T19:38:10.501,2.2412,1.2200,22.1366,-0.0122,0.8948,0.0132,0.4461
2026-05-08T19:38:10.517,2.2412,1.2200,22.1365,-0.0121,0.8950,0.0133,0.4457
2026-05-08T19:38:10.533,2.2412,1.2200,22.1365,-0.0119,0.8951,0.0133,0.4454
2026-05-08T19:38:10.550,2.2424,1.2199,22.1355,-0.0118,0.8953,0.0132,0.4451
2026-05-08T19:38:10.568,2.2541,1.2199,22.1267,-0.0112,0.9007,0.0133,0.4342
2026-05-08T19:38:10.584,2.2621,1.2199,22.1202,-0.0117,0.9062,0.0132,0.4226
2026-05-08T19:38:10.600,2.2685,1.2199,22.1148,-0.0114,0.9120,0.0136,0.4097
2026-05-08T19:38:10.616,2.2734,1.2199,22.1125,-0.0112,0.9170,0.0137,0.3984
2026-05-08T19:38:10.632,2.2772,1.2199,22.1090,-0.0109,0.9223,0.0137,0.3862
2026-05-08T19:38:10.649,2.2795,1.2199,22.1066,-0.0109,0.9270,0.0137,0.3748
2026-05-08T19:38:10.665,2.2807,1.2199,22.1054,-0.0107,0.9319,0.0140,0.3624
2026-05-08T19:38:10.680,2.2815,1.2199,22.1045,-0.0107,0.9362,0.0141,0.3511
2026-05-08T19:38:10.697,2.2819,1.2199,22.1060,-0.0106,0.9406,0.0141,0.3389
2026-05-08T19:38:10.712,2.2820,1.2199,22.1060,-0.0103,0.9446,0.0144,0.3277
2026-05-08T19:38:10.729,2.2820,1.2199,22.1059,-0.0100,0.9489,0.0149,0.3150
2026-05-08T19:38:10.747,2.2820,1.2199,22.1059,-0.0097,0.9526,0.0152,0.3037
2026-05-08T19:38:10.763,2.2820,1.2200,22.1059,-0.0094,0.9568,0.0153,0.2901
2026-05-08T19:38:10.779,2.2827,1.2200,22.1075,-0.0092,0.9605,0.0155,0.2777
2026-05-08T19:38:10.794,2.2826,1.2200,22.1074,-0.0091,0.9642,0.0154,0.2646
2026-05-08T19:38:10.811,2.2826,1.2200,22.1074,-0.0088,0.9673,0.0153,0.2531
2026-05-08T19:38:10.827,2.2825,1.2200,22.1074,-0.0086,0.9704,0.0155,0.2408
2026-05-08T19:38:10.846,2.2824,1.2200,22.1073,-0.0083,0.9736,0.0155,0.2274
2026-05-08T19:38:10.864,2.2823,1.2201,22.1073,-0.0080,0.9767,0.0156,0.2139
2026-05-08T19:38:10.883,2.2830,1.2201,22.1087,-0.0078,0.9797,0.0158,0.1997
2026-05-08T19:38:10.900,2.2824,1.2202,22.1098,-0.0073,0.9827,0.0162,0.1845
2026-05-08T19:38:10.916,2.2816,1.2203,22.1108,-0.0066,0.9854,0.0160,0.1695
2026-05-08T19:38:10.933,2.2810,1.2203,22.1119,-0.0069,0.9879,0.0161,0.1544
2026-05-08T19:38:10.949,2.2807,1.2203,22.1119,-0.0065,0.9897,0.0157,0.1420
2026-05-08T19:38:10.966,2.2802,1.2204,22.1130,-0.0065,0.9916,0.0154,0.1281
2026-05-08T19:38:10.982,2.2797,1.2204,22.1142,-0.0060,0.9934,0.0151,0.1139
2026-05-08T19:38:11.001,2.2802,1.2204,22.1168,-0.0054,0.9949,0.0148,0.0994
2026-05-08T19:38:11.020,2.2797,1.2204,22.1180,-0.0055,0.9963,0.0149,0.0842
2026-05-08T19:38:11.039,2.2792,1.2204,22.1194,-0.0052,0.9976,0.0148,0.0672
2026-05-08T19:38:11.057,2.2787,1.2204,22.1196,-0.0050,0.9984,0.0143,0.0541
2026-05-08T19:38:11.073,2.2784,1.2204,22.1209,-0.0048,0.9991,0.0141,0.0389
2026-05-08T19:38:11.090,2.2781,1.2203,22.1221,-0.0048,0.9996,0.0140,0.0243
2026-05-08T19:38:11.108,2.2778,1.2203,22.1232,-0.0049,0.9998,0.0137,0.0109
2026-05-08T19:38:11.125,2.2774,1.2203,22.1245,-0.0050,0.9999,0.0129,-0.0037
2026-05-08T19:38:11.143,2.2788,1.2203,22.1267,-0.0054,0.9998,0.0127,-0.0171
2026-05-08T19:38:11.161,2.2787,1.2203,22.1267,-0.0050,0.9994,0.0128,-0.0309
2026-05-08T19:38:11.179,2.2783,1.2202,22.1214,-0.0047,0.9988,0.0131,-0.0461
2026-05-08T19:38:11.196,2.2775,1.2202,22.1147,-0.0044,0.9981,0.0131,-0.0606
2026-05-08T19:38:11.213,2.2762,1.2201,22.1049,-0.0044,0.9972,0.0130,-0.0740
2026-05-08T19:38:11.230,2.2742,1.2201,22.0918,-0.0042,0.9960,0.0128,-0.0881
2026-05-08T19:38:11.247,2.2710,1.2201,22.0742,-0.0041,0.9948,0.0131,-0.1010
2026-05-08T19:38:11.265,2.2667,1.2200,22.0537,-0.0040,0.9933,0.0131,-0.1145
2026-05-08T19:38:11.284,2.2631,1.2200,22.0319,-0.0038,0.9918,0.0132,-0.1268
2026-05-08T19:38:11.303,2.2554,1.2201,22.0025,-0.0036,0.9900,0.0133,-0.1403
2026-05-08T19:38:11.321,2.2457,1.2201,21.9688,-0.0035,0.9879,0.0134,-0.1542
2026-05-08T19:38:11.337,2.2349,1.2200,21.9352,-0.0032,0.9858,0.0135,-0.1673
2026-05-08T19:38:11.354,2.2234,1.2201,21.9019,-0.0029,0.9836,0.0136,-0.1797
2026-05-08T19:38:11.372,2.2096,1.2201,21.8653,-0.0025,0.9814,0.0138,-0.1914
2026-05-08T19:38:11.390,2.1947,1.2201,21.8283,-0.0020,0.9792,0.0140,-0.2024
2026-05-08T19:38:11.407,2.1773,1.2202,21.7876,-0.0018,0.9767,0.0141,-0.2144
2026-05-08T19:38:11.423,2.1581,1.2202,21.7459,-0.0013,0.9739,0.0142,-0.2264
2026-05-08T19:38:11.441,2.1403,1.2202,21.7065,-0.0011,0.9714,0.0144,-0.2369
2026-05-08T19:38:11.458,2.1194,1.2203,21.6659,-0.0007,0.9688,0.0147,-0.2475
2026-05-08T19:38:11.474,2.0967,1.2203,21.6241,-0.0004,0.9660,0.0149,-0.2582
2026-05-08T19:38:11.491,2.0715,1.2204,21.5803,-0.0001,0.9630,0.0149,-0.2690
2026-05-08T19:38:11.509,2.0478,1.2204,21.5410,0.0003,0.9602,0.0155,-0.2789
2026-05-08T19:38:11.526,2.0215,1.2205,21.4995,0.0004,0.9570,0.0155,-0.2895
2026-05-08T19:38:11.543,1.9937,1.2206,21.4575,0.0006,0.9537,0.0157,-0.3003
2026-05-08T19:38:11.560,1.9681,1.2206,21.4187,0.0011,0.9505,0.0160,-0.3102
2026-05-08T19:38:11.576,1.9398,1.2206,21.3797,0.0015,0.9470,0.0161,-0.3207
2026-05-08T19:38:11.592,1.9081,1.2207,21.3380,0.0020,0.9432,0.0159,-0.3317
2026-05-08T19:38:11.607,1.8797,1.2207,21.3026,0.0022,0.9398,0.0159,-0.3414
2026-05-08T19:38:11.622,1.8517,1.2207,21.2690,0.0024,0.9364,0.0159,-0.3507
2026-05-08T19:38:11.638,1.8245,1.2208,21.2360,0.0026,0.9329,0.0158,-0.3599
2026-05-08T19:38:11.652,1.7959,1.2208,21.2043,0.0031,0.9294,0.0159,-0.3688
2026-05-08T19:38:11.669,1.7658,1.2208,21.1723,0.0034,0.9257,0.0160,-0.3779
2026-05-08T19:38:11.686,1.7364,1.2208,21.1422,0.0036,0.9221,0.0159,-0.3866
2026-05-08T19:38:11.703,1.7023,1.2209,21.1086,0.0038,0.9179,0.0159,-0.3965
2026-05-08T19:38:11.719,1.6665,1.2209,21.0731,0.0040,0.9133,0.0158,-0.4071
2026-05-08T19:38:11.734,1.6318,1.2209,21.0418,0.0042,0.9090,0.0159,-0.4165
2026-05-08T19:38:11.749,1.5996,1.2209,21.0139,0.0044,0.9049,0.0158,-0.4252
2026-05-08T19:38:11.763,1.5644,1.2209,20.9846,0.0046,0.9005,0.0157,-0.4345
2026-05-08T19:38:11.778,1.5333,1.2209,20.9599,0.0047,0.8966,0.0156,-0.4425
2026-05-08T19:38:11.793,1.5000,1.2209,20.9330,0.0048,0.8922,0.0155,-0.4514
2026-05-08T19:38:11.807,1.4676,1.2209,20.9091,0.0051,0.8881,0.0154,-0.4594
2026-05-08T19:38:11.822,1.4319,1.2210,20.8838,0.0055,0.8835,0.0153,-0.4681
2026-05-08T19:38:11.840,1.3988,1.2210,20.8599,0.0058,0.8791,0.0152,-0.4763
2026-05-08T19:38:11.857,1.3624,1.2210,20.8361,0.0060,0.8744,0.0151,-0.4849
2026-05-08T19:38:11.874,1.3190,1.2210,20.8089,0.0062,0.8687,0.0150,-0.4950
2026-05-08T19:38:11.891,1.2786,1.2210,20.7848,0.0066,0.8635,0.0149,-0.5042
2026-05-08T19:38:11.908,1.2369,1.2210,20.7611,0.0067,0.8579,0.0149,-0.5136
2026-05-08T19:38:11.925,1.1940,1.2210,20.7381,0.0069,0.8520,0.0148,-0.5233
2026-05-08T19:38:11.939,1.1523,1.2210,20.7169,0.0069,0.8462,0.0147,-0.5326
2026-05-08T19:38:11.955,1.1121,1.2210,20.6962,0.0071,0.8404,0.0146,-0.5417
2026-05-08T19:38:11.970,1.0773,1.2210,20.6803,0.0072,0.8354,0.0146,-0.5494
2026-05-08T19:38:11.987,1.0393,1.2210,20.6638,0.0075,0.8299,0.0145,-0.5577
2026-05-08T19:38:12.003,1.0007,1.2210,20.6480,0.0079,0.8242,0.0145,-0.5661
2026-05-08T19:38:12.020,0.9596,1.2210,20.6309,0.0081,0.8177,0.0144,-0.5753
2026-05-08T19:38:12.036,0.9182,1.2210,20.6160,0.0083,0.8113,0.0142,-0.5844
2026-05-08T19:38:12.050,0.8750,1.2210,20.6015,0.0087,0.8046,0.0142,-0.5936
2026-05-08T19:38:12.066,0.8338,1.2210,20.5887,0.0090,0.7981,0.0141,-0.6023
2026-05-08T19:38:12.079,0.8000,1.2210,20.5790,0.0094,0.7927,0.0143,-0.6094
2026-05-08T19:38:12.095,0.7612,1.2210,20.5676,0.0095,0.7864,0.0141,-0.6175
2026-05-08T19:38:12.110,0.7267,1.2210,20.5590,0.0096,0.7808,0.0139,-0.6245
2026-05-08T19:38:12.126,0.6862,1.2210,20.5498,0.0099,0.7743,0.0139,-0.6326
2026-05-08T19:38:12.141,0.6480,1.2210,20.5420,0.0099,0.7683,0.0139,-0.6399
2026-05-08T19:38:12.156,0.6082,1.2210,20.5335,0.0099,0.7615,0.0138,-0.6479
2026-05-08T19:38:12.172,0.5700,1.2210,20.5273,0.0100,0.7551,0.0138,-0.6553
2026-05-08T19:38:12.189,0.5282,1.2210,20.5213,0.0101,0.7481,0.0136,-0.6634
2026-05-08T19:38:12.204,0.4790,1.2210,20.5154,0.0102,0.7411,0.0133,-0.6712
2026-05-08T19:38:12.219,0.4294,1.2210,20.5104,0.0104,0.7345,0.0132,-0.6784
2026-05-08T19:38:12.234,0.3796,1.2210,20.5054,0.0107,0.7283,0.0131,-0.6851
2026-05-08T19:38:12.249,0.3302,1.2210,20.5023,0.0109,0.7229,0.0130,-0.6907
2026-05-08T19:38:12.264,0.2694,1.2210,20.4994,0.0110,0.7174,0.0128,-0.6965
2026-05-08T19:38:12.279,0.2117,1.2210,20.4977,0.0111,0.7127,0.0126,-0.7012
2026-05-08T19:38:12.295,0.1483,1.2210,20.4959,0.0113,0.7082,0.0125,-0.7058
2026-05-08T19:38:12.311,0.0804,1.2210,20.4957,0.0115,0.7049,0.0124,-0.7091
2026-05-08T19:38:12.329,0.0026,1.2209,20.4961,0.0115,0.7018,0.0124,-0.7122
2026-05-08T19:38:12.344,-0.0774,1.2209,20.4973,0.0115,0.6995,0.0124,-0.7144
2026-05-08T19:38:12.359,-0.1618,1.2209,20.4990,0.0115,0.6975,0.0124,-0.7164
2026-05-08T19:38:12.374,-0.2324,1.2209,20.5006,0.0116,0.6959,0.0124,-0.7179
2026-05-08T19:38:12.389,-0.3052,1.2209,20.5028,0.0116,0.6960,0.0125,-0.7178
2026-05-08T19:38:12.405,-0.3811,1.2209,20.5051,0.0114,0.6961,0.0126,-0.7177
2026-05-08T19:38:12.419,-0.4552,1.2208,20.5074,0.0112,0.6962,0.0126,-0.7177
2026-05-08T19:38:12.434,-0.5317,1.2208,20.5097,0.0111,0.6962,0.0127,-0.7177
2026-05-08T19:38:12.449,-0.6018,1.2208,20.5118,0.0112,0.6961,0.0127,-0.7177
2026-05-08T19:38:12.463,-0.6828,1.2208,20.5142,0.0114,0.6960,0.0126,-0.7178
2026-05-08T19:38:12.477,-0.7494,1.2208,20.5163,0.0115,0.6961,0.0126,-0.7178
2026-05-08T19:38:12.493,-0.8223,1.2208,20.5185,0.0116,0.6960,0.0125,-0.7178
2026-05-08T19:38:12.508,-0.8921,1.2208,20.5206,0.0117,0.6960,0.0124,-0.7179
2026-05-08T19:38:12.523,-0.9704,1.2208,20.5230,0.0118,0.6960,0.0125,-0.7179
2026-05-08T19:38:12.538,-1.0424,1.2208,20.5252,0.0117,0.6959,0.0124,-0.7179
2026-05-08T19:38:12.552,-1.1156,1.2207,20.5274,0.0117,0.6959,0.0124,-0.7179
2026-05-08T19:38:12.566,-1.1911,1.2207,20.5298,0.0115,0.6959,0.0124,-0.7179
2026-05-08T19:38:12.580,-1.2607,1.2207,20.5320,0.0115,0.6959,0.0125,-0.7180
2026-05-08T19:38:12.594,-1.3341,1.2207,20.5343,0.0115,0.6958,0.0125,-0.7180
2026-05-08T19:38:12.608,-1.3991,1.2207,20.5363,0.0115,0.6958,0.0125,-0.7181
2026-05-08T19:38:12.622,-1.4726,1.2207,20.5386,0.0116,0.6958,0.0126,-0.7181
2026-05-08T19:38:12.636,-1.5422,1.2207,20.5407,0.0117,0.6957,0.0126,-0.7181
2026-05-08T19:38:12.650,-1.6119,1.2207,20.5429,0.0117,0.6957,0.0126,-0.7181
2026-05-08T19:38:12.664,-1.6801,1.2207,20.5450,0.0117,0.6956,0.0127,-0.7182
2026-05-08T19:38:12.677,-1.7557,1.2207,20.5474,0.0118,0.6956,0.0126,-0.7182
2026-05-08T19:38:12.692,-1.8169,1.2207,20.5493,0.0119,0.6956,0.0126,-0.7182
2026-05-08T19:38:12.706,-1.8818,1.2207,20.5514,0.0119,0.6957,0.0126,-0.7182
2026-05-08T19:38:12.720,-1.9576,1.2207,20.5538,0.0119,0.6957,0.0125,-0.7182
2026-05-08T19:38:12.735,-2.0290,1.2207,20.5560,0.0120,0.6957,0.0125,-0.7182
2026-05-08T19:38:12.749,-2.0992,1.2207,20.5582,0.0122,0.6956,0.0125,-0.7182
2026-05-08T19:38:12.763,-2.1729,1.2207,20.5605,0.0122,0.6956,0.0126,-0.7182
2026-05-08T19:38:12.777,-2.2432,1.2207,20.5628,0.0122,0.6956,0.0126,-0.7182
2026-05-08T19:38:12.790,-2.3112,1.2208,20.5649,0.0123,0.6957,0.0126,-0.7181
2026-05-08T19:38:12.805,-2.3815,1.2208,20.5671,0.0124,0.6958,0.0127,-0.7180
2026-05-08T19:38:12.818,-2.4480,1.2208,20.5692,0.0126,0.6959,0.0128,-0.7179
2026-05-08T19:38:12.833,-2.5236,1.2207,20.5715,0.0125,0.6959,0.0129,-0.7179
2026-05-08T19:38:12.847,-2.5882,1.2208,20.5734,0.0123,0.6959,0.0129,-0.7179
2026-05-08T19:38:12.860,-2.6615,1.2207,20.5757,0.0123,0.6959,0.0129,-0.7179
2026-05-08T19:38:12.874,-2.7303,1.2207,20.5778,0.0124,0.6959,0.0128,-0.7179
2026-05-08T19:38:12.889,-2.7962,1.2208,20.5798,0.0125,0.6960,0.0128,-0.7179
2026-05-08T19:38:12.903,-2.8678,1.2208,20.5819,0.0127,0.6960,0.0128,-0.7178
2026-05-08T19:38:12.916,-2.9374,1.2208,20.5840,0.0128,0.6960,0.0127,-0.7179
2026-05-08T19:38:12.930,-3.0074,1.2208,20.5861,0.0129,0.6959,0.0127,-0.7179
2026-05-08T19:38:12.944,-3.0733,1.2208,20.5881,0.0129,0.6959,0.0128,-0.7179
2026-05-08T19:38:12.957,-3.1450,1.2208,20.5903,0.0130,0.6959,0.0129,-0.7179
2026-05-08T19:38:12.972,-3.2154,1.2208,20.5925,0.0130,0.6959,0.0127,-0.7179
2026-05-08T19:38:12.986,-3.2772,1.2208,20.5943,0.0131,0.6959,0.0128,-0.7179
2026-05-08T19:38:12.999,-3.3539,1.2208,20.5967,0.0132,0.6959,0.0128,-0.7179
2026-05-08T19:38:13.014,-3.4195,1.2208,20.5988,0.0132,0.6959,0.0129,-0.7179
2026-05-08T19:38:13.027,-3.4893,1.2208,20.6009,0.0131,0.6958,0.0129,-0.7180
2026-05-08T19:38:13.041,-3.5576,1.2208,20.6031,0.0131,0.6958,0.0130,-0.7180
2026-05-08T19:38:13.055,-3.6261,1.2208,20.6052,0.0131,0.6958,0.0130,-0.7180
2026-05-08T19:38:13.070,-3.6947,1.2208,20.6074,0.0130,0.6958,0.0130,-0.7180
2026-05-08T19:38:13.083,-3.7621,1.2208,20.6095,0.0129,0.6957,0.0130,-0.7181
2026-05-08T19:38:13.096,-3.8361,1.2208,20.6119,0.0129,0.6957,0.0129,-0.7181
2026-05-08T19:38:13.111,-3.9005,1.2208,20.6139,0.0129,0.6957,0.0129,-0.7181
2026-05-08T19:38:13.125,-3.9650,1.2208,20.6159,0.0130,0.6957,0.0128,-0.7181
2026-05-08T19:38:13.138,-4.0432,1.2208,20.6184,0.0130,0.6957,0.0127,-0.7181
2026-05-08T19:38:13.152,-4.1092,1.2208,20.6205,0.0130,0.6957,0.0127,-0.7181
2026-05-08T19:38:13.166,-4.1759,1.2208,20.6226,0.0130,0.6957,0.0125,-0.7181
2026-05-08T19:38:13.180,-4.2454,1.2208,20.6248,0.0130,0.6958,0.0125,-0.7180
2026-05-08T19:38:13.194,-4.3176,1.2208,20.6270,0.0129,0.6958,0.0124,-0.7180
2026-05-08T19:38:13.209,-4.3853,1.2208,20.6291,0.0129,0.6959,0.0123,-0.7179
2026-05-08T19:38:13.222,-4.4566,1.2208,20.6313,0.0129,0.6960,0.0124,-0.7179
2026-05-08T19:38:13.236,-4.5278,1.2208,20.6335,0.0129,0.6960,0.0123,-0.7178
2026-05-08T19:38:13.249,-4.5900,1.2208,20.6354,0.0129,0.6961,0.0124,-0.7177
2026-05-08T19:38:13.263,-4.6620,1.2208,20.6376,0.0129,0.6980,0.0124,-0.7159
2026-05-08T19:38:13.277,-4.7249,1.2208,20.6392,0.0129,0.7003,0.0125,-0.7136
2026-05-08T19:38:13.291,-4.7902,1.2208,20.6407,0.0129,0.7027,0.0125,-0.7113
2026-05-08T19:38:13.305,-4.8554,1.2208,20.6415,0.0128,0.7052,0.0125,-0.7088
2026-05-08T19:38:13.318,-4.9223,1.2208,20.6418,0.0128,0.7078,0.0126,-0.7062
2026-05-08T19:38:13.332,-4.9901,1.2208,20.6420,0.0128,0.7104,0.0126,-0.7035
2026-05-08T19:38:13.347,-5.0486,1.2208,20.6414,0.0129,0.7127,0.0126,-0.7012
2026-05-08T19:38:13.361,-5.1169,1.2208,20.6403,0.0129,0.7155,0.0127,-0.6983
2026-05-08T19:38:13.375,-5.1856,1.2209,20.6390,0.0130,0.7183,0.0127,-0.6955
2026-05-08T19:38:13.388,-5.2499,1.2209,20.6369,0.0131,0.7209,0.0127,-0.6928
2026-05-08T19:38:13.401,-5.3164,1.2209,20.6342,0.0131,0.7236,0.0129,-0.6900
2026-05-08T19:38:13.416,-5.3778,1.2209,20.6316,0.0131,0.7261,0.0128,-0.6874
2026-05-08T19:38:13.429,-5.4446,1.2209,20.6279,0.0130,0.7288,0.0129,-0.6844
2026-05-08T19:38:13.442,-5.5085,1.2209,20.6239,0.0130,0.7315,0.0130,-0.6816
2026-05-08T19:38:13.456,-5.5705,1.2209,20.6194,0.0131,0.7340,0.0130,-0.6789
2026-05-08T19:38:13.470,-5.6338,1.2209,20.6148,0.0129,0.7365,0.0131,-0.6761
2026-05-08T19:38:13.484,-5.7007,1.2209,20.6091,0.0127,0.7392,0.0132,-0.6732
2026-05-08T19:38:13.498,-5.7650,1.2209,20.6031,0.0126,0.7417,0.0133,-0.6705
2026-05-08T19:38:13.511,-5.8276,1.2209,20.5971,0.0125,0.7441,0.0133,-0.6678
2026-05-08T19:38:13.526,-5.8919,1.2209,20.5901,0.0125,0.7466,0.0133,-0.6650
2026-05-08T19:38:13.539,-5.9556,1.2210,20.5827,0.0125,0.7491,0.0132,-0.6622
2026-05-08T19:38:13.553,-6.0224,1.2210,20.5749,0.0126,0.7517,0.0132,-0.6593
2026-05-08T19:38:13.567,-6.0858,1.2210,20.5665,0.0126,0.7541,0.0132,-0.6565
2026-05-08T19:38:13.580,-6.1506,1.2210,20.5575,0.0125,0.7565,0.0133,-0.6537
2026-05-08T19:38:13.595,-6.2174,1.2210,20.5481,0.0125,0.7591,0.0133,-0.6508
2026-05-08T19:38:13.609,-6.2762,1.2210,20.5390,0.0124,0.7613,0.0134,-0.6482
2026-05-08T19:38:13.623,-6.3439,1.2210,20.5281,0.0124,0.7638,0.0135,-0.6452
2026-05-08T19:38:13.637,-6.4073,1.2209,20.5173,0.0123,0.7663,0.0136,-0.6423
2026-05-08T19:38:13.651,-6.4712,1.2209,20.5064,0.0122,0.7687,0.0136,-0.6394
2026-05-08T19:38:13.666,-6.5397,1.2209,20.4936,0.0122,0.7713,0.0137,-0.6362
2026-05-08T19:38:13.679,-6.6025,1.2209,20.4815,0.0121,0.7737,0.0137,-0.6333
2026-05-08T19:38:13.693,-6.6730,1.2209,20.4677,0.0120,0.7764,0.0138,-0.6300
2026-05-08T19:38:13.707,-6.7299,1.2209,20.4557,0.0119,0.7786,0.0138,-0.6272
2026-05-08T19:38:13.720,-6.7949,1.2208,20.4415,0.0117,0.7812,0.0138,-0.6240
2026-05-08T19:38:13.735,-6.8559,1.2208,20.4282,0.0116,0.7838,0.0138,-0.6208
2026-05-08T19:38:13.749,-6.9169,1.2208,20.4138,0.0116,0.7864,0.0138,-0.6175
2026-05-08T19:38:13.762,-6.9828,1.2208,20.3977,0.0116,0.7892,0.0137,-0.6139
2026-05-08T19:38:13.776,-7.0452,1.2208,20.3819,0.0117,0.7919,0.0138,-0.6104
2026-05-08T19:38:13.790,-7.1062,1.2208,20.3663,0.0117,0.7945,0.0138,-0.6070
2026-05-08T19:38:13.804,-7.1683,1.2208,20.3493,0.0116,0.7972,0.0138,-0.6034
2026-05-08T19:38:13.818,-7.2283,1.2208,20.3323,0.0117,0.7997,0.0138,-0.6001
2026-05-08T19:38:13.832,-7.2899,1.2208,20.3149,0.0117,0.8026,0.0139,-0.5963
2026-05-08T19:38:13.846,-7.3478,1.2208,20.2974,0.0116,0.8053,0.0139,-0.5925
2026-05-08T19:38:13.860,-7.4106,1.2208,20.2778,0.0115,0.8085,0.0140,-0.5883
2026-05-08T19:38:13.874,-7.4694,1.2208,20.2594,0.0115,0.8117,0.0140,-0.5838
2026-05-08T19:38:13.888,-7.5235,1.2208,20.2412,0.0114,0.8148,0.0140,-0.5795
2026-05-08T19:38:13.902,-7.5816,1.2208,20.2210,0.0113,0.8183,0.0141,-0.5745
2026-05-08T19:38:13.917,-7.6373,1.2208,20.2016,0.0112,0.8219,0.0142,-0.5694
2026-05-08T19:38:13.931,-7.6927,1.2208,20.1807,0.0112,0.8255,0.0142,-0.5641
2026-05-08T19:38:13.945,-7.7460,1.2208,20.1599,0.0111,0.8292,0.0143,-0.5587
2026-05-08T19:38:13.958,-7.7996,1.2208,20.1382,0.0109,0.8329,0.0144,-0.5531
2026-05-08T19:38:13.973,-7.8514,1.2208,20.1172,0.0109,0.8366,0.0144,-0.5475
2026-05-08T19:38:13.987,-7.8987,1.2208,20.0965,0.0108,0.8401,0.0145,-0.5421
2026-05-08T19:38:14.000,-7.9503,1.2208,20.0732,0.0108,0.8441,0.0145,-0.5359
2026-05-08T19:38:14.014,-7.9973,1.2208,20.0520,0.0106,0.8478,0.0147,-0.5300
2026-05-08T19:38:14.028,-8.0444,1.2208,20.0290,0.0106,0.8516,0.0147,-0.5238
2026-05-08T19:38:14.042,-8.0920,1.2208,20.0050,0.0105,0.8556,0.0148,-0.5174
2026-05-08T19:38:14.055,-8.1377,1.2208,19.9819,0.0104,0.8593,0.0149,-0.5112
2026-05-08T19:38:14.069,-8.1811,1.2208,19.9584,0.0102,0.8628,0.0150,-0.5051
2026-05-08T19:38:14.084,-8.2249,1.2208,19.9338,0.0100,0.8665,0.0151,-0.4988
2026-05-08T19:38:14.097,-8.2703,1.2208,19.9075,0.0099,0.8704,0.0152,-0.4920
2026-05-08T19:38:14.112,-8.3152,1.2208,19.8814,0.0096,0.8742,0.0153,-0.4853
2026-05-08T19:38:14.125,-8.3564,1.2207,19.8558,0.0092,0.8777,0.0154,-0.4789
2026-05-08T19:38:14.139,-8.3999,1.2207,19.8278,0.0091,0.8815,0.0154,-0.4719
2026-05-08T19:38:14.153,-8.4408,1.2207,19.8016,0.0090,0.8849,0.0155,-0.4654
2026-05-08T19:38:14.167,-8.4814,1.2207,19.7737,0.0090,0.8885,0.0155,-0.4586
2026-05-08T19:38:14.181,-8.5207,1.2208,19.7458,0.0089,0.8919,0.0155,-0.4518
2026-05-08T19:38:14.194,-8.5664,1.2208,19.7133,0.0087,0.8958,0.0155,-0.4440
2026-05-08T19:38:14.209,-8.6017,1.2208,19.6864,0.0085,0.8990,0.0155,-0.4377
2026-05-08T19:38:14.222,-8.6377,1.2208,19.6583,0.0084,0.9021,0.0155,-0.4311
2026-05-08T19:38:14.236,-8.6781,1.2208,19.6256,0.0084,0.9058,0.0156,-0.4234
2026-05-08T19:38:14.250,-8.7131,1.2208,19.5976,0.0084,0.9089,0.0156,-0.4167
2026-05-08T19:38:14.263,-8.7514,1.2208,19.5647,0.0082,0.9123,0.0156,-0.4091
2026-05-08T19:38:14.277,-8.7868,1.2208,19.5331,0.0081,0.9155,0.0158,-0.4018
2026-05-08T19:38:14.291,-8.8214,1.2207,19.5025,0.0080,0.9186,0.0158,-0.3949
2026-05-08T19:38:14.305,-8.8557,1.2207,19.4700,0.0077,0.9217,0.0158,-0.3875
2026-05-08T19:38:14.319,-8.8895,1.2207,19.4369,0.0076,0.9248,0.0159,-0.3802
2026-05-08T19:38:14.333,-8.9257,1.2207,19.4016,0.0074,0.9279,0.0160,-0.3724
2026-05-08T19:38:14.346,-8.9562,1.2207,19.3697,0.0072,0.9307,0.0160,-0.3654
2026-05-08T19:38:14.360,-8.9907,1.2207,19.3325,0.0070,0.9338,0.0160,-0.3575
2026-05-08T19:38:14.374,-9.0224,1.2207,19.2985,0.0068,0.9365,0.0160,-0.3502
2026-05-08T19:38:14.388,-9.0522,1.2207,19.2643,0.0067,0.9392,0.0161,-0.3429
2026-05-08T19:38:14.401,-9.0834,1.2208,19.2274,0.0067,0.9420,0.0161,-0.3353
2026-05-08T19:38:14.414,-9.1153,1.2208,19.1882,0.0066,0.9448,0.0162,-0.3272
2026-05-08T19:38:14.428,-9.1438,1.2208,19.1534,0.0068,0.9473,0.0163,-0.3198
2026-05-08T19:38:14.442,-9.1698,1.2209,19.1192,0.0066,0.9496,0.0163,-0.3128
2026-05-08T19:38:14.457,-9.2001,1.2209,19.0781,0.0064,0.9524,0.0163,-0.3045
2026-05-08T19:38:14.475,-9.2284,1.2209,19.0400,0.0062,0.9549,0.0164,-0.2965
2026-05-08T19:38:14.493,-9.2568,1.2208,18.9986,0.0061,0.9574,0.0164,-0.2881
2026-05-08T19:38:14.512,-9.2905,1.2208,18.9475,0.0057,0.9604,0.0166,-0.2782
2026-05-08T19:38:14.527,-9.3250,1.2208,18.8928,0.0055,0.9635,0.0170,-0.2671
2026-05-08T19:38:14.542,-9.3560,1.2208,18.8410,0.0054,0.9662,0.0171,-0.2571
2026-05-08T19:38:14.557,-9.3840,1.2208,18.7942,0.0055,0.9686,0.0175,-0.2478
2026-05-08T19:38:14.571,-9.4076,1.2208,18.7511,0.0053,0.9707,0.0182,-0.2395
2026-05-08T19:38:14.588,-9.4315,1.2208,18.7054,0.0048,0.9728,0.0186,-0.2309
2026-05-08T19:38:14.607,-9.4542,1.2207,18.6601,0.0046,0.9748,0.0187,-0.2223
2026-05-08T19:38:14.623,-9.4803,1.2207,18.6056,0.0045,0.9772,0.0187,-0.2117
2026-05-08T19:38:14.639,-9.5069,1.2208,18.5493,0.0043,0.9796,0.0193,-0.2002
2026-05-08T19:38:14.654,-9.5290,1.2208,18.4972,0.0041,0.9816,0.0199,-0.1899
2026-05-08T19:38:14.670,-9.5485,1.2209,18.4482,0.0037,0.9834,0.0201,-0.1803
2026-05-08T19:38:14.687,-9.5670,1.2210,18.3989,0.0039,0.9851,0.0206,-0.1707
2026-05-08T19:38:14.705,-9.5854,1.2211,18.3467,0.0040,0.9869,0.0206,-0.1601
2026-05-08T19:38:14.723,-9.6044,1.2212,18.2917,0.0036,0.9887,0.0215,-0.1486
2026-05-08T19:38:14.738,-9.6220,1.2213,18.2340,0.0034,0.9902,0.0217,-0.1377
2026-05-08T19:38:14.754,-9.6383,1.2213,18.1758,0.0029,0.9917,0.0212,-0.1268
2026-05-08T19:38:14.771,-9.6516,1.2213,18.1238,0.0023,0.9929,0.0213,-0.1167
2026-05-08T19:38:14.788,-9.6639,1.2214,18.0710,0.0019,0.9940,0.0211,-0.1072
2026-05-08T19:38:14.807,-9.6766,1.2214,18.0119,0.0019,0.9952,0.0217,-0.0954
2026-05-08T19:38:14.823,-9.6876,1.2215,17.9546,0.0019,0.9961,0.0223,-0.0853
2026-05-08T19:38:14.840,-9.6994,1.2216,17.8920,0.0021,0.9970,0.0227,-0.0745
2026-05-08T19:38:14.857,-9.7075,1.2217,17.8374,0.0019,0.9976,0.0230,-0.0651
2026-05-08T19:38:14.875,-9.7152,1.2218,17.7773,0.0017,0.9982,0.0233,-0.0546
2026-05-08T19:38:14.891,-9.7211,1.2220,17.7215,0.0018,0.9987,0.0238,-0.0443
2026-05-08T19:38:14.908,-9.7265,1.2221,17.6610,0.0021,0.9991,0.0246,-0.0337
2026-05-08T19:38:14.925,-9.7302,1.2223,17.6045,0.0015,0.9994,0.0250,-0.0239
2026-05-08T19:38:14.942,-9.7331,1.2225,17.5436,0.0014,0.9996,0.0262,-0.0138
2026-05-08T19:38:14.960,-9.7356,1.2227,17.4876,0.0017,0.9996,0.0268,-0.0042
2026-05-08T19:38:14.977,-9.7361,1.2229,17.4279,0.0010,0.9996,0.0267,0.0061
2026-05-08T19:38:14.994,-9.7352,1.2230,17.3620,0.0016,0.9995,0.0279,0.0156
2026-05-08T19:38:15.011,-9.7329,1.2231,17.2878,0.0013,0.9994,0.0283,0.0210
2026-05-08T19:38:15.029,-9.7296,1.2233,17.2077,0.0014,0.9993,0.0281,0.0259
2026-05-08T19:38:15.046,-9.7256,1.2233,17.1298,0.0013,0.9992,0.0278,0.0294
2026-05-08T19:38:15.063,-9.7207,1.2233,17.0438,0.0014,0.9992,0.0277,0.0291
2026-05-08T19:38:15.081,-9.7159,1.2233,16.9602,0.0016,0.9992,0.0273,0.0286
2026-05-08T19:38:15.099,-9.7111,1.2233,16.8740,0.0016,0.9993,0.0266,0.0278
2026-05-08T19:38:15.115,-9.7065,1.2233,16.7889,0.0014,0.9993,0.0263,0.0275
2026-05-08T19:38:15.131,-9.7016,1.2232,16.7003,0.0012,0.9994,0.0262,0.0241
2026-05-08T19:38:15.148,-9.6980,1.2232,16.6246,0.0013,0.9994,0.0261,0.0206
2026-05-08T19:38:15.165,-9.6948,1.2231,16.5458,0.0012,0.9995,0.0260,0.0171
2026-05-08T19:38:15.182,-9.6922,1.2230,16.4670,0.0013,0.9996,0.0260,0.0134
2026-05-08T19:38:15.199,-9.6895,1.2230,16.3840,0.0016,0.9996,0.0259,0.0097
2026-05-08T19:38:15.215,-9.6879,1.2229,16.3022,0.0017,0.9996,0.0258,0.0061
2026-05-08T19:38:15.232,-9.6869,1.2229,16.2174,0.0016,0.9997,0.0255,0.0022
2026-05-08T19:38:15.247,-9.6866,1.2228,16.1432,0.0018,0.9997,0.0253,-0.0014
2026-05-08T19:38:15.262,-9.6869,1.2227,16.0600,0.0019,0.9997,0.0251,-0.0053
2026-05-08T19:38:15.278,-9.6872,1.2226,15.9914,0.0019,0.9997,0.0248,-0.0086
2026-05-08T19:38:15.295,-9.6885,1.2226,15.9187,0.0022,0.9996,0.0250,-0.0120
2026-05-08T19:38:15.313,-9.6903,1.2226,15.8426,0.0024,0.9996,0.0249,-0.0156
2026-05-08T19:38:15.330,-9.6929,1.2226,15.7593,0.0025,0.9995,0.0248,-0.0195
2026-05-08T19:38:15.348,-9.6965,1.2226,15.6653,0.0026,0.9994,0.0247,-0.0237
2026-05-08T19:38:15.364,-9.7001,1.2226,15.5909,0.0027,0.9993,0.0249,-0.0272
2026-05-08T19:38:15.380,-9.7042,1.2226,15.5091,0.0027,0.9992,0.0247,-0.0308
2026-05-08T19:38:15.397,-9.7091,1.2226,15.4292,0.0028,0.9991,0.0248,-0.0344
2026-05-08T19:38:15.414,-9.7148,1.2225,15.3477,0.0027,0.9990,0.0246,-0.0383
2026-05-08T19:38:15.431,-9.7207,1.2225,15.2711,0.0025,0.9988,0.0243,-0.0419
2026-05-08T19:38:15.447,-9.7277,1.2225,15.1885,0.0028,0.9987,0.0242,-0.0458
2026-05-08T19:38:15.462,-9.7350,1.2225,15.1085,0.0030,0.9985,0.0241,-0.0495
2026-05-08T19:38:15.478,-9.7421,1.2225,15.0333,0.0032,0.9983,0.0241,-0.0529
2026-05-08T19:38:15.496,-9.7508,1.2224,14.9520,0.0034,0.9981,0.0242,-0.0568
2026-05-08T19:38:15.514,-9.7588,1.2224,14.8820,0.0032,0.9979,0.0241,-0.0605
2026-05-08T19:38:15.533,-9.7694,1.2223,14.7951,0.0033,0.9976,0.0239,-0.0648
2026-05-08T19:38:15.550,-9.7798,1.2223,14.7153,0.0036,0.9974,0.0238,-0.0683
2026-05-08T19:38:15.566,-9.7933,1.2222,14.6178,0.0036,0.9971,0.0238,-0.0727
2026-05-08T19:38:15.582,-9.8046,1.2222,14.5402,0.0036,0.9968,0.0238,-0.0762
2026-05-08T19:38:15.598,-9.8161,1.2221,14.4638,0.0036,0.9966,0.0238,-0.0794
2026-05-08T19:38:15.613,-9.8277,1.2221,14.3913,0.0035,0.9963,0.0238,-0.0820
2026-05-08T19:38:15.630,-9.8407,1.2221,14.3130,0.0034,0.9963,0.0238,-0.0820
2026-05-08T19:38:15.647,-9.8534,1.2220,14.2360,0.0033,0.9964,0.0237,-0.0819
2026-05-08T19:38:15.663,-9.8680,1.2220,14.1482,0.0033,0.9963,0.0236,-0.0820
2026-05-08T19:38:15.681,-9.8808,1.2220,14.0712,0.0032,0.9963,0.0235,-0.0821
2026-05-08T19:38:15.699,-9.8932,1.2219,13.9964,0.0032,0.9966,0.0235,-0.0783
2026-05-08T19:38:15.717,-9.9062,1.2220,13.9138,0.0034,0.9970,0.0234,-0.0736
2026-05-08T19:38:15.736,-9.9190,1.2220,13.8270,0.0035,0.9974,0.0234,-0.0678
2026-05-08T19:38:15.753,-9.9299,1.2220,13.7469,0.0035,0.9978,0.0235,-0.0625
2026-05-08T19:38:15.770,-9.9405,1.2220,13.6623,0.0035,0.9981,0.0235,-0.0570
2026-05-08T19:38:15.786,-9.9492,1.2220,13.5864,0.0033,0.9984,0.0234,-0.0519
2026-05-08T19:38:15.804,-9.9576,1.2220,13.5061,0.0032,0.9987,0.0233,-0.0460
2026-05-08T19:38:15.821,-9.9650,1.2220,13.4326,0.0030,0.9989,0.0233,-0.0406
2026-05-08T19:38:15.837,-9.9713,1.2220,13.3551,0.0030,0.9991,0.0234,-0.0348
2026-05-08T19:38:15.853,-9.9764,1.2220,13.2811,0.0027,0.9993,0.0234,-0.0291
2026-05-08T19:38:15.872,-9.9808,1.2220,13.2051,0.0026,0.9995,0.0235,-0.0233
2026-05-08T19:38:15.889,-9.9842,1.2219,13.1314,0.0024,0.9996,0.0235,-0.0178
2026-05-08T19:38:15.906,-9.9871,1.2219,13.0504,0.0022,0.9997,0.0235,-0.0116
2026-05-08T19:38:15.922,-9.9888,1.2219,12.9742,0.0021,0.9997,0.0235,-0.0058
2026-05-08T19:38:15.941,-9.9904,1.2219,12.8947,0.0020,0.9997,0.0235,-0.0001
2026-05-08T19:38:15.959,-9.9903,1.2219,12.8193,0.0019,0.9997,0.0236,0.0052
2026-05-08T19:38:15.975,-9.9895,1.2219,12.7365,0.0018,0.9997,0.0236,0.0108
2026-05-08T19:38:15.992,-9.9877,1.2220,12.6542,0.0017,0.9996,0.0236,0.0157
2026-05-08T19:38:16.011,-9.9851,1.2220,12.5713,0.0016,0.9995,0.0236,0.0195
2026-05-08T19:38:16.029,-9.9817,1.2219,12.4847,0.0015,0.9995,0.0235,0.0195
2026-05-08T19:38:16.046,-9.9783,1.2220,12.3982,0.0015,0.9995,0.0236,0.0195
2026-05-08T19:38:16.063,-9.9747,1.2220,12.3043,0.0014,0.9995,0.0236,0.0195
2026-05-08T19:38:16.081,-9.9714,1.2220,12.2214,0.0013,0.9995,0.0235,0.0193
2026-05-08T19:38:16.098,-9.9681,1.2220,12.1348,0.0010,0.9995,0.0232,0.0192
2026-05-08T19:38:16.115,-9.9648,1.2220,12.0504,0.0011,0.9995,0.0231,0.0191
2026-05-08T19:38:16.132,-9.9615,1.2221,11.9644,0.0012,0.9996,0.0230,0.0191
2026-05-08T19:38:16.150,-9.9582,1.2221,11.8775,0.0012,0.9996,0.0231,0.0191
2026-05-08T19:38:16.168,-9.9548,1.2221,11.7881,0.0012,0.9996,0.0230,0.0188
2026-05-08T19:38:16.184,-9.9516,1.2221,11.7026,0.0013,0.9996,0.0232,0.0187
2026-05-08T19:38:16.201,-9.9482,1.2220,11.6128,0.0014,0.9996,0.0232,0.0188
2026-05-08T19:38:16.219,-9.9452,1.2220,11.5313,0.0014,0.9996,0.0232,0.0189
2026-05-08T19:38:16.236,-9.9420,1.2220,11.4466,0.0014,0.9996,0.0232,0.0188
2026-05-08T19:38:16.253,-9.9388,1.2220,11.3624,0.0013,0.9996,0.0232,0.0187
2026-05-08T19:38:16.270,-9.9355,1.2220,11.2741,0.0012,0.9996,0.0230,0.0187
2026-05-08T19:38:16.287,-9.9323,1.2220,11.1884,0.0012,0.9996,0.0231,0.0187
2026-05-08T19:38:16.304,-9.9291,1.2220,11.1018,0.0011,0.9996,0.0230,0.0186
2026-05-08T19:38:16.322,-9.9261,1.2219,11.0201,0.0009,0.9996,0.0227,0.0185
2026-05-08T19:38:16.339,-9.9230,1.2219,10.9353,0.0009,0.9996,0.0225,0.0184
2026-05-08T19:38:16.357,-9.9198,1.2219,10.8489,0.0010,0.9996,0.0224,0.0184
2026-05-08T19:38:16.375,-9.9165,1.2219,10.7581,0.0011,0.9996,0.0225,0.0184
2026-05-08T19:38:16.392,-9.9132,1.2220,10.6713,0.0012,0.9996,0.0224,0.0183
2026-05-08T19:38:16.409,-9.9099,1.2220,10.5808,0.0012,0.9996,0.0223,0.0182
2026-05-08T19:38:16.426,-9.9070,1.2219,10.4994,0.0012,0.9995,0.0223,0.0213
2026-05-08T19:38:16.443,-9.9035,1.2219,10.4169,0.0011,0.9994,0.0222,0.0253
2026-05-08T19:38:16.461,-9.8999,1.2219,10.3376,0.0011,0.9993,0.0220,0.0295
2026-05-08T19:38:16.480,-9.8953,1.2219,10.2597,0.0009,0.9992,0.0219,0.0339
2026-05-08T19:38:16.499,-9.8894,1.2219,10.1722,0.0007,0.9990,0.0218,0.0396
2026-05-08T19:38:16.517,-9.8826,1.2219,10.0864,0.0004,0.9987,0.0218,0.0452
2026-05-08T19:38:16.538,-9.8748,1.2219,10.0015,0.0003,0.9985,0.0219,0.0509
2026-05-08T19:38:16.555,-9.8663,1.2219,9.9180,0.0001,0.9981,0.0219,0.0568
2026-05-08T19:38:16.574,-9.8555,1.2219,9.8239,-0.0001,0.9977,0.0221,0.0643
2026-05-08T19:38:16.592,-9.8461,1.2218,9.7517,-0.0001,0.9973,0.0222,0.0706
2026-05-08T19:38:16.609,-9.8350,1.2218,9.6740,-0.0003,0.9966,0.0222,0.0797
2026-05-08T19:38:16.625,-9.8242,1.2218,9.6070,-0.0004,0.9958,0.0223,0.0890
2026-05-08T19:38:16.642,-9.8146,1.2217,9.5539,-0.0006,0.9949,0.0223,0.0986
2026-05-08T19:38:16.659,-9.8056,1.2217,9.5040,-0.0009,0.9938,0.0224,0.1090
2026-05-08T19:38:16.677,-9.7972,1.2217,9.4662,-0.0012,0.9925,0.0225,0.1203
2026-05-08T19:38:16.696,-9.7885,1.2217,9.4308,-0.0015,0.9908,0.0226,0.1332
2026-05-08T19:38:16.715,-9.7825,1.2217,9.4088,-0.0019,0.9890,0.0224,0.1459
2026-05-08T19:38:16.733,-9.7791,1.2217,9.3976,-0.0025,0.9867,0.0222,0.1608
2026-05-08T19:38:16.750,-9.7787,1.2217,9.3965,-0.0030,0.9842,0.0218,0.1755
2026-05-08T19:38:16.768,-9.7795,1.2218,9.3987,-0.0032,0.9817,0.0218,0.1890
2026-05-08T19:38:16.784,-9.7819,1.2218,9.4047,-0.0033,0.9792,0.0218,0.2019
2026-05-08T19:38:16.799,-9.7877,1.2218,9.4184,-0.0035,0.9761,0.0219,0.2163
2026-05-08T19:38:16.815,-9.7950,1.2218,9.4300,-0.0038,0.9734,0.0217,0.2282
2026-05-08T19:38:16.831,-9.8025,1.2218,9.4451,-0.0041,0.9704,0.0217,0.2404
2026-05-08T19:38:16.846,-9.8109,1.2218,9.4611,-0.0044,0.9677,0.0216,0.2511
2026-05-08T19:38:16.862,-9.8213,1.2218,9.4798,-0.0046,0.9648,0.0215,0.2622
2026-05-08T19:38:16.880,-9.8337,1.2218,9.4983,-0.0048,0.9616,0.0215,0.2737
2026-05-08T19:38:16.900,-9.8464,1.2218,9.5187,-0.0052,0.9582,0.0214,0.2853
2026-05-08T19:38:16.917,-9.8621,1.2218,9.5427,-0.0055,0.9542,0.0213,0.2982
2026-05-08T19:38:16.935,-9.8796,1.2218,9.5679,-0.0058,0.9498,0.0212,0.3120
2026-05-08T19:38:16.951,-9.8956,1.2218,9.5897,-0.0060,0.9458,0.0211,0.3239
2026-05-08T19:38:16.967,-9.9134,1.2218,9.6126,-0.0063,0.9415,0.0210,0.3364
2026-05-08T19:38:16.982,-9.9305,1.2217,9.6335,-0.0066,0.9372,0.0209,0.3480
2026-05-08T19:38:16.998,-9.9478,1.2217,9.6514,-0.0067,0.9331,0.0208,0.3590
2026-05-08T19:38:17.013,-9.9639,1.2217,9.6693,-0.0068,0.9290,0.0209,0.3694
2026-05-08T19:38:17.029,-9.9817,1.2218,9.6882,-0.0069,0.9245,0.0209,0.3805
2026-05-08T19:38:17.044,-9.9988,1.2218,9.7054,-0.0070,0.9202,0.0208,0.3908
2026-05-08T19:38:17.061,-10.0167,1.2218,9.7227,-0.0071,0.9156,0.0207,0.4014
2026-05-08T19:38:17.080,-10.0351,1.2218,9.7379,-0.0074,0.9111,0.0206,0.4116
2026-05-08T19:38:17.096,-10.0564,1.2218,9.7567,-0.0077,0.9056,0.0204,0.4237
2026-05-08T19:38:17.112,-10.0786,1.2218,9.7752,-0.0080,0.8998,0.0202,0.4357
2026-05-08T19:38:17.129,-10.0993,1.2218,9.7915,-0.0082,0.8944,0.0200,0.4467
2026-05-08T19:38:17.144,-10.1209,1.2218,9.8077,-0.0086,0.8886,0.0199,0.4581
2026-05-08T19:38:17.160,-10.1416,1.2218,9.8224,-0.0088,0.8830,0.0197,0.4689
2026-05-08T19:38:17.175,-10.1611,1.2218,9.8339,-0.0090,0.8775,0.0196,0.4791
2026-05-08T19:38:17.191,-10.1802,1.2217,9.8463,-0.0093,0.8720,0.0195,0.4890
2026-05-08T19:38:17.206,-10.2002,1.2217,9.8585,-0.0096,0.8661,0.0194,0.4994
2026-05-08T19:38:17.222,-10.2193,1.2217,9.8695,-0.0098,0.8603,0.0193,0.5093
2026-05-08T19:38:17.237,-10.2386,1.2217,9.8786,-0.0100,0.8543,0.0193,0.5193
2026-05-08T19:38:17.252,-10.2571,1.2217,9.8882,-0.0103,0.8483,0.0191,0.5290
2026-05-08T19:38:17.268,-10.2764,1.2217,9.8976,-0.0105,0.8419,0.0190,0.5392
2026-05-08T19:38:17.284,-10.2936,1.2217,9.9055,-0.0107,0.8358,0.0189,0.5486
2026-05-08T19:38:17.301,-10.3110,1.2217,9.9130,-0.0110,0.8291,0.0186,0.5587
2026-05-08T19:38:17.318,-10.3284,1.2217,9.9186,-0.0112,0.8220,0.0185,0.5690
2026-05-08T19:38:17.335,-10.3455,1.2217,9.9250,-0.0114,0.8145,0.0183,0.5797
2026-05-08T19:38:17.352,-10.3624,1.2217,9.9308,-0.0118,0.8069,0.0181,0.5903
2026-05-08T19:38:17.367,-10.3802,1.2217,9.9364,-0.0121,0.7989,0.0177,0.6011
2026-05-08T19:38:17.382,-10.3957,1.2217,9.9408,-0.0123,0.7911,0.0172,0.6114
2026-05-08T19:38:17.396,-10.4094,1.2217,9.9444,-0.0124,0.7834,0.0171,0.6211
2026-05-08T19:38:17.411,-10.4193,1.2217,9.9453,-0.0126,0.7767,0.0170,0.6296
2026-05-08T19:38:17.426,-10.4287,1.2217,9.9472,-0.0127,0.7696,0.0170,0.6382
2026-05-08T19:38:17.440,-10.4361,1.2217,9.9486,-0.0128,0.7624,0.0170,0.6467
2026-05-08T19:38:17.456,-10.4415,1.2217,9.9483,-0.0129,0.7549,0.0169,0.6555
2026-05-08T19:38:17.473,-10.4416,1.2217,9.9483,-0.0131,0.7473,0.0166,0.6642
2026-05-08T19:38:17.489,-10.4416,1.2217,9.9483,-0.0132,0.7389,0.0165,0.6735
2026-05-08T19:38:17.505,-10.4394,1.2217,9.9481,-0.0134,0.7298,0.0164,0.6833
2026-05-08T19:38:17.520,-10.4353,1.2218,9.9478,-0.0136,0.7208,0.0163,0.6928
2026-05-08T19:38:17.537,-10.4253,1.2218,9.9459,-0.0138,0.7120,0.0161,0.7019
2026-05-08T19:38:17.552,-10.4154,1.2218,9.9458,-0.0140,0.7039,0.0159,0.7100
2026-05-08T19:38:17.566,-10.4035,1.2218,9.9459,-0.0143,0.6944,0.0158,0.7193
2026-05-08T19:38:17.581,-10.3925,1.2217,9.9463,-0.0145,0.6864,0.0156,0.7269
2026-05-08T19:38:17.596,-10.3791,1.2217,9.9459,-0.0148,0.6776,0.0153,0.7351
2026-05-08T19:38:17.610,-10.3671,1.2217,9.9468,-0.0149,0.6700,0.0151,0.7420
2026-05-08T19:38:17.625,-10.3528,1.2217,9.9483,-0.0151,0.6614,0.0149,0.7497
2026-05-08T19:38:17.639,-10.3386,1.2217,9.9501,-0.0153,0.6531,0.0147,0.7569
2026-05-08T19:38:17.653,-10.3231,1.2217,9.9511,-0.0155,0.6447,0.0145,0.7642
2026-05-08T19:38:17.668,-10.3081,1.2217,9.9536,-0.0156,0.6362,0.0144,0.7712
2026-05-08T19:38:17.682,-10.2918,1.2217,9.9568,-0.0157,0.6270,0.0143,0.7787
2026-05-08T19:38:17.698,-10.2765,1.2217,9.9588,-0.0157,0.6191,0.0142,0.7850
2026-05-08T19:38:17.713,-10.2606,1.2217,9.9626,-0.0159,0.6103,0.0140,0.7919
2026-05-08T19:38:17.730,-10.2428,1.2217,9.9673,-0.0161,0.6003,0.0138,0.7995
2026-05-08T19:38:17.746,-10.2258,1.2217,9.9722,-0.0162,0.5912,0.0135,0.8063
2026-05-08T19:38:17.761,-10.2061,1.2217,9.9784,-0.0164,0.5806,0.0133,0.8139
2026-05-08T19:38:17.775,-10.1871,1.2217,9.9833,-0.0165,0.5712,0.0130,0.8205
2026-05-08T19:38:17.790,-10.1691,1.2217,9.9899,-0.0167,0.5619,0.0128,0.8269
2026-05-08T19:38:17.804,-10.1504,1.2217,9.9973,-0.0168,0.5528,0.0126,0.8331
2026-05-08T19:38:17.818,-10.1313,1.2217,10.0054,-0.0169,0.5437,0.0124,0.8390
2026-05-08T19:38:17.833,-10.1106,1.2217,10.0133,-0.0171,0.5347,0.0122,0.8448
2026-05-08T19:38:17.847,-10.0890,1.2217,10.0236,-0.0173,0.5261,0.0120,0.8501
2026-05-08T19:38:17.862,-10.0632,1.2217,10.0365,-0.0174,0.5169,0.0118,0.8558
2026-05-08T19:38:17.877,-10.0316,1.2217,10.0517,-0.0176,0.5082,0.0118,0.8610
2026-05-08T19:38:17.893,-9.9990,1.2217,10.0698,-0.0178,0.4994,0.0118,0.8661
2026-05-08T19:38:17.908,-9.9645,1.2217,10.0898,-0.0178,0.4908,0.0117,0.8710
2026-05-08T19:38:17.924,-9.9217,1.2217,10.1158,-0.0179,0.4817,0.0116,0.8760
2026-05-08T19:38:17.938,-9.8792,1.2217,10.1428,-0.0180,0.4739,0.0114,0.8803
2026-05-08T19:38:17.953,-9.8335,1.2217,10.1718,-0.0181,0.4661,0.0112,0.8845
2026-05-08T19:38:17.968,-9.7921,1.2217,10.2002,-0.0182,0.4592,0.0110,0.8881
2026-05-08T19:38:17.982,-9.7464,1.2217,10.2326,-0.0183,0.4522,0.0109,0.8917
2026-05-08T19:38:17.995,-9.7001,1.2217,10.2665,-0.0184,0.4456,0.0107,0.8950
2026-05-08T19:38:18.010,-9.6555,1.2217,10.2991,-0.0184,0.4403,0.0107,0.8976
2026-05-08T19:38:18.024,-9.6076,1.2217,10.3362,-0.0186,0.4351,0.0104,0.9001
2026-05-08T19:38:18.038,-9.5583,1.2217,10.3753,-0.0186,0.4304,0.0102,0.9024
2026-05-08T19:38:18.052,-9.5079,1.2217,10.4154,-0.0185,0.4264,0.0101,0.9043
2026-05-08T19:38:18.066,-9.4577,1.2217,10.4568,-0.0186,0.4225,0.0101,0.9061
2026-05-08T19:38:18.079,-9.4072,1.2217,10.4992,-0.0185,0.4185,0.0101,0.9080
2026-05-08T19:38:18.094,-9.3571,1.2217,10.5414,-0.0185,0.4146,0.0101,0.9097
2026-05-08T19:38:18.108,-9.3106,1.2217,10.5819,-0.0184,0.4112,0.0101,0.9113
2026-05-08T19:38:18.121,-9.2602,1.2218,10.6264,-0.0184,0.4077,0.0099,0.9129
2026-05-08T19:38:18.136,-9.2106,1.2217,10.6703,-0.0186,0.4047,0.0099,0.9142
2026-05-08T19:38:18.150,-9.1629,1.2217,10.7136,-0.0186,0.4018,0.0099,0.9155
2026-05-08T19:38:18.163,-9.1095,1.2217,10.7627,-0.0187,0.3995,0.0099,0.9165
2026-05-08T19:38:18.177,-9.0618,1.2217,10.8069,-0.0187,0.3994,0.0100,0.9165
2026-05-08T19:38:18.192,-9.0101,1.2217,10.8550,-0.0187,0.3995,0.0099,0.9165
2026-05-08T19:38:18.205,-8.9588,1.2216,10.9026,-0.0188,0.3995,0.0098,0.9165
2026-05-08T19:38:18.219,-8.9062,1.2216,10.9515,-0.0189,0.3995,0.0098,0.9165
2026-05-08T19:38:18.233,-8.8577,1.2216,10.9966,-0.0190,0.3995,0.0097,0.9165
2026-05-08T19:38:18.247,-8.8079,1.2216,11.0427,-0.0189,0.3995,0.0097,0.9165
2026-05-08T19:38:18.261,-8.7552,1.2216,11.0917,-0.0190,0.3996,0.0095,0.9165
2026-05-08T19:38:18.275,-8.7071,1.2216,11.1363,-0.0190,0.3998,0.0094,0.9164
2026-05-08T19:38:18.289,-8.6555,1.2216,11.1841,-0.0189,0.4000,0.0093,0.9163
2026-05-08T19:38:18.304,-8.6148,1.2216,11.2320,-0.0189,0.4000,0.0093,0.9163
2026-05-08T19:38:18.317,-8.5944,1.2216,11.2912,-0.0189,0.4001,0.0095,0.9162
2026-05-08T19:38:18.331,-8.5495,1.2216,11.3460,-0.0189,0.4001,0.0096,0.9162
2026-05-08T19:38:18.345,-8.5023,1.2216,11.3897,-0.0188,0.4001,0.0097,0.9162
2026-05-08T19:38:18.359,-8.4502,1.2216,11.4381,-0.0188,0.4002,0.0097,0.9162
2026-05-08T19:38:18.373,-8.3983,1.2217,11.4862,-0.0188,0.4002,0.0098,0.9162
2026-05-08T19:38:18.387,-8.3527,1.2217,11.5285,-0.0188,0.4023,0.0098,0.9153
2026-05-08T19:38:18.401,-8.3008,1.2217,11.5761,-0.0188,0.4049,0.0098,0.9141
2026-05-08T19:38:18.415,-8.2507,1.2217,11.6220,-0.0187,0.4076,0.0098,0.9129
2026-05-08T19:38:18.429,-8.1998,1.2217,11.6677,-0.0187,0.4109,0.0097,0.9114
2026-05-08T19:38:18.443,-8.1518,1.2217,11.7101,-0.0185,0.4142,0.0098,0.9100
2026-05-08T19:38:18.456,-8.1337,1.2216,11.7514,-0.0185,0.4177,0.0099,0.9084
2026-05-08T19:38:18.470,-8.1341,1.2217,11.7952,-0.0185,0.4217,0.0100,0.9065
2026-05-08T19:38:18.484,-8.1308,1.2217,11.8349,-0.0184,0.4256,0.0101,0.9047
2026-05-08T19:38:18.498,-8.1184,1.2217,11.8849,-0.0184,0.4303,0.0103,0.9024
2026-05-08T19:38:18.513,-8.0949,1.2217,11.9331,-0.0185,0.4349,0.0105,0.9002
2026-05-08T19:38:18.526,-8.0619,1.2217,11.9792,-0.0185,0.4398,0.0107,0.8979
2026-05-08T19:38:18.540,-8.0142,1.2217,12.0218,-0.0184,0.4453,0.0109,0.8951
2026-05-08T19:38:18.553,-7.9694,1.2217,12.0567,-0.0183,0.4503,0.0111,0.8926
2026-05-08T19:38:18.567,-7.9247,1.2217,12.0898,-0.0183,0.4554,0.0113,0.8901
2026-05-08T19:38:18.581,-7.8781,1.2217,12.1234,-0.0182,0.4606,0.0116,0.8874
2026-05-08T19:38:18.595,-7.8317,1.2217,12.1570,-0.0182,0.4660,0.0117,0.8845
2026-05-08T19:38:18.610,-7.7836,1.2218,12.1900,-0.0181,0.4715,0.0120,0.8816
2026-05-08T19:38:18.623,-7.7361,1.2218,12.2218,-0.0180,0.4772,0.0121,0.8786
2026-05-08T19:38:18.637,-7.6882,1.2218,12.2529,-0.0180,0.4830,0.0122,0.8754
2026-05-08T19:38:18.651,-7.6436,1.2218,12.2821,-0.0179,0.4884,0.0123,0.8723
2026-05-08T19:38:18.665,-7.5972,1.2218,12.3106,-0.0178,0.4940,0.0125,0.8692
2026-05-08T19:38:18.679,-7.5486,1.2218,12.3395,-0.0178,0.4999,0.0126,0.8658
2026-05-08T19:38:18.693,-7.5012,1.2218,12.3678,-0.0177,0.5057,0.0125,0.8624
2026-05-08T19:38:18.707,-7.4530,1.2218,12.3948,-0.0176,0.5116,0.0125,0.8590
2026-05-08T19:38:18.720,-7.4056,1.2218,12.4205,-0.0175,0.5172,0.0125,0.8556
2026-05-08T19:38:18.734,-7.3572,1.2218,12.4467,-0.0174,0.5230,0.0126,0.8521
2026-05-08T19:38:18.749,-7.3089,1.2218,12.4713,-0.0173,0.5286,0.0128,0.8486
2026-05-08T19:38:18.763,-7.2563,1.2218,12.4971,-0.0172,0.5346,0.0129,0.8448
2026-05-08T19:38:18.776,-7.2057,1.2218,12.5210,-0.0171,0.5397,0.0129,0.8416
2026-05-08T19:38:18.790,-7.1511,1.2218,12.5468,-0.0171,0.5447,0.0129,0.8384
2026-05-08T19:38:18.804,-7.0947,1.2218,12.5719,-0.0171,0.5488,0.0130,0.8356
2026-05-08T19:38:18.818,-7.0376,1.2218,12.5966,-0.0170,0.5524,0.0132,0.8333
2026-05-08T19:38:18.832,-6.9749,1.2218,12.6237,-0.0171,0.5551,0.0134,0.8315
2026-05-08T19:38:18.846,-6.9147,1.2218,12.6487,-0.0171,0.5572,0.0133,0.8301
2026-05-08T19:38:18.859,-6.8462,1.2217,12.6767,-0.0171,0.5572,0.0133,0.8301
2026-05-08T19:38:18.874,-6.7846,1.2217,12.7020,-0.0171,0.5571,0.0133,0.8302
2026-05-08T19:38:18.888,-6.7251,1.2217,12.7264,-0.0171,0.5571,0.0133,0.8302
2026-05-08T19:38:18.902,-6.6553,1.2217,12.7550,-0.0171,0.5570,0.0133,0.8302
2026-05-08T19:38:18.916,-6.5912,1.2217,12.7813,-0.0172,0.5571,0.0132,0.8302
2026-05-08T19:38:18.930,-6.5272,1.2217,12.8075,-0.0171,0.5572,0.0131,0.8301
2026-05-08T19:38:18.944,-6.4629,1.2217,12.8338,-0.0171,0.5573,0.0130,0.8301
2026-05-08T19:38:18.957,-6.3982,1.2217,12.8603,-0.0171,0.5574,0.0130,0.8300
2026-05-08T19:38:18.972,-6.3330,1.2217,12.8869,-0.0171,0.5575,0.0131,0.8299
2026-05-08T19:38:18.985,-6.2740,1.2217,12.9111,-0.0170,0.5575,0.0131,0.8299
2026-05-08T19:38:18.999,-6.2069,1.2217,12.9385,-0.0171,0.5576,0.0131,0.8298
2026-05-08T19:38:19.013,-6.1432,1.2217,12.9645,-0.0171,0.5576,0.0132,0.8298
2026-05-08T19:38:19.027,-6.0774,1.2217,12.9913,-0.0171,0.5577,0.0131,0.8297
2026-05-08T19:38:19.041,-6.0124,1.2217,13.0179,-0.0172,0.5578,0.0130,0.8297
2026-05-08T19:38:19.055,-5.9491,1.2217,13.0437,-0.0172,0.5578,0.0130,0.8297
2026-05-08T19:38:19.069,-5.8864,1.2217,13.0693,-0.0172,0.5578,0.0130,0.8297
2026-05-08T19:38:19.083,-5.8226,1.2217,13.0954,-0.0172,0.5577,0.0131,0.8298
2026-05-08T19:38:19.096,-5.7559,1.2217,13.1226,-0.0172,0.5577,0.0131,0.8298
2026-05-08T19:38:19.111,-5.6905,1.2217,13.1493,-0.0172,0.5577,0.0131,0.8297
2026-05-08T19:38:19.125,-5.6291,1.2217,13.1743,-0.0172,0.5577,0.0131,0.8298
2026-05-08T19:38:19.138,-5.5611,1.2217,13.2021,-0.0172,0.5576,0.0131,0.8298
2026-05-08T19:38:19.152,-5.4987,1.2217,13.2276,-0.0172,0.5577,0.0131,0.8298
2026-05-08T19:38:19.166,-5.4335,1.2217,13.2542,-0.0173,0.5577,0.0131,0.8297
2026-05-08T19:38:19.180,-5.3720,1.2217,13.2793,-0.0173,0.5578,0.0130,0.8297
2026-05-08T19:38:19.195,-5.3032,1.2217,13.3074,-0.0173,0.5578,0.0129,0.8297
2026-05-08T19:38:19.208,-5.2412,1.2217,13.3326,-0.0173,0.5578,0.0129,0.8297
2026-05-08T19:38:19.222,-5.1733,1.2217,13.3603,-0.0173,0.5579,0.0128,0.8296
2026-05-08T19:38:19.235,-5.1104,1.2217,13.3859,-0.0172,0.5580,0.0127,0.8296
2026-05-08T19:38:19.250,-5.0491,1.2218,13.4109,-0.0172,0.5581,0.0126,0.8295
2026-05-08T19:38:19.264,-4.9859,1.2218,13.4366,-0.0172,0.5581,0.0126,0.8295
2026-05-08T19:38:19.277,-4.9204,1.2218,13.4632,-0.0173,0.5581,0.0126,0.8295
2026-05-08T19:38:19.291,-4.8556,1.2218,13.4896,-0.0172,0.5580,0.0127,0.8296
2026-05-08T19:38:19.306,-4.7934,1.2218,13.5150,-0.0172,0.5579,0.0128,0.8296
2026-05-08T19:38:19.318,-4.7335,1.2218,13.5395,-0.0173,0.5578,0.0129,0.8297
2026-05-08T19:38:19.333,-4.6654,1.2218,13.5673,-0.0174,0.5551,0.0128,0.8315
2026-05-08T19:38:19.347,-4.6104,1.2218,13.5901,-0.0174,0.5524,0.0126,0.8333
2026-05-08T19:38:19.361,-4.5465,1.2218,13.6172,-0.0174,0.5485,0.0125,0.8359
2026-05-08T19:38:19.374,-4.4891,1.2218,13.6416,-0.0174,0.5449,0.0125,0.8382
2026-05-08T19:38:19.388,-4.4326,1.2218,13.6667,-0.0175,0.5409,0.0126,0.8408
2026-05-08T19:38:19.401,-4.3793,1.2219,13.6911,-0.0175,0.5365,0.0127,0.8436
2026-05-08T19:38:19.414,-4.3241,1.2219,13.7169,-0.0176,0.5314,0.0128,0.8469
2026-05-08T19:38:19.429,-4.2733,1.2219,13.7408,-0.0177,0.5263,0.0127,0.8500
2026-05-08T19:38:19.443,-4.2288,1.2219,13.7631,-0.0176,0.5214,0.0128,0.8530
2026-05-08T19:38:19.456,-4.1772,1.2220,13.7895,-0.0179,0.5155,0.0127,0.8566
2026-05-08T19:38:19.471,-4.1296,1.2220,13.8139,-0.0180,0.5096,0.0126,0.8601
2026-05-08T19:38:19.484,-4.0844,1.2220,13.8388,-0.0181,0.5033,0.0125,0.8638
2026-05-08T19:38:19.498,-4.0357,1.2220,13.8665,-0.0182,0.4965,0.0124,0.8677
2026-05-08T19:38:19.512,-3.9923,1.2219,13.8910,-0.0183,0.4904,0.0123,0.8712
2026-05-08T19:38:19.526,-3.9519,1.2219,13.9156,-0.0183,0.4839,0.0122,0.8748
2026-05-08T19:38:19.539,-3.9123,1.2219,13.9405,-0.0185,0.4769,0.0121,0.8787
2026-05-08T19:38:19.553,-3.8709,1.2219,13.9664,-0.0186,0.4696,0.0120,0.8826
2026-05-08T19:38:19.567,-3.8350,1.2219,13.9906,-0.0187,0.4627,0.0119,0.8863
2026-05-08T19:38:19.581,-3.7981,1.2219,14.0164,-0.0188,0.4553,0.0117,0.8901
2026-05-08T19:38:19.597,-3.7612,1.2220,14.0419,-0.0189,0.4474,0.0115,0.8941
2026-05-08T19:38:19.613,-3.7295,1.2220,14.0657,-0.0190,0.4399,0.0115,0.8978
2026-05-08T19:38:19.631,-3.6926,1.2220,14.0944,-0.0191,0.4306,0.0115,0.9023
2026-05-08T19:38:19.649,-3.6570,1.2220,14.1232,-0.0191,0.4210,0.0114,0.9068
2026-05-08T19:38:19.669,-3.6170,1.2220,14.1572,-0.0192,0.4098,0.0112,0.9119
2026-05-08T19:38:19.685,-3.5824,1.2220,14.1879,-0.0194,0.3995,0.0110,0.9165
2026-05-08T19:38:19.702,-3.5446,1.2220,14.2231,-0.0195,0.3871,0.0108,0.9218
2026-05-08T19:38:19.719,-3.5130,1.2220,14.2520,-0.0196,0.3761,0.0105,0.9263
2026-05-08T19:38:19.735,-3.4851,1.2220,14.2807,-0.0198,0.3651,0.0103,0.9307
2026-05-08T19:38:19.752,-3.4604,1.2220,14.3073,-0.0198,0.3547,0.0101,0.9347
2026-05-08T19:38:19.769,-3.4337,1.2220,14.3375,-0.0200,0.3427,0.0097,0.9392
2026-05-08T19:38:19.787,-3.4136,1.2220,14.3614,-0.0201,0.3328,0.0096,0.9427
2026-05-08T19:38:19.806,-3.3913,1.2220,14.3890,-0.0202,0.3210,0.0094,0.9468
2026-05-08T19:38:19.826,-3.3682,1.2220,14.4169,-0.0204,0.3090,0.0091,0.9508
2026-05-08T19:38:19.844,-3.3460,1.2220,14.4476,-0.0205,0.2958,0.0089,0.9550
2026-05-08T19:38:19.862,-3.3229,1.2220,14.4814,-0.0207,0.2813,0.0088,0.9594
2026-05-08T19:38:19.879,-3.3044,1.2220,14.5102,-0.0208,0.2693,0.0086,0.9628
2026-05-08T19:38:19.895,-3.2869,1.2220,14.5390,-0.0209,0.2573,0.0085,0.9661
2026-05-08T19:38:19.913,-3.2699,1.2220,14.5686,-0.0209,0.2451,0.0081,0.9692
2026-05-08T19:38:19.932,-3.2539,1.2220,14.5983,-0.0210,0.2329,0.0079,0.9722
2026-05-08T19:38:19.950,-3.2387,1.2220,14.6282,-0.0211,0.2208,0.0076,0.9751
2026-05-08T19:38:19.968,-3.2224,1.2220,14.6623,-0.0212,0.2070,0.0073,0.9781
2026-05-08T19:38:19.986,-3.2078,1.2220,14.6951,-0.0213,0.1940,0.0068,0.9807
2026-05-08T19:38:20.003,-3.1945,1.2219,14.7272,-0.0212,0.1815,0.0063,0.9831
2026-05-08T19:38:20.019,-3.1811,1.2219,14.7583,-0.0212,0.1695,0.0060,0.9853
2026-05-08T19:38:20.038,-3.1696,1.2219,14.7905,-0.0213,0.1571,0.0057,0.9873
2026-05-08T19:38:20.056,-3.1590,1.2219,14.8225,-0.0213,0.1449,0.0055,0.9892
2026-05-08T19:38:20.073,-3.1487,1.2219,14.8568,-0.0213,0.1320,0.0051,0.9910
2026-05-08T19:38:20.090,-3.1396,1.2219,14.8900,-0.0213,0.1194,0.0049,0.9926
2026-05-08T19:38:20.108,-3.1316,1.2219,14.9230,-0.0214,0.1070,0.0045,0.9940
2026-05-08T19:38:20.127,-3.1242,1.2219,14.9565,-0.0214,0.0944,0.0042,0.9953
2026-05-08T19:38:20.143,-3.1176,1.2218,14.9907,-0.0214,0.0815,0.0039,0.9964
2026-05-08T19:38:20.161,-3.1100,1.2218,15.0276,-0.0214,0.0679,0.0034,0.9975
2026-05-08T19:38:20.179,-3.1056,1.2218,15.0594,-0.0213,0.0561,0.0030,0.9982
2026-05-08T19:38:20.197,-3.1016,1.2217,15.0934,-0.0215,0.0433,0.0027,0.9988
2026-05-08T19:38:20.215,-3.0986,1.2217,15.1281,-0.0214,0.0305,0.0023,0.9993
2026-05-08T19:38:20.233,-3.0963,1.2217,15.1643,-0.0213,0.0172,0.0019,0.9996
2026-05-08T19:38:20.251,-3.0950,1.2216,15.1991,-0.0213,0.0044,0.0015,0.9998
2026-05-08T19:38:20.269,-3.0947,1.2216,15.2350,-0.0212,-0.0088,0.0013,0.9997
2026-05-08T19:38:20.286,-3.0953,1.2216,15.2695,-0.0211,-0.0215,0.0011,0.9995
2026-05-08T19:38:20.304,-3.0968,1.2216,15.3057,-0.0212,-0.0349,0.0009,0.9992
2026-05-08T19:38:20.322,-3.0976,1.2216,15.3387,-0.0211,-0.0468,0.0008,0.9987
2026-05-08T19:38:20.339,-3.1008,1.2216,15.3729,-0.0212,-0.0594,0.0003,0.9980
2026-05-08T19:38:20.358,-3.1049,1.2215,15.4082,-0.0211,-0.0725,0.0000,0.9971
2026-05-08T19:38:20.376,-3.1102,1.2215,15.4443,-0.0210,-0.0859,-0.0004,0.9961
2026-05-08T19:38:20.393,-3.1160,1.2215,15.4780,-0.0208,-0.0984,-0.0007,0.9949
2026-05-08T19:38:20.410,-3.1231,1.2215,15.5136,-0.0208,-0.1118,-0.0010,0.9935
2026-05-08T19:38:20.428,-3.1310,1.2215,15.5487,-0.0208,-0.1248,-0.0014,0.9920
2026-05-08T19:38:20.446,-3.1390,1.2215,15.5800,-0.0209,-0.1366,-0.0017,0.9904
2026-05-08T19:38:20.464,-3.1483,1.2215,15.6130,-0.0208,-0.1490,-0.0020,0.9886
2026-05-08T19:38:20.483,-3.1573,1.2215,15.6468,-0.0208,-0.1614,-0.0023,0.9867
2026-05-08T19:38:20.502,-3.1693,1.2215,15.6827,-0.0208,-0.1750,-0.0026,0.9843
2026-05-08T19:38:20.519,-3.1814,1.2215,15.7156,-0.0208,-0.1877,-0.0027,0.9820
2026-05-08T19:38:20.537,-3.1956,1.2215,15.7514,-0.0208,-0.2015,-0.0029,0.9793
2026-05-08T19:38:20.555,-3.2095,1.2215,15.7835,-0.0208,-0.2141,-0.0030,0.9766
2026-05-08T19:38:20.572,-3.2241,1.2215,15.8152,-0.0208,-0.2266,-0.0033,0.9738
2026-05-08T19:38:20.590,-3.2387,1.2216,15.8447,-0.0207,-0.2385,-0.0035,0.9709
2026-05-08T19:38:20.608,-3.2549,1.2216,15.8759,-0.0207,-0.2511,-0.0038,0.9677
2026-05-08T19:38:20.625,-3.2719,1.2216,15.9062,-0.0207,-0.2636,-0.0041,0.9644
2026-05-08T19:38:20.644,-3.2882,1.2216,15.9367,-0.0206,-0.2758,-0.0044,0.9610
2026-05-08T19:38:20.662,-3.3069,1.2216,15.9667,-0.0204,-0.2881,-0.0048,0.9574
2026-05-08T19:38:20.679,-3.3275,1.2216,15.9978,-0.0203,-0.3011,-0.0050,0.9534
2026-05-08T19:38:20.696,-3.3478,1.2216,16.0267,-0.0204,-0.3134,-0.0050,0.9494
2026-05-08T19:38:20.712,-3.3671,1.2217,16.0526,-0.0204,-0.3247,-0.0051,0.9456
2026-05-08T19:38:20.728,-3.3878,1.2218,16.0792,-0.0203,-0.3363,-0.0052,0.9415
2026-05-08T19:38:20.746,-3.4081,1.2218,16.1039,-0.0203,-0.3472,-0.0054,0.9375
2026-05-08T19:38:20.762,-3.4300,1.2218,16.1294,-0.0203,-0.3587,-0.0056,0.9332
2026-05-08T19:38:20.779,-3.4511,1.2218,16.1548,-0.0203,-0.3698,-0.0057,0.9289
2026-05-08T19:38:20.796,-3.4736,1.2218,16.1786,-0.0202,-0.3810,-0.0060,0.9243
2026-05-08T19:38:20.812,-3.4977,1.2218,16.2028,-0.0201,-0.3924,-0.0063,0.9196
2026-05-08T19:38:20.828,-3.5251,1.2218,16.2290,-0.0200,-0.4037,-0.0065,0.9146
2026-05-08T19:38:20.844,-3.5512,1.2218,16.2528,-0.0200,-0.4141,-0.0066,0.9100
2026-05-08T19:38:20.859,-3.5798,1.2218,16.2777,-0.0200,-0.4237,-0.0069,0.9055
2026-05-08T19:38:20.875,-3.6112,1.2218,16.3054,-0.0199,-0.4333,-0.0071,0.9010
2026-05-08T19:38:20.890,-3.6443,1.2218,16.3318,-0.0197,-0.4422,-0.0073,0.8967
2026-05-08T19:38:20.904,-3.6827,1.2218,16.3613,-0.0195,-0.4505,-0.0075,0.8925
2026-05-08T19:38:20.919,-3.7236,1.2218,16.3914,-0.0193,-0.4581,-0.0076,0.8887
2026-05-08T19:38:20.935,-3.7730,1.2219,16.4278,-0.0193,-0.4640,-0.0077,0.8856
2026-05-08T19:38:20.952,-3.8252,1.2219,16.4639,-0.0194,-0.4686,-0.0078,0.8832
2026-05-08T19:38:20.968,-3.8917,1.2219,16.5089,-0.0195,-0.4728,-0.0077,0.8809
2026-05-08T19:38:20.984,-3.9564,1.2219,16.5518,-0.0194,-0.4767,-0.0078,0.8788
2026-05-08T19:38:20.998,-4.0206,1.2219,16.5936,-0.0194,-0.4801,-0.0078,0.8770
2026-05-08T19:38:21.013,-4.0818,1.2219,16.6332,-0.0194,-0.4834,-0.0079,0.8752
2026-05-08T19:38:21.028,-4.1408,1.2219,16.6703,-0.0194,-0.4834,-0.0079,0.8751
2026-05-08T19:38:21.042,-4.2043,1.2219,16.7102,-0.0194,-0.4835,-0.0079,0.8751
2026-05-08T19:38:21.057,-4.2653,1.2219,16.7486,-0.0193,-0.4835,-0.0079,0.8751
2026-05-08T19:38:21.072,-4.3254,1.2219,16.7863,-0.0192,-0.4834,-0.0080,0.8752
2026-05-08T19:38:21.088,-4.3873,1.2219,16.8253,-0.0191,-0.4833,-0.0080,0.8752
2026-05-08T19:38:21.105,-4.4508,1.2219,16.8653,-0.0190,-0.4832,-0.0081,0.8753
2026-05-08T19:38:21.122,-4.5195,1.2219,16.9085,-0.0191,-0.4832,-0.0081,0.8753
2026-05-08T19:38:21.138,-4.5908,1.2219,16.9534,-0.0191,-0.4831,-0.0081,0.8753
2026-05-08T19:38:21.153,-4.6608,1.2218,16.9976,-0.0191,-0.4830,-0.0082,0.8754
2026-05-08T19:38:21.168,-4.7278,1.2218,17.0398,-0.0191,-0.4831,-0.0082,0.8753
2026-05-08T19:38:21.183,-4.7877,1.2218,17.0776,-0.0190,-0.4831,-0.0081,0.8753
2026-05-08T19:38:21.198,-4.8491,1.2218,17.1163,-0.0191,-0.4867,-0.0082,0.8733
2026-05-08T19:38:21.215,-4.9048,1.2217,17.1513,-0.0191,-0.4905,-0.0083,0.8712
2026-05-08T19:38:21.237,-4.9560,1.2217,17.1824,-0.0190,-0.4968,-0.0085,0.8676
2026-05-08T19:38:21.248,-5.0084,1.2217,17.2132,-0.0188,-0.5055,-0.0087,0.8626
2026-05-08T19:38:21.264,-5.0615,1.2217,17.2430,-0.0184,-0.5177,-0.0091,0.8553
2026-05-08T19:38:21.281,-5.0854,1.2217,17.2573,-0.0184,-0.5239,-0.0092,0.8515
2026-05-08T19:38:21.297,-5.1141,1.2217,17.2718,-0.0183,-0.5339,-0.0094,0.8453
2026-05-08T19:38:21.312,-5.1397,1.2216,17.2840,-0.0181,-0.5446,-0.0097,0.8385
2026-05-08T19:38:21.330,-5.1550,1.2216,17.2909,-0.0177,-0.5549,-0.0100,0.8317
2026-05-08T19:38:21.346,-5.1661,1.2216,17.2956,-0.0173,-0.5645,-0.0102,0.8252
2026-05-08T19:38:21.362,-5.1733,1.2216,17.2984,-0.0173,-0.5753,-0.0103,0.8177
2026-05-08T19:38:21.378,-5.1787,1.2216,17.3019,-0.0173,-0.5856,-0.0104,0.8103
2026-05-08T19:38:21.393,-5.1810,1.2216,17.3027,-0.0173,-0.5956,-0.0106,0.8030
2026-05-08T19:38:21.409,-5.1788,1.2216,17.3020,-0.0171,-0.6055,-0.0108,0.7956
2026-05-08T19:38:21.423,-5.1719,1.2216,17.3001,-0.0171,-0.6157,-0.0110,0.7877
2026-05-08T19:38:21.438,-5.1620,1.2216,17.2977,-0.0170,-0.6249,-0.0112,0.7804
2026-05-08T19:38:21.452,-5.1526,1.2216,17.2969,-0.0169,-0.6337,-0.0114,0.7733
2026-05-08T19:38:21.467,-5.1410,1.2216,17.2946,-0.0167,-0.6427,-0.0116,0.7658
2026-05-08T19:38:21.481,-5.1282,1.2216,17.2924,-0.0165,-0.6509,-0.0118,0.7589
2026-05-08T19:38:21.496,-5.1136,1.2215,17.2914,-0.0163,-0.6599,-0.0121,0.7511
2026-05-08T19:38:21.510,-5.1002,1.2215,17.2897,-0.0161,-0.6675,-0.0123,0.7444
2026-05-08T19:38:21.526,-5.0836,1.2216,17.2879,-0.0161,-0.6764,-0.0124,0.7362
2026-05-08T19:38:21.540,-5.0689,1.2216,17.2866,-0.0159,-0.6841,-0.0126,0.7291
2026-05-08T19:38:21.557,-5.0507,1.2215,17.2867,-0.0157,-0.6928,-0.0129,0.7208
2026-05-08T19:38:21.571,-5.0326,1.2216,17.2860,-0.0154,-0.7008,-0.0131,0.7131
2026-05-08T19:38:21.585,-5.0121,1.2216,17.2857,-0.0152,-0.7096,-0.0132,0.7043
2026-05-08T19:38:21.601,-4.9931,1.2216,17.2858,-0.0151,-0.7172,-0.0134,0.6966
2026-05-08T19:38:21.616,-4.9753,1.2216,17.2876,-0.0151,-0.7245,-0.0135,0.6890
2026-05-08T19:38:21.635,-4.9543,1.2216,17.2886,-0.0150,-0.7327,-0.0136,0.6802
2026-05-08T19:38:21.649,-4.9335,1.2216,17.2902,-0.0149,-0.7408,-0.0138,0.6714
2026-05-08T19:38:21.664,-4.9090,1.2216,17.2925,-0.0147,-0.7502,-0.0140,0.6609
2026-05-08T19:38:21.678,-4.8915,1.2217,17.2947,-0.0146,-0.7568,-0.0142,0.6533
2026-05-08T19:38:21.693,-4.8721,1.2216,17.2988,-0.0144,-0.7645,-0.0144,0.6444
2026-05-08T19:38:21.707,-4.8537,1.2217,17.3019,-0.0141,-0.7713,-0.0146,0.6361
2026-05-08T19:38:21.722,-4.8344,1.2217,17.3057,-0.0139,-0.7786,-0.0148,0.6272
2026-05-08T19:38:21.737,-4.8168,1.2217,17.3108,-0.0137,-0.7853,-0.0150,0.6188
2026-05-08T19:38:21.751,-4.7978,1.2216,17.3154,-0.0133,-0.7922,-0.0152,0.6099
2026-05-08T19:38:21.765,-4.7794,1.2216,17.3202,-0.0132,-0.7987,-0.0154,0.6014
2026-05-08T19:38:21.778,-4.7619,1.2216,17.3252,-0.0131,-0.8049,-0.0155,0.5930
2026-05-08T19:38:21.792,-4.7449,1.2216,17.3317,-0.0130,-0.8112,-0.0157,0.5844
2026-05-08T19:38:21.807,-4.7275,1.2216,17.3375,-0.0129,-0.8173,-0.0159,0.5758
2026-05-08T19:38:21.820,-4.7098,1.2216,17.3438,-0.0129,-0.8235,-0.0161,0.5670
2026-05-08T19:38:21.835,-4.6934,1.2216,17.3513,-0.0128,-0.8294,-0.0162,0.5582
2026-05-08T19:38:21.849,-4.6763,1.2216,17.3582,-0.0126,-0.8353,-0.0163,0.5494
2026-05-08T19:38:21.863,-4.6572,1.2217,17.3664,-0.0126,-0.8419,-0.0165,0.5393
2026-05-08T19:38:21.886,-4.6423,1.2217,17.3732,-0.0125,-0.8469,-0.0166,0.5313
2026-05-08T19:38:21.900,-4.6265,1.2217,17.3820,-0.0123,-0.8525,-0.0169,0.5223
2026-05-08T19:38:21.914,-4.5992,1.2217,17.3959,-0.0119,-0.8615,-0.0171,0.5073
2026-05-08T19:38:21.928,-4.5818,1.2217,17.4056,-0.0117,-0.8672,-0.0173,0.4975
2026-05-08T19:38:21.941,-4.5667,1.2217,17.4144,-0.0115,-0.8722,-0.0173,0.4887
2026-05-08T19:38:21.955,-4.5520,1.2217,17.4248,-0.0113,-0.8773,-0.0175,0.4795
2026-05-08T19:38:21.969,-4.5374,1.2217,17.4342,-0.0111,-0.8820,-0.0178,0.4708
2026-05-08T19:38:21.983,-4.5222,1.2218,17.4444,-0.0110,-0.8868,-0.0180,0.4617
2026-05-08T19:38:21.997,-4.5066,1.2218,17.4554,-0.0104,-0.8916,-0.0182,0.4523
2026-05-08T19:38:22.011,-4.4934,1.2218,17.4666,-0.0102,-0.8960,-0.0183,0.4436
2026-05-08T19:38:22.024,-4.4790,1.2218,17.4777,-0.0099,-0.9005,-0.0182,0.4343
2026-05-08T19:38:22.038,-4.4642,1.2218,17.4896,-0.0096,-0.9050,-0.0183,0.4249
2026-05-08T19:38:22.053,-4.4519,1.2218,17.5014,-0.0093,-0.9091,-0.0184,0.4160
2026-05-08T19:38:22.067,-4.4378,1.2218,17.5137,-0.0091,-0.9135,-0.0184,0.4063
2026-05-08T19:38:22.081,-4.4231,1.2218,17.5271,-0.0089,-0.9180,-0.0185,0.3961
2026-05-08T19:38:22.095,-4.4105,1.2218,17.5408,-0.0087,-0.9223,-0.0187,0.3860
2026-05-08T19:38:22.109,-4.3985,1.2218,17.5526,-0.0086,-0.9259,-0.0188,0.3771
2026-05-08T19:38:22.123,-4.3850,1.2218,17.5665,-0.0084,-0.9302,-0.0190,0.3665
2026-05-08T19:38:22.136,-4.3742,1.2219,17.5781,-0.0082,-0.9339,-0.0191,0.3568
2026-05-08T19:38:22.150,-4.3649,1.2218,17.5902,-0.0079,-0.9377,-0.0193,0.3468
2026-05-08T19:38:22.164,-4.3556,1.2218,17.6011,-0.0076,-0.9413,-0.0193,0.3370
2026-05-08T19:38:22.178,-4.3465,1.2218,17.6122,-0.0074,-0.9448,-0.0194,0.3270
2026-05-08T19:38:22.192,-4.3388,1.2218,17.6240,-0.0072,-0.9483,-0.0194,0.3166
2026-05-08T19:38:22.206,-4.3311,1.2218,17.6343,-0.0069,-0.9516,-0.0196,0.3066
2026-05-08T19:38:22.220,-4.3231,1.2218,17.6454,-0.0067,-0.9550,-0.0196,0.2959
2026-05-08T19:38:22.234,-4.3174,1.2218,17.6560,-0.0063,-0.9582,-0.0197,0.2855
2026-05-08T19:38:22.248,-4.3113,1.2218,17.6655,-0.0062,-0.9611,-0.0198,0.2756
2026-05-08T19:38:22.262,-4.3046,1.2218,17.6761,-0.0061,-0.9643,-0.0198,0.2642
2026-05-08T19:38:22.277,-4.3009,1.2218,17.6850,-0.0060,-0.9668,-0.0200,0.2545
2026-05-08T19:38:22.291,-4.2957,1.2218,17.6942,-0.0059,-0.9696,-0.0200,0.2440
2026-05-08T19:38:22.305,-4.2908,1.2218,17.7035,-0.0057,-0.9723,-0.0201,0.2328
2026-05-08T19:38:22.319,-4.2865,1.2218,17.7120,-0.0055,-0.9748,-0.0201,0.2221
2026-05-08T19:38:22.334,-4.2839,1.2218,17.7203,-0.0052,-0.9772,-0.0201,0.2114
2026-05-08T19:38:22.348,-4.2805,1.2218,17.7280,-0.0049,-0.9793,-0.0201,0.2012
2026-05-08T19:38:22.362,-4.2769,1.2218,17.7365,-0.0046,-0.9817,-0.0201,0.1894
2026-05-08T19:38:22.377,-4.2754,1.2218,17.7439,-0.0043,-0.9836,-0.0201,0.1789
2026-05-08T19:38:22.391,-4.2724,1.2218,17.7518,-0.0041,-0.9856,-0.0202,0.1678
2026-05-08T19:38:22.405,-4.2698,1.2218,17.7593,-0.0038,-0.9874,-0.0202,0.1572
2026-05-08T19:38:22.420,-4.2672,1.2218,17.7673,-0.0034,-0.9891,-0.0203,0.1459
2026-05-08T19:38:22.436,-4.2662,1.2218,17.7748,-0.0032,-0.9907,-0.0203,0.1347
2026-05-08T19:38:22.450,-4.2641,1.2217,17.7824,-0.0029,-0.9921,-0.0203,0.1235
2026-05-08T19:38:22.465,-4.2619,1.2217,17.7911,-0.0027,-0.9937,-0.0204,0.1105
2026-05-08T19:38:22.478,-4.2603,1.2217,17.7982,-0.0025,-0.9948,-0.0204,0.0996
2026-05-08T19:38:22.492,-4.2600,1.2217,17.8055,-0.0023,-0.9959,-0.0204,0.0879
2026-05-08T19:38:22.506,-4.2589,1.2217,17.8119,-0.0021,-0.9967,-0.0205,0.0779
2026-05-08T19:38:22.519,-4.2577,1.2217,17.8191,-0.0018,-0.9976,-0.0205,0.0665
2026-05-08T19:38:22.535,-4.2581,1.2217,17.8251,-0.0017,-0.9982,-0.0205,0.0558
2026-05-08T19:38:22.550,-4.2574,1.2217,17.8312,-0.0014,-0.9988,-0.0205,0.0452
2026-05-08T19:38:22.565,-4.2569,1.2217,17.8359,-0.0013,-0.9992,-0.0206,0.0331
2026-05-08T19:38:22.579,-4.2567,1.2216,17.8394,-0.0011,-0.9995,-0.0207,0.0218
2026-05-08T19:38:22.593,-4.2578,1.2216,17.8417,-0.0009,-0.9997,-0.0208,0.0097
2026-05-08T19:38:22.607,-4.2577,1.2216,17.8429,-0.0006,-0.9998,-0.0209,-0.0008
2026-05-08T19:38:22.620,-4.2577,1.2216,17.8429,-0.0003,-0.9997,-0.0210,-0.0122
2026-05-08T19:38:22.635,-4.2589,1.2216,17.8410,-0.0001,-0.9995,-0.0209,-0.0229
2026-05-08T19:38:22.650,-4.2587,1.2216,17.8382,0.0002,-0.9992,-0.0208,-0.0334
2026-05-08T19:38:22.664,-4.2582,1.2216,17.8321,0.0003,-0.9988,-0.0208,-0.0448
2026-05-08T19:38:22.677,-4.2573,1.2216,17.8223,0.0004,-0.9982,-0.0208,-0.0567
2026-05-08T19:38:22.691,-4.2573,1.2216,17.8110,0.0006,-0.9975,-0.0208,-0.0677
2026-05-08T19:38:22.705,-4.2556,1.2216,17.7983,0.0007,-0.9968,-0.0209,-0.0773
2026-05-08T19:38:22.718,-4.2531,1.2216,17.7825,0.0010,-0.9959,-0.0209,-0.0879
2026-05-08T19:38:22.733,-4.2510,1.2216,17.7643,0.0011,-0.9949,-0.0209,-0.0984
2026-05-08T19:38:22.747,-4.2475,1.2216,17.7471,0.0013,-0.9939,-0.0208,-0.1081
2026-05-08T19:38:22.761,-4.2429,1.2216,17.7260,0.0015,-0.9926,-0.0208,-0.1194
2026-05-08T19:38:22.775,-4.2390,1.2217,17.7047,0.0017,-0.9913,-0.0209,-0.1300
2026-05-08T19:38:22.789,-4.2334,1.2217,17.6838,0.0019,-0.9899,-0.0209,-0.1401
2026-05-08T19:38:22.804,-4.2271,1.2217,17.6618,0.0021,-0.9884,-0.0209,-0.1502
2026-05-08T19:38:22.816,-4.2196,1.2217,17.6378,0.0023,-0.9868,-0.0208,-0.1604
2026-05-08T19:38:22.831,-4.2117,1.2217,17.6105,0.0026,-0.9850,-0.0209,-0.1714
2026-05-08T19:38:22.845,-4.2038,1.2217,17.5887,0.0028,-0.9834,-0.0208,-0.1803
2026-05-08T19:38:22.858,-4.1941,1.2217,17.5631,0.0030,-0.9814,-0.0207,-0.1907
2026-05-08T19:38:22.872,-4.1844,1.2217,17.5359,0.0032,-0.9795,-0.0206,-0.2002
2026-05-08T19:38:22.887,-4.1729,1.2217,17.5090,0.0034,-0.9776,-0.0206,-0.2095
2026-05-08T19:38:22.900,-4.1595,1.2217,17.4793,0.0035,-0.9755,-0.0206,-0.2189
2026-05-08T19:38:22.915,-4.1454,1.2217,17.4468,0.0036,-0.9733,-0.0206,-0.2285
2026-05-08T19:38:22.929,-4.1290,1.2217,17.4140,0.0037,-0.9712,-0.0207,-0.2373
2026-05-08T19:38:22.943,-4.1104,1.2217,17.3781,0.0038,-0.9690,-0.0206,-0.2463
2026-05-08T19:38:22.956,-4.0902,1.2217,17.3411,0.0039,-0.9668,-0.0206,-0.2548
2026-05-08T19:38:22.970,-4.0655,1.2217,17.2956,0.0041,-0.9648,-0.0206,-0.2623
2026-05-08T19:38:22.984,-4.0397,1.2217,17.2516,0.0043,-0.9630,-0.0205,-0.2685
2026-05-08T19:38:22.998,-4.0055,1.2217,17.1952,0.0044,-0.9617,-0.0205,-0.2732
2026-05-08T19:38:23.012,-3.9731,1.2217,17.1417,0.0045,-0.9606,-0.0204,-0.2772
2026-05-08T19:38:23.026,-3.9388,1.2217,17.0872,0.0045,-0.9595,-0.0203,-0.2809
2026-05-08T19:38:23.040,-3.9018,1.2217,17.0295,0.0046,-0.9584,-0.0204,-0.2847
2026-05-08T19:38:23.054,-3.8648,1.2217,16.9720,0.0046,-0.9577,-0.0204,-0.2869
2026-05-08T19:38:23.067,-3.8288,1.2217,16.9172,0.0046,-0.9577,-0.0204,-0.2869
2026-05-08T19:38:23.081,-3.7901,1.2217,16.8586,0.0046,-0.9577,-0.0205,-0.2869
2026-05-08T19:38:23.095,-3.7518,1.2217,16.8004,0.0046,-0.9577,-0.0205,-0.2868
2026-05-08T19:38:23.109,-3.7142,1.2217,16.7434,0.0045,-0.9578,-0.0205,-0.2868
2026-05-08T19:38:23.123,-3.6760,1.2218,16.6853,0.0044,-0.9578,-0.0206,-0.2868
2026-05-08T19:38:23.137,-3.6373,1.2218,16.6265,0.0043,-0.9578,-0.0206,-0.2868
2026-05-08T19:38:23.151,-3.5993,1.2218,16.5688,0.0042,-0.9578,-0.0207,-0.2868
2026-05-08T19:38:23.165,-3.5607,1.2218,16.5101,0.0042,-0.9578,-0.0206,-0.2867
2026-05-08T19:38:23.179,-3.5245,1.2218,16.4551,0.0042,-0.9578,-0.0207,-0.2866
2026-05-08T19:38:23.193,-3.4858,1.2218,16.3963,0.0042,-0.9578,-0.0206,-0.2866
2026-05-08T19:38:23.207,-3.4498,1.2218,16.3415,0.0042,-0.9585,-0.0207,-0.2844
2026-05-08T19:38:23.220,-3.4103,1.2218,16.2808,0.0041,-0.9591,-0.0207,-0.2821
2026-05-08T19:38:23.234,-3.3740,1.2218,16.2250,0.0040,-0.9601,-0.0207,-0.2789
2026-05-08T19:38:23.249,-3.3424,1.2218,16.1752,0.0041,-0.9609,-0.0207,-0.2759
2026-05-08T19:38:23.262,-3.3075,1.2218,16.1195,0.0040,-0.9624,-0.0206,-0.2709
2026-05-08T19:38:23.276,-3.2743,1.2218,16.0652,0.0040,-0.9637,-0.0205,-0.2661
2026-05-08T19:38:23.290,-3.2446,1.2218,16.0165,0.0039,-0.9652,-0.0204,-0.2607
2026-05-08T19:38:23.304,-3.2152,1.2218,15.9661,0.0037,-0.9670,-0.0204,-0.2541
2026-05-08T19:38:23.318,-3.1889,1.2218,15.9194,0.0034,-0.9686,-0.0205,-0.2477
2026-05-08T19:38:23.332,-3.1623,1.2218,15.8724,0.0033,-0.9703,-0.0204,-0.2412
2026-05-08T19:38:23.346,-3.1400,1.2218,15.8302,0.0030,-0.9720,-0.0204,-0.2340
2026-05-08T19:38:23.359,-3.1160,1.2218,15.7832,0.0029,-0.9739,-0.0204,-0.2261
2026-05-08T19:38:23.374,-3.0962,1.2218,15.7448,0.0026,-0.9758,-0.0204,-0.2177
2026-05-08T19:38:23.388,-3.0785,1.2218,15.7071,0.0025,-0.9775,-0.0204,-0.2098
2026-05-08T19:38:23.402,-3.0618,1.2218,15.6702,0.0023,-0.9794,-0.0204,-0.2007
2026-05-08T19:38:23.416,-3.0465,1.2218,15.6369,0.0022,-0.9812,-0.0205,-0.1919
2026-05-08T19:38:23.430,-3.0318,1.2218,15.6006,0.0019,-0.9830,-0.0205,-0.1826
2026-05-08T19:38:23.443,-3.0186,1.2218,15.5663,0.0018,-0.9846,-0.0205,-0.1739
2026-05-08T19:38:23.457,-3.0062,1.2218,15.5322,0.0016,-0.9862,-0.0205,-0.1644
2026-05-08T19:38:23.472,-2.9944,1.2218,15.5012,0.0014,-0.9876,-0.0206,-0.1554
2026-05-08T19:38:23.485,-2.9841,1.2218,15.4693,0.0013,-0.9891,-0.0205,-0.1459
2026-05-08T19:38:23.499,-2.9744,1.2217,15.4369,0.0011,-0.9905,-0.0203,-0.1360
2026-05-08T19:38:23.513,-2.9651,1.2217,15.4078,0.0010,-0.9917,-0.0202,-0.1270
2026-05-08T19:38:23.527,-2.9569,1.2217,15.3762,0.0008,-0.9929,-0.0202,-0.1173
2026-05-08T19:38:23.541,-2.9495,1.2217,15.3453,0.0005,-0.9940,-0.0201,-0.1077
2026-05-08T19:38:23.554,-2.9422,1.2217,15.3172,0.0002,-0.9950,-0.0202,-0.0978
2026-05-08T19:38:23.569,-2.9365,1.2218,15.2885,-0.0001,-0.9959,-0.0202,-0.0879
2026-05-08T19:38:23.583,-2.9317,1.2218,15.2613,-0.0004,-0.9967,-0.0202,-0.0783
2026-05-08T19:38:23.596,-2.9270,1.2218,15.2317,-0.0007,-0.9975,-0.0202,-0.0676
2026-05-08T19:38:23.610,-2.9223,1.2218,15.2059,-0.0009,-0.9981,-0.0202,-0.0581
2026-05-08T19:38:23.624,-2.9192,1.2218,15.1791,-0.0011,-0.9986,-0.0202,-0.0484
2026-05-08T19:38:23.637,-2.9164,1.2218,15.1506,-0.0014,-0.9991,-0.0201,-0.0382
2026-05-08T19:38:23.651,-2.9131,1.2218,15.1232,-0.0016,-0.9994,-0.0200,-0.0282
2026-05-08T19:38:23.666,-2.9116,1.2218,15.0965,-0.0017,-0.9996,-0.0200,-0.0186
2026-05-08T19:38:23.679,-2.9105,1.2218,15.0685,-0.0019,-0.9998,-0.0199,-0.0086
2026-05-08T19:38:23.694,-2.9089,1.2218,15.0393,-0.0021,-0.9998,-0.0199,0.0021
2026-05-08T19:38:23.708,-2.9090,1.2218,15.0121,-0.0022,-0.9997,-0.0199,0.0118
2026-05-08T19:38:23.721,-2.9097,1.2218,14.9824,-0.0025,-0.9995,-0.0199,0.0223
2026-05-08T19:38:23.735,-2.9096,1.2218,14.9560,-0.0027,-0.9993,-0.0198,0.0320
2026-05-08T19:38:23.749,-2.9113,1.2218,14.9293,-0.0030,-0.9989,-0.0198,0.0416
2026-05-08T19:38:23.763,-2.9137,1.2218,14.9001,-0.0032,-0.9984,-0.0198,0.0520
2026-05-08T19:38:23.777,-2.9164,1.2218,14.8737,-0.0035,-0.9979,-0.0199,0.0615
2026-05-08T19:38:23.791,-2.9187,1.2218,14.8461,-0.0038,-0.9972,-0.0199,0.0715
2026-05-08T19:38:23.805,-2.9227,1.2218,14.8182,-0.0041,-0.9965,-0.0199,0.0816
2026-05-08T19:38:23.818,-2.9273,1.2218,14.7902,-0.0042,-0.9956,-0.0199,0.0917
2026-05-08T19:38:23.832,-2.9312,1.2219,14.7629,-0.0045,-0.9946,-0.0198,0.1017
2026-05-08T19:38:23.846,-2.9363,1.2219,14.7382,-0.0047,-0.9937,-0.0198,0.1107
2026-05-08T19:38:23.859,-2.9428,1.2219,14.7092,-0.0049,-0.9924,-0.0197,0.1211
2026-05-08T19:38:23.874,-2.9481,1.2220,14.6827,-0.0051,-0.9912,-0.0196,0.1308
2026-05-08T19:38:23.888,-2.9552,1.2219,14.6564,-0.0052,-0.9899,-0.0197,0.1405
2026-05-08T19:38:23.902,-2.9632,1.2220,14.6285,-0.0054,-0.9883,-0.0196,0.1509
2026-05-08T19:38:23.915,-2.9717,1.2220,14.6009,-0.0056,-0.9867,-0.0194,0.1611
2026-05-08T19:38:23.930,-2.9791,1.2220,14.5752,-0.0058,-0.9851,-0.0193,0.1708
2026-05-08T19:38:23.943,-2.9879,1.2220,14.5505,-0.0061,-0.9835,-0.0193,0.1800
2026-05-08T19:38:23.956,-2.9982,1.2220,14.5230,-0.0065,-0.9815,-0.0192,0.1904
2026-05-08T19:38:23.971,-3.0073,1.2221,14.4974,-0.0068,-0.9795,-0.0191,0.2003
2026-05-08T19:38:23.985,-3.0174,1.2221,14.4736,-0.0071,-0.9776,-0.0190,0.2095
2026-05-08T19:38:23.999,-3.0298,1.2221,14.4460,-0.0074,-0.9753,-0.0189,0.2201
2026-05-08T19:38:24.013,-3.0404,1.2221,14.4208,-0.0076,-0.9730,-0.0189,0.2299
2026-05-08T19:38:24.027,-3.0529,1.2221,14.3957,-0.0078,-0.9706,-0.0188,0.2397
2026-05-08T19:38:24.041,-3.0660,1.2221,14.3707,-0.0081,-0.9682,-0.0188,0.2494
2026-05-08T19:38:24.054,-3.0779,1.2221,14.3466,-0.0083,-0.9657,-0.0187,0.2589
2026-05-08T19:38:24.068,-3.0927,1.2221,14.3209,-0.0085,-0.9629,-0.0187,0.2692
2026-05-08T19:38:24.082,-3.1055,1.2221,14.2997,-0.0086,-0.9604,-0.0186,0.2777
2026-05-08T19:38:24.096,-3.1212,1.2221,14.2748,-0.0089,-0.9575,-0.0185,0.2878
2026-05-08T19:38:24.110,-3.1345,1.2221,14.2525,-0.0091,-0.9547,-0.0185,0.2967
2026-05-08T19:38:24.124,-3.1503,1.2221,14.2295,-0.0093,-0.9518,-0.0185,0.3061
2026-05-08T19:38:24.138,-3.1672,1.2221,14.2059,-0.0093,-0.9485,-0.0183,0.3161
2026-05-08T19:38:24.152,-3.1829,1.2221,14.1830,-0.0095,-0.9452,-0.0182,0.3257
2026-05-08T19:38:24.166,-3.1992,1.2221,14.1621,-0.0096,-0.9421,-0.0181,0.3347
2026-05-08T19:38:24.180,-3.2170,1.2221,14.1401,-0.0099,-0.9386,-0.0179,0.3443
2026-05-08T19:38:24.194,-3.2335,1.2221,14.1188,-0.0102,-0.9352,-0.0179,0.3536
2026-05-08T19:38:24.208,-3.2521,1.2222,14.0976,-0.0106,-0.9316,-0.0177,0.3630
2026-05-08T19:38:24.221,-3.2711,1.2222,14.0769,-0.0108,-0.9278,-0.0177,0.3724
2026-05-08T19:38:24.235,-3.2896,1.2222,14.0558,-0.0111,-0.9240,-0.0176,0.3819
2026-05-08T19:38:24.249,-3.3076,1.2222,14.0377,-0.0112,-0.9205,-0.0175,0.3903
2026-05-08T19:38:24.263,-3.3292,1.2223,14.0168,-0.0115,-0.9162,-0.0173,0.4002
2026-05-08T19:38:24.277,-3.3489,1.2223,13.9984,-0.0116,-0.9123,-0.0172,0.4091
2026-05-08T19:38:24.291,-3.3686,1.2223,13.9794,-0.0118,-0.9081,-0.0171,0.4182
2026-05-08T19:38:24.305,-3.3900,1.2223,13.9611,-0.0119,-0.9038,-0.0169,0.4274
2026-05-08T19:38:24.318,-3.4105,1.2223,13.9442,-0.0121,-0.8997,-0.0169,0.4360
2026-05-08T19:38:24.332,-3.4325,1.2223,13.9254,-0.0123,-0.8950,-0.0168,0.4455
2026-05-08T19:38:24.346,-3.4525,1.2223,13.9102,-0.0125,-0.8909,-0.0167,0.4536
2026-05-08T19:38:24.360,-3.4766,1.2223,13.8926,-0.0127,-0.8860,-0.0166,0.4632
2026-05-08T19:38:24.374,-3.4978,1.2222,13.8764,-0.0129,-0.8814,-0.0165,0.4719
2026-05-08T19:38:24.388,-3.5209,1.2222,13.8609,-0.0131,-0.8767,-0.0164,0.4806
2026-05-08T19:38:24.402,-3.5447,1.2222,13.8456,-0.0134,-0.8718,-0.0162,0.4894
2026-05-08T19:38:24.416,-3.5675,1.2223,13.8303,-0.0138,-0.8668,-0.0162,0.4981
2026-05-08T19:38:24.430,-3.5919,1.2223,13.8161,-0.0142,-0.8618,-0.0161,0.5068
2026-05-08T19:38:24.443,-3.6152,1.2224,13.8030,-0.0144,-0.8568,-0.0160,0.5151
2026-05-08T19:38:24.457,-3.6406,1.2224,13.7895,-0.0147,-0.8515,-0.0159,0.5239
2026-05-08T19:38:24.471,-3.6633,1.2224,13.7767,-0.0149,-0.8465,-0.0157,0.5320
2026-05-08T19:38:24.485,-3.6878,1.2224,13.7648,-0.0150,-0.8413,-0.0155,0.5402
2026-05-08T19:38:24.498,-3.7138,1.2224,13.7528,-0.0152,-0.8357,-0.0153,0.5487
2026-05-08T19:38:24.512,-3.7414,1.2224,13.7395,-0.0154,-0.8306,-0.0151,0.5564
2026-05-08T19:38:24.526,-3.7719,1.2224,13.7270,-0.0156,-0.8254,-0.0151,0.5642
2026-05-08T19:38:24.540,-3.8039,1.2224,13.7145,-0.0156,-0.8198,-0.0149,0.5722
2026-05-08T19:38:24.554,-3.8380,1.2224,13.7008,-0.0157,-0.8143,-0.0147,0.5800
2026-05-08T19:38:24.568,-3.8718,1.2224,13.6891,-0.0159,-0.8091,-0.0145,0.5873
2026-05-08T19:38:24.582,-3.9122,1.2224,13.6758,-0.0162,-0.8039,-0.0143,0.5944
2026-05-08T19:38:24.597,-3.9592,1.2225,13.6614,-0.0164,-0.7985,-0.0141,0.6016
2026-05-08T19:38:24.612,-3.9989,1.2225,13.6489,-0.0165,-0.7937,-0.0139,0.6079
2026-05-08T19:38:24.628,-4.0520,1.2225,13.6345,-0.0167,-0.7885,-0.0136,0.6146
2026-05-08T19:38:24.645,-4.1094,1.2225,13.6200,-0.0168,-0.7834,-0.0134,0.6211
2026-05-08T19:38:24.663,-4.1770,1.2225,13.6041,-0.0171,-0.7787,-0.0135,0.6270
2026-05-08T19:38:24.679,-4.2449,1.2225,13.5884,-0.0173,-0.7745,-0.0134,0.6323
2026-05-08T19:38:24.694,-4.3192,1.2225,13.5732,-0.0173,-0.7702,-0.0133,0.6374
2026-05-08T19:38:24.709,-4.3887,1.2225,13.5598,-0.0175,-0.7666,-0.0134,0.6418
2026-05-08T19:38:24.723,-4.4572,1.2224,13.5475,-0.0176,-0.7634,-0.0134,0.6455
2026-05-08T19:38:24.738,-4.5228,1.2224,13.5364,-0.0178,-0.7606,-0.0134,0.6489
2026-05-08T19:38:24.753,-4.5898,1.2224,13.5251,-0.0180,-0.7576,-0.0134,0.6524
2026-05-08T19:38:24.770,-4.6556,1.2224,13.5152,-0.0180,-0.7546,-0.0132,0.6557
2026-05-08T19:38:24.786,-4.7264,1.2224,13.5052,-0.0179,-0.7515,-0.0131,0.6593
2026-05-08T19:38:24.804,-4.8081,1.2224,13.4944,-0.0180,-0.7480,-0.0130,0.6634
2026-05-08T19:38:24.819,-4.8794,1.2224,13.4851,-0.0182,-0.7448,-0.0128,0.6669
2026-05-08T19:38:24.834,-4.9577,1.2224,13.4764,-0.0184,-0.7414,-0.0127,0.6707
2026-05-08T19:38:24.848,-5.0283,1.2224,13.4693,-0.0185,-0.7382,-0.0125,0.6742
2026-05-08T19:38:24.863,-5.1022,1.2224,13.4625,-0.0186,-0.7349,-0.0124,0.6778
2026-05-08T19:38:24.878,-5.1628,1.2225,13.4570,-0.0188,-0.7323,-0.0122,0.6807
2026-05-08T19:38:24.895,-5.2303,1.2225,13.4521,-0.0188,-0.7293,-0.0122,0.6838
2026-05-08T19:38:24.912,-5.3008,1.2225,13.4475,-0.0189,-0.7256,-0.0121,0.6878
2026-05-08T19:38:24.927,-5.3760,1.2226,13.4434,-0.0190,-0.7210,-0.0119,0.6926
2026-05-08T19:38:24.940,-5.4456,1.2226,13.4406,-0.0190,-0.7167,-0.0118,0.6970
2026-05-08T19:38:24.955,-5.5087,1.2226,13.4381,-0.0192,-0.7122,-0.0117,0.7017
2026-05-08T19:38:24.969,-5.5638,1.2226,13.4373,-0.0192,-0.7080,-0.0116,0.7059
2026-05-08T19:38:24.983,-5.6230,1.2225,13.4371,-0.0192,-0.7030,-0.0115,0.7108
2026-05-08T19:38:24.997,-5.6803,1.2225,13.4377,-0.0193,-0.6980,-0.0114,0.7157
2026-05-08T19:38:25.012,-5.7337,1.2225,13.4382,-0.0194,-0.6932,-0.0113,0.7204
2026-05-08T19:38:25.026,-5.7860,1.2225,13.4402,-0.0195,-0.6882,-0.0111,0.7252
2026-05-08T19:38:25.039,-5.8426,1.2225,13.4431,-0.0196,-0.6824,-0.0109,0.7306
2026-05-08T19:38:25.053,-5.8934,1.2226,13.4457,-0.0197,-0.6771,-0.0107,0.7355
2026-05-08T19:38:25.067,-5.9417,1.2226,13.4497,-0.0199,-0.6717,-0.0106,0.7405
2026-05-08T19:38:25.080,-5.9902,1.2226,13.4544,-0.0200,-0.6661,-0.0104,0.7455
2026-05-08T19:38:25.095,-6.0410,1.2226,13.4592,-0.0201,-0.6600,-0.0102,0.7510
2026-05-08T19:38:25.109,-6.0858,1.2226,13.4650,-0.0202,-0.6546,-0.0101,0.7557
2026-05-08T19:38:25.123,-6.1374,1.2225,13.4724,-0.0203,-0.6482,-0.0099,0.7611
2026-05-08T19:38:25.137,-6.1839,1.2226,13.4799,-0.0205,-0.6421,-0.0097,0.7663
2026-05-08T19:38:25.150,-6.2308,1.2226,13.4873,-0.0205,-0.6359,-0.0096,0.7715
2026-05-08T19:38:25.164,-6.2743,1.2226,13.4957,-0.0205,-0.6299,-0.0095,0.7764
2026-05-08T19:38:25.179,-6.3187,1.2226,13.5050,-0.0204,-0.6237,-0.0093,0.7814
2026-05-08T19:38:25.194,-6.3653,1.2226,13.5147,-0.0204,-0.6171,-0.0090,0.7866
2026-05-08T19:38:25.208,-6.4109,1.2226,13.5259,-0.0205,-0.6106,-0.0087,0.7916
2026-05-08T19:38:25.222,-6.4599,1.2226,13.5387,-0.0206,-0.6035,-0.0085,0.7970
2026-05-08T19:38:25.237,-6.5055,1.2226,13.5504,-0.0207,-0.5969,-0.0082,0.8020
2026-05-08T19:38:25.251,-6.5510,1.2226,13.5640,-0.0207,-0.5901,-0.0079,0.8070
2026-05-08T19:38:25.265,-6.5968,1.2226,13.5786,-0.0208,-0.5832,-0.0078,0.8120
2026-05-08T19:38:25.279,-6.6411,1.2226,13.5935,-0.0210,-0.5766,-0.0077,0.8167
2026-05-08T19:38:25.295,-6.6874,1.2226,13.6089,-0.0212,-0.5696,-0.0075,0.8216
2026-05-08T19:38:25.311,-6.7310,1.2226,13.6252,-0.0214,-0.5630,-0.0073,0.8262
2026-05-08T19:38:25.327,-6.7810,1.2226,13.6448,-0.0215,-0.5552,-0.0071,0.8314
2026-05-08T19:38:25.342,-6.8299,1.2226,13.6651,-0.0214,-0.5476,-0.0070,0.8365
2026-05-08T19:38:25.358,-6.8794,1.2226,13.6856,-0.0215,-0.5397,-0.0067,0.8416
2026-05-08T19:38:25.373,-6.9221,1.2226,13.7051,-0.0215,-0.5329,-0.0066,0.8459
2026-05-08T19:38:25.388,-6.9706,1.2226,13.7282,-0.0216,-0.5249,-0.0064,0.8509
2026-05-08T19:38:25.403,-7.0159,1.2226,13.7509,-0.0216,-0.5173,-0.0062,0.8555
2026-05-08T19:38:25.418,-7.0608,1.2226,13.7734,-0.0217,-0.5096,-0.0061,0.8601
2026-05-08T19:38:25.433,-7.1059,1.2226,13.7980,-0.0218,-0.5019,-0.0057,0.8646
2026-05-08T19:38:25.448,-7.1484,1.2227,13.8222,-0.0219,-0.4945,-0.0054,0.8689
2026-05-08T19:38:25.463,-7.1965,1.2227,13.8507,-0.0221,-0.4868,-0.0052,0.8732
2026-05-08T19:38:25.480,-7.2394,1.2227,13.8761,-0.0222,-0.4803,-0.0050,0.8768
2026-05-08T19:38:25.496,-7.2939,1.2227,13.9108,-0.0222,-0.4734,-0.0048,0.8806
2026-05-08T19:38:25.512,-7.3473,1.2227,13.9460,-0.0223,-0.4666,-0.0046,0.8842
2026-05-08T19:38:25.529,-7.4002,1.2227,13.9821,-0.0223,-0.4603,-0.0044,0.8875
2026-05-08T19:38:25.544,-7.4566,1.2227,14.0218,-0.0224,-0.4537,-0.0041,0.8908
2026-05-08T19:38:25.558,-7.5119,1.2227,14.0619,-0.0223,-0.4479,-0.0040,0.8938
2026-05-08T19:38:25.575,-7.5618,1.2228,14.0982,-0.0223,-0.4426,-0.0039,0.8964
2026-05-08T19:38:25.591,-7.6150,1.2228,14.1389,-0.0224,-0.4373,-0.0036,0.8990
2026-05-08T19:38:25.608,-7.6724,1.2228,14.1839,-0.0225,-0.4317,-0.0035,0.9017
2026-05-08T19:38:25.622,-7.7262,1.2228,14.2271,-0.0226,-0.4264,-0.0032,0.9043
2026-05-08T19:38:25.637,-7.7830,1.2228,14.2730,-0.0227,-0.4208,-0.0031,0.9069
2026-05-08T19:38:25.652,-7.8316,1.2228,14.3139,-0.0229,-0.4160,-0.0029,0.9091
2026-05-08T19:38:25.666,-7.8812,1.2228,14.3567,-0.0229,-0.4110,-0.0028,0.9114
2026-05-08T19:38:25.680,-7.9295,1.2228,14.3992,-0.0230,-0.4060,-0.0026,0.9136
2026-05-08T19:38:25.694,-7.9786,1.2228,14.4426,-0.0232,-0.4010,-0.0024,0.9158
2026-05-08T19:38:25.708,-8.0225,1.2228,14.4829,-0.0233,-0.3965,-0.0023,0.9177
2026-05-08T19:38:25.721,-8.0696,1.2228,14.5271,-0.0233,-0.3916,-0.0021,0.9198
2026-05-08T19:38:25.735,-8.1117,1.2228,14.5667,-0.0234,-0.3873,-0.0020,0.9217
2026-05-08T19:38:25.749,-8.1541,1.2228,14.6082,-0.0235,-0.3828,-0.0018,0.9235
2026-05-08T19:38:25.763,-8.1980,1.2228,14.6518,-0.0236,-0.3781,-0.0017,0.9255
2026-05-08T19:38:25.777,-8.2394,1.2228,14.6940,-0.0237,-0.3735,-0.0017,0.9273
2026-05-08T19:38:25.791,-8.2829,1.2228,14.7382,-0.0237,-0.3678,-0.0016,0.9296
2026-05-08T19:38:25.805,-8.3222,1.2228,14.7801,-0.0236,-0.3625,-0.0015,0.9317
2026-05-08T19:38:25.819,-8.3627,1.2228,14.8242,-0.0236,-0.3562,-0.0012,0.9341
2026-05-08T19:38:25.833,-8.3998,1.2229,14.8645,-0.0236,-0.3504,-0.0010,0.9363
2026-05-08T19:38:25.847,-8.4363,1.2229,14.9063,-0.0237,-0.3443,-0.0007,0.9386
2026-05-08T19:38:25.860,-8.4743,1.2229,14.9511,-0.0237,-0.3375,-0.0004,0.9410
2026-05-08T19:38:25.874,-8.5068,1.2229,14.9892,-0.0237,-0.3312,-0.0002,0.9433
2026-05-08T19:38:25.887,-8.5385,1.2229,15.0287,-0.0237,-0.3249,0.0000,0.9454
2026-05-08T19:38:25.900,-8.5693,1.2229,15.0683,-0.0237,-0.3182,0.0001,0.9477
2026-05-08T19:38:25.914,-8.5988,1.2229,15.1059,-0.0238,-0.3115,0.0003,0.9500
2026-05-08T19:38:25.928,-8.6283,1.2229,15.1461,-0.0239,-0.3044,0.0006,0.9523
2026-05-08T19:38:25.942,-8.6561,1.2229,15.1850,-0.0238,-0.2976,0.0007,0.9544
2026-05-08T19:38:25.955,-8.6857,1.2229,15.2278,-0.0239,-0.2898,0.0009,0.9568
2026-05-08T19:38:25.969,-8.7130,1.2229,15.2670,-0.0239,-0.2828,0.0010,0.9589
2026-05-08T19:38:25.983,-8.7390,1.2229,15.3072,-0.0239,-0.2757,0.0013,0.9610
2026-05-08T19:38:25.997,-8.7645,1.2229,15.3480,-0.0239,-0.2682,0.0014,0.9631
2026-05-08T19:38:26.011,-8.7898,1.2229,15.3882,-0.0239,-0.2607,0.0016,0.9651
2026-05-08T19:38:26.025,-8.8132,1.2229,15.4283,-0.0238,-0.2532,0.0016,0.9671
2026-05-08T19:38:26.039,-8.8367,1.2228,15.4701,-0.0237,-0.2450,0.0017,0.9692
2026-05-08T19:38:26.053,-8.8594,1.2228,15.5101,-0.0235,-0.2371,0.0018,0.9712
2026-05-08T19:38:26.068,-8.8805,1.2228,15.5507,-0.0236,-0.2290,0.0021,0.9731
2026-05-08T19:38:26.082,-8.9015,1.2228,15.5928,-0.0236,-0.2207,0.0024,0.9750
2026-05-08T19:38:26.096,-8.9223,1.2228,15.6364,-0.0236,-0.2120,0.0027,0.9770
2026-05-08T19:38:26.111,-8.9412,1.2229,15.6753,-0.0236,-0.2041,0.0030,0.9787
2026-05-08T19:38:26.125,-8.9596,1.2229,15.7176,-0.0236,-0.1953,0.0032,0.9804
2026-05-08T19:38:26.139,-8.9768,1.2229,15.7590,-0.0236,-0.1868,0.0034,0.9821
2026-05-08T19:38:26.154,-8.9944,1.2229,15.8009,-0.0235,-0.1780,0.0035,0.9837
2026-05-08T19:38:26.168,-9.0095,1.2229,15.8413,-0.0235,-0.1697,0.0036,0.9852
2026-05-08T19:38:26.184,-9.0250,1.2229,15.8849,-0.0234,-0.1607,0.0039,0.9867
2026-05-08T19:38:26.200,-9.0395,1.2229,15.9283,-0.0233,-0.1518,0.0041,0.9881
2026-05-08T19:38:26.217,-9.0548,1.2229,15.9735,-0.0233,-0.1424,0.0043,0.9895
2026-05-08T19:38:26.235,-9.0702,1.2229,16.0257,-0.0232,-0.1317,0.0046,0.9910
2026-05-08T19:38:26.250,-9.0830,1.2229,16.0729,-0.0232,-0.1221,0.0047,0.9922
2026-05-08T19:38:26.265,-9.0969,1.2229,16.1286,-0.0232,-0.1109,0.0050,0.9935
2026-05-08T19:38:26.279,-9.1066,1.2229,16.1715,-0.0233,-0.1022,0.0053,0.9945
2026-05-08T19:38:26.294,-9.1174,1.2229,16.2185,-0.0234,-0.0927,0.0055,0.9954
2026-05-08T19:38:26.311,-9.1253,1.2228,16.2607,-0.0234,-0.0841,0.0058,0.9962
2026-05-08T19:38:26.328,-9.1340,1.2228,16.3114,-0.0234,-0.0741,0.0060,0.9970
2026-05-08T19:38:26.344,-9.1419,1.2228,16.3642,-0.0232,-0.0639,0.0063,0.9977
2026-05-08T19:38:26.359,-9.1488,1.2228,16.4183,-0.0233,-0.0539,0.0066,0.9983
2026-05-08T19:38:26.374,-9.1563,1.2228,16.4765,-0.0232,-0.0454,0.0068,0.9987
2026-05-08T19:38:26.389,-9.1611,1.2228,16.5303,-0.0231,-0.0376,0.0069,0.9990
2026-05-08T19:38:26.404,-9.1659,1.2228,16.5930,-0.0231,-0.0308,0.0070,0.9992
2026-05-08T19:38:26.418,-9.1697,1.2228,16.6544,-0.0230,-0.0248,0.0071,0.9994
2026-05-08T19:38:26.434,-9.1736,1.2228,16.7193,-0.0230,-0.0184,0.0071,0.9995
2026-05-08T19:38:26.450,-9.1758,1.2228,16.7813,-0.0230,-0.0137,0.0072,0.9996
2026-05-08T19:38:26.465,-9.1780,1.2228,16.8605,-0.0227,-0.0086,0.0072,0.9997
2026-05-08T19:38:26.480,-9.1792,1.2229,16.9286,-0.0227,-0.0041,0.0073,0.9997
2026-05-08T19:38:26.495,-9.1803,1.2229,17.0022,-0.0227,0.0003,0.0076,0.9997
2026-05-08T19:38:26.510,-9.1803,1.2229,17.0702,-0.0226,0.0044,0.0078,0.9997
2026-05-08T19:38:26.525,-9.1797,1.2229,17.1428,-0.0225,0.0089,0.0079,0.9997
2026-05-08T19:38:26.539,-9.1785,1.2229,17.2089,-0.0225,0.0130,0.0080,0.9996
2026-05-08T19:38:26.555,-9.1772,1.2229,17.2776,-0.0225,0.0172,0.0080,0.9996
2026-05-08T19:38:26.570,-9.1750,1.2229,17.3436,-0.0224,0.0211,0.0082,0.9995
2026-05-08T19:38:26.586,-9.1719,1.2229,17.4161,-0.0225,0.0254,0.0084,0.9994
2026-05-08T19:38:26.603,-9.1682,1.2229,17.4892,-0.0224,0.0298,0.0085,0.9993
2026-05-08T19:38:26.620,-9.1643,1.2229,17.5641,-0.0223,0.0345,0.0084,0.9991
2026-05-08T19:38:26.635,-9.1589,1.2229,17.6427,-0.0223,0.0399,0.0085,0.9989
2026-05-08T19:38:26.650,-9.1532,1.2229,17.7146,-0.0223,0.0448,0.0088,0.9987
2026-05-08T19:38:26.665,-9.1468,1.2229,17.7865,-0.0224,0.0504,0.0089,0.9984
2026-05-08T19:38:26.680,-9.1406,1.2229,17.8479,-0.0223,0.0552,0.0090,0.9982
2026-05-08T19:38:26.696,-9.1337,1.2228,17.9155,-0.0221,0.0606,0.0089,0.9979
2026-05-08T19:38:26.711,-9.1258,1.2228,17.9801,-0.0219,0.0667,0.0090,0.9975
2026-05-08T19:38:26.729,-9.1167,1.2228,18.0480,-0.0217,0.0729,0.0091,0.9971
2026-05-08T19:38:26.746,-9.1072,1.2228,18.1130,-0.0217,0.0797,0.0095,0.9965
2026-05-08T19:38:26.762,-9.0952,1.2229,18.1874,-0.0217,0.0875,0.0098,0.9959
2026-05-08T19:38:26.778,-9.0844,1.2229,18.2541,-0.0216,0.0951,0.0102,0.9952
2026-05-08T19:38:26.793,-9.0726,1.2229,18.3156,-0.0215,0.1021,0.0103,0.9945
2026-05-08T19:38:26.808,-9.0598,1.2229,18.3778,-0.0214,0.1093,0.0104,0.9937
2026-05-08T19:38:26.823,-9.0465,1.2229,18.4374,-0.0213,0.1162,0.0105,0.9929
2026-05-08T19:38:26.838,-9.0332,1.2229,18.4970,-0.0211,0.1231,0.0106,0.9921
2026-05-08T19:38:26.853,-9.0186,1.2229,18.5549,-0.0211,0.1299,0.0107,0.9912
2026-05-08T19:38:26.871,-9.0014,1.2229,18.6193,-0.0210,0.1375,0.0109,0.9902
2026-05-08T19:38:26.889,-8.9851,1.2229,18.6772,-0.0209,0.1442,0.0111,0.9893
2026-05-08T19:38:26.908,-8.9650,1.2229,18.7446,-0.0208,0.1523,0.0112,0.9881
2026-05-08T19:38:26.925,-8.9440,1.2229,18.8116,-0.0207,0.1603,0.0113,0.9868
2026-05-08T19:38:26.941,-8.9190,1.2229,18.8865,-0.0206,0.1694,0.0116,0.9853
2026-05-08T19:38:26.956,-8.8981,1.2229,18.9488,-0.0206,0.1769,0.0118,0.9839
2026-05-08T19:38:26.971,-8.8760,1.2229,19.0083,-0.0205,0.1841,0.0120,0.9826
2026-05-08T19:38:26.986,-8.8535,1.2229,19.0664,-0.0204,0.1912,0.0122,0.9813
2026-05-08T19:38:27.001,-8.8305,1.2228,19.1232,-0.0203,0.1981,0.0124,0.9799
2026-05-08T19:38:27.016,-8.8088,1.2228,19.1768,-0.0201,0.2051,0.0125,0.9785
2026-05-08T19:38:27.030,-8.7857,1.2228,19.2295,-0.0200,0.2123,0.0126,0.9769
2026-05-08T19:38:27.046,-8.7628,1.2228,19.2798,-0.0200,0.2195,0.0127,0.9753
2026-05-08T19:38:27.060,-8.7385,1.2228,19.3313,-0.0198,0.2274,0.0129,0.9735
2026-05-08T19:38:27.076,-8.7166,1.2228,19.3777,-0.0197,0.2353,0.0129,0.9716
2026-05-08T19:38:27.091,-8.6922,1.2228,19.4251,-0.0196,0.2436,0.0131,0.9696
2026-05-08T19:38:27.106,-8.6680,1.2228,19.4702,-0.0195,0.2520,0.0131,0.9674
2026-05-08T19:38:27.120,-8.6437,1.2228,19.5136,-0.0193,0.2608,0.0132,0.9651
2026-05-08T19:38:27.135,-8.6215,1.2228,19.5538,-0.0191,0.2693,0.0132,0.9628
2026-05-08T19:38:27.148,-8.5986,1.2228,19.5916,-0.0189,0.2775,0.0135,0.9604
2026-05-08T19:38:27.162,-8.5737,1.2228,19.6311,-0.0188,0.2864,0.0137,0.9578
2026-05-08T19:38:27.177,-8.5512,1.2228,19.6654,-0.0187,0.2943,0.0140,0.9554
2026-05-08T19:38:27.191,-8.5275,1.2228,19.7020,-0.0185,0.3029,0.0143,0.9527
2026-05-08T19:38:27.205,-8.5048,1.2228,19.7341,-0.0184,0.3117,0.0144,0.9499
2026-05-08T19:38:27.218,-8.4821,1.2228,19.7649,-0.0182,0.3205,0.0145,0.9470
2026-05-08T19:38:27.233,-8.4598,1.2228,19.7960,-0.0181,0.3294,0.0147,0.9439
2026-05-08T19:38:27.247,-8.4386,1.2228,19.8227,-0.0180,0.3377,0.0149,0.9410
2026-05-08T19:38:27.260,-8.4135,1.2228,19.8532,-0.0179,0.3474,0.0151,0.9374
2026-05-08T19:38:27.274,-8.3929,1.2228,19.8791,-0.0177,0.3556,0.0153,0.9343
2026-05-08T19:38:27.288,-8.3694,1.2227,19.9055,-0.0176,0.3643,0.0154,0.9310
2026-05-08T19:38:27.303,-8.3456,1.2227,19.9313,-0.0175,0.3727,0.0156,0.9277
2026-05-08T19:38:27.316,-8.3204,1.2228,19.9576,-0.0174,0.3814,0.0158,0.9241
2026-05-08T19:38:27.330,-8.2910,1.2227,19.9887,-0.0173,0.3897,0.0159,0.9207
2026-05-08T19:38:27.345,-8.2605,1.2227,20.0183,-0.0172,0.3968,0.0160,0.9176
2026-05-08T19:38:27.358,-8.2271,1.2227,20.0497,-0.0170,0.4033,0.0161,0.9148
2026-05-08T19:38:27.372,-8.1938,1.2227,20.0813,-0.0168,0.4084,0.0162,0.9125
2026-05-08T19:38:27.386,-8.1602,1.2228,20.1113,-0.0168,0.4109,0.0162,0.9114
2026-05-08T19:38:27.400,-8.1206,1.2228,20.1463,-0.0167,0.4108,0.0163,0.9114
2026-05-08T19:38:27.414,-8.0811,1.2228,20.1813,-0.0166,0.4108,0.0164,0.9114
2026-05-08T19:38:27.428,-8.0414,1.2229,20.2164,-0.0166,0.4108,0.0166,0.9114
2026-05-08T19:38:27.442,-7.9977,1.2229,20.2551,-0.0165,0.4108,0.0166,0.9114
2026-05-08T19:38:27.455,-7.9478,1.2229,20.2993,-0.0165,0.4107,0.0167,0.9115
2026-05-08T19:38:27.469,-7.8984,1.2229,20.3431,-0.0165,0.4106,0.0167,0.9115
2026-05-08T19:38:27.483,-7.8495,1.2229,20.3863,-0.0166,0.4105,0.0167,0.9115
2026-05-08T19:38:27.498,-7.7983,1.2229,20.4317,-0.0166,0.4104,0.0167,0.9116
2026-05-08T19:38:27.512,-7.7479,1.2229,20.4764,-0.0166,0.4078,0.0166,0.9128
2026-05-08T19:38:27.526,-7.6979,1.2229,20.5212,-0.0167,0.4047,0.0164,0.9141
2026-05-08T19:38:27.539,-7.6461,1.2229,20.5683,-0.0168,0.4011,0.0163,0.9157
2026-05-08T19:38:27.553,-7.5993,1.2229,20.6109,-0.0169,0.3976,0.0162,0.9172
2026-05-08T19:38:27.567,-7.5532,1.2229,20.6542,-0.0170,0.3942,0.0161,0.9187
2026-05-08T19:38:27.581,-7.5062,1.2230,20.6990,-0.0170,0.3903,0.0161,0.9204
2026-05-08T19:38:27.595,-7.4586,1.2230,20.7444,-0.0173,0.3863,0.0161,0.9221
2026-05-08T19:38:27.609,-7.4140,1.2230,20.7885,-0.0174,0.3824,0.0161,0.9237
2026-05-08T19:38:27.623,-7.3677,1.2230,20.8348,-0.0175,0.3784,0.0161,0.9253
2026-05-08T19:38:27.637,-7.3220,1.2230,20.8816,-0.0176,0.3744,0.0160,0.9270
2026-05-08T19:38:27.651,-7.2770,1.2229,20.9276,-0.0176,0.3703,0.0160,0.9286
2026-05-08T19:38:27.664,-7.2346,1.2229,20.9723,-0.0177,0.3665,0.0160,0.9301
2026-05-08T19:38:27.678,-7.1902,1.2230,21.0201,-0.0178,0.3624,0.0159,0.9317
2026-05-08T19:38:27.693,-7.1452,1.2230,21.0685,-0.0179,0.3582,0.0159,0.9333
2026-05-08T19:38:27.707,-7.1054,1.2230,21.1128,-0.0178,0.3546,0.0160,0.9347
2026-05-08T19:38:27.720,-7.0607,1.2230,21.1633,-0.0179,0.3504,0.0159,0.9363
2026-05-08T19:38:27.734,-7.0172,1.2230,21.2126,-0.0181,0.3464,0.0158,0.9378
2026-05-08T19:38:27.748,-6.9796,1.2230,21.2567,-0.0180,0.3429,0.0158,0.9391
2026-05-08T19:38:27.762,-6.9354,1.2231,21.3092,-0.0181,0.3386,0.0157,0.9406
2026-05-08T19:38:27.776,-6.8945,1.2231,21.3587,-0.0182,0.3345,0.0157,0.9421
2026-05-08T19:38:27.790,-6.8551,1.2231,21.4065,-0.0183,0.3306,0.0156,0.9435
2026-05-08T19:38:27.804,-6.8142,1.2231,21.4577,-0.0184,0.3266,0.0155,0.9449
2026-05-08T19:38:27.817,-6.7742,1.2231,21.5085,-0.0185,0.3227,0.0152,0.9462
2026-05-08T19:38:27.831,-6.7333,1.2231,21.5608,-0.0184,0.3185,0.0149,0.9476
2026-05-08T19:38:27.846,-6.6987,1.2231,21.6065,-0.0184,0.3149,0.0148,0.9488
2026-05-08T19:38:27.859,-6.6581,1.2232,21.6609,-0.0184,0.3107,0.0147,0.9502
2026-05-08T19:38:27.873,-6.6180,1.2232,21.7148,-0.0184,0.3065,0.0146,0.9516
2026-05-08T19:38:27.887,-6.5820,1.2232,21.7649,-0.0184,0.3027,0.0145,0.9528
2026-05-08T19:38:27.900,-6.5450,1.2232,21.8172,-0.0184,0.2987,0.0143,0.9541
2026-05-08T19:38:27.915,-6.5085,1.2231,21.8688,-0.0184,0.2948,0.0142,0.9553
2026-05-08T19:38:27.929,-6.4713,1.2231,21.9235,-0.0186,0.2906,0.0139,0.9566
2026-05-08T19:38:27.943,-6.4366,1.2231,21.9752,-0.0186,0.2866,0.0139,0.9578
2026-05-08T19:38:27.956,-6.4014,1.2231,22.0288,-0.0188,0.2825,0.0137,0.9590
2026-05-08T19:38:27.970,-6.3656,1.2230,22.0833,-0.0189,0.2784,0.0136,0.9602
2026-05-08T19:38:27.984,-6.3332,1.2230,22.1344,-0.0189,0.2745,0.0134,0.9613
2026-05-08T19:38:27.998,-6.2987,1.2230,22.1898,-0.0189,0.2704,0.0132,0.9625
2026-05-08T19:38:28.012,-6.2643,1.2230,22.2453,-0.0190,0.2661,0.0131,0.9637
2026-05-08T19:38:28.026,-6.2329,1.2230,22.2977,-0.0191,0.2620,0.0130,0.9648
2026-05-08T19:38:28.039,-6.1991,1.2229,22.3552,-0.0192,0.2574,0.0128,0.9660
2026-05-08T19:38:28.054,-6.1674,1.2229,22.4092,-0.0191,0.2530,0.0126,0.9672
2026-05-08T19:38:28.068,-6.1379,1.2229,22.4617,-0.0191,0.2484,0.0123,0.9684
2026-05-08T19:38:28.082,-6.1071,1.2229,22.5176,-0.0191,0.2436,0.0123,0.9696
2026-05-08T19:38:28.095,-6.0770,1.2229,22.5738,-0.0192,0.2384,0.0121,0.9709
2026-05-08T19:38:28.110,-6.0476,1.2229,22.6287,-0.0191,0.2334,0.0120,0.9721
2026-05-08T19:38:28.123,-6.0222,1.2228,22.6784,-0.0192,0.2287,0.0119,0.9732
2026-05-08T19:38:28.137,-5.9931,1.2228,22.7369,-0.0192,0.2232,0.0117,0.9745
2026-05-08T19:38:28.151,-5.9674,1.2228,22.7886,-0.0192,0.2179,0.0116,0.9757
2026-05-08T19:38:28.165,-5.9423,1.2228,22.8419,-0.0192,0.2125,0.0115,0.9769
2026-05-08T19:38:28.178,-5.9180,1.2228,22.8951,-0.0194,0.2066,0.0114,0.9782
2026-05-08T19:38:28.193,-5.8935,1.2228,22.9488,-0.0194,0.2007,0.0112,0.9794
2026-05-08T19:38:28.207,-5.8715,1.2228,23.0001,-0.0195,0.1949,0.0109,0.9806
2026-05-08T19:38:28.220,-5.8485,1.2227,23.0557,-0.0197,0.1887,0.0106,0.9818
2026-05-08T19:38:28.235,-5.8263,1.2227,23.1093,-0.0199,0.1823,0.0103,0.9830
2026-05-08T19:38:28.249,-5.8063,1.2227,23.1613,-0.0201,0.1760,0.0102,0.9841
2026-05-08T19:38:28.262,-5.7864,1.2227,23.2150,-0.0211,0.1690,0.0100,0.9853
2026-05-08T19:38:28.276,-5.7690,1.2227,23.2639,-0.0214,0.1625,0.0097,0.9864
2026-05-08T19:38:28.290,-5.7519,1.2227,23.3122,-0.0221,0.1556,0.0092,0.9875
2026-05-08T19:38:28.305,-5.7358,1.2226,23.3619,-0.0225,0.1481,0.0089,0.9887
2026-05-08T19:38:28.317,-5.7210,1.2226,23.4101,-0.0227,0.1406,0.0081,0.9898
2026-05-08T19:38:28.332,-5.7055,1.2225,23.4602,-0.0230,0.1322,0.0077,0.9909
2026-05-08T19:38:28.346,-5.6948,1.2225,23.4995,-0.0231,0.1247,0.0074,0.9919
2026-05-08T19:38:28.359,-5.6832,1.2225,23.5451,-0.0236,0.1162,0.0071,0.9929
2026-05-08T19:38:28.374,-5.6726,1.2226,23.5858,-0.0240,0.1073,0.0070,0.9939
2026-05-08T19:38:28.388,-5.6640,1.2226,23.6251,-0.0243,0.0987,0.0067,0.9948
2026-05-08T19:38:28.401,-5.6559,1.2227,23.6657,-0.0246,0.0888,0.0063,0.9957
2026-05-08T19:38:28.419,-5.6481,1.2227,23.7030,-0.0250,0.0798,0.0061,0.9965
2026-05-08T19:38:28.430,-5.6424,1.2227,23.9929,-0.0249,0.0709,0.0060,0.9972
2026-05-08T19:38:28.444,-5.6357,1.2227,24.0401,-0.0253,0.0588,0.0057,0.9979
2026-05-08T19:38:28.457,-5.6326,1.2228,24.0662,-0.0253,0.0512,0.0056,0.9984
2026-05-08T19:38:28.471,-5.6281,1.2228,24.1025,-0.0253,0.0408,0.0054,0.9988
2026-05-08T19:38:28.484,-5.6260,1.2228,24.1286,-0.0253,0.0325,0.0052,0.9991
2026-05-08T19:38:28.498,-5.6239,1.2228,24.1609,-0.0253,0.0220,0.0050,0.9994
2026-05-08T19:38:28.512,-5.6216,1.2228,24.1844,-0.0251,0.0135,0.0048,0.9996
2026-05-08T19:38:28.526,-5.6209,1.2228,24.2111,-0.0251,0.0035,0.0046,0.9997
2026-05-08T19:38:28.540,-5.6208,1.2228,24.2376,-0.0251,-0.0068,0.0045,0.9997
2026-05-08T19:38:28.554,-5.6201,1.2228,24.2638,-0.0251,-0.0169,0.0045,0.9995
2026-05-08T19:38:28.568,-5.6210,1.2229,24.2904,-0.0250,-0.0275,0.0045,0.9993
2026-05-08T19:38:28.582,-5.6225,1.2229,24.3151,-0.0252,-0.0372,0.0044,0.9990
2026-05-08T19:38:28.595,-5.6246,1.2229,24.3430,-0.0252,-0.0481,0.0043,0.9985
2026-05-08T19:38:28.609,-5.6259,1.2229,24.3689,-0.0250,-0.0581,0.0042,0.9980
2026-05-08T19:38:28.623,-5.6287,1.2229,24.3923,-0.0249,-0.0674,0.0039,0.9974
2026-05-08T19:38:28.637,-5.6323,1.2229,24.4191,-0.0248,-0.0781,0.0039,0.9966
2026-05-08T19:38:28.651,-5.6354,1.2229,24.4465,-0.0250,-0.0880,0.0036,0.9958
2026-05-08T19:38:28.665,-5.6404,1.2229,24.4740,-0.0249,-0.0982,0.0034,0.9948
2026-05-08T19:38:28.679,-5.6464,1.2229,24.5040,-0.0249,-0.1076,0.0032,0.9939
2026-05-08T19:38:28.693,-5.6526,1.2229,24.5371,-0.0249,-0.1179,0.0031,0.9927
2026-05-08T19:38:28.707,-5.6601,1.2229,24.5684,-0.0248,-0.1268,0.0029,0.9916
2026-05-08T19:38:28.721,-5.6691,1.2229,24.6027,-0.0247,-0.1364,0.0026,0.9903
2026-05-08T19:38:28.735,-5.6779,1.2228,24.6383,-0.0247,-0.1456,0.0024,0.9890
2026-05-08T19:38:28.749,-5.6879,1.2228,24.6716,-0.0247,-0.1545,0.0022,0.9877
2026-05-08T19:38:28.763,-5.7001,1.2228,24.7093,-0.0247,-0.1639,0.0020,0.9862
2026-05-08T19:38:28.777,-5.7123,1.2228,24.7449,-0.0247,-0.1729,0.0020,0.9846
2026-05-08T19:38:28.790,-5.7252,1.2228,24.7834,-0.0248,-0.1821,0.0019,0.9830
2026-05-08T19:38:28.804,-5.7386,1.2228,24.8182,-0.0249,-0.1906,0.0018,0.9813
2026-05-08T19:38:28.818,-5.7526,1.2228,24.8530,-0.0249,-0.1993,0.0016,0.9796
2026-05-08T19:38:28.833,-5.7675,1.2228,24.8906,-0.0249,-0.2084,0.0013,0.9777
2026-05-08T19:38:28.846,-5.7829,1.2228,24.9249,-0.0249,-0.2170,0.0012,0.9759
2026-05-08T19:38:28.860,-5.8009,1.2228,24.9634,-0.0248,-0.2267,0.0008,0.9737
2026-05-08T19:38:28.875,-5.8165,1.2228,24.9975,-0.0249,-0.2351,0.0006,0.9717
2026-05-08T19:38:28.889,-5.8331,1.2228,25.0299,-0.0248,-0.2435,0.0004,0.9696
2026-05-08T19:38:28.903,-5.8538,1.2228,25.0683,-0.0248,-0.2534,0.0001,0.9670
2026-05-08T19:38:28.916,-5.8725,1.2227,25.1015,-0.0249,-0.2620,-0.0001,0.9648
2026-05-08T19:38:28.930,-5.8913,1.2227,25.1356,-0.0250,-0.2706,-0.0004,0.9624
2026-05-08T19:38:28.944,-5.9115,1.2227,25.1687,-0.0251,-0.2792,-0.0009,0.9599
2026-05-08T19:38:28.957,-5.9332,1.2227,25.2027,-0.0252,-0.2882,-0.0012,0.9572
2026-05-08T19:38:28.972,-5.9542,1.2227,25.2364,-0.0253,-0.2969,-0.0015,0.9546
2026-05-08T19:38:28.986,-5.9745,1.2227,25.2657,-0.0255,-0.3050,-0.0018,0.9520
2026-05-08T19:38:28.999,-5.9991,1.2227,25.3002,-0.0255,-0.3143,-0.0019,0.9490
2026-05-08T19:38:29.013,-6.0201,1.2227,25.3302,-0.0256,-0.3225,-0.0023,0.9462
2026-05-08T19:38:29.027,-6.0431,1.2227,25.3599,-0.0256,-0.3311,-0.0025,0.9432
2026-05-08T19:38:29.041,-6.0651,1.2227,25.3874,-0.0257,-0.3402,-0.0026,0.9400
2026-05-08T19:38:29.055,-6.0861,1.2227,25.4143,-0.0258,-0.3495,-0.0029,0.9366
2026-05-08T19:38:29.069,-6.1033,1.2228,25.4341,-0.0259,-0.3586,-0.0031,0.9331
2026-05-08T19:38:29.084,-6.1208,1.2228,25.4534,-0.0258,-0.3675,-0.0034,0.9297
2026-05-08T19:38:29.097,-6.1349,1.2228,25.4684,-0.0258,-0.3779,-0.0036,0.9255
2026-05-08T19:38:29.111,-6.1479,1.2228,25.4835,-0.0257,-0.3877,-0.0038,0.9214
2026-05-08T19:38:29.124,-6.1562,1.2228,25.4916,-0.0256,-0.3971,-0.0041,0.9174
2026-05-08T19:38:29.138,-6.1659,1.2228,25.5007,-0.0255,-0.4078,-0.0045,0.9127
2026-05-08T19:38:29.151,-6.1715,1.2228,25.5076,-0.0253,-0.4165,-0.0048,0.9088
2026-05-08T19:38:29.166,-6.1786,1.2228,25.5138,-0.0251,-0.4264,-0.0051,0.9042
2026-05-08T19:38:29.179,-6.1834,1.2228,25.5177,-0.0249,-0.4357,-0.0053,0.8997
2026-05-08T19:38:29.193,-6.1874,1.2228,25.5225,-0.0248,-0.4456,-0.0056,0.8949
2026-05-08T19:38:29.207,-6.1914,1.2229,25.5256,-0.0248,-0.4549,-0.0056,0.8902
2026-05-08T19:38:29.220,-6.1954,1.2229,25.5284,-0.0246,-0.4649,-0.0059,0.8850
2026-05-08T19:38:29.235,-6.1988,1.2228,25.5324,-0.0245,-0.4742,-0.0060,0.8801
2026-05-08T19:38:29.248,-6.2025,1.2228,25.5349,-0.0244,-0.4835,-0.0063,0.8750
2026-05-08T19:38:29.261,-6.2067,1.2228,25.5375,-0.0242,-0.4936,-0.0065,0.8693
2026-05-08T19:38:29.275,-6.2100,1.2228,25.5411,-0.0241,-0.5021,-0.0066,0.8644
2026-05-08T19:38:29.290,-6.2139,1.2228,25.5433,-0.0241,-0.5114,-0.0069,0.8589
2026-05-08T19:38:29.304,-6.2190,1.2228,25.5461,-0.0240,-0.5206,-0.0071,0.8534
2026-05-08T19:38:29.320,-6.2255,1.2228,25.5495,-0.0239,-0.5301,-0.0073,0.8476
2026-05-08T19:38:29.339,-6.2388,1.2228,25.5574,-0.0236,-0.5397,-0.0076,0.8415
2026-05-08T19:38:29.359,-6.2703,1.2228,25.5719,-0.0237,-0.5491,-0.0079,0.8354
2026-05-08T19:38:29.377,-6.3180,1.2228,25.5926,-0.0235,-0.5602,-0.0082,0.8280
2026-05-08T19:38:29.394,-6.3680,1.2228,25.6127,-0.0232,-0.5703,-0.0085,0.8211
2026-05-08T19:38:29.411,-6.4242,1.2228,25.6337,-0.0230,-0.5769,-0.0086,0.8165
2026-05-08T19:38:29.428,-6.4860,1.2228,25.6556,-0.0229,-0.5818,-0.0087,0.8130
2026-05-08T19:38:29.446,-6.5501,1.2228,25.6775,-0.0229,-0.5860,-0.0086,0.8099
2026-05-08T19:38:29.463,-6.6216,1.2229,25.7010,-0.0228,-0.5903,-0.0085,0.8068
2026-05-08T19:38:29.482,-6.6964,1.2229,25.7254,-0.0229,-0.5945,-0.0085,0.8038
2026-05-08T19:38:29.501,-6.7741,1.2229,25.7492,-0.0228,-0.5986,-0.0087,0.8007
2026-05-08T19:38:29.521,-6.8575,1.2228,25.7737,-0.0226,-0.6028,-0.0088,0.7975
2026-05-08T19:38:29.541,-6.9470,1.2228,25.7991,-0.0225,-0.6068,-0.0089,0.7945
2026-05-08T19:38:29.561,-7.0410,1.2228,25.8247,-0.0222,-0.6109,-0.0091,0.7914
2026-05-08T19:38:29.581,-7.1268,1.2227,25.8472,-0.0222,-0.6143,-0.0092,0.7887
2026-05-08T19:38:29.600,-7.2263,1.2227,25.8723,-0.0220,-0.6181,-0.0094,0.7857
2026-05-08T19:38:29.619,-7.3157,1.2227,25.8939,-0.0221,-0.6206,-0.0095,0.7837
2026-05-08T19:38:29.638,-7.4097,1.2227,25.9160,-0.0221,-0.6206,-0.0095,0.7838
2026-05-08T19:38:29.657,-7.4990,1.2226,25.9370,-0.0220,-0.6206,-0.0095,0.7838
2026-05-08T19:38:29.676,-7.5908,1.2226,25.9586,-0.0221,-0.6205,-0.0095,0.7838
2026-05-08T19:38:29.696,-7.6832,1.2226,25.9803,-0.0221,-0.6204,-0.0095,0.7839
2026-05-08T19:38:29.714,-7.7762,1.2226,26.0023,-0.0221,-0.6204,-0.0094,0.7839
2026-05-08T19:38:29.732,-7.8725,1.2226,26.0250,-0.0220,-0.6203,-0.0095,0.7840
2026-05-08T19:38:29.751,-7.9587,1.2226,26.0453,-0.0220,-0.6179,-0.0095,0.7859
2026-05-08T19:38:29.772,-8.0501,1.2226,26.0675,-0.0219,-0.6150,-0.0094,0.7882
2026-05-08T19:38:29.792,-8.1310,1.2226,26.0878,-0.0219,-0.6113,-0.0093,0.7910
2026-05-08T19:38:29.809,-8.2250,1.2226,26.1122,-0.0218,-0.6058,-0.0092,0.7953
2026-05-08T19:38:29.827,-8.3071,1.2226,26.1348,-0.0219,-0.6004,-0.0089,0.7993
2026-05-08T19:38:29.846,-8.3733,1.2226,26.1539,-0.0221,-0.5932,-0.0086,0.8047
2026-05-08T19:38:29.865,-8.4359,1.2227,26.1722,-0.0224,-0.5853,-0.0082,0.8105
2026-05-08T19:38:29.883,-8.4899,1.2227,26.1900,-0.0225,-0.5763,-0.0079,0.8169
2026-05-08T19:38:29.901,-8.5418,1.2227,26.2085,-0.0225,-0.5658,-0.0076,0.8242
2026-05-08T19:38:29.919,-8.5883,1.2227,26.2263,-0.0227,-0.5561,-0.0072,0.8308
2026-05-08T19:38:29.937,-8.6337,1.2227,26.2450,-0.0229,-0.5464,-0.0069,0.8372
2026-05-08T19:38:29.955,-8.6767,1.2227,26.2638,-0.0230,-0.5366,-0.0066,0.8435
2026-05-08T19:38:29.973,-8.7208,1.2227,26.2844,-0.0231,-0.5260,-0.0064,0.8501
2026-05-08T19:38:29.991,-8.7607,1.2227,26.3043,-0.0231,-0.5161,-0.0061,0.8562
2026-05-08T19:38:30.009,-8.8017,1.2227,26.3259,-0.0232,-0.5056,-0.0058,0.8624
2026-05-08T19:38:30.027,-8.8433,1.2227,26.3492,-0.0233,-0.4946,-0.0055,0.8688
2026-05-08T19:38:30.044,-8.8810,1.2227,26.3715,-0.0232,-0.4843,-0.0053,0.8746
2026-05-08T19:38:30.062,-8.9205,1.2228,26.3947,-0.0232,-0.4733,-0.0049,0.8806
2026-05-08T19:38:30.080,-8.9549,1.2228,26.4174,-0.0233,-0.4634,-0.0046,0.8858
2026-05-08T19:38:30.100,-8.9944,1.2228,26.4448,-0.0234,-0.4519,-0.0041,0.8918
2026-05-08T19:38:30.117,-9.0298,1.2229,26.4707,-0.0236,-0.4413,-0.0037,0.8970
2026-05-08T19:38:30.135,-9.0696,1.2229,26.5014,-0.0237,-0.4291,-0.0033,0.9030
2026-05-08T19:38:30.153,-9.1028,1.2229,26.5283,-0.0237,-0.4186,-0.0030,0.9078
2026-05-08T19:38:30.171,-9.1384,1.2229,26.5588,-0.0237,-0.4071,-0.0027,0.9131
2026-05-08T19:38:30.189,-9.1692,1.2229,26.5864,-0.0235,-0.3969,-0.0025,0.9175
2026-05-08T19:38:30.208,-9.2044,1.2229,26.6196,-0.0234,-0.3850,-0.0022,0.9226
2026-05-08T19:38:30.226,-9.2360,1.2229,26.6508,-0.0234,-0.3739,-0.0019,0.9272
2026-05-08T19:38:30.243,-9.2695,1.2229,26.6856,-0.0234,-0.3618,-0.0016,0.9320
2026-05-08T19:38:30.261,-9.2999,1.2229,26.7166,-0.0234,-0.3507,-0.0013,0.9362
2026-05-08T19:38:30.279,-9.3296,1.2229,26.7506,-0.0235,-0.3397,-0.0010,0.9402
2026-05-08T19:38:30.298,-9.3602,1.2229,26.7874,-0.0236,-0.3286,-0.0007,0.9442
2026-05-08T19:38:30.316,-9.3927,1.2228,26.8284,-0.0237,-0.3173,-0.0003,0.9480
2026-05-08T19:38:30.335,-9.4289,1.2228,26.8764,-0.0238,-0.3055,0.0001,0.9519
2026-05-08T19:38:30.353,-9.4622,1.2228,26.9231,-0.0239,-0.2959,0.0004,0.9549
2026-05-08T19:38:30.371,-9.5068,1.2229,26.9880,-0.0239,-0.2865,0.0006,0.9578
2026-05-08T19:38:30.388,-9.5461,1.2229,27.0480,-0.0238,-0.2789,0.0006,0.9600
2026-05-08T19:38:30.407,-9.5870,1.2229,27.1124,-0.0235,-0.2719,0.0007,0.9620
2026-05-08T19:38:30.424,-9.6285,1.2229,27.1801,-0.0236,-0.2669,0.0008,0.9634
2026-05-08T19:38:30.442,-9.6743,1.2229,27.2551,-0.0233,-0.2622,0.0008,0.9647
2026-05-08T19:38:30.460,-9.7161,1.2229,27.3265,-0.0233,-0.2583,0.0009,0.9658
2026-05-08T19:38:30.479,-9.7592,1.2229,27.4012,-0.0233,-0.2546,0.0011,0.9668
2026-05-08T19:38:30.499,-9.8019,1.2230,27.4766,-0.0234,-0.2509,0.0014,0.9677
2026-05-08T19:38:30.519,-9.8476,1.2230,27.5588,-0.0235,-0.2469,0.0016,0.9688
2026-05-08T19:38:30.539,-9.8912,1.2230,27.6387,-0.0234,-0.2428,0.0016,0.9698
2026-05-08T19:38:30.558,-9.9364,1.2230,27.7233,-0.0234,-0.2387,0.0018,0.9708
2026-05-08T19:38:30.575,-9.9811,1.2230,27.8086,-0.0234,-0.2346,0.0019,0.9718
2026-05-08T19:38:30.593,-10.0233,1.2230,27.8908,-0.0233,-0.2295,0.0020,0.9730
2026-05-08T19:38:30.611,-10.0593,1.2229,27.9629,-0.0233,-0.2246,0.0020,0.9742
2026-05-08T19:38:30.630,-10.0944,1.2229,28.0350,-0.0233,-0.2190,0.0020,0.9754
2026-05-08T19:38:30.650,-10.1269,1.2229,28.1036,-0.0234,-0.2123,0.0021,0.9769
2026-05-08T19:38:30.672,-10.1610,1.2229,28.1783,-0.0235,-0.2032,0.0023,0.9788
2026-05-08T19:38:30.691,-10.1888,1.2229,28.2422,-0.0233,-0.1939,0.0024,0.9807
2026-05-08T19:38:30.709,-10.2196,1.2229,28.3169,-0.0232,-0.1811,0.0027,0.9832
2026-05-08T19:38:30.726,-10.2414,1.2229,28.3739,-0.0233,-0.1703,0.0031,0.9851
2026-05-08T19:38:30.744,-10.2596,1.2229,28.4249,-0.0232,-0.1599,0.0035,0.9869
2026-05-08T19:38:30.762,-10.2771,1.2229,28.4735,-0.0232,-0.1480,0.0038,0.9887
2026-05-08T19:38:30.780,-10.2913,1.2229,28.5197,-0.0232,-0.1366,0.0042,0.9903
2026-05-08T19:38:30.798,-10.3036,1.2229,28.5632,-0.0232,-0.1244,0.0045,0.9920
2026-05-08T19:38:30.815,-10.3130,1.2229,28.6002,-0.0231,-0.1123,0.0048,0.9934
2026-05-08T19:38:30.834,-10.3217,1.2229,28.6382,-0.0229,-0.0985,0.0050,0.9949
2026-05-08T19:38:30.852,-10.3283,1.2229,28.6709,-0.0228,-0.0865,0.0052,0.9960
2026-05-08T19:38:30.871,-10.3346,1.2228,28.7068,-0.0228,-0.0728,0.0054,0.9971
2026-05-08T19:38:30.890,-10.3395,1.2228,28.7402,-0.0228,-0.0598,0.0056,0.9979
2026-05-08T19:38:30.908,-10.3439,1.2228,28.7764,-0.0227,-0.0456,0.0060,0.9987
2026-05-08T19:38:30.926,-10.3470,1.2228,28.8105,-0.0226,-0.0323,0.0063,0.9992
2026-05-08T19:38:30.944,-10.3493,1.2228,28.8445,-0.0225,-0.0189,0.0066,0.9995
2026-05-08T19:38:30.963,-10.3520,1.2228,28.8774,-0.0225,-0.0058,0.0069,0.9997
2026-05-08T19:38:30.982,-10.3525,1.2228,28.9120,-0.0225,0.0078,0.0073,0.9997
2026-05-08T19:38:31.001,-10.3519,1.2228,28.9511,-0.0224,0.0223,0.0075,0.9995
2026-05-08T19:38:31.018,-10.3501,1.2228,28.9904,-0.0224,0.0349,0.0078,0.9991
2026-05-08T19:38:31.035,-10.3469,1.2228,29.0364,-0.0222,0.0482,0.0080,0.9986
2026-05-08T19:38:31.054,-10.3423,1.2228,29.0848,-0.0221,0.0596,0.0083,0.9979
2026-05-08T19:38:31.073,-10.3364,1.2229,29.1343,-0.0220,0.0711,0.0086,0.9972
2026-05-08T19:38:31.092,-10.3292,1.2229,29.1844,-0.0220,0.0820,0.0087,0.9964
2026-05-08T19:38:31.110,-10.3189,1.2229,29.2470,-0.0217,0.0939,0.0088,0.9953
2026-05-08T19:38:31.127,-10.3073,1.2230,29.3081,-0.0214,0.1051,0.0090,0.9942
2026-05-08T19:38:31.144,-10.2939,1.2230,29.3707,-0.0213,0.1150,0.0093,0.9931
2026-05-08T19:38:31.162,-10.2809,1.2231,29.4312,-0.0212,0.1242,0.0096,0.9920
2026-05-08T19:38:31.180,-10.2654,1.2230,29.4925,-0.0211,0.1334,0.0098,0.9908
2026-05-08T19:38:31.198,-10.2486,1.2230,29.5538,-0.0210,0.1429,0.0099,0.9895
2026-05-08T19:38:31.216,-10.2299,1.2230,29.6174,-0.0210,0.1525,0.0102,0.9880
2026-05-08T19:38:31.233,-10.2085,1.2230,29.6850,-0.0209,0.1626,0.0105,0.9864
2026-05-08T19:38:31.251,-10.1889,1.2231,29.7430,-0.0208,0.1719,0.0106,0.9848
2026-05-08T19:38:31.267,-10.1685,1.2230,29.7997,-0.0207,0.1814,0.0108,0.9831
2026-05-08T19:38:31.284,-10.1484,1.2230,29.8521,-0.0206,0.1911,0.0109,0.9813
2026-05-08T19:38:31.302,-10.1290,1.2230,29.9033,-0.0205,0.2014,0.0111,0.9792
2026-05-08T19:38:31.319,-10.1079,1.2230,29.9524,-0.0203,0.2116,0.0111,0.9771
2026-05-08T19:38:31.336,-10.0856,1.2229,30.0014,-0.0202,0.2224,0.0113,0.9747
2026-05-08T19:38:31.353,-10.0640,1.2230,30.0463,-0.0199,0.2324,0.0116,0.9723
2026-05-08T19:38:31.371,-10.0404,1.2230,30.0929,-0.0198,0.2430,0.0119,0.9697
2026-05-08T19:38:31.387,-10.0156,1.2230,30.1394,-0.0197,0.2537,0.0123,0.9670
2026-05-08T19:38:31.404,-9.9906,1.2230,30.1838,-0.0195,0.2640,0.0126,0.9642
2026-05-08T19:38:31.420,-9.9666,1.2230,30.2268,-0.0193,0.2741,0.0127,0.9614
2026-05-08T19:38:31.436,-9.9406,1.2230,30.2686,-0.0191,0.2839,0.0129,0.9586
2026-05-08T19:38:31.454,-9.9120,1.2230,30.3127,-0.0189,0.2936,0.0131,0.9556
2026-05-08T19:38:31.471,-9.8816,1.2230,30.3575,-0.0187,0.3030,0.0133,0.9527
2026-05-08T19:38:31.488,-9.8481,1.2230,30.4049,-0.0186,0.3118,0.0134,0.9499
2026-05-08T19:38:31.505,-9.8108,1.2229,30.4557,-0.0183,0.3206,0.0134,0.9470
2026-05-08T19:38:31.521,-9.7672,1.2229,30.5127,-0.0182,0.3274,0.0135,0.9446
2026-05-08T19:38:31.538,-9.7188,1.2229,30.5755,-0.0181,0.3333,0.0136,0.9426
2026-05-08T19:38:31.555,-9.6722,1.2229,30.6332,-0.0181,0.3382,0.0137,0.9408
2026-05-08T19:38:31.571,-9.6240,1.2229,30.6916,-0.0180,0.3425,0.0137,0.9393
2026-05-08T19:38:31.586,-9.5729,1.2229,30.7523,-0.0180,0.3455,0.0138,0.9382
2026-05-08T19:38:31.602,-9.5214,1.2229,30.8128,-0.0180,0.3482,0.0139,0.9372
2026-05-08T19:38:31.618,-9.4724,1.2229,30.8702,-0.0180,0.3481,0.0140,0.9372
2026-05-08T19:38:31.636,-9.4213,1.2229,30.9295,-0.0180,0.3481,0.0140,0.9372
2026-05-08T19:38:31.651,-9.3690,1.2228,30.9903,-0.0180,0.3482,0.0139,0.9371
2026-05-08T19:38:31.667,-9.3117,1.2228,31.0568,-0.0181,0.3482,0.0138,0.9372
2026-05-08T19:38:31.683,-9.2642,1.2228,31.1120,-0.0181,0.3481,0.0138,0.9372
2026-05-08T19:38:31.699,-9.2103,1.2228,31.1745,-0.0181,0.3480,0.0139,0.9372
2026-05-08T19:38:31.715,-9.1612,1.2228,31.2316,-0.0181,0.3481,0.0138,0.9372
2026-05-08T19:38:31.730,-9.1050,1.2228,31.2969,-0.0182,0.3480,0.0137,0.9372
2026-05-08T19:38:31.745,-9.0589,1.2228,31.3504,-0.0181,0.3481,0.0135,0.9372
2026-05-08T19:38:31.760,-9.0069,1.2228,31.4108,-0.0180,0.3481,0.0137,0.9372
2026-05-08T19:38:31.775,-8.9640,1.2228,31.4606,-0.0180,0.3502,0.0139,0.9364
2026-05-08T19:38:31.790,-8.9153,1.2228,31.5167,-0.0179,0.3533,0.0140,0.9352
2026-05-08T19:38:31.805,-8.8708,1.2229,31.5672,-0.0178,0.3575,0.0141,0.9336
2026-05-08T19:38:31.820,-8.8249,1.2228,31.6184,-0.0177,0.3626,0.0142,0.9317
2026-05-08T19:38:31.835,-8.7812,1.2228,31.6669,-0.0176,0.3682,0.0143,0.9295
2026-05-08T19:38:31.850,-8.7412,1.2228,31.7096,-0.0173,0.3748,0.0144,0.9268
2026-05-08T19:38:31.865,-8.6992,1.2228,31.7531,-0.0173,0.3822,0.0146,0.9238
2026-05-08T19:38:31.878,-8.6648,1.2228,31.7875,-0.0173,0.3895,0.0147,0.9208
2026-05-08T19:38:31.893,-8.6290,1.2228,31.8235,-0.0171,0.3978,0.0148,0.9172
2026-05-08T19:38:31.908,-8.5968,1.2228,31.8535,-0.0169,0.4059,0.0150,0.9136
2026-05-08T19:38:31.923,-8.5630,1.2228,31.8840,-0.0168,0.4143,0.0152,0.9099
2026-05-08T19:38:31.938,-8.5324,1.2228,31.9120,-0.0167,0.4224,0.0153,0.9061
2026-05-08T19:38:31.952,-8.4970,1.2228,31.9417,-0.0166,0.4316,0.0154,0.9018
2026-05-08T19:38:31.967,-8.4647,1.2228,31.9677,-0.0163,0.4402,0.0155,0.8976
2026-05-08T19:38:31.980,-8.4307,1.2228,31.9940,-0.0161,0.4490,0.0156,0.8932
2026-05-08T19:38:31.995,-8.3993,1.2228,32.0186,-0.0159,0.4576,0.0159,0.8889
2026-05-08T19:38:32.009,-8.3684,1.2228,32.0406,-0.0156,0.4656,0.0162,0.8847
2026-05-08T19:38:32.024,-8.3343,1.2228,32.0640,-0.0154,0.4744,0.0163,0.8800
2026-05-08T19:38:32.037,-8.3020,1.2228,32.0851,-0.0151,0.4830,0.0168,0.8754
2026-05-08T19:38:32.051,-8.2694,1.2228,32.1068,-0.0149,0.4915,0.0168,0.8706
2026-05-08T19:38:32.066,-8.2365,1.2228,32.1265,-0.0148,0.4998,0.0169,0.8659
2026-05-08T19:38:32.079,-8.2037,1.2228,32.1454,-0.0143,0.5078,0.0170,0.8612
2026-05-08T19:38:32.094,-8.1675,1.2228,32.1665,-0.0142,0.5167,0.0172,0.8559
2026-05-08T19:38:32.109,-8.1369,1.2229,32.1825,-0.0140,0.5244,0.0174,0.8512
2026-05-08T19:38:32.123,-8.0995,1.2229,32.2011,-0.0136,0.5332,0.0172,0.8457
2026-05-08T19:38:32.137,-8.0634,1.2229,32.2183,-0.0132,0.5417,0.0172,0.8403
2026-05-08T19:38:32.152,-8.0284,1.2229,32.2353,-0.0129,0.5499,0.0172,0.8349
2026-05-08T19:38:32.166,-7.9930,1.2229,32.2504,-0.0129,0.5575,0.0173,0.8299
2026-05-08T19:38:32.179,-7.9532,1.2229,32.2666,-0.0127,0.5654,0.0174,0.8245
2026-05-08T19:38:32.193,-7.9110,1.2229,32.2840,-0.0125,0.5730,0.0174,0.8193
2026-05-08T19:38:32.207,-7.8724,1.2228,32.2980,-0.0123,0.5793,0.0175,0.8148
2026-05-08T19:38:32.220,-7.8240,1.2229,32.3149,-0.0121,0.5856,0.0175,0.8103
2026-05-08T19:38:32.235,-7.7679,1.2228,32.3343,-0.0120,0.5901,0.0176,0.8071
2026-05-08T19:38:32.250,-7.7097,1.2229,32.3529,-0.0119,0.5932,0.0177,0.8048
2026-05-08T19:38:32.265,-7.6388,1.2229,32.3749,-0.0119,0.5954,0.0180,0.8031
2026-05-08T19:38:32.278,-7.5725,1.2229,32.3950,-0.0118,0.5953,0.0179,0.8032
2026-05-08T19:38:32.293,-7.4981,1.2229,32.4177,-0.0118,0.5951,0.0180,0.8033
2026-05-08T19:38:32.307,-7.4373,1.2229,32.4362,-0.0119,0.5950,0.0180,0.8034
2026-05-08T19:38:32.321,-7.3695,1.2228,32.4570,-0.0119,0.5948,0.0179,0.8036
2026-05-08T19:38:32.335,-7.3029,1.2228,32.4773,-0.0120,0.5947,0.0178,0.8037
2026-05-08T19:38:32.358,-7.2375,1.2228,32.4973,-0.0120,0.5946,0.0177,0.8037
2026-05-08T19:38:32.373,-7.1674,1.2228,32.5188,-0.0120,0.5947,0.0175,0.8037
2026-05-08T19:38:32.386,-7.0586,1.2228,32.5521,-0.0120,0.5945,0.0176,0.8038
2026-05-08T19:38:32.400,-6.9898,1.2229,32.5733,-0.0119,0.5945,0.0177,0.8038
2026-05-08T19:38:32.414,-6.9282,1.2229,32.5921,-0.0118,0.5961,0.0179,0.8026
2026-05-08T19:38:32.428,-6.8608,1.2229,32.6125,-0.0117,0.5982,0.0180,0.8011
2026-05-08T19:38:32.442,-6.7971,1.2229,32.6315,-0.0115,0.6002,0.0180,0.7996
2026-05-08T19:38:32.456,-6.7315,1.2229,32.6506,-0.0115,0.6023,0.0180,0.7980
2026-05-08T19:38:32.470,-6.6679,1.2229,32.6690,-0.0114,0.6044,0.0181,0.7964
2026-05-08T19:38:32.484,-6.6048,1.2229,32.6866,-0.0114,0.6065,0.0181,0.7948
2026-05-08T19:38:32.497,-6.5381,1.2229,32.7049,-0.0113,0.6088,0.0182,0.7931
2026-05-08T19:38:32.512,-6.4755,1.2229,32.7220,-0.0112,0.6109,0.0182,0.7914
2026-05-08T19:38:32.526,-6.4107,1.2229,32.7390,-0.0111,0.6131,0.0182,0.7897
2026-05-08T19:38:32.540,-6.3428,1.2228,32.7564,-0.0111,0.6153,0.0181,0.7880
2026-05-08T19:38:32.554,-6.2751,1.2228,32.7736,-0.0110,0.6176,0.0183,0.7862
2026-05-08T19:38:32.568,-6.2119,1.2228,32.7891,-0.0110,0.6196,0.0183,0.7846
2026-05-08T19:38:32.581,-6.1441,1.2228,32.8052,-0.0110,0.6219,0.0182,0.7828
2026-05-08T19:38:32.595,-6.0801,1.2227,32.8204,-0.0110,0.6241,0.0181,0.7811
2026-05-08T19:38:32.609,-6.0190,1.2227,32.8342,-0.0109,0.6262,0.0180,0.7794
2026-05-08T19:38:32.623,-5.9489,1.2227,32.8497,-0.0108,0.6285,0.0180,0.7775
2026-05-08T19:38:32.637,-5.8863,1.2227,32.8631,-0.0107,0.6306,0.0181,0.7758
2026-05-08T19:38:32.651,-5.8185,1.2228,32.8776,-0.0106,0.6328,0.0181,0.7740
2026-05-08T19:38:32.665,-5.7550,1.2228,32.8905,-0.0105,0.6349,0.0182,0.7723
2026-05-08T19:38:32.679,-5.6887,1.2227,32.9036,-0.0105,0.6371,0.0182,0.7705
2026-05-08T19:38:32.693,-5.6174,1.2227,32.9176,-0.0103,0.6394,0.0182,0.7686
2026-05-08T19:38:32.707,-5.5533,1.2227,32.9295,-0.0103,0.6415,0.0183,0.7668
2026-05-08T19:38:32.721,-5.4837,1.2227,32.9419,-0.0102,0.6438,0.0182,0.7649
2026-05-08T19:38:32.735,-5.4201,1.2227,32.9533,-0.0102,0.6459,0.0181,0.7632
2026-05-08T19:38:32.748,-5.3553,1.2226,32.9642,-0.0102,0.6475,0.0181,0.7618
2026-05-08T19:38:32.763,-5.2836,1.2227,32.9759,-0.0102,0.6475,0.0180,0.7618
2026-05-08T19:38:32.776,-5.2203,1.2227,32.9863,-0.0102,0.6474,0.0179,0.7618
2026-05-08T19:38:32.791,-5.1477,1.2227,32.9982,-0.0101,0.6475,0.0179,0.7618
2026-05-08T19:38:32.804,-5.0847,1.2227,33.0085,-0.0103,0.6475,0.0179,0.7618
2026-05-08T19:38:32.817,-5.0126,1.2227,33.0203,-0.0101,0.6474,0.0179,0.7618
2026-05-08T19:38:32.832,-4.9462,1.2227,33.0312,-0.0102,0.6474,0.0180,0.7618
2026-05-08T19:38:32.846,-4.8828,1.2227,33.0416,-0.0101,0.6452,0.0180,0.7638
2026-05-08T19:38:32.859,-4.8164,1.2227,33.0529,-0.0102,0.6418,0.0180,0.7666
2026-05-08T19:38:32.873,-4.7548,1.2227,33.0634,-0.0102,0.6385,0.0180,0.7694
2026-05-08T19:38:32.888,-4.6956,1.2227,33.0745,-0.0102,0.6352,0.0182,0.7720
2026-05-08T19:38:32.902,-4.6297,1.2227,33.0875,-0.0103,0.6317,0.0181,0.7749
2026-05-08T19:38:32.915,-4.5631,1.2227,33.1012,-0.0104,0.6280,0.0180,0.7779
2026-05-08T19:38:32.930,-4.5000,1.2226,33.1143,-0.0105,0.6244,0.0179,0.7809
2026-05-08T19:38:32.944,-4.4444,1.2226,33.1269,-0.0106,0.6211,0.0179,0.7835
2026-05-08T19:38:32.957,-4.3788,1.2226,33.1423,-0.0107,0.6169,0.0178,0.7868
2026-05-08T19:38:32.972,-4.3186,1.2226,33.1565,-0.0109,0.6130,0.0176,0.7898
2026-05-08T19:38:32.985,-4.2608,1.2227,33.1713,-0.0110,0.6092,0.0175,0.7927
2026-05-08T19:38:32.999,-4.1998,1.2227,33.1876,-0.0112,0.6049,0.0174,0.7960
2026-05-08T19:38:33.013,-4.1405,1.2227,33.2035,-0.0113,0.6005,0.0174,0.7993
2026-05-08T19:38:33.027,-4.0850,1.2227,33.2196,-0.0115,0.5963,0.0174,0.8025
2026-05-08T19:38:33.041,-4.0253,1.2227,33.2377,-0.0116,0.5912,0.0175,0.8063
2026-05-08T19:38:33.054,-3.9720,1.2228,33.2538,-0.0118,0.5865,0.0177,0.8096
2026-05-08T19:38:33.069,-3.9197,1.2228,33.2709,-0.0122,0.5810,0.0177,0.8136
2026-05-08T19:38:33.083,-3.8688,1.2228,33.2885,-0.0124,0.5755,0.0177,0.8175
2026-05-08T19:38:33.096,-3.8189,1.2228,33.3064,-0.0129,0.5693,0.0179,0.8218
2026-05-08T19:38:33.111,-3.7737,1.2229,33.3225,-0.0133,0.5627,0.0182,0.8263
2026-05-08T19:38:33.124,-3.7315,1.2229,33.3392,-0.0138,0.5561,0.0182,0.8308
2026-05-08T19:38:33.137,-3.6879,1.2229,33.3572,-0.0143,0.5488,0.0181,0.8356
2026-05-08T19:38:33.152,-3.6493,1.2229,33.3728,-0.0151,0.5417,0.0183,0.8402
2026-05-08T19:38:33.166,-3.6142,1.2229,33.3888,-0.0156,0.5346,0.0187,0.8447
2026-05-08T19:38:33.180,-3.5781,1.2229,33.4059,-0.0168,0.5270,0.0189,0.8495
2026-05-08T19:38:33.193,-3.5382,1.2230,33.4245,-0.0178,0.5183,0.0193,0.8548
2026-05-08T19:38:33.208,-3.5050,1.2230,33.4419,-0.0185,0.5109,0.0196,0.8592
2026-05-08T19:38:33.221,-3.4731,1.2230,33.4593,-0.0191,0.5035,0.0197,0.8636
2026-05-08T19:38:33.235,-3.4360,1.2231,33.4803,-0.0198,0.4950,0.0197,0.8685
2026-05-08T19:38:33.249,-3.4049,1.2232,33.4974,-0.0203,0.4879,0.0198,0.8724
2026-05-08T19:38:33.263,-3.3717,1.2233,33.5179,-0.0208,0.4797,0.0199,0.8770
2026-05-08T19:38:33.277,-3.3396,1.2233,33.5385,-0.0206,0.4717,0.0196,0.8813
2026-05-08T19:38:33.291,-3.3077,1.2232,33.5587,-0.0193,0.4624,0.0186,0.8863
2026-05-08T19:38:33.305,-3.2764,1.2232,33.5805,-0.0203,0.4555,0.0184,0.8898
2026-05-08T19:38:33.318,-3.2470,1.2233,33.6016,-0.0212,0.4470,0.0198,0.8941
2026-05-08T19:38:33.332,-3.2148,1.2234,33.6246,-0.0215,0.4377,0.0192,0.8987
2026-05-08T19:38:33.347,-3.1890,1.2234,33.6449,-0.0214,0.4300,0.0187,0.9024
2026-05-08T19:38:33.360,-3.1592,1.2234,33.6690,-0.0215,0.4211,0.0185,0.9066
2026-05-08T19:38:33.375,-3.1304,1.2234,33.6918,-0.0216,0.4123,0.0183,0.9106
2026-05-08T19:38:33.388,-3.1057,1.2234,33.7136,-0.0215,0.4041,0.0181,0.9143
2026-05-08T19:38:33.401,-3.0791,1.2234,33.7379,-0.0216,0.3949,0.0178,0.9183
2026-05-08T19:38:33.415,-3.0555,1.2234,33.7587,-0.0217,0.3870,0.0176,0.9217
2026-05-08T19:38:33.429,-3.0305,1.2233,33.7833,-0.0218,0.3779,0.0172,0.9254
2026-05-08T19:38:33.443,-3.0078,1.2233,33.8065,-0.0215,0.3695,0.0169,0.9288
2026-05-08T19:38:33.456,-2.9840,1.2232,33.8318,-0.0215,0.3606,0.0167,0.9323
2026-05-08T19:38:33.470,-2.9603,1.2232,33.8563,-0.0215,0.3518,0.0164,0.9357
2026-05-08T19:38:33.484,-2.9380,1.2232,33.8817,-0.0215,0.3430,0.0164,0.9389
2026-05-08T19:38:33.498,-2.9149,1.2232,33.9092,-0.0217,0.3335,0.0162,0.9423
2026-05-08T19:38:33.512,-2.8927,1.2232,33.9350,-0.0218,0.3248,0.0161,0.9454
2026-05-08T19:38:33.526,-2.8720,1.2231,33.9616,-0.0218,0.3159,0.0159,0.9484
2026-05-08T19:38:33.539,-2.8515,1.2231,33.9891,-0.0219,0.3069,0.0157,0.9514
2026-05-08T19:38:33.553,-2.8277,1.2231,34.0203,-0.0220,0.2976,0.0155,0.9543
2026-05-08T19:38:33.567,-2.8050,1.2230,34.0532,-0.0220,0.2884,0.0153,0.9571
2026-05-08T19:38:33.580,-2.7838,1.2230,34.0851,-0.0222,0.2807,0.0149,0.9594
2026-05-08T19:38:33.594,-2.7574,1.2230,34.1247,-0.0223,0.2720,0.0147,0.9619
2026-05-08T19:38:33.608,-2.7350,1.2230,34.1612,-0.0221,0.2655,0.0144,0.9638
2026-05-08T19:38:33.623,-2.7047,1.2229,34.2120,-0.0223,0.2592,0.0141,0.9655
2026-05-08T19:38:33.639,-2.6741,1.2229,34.2635,-0.0220,0.2542,0.0139,0.9668
2026-05-08T19:38:33.655,-2.6407,1.2229,34.3228,-0.0217,0.2497,0.0135,0.9680
2026-05-08T19:38:33.673,-2.6039,1.2229,34.3894,-0.0219,0.2448,0.0136,0.9692
2026-05-08T19:38:33.689,-2.5683,1.2229,34.4555,-0.0219,0.2401,0.0136,0.9704
2026-05-08T19:38:33.704,-2.5302,1.2228,34.5278,-0.0220,0.2350,0.0135,0.9717
2026-05-08T19:38:33.717,-2.4967,1.2228,34.5931,-0.0221,0.2304,0.0133,0.9728
2026-05-08T19:38:33.733,-2.4649,1.2228,34.6552,-0.0221,0.2259,0.0132,0.9738
2026-05-08T19:38:33.746,-2.4379,1.2227,34.7103,-0.0222,0.2219,0.0131,0.9747
2026-05-08T19:38:33.760,-2.4067,1.2227,34.7754,-0.0222,0.2172,0.0130,0.9758
2026-05-08T19:38:33.775,-2.3805,1.2227,34.8301,-0.0222,0.2132,0.0128,0.9767
2026-05-08T19:38:33.791,-2.3527,1.2227,34.8907,-0.0223,0.2089,0.0127,0.9776
2026-05-08T19:38:33.807,-2.3243,1.2227,34.9544,-0.0224,0.2043,0.0125,0.9786
2026-05-08T19:38:33.821,-2.2964,1.2226,35.0184,-0.0225,0.1999,0.0121,0.9795
2026-05-08T19:38:33.836,-2.2667,1.2226,35.0867,-0.0226,0.1949,0.0119,0.9805
2026-05-08T19:38:33.851,-2.2421,1.2225,35.1461,-0.0226,0.1904,0.0115,0.9814
2026-05-08T19:38:33.867,-2.2160,1.2225,35.2106,-0.0225,0.1851,0.0111,0.9824
2026-05-08T19:38:33.882,-2.1922,1.2225,35.2716,-0.0225,0.1792,0.0110,0.9835
2026-05-08T19:38:33.897,-2.1674,1.2224,35.3353,-0.0227,0.1726,0.0107,0.9847
2026-05-08T19:38:33.911,-2.1467,1.2225,35.3925,-0.0226,0.1662,0.0106,0.9858
2026-05-08T19:38:33.926,-2.1265,1.2225,35.4507,-0.0225,0.1596,0.0104,0.9869
2026-05-08T19:38:33.940,-2.1099,1.2225,35.5005,-0.0226,0.1532,0.0103,0.9879
2026-05-08T19:38:33.955,-2.0918,1.2224,35.5551,-0.0226,0.1461,0.0102,0.9890
2026-05-08T19:38:33.971,-2.0765,1.2224,35.6060,-0.0226,0.1390,0.0100,0.9900
2026-05-08T19:38:33.986,-2.0592,1.2224,35.6661,-0.0227,0.1304,0.0098,0.9912
2026-05-08T19:38:34.001,-2.0455,1.2224,35.7170,-0.0226,0.1233,0.0095,0.9921
2026-05-08T19:38:34.016,-2.0308,1.2224,35.7718,-0.0227,0.1153,0.0093,0.9930
2026-05-08T19:38:34.030,-2.0178,1.2224,35.8272,-0.0227,0.1075,0.0092,0.9939
2026-05-08T19:38:34.046,-2.0061,1.2224,35.8805,-0.0226,0.1001,0.0088,0.9947
2026-05-08T19:38:34.061,-1.9944,1.2224,35.9379,-0.0225,0.0920,0.0085,0.9955
2026-05-08T19:38:34.077,-1.9832,1.2224,35.9923,-0.0226,0.0850,0.0083,0.9961
2026-05-08T19:38:34.094,-1.9723,1.2224,36.0560,-0.0227,0.0781,0.0081,0.9967
2026-05-08T19:38:34.110,-1.9617,1.2224,36.1229,-0.0226,0.0719,0.0080,0.9971
2026-05-08T19:38:34.126,-1.9507,1.2223,36.1981,-0.0227,0.0661,0.0075,0.9975
2026-05-08T19:38:34.140,-1.9416,1.2223,36.2671,-0.0227,0.0612,0.0075,0.9978
2026-05-08T19:38:34.155,-1.9318,1.2223,36.3427,-0.0226,0.0560,0.0075,0.9981
2026-05-08T19:38:34.171,-1.9246,1.2223,36.4068,-0.0227,0.0516,0.0076,0.9984
2026-05-08T19:38:34.187,-1.9170,1.2224,36.4806,-0.0228,0.0471,0.0076,0.9986
2026-05-08T19:38:34.203,-1.9098,1.2224,36.5571,-0.0229,0.0431,0.0076,0.9988
2026-05-08T19:38:34.220,-1.9031,1.2224,36.6310,-0.0229,0.0397,0.0075,0.9989
2026-05-08T19:38:34.236,-1.8971,1.2224,36.7069,-0.0229,0.0368,0.0075,0.9990
2026-05-08T19:38:34.251,-1.8911,1.2224,36.7888,-0.0229,0.0368,0.0075,0.9990
2026-05-08T19:38:34.267,-1.8855,1.2224,36.8654,-0.0229,0.0367,0.0076,0.9990
2026-05-08T19:38:34.282,-1.8798,1.2224,36.9441,-0.0228,0.0369,0.0075,0.9990
2026-05-08T19:38:34.298,-1.8739,1.2224,37.0240,-0.0226,0.0370,0.0074,0.9990
2026-05-08T19:38:34.314,-1.8685,1.2225,37.0976,-0.0225,0.0371,0.0075,0.9990
2026-05-08T19:38:34.330,-1.8623,1.2225,37.1823,-0.0225,0.0372,0.0076,0.9990
2026-05-08T19:38:34.346,-1.8567,1.2226,37.2574,-0.0225,0.0372,0.0077,0.9990
2026-05-08T19:38:34.360,-1.8509,1.2226,37.3362,-0.0224,0.0372,0.0078,0.9990
2026-05-08T19:38:34.375,-1.8451,1.2226,37.4151,-0.0224,0.0373,0.0078,0.9990
2026-05-08T19:38:34.389,-1.8398,1.2226,37.4864,-0.0224,0.0373,0.0080,0.9990
2026-05-08T19:38:34.404,-1.8342,1.2226,37.5618,-0.0223,0.0372,0.0080,0.9990
2026-05-08T19:38:34.417,-1.8292,1.2226,37.6306,-0.0222,0.0371,0.0080,0.9990
2026-05-08T19:38:34.432,-1.8237,1.2226,37.7048,-0.0223,0.0370,0.0080,0.9990
2026-05-08T19:38:34.445,-1.8189,1.2226,37.7710,-0.0223,0.0370,0.0081,0.9990
2026-05-08T19:38:34.459,-1.8134,1.2226,37.8456,-0.0223,0.0369,0.0081,0.9990
2026-05-08T19:38:34.473,-1.8086,1.2227,37.9112,-0.0224,0.0368,0.0081,0.9990
2026-05-08T19:38:34.487,-1.8037,1.2227,37.9785,-0.0223,0.0367,0.0081,0.9990
2026-05-08T19:38:34.501,-1.7986,1.2226,38.0473,-0.0223,0.0367,0.0080,0.9990
2026-05-08T19:38:34.515,-1.7937,1.2226,38.1157,-0.0223,0.0367,0.0080,0.9990
2026-05-08T19:38:34.529,-1.7885,1.2226,38.1874,-0.0221,0.0368,0.0080,0.9990
2026-05-08T19:38:34.543,-1.7834,1.2226,38.2562,-0.0222,0.0368,0.0080,0.9990
2026-05-08T19:38:34.556,-1.7785,1.2226,38.3242,-0.0222,0.0368,0.0082,0.9990
2026-05-08T19:38:34.570,-1.7734,1.2227,38.3936,-0.0223,0.0367,0.0084,0.9990
2026-05-08T19:38:34.584,-1.7686,1.2227,38.4608,-0.0225,0.0367,0.0086,0.9990
2026-05-08T19:38:34.598,-1.7635,1.2227,38.5302,-0.0225,0.0366,0.0086,0.9990
2026-05-08T19:38:34.612,-1.7587,1.2227,38.5972,-0.0225,0.0366,0.0087,0.9990
2026-05-08T19:38:34.626,-1.7534,1.2227,38.6689,-0.0225,0.0366,0.0088,0.9990
2026-05-08T19:38:34.640,-1.7485,1.2227,38.7365,-0.0224,0.0366,0.0087,0.9990
2026-05-08T19:38:34.655,-1.7436,1.2227,38.8048,-0.0224,0.0365,0.0087,0.9990
2026-05-08T19:38:34.669,-1.7385,1.2227,38.8747,-0.0224,0.0365,0.0087,0.9990
2026-05-08T19:38:34.683,-1.7331,1.2227,38.9489,-0.0224,0.0365,0.0086,0.9990
2026-05-08T19:38:34.697,-1.7281,1.2227,39.0183,-0.0224,0.0365,0.0086,0.9990
2026-05-08T19:38:34.720,-1.7230,1.2227,39.0878,-0.0223,0.0365,0.0086,0.9990
2026-05-08T19:38:34.734,-1.7182,1.2227,39.1547,-0.0225,0.0365,0.0086,0.9990
2026-05-08T19:38:34.747,-1.7096,1.2227,39.2726,-0.0225,0.0365,0.0086,0.9990
2026-05-08T19:38:34.761,-1.7046,1.2227,39.3425,-0.0226,0.0365,0.0086,0.9990
2026-05-08T19:38:34.775,-1.7000,1.2227,39.4059,-0.0226,0.0365,0.0087,0.9990
2026-05-08T19:38:34.789,-1.6950,1.2227,39.4740,-0.0227,0.0365,0.0088,0.9990
2026-05-08T19:38:34.803,-1.6899,1.2227,39.5438,-0.0227,0.0365,0.0088,0.9990
2026-05-08T19:38:34.817,-1.6849,1.2227,39.6129,-0.0228,0.0365,0.0088,0.9990
2026-05-08T19:38:34.832,-1.6796,1.2227,39.6856,-0.0227,0.0365,0.0089,0.9990
2026-05-08T19:38:34.846,-1.6749,1.2227,39.7500,-0.0227,0.0364,0.0089,0.9990
2026-05-08T19:38:34.859,-1.6695,1.2228,39.8242,-0.0227,0.0363,0.0089,0.9990
2026-05-08T19:38:34.874,-1.6645,1.2228,39.8931,-0.0227,0.0362,0.0090,0.9990
2026-05-08T19:38:34.888,-1.6596,1.2228,39.9615,-0.0228,0.0361,0.0089,0.9990
2026-05-08T19:38:34.902,-1.6545,1.2228,40.0325,-0.0227,0.0361,0.0088,0.9991
2026-05-08T19:38:34.916,-1.6497,1.2228,40.1000,-0.0227,0.0361,0.0087,0.9991
2026-05-08T19:38:34.930,-1.6444,1.2228,40.1732,-0.0226,0.0361,0.0088,0.9991
2026-05-08T19:38:34.943,-1.6396,1.2228,40.2400,-0.0226,0.0362,0.0088,0.9991
2026-05-08T19:38:34.956,-1.6344,1.2228,40.3116,-0.0226,0.0362,0.0089,0.9991
2026-05-08T19:38:34.971,-1.6297,1.2228,40.3769,-0.0226,0.0361,0.0090,0.9991
2026-05-08T19:38:34.985,-1.6250,1.2228,40.4427,-0.0226,0.0361,0.0090,0.9991
2026-05-08T19:38:34.999,-1.6197,1.2228,40.5165,-0.0226,0.0362,0.0090,0.9991
2026-05-08T19:38:35.014,-1.6147,1.2228,40.5853,-0.0226,0.0362,0.0091,0.9990
2026-05-08T19:38:35.028,-1.6097,1.2228,40.6551,-0.0226,0.0332,0.0091,0.9992
2026-05-08T19:38:35.043,-1.6051,1.2228,40.7251,-0.0226,0.0302,0.0090,0.9992
2026-05-08T19:38:35.056,-1.6010,1.2228,40.7927,-0.0227,0.0264,0.0090,0.9994
2026-05-08T19:38:35.070,-1.5972,1.2228,40.8578,-0.0228,0.0219,0.0089,0.9995
2026-05-08T19:38:35.095,-1.5945,1.2228,40.9199,-0.0229,0.0174,0.0088,0.9995
2026-05-08T19:38:35.109,-1.5925,1.2228,40.9780,-0.0231,0.0112,0.0086,0.9996
2026-05-08T19:38:35.123,-1.5902,1.2228,41.0774,-0.0231,-0.0003,0.0084,0.9997
2026-05-08T19:38:35.136,-1.5903,1.2228,41.1304,-0.0231,-0.0068,0.0081,0.9997
2026-05-08T19:38:35.150,-1.5903,1.2227,41.1858,-0.0232,-0.0143,0.0078,0.9996
2026-05-08T19:38:35.164,-1.5918,1.2227,41.2361,-0.0232,-0.0213,0.0077,0.9995
2026-05-08T19:38:35.178,-1.5940,1.2228,41.2878,-0.0233,-0.0288,0.0076,0.9993
2026-05-08T19:38:35.192,-1.5961,1.2228,41.3383,-0.0233,-0.0363,0.0076,0.9990
2026-05-08T19:38:35.206,-1.5997,1.2228,41.3866,-0.0234,-0.0436,0.0075,0.9987
2026-05-08T19:38:35.219,-1.6042,1.2228,41.4377,-0.0235,-0.0516,0.0075,0.9984
2026-05-08T19:38:35.233,-1.6086,1.2228,41.4886,-0.0235,-0.0595,0.0073,0.9979
2026-05-08T19:38:35.248,-1.6139,1.2228,41.5333,-0.0236,-0.0666,0.0071,0.9975
2026-05-08T19:38:35.261,-1.6212,1.2228,41.5870,-0.0237,-0.0752,0.0070,0.9969
2026-05-08T19:38:35.275,-1.6271,1.2228,41.6322,-0.0237,-0.0824,0.0068,0.9963
2026-05-08T19:38:35.289,-1.6350,1.2228,41.6800,-0.0237,-0.0900,0.0066,0.9956
2026-05-08T19:38:35.303,-1.6438,1.2228,41.7278,-0.0236,-0.0977,0.0063,0.9949
2026-05-08T19:38:35.317,-1.6533,1.2228,41.7762,-0.0235,-0.1055,0.0060,0.9941
2026-05-08T19:38:35.331,-1.6631,1.2228,41.8260,-0.0235,-0.1133,0.0058,0.9933
2026-05-08T19:38:35.345,-1.6737,1.2228,41.8717,-0.0236,-0.1207,0.0056,0.9924
2026-05-08T19:38:35.358,-1.6863,1.2228,41.9225,-0.0236,-0.1283,0.0054,0.9914
2026-05-08T19:38:35.372,-1.6989,1.2228,41.9737,-0.0236,-0.1356,0.0052,0.9905
2026-05-08T19:38:35.387,-1.7124,1.2228,42.0222,-0.0237,-0.1421,0.0050,0.9896
2026-05-08T19:38:35.400,-1.7293,1.2228,42.0795,-0.0238,-0.1483,0.0049,0.9886
2026-05-08T19:38:35.414,-1.7463,1.2228,42.1371,-0.0238,-0.1536,0.0048,0.9878
2026-05-08T19:38:35.428,-1.7665,1.2228,42.2005,-0.0239,-0.1588,0.0047,0.9870
2026-05-08T19:38:35.442,-1.7856,1.2228,42.2580,-0.0239,-0.1629,0.0047,0.9863
2026-05-08T19:38:35.456,-1.8069,1.2228,42.3205,-0.0240,-0.1674,0.0047,0.9856
2026-05-08T19:38:35.470,-1.8269,1.2228,42.3793,-0.0240,-0.1713,0.0046,0.9849
2026-05-08T19:38:35.483,-1.8485,1.2228,42.4393,-0.0240,-0.1750,0.0045,0.9843
2026-05-08T19:38:35.497,-1.8718,1.2229,42.5027,-0.0240,-0.1788,0.0044,0.9836
2026-05-08T19:38:35.512,-1.8935,1.2229,42.5616,-0.0240,-0.1823,0.0043,0.9829
2026-05-08T19:38:35.526,-1.9172,1.2229,42.6233,-0.0240,-0.1860,0.0042,0.9822
2026-05-08T19:38:35.539,-1.9427,1.2229,42.6880,-0.0240,-0.1900,0.0041,0.9815
2026-05-08T19:38:35.553,-1.9686,1.2229,42.7537,-0.0240,-0.1939,0.0040,0.9807
2026-05-08T19:38:35.567,-1.9905,1.2229,42.8068,-0.0238,-0.1971,0.0037,0.9801
2026-05-08T19:38:35.581,-2.0156,1.2229,42.8665,-0.0237,-0.2011,0.0036,0.9793
2026-05-08T19:38:35.597,-2.0412,1.2229,42.9274,-0.0238,-0.2051,0.0036,0.9784
2026-05-08T19:38:35.612,-2.0656,1.2229,42.9830,-0.0239,-0.2089,0.0037,0.9776
2026-05-08T19:38:35.627,-2.0957,1.2230,43.0501,-0.0240,-0.2139,0.0037,0.9766
2026-05-08T19:38:35.640,-2.1248,1.2229,43.1134,-0.0239,-0.2190,0.0036,0.9754
2026-05-08T19:38:35.655,-2.1529,1.2229,43.1741,-0.0239,-0.2245,0.0035,0.9742
2026-05-08T19:38:35.669,-2.1782,1.2229,43.2260,-0.0238,-0.2295,0.0034,0.9730
2026-05-08T19:38:35.683,-2.2059,1.2228,43.2814,-0.0239,-0.2352,0.0032,0.9716
2026-05-08T19:38:35.697,-2.2339,1.2228,43.3359,-0.0240,-0.2415,0.0030,0.9701
2026-05-08T19:38:35.713,-2.2604,1.2228,43.3873,-0.0240,-0.2475,0.0029,0.9686
2026-05-08T19:38:35.730,-2.2867,1.2228,43.4355,-0.0240,-0.2540,0.0026,0.9669
2026-05-08T19:38:35.746,-2.3172,1.2228,43.4895,-0.0239,-0.2617,0.0023,0.9649
2026-05-08T19:38:35.761,-2.3507,1.2228,43.5467,-0.0240,-0.2706,0.0021,0.9624
2026-05-08T19:38:35.776,-2.3785,1.2227,43.5944,-0.0240,-0.2780,0.0018,0.9603
2026-05-08T19:38:35.790,-2.4090,1.2227,43.6427,-0.0239,-0.2858,0.0016,0.9580
2026-05-08T19:38:35.805,-2.4376,1.2227,43.6863,-0.0238,-0.2934,0.0013,0.9557
2026-05-08T19:38:35.818,-2.4657,1.2227,43.7278,-0.0238,-0.3009,0.0011,0.9533
2026-05-08T19:38:35.834,-2.4936,1.2227,43.7693,-0.0238,-0.3088,0.0008,0.9508
2026-05-08T19:38:35.848,-2.5211,1.2227,43.8071,-0.0237,-0.3163,0.0007,0.9484
2026-05-08T19:38:35.863,-2.5526,1.2227,43.8491,-0.0238,-0.3250,0.0005,0.9454
2026-05-08T19:38:35.879,-2.5800,1.2227,43.8859,-0.0238,-0.3328,0.0003,0.9427
2026-05-08T19:38:35.895,-2.6104,1.2227,43.9237,-0.0238,-0.3413,0.0001,0.9397
2026-05-08T19:38:35.910,-2.6421,1.2227,43.9616,-0.0238,-0.3502,-0.0001,0.9364
2026-05-08T19:38:35.924,-2.6767,1.2227,44.0014,-0.0238,-0.3598,-0.0004,0.9327
2026-05-08T19:38:35.938,-2.7074,1.2227,44.0353,-0.0237,-0.3684,-0.0007,0.9294
2026-05-08T19:38:35.952,-2.7358,1.2227,44.0671,-0.0237,-0.3764,-0.0010,0.9262
2026-05-08T19:38:35.966,-2.7655,1.2227,44.0976,-0.0237,-0.3845,-0.0012,0.9228
2026-05-08T19:38:35.979,-2.7962,1.2227,44.1280,-0.0236,-0.3929,-0.0015,0.9193
2026-05-08T19:38:35.993,-2.8271,1.2227,44.1591,-0.0236,-0.4016,-0.0018,0.9155
2026-05-08T19:38:36.007,-2.8539,1.2227,44.1838,-0.0236,-0.4087,-0.0020,0.9124
2026-05-08T19:38:36.020,-2.8844,1.2227,44.2109,-0.0237,-0.4169,-0.0022,0.9086
2026-05-08T19:38:36.035,-2.9127,1.2227,44.2367,-0.0237,-0.4247,-0.0025,0.9050
2026-05-08T19:38:36.048,-2.9423,1.2227,44.2612,-0.0240,-0.4327,-0.0027,0.9012
2026-05-08T19:38:36.061,-2.9771,1.2227,44.2890,-0.0244,-0.4420,-0.0030,0.8967
2026-05-08T19:38:36.075,-3.0017,1.2227,44.3094,-0.0245,-0.4486,-0.0033,0.8934
2026-05-08T19:38:36.089,-3.0325,1.2228,44.3323,-0.0245,-0.4566,-0.0033,0.8893
2026-05-08T19:38:36.102,-3.0628,1.2228,44.3539,-0.0246,-0.4644,-0.0038,0.8853
2026-05-08T19:38:36.122,-3.0964,1.2228,44.3770,-0.0247,-0.4730,-0.0039,0.8807
2026-05-08T19:38:36.136,-3.1304,1.2229,44.4008,-0.0246,-0.4815,-0.0043,0.8761
2026-05-08T19:38:36.151,-3.1713,1.2229,44.4267,-0.0245,-0.4914,-0.0047,0.8706
2026-05-08T19:38:36.165,-3.2048,1.2229,44.4469,-0.0245,-0.4996,-0.0050,0.8659
2026-05-08T19:38:36.179,-3.2405,1.2229,44.4675,-0.0245,-0.5081,-0.0051,0.8609
2026-05-08T19:38:36.193,-3.2738,1.2229,44.4871,-0.0245,-0.5161,-0.0054,0.8561
2026-05-08T19:38:36.207,-3.3069,1.2229,44.5045,-0.0246,-0.5240,-0.0056,0.8513
2026-05-08T19:38:36.220,-3.3413,1.2229,44.5218,-0.0244,-0.5318,-0.0059,0.8465
2026-05-08T19:38:36.235,-3.3774,1.2229,44.5404,-0.0240,-0.5401,-0.0062,0.8413
2026-05-08T19:38:36.249,-3.4086,1.2229,44.5546,-0.0238,-0.5471,-0.0065,0.8367
2026-05-08T19:38:36.263,-3.4470,1.2229,44.5713,-0.0239,-0.5555,-0.0066,0.8311
2026-05-08T19:38:36.276,-3.4807,1.2230,44.5852,-0.0240,-0.5628,-0.0067,0.8262
2026-05-08T19:38:36.291,-3.5171,1.2230,44.6006,-0.0241,-0.5706,-0.0068,0.8208
2026-05-08T19:38:36.304,-3.5504,1.2230,44.6129,-0.0242,-0.5777,-0.0070,0.8159
2026-05-08T19:38:36.318,-3.5869,1.2230,44.6258,-0.0240,-0.5853,-0.0071,0.8104
2026-05-08T19:38:36.332,-3.6223,1.2230,44.6386,-0.0239,-0.5926,-0.0073,0.8051
2026-05-08T19:38:36.347,-3.6575,1.2230,44.6495,-0.0239,-0.5998,-0.0075,0.7998
2026-05-08T19:38:36.359,-3.6950,1.2230,44.6604,-0.0238,-0.6074,-0.0077,0.7940
2026-05-08T19:38:36.374,-3.7328,1.2230,44.6718,-0.0238,-0.6150,-0.0079,0.7881
2026-05-08T19:38:36.388,-3.7662,1.2230,44.6801,-0.0236,-0.6216,-0.0082,0.7829
2026-05-08T19:38:36.403,-3.8043,1.2230,44.6890,-0.0235,-0.6291,-0.0085,0.7769
2026-05-08T19:38:36.416,-3.8419,1.2229,44.6981,-0.0233,-0.6364,-0.0087,0.7710
2026-05-08T19:38:36.430,-3.8810,1.2229,44.7056,-0.0233,-0.6440,-0.0089,0.7646
2026-05-08T19:38:36.444,-3.9163,1.2229,44.7117,-0.0232,-0.6508,-0.0091,0.7589
2026-05-08T19:38:36.458,-3.9546,1.2229,44.7176,-0.0231,-0.6579,-0.0094,0.7527
2026-05-08T19:38:36.472,-3.9914,1.2229,44.7237,-0.0229,-0.6647,-0.0096,0.7467
2026-05-08T19:38:36.486,-4.0262,1.2229,44.7277,-0.0227,-0.6711,-0.0098,0.7410
2026-05-08T19:38:36.499,-4.0655,1.2229,44.7316,-0.0227,-0.6783,-0.0100,0.7344
2026-05-08T19:38:36.514,-4.1024,1.2228,44.7356,-0.0227,-0.6849,-0.0102,0.7282
2026-05-08T19:38:36.528,-4.1385,1.2228,44.7378,-0.0227,-0.6914,-0.0104,0.7220
2026-05-08T19:38:36.542,-4.1785,1.2228,44.7396,-0.0226,-0.6985,-0.0105,0.7151
2026-05-08T19:38:36.555,-4.2151,1.2228,44.7416,-0.0226,-0.7050,-0.0107,0.7088
2026-05-08T19:38:36.570,-4.2519,1.2228,44.7417,-0.0225,-0.7115,-0.0109,0.7023
2026-05-08T19:38:36.584,-4.2871,1.2228,44.7413,-0.0224,-0.7176,-0.0111,0.6960
2026-05-08T19:38:36.597,-4.3265,1.2228,44.7401,-0.0222,-0.7245,-0.0114,0.6888
2026-05-08T19:38:36.611,-4.3640,1.2228,44.7393,-0.0221,-0.7309,-0.0116,0.6821
2026-05-08T19:38:36.626,-4.4001,1.2228,44.7368,-0.0218,-0.7370,-0.0119,0.6754
2026-05-08T19:38:36.639,-4.4368,1.2228,44.7336,-0.0216,-0.7433,-0.0121,0.6686
2026-05-08T19:38:36.653,-4.4752,1.2227,44.7306,-0.0215,-0.7496,-0.0124,0.6615
2026-05-08T19:38:36.667,-4.5111,1.2227,44.7261,-0.0213,-0.7555,-0.0126,0.6546
2026-05-08T19:38:36.681,-4.5479,1.2227,44.7208,-0.0212,-0.7616,-0.0128,0.6475
2026-05-08T19:38:36.694,-4.5845,1.2227,44.7159,-0.0211,-0.7676,-0.0131,0.6405
2026-05-08T19:38:36.709,-4.6203,1.2227,44.7094,-0.0211,-0.7735,-0.0134,0.6334
2026-05-08T19:38:36.722,-4.6545,1.2227,44.7025,-0.0209,-0.7791,-0.0136,0.6264
2026-05-08T19:38:36.737,-4.6923,1.2227,44.6942,-0.0208,-0.7852,-0.0138,0.6187
2026-05-08T19:38:36.751,-4.7253,1.2226,44.6874,-0.0208,-0.7905,-0.0142,0.6120
2026-05-08T19:38:36.764,-4.7641,1.2226,44.6773,-0.0205,-0.7967,-0.0144,0.6039
2026-05-08T19:38:36.778,-4.7976,1.2226,44.6679,-0.0204,-0.8021,-0.0147,0.5967
2026-05-08T19:38:36.793,-4.8328,1.2226,44.6584,-0.0203,-0.8076,-0.0148,0.5892
2026-05-08T19:38:36.806,-4.8658,1.2226,44.6478,-0.0203,-0.8128,-0.0151,0.5819
2026-05-08T19:38:36.819,-4.9022,1.2226,44.6354,-0.0201,-0.8186,-0.0153,0.5738
2026-05-08T19:38:36.833,-4.9355,1.2226,44.6245,-0.0200,-0.8237,-0.0156,0.5664
2026-05-08T19:38:36.847,-4.9675,1.2227,44.6122,-0.0198,-0.8288,-0.0158,0.5589
2026-05-08T19:38:36.860,-5.0015,1.2227,44.5985,-0.0196,-0.8343,-0.0160,0.5507
2026-05-08T19:38:36.874,-5.0323,1.2227,44.5865,-0.0194,-0.8392,-0.0162,0.5433
2026-05-08T19:38:36.888,-5.0635,1.2227,44.5725,-0.0193,-0.8443,-0.0163,0.5352
2026-05-08T19:38:36.902,-5.0943,1.2227,44.5580,-0.0192,-0.8494,-0.0166,0.5272
2026-05-08T19:38:36.915,-5.1254,1.2227,44.5437,-0.0189,-0.8543,-0.0168,0.5191
2026-05-08T19:38:36.929,-5.1553,1.2227,44.5281,-0.0185,-0.8591,-0.0170,0.5112
2026-05-08T19:38:36.942,-5.1847,1.2227,44.5122,-0.0182,-0.8638,-0.0171,0.5032
2026-05-08T19:38:36.956,-5.2125,1.2227,44.4964,-0.0181,-0.8683,-0.0171,0.4955
2026-05-08T19:38:36.970,-5.2420,1.2227,44.4801,-0.0180,-0.8728,-0.0172,0.4874
2026-05-08T19:38:36.986,-5.2715,1.2228,44.4620,-0.0179,-0.8775,-0.0174,0.4790
2026-05-08T19:38:37.002,-5.3015,1.2228,44.4427,-0.0178,-0.8821,-0.0175,0.4705
2026-05-08T19:38:37.021,-5.3334,1.2228,44.4227,-0.0176,-0.8868,-0.0176,0.4614
2026-05-08T19:38:37.042,-5.3657,1.2228,44.4000,-0.0173,-0.8919,-0.0178,0.4516
2026-05-08T19:38:37.061,-5.4046,1.2228,44.3715,-0.0171,-0.8978,-0.0181,0.4397
2026-05-08T19:38:37.079,-5.4460,1.2227,44.3393,-0.0169,-0.9038,-0.0184,0.4273
2026-05-08T19:38:37.097,-5.4875,1.2227,44.3053,-0.0165,-0.9094,-0.0186,0.4151
2026-05-08T19:38:37.114,-5.5227,1.2227,44.2748,-0.0162,-0.9141,-0.0187,0.4048
2026-05-08T19:38:37.131,-5.5615,1.2228,44.2395,-0.0160,-0.9186,-0.0190,0.3944
2026-05-08T19:38:37.150,-5.6082,1.2228,44.1951,-0.0158,-0.9224,-0.0191,0.3853
2026-05-08T19:38:37.171,-5.6576,1.2227,44.1463,-0.0154,-0.9259,-0.0192,0.3770
2026-05-08T19:38:37.191,-5.7136,1.2227,44.0890,-0.0152,-0.9279,-0.0191,0.3720
2026-05-08T19:38:37.213,-5.7823,1.2226,44.0171,-0.0150,-0.9303,-0.0191,0.3661
2026-05-08T19:38:37.235,-5.8454,1.2226,43.9493,-0.0151,-0.9313,-0.0192,0.3633
2026-05-08T19:38:37.256,-5.9212,1.2227,43.8668,-0.0152,-0.9313,-0.0191,0.3634
2026-05-08T19:38:37.276,-5.9941,1.2227,43.7876,-0.0151,-0.9313,-0.0191,0.3634
2026-05-08T19:38:37.295,-6.0662,1.2226,43.7092,-0.0150,-0.9313,-0.0190,0.3634
2026-05-08T19:38:37.314,-6.1334,1.2226,43.6363,-0.0148,-0.9313,-0.0189,0.3634
2026-05-08T19:38:37.334,-6.1986,1.2225,43.5656,-0.0146,-0.9313,-0.0189,0.3635
2026-05-08T19:38:37.354,-6.2598,1.2225,43.4991,-0.0146,-0.9313,-0.0189,0.3636
2026-05-08T19:38:37.374,-6.3279,1.2225,43.4251,-0.0146,-0.9312,-0.0189,0.3637
2026-05-08T19:38:37.392,-6.3965,1.2225,43.3507,-0.0144,-0.9312,-0.0189,0.3637
2026-05-08T19:38:37.411,-6.4616,1.2225,43.2801,-0.0144,-0.9312,-0.0189,0.3637
2026-05-08T19:38:37.431,-6.5247,1.2225,43.2116,-0.0145,-0.9312,-0.0189,0.3637
2026-05-08T19:38:37.450,-6.5846,1.2224,43.1465,-0.0146,-0.9312,-0.0189,0.3637
2026-05-08T19:38:37.469,-6.6522,1.2224,43.0731,-0.0145,-0.9312,-0.0189,0.3637
2026-05-08T19:38:37.490,-6.7172,1.2224,43.0025,-0.0144,-0.9312,-0.0188,0.3636
2026-05-08T19:38:37.510,-6.7802,1.2224,42.9341,-0.0144,-0.9313,-0.0188,0.3636
2026-05-08T19:38:37.529,-6.8493,1.2224,42.8591,-0.0143,-0.9313,-0.0186,0.3635
2026-05-08T19:38:37.547,-6.9141,1.2224,42.7887,-0.0143,-0.9314,-0.0187,0.3633
2026-05-08T19:38:37.564,-6.9795,1.2224,42.7175,-0.0144,-0.9314,-0.0187,0.3632
2026-05-08T19:38:37.583,-7.0413,1.2224,42.6503,-0.0144,-0.9314,-0.0188,0.3632
2026-05-08T19:38:37.604,-7.0988,1.2224,42.5877,-0.0143,-0.9314,-0.0186,0.3633
2026-05-08T19:38:37.625,-7.1619,1.2224,42.5191,-0.0143,-0.9314,-0.0185,0.3633
2026-05-08T19:38:37.645,-7.2316,1.2224,42.4433,-0.0144,-0.9314,-0.0184,0.3634
2026-05-08T19:38:37.666,-7.2983,1.2225,42.3707,-0.0145,-0.9332,-0.0185,0.3585
2026-05-08T19:38:37.684,-7.3630,1.2225,42.2989,-0.0145,-0.9352,-0.0186,0.3532
2026-05-08T19:38:37.703,-7.4306,1.2224,42.2221,-0.0143,-0.9377,-0.0187,0.3467
2026-05-08T19:38:37.722,-7.4804,1.2224,42.1639,-0.0142,-0.9395,-0.0189,0.3417
2026-05-08T19:38:37.743,-7.5354,1.2224,42.0982,-0.0141,-0.9416,-0.0190,0.3359
2026-05-08T19:38:37.765,-7.5885,1.2224,42.0331,-0.0139,-0.9437,-0.0191,0.3301
2026-05-08T19:38:37.786,-7.6505,1.2225,41.9552,-0.0138,-0.9461,-0.0192,0.3229
2026-05-08T19:38:37.807,-7.7110,1.2225,41.8770,-0.0136,-0.9487,-0.0193,0.3154
2026-05-08T19:38:37.826,-7.7654,1.2225,41.8041,-0.0134,-0.9509,-0.0193,0.3086
2026-05-08T19:38:37.845,-7.8184,1.2225,41.7310,-0.0132,-0.9534,-0.0194,0.3009
2026-05-08T19:38:37.864,-7.8674,1.2225,41.6610,-0.0132,-0.9558,-0.0195,0.2931
2026-05-08T19:38:37.883,-7.9084,1.2225,41.6004,-0.0132,-0.9580,-0.0196,0.2858
2026-05-08T19:38:37.902,-7.9522,1.2225,41.5333,-0.0132,-0.9607,-0.0197,0.2765
2026-05-08T19:38:37.923,-7.9900,1.2225,41.4730,-0.0131,-0.9632,-0.0198,0.2678
2026-05-08T19:38:37.943,-8.0268,1.2225,41.4118,-0.0130,-0.9658,-0.0199,0.2584
2026-05-08T19:38:37.964,-8.0659,1.2225,41.3439,-0.0129,-0.9685,-0.0200,0.2477
2026-05-08T19:38:37.987,-8.1005,1.2226,41.2804,-0.0127,-0.9710,-0.0201,0.2378
2026-05-08T19:38:38.011,-8.1393,1.2226,41.2059,-0.0124,-0.9738,-0.0203,0.2263
2026-05-08T19:38:38.033,-8.1747,1.2226,41.1337,-0.0122,-0.9762,-0.0204,0.2154
2026-05-08T19:38:38.055,-8.2130,1.2226,41.0510,-0.0120,-0.9789,-0.0206,0.2029
2026-05-08T19:38:38.077,-8.2472,1.2226,40.9717,-0.0117,-0.9813,-0.0209,0.1909
2026-05-08T19:38:38.096,-8.2751,1.2226,40.9023,-0.0114,-0.9833,-0.0210,0.1804
2026-05-08T19:38:38.118,-8.3041,1.2227,40.8256,-0.0115,-0.9854,-0.0212,0.1686
2026-05-08T19:38:38.137,-8.3270,1.2227,40.7602,-0.0115,-0.9871,-0.0214,0.1581
2026-05-08T19:38:38.159,-8.3519,1.2227,40.6841,-0.0113,-0.9890,-0.0216,0.1459
2026-05-08T19:38:38.179,-8.3707,1.2228,40.6217,-0.0111,-0.9905,-0.0216,0.1357
2026-05-08T19:38:38.202,-8.3916,1.2228,40.5466,-0.0109,-0.9921,-0.0217,0.1232
2026-05-08T19:38:38.222,-8.4081,1.2228,40.4807,-0.0107,-0.9934,-0.0219,0.1120
2026-05-08T19:38:38.246,-8.4267,1.2228,40.3992,-0.0103,-0.9948,-0.0220,0.0985
2026-05-08T19:38:38.268,-8.4398,1.2229,40.3335,-0.0099,-0.9959,-0.0220,0.0875
2026-05-08T19:38:38.290,-8.4542,1.2229,40.2516,-0.0098,-0.9970,-0.0221,0.0738
2026-05-08T19:38:38.310,-8.4655,1.2229,40.1755,-0.0098,-0.9978,-0.0223,0.0611
2026-05-08T19:38:38.330,-8.4744,1.2229,40.1029,-0.0095,-0.9985,-0.0224,0.0491
2026-05-08T19:38:38.351,-8.4810,1.2229,40.0353,-0.0093,-0.9990,-0.0225,0.0379
2026-05-08T19:38:38.374,-8.4862,1.2229,39.9672,-0.0090,-0.9994,-0.0226,0.0264
2026-05-08T19:38:38.396,-8.4902,1.2229,39.8891,-0.0088,-0.9996,-0.0228,0.0130
2026-05-08T19:38:38.418,-8.4920,1.2229,39.8178,-0.0086,-0.9997,-0.0230,0.0009
2026-05-08T19:38:38.442,-8.4921,1.2229,39.7393,-0.0084,-0.9996,-0.0231,-0.0125
2026-05-08T19:38:38.467,-8.4904,1.2229,39.6673,-0.0080,-0.9994,-0.0234,-0.0253
2026-05-08T19:38:38.490,-8.4863,1.2229,39.5878,-0.0076,-0.9989,-0.0234,-0.0393
2026-05-08T19:38:38.513,-8.4796,1.2229,39.5035,-0.0071,-0.9982,-0.0233,-0.0540
2026-05-08T19:38:38.535,-8.4716,1.2230,39.4301,-0.0070,-0.9974,-0.0235,-0.0672
2026-05-08T19:38:38.556,-8.4615,1.2230,39.3560,-0.0069,-0.9964,-0.0236,-0.0806
2026-05-08T19:38:38.580,-8.4491,1.2230,39.2802,-0.0067,-0.9952,-0.0238,-0.0944
2026-05-08T19:38:38.605,-8.4334,1.2230,39.1991,-0.0066,-0.9936,-0.0243,-0.1100
2026-05-08T19:38:38.628,-8.4198,1.2231,39.1393,-0.0069,-0.9921,-0.0255,-0.1224
2026-05-08T19:38:38.653,-8.3994,1.2232,39.0582,-0.0071,-0.9901,-0.0265,-0.1376
2026-05-08T19:38:38.677,-8.3793,1.2232,38.9880,-0.0066,-0.9881,-0.0262,-0.1511
2026-05-08T19:38:38.701,-8.3553,1.2233,38.9116,-0.0065,-0.9858,-0.0265,-0.1658
2026-05-08T19:38:38.725,-8.3293,1.2233,38.8366,-0.0058,-0.9832,-0.0262,-0.1804
2026-05-08T19:38:38.747,-8.3007,1.2233,38.7612,-0.0054,-0.9804,-0.0267,-0.1949
2026-05-08T19:38:38.770,-8.2723,1.2234,38.6930,-0.0049,-0.9776,-0.0270,-0.2085
2026-05-08T19:38:38.792,-8.2445,1.2234,38.6310,-0.0043,-0.9748,-0.0271,-0.2213
2026-05-08T19:38:38.814,-8.2127,1.2234,38.5649,-0.0039,-0.9715,-0.0271,-0.2356
2026-05-08T19:38:38.836,-8.1834,1.2234,38.5082,-0.0033,-0.9681,-0.0273,-0.2490
2026-05-08T19:38:38.861,-8.1521,1.2234,38.4516,-0.0028,-0.9645,-0.0272,-0.2627
2026-05-08T19:38:38.886,-8.1223,1.2234,38.3977,-0.0024,-0.9606,-0.0269,-0.2766
2026-05-08T19:38:38.913,-8.1050,1.2233,38.3348,-0.0021,-0.9560,-0.0263,-0.2923
2026-05-08T19:38:38.937,-8.0650,1.2231,38.2757,-0.0012,-0.9510,-0.0251,-0.3081
2026-05-08T19:38:38.960,-8.0302,1.2231,38.2135,-0.0011,-0.9457,-0.0252,-0.3240
2026-05-08T19:38:38.983,-7.9881,1.2232,38.1592,-0.0009,-0.9403,-0.0260,-0.3394
2026-05-08T19:38:39.007,-7.9480,1.2232,38.1109,-0.0007,-0.9352,-0.0260,-0.3530
2026-05-08T19:38:39.030,-7.9059,1.2232,38.0633,-0.0003,-0.9299,-0.0260,-0.3669
2026-05-08T19:38:39.052,-7.8591,1.2232,38.0133,0.0002,-0.9238,-0.0260,-0.3821
2026-05-08T19:38:39.074,-7.8154,1.2231,37.9696,0.0005,-0.9180,-0.0260,-0.3956
2026-05-08T19:38:39.096,-7.7719,1.2231,37.9286,0.0009,-0.9123,-0.0260,-0.4087
2026-05-08T19:38:39.118,-7.7263,1.2231,37.8879,0.0012,-0.9062,-0.0261,-0.4220
2026-05-08T19:38:39.140,-7.6799,1.2231,37.8489,0.0017,-0.9000,-0.0262,-0.4352
2026-05-08T19:38:39.162,-7.6316,1.2231,37.8107,0.0021,-0.8936,-0.0260,-0.4481
2026-05-08T19:38:39.182,-7.5835,1.2230,37.7748,0.0024,-0.8872,-0.0258,-0.4606
2026-05-08T19:38:39.203,-7.5329,1.2230,37.7392,0.0027,-0.8805,-0.0260,-0.4733
2026-05-08T19:38:39.222,-7.4846,1.2230,37.7074,0.0029,-0.8744,-0.0260,-0.4844
2026-05-08T19:38:39.243,-7.4326,1.2230,37.6748,0.0032,-0.8679,-0.0260,-0.4961
2026-05-08T19:38:39.263,-7.3841,1.2230,37.6463,0.0036,-0.8619,-0.0259,-0.5064
2026-05-08T19:38:39.284,-7.3294,1.2230,37.6158,0.0039,-0.8551,-0.0259,-0.5177
2026-05-08T19:38:39.305,-7.2765,1.2230,37.5881,0.0043,-0.8488,-0.0257,-0.5281
2026-05-08T19:38:39.324,-7.2163,1.2229,37.5584,0.0046,-0.8417,-0.0253,-0.5394
2026-05-08T19:38:39.344,-7.1582,1.2229,37.5317,0.0050,-0.8349,-0.0251,-0.5499
2026-05-08T19:38:39.364,-7.1016,1.2229,37.5074,0.0053,-0.8283,-0.0250,-0.5596
2026-05-08T19:38:39.385,-7.0459,1.2229,37.4850,0.0057,-0.8218,-0.0250,-0.5692
2026-05-08T19:38:39.404,-6.9851,1.2229,37.4621,0.0060,-0.8146,-0.0249,-0.5794
2026-05-08T19:38:39.425,-6.9241,1.2228,37.4409,0.0063,-0.8074,-0.0248,-0.5894
2026-05-08T19:38:39.446,-6.8639,1.2228,37.4216,0.0066,-0.8001,-0.0246,-0.5993
2026-05-08T19:38:39.466,-6.8008,1.2229,37.4031,0.0068,-0.7924,-0.0246,-0.6094
2026-05-08T19:38:39.486,-6.7405,1.2228,37.3871,0.0070,-0.7849,-0.0243,-0.6191
2026-05-08T19:38:39.506,-6.6785,1.2228,37.3723,0.0074,-0.7767,-0.0239,-0.6294
2026-05-08T19:38:39.526,-6.6280,1.2227,37.3616,0.0075,-0.7689,-0.0236,-0.6389
2026-05-08T19:38:39.548,-6.5710,1.2227,37.3509,0.0079,-0.7599,-0.0236,-0.6496
2026-05-08T19:38:39.571,-6.5269,1.2227,37.3439,0.0083,-0.7511,-0.0232,-0.6597
2026-05-08T19:38:39.589,-6.4785,1.2227,37.3376,0.0085,-0.7405,-0.0225,-0.6716
2026-05-08T19:38:39.610,-6.4424,1.2226,37.3341,0.0091,-0.7292,-0.0222,-0.6839
2026-05-08T19:38:39.630,-6.4187,1.2226,37.3325,0.0092,-0.7198,-0.0221,-0.6938
2026-05-08T19:38:39.651,-6.3986,1.2227,37.3317,0.0096,-0.7087,-0.0223,-0.7051
2026-05-08T19:38:39.672,-6.3839,1.2227,37.3316,0.0100,-0.6971,-0.0221,-0.7165
2026-05-08T19:38:39.693,-6.3764,1.2226,37.3318,0.0104,-0.6862,-0.0218,-0.7270
2026-05-08T19:38:39.714,-6.3692,1.2226,37.3322,0.0108,-0.6735,-0.0215,-0.7388
2026-05-08T19:38:39.735,-6.3692,1.2226,37.3321,0.0113,-0.6615,-0.0213,-0.7496
2026-05-08T19:38:39.755,-6.3702,1.2225,37.3319,0.0117,-0.6486,-0.0209,-0.7608
2026-05-08T19:38:39.775,-6.3746,1.2225,37.3312,0.0121,-0.6365,-0.0206,-0.7709
2026-05-08T19:38:39.794,-6.3808,1.2225,37.3299,0.0125,-0.6240,-0.0204,-0.7810
2026-05-08T19:38:39.813,-6.3887,1.2225,37.3280,0.0130,-0.6118,-0.0201,-0.7907
2026-05-08T19:38:39.832,-6.3982,1.2225,37.3255,0.0132,-0.5999,-0.0198,-0.7997
2026-05-08T19:38:39.852,-6.4091,1.2224,37.3223,0.0136,-0.5878,-0.0195,-0.8087
2026-05-08T19:38:39.872,-6.4200,1.2224,37.3187,0.0137,-0.5762,-0.0193,-0.8170
2026-05-08T19:38:39.892,-6.4322,1.2224,37.3142,0.0140,-0.5636,-0.0191,-0.8257
2026-05-08T19:38:39.912,-6.4437,1.2224,37.3097,0.0143,-0.5513,-0.0190,-0.8340
2026-05-08T19:38:39.931,-6.4562,1.2224,37.3043,0.0146,-0.5378,-0.0186,-0.8427
2026-05-08T19:38:39.950,-6.4682,1.2224,37.2986,0.0150,-0.5246,-0.0183,-0.8510
2026-05-08T19:38:39.969,-6.4797,1.2224,37.2928,0.0153,-0.5117,-0.0179,-0.8588
2026-05-08T19:38:39.989,-6.4911,1.2224,37.2865,0.0156,-0.4986,-0.0174,-0.8665
2026-05-08T19:38:40.008,-6.5015,1.2224,37.2805,0.0159,-0.4863,-0.0171,-0.8735
2026-05-08T19:38:40.026,-6.5129,1.2224,37.2734,0.0161,-0.4727,-0.0167,-0.8809
2026-05-08T19:38:40.045,-6.5239,1.2223,37.2660,0.0165,-0.4591,-0.0163,-0.8881
2026-05-08T19:38:40.064,-6.5320,1.2223,37.2580,0.0168,-0.4468,-0.0161,-0.8943
2026-05-08T19:38:40.082,-6.5419,1.2223,37.2506,0.0171,-0.4339,-0.0158,-0.9007
2026-05-08T19:38:40.102,-6.5518,1.2223,37.2426,0.0174,-0.4205,-0.0155,-0.9070
2026-05-08T19:38:40.121,-6.5611,1.2223,37.2348,0.0176,-0.4076,-0.0150,-0.9129
2026-05-08T19:38:40.140,-6.5714,1.2223,37.2256,0.0178,-0.3927,-0.0145,-0.9194
2026-05-08T19:38:40.159,-6.5804,1.2223,37.2169,0.0181,-0.3793,-0.0142,-0.9250
2026-05-08T19:38:40.177,-6.5895,1.2223,37.2077,0.0182,-0.3655,-0.0138,-0.9305
2026-05-08T19:38:40.195,-6.5980,1.2223,37.1986,0.0184,-0.3519,-0.0136,-0.9358
2026-05-08T19:38:40.212,-6.6059,1.2223,37.1896,0.0187,-0.3388,-0.0133,-0.9406
2026-05-08T19:38:40.230,-6.6135,1.2223,37.1803,0.0189,-0.3256,-0.0130,-0.9452
2026-05-08T19:38:40.249,-6.6208,1.2223,37.1711,0.0191,-0.3130,-0.0127,-0.9495
2026-05-08T19:38:40.269,-6.6282,1.2223,37.1610,0.0191,-0.2994,-0.0122,-0.9539
2026-05-08T19:38:40.288,-6.6351,1.2223,37.1511,0.0192,-0.2861,-0.0121,-0.9579
2026-05-08T19:38:40.305,-6.6426,1.2223,37.1397,0.0193,-0.2709,-0.0120,-0.9623
2026-05-08T19:38:40.322,-6.6474,1.2224,37.1285,0.0194,-0.2569,-0.0117,-0.9662
2026-05-08T19:38:40.340,-6.6530,1.2224,37.1187,0.0195,-0.2443,-0.0113,-0.9694
2026-05-08T19:38:40.359,-6.6588,1.2224,37.1080,0.0197,-0.2306,-0.0111,-0.9728
2026-05-08T19:38:40.378,-6.6642,1.2224,37.0972,0.0200,-0.2168,-0.0110,-0.9760
2026-05-08T19:38:40.396,-6.6695,1.2224,37.0857,0.0201,-0.2025,-0.0106,-0.9790
2026-05-08T19:38:40.414,-6.6746,1.2223,37.0739,0.0202,-0.1880,-0.0102,-0.9819
2026-05-08T19:38:40.432,-6.6792,1.2223,37.0621,0.0203,-0.1736,-0.0098,-0.9846
2026-05-08T19:38:40.448,-6.6831,1.2224,37.0514,0.0204,-0.1606,-0.0095,-0.9868
2026-05-08T19:38:40.464,-6.6870,1.2224,37.0395,0.0204,-0.1464,-0.0091,-0.9890
2026-05-08T19:38:40.482,-6.6882,1.2224,37.0297,0.0204,-0.1348,-0.0088,-0.9906
2026-05-08T19:38:40.500,-6.6913,1.2224,37.0184,0.0205,-0.1215,-0.0085,-0.9924
2026-05-08T19:38:40.517,-6.6939,1.2224,37.0077,0.0205,-0.1087,-0.0084,-0.9938
2026-05-08T19:38:40.535,-6.6966,1.2224,36.9958,0.0206,-0.0946,-0.0082,-0.9953
2026-05-08T19:38:40.552,-6.6988,1.2224,36.9843,0.0208,-0.0812,-0.0081,-0.9964
2026-05-08T19:38:40.569,-6.7008,1.2224,36.9720,0.0209,-0.0669,-0.0078,-0.9975
2026-05-08T19:38:40.587,-6.7023,1.2224,36.9612,0.0210,-0.0542,-0.0076,-0.9983
2026-05-08T19:38:40.603,-6.7036,1.2224,36.9493,0.0211,-0.0403,-0.0073,-0.9989
2026-05-08T19:38:40.620,-6.7029,1.2225,36.9377,0.0212,-0.0263,-0.0070,-0.9994
2026-05-08T19:38:40.636,-6.7035,1.2225,36.9267,0.0212,-0.0135,-0.0068,-0.9997
2026-05-08T19:38:40.653,-6.7037,1.2224,36.9168,0.0213,-0.0010,-0.0063,-0.9998
2026-05-08T19:38:40.669,-6.7037,1.2224,36.9078,0.0214,0.0116,-0.0060,-0.9997
2026-05-08T19:38:40.685,-6.7036,1.2224,36.9011,0.0214,0.0243,-0.0057,-0.9995
2026-05-08T19:38:40.701,-6.7035,1.2224,36.8994,0.0215,0.0369,-0.0054,-0.9991
2026-05-08T19:38:40.717,-6.7022,1.2224,36.9019,0.0216,0.0495,-0.0052,-0.9985
2026-05-08T19:38:40.733,-6.7027,1.2224,36.9072,0.0219,0.0627,-0.0049,-0.9978
2026-05-08T19:38:40.749,-6.7038,1.2224,36.9160,0.0219,0.0741,-0.0047,-0.9970
2026-05-08T19:38:40.765,-6.7056,1.2224,36.9272,0.0221,0.0867,-0.0046,-0.9960
2026-05-08T19:38:40.779,-6.7081,1.2224,36.9412,0.0222,0.0985,-0.0044,-0.9949
2026-05-08T19:38:40.794,-6.7113,1.2224,36.9638,0.0224,0.1107,-0.0042,-0.9936
2026-05-08T19:38:40.810,-6.7158,1.2225,36.9838,0.0223,0.1210,-0.0039,-0.9924
2026-05-08T19:38:40.829,-6.7227,1.2225,37.0112,0.0225,0.1318,-0.0038,-0.9910
2026-05-08T19:38:40.844,-6.7316,1.2225,37.0442,0.0225,0.1446,-0.0036,-0.9892
2026-05-08T19:38:40.860,-6.7421,1.2225,37.0791,0.0227,0.1576,-0.0033,-0.9872
2026-05-08T19:38:40.875,-6.7508,1.2226,37.1104,0.0228,0.1683,-0.0031,-0.9855
2026-05-08T19:38:40.889,-6.7619,1.2226,37.1417,0.0227,0.1788,-0.0027,-0.9836
2026-05-08T19:38:40.903,-6.7742,1.2226,37.1743,0.0224,0.1892,-0.0024,-0.9817
2026-05-08T19:38:40.917,-6.7861,1.2226,37.2038,0.0225,0.1986,-0.0024,-0.9798
2026-05-08T19:38:40.931,-6.7983,1.2226,37.2354,0.0227,0.2083,-0.0024,-0.9778
2026-05-08T19:38:40.945,-6.8111,1.2227,37.2639,0.0228,0.2172,-0.0023,-0.9759
2026-05-08T19:38:40.959,-6.8264,1.2227,37.2965,0.0229,0.2274,-0.0021,-0.9735
2026-05-08T19:38:40.975,-6.8402,1.2227,37.3269,0.0229,0.2364,-0.0020,-0.9714
2026-05-08T19:38:40.991,-6.8557,1.2227,37.3568,0.0230,0.2458,-0.0019,-0.9691
2026-05-08T19:38:41.006,-6.8736,1.2227,37.3896,0.0231,0.2559,-0.0017,-0.9664
2026-05-08T19:38:41.020,-6.8938,1.2228,37.4250,0.0232,0.2668,-0.0015,-0.9635
2026-05-08T19:38:41.035,-6.9129,1.2228,37.4593,0.0233,0.2770,-0.0013,-0.9606
2026-05-08T19:38:41.050,-6.9323,1.2228,37.4899,0.0234,0.2864,-0.0011,-0.9578
2026-05-08T19:38:41.064,-6.9535,1.2228,37.5221,0.0234,0.2964,-0.0009,-0.9548
2026-05-08T19:38:41.077,-6.9734,1.2228,37.5509,0.0235,0.3053,-0.0007,-0.9520
2026-05-08T19:38:41.092,-6.9942,1.2228,37.5819,0.0235,0.3146,-0.0005,-0.9489
2026-05-08T19:38:41.106,-7.0145,1.2229,37.6091,0.0234,0.3228,-0.0003,-0.9462
2026-05-08T19:38:41.119,-7.0385,1.2229,37.6402,0.0234,0.3316,0.0000,-0.9431
2026-05-08T19:38:41.134,-7.0628,1.2230,37.6722,0.0234,0.3400,0.0003,-0.9401
2026-05-08T19:38:41.147,-7.0890,1.2230,37.7037,0.0234,0.3481,0.0005,-0.9372
2026-05-08T19:38:41.160,-7.1225,1.2230,37.7424,0.0235,0.3564,0.0006,-0.9340
2026-05-08T19:38:41.178,-7.1514,1.2230,37.7762,0.0236,0.3627,0.0006,-0.9316
2026-05-08T19:38:41.192,-7.1890,1.2230,37.8170,0.0236,0.3681,0.0007,-0.9295
2026-05-08T19:38:41.206,-7.2405,1.2230,37.8718,0.0236,0.3741,0.0008,-0.9271
2026-05-08T19:38:41.220,-7.2865,1.2230,37.9195,0.0235,0.3786,0.0010,-0.9253
2026-05-08T19:38:41.234,-7.3306,1.2230,37.9652,0.0234,0.3823,0.0010,-0.9237
2026-05-08T19:38:41.247,-7.3753,1.2230,37.9996,0.0235,0.3856,0.0012,-0.9224
2026-05-08T19:38:41.261,-7.4262,1.2230,38.0004,0.0234,0.3889,0.0013,-0.9210
2026-05-08T19:38:41.275,-7.4722,1.2230,38.0013,0.0233,0.3889,0.0013,-0.9210
2026-05-08T19:38:41.290,-7.5199,1.2230,38.0013,0.0233,0.3889,0.0014,-0.9210
2026-05-08T19:38:41.303,-7.5727,1.2230,38.0013,0.0233,0.3889,0.0014,-0.9210
2026-05-08T19:38:41.316,-7.6245,1.2230,38.0013,0.0233,0.3889,0.0014,-0.9210
2026-05-08T19:38:41.331,-7.6711,1.2230,38.0013,0.0233,0.3889,0.0014,-0.9210
2026-05-08T19:38:41.345,-7.7234,1.2230,38.0097,0.0233,0.3889,0.0015,-0.9210
2026-05-08T19:38:41.359,-7.7848,1.2230,38.0340,0.0233,0.3888,0.0014,-0.9210
2026-05-08T19:38:41.373,-7.8401,1.2230,38.0759,0.0234,0.3888,0.0014,-0.9210
2026-05-08T19:38:41.387,-7.8890,1.2229,38.1234,0.0234,0.3888,0.0013,-0.9210
2026-05-08T19:38:41.401,-7.9397,1.2229,38.1727,0.0235,0.3888,0.0013,-0.9210
2026-05-08T19:38:41.415,-7.9892,1.2229,38.2209,0.0235,0.3889,0.0012,-0.9210
2026-05-08T19:38:41.429,-8.0387,1.2229,38.2690,0.0235,0.3889,0.0012,-0.9210
2026-05-08T19:38:41.443,-8.0878,1.2229,38.3166,0.0235,0.3888,0.0012,-0.9210
2026-05-08T19:38:41.456,-8.1384,1.2229,38.3658,0.0236,0.3889,0.0012,-0.9210
2026-05-08T19:38:41.470,-8.1875,1.2229,38.4136,0.0235,0.3891,0.0012,-0.9209
2026-05-08T19:38:41.484,-8.2332,1.2229,38.4580,0.0235,0.3891,0.0012,-0.9209
2026-05-08T19:38:41.498,-8.2843,1.2229,38.5076,0.0235,0.3893,0.0012,-0.9208
2026-05-08T19:38:41.512,-8.3345,1.2229,38.5564,0.0234,0.3893,0.0013,-0.9208
2026-05-08T19:38:41.526,-8.3807,1.2229,38.6012,0.0232,0.3871,0.0013,-0.9217
2026-05-08T19:38:41.540,-8.4307,1.2229,38.6502,0.0231,0.3844,0.0013,-0.9229
2026-05-08T19:38:41.554,-8.4778,1.2229,38.6965,0.0233,0.3809,0.0011,-0.9243
2026-05-08T19:38:41.568,-8.5213,1.2229,38.7402,0.0232,0.3774,0.0009,-0.9258
2026-05-08T19:38:41.582,-8.5671,1.2229,38.7870,0.0232,0.3732,0.0007,-0.9275
2026-05-08T19:38:41.595,-8.6119,1.2229,38.8336,0.0232,0.3684,0.0005,-0.9294
2026-05-08T19:38:41.609,-8.6518,1.2229,38.8752,0.0232,0.3641,0.0004,-0.9311
2026-05-08T19:38:41.623,-8.6929,1.2229,38.9197,0.0232,0.3595,0.0002,-0.9329
2026-05-08T19:38:41.637,-8.7341,1.2229,38.9653,0.0232,0.3542,0.0001,-0.9349
2026-05-08T19:38:41.651,-8.7732,1.2229,39.0085,0.0232,0.3489,0.0000,-0.9369
2026-05-08T19:38:41.665,-8.8103,1.2228,39.0514,0.0232,0.3431,-0.0001,-0.9390
2026-05-08T19:38:41.679,-8.8467,1.2228,39.0945,0.0231,0.3370,-0.0002,-0.9412
2026-05-08T19:38:41.693,-8.8851,1.2228,39.1402,0.0231,0.3303,-0.0003,-0.9436
2026-05-08T19:38:41.707,-8.9157,1.2228,39.1785,0.0231,0.3244,-0.0004,-0.9456
2026-05-08T19:38:41.720,-8.9484,1.2227,39.2205,0.0232,0.3178,-0.0006,-0.9479
2026-05-08T19:38:41.734,-8.9790,1.2227,39.2597,0.0231,0.3106,-0.0008,-0.9503
2026-05-08T19:38:41.748,-9.0059,1.2227,39.2965,0.0231,0.3036,-0.0009,-0.9525
2026-05-08T19:38:41.762,-9.0342,1.2227,39.3364,0.0230,0.2955,-0.0010,-0.9551
2026-05-08T19:38:41.776,-9.0601,1.2227,39.3725,0.0229,0.2878,-0.0011,-0.9574
2026-05-08T19:38:41.790,-9.0839,1.2227,39.4086,0.0229,0.2797,-0.0014,-0.9598
2026-05-08T19:38:41.803,-9.1073,1.2227,39.4453,0.0228,0.2714,-0.0017,-0.9622
2026-05-08T19:38:41.817,-9.1285,1.2226,39.4799,0.0228,0.2630,-0.0019,-0.9645
2026-05-08T19:38:41.831,-9.1498,1.2227,39.5139,0.0228,0.2541,-0.0022,-0.9669
2026-05-08T19:38:41.845,-9.1683,1.2226,39.5466,0.0228,0.2457,-0.0024,-0.9691
2026-05-08T19:38:41.858,-9.1868,1.2226,39.5808,0.0227,0.2365,-0.0026,-0.9714
2026-05-08T19:38:41.873,-9.2040,1.2226,39.6116,0.0227,0.2279,-0.0028,-0.9734
2026-05-08T19:38:41.886,-9.2193,1.2226,39.6426,0.0226,0.2188,-0.0029,-0.9755
2026-05-08T19:38:41.901,-9.2344,1.2226,39.6746,0.0225,0.2093,-0.0030,-0.9776
2026-05-08T19:38:41.915,-9.2493,1.2226,39.7051,0.0224,0.1998,-0.0032,-0.9796
2026-05-08T19:38:41.930,-9.2622,1.2226,39.7354,0.0223,0.1896,-0.0034,-0.9816
2026-05-08T19:38:41.945,-9.2726,1.2225,39.7614,0.0223,0.1798,-0.0036,-0.9834
2026-05-08T19:38:41.960,-9.2833,1.2225,39.7895,0.0222,0.1691,-0.0038,-0.9853
2026-05-08T19:38:41.974,-9.2928,1.2225,39.8124,0.0222,0.1581,-0.0041,-0.9872
2026-05-08T19:38:41.988,-9.2997,1.2225,39.8333,0.0222,0.1474,-0.0043,-0.9888
2026-05-08T19:38:42.003,-9.3060,1.2225,39.8538,0.0221,0.1366,-0.0046,-0.9904
2026-05-08T19:38:42.018,-9.3114,1.2225,39.8729,0.0221,0.1262,-0.0049,-0.9917
2026-05-08T19:38:42.035,-9.3161,1.2225,39.8861,0.0222,0.1149,-0.0052,-0.9931
2026-05-08T19:38:42.052,-9.3189,1.2226,39.8979,0.0222,0.1034,-0.0056,-0.9944
2026-05-08T19:38:42.067,-9.3215,1.2226,39.9098,0.0222,0.0893,-0.0060,-0.9957
2026-05-08T19:38:42.081,-9.3226,1.2226,39.9160,0.0222,0.0773,-0.0063,-0.9967
2026-05-08T19:38:42.096,-9.3247,1.2226,39.9201,0.0221,0.0656,-0.0066,-0.9976
2026-05-08T19:38:42.110,-9.3249,1.2226,39.9215,0.0220,0.0551,-0.0069,-0.9982
2026-05-08T19:38:42.126,-9.3250,1.2226,39.9215,0.0220,0.0431,-0.0071,-0.9988
2026-05-08T19:38:42.140,-9.3248,1.2226,39.9191,0.0218,0.0320,-0.0074,-0.9992
2026-05-08T19:38:42.155,-9.3255,1.2226,39.9098,0.0217,0.0198,-0.0075,-0.9995
2026-05-08T19:38:42.172,-9.3252,1.2226,39.8991,0.0216,0.0086,-0.0077,-0.9997
2026-05-08T19:38:42.187,-9.3249,1.2227,39.8824,0.0214,-0.0035,-0.0081,-0.9997
2026-05-08T19:38:42.203,-9.3251,1.2227,39.8641,0.0214,-0.0159,-0.0087,-0.9996
2026-05-08T19:38:42.219,-9.3257,1.2228,39.8443,0.0214,-0.0285,-0.0091,-0.9993
2026-05-08T19:38:42.234,-9.3283,1.2228,39.8261,0.0213,-0.0398,-0.0094,-0.9989
2026-05-08T19:38:42.249,-9.3298,1.2228,39.8074,0.0212,-0.0515,-0.0097,-0.9984
2026-05-08T19:38:42.263,-9.3319,1.2228,39.7875,0.0210,-0.0639,-0.0100,-0.9977
2026-05-08T19:38:42.277,-9.3340,1.2228,39.7708,0.0210,-0.0742,-0.0103,-0.9970
2026-05-08T19:38:42.293,-9.3380,1.2228,39.7529,0.0209,-0.0852,-0.0105,-0.9961
2026-05-08T19:38:42.308,-9.3410,1.2228,39.7357,0.0207,-0.0959,-0.0106,-0.9951
2026-05-08T19:38:42.324,-9.3446,1.2228,39.7170,0.0206,-0.1076,-0.0109,-0.9939
2026-05-08T19:38:42.339,-9.3484,1.2228,39.6996,0.0206,-0.1192,-0.0111,-0.9926
2026-05-08T19:38:42.357,-9.3529,1.2228,39.6868,0.0205,-0.1314,-0.0114,-0.9911
2026-05-08T19:38:42.374,-9.3556,1.2228,39.6770,0.0204,-0.1430,-0.0116,-0.9894
2026-05-08T19:38:42.389,-9.3574,1.2228,39.6710,0.0202,-0.1564,-0.0117,-0.9874
2026-05-08T19:38:42.404,-9.3574,1.2228,39.6710,0.0200,-0.1696,-0.0118,-0.9852
2026-05-08T19:38:42.418,-9.3561,1.2228,39.6750,0.0198,-0.1818,-0.0121,-0.9831
2026-05-08T19:38:42.435,-9.3555,1.2229,39.6805,0.0196,-0.1931,-0.0125,-0.9809
2026-05-08T19:38:42.452,-9.3511,1.2229,39.6912,0.0195,-0.2037,-0.0128,-0.9788
2026-05-08T19:38:42.469,-9.3434,1.2229,39.7090,0.0193,-0.2171,-0.0132,-0.9759
2026-05-08T19:38:42.485,-9.3348,1.2229,39.7275,0.0192,-0.2293,-0.0136,-0.9731
2026-05-08T19:38:42.500,-9.3238,1.2229,39.7498,0.0189,-0.2416,-0.0140,-0.9701
2026-05-08T19:38:42.516,-9.3132,1.2230,39.7731,0.0189,-0.2522,-0.0142,-0.9674
2026-05-08T19:38:42.530,-9.2983,1.2230,39.7998,0.0187,-0.2631,-0.0144,-0.9645
2026-05-08T19:38:42.546,-9.2812,1.2230,39.8289,0.0186,-0.2736,-0.0146,-0.9616
2026-05-08T19:38:42.563,-9.2618,1.2230,39.8603,0.0185,-0.2835,-0.0147,-0.9587
2026-05-08T19:38:42.581,-9.2398,1.2230,39.8965,0.0184,-0.2936,-0.0149,-0.9556
2026-05-08T19:38:42.597,-9.2134,1.2230,39.9355,0.0182,-0.3046,-0.0151,-0.9522
2026-05-08T19:38:42.612,-9.1858,1.2230,39.9743,0.0181,-0.3155,-0.0153,-0.9486
2026-05-08T19:38:42.627,-9.1595,1.2230,40.0095,0.0181,-0.3251,-0.0156,-0.9454
2026-05-08T19:38:42.643,-9.1326,1.2230,40.0440,0.0181,-0.3346,-0.0158,-0.9420
2026-05-08T19:38:42.661,-9.1021,1.2230,40.0816,0.0180,-0.3438,-0.0159,-0.9387
2026-05-08T19:38:42.679,-9.0716,1.2230,40.1195,0.0178,-0.3525,-0.0161,-0.9355
2026-05-08T19:38:42.695,-9.0334,1.2230,40.1631,0.0177,-0.3622,-0.0163,-0.9318
2026-05-08T19:38:42.711,-8.9926,1.2230,40.2077,0.0175,-0.3718,-0.0166,-0.9280
2026-05-08T19:38:42.726,-8.9550,1.2230,40.2472,0.0174,-0.3801,-0.0168,-0.9246
2026-05-08T19:38:42.742,-8.9133,1.2230,40.2893,0.0173,-0.3883,-0.0169,-0.9212
2026-05-08T19:38:42.760,-8.8724,1.2230,40.3307,0.0171,-0.3959,-0.0170,-0.9180
2026-05-08T19:38:42.777,-8.8242,1.2231,40.3762,0.0170,-0.4033,-0.0172,-0.9147
2026-05-08T19:38:42.794,-8.7740,1.2232,40.4220,0.0169,-0.4106,-0.0174,-0.9115
2026-05-08T19:38:42.809,-8.7222,1.2232,40.4678,0.0168,-0.4170,-0.0174,-0.9086
2026-05-08T19:38:42.824,-8.6666,1.2232,40.5157,0.0167,-0.4233,-0.0173,-0.9057
2026-05-08T19:38:42.841,-8.6123,1.2231,40.5610,0.0164,-0.4280,-0.0171,-0.9035
2026-05-08T19:38:42.858,-8.5577,1.2231,40.6064,0.0163,-0.4323,-0.0173,-0.9014
2026-05-08T19:38:42.876,-8.4967,1.2232,40.6554,0.0162,-0.4366,-0.0174,-0.8994
2026-05-08T19:38:42.893,-8.4342,1.2232,40.7046,0.0162,-0.4406,-0.0176,-0.8974
2026-05-08T19:38:42.909,-8.3658,1.2231,40.7575,0.0161,-0.4446,-0.0176,-0.8954
2026-05-08T19:38:42.925,-8.3032,1.2231,40.8051,0.0161,-0.4482,-0.0176,-0.8936
2026-05-08T19:38:42.942,-8.2399,1.2231,40.8523,0.0161,-0.4514,-0.0177,-0.8920
2026-05-08T19:38:42.959,-8.1777,1.2231,40.8986,0.0161,-0.4545,-0.0177,-0.8904
2026-05-08T19:38:42.976,-8.1137,1.2231,40.9450,0.0160,-0.4574,-0.0178,-0.8890
2026-05-08T19:38:42.993,-8.0424,1.2230,40.9958,0.0161,-0.4600,-0.0177,-0.8876
2026-05-08T19:38:43.010,-7.9752,1.2230,41.0433,0.0161,-0.4600,-0.0177,-0.8876
2026-05-08T19:38:43.027,-7.9053,1.2230,41.0925,0.0161,-0.4600,-0.0177,-0.8876
2026-05-08T19:38:43.042,-7.8400,1.2229,41.1386,0.0161,-0.4601,-0.0177,-0.8875
2026-05-08T19:38:43.059,-7.7701,1.2229,41.1879,0.0160,-0.4602,-0.0175,-0.8875
2026-05-08T19:38:43.076,-7.7111,1.2229,41.2295,0.0159,-0.4603,-0.0174,-0.8875
2026-05-08T19:38:43.093,-7.6428,1.2229,41.2777,0.0159,-0.4603,-0.0174,-0.8875
2026-05-08T19:38:43.110,-7.5721,1.2229,41.3275,0.0159,-0.4602,-0.0174,-0.8875
2026-05-08T19:38:43.127,-7.5042,1.2229,41.3753,0.0159,-0.4602,-0.0176,-0.8875
2026-05-08T19:38:43.144,-7.4383,1.2229,41.4217,0.0158,-0.4602,-0.0176,-0.8875
2026-05-08T19:38:43.163,-7.3644,1.2229,41.4738,0.0157,-0.4602,-0.0175,-0.8875
2026-05-08T19:38:43.180,-7.2959,1.2228,41.5222,0.0157,-0.4602,-0.0174,-0.8875
2026-05-08T19:38:43.197,-7.2221,1.2228,41.5742,0.0157,-0.4577,-0.0173,-0.8888
2026-05-08T19:38:43.213,-7.1560,1.2228,41.6213,0.0158,-0.4541,-0.0171,-0.8906
2026-05-08T19:38:43.229,-7.0895,1.2228,41.6696,0.0159,-0.4501,-0.0170,-0.8927
2026-05-08T19:38:43.246,-7.0303,1.2227,41.7134,0.0160,-0.4461,-0.0168,-0.8947
2026-05-08T19:38:43.264,-6.9671,1.2227,41.7611,0.0161,-0.4415,-0.0167,-0.8970
2026-05-08T19:38:43.281,-6.9093,1.2227,41.8048,0.0162,-0.4372,-0.0166,-0.8990
2026-05-08T19:38:43.300,-6.8455,1.2227,41.8549,0.0164,-0.4324,-0.0164,-0.9014
2026-05-08T19:38:43.316,-6.7810,1.2226,41.9068,0.0165,-0.4274,-0.0164,-0.9038
2026-05-08T19:38:43.334,-6.7143,1.2226,41.9616,0.0166,-0.4221,-0.0165,-0.9062
2026-05-08T19:38:43.350,-6.6575,1.2226,42.0094,0.0167,-0.4176,-0.0164,-0.9083
2026-05-08T19:38:43.366,-6.5975,1.2226,42.0609,0.0168,-0.4128,-0.0164,-0.9105
2026-05-08T19:38:43.382,-6.5411,1.2226,42.1103,0.0169,-0.4083,-0.0162,-0.9126
2026-05-08T19:38:43.400,-6.4813,1.2226,42.1631,0.0170,-0.4033,-0.0161,-0.9148
2026-05-08T19:38:43.416,-6.4284,1.2226,42.2114,0.0171,-0.3989,-0.0160,-0.9167
2026-05-08T19:38:43.432,-6.3682,1.2226,42.2676,0.0172,-0.3938,-0.0158,-0.9189
2026-05-08T19:38:43.448,-6.3174,1.2226,42.3160,0.0173,-0.3903,-0.0157,-0.9204
2026-05-08T19:38:43.465,-6.2568,1.2226,42.3747,0.0172,-0.3903,-0.0155,-0.9204
2026-05-08T19:38:43.481,-6.1998,1.2226,42.4299,0.0172,-0.3904,-0.0155,-0.9204
2026-05-08T19:38:43.498,-6.1388,1.2226,42.4889,0.0170,-0.3935,-0.0158,-0.9190
2026-05-08T19:38:43.514,-6.0867,1.2226,42.5386,0.0170,-0.3966,-0.0160,-0.9177
2026-05-08T19:38:43.530,-6.0278,1.2227,42.5940,0.0169,-0.4005,-0.0161,-0.9160
2026-05-08T19:38:43.545,-5.9741,1.2227,42.6438,0.0168,-0.4044,-0.0162,-0.9143
2026-05-08T19:38:43.561,-5.9219,1.2226,42.6913,0.0168,-0.4089,-0.0163,-0.9123
2026-05-08T19:38:43.578,-5.8680,1.2226,42.7402,0.0167,-0.4139,-0.0164,-0.9100
2026-05-08T19:38:43.595,-5.8136,1.2226,42.7877,0.0166,-0.4188,-0.0165,-0.9078
2026-05-08T19:38:43.611,-5.7570,1.2226,42.8360,0.0165,-0.4240,-0.0166,-0.9054
2026-05-08T19:38:43.627,-5.6997,1.2226,42.8838,0.0164,-0.4292,-0.0168,-0.9029
2026-05-08T19:38:43.642,-5.6443,1.2226,42.9289,0.0163,-0.4342,-0.0168,-0.9005
2026-05-08T19:38:43.658,-5.5898,1.2226,42.9731,0.0162,-0.4392,-0.0169,-0.8981
2026-05-08T19:38:43.675,-5.5353,1.2225,43.0155,0.0161,-0.4441,-0.0169,-0.8957
2026-05-08T19:38:43.691,-5.4782,1.2225,43.0590,0.0159,-0.4493,-0.0169,-0.8931
2026-05-08T19:38:43.708,-5.4159,1.2225,43.1053,0.0158,-0.4549,-0.0170,-0.8903
2026-05-08T19:38:43.724,-5.3592,1.2226,43.1464,0.0157,-0.4600,-0.0172,-0.8876
2026-05-08T19:38:43.739,-5.2983,1.2226,43.1894,0.0155,-0.4654,-0.0176,-0.8848
2026-05-08T19:38:43.754,-5.2422,1.2226,43.2290,0.0154,-0.4709,-0.0177,-0.8819
2026-05-08T19:38:43.770,-5.1883,1.2226,43.2651,0.0153,-0.4762,-0.0179,-0.8790
2026-05-08T19:38:43.786,-5.1327,1.2226,43.3014,0.0151,-0.4816,-0.0180,-0.8761
2026-05-08T19:38:43.800,-5.0763,1.2226,43.3373,0.0150,-0.4871,-0.0182,-0.8730
2026-05-08T19:38:43.816,-5.0188,1.2226,43.3737,0.0149,-0.4927,-0.0182,-0.8699
2026-05-08T19:38:43.831,-4.9647,1.2227,43.4062,0.0147,-0.4978,-0.0183,-0.8670
2026-05-08T19:38:43.845,-4.9096,1.2227,43.4384,0.0146,-0.5029,-0.0184,-0.8640
2026-05-08T19:38:43.858,-4.8544,1.2227,43.4698,0.0145,-0.5080,-0.0185,-0.8610
2026-05-08T19:38:43.873,-4.8021,1.2227,43.4995,0.0144,-0.5128,-0.0186,-0.8582
2026-05-08T19:38:43.888,-4.7504,1.2227,43.5274,0.0143,-0.5176,-0.0187,-0.8553
2026-05-08T19:38:43.903,-4.6943,1.2227,43.5568,0.0142,-0.5227,-0.0188,-0.8522
2026-05-08T19:38:43.918,-4.6381,1.2227,43.5863,0.0141,-0.5275,-0.0189,-0.8492
2026-05-08T19:38:43.933,-4.5770,1.2227,43.6165,0.0140,-0.5323,-0.0192,-0.8463
2026-05-08T19:38:43.947,-4.5153,1.2227,43.6463,0.0139,-0.5357,-0.0192,-0.8441
2026-05-08T19:38:43.960,-4.4457,1.2227,43.6791,0.0139,-0.5388,-0.0194,-0.8421
2026-05-08T19:38:43.976,-4.3886,1.2227,43.7059,0.0138,-0.5408,-0.0194,-0.8408
2026-05-08T19:38:43.990,-4.3173,1.2227,43.7385,0.0139,-0.5409,-0.0195,-0.8408
2026-05-08T19:38:44.005,-4.2565,1.2227,43.7662,0.0139,-0.5409,-0.0195,-0.8408
2026-05-08T19:38:44.020,-4.1885,1.2227,43.7973,0.0139,-0.5408,-0.0195,-0.8408
2026-05-08T19:38:44.036,-4.1207,1.2227,43.8282,0.0138,-0.5408,-0.0194,-0.8408
2026-05-08T19:38:44.050,-4.0529,1.2228,43.8591,0.0139,-0.5407,-0.0194,-0.8409
2026-05-08T19:38:44.065,-3.9810,1.2228,43.8920,0.0139,-0.5408,-0.0193,-0.8408
2026-05-08T19:38:44.079,-3.9197,1.2228,43.9199,0.0139,-0.5407,-0.0191,-0.8409
2026-05-08T19:38:44.094,-3.8470,1.2228,43.9531,0.0138,-0.5407,-0.0191,-0.8409
2026-05-08T19:38:44.108,-3.7898,1.2228,43.9792,0.0138,-0.5407,-0.0191,-0.8409
2026-05-08T19:38:44.123,-3.7220,1.2228,44.0101,0.0137,-0.5406,-0.0191,-0.8409
2026-05-08T19:38:44.138,-3.6595,1.2229,44.0387,0.0136,-0.5433,-0.0193,-0.8392
2026-05-08T19:38:44.152,-3.5959,1.2229,44.0677,0.0134,-0.5471,-0.0194,-0.8368
2026-05-08T19:38:44.167,-3.5391,1.2229,44.0925,0.0133,-0.5518,-0.0195,-0.8337
2026-05-08T19:38:44.180,-3.4819,1.2229,44.1168,0.0131,-0.5570,-0.0197,-0.8302
2026-05-08T19:38:44.195,-3.4277,1.2229,44.1398,0.0129,-0.5628,-0.0197,-0.8263
2026-05-08T19:38:44.209,-3.3791,1.2229,44.1590,0.0128,-0.5680,-0.0198,-0.8227
2026-05-08T19:38:44.224,-3.3240,1.2229,44.1798,0.0126,-0.5740,-0.0199,-0.8185
2026-05-08T19:38:44.238,-3.2753,1.2228,44.1975,0.0125,-0.5796,-0.0199,-0.8146
2026-05-08T19:38:44.254,-3.2236,1.2228,44.2163,0.0124,-0.5856,-0.0200,-0.8102
2026-05-08T19:38:44.270,-3.1734,1.2228,44.2329,0.0123,-0.5921,-0.0202,-0.8055
2026-05-08T19:38:44.285,-3.1207,1.2228,44.2494,0.0122,-0.5989,-0.0203,-0.8004
2026-05-08T19:38:44.300,-3.0689,1.2228,44.2647,0.0120,-0.6063,-0.0202,-0.7949
2026-05-08T19:38:44.314,-3.0203,1.2227,44.2791,0.0118,-0.6134,-0.0203,-0.7894
2026-05-08T19:38:44.328,-2.9713,1.2227,44.2916,0.0116,-0.6206,-0.0203,-0.7838
2026-05-08T19:38:44.342,-2.9289,1.2227,44.3016,0.0115,-0.6270,-0.0204,-0.7787
2026-05-08T19:38:44.356,-2.8845,1.2228,44.3113,0.0112,-0.6336,-0.0205,-0.7733
2026-05-08T19:38:44.370,-2.8425,1.2228,44.3207,0.0110,-0.6399,-0.0207,-0.7681
2026-05-08T19:38:44.384,-2.7987,1.2228,44.3288,0.0108,-0.6464,-0.0208,-0.7627
2026-05-08T19:38:44.398,-2.7519,1.2228,44.3366,0.0106,-0.6531,-0.0209,-0.7569
2026-05-08T19:38:44.412,-2.7114,1.2228,44.3436,0.0104,-0.6590,-0.0210,-0.7518
2026-05-08T19:38:44.426,-2.6643,1.2228,44.3499,0.0101,-0.6656,-0.0211,-0.7460
2026-05-08T19:38:44.439,-2.6164,1.2228,44.3553,0.0100,-0.6711,-0.0212,-0.7410
2026-05-08T19:38:44.453,-2.5652,1.2229,44.3613,0.0098,-0.6768,-0.0212,-0.7358
2026-05-08T19:38:44.470,-2.5161,1.2229,44.3654,0.0097,-0.6816,-0.0212,-0.7313
2026-05-08T19:38:44.484,-2.4582,1.2229,44.3695,0.0096,-0.6861,-0.0211,-0.7272
2026-05-08T19:38:44.498,-2.3819,1.2229,44.3740,0.0093,-0.6907,-0.0212,-0.7227
2026-05-08T19:38:44.512,-2.3196,1.2228,44.3776,0.0093,-0.6939,-0.0212,-0.7197
2026-05-08T19:38:44.526,-2.2561,1.2228,44.3799,0.0093,-0.6963,-0.0212,-0.7174
2026-05-08T19:38:44.540,-2.1856,1.2228,44.3821,0.0092,-0.6985,-0.0213,-0.7152
2026-05-08T19:38:44.554,-2.1203,1.2228,44.3840,0.0091,-0.7005,-0.0213,-0.7133
2026-05-08T19:38:44.567,-2.0530,1.2228,44.3853,0.0091,-0.7024,-0.0214,-0.7114
2026-05-08T19:38:44.581,-1.9867,1.2228,44.3862,0.0090,-0.7042,-0.0215,-0.7096
2026-05-08T19:38:44.596,-1.9167,1.2228,44.3871,0.0090,-0.7059,-0.0215,-0.7079
2026-05-08T19:38:44.610,-1.8519,1.2228,44.3873,0.0089,-0.7075,-0.0215,-0.7064
2026-05-08T19:38:44.623,-1.7783,1.2228,44.3872,0.0089,-0.7092,-0.0217,-0.7046
2026-05-08T19:38:44.637,-1.7117,1.2227,44.3868,0.0089,-0.7092,-0.0216,-0.7046
2026-05-08T19:38:44.651,-1.6448,1.2227,44.3864,0.0089,-0.7092,-0.0216,-0.7046
2026-05-08T19:38:44.665,-1.5745,1.2227,44.3860,0.0089,-0.7092,-0.0216,-0.7047
2026-05-08T19:38:44.678,-1.5109,1.2227,44.3856,0.0089,-0.7106,-0.0216,-0.7032
2026-05-08T19:38:44.693,-1.4522,1.2227,44.3852,0.0088,-0.7125,-0.0216,-0.7012
2026-05-08T19:38:44.707,-1.4179,1.2227,44.3847,0.0087,-0.7148,-0.0214,-0.6990
2026-05-08T19:38:44.720,-1.3910,1.2227,44.3841,0.0086,-0.7179,-0.0212,-0.6957
2026-05-08T19:38:44.735,-1.3650,1.2228,44.3838,0.0084,-0.7247,-0.0213,-0.6887
2026-05-08T19:38:44.749,-1.3437,1.2228,44.3827,0.0081,-0.7311,-0.0215,-0.6819
2026-05-08T19:38:44.763,-1.3230,1.2228,44.3813,0.0078,-0.7385,-0.0217,-0.6738
2026-05-08T19:38:44.776,-1.3138,1.2228,44.3805,0.0075,-0.7459,-0.0218,-0.6656
2026-05-08T19:38:44.791,-1.3080,1.2229,44.3811,0.0072,-0.7535,-0.0219,-0.6571
2026-05-08T19:38:44.804,-1.3042,1.2229,44.3805,0.0070,-0.7603,-0.0218,-0.6492
2026-05-08T19:38:44.818,-1.3043,1.2228,44.3805,0.0068,-0.7675,-0.0219,-0.6407
2026-05-08T19:38:44.832,-1.3045,1.2228,44.3819,0.0066,-0.7742,-0.0220,-0.6326
2026-05-08T19:38:44.846,-1.3069,1.2228,44.3823,0.0064,-0.7811,-0.0220,-0.6240
2026-05-08T19:38:44.859,-1.3095,1.2228,44.3829,0.0061,-0.7881,-0.0220,-0.6151
2026-05-08T19:38:44.874,-1.3123,1.2228,44.3849,0.0060,-0.7948,-0.0221,-0.6064
2026-05-08T19:38:44.888,-1.3163,1.2228,44.3860,0.0059,-0.8009,-0.0220,-0.5983
2026-05-08T19:38:44.901,-1.3223,1.2228,44.3877,0.0056,-0.8079,-0.0221,-0.5889
2026-05-08T19:38:44.915,-1.3293,1.2228,44.3914,0.0055,-0.8141,-0.0221,-0.5802
2026-05-08T19:38:44.930,-1.3372,1.2228,44.3941,0.0052,-0.8203,-0.0222,-0.5714
2026-05-08T19:38:44.944,-1.3449,1.2228,44.3970,0.0051,-0.8261,-0.0222,-0.5631
2026-05-08T19:38:44.957,-1.3545,1.2228,44.4007,0.0048,-0.8327,-0.0221,-0.5532
2026-05-08T19:38:44.971,-1.3631,1.2228,44.4058,0.0046,-0.8386,-0.0221,-0.5443
2026-05-08T19:38:44.984,-1.3718,1.2228,44.4097,0.0044,-0.8443,-0.0221,-0.5354
2026-05-08T19:38:44.998,-1.3810,1.2228,44.4140,0.0041,-0.8501,-0.0222,-0.5261
2026-05-08T19:38:45.013,-1.3890,1.2228,44.4194,0.0037,-0.8554,-0.0224,-0.5175
2026-05-08T19:38:45.026,-1.3983,1.2228,44.4242,0.0034,-0.8612,-0.0224,-0.5077
2026-05-08T19:38:45.040,-1.4075,1.2228,44.4292,0.0031,-0.8670,-0.0225,-0.4978
2026-05-08T19:38:45.054,-1.4153,1.2228,44.4353,0.0029,-0.8721,-0.0226,-0.4888
2026-05-08T19:38:45.069,-1.4235,1.2228,44.4402,0.0026,-0.8772,-0.0225,-0.4796
2026-05-08T19:38:45.082,-1.4321,1.2228,44.4456,0.0025,-0.8824,-0.0225,-0.4699
2026-05-08T19:38:45.095,-1.4411,1.2228,44.4517,0.0022,-0.8880,-0.0225,-0.4593
2026-05-08T19:38:45.110,-1.4480,1.2228,44.4581,0.0020,-0.8924,-0.0223,-0.4506
2026-05-08T19:38:45.124,-1.4561,1.2228,44.4641,0.0019,-0.8974,-0.0224,-0.4406
2026-05-08T19:38:45.137,-1.4644,1.2228,44.4703,0.0015,-0.9025,-0.0224,-0.4301
2026-05-08T19:38:45.151,-1.4715,1.2228,44.4777,0.0013,-0.9071,-0.0225,-0.4204
2026-05-08T19:38:45.165,-1.4788,1.2228,44.4838,0.0010,-0.9115,-0.0225,-0.4107
2026-05-08T19:38:45.179,-1.4858,1.2229,44.4898,0.0010,-0.9161,-0.0228,-0.4002
2026-05-08T19:38:45.193,-1.4918,1.2229,44.4970,0.0006,-0.9206,-0.0227,-0.3899
2026-05-08T19:38:45.207,-1.4950,1.2229,44.4999,0.0004,-0.9248,-0.0230,-0.3797
2026-05-08T19:38:45.220,-1.4978,1.2229,44.5027,0.0001,-0.9292,-0.0230,-0.3690
2026-05-08T19:38:45.235,-1.4995,1.2229,44.5062,-0.0001,-0.9331,-0.0230,-0.3589
2026-05-08T19:38:45.248,-1.5008,1.2230,44.5076,-0.0005,-0.9370,-0.0230,-0.3487
2026-05-08T19:38:45.262,-1.5009,1.2230,44.5075,-0.0006,-0.9409,-0.0230,-0.3379
2026-05-08T19:38:45.276,-1.5003,1.2230,44.5087,-0.0008,-0.9444,-0.0229,-0.3280
2026-05-08T19:38:45.290,-1.4990,1.2229,44.5069,-0.0010,-0.9480,-0.0228,-0.3174
2026-05-08T19:38:45.304,-1.4973,1.2229,44.5045,-0.0012,-0.9514,-0.0227,-0.3070
2026-05-08T19:38:45.317,-1.4951,1.2229,44.5013,-0.0013,-0.9549,-0.0226,-0.2961
2026-05-08T19:38:45.331,-1.4913,1.2229,44.4978,-0.0014,-0.9581,-0.0226,-0.2856
2026-05-08T19:38:45.346,-1.4878,1.2229,44.4924,-0.0017,-0.9609,-0.0225,-0.2759
2026-05-08T19:38:45.359,-1.4823,1.2229,44.4833,-0.0017,-0.9642,-0.0224,-0.2640
2026-05-08T19:38:45.373,-1.4761,1.2229,44.4754,-0.0018,-0.9670,-0.0222,-0.2537
2026-05-08T19:38:45.387,-1.4702,1.2229,44.4647,-0.0019,-0.9696,-0.0219,-0.2436
2026-05-08T19:38:45.400,-1.4630,1.2229,44.4513,-0.0024,-0.9723,-0.0219,-0.2329
2026-05-08T19:38:45.414,-1.4551,1.2229,44.4383,-0.0025,-0.9746,-0.0219,-0.2227
2026-05-08T19:38:45.428,-1.4463,1.2229,44.4200,-0.0028,-0.9769,-0.0220,-0.2127
2026-05-08T19:38:45.442,-1.4369,1.2229,44.3994,-0.0031,-0.9790,-0.0220,-0.2028
2026-05-08T19:38:45.455,-1.4266,1.2229,44.3758,-0.0033,-0.9810,-0.0220,-0.1928
2026-05-08T19:38:45.470,-1.4140,1.2229,44.3481,-0.0036,-0.9827,-0.0219,-0.1836
2026-05-08T19:38:45.483,-1.4023,1.2229,44.3179,-0.0039,-0.9844,-0.0219,-0.1745
2026-05-08T19:38:45.497,-1.3895,1.2229,44.2831,-0.0041,-0.9860,-0.0219,-0.1653
2026-05-08T19:38:45.512,-1.3764,1.2229,44.2486,-0.0044,-0.9874,-0.0220,-0.1568
2026-05-08T19:38:45.525,-1.3638,1.2229,44.2099,-0.0045,-0.9887,-0.0219,-0.1482
2026-05-08T19:38:45.539,-1.3505,1.2229,44.1669,-0.0048,-0.9899,-0.0220,-0.1397
2026-05-08T19:38:45.553,-1.3363,1.2229,44.1213,-0.0049,-0.9910,-0.0221,-0.1320
2026-05-08T19:38:45.567,-1.3237,1.2229,44.0751,-0.0051,-0.9919,-0.0221,-0.1250
2026-05-08T19:38:45.580,-1.3106,1.2229,44.0243,-0.0054,-0.9927,-0.0220,-0.1181
2026-05-08T19:38:45.595,-1.2969,1.2229,43.9715,-0.0056,-0.9935,-0.0220,-0.1113
2026-05-08T19:38:45.608,-1.2853,1.2229,43.9206,-0.0057,-0.9942,-0.0221,-0.1050
2026-05-08T19:38:45.622,-1.2730,1.2229,43.8630,-0.0059,-0.9949,-0.0220,-0.0985
2026-05-08T19:38:45.636,-1.2616,1.2230,43.8063,-0.0061,-0.9955,-0.0219,-0.0923
2026-05-08T19:38:45.650,-1.2501,1.2230,43.7494,-0.0063,-0.9960,-0.0219,-0.0867
2026-05-08T19:38:45.664,-1.2397,1.2230,43.6905,-0.0066,-0.9964,-0.0219,-0.0812
2026-05-08T19:38:45.678,-1.2296,1.2230,43.6291,-0.0068,-0.9969,-0.0219,-0.0757
2026-05-08T19:38:45.692,-1.2196,1.2230,43.5676,-0.0070,-0.9972,-0.0219,-0.0709
2026-05-08T19:38:45.705,-1.2106,1.2230,43.5050,-0.0073,-0.9975,-0.0220,-0.0662
2026-05-08T19:38:45.719,-1.2021,1.2230,43.4418,-0.0073,-0.9978,-0.0220,-0.0619
2026-05-08T19:38:45.733,-1.1936,1.2230,43.3776,-0.0075,-0.9981,-0.0219,-0.0577
2026-05-08T19:38:45.747,-1.1863,1.2230,43.3152,-0.0075,-0.9983,-0.0219,-0.0538
2026-05-08T19:38:45.761,-1.1790,1.2230,43.2484,-0.0074,-0.9985,-0.0218,-0.0498
2026-05-08T19:38:45.775,-1.1722,1.2230,43.1852,-0.0074,-0.9987,-0.0217,-0.0458
2026-05-08T19:38:45.789,-1.1665,1.2231,43.1226,-0.0074,-0.9989,-0.0217,-0.0420
2026-05-08T19:38:45.803,-1.1609,1.2231,43.0566,-0.0074,-0.9990,-0.0217,-0.0380
2026-05-08T19:38:45.817,-1.1558,1.2231,42.9907,-0.0074,-0.9992,-0.0217,-0.0340
2026-05-08T19:38:45.831,-1.1508,1.2230,42.9240,-0.0075,-0.9993,-0.0216,-0.0299
2026-05-08T19:38:45.845,-1.1471,1.2230,42.8629,-0.0075,-0.9994,-0.0216,-0.0262
2026-05-08T19:38:45.858,-1.1435,1.2230,42.7944,-0.0075,-0.9995,-0.0216,-0.0220
2026-05-08T19:38:45.872,-1.1403,1.2230,42.7328,-0.0075,-0.9996,-0.0216,-0.0181
2026-05-08T19:38:45.886,-1.1380,1.2230,42.6695,-0.0076,-0.9996,-0.0216,-0.0142
2026-05-08T19:38:45.900,-1.1360,1.2230,42.6018,-0.0078,-0.9997,-0.0216,-0.0101
2026-05-08T19:38:45.915,-1.1342,1.2230,42.5386,-0.0079,-0.9997,-0.0215,-0.0062
2026-05-08T19:38:45.930,-1.1332,1.2230,42.4693,-0.0081,-0.9997,-0.0215,-0.0021
2026-05-08T19:38:45.945,-1.1329,1.2231,42.4020,-0.0083,-0.9997,-0.0217,0.0021
2026-05-08T19:38:45.958,-1.1331,1.2231,42.3324,-0.0085,-0.9997,-0.0215,0.0062
2026-05-08T19:38:45.972,-1.1334,1.2231,42.2646,-0.0085,-0.9997,-0.0215,0.0102
2026-05-08T19:38:45.987,-1.1346,1.2231,42.2018,-0.0086,-0.9996,-0.0215,0.0139
2026-05-08T19:38:46.001,-1.1363,1.2231,42.1357,-0.0089,-0.9996,-0.0215,0.0177
2026-05-08T19:38:46.015,-1.1382,1.2231,42.0690,-0.0091,-0.9995,-0.0215,0.0216
2026-05-08T19:38:46.029,-1.1410,1.2231,42.0022,-0.0092,-0.9994,-0.0215,0.0255
2026-05-08T19:38:46.043,-1.1443,1.2231,41.9353,-0.0093,-0.9993,-0.0215,0.0295
2026-05-08T19:38:46.058,-1.1483,1.2232,41.8678,-0.0094,-0.9992,-0.0214,0.0336
2026-05-08T19:38:46.074,-1.1519,1.2232,41.8052,-0.0097,-0.9990,-0.0213,0.0374
2026-05-08T19:38:46.088,-1.1574,1.2232,41.7319,-0.0099,-0.9989,-0.0213,0.0414
2026-05-08T19:38:46.103,-1.1632,1.2232,41.6607,-0.0101,-0.9987,-0.0213,0.0450
2026-05-08T19:38:46.116,-1.1698,1.2232,41.5871,-0.0103,-0.9986,-0.0213,0.0481
2026-05-08T19:38:46.131,-1.1762,1.2233,41.5164,-0.0104,-0.9984,-0.0212,0.0506
2026-05-08T19:38:46.144,-1.1828,1.2233,41.4513,-0.0105,-0.9984,-0.0213,0.0506
2026-05-08T19:38:46.158,-1.1911,1.2233,41.3689,-0.0106,-0.9984,-0.0213,0.0505
2026-05-08T19:38:46.176,-1.1966,1.2232,41.3144,-0.0106,-0.9984,-0.0214,0.0505
2026-05-08T19:38:46.191,-1.2032,1.2232,41.2484,-0.0106,-0.9984,-0.0214,0.0504
2026-05-08T19:38:46.206,-1.2124,1.2232,41.1570,-0.0106,-0.9984,-0.0214,0.0504
2026-05-08T19:38:46.219,-1.2199,1.2232,41.0835,-0.0106,-0.9984,-0.0213,0.0503
2026-05-08T19:38:46.233,-1.2273,1.2232,41.0095,-0.0105,-0.9985,-0.0213,0.0502
2026-05-08T19:38:46.248,-1.2338,1.2232,40.9446,-0.0104,-0.9985,-0.0213,0.0500
2026-05-08T19:38:46.261,-1.2409,1.2232,40.8736,-0.0103,-0.9985,-0.0211,0.0500
2026-05-08T19:38:46.275,-1.2481,1.2232,40.8019,-0.0102,-0.9985,-0.0208,0.0500
2026-05-08T19:38:46.289,-1.2549,1.2232,40.7346,-0.0101,-0.9985,-0.0208,0.0501
2026-05-08T19:38:46.304,-1.2616,1.2232,40.6670,-0.0101,-0.9985,-0.0208,0.0500
2026-05-08T19:38:46.317,-1.2685,1.2232,40.5978,-0.0103,-0.9985,-0.0209,0.0499
2026-05-08T19:38:46.331,-1.2762,1.2232,40.5218,-0.0104,-0.9985,-0.0209,0.0498
2026-05-08T19:38:46.345,-1.2825,1.2232,40.4582,-0.0105,-0.9985,-0.0210,0.0499
2026-05-08T19:38:46.358,-1.2897,1.2232,40.3862,-0.0105,-0.9985,-0.0209,0.0499
2026-05-08T19:38:46.373,-1.2965,1.2231,40.3187,-0.0105,-0.9985,-0.0210,0.0500
2026-05-08T19:38:46.387,-1.3031,1.2231,40.2523,-0.0104,-0.9985,-0.0210,0.0500
2026-05-08T19:38:46.401,-1.3105,1.2231,40.1784,-0.0103,-0.9985,-0.0210,0.0500
2026-05-08T19:38:46.415,-1.3174,1.2231,40.1096,-0.0103,-0.9985,-0.0209,0.0500
2026-05-08T19:38:46.429,-1.3248,1.2230,40.0354,-0.0103,-0.9985,-0.0210,0.0500
2026-05-08T19:38:46.442,-1.3312,1.2230,39.9711,-0.0102,-0.9985,-0.0210,0.0500
2026-05-08T19:38:46.456,-1.3383,1.2230,39.9006,-0.0101,-0.9985,-0.0210,0.0500
2026-05-08T19:38:46.470,-1.3450,1.2229,39.8340,-0.0101,-0.9985,-0.0210,0.0500
2026-05-08T19:38:46.484,-1.3517,1.2229,39.7666,-0.0101,-0.9985,-0.0211,0.0499
2026-05-08T19:38:46.498,-1.3588,1.2229,39.6958,-0.0101,-0.9985,-0.0212,0.0500
2026-05-08T19:38:46.512,-1.3657,1.2229,39.6258,-0.0102,-0.9985,-0.0212,0.0499
2026-05-08T19:38:46.526,-1.3727,1.2230,39.5558,-0.0103,-0.9985,-0.0212,0.0499
2026-05-08T19:38:46.540,-1.3795,1.2230,39.4868,-0.0103,-0.9985,-0.0213,0.0499
2026-05-08T19:38:46.554,-1.3865,1.2230,39.4163,-0.0104,-0.9985,-0.0213,0.0498
2026-05-08T19:38:46.567,-1.3931,1.2230,39.3503,-0.0104,-0.9985,-0.0213,0.0498
2026-05-08T19:38:46.581,-1.4001,1.2230,39.2798,-0.0104,-0.9985,-0.0213,0.0499
2026-05-08T19:38:46.595,-1.4071,1.2230,39.2093,-0.0105,-0.9985,-0.0213,0.0499
2026-05-08T19:38:46.609,-1.4138,1.2230,39.1424,-0.0105,-0.9985,-0.0213,0.0498
2026-05-08T19:38:46.623,-1.4207,1.2230,39.0734,-0.0105,-0.9985,-0.0213,0.0497
2026-05-08T19:38:46.637,-1.4275,1.2230,39.0040,-0.0106,-0.9985,-0.0213,0.0497
2026-05-08T19:38:46.651,-1.4342,1.2230,38.9367,-0.0105,-0.9985,-0.0213,0.0497
2026-05-08T19:38:46.665,-1.4411,1.2230,38.8671,-0.0105,-0.9985,-0.0213,0.0496
2026-05-08T19:38:46.679,-1.4478,1.2230,38.7987,-0.0104,-0.9985,-0.0212,0.0498
2026-05-08T19:38:46.693,-1.4549,1.2231,38.7279,-0.0104,-0.9985,-0.0212,0.0498
2026-05-08T19:38:46.707,-1.4615,1.2231,38.6609,-0.0105,-0.9985,-0.0212,0.0498
2026-05-08T19:38:46.720,-1.4686,1.2231,38.5901,-0.0107,-0.9985,-0.0212,0.0498
2026-05-08T19:38:46.735,-1.4751,1.2232,38.5245,-0.0108,-0.9983,-0.0212,0.0524
2026-05-08T19:38:46.748,-1.4817,1.2232,38.4609,-0.0110,-0.9981,-0.0212,0.0565
2026-05-08T19:38:46.761,-1.4889,1.2232,38.3966,-0.0111,-0.9978,-0.0211,0.0617
2026-05-08T19:38:46.776,-1.4949,1.2232,38.3434,-0.0113,-0.9975,-0.0211,0.0668
2026-05-08T19:38:46.790,-1.5020,1.2232,38.2903,-0.0115,-0.9970,-0.0211,0.0732
2026-05-08T19:38:46.804,-1.5101,1.2232,38.2348,-0.0117,-0.9964,-0.0211,0.0809
2026-05-08T19:38:46.817,-1.5179,1.2232,38.1867,-0.0119,-0.9958,-0.0210,0.0885
2026-05-08T19:38:46.831,-1.5255,1.2232,38.1388,-0.0121,-0.9950,-0.0210,0.0966
2026-05-08T19:38:46.846,-1.5337,1.2232,38.0967,-0.0123,-0.9943,-0.0210,0.1041
2026-05-08T19:38:46.859,-1.5433,1.2232,38.0512,-0.0126,-0.9934,-0.0210,0.1125
2026-05-08T19:38:46.873,-1.5524,1.2232,38.0069,-0.0128,-0.9924,-0.0209,0.1208
2026-05-08T19:38:46.887,-1.5629,1.2232,37.9640,-0.0130,-0.9914,-0.0208,0.1289
2026-05-08T19:38:46.901,-1.5743,1.2232,37.9209,-0.0130,-0.9902,-0.0206,0.1372
2026-05-08T19:38:46.915,-1.5856,1.2232,37.8774,-0.0132,-0.9890,-0.0205,0.1457
2026-05-08T19:38:46.928,-1.5985,1.2232,37.8342,-0.0134,-0.9878,-0.0204,0.1540
2026-05-08T19:38:46.943,-1.6122,1.2232,37.7912,-0.0137,-0.9864,-0.0203,0.1623
2026-05-08T19:38:46.956,-1.6259,1.2233,37.7507,-0.0140,-0.9851,-0.0202,0.1701
2026-05-08T19:38:46.970,-1.6405,1.2233,37.7065,-0.0143,-0.9837,-0.0200,0.1783
2026-05-08T19:38:46.984,-1.6566,1.2233,37.6634,-0.0145,-0.9823,-0.0200,0.1855
2026-05-08T19:38:46.998,-1.6775,1.2233,37.6098,-0.0147,-0.9810,-0.0198,0.1925
2026-05-08T19:38:47.012,-1.6974,1.2233,37.5589,-0.0148,-0.9798,-0.0197,0.1984
2026-05-08T19:38:47.026,-1.7219,1.2233,37.5005,-0.0149,-0.9789,-0.0197,0.2027
2026-05-08T19:38:47.040,-1.7493,1.2234,37.4373,-0.0150,-0.9782,-0.0196,0.2062
2026-05-08T19:38:47.054,-1.7755,1.2234,37.3767,-0.0151,-0.9777,-0.0196,0.2088
2026-05-08T19:38:47.067,-1.8036,1.2234,37.3138,-0.0150,-0.9777,-0.0195,0.2087
2026-05-08T19:38:47.081,-1.8317,1.2234,37.2509,-0.0150,-0.9777,-0.0196,0.2087
2026-05-08T19:38:47.095,-1.8591,1.2234,37.1895,-0.0149,-0.9777,-0.0196,0.2086
2026-05-08T19:38:47.109,-1.8859,1.2234,37.1295,-0.0150,-0.9777,-0.0196,0.2085
2026-05-08T19:38:47.123,-1.9164,1.2234,37.0612,-0.0150,-0.9777,-0.0196,0.2085
2026-05-08T19:38:47.137,-1.9444,1.2234,36.9983,-0.0149,-0.9777,-0.0196,0.2085
2026-05-08T19:38:47.151,-1.9726,1.2234,36.9350,-0.0150,-0.9777,-0.0196,0.2085
2026-05-08T19:38:47.164,-2.0008,1.2233,36.8719,-0.0150,-0.9777,-0.0196,0.2085
2026-05-08T19:38:47.179,-2.0291,1.2233,36.8084,-0.0151,-0.9777,-0.0195,0.2086
2026-05-08T19:38:47.192,-2.0564,1.2233,36.7472,-0.0151,-0.9777,-0.0196,0.2086
2026-05-08T19:38:47.206,-2.0853,1.2233,36.6825,-0.0151,-0.9777,-0.0195,0.2086
2026-05-08T19:38:47.220,-2.1140,1.2233,36.6183,-0.0152,-0.9777,-0.0195,0.2086
2026-05-08T19:38:47.235,-2.1418,1.2233,36.5560,-0.0151,-0.9777,-0.0194,0.2086
2026-05-08T19:38:47.249,-2.1693,1.2232,36.4946,-0.0151,-0.9777,-0.0194,0.2086
2026-05-08T19:38:47.263,-2.2011,1.2232,36.4234,-0.0150,-0.9777,-0.0195,0.2085
2026-05-08T19:38:47.277,-2.2286,1.2232,36.3617,-0.0149,-0.9777,-0.0194,0.2084
2026-05-08T19:38:47.290,-2.2564,1.2232,36.2996,-0.0147,-0.9778,-0.0195,0.2083
2026-05-08T19:38:47.305,-2.2844,1.2232,36.2368,-0.0146,-0.9777,-0.0193,0.2084
2026-05-08T19:38:47.317,-2.3112,1.2231,36.1769,-0.0144,-0.9777,-0.0192,0.2085
2026-05-08T19:38:47.332,-2.3416,1.2231,36.1088,-0.0143,-0.9777,-0.0191,0.2086
2026-05-08T19:38:47.346,-2.3665,1.2231,36.0533,-0.0143,-0.9777,-0.0190,0.2086
2026-05-08T19:38:47.359,-2.3959,1.2231,35.9874,-0.0144,-0.9777,-0.0190,0.2087
2026-05-08T19:38:47.374,-2.4233,1.2231,35.9262,-0.0145,-0.9771,-0.0190,0.2113
2026-05-08T19:38:47.387,-2.4506,1.2231,35.8660,-0.0146,-0.9765,-0.0189,0.2143
2026-05-08T19:38:47.401,-2.4789,1.2231,35.8047,-0.0146,-0.9756,-0.0187,0.2183
2026-05-08T19:38:47.416,-2.5051,1.2230,35.7480,-0.0147,-0.9747,-0.0186,0.2224
2026-05-08T19:38:47.430,-2.5321,1.2230,35.6920,-0.0147,-0.9736,-0.0186,0.2269
2026-05-08T19:38:47.443,-2.5604,1.2230,35.6346,-0.0147,-0.9724,-0.0185,0.2321
2026-05-08T19:38:47.456,-2.5882,1.2230,35.5798,-0.0147,-0.9711,-0.0184,0.2375
2026-05-08T19:38:47.471,-2.6133,1.2230,35.5301,-0.0147,-0.9698,-0.0183,0.2427
2026-05-08T19:38:47.485,-2.6398,1.2229,35.4806,-0.0147,-0.9685,-0.0182,0.2481
2026-05-08T19:38:47.499,-2.6705,1.2229,35.4245,-0.0148,-0.9668,-0.0182,0.2544
2026-05-08T19:38:47.513,-2.6960,1.2229,35.3778,-0.0149,-0.9652,-0.0181,0.2605
2026-05-08T19:38:47.527,-2.7233,1.2229,35.3310,-0.0149,-0.9633,-0.0180,0.2673
2026-05-08T19:38:47.540,-2.7494,1.2229,35.2877,-0.0149,-0.9614,-0.0178,0.2743
2026-05-08T19:38:47.555,-2.7728,1.2229,35.2484,-0.0149,-0.9590,-0.0177,0.2826
2026-05-08T19:38:47.569,-2.7950,1.2229,35.2140,-0.0150,-0.9566,-0.0175,0.2904
2026-05-08T19:38:47.583,-2.8166,1.2229,35.1817,-0.0152,-0.9539,-0.0173,0.2991
2026-05-08T19:38:47.596,-2.8378,1.2229,35.1513,-0.0154,-0.9509,-0.0171,0.3086
2026-05-08T19:38:47.611,-2.8568,1.2229,35.1232,-0.0156,-0.9479,-0.0169,0.3176
2026-05-08T19:38:47.625,-2.8757,1.2229,35.0981,-0.0158,-0.9449,-0.0167,0.3266
2026-05-08T19:38:47.639,-2.8953,1.2229,35.0731,-0.0160,-0.9415,-0.0166,0.3364
2026-05-08T19:38:47.652,-2.9112,1.2229,35.0517,-0.0161,-0.9382,-0.0164,0.3454
2026-05-08T19:38:47.667,-2.9293,1.2229,35.0304,-0.0163,-0.9346,-0.0163,0.3549
2026-05-08T19:38:47.681,-2.9475,1.2229,35.0099,-0.0164,-0.9310,-0.0161,0.3642
2026-05-08T19:38:47.694,-2.9655,1.2228,34.9888,-0.0164,-0.9271,-0.0159,0.3740
2026-05-08T19:38:47.708,-2.9852,1.2228,34.9683,-0.0165,-0.9230,-0.0157,0.3841
2026-05-08T19:38:47.722,-3.0018,1.2229,34.9518,-0.0165,-0.9195,-0.0155,0.3924
2026-05-08T19:38:47.736,-3.0185,1.2229,34.9344,-0.0167,-0.9157,-0.0153,0.4013
2026-05-08T19:38:47.750,-3.0371,1.2229,34.9173,-0.0168,-0.9116,-0.0151,0.4105
2026-05-08T19:38:47.764,-3.0576,1.2229,34.8991,-0.0170,-0.9071,-0.0150,0.4203
2026-05-08T19:38:47.778,-3.0763,1.2229,34.8832,-0.0171,-0.9030,-0.0149,0.4291
2026-05-08T19:38:47.792,-3.0957,1.2229,34.8659,-0.0174,-0.8984,-0.0147,0.4385
2026-05-08T19:38:47.806,-3.1157,1.2229,34.8502,-0.0176,-0.8940,-0.0144,0.4475
2026-05-08T19:38:47.819,-3.1358,1.2230,34.8351,-0.0178,-0.8895,-0.0143,0.4564
2026-05-08T19:38:47.833,-3.1583,1.2229,34.8175,-0.0180,-0.8846,-0.0141,0.4658
2026-05-08T19:38:47.847,-3.1807,1.2229,34.8020,-0.0183,-0.8806,-0.0139,0.4733
2026-05-08T19:38:47.860,-3.2095,1.2229,34.7829,-0.0185,-0.8757,-0.0137,0.4823
2026-05-08T19:38:47.875,-3.2380,1.2229,34.7635,-0.0185,-0.8710,-0.0135,0.4908
2026-05-08T19:38:47.889,-3.2667,1.2229,34.7460,-0.0186,-0.8669,-0.0133,0.4980
2026-05-08T19:38:47.902,-3.3004,1.2229,34.7264,-0.0187,-0.8622,-0.0132,0.5060
2026-05-08T19:38:47.916,-3.3349,1.2230,34.7071,-0.0188,-0.8575,-0.0130,0.5140
2026-05-08T19:38:47.930,-3.3702,1.2230,34.6869,-0.0189,-0.8530,-0.0129,0.5214
2026-05-08T19:38:47.944,-3.3903,1.2230,34.6576,-0.0189,-0.8488,-0.0127,0.5282
2026-05-08T19:38:47.958,-3.4138,1.2230,34.6237,-0.0190,-0.8442,-0.0126,0.5355
2026-05-08T19:38:47.972,-3.4448,1.2230,34.5910,-0.0191,-0.8398,-0.0124,0.5424
2026-05-08T19:38:47.986,-3.4826,1.2230,34.5622,-0.0193,-0.8358,-0.0122,0.5485
2026-05-08T19:38:47.999,-3.5278,1.2231,34.5405,-0.0195,-0.8319,-0.0119,0.5545
2026-05-08T19:38:48.013,-3.5762,1.2231,34.5193,-0.0196,-0.8278,-0.0118,0.5605
2026-05-08T19:38:48.026,-3.5910,1.2231,34.4272,-0.0198,-0.8243,-0.0116,0.5656
2026-05-08T19:38:48.040,-3.6446,1.2231,34.4065,-0.0199,-0.8208,-0.0114,0.5708
2026-05-08T19:38:48.054,-3.6981,1.2231,34.3858,-0.0199,-0.8175,-0.0113,0.5754
2026-05-08T19:38:48.067,-3.7548,1.2231,34.3654,-0.0201,-0.8150,-0.0113,0.5790
2026-05-08T19:38:48.081,-3.8154,1.2231,34.3443,-0.0201,-0.8128,-0.0112,0.5821
2026-05-08T19:38:48.095,-3.8795,1.2231,34.3220,-0.0202,-0.8111,-0.0111,0.5844
2026-05-08T19:38:48.109,-3.9385,1.2231,34.3022,-0.0202,-0.8097,-0.0111,0.5864
2026-05-08T19:38:48.125,-4.0078,1.2231,34.2795,-0.0202,-0.8084,-0.0111,0.5882
2026-05-08T19:38:48.141,-4.0731,1.2231,34.2583,-0.0202,-0.8084,-0.0111,0.5882
2026-05-08T19:38:48.158,-4.1462,1.2231,34.2346,-0.0204,-0.8084,-0.0112,0.5882
2026-05-08T19:38:48.177,-4.2228,1.2231,34.2098,-0.0204,-0.8084,-0.0113,0.5881
2026-05-08T19:38:48.194,-4.3078,1.2231,34.1823,-0.0202,-0.8084,-0.0112,0.5882
2026-05-08T19:38:48.210,-4.3939,1.2231,34.1544,-0.0200,-0.8083,-0.0112,0.5883
2026-05-08T19:38:48.226,-4.4743,1.2231,34.1283,-0.0200,-0.8084,-0.0111,0.5883
2026-05-08T19:38:48.243,-4.5512,1.2231,34.1035,-0.0201,-0.8083,-0.0112,0.5883
2026-05-08T19:38:48.261,-4.6324,1.2232,34.0773,-0.0202,-0.8083,-0.0111,0.5883
2026-05-08T19:38:48.279,-4.7112,1.2232,34.0517,-0.0202,-0.8083,-0.0111,0.5884
2026-05-08T19:38:48.298,-4.7920,1.2232,34.0256,-0.0202,-0.8083,-0.0111,0.5883
2026-05-08T19:38:48.318,-4.8798,1.2232,33.9972,-0.0203,-0.8084,-0.0111,0.5882
2026-05-08T19:38:48.342,-4.9762,1.2232,33.9660,-0.0202,-0.8084,-0.0113,0.5882
2026-05-08T19:38:48.363,-5.0637,1.2232,33.9376,-0.0200,-0.8085,-0.0114,0.5881
2026-05-08T19:38:48.380,-5.1772,1.2232,33.9008,-0.0200,-0.8085,-0.0114,0.5880
2026-05-08T19:38:48.399,-5.2738,1.2232,33.8695,-0.0200,-0.8086,-0.0114,0.5880
2026-05-08T19:38:48.417,-5.3617,1.2232,33.8410,-0.0202,-0.8086,-0.0115,0.5879
2026-05-08T19:38:48.437,-5.4477,1.2232,33.8130,-0.0205,-0.8086,-0.0116,0.5879
2026-05-08T19:38:48.457,-5.5343,1.2233,33.7849,-0.0207,-0.8085,-0.0117,0.5880
2026-05-08T19:38:48.475,-5.6298,1.2233,33.7539,-0.0209,-0.8085,-0.0118,0.5880
2026-05-08T19:38:48.493,-5.7215,1.2233,33.7241,-0.0212,-0.8085,-0.0120,0.5880
2026-05-08T19:38:48.511,-5.8076,1.2233,33.6962,-0.0215,-0.8085,-0.0121,0.5880
2026-05-08T19:38:48.530,-5.8967,1.2233,33.6673,-0.0216,-0.8085,-0.0124,0.5879
2026-05-08T19:38:48.548,-5.9782,1.2233,33.6408,-0.0216,-0.8086,-0.0125,0.5879
2026-05-08T19:38:48.566,-6.0669,1.2233,33.6121,-0.0214,-0.8086,-0.0126,0.5879
2026-05-08T19:38:48.586,-6.1566,1.2233,33.5830,-0.0212,-0.8087,-0.0127,0.5877
2026-05-08T19:38:48.606,-6.2420,1.2233,33.5553,-0.0213,-0.8087,-0.0127,0.5878
2026-05-08T19:38:48.624,-6.3331,1.2233,33.5257,-0.0209,-0.8085,-0.0127,0.5879
2026-05-08T19:38:48.641,-6.4260,1.2234,33.4955,-0.0206,-0.8085,-0.0125,0.5880
2026-05-08T19:38:48.658,-6.5181,1.2234,33.4656,-0.0210,-0.8084,-0.0125,0.5881
2026-05-08T19:38:48.676,-6.5913,1.2235,33.4419,-0.0211,-0.8084,-0.0125,0.5881
2026-05-08T19:38:48.696,-6.6744,1.2235,33.4149,-0.0212,-0.8083,-0.0124,0.5882
2026-05-08T19:38:48.716,-6.7604,1.2235,33.3871,-0.0212,-0.8083,-0.0125,0.5883
2026-05-08T19:38:48.734,-6.8494,1.2234,33.3583,-0.0212,-0.8114,-0.0126,0.5840
2026-05-08T19:38:48.752,-6.9354,1.2234,33.3294,-0.0212,-0.8147,-0.0129,0.5794
2026-05-08T19:38:48.769,-7.0148,1.2234,33.3018,-0.0212,-0.8180,-0.0130,0.5747
2026-05-08T19:38:48.785,-7.0879,1.2234,33.2754,-0.0211,-0.8213,-0.0132,0.5699
2026-05-08T19:38:48.803,-7.1608,1.2234,33.2481,-0.0210,-0.8249,-0.0134,0.5647
2026-05-08T19:38:48.821,-7.2288,1.2234,33.2224,-0.0210,-0.8285,-0.0135,0.5594
2026-05-08T19:38:48.839,-7.2990,1.2234,33.1941,-0.0207,-0.8325,-0.0137,0.5535
2026-05-08T19:38:48.857,-7.3680,1.2233,33.1651,-0.0204,-0.8367,-0.0138,0.5472
2026-05-08T19:38:48.876,-7.4396,1.2233,33.1338,-0.0202,-0.8412,-0.0139,0.5402
2026-05-08T19:38:48.892,-7.5048,1.2234,33.1039,-0.0204,-0.8454,-0.0141,0.5336
2026-05-08T19:38:48.910,-7.5695,1.2234,33.0730,-0.0204,-0.8500,-0.0142,0.5262
2026-05-08T19:38:48.927,-7.6300,1.2234,33.0428,-0.0204,-0.8543,-0.0144,0.5191
2026-05-08T19:38:48.944,-7.6905,1.2234,33.0113,-0.0201,-0.8588,-0.0145,0.5118
2026-05-08T19:38:48.962,-7.7494,1.2234,32.9806,-0.0200,-0.8631,-0.0146,0.5045
2026-05-08T19:38:48.979,-7.8069,1.2233,32.9481,-0.0197,-0.8673,-0.0148,0.4971
2026-05-08T19:38:48.997,-7.8670,1.2233,32.9128,-0.0194,-0.8719,-0.0150,0.4890
2026-05-08T19:38:49.014,-7.9238,1.2233,32.8781,-0.0193,-0.8762,-0.0152,0.4814
2026-05-08T19:38:49.032,-7.9792,1.2233,32.8429,-0.0192,-0.8803,-0.0154,0.4738
2026-05-08T19:38:49.050,-8.0360,1.2233,32.8054,-0.0189,-0.8845,-0.0155,0.4660
2026-05-08T19:38:49.068,-8.0971,1.2233,32.7634,-0.0187,-0.8890,-0.0159,0.4573
2026-05-08T19:38:49.086,-8.1498,1.2232,32.7257,-0.0185,-0.8928,-0.0161,0.4498
2026-05-08T19:38:49.105,-8.2047,1.2232,32.6850,-0.0182,-0.8968,-0.0163,0.4418
2026-05-08T19:38:49.123,-8.2599,1.2232,32.6438,-0.0181,-0.9007,-0.0165,0.4337
2026-05-08T19:38:49.143,-8.3169,1.2232,32.5983,-0.0180,-0.9048,-0.0167,0.4250
2026-05-08T19:38:49.163,-8.3708,1.2232,32.5535,-0.0178,-0.9087,-0.0169,0.4168
2026-05-08T19:38:49.180,-8.4293,1.2231,32.5031,-0.0176,-0.9130,-0.0171,0.4073
2026-05-08T19:38:49.198,-8.4842,1.2231,32.4537,-0.0174,-0.9169,-0.0173,0.3983
2026-05-08T19:38:49.216,-8.5332,1.2231,32.4078,-0.0173,-0.9205,-0.0176,0.3900
2026-05-08T19:38:49.236,-8.5873,1.2231,32.3554,-0.0172,-0.9244,-0.0177,0.3807
2026-05-08T19:38:49.255,-8.6323,1.2231,32.3100,-0.0169,-0.9276,-0.0179,0.3727
2026-05-08T19:38:49.274,-8.6827,1.2231,32.2574,-0.0166,-0.9311,-0.0179,0.3638
2026-05-08T19:38:49.294,-8.7319,1.2231,32.2039,-0.0165,-0.9346,-0.0180,0.3548
2026-05-08T19:38:49.314,-8.7804,1.2231,32.1492,-0.0166,-0.9381,-0.0183,0.3456
2026-05-08T19:38:49.334,-8.8295,1.2232,32.0916,-0.0166,-0.9415,-0.0186,0.3361
2026-05-08T19:38:49.352,-8.8776,1.2232,32.0326,-0.0165,-0.9449,-0.0187,0.3265
2026-05-08T19:38:49.370,-8.9265,1.2231,31.9703,-0.0162,-0.9483,-0.0190,0.3165
2026-05-08T19:38:49.389,-8.9665,1.2231,31.9170,-0.0160,-0.9511,-0.0191,0.3079
2026-05-08T19:38:49.409,-9.0083,1.2231,31.8591,-0.0156,-0.9540,-0.0193,0.2988
2026-05-08T19:38:49.428,-9.0481,1.2231,31.8017,-0.0155,-0.9568,-0.0195,0.2897
2026-05-08T19:38:49.447,-9.0909,1.2232,31.7374,-0.0154,-0.9598,-0.0197,0.2796
2026-05-08T19:38:49.465,-9.1291,1.2232,31.6772,-0.0151,-0.9624,-0.0199,0.2704
2026-05-08T19:38:49.484,-9.1677,1.2232,31.6160,-0.0147,-0.9650,-0.0200,0.2611
2026-05-08T19:38:49.504,-9.2059,1.2232,31.5506,-0.0144,-0.9676,-0.0201,0.2512
2026-05-08T19:38:49.523,-9.2363,1.2232,31.4960,-0.0143,-0.9697,-0.0202,0.2429
2026-05-08T19:38:49.541,-9.2720,1.2232,31.4288,-0.0142,-0.9723,-0.0202,0.2323
2026-05-08T19:38:49.559,-9.3040,1.2232,31.3655,-0.0142,-0.9746,-0.0205,0.2224
2026-05-08T19:38:49.577,-9.3330,1.2232,31.3051,-0.0142,-0.9767,-0.0208,0.2132
2026-05-08T19:38:49.596,-9.3614,1.2232,31.2431,-0.0139,-0.9787,-0.0210,0.2038
2026-05-08T19:38:49.615,-9.3885,1.2232,31.1805,-0.0136,-0.9807,-0.0211,0.1941
2026-05-08T19:38:49.633,-9.4157,1.2232,31.1144,-0.0133,-0.9826,-0.0212,0.1842
2026-05-08T19:38:49.652,-9.4403,1.2232,31.0511,-0.0128,-0.9843,-0.0213,0.1749
2026-05-08T19:38:49.671,-9.4643,1.2231,30.9857,-0.0124,-0.9859,-0.0215,0.1654
2026-05-08T19:38:49.690,-9.4866,1.2231,30.9213,-0.0115,-0.9874,-0.0218,0.1566
2026-05-08T19:38:49.709,-9.5092,1.2230,30.8518,-0.0112,-0.9888,-0.0219,0.1471
2026-05-08T19:38:49.727,-9.5291,1.2229,30.7870,-0.0098,-0.9901,-0.0219,0.1384
2026-05-08T19:38:49.744,-9.5489,1.2228,30.7172,-0.0098,-0.9915,-0.0222,0.1279
2026-05-08T19:38:49.764,-9.5671,1.2228,30.6527,-0.0095,-0.9926,-0.0226,0.1187
2026-05-08T19:38:49.783,-9.5826,1.2227,30.5889,-0.0089,-0.9936,-0.0230,0.1100
2026-05-08T19:38:49.803,-9.5987,1.2227,30.5167,-0.0089,-0.9947,-0.0231,0.0993
2026-05-08T19:38:49.824,-9.6134,1.2226,30.4435,-0.0086,-0.9957,-0.0236,0.0887
2026-05-08T19:38:49.844,-9.6261,1.2226,30.3730,-0.0085,-0.9966,-0.0235,0.0784
2026-05-08T19:38:49.863,-9.6384,1.2227,30.2952,-0.0079,-0.9974,-0.0238,0.0669
2026-05-08T19:38:49.881,-9.6478,1.2226,30.2262,-0.0077,-0.9980,-0.0239,0.0572
2026-05-08T19:38:49.899,-9.6560,1.2226,30.1541,-0.0072,-0.9986,-0.0237,0.0470
2026-05-08T19:38:49.918,-9.6624,1.2226,30.0866,-0.0069,-0.9990,-0.0235,0.0372
2026-05-08T19:38:49.938,-9.6673,1.2227,30.0204,-0.0069,-0.9993,-0.0236,0.0276
2026-05-08T19:38:49.958,-9.6711,1.2227,29.9515,-0.0069,-0.9995,-0.0237,0.0175
2026-05-08T19:38:49.977,-9.6737,1.2227,29.8775,-0.0066,-0.9997,-0.0235,0.0064
2026-05-08T19:38:49.997,-9.6746,1.2227,29.8094,-0.0066,-0.9997,-0.0237,-0.0043
2026-05-08T19:38:50.018,-9.6739,1.2228,29.7381,-0.0067,-0.9996,-0.0239,-0.0158
2026-05-08T19:38:50.039,-9.6719,1.2228,29.6726,-0.0067,-0.9993,-0.0239,-0.0262
2026-05-08T19:38:50.058,-9.6679,1.2228,29.5962,-0.0064,-0.9989,-0.0240,-0.0387
2026-05-08T19:38:50.077,-9.6626,1.2228,29.5285,-0.0061,-0.9984,-0.0240,-0.0500
2026-05-08T19:38:50.096,-9.6564,1.2228,29.4664,-0.0059,-0.9978,-0.0241,-0.0609
2026-05-08T19:38:50.115,-9.6484,1.2228,29.4017,-0.0056,-0.9971,-0.0240,-0.0724
2026-05-08T19:38:50.134,-9.6395,1.2228,29.3407,-0.0053,-0.9962,-0.0239,-0.0833
2026-05-08T19:38:50.153,-9.6288,1.2228,29.2774,-0.0051,-0.9952,-0.0238,-0.0947
2026-05-08T19:38:50.173,-9.6168,1.2228,29.2150,-0.0049,-0.9941,-0.0235,-0.1059
2026-05-08T19:38:50.192,-9.6027,1.2228,29.1499,-0.0048,-0.9929,-0.0234,-0.1167
2026-05-08T19:38:50.212,-9.5856,1.2228,29.0783,-0.0046,-0.9916,-0.0233,-0.1271
2026-05-08T19:38:50.232,-9.5670,1.2228,29.0070,-0.0044,-0.9904,-0.0230,-0.1359
2026-05-08T19:38:50.249,-9.5424,1.2227,28.9189,-0.0042,-0.9894,-0.0227,-0.1433
2026-05-08T19:38:50.268,-9.5158,1.2227,28.8292,-0.0040,-0.9884,-0.0226,-0.1499
2026-05-08T19:38:50.287,-9.4932,1.2227,28.7565,-0.0039,-0.9877,-0.0225,-0.1546
2026-05-08T19:38:50.306,-9.4655,1.2227,28.6705,-0.0037,-0.9869,-0.0225,-0.1598
2026-05-08T19:38:50.326,-9.4381,1.2226,28.5861,-0.0035,-0.9861,-0.0224,-0.1645
2026-05-08T19:38:50.347,-9.4086,1.2226,28.5003,-0.0033,-0.9854,-0.0222,-0.1690
2026-05-08T19:38:50.366,-9.3756,1.2226,28.4072,-0.0031,-0.9845,-0.0225,-0.1738
2026-05-08T19:38:50.385,-9.3425,1.2226,28.3164,-0.0031,-0.9837,-0.0225,-0.1786
2026-05-08T19:38:50.405,-9.3083,1.2225,28.2257,-0.0030,-0.9828,-0.0225,-0.1832
2026-05-08T19:38:50.424,-9.2780,1.2225,28.1474,-0.0029,-0.9820,-0.0225,-0.1873
2026-05-08T19:38:50.442,-9.2427,1.2225,28.0583,-0.0028,-0.9810,-0.0225,-0.1926
2026-05-08T19:38:50.461,-9.2096,1.2226,27.9775,-0.0028,-0.9800,-0.0227,-0.1979
2026-05-08T19:38:50.480,-9.1771,1.2226,27.9003,-0.0027,-0.9788,-0.0227,-0.2034
2026-05-08T19:38:50.498,-9.1416,1.2226,27.8188,-0.0025,-0.9776,-0.0227,-0.2090
2026-05-08T19:38:50.517,-9.1069,1.2225,27.7414,-0.0022,-0.9764,-0.0225,-0.2147
2026-05-08T19:38:50.536,-9.0725,1.2225,27.6671,-0.0019,-0.9749,-0.0223,-0.2213
2026-05-08T19:38:50.556,-9.0369,1.2225,27.5927,-0.0019,-0.9733,-0.0222,-0.2283
2026-05-08T19:38:50.575,-9.0002,1.2226,27.5189,-0.0018,-0.9715,-0.0225,-0.2359
2026-05-08T19:38:50.594,-8.9621,1.2226,27.4452,-0.0019,-0.9695,-0.0225,-0.2442
2026-05-08T19:38:50.614,-8.9248,1.2226,27.3761,-0.0018,-0.9674,-0.0225,-0.2521
2026-05-08T19:38:50.633,-8.8870,1.2226,27.3085,-0.0015,-0.9653,-0.0225,-0.2602
2026-05-08T19:38:50.651,-8.8461,1.2226,27.2383,-0.0014,-0.9629,-0.0226,-0.2691
2026-05-08T19:38:50.670,-8.8039,1.2226,27.1687,-0.0012,-0.9603,-0.0226,-0.2782
2026-05-08T19:38:50.689,-8.7682,1.2226,27.1125,-0.0010,-0.9580,-0.0226,-0.2858
2026-05-08T19:38:50.708,-8.7257,1.2226,27.0475,-0.0006,-0.9553,-0.0226,-0.2948
2026-05-08T19:38:50.726,-8.6841,1.2226,26.9866,-0.0004,-0.9525,-0.0228,-0.3036
2026-05-08T19:38:50.744,-8.6423,1.2226,26.9259,-0.0002,-0.9497,-0.0228,-0.3123
2026-05-08T19:38:50.763,-8.6000,1.2226,26.8686,0.0000,-0.9469,-0.0227,-0.3209
2026-05-08T19:38:50.782,-8.5570,1.2226,26.8123,0.0002,-0.9439,-0.0226,-0.3295
2026-05-08T19:38:50.800,-8.5124,1.2226,26.7562,0.0004,-0.9406,-0.0226,-0.3388
2026-05-08T19:38:50.819,-8.4691,1.2226,26.7040,0.0006,-0.9373,-0.0226,-0.3477
2026-05-08T19:38:50.839,-8.4232,1.2226,26.6506,0.0007,-0.9338,-0.0227,-0.3570
2026-05-08T19:38:50.857,-8.3779,1.2226,26.6000,0.0009,-0.9303,-0.0227,-0.3661
2026-05-08T19:38:50.876,-8.3269,1.2226,26.5453,0.0013,-0.9263,-0.0226,-0.3762
2026-05-08T19:38:50.896,-8.2829,1.2227,26.5000,0.0015,-0.9227,-0.0226,-0.3848
2026-05-08T19:38:50.914,-8.2338,1.2226,26.4513,0.0020,-0.9185,-0.0225,-0.3948
2026-05-08T19:38:50.933,-8.1818,1.2226,26.4020,0.0023,-0.9140,-0.0225,-0.4052
2026-05-08T19:38:50.951,-8.1367,1.2226,26.3611,0.0026,-0.9099,-0.0224,-0.4142
2026-05-08T19:38:50.969,-8.0880,1.2226,26.3187,0.0030,-0.9051,-0.0224,-0.4246
2026-05-08T19:38:50.986,-8.0435,1.2226,26.2817,0.0035,-0.9006,-0.0224,-0.4340
2026-05-08T19:38:51.003,-7.9973,1.2225,26.2450,0.0039,-0.8959,-0.0222,-0.4437
2026-05-08T19:38:51.020,-7.9563,1.2225,26.2122,0.0042,-0.8914,-0.0223,-0.4526
2026-05-08T19:38:51.037,-7.9142,1.2225,26.1814,0.0048,-0.8866,-0.0222,-0.4620
2026-05-08T19:38:51.054,-7.8726,1.2225,26.1524,0.0050,-0.8813,-0.0220,-0.4720
2026-05-08T19:38:51.071,-7.8326,1.2225,26.1258,0.0053,-0.8759,-0.0221,-0.4820
2026-05-08T19:38:51.086,-7.7967,1.2225,26.1031,0.0056,-0.8707,-0.0221,-0.4914
2026-05-08T19:38:51.102,-7.7607,1.2226,26.0814,0.0058,-0.8647,-0.0222,-0.5018
2026-05-08T19:38:51.118,-7.7338,1.2226,26.0644,0.0062,-0.8591,-0.0221,-0.5113
2026-05-08T19:38:51.135,-7.7068,1.2226,26.0498,0.0066,-0.8528,-0.0219,-0.5218
2026-05-08T19:38:51.150,-7.6863,1.2226,26.0393,0.0068,-0.8466,-0.0217,-0.5317
2026-05-08T19:38:51.166,-7.6663,1.2226,26.0296,0.0071,-0.8396,-0.0215,-0.5427
2026-05-08T19:38:51.181,-7.6503,1.2226,26.0223,0.0075,-0.8334,-0.0214,-0.5521
2026-05-08T19:38:51.197,-7.6378,1.2226,26.0157,0.0078,-0.8265,-0.0211,-0.5625
2026-05-08T19:38:51.213,-7.6273,1.2226,26.0115,0.0081,-0.8199,-0.0208,-0.5721
2026-05-08T19:38:51.232,-7.6200,1.2226,26.0088,0.0082,-0.8124,-0.0208,-0.5827
2026-05-08T19:38:51.248,-7.6142,1.2226,26.0069,0.0084,-0.8051,-0.0209,-0.5928
2026-05-08T19:38:51.264,-7.6093,1.2225,26.0054,0.0087,-0.7962,-0.0208,-0.6047
2026-05-08T19:38:51.279,-7.6066,1.2225,26.0028,0.0090,-0.7891,-0.0206,-0.6139
2026-05-08T19:38:51.294,-7.6041,1.2225,26.0021,0.0093,-0.7813,-0.0205,-0.6238
2026-05-08T19:38:51.309,-7.6029,1.2225,26.0018,0.0096,-0.7738,-0.0204,-0.6331
2026-05-08T19:38:51.325,-7.6029,1.2224,26.0018,0.0100,-0.7660,-0.0202,-0.6424
2026-05-08T19:38:51.341,-7.6030,1.2224,26.0018,0.0102,-0.7585,-0.0200,-0.6513
2026-05-08T19:38:51.358,-7.6018,1.2224,26.0003,0.0106,-0.7500,-0.0198,-0.6610
2026-05-08T19:38:51.374,-7.6018,1.2223,26.0002,0.0108,-0.7417,-0.0196,-0.6703
2026-05-08T19:38:51.389,-7.6019,1.2223,26.0001,0.0110,-0.7329,-0.0196,-0.6799
2026-05-08T19:38:51.404,-7.6019,1.2223,26.0001,0.0112,-0.7242,-0.0194,-0.6892
2026-05-08T19:38:51.418,-7.6020,1.2222,26.0001,0.0114,-0.7164,-0.0192,-0.6973
2026-05-08T19:38:51.433,-7.6016,1.2222,25.9987,0.0117,-0.7080,-0.0189,-0.7059
2026-05-08T19:38:51.448,-7.6016,1.2222,25.9987,0.0118,-0.7004,-0.0186,-0.7134
2026-05-08T19:38:51.464,-7.6016,1.2222,25.9987,0.0121,-0.6909,-0.0184,-0.7226
2026-05-08T19:38:51.479,-7.5971,1.2222,25.9989,0.0122,-0.6829,-0.0182,-0.7302
2026-05-08T19:38:51.496,-7.5893,1.2222,25.9981,0.0125,-0.6737,-0.0182,-0.7387
2026-05-08T19:38:51.512,-7.5804,1.2222,25.9989,0.0127,-0.6652,-0.0180,-0.7464
2026-05-08T19:38:51.528,-7.5665,1.2222,26.0005,0.0130,-0.6554,-0.0178,-0.7550
2026-05-08T19:38:51.543,-7.5512,1.2222,26.0026,0.0132,-0.6462,-0.0174,-0.7628
2026-05-08T19:38:51.558,-7.5321,1.2221,26.0044,0.0135,-0.6367,-0.0171,-0.7708
2026-05-08T19:38:51.574,-7.5152,1.2221,26.0077,0.0138,-0.6278,-0.0169,-0.7781
2026-05-08T19:38:51.592,-7.4972,1.2222,26.0115,0.0140,-0.6183,-0.0167,-0.7857
2026-05-08T19:38:51.610,-7.4792,1.2221,26.0159,0.0143,-0.6087,-0.0164,-0.7931
2026-05-08T19:38:51.626,-7.4606,1.2221,26.0209,0.0145,-0.5981,-0.0162,-0.8012
2026-05-08T19:38:51.641,-7.4450,1.2221,26.0255,0.0147,-0.5871,-0.0161,-0.8092
2026-05-08T19:38:51.656,-7.4329,1.2221,26.0278,0.0150,-0.5774,-0.0159,-0.8162
2026-05-08T19:38:51.671,-7.4274,1.2221,26.0297,0.0153,-0.5677,-0.0158,-0.8230
2026-05-08T19:38:51.689,-7.4246,1.2221,26.0308,0.0155,-0.5575,-0.0156,-0.8299
2026-05-08T19:38:51.707,-7.4256,1.2221,26.0304,0.0157,-0.5476,-0.0154,-0.8364
2026-05-08T19:38:51.722,-7.4291,1.2220,26.0288,0.0161,-0.5355,-0.0151,-0.8443
2026-05-08T19:38:51.738,-7.4368,1.2220,26.0234,0.0162,-0.5238,-0.0149,-0.8516
2026-05-08T19:38:51.752,-7.4455,1.2221,26.0190,0.0164,-0.5141,-0.0147,-0.8575
2026-05-08T19:38:51.767,-7.4553,1.2221,26.0137,0.0166,-0.5034,-0.0145,-0.8638
2026-05-08T19:38:51.781,-7.4657,1.2221,26.0078,0.0168,-0.4941,-0.0142,-0.8691
2026-05-08T19:38:51.795,-7.4783,1.2221,25.9988,0.0169,-0.4836,-0.0138,-0.8750
2026-05-08T19:38:51.810,-7.4936,1.2221,25.9892,0.0170,-0.4750,-0.0136,-0.8797
2026-05-08T19:38:51.825,-7.5130,1.2221,25.9764,0.0173,-0.4643,-0.0134,-0.8854
2026-05-08T19:38:51.841,-7.5298,1.2221,25.9647,0.0174,-0.4555,-0.0133,-0.8899
2026-05-08T19:38:51.856,-7.5504,1.2222,25.9484,0.0176,-0.4446,-0.0130,-0.8955
2026-05-08T19:38:51.871,-7.5706,1.2221,25.9330,0.0177,-0.4349,-0.0126,-0.9002
2026-05-08T19:38:51.885,-7.5930,1.2221,25.9152,0.0178,-0.4254,-0.0123,-0.9047
2026-05-08T19:38:51.899,-7.6154,1.2221,25.8966,0.0178,-0.4157,-0.0120,-0.9092
2026-05-08T19:38:51.913,-7.6353,1.2221,25.8778,0.0179,-0.4067,-0.0119,-0.9133
2026-05-08T19:38:51.928,-7.6571,1.2221,25.8581,0.0180,-0.3973,-0.0118,-0.9174
2026-05-08T19:38:51.942,-7.6781,1.2221,25.8384,0.0181,-0.3882,-0.0116,-0.9213
2026-05-08T19:38:51.958,-7.6999,1.2220,25.8155,0.0183,-0.3785,-0.0113,-0.9253
2026-05-08T19:38:51.974,-7.7214,1.2220,25.7934,0.0183,-0.3692,-0.0110,-0.9291
2026-05-08T19:38:51.990,-7.7449,1.2220,25.7685,0.0185,-0.3586,-0.0107,-0.9332
2026-05-08T19:38:52.007,-7.7674,1.2220,25.7435,0.0186,-0.3482,-0.0105,-0.9372
2026-05-08T19:38:52.021,-7.7908,1.2220,25.7163,0.0188,-0.3371,-0.0102,-0.9412
2026-05-08T19:38:52.038,-7.8126,1.2220,25.6875,0.0189,-0.3259,-0.0099,-0.9452
2026-05-08T19:38:52.051,-7.8324,1.2219,25.6621,0.0190,-0.3159,-0.0096,-0.9486
2026-05-08T19:38:52.066,-7.8529,1.2219,25.6348,0.0192,-0.3053,-0.0094,-0.9520
2026-05-08T19:38:52.080,-7.8695,1.2219,25.6115,0.0193,-0.2963,-0.0092,-0.9548
2026-05-08T19:38:52.096,-7.8868,1.2219,25.5842,0.0193,-0.2861,-0.0088,-0.9580
2026-05-08T19:38:52.111,-7.9027,1.2219,25.5601,0.0193,-0.2771,-0.0086,-0.9606
2026-05-08T19:38:52.126,-7.9213,1.2219,25.5302,0.0194,-0.2661,-0.0083,-0.9637
2026-05-08T19:38:52.139,-7.9383,1.2218,25.5019,0.0195,-0.2558,-0.0081,-0.9665
2026-05-08T19:38:52.154,-7.9527,1.2218,25.4739,0.0196,-0.2456,-0.0080,-0.9691
2026-05-08T19:38:52.169,-7.9664,1.2218,25.4485,0.0196,-0.2364,-0.0077,-0.9714
2026-05-08T19:38:52.184,-7.9796,1.2219,25.4229,0.0197,-0.2261,-0.0076,-0.9739
2026-05-08T19:38:52.201,-7.9917,1.2219,25.3982,0.0197,-0.2149,-0.0074,-0.9764
2026-05-08T19:38:52.217,-8.0002,1.2219,25.3767,0.0198,-0.2041,-0.0072,-0.9787
2026-05-08T19:38:52.232,-8.0107,1.2218,25.3526,0.0199,-0.1912,-0.0069,-0.9813
2026-05-08T19:38:52.247,-8.0190,1.2218,25.3320,0.0199,-0.1801,-0.0066,-0.9834
2026-05-08T19:38:52.263,-8.0275,1.2218,25.3094,0.0200,-0.1680,-0.0062,-0.9856
2026-05-08T19:38:52.277,-8.0327,1.2218,25.2902,0.0200,-0.1577,-0.0059,-0.9873
2026-05-08T19:38:52.290,-8.0393,1.2218,25.2697,0.0200,-0.1461,-0.0055,-0.9891
2026-05-08T19:38:52.304,-8.0441,1.2218,25.2538,0.0200,-0.1360,-0.0051,-0.9905
2026-05-08T19:38:52.319,-8.0484,1.2217,25.2381,0.0200,-0.1256,-0.0049,-0.9919
2026-05-08T19:38:52.333,-8.0511,1.2217,25.2228,0.0201,-0.1150,-0.0045,-0.9931
2026-05-08T19:38:52.358,-8.0545,1.2217,25.2083,0.0202,-0.1044,-0.0043,-0.9943
2026-05-08T19:38:52.372,-8.0563,1.2217,25.1996,0.0203,-0.0927,-0.0040,-0.9955
2026-05-08T19:38:52.386,-8.0568,1.2217,25.1969,0.0203,-0.0735,-0.0036,-0.9971
2026-05-08T19:38:52.400,-8.0566,1.2217,25.1983,0.0204,-0.0625,-0.0034,-0.9978
2026-05-08T19:38:52.414,-8.0547,1.2217,25.2042,0.0204,-0.0520,-0.0031,-0.9984
2026-05-08T19:38:52.428,-8.0534,1.2217,25.2162,0.0204,-0.0402,-0.0029,-0.9990
2026-05-08T19:38:52.442,-8.0524,1.2217,25.2304,0.0205,-0.0304,-0.0028,-0.9993
2026-05-08T19:38:52.456,-8.0512,1.2217,25.2506,0.0205,-0.0191,-0.0026,-0.9996
2026-05-08T19:38:52.470,-8.0490,1.2217,25.2753,0.0205,-0.0090,-0.0024,-0.9997
2026-05-08T19:38:52.485,-8.0486,1.2217,25.3018,0.0206,0.0009,-0.0022,-0.9998
2026-05-08T19:38:52.498,-8.0486,1.2217,25.3312,0.0207,0.0110,-0.0021,-0.9997
2026-05-08T19:38:52.513,-8.0482,1.2218,25.3640,0.0207,0.0207,-0.0020,-0.9996
2026-05-08T19:38:52.527,-8.0496,1.2218,25.3974,0.0207,0.0304,-0.0017,-0.9993
2026-05-08T19:38:52.540,-8.0518,1.2218,25.4323,0.0207,0.0402,-0.0015,-0.9990
2026-05-08T19:38:52.554,-8.0535,1.2218,25.4674,0.0206,0.0497,-0.0013,-0.9986
2026-05-08T19:38:52.568,-8.0570,1.2218,25.5016,0.0207,0.0591,-0.0013,-0.9980
2026-05-08T19:38:52.582,-8.0610,1.2218,25.5345,0.0207,0.0677,-0.0012,-0.9975
2026-05-08T19:38:52.595,-8.0664,1.2219,25.5735,0.0208,0.0774,-0.0011,-0.9968
2026-05-08T19:38:52.610,-8.0712,1.2219,25.6111,0.0209,0.0859,-0.0010,-0.9961
2026-05-08T19:38:52.624,-8.0781,1.2219,25.6510,0.0210,0.0945,-0.0009,-0.9953
2026-05-08T19:38:52.638,-8.0867,1.2219,25.6956,0.0210,0.1035,-0.0006,-0.9944
2026-05-08T19:38:52.651,-8.0959,1.2219,25.7444,0.0210,0.1113,-0.0005,-0.9936
2026-05-08T19:38:52.665,-8.1075,1.2219,25.7951,0.0210,0.1180,-0.0004,-0.9928
2026-05-08T19:38:52.680,-8.1215,1.2219,25.8530,0.0210,0.1235,-0.0002,-0.9921
2026-05-08T19:38:52.693,-8.1370,1.2219,25.9168,0.0210,0.1277,-0.0001,-0.9916
2026-05-08T19:38:52.707,-8.1545,1.2219,25.9834,0.0210,0.1312,0.0000,-0.9911
2026-05-08T19:38:52.721,-8.1713,1.2220,26.0456,0.0211,0.1313,-0.0001,-0.9911
2026-05-08T19:38:52.736,-8.1895,1.2220,26.1132,0.0211,0.1313,-0.0001,-0.9911
2026-05-08T19:38:52.749,-8.2072,1.2220,26.1786,0.0211,0.1313,-0.0001,-0.9911
2026-05-08T19:38:52.763,-8.2261,1.2220,26.2486,0.0210,0.1289,-0.0002,-0.9914
2026-05-08T19:38:52.777,-8.2429,1.2220,26.3120,0.0211,0.1262,-0.0003,-0.9918
2026-05-08T19:38:52.791,-8.2596,1.2221,26.3752,0.0211,0.1228,-0.0005,-0.9922
2026-05-08T19:38:52.805,-8.2751,1.2221,26.4368,0.0211,0.1189,-0.0008,-0.9927
2026-05-08T19:38:52.818,-8.2905,1.2222,26.4998,0.0212,0.1145,-0.0010,-0.9932
2026-05-08T19:38:52.833,-8.3056,1.2222,26.5618,0.0213,0.1099,-0.0014,-0.9937
2026-05-08T19:38:52.847,-8.3188,1.2222,26.6206,0.0213,0.1052,-0.0015,-0.9942
2026-05-08T19:38:52.859,-8.3334,1.2222,26.6886,0.0212,0.0996,-0.0017,-0.9948
2026-05-08T19:38:52.874,-8.3454,1.2222,26.7441,0.0213,0.0948,-0.0019,-0.9953
2026-05-08T19:38:52.888,-8.3556,1.2222,26.7970,0.0213,0.0898,-0.0021,-0.9957
2026-05-08T19:38:52.902,-8.3669,1.2223,26.8586,0.0212,0.0837,-0.0023,-0.9963
2026-05-08T19:38:52.916,-8.3770,1.2223,26.9139,0.0213,0.0777,-0.0025,-0.9968
2026-05-08T19:38:52.930,-8.3859,1.2223,26.9700,0.0213,0.0710,-0.0027,-0.9972
2026-05-08T19:38:52.944,-8.3933,1.2223,27.0215,0.0213,0.0643,-0.0029,-0.9977
2026-05-08T19:38:52.958,-8.4009,1.2223,27.0797,0.0212,0.0561,-0.0031,-0.9982
2026-05-08T19:38:52.972,-8.4068,1.2223,27.1226,0.0213,0.0492,-0.0034,-0.9986
2026-05-08T19:38:52.985,-8.4114,1.2223,27.1679,0.0214,0.0413,-0.0036,-0.9989
2026-05-08T19:38:52.999,-8.4155,1.2223,27.2163,0.0214,0.0326,-0.0039,-0.9992
2026-05-08T19:38:53.013,-8.4190,1.2224,27.2549,0.0214,0.0249,-0.0041,-0.9995
2026-05-08T19:38:53.026,-8.4212,1.2224,27.2978,0.0214,0.0163,-0.0044,-0.9996
2026-05-08T19:38:53.040,-8.4226,1.2224,27.3392,0.0214,0.0074,-0.0047,-0.9997
2026-05-08T19:38:53.054,-8.4243,1.2224,27.3761,0.0214,-0.0013,-0.0050,-0.9998
2026-05-08T19:38:53.068,-8.4242,1.2224,27.4131,0.0213,-0.0103,-0.0053,-0.9997
2026-05-08T19:38:53.082,-8.4235,1.2224,27.4478,0.0212,-0.0197,-0.0055,-0.9996
2026-05-08T19:38:53.095,-8.4221,1.2224,27.4839,0.0212,-0.0298,-0.0058,-0.9993
2026-05-08T19:38:53.110,-8.4214,1.2224,27.5146,0.0212,-0.0388,-0.0060,-0.9990
2026-05-08T19:38:53.123,-8.4194,1.2224,27.5414,0.0211,-0.0483,-0.0062,-0.9986
2026-05-08T19:38:53.137,-8.4166,1.2224,27.5697,0.0210,-0.0586,-0.0064,-0.9980
2026-05-08T19:38:53.151,-8.4147,1.2224,27.5954,0.0210,-0.0687,-0.0065,-0.9974
2026-05-08T19:38:53.165,-8.4116,1.2224,27.6183,0.0207,-0.0787,-0.0067,-0.9967
2026-05-08T19:38:53.179,-8.4082,1.2224,27.6395,0.0206,-0.0891,-0.0068,-0.9958
2026-05-08T19:38:53.193,-8.4056,1.2224,27.6604,0.0205,-0.0999,-0.0070,-0.9948
2026-05-08T19:38:53.207,-8.4018,1.2224,27.6792,0.0205,-0.1100,-0.0074,-0.9937
2026-05-08T19:38:53.220,-8.3976,1.2224,27.6982,0.0204,-0.1209,-0.0077,-0.9924
2026-05-08T19:38:53.234,-8.3950,1.2224,27.7136,0.0202,-0.1314,-0.0080,-0.9911
2026-05-08T19:38:53.247,-8.3912,1.2224,27.7279,0.0202,-0.1415,-0.0083,-0.9897
2026-05-08T19:38:53.261,-8.3868,1.2224,27.7429,0.0201,-0.1526,-0.0085,-0.9881
2026-05-08T19:38:53.275,-8.3845,1.2224,27.7544,0.0200,-0.1619,-0.0087,-0.9866
2026-05-08T19:38:53.289,-8.3805,1.2224,27.7662,0.0199,-0.1722,-0.0089,-0.9848
2026-05-08T19:38:53.303,-8.3767,1.2224,27.7766,0.0198,-0.1829,-0.0092,-0.9829
2026-05-08T19:38:53.317,-8.3730,1.2224,27.7861,0.0196,-0.1933,-0.0095,-0.9809
2026-05-08T19:38:53.332,-8.3703,1.2223,27.7958,0.0195,-0.2044,-0.0096,-0.9786
2026-05-08T19:38:53.346,-8.3666,1.2223,27.8043,0.0194,-0.2146,-0.0099,-0.9764
2026-05-08T19:38:53.359,-8.3621,1.2223,27.8140,0.0193,-0.2262,-0.0101,-0.9738
2026-05-08T19:38:53.373,-8.3594,1.2223,27.8225,0.0192,-0.2366,-0.0103,-0.9714
2026-05-08T19:38:53.387,-8.3551,1.2223,27.8307,0.0189,-0.2466,-0.0104,-0.9689
2026-05-08T19:38:53.401,-8.3506,1.2223,27.8390,0.0187,-0.2569,-0.0107,-0.9662
2026-05-08T19:38:53.416,-8.3470,1.2223,27.8476,0.0185,-0.2677,-0.0108,-0.9633
2026-05-08T19:38:53.431,-8.3416,1.2223,27.8566,0.0183,-0.2786,-0.0111,-0.9602
2026-05-08T19:38:53.445,-8.3348,1.2223,27.8672,0.0180,-0.2891,-0.0114,-0.9570
2026-05-08T19:38:53.459,-8.3242,1.2223,27.8831,0.0179,-0.3003,-0.0117,-0.9536
2026-05-08T19:38:53.473,-8.3142,1.2224,27.8998,0.0176,-0.3102,-0.0119,-0.9504
2026-05-08T19:38:53.487,-8.2991,1.2224,27.9204,0.0175,-0.3199,-0.0121,-0.9472
2026-05-08T19:38:53.502,-8.2817,1.2223,27.9433,0.0174,-0.3295,-0.0123,-0.9439
2026-05-08T19:38:53.518,-8.2633,1.2223,27.9683,0.0173,-0.3384,-0.0125,-0.9408
2026-05-08T19:38:53.533,-8.2369,1.2223,28.0002,0.0171,-0.3478,-0.0125,-0.9373
2026-05-08T19:38:53.546,-8.2060,1.2223,28.0361,0.0169,-0.3573,-0.0125,-0.9337
2026-05-08T19:38:53.560,-8.1712,1.2223,28.0749,0.0168,-0.3661,-0.0126,-0.9303
2026-05-08T19:38:53.573,-8.1424,1.2223,28.1074,0.0166,-0.3727,-0.0127,-0.9277
2026-05-08T19:38:53.588,-8.1069,1.2223,28.1445,0.0165,-0.3795,-0.0128,-0.9249
2026-05-08T19:38:53.603,-8.0720,1.2223,28.1799,0.0164,-0.3860,-0.0129,-0.9223
2026-05-08T19:38:53.618,-8.0303,1.2223,28.2210,0.0164,-0.3932,-0.0129,-0.9192
2026-05-08T19:38:53.633,-7.9903,1.2223,28.2605,0.0163,-0.3996,-0.0131,-0.9165
2026-05-08T19:38:53.647,-7.9470,1.2223,28.3008,0.0162,-0.4062,-0.0133,-0.9135
2026-05-08T19:38:53.660,-7.9013,1.2223,28.3422,0.0161,-0.4129,-0.0135,-0.9105
2026-05-08T19:38:53.674,-7.8636,1.2223,28.3763,0.0160,-0.4184,-0.0136,-0.9080
2026-05-08T19:38:53.689,-7.8214,1.2223,28.4124,0.0159,-0.4244,-0.0137,-0.9052
2026-05-08T19:38:53.704,-7.7787,1.2223,28.4481,0.0158,-0.4303,-0.0140,-0.9024
2026-05-08T19:38:53.719,-7.7326,1.2223,28.4855,0.0157,-0.4365,-0.0141,-0.8994
2026-05-08T19:38:53.734,-7.6873,1.2223,28.5222,0.0157,-0.4427,-0.0142,-0.8964
2026-05-08T19:38:53.747,-7.6418,1.2223,28.5571,0.0156,-0.4487,-0.0144,-0.8934
2026-05-08T19:38:53.761,-7.5923,1.2224,28.5940,0.0154,-0.4551,-0.0145,-0.8902
2026-05-08T19:38:53.775,-7.5504,1.2224,28.6254,0.0153,-0.4606,-0.0146,-0.8874
2026-05-08T19:38:53.789,-7.5059,1.2224,28.6568,0.0152,-0.4662,-0.0146,-0.8844
2026-05-08T19:38:53.804,-7.4603,1.2224,28.6881,0.0151,-0.4720,-0.0146,-0.8813
2026-05-08T19:38:53.818,-7.4130,1.2224,28.7196,0.0149,-0.4780,-0.0146,-0.8781
2026-05-08T19:38:53.834,-7.3622,1.2224,28.7534,0.0148,-0.4844,-0.0148,-0.8746
2026-05-08T19:38:53.847,-7.3151,1.2225,28.7830,0.0147,-0.4902,-0.0152,-0.8714
2026-05-08T19:38:53.861,-7.2622,1.2225,28.8153,0.0145,-0.4966,-0.0155,-0.8677
2026-05-08T19:38:53.875,-7.2171,1.2225,28.8428,0.0143,-0.5022,-0.0156,-0.8645
2026-05-08T19:38:53.890,-7.1707,1.2226,28.8693,0.0141,-0.5079,-0.0157,-0.8611
2026-05-08T19:38:53.905,-7.1206,1.2226,28.8971,0.0141,-0.5140,-0.0158,-0.8575
2026-05-08T19:38:53.920,-7.0702,1.2226,28.9241,0.0140,-0.5201,-0.0161,-0.8538
2026-05-08T19:38:53.937,-7.0172,1.2226,28.9524,0.0138,-0.5264,-0.0163,-0.8499
2026-05-08T19:38:53.953,-6.9676,1.2226,28.9772,0.0137,-0.5323,-0.0164,-0.8463
2026-05-08T19:38:53.967,-6.9067,1.2226,29.0065,0.0136,-0.5397,-0.0165,-0.8416
2026-05-08T19:38:53.980,-6.8530,1.2226,29.0312,0.0135,-0.5460,-0.0167,-0.8375
2026-05-08T19:38:53.994,-6.8030,1.2227,29.0542,0.0134,-0.5519,-0.0168,-0.8336
2026-05-08T19:38:54.009,-6.7555,1.2227,29.0744,0.0133,-0.5574,-0.0170,-0.8299
2026-05-08T19:38:54.024,-6.6782,1.2227,29.1060,0.0131,-0.5664,-0.0171,-0.8239
2026-05-08T19:38:54.038,-6.6541,1.2227,29.1152,0.0130,-0.5692,-0.0171,-0.8219
2026-05-08T19:38:54.053,-6.5996,1.2227,29.1361,0.0128,-0.5756,-0.0171,-0.8175
2026-05-08T19:38:54.074,-6.5484,1.2228,29.1545,0.0127,-0.5816,-0.0171,-0.8132
2026-05-08T19:38:54.094,-6.4939,1.2228,29.1731,0.0125,-0.5879,-0.0173,-0.8086
2026-05-08T19:38:54.110,-6.4191,1.2228,29.1973,0.0122,-0.5965,-0.0176,-0.8024
2026-05-08T19:38:54.126,-6.3444,1.2228,29.2198,0.0120,-0.6049,-0.0178,-0.7960
2026-05-08T19:38:54.140,-6.2888,1.2228,29.2353,0.0119,-0.6111,-0.0179,-0.7913
2026-05-08T19:38:54.154,-6.2302,1.2229,29.2516,0.0117,-0.6178,-0.0180,-0.7860
2026-05-08T19:38:54.169,-6.1813,1.2228,29.2635,0.0117,-0.6233,-0.0180,-0.7817
2026-05-08T19:38:54.185,-6.1301,1.2228,29.2752,0.0115,-0.6290,-0.0180,-0.7771
2026-05-08T19:38:54.203,-6.0740,1.2228,29.2872,0.0114,-0.6352,-0.0181,-0.7721
2026-05-08T19:38:54.218,-6.0158,1.2228,29.2996,0.0112,-0.6417,-0.0182,-0.7666
2026-05-08T19:38:54.232,-5.9514,1.2228,29.3111,0.0110,-0.6489,-0.0182,-0.7606
2026-05-08T19:38:54.246,-5.8979,1.2228,29.3196,0.0109,-0.6548,-0.0183,-0.7555
2026-05-08T19:38:54.260,-5.8455,1.2228,29.3271,0.0108,-0.6607,-0.0184,-0.7503
2026-05-08T19:38:54.274,-5.7955,1.2228,29.3344,0.0107,-0.6663,-0.0185,-0.7453
2026-05-08T19:38:54.289,-5.7456,1.2228,29.3400,0.0105,-0.6720,-0.0186,-0.7403
2026-05-08T19:38:54.304,-5.6930,1.2228,29.3451,0.0104,-0.6780,-0.0187,-0.7348
2026-05-08T19:38:54.317,-5.6426,1.2228,29.3492,0.0102,-0.6837,-0.0189,-0.7295
2026-05-08T19:38:54.332,-5.5920,1.2228,29.3534,0.0101,-0.6900,-0.0190,-0.7235
2026-05-08T19:38:54.346,-5.5481,1.2228,29.3555,0.0099,-0.6958,-0.0191,-0.7179
2026-05-08T19:38:54.360,-5.5007,1.2228,29.3570,0.0098,-0.7024,-0.0192,-0.7115
2026-05-08T19:38:54.375,-5.4579,1.2227,29.3586,0.0096,-0.7084,-0.0192,-0.7055
2026-05-08T19:38:54.389,-5.4148,1.2227,29.3584,0.0095,-0.7145,-0.0193,-0.6993
2026-05-08T19:38:54.403,-5.3738,1.2227,29.3576,0.0094,-0.7208,-0.0193,-0.6929
2026-05-08T19:38:54.417,-5.3342,1.2227,29.3560,0.0093,-0.7270,-0.0193,-0.6863
2026-05-08T19:38:54.432,-5.2945,1.2227,29.3547,0.0091,-0.7337,-0.0194,-0.6791
2026-05-08T19:38:54.446,-5.2604,1.2227,29.3520,0.0090,-0.7399,-0.0193,-0.6724
2026-05-08T19:38:54.461,-5.2178,1.2227,29.3479,0.0088,-0.7476,-0.0194,-0.6639
2026-05-08T19:38:54.476,-5.1879,1.2228,29.3457,0.0086,-0.7531,-0.0196,-0.6575
2026-05-08T19:38:54.493,-5.1521,1.2228,29.3408,0.0083,-0.7600,-0.0197,-0.6495
2026-05-08T19:38:54.509,-5.1181,1.2227,29.3354,0.0080,-0.7668,-0.0199,-0.6416
2026-05-08T19:38:54.524,-5.0783,1.2227,29.3283,0.0077,-0.7746,-0.0200,-0.6320
2026-05-08T19:38:54.537,-5.0441,1.2226,29.3213,0.0075,-0.7816,-0.0201,-0.6234
2026-05-08T19:38:54.551,-5.0138,1.2226,29.3156,0.0074,-0.7879,-0.0201,-0.6154
2026-05-08T19:38:54.566,-4.9850,1.2226,29.3084,0.0072,-0.7939,-0.0202,-0.6076
2026-05-08T19:38:54.580,-4.9562,1.2226,29.3006,0.0070,-0.7999,-0.0203,-0.5997
2026-05-08T19:38:54.595,-4.9262,1.2226,29.2930,0.0068,-0.8062,-0.0203,-0.5913
2026-05-08T19:38:54.610,-4.8991,1.2225,29.2844,0.0066,-0.8118,-0.0204,-0.5836
2026-05-08T19:38:54.626,-4.8682,1.2225,29.2740,0.0065,-0.8181,-0.0204,-0.5747
2026-05-08T19:38:54.640,-4.8388,1.2225,29.2634,0.0064,-0.8241,-0.0204,-0.5660
2026-05-08T19:38:54.656,-4.8066,1.2224,29.2523,0.0062,-0.8306,-0.0205,-0.5565
2026-05-08T19:38:54.671,-4.7789,1.2224,29.2409,0.0060,-0.8360,-0.0205,-0.5483
2026-05-08T19:38:54.685,-4.7442,1.2224,29.2258,0.0058,-0.8418,-0.0205,-0.5393
2026-05-08T19:38:54.702,-4.7103,1.2224,29.2102,0.0056,-0.8474,-0.0206,-0.5305
2026-05-08T19:38:54.720,-4.6757,1.2224,29.1948,0.0054,-0.8527,-0.0206,-0.5219
2026-05-08T19:38:54.735,-4.6360,1.2224,29.1745,0.0052,-0.8588,-0.0206,-0.5119
2026-05-08T19:38:54.751,-4.5974,1.2224,29.1536,0.0048,-0.8643,-0.0207,-0.5024
2026-05-08T19:38:54.767,-4.5564,1.2224,29.1304,0.0046,-0.8694,-0.0209,-0.4937
2026-05-08T19:38:54.781,-4.5151,1.2224,29.1058,0.0043,-0.8740,-0.0211,-0.4855
2026-05-08T19:38:54.798,-4.4651,1.2224,29.0760,0.0041,-0.8782,-0.0211,-0.4777
2026-05-08T19:38:54.816,-4.4219,1.2224,29.0481,0.0040,-0.8817,-0.0212,-0.4713
2026-05-08T19:38:54.831,-4.3598,1.2224,29.0067,0.0038,-0.8857,-0.0212,-0.4638
2026-05-08T19:38:54.846,-4.3052,1.2224,28.9690,0.0037,-0.8889,-0.0212,-0.4575
2026-05-08T19:38:54.861,-4.2477,1.2225,28.9279,0.0036,-0.8920,-0.0213,-0.4515
2026-05-08T19:38:54.877,-4.1966,1.2225,28.8913,0.0034,-0.8942,-0.0214,-0.4471
2026-05-08T19:38:54.894,-4.1411,1.2225,28.8497,0.0034,-0.8964,-0.0215,-0.4428
2026-05-08T19:38:54.911,-4.0830,1.2225,28.8054,0.0032,-0.8979,-0.0214,-0.4397
2026-05-08T19:38:54.928,-4.0152,1.2225,28.7529,0.0032,-0.8995,-0.0215,-0.4364
2026-05-08T19:38:54.943,-3.9516,1.2225,28.7029,0.0031,-0.9007,-0.0216,-0.4340
2026-05-08T19:38:54.958,-3.8845,1.2225,28.6494,0.0031,-0.9007,-0.0216,-0.4340
2026-05-08T19:38:54.973,-3.8280,1.2226,28.6046,0.0030,-0.9007,-0.0217,-0.4340
2026-05-08T19:38:54.988,-3.7706,1.2226,28.5589,0.0030,-0.9007,-0.0217,-0.4339
2026-05-08T19:38:55.005,-3.7122,1.2226,28.5124,0.0031,-0.9007,-0.0218,-0.4338
2026-05-08T19:38:55.023,-3.6531,1.2226,28.4653,0.0031,-0.9008,-0.0218,-0.4337
2026-05-08T19:38:55.039,-3.5855,1.2226,28.4114,0.0031,-0.9008,-0.0219,-0.4337
2026-05-08T19:38:55.054,-3.5169,1.2226,28.3568,0.0031,-0.9008,-0.0219,-0.4336
2026-05-08T19:38:55.069,-3.4527,1.2226,28.3055,0.0031,-0.9008,-0.0220,-0.4336
2026-05-08T19:38:55.084,-3.3956,1.2226,28.2600,0.0032,-0.9010,-0.0219,-0.4334
2026-05-08T19:38:55.100,-3.3360,1.2226,28.2123,0.0033,-0.9011,-0.0217,-0.4330
2026-05-08T19:38:55.116,-3.2768,1.2226,28.1649,0.0032,-0.9012,-0.0216,-0.4329
2026-05-08T19:38:55.134,-3.2162,1.2227,28.1165,0.0031,-0.9013,-0.0216,-0.4327
2026-05-08T19:38:55.150,-3.1513,1.2227,28.0645,0.0030,-0.9013,-0.0216,-0.4327
2026-05-08T19:38:55.166,-3.0826,1.2227,28.0094,0.0030,-0.9013,-0.0217,-0.4326
2026-05-08T19:38:55.181,-3.0246,1.2227,27.9629,0.0030,-0.9015,-0.0216,-0.4323
2026-05-08T19:38:55.197,-2.9631,1.2226,27.9136,0.0031,-0.9015,-0.0216,-0.4323
2026-05-08T19:38:55.212,-2.9042,1.2226,27.8663,0.0031,-0.9014,-0.0216,-0.4324
2026-05-08T19:38:55.228,-2.8458,1.2226,27.8195,0.0032,-0.9000,-0.0217,-0.4353
2026-05-08T19:38:55.245,-2.7888,1.2226,27.7744,0.0032,-0.8985,-0.0217,-0.4385
2026-05-08T19:38:55.262,-2.7220,1.2226,27.7223,0.0033,-0.8967,-0.0217,-0.4421
2026-05-08T19:38:55.278,-2.6623,1.2226,27.6759,0.0035,-0.8950,-0.0216,-0.4456
2026-05-08T19:38:55.293,-2.5975,1.2226,27.6269,0.0036,-0.8931,-0.0216,-0.4493
2026-05-08T19:38:55.308,-2.5387,1.2226,27.5833,0.0037,-0.8914,-0.0215,-0.4527
2026-05-08T19:38:55.324,-2.4803,1.2226,27.5406,0.0038,-0.8897,-0.0213,-0.4560
2026-05-08T19:38:55.341,-2.4221,1.2226,27.4987,0.0039,-0.8880,-0.0213,-0.4594
2026-05-08T19:38:55.360,-2.3580,1.2226,27.4528,0.0039,-0.8860,-0.0213,-0.4632
2026-05-08T19:38:55.375,-2.2923,1.2226,27.4072,0.0038,-0.8839,-0.0214,-0.4672
2026-05-08T19:38:55.390,-2.2235,1.2226,27.3603,0.0038,-0.8817,-0.0217,-0.4713
2026-05-08T19:38:55.406,-2.1646,1.2226,27.3210,0.0038,-0.8798,-0.0216,-0.4748
2026-05-08T19:38:55.421,-2.1037,1.2226,27.2810,0.0039,-0.8778,-0.0215,-0.4786
2026-05-08T19:38:55.440,-2.0420,1.2226,27.2407,0.0040,-0.8755,-0.0215,-0.4828
2026-05-08T19:38:55.456,-1.9816,1.2226,27.2026,0.0041,-0.8732,-0.0215,-0.4869
2026-05-08T19:38:55.472,-1.9106,1.2226,27.1587,0.0042,-0.8705,-0.0215,-0.4917
2026-05-08T19:38:55.487,-1.8456,1.2226,27.1195,0.0044,-0.8679,-0.0214,-0.4962
2026-05-08T19:38:55.502,-1.7831,1.2225,27.0827,0.0045,-0.8655,-0.0214,-0.5005
2026-05-08T19:38:55.517,-1.7253,1.2225,27.0488,0.0046,-0.8632,-0.0213,-0.5045
2026-05-08T19:38:55.533,-1.6635,1.2225,27.0140,0.0048,-0.8606,-0.0213,-0.5088
2026-05-08T19:38:55.551,-1.6063,1.2225,26.9825,0.0049,-0.8580,-0.0213,-0.5131
2026-05-08T19:38:55.568,-1.5382,1.2225,26.9459,0.0051,-0.8548,-0.0212,-0.5185
2026-05-08T19:38:55.583,-1.4728,1.2225,26.9119,0.0052,-0.8516,-0.0211,-0.5238
2026-05-08T19:38:55.598,-1.4045,1.2224,26.8775,0.0053,-0.8480,-0.0212,-0.5295
2026-05-08T19:38:55.613,-1.3474,1.2225,26.8487,0.0055,-0.8449,-0.0213,-0.5345
2026-05-08T19:38:55.628,-1.2853,1.2225,26.8193,0.0058,-0.8414,-0.0214,-0.5399
2026-05-08T19:38:55.645,-1.2318,1.2224,26.7948,0.0060,-0.8381,-0.0213,-0.5450
2026-05-08T19:38:55.663,-1.1708,1.2224,26.7677,0.0063,-0.8339,-0.0213,-0.5515
2026-05-08T19:38:55.678,-1.1132,1.2224,26.7423,0.0066,-0.8295,-0.0216,-0.5581
2026-05-08T19:38:55.693,-1.0518,1.2224,26.7174,0.0069,-0.8246,-0.0217,-0.5653
2026-05-08T19:38:55.709,-0.9995,1.2224,26.6972,0.0073,-0.8200,-0.0217,-0.5719
2026-05-08T19:38:55.724,-0.9476,1.2224,26.6781,0.0075,-0.8151,-0.0217,-0.5789
2026-05-08T19:38:55.738,-0.8979,1.2225,26.6608,0.0078,-0.8102,-0.0216,-0.5857
2026-05-08T19:38:55.753,-0.8486,1.2225,26.6436,0.0080,-0.8049,-0.0217,-0.5929
2026-05-08T19:38:55.768,-0.8031,1.2225,26.6295,0.0081,-0.7998,-0.0220,-0.5998
2026-05-08T19:38:55.785,-0.7602,1.2225,26.6170,0.0084,-0.7944,-0.0222,-0.6069
2026-05-08T19:38:55.800,-0.7130,1.2225,26.6042,0.0086,-0.7882,-0.0220,-0.6149
2026-05-08T19:38:55.816,-0.6659,1.2225,26.5913,0.0088,-0.7817,-0.0221,-0.6232
2026-05-08T19:38:55.830,-0.6207,1.2225,26.5810,0.0090,-0.7753,-0.0220,-0.6312
2026-05-08T19:38:55.844,-0.5797,1.2226,26.5726,0.0094,-0.7693,-0.0221,-0.6384
2026-05-08T19:38:55.857,-0.5400,1.2226,26.5652,0.0095,-0.7634,-0.0222,-0.6454
2026-05-08T19:38:55.872,-0.5021,1.2226,26.5578,0.0097,-0.7576,-0.0221,-0.6522
2026-05-08T19:38:55.886,-0.4638,1.2226,26.5521,0.0099,-0.7518,-0.0221,-0.6590
2026-05-08T19:38:55.900,-0.4231,1.2226,26.5468,0.0102,-0.7455,-0.0220,-0.6660
2026-05-08T19:38:55.914,-0.3844,1.2226,26.5413,0.0104,-0.7396,-0.0221,-0.6727
2026-05-08T19:38:55.929,-0.3426,1.2227,26.5374,0.0107,-0.7329,-0.0221,-0.6799
2026-05-08T19:38:55.942,-0.3038,1.2227,26.5345,0.0108,-0.7269,-0.0219,-0.6863
2026-05-08T19:38:55.956,-0.2641,1.2227,26.5323,0.0110,-0.7205,-0.0217,-0.6931
2026-05-08T19:38:55.970,-0.2248,1.2227,26.5298,0.0112,-0.7141,-0.0215,-0.6996
2026-05-08T19:38:55.984,-0.1889,1.2227,26.5291,0.0112,-0.7082,-0.0213,-0.7056
2026-05-08T19:38:55.998,-0.1478,1.2227,26.5291,0.0114,-0.7012,-0.0212,-0.7125
2026-05-08T19:38:56.012,-0.1097,1.2227,26.5286,0.0114,-0.6948,-0.0211,-0.7188
2026-05-08T19:38:56.026,-0.0710,1.2227,26.5300,0.0115,-0.6881,-0.0209,-0.7252
2026-05-08T19:38:56.040,-0.0328,1.2227,26.5321,0.0116,-0.6814,-0.0207,-0.7315
2026-05-08T19:38:56.054,0.0049,1.2227,26.5339,0.0119,-0.6748,-0.0207,-0.7376
2026-05-08T19:38:56.068,0.0431,1.2227,26.5373,0.0121,-0.6678,-0.0208,-0.7439
2026-05-08T19:38:56.081,0.0820,1.2227,26.5416,0.0124,-0.6607,-0.0207,-0.7503
2026-05-08T19:38:56.095,0.1196,1.2227,26.5454,0.0126,-0.6538,-0.0207,-0.7563
2026-05-08T19:38:56.110,0.1538,1.2227,26.5505,0.0127,-0.6472,-0.0206,-0.7620
2026-05-08T19:38:56.123,0.1938,1.2227,26.5572,0.0130,-0.6393,-0.0205,-0.7686
2026-05-08T19:38:56.136,0.2307,1.2227,26.5641,0.0131,-0.6320,-0.0203,-0.7746
2026-05-08T19:38:56.151,0.2650,1.2227,26.5701,0.0134,-0.6252,-0.0203,-0.7801
2026-05-08T19:38:56.165,0.2990,1.2227,26.5777,0.0136,-0.6183,-0.0202,-0.7856
2026-05-08T19:38:56.179,0.3361,1.2227,26.5867,0.0138,-0.6107,-0.0202,-0.7915
2026-05-08T19:38:56.193,0.3762,1.2227,26.5962,0.0140,-0.6025,-0.0201,-0.7978
2026-05-08T19:38:56.206,0.4084,1.2227,26.6054,0.0142,-0.5957,-0.0202,-0.8029
2026-05-08T19:38:56.220,0.4451,1.2228,26.6166,0.0144,-0.5878,-0.0202,-0.8086
2026-05-08T19:38:56.234,0.4773,1.2228,26.6260,0.0145,-0.5810,-0.0202,-0.8135
2026-05-08T19:38:56.249,0.5105,1.2228,26.6374,0.0147,-0.5736,-0.0202,-0.8187
2026-05-08T19:38:56.262,0.5476,1.2228,26.6509,0.0149,-0.5653,-0.0203,-0.8245
2026-05-08T19:38:56.275,0.5837,1.2228,26.6649,0.0151,-0.5572,-0.0202,-0.8300
2026-05-08T19:38:56.290,0.6141,1.2228,26.6762,0.0152,-0.5502,-0.0200,-0.8347
2026-05-08T19:38:56.304,0.6480,1.2228,26.6908,0.0154,-0.5423,-0.0198,-0.8398
2026-05-08T19:38:56.317,0.6828,1.2228,26.7066,0.0156,-0.5340,-0.0197,-0.8451
2026-05-08T19:38:56.331,0.7169,1.2228,26.7216,0.0158,-0.5260,-0.0195,-0.8501
2026-05-08T19:38:56.346,0.7464,1.2228,26.7363,0.0159,-0.5189,-0.0192,-0.8545
2026-05-08T19:38:56.359,0.7801,1.2228,26.7538,0.0160,-0.5107,-0.0190,-0.8594
2026-05-08T19:38:56.373,0.8145,1.2228,26.7714,0.0161,-0.5024,-0.0189,-0.8643
2026-05-08T19:38:56.387,0.8454,1.2228,26.7889,0.0162,-0.4946,-0.0188,-0.8688
2026-05-08T19:38:56.400,0.8783,1.2229,26.8085,0.0163,-0.4862,-0.0187,-0.8735
2026-05-08T19:38:56.414,0.9086,1.2229,26.8260,0.0164,-0.4788,-0.0186,-0.8776
2026-05-08T19:38:56.428,0.9428,1.2228,26.8480,0.0164,-0.4713,-0.0183,-0.8816
2026-05-08T19:38:56.442,0.9801,1.2228,26.8729,0.0164,-0.4640,-0.0180,-0.8855
2026-05-08T19:38:56.456,1.0207,1.2228,26.9010,0.0166,-0.4572,-0.0179,-0.8890
2026-05-08T19:38:56.470,1.0675,1.2228,26.9334,0.0167,-0.4512,-0.0178,-0.8921
2026-05-08T19:38:56.484,1.1181,1.2228,26.9706,0.0167,-0.4475,-0.0177,-0.8939
2026-05-08T19:38:56.497,1.1743,1.2228,27.0126,0.0168,-0.4446,-0.0175,-0.8954
2026-05-08T19:38:56.512,1.2249,1.2227,27.0506,0.0168,-0.4446,-0.0175,-0.8954
2026-05-08T19:38:56.525,1.2826,1.2227,27.0943,0.0168,-0.4445,-0.0175,-0.8955
2026-05-08T19:38:56.539,1.3377,1.2227,27.1361,0.0168,-0.4444,-0.0175,-0.8955
2026-05-08T19:38:56.553,1.3912,1.2227,27.1767,0.0168,-0.4444,-0.0174,-0.8955
2026-05-08T19:38:56.567,1.4458,1.2227,27.2182,0.0167,-0.4445,-0.0172,-0.8955
2026-05-08T19:38:56.581,1.5010,1.2226,27.2601,0.0166,-0.4445,-0.0170,-0.8955
2026-05-08T19:38:56.595,1.5569,1.2226,27.3025,0.0165,-0.4446,-0.0169,-0.8954
2026-05-08T19:38:56.609,1.6080,1.2226,27.3412,0.0164,-0.4446,-0.0169,-0.8954
2026-05-08T19:38:56.623,1.6655,1.2226,27.3848,0.0164,-0.4446,-0.0169,-0.8954
2026-05-08T19:38:56.636,1.7219,1.2226,27.4276,0.0163,-0.4446,-0.0170,-0.8954
2026-05-08T19:38:56.651,1.7749,1.2226,27.4677,0.0163,-0.4447,-0.0170,-0.8954
2026-05-08T19:38:56.664,1.8277,1.2226,27.5077,0.0162,-0.4448,-0.0169,-0.8953
2026-05-08T19:38:56.678,1.8832,1.2225,27.5498,0.0162,-0.4449,-0.0169,-0.8953
2026-05-08T19:38:56.692,1.9373,1.2225,27.5908,0.0161,-0.4469,-0.0169,-0.8943
2026-05-08T19:38:56.706,1.9913,1.2225,27.6313,0.0160,-0.4489,-0.0168,-0.8933
2026-05-08T19:38:56.720,2.0455,1.2225,27.6716,0.0159,-0.4511,-0.0168,-0.8922
2026-05-08T19:38:56.734,2.1002,1.2225,27.7121,0.0158,-0.4533,-0.0167,-0.8911
2026-05-08T19:38:56.748,2.1530,1.2225,27.7506,0.0157,-0.4556,-0.0166,-0.8899
2026-05-08T19:38:56.761,2.2101,1.2225,27.7917,0.0156,-0.4588,-0.0165,-0.8882
2026-05-08T19:38:56.776,2.2611,1.2225,27.8284,0.0156,-0.4619,-0.0165,-0.8867
2026-05-08T19:38:56.789,2.3136,1.2225,27.8651,0.0156,-0.4653,-0.0164,-0.8849
2026-05-08T19:38:56.803,2.3665,1.2225,27.9014,0.0155,-0.4698,-0.0165,-0.8825
2026-05-08T19:38:56.817,2.4164,1.2224,27.9350,0.0154,-0.4741,-0.0165,-0.8802
2026-05-08T19:38:56.831,2.4662,1.2224,27.9686,0.0153,-0.4790,-0.0167,-0.8775
2026-05-08T19:38:56.845,2.5148,1.2225,27.9998,0.0151,-0.4838,-0.0168,-0.8749
2026-05-08T19:38:56.859,2.5675,1.2225,28.0329,0.0151,-0.4892,-0.0169,-0.8719
2026-05-08T19:38:56.873,2.6159,1.2225,28.0633,0.0150,-0.4944,-0.0170,-0.8689
2026-05-08T19:38:56.887,2.6636,1.2225,28.0916,0.0149,-0.4996,-0.0171,-0.8659
2026-05-08T19:38:56.900,2.7143,1.2224,28.1210,0.0148,-0.5053,-0.0171,-0.8626
2026-05-08T19:38:56.914,2.7591,1.2224,28.1470,0.0146,-0.5108,-0.0172,-0.8594
2026-05-08T19:38:56.928,2.8078,1.2224,28.1734,0.0146,-0.5170,-0.0172,-0.8557
2026-05-08T19:38:56.942,2.8501,1.2224,28.1957,0.0145,-0.5231,-0.0172,-0.8520
2026-05-08T19:38:56.956,2.8959,1.2224,28.2189,0.0143,-0.5298,-0.0171,-0.8478
2026-05-08T19:38:56.971,2.9391,1.2224,28.2410,0.0141,-0.5366,-0.0171,-0.8436
2026-05-08T19:38:56.984,2.9789,1.2224,28.2597,0.0139,-0.5432,-0.0172,-0.8393
2026-05-08T19:38:56.998,3.0240,1.2225,28.2799,0.0137,-0.5507,-0.0175,-0.8344
2026-05-08T19:38:57.012,3.0616,1.2225,28.2972,0.0135,-0.5573,-0.0177,-0.8300
2026-05-08T19:38:57.026,3.1031,1.2225,28.3142,0.0133,-0.5644,-0.0179,-0.8252
2026-05-08T19:38:57.040,3.1459,1.2225,28.3308,0.0131,-0.5716,-0.0179,-0.8202
2026-05-08T19:38:57.054,3.1864,1.2225,28.3469,0.0129,-0.5785,-0.0181,-0.8154
2026-05-08T19:38:57.068,3.2281,1.2225,28.3615,0.0128,-0.5849,-0.0182,-0.8108
2026-05-08T19:38:57.081,3.2741,1.2225,28.3768,0.0126,-0.5911,-0.0183,-0.8063
2026-05-08T19:38:57.096,3.3247,1.2225,28.3937,0.0124,-0.5970,-0.0185,-0.8020
2026-05-08T19:38:57.110,3.3745,1.2225,28.4087,0.0123,-0.6018,-0.0186,-0.7984
2026-05-08T19:38:57.124,3.4402,1.2225,28.4275,0.0123,-0.6061,-0.0186,-0.7951
2026-05-08T19:38:57.137,3.5035,1.2225,28.4450,0.0122,-0.6087,-0.0187,-0.7931
2026-05-08T19:38:57.152,3.5704,1.2225,28.4634,0.0122,-0.6086,-0.0187,-0.7932
2026-05-08T19:38:57.166,3.6336,1.2225,28.4803,0.0122,-0.6085,-0.0188,-0.7932
2026-05-08T19:38:57.179,3.7024,1.2225,28.4989,0.0122,-0.6085,-0.0188,-0.7932
2026-05-08T19:38:57.193,3.7643,1.2225,28.5155,0.0123,-0.6053,-0.0186,-0.7957
2026-05-08T19:38:57.207,3.8244,1.2225,28.5322,0.0123,-0.6019,-0.0186,-0.7982
2026-05-08T19:38:57.221,3.8874,1.2225,28.5502,0.0124,-0.5983,-0.0186,-0.8010
2026-05-08T19:38:57.236,3.9458,1.2225,28.5670,0.0124,-0.5941,-0.0187,-0.8041
2026-05-08T19:38:57.250,4.0009,1.2226,28.5841,0.0125,-0.5898,-0.0187,-0.8072
2026-05-08T19:38:57.263,4.0595,1.2226,28.6028,0.0125,-0.5845,-0.0187,-0.8111
2026-05-08T19:38:57.277,4.1134,1.2226,28.6208,0.0127,-0.5792,-0.0187,-0.8149
2026-05-08T19:38:57.291,4.1625,1.2227,28.6372,0.0128,-0.5740,-0.0186,-0.8185
2026-05-08T19:38:57.305,4.2133,1.2227,28.6556,0.0130,-0.5682,-0.0186,-0.8226
2026-05-08T19:38:57.318,4.2614,1.2227,28.6739,0.0131,-0.5623,-0.0185,-0.8266
2026-05-08T19:38:57.333,4.3105,1.2227,28.6924,0.0132,-0.5560,-0.0183,-0.8308
2026-05-08T19:38:57.347,4.3540,1.2227,28.7104,0.0133,-0.5499,-0.0182,-0.8349
2026-05-08T19:38:57.359,4.4026,1.2227,28.7313,0.0135,-0.5427,-0.0181,-0.8396
2026-05-08T19:38:57.375,4.4464,1.2228,28.7500,0.0137,-0.5361,-0.0180,-0.8439
2026-05-08T19:38:57.388,4.4854,1.2228,28.7684,0.0138,-0.5298,-0.0180,-0.8478
2026-05-08T19:38:57.402,4.5308,1.2228,28.7906,0.0141,-0.5222,-0.0179,-0.8525
2026-05-08T19:38:57.416,4.5709,1.2228,28.8100,0.0143,-0.5154,-0.0179,-0.8566
2026-05-08T19:38:57.430,4.6122,1.2228,28.8319,0.0145,-0.5081,-0.0179,-0.8610
2026-05-08T19:38:57.445,4.6496,1.2229,28.8526,0.0146,-0.5012,-0.0179,-0.8650
2026-05-08T19:38:57.458,4.6910,1.2229,28.8765,0.0149,-0.4934,-0.0180,-0.8695
2026-05-08T19:38:57.472,4.7298,1.2229,28.8985,0.0151,-0.4860,-0.0179,-0.8736
2026-05-08T19:38:57.486,4.7665,1.2229,28.9213,0.0153,-0.4788,-0.0178,-0.8776
2026-05-08T19:38:57.499,4.8039,1.2229,28.9454,0.0156,-0.4710,-0.0177,-0.8818
2026-05-08T19:38:57.513,4.8385,1.2229,28.9674,0.0157,-0.4637,-0.0176,-0.8857
2026-05-08T19:38:57.527,4.8723,1.2229,28.9909,0.0159,-0.4560,-0.0175,-0.8897
2026-05-08T19:38:57.541,4.9062,1.2229,29.0154,0.0162,-0.4480,-0.0174,-0.8937
2026-05-08T19:38:57.555,4.9400,1.2229,29.0393,0.0164,-0.4401,-0.0173,-0.8976
2026-05-08T19:38:57.569,4.9734,1.2229,29.0653,0.0167,-0.4319,-0.0172,-0.9016
2026-05-08T19:38:57.583,5.0049,1.2229,29.0906,0.0168,-0.4239,-0.0170,-0.9054
2026-05-08T19:38:57.596,5.0364,1.2228,29.1169,0.0169,-0.4156,-0.0168,-0.9093
2026-05-08T19:38:57.611,5.0664,1.2228,29.1415,0.0170,-0.4076,-0.0166,-0.9129
2026-05-08T19:38:57.624,5.0944,1.2229,29.1666,0.0171,-0.3997,-0.0166,-0.9163
2026-05-08T19:38:57.638,5.1243,1.2229,29.1944,0.0174,-0.3910,-0.0166,-0.9201
2026-05-08T19:38:57.652,5.1523,1.2229,29.2199,0.0175,-0.3829,-0.0166,-0.9235
2026-05-08T19:38:57.666,5.1795,1.2229,29.2471,0.0177,-0.3747,-0.0165,-0.9268
2026-05-08T19:38:57.680,5.2055,1.2229,29.2740,0.0178,-0.3666,-0.0163,-0.9301
2026-05-08T19:38:57.694,5.2351,1.2229,29.3042,0.0180,-0.3574,-0.0160,-0.9336
2026-05-08T19:38:57.708,5.2589,1.2229,29.3308,0.0182,-0.3495,-0.0157,-0.9366
2026-05-08T19:38:57.721,5.2853,1.2229,29.3612,0.0184,-0.3406,-0.0156,-0.9399
2026-05-08T19:38:57.735,5.3102,1.2228,29.3911,0.0186,-0.3319,-0.0153,-0.9430
2026-05-08T19:38:57.749,5.3343,1.2228,29.4194,0.0187,-0.3238,-0.0151,-0.9458
2026-05-08T19:38:57.763,5.3575,1.2228,29.4492,0.0189,-0.3154,-0.0149,-0.9487
2026-05-08T19:38:57.777,5.3803,1.2229,29.4796,0.0191,-0.3069,-0.0148,-0.9514
2026-05-08T19:38:57.791,5.4044,1.2229,29.5112,0.0193,-0.2980,-0.0146,-0.9543
2026-05-08T19:38:57.805,5.4260,1.2229,29.5424,0.0194,-0.2896,-0.0144,-0.9568
2026-05-08T19:38:57.818,5.4480,1.2229,29.5754,0.0195,-0.2809,-0.0141,-0.9594
2026-05-08T19:38:57.832,5.4695,1.2229,29.6069,0.0196,-0.2725,-0.0139,-0.9619
2026-05-08T19:38:57.846,5.4891,1.2228,29.6387,0.0197,-0.2642,-0.0137,-0.9642
2026-05-08T19:38:57.860,5.5089,1.2229,29.6720,0.0197,-0.2556,-0.0134,-0.9665
2026-05-08T19:38:57.874,5.5287,1.2229,29.7047,0.0198,-0.2471,-0.0132,-0.9687
2026-05-08T19:38:57.887,5.5469,1.2229,29.7381,0.0198,-0.2385,-0.0131,-0.9708
2026-05-08T19:38:57.901,5.5657,1.2229,29.7738,0.0200,-0.2296,-0.0129,-0.9730
2026-05-08T19:38:57.915,5.5845,1.2228,29.8090,0.0201,-0.2212,-0.0128,-0.9749
2026-05-08T19:38:57.929,5.6023,1.2228,29.8463,0.0201,-0.2128,-0.0125,-0.9768
2026-05-08T19:38:57.943,5.6194,1.2228,29.8837,0.0203,-0.2046,-0.0124,-0.9786
2026-05-08T19:38:57.956,5.6402,1.2228,29.9310,0.0204,-0.1958,-0.0122,-0.9804
2026-05-08T19:38:57.970,5.6583,1.2228,29.9719,0.0203,-0.1887,-0.0119,-0.9818
2026-05-08T19:38:57.984,5.6767,1.2228,30.0180,0.0204,-0.1818,-0.0117,-0.9830
2026-05-08T19:38:57.998,5.6966,1.2227,30.0700,0.0206,-0.1757,-0.0115,-0.9842
2026-05-08T19:38:58.014,5.7175,1.2227,30.1245,0.0206,-0.1700,-0.0114,-0.9852
2026-05-08T19:38:58.030,5.7384,1.2227,30.1832,0.0207,-0.1649,-0.0111,-0.9860
2026-05-08T19:38:58.046,5.7628,1.2227,30.2541,0.0208,-0.1600,-0.0110,-0.9868
2026-05-08T19:38:58.063,5.7869,1.2226,30.3267,0.0209,-0.1551,-0.0108,-0.9876
2026-05-08T19:38:58.078,5.8101,1.2226,30.3968,0.0210,-0.1505,-0.0107,-0.9883
2026-05-08T19:38:58.094,5.8333,1.2226,30.4714,0.0210,-0.1457,-0.0107,-0.9890
2026-05-08T19:38:58.108,5.8534,1.2226,30.5381,0.0211,-0.1419,-0.0107,-0.9896
2026-05-08T19:38:58.122,5.8741,1.2226,30.6089,0.0212,-0.1379,-0.0106,-0.9902
2026-05-08T19:38:58.137,5.8928,1.2225,30.6730,0.0212,-0.1345,-0.0104,-0.9906
2026-05-08T19:38:58.152,5.9108,1.2225,30.7380,0.0212,-0.1311,-0.0103,-0.9911
2026-05-08T19:38:58.167,5.9296,1.2225,30.8078,0.0212,-0.1275,-0.0102,-0.9916
2026-05-08T19:38:58.182,5.9474,1.2225,30.8757,0.0214,-0.1240,-0.0101,-0.9920
2026-05-08T19:38:58.197,5.9659,1.2225,30.9465,0.0214,-0.1204,-0.0100,-0.9924
2026-05-08T19:38:58.212,5.9818,1.2225,31.0110,0.0213,-0.1172,-0.0098,-0.9928
2026-05-08T19:38:58.228,5.9990,1.2225,31.0828,0.0213,-0.1137,-0.0095,-0.9932
2026-05-08T19:38:58.244,6.0159,1.2225,31.1557,0.0210,-0.1103,-0.0092,-0.9936
2026-05-08T19:38:58.260,6.0334,1.2225,31.2335,0.0210,-0.1063,-0.0092,-0.9941
2026-05-08T19:38:58.275,6.0495,1.2225,31.3054,0.0210,-0.1029,-0.0091,-0.9944
2026-05-08T19:38:58.289,6.0645,1.2225,31.3775,0.0210,-0.0992,-0.0091,-0.9948
2026-05-08T19:38:58.304,6.0785,1.2225,31.4469,0.0211,-0.0957,-0.0091,-0.9951
2026-05-08T19:38:58.318,6.0915,1.2225,31.5137,0.0211,-0.0922,-0.0090,-0.9955
2026-05-08T19:38:58.333,6.1044,1.2225,31.5807,0.0212,-0.0884,-0.0089,-0.9958
2026-05-08T19:38:58.349,6.1160,1.2224,31.6455,0.0212,-0.0845,-0.0088,-0.9962
2026-05-08T19:38:58.364,6.1286,1.2224,31.7191,0.0213,-0.0797,-0.0087,-0.9966
2026-05-08T19:38:58.379,6.1392,1.2224,31.7854,0.0213,-0.0753,-0.0085,-0.9969
2026-05-08T19:38:58.396,6.1507,1.2223,31.8575,0.0214,-0.0706,-0.0084,-0.9972
2026-05-08T19:38:58.412,6.1610,1.2223,31.9303,0.0213,-0.0658,-0.0082,-0.9976
2026-05-08T19:38:58.428,6.1708,1.2223,32.0046,0.0214,-0.0608,-0.0081,-0.9979
2026-05-08T19:38:58.443,6.1793,1.2222,32.0741,0.0215,-0.0563,-0.0080,-0.9982
2026-05-08T19:38:58.457,6.1880,1.2222,32.1512,0.0215,-0.0511,-0.0078,-0.9984
2026-05-08T19:38:58.472,6.1952,1.2222,32.2156,0.0215,-0.0468,-0.0076,-0.9986
2026-05-08T19:38:58.488,6.2014,1.2222,32.2818,0.0216,-0.0423,-0.0076,-0.9988
2026-05-08T19:38:58.504,6.2074,1.2222,32.3525,0.0216,-0.0375,-0.0076,-0.9990
2026-05-08T19:38:58.521,6.2132,1.2222,32.4231,0.0217,-0.0327,-0.0076,-0.9992
2026-05-08T19:38:58.538,6.2179,1.2222,32.4958,0.0218,-0.0276,-0.0077,-0.9994
2026-05-08T19:38:58.553,6.2222,1.2221,32.5750,0.0218,-0.0221,-0.0075,-0.9995
2026-05-08T19:38:58.569,6.2255,1.2222,32.6507,0.0218,-0.0169,-0.0074,-0.9996
2026-05-08T19:38:58.584,6.2278,1.2222,32.7205,0.0218,-0.0120,-0.0074,-0.9997
2026-05-08T19:38:58.599,6.2294,1.2222,32.7924,0.0219,-0.0070,-0.0074,-0.9997
2026-05-08T19:38:58.614,6.2309,1.2222,32.8609,0.0219,-0.0022,-0.0074,-0.9997
2026-05-08T19:38:58.629,6.2312,1.2222,32.9348,0.0219,0.0016,-0.0072,-0.9997
2026-05-08T19:38:58.643,6.2309,1.2222,33.0092,0.0219,0.0017,-0.0073,-0.9997
2026-05-08T19:38:58.660,6.2306,1.2222,33.0871,0.0219,0.0018,-0.0074,-0.9997
2026-05-08T19:38:58.677,6.2303,1.2222,33.1566,0.0220,0.0018,-0.0073,-0.9997
2026-05-08T19:38:58.694,6.2299,1.2222,33.2414,0.0221,0.0017,-0.0074,-0.9997
2026-05-08T19:38:58.710,6.2295,1.2222,33.3230,0.0222,0.0017,-0.0073,-0.9997
2026-05-08T19:38:58.724,6.2291,1.2222,33.4058,0.0223,0.0016,-0.0075,-0.9997
2026-05-08T19:38:58.739,6.2287,1.2222,33.4840,0.0224,0.0017,-0.0077,-0.9997
2026-05-08T19:38:58.754,6.2284,1.2222,33.5611,0.0223,0.0016,-0.0077,-0.9997
2026-05-08T19:38:58.770,6.2281,1.2222,33.6333,0.0224,0.0017,-0.0077,-0.9997
2026-05-08T19:38:58.784,6.2278,1.2223,33.7087,0.0224,0.0017,-0.0077,-0.9997
2026-05-08T19:38:58.799,6.2275,1.2223,33.7912,0.0223,0.0016,-0.0077,-0.9997
2026-05-08T19:38:58.814,6.2272,1.2223,33.8576,0.0223,0.0018,-0.0077,-0.9997
2026-05-08T19:38:58.829,6.2268,1.2223,33.9312,0.0224,0.0020,-0.0078,-0.9997
2026-05-08T19:38:58.843,6.2265,1.2224,34.0038,0.0224,0.0021,-0.0079,-0.9997
2026-05-08T19:38:58.858,6.2261,1.2224,34.0796,0.0224,0.0021,-0.0078,-0.9997
2026-05-08T19:38:58.872,6.2258,1.2224,34.1473,0.0224,0.0021,-0.0077,-0.9997
2026-05-08T19:38:58.886,6.2254,1.2224,34.2165,0.0223,0.0021,-0.0077,-0.9997
2026-05-08T19:38:58.901,6.2250,1.2224,34.2920,0.0223,0.0021,-0.0078,-0.9997
2026-05-08T19:38:58.916,6.2246,1.2224,34.3621,0.0223,0.0021,-0.0079,-0.9997
2026-05-08T19:38:58.930,6.2243,1.2225,34.4318,0.0224,0.0021,-0.0082,-0.9997
2026-05-08T19:38:58.944,6.2239,1.2225,34.5106,0.0224,0.0020,-0.0083,-0.9997
2026-05-08T19:38:58.957,6.2235,1.2225,34.5726,0.0224,0.0020,-0.0084,-0.9997
2026-05-08T19:38:58.971,6.2232,1.2225,34.6426,0.0224,0.0020,-0.0084,-0.9997
2026-05-08T19:38:58.985,6.2229,1.2225,34.7082,0.0224,0.0020,-0.0085,-0.9997
2026-05-08T19:38:58.999,6.2225,1.2225,34.7783,0.0225,0.0021,-0.0086,-0.9997
2026-05-08T19:38:59.013,6.2221,1.2225,34.8431,0.0225,0.0022,-0.0087,-0.9997
2026-05-08T19:38:59.027,6.2218,1.2225,34.9123,0.0226,0.0023,-0.0086,-0.9997
2026-05-08T19:38:59.041,6.2214,1.2225,34.9837,0.0226,0.0023,-0.0086,-0.9997
2026-05-08T19:38:59.054,6.2210,1.2226,35.0588,0.0227,0.0024,-0.0087,-0.9997
2026-05-08T19:38:59.069,6.2206,1.2226,35.1211,0.0227,0.0025,-0.0088,-0.9997
2026-05-08T19:38:59.084,6.2202,1.2226,35.1881,0.0228,0.0026,-0.0088,-0.9997
2026-05-08T19:38:59.100,6.2197,1.2226,35.2613,0.0228,0.0026,-0.0087,-0.9997
2026-05-08T19:38:59.115,6.2194,1.2227,35.3339,0.0227,0.0026,-0.0087,-0.9997
2026-05-08T19:38:59.130,6.2189,1.2227,35.4136,0.0226,0.0026,-0.0087,-0.9997
2026-05-08T19:38:59.144,6.2185,1.2227,35.4856,0.0227,0.0027,-0.0088,-0.9997
2026-05-08T19:38:59.158,6.2180,1.2227,35.5638,0.0227,0.0027,-0.0090,-0.9997
2026-05-08T19:38:59.172,6.2176,1.2227,35.6315,0.0227,0.0027,-0.0091,-0.9997
2026-05-08T19:38:59.187,6.2172,1.2228,35.7018,0.0228,0.0027,-0.0091,-0.9997
2026-05-08T19:38:59.201,6.2168,1.2228,35.7737,0.0228,0.0028,-0.0092,-0.9997
2026-05-08T19:38:59.215,6.2164,1.2228,35.8414,0.0227,0.0028,-0.0092,-0.9997
2026-05-08T19:38:59.230,6.2159,1.2228,35.9148,0.0227,0.0028,-0.0092,-0.9997
2026-05-08T19:38:59.243,6.2155,1.2228,35.9813,0.0227,0.0027,-0.0092,-0.9997
2026-05-08T19:38:59.256,6.2151,1.2228,36.0529,0.0226,0.0027,-0.0090,-0.9997
2026-05-08T19:38:59.271,6.2148,1.2228,36.1198,0.0225,0.0028,-0.0091,-0.9997
2026-05-08T19:38:59.285,6.2144,1.2228,36.1843,0.0225,0.0028,-0.0089,-0.9997
2026-05-08T19:38:59.300,6.2140,1.2228,36.2563,0.0224,0.0028,-0.0089,-0.9997
2026-05-08T19:38:59.314,6.2136,1.2228,36.3264,0.0224,0.0029,-0.0089,-0.9997
2026-05-08T19:38:59.328,6.2131,1.2227,36.4000,0.0225,0.0029,-0.0089,-0.9997
2026-05-08T19:38:59.341,6.2127,1.2227,36.4662,0.0225,0.0029,-0.0088,-0.9997
2026-05-08T19:38:59.355,6.2123,1.2227,36.5372,0.0224,0.0029,-0.0088,-0.9997
2026-05-08T19:38:59.369,6.2119,1.2227,36.6004,0.0224,0.0028,-0.0088,-0.9997
2026-05-08T19:38:59.382,6.2115,1.2227,36.6701,0.0224,0.0029,-0.0088,-0.9997
2026-05-08T19:38:59.397,6.2110,1.2227,36.7391,0.0224,0.0029,-0.0088,-0.9997
2026-05-08T19:38:59.411,6.2106,1.2227,36.8049,0.0224,0.0029,-0.0090,-0.9997
2026-05-08T19:38:59.425,6.2102,1.2227,36.8763,0.0224,0.0029,-0.0090,-0.9997
2026-05-08T19:38:59.438,6.2097,1.2227,36.9450,0.0224,0.0029,-0.0090,-0.9997
2026-05-08T19:38:59.451,6.2093,1.2227,37.0140,0.0224,0.0030,-0.0090,-0.9997
2026-05-08T19:38:59.465,6.2089,1.2227,37.0785,0.0224,0.0031,-0.0091,-0.9997
2026-05-08T19:38:59.479,6.2085,1.2227,37.1458,0.0224,0.0032,-0.0090,-0.9997
2026-05-08T19:38:59.493,6.2080,1.2227,37.2159,0.0223,0.0034,-0.0090,-0.9997
2026-05-08T19:38:59.507,6.2075,1.2227,37.2814,0.0222,0.0035,-0.0089,-0.9997
2026-05-08T19:38:59.521,6.2070,1.2227,37.3542,0.0221,0.0035,-0.0088,-0.9997
2026-05-08T19:38:59.535,6.2065,1.2227,37.4189,0.0219,0.0035,-0.0087,-0.9997
2026-05-08T19:38:59.548,6.2060,1.2227,37.4908,0.0219,0.0034,-0.0087,-0.9997
2026-05-08T19:38:59.561,6.2056,1.2227,37.5587,0.0218,0.0033,-0.0087,-0.9997
2026-05-08T19:38:59.580,6.2052,1.2227,37.6201,0.0218,0.0034,-0.0089,-0.9997
2026-05-08T19:38:59.594,6.2047,1.2226,37.6880,0.0218,0.0033,-0.0089,-0.9997
2026-05-08T19:38:59.608,6.2041,1.2226,37.7789,0.0217,0.0032,-0.0089,-0.9997
2026-05-08T19:38:59.622,6.2037,1.2226,37.8484,0.0218,0.0032,-0.0089,-0.9997
2026-05-08T19:38:59.637,6.2032,1.2226,37.9170,0.0218,0.0031,-0.0089,-0.9997
2026-05-08T19:38:59.650,6.2028,1.2226,37.9854,0.0217,0.0032,-0.0089,-0.9997
2026-05-08T19:38:59.664,6.2023,1.2226,38.0583,0.0218,0.0032,-0.0089,-0.9997
2026-05-08T19:38:59.678,6.2018,1.2225,38.1273,0.0218,0.0033,-0.0088,-0.9997
2026-05-08T19:38:59.692,6.2014,1.2225,38.1933,0.0218,0.0034,-0.0087,-0.9997
2026-05-08T19:38:59.706,6.2009,1.2225,38.2629,0.0218,0.0034,-0.0087,-0.9997
2026-05-08T19:38:59.719,6.2004,1.2225,38.3300,0.0217,0.0036,-0.0087,-0.9997
2026-05-08T19:38:59.734,6.1999,1.2225,38.3983,0.0218,0.0037,-0.0087,-0.9997
2026-05-08T19:38:59.749,6.1994,1.2225,38.4641,0.0218,0.0037,-0.0085,-0.9997
2026-05-08T19:38:59.763,6.1989,1.2225,38.5383,0.0218,0.0037,-0.0085,-0.9997
2026-05-08T19:38:59.776,6.1984,1.2225,38.6087,0.0216,0.0037,-0.0084,-0.9997
2026-05-08T19:38:59.790,6.1978,1.2225,38.6783,0.0215,0.0037,-0.0085,-0.9997
2026-05-08T19:38:59.804,6.1973,1.2225,38.7436,0.0215,0.0037,-0.0085,-0.9997
2026-05-08T19:38:59.817,6.1967,1.2226,38.8129,0.0214,0.0039,-0.0085,-0.9997
2026-05-08T19:38:59.832,6.1961,1.2226,38.8816,0.0214,0.0042,-0.0085,-0.9997
2026-05-08T19:38:59.846,6.1955,1.2226,38.9446,0.0215,0.0045,-0.0084,-0.9997
2026-05-08T19:38:59.860,6.1947,1.2226,39.0249,0.0215,0.0051,-0.0083,-0.9997
2026-05-08T19:38:59.874,6.1940,1.2226,39.0879,0.0215,0.0055,-0.0082,-0.9997
2026-05-08T19:38:59.888,6.1931,1.2226,39.1546,0.0215,0.0058,-0.0081,-0.9997
2026-05-08T19:38:59.901,6.1922,1.2226,39.2288,0.0214,0.0060,-0.0080,-0.9997
2026-05-08T19:38:59.915,6.1914,1.2226,39.2960,0.0215,0.0062,-0.0080,-0.9997
2026-05-08T19:38:59.929,6.1905,1.2226,39.3626,0.0215,0.0061,-0.0079,-0.9997
2026-05-08T19:38:59.943,6.1897,1.2225,39.4297,0.0214,0.0060,-0.0078,-0.9997
2026-05-08T19:38:59.956,6.1888,1.2225,39.4999,0.0214,0.0058,-0.0078,-0.9997
2026-05-08T19:38:59.970,6.1881,1.2225,39.5684,0.0214,0.0056,-0.0079,-0.9997
2026-05-08T19:38:59.984,6.1874,1.2226,39.6343,0.0214,0.0053,-0.0080,-0.9997
2026-05-08T19:38:59.998,6.1866,1.2226,39.7054,0.0215,0.0051,-0.0078,-0.9997
2026-05-08T19:39:00.012,6.1859,1.2226,39.7734,0.0214,0.0049,-0.0078,-0.9997
2026-05-08T19:39:00.026,6.1852,1.2226,39.8427,0.0214,0.0049,-0.0079,-0.9997
2026-05-08T19:39:00.040,6.1845,1.2226,39.9151,0.0214,0.0047,-0.0080,-0.9997
2026-05-08T19:39:00.053,6.1838,1.2226,39.9831,0.0214,0.0047,-0.0081,-0.9997
2026-05-08T19:39:00.067,6.1832,1.2226,40.0503,0.0213,0.0047,-0.0081,-0.9997
2026-05-08T19:39:00.081,6.1825,1.2226,40.1162,0.0214,0.0047,-0.0082,-0.9997
2026-05-08T19:39:00.095,6.1819,1.2226,40.1881,0.0213,0.0048,-0.0082,-0.9997
2026-05-08T19:39:00.109,6.1812,1.2226,40.2570,0.0213,0.0048,-0.0082,-0.9997
2026-05-08T19:39:00.123,6.1805,1.2226,40.3301,0.0212,0.0048,-0.0082,-0.9997
2026-05-08T19:39:00.136,6.1798,1.2226,40.3968,0.0211,0.0048,-0.0081,-0.9997
2026-05-08T19:39:00.150,6.1791,1.2226,40.4671,0.0210,0.0048,-0.0080,-0.9997
2026-05-08T19:39:00.164,6.1786,1.2226,40.5292,0.0209,0.0047,-0.0079,-0.9997
2026-05-08T19:39:00.178,6.1780,1.2226,40.5908,0.0208,0.0047,-0.0078,-0.9997
2026-05-08T19:39:00.293,6.1775,1.2226,40.6432,0.0207,0.0046,-0.0076,-0.9997
2026-05-08T19:39:00.321,6.1771,1.2226,40.6906,0.0207,0.0072,-0.0075,-0.9997
2026-05-08T19:39:00.333,6.1770,1.2226,40.6978,0.0215,0.1144,-0.0054,-0.9932
2026-05-08T19:39:00.346,6.1889,1.2226,40.7029,0.0215,0.1192,-0.0054,-0.9926
2026-05-08T19:39:00.358,6.1894,1.2226,40.7007,0.0216,0.1288,-0.0051,-0.9914
2026-05-08T19:39:00.377,6.1919,1.2225,40.6957,0.0216,0.1391,-0.0049,-0.9900
2026-05-08T19:39:00.400,6.1938,1.2225,40.6893,0.0217,0.1492,-0.0046,-0.9886
2026-05-08T19:39:00.423,6.1975,1.2225,40.6777,0.0218,0.1630,-0.0043,-0.9864
2026-05-08T19:39:00.441,6.2028,1.2225,40.6622,0.0218,0.1807,-0.0038,-0.9833
2026-05-08T19:39:00.457,6.2087,1.2226,40.6468,0.0217,0.1982,-0.0033,-0.9799
2026-05-08T19:39:00.471,6.2137,1.2226,40.6350,0.0217,0.2118,-0.0031,-0.9771
2026-05-08T19:39:00.486,6.2185,1.2226,40.6245,0.0217,0.2232,-0.0029,-0.9745
2026-05-08T19:39:00.500,6.2234,1.2226,40.6144,0.0218,0.2342,-0.0027,-0.9719
2026-05-08T19:39:00.519,6.2297,1.2225,40.6050,0.0218,0.2451,-0.0025,-0.9693
2026-05-08T19:39:00.539,6.2353,1.2225,40.5946,0.0218,0.2562,-0.0021,-0.9664
2026-05-08T19:39:00.560,6.2428,1.2225,40.5816,0.0219,0.2700,-0.0017,-0.9626
2026-05-08T19:39:00.577,6.2515,1.2225,40.5674,0.0218,0.2851,-0.0012,-0.9583
2026-05-08T19:39:00.594,6.2615,1.2225,40.5521,0.0218,0.3013,-0.0007,-0.9533
2026-05-08T19:39:00.611,6.2694,1.2225,40.5409,0.0217,0.3132,-0.0004,-0.9494
2026-05-08T19:39:00.628,6.2781,1.2225,40.5293,0.0217,0.3258,0.0000,-0.9452
2026-05-08T19:39:00.648,6.2867,1.2225,40.5182,0.0218,0.3380,0.0003,-0.9409
2026-05-08T19:39:00.670,6.2961,1.2225,40.5069,0.0217,0.3507,0.0006,-0.9363
2026-05-08T19:39:00.693,6.3072,1.2225,40.4942,0.0219,0.3651,0.0010,-0.9307
2026-05-08T19:39:00.714,6.3200,1.2224,40.4804,0.0221,0.3811,0.0013,-0.9243
2026-05-08T19:39:00.736,6.3330,1.2224,40.4673,0.0224,0.3968,0.0016,-0.9176
2026-05-08T19:39:00.757,6.3455,1.2224,40.4555,0.0223,0.4124,0.0020,-0.9107
2026-05-08T19:39:00.777,6.3541,1.2225,40.4480,0.0223,0.4274,0.0022,-0.9038
2026-05-08T19:39:00.799,6.3616,1.2225,40.4419,0.0222,0.4420,0.0026,-0.8967
2026-05-08T19:39:00.824,6.3626,1.2225,40.4413,0.0219,0.4560,0.0030,-0.8897
2026-05-08T19:39:00.848,6.3609,1.2225,40.4427,0.0215,0.4716,0.0036,-0.8816
2026-05-08T19:39:00.872,6.3570,1.2225,40.4453,0.0214,0.4882,0.0041,-0.8725
2026-05-08T19:39:00.899,6.3488,1.2225,40.4505,0.0211,0.5043,0.0046,-0.8632
2026-05-08T19:39:00.927,6.3389,1.2224,40.4562,0.0206,0.5207,0.0053,-0.8535
2026-05-08T19:39:00.956,6.3266,1.2224,40.4626,0.0207,0.5387,0.0055,-0.8422
2026-05-08T19:39:00.983,6.3131,1.2224,40.4688,0.0207,0.5567,0.0058,-0.8304
2026-05-08T19:39:01.009,6.2983,1.2224,40.4749,0.0207,0.5749,0.0063,-0.8180
2026-05-08T19:39:01.036,6.2837,1.2224,40.4801,0.0207,0.5918,0.0067,-0.8058
2026-05-08T19:39:01.064,6.2684,1.2224,40.4850,0.0206,0.6088,0.0072,-0.7930
2026-05-08T19:39:01.092,6.2518,1.2224,40.4894,0.0205,0.6258,0.0077,-0.7797
2026-05-08T19:39:01.120,6.2337,1.2224,40.4934,0.0208,0.6427,0.0084,-0.7658
2026-05-08T19:39:01.150,6.2145,1.2226,40.4968,0.0214,0.6598,0.0097,-0.7511
2026-05-08T19:39:01.180,6.1949,1.2229,40.4993,0.0222,0.6770,0.0120,-0.7356
2026-05-08T19:39:01.207,6.1741,1.2235,40.5008,0.0235,0.6947,0.0140,-0.7188
2026-05-08T19:39:01.235,6.1484,1.2237,40.5017,0.0232,0.7121,0.0147,-0.7015
2026-05-08T19:39:01.262,6.1228,1.2239,40.5014,0.0231,0.7273,0.0157,-0.6858
2026-05-08T19:39:01.288,6.0942,1.2246,40.4995,0.0249,0.7439,0.0179,-0.6676
2026-05-08T19:39:01.314,6.0612,1.2257,40.4957,0.0290,0.7606,0.0204,-0.6483
2026-05-08T19:39:01.341,6.0270,1.2277,40.4895,0.0332,0.7774,0.0243,-0.6276
2026-05-08T19:39:01.368,5.9909,1.2304,40.4813,0.0370,0.7933,0.0267,-0.6072
2026-05-08T19:39:01.396,5.9547,1.2296,40.4717,0.0374,0.8052,0.0313,-0.5910
2026-05-08T19:39:01.424,5.9127,1.2305,40.4579,0.0366,0.8177,0.0319,-0.5736
2026-05-08T19:39:01.451,5.8677,1.2312,40.4420,0.0364,0.8307,0.0293,-0.5547
2026-05-08T19:39:01.477,5.8215,1.2311,40.4234,0.0396,0.8410,0.0300,-0.5387
2026-05-08T19:39:01.504,5.7759,1.2310,40.4028,0.0386,0.8502,0.0311,-0.5241
2026-05-08T19:39:01.531,5.7275,1.2310,40.3790,0.0371,0.8597,0.0310,-0.5086
2026-05-08T19:39:01.560,5.6792,1.2315,40.3532,0.0364,0.8686,0.0326,-0.4930
2026-05-08T19:39:01.589,5.6254,1.2314,40.3220,0.0371,0.8771,0.0346,-0.4777
2026-05-08T19:39:01.616,5.5721,1.2313,40.2885,0.0351,0.8857,0.0366,-0.4615
2026-05-08T19:39:01.643,5.5173,1.2315,40.2510,0.0342,0.8944,0.0415,-0.4441
2026-05-08T19:39:01.671,5.4674,1.2316,40.2145,0.0325,0.9006,0.0463,-0.4310
2026-05-08T19:39:01.700,5.4197,1.2316,40.1769,0.0311,0.9076,0.0466,-0.4160
2026-05-08T19:39:01.730,5.3705,1.2308,40.1353,0.0304,0.9156,0.0455,-0.3984
2026-05-08T19:39:01.759,5.3205,1.2306,40.0896,0.0282,0.9239,0.0469,-0.3787
2026-05-08T19:39:01.787,5.2714,1.2309,40.0401,0.0232,0.9320,0.0455,-0.3589
2026-05-08T19:39:01.815,5.2268,1.2306,39.9912,0.0224,0.9386,0.0449,-0.3414
2026-05-08T19:39:01.843,5.1849,1.2298,39.9405,0.0185,0.9469,0.0398,-0.3186
2026-05-08T19:39:01.870,5.1453,1.2295,39.8877,0.0205,0.9533,0.0402,-0.2986
2026-05-08T19:39:01.897,5.1162,1.2290,39.8334,0.0189,0.9593,0.0371,-0.2793
2026-05-08T19:39:01.924,5.1116,1.2287,39.7782,0.0188,0.9653,0.0347,-0.2582
2026-05-08T19:39:01.952,5.1062,1.2283,39.7205,0.0189,0.9705,0.0347,-0.2378
2026-05-08T19:39:01.981,5.1010,1.2280,39.6621,0.0182,0.9749,0.0344,-0.2193
2026-05-08T19:39:02.009,5.0962,1.2275,39.6013,0.0169,0.9793,0.0325,-0.1993
2026-05-08T19:39:02.037,5.0906,1.2272,39.5379,0.0163,0.9831,0.0325,-0.1796
2026-05-08T19:39:02.064,5.0853,1.2268,39.4732,0.0157,0.9864,0.0311,-0.1606
2026-05-08T19:39:02.090,5.0802,1.2266,39.4091,0.0151,0.9893,0.0298,-0.1420
2026-05-08T19:39:02.117,5.0742,1.2265,39.3451,0.0147,0.9917,0.0298,-0.1245
2026-05-08T19:39:02.144,5.0698,1.2266,39.2786,0.0141,0.9935,0.0315,-0.1085
2026-05-08T19:39:02.171,5.0649,1.2267,39.1998,0.0133,0.9950,0.0316,-0.0938
2026-05-08T19:39:02.200,5.0604,1.2267,39.0990,0.0132,0.9961,0.0314,-0.0816
2026-05-08T19:39:02.229,5.0567,1.2267,38.9754,0.0122,0.9968,0.0303,-0.0729
2026-05-08T19:39:02.259,5.0540,1.2266,38.8435,0.0117,0.9974,0.0294,-0.0648
2026-05-08T19:39:02.290,5.0518,1.2266,38.7079,0.0117,0.9979,0.0290,-0.0576
2026-05-08T19:39:02.323,5.0502,1.2266,38.5675,0.0118,0.9982,0.0293,-0.0500
2026-05-08T19:39:02.356,5.0484,1.2266,38.4199,0.0114,0.9986,0.0289,-0.0420
2026-05-08T19:39:02.387,5.0469,1.2265,38.2622,0.0109,0.9990,0.0288,-0.0316
2026-05-08T19:39:02.415,5.0447,1.2265,38.1035,0.0120,0.9993,0.0293,-0.0223
2026-05-08T19:39:02.442,5.0424,1.2266,37.9596,0.0118,0.9994,0.0299,-0.0144
2026-05-08T19:39:02.470,5.0404,1.2267,37.8309,0.0119,0.9994,0.0309,-0.0069
2026-05-08T19:39:02.504,5.0386,1.2269,37.7005,0.0116,0.9994,0.0315,-0.0010
2026-05-08T19:39:02.539,5.0382,1.2269,37.5704,0.0109,0.9995,0.0306,0.0038
2026-05-08T19:39:02.572,5.0391,1.2269,37.4108,0.0102,0.9995,0.0299,0.0096
2026-05-08T19:39:02.601,5.0417,1.2271,37.2454,0.0094,0.9994,0.0297,0.0162
2026-05-08T19:39:02.630,5.0462,1.2271,37.0900,0.0084,0.9993,0.0300,0.0216
2026-05-08T19:39:02.660,5.0511,1.2271,36.9559,0.0069,0.9992,0.0294,0.0261
2026-05-08T19:39:02.687,5.0577,1.2270,36.8160,0.0059,0.9991,0.0292,0.0307
2026-05-08T19:39:02.714,5.0656,1.2270,36.6773,0.0044,0.9990,0.0289,0.0343
2026-05-08T19:39:02.742,5.0732,1.2269,36.5536,0.0029,0.9989,0.0291,0.0372
2026-05-08T19:39:02.771,5.0820,1.2272,36.4262,0.0014,0.9988,0.0290,0.0391
2026-05-08T19:39:02.801,5.0916,1.2271,36.2908,0.0002,0.9987,0.0290,0.0408
2026-05-08T19:39:02.830,5.1019,1.2270,36.1516,-0.0011,0.9989,0.0260,0.0399
2026-05-08T19:39:02.857,5.1131,1.2269,36.0025,-0.0024,0.9991,0.0239,0.0342
2026-05-08T19:39:02.884,5.1222,1.2268,35.8567,-0.0028,0.9993,0.0240,0.0290
2026-05-08T19:39:02.911,5.1291,1.2268,35.7251,-0.0035,0.9994,0.0234,0.0249
2026-05-08T19:39:02.937,5.1351,1.2269,35.5924,-0.0045,0.9995,0.0227,0.0204
2026-05-08T19:39:02.964,5.1399,1.2271,35.4631,-0.0053,0.9997,0.0192,0.0116
2026-05-08T19:39:02.990,5.1426,1.2276,35.3346,-0.0051,0.9999,0.0141,0.0032
2026-05-08T19:39:03.016,5.1431,1.2283,35.2039,-0.0040,0.9999,0.0090,-0.0067
2026-05-08T19:39:03.041,5.1409,1.2293,35.0848,-0.0039,0.9999,0.0016,-0.0161
2026-05-08T19:39:03.070,5.1366,1.2304,34.9625,-0.0014,0.9997,-0.0040,-0.0259
2026-05-08T19:39:03.099,5.1291,1.2311,34.8428,0.0003,0.9993,-0.0081,-0.0359
2026-05-08T19:39:03.129,5.1183,1.2314,34.7085,0.0013,0.9990,-0.0116,-0.0433
2026-05-08T19:39:03.163,5.1052,1.2321,34.5693,0.0061,0.9987,-0.0141,-0.0479
2026-05-08T19:39:03.198,5.0900,1.2338,34.4293,0.0115,0.9984,-0.0087,-0.0554
2026-05-08T19:39:03.232,5.0713,1.2335,34.2694,0.0116,0.9982,-0.0068,-0.0587
2026-05-08T19:39:03.340,5.0506,1.2340,34.1055,0.0130,0.9981,-0.0074,-0.0605
2026-05-08T19:39:03.367,5.0262,1.2333,33.4742,0.0188,0.9970,-0.0059,-0.0752
2026-05-08T19:39:03.547,5.0312,1.2325,33.4480,0.0208,0.9969,-0.0122,-0.0748
2026-05-08T19:39:03.576,5.0304,1.2255,32.5175,0.0273,0.9924,-0.0468,-0.1109
2026-05-08T19:39:03.631,5.0795,1.2248,32.3859,0.0284,0.9915,-0.0489,-0.1173
2026-05-08T19:39:03.689,5.0501,1.2224,32.2246,0.0349,0.9895,-0.0552,-0.1288
2026-05-08T19:39:03.742,5.0484,1.2216,32.1049,0.0397,0.9885,-0.0486,-0.1377
2026-05-08T19:39:03.776,5.0470,1.2202,31.8448,0.0324,0.9870,-0.0556,-0.1475
2026-05-08T19:39:03.807,5.0468,1.2197,31.5975,0.0301,0.9851,-0.0605,-0.1580
2026-05-08T19:39:03.837,5.0461,1.2189,31.4339,0.0307,0.9839,-0.0622,-0.1647
2026-05-08T19:39:03.868,5.0347,1.2179,31.3048,0.0296,0.9830,-0.0642,-0.1693
2026-05-08T19:39:03.901,4.9833,1.2166,31.1693,0.0276,0.9817,-0.0678,-0.1760
2026-05-08T19:39:04.065,4.9293,1.2163,31.0317,0.0252,0.9807,-0.0625,-0.1833
2026-05-08T19:39:04.115,4.6596,1.2149,30.3678,0.0119,0.9581,-0.0650,-0.2787
2026-05-08T19:39:04.164,4.5544,1.2139,30.2184,0.0078,0.9493,-0.0672,-0.3071
2026-05-08T19:39:04.212,4.4487,1.2132,30.0771,0.0048,0.9419,-0.0716,-0.3280
2026-05-08T19:39:04.263,4.3340,1.2121,29.9379,0.0052,0.9337,-0.0715,-0.3509
2026-05-08T19:39:04.312,4.2056,1.2109,29.7942,0.0060,0.9266,-0.0722,-0.3689
2026-05-08T19:39:04.362,4.0575,1.2098,29.6422,0.0052,0.9208,-0.0711,-0.3834
2026-05-08T19:39:04.411,3.8860,1.2082,29.4766,0.0091,0.9181,-0.0677,-0.3905
2026-05-08T19:39:04.461,3.7125,1.2066,29.3129,0.0091,0.9180,-0.0705,-0.3902
2026-05-08T19:39:04.510,3.5337,1.2048,29.1466,0.0135,0.9158,-0.0672,-0.3958
2026-05-08T19:39:04.562,3.4935,1.2024,29.1123,0.0206,0.9143,-0.0609,-0.4000
2026-05-08T19:39:04.610,3.4931,1.1984,29.1161,0.0292,0.9145,-0.0526,-0.4001
2026-05-08T19:39:04.659,3.4927,1.1983,29.1177,0.0233,0.9165,-0.0378,-0.3976
2026-05-08T19:39:04.708,3.4924,1.2012,29.1205,0.0237,0.9164,-0.0275,-0.3987
2026-05-08T19:39:04.757,3.4892,1.1987,29.1289,0.0255,0.9163,-0.0235,-0.3989
2026-05-08T19:39:04.806,3.4863,1.1994,29.1327,0.0179,0.9155,-0.0275,-0.4009
2026-05-08T19:39:04.856,3.4842,1.2001,29.1346,0.0134,0.9149,-0.0329,-0.4022
2026-05-08T19:39:04.905,3.4799,1.2025,29.1356,0.0110,0.9141,-0.0268,-0.4044
2026-05-08T19:39:04.955,3.4761,1.2049,29.1359,0.0179,0.9167,-0.0175,-0.3988
2026-05-08T19:39:05.007,3.4733,1.2076,29.1348,0.0246,0.9171,-0.0075,-0.3978
2026-05-08T19:39:05.055,3.4708,1.2083,29.1338,0.0220,0.9187,-0.0057,-0.3943
2026-05-08T19:39:05.104,3.4687,1.2088,29.1314,0.0207,0.9214,-0.0044,-0.3879
2026-05-08T19:39:05.154,3.4682,1.2086,29.1295,0.0237,0.9237,-0.0067,-0.3824
2026-05-08T19:39:05.204,3.4676,1.2081,29.1278,0.0257,0.9256,-0.0105,-0.3776
2026-05-08T19:39:05.253,3.3089,1.2072,28.9655,0.0243,0.9312,-0.0118,-0.3636
2026-05-08T19:39:05.302,3.1518,1.2058,28.7942,0.0258,0.9365,-0.0142,-0.3494
2026-05-08T19:39:05.353,3.0053,1.2054,28.6242,0.0256,0.9415,-0.0160,-0.3357
2026-05-08T19:39:05.403,2.8579,1.2046,28.4428,0.0246,0.9465,-0.0162,-0.3215
2026-05-08T19:39:05.454,2.7153,1.2044,28.2556,0.0251,0.9503,-0.0140,-0.3100
2026-05-08T19:39:05.504,2.5760,1.2049,28.0636,0.0230,0.9534,-0.0112,-0.3006
2026-05-08T19:39:05.553,2.4352,1.2047,27.8614,0.0195,0.9530,-0.0117,-0.3020
2026-05-08T19:39:05.602,2.2961,1.2051,27.6625,0.0174,0.9529,-0.0136,-0.3024
2026-05-08T19:39:05.651,2.1575,1.2050,27.4654,0.0153,0.9527,-0.0158,-0.3030
2026-05-08T19:39:05.700,2.0191,1.2051,27.2699,0.0137,0.9519,-0.0186,-0.3054
2026-05-08T19:39:05.751,1.8799,1.2051,27.0754,0.0126,0.9480,-0.0204,-0.3174
2026-05-08T19:39:05.800,1.7983,1.2049,26.9672,0.0084,0.9381,-0.0235,-0.3455
2026-05-08T19:39:05.848,1.7334,1.2048,26.8909,0.0084,0.9255,-0.0235,-0.3780
2026-05-08T19:39:05.899,1.6604,1.2050,26.8165,0.0068,0.9125,-0.0243,-0.4083
2026-05-08T19:39:05.948,1.5594,1.2050,26.7264,0.0039,0.8992,-0.0249,-0.4369
2026-05-08T19:39:05.998,1.4541,1.2049,26.6439,0.0022,0.8846,-0.0256,-0.4657
2026-05-08T19:39:06.046,1.3447,1.2049,26.5695,0.0021,0.8688,-0.0244,-0.4946
2026-05-08T19:39:06.095,1.2447,1.2051,26.5111,0.0010,0.8507,-0.0245,-0.5251
2026-05-08T19:39:06.144,1.1597,1.2052,26.4694,0.0002,0.8307,-0.0246,-0.5561
2026-05-08T19:39:06.193,1.0771,1.2053,26.4361,-0.0016,0.8103,-0.0247,-0.5855
2026-05-08T19:39:06.241,0.9941,1.2049,26.4092,-0.0033,0.7890,-0.0237,-0.6139
2026-05-08T19:39:06.299,0.8803,1.2046,26.3810,-0.0053,0.7678,-0.0229,-0.6403
2026-05-08T19:39:06.348,0.7086,1.2044,26.3504,-0.0067,0.7436,-0.0230,-0.6682
2026-05-08T19:39:06.517,0.5550,1.2043,26.3342,-0.0079,0.7231,-0.0227,-0.6904
2026-05-08T19:39:06.566,0.1596,1.2041,26.3163,-0.0147,0.6386,-0.0233,-0.7691
2026-05-08T19:39:06.635,0.0846,1.2041,26.3302,-0.0132,0.6097,-0.0221,-0.7922
2026-05-08T19:39:06.695,0.0027,1.2041,26.3515,-0.0124,0.5674,-0.0222,-0.8230
2026-05-08T19:39:06.755,-0.0680,1.2051,26.3785,-0.0049,0.5356,-0.0150,-0.8443
2026-05-08T19:39:06.805,-0.2306,1.2088,26.4592,0.0099,0.5257,-0.0002,-0.8506
2026-05-08T19:39:06.853,-0.3710,1.2110,26.5374,0.0254,0.5009,0.0133,-0.8650
2026-05-08T19:39:06.902,-0.3702,1.2135,26.5442,0.0324,0.4674,0.0156,-0.8833
2026-05-08T19:39:07.039,-0.3655,1.2141,26.5488,0.0196,0.4362,0.0108,-0.8996
2026-05-08T19:39:07.086,-0.3562,1.2174,26.5595,0.0217,0.3688,0.0211,-0.9290
2026-05-08T19:39:07.135,-0.3554,1.2197,26.5626,0.0290,0.3601,0.0244,-0.9322
2026-05-08T19:39:07.183,-0.3562,1.2205,26.5632,0.0357,0.3670,0.0269,-0.9291
2026-05-08T19:39:07.232,-0.3575,1.2204,26.5631,0.0381,0.3749,0.0274,-0.9259
2026-05-08T19:39:07.282,-0.3582,1.2205,26.5635,0.0384,0.3883,0.0281,-0.9203
2026-05-08T19:39:07.332,-0.3611,1.2190,26.5611,0.0373,0.4059,0.0267,-0.9128
2026-05-08T19:39:07.383,-0.3639,1.2177,26.5587,0.0311,0.4278,0.0278,-0.9029
2026-05-08T19:39:07.433,-0.3680,1.2167,26.5539,0.0292,0.4575,0.0320,-0.8882
2026-05-08T19:39:07.483,-0.3717,1.2159,26.5501,0.0243,0.4966,0.0289,-0.8672
2026-05-08T19:39:07.531,-0.3744,1.2143,26.5462,0.0251,0.5221,0.0254,-0.8522
2026-05-08T19:39:07.579,-0.3761,1.2138,26.5440,0.0283,0.5383,0.0208,-0.8420
2026-05-08T19:39:07.628,-0.3785,1.2124,26.5429,0.0316,0.5579,0.0127,-0.8292
2026-05-08T19:39:07.677,-0.3814,1.2113,26.5418,0.0282,0.5650,0.0099,-0.8245
2026-05-08T19:39:07.725,-0.3842,1.2094,26.5437,0.0229,0.5755,0.0109,-0.8174
2026-05-08T19:39:07.776,-0.3880,1.2085,26.5449,0.0172,0.5850,0.0103,-0.8108
2026-05-08T19:39:07.827,-0.3939,1.2058,26.5486,0.0087,0.5938,0.0180,-0.8044
2026-05-08T19:39:07.878,-0.4003,1.2033,26.5530,0.0012,0.6068,0.0283,-0.7944
2026-05-08T19:39:07.927,-0.4049,1.1998,26.5603,-0.0151,0.6207,0.0325,-0.7832
2026-05-08T19:39:07.976,-0.4106,1.1957,26.5635,-0.0241,0.6303,0.0382,-0.7750
2026-05-08T19:39:08.024,-0.4147,1.1923,26.5674,-0.0428,0.6401,0.0373,-0.7662
2026-05-08T19:39:08.073,-0.4202,1.1887,26.5722,-0.0580,0.6538,0.0392,-0.7534
2026-05-08T19:39:08.122,-0.4241,1.1871,26.5745,-0.0635,0.6664,0.0379,-0.7420
2026-05-08T19:39:08.171,-0.4292,1.1856,26.5788,-0.0756,0.6767,0.0391,-0.7313
2026-05-08T19:39:08.220,-0.4318,1.1834,26.5802,-0.0736,0.6859,0.0348,-0.7232
2026-05-08T19:39:08.271,-0.4349,1.1827,26.5851,-0.0738,0.6889,0.0337,-0.7203
2026-05-08T19:39:08.321,-0.4365,1.1809,26.5889,-0.0710,0.6892,0.0313,-0.7204
2026-05-08T19:39:08.371,-0.4378,1.1818,26.5922,-0.0683,0.6844,0.0289,-0.7253
2026-05-08T19:39:08.421,-0.4386,1.1810,26.5961,-0.0679,0.6808,0.0293,-0.7287
2026-05-08T19:39:08.470,-0.4388,1.1808,26.5979,-0.0690,0.6772,0.0266,-0.7321
2026-05-08T19:39:08.520,-0.4397,1.1805,26.6008,-0.0700,0.6746,0.0289,-0.7343
2026-05-08T19:39:08.569,-0.4406,1.1810,26.6036,-0.0714,0.6694,0.0332,-0.7387
2026-05-08T19:39:08.618,-0.4412,1.1818,26.6053,-0.0647,0.6653,0.0367,-0.7429
2026-05-08T19:39:08.668,-0.4415,1.1848,26.6080,-0.0563,0.6549,0.0377,-0.7526
2026-05-08T19:39:08.719,-0.4415,1.1858,26.6096,-0.0490,0.6483,0.0424,-0.7586
2026-05-08T19:39:08.768,-0.4411,1.1886,26.6099,-0.0433,0.6420,0.0434,-0.7642
2026-05-08T19:39:08.818,-0.4406,1.1917,26.6108,-0.0385,0.6349,0.0452,-0.7703
2026-05-08T19:39:08.866,-0.4396,1.1946,26.6122,-0.0287,0.6236,0.0481,-0.7797
2026-05-08T19:39:08.915,-0.4385,1.1966,26.6112,-0.0241,0.6149,0.0468,-0.7869
2026-05-08T19:39:08.965,-0.4380,1.2002,26.6103,-0.0204,0.6055,0.0416,-0.7945
2026-05-08T19:39:09.014,-0.4377,1.2026,26.6094,-0.0149,0.5960,0.0390,-0.8019
2026-05-08T19:39:09.064,-0.4381,1.2041,26.6083,-0.0074,0.5889,0.0383,-0.8073
2026-05-08T19:39:09.113,-0.4389,1.2064,26.6066,-0.0010,0.5817,0.0355,-0.8126
2026-05-08T19:39:09.162,-0.4395,1.2065,26.6046,-0.0002,0.5802,0.0335,-0.8138
2026-05-08T19:39:09.213,-0.6658,1.2070,26.6802,-0.0023,0.5715,0.0289,-0.8201
2026-05-08T19:39:09.262,-0.8993,1.2076,26.7650,-0.0009,0.5619,0.0242,-0.8269
2026-05-08T19:39:09.320,-1.1203,1.2084,26.8505,0.0017,0.5480,0.0184,-0.8363
2026-05-08T19:39:09.369,-1.3821,1.2088,26.9629,0.0044,0.5320,0.0133,-0.8466
2026-05-08T19:39:09.525,-1.6000,1.2087,27.0661,0.0051,0.5208,0.0088,-0.8536
2026-05-08T19:39:09.575,-2.2751,1.2086,27.4059,0.0035,0.5009,-0.0023,-0.8655
2026-05-08T19:39:09.645,-2.4893,1.2087,27.5261,0.0065,0.5074,-0.0032,-0.8617
2026-05-08T19:39:09.695,-2.7941,1.2086,27.6921,0.0085,0.5113,-0.0071,-0.8594
2026-05-08T19:39:09.744,-3.0143,1.2088,27.8109,0.0087,0.5114,-0.0064,-0.8593
2026-05-08T19:39:09.796,-3.1607,1.2091,27.9237,0.0094,0.5122,-0.0062,-0.8588
2026-05-08T19:39:09.848,-3.1799,1.2091,28.0696,0.0097,0.5151,-0.0074,-0.8571
2026-05-08T19:39:09.897,-3.3827,1.2095,28.2167,0.0115,0.5161,-0.0083,-0.8564
2026-05-08T19:39:10.041,-3.5967,1.2102,28.3288,0.0139,0.5184,-0.0079,-0.8550
2026-05-08T19:39:10.093,-4.1622,1.2111,28.6222,0.0181,0.5644,-0.0053,-0.8253
2026-05-08T19:39:10.147,-4.3642,1.2113,28.7005,0.0173,0.5827,-0.0035,-0.8125
2026-05-08T19:39:10.201,-4.5780,1.2116,28.7725,0.0181,0.6009,-0.0032,-0.7991
2026-05-08T19:39:10.255,-4.7951,1.2117,28.8349,0.0193,0.6186,-0.0016,-0.7855
2026-05-08T19:39:10.309,-5.0120,1.2117,28.8868,0.0201,0.6366,-0.0011,-0.7709
2026-05-08T19:39:10.361,-5.2535,1.2117,28.9329,0.0191,0.6501,0.0002,-0.7596
2026-05-08T19:39:10.414,-5.4971,1.2115,28.9703,0.0181,0.6585,0.0018,-0.7524
2026-05-08T19:39:10.466,-5.7560,1.2116,29.0036,0.0211,0.6585,0.0016,-0.7523
2026-05-08T19:39:10.518,-6.0062,1.2117,29.0354,0.0223,0.6521,0.0025,-0.7578
2026-05-08T19:39:10.571,-6.2544,1.2117,29.0712,0.0235,0.6442,0.0030,-0.7645
2026-05-08T19:39:10.623,-6.4971,1.2117,29.1113,0.0252,0.6340,0.0021,-0.7729
2026-05-08T19:39:10.677,-6.7091,1.2116,29.1520,0.0271,0.6169,0.0011,-0.7865
2026-05-08T19:39:10.730,-6.8872,1.2116,29.1942,0.0274,0.5930,-0.0002,-0.8047
2026-05-08T19:39:10.783,-7.0297,1.2116,29.2373,0.0285,0.5660,-0.0014,-0.8239
2026-05-08T19:39:10.837,-7.1674,1.2114,29.2896,0.0309,0.5361,-0.0023,-0.8436
2026-05-08T19:39:10.888,-7.2986,1.2114,29.3509,0.0313,0.5051,-0.0027,-0.8625
2026-05-08T19:39:10.941,-7.4168,1.2112,29.4174,0.0315,0.4734,-0.0029,-0.8803
2026-05-08T19:39:10.993,-7.5155,1.2108,29.4830,0.0316,0.4401,-0.0032,-0.8974
2026-05-08T19:39:11.046,-7.5873,1.2107,29.5392,0.0320,0.4052,-0.0048,-0.9137
2026-05-08T19:39:11.099,-7.6447,1.2104,29.5923,0.0313,0.3675,-0.0056,-0.9295
2026-05-08T19:39:11.154,-7.6926,1.2101,29.6443,0.0303,0.3296,-0.0061,-0.9436
2026-05-08T19:39:11.206,-7.7345,1.2109,29.6979,0.0281,0.2888,-0.0081,-0.9569
2026-05-08T19:39:11.259,-7.7566,1.2109,29.7329,0.0292,0.2733,-0.0067,-0.9615
2026-05-08T19:39:11.314,-7.7558,1.2111,29.7329,0.0316,0.2732,-0.0057,-0.9614
2026-05-08T19:39:11.365,-7.7550,1.2116,29.7331,0.0324,0.2727,-0.0033,-0.9616
2026-05-08T19:39:11.417,-7.7550,1.2120,29.7339,0.0340,0.2712,-0.0024,-0.9619
2026-05-08T19:39:11.470,-7.7552,1.2119,29.7346,0.0333,0.2683,-0.0025,-0.9628
2026-05-08T19:39:11.522,-7.7559,1.2123,29.7351,0.0349,0.2683,-0.0033,-0.9627
2026-05-08T19:39:11.574,-7.7570,1.2131,29.7353,0.0397,0.2670,-0.0026,-0.9629
2026-05-08T19:39:11.628,-7.7579,1.2142,29.7354,0.0458,0.2657,-0.0026,-0.9630
2026-05-08T19:39:11.680,-7.7575,1.2164,29.7354,0.0556,0.2587,0.0004,-0.9644
2026-05-08T19:39:11.733,-7.7555,1.2178,29.7365,0.0632,0.2454,0.0004,-0.9674
2026-05-08T19:39:11.786,-7.7532,1.2187,29.7375,0.0718,0.2224,-0.0002,-0.9723
2026-05-08T19:39:11.839,-7.7511,1.2190,29.7380,0.0668,0.2056,-0.0012,-0.9764
2026-05-08T19:39:11.891,-7.7493,1.2189,29.7383,0.0620,0.1946,-0.0026,-0.9789
2026-05-08T19:39:11.944,-7.7485,1.2192,29.7387,0.0620,0.1894,-0.0032,-0.9799
2026-05-08T19:39:11.997,-7.7473,1.2198,29.7389,0.0632,0.1807,-0.0011,-0.9815
2026-05-08T19:39:12.048,-7.7468,1.2193,29.7393,0.0651,0.1764,-0.0019,-0.9822
2026-05-08T19:39:12.104,-7.7465,1.2189,29.7395,0.0629,0.1785,-0.0040,-0.9819
2026-05-08T19:39:12.157,-7.7479,1.2177,29.7393,0.0562,0.1902,-0.0013,-0.9801
2026-05-08T19:39:12.211,-7.7505,1.2162,29.7388,0.0543,0.2038,-0.0019,-0.9775
2026-05-08T19:39:12.264,-7.7531,1.2150,29.7374,0.0501,0.2211,-0.0016,-0.9740
2026-05-08T19:39:12.325,-7.7564,1.2122,29.7360,0.0465,0.2455,-0.0079,-0.9683
2026-05-08T19:39:12.378,-7.7630,1.2124,29.7338,0.0441,0.2705,-0.0185,-0.9615
2026-05-08T19:39:12.528,-7.7662,1.2119,29.7330,0.0448,0.2859,-0.0203,-0.9570
2026-05-08T19:39:12.580,-7.7753,1.2106,29.7303,0.0407,0.3219,-0.0305,-0.9454
2026-05-08T19:39:12.646,-7.7772,1.2098,29.7305,0.0376,0.3260,-0.0310,-0.9441
2026-05-08T19:39:12.699,-7.8936,1.2087,29.8759,0.0318,0.3417,-0.0317,-0.9387
2026-05-08T19:39:12.752,-8.0527,1.2086,30.0644,0.0285,0.3551,-0.0310,-0.9339
2026-05-08T19:39:12.804,-8.2141,1.2081,30.2451,0.0285,0.3676,-0.0292,-0.9291
2026-05-08T19:39:12.857,-8.3780,1.2079,30.4187,0.0293,0.3816,-0.0308,-0.9233
2026-05-08T19:39:12.910,-8.5502,1.2078,30.5906,0.0285,0.3965,-0.0317,-0.9170
2026-05-08T19:39:13.042,-8.7301,1.2076,30.7592,0.0277,0.4095,-0.0326,-0.9113
2026-05-08T19:39:13.092,-9.2172,1.2073,31.1909,0.0264,0.4089,-0.0334,-0.9116
2026-05-08T19:39:13.143,-9.4028,1.2071,31.3568,0.0245,0.3999,-0.0326,-0.9157
2026-05-08T19:39:13.191,-9.5817,1.2070,31.5232,0.0243,0.3898,-0.0322,-0.9200
2026-05-08T19:39:13.240,-9.7376,1.2067,31.6747,0.0231,0.3737,-0.0322,-0.9267
2026-05-08T19:39:13.289,-9.8567,1.2065,31.7991,0.0220,0.3474,-0.0327,-0.9369
2026-05-08T19:39:13.338,-9.9497,1.2064,31.9079,0.0207,0.3171,-0.0326,-0.9476
2026-05-08T19:39:13.386,-10.0022,1.2062,31.9779,0.0191,0.2814,-0.0325,-0.9589
2026-05-08T19:39:13.436,-10.0207,1.2062,32.0072,0.0182,0.2460,-0.0334,-0.9685
2026-05-08T19:39:13.485,-10.0163,1.2062,31.9997,0.0174,0.2083,-0.0336,-0.9773
2026-05-08T19:39:13.536,-9.9972,1.2063,31.9577,0.0149,0.1696,-0.0332,-0.9848
2026-05-08T19:39:13.589,-9.9609,1.2064,31.8568,0.0133,0.1330,-0.0330,-0.9905
2026-05-08T19:39:13.644,-9.9305,1.2064,31.7464,0.0120,0.0952,-0.0333,-0.9948
2026-05-08T19:39:13.694,-9.9074,1.2063,31.6286,0.0100,0.0548,-0.0335,-0.9979
2026-05-08T19:39:13.744,-9.8954,1.2062,31.5220,0.0068,0.0200,-0.0326,-0.9992
2026-05-08T19:39:13.793,-9.8919,1.2059,31.4322,0.0043,-0.0167,-0.0327,-0.9993
2026-05-08T19:39:13.843,-9.8939,1.2059,31.3746,0.0038,-0.0547,-0.0330,-0.9980
2026-05-08T19:39:13.892,-9.8958,1.2057,31.3568,0.0026,-0.0934,-0.0327,-0.9951
2026-05-08T19:39:13.943,-9.8884,1.2056,31.3961,0.0010,-0.1321,-0.0325,-0.9907
2026-05-08T19:39:13.992,-9.8683,1.2055,31.4698,-0.0007,-0.1698,-0.0313,-0.9850
2026-05-08T19:39:14.042,-9.8282,1.2056,31.5823,-0.0017,-0.2041,-0.0318,-0.9784
2026-05-08T19:39:14.094,-9.7768,1.2056,31.6997,-0.0024,-0.2372,-0.0315,-0.9710
2026-05-08T19:39:14.143,-9.7082,1.2057,31.8314,-0.0033,-0.2695,-0.0315,-0.9625
2026-05-08T19:39:14.192,-9.6332,1.2058,31.9548,-0.0043,-0.3000,-0.0310,-0.9534
2026-05-08T19:39:14.242,-9.5499,1.2059,32.0741,-0.0051,-0.3291,-0.0309,-0.9438
2026-05-08T19:39:14.291,-9.4567,1.2061,32.1913,-0.0054,-0.3589,-0.0311,-0.9328
2026-05-08T19:39:14.341,-9.3582,1.2061,32.3002,-0.0070,-0.3877,-0.0302,-0.9213
2026-05-08T19:39:14.390,-9.2524,1.2061,32.4036,-0.0079,-0.4169,-0.0296,-0.9084
2026-05-08T19:39:14.441,-9.1399,1.2063,32.5005,-0.0083,-0.4452,-0.0297,-0.8949
2026-05-08T19:39:14.491,-9.0122,1.2063,32.5974,-0.0091,-0.4726,-0.0299,-0.8807
2026-05-08T19:39:14.542,-8.8773,1.2063,32.6871,-0.0107,-0.4981,-0.0293,-0.8666
2026-05-08T19:39:14.591,-8.7197,1.2063,32.7792,-0.0121,-0.5219,-0.0286,-0.8524
2026-05-08T19:39:14.641,-8.5514,1.2064,32.8654,-0.0128,-0.5418,-0.0293,-0.8399
2026-05-08T19:39:14.690,-8.3691,1.2065,32.9481,-0.0133,-0.5609,-0.0292,-0.8273
2026-05-08T19:39:14.739,-8.1744,1.2067,33.0259,-0.0139,-0.5775,-0.0294,-0.8157
2026-05-08T19:39:14.789,-7.9654,1.2074,33.0996,-0.0104,-0.5917,-0.0322,-0.8054
2026-05-08T19:39:14.838,-7.7407,1.2085,33.1702,-0.0047,-0.6034,-0.0364,-0.7966
2026-05-08T19:39:14.887,-7.5130,1.2106,33.2340,0.0032,-0.6136,-0.0429,-0.7884
2026-05-08T19:39:14.937,-7.2824,1.2117,33.2926,0.0115,-0.6228,-0.0478,-0.7808
2026-05-08T19:39:14.988,-7.0477,1.2128,33.3459,0.0118,-0.6329,-0.0484,-0.7727
2026-05-08T19:39:15.038,-6.8031,1.2127,33.3948,0.0107,-0.6354,-0.0478,-0.7707
2026-05-08T19:39:15.088,-6.5615,1.2127,33.4417,0.0079,-0.6374,-0.0446,-0.7692
2026-05-08T19:39:15.137,-6.3157,1.2123,33.4882,0.0066,-0.6383,-0.0433,-0.7685
2026-05-08T19:39:15.185,-6.0751,1.2122,33.5337,0.0071,-0.6366,-0.0437,-0.7699
2026-05-08T19:39:15.235,-5.8375,1.2120,33.5799,0.0075,-0.6351,-0.0453,-0.7711
2026-05-08T19:39:15.284,-5.5996,1.2120,33.6268,0.0071,-0.6344,-0.0457,-0.7716
2026-05-08T19:39:15.341,-5.3695,1.2122,33.6723,0.0074,-0.6265,-0.0450,-0.7781
2026-05-08T19:39:15.391,-5.1053,1.2124,33.7304,0.0080,-0.6158,-0.0448,-0.7866
2026-05-08T19:39:15.548,-4.8808,1.2126,33.7868,0.0091,-0.6019,-0.0462,-0.7972
2026-05-08T19:39:15.598,-4.3517,1.2119,33.9429,0.0102,-0.5158,-0.0503,-0.8552
2026-05-08T19:39:15.669,-4.1976,1.2120,34.0263,0.0136,-0.4838,-0.0525,-0.8735
2026-05-08T19:39:15.719,-3.9952,1.2114,34.1544,0.0173,-0.4438,-0.0558,-0.8942
2026-05-08T19:39:15.769,-3.8612,1.2115,34.1897,0.0179,-0.4185,-0.0538,-0.9064
2026-05-08T19:39:15.818,-3.7185,1.2116,34.2193,0.0201,-0.3939,-0.0524,-0.9175
2026-05-08T19:39:15.868,-3.5988,1.2117,34.3330,0.0238,-0.3665,-0.0515,-0.9287
2026-05-08T19:39:15.918,-3.4797,1.2122,34.4598,0.0288,-0.3349,-0.0508,-0.9405
2026-05-08T19:39:16.050,-3.3723,1.2109,34.5900,0.0317,-0.3038,-0.0429,-0.9512
2026-05-08T19:39:16.098,-3.0900,1.2081,34.6680,0.0349,-0.2156,-0.0292,-0.9754
2026-05-08T19:39:16.145,-3.0200,1.2064,34.8158,0.0314,-0.1751,-0.0224,-0.9838
2026-05-08T19:39:16.192,-2.9251,1.2057,34.9286,0.0288,-0.1362,-0.0179,-0.9901
2026-05-08T19:39:16.243,-2.8803,1.2045,35.0859,0.0282,-0.0894,-0.0155,-0.9955
2026-05-08T19:39:16.316,-2.8472,1.2037,35.2565,0.0266,-0.0416,-0.0077,-0.9987
2026-05-08T19:39:16.362,-2.8247,1.2023,35.5015,0.0312,0.0207,-0.0001,-0.9993
2026-05-08T19:39:16.409,-2.8285,1.2030,35.6636,0.0340,0.0504,0.0078,-0.9981
2026-05-08T19:39:16.458,-2.8422,1.2027,35.8205,0.0353,0.0783,0.0077,-0.9963
2026-05-08T19:39:16.504,-2.8400,1.2032,35.9824,0.0340,0.1016,0.0102,-0.9942
2026-05-08T19:39:16.552,-2.8384,1.2035,36.1358,0.0362,0.1228,0.0101,-0.9917
2026-05-08T19:39:16.600,-2.7852,1.2042,36.2921,0.0357,0.1450,0.0119,-0.9887
2026-05-08T19:39:16.648,-2.7908,1.2051,36.4641,0.0362,0.1630,0.0167,-0.9858
2026-05-08T19:39:16.695,-2.7895,1.2049,36.6621,0.0323,0.1748,0.0186,-0.9839
2026-05-08T19:39:16.741,-2.7880,1.2047,36.8807,0.0276,0.1661,0.0188,-0.9855
2026-05-08T19:39:16.791,-2.7876,1.2045,37.0644,0.0230,0.1408,0.0167,-0.9896
2026-05-08T19:39:16.839,-2.7872,1.2041,37.2448,0.0172,0.1104,0.0166,-0.9936
2026-05-08T19:39:16.887,-2.7928,1.2036,37.4264,0.0099,0.0814,0.0151,-0.9965
2026-05-08T19:39:16.935,-2.8059,1.2029,37.6214,0.0027,0.0534,0.0143,-0.9985
2026-05-08T19:39:16.983,-2.8194,1.2025,37.8154,-0.0015,0.0275,0.0155,-0.9995
2026-05-08T19:39:17.028,-2.8312,1.2028,38.0087,-0.0020,0.0042,0.0134,-0.9999
2026-05-08T19:39:17.076,-2.8344,1.2028,38.1811,-0.0033,-0.0219,0.0109,-0.9997
2026-05-08T19:39:17.122,-2.8280,1.2030,38.3576,-0.0036,-0.0476,0.0093,-0.9988
2026-05-08T19:39:17.169,-2.8127,1.2036,38.5300,-0.0053,-0.0747,0.0078,-0.9972
2026-05-08T19:39:17.217,-2.7862,1.2031,38.7161,-0.0064,-0.0984,0.0063,-0.9951
2026-05-08T19:39:17.264,-2.7450,1.2037,38.9316,-0.0088,-0.1171,0.0027,-0.9931
2026-05-08T19:39:17.311,-2.6941,1.2038,39.1516,-0.0107,-0.1277,0.0004,-0.9918
2026-05-08T19:39:17.362,-2.6359,1.2041,39.3816,-0.0130,-0.1284,-0.0030,-0.9916
2026-05-08T19:39:17.409,-2.5726,1.2045,39.6272,-0.0136,-0.1284,-0.0032,-0.9916
2026-05-08T19:39:17.457,-2.5145,1.2048,39.8549,-0.0141,-0.1291,-0.0052,-0.9915
2026-05-08T19:39:17.503,-2.4548,1.2048,40.0852,-0.0154,-0.1286,-0.0074,-0.9915
2026-05-08T19:39:17.550,-2.3977,1.2052,40.3070,-0.0153,-0.1285,-0.0091,-0.9916
2026-05-08T19:39:17.596,-2.3393,1.2049,40.5327,-0.0162,-0.1281,-0.0088,-0.9916
2026-05-08T19:39:17.643,-2.2831,1.2048,40.7508,-0.0166,-0.1283,-0.0098,-0.9916
2026-05-08T19:39:17.689,-2.2258,1.2046,40.9740,-0.0185,-0.1277,-0.0120,-0.9916
2026-05-08T19:39:17.737,-2.1692,1.2043,41.1929,-0.0192,-0.1279,-0.0131,-0.9915
2026-05-08T19:39:17.784,-2.1106,1.2042,41.4196,-0.0198,-0.1276,-0.0138,-0.9915
2026-05-08T19:39:17.833,-2.0519,1.2040,41.6475,-0.0196,-0.1278,-0.0142,-0.9915
2026-05-08T19:39:17.881,-1.9946,1.2041,41.8697,-0.0184,-0.1141,-0.0156,-0.9932
2026-05-08T19:39:17.928,-1.9503,1.2042,42.0629,-0.0170,-0.0938,-0.0167,-0.9953
2026-05-08T19:39:17.975,-1.9184,1.2041,42.2335,-0.0166,-0.0682,-0.0179,-0.9974
2026-05-08T19:39:18.023,-1.8970,1.2039,42.3938,-0.0162,-0.0413,-0.0190,-0.9988
2026-05-08T19:39:18.069,-1.8843,1.2040,42.5525,-0.0146,-0.0139,-0.0203,-0.9996
2026-05-08T19:39:18.114,-1.8802,1.2040,42.7121,-0.0129,0.0133,-0.0212,-0.9996
2026-05-08T19:39:18.159,-1.8845,1.2039,42.8626,-0.0113,0.0402,-0.0223,-0.9989
2026-05-08T19:39:18.207,-1.8963,1.2039,43.0103,-0.0104,0.0667,-0.0222,-0.9975
2026-05-08T19:39:18.255,-1.9179,1.2038,43.1725,-0.0100,0.0939,-0.0222,-0.9953
2026-05-08T19:39:18.302,-1.9544,1.2037,43.3642,-0.0097,0.0939,-0.0228,-0.9953
2026-05-08T19:39:18.349,-1.9907,1.2035,43.5572,-0.0095,0.0744,-0.0223,-0.9969
2026-05-08T19:39:18.396,-2.0152,1.2034,43.7223,-0.0096,0.0471,-0.0210,-0.9986
2026-05-08T19:39:18.444,-2.0295,1.2034,43.8767,-0.0102,0.0191,-0.0205,-0.9996
2026-05-08T19:39:18.489,-2.0348,1.2034,44.0286,-0.0100,-0.0116,-0.0196,-0.9997
2026-05-08T19:39:18.537,-2.0316,1.2036,44.1447,-0.0098,-0.0435,-0.0188,-0.9988
2026-05-08T19:39:18.583,-2.0236,1.2035,44.2279,-0.0096,-0.0783,-0.0180,-0.9967
2026-05-08T19:39:18.630,-2.0174,1.2034,44.2632,-0.0097,-0.1156,-0.0163,-0.9931
2026-05-08T19:39:18.677,-2.0178,1.2035,44.2603,-0.0109,-0.1530,-0.0156,-0.9880
2026-05-08T19:39:18.726,-2.0248,1.2035,44.2363,-0.0110,-0.1905,-0.0151,-0.9815
2026-05-08T19:39:18.775,-2.0443,1.2033,44.1865,-0.0116,-0.2297,-0.0138,-0.9731
2026-05-08T19:39:18.821,-2.0741,1.2031,44.1262,-0.0118,-0.2657,-0.0135,-0.9639
2026-05-08T19:39:18.869,-2.1081,1.2031,44.0690,-0.0128,-0.2998,-0.0117,-0.9538
2026-05-08T19:39:18.915,-2.1470,1.2030,44.0136,-0.0127,-0.3334,-0.0120,-0.9426
2026-05-08T19:39:18.962,-2.1900,1.2029,43.9610,-0.0132,-0.3668,-0.0122,-0.9301
2026-05-08T19:39:19.010,-2.2359,1.2030,43.9122,-0.0136,-0.3994,-0.0116,-0.9166
2026-05-08T19:39:19.056,-2.2855,1.2031,43.8664,-0.0137,-0.4320,-0.0112,-0.9017
2026-05-08T19:39:19.101,-2.3278,1.2033,43.8330,-0.0144,-0.4630,-0.0112,-0.8862
2026-05-08T19:39:19.150,-2.3154,1.2035,43.8422,-0.0143,-0.4936,-0.0116,-0.8695
2026-05-08T19:39:19.198,-2.2352,1.2037,43.8904,-0.0147,-0.5235,-0.0118,-0.8518
2026-05-08T19:39:19.245,-2.0755,1.2037,43.9714,-0.0154,-0.5448,-0.0110,-0.8383
2026-05-08T19:39:19.291,-1.8908,1.2037,44.0534,-0.0162,-0.5599,-0.0097,-0.8284
2026-05-08T19:39:19.337,-1.6962,1.2037,44.1316,-0.0164,-0.5728,-0.0098,-0.8195
2026-05-08T19:39:19.383,-1.4963,1.2038,44.2049,-0.0165,-0.5844,-0.0107,-0.8112
2026-05-08T19:39:19.430,-1.2911,1.2037,44.2735,-0.0165,-0.5947,-0.0107,-0.8037
2026-05-08T19:39:19.476,-1.0809,1.2036,44.3377,-0.0171,-0.6046,-0.0102,-0.7963
2026-05-08T19:39:19.522,-0.8676,1.2035,44.3971,-0.0171,-0.6130,-0.0091,-0.7898
2026-05-08T19:39:19.571,-0.6532,1.2033,44.4519,-0.0173,-0.6210,-0.0093,-0.7836
2026-05-08T19:39:19.620,-0.4259,1.2032,44.5051,-0.0169,-0.6295,-0.0094,-0.7767
2026-05-08T19:39:19.668,-0.1961,1.2031,44.5534,-0.0166,-0.6378,-0.0086,-0.7700
2026-05-08T19:39:19.714,0.0291,1.2031,44.5959,-0.0166,-0.6457,-0.0080,-0.7634
2026-05-08T19:39:19.761,0.2494,1.2032,44.6329,-0.0163,-0.6532,-0.0085,-0.7570
2026-05-08T19:39:19.807,0.4804,1.2035,44.6669,-0.0158,-0.6531,-0.0094,-0.7570
2026-05-08T19:39:19.852,0.6846,1.2036,44.6970,-0.0153,-0.6447,-0.0097,-0.7642
2026-05-08T19:39:19.900,0.8819,1.2037,44.7305,-0.0151,-0.6313,-0.0092,-0.7753
2026-05-08T19:39:19.945,1.0736,1.2037,44.7701,-0.0154,-0.6158,-0.0088,-0.7877
2026-05-08T19:39:19.992,1.2806,1.2037,44.8215,-0.0151,-0.6043,-0.0095,-0.7965
2026-05-08T19:39:20.039,1.5045,1.2038,44.8841,-0.0146,-0.6048,-0.0097,-0.7962
2026-05-08T19:39:20.089,1.7285,1.2037,44.9466,-0.0149,-0.6046,-0.0094,-0.7964
2026-05-08T19:39:20.137,1.9653,1.2038,45.0126,-0.0150,-0.6043,-0.0090,-0.7966
2026-05-08T19:39:20.184,2.1953,1.2039,45.0771,-0.0143,-0.6044,-0.0090,-0.7965
2026-05-08T19:39:20.231,2.4175,1.2038,45.1392,-0.0146,-0.6045,-0.0093,-0.7964
2026-05-08T19:39:20.278,2.6382,1.2039,45.2007,-0.0145,-0.6047,-0.0092,-0.7963
2026-05-08T19:39:20.324,2.8635,1.2041,45.2636,-0.0145,-0.6107,-0.0090,-0.7917
2026-05-08T19:39:20.370,3.0776,1.2042,45.3197,-0.0147,-0.6176,-0.0086,-0.7863
2026-05-08T19:39:20.416,3.2837,1.2044,45.3700,-0.0147,-0.6282,-0.0091,-0.7778
2026-05-08T19:39:20.461,3.4845,1.2043,45.4132,-0.0152,-0.6410,-0.0089,-0.7673
2026-05-08T19:39:20.510,3.6680,1.2042,45.4463,-0.0159,-0.6558,-0.0079,-0.7548
2026-05-08T19:39:20.556,3.8669,1.2040,45.4743,-0.0167,-0.6720,-0.0066,-0.7403
2026-05-08T19:39:20.602,4.0534,1.2038,45.4924,-0.0178,-0.6873,-0.0058,-0.7261
2026-05-08T19:39:20.649,4.2385,1.2036,45.5025,-0.0177,-0.7029,-0.0059,-0.7110
2026-05-08T19:39:20.695,4.4259,1.2034,45.5046,-0.0181,-0.7181,-0.0051,-0.6957
2026-05-08T19:39:20.742,4.6179,1.2033,45.4985,-0.0188,-0.7320,-0.0048,-0.6810
2026-05-08T19:39:20.789,4.8276,1.2033,45.4831,-0.0183,-0.7430,-0.0039,-0.6690
2026-05-08T19:39:20.836,5.0495,1.2031,45.4598,-0.0188,-0.7513,-0.0039,-0.6596
2026-05-08T19:39:20.884,5.2720,1.2030,45.4306,-0.0188,-0.7584,-0.0040,-0.6515
2026-05-08T19:39:20.932,5.4961,1.2029,45.3963,-0.0186,-0.7650,-0.0035,-0.6438
2026-05-08T19:39:20.980,5.7243,1.2029,45.3568,-0.0187,-0.7716,-0.0034,-0.6359
2026-05-08T19:39:21.027,5.9491,1.2029,45.3129,-0.0187,-0.7782,-0.0032,-0.6277
2026-05-08T19:39:21.072,6.1726,1.2028,45.2645,-0.0188,-0.7846,-0.0033,-0.6197
2026-05-08T19:39:21.119,6.3821,1.2028,45.2144,-0.0185,-0.7908,-0.0029,-0.6118
2026-05-08T19:39:21.165,6.5946,1.2028,45.1589,-0.0182,-0.7979,-0.0023,-0.6025
2026-05-08T19:39:21.211,6.8055,1.2028,45.0988,-0.0189,-0.8051,-0.0011,-0.5928
2026-05-08T19:39:21.257,7.0078,1.2028,45.0358,-0.0188,-0.8145,-0.0012,-0.5799
2026-05-08T19:39:21.304,7.1967,1.2029,44.9704,-0.0190,-0.8242,-0.0012,-0.5660
2026-05-08T19:39:21.350,7.3785,1.2028,44.9004,-0.0192,-0.8350,-0.0004,-0.5499
2026-05-08T19:39:21.399,7.5528,1.2028,44.8255,-0.0189,-0.8462,0.0000,-0.5326
2026-05-08T19:39:21.444,7.7292,1.2026,44.7409,-0.0186,-0.8579,0.0009,-0.5135
2026-05-08T19:39:21.490,7.8934,1.2025,44.6528,-0.0192,-0.8689,0.0009,-0.4947
2026-05-08T19:39:21.537,8.0514,1.2025,44.5588,-0.0187,-0.8792,0.0011,-0.4760
2026-05-08T19:39:21.583,8.2076,1.2026,44.4569,-0.0186,-0.8893,0.0018,-0.4570
2026-05-08T19:39:21.629,8.3595,1.2027,44.3480,-0.0187,-0.8988,0.0019,-0.4380
2026-05-08T19:39:21.676,8.5059,1.2028,44.2334,-0.0187,-0.9080,0.0021,-0.4186
2026-05-08T19:39:21.722,8.6473,1.2029,44.1125,-0.0185,-0.9168,0.0021,-0.3988
2026-05-08T19:39:21.770,8.7841,1.2030,43.9847,-0.0183,-0.9254,0.0030,-0.3785
2026-05-08T19:39:21.818,8.9174,1.2030,43.8490,-0.0182,-0.9337,0.0057,-0.3576
2026-05-08T19:39:21.867,9.0459,1.2030,43.7056,-0.0180,-0.9416,0.0047,-0.3361
2026-05-08T19:39:21.916,9.1698,1.2030,43.5541,-0.0181,-0.9493,0.0046,-0.3139
2026-05-08T19:39:21.963,9.2860,1.2030,43.3977,-0.0182,-0.9561,0.0051,-0.2923
2026-05-08T19:39:22.009,9.3901,1.2030,43.2432,-0.0177,-0.9624,0.0054,-0.2712
2026-05-08T19:39:22.055,9.4857,1.2029,43.0869,-0.0172,-0.9680,0.0057,-0.2504
2026-05-08T19:39:22.103,9.5753,1.2029,42.9254,-0.0179,-0.9733,0.0060,-0.2288
2026-05-08T19:39:22.149,9.6589,1.2028,42.7572,-0.0174,-0.9783,0.0062,-0.2063
2026-05-08T19:39:22.195,9.7340,1.2028,42.5868,-0.0168,-0.9827,0.0069,-0.1844
2026-05-08T19:39:22.240,9.7991,1.2028,42.4191,-0.0167,-0.9864,0.0072,-0.1633
2026-05-08T19:39:22.289,9.8578,1.2029,42.2467,-0.0166,-0.9897,0.0071,-0.1423
2026-05-08T19:39:22.336,9.9121,1.2029,42.0619,-0.0169,-0.9927,0.0070,-0.1194
2026-05-08T19:39:22.383,9.9559,1.2028,41.8815,-0.0167,-0.9951,0.0077,-0.0972
2026-05-08T19:39:22.430,9.9934,1.2029,41.6901,-0.0158,-0.9969,0.0080,-0.0769
2026-05-08T19:39:22.477,10.0268,1.2028,41.4746,-0.0154,-0.9979,0.0086,-0.0630
2026-05-08T19:39:22.523,10.0558,1.2028,41.2468,-0.0160,-0.9983,0.0084,-0.0552
2026-05-08T19:39:22.572,10.0810,1.2027,41.0198,-0.0158,-0.9983,0.0078,-0.0550
2026-05-08T19:39:22.617,10.1072,1.2027,40.7822,-0.0157,-0.9983,0.0081,-0.0549
2026-05-08T19:39:22.664,10.1316,1.2026,40.5607,-0.0155,-0.9983,0.0081,-0.0552
2026-05-08T19:39:22.712,10.1571,1.2026,40.3311,-0.0152,-0.9983,0.0085,-0.0548
2026-05-08T19:39:22.763,10.1829,1.2026,40.0973,-0.0157,-0.9983,0.0080,-0.0547
2026-05-08T19:39:22.817,10.2102,1.2026,39.8479,-0.0150,-0.9984,0.0077,-0.0544
2026-05-08T19:39:22.865,10.2390,1.2027,39.5840,-0.0149,-0.9984,0.0083,-0.0546
2026-05-08T19:39:22.914,10.2649,1.2028,39.3492,-0.0149,-0.9984,0.0081,-0.0545
2026-05-08T19:39:22.961,10.2910,1.2028,39.1103,-0.0154,-0.9984,0.0074,-0.0547
2026-05-08T19:39:23.007,10.3161,1.2030,38.8810,-0.0150,-0.9984,0.0072,-0.0545
2026-05-08T19:39:23.056,10.3404,1.2030,38.6584,-0.0149,-0.9983,0.0080,-0.0549
2026-05-08T19:39:23.106,10.3669,1.2031,38.4195,-0.0148,-0.9983,0.0083,-0.0552
2026-05-08T19:39:23.152,10.3937,1.2032,38.1779,-0.0151,-0.9987,0.0077,-0.0471
2026-05-08T19:39:23.199,10.4154,1.2031,37.9476,-0.0153,-0.9991,0.0079,-0.0395
2026-05-08T19:39:23.249,10.4333,1.2032,37.7222,-0.0150,-0.9993,0.0081,-0.0322
2026-05-08T19:39:23.298,10.4493,1.2032,37.4773,-0.0152,-0.9996,0.0083,-0.0244
2026-05-08T19:39:23.345,10.4609,1.2031,37.2409,-0.0161,-0.9997,0.0085,-0.0162
2026-05-08T19:39:23.392,10.4683,1.2029,37.0091,-0.0164,-0.9998,0.0086,-0.0078
2026-05-08T19:39:23.439,10.4718,1.2028,36.7801,-0.0157,-0.9998,0.0095,0.0001
2026-05-08T19:39:23.487,10.4714,1.2026,36.5512,-0.0157,-0.9998,0.0101,0.0079
2026-05-08T19:39:23.533,10.4676,1.2025,36.3182,-0.0154,-0.9997,0.0102,0.0159
2026-05-08T19:39:23.581,10.4602,1.2024,36.0922,-0.0156,-0.9995,0.0102,0.0241
2026-05-08T19:39:23.627,10.4486,1.2024,35.8618,-0.0150,-0.9993,0.0106,0.0331
2026-05-08T19:39:23.676,10.4333,1.2023,35.6340,-0.0144,-0.9990,0.0113,0.0410
2026-05-08T19:39:23.724,10.4139,1.2021,35.3987,-0.0141,-0.9990,0.0117,0.0403
2026-05-08T19:39:23.771,10.3947,1.2021,35.1623,-0.0147,-0.9990,0.0111,0.0406
2026-05-08T19:39:23.817,10.3760,1.2020,34.9354,-0.0148,-0.9990,0.0113,0.0411
2026-05-08T19:39:23.863,10.3571,1.2018,34.7070,-0.0146,-0.9990,0.0115,0.0409
2026-05-08T19:39:23.910,10.3388,1.2018,34.4837,-0.0145,-0.9990,0.0118,0.0401
2026-05-08T19:39:23.958,10.3204,1.2017,34.2551,-0.0145,-0.9990,0.0116,0.0402
2026-05-08T19:39:24.005,10.3013,1.2016,34.0209,-0.0149,-0.9990,0.0118,0.0406
2026-05-08T19:39:24.052,10.2825,1.2016,33.7925,-0.0143,-0.9990,0.0121,0.0408
2026-05-08T19:39:24.099,10.2632,1.2018,33.5579,-0.0142,-0.9990,0.0119,0.0405
2026-05-08T19:39:24.150,10.2446,1.2019,33.3292,-0.0141,-0.9990,0.0116,0.0405
2026-05-08T19:39:24.196,10.2246,1.2018,33.0819,-0.0148,-0.9990,0.0118,0.0404
2026-05-08T19:39:24.242,10.2062,1.2018,32.8562,-0.0147,-0.9990,0.0122,0.0406
2026-05-08T19:39:24.289,10.1879,1.2018,32.6318,-0.0143,-0.9990,0.0127,0.0402
2026-05-08T19:39:24.337,10.1693,1.2017,32.4026,-0.0140,-0.9990,0.0133,0.0403
2026-05-08T19:39:24.385,10.1503,1.2017,32.1674,-0.0145,-0.9990,0.0130,0.0402
2026-05-08T19:39:24.432,10.1316,1.2017,31.9357,-0.0149,-0.9990,0.0134,0.0402
2026-05-08T19:39:24.479,10.1128,1.2016,31.7002,-0.0148,-0.9990,0.0134,0.0399
2026-05-08T19:39:24.525,10.0947,1.2017,31.4745,-0.0142,-0.9990,0.0136,0.0398
2026-05-08T19:39:24.573,10.0766,1.2016,31.2479,-0.0146,-0.9990,0.0133,0.0398
2026-05-08T19:39:24.622,10.0577,1.2015,31.0110,-0.0153,-0.9990,0.0130,0.0399
2026-05-08T19:39:24.668,10.0388,1.2016,30.7779,-0.0146,-0.9990,0.0131,0.0402
2026-05-08T19:39:24.715,10.0204,1.2017,30.5510,-0.0142,-0.9990,0.0133,0.0402
2026-05-08T19:39:24.761,10.0018,1.2018,30.3222,-0.0143,-0.9990,0.0130,0.0401
2026-05-08T19:39:24.808,9.9834,1.2019,30.0962,-0.0146,-0.9990,0.0125,0.0400
2026-05-08T19:39:24.856,9.9645,1.2020,29.8627,-0.0145,-0.9990,0.0126,0.0403
2026-05-08T19:39:24.903,9.9457,1.2020,29.6330,-0.0142,-0.9990,0.0130,0.0401
2026-05-08T19:39:24.950,9.9271,1.2020,29.4029,-0.0138,-0.9990,0.0136,0.0401
2026-05-08T19:39:24.999,9.9085,1.2020,29.1735,-0.0142,-0.9987,0.0131,0.0480
2026-05-08T19:39:25.046,9.8855,1.2019,28.9361,-0.0140,-0.9981,0.0133,0.0585
2026-05-08T19:39:25.093,9.8606,1.2019,28.7254,-0.0138,-0.9970,0.0136,0.0747
2026-05-08T19:39:25.141,9.8321,1.2018,28.5375,-0.0130,-0.9953,0.0143,0.0953
2026-05-08T19:39:25.187,9.7992,1.2018,28.3673,-0.0126,-0.9924,0.0147,0.1212
2026-05-08T19:39:25.235,9.7609,1.2017,28.2130,-0.0130,-0.9889,0.0149,0.1475
2026-05-08T19:39:25.282,9.7146,1.2018,28.0615,-0.0121,-0.9843,0.0153,0.1755
2026-05-08T19:39:25.328,9.6616,1.2019,27.9175,-0.0116,-0.9790,0.0157,0.2029
2026-05-08T19:39:25.375,9.6015,1.2019,27.7787,-0.0113,-0.9731,0.0162,0.2297
2026-05-08T19:39:25.420,9.5339,1.2019,27.6434,-0.0112,-0.9664,0.0162,0.2563
2026-05-08T19:39:25.470,9.4592,1.2017,27.5125,-0.0106,-0.9590,0.0166,0.2827
2026-05-08T19:39:25.517,9.3625,1.2017,27.3628,-0.0098,-0.9515,0.0170,0.3071
2026-05-08T19:39:25.564,9.2455,1.2018,27.2005,-0.0088,-0.9447,0.0175,0.3272
2026-05-08T19:39:25.612,9.1236,1.2018,27.0452,-0.0093,-0.9387,0.0175,0.3442
2026-05-08T19:39:25.659,8.9851,1.2019,26.8816,-0.0097,-0.9322,0.0169,0.3614
2026-05-08T19:39:25.708,8.8417,1.2019,26.7244,-0.0092,-0.9260,0.0177,0.3770
2026-05-08T19:39:25.754,8.6888,1.2021,26.5655,-0.0092,-0.9201,0.0171,0.3913
2026-05-08T19:39:25.802,8.6407,1.2023,26.3853,-0.0084,-0.9149,0.0170,0.4033
2026-05-08T19:39:25.848,8.4772,1.2024,26.2359,-0.0085,-0.9096,0.0171,0.4150
2026-05-08T19:39:25.898,8.3105,1.2025,26.0916,-0.0086,-0.9045,0.0168,0.4260
2026-05-08T19:39:25.944,8.1316,1.2027,25.9440,-0.0081,-0.8990,0.0165,0.4375
2026-05-08T19:39:25.990,7.9581,1.2028,25.8081,-0.0080,-0.8940,0.0165,0.4478
2026-05-08T19:39:26.038,7.7811,1.2028,25.6757,-0.0080,-0.8887,0.0164,0.4582
2026-05-08T19:39:26.084,7.6011,1.2029,25.5477,-0.0080,-0.8831,0.0160,0.4688
2026-05-08T19:39:26.131,7.4219,1.2030,25.4269,-0.0079,-0.8764,0.0158,0.4812
2026-05-08T19:39:26.179,7.2549,1.2031,25.3206,-0.0067,-0.8666,0.0166,0.4986
2026-05-08T19:39:26.226,7.0863,1.2030,25.2229,-0.0057,-0.8557,0.0169,0.5171
2026-05-08T19:39:26.274,6.9225,1.2030,25.1371,-0.0055,-0.8441,0.0167,0.5358
2026-05-08T19:39:26.324,6.7482,1.2030,25.0553,-0.0055,-0.8309,0.0167,0.5562
2026-05-08T19:39:26.371,6.6029,1.2029,24.9955,-0.0047,-0.8138,0.0172,0.5809
2026-05-08T19:39:26.417,6.5154,1.2029,24.9654,-0.0040,-0.7942,0.0174,0.6075
2026-05-08T19:39:26.462,6.4593,1.2028,24.9503,-0.0030,-0.7718,0.0178,0.6356
2026-05-08T19:39:26.509,6.4667,1.2025,24.9517,-0.0027,-0.7487,0.0180,0.6626
2026-05-08T19:39:26.555,6.5433,1.2025,24.9610,-0.0021,-0.7249,0.0183,0.6886
2026-05-08T19:39:26.601,6.6534,1.2025,24.9666,-0.0011,-0.7026,0.0184,0.7113
2026-05-08T19:39:26.648,6.8141,1.2024,24.9645,-0.0003,-0.6840,0.0186,0.7293
2026-05-08T19:39:26.695,7.0083,1.2023,24.9520,-0.0004,-0.6685,0.0187,0.7435
2026-05-08T19:39:26.743,7.2013,1.2022,24.9314,0.0000,-0.6533,0.0190,0.7568
2026-05-08T19:39:26.790,7.4005,1.2022,24.9022,0.0008,-0.6374,0.0188,0.7703
2026-05-08T19:39:26.837,7.5856,1.2021,24.8671,0.0032,-0.6206,0.0194,0.7839
2026-05-08T19:39:26.886,7.7630,1.2020,24.8252,0.0033,-0.6022,0.0188,0.7982
2026-05-08T19:39:26.931,7.9347,1.2020,24.7762,0.0034,-0.5806,0.0184,0.8139
2026-05-08T19:39:26.978,8.0823,1.2019,24.7254,0.0036,-0.5598,0.0185,0.8284
2026-05-08T19:39:27.025,8.2320,1.2019,24.6651,0.0043,-0.5370,0.0186,0.8434
2026-05-08T19:39:27.071,8.3739,1.2019,24.5989,0.0053,-0.5133,0.0179,0.8580
2026-05-08T19:39:27.117,8.5027,1.2017,24.5299,0.0064,-0.4892,0.0179,0.8720
2026-05-08T19:39:27.164,8.6232,1.2016,24.4562,0.0064,-0.4642,0.0178,0.8855
2026-05-08T19:39:27.211,8.7375,1.2016,24.3772,0.0075,-0.4376,0.0172,0.8990
2026-05-08T19:39:27.258,8.8451,1.2016,24.2930,0.0087,-0.4104,0.0167,0.9117
2026-05-08T19:39:27.305,8.9456,1.2016,24.2038,0.0088,-0.3831,0.0165,0.9235
2026-05-08T19:39:27.350,9.0428,1.2016,24.1068,0.0095,-0.3544,0.0163,0.9349
2026-05-08T19:39:27.397,9.1290,1.2015,24.0095,0.0099,-0.3267,0.0157,0.9449
2026-05-08T19:39:27.443,9.2105,1.2015,23.9874,0.0112,-0.2988,0.0153,0.9541
2026-05-08T19:39:27.489,9.2872,1.2014,23.9782,0.0123,-0.2705,0.0146,0.9625
2026-05-08T19:39:27.536,9.3550,1.2013,23.9688,0.0127,-0.2420,0.0147,0.9701
2026-05-08T19:39:27.582,9.4116,1.2012,23.9600,0.0133,-0.2120,0.0144,0.9771
2026-05-08T19:39:27.630,9.4521,1.2011,23.9513,0.0136,-0.1790,0.0142,0.9837
2026-05-08T19:39:27.678,9.4627,1.2010,23.9418,0.0141,-0.1430,0.0136,0.9895
2026-05-08T19:39:27.725,9.4497,1.2009,23.9861,0.0153,-0.1068,0.0128,0.9941
2026-05-08T19:39:27.772,9.4195,1.2007,24.1249,0.0158,-0.0766,0.0127,0.9969
2026-05-08T19:39:27.821,9.3938,1.2008,24.2923,0.0158,-0.0515,0.0122,0.9985
2026-05-08T19:39:27.870,9.3743,1.2009,24.4815,0.0161,-0.0272,0.0115,0.9994
2026-05-08T19:39:27.916,9.3641,1.2010,24.6684,0.0165,-0.0040,0.0113,0.9998
2026-05-08T19:39:27.962,9.3626,1.2011,24.8548,0.0167,0.0194,0.0109,0.9996
2026-05-08T19:39:28.010,9.3698,1.2010,25.0381,0.0168,0.0407,0.0110,0.9990
2026-05-08T19:39:28.058,9.3878,1.2009,25.2570,0.0173,0.0562,0.0101,0.9982
2026-05-08T19:39:28.107,9.4137,1.2009,25.4859,0.0178,0.0663,0.0096,0.9976
2026-05-08T19:39:28.152,9.4448,1.2009,25.7187,0.0185,0.0755,0.0097,0.9969
2026-05-08T19:39:28.200,9.4788,1.2009,25.9419,0.0183,0.0843,0.0097,0.9962
2026-05-08T19:39:28.247,9.5176,1.2009,26.1695,0.0185,0.0844,0.0099,0.9962
2026-05-08T19:39:28.294,9.5575,1.2009,26.4032,0.0182,0.0841,0.0099,0.9962
2026-05-08T19:39:28.342,9.5963,1.2009,26.6312,0.0186,0.0837,0.0097,0.9963
2026-05-08T19:39:28.389,9.6359,1.2009,26.8650,0.0185,0.0842,0.0097,0.9962
2026-05-08T19:39:28.434,9.6756,1.2010,27.0972,0.0181,0.0843,0.0102,0.9962
2026-05-08T19:39:28.483,9.7133,1.2011,27.3184,0.0178,0.0844,0.0098,0.9962
2026-05-08T19:39:28.528,9.7545,1.2013,27.5597,0.0177,0.0843,0.0098,0.9962
2026-05-08T19:39:28.575,9.7916,1.2015,27.7774,0.0172,0.0843,0.0101,0.9962
2026-05-08T19:39:28.622,9.8308,1.2015,28.0073,0.0162,0.0842,0.0103,0.9963
2026-05-08T19:39:28.668,9.8702,1.2016,28.2376,0.0161,0.0850,0.0101,0.9962
2026-05-08T19:39:28.716,9.9089,1.2018,28.4613,0.0165,0.0850,0.0097,0.9962
2026-05-08T19:39:28.763,9.9486,1.2019,28.6922,0.0165,0.0849,0.0095,0.9962
2026-05-08T19:39:28.809,9.9878,1.2021,28.9202,0.0160,0.0851,0.0097,0.9962
2026-05-08T19:39:28.858,10.0255,1.2021,29.1389,0.0150,0.0745,0.0101,0.9971
2026-05-08T19:39:28.904,10.0590,1.2021,29.3608,0.0150,0.0620,0.0104,0.9979
2026-05-08T19:39:28.953,10.0861,1.2023,29.5771,0.0146,0.0483,0.0104,0.9987
2026-05-08T19:39:29.001,10.1079,1.2024,29.8016,0.0140,0.0340,0.0102,0.9993
2026-05-08T19:39:29.048,10.1229,1.2024,30.0220,0.0129,0.0197,0.0110,0.9997
2026-05-08T19:39:29.095,10.1318,1.2026,30.2419,0.0120,0.0065,0.0108,0.9998
2026-05-08T19:39:29.141,10.1349,1.2026,30.4626,0.0122,-0.0050,0.0108,0.9999
2026-05-08T19:39:29.187,10.1328,1.2028,30.6923,0.0122,-0.0047,0.0108,0.9999
2026-05-08T19:39:29.233,10.1308,1.2031,30.9196,0.0115,-0.0046,0.0106,0.9999
2026-05-08T19:39:29.280,10.1289,1.2032,31.1470,0.0108,-0.0044,0.0106,0.9999
2026-05-08T19:39:29.327,10.1270,1.2032,31.3776,0.0116,-0.0045,0.0105,0.9999
2026-05-08T19:39:29.374,10.1250,1.2031,31.6062,0.0119,-0.0052,0.0104,0.9999
2026-05-08T19:39:29.420,10.1225,1.2030,31.8403,0.0124,-0.0054,0.0105,0.9999
2026-05-08T19:39:29.466,10.1200,1.2029,32.0680,0.0124,-0.0054,0.0110,0.9998
2026-05-08T19:39:29.513,10.1175,1.2027,32.2945,0.0133,-0.0057,0.0111,0.9998
2026-05-08T19:39:29.559,10.1148,1.2023,32.5243,0.0136,-0.0062,0.0110,0.9998
2026-05-08T19:39:29.606,10.1120,1.2021,32.7530,0.0139,-0.0060,0.0106,0.9998
2026-05-08T19:39:29.652,10.1092,1.2017,32.9805,0.0145,-0.0057,0.0111,0.9998
2026-05-08T19:39:29.699,10.1066,1.2015,33.2106,0.0147,-0.0054,0.0114,0.9998
2026-05-08T19:39:29.747,10.1041,1.2012,33.4410,0.0157,-0.0055,0.0114,0.9998
2026-05-08T19:39:29.795,10.1015,1.2012,33.6795,0.0156,-0.0058,0.0117,0.9998
2026-05-08T19:39:29.844,10.0988,1.2012,33.9115,0.0155,-0.0061,0.0117,0.9998
2026-05-08T19:39:29.890,10.0960,1.2012,34.1499,0.0155,-0.0064,0.0120,0.9998
2026-05-08T19:39:29.937,10.0932,1.2011,34.3811,0.0165,-0.0068,0.0114,0.9998
2026-05-08T19:39:29.984,10.0902,1.2009,34.6067,0.0176,-0.0067,0.0109,0.9998
2026-05-08T19:39:30.031,10.0872,1.2007,34.8421,0.0177,-0.0063,0.0110,0.9998
2026-05-08T19:39:30.078,10.0844,1.2006,35.0722,0.0175,-0.0060,0.0117,0.9998
2026-05-08T19:39:30.124,10.0816,1.2005,35.3024,0.0176,-0.0062,0.0119,0.9998
2026-05-08T19:39:30.171,10.0788,1.2004,35.5345,0.0180,-0.0066,0.0120,0.9997
2026-05-08T19:39:30.218,10.0760,1.2003,35.7611,0.0189,-0.0068,0.0109,0.9997
2026-05-08T19:39:30.267,10.0730,1.2003,35.9933,0.0183,-0.0067,0.0115,0.9997
2026-05-08T19:39:30.315,10.0698,1.2003,36.2343,0.0182,-0.0067,0.0116,0.9997
2026-05-08T19:39:30.360,10.0668,1.2004,36.4691,0.0185,-0.0067,0.0111,0.9997
2026-05-08T19:39:30.407,10.0639,1.2004,36.6967,0.0187,-0.0069,0.0111,0.9997
2026-05-08T19:39:30.454,10.0607,1.2005,36.9274,0.0186,-0.0068,0.0114,0.9997
2026-05-08T19:39:30.499,10.0577,1.2005,37.1536,0.0181,-0.0068,0.0116,0.9997
2026-05-08T19:39:30.546,10.0548,1.2005,37.3764,0.0188,-0.0071,0.0111,0.9997
2026-05-08T19:39:30.595,10.0516,1.2005,37.6117,0.0194,-0.0077,0.0104,0.9997
2026-05-08T19:39:30.642,10.0480,1.2005,37.8476,0.0194,-0.0075,0.0110,0.9997
2026-05-08T19:39:30.691,10.0444,1.2005,38.0824,0.0192,-0.0074,0.0115,0.9997
2026-05-08T19:39:30.739,10.0409,1.2006,38.3201,0.0191,-0.0076,0.0116,0.9997
2026-05-08T19:39:30.786,10.0374,1.2006,38.5606,0.0191,-0.0080,0.0117,0.9997
2026-05-08T19:39:30.833,10.0338,1.2006,38.7870,0.0194,-0.0081,0.0112,0.9997
2026-05-08T19:39:30.880,10.0302,1.2006,39.0206,0.0193,-0.0081,0.0118,0.9997
2026-05-08T19:39:30.925,10.0266,1.2006,39.2521,0.0190,-0.0079,0.0116,0.9997
2026-05-08T19:39:30.972,10.0232,1.2006,39.4775,0.0192,-0.0078,0.0110,0.9997
2026-05-08T19:39:31.017,10.0197,1.2007,39.7093,0.0193,-0.0077,0.0110,0.9997
2026-05-08T19:39:31.065,10.0164,1.2007,39.9323,0.0192,-0.0078,0.0115,0.9997
2026-05-08T19:39:31.113,10.0129,1.2007,40.1652,0.0189,-0.0076,0.0113,0.9997
2026-05-08T19:39:31.160,10.0095,1.2009,40.4068,0.0191,-0.0076,0.0109,0.9997
2026-05-08T19:39:31.209,10.0061,1.2009,40.6403,0.0198,-0.0078,0.0103,0.9997
2026-05-08T19:39:31.256,10.0023,1.2009,40.8858,0.0197,-0.0078,0.0108,0.9997
2026-05-08T19:39:31.303,9.9988,1.2009,41.1144,0.0193,-0.0075,0.0109,0.9997
2026-05-08T19:39:31.350,9.9953,1.2009,41.3446,0.0190,-0.0155,0.0113,0.9996
2026-05-08T19:39:31.397,9.9882,1.2010,41.5718,0.0186,-0.0259,0.0114,0.9994
2026-05-08T19:39:31.443,9.9769,1.2011,41.7915,0.0184,-0.0369,0.0111,0.9991
2026-05-08T19:39:31.488,9.9603,1.2011,42.0154,0.0175,-0.0484,0.0117,0.9986
2026-05-08T19:39:31.535,9.9402,1.2013,42.2228,0.0165,-0.0614,0.0118,0.9979
2026-05-08T19:39:31.586,9.9151,1.2015,42.4268,0.0164,-0.0776,0.0117,0.9968
2026-05-08T19:39:31.638,9.8847,1.2017,42.6199,0.0157,-0.1035,0.0117,0.9944
2026-05-08T19:39:31.684,9.8478,1.2019,42.7953,0.0151,-0.1331,0.0125,0.9909
2026-05-08T19:39:31.732,9.8082,1.2020,42.9397,0.0136,-0.1602,0.0131,0.9869
2026-05-08T19:39:31.778,9.7599,1.2021,43.0855,0.0130,-0.1884,0.0128,0.9819
2026-05-08T19:39:31.824,9.7056,1.2022,43.2222,0.0132,-0.2161,0.0128,0.9762
2026-05-08T19:39:31.871,9.6458,1.2021,43.3512,0.0132,-0.2434,0.0129,0.9698
2026-05-08T19:39:31.918,9.5797,1.2022,43.4750,0.0114,-0.2717,0.0132,0.9622
2026-05-08T19:39:31.963,9.5111,1.2023,43.5872,0.0106,-0.3006,0.0133,0.9536
2026-05-08T19:39:32.009,9.4380,1.2024,43.6919,0.0104,-0.3290,0.0134,0.9442
2026-05-08T19:39:32.056,9.3591,1.2025,43.7921,0.0101,-0.3570,0.0133,0.9340
2026-05-08T19:39:32.104,9.2716,1.2024,43.8899,0.0091,-0.3848,0.0131,0.9228
2026-05-08T19:39:32.150,9.1766,1.2024,43.9843,0.0091,-0.4133,0.0137,0.9104
2026-05-08T19:39:32.196,9.0787,1.2025,44.0701,0.0089,-0.4405,0.0138,0.8976
2026-05-08T19:39:32.243,8.9658,1.2024,44.1575,0.0086,-0.4657,0.0141,0.8848
2026-05-08T19:39:32.290,8.8348,1.2023,44.2473,0.0082,-0.4904,0.0147,0.8713
2026-05-08T19:39:32.337,8.6932,1.2021,44.3332,0.0082,-0.5131,0.0155,0.8582
2026-05-08T19:39:32.384,8.5405,1.2018,44.4153,0.0084,-0.5335,0.0160,0.8456
2026-05-08T19:39:32.430,8.3745,1.2015,44.4944,0.0091,-0.5532,0.0168,0.8329
2026-05-08T19:39:32.476,8.2015,1.2013,44.5669,0.0095,-0.5711,0.0175,0.8206
2026-05-08T19:39:32.525,8.0153,1.2011,44.6357,0.0082,-0.5866,0.0185,0.8096
2026-05-08T19:39:32.572,7.8019,1.2010,44.7055,0.0080,-0.5986,0.0189,0.8008
2026-05-08T19:39:32.618,7.5896,1.2009,44.7679,0.0078,-0.6078,0.0196,0.7938
2026-05-08T19:39:32.664,7.3782,1.2009,44.8250,0.0079,-0.6166,0.0199,0.7870
2026-05-08T19:39:32.711,7.1636,1.2008,44.8777,0.0080,-0.6251,0.0205,0.7802
2026-05-08T19:39:32.756,6.9462,1.2005,44.9262,0.0081,-0.6341,0.0213,0.7729
2026-05-08T19:39:32.803,6.7358,1.2005,44.9682,0.0080,-0.6430,0.0218,0.7655
2026-05-08T19:39:32.850,6.5201,1.2006,45.0061,0.0083,-0.6530,0.0214,0.7570
2026-05-08T19:39:32.897,6.3058,1.2006,45.0382,0.0084,-0.6636,0.0216,0.7478
2026-05-08T19:39:32.945,6.0996,1.2006,45.0630,0.0072,-0.6757,0.0217,0.7368
2026-05-08T19:39:32.993,5.8972,1.2006,45.0808,0.0070,-0.6915,0.0220,0.7220
2026-05-08T19:39:33.040,5.7175,1.2007,45.0887,0.0071,-0.7089,0.0225,0.7050
2026-05-08T19:39:33.086,5.5427,1.2006,45.0880,0.0078,-0.7263,0.0226,0.6870
2026-05-08T19:39:33.134,5.3703,1.2004,45.0786,0.0072,-0.7425,0.0233,0.6694
2026-05-08T19:39:33.180,5.1968,1.2003,45.0608,0.0065,-0.7586,0.0232,0.6511
2026-05-08T19:39:33.227,4.9894,1.2003,45.0290,0.0062,-0.7691,0.0236,0.6386
2026-05-08T19:39:33.274,4.7582,1.2002,44.9859,0.0063,-0.7697,0.0235,0.6380
2026-05-08T19:39:33.321,4.5301,1.2001,44.9430,0.0070,-0.7698,0.0235,0.6379
2026-05-08T19:39:33.370,4.3006,1.2001,44.8996,0.0062,-0.7695,0.0236,0.6382
2026-05-08T19:39:33.417,4.0651,1.2000,44.8554,0.0063,-0.7695,0.0237,0.6382
2026-05-08T19:39:33.463,3.8357,1.2002,44.8123,0.0066,-0.7694,0.0233,0.6383
2026-05-08T19:39:33.511,3.6116,1.2003,44.7702,0.0067,-0.7698,0.0234,0.6379
2026-05-08T19:39:33.556,3.3771,1.2003,44.7259,0.0066,-0.7697,0.0234,0.6380
2026-05-08T19:39:33.602,3.1568,1.2003,44.6845,0.0067,-0.7695,0.0235,0.6381
2026-05-08T19:39:33.650,2.9364,1.2003,44.6432,0.0070,-0.7694,0.0231,0.6383
2026-05-08T19:39:33.696,2.7052,1.2004,44.5998,0.0074,-0.7695,0.0233,0.6381
2026-05-08T19:39:33.743,2.4841,1.2003,44.5583,0.0081,-0.7646,0.0239,0.6440
2026-05-08T19:39:33.791,2.2570,1.2003,44.5192,0.0076,-0.7590,0.0236,0.6506
2026-05-08T19:39:33.838,2.0321,1.2003,44.4844,0.0076,-0.7516,0.0231,0.6592
2026-05-08T19:39:33.885,1.8287,1.2003,44.4576,0.0078,-0.7401,0.0229,0.6721
2026-05-08T19:39:33.930,1.6248,1.2003,44.4379,0.0087,-0.7287,0.0227,0.6845
2026-05-08T19:39:33.977,1.4203,1.2004,44.4252,0.0089,-0.7174,0.0222,0.6963
2026-05-08T19:39:34.024,1.1855,1.2006,44.4184,0.0076,-0.7170,0.0216,0.6967
2026-05-08T19:39:34.069,0.9740,1.2008,44.4124,0.0070,-0.7270,0.0214,0.6862
2026-05-08T19:39:34.116,0.8176,1.2011,44.4035,0.0069,-0.7447,0.0210,0.6670
2026-05-08T19:39:34.162,0.7021,1.2012,44.3908,0.0060,-0.7654,0.0213,0.6432
2026-05-08T19:39:34.211,0.6344,1.2012,44.3790,0.0048,-0.7873,0.0201,0.6163
2026-05-08T19:39:34.256,0.6000,1.2014,44.3706,0.0038,-0.8100,0.0198,0.5861
2026-05-08T19:39:34.304,0.5789,1.2014,44.3637,0.0033,-0.8304,0.0199,0.5567
2026-05-08T19:39:34.349,0.5627,1.2013,44.3573,0.0034,-0.8507,0.0201,0.5252
2026-05-08T19:39:34.396,0.5673,1.2014,44.3597,0.0023,-0.8688,0.0191,0.4948
2026-05-08T19:39:34.444,0.5905,1.2013,44.3736,0.0016,-0.8861,0.0178,0.4632
2026-05-08T19:39:34.489,0.6232,1.2013,44.3964,0.0011,-0.9028,0.0176,0.4298
2026-05-08T19:39:34.535,0.6756,1.2013,44.4392,0.0010,-0.9169,0.0173,0.3988
2026-05-08T19:39:34.582,0.7408,1.2013,44.5004,0.0011,-0.9296,0.0169,0.3683
2026-05-08T19:39:34.627,0.8097,1.2013,44.5742,-0.0002,-0.9411,0.0161,0.3377
2026-05-08T19:39:34.676,0.8720,1.2014,44.6501,-0.0004,-0.9512,0.0157,0.3083
2026-05-08T19:39:34.723,0.9349,1.2015,44.7372,-0.0004,-0.9613,0.0155,0.2751
2026-05-08T19:39:34.769,0.9893,1.2016,44.8246,-0.0007,-0.9701,0.0158,0.2423
2026-05-08T19:39:34.817,1.0287,1.2017,44.8989,-0.0015,-0.9777,0.0148,0.2096
2026-05-08T19:39:34.864,1.0579,1.2017,44.9643,-0.0020,-0.9846,0.0148,0.1741
2026-05-08T19:39:34.912,1.0701,1.2017,44.9981,-0.0027,-0.9902,0.0156,0.1390
2026-05-08T19:39:34.958,1.0661,1.2016,44.9834,-0.0033,-0.9948,0.0169,0.1009
2026-05-08T19:39:35.003,1.0523,1.2015,44.9149,-0.0035,-0.9977,0.0176,0.0660
2026-05-08T19:39:35.051,1.0373,1.2013,44.8002,-0.0050,-0.9992,0.0175,0.0357
2026-05-08T19:39:35.098,1.0281,1.2009,44.6688,-0.0058,-0.9998,0.0181,0.0049
2026-05-08T19:39:35.144,1.0271,1.2007,44.5233,-0.0071,-0.9995,0.0189,-0.0253
2026-05-08T19:39:35.192,1.0356,1.2006,44.3652,-0.0080,-0.9985,0.0189,-0.0515
2026-05-08T19:39:35.240,1.0569,1.2004,44.1611,-0.0091,-0.9972,0.0195,-0.0718
2026-05-08T19:39:35.286,1.0905,1.2001,43.9309,-0.0098,-0.9972,0.0197,-0.0720
2026-05-08T19:39:35.333,1.1236,1.1999,43.7032,-0.0099,-0.9972,0.0208,-0.0717
2026-05-08T19:39:35.380,1.1567,1.1999,43.4744,-0.0102,-0.9971,0.0212,-0.0724
2026-05-08T19:39:35.427,1.1903,1.1999,43.2450,-0.0100,-0.9971,0.0218,-0.0721
2026-05-08T19:39:35.473,1.2231,1.1998,43.0201,-0.0105,-0.9971,0.0218,-0.0721
2026-05-08T19:39:35.520,1.2556,1.1998,42.7967,-0.0107,-0.9976,0.0218,-0.0643
2026-05-08T19:39:35.568,1.2847,1.1997,42.5717,-0.0106,-0.9982,0.0228,-0.0546
2026-05-08T19:39:35.615,1.3098,1.1994,42.3436,-0.0098,-0.9987,0.0249,-0.0430
2026-05-08T19:39:35.661,1.3288,1.1993,42.1228,-0.0101,-0.9992,0.0244,-0.0309
2026-05-08T19:39:35.707,1.3421,1.1992,41.9068,-0.0100,-0.9995,0.0242,-0.0193
2026-05-08T19:39:35.753,1.3507,1.1992,41.6840,-0.0098,-0.9996,0.0244,-0.0077
2026-05-08T19:39:35.798,1.3539,1.1991,41.4698,-0.0092,-0.9996,0.0246,0.0033
2026-05-08T19:39:35.845,1.3524,1.1991,41.2553,-0.0084,-0.9995,0.0252,0.0145
2026-05-08T19:39:35.892,1.3458,1.1991,41.0332,-0.0082,-0.9993,0.0252,0.0261
2026-05-08T19:39:35.940,1.3336,1.1992,40.8038,-0.0084,-0.9993,0.0248,0.0267
2026-05-08T19:39:35.987,1.3208,1.1992,40.5650,-0.0084,-0.9993,0.0250,0.0264
2026-05-08T19:39:36.034,1.3089,1.1993,40.3434,-0.0086,-0.9996,0.0251,0.0137
2026-05-08T19:39:36.081,1.3030,1.1994,40.1294,-0.0092,-0.9997,0.0246,-0.0006
2026-05-08T19:39:36.130,1.3032,1.1995,39.9118,-0.0097,-0.9996,0.0240,-0.0151
2026-05-08T19:39:36.178,1.3098,1.1996,39.6891,-0.0096,-0.9992,0.0244,-0.0301
2026-05-08T19:39:36.225,1.3228,1.1996,39.4687,-0.0093,-0.9986,0.0254,-0.0447
2026-05-08T19:39:36.272,1.3422,1.1995,39.2502,-0.0100,-0.9979,0.0251,-0.0593
2026-05-08T19:39:36.318,1.3671,1.1994,39.0406,-0.0107,-0.9970,0.0246,-0.0728
2026-05-08T19:39:36.365,1.3985,1.1994,38.8258,-0.0109,-0.9958,0.0243,-0.0874
2026-05-08T19:39:36.414,1.4392,1.1993,38.5945,-0.0108,-0.9958,0.0244,-0.0878
2026-05-08T19:39:36.459,1.4807,1.1991,38.3597,-0.0103,-0.9957,0.0249,-0.0881
2026-05-08T19:39:36.506,1.5197,1.1991,38.1408,-0.0104,-0.9964,0.0250,-0.0803
2026-05-08T19:39:36.554,1.5564,1.1991,37.9138,-0.0102,-0.9970,0.0247,-0.0725
2026-05-08T19:39:36.600,1.5898,1.1991,37.6839,-0.0096,-0.9975,0.0246,-0.0649
2026-05-08T19:39:36.648,1.6190,1.1992,37.4608,-0.0097,-0.9980,0.0241,-0.0575
2026-05-08T19:39:36.695,1.6460,1.1994,37.2273,-0.0099,-0.9980,0.0237,-0.0574
2026-05-08T19:39:36.742,1.6728,1.1996,36.9925,-0.0098,-0.9981,0.0227,-0.0565
2026-05-08T19:39:36.789,1.6989,1.1998,36.7599,-0.0084,-0.9981,0.0226,-0.0568
2026-05-08T19:39:36.838,1.7254,1.1999,36.5277,-0.0080,-0.9981,0.0237,-0.0567
2026-05-08T19:39:36.886,1.7526,1.2000,36.2866,-0.0078,-0.9981,0.0233,-0.0562
2026-05-08T19:39:36.931,1.7795,1.2002,36.0472,-0.0078,-0.9982,0.0221,-0.0554
2026-05-08T19:39:36.977,1.8045,1.2003,35.8232,-0.0081,-0.9982,0.0217,-0.0558
2026-05-08T19:39:37.024,1.8296,1.2005,35.5982,-0.0080,-0.9982,0.0216,-0.0558
2026-05-08T19:39:37.071,1.8555,1.2006,35.3657,-0.0074,-0.9982,0.0214,-0.0556
2026-05-08T19:39:37.120,1.8811,1.2006,35.1341,-0.0074,-0.9982,0.0206,-0.0551
2026-05-08T19:39:37.165,1.9073,1.2007,34.8953,-0.0070,-0.9983,0.0196,-0.0543
2026-05-08T19:39:37.213,1.9315,1.2009,34.6709,-0.0067,-0.9983,0.0200,-0.0545
2026-05-08T19:39:37.262,1.9569,1.2010,34.4355,-0.0060,-0.9983,0.0196,-0.0541
2026-05-08T19:39:37.308,1.9825,1.2012,34.1966,-0.0064,-0.9984,0.0192,-0.0537
2026-05-08T19:39:37.359,2.0073,1.2013,33.9647,-0.0061,-0.9984,0.0178,-0.0534
2026-05-08T19:39:37.407,2.0312,1.2014,33.7400,-0.0058,-0.9984,0.0181,-0.0535
2026-05-08T19:39:37.453,2.0589,1.2015,33.4796,-0.0055,-0.9988,0.0187,-0.0452
2026-05-08T19:39:37.500,2.0706,1.2014,33.3516,-0.0048,-0.9997,0.0190,-0.0147
2026-05-08T19:39:37.546,2.0727,1.2014,33.2813,-0.0046,-0.9996,0.0189,0.0197
2026-05-08T19:39:37.593,2.0718,1.2013,33.2600,-0.0043,-0.9982,0.0194,0.0560
2026-05-08T19:39:37.639,2.0720,1.2012,33.2599,-0.0033,-0.9956,0.0199,0.0920
2026-05-08T19:39:37.688,2.0776,1.2010,33.2885,-0.0027,-0.9916,0.0208,0.1277
2026-05-08T19:39:37.737,2.0965,1.2007,33.3596,-0.0023,-0.9863,0.0213,0.1635
2026-05-08T19:39:37.782,2.1269,1.2005,33.4482,-0.0018,-0.9799,0.0218,0.1983
2026-05-08T19:39:37.830,2.1658,1.2004,33.5398,-0.0012,-0.9729,0.0228,0.2300
2026-05-08T19:39:37.877,2.2129,1.2003,33.6330,-0.0004,-0.9649,0.0233,0.2617
2026-05-08T19:39:37.924,2.2687,1.2001,33.7277,-0.0004,-0.9558,0.0235,0.2932
2026-05-08T19:39:37.971,2.3318,1.1999,33.8205,0.0002,-0.9457,0.0238,0.3240
2026-05-08T19:39:38.017,2.4043,1.1997,33.9139,0.0013,-0.9350,0.0241,0.3539
2026-05-08T19:39:38.064,2.4838,1.1996,34.0037,0.0028,-0.9236,0.0249,0.3826
2026-05-08T19:39:38.112,2.5713,1.1994,34.0912,0.0038,-0.9111,0.0259,0.4114
2026-05-08T19:39:38.160,2.6679,1.1993,34.1763,0.0045,-0.8972,0.0253,0.4408
2026-05-08T19:39:38.207,2.7663,1.1991,34.2520,0.0049,-0.8832,0.0256,0.4684
2026-05-08T19:39:38.253,2.8719,1.1990,34.3234,0.0059,-0.8678,0.0257,0.4962
2026-05-08T19:39:38.300,2.9758,1.1990,34.3844,0.0071,-0.8525,0.0255,0.5221
2026-05-08T19:39:38.347,3.0849,1.1989,34.4401,0.0079,-0.8359,0.0255,0.5482
2026-05-08T19:39:38.394,3.2021,1.1988,34.4911,0.0087,-0.8175,0.0253,0.5753
2026-05-08T19:39:38.441,3.3109,1.1988,34.5305,0.0102,-0.7987,0.0248,0.6011
2026-05-08T19:39:38.487,3.4044,1.1987,34.5576,0.0119,-0.7776,0.0242,0.6282
2026-05-08T19:39:38.536,3.4834,1.1987,34.5745,0.0131,-0.7560,0.0239,0.6540
2026-05-08T19:39:38.582,3.5534,1.1987,34.5847,0.0138,-0.7325,0.0232,0.6802
2026-05-08T19:39:38.628,3.5952,1.1987,34.5891,0.0147,-0.7081,0.0227,0.7056
2026-05-08T19:39:38.675,3.6017,1.1987,34.5890,0.0159,-0.6833,0.0219,0.7297
2026-05-08T19:39:38.721,3.6074,1.1987,34.5867,0.0171,-0.6562,0.0220,0.7541
2026-05-08T19:39:38.769,3.6125,1.1987,34.5837,0.0176,-0.6276,0.0210,0.7781
2026-05-08T19:39:38.816,3.6037,1.1989,34.5860,0.0193,-0.5978,0.0187,0.8012
2026-05-08T19:39:38.863,3.5730,1.1990,34.5953,0.0195,-0.5676,0.0170,0.8229
2026-05-08T19:39:38.911,3.5323,1.1990,34.6108,0.0209,-0.5380,0.0163,0.8425
2026-05-08T19:39:38.958,3.4827,1.1990,34.6337,0.0219,-0.5073,0.0156,0.8614
2026-05-08T19:39:39.006,3.4251,1.1990,34.6655,0.0214,-0.4760,0.0153,0.8791
2026-05-08T19:39:39.053,3.3618,1.1991,34.7067,0.0217,-0.4438,0.0147,0.8958
2026-05-08T19:39:39.099,3.2986,1.1991,34.7546,0.0227,-0.4123,0.0140,0.9106
2026-05-08T19:39:39.144,3.2363,1.1991,34.8094,0.0230,-0.3813,0.0133,0.9241
2026-05-08T19:39:39.192,3.1776,1.1991,34.8684,0.0232,-0.3503,0.0126,0.9363
2026-05-08T19:39:39.239,3.1208,1.1991,34.9339,0.0236,-0.3178,0.0119,0.9478
2026-05-08T19:39:39.285,3.0694,1.1991,35.0024,0.0245,-0.2855,0.0105,0.9580
2026-05-08T19:39:39.332,3.0232,1.1990,35.0733,0.0260,-0.2527,0.0095,0.9672
2026-05-08T19:39:39.379,2.9809,1.1989,35.1493,0.0277,-0.2178,0.0083,0.9756
2026-05-08T19:39:39.428,2.9456,1.1988,35.2263,0.0303,-0.1813,0.0066,0.9829
2026-05-08T19:39:39.474,2.9042,1.1991,35.3354,0.0291,-0.1474,0.0051,0.9886
2026-05-08T19:39:39.521,2.8580,1.1997,35.4865,0.0270,-0.1203,0.0043,0.9924
2026-05-08T19:39:39.568,2.8123,1.1998,35.6712,0.0256,-0.1008,0.0042,0.9946
2026-05-08T19:39:39.615,2.7703,1.2000,35.8759,0.0246,-0.0839,0.0045,0.9962
2026-05-08T19:39:39.662,2.7340,1.2004,36.0903,0.0213,-0.0708,0.0050,0.9973
2026-05-08T19:39:39.709,2.7023,1.2009,36.3135,0.0193,-0.0597,0.0049,0.9980
2026-05-08T19:39:39.758,2.6746,1.2010,36.5456,0.0193,-0.0511,0.0048,0.9985
2026-05-08T19:39:39.805,2.6506,1.2011,36.7796,0.0177,-0.0512,0.0047,0.9985
2026-05-08T19:39:39.852,2.6270,1.2012,37.0104,0.0181,-0.0510,0.0050,0.9985
2026-05-08T19:39:39.900,2.6031,1.2013,37.2457,0.0182,-0.0503,0.0044,0.9986
2026-05-08T19:39:39.946,2.5792,1.2013,37.4850,0.0189,-0.0496,0.0041,0.9986
2026-05-08T19:39:40.000,2.5564,1.2014,37.7152,0.0183,-0.0490,0.0044,0.9986
2026-05-08T19:39:40.059,2.5303,1.2015,37.9818,0.0178,-0.0484,0.0043,0.9987
2026-05-08T19:39:40.107,2.5019,1.2016,38.2755,0.0164,-0.0481,0.0039,0.9987
2026-05-08T19:39:40.154,2.4790,1.2019,38.5144,0.0161,-0.0483,0.0034,0.9987
2026-05-08T19:39:40.206,2.4562,1.2020,38.7488,0.0159,-0.0483,0.0038,0.9987
2026-05-08T19:39:40.259,2.4309,1.2021,39.0101,0.0157,-0.0485,0.0038,0.9987
2026-05-08T19:39:40.306,2.4057,1.2023,39.2678,0.0156,-0.0482,0.0038,0.9987
2026-05-08T19:39:40.352,2.3829,1.2024,39.5022,0.0159,-0.0481,0.0045,0.9987
2026-05-08T19:39:40.401,2.3604,1.2023,39.7339,0.0173,-0.0484,0.0049,0.9987
2026-05-08T19:39:40.447,2.3379,1.2020,39.9625,0.0173,-0.0604,0.0054,0.9980
2026-05-08T19:39:40.495,2.3120,1.2017,40.1728,0.0179,-0.0748,0.0060,0.9970
2026-05-08T19:39:40.543,2.2788,1.2015,40.3895,0.0185,-0.0908,0.0068,0.9957
2026-05-08T19:39:40.592,2.2384,1.2013,40.6072,0.0192,-0.1066,0.0073,0.9941
2026-05-08T19:39:40.640,2.1913,1.2010,40.8221,0.0186,-0.1237,0.0086,0.9921
2026-05-08T19:39:40.689,2.1399,1.2009,41.0229,0.0189,-0.1430,0.0098,0.9895
2026-05-08T19:39:40.736,2.0821,1.2009,41.2181,0.0194,-0.1650,0.0109,0.9861
2026-05-08T19:39:40.784,2.0219,1.2008,41.3921,0.0193,-0.1871,0.0110,0.9821
2026-05-08T19:39:40.831,1.9525,1.2006,41.5674,0.0192,-0.2104,0.0121,0.9773
2026-05-08T19:39:40.879,1.8761,1.2003,41.7367,0.0191,-0.2325,0.0127,0.9723
2026-05-08T19:39:40.928,1.7908,1.2002,41.9047,0.0197,-0.2555,0.0134,0.9665
2026-05-08T19:39:40.974,1.6963,1.2001,42.0710,0.0198,-0.2782,0.0140,0.9602
2026-05-08T19:39:41.023,1.5979,1.2000,42.2266,0.0190,-0.3003,0.0146,0.9535
2026-05-08T19:39:41.070,1.4897,1.1999,42.3815,0.0188,-0.3227,0.0155,0.9462
2026-05-08T19:39:41.120,1.4381,1.1998,42.5340,0.0196,-0.3443,0.0158,0.9385
2026-05-08T19:39:41.167,1.4381,1.1996,42.6974,0.0209,-0.3626,0.0156,0.9316
2026-05-08T19:39:41.215,1.4381,1.1995,42.8663,0.0207,-0.3709,0.0163,0.9283
2026-05-08T19:39:41.262,1.4380,1.1994,43.0393,0.0205,-0.3708,0.0163,0.9283
2026-05-08T19:39:41.310,1.4380,1.1994,43.2110,0.0207,-0.3711,0.0164,0.9282
2026-05-08T19:39:41.357,1.3139,1.1992,43.4060,0.0211,-0.3721,0.0163,0.9278
2026-05-08T19:39:41.404,1.1529,1.1992,43.5745,0.0218,-0.3717,0.0167,0.9280
2026-05-08T19:39:41.451,0.9866,1.1991,43.7488,0.0216,-0.3718,0.0166,0.9279
2026-05-08T19:39:41.501,0.8277,1.1992,43.9153,0.0213,-0.3719,0.0168,0.9279
2026-05-08T19:39:41.549,0.6716,1.1993,44.0786,0.0212,-0.3863,0.0166,0.9220
2026-05-08T19:39:41.596,0.5207,1.1993,44.2270,0.0210,-0.4033,0.0170,0.9147
2026-05-08T19:39:41.643,0.3746,1.1993,44.3604,0.0202,-0.4220,0.0175,0.9062
2026-05-08T19:39:41.691,0.2363,1.1994,44.4768,0.0196,-0.4429,0.0177,0.8962
2026-05-08T19:39:41.738,0.0997,1.1994,44.5812,0.0191,-0.4667,0.0178,0.8840
2026-05-08T19:39:41.784,-0.0202,1.1994,44.6630,0.0184,-0.4930,0.0178,0.8696
2026-05-08T19:39:41.831,-0.1305,1.1994,44.7291,0.0177,-0.5186,0.0180,0.8546
2026-05-08T19:39:41.876,-0.2453,1.1994,44.7888,0.0158,-0.5448,0.0190,0.8382
2026-05-08T19:39:41.923,-0.3509,1.1993,44.8357,0.0158,-0.5703,0.0186,0.8210
2026-05-08T19:39:41.969,-0.4568,1.1993,44.8753,0.0157,-0.5968,0.0193,0.8020
2026-05-08T19:39:42.017,-0.5581,1.1993,44.9058,0.0159,-0.6222,0.0198,0.7825
2026-05-08T19:39:42.066,-0.6623,1.1994,44.9300,0.0145,-0.6481,0.0215,0.7611
2026-05-08T19:39:42.113,-0.7706,1.1994,44.9478,0.0146,-0.6734,0.0223,0.7388
2026-05-08T19:39:42.160,-0.8984,1.1993,44.9599,0.0146,-0.6963,0.0228,0.7172
2026-05-08T19:39:42.207,-1.0709,1.1993,44.9651,0.0143,-0.7138,0.0234,0.6998
2026-05-08T19:39:42.254,-1.2878,1.1993,44.9609,0.0134,-0.7244,0.0234,0.6889
2026-05-08T19:39:42.300,-1.5070,1.1992,44.9500,0.0129,-0.7323,0.0236,0.6805
2026-05-08T19:39:42.346,-1.7278,1.1990,44.9340,0.0135,-0.7394,0.0236,0.6728
2026-05-08T19:39:42.393,-1.9487,1.1990,44.9131,0.0140,-0.7467,0.0241,0.6646
2026-05-08T19:39:42.443,-2.1669,1.1990,44.8877,0.0134,-0.7548,0.0243,0.6553
2026-05-08T19:39:42.489,-2.3940,1.1990,44.8554,0.0122,-0.7645,0.0241,0.6441
2026-05-08T19:39:42.537,-2.5941,1.1991,44.8209,0.0116,-0.7757,0.0239,0.6305
2026-05-08T19:39:42.582,-2.7886,1.1992,44.7803,0.0109,-0.7879,0.0238,0.6152
2026-05-08T19:39:42.627,-2.9701,1.1992,44.7351,0.0110,-0.8004,0.0240,0.5988
2026-05-08T19:39:42.676,-3.1380,1.1994,44.6858,0.0094,-0.8135,0.0237,0.5810
2026-05-08T19:39:42.722,-3.3125,1.1995,44.6260,0.0089,-0.8270,0.0232,0.5616
2026-05-08T19:39:42.771,-3.4806,1.1997,44.5595,0.0088,-0.8401,0.0232,0.5419
2026-05-08T19:39:42.818,-3.6511,1.2000,44.4823,0.0079,-0.8528,0.0230,0.5217
2026-05-08T19:39:42.866,-3.8167,1.2001,44.3977,0.0072,-0.8643,0.0230,0.5025
2026-05-08T19:39:42.915,-3.9984,1.2002,44.2947,0.0064,-0.8735,0.0225,0.4862
2026-05-08T19:39:42.963,-4.1864,1.2003,44.1783,0.0066,-0.8818,0.0226,0.4711
2026-05-08T19:39:43.011,-4.3691,1.2003,44.0565,0.0069,-0.8886,0.0234,0.4579
2026-05-08T19:39:43.060,-4.5498,1.2005,43.9282,0.0064,-0.8951,0.0227,0.4453
2026-05-08T19:39:43.107,-4.7400,1.2004,43.7845,0.0064,-0.8948,0.0223,0.4458
2026-05-08T19:39:43.155,-4.9274,1.2004,43.6433,0.0065,-0.8950,0.0225,0.4454
2026-05-08T19:39:43.205,-5.1146,1.2005,43.5019,0.0069,-0.8951,0.0223,0.4453
2026-05-08T19:39:43.251,-5.3109,1.2005,43.3535,0.0070,-0.8950,0.0226,0.4455
2026-05-08T19:39:43.297,-5.4947,1.2004,43.2146,0.0066,-0.8950,0.0226,0.4455
2026-05-08T19:39:43.347,-5.6740,1.2003,43.0791,0.0072,-0.8912,0.0233,0.4530
2026-05-08T19:39:43.393,-5.8624,1.2002,42.9416,0.0075,-0.8851,0.0235,0.4647
2026-05-08T19:39:43.441,-6.0128,1.2001,42.8377,0.0080,-0.8749,0.0239,0.4836
2026-05-08T19:39:43.486,-6.1418,1.1999,42.7564,0.0086,-0.8610,0.0241,0.5080
2026-05-08T19:39:43.533,-6.2574,1.1997,42.6926,0.0092,-0.8455,0.0239,0.5334
2026-05-08T19:39:43.580,-6.3745,1.1995,42.6367,0.0107,-0.8292,0.0247,0.5584
2026-05-08T19:39:43.626,-6.4966,1.1993,42.5870,0.0124,-0.8116,0.0247,0.5836
2026-05-08T19:39:43.674,-6.6188,1.1992,42.5459,0.0128,-0.7934,0.0249,0.6081
2026-05-08T19:39:43.721,-6.7435,1.1991,42.5123,0.0127,-0.7739,0.0244,0.6327
2026-05-08T19:39:43.769,-6.8577,1.1988,42.4890,0.0137,-0.7532,0.0247,0.6571
2026-05-08T19:39:43.817,-6.9689,1.1988,42.4738,0.0147,-0.7316,0.0245,0.6811
2026-05-08T19:39:43.863,-7.0819,1.1986,42.4658,0.0163,-0.7088,0.0242,0.7048
2026-05-08T19:39:43.910,-7.1931,1.1985,42.4652,0.0170,-0.6855,0.0238,0.7275
2026-05-08T19:39:43.959,-7.3250,1.1985,42.4733,0.0179,-0.6630,0.0232,0.7480
2026-05-08T19:39:44.008,-7.4996,1.1985,42.4945,0.0190,-0.6428,0.0228,0.7655
2026-05-08T19:39:44.056,-7.7005,1.1985,42.5297,0.0192,-0.6264,0.0225,0.7789
2026-05-08T19:39:44.102,-7.9113,1.1985,42.5760,0.0192,-0.6140,0.0224,0.7887
2026-05-08T19:39:44.150,-8.1177,1.1985,42.6284,0.0194,-0.6024,0.0221,0.7976
2026-05-08T19:39:44.201,-8.3267,1.1983,42.6881,0.0206,-0.5895,0.0216,0.8072
2026-05-08T19:39:44.249,-8.5133,1.1983,42.7480,0.0226,-0.5697,0.0210,0.8213
2026-05-08T19:39:44.294,-8.6737,1.1982,42.8080,0.0230,-0.5467,0.0205,0.8368
2026-05-08T19:39:44.343,-8.8048,1.1983,42.8656,0.0230,-0.5234,0.0201,0.8516
2026-05-08T19:39:44.389,-8.9378,1.1983,42.9329,0.0235,-0.4980,0.0195,0.8666
2026-05-08T19:39:44.437,-9.0566,1.1983,43.0021,0.0238,-0.4722,0.0189,0.8810
2026-05-08T19:39:44.485,-9.1669,1.1983,43.0755,0.0250,-0.4451,0.0178,0.8950
2026-05-08T19:39:44.531,-9.2619,1.1983,43.1473,0.0257,-0.4150,0.0171,0.9093
2026-05-08T19:39:44.578,-9.3312,1.1983,43.2076,0.0257,-0.3848,0.0163,0.9225
2026-05-08T19:39:44.624,-9.3965,1.1985,43.2724,0.0265,-0.3535,0.0150,0.9349
2026-05-08T19:39:44.675,-9.4519,1.1986,43.3354,0.0271,-0.3213,0.0141,0.9465
2026-05-08T19:39:44.724,-9.5003,1.1988,43.3983,0.0275,-0.2852,0.0134,0.9580
2026-05-08T19:39:44.772,-9.5412,1.1987,43.4608,0.0273,-0.2497,0.0126,0.9679
2026-05-08T19:39:44.820,-9.5749,1.1987,43.5220,0.0287,-0.2152,0.0115,0.9761
2026-05-08T19:39:44.867,-9.6045,1.1987,43.5861,0.0297,-0.1806,0.0099,0.9831
2026-05-08T19:39:44.915,-9.6296,1.1986,43.6521,0.0307,-0.1451,0.0091,0.9889
2026-05-08T19:39:44.962,-9.6620,1.1985,43.7599,0.0305,-0.1118,0.0083,0.9932
2026-05-08T19:39:45.010,-9.7048,1.1985,43.9477,0.0305,-0.0908,0.0078,0.9954
2026-05-08T19:39:45.057,-9.7455,1.1986,44.1685,0.0302,-0.0781,0.0075,0.9965
2026-05-08T19:39:45.106,-9.7809,1.1987,44.3937,0.0306,-0.0686,0.0069,0.9971
2026-05-08T19:39:45.153,-9.8132,1.1987,44.6277,0.0302,-0.0583,0.0065,0.9978
2026-05-08T19:39:45.199,-9.8394,1.1988,44.8517,0.0291,-0.0485,0.0066,0.9984
2026-05-08T19:39:45.247,-9.8611,1.1990,45.0738,0.0290,-0.0390,0.0058,0.9988
2026-05-08T19:39:45.292,-9.8790,1.1991,45.3042,0.0290,-0.0293,0.0051,0.9991
2026-05-08T19:39:45.338,-9.8917,1.1992,45.5239,0.0286,-0.0195,0.0049,0.9994
2026-05-08T19:39:45.386,-9.9002,1.1993,45.7464,0.0275,-0.0096,0.0049,0.9996
2026-05-08T19:39:45.433,-9.9042,1.1994,45.9762,0.0278,0.0008,0.0038,0.9996
2026-05-08T19:39:45.480,-9.9036,1.1994,46.2035,0.0281,0.0102,0.0032,0.9995
2026-05-08T19:39:45.528,-9.8989,1.1994,46.4284,0.0282,0.0200,0.0021,0.9994
2026-05-08T19:39:45.578,-9.8892,1.1996,46.6630,0.0273,0.0304,0.0020,0.9992
2026-05-08T19:39:45.624,-9.8748,1.1996,46.8972,0.0269,0.0401,0.0020,0.9988
2026-05-08T19:39:45.671,-9.8564,1.1997,47.1239,0.0269,0.0496,0.0015,0.9984
2026-05-08T19:39:45.719,-9.8332,1.1998,47.3545,0.0262,0.0497,0.0009,0.9984
2026-05-08T19:39:45.769,-9.8096,1.1998,47.5893,0.0261,0.0502,0.0008,0.9984
2026-05-08T19:39:45.816,-9.7860,1.1998,47.8220,0.0257,0.0509,0.0010,0.9984
2026-05-08T19:39:45.863,-9.7603,1.2000,48.0712,0.0256,0.0511,0.0005,0.9984
2026-05-08T19:39:45.913,-9.7361,1.2001,48.3070,0.0254,0.0506,0.0008,0.9984
2026-05-08T19:39:45.960,-9.7113,1.2002,48.5502,0.0256,0.0504,0.0008,0.9984
2026-05-08T19:39:46.011,-9.6897,1.2002,48.7646,0.0255,0.0655,0.0009,0.9975
2026-05-08T19:39:46.059,-9.6707,1.2001,48.9089,0.0260,0.0980,-0.0002,0.9948
2026-05-08T19:39:46.107,-9.6595,1.2000,48.9663,0.0265,0.1333,-0.0011,0.9907
2026-05-08T19:39:46.155,-9.6534,1.1998,48.9896,0.0271,0.1707,-0.0020,0.9849
2026-05-08T19:39:46.204,-9.6566,1.1997,48.9813,0.0272,0.2079,-0.0025,0.9778
2026-05-08T19:39:46.251,-9.6685,1.1995,48.9551,0.0276,0.2445,-0.0032,0.9692
2026-05-08T19:39:46.298,-9.6884,1.1995,48.9184,0.0271,0.2800,-0.0038,0.9596
2026-05-08T19:39:46.347,-9.7274,1.1994,48.8577,0.0272,0.3130,-0.0050,0.9494
2026-05-08T19:39:46.396,-9.7810,1.1993,48.7857,0.0269,0.3471,-0.0052,0.9374
2026-05-08T19:39:46.445,-9.8391,1.1991,48.7181,0.0272,0.3798,-0.0058,0.9246
2026-05-08T19:39:46.492,-9.9037,1.1992,48.6528,0.0267,0.4136,-0.0069,0.9100
2026-05-08T19:39:46.541,-9.9393,1.1992,48.6216,0.0266,0.4468,-0.0078,0.8942
2026-05-08T19:39:46.588,-9.9264,1.1991,48.6313,0.0263,0.4800,-0.0085,0.8768
2026-05-08T19:39:46.635,-9.8448,1.1992,48.6832,0.0259,0.5101,-0.0089,0.8597
2026-05-08T19:39:46.683,-9.7199,1.1991,48.7513,0.0266,0.5337,-0.0107,0.8452
2026-05-08T19:39:46.731,-9.5613,1.1992,48.8265,0.0276,0.5564,-0.0115,0.8304
2026-05-08T19:39:46.778,-9.4012,1.1991,48.8920,0.0286,0.5777,-0.0117,0.8157
2026-05-08T19:39:46.825,-9.2346,1.1991,48.9505,0.0273,0.5988,-0.0131,0.8003
2026-05-08T19:39:46.874,-9.0691,1.1991,48.9994,0.0264,0.6174,-0.0126,0.7861
2026-05-08T19:39:46.921,-8.8788,1.1991,49.0458,0.0264,0.6345,-0.0134,0.7724
2026-05-08T19:39:46.969,-8.6741,1.1989,49.0863,0.0263,0.6476,-0.0154,0.7614
2026-05-08T19:39:47.018,-8.4520,1.1989,49.1224,0.0263,0.6568,-0.0145,0.7534
2026-05-08T19:39:47.067,-8.2134,1.1989,49.1552,0.0260,0.6644,-0.0148,0.7468
2026-05-08T19:39:47.114,-7.9776,1.1991,49.1829,0.0258,0.6701,-0.0151,0.7417
2026-05-08T19:39:47.160,-7.7456,1.1993,49.2065,0.0260,0.6699,-0.0149,0.7418
2026-05-08T19:39:47.209,-7.5211,1.1994,49.2294,0.0259,0.6699,-0.0145,0.7419
2026-05-08T19:39:47.257,-7.2737,1.1995,49.2546,0.0256,0.6701,-0.0144,0.7417
2026-05-08T19:39:47.308,-7.0387,1.1995,49.2785,0.0258,0.6698,-0.0154,0.7419
2026-05-08T19:39:47.357,-6.7841,1.1994,49.3046,0.0266,0.6697,-0.0160,0.7420
2026-05-08T19:39:47.403,-6.5431,1.1994,49.3293,0.0264,0.6699,-0.0155,0.7418
2026-05-08T19:39:47.451,-6.3123,1.1993,49.3529,0.0264,0.6701,-0.0151,0.7417
2026-05-08T19:39:47.498,-6.0778,1.1992,49.3767,0.0264,0.6697,-0.0151,0.7420
2026-05-08T19:39:47.544,-5.8431,1.1990,49.4007,0.0264,0.6695,-0.0157,0.7422
2026-05-08T19:39:47.591,-5.6112,1.1989,49.4245,0.0267,0.6696,-0.0163,0.7420
2026-05-08T19:39:47.637,-5.3821,1.1989,49.4479,0.0265,0.6698,-0.0154,0.7420
2026-05-08T19:39:47.683,-5.1524,1.1990,49.4712,0.0259,0.6699,-0.0157,0.7418
2026-05-08T19:39:47.730,-4.9247,1.1990,49.4943,0.0257,0.6699,-0.0161,0.7418
2026-05-08T19:39:47.778,-4.6953,1.1993,49.5178,0.0256,0.6699,-0.0152,0.7419
2026-05-08T19:39:47.825,-4.4525,1.1994,49.5426,0.0252,0.6698,-0.0145,0.7420
2026-05-08T19:39:47.873,-4.2221,1.1995,49.5660,0.0246,0.6700,-0.0146,0.7418
2026-05-08T19:39:47.921,-3.9863,1.1995,49.5898,0.0246,0.6699,-0.0152,0.7419
2026-05-08T19:39:47.969,-3.7492,1.1994,49.6139,0.0243,0.6699,-0.0158,0.7419
2026-05-08T19:39:48.015,-3.5159,1.1995,49.6377,0.0235,0.6705,-0.0147,0.7414
2026-05-08T19:39:48.060,-3.2856,1.1997,49.6608,0.0231,0.6705,-0.0145,0.7415
2026-05-08T19:39:48.109,-3.0624,1.1997,49.6832,0.0232,0.6704,-0.0143,0.7415
2026-05-08T19:39:48.156,-2.8218,1.1999,49.7073,0.0226,0.6705,-0.0146,0.7414
2026-05-08T19:39:48.207,-2.5916,1.1999,49.7303,0.0223,0.6707,-0.0148,0.7412
2026-05-08T19:39:48.254,-2.3358,1.2000,49.7558,0.0219,0.6709,-0.0141,0.7411
2026-05-08T19:39:48.301,-2.1048,1.2002,49.7787,0.0209,0.6711,-0.0137,0.7410
2026-05-08T19:39:48.348,-1.8747,1.2003,49.8015,0.0210,0.6710,-0.0138,0.7410
2026-05-08T19:39:48.394,-1.6432,1.2005,49.8244,0.0207,0.6711,-0.0134,0.7409
2026-05-08T19:39:48.441,-1.4144,1.2006,49.8470,0.0206,0.6716,-0.0128,0.7405
2026-05-08T19:39:48.487,-1.1821,1.2006,49.8694,0.0202,0.6714,-0.0134,0.7407
2026-05-08T19:39:48.533,-0.9574,1.2007,49.8914,0.0203,0.6711,-0.0137,0.7410
2026-05-08T19:39:48.580,-0.7278,1.2007,49.9140,0.0204,0.6710,-0.0139,0.7410
2026-05-08T19:39:48.626,-0.5125,1.2006,49.9353,0.0207,0.6598,-0.0132,0.7510
2026-05-08T19:39:48.676,-0.3836,1.2004,49.9521,0.0215,0.6370,-0.0123,0.7705
2026-05-08T19:39:48.722,-0.2663,1.2003,49.9748,0.0222,0.6101,-0.0119,0.7919
2026-05-08T19:39:48.768,-0.1670,1.2001,50.0012,0.0229,0.5838,-0.0114,0.8115
2026-05-08T19:39:48.817,-0.0700,1.1998,50.0340,0.0241,0.5570,-0.0110,0.8301
2026-05-08T19:39:48.863,0.0281,1.1997,50.0743,0.0246,0.5285,-0.0094,0.8485
2026-05-08T19:39:48.909,0.1207,1.1996,50.1200,0.0253,0.5001,-0.0090,0.8656
2026-05-08T19:39:48.955,0.2069,1.1996,50.1699,0.0260,0.4721,-0.0082,0.8811
2026-05-08T19:39:49.001,0.2916,1.1996,50.2264,0.0263,0.4429,-0.0072,0.8961
2026-05-08T19:39:49.047,0.3716,1.1996,50.2877,0.0265,0.4137,-0.0056,0.9100
2026-05-08T19:39:49.099,0.4489,1.1995,50.3552,0.0270,0.3838,-0.0048,0.9230
2026-05-08T19:39:49.150,0.5531,1.1994,50.4589,0.0278,0.3528,-0.0045,0.9353
2026-05-08T19:39:49.196,0.5702,1.1991,50.4783,0.0288,0.3523,-0.0052,0.9354
2026-05-08T19:39:49.244,0.5885,1.1990,50.4991,0.0292,0.3530,-0.0048,0.9352
2026-05-08T19:39:49.289,0.6329,1.1990,50.5495,0.0286,0.3843,-0.0055,0.9228
2026-05-08T19:39:49.335,0.6696,1.1989,50.5859,0.0285,0.4163,-0.0067,0.9088
2026-05-08T19:39:49.382,0.6678,1.1989,50.5843,0.0280,0.4480,-0.0078,0.8936
2026-05-08T19:39:49.429,0.6363,1.1988,50.5606,0.0279,0.4804,-0.0095,0.8765
2026-05-08T19:39:49.476,0.5691,1.1988,50.5176,0.0278,0.5105,-0.0100,0.8594
2026-05-08T19:39:49.525,0.4786,1.1988,50.4684,0.0274,0.5392,-0.0112,0.8416
2026-05-08T19:39:49.573,0.3794,1.1988,50.4195,0.0269,0.5674,-0.0123,0.8229
2026-05-08T19:39:49.621,0.2904,1.1989,50.3404,0.0268,0.5934,-0.0135,0.8043
2026-05-08T19:39:49.668,0.1675,1.1988,50.3026,0.0267,0.6179,-0.0146,0.7856
2026-05-08T19:39:49.716,0.0508,1.1987,50.2742,0.0263,0.6429,-0.0161,0.7653
2026-05-08T19:39:49.763,0.0210,1.1987,50.2689,0.0253,0.6706,-0.0175,0.7412
2026-05-08T19:39:49.809,0.0878,1.1987,50.2756,0.0252,0.6924,-0.0189,0.7209
2026-05-08T19:39:49.857,0.2727,1.1986,50.2831,0.0254,0.7081,-0.0190,0.7054
2026-05-08T19:39:49.903,0.4921,1.1987,50.2824,0.0251,0.7180,-0.0184,0.6954
2026-05-08T19:39:49.949,0.7180,1.1986,50.2752,0.0251,0.7238,-0.0186,0.6893
2026-05-08T19:39:50.004,0.9457,1.1986,50.2640,0.0251,0.7235,-0.0187,0.6897
2026-05-08T19:39:50.052,1.2122,1.1986,50.2511,0.0250,0.7232,-0.0197,0.6899
2026-05-08T19:39:50.099,1.4500,1.1985,50.2397,0.0253,0.7233,-0.0194,0.6898
2026-05-08T19:39:50.146,1.6867,1.1986,50.2284,0.0251,0.7234,-0.0192,0.6897
2026-05-08T19:39:50.192,1.9172,1.1988,50.2173,0.0248,0.7234,-0.0195,0.6897
2026-05-08T19:39:50.239,2.1340,1.1989,50.2069,0.0253,0.7150,-0.0191,0.6984
2026-05-08T19:39:50.286,2.3531,1.1990,50.2017,0.0256,0.7051,-0.0185,0.7084
2026-05-08T19:39:50.332,2.5696,1.1990,50.2026,0.0256,0.6952,-0.0180,0.7181
2026-05-08T19:39:50.379,2.7834,1.1991,50.2094,0.0259,0.6854,-0.0183,0.7275
2026-05-08T19:39:50.427,3.0001,1.1991,50.2222,0.0262,0.6746,-0.0180,0.7375
2026-05-08T19:39:50.474,3.2195,1.1990,50.2418,0.0267,0.6637,-0.0182,0.7473
2026-05-08T19:39:50.520,3.4355,1.1989,50.2673,0.0270,0.6536,-0.0175,0.7561
2026-05-08T19:39:50.568,3.6466,1.1988,50.2980,0.0269,0.6432,-0.0169,0.7650
2026-05-08T19:39:50.614,3.8636,1.1989,50.3358,0.0270,0.6321,-0.0164,0.7742
2026-05-08T19:39:50.661,4.0727,1.1988,50.3785,0.0270,0.6209,-0.0165,0.7833
2026-05-08T19:39:50.707,4.2832,1.1990,50.4278,0.0272,0.6097,-0.0159,0.7920
2026-05-08T19:39:50.753,4.4915,1.1990,50.4829,0.0268,0.5987,-0.0142,0.8004
2026-05-08T19:39:50.801,4.6957,1.1992,50.5429,0.0265,0.5877,-0.0145,0.8085
2026-05-08T19:39:50.849,4.9026,1.1993,50.6099,0.0263,0.5757,-0.0140,0.8171
2026-05-08T19:39:50.897,5.0634,1.1995,50.6674,0.0257,0.5538,-0.0130,0.8321
2026-05-08T19:39:50.943,5.1835,1.1996,50.7175,0.0251,0.5279,-0.0121,0.8488
2026-05-08T19:39:50.990,5.2723,1.1997,50.7611,0.0244,0.4999,-0.0112,0.8657
2026-05-08T19:39:51.038,5.3176,1.1998,50.7872,0.0254,0.4681,-0.0109,0.8833
2026-05-08T19:39:51.084,5.3460,1.1998,50.8064,0.0255,0.4348,-0.0103,0.9001
2026-05-08T19:39:51.131,5.3611,1.1999,50.8183,0.0251,0.4019,-0.0092,0.9153
2026-05-08T19:39:51.179,5.3702,1.2001,50.8265,0.0247,0.3687,-0.0074,0.9292
2026-05-08T19:39:51.224,5.3711,1.2000,50.8275,0.0249,0.3334,-0.0068,0.9424
2026-05-08T19:39:51.270,5.3655,1.2002,50.8204,0.0247,0.2992,-0.0061,0.9538
2026-05-08T19:39:51.320,5.3554,1.2003,50.8056,0.0245,0.2650,-0.0054,0.9639
2026-05-08T19:39:51.365,5.3443,1.2003,50.7868,0.0247,0.2277,-0.0043,0.9734
2026-05-08T19:39:51.412,5.3351,1.2003,50.7679,0.0250,0.1936,-0.0036,0.9808
2026-05-08T19:39:51.459,5.3244,1.2004,50.7417,0.0252,0.1574,-0.0030,0.9872
2026-05-08T19:39:51.507,5.3120,1.2003,50.7039,0.0254,0.1217,-0.0018,0.9922
2026-05-08T19:39:51.554,5.3004,1.2002,50.6572,0.0257,0.0846,-0.0004,0.9961
2026-05-08T19:39:51.602,5.2920,1.2000,50.6080,0.0259,0.0481,0.0006,0.9985
2026-05-08T19:39:51.650,5.2872,1.1998,50.5586,0.0269,0.0122,0.0010,0.9996
2026-05-08T19:39:51.697,5.2860,1.1995,50.5058,0.0276,-0.0257,0.0021,0.9993
2026-05-08T19:39:51.747,5.2887,1.1994,50.4501,0.0279,-0.0615,0.0034,0.9977
2026-05-08T19:39:51.792,5.2960,1.1992,50.3900,0.0273,-0.0989,0.0050,0.9947
2026-05-08T19:39:51.840,5.3069,1.1990,50.3345,0.0277,-0.1341,0.0064,0.9906
2026-05-08T19:39:51.886,5.3220,1.1990,50.2790,0.0275,-0.1694,0.0076,0.9851
2026-05-08T19:39:51.934,5.3410,1.1988,50.2251,0.0278,-0.2045,0.0084,0.9784
2026-05-08T19:39:51.982,5.3576,1.1987,50.1869,0.0276,-0.2404,0.0097,0.9702
2026-05-08T19:39:52.029,5.3707,1.1986,50.1620,0.0271,-0.2765,0.0110,0.9606
2026-05-08T19:39:52.078,5.3832,1.1985,50.1421,0.0273,-0.3115,0.0118,0.9498
2026-05-08T19:39:52.124,5.3930,1.1985,50.1289,0.0272,-0.3478,0.0130,0.9371
2026-05-08T19:39:52.172,5.3990,1.1985,50.1218,0.0263,-0.3822,0.0141,0.9236
2026-05-08T19:39:52.221,5.3962,1.1985,50.1246,0.0255,-0.4166,0.0154,0.9086
2026-05-08T19:39:52.268,5.3569,1.1985,50.1586,0.0252,-0.4500,0.0163,0.8925
2026-05-08T19:39:52.316,5.3568,1.1985,50.1587,0.0260,-0.4497,0.0162,0.8926
2026-05-08T19:39:52.363,5.3570,1.1984,50.1588,0.0264,-0.4497,0.0160,0.8927
2026-05-08T19:39:52.410,5.3571,1.1983,50.1588,0.0262,-0.4499,0.0160,0.8926
2026-05-08T19:39:52.506,5.3573,1.1982,50.1586,0.0266,-0.4506,0.0156,0.8922
2026-05-08T19:39:52.560,5.3574,1.1982,50.1586,0.0269,-0.4511,0.0156,0.8920
2026-05-08T19:39:52.612,5.3579,1.1979,50.1587,0.0273,-0.4503,0.0156,0.8923
2026-05-08T19:39:52.659,5.3583,1.1980,50.1588,0.0269,-0.4490,0.0152,0.8930
2026-05-08T19:39:52.708,5.3587,1.1982,50.1586,0.0267,-0.4489,0.0151,0.8930
2026-05-08T19:39:52.757,5.3587,1.1983,50.1585,0.0270,-0.4509,0.0150,0.8921
2026-05-08T19:39:52.806,5.3586,1.1984,50.1584,0.0265,-0.4518,0.0145,0.8916
2026-05-08T19:39:52.856,5.3586,1.1984,50.1587,0.0266,-0.4511,0.0146,0.8920
2026-05-08T19:39:52.904,5.3590,1.1983,50.1592,0.0282,-0.4491,0.0140,0.8929
2026-05-08T19:39:52.954,5.3590,1.1984,50.1594,0.0285,-0.4493,0.0143,0.8928
2026-05-08T19:39:53.002,5.3589,1.1984,50.1592,0.0281,-0.4501,0.0146,0.8924
2026-05-08T19:39:53.054,5.3588,1.1984,50.1593,0.0276,-0.4503,0.0147,0.8923
2026-05-08T19:39:53.104,5.3587,1.1983,50.1594,0.0280,-0.4504,0.0146,0.8923
2026-05-08T19:39:53.154,5.3586,1.1982,50.1595,0.0284,-0.4508,0.0144,0.8921
2026-05-08T19:39:53.202,5.3584,1.1981,50.1594,0.0289,-0.4509,0.0145,0.8920
2026-05-08T19:39:53.251,5.3583,1.1981,50.1594,0.0283,-0.4504,0.0150,0.8922
2026-05-08T19:39:53.301,5.3583,1.1981,50.1594,0.0278,-0.4498,0.0150,0.8926
2026-05-08T19:39:53.350,5.3583,1.1982,50.1593,0.0284,-0.4498,0.0146,0.8925
2026-05-08T19:39:53.400,5.3581,1.1983,50.1592,0.0275,-0.4502,0.0150,0.8924
2026-05-08T19:39:53.449,5.3581,1.1983,50.1591,0.0272,-0.4512,0.0147,0.8919
2026-05-08T19:39:53.500,5.3582,1.1982,50.1593,0.0274,-0.4506,0.0143,0.8922
2026-05-08T19:39:53.548,5.3583,1.1982,50.1596,0.0291,-0.4493,0.0138,0.8928
2026-05-08T19:39:53.597,5.3581,1.1983,50.1594,0.0286,-0.4499,0.0140,0.8925
2026-05-08T19:39:53.647,5.3579,1.1984,50.1592,0.0272,-0.4507,0.0146,0.8921
2026-05-08T19:39:53.697,5.3579,1.1985,50.1591,0.0264,-0.4503,0.0145,0.8924
2026-05-08T19:39:53.748,5.3580,1.1986,50.1592,0.0267,-0.4502,0.0142,0.8924
2026-05-08T19:39:53.797,5.3581,1.1986,50.1593,0.0273,-0.4500,0.0139,0.8925
2026-05-08T19:39:53.847,5.3580,1.1986,50.1593,0.0272,-0.4501,0.0135,0.8925
2026-05-08T19:39:53.895,5.3582,1.1987,50.1596,0.0265,-0.4500,0.0131,0.8926
2026-05-08T19:39:53.947,5.3583,1.1987,50.1597,0.0273,-0.4490,0.0126,0.8930
2026-05-08T19:39:53.995,5.3583,1.1989,50.1597,0.0268,-0.4492,0.0124,0.8930
2026-05-08T19:39:54.044,5.3583,1.1991,50.1597,0.0262,-0.4493,0.0123,0.8929
2026-05-08T19:39:54.094,5.3583,1.1991,50.1598,0.0262,-0.4493,0.0127,0.8929
2026-05-08T19:39:54.142,5.3584,1.1993,50.1598,0.0257,-0.4488,0.0116,0.8932
2026-05-08T19:39:54.192,5.3585,1.1994,50.1598,0.0253,-0.4490,0.0118,0.8931
2026-05-08T19:39:54.243,5.3586,1.1994,50.1599,0.0264,-0.4494,0.0118,0.8929
2026-05-08T19:39:54.296,5.3588,1.1995,50.1600,0.0259,-0.4491,0.0118,0.8930
2026-05-08T19:39:54.347,5.3590,1.1995,50.1600,0.0255,-0.4488,0.0116,0.8932
2026-05-08T19:39:54.397,5.3592,1.1995,50.1599,0.0259,-0.4489,0.0116,0.8931
2026-05-08T19:39:54.448,5.3594,1.1995,50.1600,0.0261,-0.4492,0.0117,0.8930
2026-05-08T19:39:54.496,5.3592,1.1993,50.1600,0.0260,-0.4490,0.0118,0.8931
2026-05-08T19:39:54.543,5.3594,1.1991,50.1599,0.0263,-0.4489,0.0123,0.8931
2026-05-08T19:39:54.592,5.3596,1.1990,50.1599,0.0264,-0.4490,0.0121,0.8930
2026-05-08T19:39:54.642,5.3594,1.1991,50.1598,0.0262,-0.4494,0.0123,0.8929
2026-05-08T19:39:54.691,5.3594,1.1990,50.1598,0.0265,-0.4497,0.0124,0.8927
2026-05-08T19:39:54.739,5.3594,1.1988,50.1599,0.0265,-0.4496,0.0125,0.8928
2026-05-08T19:39:54.788,5.3594,1.1986,50.1599,0.0270,-0.4489,0.0125,0.8931
2026-05-08T19:39:54.838,5.3910,1.1985,50.1365,0.0268,-0.4822,0.0135,0.8756
2026-05-08T19:39:54.888,5.4306,1.1984,50.1113,0.0270,-0.5167,0.0147,0.8556
2026-05-08T19:39:54.935,5.4802,1.1982,50.0850,0.0263,-0.5488,0.0159,0.8354
2026-05-08T19:39:54.985,5.5460,1.1982,50.0566,0.0254,-0.5775,0.0173,0.8158
2026-05-08T19:39:55.034,5.6396,1.1980,50.0235,0.0252,-0.6070,0.0185,0.7941
2026-05-08T19:39:55.084,5.6874,1.1978,50.0104,0.0245,-0.6364,0.0195,0.7708
2026-05-08T19:39:55.133,5.5973,1.1977,50.0278,0.0250,-0.6619,0.0200,0.7489
2026-05-08T19:39:55.183,5.3783,1.1976,50.0548,0.0245,-0.6726,0.0209,0.7393
2026-05-08T19:39:55.233,5.1230,1.1977,50.0789,0.0241,-0.6725,0.0211,0.7394
2026-05-08T19:39:55.282,4.8832,1.1979,50.1016,0.0239,-0.6728,0.0209,0.7392
2026-05-08T19:39:55.331,4.6435,1.1979,50.1242,0.0241,-0.6656,0.0208,0.7456
2026-05-08T19:39:55.379,4.4362,1.1979,50.1478,0.0249,-0.6503,0.0204,0.7590
2026-05-08T19:39:55.428,4.2671,1.1978,50.1742,0.0257,-0.6300,0.0196,0.7760
2026-05-08T19:39:55.477,4.1005,1.1978,50.2093,0.0265,-0.6084,0.0185,0.7930
2026-05-08T19:39:55.527,3.9372,1.1979,50.2529,0.0278,-0.5868,0.0182,0.8091
2026-05-08T19:39:55.578,3.7741,1.1979,50.3060,0.0277,-0.5636,0.0180,0.8254
2026-05-08T19:39:55.626,3.6105,1.1978,50.3699,0.0277,-0.5390,0.0173,0.8417
2026-05-08T19:39:55.675,3.4466,1.1977,50.4455,0.0287,-0.5171,0.0166,0.8553
2026-05-08T19:39:55.725,3.2454,1.1977,50.5509,0.0286,-0.5176,0.0168,0.8550
2026-05-08T19:39:55.775,3.0588,1.1976,50.6484,0.0283,-0.5368,0.0170,0.8430
2026-05-08T19:39:55.823,2.9100,1.1976,50.7178,0.0269,-0.5614,0.0184,0.8269
2026-05-08T19:39:55.871,2.7852,1.1978,50.7674,0.0259,-0.5863,0.0184,0.8094
2026-05-08T19:39:55.919,2.6775,1.1980,50.8029,0.0253,-0.6127,0.0189,0.7897
2026-05-08T19:39:55.967,2.6774,1.1982,50.8026,0.0249,-0.6128,0.0187,0.7896
2026-05-08T19:39:56.016,2.6773,1.1984,50.8026,0.0242,-0.6129,0.0186,0.7896
2026-05-08T19:39:56.066,2.6772,1.1985,50.8026,0.0241,-0.6133,0.0186,0.7892
2026-05-08T19:39:56.121,2.6769,1.1985,50.8030,0.0248,-0.6130,0.0174,0.7895
2026-05-08T19:39:56.171,2.6766,1.1986,50.8032,0.0259,-0.6126,0.0172,0.7898
2026-05-08T19:39:56.220,2.6766,1.1986,50.8035,0.0260,-0.6117,0.0170,0.7905
2026-05-08T19:39:56.267,2.6766,1.1988,50.8036,0.0247,-0.6113,0.0171,0.7909
2026-05-08T19:39:56.317,2.6769,1.1989,50.8035,0.0241,-0.6119,0.0164,0.7904
2026-05-08T19:39:56.365,2.6771,1.1990,50.8035,0.0234,-0.6126,0.0165,0.7899
2026-05-08T19:39:56.413,2.6773,1.1990,50.8037,0.0242,-0.6122,0.0155,0.7902
2026-05-08T19:39:56.460,2.6774,1.1990,50.8040,0.0237,-0.6121,0.0155,0.7903
2026-05-08T19:39:56.509,2.6777,1.1991,50.8041,0.0241,-0.6114,0.0148,0.7908
2026-05-08T19:39:56.557,2.6780,1.1993,50.8043,0.0237,-0.6115,0.0144,0.7908
2026-05-08T19:39:56.607,2.6782,1.1994,50.8043,0.0235,-0.6114,0.0143,0.7908
2026-05-08T19:39:56.654,2.6784,1.1996,50.8044,0.0231,-0.6111,0.0137,0.7911
2026-05-08T19:39:56.703,2.6789,1.1997,50.8045,0.0228,-0.6108,0.0135,0.7913
2026-05-08T19:39:56.750,2.6790,1.1997,50.8045,0.0236,-0.6111,0.0138,0.7911
2026-05-08T19:39:56.798,2.6788,1.1997,50.8044,0.0237,-0.6117,0.0145,0.7906
2026-05-08T19:39:56.846,2.6787,1.1997,50.8044,0.0240,-0.6117,0.0149,0.7906
2026-05-08T19:39:56.894,2.6785,1.1994,50.8044,0.0235,-0.6114,0.0152,0.7908
2026-05-08T19:39:56.944,2.6784,1.1992,50.8044,0.0243,-0.6116,0.0156,0.7907
2026-05-08T19:39:56.991,2.6783,1.1990,50.8045,0.0244,-0.6118,0.0155,0.7905
2026-05-08T19:39:57.040,2.6784,1.1987,50.8045,0.0256,-0.6118,0.0154,0.7905
2026-05-08T19:39:57.087,2.6784,1.1986,50.8044,0.0249,-0.6117,0.0161,0.7905
2026-05-08T19:39:57.137,2.6785,1.1986,50.8043,0.0245,-0.6118,0.0162,0.7905
2026-05-08T19:39:57.185,2.6785,1.1985,50.8042,0.0250,-0.6118,0.0164,0.7904
2026-05-08T19:39:57.233,2.6785,1.1985,50.8042,0.0252,-0.6119,0.0166,0.7903
2026-05-08T19:39:57.280,2.6784,1.1984,50.8042,0.0250,-0.6119,0.0165,0.7904
2026-05-08T19:39:57.329,2.6784,1.1983,50.8043,0.0253,-0.6116,0.0166,0.7906
2026-05-08T19:39:57.376,2.6785,1.1983,50.8044,0.0255,-0.6118,0.0166,0.7904
2026-05-08T19:39:57.423,2.6785,1.1982,50.8043,0.0263,-0.6123,0.0168,0.7900
2026-05-08T19:39:57.478,2.6786,1.1981,50.8043,0.0264,-0.6123,0.0169,0.7900
2026-05-08T19:39:57.525,2.6787,1.1981,50.8043,0.0260,-0.6119,0.0170,0.7903
2026-05-08T19:39:57.573,2.6788,1.1980,50.8041,0.0257,-0.6119,0.0173,0.7904
2026-05-08T19:39:57.621,2.6787,1.1981,50.8039,0.0256,-0.6125,0.0175,0.7899
2026-05-08T19:39:57.669,2.6787,1.1980,50.8038,0.0259,-0.6127,0.0175,0.7897
2026-05-08T19:39:57.716,2.6788,1.1979,50.8037,0.0259,-0.6125,0.0176,0.7898
2026-05-08T19:39:57.765,2.6789,1.1980,50.8037,0.0256,-0.6121,0.0175,0.7902
2026-05-08T19:39:57.813,2.6790,1.1981,50.8036,0.0258,-0.6121,0.0175,0.7901
2026-05-08T19:39:57.860,2.6790,1.1982,50.8035,0.0255,-0.6127,0.0173,0.7897
2026-05-08T19:39:57.923,2.6791,1.1983,50.8033,0.0251,-0.6127,0.0174,0.7897
2026-05-08T19:39:57.977,2.6791,1.1983,50.8036,0.0253,-0.6123,0.0175,0.7900
2026-05-08T19:39:58.027,2.6793,1.1984,50.8037,0.0258,-0.6121,0.0171,0.7902
2026-05-08T19:39:58.076,2.6793,1.1984,50.8038,0.0266,-0.6123,0.0175,0.7900
2026-05-08T19:39:58.124,2.6794,1.1984,50.8038,0.0264,-0.6123,0.0178,0.7900
2026-05-08T19:39:58.172,2.6794,1.1983,50.8037,0.0255,-0.6124,0.0179,0.7899
2026-05-08T19:39:58.221,2.6795,1.1982,50.8037,0.0260,-0.6125,0.0178,0.7899
2026-05-08T19:39:58.269,2.6796,1.1982,50.8038,0.0261,-0.6126,0.0175,0.7898
2026-05-08T19:39:58.319,2.6797,1.1981,50.8038,0.0269,-0.6124,0.0171,0.7899
2026-05-08T19:39:58.370,2.6798,1.1981,50.8039,0.0262,-0.6123,0.0176,0.7900
2026-05-08T19:39:58.417,2.6800,1.1982,50.8038,0.0262,-0.6123,0.0174,0.7900
2026-05-08T19:39:58.468,2.6801,1.1984,50.8038,0.0260,-0.6124,0.0170,0.7899
2026-05-08T19:39:58.518,2.6801,1.1985,50.8038,0.0262,-0.6125,0.0172,0.7898
2026-05-08T19:39:58.566,2.6800,1.1985,50.8038,0.0260,-0.6125,0.0176,0.7899
2026-05-08T19:39:58.614,2.6799,1.1985,50.8040,0.0259,-0.6125,0.0175,0.7899
2026-05-08T19:39:58.664,2.6798,1.1985,50.8041,0.0262,-0.6123,0.0171,0.7900
2026-05-08T19:39:58.712,2.6796,1.1985,50.8042,0.0268,-0.6127,0.0170,0.7897
2026-05-08T19:39:58.765,2.6795,1.1983,50.8041,0.0274,-0.6128,0.0176,0.7896
2026-05-08T19:39:58.815,2.6794,1.1983,50.8040,0.0267,-0.6122,0.0177,0.7901
2026-05-08T19:39:58.865,2.6793,1.1982,50.8039,0.0266,-0.6123,0.0181,0.7899
2026-05-08T19:39:58.915,2.6792,1.1982,50.8038,0.0266,-0.6129,0.0176,0.7895
2026-05-08T19:39:58.964,2.6793,1.1982,50.8038,0.0270,-0.6131,0.0171,0.7893
2026-05-08T19:39:59.014,2.6793,1.1982,50.8038,0.0267,-0.6127,0.0172,0.7897
2026-05-08T19:39:59.063,2.7603,1.1983,50.7831,0.0263,-0.6123,0.0169,0.7900
2026-05-08T19:39:59.112,2.9382,1.1984,50.7374,0.0266,-0.5928,0.0158,0.8047
2026-05-08T19:39:59.161,3.0991,1.1987,50.6875,0.0266,-0.5692,0.0146,0.8217
2026-05-08T19:39:59.210,3.2413,1.1988,50.6342,0.0269,-0.5450,0.0139,0.8379
2026-05-08T19:39:59.258,3.3756,1.1988,50.5748,0.0272,-0.5188,0.0126,0.8544
2026-05-08T19:39:59.308,3.4886,1.1988,50.5163,0.0276,-0.4912,0.0116,0.8706
2026-05-08T19:39:59.358,3.5698,1.1989,50.4674,0.0282,-0.4588,0.0103,0.8880
2026-05-08T19:39:59.405,3.5980,1.1989,50.4475,0.0291,-0.4247,0.0087,0.9048
2026-05-08T19:39:59.454,3.5617,1.1989,50.4776,0.0293,-0.3912,0.0078,0.9198
2026-05-08T19:39:59.502,3.4913,1.1990,50.5450,0.0281,-0.3576,0.0067,0.9334
2026-05-08T19:39:59.550,3.4025,1.1991,50.6436,0.0287,-0.3291,0.0061,0.9438
2026-05-08T19:39:59.598,3.2963,1.1991,50.7774,0.0286,-0.3032,0.0052,0.9525
2026-05-08T19:39:59.647,3.1881,1.1991,50.9303,0.0290,-0.2801,0.0039,0.9595
2026-05-08T19:39:59.694,3.0835,1.1990,51.0942,0.0284,-0.2575,0.0031,0.9658
2026-05-08T19:39:59.744,2.9801,1.1990,51.2745,0.0286,-0.2406,0.0024,0.9702
2026-05-08T19:39:59.794,2.8676,1.1992,51.4875,0.0282,-0.2303,0.0018,0.9727
2026-05-08T19:39:59.843,2.7573,1.1995,51.7073,0.0276,-0.2300,0.0017,0.9728
2026-05-08T19:39:59.893,2.6496,1.1996,51.9220,0.0275,-0.2300,0.0018,0.9728
2026-05-08T19:39:59.942,2.5389,1.1995,52.1430,0.0277,-0.2300,0.0023,0.9728
2026-05-08T19:39:59.990,2.4332,1.1994,52.3542,0.0286,-0.2216,0.0021,0.9747
2026-05-08T19:40:00.038,2.3336,1.1991,52.5616,0.0302,-0.2109,0.0023,0.9770
2026-05-08T19:40:00.085,2.2419,1.1988,52.7637,0.0309,-0.1985,0.0019,0.9796
2026-05-08T19:40:00.133,2.1552,1.1984,52.9689,0.0310,-0.1854,0.0014,0.9822
2026-05-08T19:40:00.182,2.0744,1.1980,53.1753,0.0322,-0.1727,0.0014,0.9845
2026-05-08T19:40:00.231,1.9967,1.1979,53.3895,0.0320,-0.1570,0.0011,0.9871
2026-05-08T19:40:00.279,1.9302,1.1977,53.5925,0.0325,-0.1404,0.0005,0.9896
2026-05-08T19:40:00.327,1.8714,1.1975,53.7951,0.0331,-0.1217,0.0005,0.9920
2026-05-08T19:40:00.373,1.8213,1.1975,53.9956,0.0328,-0.1023,0.0004,0.9942
2026-05-08T19:40:00.420,1.7808,1.1975,54.1898,0.0329,-0.0844,-0.0001,0.9959
2026-05-08T19:40:00.469,1.7466,1.1975,54.3893,0.0333,-0.0659,-0.0010,0.9973
2026-05-08T19:40:00.517,1.7191,1.1974,54.5952,0.0337,-0.0467,-0.0017,0.9983
2026-05-08T19:40:00.567,1.6994,1.1974,54.8053,0.0335,-0.0267,-0.0021,0.9991
2026-05-08T19:40:00.615,1.6878,1.1974,55.0173,0.0338,-0.0064,-0.0030,0.9994
2026-05-08T19:40:00.667,1.6845,1.1977,55.2259,0.0331,0.0122,-0.0018,0.9994
2026-05-08T19:40:00.716,1.6893,1.1979,55.4474,0.0333,0.0320,-0.0016,0.9989
2026-05-08T19:40:00.764,1.7021,1.1980,55.6552,0.0334,0.0506,-0.0012,0.9982
2026-05-08T19:40:00.814,1.7233,1.1979,55.8657,0.0336,0.0704,-0.0019,0.9969
2026-05-08T19:40:00.861,1.7525,1.1978,56.0728,0.0339,0.0896,-0.0029,0.9954
2026-05-08T19:40:00.909,1.7889,1.1976,56.2732,0.0342,0.1087,-0.0041,0.9935
2026-05-08T19:40:00.957,1.8334,1.1974,56.4750,0.0348,0.1292,-0.0057,0.9910
2026-05-08T19:40:01.006,1.8857,1.1974,56.6722,0.0344,0.1489,-0.0054,0.9882
2026-05-08T19:40:01.055,1.9476,1.1976,56.8733,0.0343,0.1689,-0.0061,0.9850
2026-05-08T19:40:01.106,2.0165,1.1976,57.0689,0.0346,0.1884,-0.0067,0.9815
2026-05-08T19:40:01.156,2.0967,1.1977,57.2708,0.0342,0.2085,-0.0068,0.9774
2026-05-08T19:40:01.205,2.1879,1.1978,57.4746,0.0340,0.2252,-0.0069,0.9737
2026-05-08T19:40:01.254,2.2881,1.1977,57.6789,0.0338,0.2394,-0.0080,0.9703
2026-05-08T19:40:01.303,2.3948,1.1976,57.8813,0.0342,0.2531,-0.0095,0.9668
2026-05-08T19:40:01.351,2.5053,1.1974,58.0778,0.0348,0.2668,-0.0106,0.9631
2026-05-08T19:40:01.399,2.6218,1.1973,58.2719,0.0348,0.2800,-0.0105,0.9593
2026-05-08T19:40:01.448,2.7455,1.1972,58.4657,0.0350,0.2902,-0.0107,0.9563
2026-05-08T19:40:01.497,2.8808,1.1972,58.6680,0.0346,0.2900,-0.0108,0.9564
2026-05-08T19:40:01.549,3.0138,1.1972,58.8671,0.0345,0.2894,-0.0113,0.9565
2026-05-08T19:40:01.597,3.1582,1.1972,59.0841,0.0341,0.2894,-0.0112,0.9565
2026-05-08T19:40:01.646,3.2912,1.1974,59.2837,0.0328,0.2904,-0.0110,0.9563
2026-05-08T19:40:01.693,3.4247,1.1977,59.4832,0.0329,0.2908,-0.0107,0.9562
2026-05-08T19:40:01.741,3.5555,1.1979,59.6787,0.0324,0.2905,-0.0108,0.9563
2026-05-08T19:40:01.789,3.6870,1.1982,59.8755,0.0312,0.2905,-0.0103,0.9563
2026-05-08T19:40:01.837,3.8209,1.1984,60.0753,0.0303,0.2913,-0.0095,0.9561
2026-05-08T19:40:01.884,3.9437,1.1985,60.2580,0.0306,0.2773,-0.0098,0.9602
2026-05-08T19:40:01.932,4.0592,1.1986,60.4412,0.0307,0.2630,-0.0098,0.9643
2026-05-08T19:40:01.983,4.1717,1.1986,60.6319,0.0308,0.2487,-0.0095,0.9680
2026-05-08T19:40:02.031,4.2830,1.1987,60.8342,0.0297,0.2344,-0.0086,0.9716
2026-05-08T19:40:02.081,4.3858,1.1989,61.0348,0.0292,0.2199,-0.0082,0.9751
2026-05-08T19:40:02.129,4.4857,1.1990,61.2448,0.0288,0.2072,-0.0077,0.9778
2026-05-08T19:40:02.178,4.5777,1.1990,61.4517,0.0292,0.1956,-0.0079,0.9802
2026-05-08T19:40:02.225,4.6648,1.1990,61.6614,0.0285,0.1818,-0.0074,0.9829
2026-05-08T19:40:02.275,4.7379,1.1991,61.8520,0.0284,0.1638,-0.0072,0.9861
2026-05-08T19:40:02.324,4.8018,1.1993,62.0390,0.0281,0.1402,-0.0062,0.9897
2026-05-08T19:40:02.372,4.8500,1.1995,62.2058,0.0283,0.1135,-0.0054,0.9931
2026-05-08T19:40:02.422,4.8873,1.1996,62.3668,0.0281,0.0854,-0.0041,0.9959
2026-05-08T19:40:02.470,4.9143,1.1996,62.5230,0.0285,0.0561,-0.0033,0.9980
2026-05-08T19:40:02.518,4.9311,1.1994,62.6723,0.0300,0.0266,-0.0025,0.9992
2026-05-08T19:40:02.568,4.9382,1.1992,62.8091,0.0310,-0.0061,-0.0016,0.9995
2026-05-08T19:40:02.616,4.9365,1.1990,62.9351,0.0308,-0.0391,-0.0002,0.9988
2026-05-08T19:40:02.665,4.9298,1.1988,63.0167,0.0311,-0.0749,0.0019,0.9967
2026-05-08T19:40:02.714,4.9185,1.1985,63.0892,0.0317,-0.1124,0.0033,0.9931
2026-05-08T19:40:02.763,4.9020,1.1985,63.1602,0.0316,-0.1488,0.0045,0.9883
2026-05-08T19:40:02.813,4.8828,1.1984,63.2218,0.0316,-0.1859,0.0058,0.9820
2026-05-08T19:40:02.863,4.8684,1.1983,63.2584,0.0315,-0.2228,0.0076,0.9743
2026-05-08T19:40:02.913,4.8727,1.1981,63.2495,0.0321,-0.2610,0.0085,0.9648
2026-05-08T19:40:02.963,4.8928,1.1981,63.2150,0.0317,-0.2987,0.0096,0.9538
2026-05-08T19:40:03.013,4.9346,1.1979,63.1547,0.0314,-0.3339,0.0109,0.9420
2026-05-08T19:40:03.063,4.9868,1.1979,63.0904,0.0306,-0.3693,0.0124,0.9287
2026-05-08T19:40:03.111,5.0412,1.1979,63.0330,0.0309,-0.4030,0.0133,0.9146
2026-05-08T19:40:03.161,5.1014,1.1978,62.9780,0.0314,-0.4365,0.0144,0.8990
2026-05-08T19:40:03.210,5.1647,1.1976,62.9286,0.0309,-0.4685,0.0156,0.8828
2026-05-08T19:40:03.260,5.2312,1.1975,62.8836,0.0302,-0.5001,0.0169,0.8653
2026-05-08T19:40:03.312,5.3005,1.1975,62.8437,0.0297,-0.5315,0.0177,0.8464
2026-05-08T19:40:03.362,5.3788,1.1975,62.8058,0.0289,-0.5651,0.0189,0.8243
2026-05-08T19:40:03.411,5.4553,1.1973,62.7762,0.0290,-0.5953,0.0201,0.8027
2026-05-08T19:40:03.459,5.5330,1.1973,62.7527,0.0280,-0.6242,0.0214,0.7805
2026-05-08T19:40:03.508,5.6104,1.1972,62.7353,0.0271,-0.6518,0.0220,0.7576
2026-05-08T19:40:03.558,5.6874,1.1973,62.7239,0.0265,-0.6793,0.0230,0.7330
2026-05-08T19:40:03.608,5.7638,1.1974,62.7181,0.0258,-0.7060,0.0240,0.7073
2026-05-08T19:40:03.657,5.8395,1.1974,62.7180,0.0246,-0.7317,0.0250,0.6807
2026-05-08T19:40:03.708,5.9127,1.1974,62.7234,0.0239,-0.7563,0.0257,0.6533
2026-05-08T19:40:03.760,5.9862,1.1974,62.7342,0.0236,-0.7814,0.0270,0.6231
2026-05-08T19:40:03.809,6.0571,1.1973,62.7504,0.0229,-0.8052,0.0283,0.5919
2026-05-08T19:40:03.860,6.1180,1.1972,62.7695,0.0213,-0.8266,0.0289,0.5616
2026-05-08T19:40:03.909,6.1709,1.1972,62.7904,0.0204,-0.8474,0.0300,0.5297
2026-05-08T19:40:03.959,6.2140,1.1971,62.8114,0.0194,-0.8673,0.0308,0.4965
2026-05-08T19:40:04.010,6.2388,1.1970,62.8259,0.0188,-0.8862,0.0318,0.4618
2026-05-08T19:40:04.058,6.2462,1.1970,62.8311,0.0173,-0.9037,0.0326,0.4266
2026-05-08T19:40:04.111,6.2431,1.1970,62.8286,0.0158,-0.9192,0.0324,0.3921
2026-05-08T19:40:04.161,6.2357,1.1971,62.8214,0.0148,-0.9346,0.0333,0.3538
2026-05-08T19:40:04.212,6.2228,1.1971,62.8067,0.0135,-0.9476,0.0341,0.3173
2026-05-08T19:40:04.262,6.1979,1.1970,62.7734,0.0117,-0.9596,0.0340,0.2790
2026-05-08T19:40:04.311,6.1499,1.1972,62.6978,0.0103,-0.9692,0.0333,0.2437
2026-05-08T19:40:04.359,6.0899,1.1973,62.5861,0.0098,-0.9769,0.0343,0.2109
2026-05-08T19:40:04.410,6.0329,1.1973,62.4602,0.0091,-0.9829,0.0347,0.1808
2026-05-08T19:40:04.460,5.9750,1.1975,62.3080,0.0075,-0.9879,0.0335,0.1514
2026-05-08T19:40:04.508,5.9137,1.1976,62.1126,0.0071,-0.9909,0.0334,0.1305
2026-05-08T19:40:04.557,5.8564,1.1978,61.8990,0.0066,-0.9927,0.0332,0.1155
2026-05-08T19:40:04.606,5.8039,1.1980,61.6760,0.0062,-0.9943,0.0329,0.1011
2026-05-08T19:40:04.655,5.7586,1.1979,61.4561,0.0061,-0.9957,0.0325,0.0869
2026-05-08T19:40:04.706,5.7184,1.1981,61.2276,0.0056,-0.9967,0.0323,0.0749
2026-05-08T19:40:04.754,5.6815,1.1982,60.9837,0.0053,-0.9974,0.0321,0.0650
2026-05-08T19:40:04.804,5.6506,1.1985,60.7486,0.0053,-0.9974,0.0314,0.0651
2026-05-08T19:40:04.853,5.6182,1.1987,60.5029,0.0058,-0.9974,0.0296,0.0659
2026-05-08T19:40:04.902,5.5857,1.1988,60.2591,0.0052,-0.9973,0.0295,0.0665
2026-05-08T19:40:04.952,5.5537,1.1989,60.0212,0.0055,-0.9973,0.0299,0.0672
2026-05-08T19:40:05.001,5.5221,1.1990,59.7887,0.0051,-0.9981,0.0299,0.0540
2026-05-08T19:40:05.049,5.4974,1.1990,59.5618,0.0052,-0.9988,0.0298,0.0394
2026-05-08T19:40:05.098,5.4802,1.1990,59.3436,0.0047,-0.9993,0.0289,0.0247
2026-05-08T19:40:05.149,5.4697,1.1989,59.1272,0.0039,-0.9995,0.0298,0.0055
2026-05-08T19:40:05.197,5.4674,1.1988,58.9123,0.0032,-0.9994,0.0299,-0.0153
2026-05-08T19:40:05.245,5.4733,1.1986,58.7231,0.0023,-0.9988,0.0316,-0.0380
2026-05-08T19:40:05.293,5.4876,1.1984,58.5394,0.0009,-0.9975,0.0317,-0.0635
2026-05-08T19:40:05.342,5.5107,1.1982,58.3607,-0.0002,-0.9956,0.0322,-0.0885
2026-05-08T19:40:05.390,5.5428,1.1979,58.1836,-0.0014,-0.9928,0.0329,-0.1148
2026-05-08T19:40:05.439,5.5834,1.1977,58.0117,-0.0029,-0.9896,0.0333,-0.1399
2026-05-08T19:40:05.489,5.6301,1.1975,57.8507,-0.0038,-0.9855,0.0336,-0.1661
2026-05-08T19:40:05.538,5.6864,1.1973,57.6887,-0.0057,-0.9804,0.0338,-0.1941
2026-05-08T19:40:05.588,5.7485,1.1972,57.5384,-0.0061,-0.9759,0.0350,-0.2154
2026-05-08T19:40:05.638,5.7486,1.1969,57.5386,-0.0059,-0.9757,0.0359,-0.2159
2026-05-08T19:40:05.685,5.7473,1.1970,57.5417,-0.0068,-0.9758,0.0359,-0.2157
2026-05-08T19:40:05.735,5.7063,1.1970,57.6301,-0.0062,-0.9827,0.0357,-0.1818
2026-05-08T19:40:05.784,5.6657,1.1969,57.7368,-0.0050,-0.9883,0.0359,-0.1482
2026-05-08T19:40:05.833,5.6292,1.1969,57.8561,-0.0041,-0.9926,0.0363,-0.1158
2026-05-08T19:40:05.882,5.5941,1.1967,58.0045,-0.0020,-0.9957,0.0371,-0.0852
2026-05-08T19:40:05.932,5.5668,1.1966,58.1626,-0.0012,-0.9977,0.0372,-0.0568
2026-05-08T19:40:05.982,5.5454,1.1966,58.3502,0.0000,-0.9988,0.0376,-0.0304
2026-05-08T19:40:06.035,5.5327,1.1968,58.5563,0.0013,-0.9993,0.0373,-0.0093
2026-05-08T19:40:06.084,5.5284,1.1968,58.7879,0.0020,-0.9992,0.0377,0.0117
2026-05-08T19:40:06.136,5.5332,1.1968,59.0012,0.0024,-0.9988,0.0372,0.0310
2026-05-08T19:40:06.183,5.5468,1.1968,59.2212,0.0035,-0.9980,0.0375,0.0509
2026-05-08T19:40:06.232,5.5676,1.1969,59.4287,0.0050,-0.9968,0.0388,0.0703
2026-05-08T19:40:06.280,5.5959,1.1967,59.6296,0.0060,-0.9951,0.0387,0.0903
2026-05-08T19:40:06.331,5.6333,1.1966,59.8345,0.0067,-0.9930,0.0382,0.1116
2026-05-08T19:40:06.382,5.6800,1.1967,60.0398,0.0076,-0.9905,0.0380,0.1322
2026-05-08T19:40:06.433,5.7360,1.1966,60.2462,0.0083,-0.9874,0.0377,0.1534
2026-05-08T19:40:06.484,5.8007,1.1965,60.4493,0.0097,-0.9838,0.0380,0.1751
2026-05-08T19:40:06.534,5.8734,1.1965,60.6471,0.0105,-0.9793,0.0380,0.1985
2026-05-08T19:40:06.583,5.9489,1.1965,60.8260,0.0111,-0.9743,0.0371,0.2219
2026-05-08T19:40:06.633,6.0309,1.1967,60.9970,0.0121,-0.9684,0.0371,0.2465
2026-05-08T19:40:06.683,6.1168,1.1968,61.1549,0.0135,-0.9614,0.0366,0.2724
2026-05-08T19:40:06.733,6.2091,1.1968,61.3049,0.0142,-0.9532,0.0363,0.2997
2026-05-08T19:40:06.782,6.3057,1.1969,61.4435,0.0154,-0.9446,0.0357,0.3259
2026-05-08T19:40:06.833,6.4096,1.1969,61.5764,0.0171,-0.9349,0.0351,0.3528
2026-05-08T19:40:06.882,6.4897,1.1968,61.6672,0.0182,-0.9218,0.0353,0.3857
2026-05-08T19:40:06.933,6.4964,1.1969,61.6737,0.0190,-0.9064,0.0335,0.4207
2026-05-08T19:40:06.989,6.3509,1.1969,61.5504,0.0195,-0.8946,0.0328,0.4452
2026-05-08T19:40:07.040,6.1550,1.1970,61.4024,0.0199,-0.8852,0.0319,0.4637
2026-05-08T19:40:07.092,5.9604,1.1971,61.2680,0.0214,-0.8776,0.0306,0.4780
2026-05-08T19:40:07.141,5.7611,1.1971,61.1396,0.0214,-0.8709,0.0304,0.4900
2026-05-08T19:40:07.191,5.5569,1.1972,61.0157,0.0221,-0.8640,0.0288,0.5023
2026-05-08T19:40:07.242,5.3491,1.1974,60.8976,0.0226,-0.8577,0.0282,0.5129
2026-05-08T19:40:07.291,5.1319,1.1975,60.7810,0.0222,-0.8576,0.0282,0.5131
2026-05-08T19:40:07.340,4.9152,1.1977,60.6648,0.0213,-0.8578,0.0274,0.5129
2026-05-08T19:40:07.390,4.7084,1.1979,60.5539,0.0210,-0.8631,0.0270,0.5038
2026-05-08T19:40:07.440,4.5026,1.1980,60.4379,0.0206,-0.8702,0.0273,0.4916
2026-05-08T19:40:07.491,4.3094,1.1980,60.3217,0.0209,-0.8773,0.0277,0.4786
2026-05-08T19:40:07.541,4.1193,1.1982,60.1993,0.0195,-0.8860,0.0267,0.4624
2026-05-08T19:40:07.590,3.9534,1.1983,60.0836,0.0189,-0.8963,0.0269,0.4422
2026-05-08T19:40:07.640,3.8074,1.1985,59.9715,0.0179,-0.9074,0.0271,0.4190
2026-05-08T19:40:07.689,3.6768,1.1985,59.8600,0.0173,-0.9188,0.0275,0.3933
2026-05-08T19:40:07.738,3.5562,1.1986,59.7449,0.0160,-0.9296,0.0274,0.3673
2026-05-08T19:40:07.786,3.4422,1.1987,59.6230,0.0150,-0.9395,0.0273,0.3411
2026-05-08T19:40:07.835,3.3371,1.1988,59.4970,0.0141,-0.9487,0.0279,0.3147
2026-05-08T19:40:07.883,3.2285,1.1989,59.3511,0.0132,-0.9566,0.0283,0.2898
2026-05-08T19:40:07.933,3.1243,1.1990,59.1947,0.0121,-0.9629,0.0284,0.2679
2026-05-08T19:40:07.982,3.0108,1.1990,59.0064,0.0115,-0.9679,0.0292,0.2494
2026-05-08T19:40:08.031,2.9031,1.1988,58.8108,0.0113,-0.9716,0.0308,0.2342
2026-05-08T19:40:08.079,2.7930,1.1985,58.5950,0.0113,-0.9717,0.0316,0.2336
2026-05-08T19:40:08.127,2.6852,1.1983,58.3832,0.0108,-0.9716,0.0322,0.2341
2026-05-08T19:40:08.176,2.5738,1.1981,58.1646,0.0100,-0.9718,0.0332,0.2333
2026-05-08T19:40:08.224,2.4648,1.1978,57.9496,0.0097,-0.9719,0.0335,0.2326
2026-05-08T19:40:08.272,2.3560,1.1977,57.7345,0.0099,-0.9719,0.0342,0.2325
2026-05-08T19:40:08.322,2.2479,1.1976,57.5211,0.0094,-0.9719,0.0348,0.2327
2026-05-08T19:40:08.372,2.1355,1.1973,57.2993,0.0090,-0.9720,0.0350,0.2322
2026-05-08T19:40:08.420,2.0257,1.1972,57.0822,0.0091,-0.9739,0.0351,0.2242
2026-05-08T19:40:08.469,1.9314,1.1971,56.8878,0.0084,-0.9777,0.0357,0.2069
2026-05-08T19:40:08.517,1.8516,1.1970,56.7074,0.0072,-0.9819,0.0358,0.1860
2026-05-08T19:40:08.567,1.7845,1.1969,56.5367,0.0061,-0.9863,0.0359,0.1612
2026-05-08T19:40:08.616,1.7261,1.1969,56.3627,0.0056,-0.9902,0.0370,0.1348
2026-05-08T19:40:08.665,1.6783,1.1967,56.1900,0.0054,-0.9933,0.0384,0.1084
2026-05-08T19:40:08.712,1.6394,1.1966,56.0130,0.0038,-0.9959,0.0383,0.0819
2026-05-08T19:40:08.762,1.6113,1.1966,55.8428,0.0023,-0.9976,0.0382,0.0572
2026-05-08T19:40:08.812,1.5903,1.1966,55.6604,0.0014,-0.9988,0.0386,0.0307
2026-05-08T19:40:08.861,1.5777,1.1966,55.4555,0.0006,-0.9992,0.0387,0.0072
2026-05-08T19:40:08.909,1.5745,1.1965,55.2325,0.0003,-0.9992,0.0395,-0.0077
2026-05-08T19:40:08.958,1.5779,1.1965,55.0107,-0.0006,-0.9990,0.0392,-0.0224
2026-05-08T19:40:09.006,1.5879,1.1965,54.7861,-0.0009,-0.9985,0.0390,-0.0372
2026-05-08T19:40:09.054,1.6044,1.1966,54.5650,-0.0012,-0.9979,0.0391,-0.0522
2026-05-08T19:40:09.101,1.6271,1.1966,54.3485,-0.0017,-0.9970,0.0392,-0.0665
2026-05-08T19:40:09.149,1.6562,1.1966,54.1309,-0.0026,-0.9961,0.0390,-0.0796
2026-05-08T19:40:09.198,1.6944,1.1966,53.8933,-0.0021,-0.9961,0.0389,-0.0796
2026-05-08T19:40:09.248,1.7325,1.1966,53.6559,-0.0018,-0.9960,0.0395,-0.0803
2026-05-08T19:40:09.294,1.7713,1.1966,53.4165,-0.0014,-0.9968,0.0400,-0.0694
2026-05-08T19:40:09.343,1.8000,1.1966,53.2115,-0.0013,-0.9978,0.0400,-0.0529
2026-05-08T19:40:09.391,1.8217,1.1966,53.0081,-0.0006,-0.9987,0.0398,-0.0326
2026-05-08T19:40:09.440,1.8350,1.1965,52.8058,0.0004,-0.9991,0.0400,-0.0123
2026-05-08T19:40:09.490,1.8398,1.1964,52.6051,0.0019,-0.9992,0.0401,0.0092
2026-05-08T19:40:09.539,1.8361,1.1963,52.4060,0.0026,-0.9986,0.0402,0.0329
2026-05-08T19:40:09.587,1.8232,1.1963,52.2109,0.0036,-0.9976,0.0400,0.0568
2026-05-08T19:40:09.637,1.8015,1.1966,52.0207,0.0048,-0.9960,0.0397,0.0799
2026-05-08T19:40:09.687,1.7708,1.1966,51.8298,0.0058,-0.9938,0.0394,0.1035
2026-05-08T19:40:09.736,1.7304,1.1967,51.6376,0.0063,-0.9910,0.0389,0.1279
2026-05-08T19:40:09.783,1.6817,1.1969,51.4525,0.0069,-0.9877,0.0375,0.1519
2026-05-08T19:40:09.832,1.6185,1.1970,51.2525,0.0086,-0.9848,0.0380,0.1692
2026-05-08T19:40:09.880,1.5367,1.1970,51.0221,0.0094,-0.9848,0.0380,0.1691
2026-05-08T19:40:09.930,1.4699,1.1972,50.8334,0.0083,-0.9881,0.0374,0.1491
2026-05-08T19:40:09.977,1.4251,1.1973,50.6887,0.0071,-0.9922,0.0358,0.1195
2026-05-08T19:40:10.045,1.3956,1.1975,50.5682,0.0059,-0.9957,0.0327,0.0870
2026-05-08T19:40:10.098,1.3734,1.1977,50.4417,0.0046,-0.9989,0.0299,0.0363
2026-05-08T19:40:10.147,1.3679,1.1977,50.3662,0.0028,-0.9995,0.0305,-0.0023
2026-05-08T19:40:10.195,1.3678,1.1976,50.3082,0.0024,-0.9988,0.0318,-0.0368
2026-05-08T19:40:10.245,1.3714,1.1976,50.2569,0.0016,-0.9966,0.0323,-0.0752
2026-05-08T19:40:10.293,1.3774,1.1978,50.2162,0.0003,-0.9930,0.0317,-0.1138
2026-05-08T19:40:10.342,1.3855,1.1978,50.1808,-0.0004,-0.9880,0.0318,-0.1513
2026-05-08T19:40:10.390,1.3948,1.1977,50.1503,0.0000,-0.9816,0.0303,-0.1884
2026-05-08T19:40:10.440,1.3999,1.1979,50.1365,-0.0013,-0.9737,0.0302,-0.2258
2026-05-08T19:40:10.489,1.4012,1.1981,50.1339,-0.0021,-0.9641,0.0295,-0.2637
2026-05-08T19:40:10.537,1.3996,1.1982,50.1366,-0.0047,-0.9536,0.0289,-0.2997
2026-05-08T19:40:10.585,1.3980,1.1982,50.1390,-0.0061,-0.9418,0.0288,-0.3349
2026-05-08T19:40:10.632,1.4092,1.1982,50.1253,-0.0078,-0.9281,0.0287,-0.3712
2026-05-08T19:40:10.681,1.4378,1.1982,50.0954,-0.0092,-0.9138,0.0292,-0.4049
2026-05-08T19:40:10.727,1.5017,1.1980,50.0376,-0.0108,-0.8985,0.0298,-0.4378
2026-05-08T19:40:10.777,1.5807,1.1979,49.9759,-0.0124,-0.8837,0.0290,-0.4671
2026-05-08T19:40:10.824,1.6826,1.1977,49.9068,-0.0136,-0.8677,0.0292,-0.4961
2026-05-08T19:40:10.874,1.8023,1.1977,49.8366,-0.0151,-0.8519,0.0288,-0.5227
2026-05-08T19:40:10.924,1.9590,1.1976,49.7575,-0.0170,-0.8374,0.0285,-0.5456
2026-05-08T19:40:10.973,2.1558,1.1976,49.6709,-0.0177,-0.8257,0.0272,-0.5632
2026-05-08T19:40:11.021,2.3674,1.1974,49.5882,-0.0190,-0.8171,0.0274,-0.5755
2026-05-08T19:40:11.070,2.5743,1.1972,49.5144,-0.0199,-0.8085,0.0283,-0.5875
2026-05-08T19:40:11.118,2.7935,1.1970,49.4434,-0.0205,-0.8006,0.0290,-0.5981
2026-05-08T19:40:11.167,3.0148,1.1969,49.3781,-0.0212,-0.7942,0.0287,-0.6066
2026-05-08T19:40:11.216,3.2430,1.1967,49.3161,-0.0224,-0.7876,0.0288,-0.6152
2026-05-08T19:40:11.265,3.4680,1.1966,49.2600,-0.0227,-0.7802,0.0282,-0.6245
2026-05-08T19:40:11.317,3.7007,1.1965,49.2079,-0.0237,-0.7730,0.0292,-0.6333
2026-05-08T19:40:11.366,3.9407,1.1964,49.1597,-0.0237,-0.7657,0.0287,-0.6422
2026-05-08T19:40:11.416,4.1752,1.1964,49.1183,-0.0239,-0.7582,0.0280,-0.6510
2026-05-08T19:40:11.464,4.3978,1.1963,49.0842,-0.0244,-0.7470,0.0284,-0.6638
2026-05-08T19:40:11.514,4.5864,1.1963,49.0619,-0.0248,-0.7319,0.0280,-0.6804
2026-05-08T19:40:11.563,4.7353,1.1964,49.0511,-0.0253,-0.7096,0.0266,-0.7036
2026-05-08T19:40:11.611,4.8646,1.1963,49.0500,-0.0266,-0.6870,0.0254,-0.7257
2026-05-08T19:40:11.659,4.9742,1.1963,49.0560,-0.0277,-0.6613,0.0252,-0.7492
2026-05-08T19:40:11.708,5.0556,1.1964,49.0663,-0.0284,-0.6343,0.0249,-0.7721
2026-05-08T19:40:11.756,5.1347,1.1963,49.0821,-0.0300,-0.6054,0.0236,-0.7950
2026-05-08T19:40:11.806,5.2076,1.1964,49.1023,-0.0307,-0.5772,0.0219,-0.8157
2026-05-08T19:40:11.854,5.2833,1.1964,49.1292,-0.0315,-0.5462,0.0205,-0.8368
2026-05-08T19:40:11.903,5.3539,1.1963,49.1602,-0.0320,-0.5155,0.0191,-0.8561
2026-05-08T19:40:11.951,5.4284,1.1962,49.1997,-0.0330,-0.4841,0.0187,-0.8742
2026-05-08T19:40:11.999,5.5135,1.1962,49.2529,-0.0337,-0.4543,0.0170,-0.8900
2026-05-08T19:40:12.047,5.6148,1.1963,49.3261,-0.0342,-0.4254,0.0160,-0.9042
2026-05-08T19:40:12.095,5.7229,1.1964,49.4155,-0.0347,-0.3977,0.0153,-0.9167
2026-05-08T19:40:12.144,5.8409,1.1964,49.5257,-0.0352,-0.3719,0.0141,-0.9275
2026-05-08T19:40:12.193,5.9898,1.1964,49.6815,-0.0354,-0.3554,0.0134,-0.9339
2026-05-08T19:40:12.243,6.1515,1.1965,49.8629,-0.0352,-0.3554,0.0135,-0.9339
2026-05-08T19:40:12.291,6.3164,1.1963,50.0480,-0.0356,-0.3549,0.0145,-0.9341
2026-05-08T19:40:12.339,6.4757,1.1963,50.2273,-0.0365,-0.3549,0.0145,-0.9341
2026-05-08T19:40:12.387,6.6317,1.1962,50.4029,-0.0364,-0.3555,0.0144,-0.9338
2026-05-08T19:40:12.436,6.7920,1.1962,50.5830,-0.0364,-0.3555,0.0139,-0.9339
2026-05-08T19:40:12.485,6.9502,1.1962,50.7609,-0.0363,-0.3546,0.0142,-0.9342
2026-05-08T19:40:12.533,7.1122,1.1962,50.9437,-0.0363,-0.3544,0.0143,-0.9343
2026-05-08T19:40:12.582,7.2690,1.1962,51.1207,-0.0362,-0.3548,0.0142,-0.9341
2026-05-08T19:40:12.629,7.4330,1.1963,51.3054,-0.0356,-0.3551,0.0134,-0.9340
2026-05-08T19:40:12.680,7.5877,1.1965,51.4797,-0.0354,-0.3550,0.0136,-0.9341
2026-05-08T19:40:12.732,7.7455,1.1967,51.6573,-0.0355,-0.3433,0.0134,-0.9385
2026-05-08T19:40:12.780,7.9008,1.1969,51.8411,-0.0350,-0.3287,0.0127,-0.9437
2026-05-08T19:40:12.827,8.0327,1.1970,52.0072,-0.0341,-0.3122,0.0120,-0.9493
2026-05-08T19:40:12.876,8.1569,1.1972,52.1753,-0.0351,-0.2951,0.0126,-0.9547
2026-05-08T19:40:12.923,8.2760,1.1972,52.3494,-0.0350,-0.2771,0.0120,-0.9601
2026-05-08T19:40:12.972,8.3869,1.1973,52.5254,-0.0342,-0.2603,0.0110,-0.9649
2026-05-08T19:40:13.020,8.4984,1.1973,52.7169,-0.0336,-0.2459,0.0100,-0.9687
2026-05-08T19:40:13.070,8.6070,1.1975,52.9169,-0.0335,-0.2336,0.0097,-0.9717
2026-05-08T19:40:13.119,8.7177,1.1976,53.1336,-0.0330,-0.2237,0.0098,-0.9740
2026-05-08T19:40:13.170,8.8206,1.1976,53.3453,-0.0325,-0.2238,0.0103,-0.9740
2026-05-08T19:40:13.220,8.9317,1.1977,53.5738,-0.0314,-0.2245,0.0101,-0.9739
2026-05-08T19:40:13.268,9.0387,1.1979,53.7931,-0.0316,-0.2245,0.0106,-0.9739
2026-05-08T19:40:13.317,9.1389,1.1980,53.9986,-0.0316,-0.2136,0.0105,-0.9764
2026-05-08T19:40:13.366,9.2348,1.1981,54.2075,-0.0315,-0.2011,0.0099,-0.9790
2026-05-08T19:40:13.415,9.3256,1.1982,54.4193,-0.0305,-0.1882,0.0092,-0.9816
2026-05-08T19:40:13.462,9.4104,1.1983,54.6320,-0.0316,-0.1746,0.0091,-0.9841
2026-05-08T19:40:13.511,9.4862,1.1982,54.8390,-0.0323,-0.1609,0.0087,-0.9864
2026-05-08T19:40:13.560,9.5584,1.1981,55.0547,-0.0331,-0.1468,0.0082,-0.9886
2026-05-08T19:40:13.611,9.6244,1.1979,55.2730,-0.0332,-0.1328,0.0071,-0.9906
2026-05-08T19:40:13.658,9.6870,1.1977,55.5030,-0.0342,-0.1174,0.0064,-0.9925
2026-05-08T19:40:13.706,9.7370,1.1976,55.7130,-0.0349,-0.1039,0.0059,-0.9940
2026-05-08T19:40:13.753,9.7830,1.1974,55.9321,-0.0355,-0.0901,0.0050,-0.9953
2026-05-08T19:40:13.802,9.8228,1.1972,56.1524,-0.0359,-0.0766,0.0036,-0.9964
2026-05-08T19:40:13.851,9.8574,1.1971,56.3772,-0.0358,-0.0651,0.0029,-0.9972
2026-05-08T19:40:13.900,9.8892,1.1970,56.6226,-0.0368,-0.0650,0.0029,-0.9972
2026-05-08T19:40:13.948,9.9201,1.1969,56.8607,-0.0364,-0.0650,0.0023,-0.9972
2026-05-08T19:40:13.997,9.9518,1.1968,57.1040,-0.0367,-0.0650,0.0019,-0.9972
2026-05-08T19:40:14.045,9.9826,1.1966,57.3398,-0.0373,-0.0649,0.0020,-0.9972
2026-05-08T19:40:14.096,10.0145,1.1965,57.5845,-0.0381,-0.0646,0.0025,-0.9972
2026-05-08T19:40:14.146,10.0474,1.1963,57.8381,-0.0388,-0.0645,0.0022,-0.9972
2026-05-08T19:40:14.193,10.0789,1.1963,58.0815,-0.0381,-0.0645,0.0019,-0.9972
2026-05-08T19:40:14.241,10.1098,1.1963,58.3192,-0.0381,-0.0644,0.0017,-0.9972
2026-05-08T19:40:14.291,10.1405,1.1963,58.5558,-0.0382,-0.0638,0.0015,-0.9972
2026-05-08T19:40:14.341,10.1722,1.1963,58.8012,-0.0383,-0.0642,0.0022,-0.9972
2026-05-08T19:40:14.390,10.2042,1.1963,59.0479,-0.0382,-0.0644,0.0022,-0.9972
2026-05-08T19:40:14.440,10.2359,1.1963,59.2908,-0.0382,-0.0642,0.0023,-0.9972
2026-05-08T19:40:14.489,10.2675,1.1963,59.5342,-0.0391,-0.0637,0.0026,-0.9972
2026-05-08T19:40:14.542,10.2987,1.1963,59.7771,-0.0403,-0.0719,0.0027,-0.9966
2026-05-08T19:40:14.591,10.3356,1.1963,60.0317,-0.0388,-0.0808,0.0029,-0.9960
2026-05-08T19:40:14.641,10.3738,1.1964,60.2647,-0.0391,-0.0885,0.0036,-0.9953
2026-05-08T19:40:14.689,10.4176,1.1963,60.5094,-0.0399,-0.0962,0.0044,-0.9946
2026-05-08T19:40:14.739,10.4625,1.1963,60.7398,-0.0400,-0.1044,0.0045,-0.9937
2026-05-08T19:40:14.786,10.5130,1.1962,60.9778,-0.0398,-0.1046,0.0043,-0.9937
2026-05-08T19:40:14.835,10.5624,1.1963,61.2104,-0.0398,-0.1044,0.0040,-0.9937
2026-05-08T19:40:14.884,10.6106,1.1963,61.4381,-0.0395,-0.0935,0.0033,-0.9948
2026-05-08T19:40:14.932,10.6520,1.1962,61.6573,-0.0401,-0.0795,0.0031,-0.9960
2026-05-08T19:40:14.983,10.6874,1.1963,61.8778,-0.0401,-0.0636,0.0021,-0.9972
2026-05-08T19:40:15.031,10.7158,1.1964,62.1002,-0.0400,-0.0461,0.0011,-0.9981
2026-05-08T19:40:15.081,10.7360,1.1965,62.3190,-0.0398,-0.0283,0.0005,-0.9988
2026-05-08T19:40:15.128,10.7486,1.1967,62.5385,-0.0401,-0.0116,0.0001,-0.9991
2026-05-08T19:40:15.179,10.7537,1.1967,62.7536,-0.0393,0.0042,-0.0009,-0.9992
2026-05-08T19:40:15.227,10.7520,1.1968,62.9835,-0.0395,0.0204,-0.0009,-0.9990
2026-05-08T19:40:15.277,10.7427,1.1968,63.2120,-0.0401,0.0330,-0.0010,-0.9986
2026-05-08T19:40:15.327,10.7262,1.1967,63.4602,-0.0402,0.0331,-0.0017,-0.9986
2026-05-08T19:40:15.378,10.7101,1.1967,63.7029,-0.0399,0.0326,-0.0019,-0.9987
2026-05-08T19:40:15.427,10.6935,1.1966,63.9564,-0.0395,0.0331,-0.0019,-0.9987
2026-05-08T19:40:15.474,10.6774,1.1966,64.2007,-0.0395,0.0335,-0.0016,-0.9987
2026-05-08T19:40:15.523,10.6620,1.1967,64.4315,-0.0395,0.0407,-0.0016,-0.9984
2026-05-08T19:40:15.571,10.6434,1.1968,64.6612,-0.0385,0.0518,-0.0020,-0.9979
2026-05-08T19:40:15.619,10.6200,1.1969,64.8882,-0.0383,0.0649,-0.0020,-0.9972
2026-05-08T19:40:15.668,10.5916,1.1971,65.1064,-0.0376,0.0791,-0.0019,-0.9962
2026-05-08T19:40:15.716,10.5565,1.1972,65.3262,-0.0372,0.0948,-0.0028,-0.9948
2026-05-08T19:40:15.766,10.5179,1.1972,65.5269,-0.0361,0.1136,-0.0028,-0.9929
2026-05-08T19:40:15.815,10.4723,1.1972,65.7243,-0.0361,0.1370,-0.0034,-0.9899
2026-05-08T19:40:15.862,10.4210,1.1972,65.9067,-0.0358,0.1608,-0.0034,-0.9863
2026-05-08T19:40:15.915,10.3643,1.1973,66.0764,-0.0351,0.1849,-0.0047,-0.9821
2026-05-08T19:40:15.971,10.2930,1.1974,66.2590,-0.0345,0.2115,-0.0054,-0.9768
2026-05-08T19:40:16.022,10.2066,1.1975,66.4497,-0.0342,0.2405,-0.0063,-0.9700
2026-05-08T19:40:16.071,10.1193,1.1977,66.6153,-0.0339,0.2655,-0.0067,-0.9635
2026-05-08T19:40:16.123,10.0233,1.1976,66.7763,-0.0333,0.2900,-0.0075,-0.9564
2026-05-08T19:40:16.174,9.9169,1.1978,66.9357,-0.0326,0.3153,-0.0081,-0.9484
2026-05-08T19:40:16.223,9.8013,1.1978,67.0904,-0.0328,0.3403,-0.0088,-0.9397
2026-05-08T19:40:16.273,9.6824,1.1980,67.2330,-0.0325,0.3640,-0.0102,-0.9308
2026-05-08T19:40:16.323,9.5548,1.1981,67.3711,-0.0317,0.3878,-0.0112,-0.9211
2026-05-08T19:40:16.372,9.4179,1.1979,67.5048,-0.0323,0.4120,-0.0126,-0.9105
2026-05-08T19:40:16.423,9.2791,1.1977,67.6267,-0.0328,0.4349,-0.0137,-0.8998
2026-05-08T19:40:16.472,9.1263,1.1975,67.7475,-0.0327,0.4574,-0.0153,-0.8885
2026-05-08T19:40:16.523,8.9639,1.1974,67.8632,-0.0323,0.4783,-0.0163,-0.8774
2026-05-08T19:40:16.572,8.7954,1.1972,67.9713,-0.0320,0.4988,-0.0174,-0.8659
2026-05-08T19:40:16.622,8.6212,1.1971,68.0720,-0.0319,0.5193,-0.0192,-0.8538
2026-05-08T19:40:16.675,8.4424,1.1970,68.1644,-0.0315,0.5383,-0.0201,-0.8419
2026-05-08T19:40:16.725,8.2493,1.1968,68.2534,-0.0308,0.5584,-0.0213,-0.8287
2026-05-08T19:40:16.777,8.0545,1.1967,68.3322,-0.0310,0.5768,-0.0222,-0.8160
2026-05-08T19:40:16.825,7.8280,1.1966,68.4121,-0.0309,0.5899,-0.0229,-0.8065
2026-05-08T19:40:16.877,7.6108,1.1964,68.4809,-0.0307,0.6003,-0.0246,-0.7988
2026-05-08T19:40:16.927,7.3673,1.1964,68.5515,-0.0307,0.6001,-0.0238,-0.7990
2026-05-08T19:40:16.977,7.1303,1.1963,68.6204,-0.0318,0.6003,-0.0240,-0.7988
2026-05-08T19:40:17.028,6.8897,1.1961,68.6900,-0.0324,0.6006,-0.0244,-0.7985
2026-05-08T19:40:17.078,6.6469,1.1961,68.7599,-0.0317,0.6005,-0.0244,-0.7986
2026-05-08T19:40:17.127,6.4136,1.1960,68.8271,-0.0312,0.6072,-0.0250,-0.7935
2026-05-08T19:40:17.178,6.1855,1.1960,68.8888,-0.0305,0.6167,-0.0256,-0.7862
2026-05-08T19:40:17.225,5.9545,1.1960,68.9455,-0.0307,0.6261,-0.0258,-0.7787
2026-05-08T19:40:17.275,5.7348,1.1959,68.9938,-0.0303,0.6352,-0.0264,-0.7713
2026-05-08T19:40:17.324,5.5077,1.1959,69.0382,-0.0296,0.6457,-0.0268,-0.7626
2026-05-08T19:40:17.375,5.2807,1.1961,69.0762,-0.0295,0.6571,-0.0269,-0.7527
2026-05-08T19:40:17.423,5.0485,1.1962,69.1080,-0.0293,0.6683,-0.0271,-0.7429
2026-05-08T19:40:17.474,4.8277,1.1964,69.1316,-0.0283,0.6788,-0.0277,-0.7332
2026-05-08T19:40:17.524,4.5949,1.1964,69.1496,-0.0283,0.6903,-0.0280,-0.7225
2026-05-08T19:40:17.574,4.3642,1.1964,69.1602,-0.0284,0.7015,-0.0284,-0.7116
2026-05-08T19:40:17.625,4.1179,1.1964,69.1639,-0.0291,0.7014,-0.0291,-0.7116
2026-05-08T19:40:17.676,3.8633,1.1963,69.1676,-0.0286,0.7014,-0.0290,-0.7116
2026-05-08T19:40:17.724,3.6117,1.1963,69.1712,-0.0286,0.7014,-0.0291,-0.7116
2026-05-08T19:40:17.774,3.3678,1.1962,69.1748,-0.0287,0.7018,-0.0289,-0.7112
2026-05-08T19:40:17.826,3.1282,1.1961,69.1780,-0.0290,0.7078,-0.0294,-0.7052
2026-05-08T19:40:17.876,2.8860,1.1961,69.1770,-0.0280,0.7176,-0.0298,-0.6953
2026-05-08T19:40:17.925,2.6532,1.1961,69.1697,-0.0278,0.7280,-0.0301,-0.6844
2026-05-08T19:40:17.976,2.4301,1.1963,69.1558,-0.0273,0.7380,-0.0301,-0.6736
2026-05-08T19:40:18.026,2.2008,1.1964,69.1348,-0.0267,0.7503,-0.0310,-0.6598
2026-05-08T19:40:18.077,1.9850,1.1964,69.1069,-0.0255,0.7621,-0.0312,-0.6462
2026-05-08T19:40:18.125,1.7659,1.1963,69.0706,-0.0257,0.7744,-0.0317,-0.6314
2026-05-08T19:40:18.177,1.5551,1.1963,69.0272,-0.0256,0.7863,-0.0324,-0.6165
2026-05-08T19:40:18.227,1.3360,1.1963,68.9733,-0.0247,0.7980,-0.0332,-0.6012
2026-05-08T19:40:18.279,1.1231,1.1963,68.9120,-0.0234,0.8094,-0.0340,-0.5859
2026-05-08T19:40:18.330,0.9080,1.1962,68.8412,-0.0227,0.8208,-0.0344,-0.5698
2026-05-08T19:40:18.381,0.7030,1.1961,68.7647,-0.0223,0.8315,-0.0346,-0.5539
2026-05-08T19:40:18.431,0.4935,1.1961,68.6774,-0.0220,0.8425,-0.0348,-0.5370
2026-05-08T19:40:18.481,0.2985,1.1961,68.5867,-0.0208,0.8533,-0.0351,-0.5199
2026-05-08T19:40:18.530,0.1183,1.1963,68.4939,-0.0202,0.8642,-0.0346,-0.5015
2026-05-08T19:40:18.580,-0.0479,1.1966,68.3990,-0.0186,0.8760,-0.0340,-0.4808
2026-05-08T19:40:18.631,-0.2073,1.1970,68.2979,-0.0159,0.8880,-0.0302,-0.4585
2026-05-08T19:40:18.681,-0.3563,1.1973,68.1923,-0.0144,0.9005,-0.0294,-0.4336
2026-05-08T19:40:18.733,-0.4911,1.1972,68.0853,-0.0144,0.9122,-0.0305,-0.4084
2026-05-08T19:40:18.781,-0.6217,1.1971,67.9688,-0.0144,0.9239,-0.0322,-0.3810
2026-05-08T19:40:18.832,-0.7409,1.1972,67.8488,-0.0135,0.9342,-0.0325,-0.3550
2026-05-08T19:40:18.881,-0.8557,1.1973,67.7193,-0.0114,0.9441,-0.0316,-0.3279
2026-05-08T19:40:18.930,-0.9583,1.1973,67.5893,-0.0104,0.9530,-0.0320,-0.3012
2026-05-08T19:40:18.982,-1.0549,1.1974,67.4518,-0.0098,0.9612,-0.0323,-0.2736
2026-05-08T19:40:19.031,-1.1459,1.1974,67.3052,-0.0094,0.9688,-0.0324,-0.2455
2026-05-08T19:40:19.081,-1.2248,1.1975,67.1599,-0.0080,0.9754,-0.0320,-0.2178
2026-05-08T19:40:19.128,-1.2964,1.1976,67.0080,-0.0075,0.9812,-0.0321,-0.1900
2026-05-08T19:40:19.176,-1.3562,1.1978,66.8597,-0.0068,0.9861,-0.0319,-0.1632
2026-05-08T19:40:19.225,-1.4082,1.1979,66.7067,-0.0058,0.9902,-0.0322,-0.1357
2026-05-08T19:40:19.275,-1.4538,1.1979,66.5440,-0.0047,0.9937,-0.0321,-0.1077
2026-05-08T19:40:19.322,-1.4956,1.1980,66.3535,-0.0038,0.9959,-0.0324,-0.0844
2026-05-08T19:40:19.372,-1.5329,1.1980,66.1347,-0.0032,0.9970,-0.0335,-0.0696
2026-05-08T19:40:19.420,-1.5654,1.1978,65.9018,-0.0030,0.9978,-0.0343,-0.0575
2026-05-08T19:40:19.469,-1.5926,1.1976,65.6659,-0.0023,0.9982,-0.0344,-0.0498
2026-05-08T19:40:19.517,-1.6163,1.1974,65.4270,-0.0018,0.9981,-0.0350,-0.0497
2026-05-08T19:40:19.564,-1.6396,1.1973,65.1919,-0.0017,0.9982,-0.0357,-0.0490
2026-05-08T19:40:19.614,-1.6622,1.1972,64.9600,-0.0019,0.9982,-0.0359,-0.0489
2026-05-08T19:40:19.665,-1.6861,1.1970,64.7152,-0.0014,0.9982,-0.0365,-0.0483
2026-05-08T19:40:19.713,-1.7102,1.1969,64.4643,-0.0008,0.9981,-0.0368,-0.0486
2026-05-08T19:40:19.762,-1.7335,1.1968,64.2236,-0.0009,0.9981,-0.0372,-0.0488
2026-05-08T19:40:19.810,-1.7570,1.1968,63.9828,-0.0009,0.9981,-0.0373,-0.0487
2026-05-08T19:40:19.859,-1.7804,1.1967,63.7413,-0.0003,0.9981,-0.0373,-0.0486
2026-05-08T19:40:19.909,-1.8042,1.1968,63.4985,-0.0004,0.9981,-0.0371,-0.0487
2026-05-08T19:40:19.958,-1.8284,1.1967,63.2516,-0.0005,0.9981,-0.0379,-0.0482
2026-05-08T19:40:20.008,-1.8524,1.1965,63.0041,-0.0012,0.9981,-0.0384,-0.0477
2026-05-08T19:40:20.055,-1.8760,1.1966,62.7570,-0.0004,0.9981,-0.0386,-0.0480
2026-05-08T19:40:20.107,-1.8983,1.1965,62.5248,0.0001,0.9981,-0.0383,-0.0481
2026-05-08T19:40:20.155,-1.9229,1.1964,62.2704,0.0003,0.9981,-0.0385,-0.0477
2026-05-08T19:40:20.203,-1.9460,1.1963,62.0285,-0.0003,0.9981,-0.0387,-0.0472
2026-05-08T19:40:20.251,-1.9684,1.1962,61.7918,-0.0005,0.9981,-0.0393,-0.0475
2026-05-08T19:40:20.299,-1.9902,1.1961,61.5636,0.0003,0.9986,-0.0390,-0.0369
2026-05-08T19:40:20.349,-2.0066,1.1961,61.3426,0.0004,0.9990,-0.0389,-0.0237
2026-05-08T19:40:20.399,-2.0178,1.1961,61.1084,0.0008,0.9992,-0.0391,-0.0086
2026-05-08T19:40:20.447,-2.0216,1.1963,60.8812,0.0018,0.9992,-0.0388,0.0061
2026-05-08T19:40:20.496,-2.0188,1.1964,60.6534,0.0031,0.9991,-0.0378,0.0208
2026-05-08T19:40:20.547,-2.0097,1.1964,60.4310,0.0028,0.9986,-0.0386,0.0351
2026-05-08T19:40:20.598,-1.9930,1.1964,60.1934,0.0032,0.9979,-0.0389,0.0509
2026-05-08T19:40:20.648,-1.9692,1.1965,59.9604,0.0042,0.9971,-0.0389,0.0656
2026-05-08T19:40:20.695,-1.9389,1.1965,59.7312,0.0051,0.9960,-0.0386,0.0802
2026-05-08T19:40:20.743,-1.9041,1.1964,59.5162,0.0057,0.9948,-0.0387,0.0942
2026-05-08T19:40:20.792,-1.8613,1.1964,59.2916,0.0059,0.9935,-0.0387,0.1069
2026-05-08T19:40:20.842,-1.8105,1.1963,59.0578,0.0059,0.9926,-0.0390,0.1147
2026-05-08T19:40:20.889,-1.7543,1.1962,58.8180,0.0064,0.9926,-0.0388,0.1145
2026-05-08T19:40:20.940,-1.7009,1.1963,58.5890,0.0061,0.9927,-0.0384,0.1142
2026-05-08T19:40:20.989,-1.6449,1.1965,58.3486,0.0058,0.9927,-0.0387,0.1142
2026-05-08T19:40:21.047,-1.5894,1.1965,58.1103,0.0058,0.9927,-0.0385,0.1140
2026-05-08T19:40:21.097,-1.5240,1.1966,57.8288,0.0062,0.9928,-0.0376,0.1139
2026-05-08T19:40:21.145,-1.4680,1.1966,57.5875,0.0056,0.9927,-0.0380,0.1140
2026-05-08T19:40:21.194,-1.4146,1.1966,57.3572,0.0052,0.9927,-0.0383,0.1140
2026-05-08T19:40:21.242,-1.3600,1.1968,57.1227,0.0056,0.9928,-0.0381,0.1137
2026-05-08T19:40:21.290,-1.3064,1.1968,56.8915,0.0053,0.9929,-0.0370,0.1129
2026-05-08T19:40:21.338,-1.2526,1.1968,56.6577,0.0053,0.9929,-0.0367,0.1132
2026-05-08T19:40:21.387,-1.1999,1.1971,56.4291,0.0046,0.9929,-0.0361,0.1130
2026-05-08T19:40:21.436,-1.1453,1.1971,56.1911,0.0037,0.9930,-0.0363,0.1123
2026-05-08T19:40:21.488,-1.0908,1.1973,55.9531,0.0043,0.9930,-0.0350,0.1124
2026-05-08T19:40:21.537,-1.0330,1.1976,55.7002,0.0032,0.9931,-0.0347,0.1119
2026-05-08T19:40:21.587,-0.9815,1.1978,55.4738,0.0028,0.9944,-0.0347,0.0996
2026-05-08T19:40:21.637,-0.9380,1.1980,55.2571,0.0023,0.9962,-0.0336,0.0808
2026-05-08T19:40:21.685,-0.9046,1.1980,55.0517,0.0012,0.9977,-0.0331,0.0595
2026-05-08T19:40:21.736,-0.8812,1.1981,54.8537,0.0001,0.9988,-0.0333,0.0372
2026-05-08T19:40:21.786,-0.8665,1.1980,54.6546,-0.0010,0.9993,-0.0336,0.0138
2026-05-08T19:40:21.837,-0.8613,1.1981,54.4613,-0.0021,0.9994,-0.0328,-0.0128
2026-05-08T19:40:21.885,-0.8656,1.1982,54.2910,-0.0029,0.9986,-0.0313,-0.0432
2026-05-08T19:40:21.936,-0.8782,1.1982,54.1454,-0.0037,0.9969,-0.0319,-0.0725
2026-05-08T19:40:21.986,-0.8972,1.1984,54.0161,-0.0052,0.9938,-0.0317,-0.1060
2026-05-08T19:40:22.036,-0.9177,1.1984,53.9207,-0.0061,0.9891,-0.0316,-0.1436
2026-05-08T19:40:22.086,-0.9349,1.1984,53.8621,-0.0067,0.9832,-0.0313,-0.1799
2026-05-08T19:40:22.136,-0.9396,1.1984,53.8491,-0.0081,0.9752,-0.0314,-0.2188
2026-05-08T19:40:22.185,-0.9363,1.1984,53.8557,-0.0091,0.9662,-0.0317,-0.2557
2026-05-08T19:40:22.236,-0.9149,1.1983,53.8925,-0.0098,0.9554,-0.0315,-0.2935
2026-05-08T19:40:22.285,-0.8893,1.1982,53.9297,-0.0106,0.9435,-0.0318,-0.3297
2026-05-08T19:40:22.336,-0.8611,1.1980,53.9647,-0.0118,0.9304,-0.0330,-0.3650
2026-05-08T19:40:22.386,-0.8296,1.1978,53.9981,-0.0135,0.9155,-0.0326,-0.4007
2026-05-08T19:40:22.438,-0.7958,1.1977,54.0289,-0.0140,0.8992,-0.0324,-0.4361
2026-05-08T19:40:22.488,-0.7650,1.1975,54.0527,-0.0149,0.8812,-0.0327,-0.4713
2026-05-08T19:40:22.539,-0.7538,1.1973,54.0599,-0.0163,0.8622,-0.0331,-0.5053
2026-05-08T19:40:22.588,-0.7599,1.1972,54.0562,-0.0182,0.8415,-0.0327,-0.5389
2026-05-08T19:40:22.641,-0.7899,1.1970,54.0421,-0.0190,0.8199,-0.0323,-0.5713
2026-05-08T19:40:22.692,-0.8342,1.1968,54.0256,-0.0205,0.7960,-0.0320,-0.6041
2026-05-08T19:40:22.742,-0.8915,1.1968,54.0096,-0.0227,0.7723,-0.0315,-0.6341
2026-05-08T19:40:22.791,-0.9840,1.1967,53.9912,-0.0237,0.7488,-0.0306,-0.6617
2026-05-08T19:40:22.843,-1.1187,1.1968,53.9745,-0.0242,0.7267,-0.0297,-0.6859
2026-05-08T19:40:22.903,-1.2714,1.1967,53.9660,-0.0258,0.7041,-0.0290,-0.7090
2026-05-08T19:40:22.953,-1.4565,1.1966,53.9674,-0.0283,0.6835,-0.0288,-0.7288
2026-05-08T19:40:23.001,-1.6833,1.1965,53.9821,-0.0290,0.6626,-0.0280,-0.7479
2026-05-08T19:40:23.050,-1.8910,1.1965,54.0075,-0.0290,0.6479,-0.0272,-0.7607
2026-05-08T19:40:23.097,-2.1168,1.1964,54.0437,-0.0295,0.6385,-0.0269,-0.7686
2026-05-08T19:40:23.147,-2.3456,1.1964,54.0866,-0.0298,0.6328,-0.0269,-0.7733
2026-05-08T19:40:23.195,-2.5802,1.1964,54.1341,-0.0306,0.6265,-0.0263,-0.7784
2026-05-08T19:40:23.244,-2.6197,1.1964,54.1801,-0.0308,0.6124,-0.0257,-0.7895
2026-05-08T19:40:23.292,-2.6194,1.1965,54.2155,-0.0317,0.5869,-0.0244,-0.8087
2026-05-08T19:40:23.343,-2.6195,1.1967,54.2396,-0.0328,0.5579,-0.0229,-0.8289
2026-05-08T19:40:23.393,-2.6215,1.1968,54.2477,-0.0334,0.5243,-0.0216,-0.8506
2026-05-08T19:40:23.442,-2.5458,1.1969,54.2098,-0.0337,0.4919,-0.0199,-0.8698
2026-05-08T19:40:23.489,-2.4210,1.1968,54.1349,-0.0363,0.4645,-0.0183,-0.8846
2026-05-08T19:40:23.538,-2.2689,1.1967,54.0301,-0.0375,0.4442,-0.0176,-0.8950
2026-05-08T19:40:23.585,-2.0994,1.1967,53.9014,-0.0369,0.4277,-0.0175,-0.9030
2026-05-08T19:40:23.634,-1.9282,1.1968,53.7611,-0.0366,0.4150,-0.0176,-0.9089
2026-05-08T19:40:23.683,-1.7496,1.1968,53.6059,-0.0364,0.4153,-0.0178,-0.9088
2026-05-08T19:40:23.730,-1.5636,1.1968,53.4446,-0.0364,0.4162,-0.0179,-0.9084
2026-05-08T19:40:23.778,-1.3856,1.1968,53.2911,-0.0370,0.4161,-0.0180,-0.9084
2026-05-08T19:40:23.827,-1.2010,1.1969,53.1319,-0.0364,0.4153,-0.0180,-0.9088
2026-05-08T19:40:23.874,-1.0188,1.1969,52.9743,-0.0363,0.4146,-0.0175,-0.9091
2026-05-08T19:40:23.921,-0.8400,1.1971,52.8190,-0.0365,0.4144,-0.0169,-0.9092
2026-05-08T19:40:23.971,-0.7897,1.1972,52.7752,-0.0360,0.4145,-0.0173,-0.9092
2026-05-08T19:40:24.020,-0.7896,1.1976,52.7752,-0.0343,0.4140,-0.0167,-0.9095
2026-05-08T19:40:24.069,-0.7893,1.1979,52.7753,-0.0334,0.4136,-0.0163,-0.9097
2026-05-08T19:40:24.117,-0.7889,1.1979,52.7752,-0.0346,0.4138,-0.0161,-0.9096
2026-05-08T19:40:24.165,-0.7887,1.1978,52.7752,-0.0343,0.4135,-0.0159,-0.9097
2026-05-08T19:40:24.214,-0.7881,1.1981,52.7756,-0.0318,0.4110,-0.0142,-0.9110
2026-05-08T19:40:24.263,-0.7871,1.1990,52.7765,-0.0263,0.4049,-0.0105,-0.9139
2026-05-08T19:40:24.311,-0.7835,1.2014,52.7799,-0.0152,0.3873,-0.0065,-0.9218
2026-05-08T19:40:24.357,-0.7793,1.2021,52.7823,-0.0114,0.3644,-0.0006,-0.9312
2026-05-08T19:40:24.405,-0.7748,1.2038,52.7850,-0.0089,0.3363,-0.0003,-0.9417
2026-05-08T19:40:24.451,-0.7671,1.2042,52.7885,0.0000,0.2948,0.0040,-0.9556
2026-05-08T19:40:24.498,-0.7622,1.2058,52.7914,0.0021,0.2675,0.0028,-0.9635
2026-05-08T19:40:24.546,-0.7556,1.2070,52.7930,0.0021,0.2318,0.0014,-0.9728
2026-05-08T19:40:24.593,-0.7480,1.2094,52.7956,0.0058,0.1910,0.0052,-0.9816
2026-05-08T19:40:24.642,-0.7402,1.2096,52.7977,0.0083,0.1513,0.0074,-0.9884
2026-05-08T19:40:24.694,-0.7291,1.2103,52.7998,0.0105,0.0971,0.0131,-0.9951
2026-05-08T19:40:24.742,-0.7195,1.2125,52.8002,0.0095,0.0450,0.0142,-0.9988
2026-05-08T19:40:24.790,-0.7127,1.2130,52.8004,0.0111,0.0081,0.0202,-0.9997
2026-05-08T19:40:24.837,-0.7018,1.2123,52.8002,0.0086,-0.0275,0.0285,-0.9992
2026-05-08T19:40:24.884,-0.6954,1.2114,52.7999,0.0013,-0.0520,0.0379,-0.9979
2026-05-08T19:40:24.930,-0.6902,1.2103,52.7992,-0.0065,-0.0707,0.0446,-0.9965
2026-05-08T19:40:24.977,-0.6841,1.2091,52.7981,-0.0080,-0.0955,0.0536,-0.9940
2026-05-08T19:40:25.024,-0.6813,1.2097,52.7976,-0.0077,-0.1053,0.0553,-0.9929
2026-05-08T19:40:25.072,-0.6782,1.2083,52.7961,-0.0095,-0.1180,0.0591,-0.9912
2026-05-08T19:40:25.124,-0.6741,1.2077,52.7953,-0.0110,-0.1318,0.0594,-0.9894
2026-05-08T19:40:25.177,-0.6713,1.2075,52.7938,-0.0074,-0.1439,0.0555,-0.9880
2026-05-08T19:40:25.225,-0.6688,1.2077,52.7926,-0.0090,-0.1519,0.0559,-0.9868
2026-05-08T19:40:25.272,-0.6657,1.2073,52.7901,-0.0097,-0.1601,0.0566,-0.9854
2026-05-08T19:40:25.319,-0.6634,1.2078,52.7872,-0.0060,-0.1655,0.0579,-0.9845
2026-05-08T19:40:25.367,-0.6614,1.2088,52.7825,-0.0044,-0.1747,0.0571,-0.9829
2026-05-08T19:40:25.414,-0.6539,1.2103,52.7946,0.0009,-0.1812,0.0501,-0.9822
2026-05-08T19:40:25.460,-0.5704,1.2107,53.0080,0.0010,-0.1879,0.0449,-0.9812
2026-05-08T19:40:25.509,-0.4864,1.2109,53.2152,-0.0010,-0.1876,0.0434,-0.9813
2026-05-08T19:40:25.556,-0.3999,1.2109,53.4382,-0.0022,-0.1713,0.0447,-0.9842
2026-05-08T19:40:25.604,-0.3226,1.2110,53.6573,0.0026,-0.1469,0.0400,-0.9883
2026-05-08T19:40:25.653,-0.2543,1.2109,53.8845,0.0091,-0.1248,0.0403,-0.9913
2026-05-08T19:40:25.699,-0.2116,1.2105,54.0981,0.0109,-0.0869,0.0407,-0.9953
2026-05-08T19:40:25.746,-0.2022,1.2106,54.3014,0.0071,-0.0589,0.0422,-0.9973
2026-05-08T19:40:25.793,-0.1943,1.2096,54.5035,0.0042,-0.0316,0.0428,-0.9986
2026-05-08T19:40:25.840,-0.1868,1.2099,54.6893,0.0029,0.0043,0.0418,-0.9991
2026-05-08T19:40:25.886,-0.1883,1.2100,54.8608,0.0059,0.0363,0.0416,-0.9985
2026-05-08T19:40:25.934,-0.2635,1.2096,54.9496,0.0063,0.0627,0.0413,-0.9972
2026-05-08T19:40:25.980,-0.3032,1.2100,55.1145,0.0074,0.0935,0.0392,-0.9948
2026-05-08T19:40:26.028,-0.3383,1.2096,55.3024,0.0039,0.1132,0.0389,-0.9928
2026-05-08T19:40:26.077,-0.3895,1.2094,55.5254,0.0009,0.1269,0.0382,-0.9912
2026-05-08T19:40:26.124,-0.4507,1.2089,55.7596,-0.0012,0.1271,0.0378,-0.9912
2026-05-08T19:40:26.170,-0.5107,1.2087,55.9883,-0.0017,0.1261,0.0403,-0.9912
2026-05-08T19:40:26.218,-0.5682,1.2085,56.2083,-0.0027,0.1273,0.0380,-0.9911
2026-05-08T19:40:26.264,-0.6286,1.2085,56.4377,-0.0032,0.1165,0.0377,-0.9925
2026-05-08T19:40:26.311,-0.6815,1.2082,56.6572,-0.0041,0.1061,0.0363,-0.9937
2026-05-08T19:40:26.359,-0.7302,1.2081,56.8787,-0.0057,0.0942,0.0371,-0.9948
2026-05-08T19:40:26.405,-0.7734,1.2075,57.0982,-0.0063,0.0835,0.0363,-0.9958
2026-05-08T19:40:26.450,-0.8111,1.2074,57.3135,-0.0091,0.0735,0.0344,-0.9967
2026-05-08T19:40:26.499,-0.8436,1.2077,57.5263,-0.0064,0.0618,0.0335,-0.9975
2026-05-08T19:40:26.544,-0.8720,1.2080,57.7490,-0.0070,0.0488,0.0335,-0.9982
2026-05-08T19:40:26.591,-0.8951,1.2083,57.9643,-0.0053,0.0386,0.0309,-0.9988
2026-05-08T19:40:26.638,-0.9130,1.2089,58.1821,-0.0037,0.0302,0.0282,-0.9991
2026-05-08T19:40:26.685,-0.9274,1.2087,58.3999,-0.0033,0.0228,0.0286,-0.9993
2026-05-08T19:40:26.732,-0.9401,1.2090,58.6259,-0.0041,0.0204,0.0266,-0.9994
2026-05-08T19:40:26.780,-0.9507,1.2096,58.8558,-0.0011,0.0244,0.0256,-0.9994
2026-05-08T19:40:26.825,-0.9635,1.2096,59.0897,0.0019,0.0374,0.0243,-0.9990
2026-05-08T19:40:26.873,-0.9817,1.2097,59.3024,-0.0063,0.0565,0.0258,-0.9980
2026-05-08T19:40:26.921,-1.0088,1.2097,59.5210,-0.0090,0.0759,0.0222,-0.9968
2026-05-08T19:40:26.970,-1.0443,1.2101,59.7391,-0.0075,0.0927,0.0191,-0.9955
2026-05-08T19:40:27.017,-1.0887,1.2096,59.9670,-0.0097,0.1060,0.0171,-0.9942
2026-05-08T19:40:27.066,-1.1383,1.2090,60.1911,-0.0117,0.0983,0.0126,-0.9950
2026-05-08T19:40:27.114,-1.1856,1.2098,60.4229,-0.0094,0.0990,0.0069,-0.9950
2026-05-08T19:40:27.160,-1.2348,1.2093,60.6585,-0.0070,0.1025,0.0035,-0.9947
2026-05-08T19:40:27.207,-1.2822,1.2096,60.8802,-0.0062,0.1074,0.0035,-0.9942
2026-05-08T19:40:27.254,-1.3331,1.2095,61.1100,-0.0004,0.1133,0.0018,-0.9936
2026-05-08T19:40:27.303,-1.3853,1.2098,61.3360,0.0038,0.1120,0.0041,-0.9937
2026-05-08T19:40:27.350,-1.4383,1.2105,61.5690,0.0063,0.1114,0.0038,-0.9938
2026-05-08T19:40:27.398,-1.4900,1.2104,61.7982,0.0037,0.1080,0.0051,-0.9941
2026-05-08T19:40:27.445,-1.5133,1.2099,61.9038,0.0021,0.1079,0.0042,-0.9941
2026-05-08T19:40:27.491,-1.5338,1.2098,61.9977,-0.0001,0.1069,0.0053,-0.9943
2026-05-08T19:40:27.539,-1.5686,1.2095,62.1549,-0.0025,0.1011,0.0043,-0.9949
2026-05-08T19:40:27.585,-1.6081,1.2089,62.3435,-0.0036,0.0831,0.0042,-0.9965
2026-05-08T19:40:27.634,-1.6407,1.2087,62.5336,-0.0039,0.0643,0.0050,-0.9979
2026-05-08T19:40:27.682,-1.6674,1.2085,62.7296,-0.0047,0.0472,0.0041,-0.9989
2026-05-08T19:40:27.728,-1.6880,1.2083,62.9357,-0.0045,0.0299,0.0031,-0.9995
2026-05-08T19:40:27.778,-1.7010,1.2079,63.1343,-0.0049,0.0139,0.0019,-0.9999
2026-05-08T19:40:27.825,-1.7080,1.2078,63.3509,-0.0061,-0.0056,0.0016,-1.0000
2026-05-08T19:40:27.874,-1.7069,1.2072,63.5540,-0.0081,-0.0227,0.0013,-0.9997
2026-05-08T19:40:27.921,-1.6983,1.2070,63.7681,-0.0109,-0.0402,0.0000,-0.9991
2026-05-08T19:40:27.969,-1.6813,1.2070,63.9934,-0.0102,-0.0508,-0.0009,-0.9987
2026-05-08T19:40:28.017,-1.6587,1.2072,64.2287,-0.0109,-0.0496,-0.0027,-0.9987
2026-05-08T19:40:28.066,-1.6380,1.2068,64.4489,-0.0126,-0.0317,-0.0031,-0.9994
2026-05-08T19:40:28.113,-1.6266,1.2066,64.6466,-0.0132,-0.0097,-0.0056,-0.9999
2026-05-08T19:40:28.160,-1.6233,1.2064,64.8465,-0.0144,0.0114,-0.0064,-0.9998
2026-05-08T19:40:28.211,-1.6289,1.2061,65.0624,-0.0154,0.0223,-0.0078,-0.9996
2026-05-08T19:40:28.258,-1.6408,1.2059,65.3178,-0.0172,0.0221,-0.0081,-0.9996
2026-05-08T19:40:28.306,-1.6507,1.2057,65.5323,-0.0178,0.0077,-0.0082,-0.9998
2026-05-08T19:40:28.353,-1.6541,1.2055,65.7344,-0.0184,-0.0123,-0.0084,-0.9997
2026-05-08T19:40:28.403,-1.6494,1.2053,65.9264,-0.0199,-0.0321,-0.0076,-0.9993
2026-05-08T19:40:28.449,-1.6359,1.2051,66.1380,-0.0214,-0.0534,-0.0063,-0.9983
2026-05-08T19:40:28.498,-1.6153,1.2050,66.3297,-0.0211,-0.0739,-0.0060,-0.9970
2026-05-08T19:40:28.544,-1.5859,1.2052,66.5268,-0.0207,-0.0938,-0.0060,-0.9954
2026-05-08T19:40:28.591,-1.5502,1.2050,66.7147,-0.0214,-0.1131,-0.0050,-0.9933
2026-05-08T19:40:28.640,-1.5064,1.2046,66.9035,-0.0223,-0.1323,-0.0048,-0.9909
2026-05-08T19:40:28.687,-1.4541,1.2044,67.0949,-0.0225,-0.1556,-0.0037,-0.9876
2026-05-08T19:40:28.735,-1.3960,1.2041,67.2732,-0.0234,-0.1776,-0.0030,-0.9838
2026-05-08T19:40:28.781,-1.3305,1.2039,67.4473,-0.0239,-0.1996,-0.0017,-0.9796
2026-05-08T19:40:28.829,-1.2599,1.2036,67.6123,-0.0248,-0.2218,0.0006,-0.9748
2026-05-08T19:40:28.877,-1.1822,1.2034,67.7725,-0.0248,-0.2446,0.0017,-0.9693
2026-05-08T19:40:28.923,-1.1008,1.2031,67.9220,-0.0253,-0.2710,0.0035,-0.9622
2026-05-08T19:40:28.972,-1.0216,1.2029,68.0498,-0.0255,-0.2986,0.0055,-0.9540
2026-05-08T19:40:29.019,-0.9341,1.2027,68.1743,-0.0265,-0.3277,0.0076,-0.9444
2026-05-08T19:40:29.071,-0.8496,1.2026,68.2803,-0.0265,-0.3548,0.0096,-0.9345
2026-05-08T19:40:29.118,-0.7618,1.2025,68.3780,-0.0273,-0.3888,0.0116,-0.9208
2026-05-08T19:40:29.166,-0.6915,1.2023,68.4454,-0.0266,-0.4201,0.0137,-0.9070
2026-05-08T19:40:29.212,-0.6256,1.2023,68.5006,-0.0264,-0.4522,0.0144,-0.8914
2026-05-08T19:40:29.260,-0.5577,1.2022,68.5496,-0.0259,-0.4843,0.0159,-0.8744
2026-05-08T19:40:29.306,-0.4862,1.2020,68.5935,-0.0262,-0.5152,0.0163,-0.8565
2026-05-08T19:40:29.354,-0.4117,1.2018,68.6326,-0.0258,-0.5446,0.0181,-0.8381
2026-05-08T19:40:29.401,-0.3343,1.2016,68.6670,-0.0254,-0.5727,0.0187,-0.8192
2026-05-08T19:40:29.447,-0.2498,1.2013,68.6979,-0.0253,-0.5988,0.0190,-0.8003
2026-05-08T19:40:29.497,-0.1598,1.2013,68.7245,-0.0243,-0.6242,0.0194,-0.7807
2026-05-08T19:40:29.544,-0.0398,1.2013,68.7518,-0.0237,-0.6500,0.0200,-0.7593
2026-05-08T19:40:29.590,0.1355,1.2013,68.7794,-0.0238,-0.6673,0.0203,-0.7442
2026-05-08T19:40:29.638,0.3474,1.2018,68.8032,-0.0233,-0.6766,0.0192,-0.7357
2026-05-08T19:40:29.683,0.5763,1.2020,68.8227,-0.0225,-0.6827,0.0194,-0.7301
2026-05-08T19:40:29.731,0.8007,1.2019,68.8380,-0.0236,-0.6828,0.0198,-0.7300
2026-05-08T19:40:29.779,1.0291,1.2021,68.8539,-0.0236,-0.6830,0.0199,-0.7298
2026-05-08T19:40:29.827,1.2756,1.2022,68.8705,-0.0241,-0.6836,0.0199,-0.7292
2026-05-08T19:40:29.875,1.5096,1.2023,68.8863,-0.0242,-0.6833,0.0193,-0.7295
2026-05-08T19:40:29.924,1.7479,1.2023,68.9025,-0.0241,-0.6827,0.0196,-0.7300
2026-05-08T19:40:29.971,1.9927,1.2023,68.9195,-0.0253,-0.6826,0.0195,-0.7301
2026-05-08T19:40:30.018,2.2277,1.2024,68.9358,-0.0252,-0.6827,0.0189,-0.7301
2026-05-08T19:40:30.067,2.4601,1.2025,68.9517,-0.0250,-0.6824,0.0186,-0.7303
2026-05-08T19:40:30.115,2.7002,1.2027,68.9684,-0.0255,-0.6825,0.0189,-0.7302
2026-05-08T19:40:30.163,2.9392,1.2028,68.9846,-0.0255,-0.6824,0.0186,-0.7303
2026-05-08T19:40:30.209,3.1697,1.2030,69.0006,-0.0254,-0.6820,0.0188,-0.7306
2026-05-08T19:40:30.255,3.3994,1.2028,69.0165,-0.0254,-0.6871,0.0199,-0.7259
2026-05-08T19:40:30.303,3.6247,1.2027,69.0289,-0.0262,-0.6924,0.0200,-0.7207
2026-05-08T19:40:30.351,3.8566,1.2026,69.0381,-0.0257,-0.6989,0.0204,-0.7145
2026-05-08T19:40:30.399,4.0923,1.2025,69.0432,-0.0260,-0.7051,0.0197,-0.7084
2026-05-08T19:40:30.446,4.3225,1.2025,69.0444,-0.0255,-0.7103,0.0201,-0.7032
2026-05-08T19:40:30.493,4.5562,1.2024,69.0418,-0.0249,-0.7161,0.0204,-0.6973
2026-05-08T19:40:30.543,4.7829,1.2024,69.0356,-0.0251,-0.7221,0.0201,-0.6911
2026-05-08T19:40:30.589,4.9930,1.2025,69.0260,-0.0242,-0.7363,0.0208,-0.6759
2026-05-08T19:40:30.638,5.1423,1.2022,69.0126,-0.0228,-0.7550,0.0226,-0.6549
2026-05-08T19:40:30.685,5.2630,1.2022,68.9949,-0.0223,-0.7765,0.0241,-0.6293
2026-05-08T19:40:30.735,5.3773,1.2022,68.9704,-0.0215,-0.7964,0.0249,-0.6038
2026-05-08T19:40:30.783,5.4943,1.2021,68.9373,-0.0195,-0.8158,0.0264,-0.5774
2026-05-08T19:40:30.832,5.6234,1.2019,68.8916,-0.0196,-0.8334,0.0276,-0.5517
2026-05-08T19:40:30.879,5.7892,1.2018,68.8211,-0.0187,-0.8472,0.0280,-0.5303
2026-05-08T19:40:30.927,5.9767,1.2017,68.7300,-0.0184,-0.8565,0.0282,-0.5150
2026-05-08T19:40:30.975,6.1821,1.2017,68.6209,-0.0182,-0.8614,0.0281,-0.5068
2026-05-08T19:40:31.024,6.3918,1.2015,68.5042,-0.0175,-0.8613,0.0287,-0.5069
2026-05-08T19:40:31.070,6.5991,1.2014,68.3891,-0.0181,-0.8613,0.0290,-0.5069
2026-05-08T19:40:31.117,6.8027,1.2012,68.2754,-0.0179,-0.8616,0.0291,-0.5065
2026-05-08T19:40:31.165,7.0079,1.2013,68.1607,-0.0173,-0.8616,0.0297,-0.5064
2026-05-08T19:40:31.215,7.2183,1.2013,68.0434,-0.0169,-0.8616,0.0308,-0.5063
2026-05-08T19:40:31.263,7.4312,1.2013,67.9249,-0.0168,-0.8617,0.0308,-0.5061
2026-05-08T19:40:31.310,7.6320,1.2015,67.8933,-0.0162,-0.8672,0.0304,-0.4967
2026-05-08T19:40:31.358,7.8152,1.2015,67.8934,-0.0158,-0.8747,0.0313,-0.4833
2026-05-08T19:40:31.405,7.9891,1.2014,67.8936,-0.0157,-0.8840,0.0320,-0.4661
2026-05-08T19:40:31.452,8.1589,1.2014,67.8470,-0.0146,-0.8943,0.0318,-0.4461
2026-05-08T19:40:31.500,8.2966,1.2016,67.7434,-0.0134,-0.9054,0.0315,-0.4232
2026-05-08T19:40:31.550,8.4124,1.2017,67.6467,-0.0124,-0.9175,0.0317,-0.3964
2026-05-08T19:40:31.598,8.4992,1.2017,67.5650,-0.0108,-0.9305,0.0325,-0.3648
2026-05-08T19:40:31.647,8.5609,1.2020,67.4984,-0.0096,-0.9427,0.0320,-0.3319
2026-05-08T19:40:31.695,8.6106,1.2021,67.4360,-0.0078,-0.9544,0.0322,-0.2965
2026-05-08T19:40:31.741,8.6522,1.2021,67.3752,-0.0063,-0.9643,0.0331,-0.2627
2026-05-08T19:40:31.789,8.6889,1.2024,67.3127,-0.0043,-0.9730,0.0332,-0.2286
2026-05-08T19:40:31.837,8.7467,1.2026,67.1960,-0.0037,-0.9796,0.0322,-0.1981
2026-05-08T19:40:31.886,8.8170,1.2027,67.0299,-0.0026,-0.9841,0.0327,-0.1747
2026-05-08T19:40:31.933,8.8965,1.2026,66.8134,-0.0023,-0.9860,0.0327,-0.1636
2026-05-08T19:40:31.983,8.9722,1.2027,66.5910,-0.0019,-0.9875,0.0319,-0.1546
2026-05-08T19:40:32.031,9.0454,1.2026,66.3629,-0.0016,-0.9888,0.0322,-0.1458
2026-05-08T19:40:32.081,9.1142,1.2026,66.1344,-0.0005,-0.9899,0.0322,-0.1382
2026-05-08T19:40:32.129,9.1806,1.2026,65.9006,0.0004,-0.9911,0.0324,-0.1290
2026-05-08T19:40:32.178,9.2397,1.2027,65.6761,0.0012,-0.9923,0.0320,-0.1198
2026-05-08T19:40:32.224,9.2957,1.2027,65.4473,0.0015,-0.9934,0.0319,-0.1105
2026-05-08T19:40:32.273,9.3457,1.2026,65.2247,0.0023,-0.9943,0.0324,-0.1017
2026-05-08T19:40:32.320,9.3931,1.2026,64.9956,0.0031,-0.9951,0.0330,-0.0930
2026-05-08T19:40:32.368,9.4355,1.2024,64.7716,0.0030,-0.9959,0.0331,-0.0844
2026-05-08T19:40:32.416,9.4751,1.2024,64.5408,0.0028,-0.9966,0.0335,-0.0757
2026-05-08T19:40:32.464,9.5104,1.2021,64.3117,0.0029,-0.9972,0.0340,-0.0672
2026-05-08T19:40:32.515,9.5420,1.2019,64.0791,0.0024,-0.9977,0.0339,-0.0589
2026-05-08T19:40:32.563,9.5717,1.2017,63.8281,0.0025,-0.9977,0.0339,-0.0586
2026-05-08T19:40:32.611,9.5996,1.2015,63.5927,0.0019,-0.9976,0.0347,-0.0591
2026-05-08T19:40:32.659,9.6285,1.2014,63.3515,0.0026,-0.9976,0.0349,-0.0596
2026-05-08T19:40:32.707,9.6569,1.2012,63.1157,0.0022,-0.9976,0.0357,-0.0598
2026-05-08T19:40:32.756,9.6861,1.2012,62.8751,0.0012,-0.9976,0.0352,-0.0604
2026-05-08T19:40:32.805,9.7155,1.2011,62.6347,0.0016,-0.9975,0.0355,-0.0603
2026-05-08T19:40:32.853,9.7446,1.2012,62.3969,0.0018,-0.9976,0.0356,-0.0600
2026-05-08T19:40:32.901,9.7735,1.2011,62.1596,0.0016,-0.9975,0.0359,-0.0603
2026-05-08T19:40:32.948,9.8021,1.2010,61.9244,0.0009,-0.9975,0.0357,-0.0603
2026-05-08T19:40:32.999,9.8309,1.2009,61.6887,0.0012,-0.9975,0.0362,-0.0602
2026-05-08T19:40:33.047,9.8612,1.2007,61.4410,0.0007,-0.9974,0.0371,-0.0612
2026-05-08T19:40:33.094,9.8905,1.2007,61.2054,0.0008,-0.9974,0.0370,-0.0612
2026-05-08T19:40:33.142,9.9192,1.2007,60.9743,0.0002,-0.9975,0.0365,-0.0613
2026-05-08T19:40:33.189,9.9486,1.2007,60.7388,0.0002,-0.9979,0.0365,-0.0539
2026-05-08T19:40:33.236,9.9732,1.2005,60.5139,0.0006,-0.9983,0.0370,-0.0460
2026-05-08T19:40:33.282,9.9938,1.2005,60.2939,0.0010,-0.9987,0.0374,-0.0334
2026-05-08T19:40:33.331,10.0079,1.2005,60.0855,0.0009,-0.9992,0.0369,-0.0170
2026-05-08T19:40:33.379,10.0151,1.2006,59.8756,0.0020,-0.9993,0.0369,0.0013
2026-05-08T19:40:33.429,10.0148,1.2006,59.6667,0.0028,-0.9991,0.0374,0.0189
2026-05-08T19:40:33.477,10.0063,1.2007,59.4394,0.0031,-0.9986,0.0368,0.0371
2026-05-08T19:40:33.524,9.9897,1.2009,59.2135,0.0029,-0.9982,0.0365,0.0478
2026-05-08T19:40:33.571,9.9677,1.2011,58.9811,0.0035,-0.9982,0.0368,0.0473
2026-05-08T19:40:33.620,9.9457,1.2010,58.7477,0.0031,-0.9982,0.0374,0.0471
2026-05-08T19:40:33.669,9.9232,1.2010,58.5082,0.0030,-0.9982,0.0369,0.0476
2026-05-08T19:40:33.717,9.9000,1.2011,58.2635,0.0021,-0.9981,0.0372,0.0482
2026-05-08T19:40:33.765,9.8767,1.2012,58.0225,0.0024,-0.9982,0.0362,0.0478
2026-05-08T19:40:33.812,9.8541,1.2013,57.7840,0.0025,-0.9982,0.0367,0.0476
2026-05-08T19:40:33.864,9.8319,1.2014,57.5510,0.0021,-0.9982,0.0363,0.0476
2026-05-08T19:40:33.918,9.8073,1.2014,57.2970,0.0020,-0.9982,0.0361,0.0480
2026-05-08T19:40:33.965,9.7823,1.2012,57.0402,0.0037,-0.9975,0.0369,0.0606
2026-05-08T19:40:34.013,9.7561,1.2011,56.8276,0.0052,-0.9964,0.0380,0.0759
2026-05-08T19:40:34.060,9.7234,1.2013,56.6158,0.0057,-0.9949,0.0367,0.0933
2026-05-08T19:40:34.108,9.6848,1.2015,56.4122,0.0063,-0.9931,0.0363,0.1113
2026-05-08T19:40:34.155,9.6391,1.2013,56.2113,0.0080,-0.9909,0.0366,0.1291
2026-05-08T19:40:34.204,9.5870,1.2014,56.0157,0.0085,-0.9882,0.0363,0.1485
2026-05-08T19:40:34.251,9.5268,1.2014,55.8204,0.0089,-0.9849,0.0360,0.1690
2026-05-08T19:40:34.299,9.4598,1.2013,55.6319,0.0096,-0.9812,0.0352,0.1893
2026-05-08T19:40:34.349,9.3849,1.2015,55.4455,0.0106,-0.9771,0.0346,0.2096
2026-05-08T19:40:34.397,9.2989,1.2013,55.2550,0.0120,-0.9723,0.0348,0.2308
2026-05-08T19:40:34.444,9.2094,1.2013,55.0778,0.0125,-0.9675,0.0343,0.2503
2026-05-08T19:40:34.493,9.1109,1.2013,54.9006,0.0138,-0.9620,0.0331,0.2706
2026-05-08T19:40:34.541,9.0034,1.2013,54.7255,0.0156,-0.9565,0.0331,0.2894
2026-05-08T19:40:34.588,8.8792,1.2013,54.5397,0.0170,-0.9519,0.0329,0.3042
2026-05-08T19:40:34.636,8.7468,1.2014,54.3540,0.0169,-0.9492,0.0320,0.3125
2026-05-08T19:40:34.683,8.6071,1.2014,54.1648,0.0172,-0.9492,0.0328,0.3125
2026-05-08T19:40:34.730,8.4680,1.2013,53.9763,0.0181,-0.9496,0.0332,0.3113
2026-05-08T19:40:34.779,8.3293,1.2012,53.7869,0.0171,-0.9496,0.0340,0.3113
2026-05-08T19:40:34.825,8.1871,1.2011,53.5928,0.0167,-0.9494,0.0337,0.3117
2026-05-08T19:40:34.872,8.0521,1.2010,53.4089,0.0164,-0.9494,0.0338,0.3119
2026-05-08T19:40:34.918,7.9149,1.2009,53.2221,0.0162,-0.9495,0.0339,0.3116
2026-05-08T19:40:34.965,7.7792,1.2008,53.0370,0.0163,-0.9496,0.0343,0.3112
2026-05-08T19:40:35.014,7.6411,1.2008,52.8484,0.0156,-0.9496,0.0343,0.3113
2026-05-08T19:40:35.060,7.4980,1.2008,52.6533,0.0151,-0.9496,0.0339,0.3113
2026-05-08T19:40:35.108,7.3661,1.2009,52.4733,0.0160,-0.9468,0.0339,0.3197
2026-05-08T19:40:35.157,7.2359,1.2009,52.3020,0.0168,-0.9416,0.0335,0.3346
2026-05-08T19:40:35.204,7.1059,1.2010,52.1415,0.0169,-0.9348,0.0335,0.3531
2026-05-08T19:40:35.253,6.9771,1.2011,51.9947,0.0168,-0.9274,0.0330,0.3723
2026-05-08T19:40:35.301,6.8372,1.2010,51.8480,0.0177,-0.9194,0.0330,0.3916
2026-05-08T19:40:35.349,6.6964,1.2009,51.7122,0.0183,-0.9112,0.0337,0.4101
2026-05-08T19:40:35.398,6.5440,1.2009,51.5766,0.0188,-0.9025,0.0336,0.4289
2026-05-08T19:40:35.446,6.3915,1.2012,51.4518,0.0187,-0.8935,0.0330,0.4474
2026-05-08T19:40:35.495,6.2122,1.2016,51.3171,0.0186,-0.8869,0.0319,0.4605
2026-05-08T19:40:35.544,6.0196,1.2016,51.1815,0.0189,-0.8830,0.0315,0.4680
2026-05-08T19:40:35.594,5.8150,1.2016,51.0425,0.0184,-0.8829,0.0322,0.4682
2026-05-08T19:40:35.642,5.6134,1.2016,50.9056,0.0179,-0.8830,0.0319,0.4680
2026-05-08T19:40:35.693,5.4135,1.2014,50.7698,0.0186,-0.8828,0.0323,0.4682
2026-05-08T19:40:35.742,5.2166,1.2013,50.6363,0.0197,-0.8766,0.0325,0.4798
2026-05-08T19:40:35.791,5.0317,1.2014,50.5178,0.0195,-0.8686,0.0324,0.4941
2026-05-08T19:40:35.842,4.8376,1.2015,50.4024,0.0190,-0.8600,0.0314,0.5089
2026-05-08T19:40:35.890,4.6320,1.2015,50.2895,0.0198,-0.8532,0.0314,0.5203
2026-05-08T19:40:35.940,4.4281,1.2014,50.1845,0.0212,-0.8475,0.0316,0.5295
2026-05-08T19:40:35.989,4.2168,1.2013,50.0814,0.0213,-0.8409,0.0318,0.5398
2026-05-08T19:40:36.039,4.0095,1.2012,49.9866,0.0216,-0.8325,0.0313,0.5528
2026-05-08T19:40:36.088,3.8104,1.2010,49.9027,0.0222,-0.8212,0.0312,0.5694
2026-05-08T19:40:36.145,3.6141,1.2010,49.8291,0.0228,-0.8100,0.0302,0.5852
2026-05-08T19:40:36.195,3.3671,1.2010,49.7473,0.0230,-0.7995,0.0302,0.5995
2026-05-08T19:40:36.245,3.1322,1.2010,49.6789,0.0219,-0.7995,0.0300,0.5995
2026-05-08T19:40:36.294,2.8955,1.2011,49.6100,0.0225,-0.7993,0.0291,0.5998
2026-05-08T19:40:36.344,2.6583,1.2010,49.5410,0.0237,-0.7993,0.0294,0.5997
2026-05-08T19:40:36.392,2.4156,1.2011,49.4702,0.0236,-0.7996,0.0291,0.5994
2026-05-08T19:40:36.443,2.1872,1.2012,49.4035,0.0227,-0.7996,0.0289,0.5995
2026-05-08T19:40:36.490,1.9462,1.2012,49.3331,0.0229,-0.7996,0.0292,0.5994
2026-05-08T19:40:36.540,1.7233,1.2011,49.2678,0.0241,-0.8001,0.0293,0.5987
2026-05-08T19:40:36.590,1.4857,1.2010,49.1978,0.0239,-0.8000,0.0300,0.5988
2026-05-08T19:40:36.643,1.2573,1.2010,49.1305,0.0234,-0.7934,0.0296,0.6076
2026-05-08T19:40:36.692,1.0294,1.2012,49.0688,0.0236,-0.7813,0.0294,0.6231
2026-05-08T19:40:36.743,0.8274,1.2013,49.0223,0.0238,-0.7692,0.0283,0.6379
2026-05-08T19:40:36.793,0.6132,1.2011,48.9819,0.0250,-0.7556,0.0286,0.6539
2026-05-08T19:40:36.844,0.4030,1.2012,48.9514,0.0248,-0.7417,0.0282,0.6697
2026-05-08T19:40:36.892,0.1825,1.2012,48.9291,0.0250,-0.7279,0.0271,0.6847
2026-05-08T19:40:36.942,-0.0278,1.2012,48.9164,0.0266,-0.7159,0.0266,0.6972
2026-05-08T19:40:36.990,-0.2650,1.2013,48.9101,0.0275,-0.7075,0.0260,0.7057
2026-05-08T19:40:37.045,-0.4990,1.2013,48.9094,0.0270,-0.7011,0.0259,0.7121
2026-05-08T19:40:37.094,-0.7685,1.2014,48.9135,0.0266,-0.7009,0.0259,0.7123
2026-05-08T19:40:37.143,-1.0078,1.2014,48.9173,0.0269,-0.7011,0.0259,0.7120
2026-05-08T19:40:37.192,-1.2556,1.2013,48.9211,0.0273,-0.7015,0.0263,0.7117
2026-05-08T19:40:37.242,-1.4982,1.2013,48.9246,0.0267,-0.7015,0.0267,0.7117
2026-05-08T19:40:37.292,-1.7439,1.2011,48.9279,0.0267,-0.7009,0.0268,0.7122
2026-05-08T19:40:37.341,-1.9889,1.2010,48.9318,0.0269,-0.7010,0.0266,0.7121
2026-05-08T19:40:37.390,-2.2334,1.2011,48.9355,0.0264,-0.7015,0.0263,0.7117
2026-05-08T19:40:37.442,-2.4747,1.2010,48.9388,0.0266,-0.7013,0.0267,0.7118
2026-05-08T19:40:37.491,-2.7286,1.2011,48.9428,0.0261,-0.7015,0.0265,0.7117
2026-05-08T19:40:37.540,-2.9766,1.2011,48.9464,0.0265,-0.7017,0.0261,0.7115
2026-05-08T19:40:37.589,-3.2175,1.2012,48.9498,0.0273,-0.7017,0.0253,0.7115
2026-05-08T19:40:37.638,-3.4563,1.2013,48.9531,0.0274,-0.7015,0.0258,0.7117
2026-05-08T19:40:37.686,-3.7015,1.2014,48.9566,0.0267,-0.7014,0.0258,0.7118
2026-05-08T19:40:37.738,-3.9360,1.2014,48.9601,0.0265,-0.7013,0.0260,0.7119
2026-05-08T19:40:37.786,-4.1829,1.2013,48.9639,0.0281,-0.6934,0.0253,0.7195
2026-05-08T19:40:37.837,-4.4019,1.2012,48.9720,0.0288,-0.6818,0.0256,0.7305
2026-05-08T19:40:37.887,-4.6151,1.2011,48.9867,0.0286,-0.6652,0.0250,0.7457
2026-05-08T19:40:37.937,-4.8096,1.2012,49.0090,0.0290,-0.6464,0.0242,0.7621
2026-05-08T19:40:37.985,-4.9967,1.2010,49.0398,0.0298,-0.6275,0.0233,0.7777
2026-05-08T19:40:38.033,-5.1787,1.2009,49.0791,0.0307,-0.6090,0.0225,0.7922
2026-05-08T19:40:38.083,-5.3763,1.2009,49.1316,0.0308,-0.5930,0.0221,0.8043
2026-05-08T19:40:38.133,-5.6061,1.2009,49.2030,0.0305,-0.5845,0.0217,0.8105
2026-05-08T19:40:38.182,-5.8361,1.2009,49.2797,0.0312,-0.5844,0.0213,0.8106
2026-05-08T19:40:38.231,-6.0691,1.2010,49.3573,0.0320,-0.5846,0.0209,0.8104
2026-05-08T19:40:38.281,-6.2943,1.2011,49.4321,0.0310,-0.5846,0.0212,0.8104
2026-05-08T19:40:38.331,-6.5280,1.2012,49.5098,0.0306,-0.5761,0.0207,0.8165
2026-05-08T19:40:38.383,-6.7278,1.2012,49.5810,0.0320,-0.5586,0.0203,0.8286
2026-05-08T19:40:38.433,-6.9058,1.2011,49.6527,0.0332,-0.5380,0.0196,0.8420
2026-05-08T19:40:38.483,-7.0553,1.2011,49.7219,0.0331,-0.5112,0.0190,0.8586
2026-05-08T19:40:38.531,-7.1893,1.2011,49.7945,0.0334,-0.4841,0.0185,0.8742
2026-05-08T19:40:38.583,-7.3194,1.2011,49.8756,0.0340,-0.4580,0.0173,0.8881
2026-05-08T19:40:38.634,-7.4504,1.2011,49.9688,0.0344,-0.4302,0.0156,0.9020
2026-05-08T19:40:38.683,-7.5698,1.2010,50.0652,0.0351,-0.4023,0.0151,0.9147
2026-05-08T19:40:38.733,-7.7131,1.2010,50.1968,0.0349,-0.3796,0.0146,0.9244
2026-05-08T19:40:38.783,-7.8800,1.2011,50.3660,0.0353,-0.3679,0.0135,0.9291
2026-05-08T19:40:38.837,-8.0486,1.2011,50.5456,0.0362,-0.3599,0.0122,0.9322
2026-05-08T19:40:38.887,-8.2244,1.2012,50.7395,0.0357,-0.3593,0.0128,0.9324
2026-05-08T19:40:38.935,-8.3920,1.2013,50.9246,0.0350,-0.3595,0.0131,0.9324
2026-05-08T19:40:38.985,-8.5475,1.2012,51.0962,0.0358,-0.3513,0.0125,0.9355
2026-05-08T19:40:39.036,-8.6971,1.2011,51.2672,0.0370,-0.3360,0.0115,0.9411
2026-05-08T19:40:39.085,-8.8216,1.2010,51.4193,0.0372,-0.3142,0.0115,0.9486
2026-05-08T19:40:39.134,-8.9223,1.2009,51.5548,0.0371,-0.2849,0.0106,0.9578
2026-05-08T19:40:39.182,-9.0002,1.2008,51.6742,0.0373,-0.2557,0.0096,0.9660
2026-05-08T19:40:39.230,-9.0692,1.2009,51.7949,0.0372,-0.2262,0.0081,0.9733
2026-05-08T19:40:39.280,-9.1357,1.2009,51.9300,0.0376,-0.1980,0.0072,0.9795
2026-05-08T19:40:39.328,-9.1996,1.2009,52.0818,0.0377,-0.1683,0.0066,0.9850
2026-05-08T19:40:39.377,-9.2508,1.2010,52.2273,0.0375,-0.1403,0.0052,0.9894
2026-05-08T19:40:39.425,-9.3004,1.2010,52.3995,0.0386,-0.1137,0.0034,0.9928
2026-05-08T19:40:39.474,-9.3496,1.2010,52.6114,0.0386,-0.0971,0.0025,0.9945
2026-05-08T19:40:39.523,-9.3962,1.2011,52.8470,0.0384,-0.0892,0.0028,0.9953
2026-05-08T19:40:39.574,-9.4388,1.2010,53.0829,0.0381,-0.0890,0.0029,0.9953
2026-05-08T19:40:39.621,-9.4830,1.2011,53.3277,0.0387,-0.0894,0.0021,0.9952
2026-05-08T19:40:39.670,-9.5244,1.2009,53.5550,0.0398,-0.0906,0.0028,0.9951
2026-05-08T19:40:39.721,-9.5681,1.2009,53.7929,0.0389,-0.0820,0.0026,0.9959
2026-05-08T19:40:39.769,-9.6084,1.2009,54.0360,0.0390,-0.0724,0.0026,0.9966
2026-05-08T19:40:39.817,-9.6420,1.2009,54.2662,0.0387,-0.0631,0.0020,0.9973
2026-05-08T19:40:39.864,-9.6703,1.2009,54.4880,0.0387,-0.0499,0.0013,0.9980
2026-05-08T19:40:39.913,-9.6896,1.2008,54.6798,0.0393,-0.0278,0.0006,0.9988
2026-05-08T19:40:39.962,-9.6981,1.2009,54.8353,0.0385,0.0006,-0.0001,0.9993
2026-05-08T19:40:40.026,-9.6979,1.2010,54.9744,0.0384,0.0325,-0.0018,0.9987
2026-05-08T19:40:40.085,-9.6844,1.2010,55.1808,0.0385,0.0699,-0.0041,0.9968
2026-05-08T19:40:40.134,-9.6483,1.2011,55.4377,0.0383,0.0940,-0.0045,0.9948
2026-05-08T19:40:40.183,-9.6044,1.2012,55.6681,0.0376,0.1033,-0.0045,0.9939
2026-05-08T19:40:40.231,-9.5536,1.2012,55.9097,0.0385,0.1028,-0.0052,0.9939
2026-05-08T19:40:40.278,-9.5057,1.2010,56.1406,0.0393,0.1019,-0.0053,0.9940
2026-05-08T19:40:40.327,-9.4579,1.2010,56.3722,0.0386,0.1023,-0.0048,0.9940
2026-05-08T19:40:40.377,-9.4098,1.2009,56.6031,0.0391,0.1112,-0.0047,0.9930
2026-05-08T19:40:40.425,-9.3564,1.2009,56.8387,0.0387,0.1221,-0.0055,0.9918
2026-05-08T19:40:40.475,-9.3022,1.2009,57.0563,0.0383,0.1351,-0.0061,0.9901
2026-05-08T19:40:40.523,-9.2439,1.2009,57.2658,0.0388,0.1534,-0.0066,0.9874
2026-05-08T19:40:40.571,-9.1863,1.2010,57.4474,0.0382,0.1757,-0.0072,0.9837
2026-05-08T19:40:40.620,-9.1349,1.2010,57.5868,0.0378,0.2052,-0.0090,0.9780
2026-05-08T19:40:40.669,-9.0804,1.2010,57.7111,0.0378,0.2346,-0.0102,0.9713
2026-05-08T19:40:40.716,-9.0079,1.2010,57.8526,0.0374,0.2645,-0.0111,0.9636
2026-05-08T19:40:40.766,-8.9120,1.2012,58.0141,0.0365,0.2861,-0.0112,0.9574
2026-05-08T19:40:40.815,-8.7798,1.2012,58.2156,0.0366,0.2960,-0.0123,0.9544
2026-05-08T19:40:40.864,-8.6460,1.2010,58.4108,0.0374,0.2956,-0.0131,0.9545
2026-05-08T19:40:40.915,-8.5714,1.2011,58.6120,0.0373,0.2954,-0.0124,0.9546
2026-05-08T19:40:40.962,-8.5715,1.2010,58.8219,0.0374,0.2962,-0.0118,0.9543
2026-05-08T19:40:41.013,-8.5715,1.2010,59.0148,0.0373,0.2961,-0.0117,0.9544
2026-05-08T19:40:41.062,-8.4299,1.2011,59.2214,0.0372,0.2954,-0.0119,0.9546
2026-05-08T19:40:41.109,-8.2959,1.2009,59.4173,0.0373,0.2954,-0.0116,0.9546
2026-05-08T19:40:41.157,-8.1605,1.2011,59.6151,0.0367,0.2954,-0.0110,0.9546
2026-05-08T19:40:41.207,-8.0265,1.2012,59.8105,0.0362,0.2956,-0.0116,0.9546
2026-05-08T19:40:41.255,-7.8889,1.2011,60.0112,0.0370,0.2957,-0.0124,0.9545
2026-05-08T19:40:41.306,-7.7539,1.2012,60.2081,0.0368,0.2954,-0.0128,0.9546
2026-05-08T19:40:41.354,-7.6134,1.2012,60.4135,0.0362,0.2956,-0.0120,0.9546
2026-05-08T19:40:41.402,-7.4786,1.2012,60.6104,0.0368,0.2954,-0.0124,0.9546
2026-05-08T19:40:41.453,-7.3435,1.2011,60.8082,0.0371,0.2942,-0.0133,0.9549
2026-05-08T19:40:41.503,-7.2007,1.2011,61.0181,0.0372,0.2939,-0.0128,0.9550
2026-05-08T19:40:41.553,-7.0631,1.2010,61.2203,0.0371,0.2952,-0.0120,0.9546
2026-05-08T19:40:41.601,-6.9235,1.2010,61.4243,0.0369,0.2950,-0.0118,0.9547
2026-05-08T19:40:41.650,-6.7924,1.2009,61.6165,0.0365,0.2869,-0.0122,0.9572
2026-05-08T19:40:41.697,-6.6606,1.2008,61.8163,0.0375,0.2782,-0.0120,0.9597
2026-05-08T19:40:41.747,-6.5392,1.2009,62.0081,0.0370,0.2687,-0.0112,0.9625
2026-05-08T19:40:41.795,-6.4192,1.2009,62.2061,0.0371,0.2535,-0.0109,0.9666
2026-05-08T19:40:41.844,-6.3185,1.2010,62.3844,0.0365,0.2357,-0.0112,0.9711
2026-05-08T19:40:41.894,-6.2559,1.2012,62.5058,0.0367,0.2041,-0.0097,0.9782
2026-05-08T19:40:41.946,-6.2558,1.2013,62.5058,0.0359,0.2045,-0.0088,0.9782
2026-05-08T19:40:41.996,-6.3329,1.2012,62.3294,0.0363,0.2316,-0.0109,0.9721
2026-05-08T19:40:42.045,-6.4148,1.2012,62.1680,0.0368,0.2551,-0.0124,0.9661
2026-05-08T19:40:42.093,-6.5066,1.2011,62.0065,0.0366,0.2807,-0.0124,0.9590
2026-05-08T19:40:42.140,-6.5989,1.2009,61.8624,0.0364,0.3053,-0.0136,0.9515
2026-05-08T19:40:42.189,-6.6935,1.2010,61.7302,0.0360,0.3312,-0.0143,0.9428
2026-05-08T19:40:42.237,-6.7936,1.2010,61.6053,0.0354,0.3578,-0.0155,0.9330
2026-05-08T19:40:42.284,-6.8880,1.2009,61.5003,0.0352,0.3861,-0.0169,0.9216
2026-05-08T19:40:42.336,-6.9791,1.2011,61.4105,0.0345,0.4148,-0.0175,0.9091
2026-05-08T19:40:42.385,-7.0590,1.2011,61.3412,0.0332,0.4484,-0.0188,0.8930
2026-05-08T19:40:42.435,-7.1167,1.2011,61.2980,0.0324,0.4809,-0.0206,0.8759
2026-05-08T19:40:42.484,-7.1553,1.2011,61.2733,0.0321,0.5141,-0.0222,0.8569
2026-05-08T19:40:42.532,-7.1783,1.2012,61.2610,0.0310,0.5474,-0.0231,0.8360
2026-05-08T19:40:42.580,-7.1937,1.2012,61.2542,0.0304,0.5780,-0.0242,0.8151
2026-05-08T19:40:42.630,-7.1999,1.2010,61.2520,0.0290,0.6079,-0.0264,0.7930
2026-05-08T19:40:42.679,-7.2029,1.2009,61.2512,0.0292,0.6387,-0.0277,0.7684
2026-05-08T19:40:42.729,-7.2029,1.2009,61.2513,0.0278,0.6685,-0.0281,0.7427
2026-05-08T19:40:42.779,-7.2010,1.2009,61.2515,0.0264,0.6969,-0.0286,0.7161
2026-05-08T19:40:42.831,-7.1950,1.2009,61.2520,0.0253,0.7241,-0.0298,0.6886
2026-05-08T19:40:42.886,-7.1704,1.2008,61.2506,0.0243,0.7517,-0.0313,0.6583
2026-05-08T19:40:42.936,-7.1135,1.2009,61.2430,0.0231,0.7785,-0.0315,0.6264
2026-05-08T19:40:42.984,-7.0189,1.2009,61.2223,0.0216,0.8006,-0.0326,0.5979
2026-05-08T19:40:43.035,-6.8910,1.2010,61.1842,0.0200,0.8197,-0.0341,0.5715
2026-05-08T19:40:43.085,-6.7439,1.2011,61.1300,0.0189,0.8367,-0.0348,0.5462
2026-05-08T19:40:43.135,-6.5824,1.2012,61.0591,0.0180,0.8523,-0.0345,0.5217
2026-05-08T19:40:43.183,-6.4285,1.2011,60.9804,0.0172,0.8660,-0.0350,0.4986
2026-05-08T19:40:43.232,-6.2752,1.2010,60.8916,0.0155,0.8786,-0.0367,0.4759
2026-05-08T19:40:43.280,-6.1299,1.2009,60.7968,0.0153,0.8908,-0.0368,0.4526
2026-05-08T19:40:43.332,-5.9868,1.2009,60.6923,0.0147,0.9029,-0.0367,0.4281
2026-05-08T19:40:43.380,-5.8436,1.2009,60.5754,0.0138,0.9145,-0.0368,0.4026
2026-05-08T19:40:43.430,-5.7137,1.2009,60.4565,0.0121,0.9247,-0.0370,0.3787
2026-05-08T19:40:43.477,-5.5936,1.2008,60.3347,0.0114,0.9344,-0.0378,0.3539
2026-05-08T19:40:43.527,-5.4916,1.2009,60.2194,0.0108,0.9445,-0.0378,0.3261
2026-05-08T19:40:43.576,-5.4031,1.2009,60.1063,0.0090,0.9546,-0.0376,0.2952
2026-05-08T19:40:43.625,-5.3268,1.2010,59.9947,0.0073,0.9634,-0.0385,0.2651
2026-05-08T19:40:43.673,-5.2565,1.2010,59.8768,0.0061,0.9713,-0.0386,0.2348
2026-05-08T19:40:43.720,-5.1962,1.2011,59.7593,0.0049,0.9782,-0.0386,0.2039
2026-05-08T19:40:43.770,-5.1458,1.2012,59.6438,0.0040,0.9842,-0.0380,0.1731
2026-05-08T19:40:43.819,-5.0995,1.2011,59.5168,0.0024,0.9892,-0.0389,0.1411
2026-05-08T19:40:43.869,-5.0624,1.2010,59.3904,0.0012,0.9932,-0.0395,0.1095
2026-05-08T19:40:43.919,-5.0282,1.2010,59.2379,0.0003,0.9960,-0.0394,0.0797
2026-05-08T19:40:43.969,-4.9955,1.2010,59.0353,0.0009,0.9976,-0.0391,0.0565
2026-05-08T19:40:44.016,-4.9692,1.2010,58.8057,-0.0006,0.9983,-0.0386,0.0428
2026-05-08T19:40:44.065,-4.9495,1.2010,58.5769,-0.0014,0.9987,-0.0387,0.0322
2026-05-08T19:40:44.115,-4.9344,1.2011,58.3433,-0.0018,0.9990,-0.0380,0.0220
2026-05-08T19:40:44.165,-4.9239,1.2014,58.1017,-0.0021,0.9993,-0.0370,0.0111
2026-05-08T19:40:44.213,-4.9189,1.2016,57.8602,-0.0025,0.9993,-0.0369,-0.0008
2026-05-08T19:40:44.265,-4.9195,1.2017,57.6258,-0.0039,0.9993,-0.0370,-0.0105
2026-05-08T19:40:44.312,-4.9246,1.2019,57.3779,-0.0045,0.9991,-0.0362,-0.0203
2026-05-08T19:40:44.362,-4.9340,1.2019,57.1507,-0.0051,0.9989,-0.0360,-0.0298
2026-05-08T19:40:44.411,-4.9484,1.2019,56.9104,-0.0061,0.9985,-0.0364,-0.0403
2026-05-08T19:40:44.458,-4.9673,1.2018,56.6757,-0.0068,0.9981,-0.0367,-0.0499
2026-05-08T19:40:44.507,-4.9907,1.2018,56.4439,-0.0067,0.9975,-0.0364,-0.0600
2026-05-08T19:40:44.555,-5.0187,1.2017,56.2122,-0.0077,0.9968,-0.0358,-0.0708
2026-05-08T19:40:44.603,-5.0515,1.2018,55.9830,-0.0078,0.9961,-0.0357,-0.0808
2026-05-08T19:40:44.651,-5.0891,1.2019,55.7544,-0.0089,0.9952,-0.0348,-0.0911
2026-05-08T19:40:44.703,-5.1317,1.2019,55.5232,-0.0094,0.9942,-0.0351,-0.1015
2026-05-08T19:40:44.752,-5.1806,1.2019,55.2874,-0.0099,0.9931,-0.0344,-0.1121
2026-05-08T19:40:44.802,-5.2350,1.2019,55.0509,-0.0113,0.9918,-0.0345,-0.1229
2026-05-08T19:40:44.850,-5.2923,1.2018,54.8235,-0.0120,0.9903,-0.0350,-0.1337
2026-05-08T19:40:44.898,-5.3552,1.2019,54.5954,-0.0128,0.9887,-0.0346,-0.1452
2026-05-08T19:40:44.946,-5.4194,1.2019,54.3817,-0.0133,0.9868,-0.0341,-0.1580
2026-05-08T19:40:44.994,-5.4834,1.2018,54.1872,-0.0147,0.9834,-0.0346,-0.1774
2026-05-08T19:40:45.046,-5.5475,1.2016,54.0146,-0.0157,0.9789,-0.0351,-0.2007
2026-05-08T19:40:45.094,-5.6063,1.2013,53.8769,-0.0162,0.9719,-0.0353,-0.2321
2026-05-08T19:40:45.144,-5.6466,1.2012,53.7970,-0.0175,0.9629,-0.0341,-0.2672
2026-05-08T19:40:45.192,-5.6679,1.2009,53.7612,-0.0185,0.9519,-0.0340,-0.3038
2026-05-08T19:40:45.241,-5.6632,1.2008,53.7673,-0.0198,0.9401,-0.0337,-0.3386
2026-05-08T19:40:45.291,-5.6454,1.2005,53.7887,-0.0211,0.9264,-0.0333,-0.3744
2026-05-08T19:40:45.339,-5.6148,1.2006,53.8202,-0.0213,0.9114,-0.0323,-0.4096
2026-05-08T19:40:45.389,-5.5657,1.2005,53.8637,-0.0225,0.8960,-0.0314,-0.4424
2026-05-08T19:40:45.439,-5.4883,1.2004,53.9229,-0.0247,0.8795,-0.0312,-0.4742
2026-05-08T19:40:45.487,-5.3964,1.2005,53.9831,-0.0255,0.8626,-0.0300,-0.5044
2026-05-08T19:40:45.536,-5.3008,1.2006,54.0367,-0.0254,0.8450,-0.0290,-0.5334
2026-05-08T19:40:45.587,-5.2046,1.2006,54.0825,-0.0267,0.8268,-0.0284,-0.5611
2026-05-08T19:40:45.637,-5.0942,1.2005,54.1261,-0.0289,0.8064,-0.0282,-0.5900
2026-05-08T19:40:45.686,-4.9883,1.2005,54.1596,-0.0297,0.7854,-0.0278,-0.6176
2026-05-08T19:40:45.736,-4.8814,1.2004,54.1856,-0.0306,0.7636,-0.0268,-0.6444
2026-05-08T19:40:45.784,-4.7696,1.2005,54.2046,-0.0315,0.7403,-0.0259,-0.6710
2026-05-08T19:40:45.834,-4.6623,1.2006,54.2150,-0.0325,0.7178,-0.0248,-0.6951
2026-05-08T19:40:45.882,-4.5504,1.2006,54.2184,-0.0337,0.6936,-0.0236,-0.7192
2026-05-08T19:40:45.931,-4.4435,1.2005,54.2145,-0.0342,0.6692,-0.0232,-0.7419
2026-05-08T19:40:45.981,-4.4236,1.2004,54.2033,-0.0348,0.6428,-0.0217,-0.7650
2026-05-08T19:40:46.031,-4.4037,1.2004,54.1860,-0.0365,0.6153,-0.0204,-0.7872
2026-05-08T19:40:46.080,-4.3841,1.2003,54.1712,-0.0380,0.5845,-0.0195,-0.8103
2026-05-08T19:40:46.130,-4.3842,1.2004,54.1712,-0.0385,0.5530,-0.0180,-0.8321
2026-05-08T19:40:46.179,-4.4379,1.2004,54.1936,-0.0387,0.5210,-0.0165,-0.8525
2026-05-08T19:40:46.226,-4.5937,1.2003,54.2735,-0.0400,0.4990,-0.0151,-0.8656
2026-05-08T19:40:46.276,-4.7629,1.2002,54.3714,-0.0408,0.4813,-0.0147,-0.8755
2026-05-08T19:40:46.324,-4.9452,1.2001,54.4872,-0.0409,0.4641,-0.0141,-0.8847
2026-05-08T19:40:46.374,-5.1213,1.2001,54.6089,-0.0410,0.4478,-0.0133,-0.8931
2026-05-08T19:40:46.423,-5.2985,1.2000,54.7411,-0.0415,0.4310,-0.0120,-0.9013
2026-05-08T19:40:46.472,-5.4650,1.1999,54.8754,-0.0417,0.4151,-0.0109,-0.9087
2026-05-08T19:40:46.522,-5.6308,1.1999,55.0190,-0.0417,0.3984,-0.0106,-0.9162
2026-05-08T19:40:46.571,-5.7882,1.2001,55.1662,-0.0412,0.3809,-0.0086,-0.9237
2026-05-08T19:40:46.618,-5.9400,1.2001,55.3194,-0.0415,0.3639,-0.0075,-0.9305
2026-05-08T19:40:46.668,-6.0660,1.2002,55.4562,-0.0417,0.3419,-0.0058,-0.9388
2026-05-08T19:40:46.717,-6.1521,1.2004,55.5590,-0.0410,0.3107,-0.0040,-0.9496
2026-05-08T19:40:46.765,-6.2167,1.2006,55.6476,-0.0407,0.2779,-0.0022,-0.9598
2026-05-08T19:40:46.814,-6.2703,1.2007,55.7326,-0.0419,0.2444,0.0001,-0.9688
2026-05-08T19:40:46.862,-6.3174,1.2006,55.8200,-0.0426,0.2097,0.0013,-0.9768
2026-05-08T19:40:46.911,-6.3667,1.2006,55.9291,-0.0423,0.1785,0.0030,-0.9830
2026-05-08T19:40:46.961,-6.4125,1.2003,56.0506,-0.0438,0.1467,0.0039,-0.9882
2026-05-08T19:40:47.008,-6.4540,1.2002,56.1910,-0.0431,0.1153,0.0061,-0.9924
2026-05-08T19:40:47.054,-6.4648,1.2004,56.3386,-0.0418,0.0873,0.0074,-0.9953
2026-05-08T19:40:47.102,-6.4755,1.2006,56.5086,-0.0420,0.0626,0.0082,-0.9971
2026-05-08T19:40:47.150,-6.4856,1.2008,56.7040,-0.0404,0.0408,0.0095,-0.9983
2026-05-08T19:40:47.197,-6.4948,1.2009,56.9198,-0.0404,0.0234,0.0109,-0.9989
2026-05-08T19:40:47.245,-6.5028,1.2010,57.1380,-0.0406,0.0103,0.0118,-0.9991
2026-05-08T19:40:47.291,-6.5077,1.2012,57.3625,-0.0394,-0.0025,0.0122,-0.9991
2026-05-08T19:40:47.338,-6.5069,1.2013,57.5791,-0.0386,-0.0147,0.0124,-0.9991
2026-05-08T19:40:47.386,-6.5008,1.2012,57.7979,-0.0383,-0.0266,0.0132,-0.9988
2026-05-08T19:40:47.433,-6.4891,1.2008,58.0242,-0.0398,-0.0387,0.0143,-0.9984
2026-05-08T19:40:47.481,-6.4720,1.2008,58.2467,-0.0392,-0.0521,0.0146,-0.9978
2026-05-08T19:40:47.529,-6.4484,1.2011,58.4742,-0.0368,-0.0632,0.0152,-0.9972
2026-05-08T19:40:47.576,-6.4191,1.2011,58.7058,-0.0375,-0.0710,0.0152,-0.9967
2026-05-08T19:40:47.623,-6.3865,1.2013,58.9349,-0.0374,-0.0709,0.0153,-0.9967
2026-05-08T19:40:47.670,-6.3536,1.2013,59.1676,-0.0378,-0.0699,0.0156,-0.9967
2026-05-08T19:40:47.718,-6.3213,1.2011,59.3999,-0.0380,-0.0690,0.0150,-0.9968
2026-05-08T19:40:47.765,-6.2885,1.2008,59.6376,-0.0385,-0.0688,0.0150,-0.9968
2026-05-08T19:40:47.815,-6.2563,1.2005,59.8710,-0.0393,-0.0696,0.0154,-0.9967
2026-05-08T19:40:47.862,-6.2223,1.2003,60.1140,-0.0397,-0.0698,0.0151,-0.9967
2026-05-08T19:40:47.909,-6.1895,1.2004,60.3488,-0.0394,-0.0698,0.0144,-0.9967
2026-05-08T19:40:47.956,-6.1576,1.2004,60.5771,-0.0391,-0.0692,0.0140,-0.9967
2026-05-08T19:40:48.003,-6.1254,1.2004,60.8105,-0.0400,-0.0680,0.0147,-0.9968
2026-05-08T19:40:48.049,-6.0935,1.2003,61.0454,-0.0401,-0.0669,0.0138,-0.9969
2026-05-08T19:40:48.097,-6.0636,1.2002,61.2686,-0.0398,-0.0668,0.0137,-0.9969
2026-05-08T19:40:48.144,-6.0318,1.2002,61.5056,-0.0398,-0.0671,0.0134,-0.9969
2026-05-08T19:40:48.192,-6.0004,1.2000,61.7394,-0.0406,-0.0672,0.0136,-0.9968
2026-05-08T19:40:48.240,-5.9690,1.2000,61.9742,-0.0409,-0.0664,0.0135,-0.9969
2026-05-08T19:40:48.288,-5.9372,1.2000,62.2143,-0.0412,-0.0657,0.0137,-0.9969
2026-05-08T19:40:48.336,-5.9068,1.2000,62.4489,-0.0405,-0.0646,0.0130,-0.9970
2026-05-08T19:40:48.384,-5.8763,1.2001,62.6862,-0.0408,-0.0639,0.0126,-0.9970
2026-05-08T19:40:48.431,-5.8464,1.2002,62.9216,-0.0413,-0.0638,0.0122,-0.9970
2026-05-08T19:40:48.478,-5.8172,1.2003,63.1529,-0.0406,-0.0634,0.0110,-0.9971
2026-05-08T19:40:48.526,-5.7881,1.2004,63.3865,-0.0399,-0.0632,0.0096,-0.9972
2026-05-08T19:40:48.572,-5.7592,1.2005,63.6168,-0.0406,-0.0550,0.0091,-0.9976
2026-05-08T19:40:48.620,-5.7347,1.2005,63.8427,-0.0411,-0.0452,0.0095,-0.9981
2026-05-08T19:40:48.667,-5.7148,1.2003,64.0686,-0.0418,-0.0349,0.0086,-0.9985
2026-05-08T19:40:48.715,-5.6995,1.2004,64.2903,-0.0414,-0.0232,0.0075,-0.9988
2026-05-08T19:40:48.762,-5.6897,1.2005,64.5107,-0.0415,-0.0086,0.0063,-0.9991
2026-05-08T19:40:48.809,-5.6863,1.2006,64.7286,-0.0416,0.0070,0.0056,-0.9991
2026-05-08T19:40:48.856,-5.6897,1.2007,64.9318,-0.0417,0.0257,0.0048,-0.9988
2026-05-08T19:40:48.904,-5.7003,1.2006,65.1285,-0.0420,0.0466,0.0033,-0.9980
2026-05-08T19:40:48.953,-5.7193,1.2007,65.3268,-0.0418,0.0684,0.0019,-0.9968
2026-05-08T19:40:49.001,-5.7470,1.2008,65.5251,-0.0415,0.0903,0.0010,-0.9950
2026-05-08T19:40:49.049,-5.7830,1.2009,65.7196,-0.0416,0.1122,0.0000,-0.9928
2026-05-08T19:40:49.096,-5.8278,1.2011,65.9141,-0.0414,0.1332,-0.0009,-0.9902
2026-05-08T19:40:49.147,-5.8814,1.2012,66.1092,-0.0407,0.1521,-0.0021,-0.9875
2026-05-08T19:40:49.194,-5.9462,1.2012,66.3143,-0.0409,0.1723,-0.0026,-0.9842
2026-05-08T19:40:49.243,-6.0163,1.2012,66.5083,-0.0415,0.1921,-0.0029,-0.9805
2026-05-08T19:40:49.292,-6.0945,1.2011,66.6997,-0.0418,0.2112,-0.0043,-0.9765
2026-05-08T19:40:49.341,-6.1812,1.2011,66.8907,-0.0413,0.2306,-0.0052,-0.9722
2026-05-08T19:40:49.389,-6.2755,1.2010,67.0781,-0.0409,0.2503,-0.0061,-0.9673
2026-05-08T19:40:49.438,-6.3738,1.2010,67.2542,-0.0400,0.2723,-0.0077,-0.9613
2026-05-08T19:40:49.486,-6.4791,1.2014,67.4238,-0.0379,0.2962,-0.0093,-0.9543
2026-05-08T19:40:49.535,-6.5816,1.2016,67.5724,-0.0357,0.3206,-0.0103,-0.9465
2026-05-08T19:40:49.584,-6.6831,1.2017,67.7049,-0.0338,0.3465,-0.0084,-0.9374
2026-05-08T19:40:49.633,-6.7748,1.2019,67.8124,-0.0320,0.3767,-0.0083,-0.9257
2026-05-08T19:40:49.682,-6.8624,1.2021,67.9024,-0.0316,0.4065,-0.0075,-0.9131
2026-05-08T19:40:49.730,-6.9405,1.2022,67.9732,-0.0328,0.4374,-0.0096,-0.8986
2026-05-08T19:40:49.779,-7.0193,1.2024,68.0357,-0.0325,0.4673,-0.0098,-0.8834
2026-05-08T19:40:49.828,-7.1055,1.2025,68.0944,-0.0329,0.4977,-0.0109,-0.8667
2026-05-08T19:40:49.877,-7.1936,1.2023,68.1460,-0.0333,0.5271,-0.0118,-0.8491
2026-05-08T19:40:49.926,-7.2889,1.2024,68.1931,-0.0324,0.5573,-0.0128,-0.8296
2026-05-08T19:40:49.974,-7.3855,1.2023,68.2325,-0.0322,0.5863,-0.0131,-0.8094
2026-05-08T19:40:50.023,-7.4831,1.2021,68.2649,-0.0330,0.6122,-0.0137,-0.7899
2026-05-08T19:40:50.071,-7.5864,1.2022,68.2915,-0.0326,0.6391,-0.0141,-0.7683
2026-05-08T19:40:50.117,-7.6912,1.2021,68.3106,-0.0322,0.6651,-0.0152,-0.7459
2026-05-08T19:40:50.165,-7.7957,1.2022,68.3226,-0.0303,0.6890,-0.0156,-0.7239
2026-05-08T19:40:50.213,-7.9041,1.2023,68.3280,-0.0295,0.7122,-0.0158,-0.7011
2026-05-08T19:40:50.262,-8.0142,1.2023,68.3265,-0.0297,0.7350,-0.0170,-0.6772
2026-05-08T19:40:50.310,-8.1251,1.2023,68.3176,-0.0296,0.7575,-0.0177,-0.6519
2026-05-08T19:40:50.359,-8.2354,1.2025,68.3009,-0.0290,0.7793,-0.0187,-0.6257
2026-05-08T19:40:50.407,-8.3447,1.2025,68.2767,-0.0282,0.8000,-0.0197,-0.5990
2026-05-08T19:40:50.457,-8.4525,1.2024,68.2451,-0.0290,0.8199,-0.0217,-0.5713
2026-05-08T19:40:50.509,-8.5591,1.2022,68.2054,-0.0281,0.8400,-0.0235,-0.5414
2026-05-08T19:40:50.557,-8.6672,1.2019,68.1560,-0.0265,0.8588,-0.0252,-0.5109
2026-05-08T19:40:50.605,-8.7647,1.2017,68.1029,-0.0253,0.8755,-0.0261,-0.4818
2026-05-08T19:40:50.655,-8.8564,1.2014,68.0443,-0.0240,0.8913,-0.0276,-0.4520
2026-05-08T19:40:50.704,-8.9484,1.2014,67.9767,-0.0233,0.9070,-0.0283,-0.4194
2026-05-08T19:40:50.752,-9.0327,1.2012,67.9046,-0.0217,0.9209,-0.0292,-0.3880
2026-05-08T19:40:50.801,-9.1117,1.2012,67.8273,-0.0197,0.9336,-0.0300,-0.3564
2026-05-08T19:40:50.849,-9.1836,1.2012,67.7470,-0.0186,0.9448,-0.0301,-0.3258
2026-05-08T19:40:50.895,-9.2531,1.2012,67.6578,-0.0178,0.9556,-0.0311,-0.2924
2026-05-08T19:40:50.946,-9.3120,1.2012,67.5703,-0.0171,0.9647,-0.0321,-0.2607
2026-05-08T19:40:50.997,-9.3712,1.2012,67.4685,-0.0154,0.9735,-0.0327,-0.2259
2026-05-08T19:40:51.044,-9.4244,1.2012,67.3592,-0.0138,0.9805,-0.0333,-0.1932
2026-05-08T19:40:51.092,-9.4810,1.2013,67.2207,-0.0128,0.9859,-0.0339,-0.1633
2026-05-08T19:40:51.139,-9.5416,1.2011,67.0418,-0.0127,0.9894,-0.0355,-0.1403
2026-05-08T19:40:51.186,-9.5998,1.2011,66.8393,-0.0114,0.9917,-0.0361,-0.1232
2026-05-08T19:40:51.235,-9.6507,1.2011,66.6362,-0.0105,0.9936,-0.0359,-0.1069
2026-05-08T19:40:51.283,-9.6961,1.2011,66.4267,-0.0093,0.9952,-0.0364,-0.0905
2026-05-08T19:40:51.332,-9.7345,1.2010,66.2156,-0.0087,0.9967,-0.0368,-0.0724
2026-05-08T19:40:51.383,-9.7657,1.2009,66.0006,-0.0083,0.9978,-0.0374,-0.0539
2026-05-08T19:40:51.431,-9.7898,1.2008,65.7745,-0.0071,0.9984,-0.0376,-0.0404
2026-05-08T19:40:51.478,-9.8099,1.2008,65.5256,-0.0069,0.9984,-0.0374,-0.0407
2026-05-08T19:40:51.526,-9.8293,1.2008,65.2894,-0.0074,0.9984,-0.0375,-0.0410
2026-05-08T19:40:51.575,-9.8485,1.2008,65.0543,-0.0077,0.9984,-0.0383,-0.0410
2026-05-08T19:40:51.623,-9.8680,1.2009,64.8181,-0.0073,0.9988,-0.0378,-0.0301
2026-05-08T19:40:51.671,-9.8682,1.2009,64.8182,-0.0073,0.9988,-0.0381,-0.0309
2026-05-08T19:40:51.718,-9.8684,1.2009,64.8182,-0.0071,0.9988,-0.0380,-0.0313
2026-05-08T19:40:51.764,-9.8686,1.2009,64.8182,-0.0079,0.9988,-0.0380,-0.0311
2026-05-08T19:40:51.816,-9.8685,1.2006,64.8184,-0.0080,0.9987,-0.0399,-0.0296
2026-05-08T19:40:51.869,-9.8684,1.2007,64.8185,-0.0075,0.9988,-0.0386,-0.0283
2026-05-08T19:40:51.917,-9.8685,1.2006,64.8186,-0.0076,0.9988,-0.0388,-0.0287
2026-05-08T19:40:51.964,-9.8684,1.2005,64.8185,-0.0081,0.9988,-0.0387,-0.0281
2026-05-08T19:40:52.012,-9.8684,1.2005,64.8184,-0.0086,0.9988,-0.0384,-0.0274
2026-05-08T19:40:52.059,-9.8683,1.2005,64.8182,-0.0091,0.9989,-0.0376,-0.0262
2026-05-08T19:40:52.107,-9.8678,1.2006,64.8178,-0.0076,0.9990,-0.0360,-0.0260
2026-05-08T19:40:52.154,-9.8675,1.2006,64.8172,-0.0074,0.9990,-0.0362,-0.0254
2026-05-08T19:40:52.201,-9.8672,1.2005,64.8164,-0.0070,0.9990,-0.0363,-0.0244
2026-05-08T19:40:52.247,-9.8670,1.2005,64.8153,-0.0066,0.9990,-0.0356,-0.0249
2026-05-08T19:40:52.294,-9.8670,1.2006,64.8145,-0.0062,0.9990,-0.0351,-0.0254
2026-05-08T19:40:52.343,-9.8670,1.2008,64.8135,-0.0060,0.9991,-0.0342,-0.0255
2026-05-08T19:40:52.389,-9.8667,1.2011,64.8126,-0.0058,0.9990,-0.0352,-0.0254
2026-05-08T19:40:52.439,-9.8662,1.2010,64.8114,-0.0060,0.9991,-0.0356,-0.0244
2026-05-08T19:40:52.481,-9.8656,1.2006,64.8096,-0.0044,0.9991,-0.0339,-0.0240
2026-05-08T19:40:52.524,-9.8654,1.2009,64.8085,-0.0043,0.9991,-0.0356,-0.0248
2026-05-08T19:40:52.563,-9.8654,1.2003,64.8076,-0.0035,0.9990,-0.0352,-0.0259
2026-05-08T19:40:52.612,-9.8649,1.2001,64.8066,-0.0036,0.9990,-0.0353,-0.0273
2026-05-08T19:40:52.660,-9.8645,1.2008,64.8053,-0.0032,0.9990,-0.0359,-0.0282
2026-05-08T19:40:52.700,-9.8641,1.2007,64.8038,-0.0026,0.9989,-0.0360,-0.0303
2026-05-08T19:40:52.740,-9.8643,1.2001,64.8031,-0.0016,0.9989,-0.0353,-0.0312
2026-05-08T19:40:52.775,-9.8640,1.2001,64.8019,-0.0018,0.9989,-0.0360,-0.0315
2026-05-08T19:40:52.819,-9.8639,1.2000,64.8011,-0.0024,0.9989,-0.0369,-0.0299
2026-05-08T19:40:52.863,-9.8637,1.1997,64.7999,-0.0034,0.9989,-0.0379,-0.0279
2026-05-08T19:40:52.899,-9.8633,1.1998,64.7989,-0.0037,0.9989,-0.0382,-0.0270
2026-05-08T19:40:52.935,-9.8633,1.1996,64.7976,-0.0037,0.9990,-0.0370,-0.0266
2026-05-08T19:40:52.972,-9.8632,1.1995,64.7967,-0.0038,0.9990,-0.0370,-0.0265
2026-05-08T19:40:53.016,-9.8631,1.1993,64.7957,-0.0033,0.9989,-0.0375,-0.0265
2026-05-08T19:40:53.056,-9.8631,1.1991,64.7951,-0.0037,0.9989,-0.0392,-0.0266
2026-05-08T19:40:53.095,-9.8631,1.1992,64.7946,-0.0039,0.9988,-0.0395,-0.0274
2026-05-08T19:40:53.131,-9.8629,1.1990,64.7942,-0.0044,0.9988,-0.0398,-0.0274
2026-05-08T19:40:53.168,-9.8625,1.1989,64.7939,-0.0045,0.9988,-0.0399,-0.0272
2026-05-08T19:40:53.209,-9.8621,1.1990,64.7939,-0.0038,0.9989,-0.0399,-0.0262
2026-05-08T19:40:53.254,-9.8616,1.1990,64.7936,-0.0036,0.9989,-0.0402,-0.0246
2026-05-08T19:40:53.290,-9.8611,1.1988,64.7936,-0.0029,0.9988,-0.0407,-0.0252
2026-05-08T19:40:53.326,-9.8608,1.1986,64.7936,-0.0020,0.9988,-0.0410,-0.0253
2026-05-08T19:40:53.365,-9.8606,1.1984,64.7938,-0.0016,0.9988,-0.0406,-0.0254
2026-05-08T19:40:53.402,-9.8604,1.1984,64.7942,-0.0016,0.9988,-0.0413,-0.0252
2026-05-08T19:40:53.447,-9.8600,1.1984,64.7948,-0.0012,0.9989,-0.0410,-0.0247
2026-05-08T19:40:53.484,-9.8597,1.1985,64.7956,-0.0008,0.9989,-0.0408,-0.0239
2026-05-08T19:40:53.522,-9.8593,1.1987,64.7962,-0.0001,0.9989,-0.0403,-0.0241
2026-05-08T19:40:53.562,-9.8592,1.1988,64.7966,0.0001,0.9989,-0.0407,-0.0234
2026-05-08T19:40:53.599,-9.8590,1.1987,64.7972,0.0000,0.9989,-0.0406,-0.0231
2026-05-08T19:40:53.638,-9.8587,1.1986,64.7978,0.0000,0.9989,-0.0411,-0.0223
2026-05-08T19:40:53.677,-9.8585,1.1987,64.7983,0.0009,0.9989,-0.0407,-0.0221
2026-05-08T19:40:53.716,-9.8582,1.1988,64.7987,0.0007,0.9990,-0.0401,-0.0213
2026-05-08T19:40:53.754,-9.8580,1.1989,64.7990,0.0013,0.9990,-0.0397,-0.0211
2026-05-08T19:40:53.795,-9.8577,1.1989,64.7995,0.0011,0.9990,-0.0402,-0.0204
2026-05-08T19:40:53.835,-9.8575,1.1990,64.7999,0.0014,0.9990,-0.0399,-0.0198
2026-05-08T19:40:53.874,-9.8575,1.1992,64.8002,0.0016,0.9990,-0.0403,-0.0196
2026-05-08T19:40:53.912,-9.8573,1.1992,64.8004,0.0020,0.9990,-0.0401,-0.0188
2026-05-08T19:40:53.951,-9.8570,1.1992,64.8005,0.0028,0.9990,-0.0395,-0.0187
2026-05-08T19:40:53.988,-9.8569,1.1992,64.8005,0.0024,0.9990,-0.0396,-0.0183
2026-05-08T19:40:54.032,-9.8570,1.1991,64.8004,0.0025,0.9990,-0.0402,-0.0181
2026-05-08T19:40:54.071,-9.8569,1.1991,64.8004,0.0025,0.9990,-0.0404,-0.0181
2026-05-08T19:40:54.111,-9.8568,1.1993,64.8004,0.0029,0.9990,-0.0404,-0.0182
2026-05-08T19:40:54.150,-9.8568,1.1995,64.8004,0.0030,0.9990,-0.0400,-0.0181
2026-05-08T19:40:54.188,-9.8567,1.1995,64.8004,0.0028,0.9990,-0.0406,-0.0180
2026-05-08T19:40:54.227,-9.8566,1.1994,64.8004,0.0021,0.9990,-0.0412,-0.0176
2026-05-08T19:40:54.267,-9.8565,1.1993,64.8004,0.0026,0.9990,-0.0420,-0.0177
2026-05-08T19:40:54.306,-9.8564,1.1992,64.8004,0.0032,0.9990,-0.0416,-0.0176
2026-05-08T19:40:54.344,-9.8564,1.1991,64.8004,0.0032,0.9990,-0.0415,-0.0180
2026-05-08T19:40:54.383,-9.8563,1.1991,64.8005,0.0034,0.9990,-0.0414,-0.0178
2026-05-08T19:40:54.422,-9.8561,1.1991,64.8005,0.0042,0.9990,-0.0417,-0.0163
2026-05-08T19:40:54.460,-9.8558,1.1991,64.8002,0.0033,0.9991,-0.0395,-0.0170
2026-05-08T19:40:54.500,-9.8554,1.1989,64.8001,0.0068,0.9992,-0.0374,-0.0142
2026-05-08T19:40:54.541,-9.8549,1.1990,64.8001,0.0062,0.9992,-0.0381,-0.0135
2026-05-08T19:40:54.581,-9.8542,1.1988,64.7999,0.0032,0.9991,-0.0404,-0.0129
