timestamp_iso,frame_time_ms,fps,allocated_memory_mb,reserved_memory_mb,mono_used_mb
2026-05-09T17:22:29.467,13.90,71.9,224.61,370.64,10.22
2026-05-09T17:22:29.979,14.29,70.0,224.93,370.64,10.29
2026-05-09T17:22:30.485,14.07,71.1,224.93,372.64,10.35
2026-05-09T17:22:30.981,14.57,68.6,225.53,372.64,10.42
2026-05-09T17:22:31.479,14.18,70.5,225.57,372.64,10.54
2026-05-09T17:22:31.986,13.87,72.1,227.63,372.64,9.65
2026-05-09T17:22:32.483,12.23,81.8,227.63,372.64,9.65
2026-05-09T17:22:32.983,13.64,73.3,227.63,372.64,9.68
2026-05-09T17:22:33.474,15.64,63.9,227.63,372.64,9.72
2026-05-09T17:22:33.975,13.78,72.6,227.63,372.64,9.76
2026-05-09T17:22:34.474,13.80,72.4,227.63,372.64,9.81
2026-05-09T17:22:34.985,14.48,69.1,227.63,372.64,9.87
2026-05-09T17:22:35.487,13.26,75.4,227.63,372.64,9.94
2026-05-09T17:22:35.986,14.02,71.3,227.63,372.64,10.00
2026-05-09T17:22:36.485,13.35,74.9,227.63,372.64,10.07
2026-05-09T17:22:36.974,12.71,78.7,227.63,372.64,10.14
2026-05-09T17:22:37.475,15.44,64.7,227.63,372.64,10.20
2026-05-09T17:22:37.976,13.73,72.8,227.63,372.64,10.26
2026-05-09T17:22:38.476,14.54,68.8,227.63,372.64,10.32
2026-05-09T17:22:38.976,13.19,75.8,227.63,372.64,10.39
2026-05-09T17:22:39.476,13.27,75.4,227.63,372.64,10.45
2026-05-09T17:22:39.977,13.92,71.8,227.63,372.64,10.51
2026-05-09T17:22:40.477,14.30,69.9,227.63,372.64,10.58
2026-05-09T17:22:40.976,14.61,68.5,227.63,372.64,10.64
2026-05-09T17:22:41.475,13.17,75.9,227.63,372.64,10.70
2026-05-09T17:22:41.976,13.29,75.2,227.63,372.64,10.76
2026-05-09T17:22:42.476,13.79,72.5,227.64,372.64,10.83
2026-05-09T17:22:42.975,13.37,74.8,227.63,372.64,10.89
2026-05-09T17:22:43.476,14.62,68.4,227.64,372.64,10.96
2026-05-09T17:22:43.976,12.79,78.2,227.64,372.64,11.03
2026-05-09T17:22:44.476,13.91,71.9,227.64,372.64,11.09
2026-05-09T17:22:44.976,13.64,73.3,227.64,372.64,9.68
2026-05-09T17:22:45.476,14.32,69.8,227.64,372.64,9.70
2026-05-09T17:22:45.976,12.98,77.0,227.64,372.64,9.74
2026-05-09T17:22:46.476,13.56,73.7,227.64,372.64,9.79
2026-05-09T17:22:46.977,13.00,76.9,227.64,372.64,9.82
2026-05-09T17:22:47.477,12.78,78.3,227.64,372.64,9.87
2026-05-09T17:22:47.976,14.04,71.2,227.64,372.64,9.92
2026-05-09T17:22:48.477,13.73,72.8,227.64,372.64,9.98
2026-05-09T17:22:48.977,13.45,74.3,227.64,372.64,10.04
2026-05-09T17:22:49.477,13.29,75.3,227.64,372.64,10.11
2026-05-09T17:22:49.977,13.74,72.8,227.64,372.64,10.17
2026-05-09T17:22:50.477,13.67,73.2,227.64,372.64,10.23
2026-05-09T17:22:50.977,13.61,73.5,227.64,372.64,10.29
2026-05-09T17:22:51.476,12.91,77.5,227.64,372.64,10.36
2026-05-09T17:22:51.976,12.89,77.6,227.64,372.64,10.43
2026-05-09T17:22:52.477,12.63,79.2,227.64,372.64,10.49
2026-05-09T17:22:52.977,13.84,72.2,227.64,372.64,10.55
2026-05-09T17:22:53.477,14.38,69.6,227.64,372.64,10.61
2026-05-09T17:22:53.977,13.61,73.5,227.62,372.64,10.68
2026-05-09T17:22:54.476,12.65,79.1,227.62,372.64,10.74
2026-05-09T17:22:54.977,13.38,74.7,227.62,372.64,10.80
2026-05-09T17:22:55.477,13.13,76.2,227.62,372.64,10.84
2026-05-09T17:22:55.977,13.56,73.8,227.62,372.64,10.88
2026-05-09T17:22:56.477,14.41,69.4,227.62,372.64,10.91
2026-05-09T17:22:56.977,14.57,68.6,227.62,372.64,10.95
2026-05-09T17:22:57.477,13.23,75.6,227.62,372.64,11.00
2026-05-09T17:22:57.977,13.50,74.1,227.62,372.64,11.03
2026-05-09T17:22:58.477,13.50,74.1,227.62,372.64,11.07
2026-05-09T17:22:58.977,14.26,70.1,227.62,372.64,11.11
2026-05-09T17:22:59.477,13.61,73.5,227.62,372.64,11.15
2026-05-09T17:22:59.978,13.40,74.6,227.62,372.64,9.71
2026-05-09T17:23:00.477,13.78,72.6,227.62,372.64,9.71
2026-05-09T17:23:00.977,13.54,73.9,227.62,372.64,9.71
2026-05-09T17:23:01.477,13.29,75.2,227.62,372.64,9.73
2026-05-09T17:23:01.977,13.49,74.1,227.62,372.64,9.79
2026-05-09T17:23:02.477,12.76,78.4,227.62,372.64,9.83
2026-05-09T17:23:02.978,14.43,69.3,227.62,372.64,9.87
2026-05-09T17:23:03.477,12.85,77.8,227.63,372.64,10.54
2026-05-09T17:23:03.977,13.49,74.1,227.63,372.64,10.59
2026-05-09T17:23:04.477,13.57,73.7,227.63,372.64,10.65
2026-05-09T17:23:04.977,13.92,71.8,227.64,372.64,10.71
2026-05-09T17:23:05.477,13.51,74.0,227.63,372.64,10.78
2026-05-09T17:23:05.977,13.80,72.5,227.63,372.64,10.84
2026-05-09T17:23:06.477,14.12,70.8,227.63,372.64,10.90
2026-05-09T17:23:06.977,14.77,67.7,227.63,372.64,10.96
2026-05-09T17:23:07.477,12.19,82.0,227.63,372.64,11.03
2026-05-09T17:23:07.977,13.40,74.6,227.63,372.64,11.09
2026-05-09T17:23:08.477,12.12,82.5,227.63,372.64,9.78
2026-05-09T17:23:08.978,13.44,74.4,227.64,372.64,9.79
2026-05-09T17:23:09.477,13.62,73.4,227.64,372.64,9.82
2026-05-09T17:23:09.977,13.40,74.7,227.63,372.64,9.85
2026-05-09T17:23:10.477,12.98,77.0,227.64,372.64,9.89
2026-05-09T17:23:10.978,13.43,74.5,227.64,372.64,9.93
2026-05-09T17:23:11.478,13.25,75.4,227.63,372.64,9.99
2026-05-09T17:23:11.977,12.66,79.0,227.64,372.64,10.05
2026-05-09T17:23:12.477,12.92,77.4,227.64,372.64,10.13
2026-05-09T17:23:12.977,13.51,74.0,227.64,372.64,10.21
2026-05-09T17:23:13.476,13.32,75.1,227.64,372.64,10.27
2026-05-09T17:23:13.975,14.45,69.2,227.64,372.64,10.35
2026-05-09T17:23:14.477,12.92,77.4,227.64,372.64,10.43
2026-05-09T17:23:14.977,13.41,74.6,227.64,372.64,10.50
2026-05-09T17:23:15.476,13.69,73.0,227.64,372.64,10.59
2026-05-09T17:23:15.974,14.21,70.4,227.64,372.64,10.66
2026-05-09T17:23:16.486,13.85,72.2,227.64,372.64,10.74
2026-05-09T17:23:16.986,14.35,69.7,227.64,372.64,10.82
2026-05-09T17:23:17.486,13.89,72.0,227.64,372.64,10.91
2026-05-09T17:23:17.985,13.90,71.9,227.62,372.64,11.00
2026-05-09T17:23:18.486,13.06,76.6,227.60,372.64,11.11
2026-05-09T17:23:18.986,13.70,73.0,227.60,372.64,11.16
2026-05-09T17:23:19.486,14.66,68.2,227.60,372.64,9.83
2026-05-09T17:23:19.986,15.02,66.6,227.60,372.64,9.83
2026-05-09T17:23:20.487,14.29,70.0,227.61,372.64,9.86
2026-05-09T17:23:20.974,14.05,71.2,227.60,372.64,9.90
2026-05-09T17:23:21.474,13.80,72.5,227.60,372.64,9.95
2026-05-09T17:23:21.974,13.12,76.2,227.60,372.64,10.00
2026-05-09T17:23:22.477,14.44,69.2,227.60,372.64,10.05
2026-05-09T17:23:22.977,13.29,75.2,227.60,372.64,10.11
2026-05-09T17:23:23.477,14.14,70.7,227.60,372.64,10.18
2026-05-09T17:23:23.978,13.04,76.7,227.60,372.64,10.26
2026-05-09T17:23:24.478,13.86,72.2,227.60,372.64,10.33
2026-05-09T17:23:24.976,12.89,77.6,227.60,372.64,10.41
2026-05-09T17:23:25.477,13.68,73.1,227.60,372.64,10.48
2026-05-09T17:23:25.976,13.88,72.0,227.61,372.64,10.56
2026-05-09T17:23:26.477,13.75,72.7,227.61,372.64,10.64
2026-05-09T17:23:26.973,13.00,76.9,227.61,372.64,10.71
2026-05-09T17:23:27.485,13.01,76.9,227.61,372.64,10.79
2026-05-09T17:23:27.986,13.99,71.5,227.61,372.64,10.87
2026-05-09T17:23:28.473,14.07,71.1,227.61,372.64,10.95
2026-05-09T17:23:28.988,14.38,69.5,227.61,372.64,11.03
2026-05-09T17:23:29.474,13.92,71.9,227.61,372.64,11.11
2026-05-09T17:23:29.976,13.25,75.5,227.59,372.64,11.18
2026-05-09T17:23:30.475,13.10,76.3,227.59,372.64,9.85
2026-05-09T17:23:30.985,13.33,75.0,227.59,372.64,9.85
2026-05-09T17:23:31.485,13.64,73.3,227.59,372.64,9.87
2026-05-09T17:23:31.986,14.02,71.3,227.59,372.64,9.92
2026-05-09T17:23:32.486,13.29,75.2,227.59,372.64,9.97
2026-05-09T17:23:32.987,13.80,72.5,227.59,372.64,10.02
2026-05-09T17:23:33.486,13.99,71.5,227.59,372.64,10.07
2026-05-09T17:23:33.985,13.67,73.1,227.59,372.64,10.13
2026-05-09T17:23:34.473,13.97,71.6,227.59,372.64,10.18
2026-05-09T17:23:34.975,12.58,79.5,227.59,372.64,10.26
2026-05-09T17:23:35.474,14.53,68.8,227.59,372.64,10.34
2026-05-09T17:23:35.974,14.53,68.8,227.59,372.64,10.41
2026-05-09T17:23:36.474,13.50,74.1,227.59,372.64,10.50
2026-05-09T17:23:36.974,14.22,70.3,227.59,372.64,10.57
2026-05-09T17:23:37.475,13.54,73.8,227.59,372.64,10.65
2026-05-09T17:23:37.976,13.29,75.2,227.59,372.64,10.73
2026-05-09T17:23:38.476,13.32,75.1,227.59,372.64,10.80
2026-05-09T17:23:38.976,13.57,73.7,227.59,372.64,10.89
2026-05-09T17:23:39.477,13.70,73.0,227.59,372.64,10.96
2026-05-09T17:23:39.974,13.45,74.3,227.59,372.64,11.04
2026-05-09T17:23:40.474,14.17,70.6,227.59,372.64,11.12
2026-05-09T17:23:40.975,13.26,75.4,227.59,372.64,11.20
2026-05-09T17:23:41.476,14.41,69.4,227.57,372.64,9.85
2026-05-09T17:23:41.976,13.29,75.3,227.57,372.64,9.85
2026-05-09T17:23:42.473,13.97,71.6,227.57,372.64,9.88
2026-05-09T17:23:42.986,13.52,73.9,227.57,372.64,9.92
2026-05-09T17:23:43.486,13.92,71.8,227.57,372.64,9.97
2026-05-09T17:23:43.974,13.93,71.8,227.57,372.64,10.02
2026-05-09T17:23:44.476,13.67,73.2,227.57,372.64,10.07
2026-05-09T17:23:44.976,13.47,74.2,227.57,372.64,10.14
2026-05-09T17:23:45.476,15.02,66.6,227.57,372.64,10.19
2026-05-09T17:23:45.973,13.43,74.5,227.57,372.64,10.25
2026-05-09T17:23:46.485,12.37,80.8,227.57,372.64,10.34
2026-05-09T17:23:46.985,13.79,72.5,227.57,372.64,10.40
2026-05-09T17:23:47.485,13.72,72.9,227.57,372.64,10.48
2026-05-09T17:23:47.973,13.68,73.1,227.57,372.64,10.56
2026-05-09T17:23:48.473,14.01,71.4,227.57,372.64,10.63
2026-05-09T17:23:48.976,13.25,75.5,227.57,372.64,10.70
2026-05-09T17:23:49.477,12.91,77.5,227.57,372.64,10.78
2026-05-09T17:23:49.977,13.46,74.3,227.57,372.64,10.86
2026-05-09T17:23:50.477,13.08,76.5,227.57,372.64,10.93
2026-05-09T17:23:50.976,12.93,77.3,227.57,372.64,11.00
2026-05-09T17:23:51.474,13.41,74.6,227.57,372.64,11.07
2026-05-09T17:23:51.974,14.48,69.0,227.57,372.64,11.15
2026-05-09T17:23:52.476,13.11,76.3,227.57,372.64,9.85
2026-05-09T17:23:52.976,13.65,73.3,227.57,372.64,9.85
2026-05-09T17:23:53.476,13.56,73.7,227.57,372.64,9.87
2026-05-09T17:23:53.976,13.91,71.9,227.57,372.64,9.92
2026-05-09T17:23:54.476,14.22,70.3,227.57,372.64,9.96
2026-05-09T17:23:54.976,13.31,75.1,227.57,372.64,10.01
2026-05-09T17:23:55.476,14.05,71.2,227.57,372.64,10.06
2026-05-09T17:23:55.976,13.64,73.3,227.57,372.64,10.12
2026-05-09T17:23:56.477,13.94,71.7,227.57,372.64,10.18
2026-05-09T17:23:56.977,13.42,74.5,227.57,372.64,10.23
2026-05-09T17:23:57.477,14.22,70.3,227.57,372.64,10.30
2026-05-09T17:23:57.977,13.47,74.2,227.57,372.64,10.38
2026-05-09T17:23:58.477,13.42,74.5,227.57,372.64,10.45
2026-05-09T17:23:58.978,13.55,73.8,227.57,372.64,10.53
2026-05-09T17:23:59.478,14.37,69.6,227.57,372.64,10.60
2026-05-09T17:23:59.974,13.17,75.9,227.57,372.64,10.68
2026-05-09T17:24:00.472,14.58,68.6,227.57,372.64,10.75
2026-05-09T17:24:00.986,14.10,70.9,227.57,372.64,10.83
2026-05-09T17:24:01.485,13.16,76.0,227.57,372.64,10.91
2026-05-09T17:24:01.987,14.86,67.3,227.57,372.64,10.98
2026-05-09T17:24:02.474,14.05,71.2,227.57,372.64,11.06
2026-05-09T17:24:02.975,14.40,69.5,227.57,372.64,11.13
2026-05-09T17:24:03.476,13.68,73.1,227.57,372.64,11.21
2026-05-09T17:24:03.976,15.03,66.5,227.55,372.64,9.85
2026-05-09T17:24:04.477,14.39,69.5,227.55,372.64,9.86
2026-05-09T17:24:04.977,14.34,69.7,227.55,372.64,9.90
2026-05-09T17:24:05.477,13.89,72.0,227.55,372.64,9.95
2026-05-09T17:24:05.975,13.42,74.5,227.55,372.64,10.00
2026-05-09T17:24:06.476,13.91,71.9,227.55,372.64,10.05
2026-05-09T17:24:06.975,13.45,74.4,227.55,372.64,10.11
2026-05-09T17:24:07.486,13.76,72.7,227.55,372.64,10.17
2026-05-09T17:24:07.986,13.49,74.1,227.55,372.64,10.23
2026-05-09T17:24:08.486,12.84,77.9,227.55,372.64,10.28
2026-05-09T17:24:08.986,13.82,72.4,227.55,372.64,10.35
2026-05-09T17:24:09.485,13.63,73.4,227.55,372.64,10.41
2026-05-09T17:24:09.987,14.42,69.3,227.55,372.64,10.48
2026-05-09T17:24:10.476,13.27,75.4,227.55,372.64,10.55
2026-05-09T17:24:10.976,13.84,72.2,227.55,372.64,10.62
2026-05-09T17:24:11.478,14.69,68.1,227.55,372.64,10.70
2026-05-09T17:24:11.978,13.56,73.8,227.56,372.64,10.77
2026-05-09T17:24:12.477,13.93,71.8,227.53,372.64,10.84
2026-05-09T17:24:12.974,13.00,76.9,227.53,372.64,10.91
2026-05-09T17:24:13.473,14.58,68.6,227.53,372.64,10.98
2026-05-09T17:24:13.973,14.05,71.2,227.53,372.64,11.05
2026-05-09T17:24:14.474,14.13,70.8,227.53,372.64,11.13
2026-05-09T17:24:14.974,14.19,70.5,227.53,372.64,9.89
2026-05-09T17:24:15.475,13.10,76.4,227.53,372.64,9.89
2026-05-09T17:24:15.976,13.24,75.5,227.53,372.64,9.89
2026-05-09T17:24:16.477,12.98,77.0,227.53,372.64,9.93
2026-05-09T17:24:16.978,13.85,72.2,227.53,372.64,9.98
2026-05-09T17:24:17.476,13.18,75.9,227.53,372.64,10.03
2026-05-09T17:24:17.978,13.52,74.0,227.53,372.64,10.13
2026-05-09T17:24:18.477,12.96,77.2,227.53,372.64,10.18
2026-05-09T17:24:18.977,13.43,74.5,227.53,372.64,10.24
2026-05-09T17:24:19.478,13.75,72.7,227.53,372.64,10.30
2026-05-09T17:24:19.978,13.69,73.0,227.53,372.64,10.36
2026-05-09T17:24:20.477,14.09,71.0,227.53,372.64,10.43
2026-05-09T17:24:20.978,13.89,72.0,227.53,372.64,10.48
2026-05-09T17:24:21.477,13.91,71.9,227.53,372.64,10.54
2026-05-09T17:24:21.977,13.82,72.3,227.53,372.64,10.61
2026-05-09T17:24:22.477,14.12,70.8,227.53,372.64,10.68
2026-05-09T17:24:22.977,14.05,71.2,227.53,372.64,10.74
2026-05-09T17:24:23.473,13.57,73.7,227.53,372.64,10.82
2026-05-09T17:24:23.985,13.71,72.9,227.53,372.64,10.90
2026-05-09T17:24:24.474,14.26,70.1,227.53,372.64,10.96
2026-05-09T17:24:24.974,13.48,74.2,227.53,372.64,11.04
2026-05-09T17:24:25.486,13.91,71.9,227.53,372.64,11.11
2026-05-09T17:24:25.986,14.61,68.5,227.53,372.64,11.18
2026-05-09T17:24:26.474,13.63,73.3,227.53,372.64,11.25
2026-05-09T17:24:26.974,12.73,78.5,227.53,372.64,9.89
2026-05-09T17:24:27.476,13.24,75.5,227.53,372.64,9.89
2026-05-09T17:24:27.977,13.57,73.7,227.53,372.64,9.90
2026-05-09T17:24:28.486,13.86,72.2,227.53,372.64,9.95
2026-05-09T17:24:28.986,13.57,73.7,227.53,372.64,9.99
2026-05-09T17:24:29.486,13.04,76.7,227.53,372.64,10.04
2026-05-09T17:24:29.986,14.55,68.7,227.53,372.64,10.09
2026-05-09T17:24:30.474,14.20,70.4,227.53,372.64,10.14
2026-05-09T17:24:30.973,13.58,73.6,227.53,372.64,10.20
2026-05-09T17:24:31.485,13.88,72.0,227.53,372.64,10.25
2026-05-09T17:24:31.985,14.19,70.5,227.53,372.64,10.31
2026-05-09T17:24:32.486,12.79,78.2,227.53,372.64,10.37
2026-05-09T17:24:32.986,14.22,70.3,227.53,372.64,10.44
2026-05-09T17:24:33.487,14.10,70.9,227.59,372.64,10.52
2026-05-09T17:24:33.987,14.16,70.6,227.59,372.64,10.61
2026-05-09T17:24:34.486,13.28,75.3,227.57,372.64,10.70
2026-05-09T17:24:34.974,13.88,72.1,227.57,372.64,10.76
2026-05-09T17:24:35.474,13.53,73.9,227.57,372.64,10.84
2026-05-09T17:24:35.974,14.13,70.8,227.57,372.64,10.93
2026-05-09T17:24:36.475,14.30,69.9,227.57,372.64,11.01
2026-05-09T17:24:36.975,13.72,72.9,227.57,372.64,11.09
2026-05-09T17:24:37.476,13.91,71.9,227.57,372.64,11.17
2026-05-09T17:24:37.977,13.59,73.6,227.57,372.64,9.91
2026-05-09T17:24:38.476,13.41,74.6,227.57,372.64,9.91
2026-05-09T17:24:38.986,14.12,70.8,227.57,372.64,9.92
2026-05-09T17:24:39.486,13.39,74.7,227.57,372.64,9.95
2026-05-09T17:24:39.986,14.15,70.7,227.57,372.64,9.99
2026-05-09T17:24:40.486,13.71,73.0,227.57,372.64,10.04
2026-05-09T17:24:40.986,13.84,72.2,227.57,372.64,10.09
2026-05-09T17:24:41.486,13.23,75.6,227.57,372.64,10.16
2026-05-09T17:24:41.986,13.71,72.9,227.57,372.64,10.23
2026-05-09T17:24:42.474,13.69,73.0,227.57,372.64,10.30
2026-05-09T17:24:42.974,13.81,72.4,227.57,372.64,10.39
2026-05-09T17:24:43.474,14.10,70.9,227.57,372.64,10.47
2026-05-09T17:24:43.975,13.64,73.3,227.57,372.64,10.55
2026-05-09T17:24:44.475,13.66,73.2,227.57,372.64,10.63
2026-05-09T17:24:44.976,13.88,72.0,227.57,372.64,10.71
2026-05-09T17:24:45.476,14.07,71.1,227.57,372.64,10.79
2026-05-09T17:24:45.976,14.18,70.5,227.57,372.64,10.87
2026-05-09T17:24:46.476,13.78,72.5,227.55,372.64,10.96
2026-05-09T17:24:46.976,13.43,74.4,227.55,372.64,11.04
2026-05-09T17:24:47.476,13.91,71.9,227.55,372.64,11.12
2026-05-09T17:24:47.975,13.92,71.8,227.55,372.64,11.20
2026-05-09T17:24:48.476,14.32,69.8,227.55,372.64,9.93
2026-05-09T17:24:48.975,14.38,69.6,227.55,372.64,9.93
2026-05-09T17:24:49.476,13.94,71.7,227.55,372.64,9.93
2026-05-09T17:24:49.974,13.69,73.0,227.55,372.64,9.98
2026-05-09T17:24:50.487,13.19,75.8,227.55,372.64,10.03
2026-05-09T17:24:50.974,13.11,76.3,227.55,372.64,10.07
2026-05-09T17:24:51.475,13.68,73.1,227.55,372.64,10.12
2026-05-09T17:24:51.976,13.37,74.8,227.55,372.64,10.17
2026-05-09T17:24:52.476,14.21,70.4,227.55,372.64,10.23
2026-05-09T17:24:52.976,14.64,68.3,227.55,372.64,10.31
2026-05-09T17:24:53.475,13.43,74.5,227.55,372.64,10.38
2026-05-09T17:24:53.973,14.40,69.4,227.55,372.64,10.46
2026-05-09T17:24:54.474,14.43,69.3,227.55,372.64,10.54
2026-05-09T17:24:54.975,13.33,75.0,227.55,372.64,10.61
2026-05-09T17:24:55.475,13.56,73.7,227.55,372.64,10.69
2026-05-09T17:24:55.975,14.18,70.5,227.55,372.64,10.77
2026-05-09T17:24:56.476,13.15,76.1,227.55,372.64,10.85
2026-05-09T17:24:56.976,13.02,76.8,227.55,372.64,10.93
2026-05-09T17:24:57.473,13.79,72.5,227.55,372.64,11.00
2026-05-09T17:24:57.987,13.75,72.7,227.55,372.64,11.07
2026-05-09T17:24:58.487,13.28,75.3,227.55,372.64,11.16
2026-05-09T17:24:58.987,13.47,74.2,227.55,372.64,11.23
2026-05-09T17:24:59.473,13.67,73.1,227.55,372.64,9.93
2026-05-09T17:24:59.975,13.50,74.1,227.55,372.64,9.93
2026-05-09T17:25:00.475,13.69,73.1,227.55,372.64,9.94
2026-05-09T17:25:00.976,13.72,72.9,227.55,372.64,9.98
2026-05-09T17:25:01.476,13.90,72.0,227.55,372.64,10.02
2026-05-09T17:25:01.978,13.80,72.5,227.55,372.64,10.06
2026-05-09T17:25:02.475,13.34,75.0,227.55,372.64,10.10
2026-05-09T17:25:02.986,13.46,74.3,227.55,372.64,10.16
2026-05-09T17:25:03.486,13.69,73.0,227.55,372.64,10.22
2026-05-09T17:25:03.986,13.40,74.6,227.55,372.64,10.30
2026-05-09T17:25:04.486,12.92,77.4,227.55,372.64,10.38
2026-05-09T17:25:04.986,13.51,74.0,227.55,372.64,10.45
2026-05-09T17:25:05.486,13.72,72.9,227.55,372.64,10.53
2026-05-09T17:25:05.986,13.83,72.3,227.55,372.64,10.60
2026-05-09T17:25:06.473,13.48,74.2,227.55,372.64,10.67
2026-05-09T17:25:06.987,13.94,71.7,227.60,372.64,10.76
2026-05-09T17:25:07.486,13.41,74.6,227.60,372.64,10.84
2026-05-09T17:25:07.986,13.82,72.4,227.60,372.64,10.92
2026-05-09T17:25:08.487,12.97,77.1,227.60,372.64,11.00
2026-05-09T17:25:08.975,13.61,73.5,227.60,372.64,11.07
2026-05-09T17:25:09.477,13.76,72.7,227.59,372.64,11.14
2026-05-09T17:25:09.977,12.80,78.1,227.60,372.64,11.22
2026-05-09T17:25:10.476,13.44,74.4,227.60,372.64,9.94
2026-05-09T17:25:10.977,12.91,77.5,227.59,372.64,9.94
2026-05-09T17:25:11.477,13.27,75.3,227.60,372.64,9.95
2026-05-09T17:25:11.974,13.55,73.8,227.60,372.64,9.97
2026-05-09T17:25:12.487,13.89,72.0,227.60,372.64,10.01
2026-05-09T17:25:13.185,333.33,3.0,275.50,416.65,13.57
2026-05-09T17:25:13.502,14.90,67.1,275.50,416.65,13.64
2026-05-09T17:25:14.010,14.28,70.0,275.50,416.65,12.89
2026-05-09T17:25:14.511,14.65,68.2,275.48,416.65,12.94
2026-05-09T17:25:14.998,13.97,71.6,275.48,416.65,13.01
2026-05-09T17:25:15.500,14.28,70.0,275.48,416.65,13.09
2026-05-09T17:25:15.997,12.91,77.4,275.48,416.65,13.18
2026-05-09T17:25:16.497,13.24,75.5,275.48,416.65,13.28
2026-05-09T17:25:16.997,13.07,76.5,275.48,416.65,13.37
2026-05-09T17:25:17.497,14.20,70.4,275.48,416.65,13.47
2026-05-09T17:25:17.997,13.10,76.3,275.48,416.65,13.59
2026-05-09T17:25:18.498,13.04,76.7,275.48,416.65,13.71
2026-05-09T17:25:18.998,13.15,76.1,275.48,416.65,13.83
2026-05-09T17:25:19.498,14.82,67.5,275.48,416.65,13.95
2026-05-09T17:25:19.999,15.02,66.6,275.48,416.65,14.09
2026-05-09T17:25:20.500,14.63,68.4,275.48,416.65,14.23
2026-05-09T17:25:21.000,15.53,64.4,275.48,416.65,14.38
2026-05-09T17:25:21.500,14.46,69.2,275.48,416.65,14.53
2026-05-09T17:25:21.999,14.02,71.3,275.48,416.65,14.67
2026-05-09T17:25:22.499,14.05,71.2,275.48,416.65,12.93
2026-05-09T17:25:22.999,14.86,67.3,275.48,416.65,12.98
2026-05-09T17:25:23.500,15.71,63.7,275.48,416.65,13.06
2026-05-09T17:25:23.999,14.89,67.2,275.48,416.65,13.15
2026-05-09T17:25:24.499,14.43,69.3,275.48,416.65,13.25
2026-05-09T17:25:24.997,13.59,73.6,275.48,416.65,13.34
2026-05-09T17:25:25.498,13.44,74.4,275.48,416.65,13.45
2026-05-09T17:25:26.000,14.72,67.9,275.48,416.65,13.55
2026-05-09T17:25:26.501,14.74,67.8,275.48,416.65,13.67
2026-05-09T17:25:26.999,14.15,70.7,275.48,416.65,13.79
2026-05-09T17:25:27.500,15.19,65.8,275.48,416.65,13.91
2026-05-09T17:25:28.001,14.60,68.5,275.48,416.65,14.04
2026-05-09T17:25:28.499,13.52,74.0,275.48,416.65,14.19
2026-05-09T17:25:28.998,13.70,73.0,275.48,416.65,14.33
2026-05-09T17:25:29.499,13.80,72.5,275.48,416.65,14.46
2026-05-09T17:25:30.000,14.07,71.1,275.46,416.65,14.62
2026-05-09T17:25:30.501,15.08,66.3,275.46,416.65,12.93
2026-05-09T17:25:30.999,14.32,69.8,275.46,416.65,12.99
2026-05-09T17:25:31.498,13.63,73.4,275.46,416.65,13.06
2026-05-09T17:25:31.998,13.82,72.4,275.46,416.65,13.14
2026-05-09T17:25:32.499,14.07,71.1,275.46,416.65,13.23
2026-05-09T17:25:33.004,15.02,66.6,275.46,416.65,13.34
2026-05-09T17:25:33.504,13.74,72.8,275.46,416.65,13.44
2026-05-09T17:25:34.003,14.62,68.4,275.45,416.65,13.54
2026-05-09T17:25:34.501,14.46,69.2,275.46,416.65,13.64
2026-05-09T17:25:34.999,14.11,70.9,275.46,416.65,13.75
2026-05-09T17:25:35.500,14.11,70.9,275.46,416.65,13.86
2026-05-09T17:25:36.002,14.41,69.4,275.46,416.65,14.00
2026-05-09T17:25:36.503,14.61,68.4,275.46,416.65,14.14
2026-05-09T17:25:37.003,14.55,68.7,275.46,416.65,14.32
2026-05-09T17:25:37.502,14.39,69.5,275.46,416.65,14.46
2026-05-09T17:25:38.002,14.36,69.6,275.46,416.65,14.61
2026-05-09T17:25:38.500,15.63,64.0,275.43,416.65,12.96
2026-05-09T17:25:39.002,14.37,69.6,275.43,416.65,13.03
2026-05-09T17:25:39.502,14.33,69.8,275.43,416.65,13.09
2026-05-09T17:25:40.002,14.49,69.0,275.43,416.65,13.17
2026-05-09T17:25:40.503,14.95,66.9,275.43,416.65,13.25
2026-05-09T17:25:41.004,14.68,68.1,275.43,416.65,13.35
2026-05-09T17:25:41.505,14.04,71.2,275.43,416.65,13.45
2026-05-09T17:25:42.006,14.07,71.1,275.43,416.65,13.55
2026-05-09T17:25:42.504,13.23,75.6,275.43,416.65,13.66
2026-05-09T17:25:43.000,14.60,68.5,275.43,416.65,13.76
2026-05-09T17:25:43.499,13.44,74.4,275.50,416.65,13.90
2026-05-09T17:25:43.999,13.75,72.7,275.50,416.65,14.03
2026-05-09T17:25:44.500,14.90,67.1,275.50,416.65,14.17
2026-05-09T17:25:45.000,8.91,112.3,275.50,416.65,14.36
2026-05-09T17:25:45.500,13.78,72.6,275.52,416.65,14.51
2026-05-09T17:25:46.002,14.67,68.2,275.52,416.65,14.67
2026-05-09T17:25:46.505,15.07,66.4,275.52,416.65,13.00
2026-05-09T17:25:47.002,14.41,69.4,275.50,416.65,13.06
2026-05-09T17:25:47.501,13.72,72.9,275.50,416.65,13.13
2026-05-09T17:25:48.001,14.91,67.0,275.50,416.65,13.20
2026-05-09T17:25:48.502,14.23,70.3,275.50,416.65,13.29
2026-05-09T17:25:49.001,14.49,69.0,275.50,416.65,13.39
2026-05-09T17:25:49.499,14.33,69.8,275.50,416.65,13.50
2026-05-09T17:25:49.999,13.49,74.1,275.50,416.65,13.63
2026-05-09T17:25:50.500,14.97,66.8,275.50,416.65,13.75
2026-05-09T17:25:51.002,14.48,69.1,275.50,416.65,13.88
2026-05-09T17:25:51.502,14.17,70.6,275.50,416.65,14.00
2026-05-09T17:25:52.001,14.00,71.4,275.50,416.65,14.14
2026-05-09T17:25:52.503,15.01,66.6,275.50,416.65,14.30
2026-05-09T17:25:53.002,14.27,70.1,275.50,416.65,14.45
2026-05-09T17:25:53.503,14.75,67.8,275.50,416.65,14.60
2026-05-09T17:25:54.001,14.72,67.9,275.50,416.65,13.01
2026-05-09T17:25:54.500,14.87,67.3,275.50,416.65,13.04
2026-05-09T17:25:55.001,14.70,68.0,275.50,416.65,13.10
2026-05-09T17:25:55.502,14.68,68.1,275.50,416.65,13.16
2026-05-09T17:25:56.002,14.74,67.9,275.50,416.65,13.25
2026-05-09T17:25:56.502,14.23,70.3,275.47,416.65,13.35
2026-05-09T17:25:57.002,15.19,65.9,275.47,416.65,13.45
2026-05-09T17:25:57.503,15.16,66.0,275.48,416.65,13.57
2026-05-09T17:25:58.001,13.49,74.1,275.48,416.65,13.70
2026-05-09T17:25:58.499,14.49,69.0,275.47,416.65,13.82
2026-05-09T17:25:58.999,14.98,66.8,275.47,416.65,13.94
2026-05-09T17:25:59.499,14.31,69.9,275.48,416.65,14.07
2026-05-09T17:26:00.001,14.48,69.0,275.48,416.65,14.21
2026-05-09T17:26:00.503,14.47,69.1,275.47,416.65,14.36
2026-05-09T17:26:01.003,14.60,68.5,275.48,416.65,14.51
2026-05-09T17:26:01.502,14.32,69.8,275.48,416.65,14.66
2026-05-09T17:26:01.999,15.19,65.8,275.47,416.65,13.02
2026-05-09T17:26:02.500,15.45,64.7,275.47,416.65,13.07
2026-05-09T17:26:03.001,15.51,64.5,275.48,416.65,13.14
2026-05-09T17:26:03.502,14.64,68.3,275.48,416.65,13.21
2026-05-09T17:26:04.002,14.79,67.6,275.47,416.65,13.30
2026-05-09T17:26:04.502,14.42,69.4,275.47,416.65,13.39
2026-05-09T17:26:05.004,14.19,70.5,275.48,416.65,13.50
2026-05-09T17:26:05.506,14.89,67.2,275.47,416.65,13.60
2026-05-09T17:26:06.004,14.97,66.8,275.47,416.65,13.72
2026-05-09T17:26:06.505,14.76,67.8,275.48,416.65,13.85
2026-05-09T17:26:07.006,14.62,68.4,275.48,416.65,13.97
2026-05-09T17:26:07.504,14.02,71.3,275.47,416.65,14.11
2026-05-09T17:26:08.001,14.43,69.3,275.47,416.65,14.25
2026-05-09T17:26:08.501,15.36,65.1,275.48,416.65,14.40
2026-05-09T17:26:09.001,15.45,64.7,275.48,416.65,14.55
2026-05-09T17:26:09.501,15.85,63.1,275.47,416.65,14.70
2026-05-09T17:26:10.001,14.54,68.8,275.47,416.65,13.03
2026-05-09T17:26:10.502,14.90,67.1,275.48,416.65,13.09
2026-05-09T17:26:11.001,14.84,67.4,275.48,416.65,13.16
2026-05-09T17:26:11.501,15.32,65.3,275.47,416.65,13.23
2026-05-09T17:26:12.001,14.46,69.1,275.48,416.65,13.32
2026-05-09T17:26:12.501,14.93,67.0,275.48,416.65,13.42
2026-05-09T17:26:13.000,14.39,69.5,275.47,416.65,13.51
2026-05-09T17:26:13.501,14.72,67.9,275.47,416.65,13.65
2026-05-09T17:26:14.000,15.18,65.9,275.48,416.65,13.78
2026-05-09T17:26:14.501,14.73,67.9,275.48,416.65,13.89
2026-05-09T17:26:15.002,15.08,66.3,275.47,416.65,14.02
2026-05-09T17:26:15.499,14.06,71.1,275.47,416.65,14.15
2026-05-09T17:26:15.999,14.82,67.5,275.48,416.65,14.29
2026-05-09T17:26:16.499,14.01,71.4,275.48,416.65,14.45
2026-05-09T17:26:16.999,14.35,69.7,275.47,416.65,14.60
2026-05-09T17:26:17.499,14.73,67.9,275.48,416.65,13.03
2026-05-09T17:26:17.995,17.55,57.0,276.02,416.65,16.16
2026-05-09T17:26:18.510,13.19,75.8,276.03,416.65,16.25
2026-05-09T17:26:18.997,13.37,74.8,276.03,416.65,16.38
2026-05-09T17:26:19.499,13.60,73.5,276.03,416.65,16.52
2026-05-09T17:26:19.999,13.90,72.0,276.01,416.65,16.67
2026-05-09T17:26:20.498,14.50,68.9,276.01,416.65,16.83
2026-05-09T17:26:20.998,124.38,8.0,297.65,432.65,17.23
2026-05-09T17:26:21.500,13.09,76.4,297.72,432.65,17.64
2026-05-09T17:26:22.007,13.09,76.4,297.71,432.65,16.48
2026-05-09T17:26:22.496,14.24,70.2,297.71,432.65,16.88
2026-05-09T17:26:22.998,14.08,71.0,297.71,432.65,17.27
2026-05-09T17:26:23.499,16.04,62.3,297.71,432.65,17.68
2026-05-09T17:26:24.085,193.49,5.2,297.83,432.65,18.02
2026-05-09T17:26:24.507,14.73,67.9,297.72,432.65,16.45
2026-05-09T17:26:25.000,14.53,68.8,297.72,432.65,16.65
2026-05-09T17:26:25.501,14.29,70.0,297.72,432.65,16.90
2026-05-09T17:26:26.002,14.75,67.8,297.72,432.65,17.14
2026-05-09T17:26:26.501,14.63,68.4,297.72,432.65,17.39
2026-05-09T17:26:27.110,185.11,5.4,297.88,432.65,17.62
2026-05-09T17:26:27.500,14.56,68.7,297.80,432.65,18.01
2026-05-09T17:26:28.000,13.87,72.1,297.79,432.65,16.61
2026-05-09T17:26:28.501,14.81,67.5,297.79,432.65,16.80
2026-05-09T17:26:29.001,14.62,68.4,297.79,432.65,17.17
2026-05-09T17:26:29.501,14.67,68.2,297.79,432.65,17.56
2026-05-09T17:26:30.110,190.54,5.2,297.89,432.65,17.91
2026-05-09T17:26:30.508,14.67,68.1,297.77,432.65,18.18
2026-05-09T17:26:31.005,14.40,69.4,297.77,432.65,18.42
2026-05-09T17:26:31.505,14.23,70.3,297.76,432.65,16.75
2026-05-09T17:26:32.003,14.17,70.6,297.76,432.65,16.91
2026-05-09T17:26:32.503,14.96,66.8,297.76,432.65,17.10
2026-05-09T17:26:33.113,183.54,5.4,297.95,432.65,17.28
2026-05-09T17:26:33.498,13.66,73.2,297.83,432.65,17.45
2026-05-09T17:26:34.000,13.86,72.1,297.83,432.65,17.68
2026-05-09T17:26:34.501,14.13,70.7,297.83,432.65,17.93
2026-05-09T17:26:35.001,13.88,72.0,297.83,432.65,18.19
2026-05-09T17:26:35.501,14.20,70.4,297.83,432.65,18.44
2026-05-09T17:26:36.117,179.24,5.6,297.93,432.65,18.70
2026-05-09T17:26:36.504,12.93,77.4,297.80,432.65,17.03
2026-05-09T17:26:37.004,14.69,68.1,297.80,432.65,17.19
2026-05-09T17:26:37.506,15.03,66.5,297.80,432.65,17.42
2026-05-09T17:26:38.004,14.28,70.0,297.49,432.65,17.71
2026-05-09T17:26:38.505,14.85,67.4,297.49,432.65,17.99
2026-05-09T17:26:39.006,14.69,68.1,297.49,432.65,18.26
2026-05-09T17:26:39.503,14.12,70.8,297.49,432.65,18.53
2026-05-09T17:26:40.000,16.11,62.1,297.49,432.65,18.81
2026-05-09T17:26:40.500,15.30,65.3,297.49,432.65,17.20
2026-05-09T17:26:41.000,15.55,64.3,297.49,432.65,17.36
2026-05-09T17:26:41.500,15.58,64.2,297.49,432.65,17.61
2026-05-09T17:26:41.999,16.08,62.2,297.49,432.65,17.86
2026-05-09T17:26:42.499,15.28,65.5,297.49,432.65,18.12
2026-05-09T17:26:42.999,13.96,71.6,297.49,432.65,18.39
2026-05-09T17:26:43.499,14.80,67.6,297.36,432.65,18.73
2026-05-09T17:26:44.000,15.03,66.5,297.36,432.65,19.03
2026-05-09T17:26:44.502,15.21,65.7,297.34,432.65,17.36
2026-05-09T17:26:44.999,14.57,68.7,297.34,432.65,17.52
2026-05-09T17:26:45.500,15.48,64.6,297.34,432.65,17.73
2026-05-09T17:26:46.000,14.47,69.1,297.34,432.65,17.98
2026-05-09T17:26:46.502,14.04,71.2,297.34,432.65,18.24
2026-05-09T17:26:47.005,14.20,70.4,297.34,432.65,18.53
2026-05-09T17:26:47.505,13.56,73.8,297.34,432.65,18.80
2026-05-09T17:26:48.003,13.96,71.6,297.34,432.65,19.09
2026-05-09T17:26:48.502,14.98,66.8,297.34,432.65,19.41
2026-05-09T17:26:49.001,14.80,67.6,297.34,432.65,17.61
2026-05-09T17:26:49.501,14.77,67.7,297.34,432.65,17.76
2026-05-09T17:26:50.001,14.96,66.8,297.34,432.65,17.99
2026-05-09T17:26:50.501,15.24,65.6,297.34,432.65,18.24
2026-05-09T17:26:51.000,15.68,63.8,297.34,432.65,18.51
2026-05-09T17:26:51.500,14.55,68.7,297.34,432.65,18.79
2026-05-09T17:26:51.999,15.22,65.7,297.34,432.65,19.08
2026-05-09T17:26:52.500,15.72,63.6,297.34,432.65,19.38
2026-05-09T17:26:53.001,12.52,79.9,297.34,432.65,17.77
2026-05-09T17:26:53.502,13.82,72.4,297.34,432.65,17.83
2026-05-09T17:26:54.003,15.10,66.2,297.34,432.65,17.99
2026-05-09T17:26:54.505,14.20,70.4,297.34,432.65,18.23
2026-05-09T17:26:55.005,14.47,69.1,297.34,432.65,18.47
2026-05-09T17:26:55.504,13.62,73.4,297.34,432.65,18.74
2026-05-09T17:26:56.001,14.70,68.0,297.34,432.65,19.01
2026-05-09T17:26:56.499,16.55,60.4,297.34,432.65,19.29
2026-05-09T17:26:56.999,14.36,69.6,297.34,432.65,19.59
2026-05-09T17:26:57.500,15.52,64.4,297.34,432.65,19.92
2026-05-09T17:26:58.001,14.35,69.7,297.34,432.65,18.03
2026-05-09T17:26:58.501,15.30,65.4,297.34,432.65,18.18
2026-05-09T17:26:59.002,16.32,61.3,297.34,432.65,18.41
2026-05-09T17:26:59.502,14.22,70.3,297.34,432.65,18.69
2026-05-09T17:27:00.005,14.37,69.6,297.34,432.65,18.95
2026-05-09T17:27:00.505,13.15,76.1,297.34,432.65,19.23
2026-05-09T17:27:01.006,14.03,71.3,297.32,432.65,19.51
2026-05-09T17:27:01.506,14.12,70.8,297.31,432.65,19.80
2026-05-09T17:27:02.005,14.73,67.9,297.31,432.65,20.11
2026-05-09T17:27:02.505,14.41,69.4,297.32,432.65,18.21
2026-05-09T17:27:03.005,13.94,71.7,297.32,432.65,18.36
2026-05-09T17:27:03.504,14.04,71.2,297.31,432.65,18.56
2026-05-09T17:27:04.004,13.76,72.7,297.31,432.65,18.80
2026-05-09T17:27:04.504,14.75,67.8,297.31,432.65,19.04
2026-05-09T17:27:05.004,14.65,68.3,297.32,432.65,19.32
2026-05-09T17:27:05.505,14.33,69.8,297.32,432.65,19.59
2026-05-09T17:27:06.005,14.39,69.5,297.31,432.65,19.85
2026-05-09T17:27:06.505,14.11,70.9,297.31,432.65,20.12
2026-05-09T17:27:07.005,13.78,72.6,297.32,432.65,20.42
2026-05-09T17:27:07.505,13.54,73.9,297.32,432.65,18.44
2026-05-09T17:27:08.004,14.15,70.6,297.31,432.65,18.57
2026-05-09T17:27:08.503,14.62,68.4,297.31,432.65,18.77
2026-05-09T17:27:09.002,14.72,68.0,297.32,432.65,19.01
2026-05-09T17:27:09.502,14.92,67.0,297.32,432.65,19.26
2026-05-09T17:27:10.004,14.40,69.5,297.32,432.65,19.54
2026-05-09T17:27:10.504,14.63,68.3,297.34,432.65,19.86
2026-05-09T17:27:11.004,14.19,70.5,297.34,432.65,20.14
2026-05-09T17:27:11.504,14.34,69.7,297.34,432.65,20.46
2026-05-09T17:27:12.005,14.58,68.6,297.34,432.65,18.70
2026-05-09T17:27:12.505,14.63,68.4,297.32,432.65,18.75
2026-05-09T17:27:13.004,14.43,69.3,297.32,432.65,18.93
2026-05-09T17:27:13.503,14.23,70.3,297.32,432.65,19.22
2026-05-09T17:27:14.004,13.54,73.8,297.32,432.65,19.46
2026-05-09T17:27:14.505,14.89,67.2,297.32,432.65,19.75
2026-05-09T17:27:15.004,13.68,73.1,297.32,432.65,20.03
2026-05-09T17:27:15.499,15.29,65.4,297.32,432.65,20.32
2026-05-09T17:27:15.999,15.28,65.4,297.32,432.65,20.63
2026-05-09T17:27:16.499,14.51,68.9,297.32,432.65,20.96
2026-05-09T17:27:17.000,15.78,63.4,297.32,432.65,18.94
2026-05-09T17:27:17.500,14.63,68.4,297.32,432.65,19.06
2026-05-09T17:27:17.999,14.82,67.5,297.29,432.65,19.31
2026-05-09T17:27:18.501,14.70,68.0,297.29,432.65,19.54
2026-05-09T17:27:19.005,14.58,68.6,297.29,432.65,19.80
2026-05-09T17:27:19.505,14.24,70.2,297.29,432.65,20.08
2026-05-09T17:27:20.004,14.77,67.7,297.29,432.65,20.37
2026-05-09T17:27:20.505,13.99,71.5,297.29,432.65,20.66
2026-05-09T17:27:21.004,13.53,73.9,297.29,432.65,20.98
2026-05-09T17:27:21.505,14.61,68.5,297.29,432.65,21.31
2026-05-09T17:27:22.005,13.81,72.4,297.29,432.65,19.18
2026-05-09T17:27:22.506,14.65,68.3,297.29,432.65,19.32
2026-05-09T17:27:23.006,14.50,69.0,297.29,432.65,19.56
2026-05-09T17:27:23.506,14.82,67.5,297.29,432.65,19.80
2026-05-09T17:27:24.006,13.91,71.9,297.29,432.65,20.06
2026-05-09T17:27:24.502,14.37,69.6,297.29,432.65,20.32
2026-05-09T17:27:24.999,16.05,62.3,297.29,432.65,20.61
2026-05-09T17:27:25.499,15.55,64.3,297.29,432.65,20.91
2026-05-09T17:27:25.999,5.82,171.9,297.33,432.65,21.38
2026-05-09T17:27:26.499,15.21,65.8,297.36,432.65,19.49
2026-05-09T17:27:27.006,14.41,69.4,297.36,432.65,19.63
2026-05-09T17:27:27.503,13.76,72.7,297.36,432.65,19.86
2026-05-09T17:27:28.003,14.17,70.5,297.36,432.65,20.16
2026-05-09T17:27:28.502,14.20,70.4,297.33,432.65,20.45
2026-05-09T17:27:29.002,14.27,70.1,297.33,432.65,20.75
2026-05-09T17:27:29.503,14.46,69.1,297.33,432.65,21.09
2026-05-09T17:27:30.004,14.15,70.7,297.33,432.65,21.43
2026-05-09T17:27:30.504,14.14,70.7,297.33,432.65,21.77
2026-05-09T17:27:31.004,14.39,69.5,297.33,432.65,19.69
2026-05-09T17:27:31.504,13.66,73.2,297.33,432.65,19.82
2026-05-09T17:27:32.003,14.19,70.5,297.33,432.65,20.11
2026-05-09T17:27:32.502,13.68,73.1,297.33,432.65,20.41
2026-05-09T17:27:33.002,14.45,69.2,297.33,432.65,20.70
2026-05-09T17:27:33.504,13.77,72.6,297.33,432.65,21.01
2026-05-09T17:27:34.004,14.77,67.7,297.33,432.65,21.35
2026-05-09T17:27:34.501,13.91,71.9,297.33,432.65,21.69
2026-05-09T17:27:34.997,14.45,69.2,297.33,432.65,22.04
2026-05-09T17:27:35.498,15.09,66.2,297.33,432.65,19.93
2026-05-09T17:27:36.000,15.34,65.2,297.33,432.65,20.08
2026-05-09T17:27:36.504,13.83,72.3,297.33,432.65,20.29
2026-05-09T17:27:37.004,13.73,72.8,297.33,432.65,20.58
2026-05-09T17:27:37.498,14.08,71.0,297.33,432.65,20.88
2026-05-09T17:27:37.998,13.51,74.0,297.33,432.65,21.19
2026-05-09T17:27:38.498,15.00,66.7,297.33,432.65,21.52
2026-05-09T17:27:38.998,13.80,72.5,297.33,432.65,21.84
2026-05-09T17:27:39.499,14.87,67.2,297.33,432.65,22.19
2026-05-09T17:27:39.998,14.49,69.0,297.33,432.65,22.57
2026-05-09T17:27:40.498,13.93,71.8,297.33,432.65,20.20
2026-05-09T17:27:40.997,14.27,70.1,297.33,432.65,20.41
2026-05-09T17:27:41.498,14.76,67.8,297.33,432.65,20.67
2026-05-09T17:27:41.998,14.37,69.6,297.33,432.65,20.97
2026-05-09T17:27:42.498,14.29,70.0,297.33,432.65,21.27
2026-05-09T17:27:42.999,15.71,63.7,297.33,432.65,21.59
2026-05-09T17:27:43.499,14.49,69.0,297.33,432.65,21.99
2026-05-09T17:27:43.999,15.30,65.4,297.33,432.65,22.32
2026-05-09T17:27:44.499,13.85,72.2,297.33,432.65,22.71
2026-05-09T17:27:45.000,14.60,68.5,297.33,432.65,20.38
2026-05-09T17:27:45.504,14.54,68.8,297.33,432.65,20.57
2026-05-09T17:27:45.999,13.36,74.9,297.33,432.65,20.82
2026-05-09T17:27:46.504,13.58,73.6,297.33,432.65,21.12
2026-05-09T17:27:47.002,14.40,69.5,297.33,432.65,21.42
2026-05-09T17:27:47.502,14.43,69.3,297.33,432.65,21.74
2026-05-09T17:27:48.004,14.60,68.5,297.33,432.65,22.07
2026-05-09T17:27:48.505,14.15,70.6,297.33,432.65,22.41
2026-05-09T17:27:49.003,13.43,74.5,297.33,432.65,22.77
2026-05-09T17:27:49.503,14.80,67.6,297.33,432.65,23.16
2026-05-09T17:27:50.003,15.32,65.3,297.08,432.65,17.01
2026-05-09T17:27:50.504,13.46,74.3,297.08,432.65,17.23
2026-05-09T17:27:51.005,14.40,69.4,297.08,432.65,17.51
2026-05-09T17:27:51.505,13.93,71.8,297.08,432.65,17.80
2026-05-09T17:27:52.005,14.43,69.3,297.09,432.65,18.11
2026-05-09T17:27:52.504,13.60,73.5,297.08,432.65,18.44
2026-05-09T17:27:52.999,14.81,67.5,297.09,432.65,17.01
2026-05-09T17:27:53.499,15.41,64.9,297.06,432.65,17.23
2026-05-09T17:27:53.999,15.03,66.5,297.06,432.65,17.51
2026-05-09T17:27:54.499,15.02,66.6,297.06,432.65,17.81
2026-05-09T17:27:55.002,14.47,69.1,297.06,432.65,18.13
2026-05-09T17:27:55.502,13.58,73.6,297.06,432.65,18.46
2026-05-09T17:27:56.002,14.57,68.6,297.06,432.65,17.07
2026-05-09T17:27:56.499,15.15,66.0,297.06,432.65,17.15
2026-05-09T17:27:56.998,14.11,70.9,297.06,432.65,17.37
2026-05-09T17:27:57.499,14.80,67.6,297.06,432.65,17.66
2026-05-09T17:27:57.999,14.73,67.9,297.06,432.65,17.98
2026-05-09T17:27:58.500,15.28,65.5,297.06,432.65,18.30
2026-05-09T17:27:59.001,14.13,70.8,297.06,432.65,18.63
2026-05-09T17:27:59.502,14.29,70.0,297.06,432.65,17.20
2026-05-09T17:28:00.005,13.96,71.6,297.06,432.65,17.30
2026-05-09T17:28:00.504,13.31,75.1,297.06,432.65,17.53
2026-05-09T17:28:01.005,13.93,71.8,297.06,432.65,17.83
2026-05-09T17:28:01.504,13.55,73.8,297.06,432.65,18.13
2026-05-09T17:28:02.003,12.93,77.3,297.06,432.65,18.45
2026-05-09T17:28:02.505,13.40,74.6,297.06,432.65,18.79
2026-05-09T17:28:03.005,14.43,69.3,297.06,432.65,17.34
2026-05-09T17:28:03.505,13.98,71.5,297.06,432.65,17.43
2026-05-09T17:28:04.005,13.23,75.6,297.06,432.65,17.66
2026-05-09T17:28:04.505,13.89,72.0,297.06,432.65,17.95
2026-05-09T17:28:05.005,14.75,67.8,297.06,432.65,18.26
2026-05-09T17:28:05.504,14.10,70.9,297.06,432.65,18.58
2026-05-09T17:28:06.004,14.32,69.8,297.06,432.65,18.90
2026-05-09T17:28:06.501,13.71,72.9,297.06,432.65,19.23
2026-05-09T17:28:06.999,14.97,66.8,297.06,432.65,17.54
2026-05-09T17:28:07.499,15.43,64.8,297.06,432.65,17.74
2026-05-09T17:28:07.998,15.37,65.1,297.06,432.65,18.03
2026-05-09T17:28:08.499,14.81,67.5,297.06,432.65,18.34
2026-05-09T17:28:08.999,15.14,66.1,297.06,432.65,18.65
2026-05-09T17:28:09.500,14.99,66.7,297.06,432.65,18.98
2026-05-09T17:28:10.000,14.76,67.7,297.06,432.65,19.31
2026-05-09T17:28:10.504,13.28,75.3,297.04,432.65,17.64
2026-05-09T17:28:11.004,13.63,73.4,297.04,432.65,17.84
2026-05-09T17:28:11.504,14.28,70.0,297.04,432.65,18.10
2026-05-09T17:28:12.004,14.25,70.2,297.04,432.65,18.41
2026-05-09T17:28:12.503,13.45,74.4,297.04,432.65,18.72
2026-05-09T17:28:13.004,14.80,67.6,297.04,432.65,19.06
2026-05-09T17:28:13.504,13.40,74.6,297.04,432.65,19.43
2026-05-09T17:28:14.005,14.64,68.3,297.04,432.65,17.79
2026-05-09T17:28:14.505,13.52,74.0,297.04,432.65,17.92
2026-05-09T17:28:15.006,14.45,69.2,297.04,432.65,18.16
2026-05-09T17:28:15.506,13.96,71.7,297.04,432.65,18.46
2026-05-09T17:28:16.005,13.66,73.2,297.04,432.65,18.77
2026-05-09T17:28:16.505,13.72,72.9,297.04,432.65,19.10
2026-05-09T17:28:17.005,14.55,68.7,297.04,432.65,19.42
2026-05-09T17:28:17.505,13.78,72.6,297.04,432.65,19.75
2026-05-09T17:28:18.005,14.57,68.6,297.04,432.65,18.00
2026-05-09T17:28:18.506,14.43,69.3,297.04,432.65,18.20
2026-05-09T17:28:19.005,13.87,72.1,297.04,432.65,18.44
2026-05-09T17:28:19.506,15.09,66.3,297.04,432.65,18.75
2026-05-09T17:28:20.005,13.76,72.7,297.04,432.65,19.06
2026-05-09T17:28:20.506,14.97,66.8,297.04,432.65,19.37
2026-05-09T17:28:21.005,14.54,68.8,297.04,432.65,19.70
2026-05-09T17:28:21.505,14.53,68.8,297.04,432.65,20.02
2026-05-09T17:28:22.004,14.20,70.4,297.04,432.65,18.11
2026-05-09T17:28:22.504,13.94,71.7,297.04,432.65,18.30
2026-05-09T17:28:23.005,14.54,68.8,297.04,432.65,18.56
2026-05-09T17:28:23.505,13.83,72.3,297.04,432.65,18.86
2026-05-09T17:28:24.005,13.64,73.3,297.04,432.65,19.16
2026-05-09T17:28:24.506,14.20,70.4,297.04,432.65,19.47
2026-05-09T17:28:25.006,14.90,67.1,297.04,432.65,19.78
2026-05-09T17:28:25.505,14.83,67.4,297.04,432.65,20.17
2026-05-09T17:28:26.006,14.39,69.5,297.04,432.65,18.27
2026-05-09T17:28:26.506,15.18,65.9,297.04,432.65,18.46
2026-05-09T17:28:27.005,13.71,72.9,297.04,432.65,18.72
2026-05-09T17:28:27.506,14.87,67.3,297.04,432.65,19.00
2026-05-09T17:28:28.006,13.96,71.6,297.04,432.65,19.31
2026-05-09T17:28:28.506,14.61,68.5,297.04,432.65,19.63
2026-05-09T17:28:29.006,14.24,70.2,297.04,432.65,19.94
2026-05-09T17:28:29.506,14.53,68.8,297.04,432.65,20.28
2026-05-09T17:28:30.006,13.88,72.0,297.04,432.65,18.43
2026-05-09T17:28:30.506,14.68,68.1,297.04,432.65,18.57
2026-05-09T17:28:31.006,14.29,70.0,297.04,432.65,18.77
2026-05-09T17:28:31.506,15.19,65.8,297.04,432.65,19.03
2026-05-09T17:28:32.006,14.35,69.7,297.04,432.65,19.32
2026-05-09T17:28:32.506,14.69,68.1,297.04,432.65,19.61
2026-05-09T17:28:33.006,14.25,70.2,297.04,432.65,19.90
2026-05-09T17:28:33.506,14.27,70.1,297.04,432.65,20.19
2026-05-09T17:28:34.006,14.58,68.6,297.04,432.65,20.48
2026-05-09T17:28:34.506,14.33,69.8,297.04,432.65,20.77
2026-05-09T17:28:35.006,13.23,75.6,297.04,432.65,18.63
2026-05-09T17:28:35.507,14.12,70.8,297.04,432.65,18.81
2026-05-09T17:28:36.006,14.56,68.7,297.04,432.65,19.03
2026-05-09T17:28:36.506,13.68,73.1,297.04,432.65,19.30
2026-05-09T17:28:37.006,14.76,67.8,297.04,432.65,19.59
2026-05-09T17:28:37.506,14.03,71.3,297.04,432.65,19.88
2026-05-09T17:28:38.006,14.55,68.7,297.04,432.65,20.18
2026-05-09T17:28:38.506,14.11,70.9,297.04,432.65,20.48
2026-05-09T17:28:39.006,14.42,69.4,297.04,432.65,20.77
2026-05-09T17:28:39.506,14.29,70.0,297.04,432.65,21.07
2026-05-09T17:28:40.006,14.49,69.0,297.04,432.65,18.88
2026-05-09T17:28:40.506,14.31,69.9,297.04,432.65,19.04
2026-05-09T17:28:41.006,13.81,72.4,297.04,432.65,19.25
2026-05-09T17:28:41.506,13.57,73.7,297.04,432.65,19.51
2026-05-09T17:28:42.006,13.63,73.4,297.04,432.65,19.79
2026-05-09T17:28:42.506,14.38,69.5,297.04,432.65,20.08
2026-05-09T17:28:43.006,13.80,72.4,297.04,432.65,20.37
2026-05-09T17:28:43.506,14.00,71.4,297.04,432.65,20.73
2026-05-09T17:28:44.006,13.43,74.4,297.04,432.65,21.02
2026-05-09T17:28:44.507,14.92,67.0,297.04,432.65,21.32
2026-05-09T17:28:45.006,14.35,69.7,297.04,432.65,19.11
2026-05-09T17:28:45.506,14.62,68.4,297.04,432.65,19.26
2026-05-09T17:28:46.006,13.84,72.2,297.04,432.65,19.46
2026-05-09T17:28:46.506,14.38,69.5,297.04,432.65,19.71
2026-05-09T17:28:47.006,14.13,70.7,297.04,432.65,19.99
2026-05-09T17:28:47.506,14.45,69.2,297.04,432.65,20.28
2026-05-09T17:28:48.006,13.84,72.3,297.04,432.65,20.57
2026-05-09T17:28:48.506,13.43,74.5,297.04,432.65,20.87
2026-05-09T17:28:49.006,14.35,69.7,297.04,432.65,21.16
2026-05-09T17:28:49.506,13.67,73.2,297.04,432.65,21.46
2026-05-09T17:28:50.006,14.60,68.5,297.04,432.65,21.76
2026-05-09T17:28:50.506,13.98,71.5,297.04,432.65,19.40
2026-05-09T17:28:51.006,13.68,73.1,297.04,432.65,19.59
2026-05-09T17:28:51.506,13.27,75.4,297.04,432.65,19.81
2026-05-09T17:28:52.006,14.90,67.1,297.04,432.65,20.08
2026-05-09T17:28:52.506,14.02,71.3,297.04,432.65,20.36
2026-05-09T17:28:53.006,13.31,75.1,297.04,432.65,20.64
2026-05-09T17:28:53.506,14.03,71.3,297.04,432.65,20.94
2026-05-09T17:28:54.006,13.98,71.5,297.04,432.65,21.24
2026-05-09T17:28:54.506,13.78,72.6,297.04,432.65,21.54
2026-05-09T17:28:55.006,14.25,70.2,297.04,432.65,21.82
2026-05-09T17:28:55.506,14.29,70.0,297.04,432.65,19.61
2026-05-09T17:28:56.006,13.32,75.1,297.04,432.65,19.69
2026-05-09T17:28:56.506,14.14,70.7,297.04,432.65,19.89
2026-05-09T17:28:57.006,14.10,70.9,297.04,432.65,20.12
2026-05-09T17:28:57.506,14.58,68.6,297.04,432.65,20.39
2026-05-09T17:28:58.006,14.47,69.1,297.04,432.65,20.66
2026-05-09T17:28:58.506,14.15,70.7,297.04,432.65,20.95
2026-05-09T17:28:59.006,14.81,67.5,297.04,432.65,21.25
2026-05-09T17:28:59.506,14.41,69.4,297.04,432.65,21.54
2026-05-09T17:29:00.006,15.14,66.1,297.04,432.65,21.84
2026-05-09T17:29:00.506,14.34,69.7,297.04,432.65,22.14
2026-05-09T17:29:01.006,14.98,66.7,297.04,432.65,19.86
2026-05-09T17:29:01.506,14.73,67.9,297.04,432.65,19.94
2026-05-09T17:29:02.006,14.22,70.3,297.04,432.65,20.14
2026-05-09T17:29:02.506,13.62,73.4,297.04,432.65,20.36
2026-05-09T17:29:03.006,13.66,73.2,297.04,432.65,20.63
2026-05-09T17:29:03.506,13.70,73.0,297.04,432.65,20.91
2026-05-09T17:29:04.006,14.76,67.8,297.04,432.65,21.20
2026-05-09T17:29:04.506,14.69,68.1,297.04,432.65,21.49
2026-05-09T17:29:05.006,14.36,69.6,297.04,432.65,21.79
2026-05-09T17:29:05.506,13.65,73.2,297.04,432.65,22.09
2026-05-09T17:29:06.006,14.04,71.2,297.04,432.65,22.38
2026-05-09T17:29:06.506,13.72,72.9,297.04,432.65,22.69
2026-05-09T17:29:07.006,13.50,74.1,297.04,432.65,20.15
2026-05-09T17:29:07.506,13.93,71.8,297.04,432.65,20.36
2026-05-09T17:29:08.006,14.62,68.4,297.04,432.65,20.57
2026-05-09T17:29:08.506,13.76,72.7,297.04,432.65,20.82
2026-05-09T17:29:09.006,13.72,72.9,297.04,432.65,21.10
2026-05-09T17:29:09.506,13.77,72.6,297.04,432.65,21.38
2026-05-09T17:29:10.006,13.55,73.8,297.04,432.65,21.67
2026-05-09T17:29:10.506,14.48,69.0,297.04,432.65,21.96
2026-05-09T17:29:11.006,14.02,71.3,297.04,432.65,22.26
2026-05-09T17:29:11.506,13.58,73.6,297.04,432.65,22.56
2026-05-09T17:29:12.006,15.06,66.4,297.04,432.65,22.86
2026-05-09T17:29:12.506,13.91,71.9,297.04,432.65,20.41
2026-05-09T17:29:13.006,14.26,70.1,297.04,432.65,20.52
2026-05-09T17:29:13.506,14.53,68.8,297.04,432.65,20.77
2026-05-09T17:29:14.006,13.44,74.4,297.04,432.65,21.00
2026-05-09T17:29:14.506,13.67,73.1,297.04,432.65,21.28
2026-05-09T17:29:15.006,13.38,74.8,297.04,432.65,21.55
2026-05-09T17:29:15.506,13.78,72.6,297.04,432.65,21.83
2026-05-09T17:29:16.006,13.79,72.5,297.04,432.65,22.13
2026-05-09T17:29:16.506,14.87,67.3,297.04,432.65,22.42
2026-05-09T17:29:17.006,13.88,72.1,297.04,432.65,22.72
2026-05-09T17:29:17.506,13.55,73.8,297.04,432.65,23.01
2026-05-09T17:29:18.006,13.52,74.0,297.04,432.65,23.32
2026-05-09T17:29:18.506,13.29,75.2,297.04,432.65,16.84
2026-05-09T17:29:19.006,14.27,70.1,297.04,432.65,17.03
2026-05-09T17:29:19.506,14.75,67.8,297.04,432.65,17.26
2026-05-09T17:29:20.006,13.80,72.5,297.04,432.65,17.53
2026-05-09T17:29:20.506,14.38,69.5,297.04,432.65,17.81
2026-05-09T17:29:21.006,14.35,69.7,297.04,432.65,18.09
2026-05-09T17:29:21.506,14.04,71.2,297.04,432.65,18.37
2026-05-09T17:29:22.006,14.37,69.6,297.04,432.65,18.66
2026-05-09T17:29:22.506,14.08,71.0,297.04,432.65,16.95
2026-05-09T17:29:23.006,14.18,70.5,297.04,432.65,17.16
2026-05-09T17:29:23.507,14.64,68.3,297.04,432.65,17.42
2026-05-09T17:29:24.006,13.69,73.0,297.04,432.65,17.71
2026-05-09T17:29:24.506,14.33,69.8,297.04,432.65,18.00
2026-05-09T17:29:25.006,14.24,70.2,297.04,432.65,18.29
2026-05-09T17:29:25.506,14.23,70.3,297.04,432.65,18.58
2026-05-09T17:29:26.006,14.42,69.4,297.04,432.65,18.87
2026-05-09T17:29:26.506,14.84,67.4,297.04,432.65,17.07
2026-05-09T17:29:27.006,13.45,74.4,297.04,432.65,17.27
2026-05-09T17:29:27.506,15.13,66.1,297.04,432.65,17.51
2026-05-09T17:29:28.006,14.10,70.9,297.04,432.65,17.79
2026-05-09T17:29:28.506,14.12,70.8,297.04,432.65,18.09
2026-05-09T17:29:29.006,14.64,68.3,297.04,432.65,18.38
2026-05-09T17:29:29.506,14.16,70.6,297.04,432.65,18.66
2026-05-09T17:29:30.006,14.41,69.4,297.04,432.65,18.96
2026-05-09T17:29:30.506,14.20,70.4,297.04,432.65,17.23
2026-05-09T17:29:31.006,14.46,69.2,297.04,432.65,17.34
2026-05-09T17:29:31.506,14.37,69.6,297.04,432.65,17.55
2026-05-09T17:29:32.006,14.45,69.2,297.04,432.65,17.84
2026-05-09T17:29:32.506,14.57,68.6,297.04,432.65,18.13
2026-05-09T17:29:33.006,14.09,70.9,297.04,432.65,18.42
2026-05-09T17:29:33.506,13.72,72.9,297.04,432.65,18.71
2026-05-09T17:29:34.006,14.01,71.4,297.04,432.65,19.00
2026-05-09T17:29:34.506,14.44,69.2,297.04,432.65,19.29
2026-05-09T17:29:35.006,14.23,70.3,297.04,432.65,17.40
2026-05-09T17:29:35.506,13.97,71.6,297.04,432.65,17.59
2026-05-09T17:29:36.006,14.49,69.0,297.04,432.65,17.83
2026-05-09T17:29:36.506,14.75,67.8,297.04,432.65,18.12
2026-05-09T17:29:37.006,14.32,69.8,297.04,432.65,18.41
2026-05-09T17:29:37.506,14.41,69.4,297.04,432.65,18.70
2026-05-09T17:29:38.006,13.79,72.5,297.04,432.65,18.98
2026-05-09T17:29:38.506,14.68,68.1,297.04,432.65,19.28
2026-05-09T17:29:39.006,13.65,73.3,297.04,432.65,19.57
2026-05-09T17:29:39.506,13.79,72.5,297.04,432.65,17.61
2026-05-09T17:29:40.006,13.56,73.7,297.04,432.65,17.80
2026-05-09T17:29:40.506,14.23,70.3,297.04,432.65,18.06
2026-05-09T17:29:41.006,14.11,70.9,297.04,432.65,18.35
2026-05-09T17:29:41.506,14.60,68.5,297.04,432.65,18.64
2026-05-09T17:29:42.006,13.90,71.9,297.04,432.65,18.93
2026-05-09T17:29:42.506,13.88,72.0,297.04,432.65,19.22
2026-05-09T17:29:43.006,14.51,68.9,297.04,432.65,19.52
2026-05-09T17:29:43.506,13.62,73.4,297.04,432.65,17.75
2026-05-09T17:29:44.006,13.82,72.4,297.04,432.65,17.83
2026-05-09T17:29:44.506,13.47,74.2,297.04,432.65,18.03
2026-05-09T17:29:45.006,14.01,71.4,297.04,432.65,18.29
2026-05-09T17:29:45.506,14.33,69.8,297.04,432.65,18.57
2026-05-09T17:29:46.006,14.09,71.0,297.04,432.65,18.87
2026-05-09T17:29:46.506,15.10,66.2,297.04,432.65,19.16
2026-05-09T17:29:47.006,14.36,69.7,297.04,432.65,19.44
2026-05-09T17:29:47.506,14.54,68.8,297.04,432.65,19.73
2026-05-09T17:29:48.006,14.02,71.3,297.04,432.65,20.02
2026-05-09T17:29:48.506,14.52,68.9,297.04,432.65,17.97
2026-05-09T17:29:49.006,14.37,69.6,297.04,432.65,18.17
2026-05-09T17:29:49.506,14.04,71.2,297.04,432.65,18.41
2026-05-09T17:29:50.006,13.61,73.5,297.04,432.65,18.70
2026-05-09T17:29:50.506,14.12,70.8,297.04,432.65,18.98
2026-05-09T17:29:51.006,14.16,70.6,297.04,432.65,19.27
2026-05-09T17:29:51.506,14.73,67.9,297.04,432.65,19.56
2026-05-09T17:29:52.006,14.47,69.1,297.04,432.65,19.86
2026-05-09T17:29:52.506,13.50,74.1,297.04,432.65,20.15
2026-05-09T17:29:53.006,14.78,67.6,297.04,432.65,18.12
2026-05-09T17:29:53.506,14.53,68.8,297.04,432.65,18.27
2026-05-09T17:29:54.006,14.15,70.7,297.04,432.65,18.48
2026-05-09T17:29:54.506,14.71,68.0,297.04,432.65,18.76
2026-05-09T17:29:55.006,13.84,72.3,297.04,432.65,19.05
2026-05-09T17:29:55.506,13.75,72.7,297.04,432.65,19.34
2026-05-09T17:29:56.006,13.70,73.0,297.04,432.65,19.64
2026-05-09T17:29:56.506,13.75,72.7,297.04,432.65,19.93
2026-05-09T17:29:57.007,14.21,70.4,297.04,432.65,20.21
2026-05-09T17:29:57.506,13.80,72.5,297.04,432.65,20.50
2026-05-09T17:29:58.006,13.75,72.7,297.04,432.65,18.35
2026-05-09T17:29:58.506,13.60,73.5,297.04,432.65,18.54
2026-05-09T17:29:59.006,13.97,71.6,297.04,432.65,18.78
2026-05-09T17:29:59.506,13.96,71.6,297.04,432.65,19.07
2026-05-09T17:30:00.006,13.88,72.0,297.04,432.65,19.36
2026-05-09T17:30:00.506,13.43,74.4,297.04,432.65,19.64
2026-05-09T17:30:01.006,13.88,72.1,297.04,432.65,19.94
2026-05-09T17:30:01.506,14.28,70.0,297.04,432.65,20.23
2026-05-09T17:30:02.006,14.42,69.4,297.04,432.65,20.53
2026-05-09T17:30:02.506,13.38,74.7,297.04,432.65,18.51
2026-05-09T17:30:03.006,14.06,71.1,297.04,432.65,18.59
2026-05-09T17:30:03.506,14.33,69.8,297.04,432.65,18.79
2026-05-09T17:30:04.006,14.12,70.8,297.04,432.65,19.04
2026-05-09T17:30:04.506,14.49,69.0,297.04,432.65,19.33
2026-05-09T17:30:05.006,13.89,72.0,297.04,432.65,19.62
2026-05-09T17:30:05.506,13.79,72.5,297.04,432.65,19.92
2026-05-09T17:30:06.006,13.66,73.2,297.04,432.65,20.23
2026-05-09T17:30:06.506,14.44,69.2,297.04,432.65,20.52
2026-05-09T17:30:07.006,13.86,72.1,297.04,432.65,20.81
2026-05-09T17:30:07.506,13.53,73.9,297.04,432.65,18.75
2026-05-09T17:30:08.006,13.67,73.2,297.04,432.65,18.83
2026-05-09T17:30:08.507,14.40,69.5,297.04,432.65,19.03
2026-05-09T17:30:09.006,13.27,75.4,297.04,432.65,19.27
2026-05-09T17:30:09.506,13.89,72.0,297.04,432.65,19.55
2026-05-09T17:30:10.006,13.59,73.6,297.04,432.65,19.85
2026-05-09T17:30:10.506,14.09,71.0,297.04,432.65,20.14
2026-05-09T17:30:11.006,13.61,73.5,297.04,432.65,20.45
2026-05-09T17:30:11.506,13.80,72.5,297.04,432.65,20.74
2026-05-09T17:30:12.006,13.26,75.4,297.04,432.65,21.04
2026-05-09T17:30:12.506,14.48,69.1,297.04,432.65,21.33
2026-05-09T17:30:13.006,13.42,74.5,297.04,432.65,19.02
2026-05-09T17:30:13.506,13.44,74.4,297.04,432.65,19.27
2026-05-09T17:30:14.006,14.31,69.9,297.04,432.65,19.49
2026-05-09T17:30:14.506,13.70,73.0,297.04,432.65,19.76
2026-05-09T17:30:15.006,14.17,70.6,297.04,432.65,20.05
2026-05-09T17:30:15.506,14.10,70.9,297.04,432.65,20.36
2026-05-09T17:30:16.006,13.85,72.2,297.04,432.65,20.64
2026-05-09T17:30:16.506,14.13,70.8,297.04,432.65,20.95
2026-05-09T17:30:17.006,14.02,71.3,297.04,432.65,21.25
2026-05-09T17:30:17.506,14.44,69.3,297.04,432.65,21.55
2026-05-09T17:30:18.006,13.98,71.5,297.04,432.65,19.24
2026-05-09T17:30:18.506,13.56,73.8,297.04,432.65,19.40
2026-05-09T17:30:19.006,13.86,72.2,297.04,432.65,19.61
2026-05-09T17:30:19.506,14.23,70.3,297.04,432.65,19.88
2026-05-09T17:30:20.006,13.62,73.4,297.04,432.65,20.16
2026-05-09T17:30:20.506,14.24,70.2,297.04,432.65,20.46
2026-05-09T17:30:21.006,14.21,70.4,297.04,432.65,20.75
2026-05-09T17:30:21.506,14.09,71.0,297.04,432.65,21.05
2026-05-09T17:30:22.006,14.72,67.9,297.04,432.65,21.34
2026-05-09T17:30:22.506,14.42,69.4,297.04,432.65,21.64
2026-05-09T17:30:23.006,14.00,71.4,297.04,432.65,21.95
2026-05-09T17:30:23.506,14.21,70.4,297.04,432.65,19.51
2026-05-09T17:30:24.006,14.24,70.2,297.04,432.65,19.71
2026-05-09T17:30:24.506,14.26,70.1,297.04,432.65,19.93
2026-05-09T17:30:25.006,13.51,74.0,297.04,432.65,20.21
2026-05-09T17:30:25.506,13.57,73.7,297.04,432.65,20.49
2026-05-09T17:30:26.006,14.16,70.6,297.04,432.65,20.79
2026-05-09T17:30:26.506,14.35,69.7,297.04,432.65,21.08
2026-05-09T17:30:27.006,13.91,71.9,297.04,432.65,21.38
2026-05-09T17:30:27.506,14.07,71.1,297.04,432.65,21.68
2026-05-09T17:30:28.006,13.60,73.6,297.04,432.65,21.98
2026-05-09T17:30:28.506,11.74,85.2,297.04,432.65,19.73
2026-05-09T17:30:29.006,13.30,75.2,297.04,432.65,19.78
2026-05-09T17:30:29.506,13.87,72.1,297.04,432.65,19.98
2026-05-09T17:30:30.006,13.86,72.2,297.04,432.65,20.21
2026-05-09T17:30:30.506,13.72,72.9,297.04,432.65,20.48
2026-05-09T17:30:31.006,14.10,70.9,297.04,432.65,20.77
2026-05-09T17:30:31.506,14.32,69.8,297.04,432.65,21.06
2026-05-09T17:30:32.006,13.93,71.8,297.04,432.65,21.36
2026-05-09T17:30:32.506,13.88,72.1,297.04,432.65,21.65
2026-05-09T17:30:33.006,13.96,71.6,297.04,432.65,21.95
2026-05-09T17:30:33.505,13.40,74.7,297.04,432.65,22.24
2026-05-09T17:30:34.006,14.05,71.2,297.04,432.65,22.55
2026-05-09T17:30:34.506,13.97,71.6,297.04,432.65,20.01
2026-05-09T17:30:35.006,13.63,73.4,297.04,432.65,20.20
2026-05-09T17:30:35.506,14.12,70.8,297.04,432.65,20.42
2026-05-09T17:30:36.006,13.57,73.7,297.04,432.65,20.70
2026-05-09T17:30:36.506,13.70,73.0,297.04,432.65,20.98
2026-05-09T17:30:37.006,13.68,73.1,297.04,432.65,21.25
2026-05-09T17:30:37.506,13.86,72.2,297.04,432.65,21.55
2026-05-09T17:30:38.006,13.80,72.5,297.04,432.65,21.86
2026-05-09T17:30:38.506,13.88,72.1,297.04,432.65,22.15
2026-05-09T17:30:39.006,13.93,71.8,297.04,432.65,22.45
2026-05-09T17:30:39.506,13.90,71.9,297.04,432.65,22.76
2026-05-09T17:30:40.006,13.85,72.2,297.04,432.65,20.27
2026-05-09T17:30:40.506,14.35,69.7,297.04,432.65,20.39
2026-05-09T17:30:41.006,13.73,72.8,297.04,432.65,20.59
2026-05-09T17:30:41.506,13.99,71.5,297.04,432.65,20.84
2026-05-09T17:30:42.006,14.02,71.3,297.04,432.65,21.12
2026-05-09T17:30:42.506,13.72,72.9,297.04,432.65,21.39
2026-05-09T17:30:43.006,13.55,73.8,297.04,432.65,21.68
2026-05-09T17:30:43.506,13.87,72.1,297.04,432.65,22.03
2026-05-09T17:30:44.006,13.84,72.3,297.04,432.65,22.33
2026-05-09T17:30:44.506,13.85,72.2,297.04,432.65,22.63
2026-05-09T17:30:45.006,13.65,73.2,297.04,432.65,22.93
2026-05-09T17:30:45.506,13.80,72.5,297.04,432.65,23.23
2026-05-09T17:30:46.006,13.92,71.8,297.04,432.65,20.56
2026-05-09T17:30:46.506,14.04,71.2,297.04,432.65,20.75
2026-05-09T17:30:47.006,13.66,73.2,297.04,432.65,20.98
2026-05-09T17:30:47.506,13.90,71.9,297.04,432.65,21.24
2026-05-09T17:30:48.006,14.03,71.3,297.04,432.65,21.52
2026-05-09T17:30:48.506,13.78,72.6,297.04,432.65,21.80
2026-05-09T17:30:49.006,13.70,73.0,297.04,432.65,22.10
2026-05-09T17:30:49.506,13.71,72.9,297.04,432.65,22.40
2026-05-09T17:30:50.006,14.85,67.3,297.04,432.65,22.70
2026-05-09T17:30:50.506,13.66,73.2,297.04,432.65,22.99
2026-05-09T17:30:51.006,14.42,69.3,297.04,432.65,23.29
2026-05-09T17:30:51.506,15.96,62.6,297.04,432.65,20.80
2026-05-09T17:30:52.006,13.94,71.7,297.04,432.65,20.85
2026-05-09T17:30:52.506,14.64,68.3,297.04,432.65,21.04
2026-05-09T17:30:53.006,14.23,70.3,297.04,432.65,21.27
2026-05-09T17:30:53.506,13.31,75.1,297.04,432.65,21.54
2026-05-09T17:30:54.006,13.78,72.6,297.04,432.65,21.82
2026-05-09T17:30:54.507,13.98,71.5,297.04,432.65,22.09
2026-05-09T17:30:55.006,14.17,70.6,297.04,432.65,22.39
2026-05-09T17:30:55.506,13.81,72.4,297.04,432.65,22.69
2026-05-09T17:30:56.006,13.80,72.5,297.04,432.65,22.98
2026-05-09T17:30:56.506,14.19,70.5,297.04,432.65,23.28
2026-05-09T17:30:57.006,13.68,73.1,297.04,432.65,23.58
2026-05-09T17:30:57.506,14.49,69.0,297.04,432.65,23.89
2026-05-09T17:30:58.006,13.96,71.6,297.04,432.65,16.84
2026-05-09T17:30:58.506,14.00,71.4,297.04,432.65,17.04
2026-05-09T17:30:59.006,13.83,72.3,297.04,432.65,17.27
2026-05-09T17:30:59.507,13.74,72.8,297.04,432.65,17.55
2026-05-09T17:31:00.006,13.68,73.1,297.04,432.65,17.83
2026-05-09T17:31:00.506,13.95,71.7,297.04,432.65,18.11
2026-05-09T17:31:01.006,14.26,70.1,297.04,432.65,18.39
2026-05-09T17:31:01.506,16.36,61.1,297.04,432.65,16.90
2026-05-09T17:31:02.006,13.99,71.5,297.04,432.65,16.96
2026-05-09T17:31:02.506,14.42,69.4,297.04,432.65,17.18
2026-05-09T17:31:03.006,13.83,72.3,297.04,432.65,17.45
2026-05-09T17:31:03.506,14.40,69.5,297.04,432.65,17.75
2026-05-09T17:31:04.006,13.97,71.6,297.04,432.65,18.03
2026-05-09T17:31:04.506,14.29,70.0,297.04,432.65,18.32
2026-05-09T17:31:05.006,14.14,70.7,297.04,432.65,18.61
2026-05-09T17:31:05.506,13.92,71.8,297.04,432.65,18.90
2026-05-09T17:31:06.006,13.68,73.1,297.04,432.65,17.07
2026-05-09T17:31:06.506,14.05,71.2,297.04,432.65,17.29
2026-05-09T17:31:07.006,13.48,74.2,297.04,432.65,17.53
2026-05-09T17:31:07.507,13.99,71.5,297.04,432.65,17.82
2026-05-09T17:31:08.006,13.97,71.6,297.04,432.65,18.11
2026-05-09T17:31:08.506,13.90,71.9,297.04,432.65,18.40
2026-05-09T17:31:09.006,13.53,73.9,297.04,432.65,18.69
2026-05-09T17:31:09.506,14.22,70.3,297.04,432.65,18.98
2026-05-09T17:31:10.006,13.44,74.4,297.04,432.65,17.23
2026-05-09T17:31:10.506,13.69,73.1,297.04,432.65,17.36
2026-05-09T17:31:11.006,14.11,70.9,297.04,432.65,17.57
2026-05-09T17:31:11.506,14.45,69.2,297.04,432.65,17.86
2026-05-09T17:31:12.006,13.60,73.5,297.04,432.65,18.15
2026-05-09T17:31:12.506,14.12,70.8,297.04,432.65,18.44
2026-05-09T17:31:13.006,13.77,72.6,297.04,432.65,18.73
2026-05-09T17:31:13.506,14.19,70.5,297.04,432.65,19.07
2026-05-09T17:31:14.006,13.80,72.4,297.04,432.65,19.36
2026-05-09T17:31:14.506,14.15,70.7,297.04,432.65,17.43
2026-05-09T17:31:15.006,13.88,72.0,297.04,432.65,17.64
2026-05-09T17:31:15.507,13.85,72.2,297.04,432.65,17.89
2026-05-09T17:31:16.006,14.38,69.5,297.04,432.65,18.19
2026-05-09T17:31:16.506,14.29,70.0,297.04,432.65,18.48
2026-05-09T17:31:17.006,13.73,72.9,297.04,432.65,18.77
2026-05-09T17:31:17.506,14.20,70.4,297.04,432.65,19.06
2026-05-09T17:31:18.006,13.75,72.7,297.04,432.65,19.34
2026-05-09T17:31:18.506,14.48,69.1,297.04,432.65,17.57
2026-05-09T17:31:19.006,13.65,73.2,297.04,432.65,17.64
2026-05-09T17:31:19.506,14.25,70.2,297.04,432.65,17.85
2026-05-09T17:31:20.006,13.61,73.5,297.04,432.65,18.11
2026-05-09T17:31:20.506,14.56,68.7,297.04,432.65,18.40
2026-05-09T17:31:21.006,14.39,69.5,297.04,432.65,18.70
2026-05-09T17:31:21.506,13.23,75.6,297.04,432.65,18.98
2026-05-09T17:31:22.006,13.34,75.0,297.04,432.65,19.28
2026-05-09T17:31:22.506,14.07,71.1,297.04,432.65,19.57
2026-05-09T17:31:23.006,14.09,71.0,297.04,432.65,17.75
2026-05-09T17:31:23.506,13.58,73.6,297.04,432.65,17.82
2026-05-09T17:31:24.006,14.18,70.5,297.04,432.65,18.02
2026-05-09T17:31:24.506,13.50,74.1,297.04,432.65,18.29
2026-05-09T17:31:25.006,13.88,72.0,297.04,432.65,18.58
2026-05-09T17:31:25.506,13.45,74.4,297.04,432.65,18.86
2026-05-09T17:31:26.006,14.17,70.6,297.04,432.65,19.15
2026-05-09T17:31:26.507,13.60,73.5,297.04,432.65,19.45
2026-05-09T17:31:27.006,14.50,69.0,297.04,432.65,19.74
2026-05-09T17:31:27.506,13.67,73.2,297.04,432.65,20.03
2026-05-09T17:31:28.006,14.05,71.2,297.04,432.65,17.96
2026-05-09T17:31:28.506,13.92,71.8,297.04,432.65,18.16
2026-05-09T17:31:29.007,13.79,72.5,297.04,432.65,18.40
2026-05-09T17:31:29.506,13.25,75.5,297.04,432.65,18.69
2026-05-09T17:31:30.007,13.91,71.9,297.04,432.65,18.98
2026-05-09T17:31:30.506,14.23,70.3,297.04,432.65,19.28
2026-05-09T17:31:31.007,13.58,73.6,297.04,432.65,19.56
2026-05-09T17:31:31.507,14.07,71.1,297.04,432.65,19.85
2026-05-09T17:31:32.006,13.75,72.7,297.04,432.65,20.14
2026-05-09T17:31:32.507,14.43,69.3,297.04,432.65,18.12
2026-05-09T17:31:33.006,13.66,73.2,297.04,432.65,18.27
2026-05-09T17:31:33.506,14.58,68.6,297.04,432.65,18.48
2026-05-09T17:31:34.006,13.35,74.9,297.04,432.65,18.75
2026-05-09T17:31:34.506,14.01,71.4,297.04,432.65,19.05
2026-05-09T17:31:35.006,14.03,71.3,297.04,432.65,19.34
2026-05-09T17:31:35.506,13.66,73.2,297.04,432.65,19.63
2026-05-09T17:31:36.006,13.97,71.6,297.04,432.65,19.91
2026-05-09T17:31:36.506,13.99,71.5,297.04,432.65,20.21
2026-05-09T17:31:37.006,13.84,72.3,297.04,432.65,20.50
2026-05-09T17:31:37.506,14.16,70.6,297.04,432.65,18.33
2026-05-09T17:31:38.006,14.26,70.1,297.04,432.65,18.54
2026-05-09T17:31:38.506,14.01,71.4,297.04,432.65,18.77
2026-05-09T17:31:39.006,14.47,69.1,297.04,432.65,19.05
2026-05-09T17:31:39.507,14.30,69.9,297.04,432.65,19.34
2026-05-09T17:31:40.006,14.25,70.2,297.04,432.65,19.64
2026-05-09T17:31:40.507,14.34,69.7,297.04,432.65,19.93
2026-05-09T17:31:41.006,13.78,72.6,297.04,432.65,20.22
2026-05-09T17:31:41.506,14.26,70.1,297.04,432.65,20.52
2026-05-09T17:31:42.006,13.88,72.0,297.04,432.65,18.52
2026-05-09T17:31:42.506,14.59,68.5,297.04,432.65,18.59
2026-05-09T17:31:43.006,13.87,72.1,297.04,432.65,18.79
2026-05-09T17:31:43.506,14.18,70.5,297.04,432.65,19.07
2026-05-09T17:31:44.006,13.63,73.4,297.04,432.65,19.36
2026-05-09T17:31:44.506,13.98,71.5,297.04,432.65,19.66
2026-05-09T17:31:45.006,13.90,72.0,297.04,432.65,19.96
2026-05-09T17:31:45.506,14.39,69.5,297.04,432.65,20.26
2026-05-09T17:31:46.006,14.41,69.4,297.04,432.65,20.55
2026-05-09T17:31:46.506,14.59,68.5,297.04,432.65,20.85
2026-05-09T17:31:47.006,14.11,70.9,297.04,432.65,18.76
2026-05-09T17:31:47.506,13.93,71.8,297.04,432.65,18.86
2026-05-09T17:31:48.006,13.60,73.6,297.04,432.65,19.06
2026-05-09T17:31:48.506,14.83,67.4,297.04,432.65,19.30
2026-05-09T17:31:49.006,14.27,70.1,297.04,432.65,19.59
2026-05-09T17:31:49.506,14.19,70.5,297.04,432.65,19.88
2026-05-09T17:31:50.006,13.95,71.7,297.04,432.65,20.17
2026-05-09T17:31:50.506,14.03,71.3,297.04,432.65,20.47
2026-05-09T17:31:51.006,14.54,68.8,297.04,432.65,20.77
2026-05-09T17:31:51.506,14.46,69.2,297.04,432.65,21.07
2026-05-09T17:31:52.006,14.06,71.1,297.04,432.65,21.38
2026-05-09T17:31:52.506,14.61,68.5,297.04,432.65,19.04
2026-05-09T17:31:53.006,14.24,70.2,297.04,432.65,19.24
2026-05-09T17:31:53.506,14.01,71.4,297.04,432.65,19.47
2026-05-09T17:31:54.006,15.02,66.6,297.04,432.65,19.75
2026-05-09T17:31:54.506,13.63,73.4,297.04,432.65,20.04
2026-05-09T17:31:55.006,13.81,72.4,297.04,432.65,20.32
2026-05-09T17:31:55.506,13.31,75.1,297.04,432.65,20.62
2026-05-09T17:31:56.006,14.06,71.1,297.04,432.65,20.93
2026-05-09T17:31:56.506,13.72,72.9,297.04,432.65,21.22
2026-05-09T17:31:57.006,13.91,71.9,297.04,432.65,21.53
2026-05-09T17:31:57.506,14.36,69.6,297.04,432.65,19.25
2026-05-09T17:31:58.006,14.86,67.3,297.04,432.65,19.39
2026-05-09T17:31:58.506,14.18,70.5,297.04,432.65,19.59
2026-05-09T17:31:59.006,13.85,72.2,297.04,432.65,19.85
2026-05-09T17:31:59.506,13.90,71.9,297.04,432.65,20.13
2026-05-09T17:32:00.006,13.91,71.9,297.04,432.65,20.42
2026-05-09T17:32:00.506,13.79,72.5,297.04,432.65,20.71
2026-05-09T17:32:01.006,13.98,71.5,297.04,432.65,21.01
2026-05-09T17:32:01.506,13.62,73.4,297.04,432.65,21.31
2026-05-09T17:32:02.006,13.62,73.4,297.04,432.65,21.62
2026-05-09T17:32:02.506,13.72,72.9,297.04,432.65,21.92
2026-05-09T17:32:03.006,14.29,70.0,297.04,432.65,19.51
2026-05-09T17:32:03.506,13.32,75.1,297.04,432.65,19.69
2026-05-09T17:32:04.006,13.88,72.1,297.04,432.65,19.91
2026-05-09T17:32:04.506,14.29,70.0,297.04,432.65,20.18
2026-05-09T17:32:05.006,14.15,70.7,297.04,432.65,20.46
2026-05-09T17:32:05.507,13.44,74.4,297.04,432.65,20.75
2026-05-09T17:32:06.006,14.75,67.8,297.04,432.65,21.05
2026-05-09T17:32:06.506,14.36,69.6,297.04,432.65,21.35
2026-05-09T17:32:07.006,14.06,71.1,297.04,432.65,21.64
2026-05-09T17:32:07.506,14.03,71.3,297.04,432.65,21.94
2026-05-09T17:32:08.006,13.43,74.4,297.04,432.65,22.25
2026-05-09T17:32:08.506,14.83,67.4,297.04,432.65,19.77
2026-05-09T17:32:09.006,14.33,69.8,297.04,432.65,19.96
2026-05-09T17:32:09.506,14.56,68.7,297.04,432.65,20.18
2026-05-09T17:32:10.006,14.31,69.9,297.04,432.65,20.45
2026-05-09T17:32:10.506,13.66,73.2,297.04,432.65,20.72
2026-05-09T17:32:11.006,12.77,78.3,297.04,432.65,21.02
2026-05-09T17:32:11.506,14.61,68.4,297.04,432.65,21.31
2026-05-09T17:32:12.006,13.66,73.2,297.04,432.65,21.61
2026-05-09T17:32:12.506,13.83,72.3,297.04,432.65,21.90
2026-05-09T17:32:13.006,13.49,74.2,297.04,432.65,22.20
2026-05-09T17:32:13.506,14.39,69.5,297.04,432.65,22.56
2026-05-09T17:32:14.007,14.56,68.7,297.04,432.65,20.02
2026-05-09T17:32:14.506,13.92,71.8,297.04,432.65,20.21
2026-05-09T17:32:15.006,13.39,74.7,297.04,432.65,20.43
2026-05-09T17:32:15.506,14.60,68.5,297.04,432.65,20.70
2026-05-09T17:32:16.006,13.78,72.6,297.04,432.65,20.98
2026-05-09T17:32:16.506,13.80,72.5,297.04,432.65,21.26
2026-05-09T17:32:17.006,13.74,72.8,297.04,432.65,21.56
2026-05-09T17:32:17.506,14.56,68.7,297.04,432.65,21.86
2026-05-09T17:32:18.006,14.30,69.9,297.04,432.65,22.15
2026-05-09T17:32:18.506,13.93,71.8,297.04,432.65,22.45
2026-05-09T17:32:19.006,13.67,73.2,297.04,432.65,22.75
2026-05-09T17:32:19.506,14.30,69.9,297.04,432.65,20.29
2026-05-09T17:32:20.006,13.63,73.4,297.04,432.65,20.39
2026-05-09T17:32:20.506,14.09,71.0,297.04,432.65,20.59
2026-05-09T17:32:21.006,14.36,69.6,297.04,432.65,20.84
2026-05-09T17:32:21.507,14.45,69.2,297.04,432.65,21.11
2026-05-09T17:32:22.007,14.37,69.6,297.04,432.65,21.39
2026-05-09T17:32:22.506,13.69,73.1,297.04,432.65,21.68
2026-05-09T17:32:23.006,13.87,72.1,297.04,432.65,21.98
2026-05-09T17:32:23.506,14.54,68.8,297.04,432.65,22.27
2026-05-09T17:32:24.006,14.14,70.7,297.04,432.65,22.58
2026-05-09T17:32:24.506,13.87,72.1,297.04,432.65,22.86
2026-05-09T17:32:25.006,13.59,73.6,297.04,432.65,23.18
2026-05-09T17:32:25.506,14.69,68.1,297.04,432.65,20.56
2026-05-09T17:32:26.006,13.86,72.2,297.04,432.65,20.73
2026-05-09T17:32:26.506,13.95,71.7,297.04,432.65,20.93
2026-05-09T17:32:27.006,13.48,74.2,297.04,432.65,21.19
2026-05-09T17:32:27.506,13.91,71.9,297.04,432.65,21.47
2026-05-09T17:32:28.006,14.04,71.2,297.04,432.65,21.75
2026-05-09T17:32:28.506,13.73,72.8,297.04,432.65,22.04
2026-05-09T17:32:29.006,13.92,71.9,297.04,432.65,22.34
2026-05-09T17:32:29.506,14.71,68.0,297.04,432.65,22.63
2026-05-09T17:32:30.006,13.91,71.9,297.04,432.65,22.93
2026-05-09T17:32:30.506,13.44,74.4,297.04,432.65,23.22
2026-05-09T17:32:31.006,13.99,71.5,297.04,432.65,23.53
2026-05-09T17:32:31.506,13.75,72.7,297.04,432.65,20.84
2026-05-09T17:32:32.006,14.34,69.7,297.04,432.65,21.01
2026-05-09T17:32:32.506,14.22,70.3,297.04,432.65,21.21
2026-05-09T17:32:33.006,14.42,69.3,297.04,432.65,21.48
2026-05-09T17:32:33.506,14.53,68.8,297.04,432.65,21.75
2026-05-09T17:32:34.006,13.83,72.3,297.04,432.65,22.03
2026-05-09T17:32:34.506,13.54,73.8,297.04,432.65,22.32
2026-05-09T17:32:35.006,14.36,69.7,297.04,432.65,22.62
2026-05-09T17:32:35.506,14.63,68.4,297.04,432.65,22.91
2026-05-09T17:32:36.006,14.27,70.1,297.04,432.65,23.21
2026-05-09T17:32:36.506,14.04,71.2,297.04,432.65,23.52
2026-05-09T17:32:37.006,14.78,67.7,297.04,432.65,23.82
2026-05-09T17:32:37.506,14.40,69.5,297.04,432.65,16.83
2026-05-09T17:32:38.006,13.50,74.1,297.04,432.65,16.96
2026-05-09T17:32:38.506,13.37,74.8,297.04,432.65,17.17
2026-05-09T17:32:39.006,13.34,75.0,297.04,432.65,17.44
2026-05-09T17:32:39.506,13.93,71.8,297.04,432.65,17.73
2026-05-09T17:32:40.006,14.34,69.7,297.04,432.65,18.01
2026-05-09T17:32:40.507,14.75,67.8,297.04,432.65,18.29
2026-05-09T17:32:41.006,14.47,69.1,297.04,432.65,18.58
2026-05-09T17:32:41.506,14.64,68.3,297.04,432.65,16.89
2026-05-09T17:32:42.006,13.60,73.5,297.04,432.65,17.10
2026-05-09T17:32:42.506,13.72,72.9,297.04,432.65,17.34
2026-05-09T17:32:43.007,14.40,69.4,297.04,432.65,17.63
2026-05-09T17:32:43.506,14.09,71.0,297.04,432.65,17.97
2026-05-09T17:32:44.007,13.84,72.2,297.04,432.65,18.26
2026-05-09T17:32:44.506,14.15,70.7,297.04,432.65,18.54
2026-05-09T17:32:45.006,13.96,71.6,297.04,432.65,18.84
2026-05-09T17:32:45.506,13.86,72.1,297.04,432.65,17.06
2026-05-09T17:32:46.006,14.41,69.4,297.04,432.65,17.23
2026-05-09T17:32:46.506,13.70,73.0,297.04,432.65,17.47
2026-05-09T17:32:47.006,14.22,70.3,297.04,432.65,17.76
2026-05-09T17:32:47.507,13.89,72.0,297.04,432.65,18.05
2026-05-09T17:32:48.006,13.32,75.1,297.04,432.65,18.34
2026-05-09T17:32:48.506,14.56,68.7,297.04,432.65,18.63
2026-05-09T17:32:49.006,13.65,73.3,297.04,432.65,18.92
2026-05-09T17:32:49.507,14.21,70.4,297.04,432.65,17.21
2026-05-09T17:32:50.006,14.26,70.1,297.04,432.65,17.30
2026-05-09T17:32:50.506,14.49,69.0,297.04,432.65,17.51
2026-05-09T17:32:51.006,13.70,73.0,297.04,432.65,17.79
2026-05-09T17:32:51.506,14.10,70.9,297.04,432.65,18.08
2026-05-09T17:32:52.006,13.64,73.3,297.04,432.65,18.37
2026-05-09T17:32:52.506,13.51,74.0,297.04,432.65,18.66
2026-05-09T17:32:53.006,14.36,69.6,297.04,432.65,18.96
2026-05-09T17:32:53.506,14.41,69.4,297.04,432.65,19.25
2026-05-09T17:32:54.006,14.52,68.9,297.04,432.65,17.39
2026-05-09T17:32:54.506,14.54,68.8,297.04,432.65,17.55
2026-05-09T17:32:55.006,14.24,70.2,297.04,432.65,17.78
2026-05-09T17:32:55.506,14.42,69.4,297.04,432.65,18.07
2026-05-09T17:32:56.006,14.21,70.4,297.04,432.65,18.36
2026-05-09T17:32:56.506,13.84,72.2,297.04,432.65,18.66
2026-05-09T17:32:57.006,14.05,71.2,297.04,432.65,18.94
2026-05-09T17:32:57.506,14.43,69.3,297.04,432.65,19.23
2026-05-09T17:32:58.006,13.64,73.3,297.04,432.65,19.52
2026-05-09T17:32:58.507,14.52,68.9,297.04,432.65,17.57
2026-05-09T17:32:59.006,14.35,69.7,297.04,432.65,17.76
2026-05-09T17:32:59.506,14.21,70.4,297.04,432.65,18.01
2026-05-09T17:33:00.006,14.27,70.1,297.04,432.65,18.30
2026-05-09T17:33:00.506,14.65,68.2,297.04,432.65,18.59
2026-05-09T17:33:01.006,14.48,69.1,297.04,432.65,18.88
2026-05-09T17:33:01.506,14.35,69.7,297.04,432.65,19.17
2026-05-09T17:33:02.006,14.01,71.4,297.04,432.65,19.45
2026-05-09T17:33:02.506,14.20,70.4,297.04,432.65,19.75
2026-05-09T17:33:03.006,15.16,66.0,297.04,432.65,17.75
2026-05-09T17:33:03.506,14.60,68.5,297.04,432.65,17.95
2026-05-09T17:33:04.006,14.21,70.4,297.04,432.65,18.18
2026-05-09T17:33:04.506,14.45,69.2,297.04,432.65,18.47
2026-05-09T17:33:05.006,13.79,72.5,297.04,432.65,18.75
2026-05-09T17:33:05.506,14.91,67.0,297.04,432.65,19.05
2026-05-09T17:33:06.006,14.55,68.7,297.04,432.65,19.34
2026-05-09T17:33:06.506,14.32,69.8,297.04,432.65,19.63
2026-05-09T17:33:07.006,14.30,70.0,297.04,432.65,19.91
2026-05-09T17:33:07.506,13.74,72.8,297.04,432.65,17.93
2026-05-09T17:33:08.006,14.18,70.5,297.04,432.65,18.09
2026-05-09T17:33:08.507,14.13,70.8,297.04,432.65,18.30
2026-05-09T17:33:09.006,13.42,74.5,297.04,432.65,18.58
2026-05-09T17:33:09.506,13.65,73.2,297.04,432.65,18.88
2026-05-09T17:33:10.006,13.72,72.9,297.04,432.65,19.17
2026-05-09T17:33:10.506,13.86,72.2,297.04,432.65,19.45
2026-05-09T17:33:11.006,13.80,72.5,297.04,432.65,19.75
2026-05-09T17:33:11.506,15.08,66.3,297.04,432.65,20.04
2026-05-09T17:33:12.006,14.29,70.0,297.04,432.65,18.11
2026-05-09T17:33:12.506,14.85,67.4,297.04,432.65,18.20
2026-05-09T17:33:13.006,14.01,71.4,297.04,432.65,18.39
2026-05-09T17:33:13.506,14.42,69.3,297.04,432.65,18.70
2026-05-09T17:33:14.006,13.53,73.9,297.04,432.65,18.98
2026-05-09T17:33:14.506,14.56,68.7,297.04,432.65,19.28
2026-05-09T17:33:15.006,13.84,72.3,297.04,432.65,19.57
2026-05-09T17:33:15.506,14.59,68.6,297.04,432.65,19.86
2026-05-09T17:33:16.006,13.59,73.6,297.04,432.65,20.15
2026-05-09T17:33:16.506,14.10,70.9,297.04,432.65,20.44
2026-05-09T17:33:17.006,13.96,71.6,297.04,432.65,18.31
2026-05-09T17:33:17.507,13.89,72.0,297.04,432.65,18.50
2026-05-09T17:33:18.006,14.84,67.4,297.04,432.65,18.71
2026-05-09T17:33:18.506,13.85,72.2,297.04,432.65,19.00
2026-05-09T17:33:19.006,14.71,68.0,297.04,432.65,19.30
2026-05-09T17:33:19.506,14.02,71.3,297.04,432.65,19.59
2026-05-09T17:33:20.006,14.84,67.4,297.04,432.65,19.88
2026-05-09T17:33:20.506,14.02,71.3,297.04,432.65,20.18
2026-05-09T17:33:21.006,15.32,65.3,297.04,432.65,20.48
2026-05-09T17:33:21.506,14.53,68.8,297.04,432.65,20.78
2026-05-09T17:33:22.006,14.36,69.6,297.04,432.65,18.56
2026-05-09T17:33:22.506,13.51,74.0,297.04,432.65,18.76
2026-05-09T17:33:23.006,14.95,66.9,297.04,432.65,19.00
2026-05-09T17:33:23.506,14.68,68.1,297.04,432.65,19.27
2026-05-09T17:33:24.006,13.75,72.7,297.04,432.65,19.56
2026-05-09T17:33:24.507,14.37,69.6,297.04,432.65,19.86
2026-05-09T17:33:25.006,13.67,73.2,297.04,432.65,20.16
2026-05-09T17:33:25.507,14.22,70.3,297.04,432.65,20.45
2026-05-09T17:33:26.006,13.97,71.6,297.04,432.65,20.76
2026-05-09T17:33:26.506,13.86,72.1,297.04,432.65,21.06
2026-05-09T17:33:27.006,14.44,69.3,297.04,432.65,18.79
2026-05-09T17:33:27.506,14.24,70.2,297.04,432.65,18.99
2026-05-09T17:33:28.007,14.03,71.3,297.04,432.65,19.21
2026-05-09T17:33:28.506,14.17,70.6,297.04,432.65,19.49
2026-05-09T17:33:29.006,13.81,72.4,297.04,432.65,19.79
2026-05-09T17:33:29.506,13.99,71.5,297.04,432.65,20.08
2026-05-09T17:33:30.006,14.32,69.8,297.04,432.65,20.38
2026-05-09T17:33:30.506,14.71,68.0,297.04,432.65,20.68
2026-05-09T17:33:31.006,14.25,70.2,297.04,432.65,20.98
2026-05-09T17:33:31.506,13.66,73.2,297.04,432.65,21.27
2026-05-09T17:33:32.006,13.68,73.1,297.04,432.65,19.01
2026-05-09T17:33:32.506,13.86,72.1,297.04,432.65,19.18
2026-05-09T17:33:33.006,14.10,70.9,297.04,432.65,19.39
2026-05-09T17:33:33.506,14.82,67.5,297.04,432.65,19.66
2026-05-09T17:33:34.006,14.26,70.1,297.04,432.65,19.95
2026-05-09T17:33:34.506,14.12,70.8,297.04,432.65,20.24
2026-05-09T17:33:35.006,13.60,73.5,297.04,432.65,20.53
2026-05-09T17:33:35.506,14.85,67.4,297.04,432.65,20.83
2026-05-09T17:33:36.006,13.99,71.5,297.04,432.65,21.13
2026-05-09T17:33:36.506,14.00,71.4,297.04,432.65,21.42
2026-05-09T17:33:37.006,13.83,72.3,297.04,432.65,19.25
2026-05-09T17:33:37.506,13.25,75.5,297.04,432.65,19.33
2026-05-09T17:33:38.006,13.53,73.9,297.04,432.65,19.53
2026-05-09T17:33:38.506,13.52,73.9,297.04,432.65,19.76
2026-05-09T17:33:39.006,14.05,71.2,297.04,432.65,20.05
2026-05-09T17:33:39.506,13.63,73.4,297.04,432.65,20.33
2026-05-09T17:33:40.006,14.10,70.9,297.04,432.65,20.63
2026-05-09T17:33:40.506,14.06,71.1,297.04,432.65,20.93
2026-05-09T17:33:41.006,13.92,71.8,297.04,432.65,21.23
2026-05-09T17:33:41.506,14.41,69.4,297.04,432.65,21.52
2026-05-09T17:33:42.006,13.75,72.7,297.04,432.65,21.82
2026-05-09T17:33:42.506,13.82,72.4,297.04,432.65,19.51
2026-05-09T17:33:43.006,13.95,71.7,297.04,432.65,19.64
2026-05-09T17:33:43.506,14.11,70.8,297.04,432.65,19.89
2026-05-09T17:33:44.006,13.62,73.4,297.04,432.65,20.14
2026-05-09T17:33:44.506,14.36,69.6,297.04,432.65,20.42
2026-05-09T17:33:45.006,13.42,74.5,297.04,432.65,20.71
2026-05-09T17:33:45.506,14.35,69.7,297.04,432.65,21.00
2026-05-09T17:33:46.006,14.17,70.5,297.04,432.65,21.30
2026-05-09T17:33:46.506,14.47,69.1,297.04,432.65,21.59
2026-05-09T17:33:47.006,14.44,69.3,297.04,432.65,21.89
2026-05-09T17:33:47.506,14.48,69.1,297.04,432.65,22.20
2026-05-09T17:33:48.006,13.36,74.8,297.04,432.65,19.77
2026-05-09T17:33:48.506,14.42,69.3,297.04,432.65,19.93
2026-05-09T17:33:49.006,13.58,73.6,297.04,432.65,20.14
2026-05-09T17:33:49.506,13.61,73.5,297.04,432.65,20.41
2026-05-09T17:33:50.006,14.30,70.0,297.04,432.65,20.68
2026-05-09T17:33:50.506,14.30,69.9,297.04,432.65,20.98
2026-05-09T17:33:51.006,14.00,71.4,297.04,432.65,21.27
2026-05-09T17:33:51.506,14.11,70.9,297.04,432.65,21.56
2026-05-09T17:33:52.006,14.36,69.7,297.04,432.65,21.86
2026-05-09T17:33:52.506,13.66,73.2,297.04,432.65,22.16
2026-05-09T17:33:53.006,13.97,71.6,297.04,432.65,22.47
2026-05-09T17:33:53.506,13.27,75.4,297.04,432.65,20.02
2026-05-09T17:33:54.006,14.20,70.4,297.04,432.65,20.16
2026-05-09T17:33:54.506,14.37,69.6,297.04,432.65,20.36
2026-05-09T17:33:55.006,13.55,73.8,297.04,432.65,20.61
2026-05-09T17:33:55.507,14.56,68.7,297.04,432.65,20.89
2026-05-09T17:33:56.006,13.81,72.4,297.04,432.65,21.17
2026-05-09T17:33:56.506,14.51,68.9,297.04,432.65,21.47
2026-05-09T17:33:57.006,14.07,71.1,297.04,432.65,21.76
2026-05-09T17:33:57.506,14.29,70.0,297.04,432.65,22.05
2026-05-09T17:33:58.006,14.49,69.0,297.04,432.65,22.36
2026-05-09T17:33:58.506,14.25,70.2,297.04,432.65,22.66
2026-05-09T17:33:59.006,13.77,72.6,297.04,432.65,20.29
2026-05-09T17:33:59.506,14.28,70.0,297.04,432.65,20.33
2026-05-09T17:34:00.006,14.14,70.7,297.04,432.65,20.54
2026-05-09T17:34:00.506,14.16,70.6,297.04,432.65,20.75
2026-05-09T17:34:01.006,14.10,70.9,297.04,432.65,21.03
2026-05-09T17:34:01.506,14.58,68.6,297.04,432.65,21.31
2026-05-09T17:34:02.006,14.60,68.5,297.04,432.65,21.59
2026-05-09T17:34:02.506,14.51,68.9,297.04,432.65,21.89
2026-05-09T17:34:03.006,13.67,73.2,297.04,432.65,22.18
2026-05-09T17:34:03.506,14.03,71.3,297.04,432.65,22.48
2026-05-09T17:34:04.006,13.61,73.5,297.04,432.65,22.79
2026-05-09T17:34:04.506,14.15,70.7,297.04,432.65,23.09
2026-05-09T17:34:05.006,13.51,74.0,297.04,432.65,20.56
2026-05-09T17:34:05.506,13.86,72.1,297.04,432.65,20.66
2026-05-09T17:34:06.006,13.80,72.4,297.04,432.65,20.87
2026-05-09T17:34:06.506,14.93,67.0,297.04,432.65,21.11
2026-05-09T17:34:07.006,13.87,72.1,297.04,432.65,21.39
2026-05-09T17:34:07.506,14.41,69.4,297.04,432.65,21.66
2026-05-09T17:34:08.006,13.86,72.1,297.04,432.65,21.96
2026-05-09T17:34:08.506,14.38,69.5,297.04,432.65,22.25
2026-05-09T17:34:09.006,14.16,70.6,297.04,432.65,22.54
2026-05-09T17:34:09.506,13.68,73.1,297.04,432.65,22.84
2026-05-09T17:34:10.006,13.87,72.1,297.04,432.65,23.15
2026-05-09T17:34:10.506,13.96,71.6,297.04,432.65,23.45
2026-05-09T17:34:11.006,14.03,71.3,297.04,432.65,20.84
2026-05-09T17:34:11.506,13.83,72.3,297.04,432.65,20.95
2026-05-09T17:34:12.006,14.15,70.6,297.04,432.65,21.15
2026-05-09T17:34:12.506,14.28,70.0,297.04,432.65,21.39
2026-05-09T17:34:13.006,14.26,70.1,297.04,432.65,21.67
2026-05-09T17:34:13.507,14.01,71.4,297.04,432.65,22.00
2026-05-09T17:34:14.006,14.26,70.1,297.04,432.65,22.29
2026-05-09T17:34:14.506,14.65,68.3,297.04,432.65,22.57
2026-05-09T17:34:15.006,13.79,72.5,297.04,432.65,22.88
2026-05-09T17:34:15.506,13.71,72.9,297.04,432.65,23.18
2026-05-09T17:34:16.006,13.78,72.6,297.04,432.65,23.47
2026-05-09T17:34:16.506,14.40,69.4,297.04,432.65,23.78
2026-05-09T17:34:17.006,14.17,70.6,297.04,432.65,16.88
2026-05-09T17:34:17.506,14.34,69.7,297.04,432.65,16.99
2026-05-09T17:34:18.006,14.26,70.1,297.04,432.65,17.19
2026-05-09T17:34:18.506,14.59,68.5,297.04,432.65,17.46
2026-05-09T17:34:19.006,13.94,71.7,297.04,432.65,17.73
2026-05-09T17:34:19.506,14.36,69.7,297.04,432.65,18.02
2026-05-09T17:34:20.006,14.30,70.0,297.04,432.65,18.30
2026-05-09T17:34:20.506,14.36,69.6,297.04,432.65,18.58
2026-05-09T17:34:21.006,14.18,70.5,297.04,432.65,16.93
2026-05-09T17:34:21.506,14.39,69.5,297.04,432.65,17.11
2026-05-09T17:34:22.006,14.10,70.9,297.04,432.65,17.35
2026-05-09T17:34:22.506,14.40,69.5,297.04,432.65,17.64
2026-05-09T17:34:23.006,13.69,73.1,297.04,432.65,17.93
2026-05-09T17:34:23.506,14.17,70.6,297.04,432.65,18.21
2026-05-09T17:34:24.006,14.16,70.6,297.04,432.65,18.50
2026-05-09T17:34:24.506,14.72,67.9,297.04,432.65,18.80
2026-05-09T17:34:25.006,14.15,70.7,297.04,432.65,17.09
2026-05-09T17:34:25.506,14.14,70.7,297.04,432.65,17.21
2026-05-09T17:34:26.006,14.23,70.3,297.04,432.65,17.43
2026-05-09T17:34:26.506,14.37,69.6,297.04,432.65,17.71
2026-05-09T17:34:27.007,14.30,69.9,297.04,432.65,18.00
2026-05-09T17:34:27.506,14.58,68.6,297.04,432.65,18.30
2026-05-09T17:34:28.006,13.84,72.3,297.04,432.65,18.59
2026-05-09T17:34:28.506,14.42,69.3,297.04,432.65,18.88
2026-05-09T17:34:29.006,13.74,72.8,297.04,432.65,19.17
2026-05-09T17:34:29.506,14.17,70.6,297.04,432.65,17.30
2026-05-09T17:34:30.006,14.27,70.1,297.04,432.65,17.50
2026-05-09T17:34:30.506,14.41,69.4,297.04,432.65,17.75
2026-05-09T17:34:31.006,13.82,72.3,297.04,432.65,18.04
2026-05-09T17:34:31.506,13.97,71.6,297.04,432.65,18.34
2026-05-09T17:34:32.006,13.94,71.7,297.04,432.65,18.63
2026-05-09T17:34:32.506,14.00,71.4,297.04,432.65,18.91
2026-05-09T17:34:33.006,14.10,70.9,297.04,432.65,19.20
2026-05-09T17:34:33.506,14.25,70.2,297.04,432.65,17.43
2026-05-09T17:34:34.006,14.28,70.0,297.04,432.65,17.55
2026-05-09T17:34:34.506,13.44,74.4,297.04,432.65,17.76
2026-05-09T17:34:35.006,13.98,71.5,297.04,432.65,18.03
2026-05-09T17:34:35.506,13.72,72.9,297.04,432.65,18.32
2026-05-09T17:34:36.006,13.88,72.0,297.04,432.65,18.61
2026-05-09T17:34:36.506,13.71,72.9,297.04,432.65,18.90
2026-05-09T17:34:37.006,14.08,71.0,297.04,432.65,19.20
2026-05-09T17:34:37.506,14.04,71.2,297.04,432.65,19.48
2026-05-09T17:34:38.006,13.77,72.6,297.04,432.65,17.61
2026-05-09T17:34:38.507,14.18,70.5,297.04,432.65,17.77
2026-05-09T17:34:39.006,13.82,72.4,297.04,432.65,17.97
2026-05-09T17:34:39.506,14.53,68.8,297.04,432.65,18.25
2026-05-09T17:34:40.007,13.81,72.4,297.04,432.65,18.54
2026-05-09T17:34:40.506,13.85,72.2,297.04,432.65,18.84
2026-05-09T17:34:41.006,13.76,72.7,297.04,432.65,19.12
2026-05-09T17:34:41.507,14.24,70.2,297.04,432.65,19.41
2026-05-09T17:34:42.006,13.87,72.1,297.04,432.65,19.70
2026-05-09T17:34:42.506,13.94,71.7,297.04,432.65,17.79
2026-05-09T17:34:43.007,14.90,67.1,297.04,432.65,17.94
2026-05-09T17:34:43.506,14.14,70.7,297.04,432.65,18.18
2026-05-09T17:34:44.006,13.97,71.6,297.04,432.65,18.47
2026-05-09T17:34:44.507,14.09,71.0,297.04,432.65,18.76
2026-05-09T17:34:45.006,13.70,73.0,297.04,432.65,19.05
2026-05-09T17:34:45.506,13.92,71.8,297.04,432.65,19.34
2026-05-09T17:34:46.007,14.09,71.0,297.04,432.65,19.63
2026-05-09T17:34:46.507,14.30,69.9,297.04,432.65,19.92
2026-05-09T17:34:47.006,13.76,72.7,297.04,432.65,17.96
2026-05-09T17:34:47.506,14.02,71.3,297.04,432.65,18.11
2026-05-09T17:34:48.006,13.87,72.1,297.04,432.65,18.31
2026-05-09T17:34:48.506,14.23,70.2,297.04,432.65,18.59
2026-05-09T17:34:49.007,13.81,72.4,297.04,432.65,18.88
2026-05-09T17:34:49.507,14.61,68.4,297.04,432.65,19.18
2026-05-09T17:34:50.007,13.94,71.7,297.04,432.65,19.46
2026-05-09T17:34:50.506,14.19,70.5,297.04,432.65,19.75
2026-05-09T17:34:51.006,13.71,73.0,297.04,432.65,20.04
2026-05-09T17:34:51.506,14.18,70.5,297.04,432.65,18.15
2026-05-09T17:34:52.006,13.98,71.5,297.04,432.65,18.22
2026-05-09T17:34:52.506,14.07,71.1,297.04,432.65,18.42
2026-05-09T17:34:53.006,14.41,69.4,297.04,432.65,18.65
2026-05-09T17:34:53.507,14.50,69.0,297.04,432.65,18.95
2026-05-09T17:34:54.006,13.88,72.0,297.04,432.65,19.23
2026-05-09T17:34:54.506,14.02,71.3,297.04,432.65,19.52
2026-05-09T17:34:55.006,14.01,71.4,297.04,432.65,19.81
2026-05-09T17:34:55.506,13.48,74.2,297.04,432.65,20.10
2026-05-09T17:34:56.006,13.64,73.3,297.04,432.65,20.39
2026-05-09T17:34:56.506,14.40,69.5,297.04,432.65,18.34
2026-05-09T17:34:57.006,14.47,69.1,297.04,432.65,18.48
2026-05-09T17:34:57.506,14.53,68.8,297.04,432.65,18.69
2026-05-09T17:34:58.006,14.14,70.7,297.04,432.65,18.95
2026-05-09T17:34:58.506,14.55,68.7,297.04,432.65,19.23
2026-05-09T17:34:59.006,13.86,72.2,297.04,432.65,19.53
2026-05-09T17:34:59.507,14.29,70.0,297.04,432.65,19.82
2026-05-09T17:35:00.006,13.55,73.8,297.04,432.65,20.11
2026-05-09T17:35:00.507,14.44,69.3,297.04,432.65,20.39
2026-05-09T17:35:01.007,14.09,71.0,297.04,432.65,20.69
2026-05-09T17:35:01.506,14.35,69.7,297.04,432.65,18.55
2026-05-09T17:35:02.006,14.07,71.1,297.04,432.65,18.71
2026-05-09T17:35:02.506,13.59,73.6,297.04,432.65,18.92
2026-05-09T17:35:03.006,14.15,70.7,297.04,432.65,19.20
2026-05-09T17:35:03.506,13.80,72.5,297.04,432.65,19.48
2026-05-09T17:35:04.006,14.07,71.1,297.04,432.65,19.78
2026-05-09T17:35:04.506,14.06,71.1,297.04,432.65,20.08
2026-05-09T17:35:05.006,14.10,70.9,297.04,432.65,20.38
2026-05-09T17:35:05.506,13.88,72.1,297.04,432.65,20.67
2026-05-09T17:35:06.006,14.19,70.5,297.04,432.65,20.97
2026-05-09T17:35:06.506,14.21,70.4,297.04,432.65,18.78
2026-05-09T17:35:07.006,13.62,73.4,297.04,432.65,18.94
2026-05-09T17:35:07.507,13.55,73.8,297.04,432.65,19.15
2026-05-09T17:35:08.006,14.41,69.4,297.04,432.65,19.42
2026-05-09T17:35:08.506,13.97,71.6,297.04,432.65,19.70
2026-05-09T17:35:09.006,14.19,70.5,297.04,432.65,19.99
2026-05-09T17:35:09.506,14.22,70.3,297.04,432.65,20.29
2026-05-09T17:35:10.006,13.64,73.3,297.04,432.65,20.59
2026-05-09T17:35:10.506,13.83,72.3,297.04,432.65,20.88
2026-05-09T17:35:11.006,13.65,73.3,297.04,432.65,21.19
2026-05-09T17:35:11.506,13.94,71.7,297.04,432.65,19.02
2026-05-09T17:35:12.006,14.04,71.2,297.04,432.65,19.13
2026-05-09T17:35:12.506,14.18,70.5,297.04,432.65,19.33
2026-05-09T17:35:13.006,14.30,69.9,297.04,432.65,19.58
2026-05-09T17:35:13.506,14.01,71.4,297.04,432.65,19.91
2026-05-09T17:35:14.007,14.17,70.6,297.04,432.65,20.21
2026-05-09T17:35:14.507,14.37,69.6,297.04,432.65,20.50
2026-05-09T17:35:15.006,14.58,68.6,297.04,432.65,20.79
2026-05-09T17:35:15.506,13.55,73.8,297.04,432.65,21.09
2026-05-09T17:35:16.006,14.00,71.4,297.04,432.65,21.38
2026-05-09T17:35:16.507,14.13,70.8,297.04,432.65,19.26
2026-05-09T17:35:17.006,14.12,70.8,297.04,432.65,19.32
2026-05-09T17:35:17.506,13.51,74.0,297.04,432.65,19.52
2026-05-09T17:35:18.006,13.99,71.5,297.04,432.65,19.74
2026-05-09T17:35:18.506,14.16,70.6,297.04,432.65,20.02
2026-05-09T17:35:19.006,13.09,76.4,297.04,432.65,20.31
2026-05-09T17:35:19.506,13.49,74.1,297.04,432.65,20.60
2026-05-09T17:35:20.006,13.62,73.4,297.04,432.65,20.89
2026-05-09T17:35:20.507,13.88,72.1,297.04,432.65,21.19
2026-05-09T17:35:21.006,13.92,71.9,297.04,432.65,21.49
2026-05-09T17:35:21.506,13.46,74.3,297.04,432.65,21.79
2026-05-09T17:35:22.006,14.13,70.8,297.04,432.65,19.51
2026-05-09T17:35:22.506,14.92,67.0,297.04,432.65,19.62
2026-05-09T17:35:23.006,13.84,72.3,297.04,432.65,19.82
2026-05-09T17:35:23.506,14.39,69.5,297.04,432.65,20.06
2026-05-09T17:35:24.007,13.92,71.9,297.04,432.65,20.34
2026-05-09T17:35:24.507,14.71,68.0,297.04,432.65,20.62
2026-05-09T17:35:25.006,13.95,71.7,297.04,432.65,20.92
2026-05-09T17:35:25.506,14.05,71.2,297.04,432.65,21.21
2026-05-09T17:35:26.007,14.42,69.3,297.04,432.65,21.51
2026-05-09T17:35:26.506,14.06,71.1,297.04,432.65,21.80
2026-05-09T17:35:27.006,13.90,71.9,297.04,432.65,22.11
2026-05-09T17:35:27.507,14.25,70.2,297.04,432.65,19.78
2026-05-09T17:35:28.006,13.72,72.9,297.04,432.65,19.89
2026-05-09T17:35:28.506,14.25,70.2,297.04,432.65,20.09
2026-05-09T17:35:29.006,13.81,72.4,297.04,432.65,20.33
2026-05-09T17:35:29.506,13.75,72.7,297.04,432.65,20.61
2026-05-09T17:35:30.007,13.73,72.9,297.04,432.65,20.89
2026-05-09T17:35:30.506,13.78,72.6,297.04,432.65,21.18
2026-05-09T17:35:31.006,13.52,74.0,297.04,432.65,21.47
2026-05-09T17:35:31.506,14.24,70.2,297.04,432.65,21.77
2026-05-09T17:35:32.006,13.60,73.5,297.04,432.65,22.06
2026-05-09T17:35:32.506,14.17,70.6,297.04,432.65,22.36
2026-05-09T17:35:33.006,13.78,72.6,297.04,432.65,20.04
2026-05-09T17:35:33.507,14.75,67.8,297.04,432.65,20.11
2026-05-09T17:35:34.006,13.89,72.0,297.04,432.65,20.31
2026-05-09T17:35:34.506,14.29,70.0,297.04,432.65,20.53
2026-05-09T17:35:35.007,14.62,68.4,297.04,432.65,20.81
2026-05-09T17:35:35.506,13.95,71.7,297.04,432.65,21.09
2026-05-09T17:35:36.006,14.70,68.0,297.04,432.65,21.38
2026-05-09T17:35:36.506,14.15,70.7,297.04,432.65,21.67
2026-05-09T17:35:37.006,14.40,69.4,297.04,432.65,21.97
2026-05-09T17:35:37.506,14.39,69.5,297.04,432.65,22.27
2026-05-09T17:35:38.006,14.02,71.3,297.04,432.65,22.57
2026-05-09T17:35:38.507,14.26,70.1,297.04,432.65,22.87
2026-05-09T17:35:39.006,14.35,69.7,297.04,432.65,20.32
2026-05-09T17:35:39.507,14.38,69.5,297.04,432.65,20.49
2026-05-09T17:35:40.006,13.63,73.4,297.04,432.65,20.69
2026-05-09T17:35:40.506,14.23,70.3,297.04,432.65,20.95
2026-05-09T17:35:41.006,14.07,71.1,297.04,432.65,21.23
2026-05-09T17:35:41.506,14.11,70.9,297.04,432.65,21.51
2026-05-09T17:35:42.006,13.79,72.5,297.04,432.65,21.80
2026-05-09T17:35:42.507,14.63,68.4,297.04,432.65,22.09
2026-05-09T17:35:43.006,13.54,73.8,297.04,432.65,22.39
2026-05-09T17:35:43.506,14.36,69.6,297.04,432.65,22.73
2026-05-09T17:35:44.006,14.00,71.4,297.04,432.65,23.04
2026-05-09T17:35:44.506,13.79,72.5,297.04,432.65,20.57
2026-05-09T17:35:45.006,13.86,72.1,297.04,432.65,20.66
2026-05-09T17:35:45.506,14.56,68.7,297.04,432.65,20.85
2026-05-09T17:35:46.006,14.43,69.3,297.04,432.65,21.07
2026-05-09T17:35:46.506,14.07,71.1,297.04,432.65,21.35
2026-05-09T17:35:47.006,14.02,71.4,297.04,432.65,21.62
2026-05-09T17:35:47.506,13.70,73.0,297.04,432.65,21.90
2026-05-09T17:35:48.006,14.57,68.6,297.04,432.65,22.20
2026-05-09T17:35:48.506,14.24,70.2,297.04,432.65,22.50
2026-05-09T17:35:49.006,14.26,70.1,297.04,432.65,22.79
2026-05-09T17:35:49.506,13.48,74.2,297.04,432.65,23.09
2026-05-09T17:35:50.006,13.87,72.1,297.04,432.65,23.39
2026-05-09T17:35:50.507,14.19,70.5,297.04,432.65,20.85
2026-05-09T17:35:51.007,14.32,69.9,297.04,432.65,20.94
2026-05-09T17:35:51.506,14.26,70.1,297.04,432.65,21.14
2026-05-09T17:35:52.006,14.28,70.0,297.04,432.65,21.36
2026-05-09T17:35:52.506,13.76,72.7,297.04,432.65,21.64
2026-05-09T17:35:53.006,13.93,71.8,297.04,432.65,21.92
2026-05-09T17:35:53.506,14.20,70.4,297.04,432.65,22.20
2026-05-09T17:35:54.006,14.03,71.3,297.04,432.65,22.48
2026-05-09T17:35:54.506,14.08,71.0,297.04,432.65,22.79
2026-05-09T17:35:55.006,14.17,70.6,297.04,432.65,23.07
2026-05-09T17:35:55.506,14.13,70.8,297.04,432.65,23.37
2026-05-09T17:35:56.006,13.82,72.3,297.04,432.65,23.68
2026-05-09T17:35:56.506,17.51,57.1,297.04,432.65,23.98
2026-05-09T17:35:57.006,14.32,69.8,297.04,432.65,16.91
2026-05-09T17:35:57.506,14.06,71.1,297.04,432.65,17.10
2026-05-09T17:35:58.005,14.36,69.6,297.04,432.65,17.35
2026-05-09T17:35:58.506,14.00,71.4,297.04,432.65,17.62
2026-05-09T17:35:59.006,13.72,72.9,297.04,432.65,17.89
2026-05-09T17:35:59.506,14.29,70.0,297.04,432.65,18.17
2026-05-09T17:36:00.006,13.58,73.6,297.04,432.65,18.45
2026-05-09T17:36:00.506,14.45,69.2,297.04,432.65,16.90
2026-05-09T17:36:01.006,13.95,71.7,297.04,432.65,17.00
2026-05-09T17:36:01.506,14.17,70.6,297.04,432.65,17.22
2026-05-09T17:36:02.006,13.60,73.5,297.04,432.65,17.50
2026-05-09T17:36:02.506,14.36,69.6,297.04,432.65,17.79
2026-05-09T17:36:03.006,14.30,69.9,297.04,432.65,18.08
2026-05-09T17:36:03.506,14.04,71.2,297.04,432.65,18.37
2026-05-09T17:36:04.006,13.84,72.2,297.04,432.65,18.66
2026-05-09T17:36:04.506,14.04,71.2,297.04,432.65,18.95
2026-05-09T17:36:05.006,14.22,70.3,297.04,432.65,17.11
2026-05-09T17:36:05.506,13.72,72.9,297.04,432.65,17.32
2026-05-09T17:36:06.006,13.92,71.8,297.04,432.65,17.58
2026-05-09T17:36:06.506,14.07,71.1,297.04,432.65,17.87
2026-05-09T17:36:07.006,14.08,71.0,297.04,432.65,18.16
2026-05-09T17:36:07.506,13.76,72.7,297.04,432.65,18.45
2026-05-09T17:36:08.006,14.59,68.6,297.04,432.65,18.74
2026-05-09T17:36:08.506,14.06,71.1,297.04,432.65,19.03
2026-05-09T17:36:09.006,13.86,72.2,297.04,432.65,17.24
2026-05-09T17:36:09.506,14.38,69.6,297.04,432.65,17.40
2026-05-09T17:36:10.006,14.59,68.5,297.04,432.65,17.62
2026-05-09T17:36:10.506,14.30,69.9,297.04,432.65,17.91
2026-05-09T17:36:11.006,14.02,71.3,297.04,432.65,18.20
2026-05-09T17:36:11.506,14.04,71.2,297.04,432.65,18.49
2026-05-09T17:36:12.006,13.94,71.8,297.04,432.65,18.78
2026-05-09T17:36:12.506,13.98,71.5,297.04,432.65,19.07
2026-05-09T17:36:13.006,13.95,71.7,297.04,432.65,19.36
2026-05-09T17:36:13.506,14.16,70.6,297.04,432.65,17.48
2026-05-09T17:36:14.006,14.16,70.6,297.04,432.65,17.69
2026-05-09T17:36:14.506,13.74,72.8,297.04,432.65,17.94
2026-05-09T17:36:15.006,13.69,73.0,297.04,432.65,18.23
2026-05-09T17:36:15.506,14.49,69.0,297.04,432.65,18.52
2026-05-09T17:36:16.006,13.21,75.7,297.04,432.65,18.81
2026-05-09T17:36:16.507,14.18,70.5,297.04,432.65,19.10
2026-05-09T17:36:17.006,13.65,73.3,297.04,432.65,19.39
2026-05-09T17:36:17.506,13.28,75.3,297.04,432.65,17.58
2026-05-09T17:36:18.006,14.03,71.3,297.04,432.65,17.68
2026-05-09T17:36:18.506,14.08,71.0,297.04,432.65,17.89
2026-05-09T17:36:19.006,14.18,70.5,297.04,432.65,18.16
2026-05-09T17:36:19.506,14.21,70.4,297.04,432.65,18.45
2026-05-09T17:36:20.006,13.90,71.9,297.04,432.65,18.75
2026-05-09T17:36:20.506,13.74,72.8,297.04,432.65,19.04
2026-05-09T17:36:21.006,13.85,72.2,297.04,432.65,19.33
2026-05-09T17:36:21.506,13.68,73.1,297.04,432.65,19.61
2026-05-09T17:36:22.006,13.98,71.5,297.04,432.65,17.75
2026-05-09T17:36:22.507,14.04,71.2,297.04,432.65,17.86
2026-05-09T17:36:23.006,14.10,70.9,297.04,432.65,18.05
2026-05-09T17:36:23.506,13.92,71.9,297.04,432.65,18.33
2026-05-09T17:36:24.006,14.14,70.7,297.04,432.65,18.62
2026-05-09T17:36:24.506,13.55,73.8,297.04,432.65,18.91
2026-05-09T17:36:25.006,14.16,70.6,297.04,432.65,19.20
2026-05-09T17:36:25.507,13.93,71.8,297.04,432.65,19.50
2026-05-09T17:36:26.006,13.68,73.1,297.04,432.65,19.78
2026-05-09T17:36:26.506,13.57,73.7,297.04,432.65,17.93
2026-05-09T17:36:27.006,13.63,73.4,297.04,432.65,17.99
2026-05-09T17:36:27.506,14.06,71.1,297.04,432.65,18.19
2026-05-09T17:36:28.006,14.02,71.3,297.04,432.65,18.45
2026-05-09T17:36:28.506,14.36,69.6,297.04,432.65,18.74
2026-05-09T17:36:29.006,14.17,70.6,297.04,432.65,19.03
2026-05-09T17:36:29.506,14.16,70.6,297.04,432.65,19.32
2026-05-09T17:36:30.006,13.80,72.4,297.04,432.65,19.61
2026-05-09T17:36:30.506,13.83,72.3,297.04,432.65,19.90
2026-05-09T17:36:31.006,13.50,74.1,297.04,432.65,20.19
2026-05-09T17:36:31.506,14.25,70.2,297.04,432.65,18.13
2026-05-09T17:36:32.006,14.02,71.3,297.04,432.65,18.30
2026-05-09T17:36:32.506,13.83,72.3,297.04,432.65,18.51
2026-05-09T17:36:33.006,14.48,69.1,297.04,432.65,18.80
2026-05-09T17:36:33.506,14.17,70.6,297.04,432.65,19.09
2026-05-09T17:36:34.006,14.47,69.1,297.04,432.65,19.38
2026-05-09T17:36:34.506,14.50,69.0,297.04,432.65,19.67
2026-05-09T17:36:35.006,15.01,66.6,297.04,432.65,19.96
2026-05-09T17:36:35.506,13.80,72.4,297.04,432.65,20.25
2026-05-09T17:36:36.006,13.98,71.5,297.04,432.65,18.30
2026-05-09T17:36:36.506,13.71,73.0,297.04,432.65,18.36
2026-05-09T17:36:37.006,14.31,69.9,297.04,432.65,18.57
2026-05-09T17:36:37.506,13.99,71.5,297.04,432.65,18.80
2026-05-09T17:36:38.006,14.11,70.9,297.04,432.65,19.09
2026-05-09T17:36:38.506,14.46,69.2,297.04,432.65,19.39
2026-05-09T17:36:39.006,13.80,72.5,297.04,432.65,19.68
2026-05-09T17:36:39.506,14.54,68.8,297.04,432.65,19.98
2026-05-09T17:36:40.006,14.74,67.9,297.04,432.65,20.27
2026-05-09T17:36:40.506,15.33,65.2,297.04,432.65,20.57
2026-05-09T17:36:41.006,14.07,71.1,297.04,432.65,18.53
2026-05-09T17:36:41.506,14.71,68.0,297.04,432.65,18.63
2026-05-09T17:36:42.006,14.00,71.4,297.04,432.65,18.83
2026-05-09T17:36:42.506,13.47,74.3,297.04,432.65,19.07
2026-05-09T17:36:43.006,13.69,73.0,297.04,432.65,19.36
2026-05-09T17:36:43.506,14.03,71.3,297.04,432.65,19.71
2026-05-09T17:36:44.006,13.44,74.4,297.04,432.65,20.00
2026-05-09T17:36:44.506,13.79,72.5,297.04,432.65,20.30
2026-05-09T17:36:45.006,14.07,71.1,297.04,432.65,20.60
2026-05-09T17:36:45.506,13.71,73.0,297.04,432.65,20.90
2026-05-09T17:36:46.006,13.96,71.6,297.04,432.65,18.78
2026-05-09T17:36:46.506,13.84,72.3,297.04,432.65,18.89
2026-05-09T17:36:47.006,14.18,70.5,297.04,432.65,19.09
2026-05-09T17:36:47.506,14.21,70.4,297.04,432.65,19.36
2026-05-09T17:36:48.006,13.38,74.8,297.04,432.65,19.63
2026-05-09T17:36:48.506,14.31,69.9,297.04,432.65,19.94
2026-05-09T17:36:49.007,13.61,73.5,297.04,432.65,20.23
2026-05-09T17:36:49.506,13.78,72.6,297.04,432.65,20.52
2026-05-09T17:36:50.006,13.68,73.1,297.04,432.65,20.82
2026-05-09T17:36:50.506,13.98,71.5,297.04,432.65,21.12
2026-05-09T17:36:51.006,13.28,75.3,297.04,432.65,19.01
2026-05-09T17:36:51.506,14.73,67.9,297.04,432.65,19.08
2026-05-09T17:36:52.006,13.95,71.7,297.04,432.65,19.28
2026-05-09T17:36:52.506,14.01,71.4,297.04,432.65,19.52
2026-05-09T17:36:53.006,13.92,71.9,297.04,432.65,19.79
2026-05-09T17:36:53.506,13.52,73.9,297.04,432.65,20.08
2026-05-09T17:36:54.006,13.99,71.5,297.04,432.65,20.38
2026-05-09T17:36:54.506,14.07,71.1,297.04,432.65,20.68
2026-05-09T17:36:55.006,14.64,68.3,297.04,432.65,20.97
2026-05-09T17:36:55.506,13.28,75.3,297.04,432.65,21.27
2026-05-09T17:36:56.006,14.27,70.1,297.04,432.65,21.57
2026-05-09T17:36:56.506,13.68,73.1,297.04,432.65,19.27
2026-05-09T17:36:57.006,14.08,71.0,297.04,432.65,19.43
2026-05-09T17:36:57.506,13.89,72.0,297.04,432.65,19.64
2026-05-09T17:36:58.006,14.07,71.1,297.04,432.65,19.90
2026-05-09T17:36:58.506,14.35,69.7,297.04,432.65,20.18
2026-05-09T17:36:59.006,13.37,74.8,297.04,432.65,20.48
2026-05-09T17:36:59.506,13.85,72.2,297.04,432.65,20.77
2026-05-09T17:37:00.006,13.75,72.7,297.04,432.65,21.06
2026-05-09T17:37:00.506,14.53,68.8,297.04,432.65,21.36
2026-05-09T17:37:01.006,13.82,72.3,297.04,432.65,21.66
2026-05-09T17:37:01.506,13.70,73.0,297.04,432.65,21.97
2026-05-09T17:37:02.006,13.74,72.8,297.04,432.65,19.54
2026-05-09T17:37:02.506,14.02,71.3,297.04,432.65,19.74
2026-05-09T17:37:03.006,14.18,70.5,297.04,432.65,19.95
2026-05-09T17:37:03.506,14.25,70.2,297.04,432.65,20.23
2026-05-09T17:37:04.006,14.15,70.7,297.04,432.65,20.51
2026-05-09T17:37:04.506,14.00,71.4,297.04,432.65,20.80
2026-05-09T17:37:05.006,14.57,68.6,297.04,432.65,21.10
2026-05-09T17:37:05.506,13.24,75.5,297.04,432.65,21.39
2026-05-09T17:37:06.006,14.09,70.9,297.04,432.65,21.70
2026-05-09T17:37:06.506,13.82,72.4,297.04,432.65,22.00
2026-05-09T17:37:07.006,14.43,69.3,297.04,432.65,22.29
2026-05-09T17:37:07.506,14.40,69.4,297.04,432.65,19.80
2026-05-09T17:37:08.006,13.53,73.9,297.04,432.65,20.00
2026-05-09T17:37:08.506,14.02,71.3,297.04,432.65,20.22
2026-05-09T17:37:09.006,13.76,72.7,297.04,432.65,20.50
2026-05-09T17:37:09.506,14.49,69.0,297.04,432.65,20.78
2026-05-09T17:37:10.006,13.03,76.7,297.04,432.65,21.07
2026-05-09T17:37:10.506,14.43,69.3,297.04,432.65,21.36
2026-05-09T17:37:11.006,13.89,72.0,297.04,432.65,21.66
2026-05-09T17:37:11.506,14.05,71.2,297.04,432.65,21.95
2026-05-09T17:37:12.006,13.52,74.0,297.04,432.65,22.25
2026-05-09T17:37:12.506,14.81,67.5,297.04,432.65,22.56
2026-05-09T17:37:13.006,13.72,72.9,297.04,432.65,20.03
2026-05-09T17:37:13.506,14.03,71.3,297.04,432.65,20.27
2026-05-09T17:37:14.006,14.04,71.2,297.04,432.65,20.47
2026-05-09T17:37:14.506,13.42,74.5,297.04,432.65,20.75
2026-05-09T17:37:15.006,14.27,70.1,297.04,432.65,21.02
2026-05-09T17:37:15.506,13.47,74.2,297.04,432.65,21.30
2026-05-09T17:37:16.006,14.37,69.6,297.04,432.65,21.60
2026-05-09T17:37:16.506,13.77,72.6,297.04,432.65,21.90
2026-05-09T17:37:17.006,14.09,71.0,297.04,432.65,22.20
2026-05-09T17:37:17.506,13.51,74.0,297.04,432.65,22.49
2026-05-09T17:37:18.006,13.73,72.8,297.04,432.65,22.80
2026-05-09T17:37:18.506,13.98,71.6,297.04,432.65,20.29
2026-05-09T17:37:19.006,13.26,75.4,297.04,432.65,20.43
2026-05-09T17:37:19.506,14.16,70.6,297.04,432.65,20.63
2026-05-09T17:37:20.006,13.56,73.8,297.04,432.65,20.88
2026-05-09T17:37:20.506,14.11,70.9,297.04,432.65,21.16
2026-05-09T17:37:21.006,14.10,70.9,297.04,432.65,21.45
2026-05-09T17:37:21.506,14.35,69.7,297.04,432.65,21.73
2026-05-09T17:37:22.006,14.17,70.6,297.04,432.65,22.03
2026-05-09T17:37:22.506,14.68,68.1,297.04,432.65,22.32
2026-05-09T17:37:23.006,14.53,68.8,297.04,432.65,22.63
2026-05-09T17:37:23.507,13.52,74.0,297.04,432.65,22.93
2026-05-09T17:37:24.006,13.13,76.1,297.04,432.65,23.23
2026-05-09T17:37:24.506,13.64,73.3,297.04,432.65,20.57
2026-05-09T17:37:25.006,14.37,69.6,297.04,432.65,20.76
2026-05-09T17:37:25.506,14.02,71.3,297.04,432.65,20.96
2026-05-09T17:37:26.006,13.89,72.0,297.04,432.65,21.23
2026-05-09T17:37:26.506,14.42,69.4,297.04,432.65,21.50
2026-05-09T17:37:27.006,13.90,71.9,297.04,432.65,21.80
2026-05-09T17:37:27.506,13.74,72.8,297.04,432.65,22.09
2026-05-09T17:37:28.006,13.20,75.8,297.04,432.65,22.38
2026-05-09T17:37:28.506,14.81,67.5,297.04,432.65,22.68
2026-05-09T17:37:29.006,13.41,74.6,297.04,432.65,22.98
2026-05-09T17:37:29.506,14.44,69.2,297.04,432.65,23.28
2026-05-09T17:37:30.006,13.97,71.6,297.04,432.65,23.58
2026-05-09T17:37:30.506,14.64,68.3,297.04,432.65,20.84
2026-05-09T17:37:31.006,13.20,75.8,297.04,432.65,21.04
2026-05-09T17:37:31.506,14.21,70.4,297.04,432.65,21.25
2026-05-09T17:37:32.006,14.02,71.4,297.04,432.65,21.52
2026-05-09T17:37:32.506,14.26,70.1,297.04,432.65,21.79
2026-05-09T17:37:33.006,13.38,74.8,297.04,432.65,22.08
2026-05-09T17:37:33.506,13.48,74.2,297.04,432.65,22.37
2026-05-09T17:37:34.006,14.52,68.9,297.04,432.65,22.66
2026-05-09T17:37:34.506,13.56,73.8,297.04,432.65,22.96
2026-05-09T17:37:35.006,14.45,69.2,297.04,432.65,23.26
2026-05-09T17:37:35.506,13.42,74.5,297.04,432.65,23.57
2026-05-09T17:37:36.006,13.52,74.0,297.04,432.65,23.87
2026-05-09T17:37:36.506,13.59,73.6,297.04,432.65,16.84
2026-05-09T17:37:37.006,14.14,70.7,297.04,432.65,17.00
2026-05-09T17:37:37.506,14.08,71.0,297.04,432.65,17.22
2026-05-09T17:37:38.006,14.73,67.9,297.04,432.65,17.50
2026-05-09T17:37:38.506,13.47,74.2,297.04,432.65,17.77
2026-05-09T17:37:39.006,13.44,74.4,297.04,432.65,18.05
2026-05-09T17:37:39.506,14.08,71.0,297.04,432.65,18.34
2026-05-09T17:37:40.006,13.57,73.7,297.04,432.65,18.63
2026-05-09T17:37:40.506,14.71,68.0,297.04,432.65,16.93
2026-05-09T17:37:41.006,13.38,74.7,297.04,432.65,17.14
2026-05-09T17:37:41.506,14.12,70.8,297.04,432.65,17.40
2026-05-09T17:37:42.006,13.41,74.6,297.04,432.65,17.68
2026-05-09T17:37:42.506,14.06,71.1,297.04,432.65,17.98
2026-05-09T17:37:43.006,13.00,76.9,297.04,432.65,18.27
2026-05-09T17:37:43.506,14.48,69.0,297.04,432.65,18.61
2026-05-09T17:37:44.006,13.83,72.3,297.04,432.65,18.89
2026-05-09T17:37:44.506,14.32,69.8,297.04,432.65,17.07
2026-05-09T17:37:45.006,13.53,73.9,297.04,432.65,17.28
2026-05-09T17:37:45.506,14.24,70.2,297.04,432.65,17.52
2026-05-09T17:37:46.006,13.37,74.8,297.04,432.65,17.82
2026-05-09T17:37:46.506,14.24,70.2,297.04,432.65,18.11
2026-05-09T17:37:47.006,13.68,73.1,297.04,432.65,18.39
2026-05-09T17:37:47.506,14.28,70.0,297.04,432.65,18.68
2026-05-09T17:37:48.006,14.27,70.1,297.04,432.65,18.98
2026-05-09T17:37:48.506,13.63,73.4,297.04,432.65,17.23
2026-05-09T17:37:49.006,14.25,70.2,297.04,432.65,17.34
2026-05-09T17:37:49.506,13.56,73.7,297.04,432.65,17.56
2026-05-09T17:37:50.006,14.65,68.3,297.04,432.65,17.85
2026-05-09T17:37:50.507,13.93,71.8,297.04,432.65,18.14
2026-05-09T17:37:51.006,14.14,70.7,297.04,432.65,18.43
2026-05-09T17:37:51.506,13.77,72.6,297.04,432.65,18.72
2026-05-09T17:37:52.006,13.16,76.0,297.04,432.65,19.02
2026-05-09T17:37:52.506,14.05,71.2,297.04,432.65,19.30
2026-05-09T17:37:53.006,14.19,70.5,297.04,432.65,17.41
2026-05-09T17:37:53.506,13.29,75.2,297.04,432.65,17.59
2026-05-09T17:37:54.006,13.34,75.0,297.04,432.65,17.83
2026-05-09T17:37:54.506,14.38,69.6,297.04,432.65,18.12
2026-05-09T17:37:55.006,13.83,72.3,297.04,432.65,18.41
2026-05-09T17:37:55.506,13.93,71.8,297.04,432.65,18.70
2026-05-09T17:37:56.006,13.92,71.8,297.04,432.65,18.99
2026-05-09T17:37:56.506,14.26,70.1,297.04,432.65,19.29
2026-05-09T17:37:57.006,13.77,72.6,297.04,432.65,19.57
2026-05-09T17:37:57.506,14.93,67.0,297.04,432.65,17.60
2026-05-09T17:37:58.006,13.28,75.3,297.04,432.65,17.80
2026-05-09T17:37:58.506,14.58,68.6,297.04,432.65,18.05
2026-05-09T17:37:59.005,13.93,71.8,297.04,432.65,18.35
2026-05-09T17:37:59.506,13.68,73.1,297.04,432.65,18.64
2026-05-09T17:38:00.006,14.11,70.9,297.04,432.65,18.93
2026-05-09T17:38:00.506,13.87,72.1,297.04,432.65,19.22
2026-05-09T17:38:01.006,13.88,72.1,297.04,432.65,19.50
2026-05-09T17:38:01.506,13.70,73.0,297.04,432.65,19.80
2026-05-09T17:38:02.006,14.72,67.9,297.04,432.65,17.77
2026-05-09T17:38:02.506,14.21,70.4,297.04,432.65,17.98
2026-05-09T17:38:03.006,13.37,74.8,297.04,432.65,18.22
2026-05-09T17:38:03.506,13.93,71.8,297.04,432.65,18.52
2026-05-09T17:38:04.006,13.57,73.7,297.04,432.65,18.81
2026-05-09T17:38:04.506,13.31,75.1,297.04,432.65,19.10
2026-05-09T17:38:05.007,13.87,72.1,297.04,432.65,19.39
2026-05-09T17:38:05.506,13.92,71.8,297.04,432.65,19.68
2026-05-09T17:38:06.006,13.86,72.2,297.04,432.65,19.97
2026-05-09T17:38:06.506,14.43,69.3,297.04,432.65,17.93
2026-05-09T17:38:07.006,13.71,73.0,297.04,432.65,18.11
2026-05-09T17:38:07.506,14.37,69.6,297.04,432.65,18.34
2026-05-09T17:38:08.006,14.17,70.6,297.04,432.65,18.63
2026-05-09T17:38:08.506,14.58,68.6,297.04,432.65,18.92
2026-05-09T17:38:09.006,13.79,72.5,297.04,432.65,19.21
2026-05-09T17:38:09.506,14.05,71.2,297.04,432.65,19.50
2026-05-09T17:38:10.007,13.67,73.1,297.04,432.65,19.80
2026-05-09T17:38:10.506,13.96,71.6,297.04,432.65,20.09
2026-05-09T17:38:11.006,13.53,73.9,297.04,432.65,18.11
2026-05-09T17:38:11.507,13.94,71.7,297.04,432.65,18.22
2026-05-09T17:38:12.007,14.02,71.3,297.04,432.65,18.43
2026-05-09T17:38:12.507,14.26,70.1,297.04,432.65,18.70
2026-05-09T17:38:13.006,13.18,75.9,297.04,432.65,18.99
2026-05-09T17:38:13.507,14.20,70.4,297.04,432.65,19.33
2026-05-09T17:38:14.007,13.61,73.5,297.04,432.65,19.62
2026-05-09T17:38:14.506,14.22,70.3,297.04,432.65,19.91
2026-05-09T17:38:15.007,14.16,70.6,297.04,432.65,20.20
2026-05-09T17:38:15.506,14.34,69.7,297.04,432.65,20.49
2026-05-09T17:38:16.006,13.75,72.7,297.04,432.65,18.32
2026-05-09T17:38:16.506,14.64,68.3,297.04,432.65,18.53
2026-05-09T17:38:17.006,14.19,70.5,297.04,432.65,18.76
2026-05-09T17:38:17.506,13.97,71.6,297.04,432.65,19.05
2026-05-09T17:38:18.006,13.80,72.4,297.04,432.65,19.33
2026-05-09T17:38:18.507,14.03,71.3,297.04,432.65,19.63
2026-05-09T17:38:19.006,13.75,72.7,297.04,432.65,19.92
2026-05-09T17:38:19.506,13.63,73.4,297.04,432.65,20.21
2026-05-09T17:38:20.007,14.04,71.2,297.04,432.65,20.52
2026-05-09T17:38:20.506,11.99,83.4,297.04,432.65,18.52
2026-05-09T17:38:21.006,14.33,69.8,297.04,432.65,18.58
2026-05-09T17:38:21.507,14.20,70.4,297.04,432.65,18.77
2026-05-09T17:38:22.007,13.73,72.8,297.04,432.65,19.02
2026-05-09T17:38:22.507,14.01,71.4,297.04,432.65,19.30
2026-05-09T17:38:23.006,13.33,75.0,297.04,432.65,19.59
2026-05-09T17:38:23.506,13.64,73.3,297.04,432.65,19.89
2026-05-09T17:38:24.006,13.74,72.8,297.04,432.65,20.19
2026-05-09T17:38:24.506,14.22,70.3,297.04,432.65,20.49
2026-05-09T17:38:25.006,14.01,71.4,297.04,432.65,20.78
2026-05-09T17:38:25.507,13.58,73.6,297.04,432.65,21.09
2026-05-09T17:38:26.006,13.37,74.8,297.04,432.65,18.80
2026-05-09T17:38:26.507,13.73,72.8,297.04,432.65,19.00
2026-05-09T17:38:27.007,14.29,70.0,297.04,432.65,19.24
2026-05-09T17:38:27.506,14.07,71.1,297.04,432.65,19.52
2026-05-09T17:38:28.006,13.62,73.4,297.04,432.65,19.82
2026-05-09T17:38:28.507,13.32,75.1,297.04,432.65,20.10
2026-05-09T17:38:29.007,14.43,69.3,297.04,432.65,20.41
2026-05-09T17:38:29.506,14.15,70.7,297.04,432.65,20.71
2026-05-09T17:38:30.006,14.04,71.2,297.04,432.65,21.00
2026-05-09T17:38:30.507,14.35,69.7,297.04,432.65,21.29
2026-05-09T17:38:31.006,13.46,74.3,297.04,432.65,19.02
2026-05-09T17:38:31.507,14.37,69.6,297.04,432.65,19.20
2026-05-09T17:38:32.006,14.07,71.1,297.04,432.65,19.41
2026-05-09T17:38:32.507,14.73,67.9,297.04,432.65,19.69
2026-05-09T17:38:33.006,14.25,70.2,297.04,432.65,19.98
2026-05-09T17:38:33.507,14.44,69.2,297.04,432.65,20.27
2026-05-09T17:38:34.007,13.68,73.1,297.04,432.65,20.56
2026-05-09T17:38:34.507,13.05,76.6,297.04,432.65,20.86
2026-05-09T17:38:35.006,13.86,72.1,297.04,432.65,21.15
2026-05-09T17:38:35.506,12.98,77.0,297.04,432.65,21.45
2026-05-09T17:38:36.007,13.99,71.5,297.04,432.65,19.25
2026-05-09T17:38:36.507,13.53,73.9,297.04,432.65,19.35
2026-05-09T17:38:37.006,13.69,73.0,297.04,432.65,19.55
2026-05-09T17:38:37.507,13.14,76.1,297.04,432.65,19.80
2026-05-09T17:38:38.007,14.05,71.2,297.04,432.65,20.07
2026-05-09T17:38:38.506,13.20,75.7,297.04,432.65,20.36
2026-05-09T17:38:39.006,13.65,73.2,297.04,432.65,20.66
2026-05-09T17:38:39.507,13.86,72.2,297.04,432.65,20.95
2026-05-09T17:38:40.006,14.05,71.2,297.04,432.65,21.25
2026-05-09T17:38:40.506,13.88,72.1,297.04,432.65,21.54
2026-05-09T17:38:41.007,13.66,73.2,297.04,432.65,21.84
2026-05-09T17:38:41.506,14.08,71.0,297.04,432.65,19.51
2026-05-09T17:38:42.006,13.98,71.5,297.04,432.65,19.65
2026-05-09T17:38:42.506,14.25,70.2,297.04,432.65,19.86
2026-05-09T17:38:43.006,14.16,70.6,297.04,432.65,20.13
2026-05-09T17:38:43.506,14.20,70.4,297.04,432.65,20.44
2026-05-09T17:38:44.007,13.35,74.9,297.04,432.65,20.73
2026-05-09T17:38:44.506,13.33,75.0,297.04,432.65,21.03
2026-05-09T17:38:45.007,13.91,71.9,297.04,432.65,21.32
2026-05-09T17:38:45.506,13.98,71.5,297.04,432.65,21.61
2026-05-09T17:38:46.006,14.10,70.9,297.04,432.65,21.92
2026-05-09T17:38:46.506,14.35,69.7,297.04,432.65,22.21
2026-05-09T17:38:47.006,13.91,71.9,297.04,432.65,19.77
2026-05-09T17:38:47.507,13.56,73.7,297.04,432.65,19.95
2026-05-09T17:38:48.007,13.83,72.3,297.04,432.65,20.16
2026-05-09T17:38:48.506,14.04,71.2,297.04,432.65,20.43
2026-05-09T17:38:49.007,13.98,71.5,297.04,432.65,20.71
2026-05-09T17:38:49.507,12.81,78.1,297.04,432.65,21.00
2026-05-09T17:38:50.007,13.37,74.8,297.04,432.65,21.29
2026-05-09T17:38:50.507,14.36,69.7,297.04,432.65,21.59
2026-05-09T17:38:51.006,14.48,69.1,297.04,432.65,21.88
2026-05-09T17:38:51.506,13.60,73.5,297.04,432.65,22.18
2026-05-09T17:38:52.006,13.67,73.2,297.04,432.65,22.48
2026-05-09T17:38:52.507,14.35,69.7,297.04,432.65,20.02
2026-05-09T17:38:53.007,13.03,76.7,297.04,432.65,20.17
2026-05-09T17:38:53.506,14.01,71.4,297.04,432.65,20.37
2026-05-09T17:38:54.006,13.10,76.3,297.04,432.65,20.63
2026-05-09T17:38:54.506,13.78,72.6,297.04,432.65,20.91
2026-05-09T17:38:55.006,13.67,73.2,297.04,432.65,21.19
2026-05-09T17:38:55.506,14.63,68.4,297.04,432.65,21.47
2026-05-09T17:38:56.006,13.62,73.4,297.04,432.65,21.78
2026-05-09T17:38:56.506,13.80,72.5,297.04,432.65,22.07
2026-05-09T17:38:57.006,14.17,70.6,297.04,432.65,22.37
2026-05-09T17:38:57.506,14.68,68.1,297.04,432.65,22.67
2026-05-09T17:38:58.007,14.52,68.9,297.04,432.65,20.28
2026-05-09T17:38:58.506,12.51,79.9,297.04,432.65,20.35
2026-05-09T17:38:59.006,13.99,71.5,297.04,432.65,20.55
2026-05-09T17:38:59.506,14.22,70.3,297.04,432.65,20.78
2026-05-09T17:39:00.006,14.55,68.7,297.04,432.65,21.05
2026-05-09T17:39:00.506,13.92,71.8,297.04,432.65,21.33
2026-05-09T17:39:01.006,14.46,69.1,297.04,432.65,21.61
2026-05-09T17:39:01.506,14.47,69.1,297.04,432.65,21.91
2026-05-09T17:39:02.006,14.21,70.4,297.04,432.65,22.20
2026-05-09T17:39:02.506,13.94,71.7,297.04,432.65,22.50
2026-05-09T17:39:03.006,13.98,71.5,297.04,432.65,22.80
2026-05-09T17:39:03.506,13.78,72.6,297.04,432.65,23.11
2026-05-09T17:39:04.006,13.29,75.2,297.04,432.65,20.57
2026-05-09T17:39:04.507,13.57,73.7,297.04,432.65,20.69
2026-05-09T17:39:05.006,13.93,71.8,297.04,432.65,20.89
2026-05-09T17:39:05.506,13.57,73.7,297.04,432.65,21.13
2026-05-09T17:39:06.007,13.93,71.8,297.04,432.65,21.41
2026-05-09T17:39:06.507,13.76,72.7,297.04,432.65,21.69
2026-05-09T17:39:07.006,14.04,71.2,297.04,432.65,21.97
2026-05-09T17:39:07.507,14.31,69.9,297.04,432.65,22.27
2026-05-09T17:39:08.007,13.97,71.6,297.04,432.65,22.56
2026-05-09T17:39:08.506,14.24,70.2,297.04,432.65,22.86
2026-05-09T17:39:09.006,13.62,73.4,297.04,432.65,23.16
2026-05-09T17:39:09.506,14.17,70.5,297.04,432.65,23.46
2026-05-09T17:39:10.007,12.31,81.2,297.04,432.65,20.84
2026-05-09T17:39:10.507,14.05,71.2,297.04,432.65,20.98
2026-05-09T17:39:11.006,13.71,72.9,297.04,432.65,21.17
2026-05-09T17:39:11.506,13.83,72.3,297.04,432.65,21.43
2026-05-09T17:39:12.006,13.92,71.9,297.04,432.65,21.70
2026-05-09T17:39:12.507,13.95,71.7,297.04,432.65,21.98
2026-05-09T17:39:13.006,13.84,72.2,297.04,432.65,22.25
2026-05-09T17:39:13.506,14.20,70.4,297.04,432.65,22.60
2026-05-09T17:39:14.006,13.33,75.0,297.04,432.65,22.89
2026-05-09T17:39:14.507,14.32,69.8,297.04,432.65,23.18
2026-05-09T17:39:15.007,13.66,73.2,297.04,432.65,23.48
2026-05-09T17:39:15.506,13.67,73.2,297.04,432.65,23.79
2026-05-09T17:39:16.007,14.06,71.1,297.04,432.65,16.86
2026-05-09T17:39:16.506,13.75,72.7,297.04,432.65,16.97
2026-05-09T17:39:17.006,14.04,71.2,297.04,432.65,17.17
2026-05-09T17:39:17.507,13.71,73.0,297.04,432.65,17.44
2026-05-09T17:39:18.007,13.89,72.0,297.04,432.65,17.72
2026-05-09T17:39:18.506,13.22,75.6,297.04,432.65,18.00
2026-05-09T17:39:19.007,13.73,72.8,297.04,432.65,18.28
2026-05-09T17:39:19.507,13.07,76.5,297.04,432.65,18.57
2026-05-09T17:39:20.006,13.80,72.5,297.04,432.65,16.91
2026-05-09T17:39:20.506,13.82,72.4,297.04,432.65,17.10
2026-05-09T17:39:21.006,14.13,70.8,297.04,432.65,17.34
2026-05-09T17:39:21.506,14.35,69.7,297.04,432.65,17.63
2026-05-09T17:39:22.006,14.16,70.6,297.04,432.65,17.92
2026-05-09T17:39:22.506,14.59,68.5,297.04,432.65,18.21
2026-05-09T17:39:23.007,13.67,73.1,297.04,432.65,18.50
2026-05-09T17:39:23.506,14.52,68.9,297.04,432.65,18.79
2026-05-09T17:39:24.006,14.19,70.4,297.04,432.65,17.07
2026-05-09T17:39:24.507,13.97,71.6,297.04,432.65,17.20
2026-05-09T17:39:25.007,13.91,71.9,297.04,432.65,17.42
2026-05-09T17:39:25.506,14.37,69.6,297.04,432.65,17.71
2026-05-09T17:39:26.007,13.27,75.4,297.04,432.65,18.00
2026-05-09T17:39:26.506,13.95,71.7,297.04,432.65,18.29
2026-05-09T17:39:27.007,13.55,73.8,297.04,432.65,18.58
2026-05-09T17:39:27.506,14.30,69.9,297.04,432.65,18.87
2026-05-09T17:39:28.006,14.85,67.3,297.04,432.65,19.16
2026-05-09T17:39:28.506,14.21,70.4,297.04,432.65,17.27
2026-05-09T17:39:29.006,13.68,73.1,297.04,432.65,17.48
2026-05-09T17:39:29.506,13.76,72.7,297.04,432.65,17.74
2026-05-09T17:39:30.006,14.30,70.0,297.04,432.65,18.04
2026-05-09T17:39:30.506,14.34,69.7,297.04,432.65,18.32
2026-05-09T17:39:31.007,14.20,70.4,297.04,432.65,18.62
2026-05-09T17:39:31.506,14.48,69.1,297.04,432.65,18.91
2026-05-09T17:39:32.006,13.67,73.1,297.04,432.65,19.20
2026-05-09T17:39:32.506,13.54,73.8,297.04,432.65,17.41
2026-05-09T17:39:33.007,13.58,73.6,297.04,432.65,17.52
2026-05-09T17:39:33.507,13.22,75.7,297.04,432.65,17.73
2026-05-09T17:39:34.006,13.30,75.2,297.04,432.65,18.01
2026-05-09T17:39:34.506,12.65,79.0,297.04,432.65,18.31
2026-05-09T17:39:35.006,13.93,71.8,297.04,432.65,18.61
2026-05-09T17:39:35.506,13.69,73.0,297.04,432.65,18.89
2026-05-09T17:39:36.007,13.79,72.5,297.04,432.65,19.18
2026-05-09T17:39:36.506,14.34,69.7,297.04,432.65,19.47
2026-05-09T17:39:37.006,13.96,71.6,297.04,432.65,17.58
2026-05-09T17:39:37.506,14.42,69.3,297.04,432.65,17.73
2026-05-09T17:39:38.006,13.95,71.7,297.04,432.65,17.95
2026-05-09T17:39:38.506,14.01,71.4,297.04,432.65,18.25
2026-05-09T17:39:39.006,13.98,71.6,297.04,432.65,18.54
2026-05-09T17:39:39.506,14.13,70.8,297.04,432.65,18.83
2026-05-09T17:39:40.006,12.83,77.9,297.04,432.65,19.11
2026-05-09T17:39:40.506,13.88,72.0,297.04,432.65,19.40
2026-05-09T17:39:41.006,14.17,70.6,297.04,432.65,19.69
2026-05-09T17:39:41.506,13.94,71.7,297.04,432.65,17.75
2026-05-09T17:39:42.006,14.13,70.8,297.04,432.65,17.91
2026-05-09T17:39:42.506,14.12,70.8,297.04,432.65,18.12
2026-05-09T17:39:43.007,14.56,68.7,297.04,432.65,18.42
2026-05-09T17:39:43.506,13.19,75.8,297.04,432.65,18.75
2026-05-09T17:39:44.006,13.64,73.3,297.04,432.65,19.05
2026-05-09T17:39:44.506,14.32,69.8,297.04,432.65,19.33
2026-05-09T17:39:45.006,14.15,70.6,297.04,432.65,19.62
2026-05-09T17:39:45.506,14.68,68.1,297.04,432.65,19.91
2026-05-09T17:39:46.006,12.94,77.3,297.04,432.65,17.93
2026-05-09T17:39:46.506,14.35,69.7,297.04,432.65,18.08
2026-05-09T17:39:47.006,13.73,72.8,297.04,432.65,18.29
2026-05-09T17:39:47.506,14.26,70.1,297.04,432.65,18.58
2026-05-09T17:39:48.006,14.42,69.4,297.04,432.65,18.87
2026-05-09T17:39:48.506,14.54,68.8,297.04,432.65,19.17
2026-05-09T17:39:49.006,13.79,72.5,297.04,432.65,19.46
2026-05-09T17:39:49.506,14.32,69.8,297.04,432.65,19.74
2026-05-09T17:39:50.006,14.01,71.4,297.04,432.65,20.03
2026-05-09T17:39:50.506,14.75,67.8,297.04,432.65,18.12
2026-05-09T17:39:51.006,13.76,72.7,297.04,432.65,18.19
2026-05-09T17:39:51.506,14.21,70.4,297.04,432.65,18.39
2026-05-09T17:39:52.006,14.27,70.1,297.04,432.65,18.64
2026-05-09T17:39:52.506,13.92,71.8,297.04,432.65,18.93
2026-05-09T17:39:53.006,14.27,70.1,297.04,432.65,19.22
2026-05-09T17:39:53.506,14.14,70.7,297.04,432.65,19.51
2026-05-09T17:39:54.006,14.44,69.2,297.04,432.65,19.80
2026-05-09T17:39:54.506,14.52,68.8,297.04,432.65,20.09
2026-05-09T17:39:55.006,12.96,77.2,297.04,432.65,20.38
2026-05-09T17:39:55.506,14.70,68.0,297.04,432.65,18.31
2026-05-09T17:39:56.006,14.31,69.9,297.04,432.65,18.45
2026-05-09T17:39:56.506,14.05,71.2,297.04,432.65,18.66
2026-05-09T17:39:57.007,13.99,71.5,297.04,432.65,18.94
2026-05-09T17:39:57.506,14.24,70.2,297.04,432.65,19.23
2026-05-09T17:39:58.007,14.11,70.9,297.04,432.65,19.52
2026-05-09T17:39:58.506,13.43,74.5,297.04,432.65,19.81
2026-05-09T17:39:59.006,13.85,72.2,297.04,432.65,20.10
2026-05-09T17:39:59.506,13.81,72.4,297.04,432.65,20.39
2026-05-09T17:40:00.006,13.42,74.5,297.04,432.65,20.69
2026-05-09T17:40:00.506,13.78,72.6,297.04,432.65,18.54
2026-05-09T17:40:01.006,13.80,72.5,297.04,432.65,18.71
2026-05-09T17:40:01.507,13.97,71.6,297.04,432.65,18.91
2026-05-09T17:40:02.006,13.10,76.3,297.04,432.65,19.19
2026-05-09T17:40:02.507,13.62,73.4,297.04,432.65,19.48
2026-05-09T17:40:03.006,13.37,74.8,297.04,432.65,19.79
2026-05-09T17:40:03.506,13.85,72.2,297.04,432.65,20.07
2026-05-09T17:40:04.006,14.16,70.6,297.04,432.65,20.38
2026-05-09T17:40:04.506,14.62,68.4,297.04,432.65,20.68
2026-05-09T17:40:05.006,14.00,71.4,297.04,432.65,20.98
2026-05-09T17:40:05.506,13.35,74.9,297.04,432.65,18.77
2026-05-09T17:40:06.007,13.92,71.9,297.04,432.65,18.93
2026-05-09T17:40:06.506,13.57,73.7,297.04,432.65,19.14
2026-05-09T17:40:07.006,13.87,72.1,297.04,432.65,19.41
2026-05-09T17:40:07.506,14.02,71.3,297.04,432.65,19.70
2026-05-09T17:40:08.006,13.96,71.7,297.04,432.65,20.00
2026-05-09T17:40:08.506,13.19,75.8,297.04,432.65,20.30
2026-05-09T17:40:09.006,14.11,70.9,297.04,432.65,20.59
2026-05-09T17:40:09.506,14.36,69.7,297.04,432.65,20.88
2026-05-09T17:40:10.006,14.03,71.3,297.04,432.65,21.19
2026-05-09T17:40:10.506,13.41,74.5,297.04,432.65,19.01
2026-05-09T17:40:11.007,13.80,72.5,297.04,432.65,19.14
2026-05-09T17:40:11.506,14.13,70.8,297.04,432.65,19.33
2026-05-09T17:40:12.006,12.80,78.1,297.04,432.65,19.58
2026-05-09T17:40:12.506,14.28,70.0,297.04,432.65,19.87
2026-05-09T17:40:13.006,14.18,70.5,297.04,432.65,20.16
2026-05-09T17:40:13.506,14.49,69.0,297.04,432.65,20.50
2026-05-09T17:40:14.006,14.36,69.7,297.04,432.65,20.79
2026-05-09T17:40:14.506,14.01,71.4,297.04,432.65,21.09
2026-05-09T17:40:15.006,14.20,70.4,297.04,432.65,21.39
2026-05-09T17:40:15.506,13.84,72.2,297.04,432.65,19.25
2026-05-09T17:40:16.006,12.98,77.0,297.04,432.65,19.31
2026-05-09T17:40:16.506,13.18,75.8,297.04,432.65,19.51
2026-05-09T17:40:17.006,14.04,71.2,297.04,432.65,19.73
2026-05-09T17:40:17.506,13.74,72.8,297.04,432.65,20.01
2026-05-09T17:40:18.007,13.49,74.1,297.04,432.65,20.30
2026-05-09T17:40:18.507,13.64,73.3,297.04,432.65,20.59
2026-05-09T17:40:19.007,13.51,74.0,297.04,432.65,20.89
2026-05-09T17:40:19.506,13.61,73.5,297.04,432.65,21.19
2026-05-09T17:40:20.006,13.74,72.8,297.04,432.65,21.48
2026-05-09T17:40:20.506,13.83,72.3,297.04,432.65,21.79
2026-05-09T17:40:21.007,13.68,73.1,297.04,432.65,19.51
2026-05-09T17:40:21.506,13.73,72.8,297.04,432.65,19.62
2026-05-09T17:40:22.006,13.90,71.9,297.04,432.65,19.82
2026-05-09T17:40:22.506,13.97,71.6,297.04,432.65,20.06
2026-05-09T17:40:23.006,13.30,75.2,297.04,432.65,20.33
2026-05-09T17:40:23.506,14.00,71.4,297.04,432.65,20.62
2026-05-09T17:40:24.006,13.35,74.9,297.04,432.65,20.93
2026-05-09T17:40:24.506,14.01,71.4,297.04,432.65,21.21
2026-05-09T17:40:25.006,13.41,74.6,297.04,432.65,21.51
2026-05-09T17:40:25.506,14.49,69.0,297.04,432.65,21.81
2026-05-09T17:40:26.006,12.96,77.2,297.04,432.65,22.12
2026-05-09T17:40:26.506,14.01,71.4,297.04,432.65,19.77
2026-05-09T17:40:27.006,14.23,70.3,297.04,432.65,19.89
2026-05-09T17:40:27.506,13.72,72.9,297.04,432.65,20.09
2026-05-09T17:40:28.006,13.72,72.9,297.04,432.65,20.33
2026-05-09T17:40:28.505,13.69,73.0,297.04,432.65,20.61
2026-05-09T17:40:29.007,13.87,72.1,297.04,432.65,20.89
2026-05-09T17:40:29.506,13.80,72.5,297.04,432.65,21.19
2026-05-09T17:40:30.006,14.47,69.1,297.04,432.65,21.48
2026-05-09T17:40:30.506,14.56,68.7,297.04,432.65,21.77
2026-05-09T17:40:31.006,14.00,71.4,297.04,432.65,22.07
2026-05-09T17:40:31.506,14.11,70.9,297.04,432.65,22.37
2026-05-09T17:40:32.006,13.22,75.6,297.04,432.65,20.04
2026-05-09T17:40:32.506,12.91,77.5,297.04,432.65,20.12
2026-05-09T17:40:33.006,13.86,72.2,297.04,432.65,20.32
2026-05-09T17:40:33.506,12.92,77.4,297.04,432.65,20.54
2026-05-09T17:40:34.007,13.47,74.3,297.04,432.65,20.82
2026-05-09T17:40:34.506,14.20,70.4,297.04,432.65,21.09
2026-05-09T17:40:35.006,13.46,74.3,297.04,432.65,21.38
2026-05-09T17:40:35.506,13.25,75.5,297.04,432.65,21.68
2026-05-09T17:40:36.007,13.49,74.2,297.04,432.65,21.98
2026-05-09T17:40:36.506,13.47,74.2,297.04,432.65,22.27
2026-05-09T17:40:37.006,13.48,74.2,297.04,432.65,22.57
2026-05-09T17:40:37.506,14.18,70.5,297.04,432.65,22.88
2026-05-09T17:40:38.006,13.81,72.4,297.04,432.65,20.31
2026-05-09T17:40:38.506,14.49,69.0,297.04,432.65,20.50
2026-05-09T17:40:39.006,13.14,76.1,297.04,432.65,20.70
2026-05-09T17:40:39.506,14.27,70.1,297.04,432.65,20.95
2026-05-09T17:40:40.006,13.38,74.7,297.04,432.65,21.23
2026-05-09T17:40:40.506,14.11,70.9,297.04,432.65,21.51
2026-05-09T17:40:41.006,13.08,76.5,297.04,432.65,21.81
2026-05-09T17:40:41.506,14.35,69.7,297.04,432.65,22.10
2026-05-09T17:40:42.006,13.87,72.1,297.04,432.65,22.40
2026-05-09T17:40:42.506,13.34,74.9,297.04,432.65,22.70
2026-05-09T17:40:43.006,14.06,71.1,297.04,432.65,23.00
2026-05-09T17:40:43.506,14.01,71.4,297.04,432.65,20.57
2026-05-09T17:40:44.006,13.69,73.0,297.04,432.65,20.66
2026-05-09T17:40:44.506,13.95,71.7,297.04,432.65,20.86
2026-05-09T17:40:45.006,14.41,69.4,297.04,432.65,21.08
2026-05-09T17:40:45.506,13.68,73.1,297.04,432.65,21.35
2026-05-09T17:40:46.006,13.64,73.3,297.04,432.65,21.63
2026-05-09T17:40:46.506,13.02,76.8,297.04,432.65,21.91
2026-05-09T17:40:47.007,13.89,72.0,297.04,432.65,22.21
2026-05-09T17:40:47.507,13.91,71.9,297.04,432.65,22.50
2026-05-09T17:40:48.006,13.12,76.2,297.04,432.65,22.79
2026-05-09T17:40:48.507,13.60,73.5,297.04,432.65,23.10
2026-05-09T17:40:49.006,14.37,69.6,297.04,432.65,23.41
2026-05-09T17:40:49.506,14.49,69.0,297.04,432.65,20.85
2026-05-09T17:40:50.006,13.35,74.9,297.04,432.65,20.94
2026-05-09T17:40:50.506,14.10,70.9,297.04,432.65,21.14
2026-05-09T17:40:51.006,13.56,73.8,297.04,432.65,21.36
2026-05-09T17:40:51.506,14.22,70.3,297.04,432.65,21.63
2026-05-09T17:40:52.006,14.31,69.9,297.04,432.65,21.91
2026-05-09T17:40:52.506,14.19,70.5,297.04,432.65,22.19
2026-05-09T17:40:53.006,14.11,70.9,297.04,432.65,22.49
2026-05-09T17:40:53.506,14.18,70.5,297.04,432.65,22.78
2026-05-09T17:40:54.006,14.36,69.7,297.04,432.65,23.07
2026-05-09T17:40:54.506,14.12,70.8,297.04,432.65,23.37
2026-05-09T17:40:55.006,14.13,70.8,297.04,432.65,23.69
2026-05-09T17:40:55.492,17.97,55.6,297.04,432.65,23.98
2026-05-09T17:40:56.006,14.90,67.1,297.04,432.65,16.94
2026-05-09T17:40:56.506,14.25,70.2,297.04,432.65,17.14
2026-05-09T17:40:57.006,14.08,71.0,297.04,432.65,17.39
2026-05-09T17:40:57.506,14.41,69.4,297.04,432.65,17.66
2026-05-09T17:40:58.006,13.79,72.5,297.04,432.65,17.93
2026-05-09T17:40:58.506,14.33,69.8,297.04,432.65,18.21
2026-05-09T17:40:59.006,13.34,74.9,297.04,432.65,18.49
2026-05-09T17:40:59.506,14.05,71.2,297.04,432.65,16.92
2026-05-09T17:41:00.006,12.70,78.8,297.04,432.65,17.04
2026-05-09T17:41:00.506,14.18,70.5,297.04,432.65,17.25
2026-05-09T17:41:01.006,13.20,75.8,297.04,432.65,17.54
2026-05-09T17:41:01.506,13.76,72.7,297.04,432.65,17.83
2026-05-09T17:41:02.006,13.31,75.2,297.04,432.65,18.12
2026-05-09T17:41:02.506,13.30,75.2,297.04,432.65,18.42
2026-05-09T17:41:03.006,14.24,70.2,297.04,432.65,18.70
2026-05-09T17:41:03.506,15.30,65.4,297.04,432.65,17.08
2026-05-09T17:41:04.006,14.02,71.3,297.04,432.65,17.14
2026-05-09T17:41:04.506,14.13,70.8,297.04,432.65,17.36
2026-05-09T17:41:05.007,13.76,72.7,297.04,432.65,17.62
2026-05-09T17:41:05.506,13.43,74.5,297.04,432.65,17.91
2026-05-09T17:41:06.006,14.10,70.9,297.04,432.65,18.20
2026-05-09T17:41:06.506,13.84,72.2,297.04,432.65,18.49
2026-05-09T17:41:07.006,13.91,71.9,297.04,432.65,18.78
2026-05-09T17:41:07.506,14.16,70.6,297.04,432.65,19.07
2026-05-09T17:41:08.006,13.75,72.7,297.04,432.65,17.26
2026-05-09T17:41:08.507,14.15,70.7,297.04,432.65,17.43
2026-05-09T17:41:09.006,13.87,72.1,297.04,432.65,17.66
2026-05-09T17:41:09.506,14.20,70.4,297.04,432.65,17.95
2026-05-09T17:41:10.006,13.90,72.0,297.04,432.65,18.24
2026-05-09T17:41:10.506,14.43,69.3,297.04,432.65,18.53
2026-05-09T17:41:11.006,14.69,68.1,297.04,432.65,18.82
2026-05-09T17:41:11.506,13.96,71.6,297.04,432.65,19.11
2026-05-09T17:41:12.006,13.63,73.4,297.04,432.65,19.40
2026-05-09T17:41:12.506,14.37,69.6,297.04,432.65,17.47
2026-05-09T17:41:13.006,14.35,69.7,297.04,432.65,17.68
2026-05-09T17:41:13.506,14.00,71.4,297.04,432.65,17.98
2026-05-09T17:41:14.006,13.80,72.4,297.04,432.65,18.27
2026-05-09T17:41:14.506,14.06,71.1,297.04,432.65,18.56
2026-05-09T17:41:15.006,13.15,76.0,297.04,432.65,18.86
2026-05-09T17:41:15.506,12.81,78.1,297.04,432.65,19.14
2026-05-09T17:41:16.007,13.81,72.4,297.04,432.65,19.43
2026-05-09T17:41:16.506,14.57,68.6,297.04,432.65,17.59
2026-05-09T17:41:17.006,13.95,71.7,297.04,432.65,17.71
2026-05-09T17:41:17.506,14.08,71.0,297.04,432.65,17.93
2026-05-09T17:41:18.006,12.88,77.6,297.04,432.65,18.20
2026-05-09T17:41:18.506,14.01,71.4,297.04,432.65,18.50
2026-05-09T17:41:19.006,13.23,75.6,297.04,432.65,18.79
2026-05-09T17:41:19.506,14.13,70.8,297.04,432.65,19.08
2026-05-09T17:41:20.006,13.54,73.8,297.04,432.65,19.37
2026-05-09T17:41:20.507,14.24,70.2,297.04,432.65,19.66
2026-05-09T17:41:21.006,13.52,73.9,297.04,432.65,17.77
2026-05-09T17:41:21.506,13.79,72.5,297.04,432.65,17.88
2026-05-09T17:41:22.006,12.94,77.3,297.04,432.65,18.09
2026-05-09T17:41:22.506,12.96,77.2,297.04,432.65,18.38
2026-05-09T17:41:23.006,14.29,70.0,297.04,432.65,18.66
2026-05-09T17:41:23.506,13.68,73.1,297.04,432.65,18.96
2026-05-09T17:41:24.006,14.21,70.4,297.04,432.65,19.25
2026-05-09T17:41:24.506,14.06,71.1,297.04,432.65,19.54
2026-05-09T17:41:25.006,14.46,69.1,297.04,432.65,19.83
2026-05-09T17:41:25.506,13.60,73.5,297.04,432.65,17.95
2026-05-09T17:41:26.007,13.99,71.5,297.04,432.65,18.03
2026-05-09T17:41:26.506,13.59,73.6,297.04,432.65,18.23
2026-05-09T17:41:27.006,14.46,69.2,297.04,432.65,18.50
2026-05-09T17:41:27.506,13.48,74.2,297.04,432.65,18.79
2026-05-09T17:41:28.006,13.66,73.2,297.04,432.65,19.07
2026-05-09T17:41:28.506,13.96,71.6,297.04,432.65,19.36
2026-05-09T17:41:29.006,13.85,72.2,297.04,432.65,19.65
2026-05-09T17:41:29.506,14.08,71.0,297.04,432.65,19.94
2026-05-09T17:41:30.006,13.85,72.2,297.04,432.65,20.23
2026-05-09T17:41:30.506,14.35,69.7,297.04,432.65,18.14
2026-05-09T17:41:31.006,13.43,74.4,297.04,432.65,18.34
2026-05-09T17:41:31.506,14.29,70.0,297.04,432.65,18.56
2026-05-09T17:41:32.006,13.69,73.0,297.04,432.65,18.85
2026-05-09T17:41:32.507,14.10,70.9,297.04,432.65,19.14
2026-05-09T17:41:33.006,14.22,70.3,297.04,432.65,19.43
2026-05-09T17:41:33.506,13.50,74.1,297.04,432.65,19.71
2026-05-09T17:41:34.006,13.96,71.6,297.04,432.65,20.01
2026-05-09T17:41:34.506,13.80,72.5,297.04,432.65,20.29
2026-05-09T17:41:35.005,13.99,71.5,297.04,432.65,18.32
2026-05-09T17:41:35.506,14.35,69.7,297.04,432.65,18.40
2026-05-09T17:41:36.006,14.18,70.5,297.04,432.65,18.60
2026-05-09T17:41:36.506,13.70,73.0,297.04,432.65,18.85
2026-05-09T17:41:37.006,14.04,71.2,297.04,432.65,19.14
2026-05-09T17:41:37.506,14.24,70.2,297.04,432.65,19.43
2026-05-09T17:41:38.006,14.15,70.7,297.04,432.65,19.73
2026-05-09T17:41:38.506,14.26,70.1,297.04,432.65,20.01
2026-05-09T17:41:39.006,14.17,70.6,297.04,432.65,20.30
2026-05-09T17:41:39.506,14.13,70.8,297.04,432.65,20.59
2026-05-09T17:41:40.006,13.78,72.6,297.04,432.65,18.53
2026-05-09T17:41:40.506,14.24,70.2,297.04,432.65,18.64
2026-05-09T17:41:41.006,13.33,75.0,297.04,432.65,18.84
2026-05-09T17:41:41.506,14.08,71.0,297.04,432.65,19.09
2026-05-09T17:41:42.006,13.08,76.5,297.04,432.65,19.38
2026-05-09T17:41:42.506,14.03,71.3,297.04,432.65,19.68
2026-05-09T17:41:43.006,13.81,72.4,297.04,432.65,19.98
2026-05-09T17:41:43.506,14.18,70.5,297.04,432.65,20.33
2026-05-09T17:41:44.006,14.00,71.4,297.04,432.65,20.62
2026-05-09T17:41:44.506,13.61,73.5,297.04,432.65,20.92
2026-05-09T17:41:45.007,13.98,71.5,297.04,432.65,18.77
2026-05-09T17:41:45.506,13.42,74.5,297.04,432.65,18.90
2026-05-09T17:41:46.006,14.16,70.6,297.04,432.65,19.10
2026-05-09T17:41:46.506,13.83,72.3,297.04,432.65,19.37
2026-05-09T17:41:47.006,13.97,71.6,297.04,432.65,19.65
2026-05-09T17:41:47.506,13.59,73.6,297.04,432.65,19.95
2026-05-09T17:41:48.006,14.02,71.3,297.04,432.65,20.25
2026-05-09T17:41:48.506,14.00,71.4,297.04,432.65,20.54
2026-05-09T17:41:49.006,12.86,77.7,297.04,432.65,20.84
2026-05-09T17:41:49.506,14.55,68.7,297.04,432.65,21.14
2026-05-09T17:41:50.006,13.65,73.3,297.04,432.65,19.00
2026-05-09T17:41:50.506,13.79,72.5,297.04,432.65,19.09
2026-05-09T17:41:51.006,13.23,75.6,297.04,432.65,19.29
2026-05-09T17:41:51.506,14.54,68.8,297.04,432.65,19.52
2026-05-09T17:41:52.006,13.59,73.6,297.04,432.65,19.80
2026-05-09T17:41:52.506,13.84,72.2,297.04,432.65,20.10
2026-05-09T17:41:53.006,13.69,73.0,297.04,432.65,20.39
2026-05-09T17:41:53.506,13.94,71.7,297.04,432.65,20.70
2026-05-09T17:41:54.006,13.47,74.3,297.04,432.65,20.99
2026-05-09T17:41:54.506,14.13,70.8,297.04,432.65,21.29
2026-05-09T17:41:55.006,13.75,72.7,297.04,432.65,21.59
2026-05-09T17:41:55.506,14.22,70.3,297.04,432.65,19.25
2026-05-09T17:41:56.006,13.45,74.4,297.04,432.65,19.43
2026-05-09T17:41:56.506,13.48,74.2,297.04,432.65,19.64
2026-05-09T17:41:57.006,13.50,74.1,297.04,432.65,19.91
2026-05-09T17:41:57.506,14.82,67.5,297.04,432.65,20.19
2026-05-09T17:41:58.006,13.07,76.5,297.04,432.65,20.48
2026-05-09T17:41:58.506,13.89,72.0,297.04,432.65,20.79
2026-05-09T17:41:59.006,14.26,70.1,297.04,432.65,21.08
2026-05-09T17:41:59.506,14.02,71.3,297.04,432.65,21.38
2026-05-09T17:42:00.006,14.18,70.5,297.04,432.65,21.68
2026-05-09T17:42:00.506,13.25,75.5,297.04,432.65,21.99
2026-05-09T17:42:01.006,14.46,69.1,297.04,432.65,19.54
2026-05-09T17:42:01.506,13.90,71.9,297.04,432.65,19.73
2026-05-09T17:42:02.006,13.99,71.5,297.04,432.65,19.96
2026-05-09T17:42:02.506,13.38,74.7,297.04,432.65,20.23
2026-05-09T17:42:03.006,14.05,71.2,297.04,432.65,20.52
2026-05-09T17:42:03.506,13.27,75.4,297.04,432.65,20.81
2026-05-09T17:42:04.007,13.69,73.1,297.04,432.65,21.11
2026-05-09T17:42:04.506,14.27,70.1,297.04,432.65,21.41
2026-05-09T17:42:05.006,13.43,74.5,297.04,432.65,21.70
2026-05-09T17:42:05.506,13.95,71.7,297.04,432.65,22.01
2026-05-09T17:42:06.007,11.54,86.6,297.04,432.65,19.75
2026-05-09T17:42:06.506,14.06,71.1,297.04,432.65,19.80
2026-05-09T17:42:07.006,13.45,74.4,297.04,432.65,20.00
2026-05-09T17:42:07.507,14.34,69.7,297.04,432.65,20.23
2026-05-09T17:42:08.006,13.82,72.4,297.04,432.65,20.50
2026-05-09T17:42:08.507,13.97,71.6,297.04,432.65,20.78
2026-05-09T17:42:09.006,13.70,73.0,297.04,432.65,21.07
2026-05-09T17:42:09.507,13.63,73.4,297.04,432.65,21.37
2026-05-09T17:42:10.006,13.42,74.5,297.04,432.65,21.67
2026-05-09T17:42:10.506,14.20,70.4,297.04,432.65,21.96
2026-05-09T17:42:11.006,14.07,71.1,297.04,432.65,22.27
2026-05-09T17:42:11.506,13.84,72.3,297.04,432.65,22.57
2026-05-09T17:42:12.006,14.10,70.9,297.04,432.65,20.03
2026-05-09T17:42:12.506,13.73,72.8,297.04,432.65,20.22
2026-05-09T17:42:13.006,13.86,72.1,297.04,432.65,20.44
2026-05-09T17:42:13.506,13.77,72.6,297.04,432.65,20.75
2026-05-09T17:42:14.006,13.88,72.0,297.04,432.65,21.02
2026-05-09T17:42:14.506,14.35,69.7,297.04,432.65,21.32
2026-05-09T17:42:15.006,13.64,73.3,297.04,432.65,21.61
2026-05-09T17:42:15.506,14.24,70.2,297.04,432.65,21.91
2026-05-09T17:42:16.006,13.97,71.6,297.04,432.65,22.21
2026-05-09T17:42:16.506,13.80,72.5,297.04,432.65,22.51
2026-05-09T17:42:17.006,13.38,74.7,297.04,432.65,22.82
2026-05-09T17:42:17.507,14.52,68.9,297.04,432.65,20.29
2026-05-09T17:42:18.007,14.41,69.4,297.04,432.65,20.44
2026-05-09T17:42:18.506,15.09,66.3,297.04,432.65,20.64
2026-05-09T17:42:19.006,12.92,77.4,297.04,432.65,20.89
2026-05-09T17:42:19.507,14.19,70.5,297.04,432.65,21.17
2026-05-09T17:42:20.006,14.70,68.0,297.04,432.65,21.45
2026-05-09T17:42:20.507,13.63,73.4,297.04,432.65,21.75
2026-05-09T17:42:21.006,14.16,70.6,297.04,432.65,22.04
2026-05-09T17:42:21.506,13.53,73.9,297.04,432.65,22.34
2026-05-09T17:42:22.006,13.89,72.0,297.04,432.65,22.65
2026-05-09T17:42:22.506,13.28,75.3,297.04,432.65,22.95
2026-05-09T17:42:23.006,13.18,75.9,297.04,432.65,23.25
2026-05-09T17:42:23.506,13.91,71.9,297.04,432.65,20.57
2026-05-09T17:42:24.006,13.40,74.6,297.04,432.65,20.77
2026-05-09T17:42:24.506,14.03,71.3,297.04,432.65,20.98
2026-05-09T17:42:25.006,13.75,72.7,297.04,432.65,21.25
2026-05-09T17:42:25.506,14.12,70.8,297.04,432.65,21.53
2026-05-09T17:42:26.007,13.57,73.7,297.04,432.65,21.80
2026-05-09T17:42:26.507,14.52,68.9,297.04,432.65,22.09
2026-05-09T17:42:27.006,13.60,73.5,297.04,432.65,22.39
2026-05-09T17:42:27.506,14.09,71.0,297.04,432.65,22.69
2026-05-09T17:42:28.006,13.31,75.2,297.04,432.65,22.99
2026-05-09T17:42:28.506,13.54,73.9,297.04,432.65,23.30
2026-05-09T17:42:29.006,13.13,76.1,297.04,432.65,23.61
2026-05-09T17:42:29.506,14.17,70.6,297.04,432.65,20.85
2026-05-09T17:42:30.006,13.61,73.5,297.04,432.65,21.05
2026-05-09T17:42:30.506,14.20,70.4,297.04,432.65,21.27
2026-05-09T17:42:31.006,13.76,72.7,297.04,432.65,21.53
2026-05-09T17:42:31.506,13.93,71.8,297.04,432.65,21.81
2026-05-09T17:42:32.006,13.72,72.9,297.04,432.65,22.09
2026-05-09T17:42:32.506,13.75,72.8,297.04,432.65,22.38
2026-05-09T17:42:33.006,14.42,69.4,297.04,432.65,22.68
2026-05-09T17:42:33.506,13.16,76.0,297.04,432.65,22.98
2026-05-09T17:42:34.006,13.35,74.9,297.04,432.65,23.28
2026-05-09T17:42:34.506,13.98,71.6,297.04,432.65,23.59
2026-05-09T17:42:35.006,13.56,73.8,297.04,432.65,23.89
2026-05-09T17:42:35.506,14.60,68.5,297.04,432.65,16.84
2026-05-09T17:42:36.007,13.62,73.4,297.04,432.65,17.01
2026-05-09T17:42:36.506,13.29,75.2,297.04,432.65,17.24
2026-05-09T17:42:37.007,13.60,73.5,297.04,432.65,17.52
2026-05-09T17:42:37.506,13.97,71.6,297.04,432.65,17.79
2026-05-09T17:42:38.006,13.83,72.3,297.04,432.65,18.08
2026-05-09T17:42:38.506,13.82,72.4,297.04,432.65,18.37
2026-05-09T17:42:39.006,13.58,73.6,297.04,432.65,18.65
2026-05-09T17:42:39.507,14.02,71.3,297.04,432.65,16.95
2026-05-09T17:42:40.006,13.40,74.6,297.04,432.65,17.16
2026-05-09T17:42:40.506,13.63,73.4,297.04,432.65,17.43
2026-05-09T17:42:41.006,13.63,73.4,297.04,432.65,17.72
2026-05-09T17:42:41.507,13.47,74.3,297.04,432.65,18.01
2026-05-09T17:42:42.006,13.52,74.0,297.04,432.65,18.31
2026-05-09T17:42:42.506,13.64,73.3,297.04,432.65,18.59
2026-05-09T17:42:43.007,13.56,73.8,297.04,432.65,18.88
2026-05-09T17:42:43.507,13.46,74.3,297.04,432.65,17.11
2026-05-09T17:42:44.007,13.49,74.1,297.04,432.65,17.31
2026-05-09T17:42:44.506,13.21,75.7,297.04,432.65,17.56
2026-05-09T17:42:45.007,13.58,73.7,297.04,432.65,17.85
2026-05-09T17:42:45.506,13.33,75.0,297.04,432.65,18.14
2026-05-09T17:42:46.007,13.78,72.5,297.04,432.65,18.43
2026-05-09T17:42:46.506,13.82,72.3,297.04,432.65,18.72
2026-05-09T17:42:47.007,13.50,74.1,297.04,432.65,19.01
2026-05-09T17:42:47.506,13.27,75.3,297.04,432.65,17.22
2026-05-09T17:42:48.006,13.46,74.3,297.04,432.65,17.37
2026-05-09T17:42:48.506,13.59,73.6,297.04,432.65,17.60
2026-05-09T17:42:49.006,13.36,74.8,297.04,432.65,17.88
2026-05-09T17:42:49.506,13.80,72.4,297.04,432.65,18.17
2026-05-09T17:42:50.006,13.27,75.3,297.04,432.65,18.47
2026-05-09T17:42:50.506,13.61,73.5,297.04,432.65,18.75
2026-05-09T17:42:51.007,13.42,74.5,297.04,432.65,19.05
2026-05-09T17:42:51.506,14.30,69.9,297.04,432.65,19.33
2026-05-09T17:42:51.998,11.37,88.0,297.04,432.65,17.43
2026-05-09T17:42:52.501,13.76,72.7,297.04,432.65,17.63
2026-05-09T17:42:53.002,13.86,72.2,297.04,432.65,17.90
2026-05-09T17:42:53.499,13.76,72.7,297.04,432.65,18.20
2026-05-09T17:42:53.998,13.14,76.1,297.04,432.65,18.49
2026-05-09T17:42:54.498,13.42,74.5,297.04,432.65,18.80
2026-05-09T17:42:54.998,12.94,77.3,297.04,432.65,19.09
2026-05-09T17:42:55.497,13.82,72.4,297.04,432.65,19.40
2026-05-09T17:42:55.999,13.24,75.5,297.04,432.65,17.57
2026-05-09T17:42:56.500,11.98,83.4,297.04,432.65,17.77
2026-05-09T17:42:57.000,11.97,83.5,297.04,432.65,18.02
2026-05-09T17:42:57.501,13.05,76.6,297.04,432.65,18.33
2026-05-09T17:42:58.001,12.53,79.8,297.04,432.65,18.63
2026-05-09T17:42:58.502,13.49,74.1,297.04,432.65,18.93
2026-05-09T17:42:59.004,14.67,68.2,297.04,432.65,19.23
2026-05-09T17:42:59.505,14.27,70.1,297.04,432.65,19.55
2026-05-09T17:43:00.005,14.16,70.6,297.04,432.65,17.72
2026-05-09T17:43:00.505,13.77,72.6,297.04,432.65,17.91
2026-05-09T17:43:01.005,14.08,71.0,297.04,432.65,18.14
2026-05-09T17:43:01.505,13.92,71.8,297.04,432.65,18.43
2026-05-09T17:43:02.005,14.08,71.0,297.04,432.65,18.73
2026-05-09T17:43:02.505,12.58,79.5,297.04,432.65,19.02
2026-05-09T17:43:03.005,13.76,72.7,297.04,432.65,19.31
2026-05-09T17:43:03.505,12.84,77.9,297.04,432.65,19.61
2026-05-09T17:43:04.005,13.56,73.7,297.04,432.65,19.93
2026-05-09T17:43:04.505,13.74,72.8,297.04,432.65,17.93
2026-05-09T17:43:05.005,13.91,71.9,297.04,432.65,18.13
2026-05-09T17:43:05.505,13.77,72.6,297.04,432.65,18.38
2026-05-09T17:43:06.005,12.77,78.3,297.04,432.65,18.67
2026-05-09T17:43:06.505,13.26,75.4,297.04,432.65,18.96
2026-05-09T17:43:07.005,13.94,71.8,297.04,432.65,19.25
2026-05-09T17:43:07.505,13.96,71.6,297.04,432.65,19.55
2026-05-09T17:43:08.005,15.46,64.7,297.04,432.65,19.84
2026-05-09T17:43:08.505,12.80,78.1,297.04,432.65,20.14
2026-05-09T17:43:09.005,12.98,77.0,297.04,432.65,18.08
2026-05-09T17:43:09.505,14.46,69.2,297.04,432.65,18.28
2026-05-09T17:43:10.005,13.67,73.1,297.04,432.65,18.52
2026-05-09T17:43:10.505,13.31,75.1,297.04,432.65,18.81
2026-05-09T17:43:11.006,14.35,69.7,297.04,432.65,19.10
2026-05-09T17:43:11.505,13.60,73.5,297.04,432.65,19.39
2026-05-09T17:43:12.005,13.46,74.3,297.04,432.65,19.68
2026-05-09T17:43:12.506,13.78,72.6,297.04,432.65,19.98
2026-05-09T17:43:13.005,13.57,73.7,297.04,432.65,20.27
2026-05-09T17:43:13.505,13.48,74.2,297.04,432.65,18.30
2026-05-09T17:43:14.005,13.32,75.1,297.04,432.65,18.46
2026-05-09T17:43:14.505,13.43,74.4,297.04,432.65,18.68
2026-05-09T17:43:15.005,13.93,71.8,297.04,432.65,18.96
2026-05-09T17:43:15.505,14.72,67.9,297.04,432.65,19.25
2026-05-09T17:43:16.005,13.81,72.4,297.04,432.65,19.54
2026-05-09T17:43:16.505,13.74,72.8,297.04,432.65,19.83
2026-05-09T17:43:17.006,13.86,72.2,297.04,432.65,20.13
2026-05-09T17:43:17.505,13.35,74.9,297.04,432.65,20.43
2026-05-09T17:43:18.006,12.83,77.9,297.04,432.65,18.45
2026-05-09T17:43:18.505,13.53,73.9,297.04,432.65,18.55
2026-05-09T17:43:19.005,13.55,73.8,297.04,432.65,18.76
