timestamp_iso,x,y,z
2026-05-09T17:22:28.870,-1.7026,0.0000,-0.0906
2026-05-09T17:22:29.039,-1.7026,-0.0039,-0.0906
2026-05-09T17:22:29.157,-1.5000,0.2500,-22.7500
2026-05-09T17:22:29.190,-1.5000,0.1399,-22.7500
2026-05-09T17:22:29.206,-1.5000,0.0800,-22.7500
2026-05-09T17:23:10.783,-1.4971,0.0800,-22.7508
2026-05-09T17:23:10.797,-1.4827,0.0800,-22.7545
2026-05-09T17:23:10.811,-1.4672,0.0800,-22.7589
2026-05-09T17:23:10.825,-1.4502,0.0800,-22.7640
2026-05-09T17:23:10.839,-1.4300,0.0800,-22.7706
2026-05-09T17:23:10.853,-1.4089,0.0800,-22.7779
2026-05-09T17:23:10.867,-1.3883,0.0800,-22.7856
2026-05-09T17:23:10.881,-1.3631,0.0800,-22.7955
2026-05-09T17:23:10.894,-1.3347,0.0800,-22.8073
2026-05-09T17:23:10.908,-1.3008,0.0800,-22.8221
2026-05-09T17:23:10.922,-1.2665,0.0800,-22.8378
2026-05-09T17:23:10.936,-1.2293,0.0800,-22.8556
2026-05-09T17:23:10.951,-1.1816,0.0800,-22.8793
2026-05-09T17:23:10.964,-1.1416,0.0800,-22.9000
2026-05-09T17:23:10.977,-1.0899,0.0800,-22.9275
2026-05-09T17:23:10.993,-1.0441,0.0800,-22.9525
2026-05-09T17:23:11.006,-1.0036,0.0800,-22.9752
2026-05-09T17:23:11.019,-0.9750,0.0800,-22.9914
2026-05-09T17:23:11.034,-0.9527,0.0800,-23.0040
2026-05-09T17:23:11.047,-0.9337,0.0800,-23.0147
2026-05-09T17:23:11.062,-0.8935,0.0800,-23.0372
2026-05-09T17:23:11.075,-0.8467,0.0800,-23.0628
2026-05-09T17:23:11.089,-0.8007,0.0800,-23.0871
2026-05-09T17:23:11.103,-0.7576,0.0800,-23.1089
2026-05-09T17:23:11.117,-0.7114,0.0800,-23.1314
2026-05-09T17:23:11.131,-0.6686,0.0800,-23.1512
2026-05-09T17:23:11.145,-0.6214,0.0800,-23.1722
2026-05-09T17:23:11.159,-0.5765,0.0800,-23.1912
2026-05-09T17:23:11.173,-0.5280,0.0800,-23.2110
2026-05-09T17:23:11.187,-0.4791,0.0800,-23.2300
2026-05-09T17:23:11.201,-0.4304,0.0800,-23.2481
2026-05-09T17:23:11.214,-0.3802,0.0800,-23.2660
2026-05-09T17:23:11.229,-0.3323,0.0800,-23.2822
2026-05-09T17:23:11.242,-0.2828,0.0800,-23.2981
2026-05-09T17:23:11.256,-0.2337,0.0800,-23.3132
2026-05-09T17:23:11.270,-0.1869,0.0800,-23.3268
2026-05-09T17:23:11.284,-0.1362,0.0800,-23.3407
2026-05-09T17:23:11.297,-0.0898,0.0800,-23.3527
2026-05-09T17:23:11.311,-0.0415,0.0800,-23.3644
2026-05-09T17:23:11.326,0.0061,0.0800,-23.3753
2026-05-09T17:23:11.339,0.0548,0.0800,-23.3856
2026-05-09T17:23:11.353,0.1084,0.0800,-23.3962
2026-05-09T17:23:11.367,0.1547,0.0800,-23.4045
2026-05-09T17:23:11.381,0.2052,0.0800,-23.4128
2026-05-09T17:23:11.395,0.2580,0.0800,-23.4208
2026-05-09T17:23:11.408,0.3094,0.0800,-23.4277
2026-05-09T17:23:11.423,0.3595,0.0800,-23.4337
2026-05-09T17:23:11.436,0.4080,0.0800,-23.4388
2026-05-09T17:23:11.451,0.4653,0.0800,-23.4439
2026-05-09T17:23:11.465,0.5118,0.0800,-23.4474
2026-05-09T17:23:11.477,0.5669,0.0800,-23.4507
2026-05-09T17:23:11.492,0.6156,0.0800,-23.4528
2026-05-09T17:23:11.506,0.6639,0.0800,-23.4543
2026-05-09T17:23:11.519,0.7179,0.0800,-23.4552
2026-05-09T17:23:11.534,0.7675,0.0800,-23.4552
2026-05-09T17:23:11.548,0.8160,0.0800,-23.4545
2026-05-09T17:23:11.561,0.8690,0.0800,-23.4530
2026-05-09T17:23:11.574,0.9204,0.0800,-23.4508
2026-05-09T17:23:11.589,0.9716,0.0800,-23.4478
2026-05-09T17:23:11.603,1.0234,0.0800,-23.4440
2026-05-09T17:23:11.617,1.0626,0.0800,-23.4407
2026-05-09T17:23:11.631,1.0836,0.0800,-23.4388
2026-05-09T17:23:11.645,1.0901,0.0800,-23.4382
2026-05-09T17:23:11.658,1.0920,0.0800,-23.4381
2026-05-09T17:23:12.116,1.1100,0.0800,-23.4363
2026-05-09T17:23:12.131,1.1448,0.0800,-23.4329
2026-05-09T17:23:12.144,1.2129,0.0800,-23.4263
2026-05-09T17:23:12.158,1.2799,0.0800,-23.4201
2026-05-09T17:23:12.172,1.3443,0.0800,-23.4145
2026-05-09T17:23:12.186,1.4102,0.0800,-23.4092
2026-05-09T17:23:12.200,1.4802,0.0800,-23.4039
2026-05-09T17:23:12.214,1.5469,0.0800,-23.3992
2026-05-09T17:23:12.228,1.6102,0.0800,-23.3951
2026-05-09T17:23:12.241,1.6786,0.0800,-23.3909
2026-05-09T17:23:12.255,1.7480,0.0800,-23.3870
2026-05-09T17:23:12.269,1.8121,0.0800,-23.3837
2026-05-09T17:23:12.283,1.8858,0.0800,-23.3802
2026-05-09T17:23:12.297,1.9481,0.0800,-23.3775
2026-05-09T17:23:12.311,2.0138,0.0800,-23.3750
2026-05-09T17:23:12.325,2.0812,0.0800,-23.3727
2026-05-09T17:23:12.338,2.1510,0.0800,-23.3702
2026-05-09T17:23:12.352,2.2246,0.0800,-23.3675
2026-05-09T17:23:12.367,2.2892,0.0800,-23.3652
2026-05-09T17:23:12.380,2.3605,0.0800,-23.3625
2026-05-09T17:23:12.394,2.4309,0.0800,-23.3598
2026-05-09T17:23:12.408,2.4928,0.0800,-23.3573
2026-05-09T17:23:12.422,2.5678,0.0800,-23.3542
2026-05-09T17:23:12.436,2.6360,0.0800,-23.3513
2026-05-09T17:23:12.450,2.7100,0.0800,-23.3479
2026-05-09T17:23:12.463,2.7728,0.0800,-23.3450
2026-05-09T17:23:12.477,2.8451,0.0800,-23.3415
2026-05-09T17:23:12.492,2.9094,0.0800,-23.3384
2026-05-09T17:23:12.506,2.9770,0.0800,-23.3350
2026-05-09T17:23:12.519,3.0520,0.0800,-23.3312
2026-05-09T17:23:12.534,3.1226,0.0800,-23.3276
2026-05-09T17:23:12.547,3.1891,0.0800,-23.3242
2026-05-09T17:23:12.561,3.2602,0.0800,-23.3204
2026-05-09T17:23:12.574,3.3271,0.0800,-23.3168
2026-05-09T17:23:12.589,3.3988,0.0800,-23.3129
2026-05-09T17:23:12.603,3.4627,0.0800,-23.3093
2026-05-09T17:23:12.616,3.5405,0.0800,-23.3048
2026-05-09T17:23:12.631,3.6058,0.0800,-23.3009
2026-05-09T17:23:12.645,3.6734,0.0800,-23.2968
2026-05-09T17:23:12.658,3.7444,0.0800,-23.2924
2026-05-09T17:23:12.673,3.8154,0.0800,-23.2878
2026-05-09T17:23:12.686,3.8829,0.0800,-23.2832
2026-05-09T17:23:12.700,3.9536,0.0800,-23.2782
2026-05-09T17:23:12.714,4.0226,0.0800,-23.2731
2026-05-09T17:23:12.728,4.0871,0.0800,-23.2681
2026-05-09T17:23:12.741,4.1568,0.0800,-23.2623
2026-05-09T17:23:12.755,4.2229,0.0800,-23.2562
2026-05-09T17:23:12.770,4.2837,0.0800,-23.2500
2026-05-09T17:23:12.783,4.3504,0.0800,-23.2423
2026-05-09T17:23:12.797,4.4132,0.0800,-23.2343
2026-05-09T17:23:12.811,4.4738,0.0800,-23.2259
2026-05-09T17:23:12.825,4.5330,0.0800,-23.2168
2026-05-09T17:23:12.838,4.5948,0.0800,-23.2066
2026-05-09T17:23:12.853,4.6503,0.0800,-23.1967
2026-05-09T17:23:12.867,4.7016,0.0800,-23.1866
2026-05-09T17:23:12.881,4.7606,0.0800,-23.1740
2026-05-09T17:23:12.894,4.8101,0.0800,-23.1625
2026-05-09T17:23:12.908,4.8626,0.0800,-23.1495
2026-05-09T17:23:12.923,4.9091,0.0800,-23.1370
2026-05-09T17:23:12.936,4.9584,0.0800,-23.1228
2026-05-09T17:23:12.950,5.0132,0.0800,-23.1061
2026-05-09T17:23:12.964,5.0538,0.0800,-23.0927
2026-05-09T17:23:12.977,5.1025,0.0800,-23.0758
2026-05-09T17:23:12.991,5.1429,0.0800,-23.0611
2026-05-09T17:23:13.005,5.1827,0.0800,-23.0456
2026-05-09T17:23:13.018,5.2188,0.0800,-23.0307
2026-05-09T17:23:13.032,5.2531,0.0800,-23.0161
2026-05-09T17:23:13.047,5.2819,0.0800,-23.0029
2026-05-09T17:23:13.061,5.3143,0.0800,-22.9874
2026-05-09T17:23:13.074,5.3459,0.0800,-22.9714
2026-05-09T17:23:13.088,5.3743,0.0800,-22.9567
2026-05-09T17:23:13.102,5.3755,0.0800,-22.9560
2026-05-09T17:23:13.616,5.4063,0.0800,-22.9381
2026-05-09T17:23:13.630,5.4333,0.0800,-22.9220
2026-05-09T17:23:13.644,5.4677,0.0800,-22.9004
2026-05-09T17:23:13.657,5.5039,0.0800,-22.8768
2026-05-09T17:23:13.671,5.5407,0.0800,-22.8522
2026-05-09T17:23:13.685,5.5784,0.0800,-22.8258
2026-05-09T17:23:13.698,5.6102,0.0800,-22.8026
2026-05-09T17:23:13.712,5.6470,0.0800,-22.7752
2026-05-09T17:23:13.727,5.6774,0.0800,-22.7514
2026-05-09T17:23:13.740,5.7118,0.0800,-22.7235
2026-05-09T17:23:13.753,5.7438,0.0800,-22.6966
2026-05-09T17:23:13.768,5.7729,0.0800,-22.6715
2026-05-09T17:23:13.781,5.8028,0.0800,-22.6444
2026-05-09T17:23:13.795,5.8246,0.0800,-22.6239
2026-05-09T17:23:13.809,5.8340,0.0800,-22.6153
2026-05-09T17:23:13.851,5.8374,0.0800,-22.6121
2026-05-09T17:23:13.865,5.8461,0.0800,-22.6044
2026-05-09T17:23:13.878,5.8553,0.0800,-22.5966
2026-05-09T17:23:13.893,5.8640,0.0800,-22.5890
2026-05-09T17:23:13.906,5.8691,0.0800,-22.5853
2026-05-09T17:23:13.920,5.8736,0.0800,-22.5823
2026-05-09T17:23:13.934,5.8759,0.0800,-22.5804
2026-05-09T17:23:13.948,5.8772,0.0800,-22.5799
2026-05-09T17:23:13.962,5.8777,0.0800,-22.5801
2026-05-09T17:23:13.975,5.8771,0.0800,-22.5809
2026-05-09T17:23:14.004,5.8764,0.0800,-22.5818
2026-05-09T17:23:14.018,5.8756,0.0800,-22.5827
2026-05-09T17:23:14.046,5.8750,0.0800,-22.5833
2026-05-09T17:23:14.059,5.8743,0.0800,-22.5841
2026-05-09T17:23:14.073,5.8758,0.0800,-22.5834
2026-05-09T17:23:14.088,5.8773,0.0800,-22.5832
2026-05-09T17:23:14.102,5.8795,0.0800,-22.5827
2026-05-09T17:23:14.115,5.8825,0.0800,-22.5820
2026-05-09T17:23:14.130,5.8875,0.0800,-22.5802
2026-05-09T17:23:14.144,5.8935,0.0800,-22.5786
2026-05-09T17:23:14.157,5.9029,0.0800,-22.5761
2026-05-09T17:23:14.171,5.9208,0.0800,-22.5709
2026-05-09T17:23:14.186,5.9511,0.0800,-22.5632
2026-05-09T17:23:14.199,6.0026,0.0800,-22.5509
2026-05-09T17:23:14.213,6.0705,0.0800,-22.5351
2026-05-09T17:23:14.227,6.1322,0.0800,-22.5216
2026-05-09T17:23:14.241,6.1966,0.0800,-22.5078
2026-05-09T17:23:14.255,6.2640,0.0800,-22.4937
2026-05-09T17:23:14.269,6.3285,0.0800,-22.4805
2026-05-09T17:23:14.282,6.4056,0.0800,-22.4652
2026-05-09T17:23:14.296,6.4656,0.0800,-22.4536
2026-05-09T17:23:14.310,6.5298,0.0800,-22.4414
2026-05-09T17:23:14.325,6.5922,0.0800,-22.4300
2026-05-09T17:23:14.338,6.6621,0.0800,-22.4174
2026-05-09T17:23:14.352,6.7369,0.0800,-22.4043
2026-05-09T17:23:14.366,6.7964,0.0800,-22.3942
2026-05-09T17:23:14.379,6.8658,0.0800,-22.3828
2026-05-09T17:23:14.394,6.9299,0.0800,-22.3725
2026-05-09T17:23:14.408,6.9922,0.0800,-22.3628
2026-05-09T17:23:14.422,7.0691,0.0800,-22.3511
2026-05-09T17:23:14.436,7.1347,0.0800,-22.3411
2026-05-09T17:23:14.450,7.2047,0.0800,-22.3305
2026-05-09T17:23:14.464,7.2683,0.0800,-22.3208
2026-05-09T17:23:14.477,7.3421,0.0800,-22.3095
2026-05-09T17:23:14.492,7.4051,0.0800,-22.3000
2026-05-09T17:23:14.505,7.4673,0.0800,-22.2905
2026-05-09T17:23:14.519,7.5413,0.0800,-22.2792
2026-05-09T17:23:14.533,7.6073,0.0800,-22.2691
2026-05-09T17:23:14.547,7.6807,0.0800,-22.2578
2026-05-09T17:23:14.561,7.7446,0.0800,-22.2480
2026-05-09T17:23:14.575,7.8120,0.0800,-22.2376
2026-05-09T17:23:14.589,7.8789,0.0800,-22.2273
2026-05-09T17:23:14.603,7.9477,0.0800,-22.2166
2026-05-09T17:23:14.616,8.0265,0.0800,-22.2043
2026-05-09T17:23:14.630,8.0879,0.0800,-22.1947
2026-05-09T17:23:14.645,8.1535,0.0800,-22.1844
2026-05-09T17:23:14.659,8.2172,0.0800,-22.1739
2026-05-09T17:23:14.673,8.2850,0.0800,-22.1624
2026-05-09T17:23:14.687,8.3480,0.0800,-22.1511
2026-05-09T17:23:14.701,8.4096,0.0800,-22.1394
2026-05-09T17:23:14.713,8.4744,0.0800,-22.1265
2026-05-09T17:23:14.728,8.5346,0.0800,-22.1141
2026-05-09T17:23:14.742,8.5954,0.0800,-22.1009
2026-05-09T17:23:14.756,8.6556,0.0800,-22.0871
2026-05-09T17:23:14.770,8.7110,0.0800,-22.0740
2026-05-09T17:23:14.784,8.7704,0.0800,-22.0591
2026-05-09T17:23:14.798,8.8264,0.0800,-22.0443
2026-05-09T17:23:14.811,8.8797,0.0800,-22.0297
2026-05-09T17:23:14.825,8.9334,0.0800,-22.0140
2026-05-09T17:23:14.839,8.9882,0.0800,-21.9973
2026-05-09T17:23:14.854,9.0412,0.0800,-21.9806
2026-05-09T17:23:14.867,9.0935,0.0800,-21.9632
2026-05-09T17:23:14.881,9.1529,0.0800,-21.9426
2026-05-09T17:23:14.895,9.2030,0.0800,-21.9244
2026-05-09T17:23:14.909,9.2558,0.0800,-21.9048
2026-05-09T17:23:14.924,9.3056,0.0800,-21.8853
2026-05-09T17:23:14.937,9.3597,0.0800,-21.8632
2026-05-09T17:23:14.951,9.4174,0.0800,-21.8390
2026-05-09T17:23:14.965,9.4623,0.0800,-21.8191
2026-05-09T17:23:14.977,9.5163,0.0800,-21.7943
2026-05-09T17:23:14.993,9.5649,0.0800,-21.7712
2026-05-09T17:23:15.007,9.6116,0.0800,-21.7481
2026-05-09T17:23:15.020,9.6671,0.0800,-21.7197
2026-05-09T17:23:15.034,9.7145,0.0800,-21.6947
2026-05-09T17:23:15.048,9.7599,0.0800,-21.6698
2026-05-09T17:23:15.062,9.8083,0.0800,-21.6425
2026-05-09T17:23:15.075,9.8549,0.0800,-21.6154
2026-05-09T17:23:15.090,9.9009,0.0800,-21.5880
2026-05-09T17:23:15.104,9.9441,0.0800,-21.5612
2026-05-09T17:23:15.116,9.9941,0.0800,-21.5293
2026-05-09T17:23:15.131,10.0346,0.0800,-21.5027
2026-05-09T17:23:15.145,10.0733,0.0800,-21.4762
2026-05-09T17:23:15.158,10.1143,0.0800,-21.4472
2026-05-09T17:23:15.172,10.1555,0.0800,-21.4173
2026-05-09T17:23:15.186,10.1932,0.0800,-21.3886
2026-05-09T17:23:15.200,10.2318,0.0800,-21.3584
2026-05-09T17:23:15.214,10.2725,0.0800,-21.3255
2026-05-09T17:23:15.228,10.3059,0.0800,-21.2976
2026-05-09T17:23:15.241,10.3412,0.0800,-21.2670
2026-05-09T17:23:15.255,10.3739,0.0800,-21.2375
2026-05-09T17:23:15.269,10.4039,0.0800,-21.2096
2026-05-09T17:23:15.283,10.4368,0.0800,-21.1777
2026-05-09T17:23:15.297,10.4649,0.0800,-21.1493
2026-05-09T17:23:15.311,10.4934,0.0800,-21.1196
2026-05-09T17:23:15.325,10.5191,0.0800,-21.0916
2026-05-09T17:23:15.338,10.5448,0.0800,-21.0625
2026-05-09T17:23:15.352,10.5684,0.0800,-21.0349
2026-05-09T17:23:15.366,10.5885,0.0800,-21.0102
2026-05-09T17:23:15.380,10.6104,0.0800,-20.9822
2026-05-09T17:23:15.394,10.6315,0.0800,-20.9543
2026-05-09T17:23:15.407,10.6511,0.0800,-20.9268
2026-05-09T17:23:15.421,10.6708,0.0800,-20.8982
2026-05-09T17:23:15.434,10.6889,0.0800,-20.8705
2026-05-09T17:23:15.449,10.7063,0.0800,-20.8429
2026-05-09T17:23:15.463,10.7221,0.0800,-20.8163
2026-05-09T17:23:15.476,10.7389,0.0800,-20.7869
2026-05-09T17:23:15.491,10.7526,0.0800,-20.7617
2026-05-09T17:23:15.504,10.7656,0.0800,-20.7362
2026-05-09T17:23:15.518,10.7796,0.0800,-20.7072
2026-05-09T17:23:15.532,10.7902,0.0800,-20.6841
2026-05-09T17:23:15.545,10.8020,0.0800,-20.6564
2026-05-09T17:23:15.559,10.8127,0.0800,-20.6296
2026-05-09T17:23:15.573,10.8226,0.0800,-20.6028
2026-05-09T17:23:15.587,10.8322,0.0800,-20.5747
2026-05-09T17:23:15.600,10.8410,0.0800,-20.5468
2026-05-09T17:23:15.614,10.8495,0.0800,-20.5178
2026-05-09T17:23:15.628,10.8572,0.0800,-20.4899
2026-05-09T17:23:15.642,10.8662,0.0800,-20.4551
2026-05-09T17:23:15.655,10.8753,0.0800,-20.4177
2026-05-09T17:23:15.669,10.8795,0.0800,-20.4008
2026-05-09T17:23:15.683,10.8823,0.0800,-20.3896
2026-05-09T17:23:15.696,10.8866,0.0800,-20.3732
2026-05-09T17:23:15.710,10.8927,0.0800,-20.3509
2026-05-09T17:23:15.725,10.9012,0.0800,-20.3207
2026-05-09T17:23:15.738,10.9105,0.0800,-20.2897
2026-05-09T17:23:15.752,10.9213,0.0800,-20.2552
2026-05-09T17:23:15.766,10.9336,0.0800,-20.2179
2026-05-09T17:23:15.780,10.9524,0.0800,-20.1628
2026-05-09T17:23:15.794,10.9748,0.0800,-20.0985
2026-05-09T17:23:15.808,10.9965,0.0800,-20.0372
2026-05-09T17:23:15.821,11.0212,0.0800,-19.9680
2026-05-09T17:23:15.835,11.0431,0.0800,-19.9067
2026-05-09T17:23:15.849,11.0677,0.0800,-19.8373
2026-05-09T17:23:15.864,11.0889,0.0800,-19.7774
2026-05-09T17:23:15.877,11.1124,0.0800,-19.7106
2026-05-09T17:23:15.892,11.1356,0.0800,-19.6445
2026-05-09T17:23:15.905,11.1551,0.0800,-19.5877
2026-05-09T17:23:15.919,11.1753,0.0800,-19.5270
2026-05-09T17:23:15.932,11.1913,0.0800,-19.4773
2026-05-09T17:23:15.946,11.2065,0.0800,-19.4277
2026-05-09T17:23:15.960,11.2198,0.0800,-19.3823
2026-05-09T17:23:15.974,11.2324,0.0800,-19.3376
2026-05-09T17:23:15.988,11.2442,0.0800,-19.2923
2026-05-09T17:23:16.002,11.2547,0.0800,-19.2495
2026-05-09T17:23:16.015,11.2652,0.0800,-19.2032
2026-05-09T17:23:16.029,11.2736,0.0800,-19.1629
2026-05-09T17:23:16.043,11.2811,0.0800,-19.1232
2026-05-09T17:23:16.056,11.2879,0.0800,-19.0836
2026-05-09T17:23:16.071,11.2940,0.0800,-19.0446
2026-05-09T17:23:16.085,11.2995,0.0800,-19.0043
2026-05-09T17:23:16.098,11.3040,0.0800,-18.9657
2026-05-09T17:23:16.112,11.3078,0.0800,-18.9291
2026-05-09T17:23:16.126,11.3107,0.0800,-18.8941
2026-05-09T17:23:16.139,11.3133,0.0800,-18.8551
2026-05-09T17:23:16.153,11.3151,0.0800,-18.8157
2026-05-09T17:23:16.167,11.3162,0.0800,-18.7813
2026-05-09T17:23:16.181,11.3166,0.0800,-18.7451
2026-05-09T17:23:16.194,11.3163,0.0800,-18.7083
2026-05-09T17:23:16.208,11.3155,0.0800,-18.6709
2026-05-09T17:23:16.222,11.3139,0.0800,-18.6350
2026-05-09T17:23:16.235,11.3116,0.0800,-18.5988
2026-05-09T17:23:16.250,11.3086,0.0800,-18.5605
2026-05-09T17:23:16.264,11.3052,0.0800,-18.5266
2026-05-09T17:23:16.277,11.3001,0.0800,-18.4821
2026-05-09T17:23:16.291,11.2943,0.0800,-18.4380
2026-05-09T17:23:16.305,11.2868,0.0800,-18.3872
2026-05-09T17:23:16.318,11.2775,0.0800,-18.3295
2026-05-09T17:23:16.332,11.2698,0.0800,-18.2834
2026-05-09T17:23:16.346,11.2628,0.0800,-18.2428
2026-05-09T17:23:16.360,11.2540,0.0800,-18.1912
2026-05-09T17:23:16.374,11.2441,0.0800,-18.1326
2026-05-09T17:23:16.388,11.2342,0.0800,-18.0717
2026-05-09T17:23:16.402,11.2251,0.0800,-18.0123
2026-05-09T17:23:16.415,11.2160,0.0800,-17.9488
2026-05-09T17:23:16.430,11.2081,0.0800,-17.8900
2026-05-09T17:23:16.443,11.2005,0.0800,-17.8279
2026-05-09T17:23:16.457,11.1932,0.0800,-17.7633
2026-05-09T17:23:16.471,11.1865,0.0800,-17.7008
2026-05-09T17:23:16.485,11.1797,0.0800,-17.6332
2026-05-09T17:23:16.499,11.1736,0.0800,-17.5674
2026-05-09T17:23:16.513,11.1677,0.0800,-17.5005
2026-05-09T17:23:16.527,11.1624,0.0800,-17.4352
2026-05-09T17:23:16.541,11.1576,0.0800,-17.3717
2026-05-09T17:23:16.554,11.1526,0.0800,-17.2994
2026-05-09T17:23:16.568,11.1486,0.0800,-17.2355
2026-05-09T17:23:16.582,11.1448,0.0800,-17.1692
2026-05-09T17:23:16.596,11.1415,0.0800,-17.1044
2026-05-09T17:23:16.610,11.1386,0.0800,-17.0385
2026-05-09T17:23:16.624,11.1358,0.0800,-16.9689
2026-05-09T17:23:16.638,11.1335,0.0800,-16.9006
2026-05-09T17:23:16.652,11.1310,0.0800,-16.8286
2026-05-09T17:23:16.666,11.1287,0.0800,-16.7627
2026-05-09T17:23:16.679,11.1263,0.0800,-16.6938
2026-05-09T17:23:16.694,11.1239,0.0800,-16.6257
2026-05-09T17:23:16.707,11.1215,0.0800,-16.5591
2026-05-09T17:23:16.721,11.1187,0.0800,-16.4894
2026-05-09T17:23:16.735,11.1157,0.0800,-16.4284
2026-05-09T17:23:16.749,11.1120,0.0800,-16.3644
2026-05-09T17:23:16.763,11.1081,0.0800,-16.3094
2026-05-09T17:23:16.776,11.1033,0.0800,-16.2499
2026-05-09T17:23:16.791,11.0983,0.0800,-16.1956
2026-05-09T17:23:16.805,11.0926,0.0800,-16.1404
2026-05-09T17:23:16.818,11.0852,0.0800,-16.0760
2026-05-09T17:23:16.832,11.0779,0.0800,-16.0183
2026-05-09T17:23:16.846,11.0708,0.0800,-15.9668
2026-05-09T17:23:16.860,11.0622,0.0800,-15.9079
2026-05-09T17:23:16.874,11.0536,0.0800,-15.8530
2026-05-09T17:23:16.888,11.0438,0.0800,-15.7942
2026-05-09T17:23:16.902,11.0340,0.0800,-15.7386
2026-05-09T17:23:16.915,11.0217,0.0800,-15.6727
2026-05-09T17:23:16.930,11.0111,0.0800,-15.6185
2026-05-09T17:23:16.943,10.9993,0.0800,-15.5612
2026-05-09T17:23:16.957,10.9858,0.0800,-15.4989
2026-05-09T17:23:16.971,10.9735,0.0800,-15.4444
2026-05-09T17:23:16.985,10.9586,0.0800,-15.3818
2026-05-09T17:23:16.998,10.9432,0.0800,-15.3199
2026-05-09T17:23:17.013,10.9277,0.0800,-15.2599
2026-05-09T17:23:17.026,10.9128,0.0800,-15.2045
2026-05-09T17:23:17.040,10.8946,0.0800,-15.1395
2026-05-09T17:23:17.055,10.8784,0.0800,-15.0834
2026-05-09T17:23:17.069,10.8602,0.0800,-15.0223
2026-05-09T17:23:17.082,10.8376,0.0800,-14.9485
2026-05-09T17:23:17.096,10.8185,0.0800,-14.8871
2026-05-09T17:23:17.110,10.7980,0.0800,-14.8212
2026-05-09T17:23:17.125,10.7777,0.0800,-14.7559
2026-05-09T17:23:17.138,10.7587,0.0800,-14.6948
2026-05-09T17:23:17.152,10.7373,0.0800,-14.6242
2026-05-09T17:23:17.166,10.7193,0.0800,-14.5636
2026-05-09T17:23:17.179,10.7014,0.0800,-14.5016
2026-05-09T17:23:17.194,10.6832,0.0800,-14.4374
2026-05-09T17:23:17.207,10.6661,0.0800,-14.3754
2026-05-09T17:23:17.221,10.6483,0.0800,-14.3090
2026-05-09T17:23:17.235,10.6321,0.0800,-14.2467
2026-05-09T17:23:17.249,10.6152,0.0800,-14.1802
2026-05-09T17:23:17.263,10.6001,0.0800,-14.1190
2026-05-09T17:23:17.276,10.5858,0.0800,-14.0587
2026-05-09T17:23:17.291,10.5707,0.0800,-13.9933
2026-05-09T17:23:17.305,10.5580,0.0800,-13.9359
2026-05-09T17:23:17.318,10.5434,0.0800,-13.8672
2026-05-09T17:23:17.333,10.5309,0.0800,-13.8066
2026-05-09T17:23:17.346,10.5187,0.0800,-13.7445
2026-05-09T17:23:17.360,10.5056,0.0800,-13.6758
2026-05-09T17:23:17.374,10.4932,0.0800,-13.6097
2026-05-09T17:23:17.388,10.4809,0.0800,-13.5444
2026-05-09T17:23:17.402,10.4683,0.0800,-13.4776
2026-05-09T17:23:17.415,10.4534,0.0800,-13.3991
2026-05-09T17:23:17.430,10.4418,0.0800,-13.3381
2026-05-09T17:23:17.443,10.4292,0.0800,-13.2710
2026-05-09T17:23:17.457,10.4160,0.0800,-13.2003
2026-05-09T17:23:17.471,10.4042,0.0800,-13.1353
2026-05-09T17:23:17.486,10.3924,0.0800,-13.0681
2026-05-09T17:23:17.499,10.3807,0.0800,-13.0008
2026-05-09T17:23:17.513,10.3689,0.0800,-12.9303
2026-05-09T17:23:17.527,10.3584,0.0800,-12.8663
2026-05-09T17:23:17.540,10.3469,0.0800,-12.7948
2026-05-09T17:23:17.554,10.3360,0.0800,-12.7267
2026-05-09T17:23:17.569,10.3263,0.0800,-12.6649
2026-05-09T17:23:17.582,10.3147,0.0800,-12.5906
2026-05-09T17:23:17.596,10.3043,0.0800,-12.5241
2026-05-09T17:23:17.610,10.2938,0.0800,-12.4564
2026-05-09T17:23:17.624,10.2828,0.0800,-12.3862
2026-05-09T17:23:17.638,10.2724,0.0800,-12.3201
2026-05-09T17:23:17.652,10.2610,0.0800,-12.2481
2026-05-09T17:23:17.666,10.2508,0.0800,-12.1835
2026-05-09T17:23:17.679,10.2396,0.0800,-12.1125
2026-05-09T17:23:17.694,10.2290,0.0800,-12.0455
2026-05-09T17:23:17.707,10.2184,0.0800,-11.9790
2026-05-09T17:23:17.721,10.2077,0.0800,-11.9109
2026-05-09T17:23:17.735,10.1974,0.0800,-11.8455
2026-05-09T17:23:17.749,10.1864,0.0800,-11.7734
2026-05-09T17:23:17.763,10.1777,0.0800,-11.7143
2026-05-09T17:23:17.776,10.1678,0.0800,-11.6447
2026-05-09T17:23:17.791,10.1587,0.0800,-11.5783
2026-05-09T17:23:17.804,10.1510,0.0800,-11.5188
2026-05-09T17:23:17.818,10.1422,0.0800,-11.4474
2026-05-09T17:23:17.839,10.1348,0.0800,-11.3844
2026-05-09T17:23:17.846,10.1283,0.0800,-11.3235
2026-05-09T17:23:17.859,10.1193,0.0800,-11.2308
2026-05-09T17:23:17.873,10.1174,0.0800,-11.2103
2026-05-09T17:23:17.888,10.1139,0.0800,-11.1618
2026-05-09T17:23:17.902,10.1113,0.0800,-11.1162
2026-05-09T17:23:17.915,10.1095,0.0800,-11.0725
2026-05-09T17:23:17.930,10.1086,0.0800,-11.0403
2026-05-09T17:23:17.943,10.1085,0.0800,-11.0118
2026-05-09T17:23:17.957,10.1088,0.0800,-10.9847
2026-05-09T17:23:17.972,10.1093,0.0800,-10.9611
2026-05-09T17:23:17.985,10.1104,0.0800,-10.9394
2026-05-09T17:23:17.999,10.1116,0.0800,-10.9223
2026-05-09T17:23:18.013,10.1128,0.0800,-10.9053
2026-05-09T17:23:18.027,10.1145,0.0800,-10.8898
2026-05-09T17:23:18.041,10.1167,0.0800,-10.8718
2026-05-09T17:23:18.054,10.1191,0.0800,-10.8548
2026-05-09T17:23:18.069,10.1203,0.0800,-10.8454
2026-05-09T17:23:18.082,10.1213,0.0800,-10.8380
2026-05-09T17:23:18.972,10.1148,0.0800,-10.8822
2026-05-09T17:23:18.986,10.1061,0.0800,-10.9441
2026-05-09T17:23:18.999,10.0980,0.0800,-11.0057
2026-05-09T17:23:19.013,10.0897,0.0800,-11.0740
2026-05-09T17:23:19.027,10.0832,0.0800,-11.1317
2026-05-09T17:23:19.040,10.0766,0.0800,-11.1940
2026-05-09T17:23:19.054,10.0707,0.0800,-11.2553
2026-05-09T17:23:19.069,10.0656,0.0800,-11.3156
2026-05-09T17:23:19.083,10.0607,0.0800,-11.3798
2026-05-09T17:23:19.096,10.0566,0.0800,-11.4412
2026-05-09T17:23:19.110,10.0529,0.0800,-11.5077
2026-05-09T17:23:19.124,10.0498,0.0800,-11.5714
2026-05-09T17:23:19.138,10.0471,0.0800,-11.6365
2026-05-09T17:23:19.152,10.0449,0.0800,-11.7046
2026-05-09T17:23:19.166,10.0433,0.0800,-11.7662
2026-05-09T17:23:19.180,10.0420,0.0800,-11.8313
2026-05-09T17:23:19.194,10.0411,0.0800,-11.9004
2026-05-09T17:23:19.207,10.0407,0.0800,-11.9643
2026-05-09T17:23:19.221,10.0406,0.0800,-12.0310
2026-05-09T17:23:19.235,10.0409,0.0800,-12.0918
2026-05-09T17:23:19.249,10.0417,0.0800,-12.1665
2026-05-09T17:23:19.263,10.0428,0.0800,-12.2275
2026-05-09T17:23:19.277,10.0446,0.0800,-12.3053
2026-05-09T17:23:19.291,10.0465,0.0800,-12.3620
2026-05-09T17:23:19.305,10.0488,0.0800,-12.4258
2026-05-09T17:23:19.318,10.0518,0.0800,-12.4941
2026-05-09T17:23:19.332,10.0551,0.0800,-12.5577
2026-05-09T17:23:19.346,10.0589,0.0800,-12.6233
2026-05-09T17:23:19.361,10.0630,0.0800,-12.6874
2026-05-09T17:23:19.373,10.0678,0.0800,-12.7550
2026-05-09T17:23:19.388,10.0730,0.0800,-12.8209
2026-05-09T17:23:19.402,10.0782,0.0800,-12.8822
2026-05-09T17:23:19.415,10.0851,0.0800,-12.9574
2026-05-09T17:23:19.430,10.0910,0.0800,-13.0162
2026-05-09T17:23:19.443,10.0979,0.0800,-13.0821
2026-05-09T17:23:19.457,10.1053,0.0800,-13.1488
2026-05-09T17:23:19.471,10.1126,0.0800,-13.2105
2026-05-09T17:23:19.486,10.1208,0.0800,-13.2765
2026-05-09T17:23:19.499,10.1298,0.0800,-13.3452
2026-05-09T17:23:19.512,10.1392,0.0800,-13.4129
2026-05-09T17:23:19.527,10.1479,0.0800,-13.4735
2026-05-09T17:23:19.541,10.1571,0.0800,-13.5345
2026-05-09T17:23:19.554,10.1685,0.0800,-13.6063
2026-05-09T17:23:19.568,10.1787,0.0800,-13.6677
2026-05-09T17:23:19.582,10.1902,0.0800,-13.7339
2026-05-09T17:23:19.596,10.2016,0.0800,-13.7971
2026-05-09T17:23:19.610,10.2138,0.0800,-13.8618
2026-05-09T17:23:19.625,10.2260,0.0800,-13.9244
2026-05-09T17:23:19.638,10.2386,0.0800,-13.9862
2026-05-09T17:23:19.652,10.2527,0.0800,-14.0516
2026-05-09T17:23:19.666,10.2655,0.0800,-14.1092
2026-05-09T17:23:19.678,10.2798,0.0800,-14.1707
2026-05-09T17:23:19.694,10.2945,0.0800,-14.2308
2026-05-09T17:23:19.707,10.3080,0.0800,-14.2844
2026-05-09T17:23:19.721,10.3252,0.0800,-14.3497
2026-05-09T17:23:19.735,10.3411,0.0800,-14.4081
2026-05-09T17:23:19.749,10.3588,0.0800,-14.4701
2026-05-09T17:23:19.763,10.3734,0.0800,-14.5196
2026-05-09T17:23:19.776,10.3878,0.0800,-14.5662
2026-05-09T17:23:19.791,10.4000,0.0800,-14.6035
2026-05-09T17:23:19.805,10.4075,0.0800,-14.6255
2026-05-09T17:23:19.818,10.4044,0.0800,-14.6176
2026-05-09T17:23:19.832,10.3976,0.0800,-14.6004
2026-05-09T17:23:19.846,10.3882,0.0800,-14.5784
2026-05-09T17:23:19.860,10.3744,0.0800,-14.5476
2026-05-09T17:23:19.874,10.3609,0.0800,-14.5186
2026-05-09T17:23:19.888,10.3468,0.0800,-14.4902
2026-05-09T17:23:19.902,10.3311,0.0800,-14.4601
2026-05-09T17:23:19.915,10.3143,0.0800,-14.4293
2026-05-09T17:23:19.929,10.2999,0.0800,-14.4039
2026-05-09T17:23:19.943,10.2828,0.0800,-14.3754
2026-05-09T17:23:19.957,10.2647,0.0800,-14.3465
2026-05-09T17:23:19.971,10.2449,0.0800,-14.3161
2026-05-09T17:23:19.985,10.2223,0.0800,-14.2828
2026-05-09T17:23:19.999,10.1926,0.0800,-14.2405
2026-05-09T17:23:20.012,10.1644,0.0800,-14.2017
2026-05-09T17:23:20.027,10.1353,0.0800,-14.1631
2026-05-09T17:23:20.040,10.1048,0.0800,-14.1239
2026-05-09T17:23:20.054,10.0707,0.0800,-14.0813
2026-05-09T17:23:20.068,10.0378,0.0800,-14.0414
2026-05-09T17:23:20.082,10.0001,0.0800,-13.9970
2026-05-09T17:23:20.096,9.9658,0.0800,-13.9578
2026-05-09T17:23:20.109,9.9302,0.0800,-13.9180
2026-05-09T17:23:20.124,9.8956,0.0800,-13.8806
2026-05-09T17:23:20.138,9.8610,0.0800,-13.8443
2026-05-09T17:23:20.152,9.8229,0.0800,-13.8053
2026-05-09T17:23:20.166,9.7910,0.0800,-13.7739
2026-05-09T17:23:20.179,9.7570,0.0800,-13.7416
2026-05-09T17:23:20.194,9.7258,0.0800,-13.7128
2026-05-09T17:23:20.207,9.6933,0.0800,-13.6840
2026-05-09T17:23:20.221,9.6598,0.0800,-13.6553
2026-05-09T17:23:20.234,9.6290,0.0800,-13.6298
2026-05-09T17:23:20.249,9.5935,0.0800,-13.6013
2026-05-09T17:23:20.263,9.5642,0.0800,-13.5787
2026-05-09T17:23:20.276,9.5295,0.0800,-13.5529
2026-05-09T17:23:20.291,9.4985,0.0800,-13.5307
2026-05-09T17:23:20.305,9.4666,0.0800,-13.5087
2026-05-09T17:23:20.319,9.4307,0.0800,-13.4850
2026-05-09T17:23:20.333,9.3993,0.0800,-13.4649
2026-05-09T17:23:20.346,9.3661,0.0800,-13.4446
2026-05-09T17:23:20.360,9.3308,0.0800,-13.4241
2026-05-09T17:23:20.374,9.3048,0.0800,-13.4095
2026-05-09T17:23:20.388,9.2734,0.0800,-13.3927
2026-05-09T17:23:20.402,9.2412,0.0800,-13.3762
2026-05-09T17:23:20.416,9.2056,0.0800,-13.3589
2026-05-09T17:23:20.430,9.1770,0.0800,-13.3455
2026-05-09T17:23:20.444,9.1438,0.0800,-13.3308
2026-05-09T17:23:20.458,9.1223,0.0800,-13.3168
2026-05-09T17:23:20.472,9.1223,0.0800,-13.3042
2026-05-09T17:23:20.486,9.1210,0.0800,-13.2925
2026-05-09T17:23:20.501,9.1196,0.0800,-13.2810
2026-05-09T17:23:20.513,9.1182,0.0800,-13.2701
2026-05-09T17:23:20.528,9.1183,0.0800,-13.2609
2026-05-09T17:23:20.541,9.1170,0.0800,-13.2528
2026-05-09T17:23:20.556,9.1156,0.0800,-13.2446
2026-05-09T17:23:20.570,9.1156,0.0800,-13.2382
2026-05-09T17:23:20.584,9.1140,0.0800,-13.2342
2026-05-09T17:23:20.598,9.1129,0.0800,-13.2341
2026-05-09T17:23:20.612,9.1182,0.0800,-13.2350
2026-05-09T17:23:20.626,9.1229,0.0800,-13.2359
2026-05-09T17:23:20.640,9.1498,0.0800,-13.2408
2026-05-09T17:23:20.654,9.2167,0.0800,-13.2531
2026-05-09T17:23:20.668,9.2836,0.0800,-13.2655
2026-05-09T17:23:20.681,9.3531,0.0800,-13.2783
2026-05-09T17:23:20.695,9.4184,0.0800,-13.2900
2026-05-09T17:23:20.709,9.4823,0.0800,-13.3011
2026-05-09T17:23:20.723,9.5431,0.0800,-13.3114
2026-05-09T17:23:20.736,9.6055,0.0800,-13.3214
2026-05-09T17:23:20.751,9.6724,0.0800,-13.3316
2026-05-09T17:23:20.765,9.7267,0.0800,-13.3393
2026-05-09T17:23:21.154,9.7408,0.0800,-13.3412
2026-05-09T17:23:21.168,9.7812,0.0800,-13.3465
2026-05-09T17:23:21.182,9.8455,0.0800,-13.3552
2026-05-09T17:23:21.196,9.9078,0.0800,-13.3630
2026-05-09T17:23:21.210,9.9713,0.0800,-13.3704
2026-05-09T17:23:21.225,10.0355,0.0800,-13.3773
2026-05-09T17:23:21.237,10.0950,0.0800,-13.3833
2026-05-09T17:23:21.252,10.1675,0.0800,-13.3899
2026-05-09T17:23:21.266,10.2237,0.0800,-13.3945
2026-05-09T17:23:21.280,10.2926,0.0800,-13.3996
2026-05-09T17:23:21.294,10.3556,0.0800,-13.4037
2026-05-09T17:23:21.308,10.4166,0.0800,-13.4072
2026-05-09T17:23:21.322,10.4822,0.0800,-13.4105
2026-05-09T17:23:21.335,10.5470,0.0800,-13.4132
2026-05-09T17:23:21.349,10.6164,0.0800,-13.4155
2026-05-09T17:23:21.364,10.6737,0.0800,-13.4169
2026-05-09T17:23:21.377,10.7352,0.0800,-13.4180
2026-05-09T17:23:21.391,10.7998,0.0800,-13.4185
2026-05-09T17:23:21.404,10.8460,0.0800,-13.4185
2026-05-09T17:23:21.418,10.8802,0.0800,-13.4182
2026-05-09T17:23:21.432,10.8952,0.0800,-13.4177
2026-05-09T17:23:21.446,10.8773,0.0800,-13.4190
2026-05-09T17:23:21.460,10.8514,0.0800,-13.4213
2026-05-09T17:23:21.474,10.8242,0.0800,-13.4240
2026-05-09T17:23:21.488,10.7938,0.0800,-13.4280
2026-05-09T17:23:21.502,10.7605,0.0800,-13.4329
2026-05-09T17:23:21.515,10.7263,0.0800,-13.4387
2026-05-09T17:23:21.530,10.6972,0.0800,-13.4440
2026-05-09T17:23:21.544,10.6668,0.0800,-13.4504
2026-05-09T17:23:21.557,10.6309,0.0800,-13.4586
2026-05-09T17:23:21.571,10.6029,0.0800,-13.4655
2026-05-09T17:23:21.586,10.5730,0.0800,-13.4737
2026-05-09T17:23:21.599,10.5448,0.0800,-13.4820
2026-05-09T17:23:21.613,10.5146,0.0800,-13.4914
2026-05-09T17:23:21.627,10.4898,0.0800,-13.4999
2026-05-09T17:23:21.641,10.4621,0.0800,-13.5100
2026-05-09T17:23:21.654,10.4325,0.0800,-13.5214
2026-05-09T17:23:21.669,10.4069,0.0800,-13.5317
2026-05-09T17:23:21.682,10.3803,0.0800,-13.5432
2026-05-09T17:23:21.696,10.3520,0.0800,-13.5561
2026-05-09T17:23:21.710,10.3276,0.0800,-13.5675
2026-05-09T17:23:21.724,10.3010,0.0800,-13.5810
2026-05-09T17:23:21.738,10.2753,0.0800,-13.5946
2026-05-09T17:23:21.752,10.2486,0.0800,-13.6091
2026-05-09T17:23:21.766,10.2252,0.0800,-13.6227
2026-05-09T17:23:21.779,10.1982,0.0800,-13.6392
2026-05-09T17:23:21.794,10.1743,0.0800,-13.6540
2026-05-09T17:23:21.808,10.1507,0.0800,-13.6697
2026-05-09T17:23:21.822,10.1248,0.0800,-13.6876
2026-05-09T17:23:21.835,10.1002,0.0800,-13.7054
2026-05-09T17:23:21.849,10.0754,0.0800,-13.7238
2026-05-09T17:23:21.863,10.0554,0.0800,-13.7396
2026-05-09T17:23:21.877,10.0317,0.0800,-13.7589
2026-05-09T17:23:21.892,10.0101,0.0800,-13.7770
2026-05-09T17:23:21.905,9.9892,0.0800,-13.7955
2026-05-09T17:23:21.919,9.9649,0.0800,-13.8179
2026-05-09T17:23:21.933,9.9457,0.0800,-13.8362
2026-05-09T17:23:21.947,9.9243,0.0800,-13.8575
2026-05-09T17:23:21.961,9.9037,0.0800,-13.8789
2026-05-09T17:23:21.974,9.8829,0.0800,-13.9014
2026-05-09T17:23:21.988,9.8656,0.0800,-13.9207
2026-05-09T17:23:22.002,9.8470,0.0800,-13.9425
2026-05-09T17:23:22.016,9.8270,0.0800,-13.9668
2026-05-09T17:23:22.030,9.8119,0.0800,-13.9857
2026-05-09T17:23:22.044,9.7955,0.0800,-14.0074
2026-05-09T17:23:22.058,9.7785,0.0800,-14.0309
2026-05-09T17:23:22.072,9.7642,0.0800,-14.0512
2026-05-09T17:23:22.086,9.7488,0.0800,-14.0745
2026-05-09T17:23:22.099,9.7351,0.0800,-14.0960
2026-05-09T17:23:22.113,9.7215,0.0800,-14.1183
2026-05-09T17:23:22.128,9.7094,0.0800,-14.1394
2026-05-09T17:23:22.141,9.6965,0.0800,-14.1628
2026-05-09T17:23:22.155,9.6838,0.0800,-14.1871
2026-05-09T17:23:22.170,9.6737,0.0800,-14.2071
2026-05-09T17:23:22.184,9.6614,0.0800,-14.2330
2026-05-09T17:23:22.197,9.6509,0.0800,-14.2566
2026-05-09T17:23:22.211,9.6407,0.0800,-14.2804
2026-05-09T17:23:22.225,9.6315,0.0800,-14.3034
2026-05-09T17:23:22.239,9.6223,0.0800,-14.3278
2026-05-09T17:23:22.253,9.6134,0.0800,-14.3524
2026-05-09T17:23:22.267,9.6058,0.0800,-14.3756
2026-05-09T17:23:22.281,9.5976,0.0800,-14.4021
2026-05-09T17:23:22.294,9.5904,0.0800,-14.4271
2026-05-09T17:23:22.308,9.5834,0.0800,-14.4529
2026-05-09T17:23:22.322,9.5757,0.0800,-14.4842
2026-05-09T17:23:22.336,9.5680,0.0800,-14.5184
2026-05-09T17:23:22.350,9.5592,0.0800,-14.5602
2026-05-09T17:23:22.364,9.5520,0.0800,-14.5990
2026-05-09T17:23:22.378,9.5428,0.0800,-14.6519
2026-05-09T17:23:22.392,9.5350,0.0800,-14.7019
2026-05-09T17:23:22.407,9.5275,0.0800,-14.7548
2026-05-09T17:23:22.420,9.5204,0.0800,-14.8112
2026-05-09T17:23:22.435,9.5135,0.0800,-14.8718
2026-05-09T17:23:22.448,9.5069,0.0800,-14.9361
2026-05-09T17:23:22.463,9.5010,0.0800,-15.0014
2026-05-09T17:23:22.477,9.4953,0.0800,-15.0682
2026-05-09T17:23:22.492,9.4898,0.0800,-15.1375
2026-05-09T17:23:22.504,9.4850,0.0800,-15.2044
2026-05-09T17:23:22.518,9.4802,0.0800,-15.2760
2026-05-09T17:23:22.532,9.4765,0.0800,-15.3373
2026-05-09T17:23:22.546,9.4726,0.0800,-15.4075
2026-05-09T17:23:22.560,9.4693,0.0800,-15.4732
2026-05-09T17:23:22.575,9.4663,0.0800,-15.5397
2026-05-09T17:23:22.588,9.4639,0.0800,-15.6020
2026-05-09T17:23:22.602,9.4614,0.0800,-15.6777
2026-05-09T17:23:22.615,9.4592,0.0800,-15.7520
2026-05-09T17:23:22.629,9.4575,0.0800,-15.8124
2026-05-09T17:23:22.643,9.4557,0.0800,-15.8755
2026-05-09T17:23:22.658,9.4537,0.0800,-15.9439
2026-05-09T17:23:22.672,9.4516,0.0800,-16.0147
2026-05-09T17:23:22.686,9.4495,0.0800,-16.0892
2026-05-09T17:23:22.699,9.4476,0.0800,-16.1549
2026-05-09T17:23:22.713,9.4454,0.0800,-16.2287
2026-05-09T17:23:22.727,9.4436,0.0800,-16.2924
2026-05-09T17:23:22.741,9.4416,0.0800,-16.3622
2026-05-09T17:23:22.754,9.4396,0.0800,-16.4305
2026-05-09T17:23:22.769,9.4377,0.0800,-16.4985
2026-05-09T17:23:22.782,9.4357,0.0800,-16.5687
2026-05-09T17:23:22.797,9.4337,0.0800,-16.6390
2026-05-09T17:23:22.810,9.4318,0.0800,-16.7058
2026-05-09T17:23:22.825,9.4298,0.0800,-16.7748
2026-05-09T17:23:22.838,9.4279,0.0800,-16.8408
2026-05-09T17:23:22.852,9.4257,0.0800,-16.9180
2026-05-09T17:23:22.867,9.4240,0.0800,-16.9795
2026-05-09T17:23:22.879,9.4219,0.0800,-17.0521
2026-05-09T17:23:22.894,9.4198,0.0800,-17.1229
2026-05-09T17:23:22.908,9.4180,0.0800,-17.1872
2026-05-09T17:23:22.922,9.4158,0.0800,-17.2622
2026-05-09T17:23:22.935,9.4138,0.0800,-17.3288
2026-05-09T17:23:22.950,9.4116,0.0800,-17.4071
2026-05-09T17:23:22.964,9.4098,0.0800,-17.4666
2026-05-09T17:23:22.977,9.4076,0.0800,-17.5419
2026-05-09T17:23:22.992,9.4057,0.0800,-17.6083
2026-05-09T17:23:23.005,9.4037,0.0800,-17.6770
2026-05-09T17:23:23.019,9.4016,0.0800,-17.7488
2026-05-09T17:23:23.033,9.3997,0.0800,-17.8151
2026-05-09T17:23:23.046,9.3976,0.0800,-17.8866
2026-05-09T17:23:23.060,9.3956,0.0800,-17.9537
2026-05-09T17:23:23.075,9.3937,0.0800,-18.0203
2026-05-09T17:23:23.089,9.3916,0.0800,-18.0915
2026-05-09T17:23:23.103,9.3896,0.0800,-18.1629
2026-05-09T17:23:23.116,9.3874,0.0800,-18.2369
2026-05-09T17:23:23.130,9.3855,0.0800,-18.3037
2026-05-09T17:23:23.143,9.3834,0.0800,-18.3739
2026-05-09T17:23:23.157,9.3814,0.0800,-18.4405
2026-05-09T17:23:23.172,9.3795,0.0800,-18.5052
2026-05-09T17:23:23.186,9.3774,0.0800,-18.5762
2026-05-09T17:23:23.199,9.3752,0.0800,-18.6523
2026-05-09T17:23:23.213,9.3729,0.0800,-18.7294
2026-05-09T17:23:23.228,9.3712,0.0800,-18.7852
2026-05-09T17:23:23.241,9.3692,0.0800,-18.8525
2026-05-09T17:23:23.255,9.3669,0.0800,-18.9273
2026-05-09T17:23:23.269,9.3649,0.0800,-18.9958
2026-05-09T17:23:23.283,9.3626,0.0800,-19.0726
2026-05-09T17:23:23.297,9.3606,0.0800,-19.1367
2026-05-09T17:23:23.310,9.3585,0.0800,-19.2055
2026-05-09T17:23:23.325,9.3564,0.0800,-19.2731
2026-05-09T17:23:23.338,9.3542,0.0800,-19.3417
2026-05-09T17:23:23.352,9.3519,0.0800,-19.4177
2026-05-09T17:23:23.366,9.3500,0.0800,-19.4783
2026-05-09T17:23:23.379,9.3477,0.0800,-19.5508
2026-05-09T17:23:23.394,9.3456,0.0800,-19.6174
2026-05-09T17:23:23.408,9.3434,0.0800,-19.6834
2026-05-09T17:23:23.422,9.3410,0.0800,-19.7604
2026-05-09T17:23:23.436,9.3388,0.0800,-19.8278
2026-05-09T17:23:23.449,9.3363,0.0800,-19.9041
2026-05-09T17:23:23.464,9.3343,0.0800,-19.9683
2026-05-09T17:23:23.477,9.3320,0.0800,-20.0381
2026-05-09T17:23:23.492,9.3297,0.0800,-20.1088
2026-05-09T17:23:23.506,9.3275,0.0800,-20.1763
2026-05-09T17:23:23.519,9.3252,0.0800,-20.2491
2026-05-09T17:23:23.534,9.3229,0.0800,-20.3178
2026-05-09T17:23:23.547,9.3206,0.0800,-20.3878
2026-05-09T17:23:23.561,9.3184,0.0800,-20.4572
2026-05-09T17:23:23.575,9.3161,0.0800,-20.5255
2026-05-09T17:23:23.589,9.3138,0.0800,-20.5945
2026-05-09T17:23:23.603,9.3116,0.0800,-20.6594
2026-05-09T17:23:23.616,9.3094,0.0800,-20.7224
2026-05-09T17:23:23.631,9.3077,0.0800,-20.7691
2026-05-09T17:23:23.644,9.3059,0.0800,-20.8090
2026-05-09T17:23:23.659,9.3036,0.0800,-20.8465
2026-05-09T17:23:23.673,9.3013,0.0800,-20.8795
2026-05-09T17:23:23.686,9.2981,0.0800,-20.9119
2026-05-09T17:23:23.700,9.2947,0.0800,-20.9403
2026-05-09T17:23:23.713,9.2917,0.0800,-20.9606
2026-05-09T17:23:23.728,9.2889,0.0800,-20.9793
2026-05-09T17:23:23.742,9.2864,0.0800,-20.9921
2026-05-09T17:23:23.756,9.2832,0.0800,-21.0065
2026-05-09T17:23:23.770,9.2799,0.0800,-21.0215
2026-05-09T17:23:23.784,9.2764,0.0800,-21.0347
2026-05-09T17:23:23.797,9.2726,0.0800,-21.0475
2026-05-09T17:23:23.811,9.2688,0.0800,-21.0608
2026-05-09T17:23:23.825,9.2649,0.0800,-21.0722
2026-05-09T17:23:23.839,9.2606,0.0800,-21.0838
2026-05-09T17:23:23.853,9.2559,0.0800,-21.0969
2026-05-09T17:23:23.867,9.2512,0.0800,-21.1082
2026-05-09T17:23:23.881,9.2457,0.0800,-21.1205
2026-05-09T17:23:23.895,9.2408,0.0800,-21.1309
2026-05-09T17:23:23.909,9.2349,0.0800,-21.1437
2026-05-09T17:23:23.923,9.2292,0.0800,-21.1544
2026-05-09T17:23:23.937,9.2232,0.0800,-21.1651
2026-05-09T17:23:23.951,9.2159,0.0800,-21.1785
2026-05-09T17:23:23.965,9.2099,0.0800,-21.1879
2026-05-09T17:23:23.978,9.2026,0.0800,-21.1990
2026-05-09T17:23:23.993,9.1955,0.0800,-21.2101
2026-05-09T17:23:24.007,9.1882,0.0800,-21.2200
2026-05-09T17:23:24.019,9.1803,0.0800,-21.2303
2026-05-09T17:23:24.034,9.1719,0.0800,-21.2414
2026-05-09T17:23:24.047,9.1643,0.0800,-21.2504
2026-05-09T17:23:24.062,9.1564,0.0800,-21.2593
2026-05-09T17:23:24.074,9.1437,0.0800,-21.2732
2026-05-09T17:23:24.089,9.1238,0.0800,-21.2951
2026-05-09T17:23:24.103,9.1038,0.0800,-21.3158
2026-05-09T17:23:24.116,9.0828,0.0800,-21.3371
2026-05-09T17:23:24.131,9.0643,0.0800,-21.3558
2026-05-09T17:23:24.144,9.0439,0.0800,-21.3764
2026-05-09T17:23:24.158,9.0218,0.0800,-21.3985
2026-05-09T17:23:24.172,8.9987,0.0800,-21.4217
2026-05-09T17:23:24.187,8.9688,0.0800,-21.4516
2026-05-09T17:23:24.200,8.9345,0.0800,-21.4858
2026-05-09T17:23:24.214,8.8929,0.0800,-21.5274
2026-05-09T17:23:24.228,8.8518,0.0800,-21.5684
2026-05-09T17:23:24.242,8.8039,0.0800,-21.6161
2026-05-09T17:23:24.256,8.7564,0.0800,-21.6630
2026-05-09T17:23:24.270,8.7102,0.0800,-21.7081
2026-05-09T17:23:24.284,8.6584,0.0800,-21.7579
2026-05-09T17:23:24.297,8.6126,0.0800,-21.8013
2026-05-09T17:23:24.311,8.5637,0.0800,-21.8473
2026-05-09T17:23:24.325,8.5158,0.0800,-21.8915
2026-05-09T17:23:24.339,8.4694,0.0800,-21.9338
2026-05-09T17:23:24.354,8.4160,0.0800,-21.9820
2026-05-09T17:23:24.367,8.3681,0.0800,-22.0242
2026-05-09T17:23:24.382,8.3158,0.0800,-22.0697
2026-05-09T17:23:24.395,8.2714,0.0800,-22.1075
2026-05-09T17:23:24.408,8.2269,0.0800,-22.1449
2026-05-09T17:23:24.423,8.1892,0.0800,-22.1753
2026-05-09T17:23:24.436,8.1545,0.0800,-22.2024
2026-05-09T17:23:24.450,8.1169,0.0800,-22.2313
2026-05-09T17:23:24.464,8.0890,0.0800,-22.2515
2026-05-09T17:23:24.478,8.0590,0.0800,-22.2725
2026-05-09T17:23:24.492,8.0296,0.0800,-22.2928
2026-05-09T17:23:24.506,8.0012,0.0800,-22.3110
2026-05-09T17:23:24.519,7.9729,0.0800,-22.3285
2026-05-09T17:23:24.534,7.9456,0.0800,-22.3451
2026-05-09T17:23:24.547,7.9204,0.0800,-22.3592
2026-05-09T17:23:24.561,7.8961,0.0800,-22.3722
2026-05-09T17:23:24.574,7.8738,0.0800,-22.3835
2026-05-09T17:23:24.589,7.8533,0.0800,-22.3939
2026-05-09T17:23:24.603,7.8341,0.0800,-22.4026
2026-05-09T17:23:24.616,7.8143,0.0800,-22.4111
2026-05-09T17:23:24.631,7.7960,0.0800,-22.4190
2026-05-09T17:23:24.644,7.7795,0.0800,-22.4252
2026-05-09T17:23:24.658,7.7607,0.0800,-22.4319
2026-05-09T17:23:24.672,7.7425,0.0800,-22.4385
2026-05-09T17:23:24.686,7.7238,0.0800,-22.4442
2026-05-09T17:23:24.699,7.7057,0.0800,-22.4494
2026-05-09T17:23:24.714,7.6863,0.0800,-22.4550
2026-05-09T17:23:24.728,7.6682,0.0800,-22.4593
2026-05-09T17:23:24.741,7.6488,0.0800,-22.4635
2026-05-09T17:23:24.755,7.6310,0.0800,-22.4670
2026-05-09T17:23:24.769,7.6116,0.0800,-22.4708
2026-05-09T17:23:24.783,7.5931,0.0800,-22.4737
2026-05-09T17:23:24.796,7.5739,0.0800,-22.4762
2026-05-09T17:23:24.810,7.5537,0.0800,-22.4789
2026-05-09T17:23:24.825,7.5367,0.0800,-22.4804
2026-05-09T17:23:24.838,7.5176,0.0800,-22.4816
2026-05-09T17:23:24.853,7.4961,0.0800,-22.4831
2026-05-09T17:23:24.866,7.4788,0.0800,-22.4835
2026-05-09T17:23:24.880,7.4562,0.0800,-22.4836
2026-05-09T17:23:24.894,7.4301,0.0800,-22.4837
2026-05-09T17:23:24.907,7.4015,0.0800,-22.4829
2026-05-09T17:23:24.921,7.3803,0.0800,-22.4821
2026-05-09T17:23:24.935,7.3643,0.0800,-22.4815
2026-05-09T17:23:24.949,7.3473,0.0800,-22.4808
2026-05-09T17:23:24.963,7.3286,0.0800,-22.4801
2026-05-09T17:23:24.976,7.3015,0.0800,-22.4790
2026-05-09T17:23:24.991,7.2648,0.0800,-22.4776
2026-05-09T17:23:25.005,7.2181,0.0800,-22.4761
2026-05-09T17:23:25.018,7.1509,0.0800,-22.4744
2026-05-09T17:23:25.032,7.0917,0.0800,-22.4734
2026-05-09T17:23:25.046,7.0319,0.0800,-22.4731
2026-05-09T17:23:25.060,6.9718,0.0800,-22.4735
2026-05-09T17:23:25.074,6.9115,0.0800,-22.4743
2026-05-09T17:23:25.088,6.8499,0.0800,-22.4760
2026-05-09T17:23:25.102,6.7902,0.0800,-22.4783
2026-05-09T17:23:25.115,6.7210,0.0800,-22.4816
2026-05-09T17:23:25.130,6.6615,0.0800,-22.4849
2026-05-09T17:23:25.143,6.5993,0.0800,-22.4890
2026-05-09T17:23:25.157,6.5327,0.0800,-22.4940
2026-05-09T17:23:25.171,6.4679,0.0800,-22.4991
2026-05-09T17:23:25.186,6.4002,0.0800,-22.5050
2026-05-09T17:23:25.199,6.3313,0.0800,-22.5112
2026-05-09T17:23:25.213,6.2578,0.0800,-22.5178
2026-05-09T17:23:25.227,6.1938,0.0800,-22.5236
2026-05-09T17:23:25.241,6.1234,0.0800,-22.5300
2026-05-09T17:23:25.254,6.0540,0.0800,-22.5362
2026-05-09T17:23:25.269,5.9848,0.0800,-22.5425
2026-05-09T17:23:25.282,5.9152,0.0800,-22.5488
2026-05-09T17:23:25.296,5.8474,0.0800,-22.5550
2026-05-09T17:23:25.310,5.7806,0.0800,-22.5611
2026-05-09T17:23:25.324,5.7123,0.0800,-22.5673
2026-05-09T17:23:25.338,5.6495,0.0800,-22.5730
2026-05-09T17:23:25.352,5.5753,0.0800,-22.5794
2026-05-09T17:23:25.366,5.5109,0.0800,-22.5846
2026-05-09T17:23:25.379,5.4437,0.0800,-22.5897
2026-05-09T17:23:25.394,5.3774,0.0800,-22.5945
2026-05-09T17:23:25.408,5.3139,0.0800,-22.5987
2026-05-09T17:23:25.422,5.2392,0.0800,-22.6032
2026-05-09T17:23:25.436,5.1733,0.0800,-22.6069
2026-05-09T17:23:25.449,5.0997,0.0800,-22.6108
2026-05-09T17:23:25.464,5.0373,0.0800,-22.6136
2026-05-09T17:23:25.477,4.9687,0.0800,-22.6164
2026-05-09T17:23:25.491,4.9025,0.0800,-22.6188
2026-05-09T17:23:25.505,4.8371,0.0800,-22.6207
2026-05-09T17:23:25.519,4.7654,0.0800,-22.6225
2026-05-09T17:23:25.533,4.7025,0.0800,-22.6238
2026-05-09T17:23:25.547,4.6283,0.0800,-22.6248
2026-05-09T17:23:25.561,4.5674,0.0800,-22.6253
2026-05-09T17:23:25.574,4.4982,0.0800,-22.6255
2026-05-09T17:23:25.588,4.4354,0.0800,-22.6255
2026-05-09T17:23:25.602,4.3740,0.0800,-22.6251
2026-05-09T17:23:25.615,4.2969,0.0800,-22.6241
2026-05-09T17:23:25.630,4.2351,0.0800,-22.6231
2026-05-09T17:23:25.644,4.1741,0.0800,-22.6216
2026-05-09T17:23:25.658,4.1008,0.0800,-22.6195
2026-05-09T17:23:25.671,4.0308,0.0800,-22.6172
2026-05-09T17:23:25.685,3.9672,0.0800,-22.6146
2026-05-09T17:23:25.699,3.9048,0.0800,-22.6117
2026-05-09T17:23:25.712,3.8336,0.0800,-22.6082
2026-05-09T17:23:25.727,3.7701,0.0800,-22.6045
2026-05-09T17:23:25.741,3.7064,0.0800,-22.6005
2026-05-09T17:23:25.754,3.6320,0.0800,-22.5954
2026-05-09T17:23:25.769,3.5690,0.0800,-22.5908
2026-05-09T17:23:25.782,3.5005,0.0800,-22.5853
2026-05-09T17:23:25.796,3.4341,0.0800,-22.5795
2026-05-09T17:23:25.810,3.3679,0.0800,-22.5735
2026-05-09T17:23:25.825,3.3043,0.0800,-22.5672
2026-05-09T17:23:25.838,3.2374,0.0800,-22.5602
2026-05-09T17:23:25.852,3.1669,0.0800,-22.5526
2026-05-09T17:23:25.866,3.1050,0.0800,-22.5453
2026-05-09T17:23:25.880,3.0337,0.0800,-22.5366
2026-05-09T17:23:25.894,2.9687,0.0800,-22.5284
2026-05-09T17:23:25.907,2.9017,0.0800,-22.5193
2026-05-09T17:23:25.921,2.8374,0.0800,-22.5103
2026-05-09T17:23:25.935,2.7754,0.0800,-22.5012
2026-05-09T17:23:25.949,2.6986,0.0800,-22.4896
2026-05-09T17:23:25.963,2.6418,0.0800,-22.4805
2026-05-09T17:23:25.976,2.5732,0.0800,-22.4693
2026-05-09T17:23:25.991,2.5072,0.0800,-22.4581
2026-05-09T17:23:26.005,2.4486,0.0800,-22.4478
2026-05-09T17:23:26.018,2.3756,0.0800,-22.4345
2026-05-09T17:23:26.033,2.3137,0.0800,-22.4229
2026-05-09T17:23:26.046,2.2504,0.0800,-22.4106
2026-05-09T17:23:26.060,2.1812,0.0800,-22.3967
2026-05-09T17:23:26.074,2.1170,0.0800,-22.3835
2026-05-09T17:23:26.088,2.0509,0.0800,-22.3694
2026-05-09T17:23:26.102,1.9884,0.0800,-22.3557
2026-05-09T17:23:26.115,1.9195,0.0800,-22.3401
2026-05-09T17:23:26.130,1.8547,0.0800,-22.3252
2026-05-09T17:23:26.143,1.7916,0.0800,-22.3101
2026-05-09T17:23:26.157,1.7227,0.0800,-22.2933
2026-05-09T17:23:26.171,1.6606,0.0800,-22.2779
2026-05-09T17:23:26.185,1.5969,0.0800,-22.2615
2026-05-09T17:23:26.199,1.5345,0.0800,-22.2451
2026-05-09T17:23:26.213,1.4636,0.0800,-22.2262
2026-05-09T17:23:26.227,1.4038,0.0800,-22.2097
2026-05-09T17:23:26.241,1.3351,0.0800,-22.1903
2026-05-09T17:23:26.254,1.2740,0.0800,-22.1727
2026-05-09T17:23:26.268,1.2104,0.0800,-22.1540
2026-05-09T17:23:26.282,1.1473,0.0800,-22.1349
2026-05-09T17:23:26.296,1.0850,0.0800,-22.1157
2026-05-09T17:23:26.309,1.0227,0.0800,-22.0961
2026-05-09T17:23:26.323,0.9627,0.0800,-22.0767
2026-05-09T17:23:26.337,0.9028,0.0800,-22.0568
2026-05-09T17:23:26.352,0.8367,0.0800,-22.0346
2026-05-09T17:23:26.366,0.7776,0.0800,-22.0141
2026-05-09T17:23:26.378,0.7134,0.0800,-21.9913
2026-05-09T17:23:26.394,0.6514,0.0800,-21.9690
2026-05-09T17:23:26.407,0.5969,0.0800,-21.9487
2026-05-09T17:23:26.422,0.5341,0.0800,-21.9246
2026-05-09T17:23:26.435,0.4788,0.0800,-21.9026
2026-05-09T17:23:26.449,0.4154,0.0800,-21.8767
2026-05-09T17:23:26.463,0.3690,0.0800,-21.8568
2026-05-09T17:23:26.476,0.3143,0.0800,-21.8328
2026-05-09T17:23:26.491,0.2622,0.0800,-21.8095
2026-05-09T17:23:26.504,0.2137,0.0800,-21.7869
2026-05-09T17:23:26.517,0.1589,0.0800,-21.7608
2026-05-09T17:23:26.532,0.1103,0.0800,-21.7373
2026-05-09T17:23:26.546,0.0617,0.0800,-21.7127
2026-05-09T17:23:26.559,0.0106,0.0800,-21.6859
2026-05-09T17:23:26.573,-0.0401,0.0800,-21.6587
2026-05-09T17:23:26.587,-0.0869,0.0800,-21.6324
2026-05-09T17:23:26.601,-0.1384,0.0800,-21.6025
2026-05-09T17:23:26.615,-0.1906,0.0800,-21.5711
2026-05-09T17:23:26.629,-0.2352,0.0800,-21.5437
2026-05-09T17:23:26.643,-0.2835,0.0800,-21.5130
2026-05-09T17:23:26.657,-0.3304,0.0800,-21.4822
2026-05-09T17:23:26.670,-0.3775,0.0800,-21.4508
2026-05-09T17:23:26.685,-0.4270,0.0800,-21.4165
2026-05-09T17:23:26.697,-0.4704,0.0800,-21.3856
2026-05-09T17:23:26.712,-0.5178,0.0800,-21.3513
2026-05-09T17:23:26.726,-0.5594,0.0800,-21.3202
2026-05-09T17:23:26.738,-0.6077,0.0800,-21.2833
2026-05-09T17:23:26.753,-0.6538,0.0800,-21.2476
2026-05-09T17:23:26.766,-0.6926,0.0800,-21.2166
2026-05-09T17:23:26.780,-0.7402,0.0800,-21.1778
2026-05-09T17:23:26.794,-0.7814,0.0800,-21.1439
2026-05-09T17:23:26.807,-0.8239,0.0800,-21.1078
2026-05-09T17:23:26.821,-0.8686,0.0800,-21.0691
2026-05-09T17:23:26.835,-0.9074,0.0800,-21.0346
2026-05-09T17:23:26.849,-0.9492,0.0800,-20.9970
2026-05-09T17:23:26.863,-0.9816,0.0800,-20.9667
2026-05-09T17:23:26.876,-1.0124,0.0800,-20.9369
2026-05-09T17:23:26.891,-1.0364,0.0800,-20.9133
2026-05-09T17:23:26.904,-1.0580,0.0800,-20.8907
2026-05-09T17:23:26.918,-1.0751,0.0800,-20.8719
2026-05-09T17:23:26.932,-1.0887,0.0800,-20.8570
2026-05-09T17:23:26.946,-1.0993,0.0800,-20.8440
2026-05-09T17:23:26.959,-1.1076,0.0800,-20.8332
2026-05-09T17:23:26.973,-1.1173,0.0800,-20.8211
2026-05-09T17:23:26.987,-1.1246,0.0800,-20.8107
2026-05-09T17:23:27.001,-1.1326,0.0800,-20.7987
2026-05-09T17:23:27.014,-1.1403,0.0800,-20.7867
2026-05-09T17:23:27.028,-1.1462,0.0800,-20.7779
2026-05-09T17:23:27.041,-1.1516,0.0800,-20.7684
2026-05-09T17:23:27.055,-1.1563,0.0800,-20.7595
2026-05-09T17:23:27.070,-1.1593,0.0800,-20.7544
2026-05-09T17:23:27.083,-1.1607,0.0800,-20.7507
2026-05-09T17:23:27.097,-1.1611,0.0800,-20.7487
2026-05-09T17:23:27.111,-1.1623,0.0800,-20.7463
2026-05-09T17:23:27.125,-1.1625,0.0800,-20.7448
2026-05-09T17:23:27.138,-1.1616,0.0800,-20.7455
2026-05-09T17:23:27.166,-1.1608,0.0800,-20.7463
2026-05-09T17:23:27.179,-1.1599,0.0800,-20.7472
2026-05-09T17:23:27.207,-1.1593,0.0800,-20.7479
2026-05-09T17:23:27.221,-1.1585,0.0800,-20.7488
2026-05-09T17:23:27.235,-1.1579,0.0800,-20.7496
2026-05-09T17:23:27.250,-1.1578,0.0800,-20.7498
2026-05-09T17:23:27.264,-1.1572,0.0800,-20.7506
2026-05-09T17:23:27.276,-1.1565,0.0800,-20.7516
2026-05-09T17:23:27.305,-1.1561,0.0800,-20.7524
2026-05-09T17:23:27.318,-1.1555,0.0800,-20.7534
2026-05-09T17:23:27.346,-1.1551,0.0800,-20.7543
2026-05-09T17:23:27.360,-1.1546,0.0800,-20.7552
2026-05-09T17:23:27.388,-1.1542,0.0800,-20.7563
2026-05-09T17:23:27.402,-1.1538,0.0800,-20.7573
2026-05-09T17:23:27.415,-1.1534,0.0800,-20.7584
2026-05-09T17:23:27.430,-1.1535,0.0800,-20.7583
2026-05-09T17:23:27.444,-1.1532,0.0800,-20.7592
2026-05-09T17:23:27.458,-1.1528,0.0800,-20.7603
2026-05-09T17:23:27.485,-1.1526,0.0800,-20.7614
2026-05-09T17:23:27.499,-1.1522,0.0800,-20.7609
2026-05-09T17:23:27.513,-1.1514,0.0800,-20.7566
2026-05-09T17:23:27.528,-1.1500,0.0800,-20.7519
2026-05-09T17:23:27.540,-1.1471,0.0800,-20.7416
2026-05-09T17:23:27.554,-1.1426,0.0800,-20.7259
2026-05-09T17:23:27.569,-1.1372,0.0800,-20.7066
2026-05-09T17:23:27.582,-1.1256,0.0800,-20.6699
2026-05-09T17:23:27.597,-1.1136,0.0800,-20.6344
2026-05-09T17:23:27.610,-1.0987,0.0800,-20.5915
2026-05-09T17:23:27.624,-1.0824,0.0800,-20.5477
2026-05-09T17:23:27.638,-1.0668,0.0800,-20.5078
2026-05-09T17:23:27.652,-1.0486,0.0800,-20.4624
2026-05-09T17:23:27.666,-1.0316,0.0800,-20.4228
2026-05-09T17:23:27.679,-1.0115,0.0800,-20.3777
2026-05-09T17:23:27.694,-0.9928,0.0800,-20.3369
2026-05-09T17:23:27.708,-0.9732,0.0800,-20.2968
2026-05-09T17:23:27.722,-0.9521,0.0800,-20.2549
2026-05-09T17:23:27.735,-0.9299,0.0800,-20.2127
2026-05-09T17:23:27.749,-0.9054,0.0800,-20.1672
2026-05-09T17:23:27.763,-0.8863,0.0800,-20.1337
2026-05-09T17:23:27.776,-0.8627,0.0800,-20.0935
2026-05-09T17:23:27.791,-0.8388,0.0800,-20.0538
2026-05-09T17:23:27.805,-0.8157,0.0800,-20.0173
2026-05-09T17:23:27.818,-0.7892,0.0800,-19.9767
2026-05-09T17:23:27.833,-0.7665,0.0800,-19.9428
2026-05-09T17:23:27.847,-0.7439,0.0800,-19.9108
2026-05-09T17:23:27.861,-0.7196,0.0800,-19.8777
2026-05-09T17:23:27.873,-0.6970,0.0800,-19.8481
2026-05-09T17:23:27.888,-0.6750,0.0800,-19.8201
2026-05-09T17:23:27.902,-0.6557,0.0800,-19.7967
2026-05-09T17:23:27.915,-0.6334,0.0800,-19.7707
2026-05-09T17:23:27.930,-0.6139,0.0800,-19.7485
2026-05-09T17:23:27.944,-0.5949,0.0800,-19.7282
2026-05-09T17:23:27.958,-0.5754,0.0800,-19.7080
2026-05-09T17:23:27.972,-0.5547,0.0800,-19.6870
2026-05-09T17:23:27.986,-0.5348,0.0800,-19.6680
2026-05-09T17:23:27.999,-0.5141,0.0800,-19.6491
2026-05-09T17:23:28.013,-0.4927,0.0800,-19.6298
2026-05-09T17:23:28.027,-0.4724,0.0800,-19.6126
2026-05-09T17:23:28.041,-0.4494,0.0800,-19.5939
2026-05-09T17:23:28.055,-0.4288,0.0800,-19.5778
2026-05-09T17:23:28.069,-0.4041,0.0800,-19.5589
2026-05-09T17:23:28.084,-0.3789,0.0800,-19.5407
2026-05-09T17:23:28.097,-0.3517,0.0800,-19.5218
2026-05-09T17:23:28.111,-0.3259,0.0800,-19.5042
2026-05-09T17:23:28.125,-0.3053,0.0800,-19.4907
2026-05-09T17:23:28.139,-0.2841,0.0800,-19.4769
2026-05-09T17:23:28.154,-0.2586,0.0800,-19.4603
2026-05-09T17:23:28.168,-0.2335,0.0800,-19.4439
2026-05-09T17:23:28.182,-0.1928,0.0800,-19.4172
2026-05-09T17:23:28.195,-0.1524,0.0800,-19.3904
2026-05-09T17:23:28.209,-0.1003,0.0800,-19.3553
2026-05-09T17:23:28.224,-0.0561,0.0800,-19.3246
2026-05-09T17:23:28.237,-0.0087,0.0800,-19.2908
2026-05-09T17:23:28.251,0.0386,0.0800,-19.2564
2026-05-09T17:23:28.265,0.0795,0.0800,-19.2255
2026-05-09T17:23:28.279,0.1252,0.0800,-19.1901
2026-05-09T17:23:28.294,0.1678,0.0800,-19.1562
2026-05-09T17:23:28.307,0.2089,0.0800,-19.1225
2026-05-09T17:23:28.321,0.2554,0.0800,-19.0833
2026-05-09T17:23:28.335,0.2961,0.0800,-19.0480
2026-05-09T17:23:28.348,0.3427,0.0800,-19.0068
2026-05-09T17:23:28.363,0.3827,0.0800,-18.9703
2026-05-09T17:23:28.375,0.4261,0.0800,-18.9299
2026-05-09T17:23:28.390,0.4712,0.0800,-18.8872
2026-05-09T17:23:28.404,0.5119,0.0800,-18.8478
2026-05-09T17:23:28.417,0.5652,0.0800,-18.7953
2026-05-09T17:23:28.431,0.6071,0.0800,-18.7534
2026-05-09T17:23:28.445,0.6541,0.0800,-18.7057
2026-05-09T17:23:28.459,0.7028,0.0800,-18.6557
2026-05-09T17:23:28.473,0.7499,0.0800,-18.6070
2026-05-09T17:23:28.487,0.7986,0.0800,-18.5566
2026-05-09T17:23:28.500,0.8450,0.0800,-18.5084
2026-05-09T17:23:28.514,0.8949,0.0800,-18.4567
2026-05-09T17:23:28.528,0.9327,0.0800,-18.4174
2026-05-09T17:23:28.542,0.9761,0.0800,-18.3723
2026-05-09T17:23:28.556,1.0181,0.0800,-18.3287
2026-05-09T17:23:28.570,1.0605,0.0800,-18.2850
2026-05-09T17:23:28.584,1.1025,0.0800,-18.2425
2026-05-09T17:23:28.597,1.1457,0.0800,-18.1993
2026-05-09T17:23:28.611,1.1898,0.0800,-18.1559
2026-05-09T17:23:28.626,1.2316,0.0800,-18.1157
2026-05-09T17:23:28.639,1.2786,0.0800,-18.0712
2026-05-09T17:23:28.654,1.3208,0.0800,-18.0320
2026-05-09T17:23:28.667,1.3618,0.0800,-17.9950
2026-05-09T17:23:28.681,1.4001,0.0800,-17.9612
2026-05-09T17:23:28.695,1.4422,0.0800,-17.9250
2026-05-09T17:23:28.709,1.4736,0.0800,-17.8986
2026-05-09T17:23:28.723,1.5024,0.0800,-17.8753
2026-05-09T17:23:28.736,1.5309,0.0800,-17.8530
2026-05-09T17:23:28.750,1.5629,0.0800,-17.8285
2026-05-09T17:23:28.765,1.5885,0.0800,-17.8099
2026-05-09T17:23:28.778,1.6151,0.0800,-17.7911
2026-05-09T17:23:28.793,1.6421,0.0800,-17.7725
2026-05-09T17:23:28.806,1.6647,0.0800,-17.7578
2026-05-09T17:23:28.820,1.6904,0.0800,-17.7416
2026-05-09T17:23:28.834,1.7136,0.0800,-17.7273
2026-05-09T17:23:28.848,1.7386,0.0800,-17.7128
2026-05-09T17:23:28.862,1.7600,0.0800,-17.7009
2026-05-09T17:23:28.875,1.7819,0.0800,-17.6892
2026-05-09T17:23:28.890,1.8046,0.0800,-17.6772
2026-05-09T17:23:28.904,1.8254,0.0800,-17.6671
2026-05-09T17:23:28.918,1.8450,0.0800,-17.6580
2026-05-09T17:23:28.932,1.8626,0.0800,-17.6499
2026-05-09T17:23:28.945,1.8809,0.0800,-17.6422
2026-05-09T17:23:28.959,1.8993,0.0800,-17.6349
2026-05-09T17:23:28.973,1.9183,0.0800,-17.6274
2026-05-09T17:23:28.988,1.9359,0.0800,-17.6212
2026-05-09T17:23:29.001,1.9554,0.0800,-17.6147
2026-05-09T17:23:29.015,1.9788,0.0800,-17.6073
2026-05-09T17:23:29.029,2.0001,0.0800,-17.6005
2026-05-09T17:23:29.043,2.0193,0.0800,-17.5950
2026-05-09T17:23:29.057,2.0331,0.0800,-17.5911
2026-05-09T17:23:29.071,2.0427,0.0800,-17.5883
2026-05-09T17:23:29.085,2.0525,0.0800,-17.5855
2026-05-09T17:23:29.099,2.0632,0.0800,-17.5825
2026-05-09T17:23:29.113,2.0767,0.0800,-17.5786
2026-05-09T17:23:29.127,2.0947,0.0800,-17.5734
2026-05-09T17:23:29.141,2.1234,0.0800,-17.5720
2026-05-09T17:23:29.155,2.1581,0.0800,-17.5718
2026-05-09T17:23:29.169,2.1960,0.0800,-17.5718
2026-05-09T17:23:29.183,2.2449,0.0800,-17.5715
2026-05-09T17:23:29.197,2.2906,0.0800,-17.5713
2026-05-09T17:23:29.210,2.3485,0.0800,-17.5712
2026-05-09T17:23:29.224,2.4055,0.0800,-17.5709
2026-05-09T17:23:29.238,2.4600,0.0800,-17.5706
2026-05-09T17:23:29.253,2.5186,0.0800,-17.5705
2026-05-09T17:23:29.266,2.5720,0.0800,-17.5701
2026-05-09T17:23:29.279,2.6310,0.0800,-17.5697
2026-05-09T17:23:29.294,2.6793,0.0800,-17.5697
2026-05-09T17:23:29.308,2.7292,0.0800,-17.5693
2026-05-09T17:23:29.321,2.7841,0.0800,-17.5689
2026-05-09T17:23:29.335,2.8367,0.0800,-17.5684
2026-05-09T17:23:29.349,2.8914,0.0800,-17.5684
2026-05-09T17:23:29.363,2.9469,0.0800,-17.5680
2026-05-09T17:23:29.376,3.0000,0.0800,-17.5676
2026-05-09T17:23:29.391,3.0581,0.0800,-17.5678
2026-05-09T17:23:29.405,3.1068,0.0800,-17.5678
2026-05-09T17:23:29.419,3.1467,0.0800,-17.5680
2026-05-09T17:23:29.433,3.1765,0.0800,-17.5681
2026-05-09T17:23:29.447,3.2126,0.0800,-17.5687
2026-05-09T17:23:29.461,3.2438,0.0800,-17.5694
2026-05-09T17:23:29.474,3.2739,0.0800,-17.5694
2026-05-09T17:23:29.488,3.3053,0.0800,-17.5701
2026-05-09T17:23:29.502,3.3352,0.0800,-17.5708
2026-05-09T17:23:29.516,3.3682,0.0800,-17.5715
2026-05-09T17:23:29.530,3.3988,0.0800,-17.5715
2026-05-09T17:23:29.544,3.4285,0.0800,-17.5722
2026-05-09T17:23:29.557,3.4577,0.0800,-17.5728
2026-05-09T17:23:29.571,3.4876,0.0800,-17.5728
2026-05-09T17:23:29.586,3.5199,0.0800,-17.5716
2026-05-09T17:23:29.600,3.5533,0.0800,-17.5701
2026-05-09T17:23:29.613,3.5934,0.0800,-17.5686
2026-05-09T17:23:29.628,3.6248,0.0800,-17.5670
2026-05-09T17:23:29.642,3.6502,0.0800,-17.5659
2026-05-09T17:23:29.655,3.6731,0.0800,-17.5659
2026-05-09T17:23:29.670,3.6964,0.0800,-17.5659
2026-05-09T17:23:29.684,3.7274,0.0800,-17.5659
2026-05-09T17:23:29.697,3.7616,0.0800,-17.5658
2026-05-09T17:23:29.712,3.8036,0.0800,-17.5657
2026-05-09T17:23:29.726,3.8483,0.0800,-17.5655
2026-05-09T17:23:29.739,3.8995,0.0800,-17.5654
2026-05-09T17:23:29.754,3.9512,0.0800,-17.5654
2026-05-09T17:23:29.768,3.9996,0.0800,-17.5654
2026-05-09T17:23:29.782,4.0599,0.0800,-17.5654
2026-05-09T17:23:29.795,4.1142,0.0800,-17.5654
2026-05-09T17:23:29.810,4.1765,0.0800,-17.5654
2026-05-09T17:23:29.824,4.2356,0.0800,-17.5654
2026-05-09T17:23:29.837,4.3027,0.0800,-17.5491
2026-05-09T17:23:29.852,4.3759,0.0800,-17.5313
2026-05-09T17:23:29.866,4.4391,0.0800,-17.5158
2026-05-09T17:23:29.878,4.5119,0.0800,-17.4979
2026-05-09T17:23:29.894,4.5759,0.0800,-17.4820
2026-05-09T17:23:29.907,4.6342,0.0800,-17.4674
2026-05-09T17:23:29.921,4.7073,0.0800,-17.4491
2026-05-09T17:23:29.935,4.7707,0.0800,-17.4331
2026-05-09T17:23:29.948,4.8405,0.0800,-17.4153
2026-05-09T17:23:29.962,4.8855,0.0800,-17.4038
2026-05-09T17:23:29.976,4.9484,0.0800,-17.3875
2026-05-09T17:23:29.991,5.0061,0.0800,-17.3720
2026-05-09T17:23:30.005,5.0630,0.0800,-17.3559
2026-05-09T17:23:30.018,5.1199,0.0800,-17.3390
2026-05-09T17:23:30.032,5.1692,0.0800,-17.3236
2026-05-09T17:23:30.046,5.2132,0.0800,-17.3089
2026-05-09T17:23:30.059,5.2552,0.0800,-17.2941
2026-05-09T17:23:30.074,5.2968,0.0800,-17.2788
2026-05-09T17:23:30.089,5.3364,0.0800,-17.2633
2026-05-09T17:23:30.102,5.3796,0.0800,-17.2455
2026-05-09T17:23:30.115,5.4219,0.0800,-17.2271
2026-05-09T17:23:30.130,5.4582,0.0800,-17.2108
2026-05-09T17:23:30.143,5.4960,0.0800,-17.1927
2026-05-09T17:23:30.158,5.5343,0.0800,-17.1736
2026-05-09T17:23:30.172,5.5699,0.0800,-17.1553
2026-05-09T17:23:30.185,5.6107,0.0800,-17.1331
2026-05-09T17:23:30.198,5.6468,0.0800,-17.1126
2026-05-09T17:23:30.213,5.6811,0.0800,-17.0926
2026-05-09T17:23:30.227,5.7139,0.0800,-17.0724
2026-05-09T17:23:30.241,5.7532,0.0800,-17.0472
2026-05-09T17:23:30.254,5.7854,0.0800,-17.0256
2026-05-09T17:23:30.268,5.8172,0.0800,-17.0038
2026-05-09T17:23:30.282,5.8503,0.0800,-16.9799
2026-05-09T17:23:30.296,5.8857,0.0800,-16.9534
2026-05-09T17:23:30.309,5.9140,0.0800,-16.9316
2026-05-09T17:23:30.324,5.9442,0.0800,-16.9071
2026-05-09T17:23:30.337,5.9732,0.0800,-16.8828
2026-05-09T17:23:30.351,6.0063,0.0800,-16.8544
2026-05-09T17:23:30.365,6.0307,0.0800,-16.8322
2026-05-09T17:23:30.379,6.0602,0.0800,-16.8047
2026-05-09T17:23:30.393,6.0868,0.0800,-16.7794
2026-05-09T17:23:30.406,6.1136,0.0800,-16.7525
2026-05-09T17:23:30.419,6.1411,0.0800,-16.7238
2026-05-09T17:23:30.434,6.1649,0.0800,-16.6983
2026-05-09T17:23:30.448,6.1898,0.0800,-16.6697
2026-05-09T17:23:30.461,6.2143,0.0800,-16.6403
2026-05-09T17:23:30.474,6.2386,0.0800,-16.6099
2026-05-09T17:23:30.489,6.2599,0.0800,-16.5825
2026-05-09T17:23:30.502,6.2809,0.0800,-16.5543
2026-05-09T17:23:30.516,6.3057,0.0800,-16.5201
2026-05-09T17:23:30.530,6.3250,0.0800,-16.4932
2026-05-09T17:23:30.544,6.3461,0.0800,-16.4623
2026-05-09T17:23:30.557,6.3670,0.0800,-16.4308
2026-05-09T17:23:30.571,6.3876,0.0800,-16.3993
2026-05-09T17:23:30.585,6.4071,0.0800,-16.3679
2026-05-09T17:23:30.598,6.4259,0.0800,-16.3363
2026-05-09T17:23:30.612,6.4450,0.0800,-16.3037
2026-05-09T17:23:30.626,6.4618,0.0800,-16.2730
2026-05-09T17:23:30.639,6.4805,0.0800,-16.2373
2026-05-09T17:23:30.654,6.4973,0.0800,-16.2044
2026-05-09T17:23:30.667,6.5122,0.0800,-16.1728
2026-05-09T17:23:30.681,6.5292,0.0800,-16.1354
2026-05-09T17:23:30.695,6.5431,0.0800,-16.1029
2026-05-09T17:23:30.708,6.5578,0.0800,-16.0675
2026-05-09T17:23:30.722,6.5706,0.0800,-16.0341
2026-05-09T17:23:30.735,6.5834,0.0800,-15.9990
2026-05-09T17:23:30.749,6.5969,0.0800,-15.9607
2026-05-09T17:23:30.764,6.6069,0.0800,-15.9298
2026-05-09T17:23:30.777,6.6182,0.0800,-15.8925
2026-05-09T17:23:30.791,6.6291,0.0800,-15.8554
2026-05-09T17:23:30.805,6.6386,0.0800,-15.8192
2026-05-09T17:23:30.818,6.6478,0.0800,-15.7814
2026-05-09T17:23:30.833,6.6558,0.0800,-15.7470
2026-05-09T17:23:30.847,6.6632,0.0800,-15.7108
2026-05-09T17:23:30.861,6.6704,0.0800,-15.6720
2026-05-09T17:23:30.874,6.6769,0.0800,-15.6333
2026-05-09T17:23:30.888,6.6825,0.0800,-15.5967
2026-05-09T17:23:30.902,6.6872,0.0800,-15.5601
2026-05-09T17:23:30.916,6.6917,0.0800,-15.5185
2026-05-09T17:23:30.930,6.6960,0.0800,-15.4756
2026-05-09T17:23:30.943,6.6995,0.0800,-15.4286
2026-05-09T17:23:30.957,6.7026,0.0800,-15.3771
2026-05-09T17:23:30.971,6.7052,0.0800,-15.3248
2026-05-09T17:23:30.985,6.7072,0.0800,-15.2652
2026-05-09T17:23:30.999,6.7084,0.0800,-15.2053
2026-05-09T17:23:31.013,6.7094,0.0800,-15.1405
2026-05-09T17:23:31.027,6.7098,0.0800,-15.0853
2026-05-09T17:23:31.041,6.7102,0.0800,-15.0277
2026-05-09T17:23:31.054,6.7105,0.0800,-14.9736
2026-05-09T17:23:31.068,6.7109,0.0800,-14.9161
2026-05-09T17:23:31.082,6.7112,0.0800,-14.8594
2026-05-09T17:23:31.096,6.7116,0.0800,-14.8057
2026-05-09T17:23:31.110,6.7119,0.0800,-14.7492
2026-05-09T17:23:31.125,6.7123,0.0800,-14.6903
2026-05-09T17:23:31.138,6.7127,0.0800,-14.6348
2026-05-09T17:23:31.152,6.7131,0.0800,-14.5672
2026-05-09T17:23:31.166,6.7135,0.0800,-14.5095
2026-05-09T17:23:31.178,6.7139,0.0800,-14.4501
2026-05-09T17:23:31.194,6.7143,0.0800,-14.3869
2026-05-09T17:23:31.207,6.7148,0.0800,-14.3281
2026-05-09T17:23:31.221,6.7152,0.0800,-14.2601
2026-05-09T17:23:31.235,6.7156,0.0800,-14.2006
2026-05-09T17:23:31.249,6.7161,0.0800,-14.1360
2026-05-09T17:23:31.263,6.7165,0.0800,-14.0764
2026-05-09T17:23:31.276,6.7169,0.0800,-14.0150
2026-05-09T17:23:31.292,6.7173,0.0800,-13.9546
2026-05-09T17:23:31.305,6.7177,0.0800,-13.8944
2026-05-09T17:23:31.318,6.7183,0.0800,-13.8215
2026-05-09T17:23:31.333,6.7187,0.0800,-13.7619
2026-05-09T17:23:31.346,6.7191,0.0800,-13.7000
2026-05-09T17:23:31.360,6.7196,0.0800,-13.6326
2026-05-09T17:23:31.374,6.7201,0.0800,-13.5728
2026-05-09T17:23:31.389,6.7205,0.0800,-13.5084
2026-05-09T17:23:31.402,6.7210,0.0800,-13.4455
2026-05-09T17:23:31.415,6.7215,0.0800,-13.3726
2026-05-09T17:23:31.430,6.7220,0.0800,-13.3119
2026-05-09T17:23:31.443,6.7225,0.0800,-13.2469
2026-05-09T17:23:31.457,6.7231,0.0800,-13.1771
2026-05-09T17:23:31.471,6.7236,0.0800,-13.1130
2026-05-09T17:23:31.485,6.7242,0.0800,-13.0422
2026-05-09T17:23:31.499,6.7248,0.0800,-12.9755
2026-05-09T17:23:31.513,6.7254,0.0800,-12.9064
2026-05-09T17:23:31.527,6.7260,0.0800,-12.8393
2026-05-09T17:23:31.541,6.7266,0.0800,-12.7670
2026-05-09T17:23:31.554,6.7273,0.0800,-12.6961
2026-05-09T17:23:31.569,6.7279,0.0800,-12.6288
2026-05-09T17:23:31.582,6.7285,0.0800,-12.5580
2026-05-09T17:23:31.596,6.7291,0.0800,-12.4898
2026-05-09T17:23:31.609,6.7297,0.0800,-12.4212
2026-05-09T17:23:31.624,6.7303,0.0800,-12.3543
2026-05-09T17:23:31.638,6.7310,0.0800,-12.2859
2026-05-09T17:23:31.652,6.7317,0.0800,-12.2115
2026-05-09T17:23:31.666,6.7324,0.0800,-12.1462
2026-05-09T17:23:31.680,6.7332,0.0800,-12.0744
2026-05-09T17:23:31.694,6.7341,0.0800,-12.0052
2026-05-09T17:23:31.707,6.7349,0.0800,-11.9357
2026-05-09T17:23:31.721,6.7359,0.0800,-11.8630
2026-05-09T17:23:31.734,6.7368,0.0800,-11.7971
2026-05-09T17:23:31.749,6.7378,0.0800,-11.7233
2026-05-09T17:23:31.763,6.7387,0.0800,-11.6620
2026-05-09T17:23:31.776,6.7399,0.0800,-11.5898
2026-05-09T17:23:31.791,6.7409,0.0800,-11.5203
2026-05-09T17:23:31.805,6.7420,0.0800,-11.4543
2026-05-09T17:23:31.818,6.7433,0.0800,-11.3783
2026-05-09T17:23:31.833,6.7444,0.0800,-11.3111
2026-05-09T17:23:31.846,6.7456,0.0800,-11.2423
2026-05-09T17:23:31.861,6.7468,0.0800,-11.1724
2026-05-09T17:23:31.874,6.7481,0.0800,-11.1014
2026-05-09T17:23:31.888,6.7493,0.0800,-11.0315
2026-05-09T17:23:31.902,6.7505,0.0800,-10.9636
2026-05-09T17:23:31.915,6.7517,0.0800,-10.8931
2026-05-09T17:23:31.929,6.7529,0.0800,-10.8239
2026-05-09T17:23:31.943,6.7540,0.0800,-10.7592
2026-05-09T17:23:31.957,6.7553,0.0800,-10.6866
2026-05-09T17:23:31.971,6.7565,0.0800,-10.6190
2026-05-09T17:23:31.985,6.7577,0.0800,-10.5472
2026-05-09T17:23:31.999,6.7589,0.0800,-10.4774
2026-05-09T17:23:32.012,6.7602,0.0800,-10.4023
2026-05-09T17:23:32.026,6.7613,0.0800,-10.3442
2026-05-09T17:23:32.040,6.7625,0.0800,-10.2746
2026-05-09T17:23:32.055,6.7637,0.0800,-10.2051
2026-05-09T17:23:32.069,6.7648,0.0800,-10.1441
2026-05-09T17:23:32.082,6.7660,0.0800,-10.0823
2026-05-09T17:23:32.096,6.7671,0.0800,-10.0416
2026-05-09T17:23:32.110,6.7682,0.0800,-10.0020
2026-05-09T17:23:32.125,6.7697,0.0800,-9.9638
2026-05-09T17:23:32.138,6.7716,0.0800,-9.9237
2026-05-09T17:23:32.152,6.7739,0.0800,-9.8814
2026-05-09T17:23:32.165,6.7763,0.0800,-9.8467
2026-05-09T17:23:32.179,6.7795,0.0800,-9.8078
2026-05-09T17:23:32.193,6.7829,0.0800,-9.7692
2026-05-09T17:23:32.208,6.7872,0.0800,-9.7305
2026-05-09T17:23:32.222,6.7923,0.0800,-9.6903
2026-05-09T17:23:32.235,6.7980,0.0800,-9.6509
2026-05-09T17:23:32.249,6.8045,0.0800,-9.6082
2026-05-09T17:23:32.263,6.8105,0.0800,-9.5747
2026-05-09T17:23:32.276,6.8172,0.0800,-9.5403
2026-05-09T17:23:32.291,6.8239,0.0800,-9.5075
2026-05-09T17:23:32.305,6.8296,0.0800,-9.4833
2026-05-09T17:23:32.318,6.8368,0.0800,-9.4555
2026-05-09T17:23:32.332,6.8419,0.0800,-9.4364
2026-05-09T17:23:32.346,6.8472,0.0800,-9.4196
2026-05-09T17:23:32.360,6.8529,0.0800,-9.4025
2026-05-09T17:23:32.374,6.8591,0.0800,-9.3839
2026-05-09T17:23:32.388,6.8655,0.0800,-9.3672
2026-05-09T17:23:32.402,6.8723,0.0800,-9.3504
2026-05-09T17:23:32.415,6.8797,0.0800,-9.3333
2026-05-09T17:23:32.430,6.8871,0.0800,-9.3158
2026-05-09T17:23:32.444,6.8948,0.0800,-9.2999
2026-05-09T17:23:32.458,6.9035,0.0800,-9.2827
2026-05-09T17:23:32.471,6.9125,0.0800,-9.2650
2026-05-09T17:23:32.486,6.9228,0.0800,-9.2465
2026-05-09T17:23:32.499,6.9330,0.0800,-9.2287
2026-05-09T17:23:32.513,6.9440,0.0800,-9.2094
2026-05-09T17:23:32.527,6.9519,0.0800,-9.1959
2026-05-09T17:23:32.541,6.9606,0.0800,-9.1811
2026-05-09T17:23:32.555,6.9710,0.0800,-9.1634
2026-05-09T17:23:32.569,6.9836,0.0800,-9.1419
2026-05-09T17:23:32.583,7.0022,0.0800,-9.1103
2026-05-09T17:23:32.597,7.0217,0.0800,-9.0767
2026-05-09T17:23:32.611,7.0461,0.0800,-9.0346
2026-05-09T17:23:32.625,7.0714,0.0800,-8.9897
2026-05-09T17:23:32.638,7.0997,0.0800,-8.9385
2026-05-09T17:23:32.652,7.1267,0.0800,-8.8891
2026-05-09T17:23:32.666,7.1514,0.0800,-8.8426
2026-05-09T17:23:32.680,7.1789,0.0800,-8.7898
2026-05-09T17:23:32.694,7.2052,0.0800,-8.7385
2026-05-09T17:23:32.708,7.2317,0.0800,-8.6854
2026-05-09T17:23:32.722,7.2579,0.0800,-8.6322
2026-05-09T17:23:32.736,7.2845,0.0800,-8.5770
2026-05-09T17:23:32.749,7.3180,0.0800,-8.5074
2026-05-09T17:23:32.763,7.3412,0.0800,-8.4589
2026-05-09T17:23:32.777,7.3705,0.0800,-8.3979
2026-05-09T17:23:32.792,7.3999,0.0800,-8.3366
2026-05-09T17:23:32.806,7.4296,0.0800,-8.2747
2026-05-09T17:23:32.820,7.4633,0.0800,-8.2043
2026-05-09T17:23:32.834,7.4925,0.0800,-8.1436
2026-05-09T17:23:32.848,7.5224,0.0800,-8.0813
2026-05-09T17:23:32.861,7.5521,0.0800,-8.0193
2026-05-09T17:23:32.874,7.5828,0.0800,-7.9552
2026-05-09T17:23:32.889,7.6129,0.0800,-7.8925
2026-05-09T17:23:32.903,7.6396,0.0800,-7.8367
2026-05-09T17:23:32.917,7.6730,0.0800,-7.7670
2026-05-09T17:23:32.931,7.7019,0.0800,-7.7065
2026-05-09T17:23:32.944,7.7319,0.0800,-7.6436
2026-05-09T17:23:32.959,7.7626,0.0800,-7.5793
2026-05-09T17:23:32.972,7.7911,0.0800,-7.5197
2026-05-09T17:23:32.987,7.8217,0.0800,-7.4555
2026-05-09T17:23:33.000,7.8514,0.0800,-7.3932
2026-05-09T17:23:33.013,7.8839,0.0800,-7.3249
2026-05-09T17:23:33.028,7.9093,0.0800,-7.2713
2026-05-09T17:23:33.041,7.9385,0.0800,-7.2100
2026-05-09T17:23:33.055,7.9679,0.0800,-7.1481
2026-05-09T17:23:33.070,7.9949,0.0800,-7.0912
2026-05-09T17:23:33.083,8.0254,0.0800,-7.0270
2026-05-09T17:23:33.097,8.0537,0.0800,-6.9673
2026-05-09T17:23:33.111,8.0818,0.0800,-6.9081
2026-05-09T17:23:33.126,8.1101,0.0800,-6.8484
2026-05-09T17:23:33.139,8.1396,0.0800,-6.7863
2026-05-09T17:23:33.153,8.1697,0.0800,-6.7227
2026-05-09T17:23:33.167,8.1958,0.0800,-6.6676
2026-05-09T17:23:33.181,8.2257,0.0800,-6.6045
2026-05-09T17:23:33.194,8.2522,0.0800,-6.5484
2026-05-09T17:23:33.209,8.2816,0.0800,-6.4864
2026-05-09T17:23:33.222,8.3094,0.0800,-6.4274
2026-05-09T17:23:33.236,8.3375,0.0800,-6.3678
2026-05-09T17:23:33.250,8.3675,0.0800,-6.3040
2026-05-09T17:23:33.264,8.3938,0.0800,-6.2480
2026-05-09T17:23:33.277,8.4238,0.0800,-6.1843
2026-05-09T17:23:33.291,8.4499,0.0800,-6.1285
2026-05-09T17:23:33.305,8.4753,0.0800,-6.0741
2026-05-09T17:23:33.319,8.5022,0.0800,-6.0152
2026-05-09T17:23:33.333,8.5255,0.0800,-5.9630
2026-05-09T17:23:33.347,8.5488,0.0800,-5.9086
2026-05-09T17:23:33.361,8.5695,0.0800,-5.8580
2026-05-09T17:23:33.374,8.5888,0.0800,-5.8091
2026-05-09T17:23:33.388,8.6060,0.0800,-5.7640
2026-05-09T17:23:33.403,8.6214,0.0800,-5.7209
2026-05-09T17:23:33.417,8.6376,0.0800,-5.6731
2026-05-09T17:23:33.430,8.6508,0.0800,-5.6329
2026-05-09T17:23:33.444,8.6638,0.0800,-5.5894
2026-05-09T17:23:33.457,8.6756,0.0800,-5.5477
2026-05-09T17:23:33.472,8.6868,0.0800,-5.5060
2026-05-09T17:23:33.486,8.6967,0.0800,-5.4655
2026-05-09T17:23:33.499,8.7062,0.0800,-5.4236
2026-05-09T17:23:33.513,8.7149,0.0800,-5.3829
2026-05-09T17:23:33.527,8.7224,0.0800,-5.3432
2026-05-09T17:23:33.541,8.7298,0.0800,-5.2992
2026-05-09T17:23:33.554,8.7359,0.0800,-5.2586
2026-05-09T17:23:33.569,8.7414,0.0800,-5.2197
2026-05-09T17:23:33.582,8.7460,0.0800,-5.1785
2026-05-09T17:23:33.596,8.7499,0.0800,-5.1374
2026-05-09T17:23:33.610,8.7534,0.0800,-5.0970
2026-05-09T17:23:33.625,8.7558,0.0800,-5.0552
2026-05-09T17:23:33.638,8.7574,0.0800,-5.0136
2026-05-09T17:23:33.652,8.7587,0.0800,-4.9706
2026-05-09T17:23:33.666,8.7588,0.0800,-4.9326
2026-05-09T17:23:33.679,8.7581,0.0800,-4.8899
2026-05-09T17:23:33.694,8.7571,0.0800,-4.8494
2026-05-09T17:23:33.707,8.7551,0.0800,-4.8090
2026-05-09T17:23:33.721,8.7522,0.0800,-4.7679
2026-05-09T17:23:33.735,8.7494,0.0800,-4.7315
2026-05-09T17:23:33.749,8.7446,0.0800,-4.6861
2026-05-09T17:23:33.763,8.7397,0.0800,-4.6470
2026-05-09T17:23:33.776,8.7339,0.0800,-4.6062
2026-05-09T17:23:33.791,8.7281,0.0800,-4.5683
2026-05-09T17:23:33.804,8.7210,0.0800,-4.5283
2026-05-09T17:23:33.818,8.7125,0.0800,-4.4855
2026-05-09T17:23:33.832,8.7047,0.0800,-4.4479
2026-05-09T17:23:33.846,8.6953,0.0800,-4.4082
2026-05-09T17:23:33.859,8.6848,0.0800,-4.3672
2026-05-09T17:23:33.873,8.6745,0.0800,-4.3288
2026-05-09T17:23:33.888,8.6638,0.0800,-4.2925
2026-05-09T17:23:33.901,8.6510,0.0800,-4.2518
2026-05-09T17:23:33.914,8.6371,0.0800,-4.2103
2026-05-09T17:23:33.929,8.6251,0.0800,-4.1757
2026-05-09T17:23:33.943,8.6114,0.0800,-4.1393
2026-05-09T17:23:33.956,8.5953,0.0800,-4.0985
2026-05-09T17:23:33.970,8.5809,0.0800,-4.0631
2026-05-09T17:23:33.985,8.5640,0.0800,-4.0247
2026-05-09T17:23:33.998,8.5471,0.0800,-3.9880
2026-05-09T17:23:34.012,8.5290,0.0800,-3.9498
2026-05-09T17:23:34.026,8.5120,0.0800,-3.9163
2026-05-09T17:23:34.039,8.4925,0.0800,-3.8793
2026-05-09T17:23:34.054,8.4737,0.0800,-3.8446
2026-05-09T17:23:34.068,8.4543,0.0800,-3.8108
2026-05-09T17:23:34.081,8.4309,0.0800,-3.7717
2026-05-09T17:23:34.096,8.4100,0.0800,-3.7381
2026-05-09T17:23:34.109,8.3888,0.0800,-3.7050
2026-05-09T17:23:34.124,8.3652,0.0800,-3.6700
2026-05-09T17:23:34.137,8.3427,0.0800,-3.6378
2026-05-09T17:23:34.151,8.3164,0.0800,-3.6010
2026-05-09T17:23:34.165,8.2939,0.0800,-3.5713
2026-05-09T17:23:34.179,8.2697,0.0800,-3.5403
2026-05-09T17:23:34.193,8.2447,0.0800,-3.5089
2026-05-09T17:23:34.207,8.2175,0.0800,-3.4764
2026-05-09T17:23:34.221,8.1899,0.0800,-3.4447
2026-05-09T17:23:34.235,8.1630,0.0800,-3.4150
2026-05-09T17:23:34.249,8.1341,0.0800,-3.3836
2026-05-09T17:23:34.263,8.1060,0.0800,-3.3546
2026-05-09T17:23:34.277,8.0773,0.0800,-3.3261
2026-05-09T17:23:34.291,8.0481,0.0800,-3.2977
2026-05-09T17:23:34.305,8.0189,0.0800,-3.2707
2026-05-09T17:23:34.319,7.9872,0.0800,-3.2424
2026-05-09T17:23:34.333,7.9572,0.0800,-3.2163
2026-05-09T17:23:34.346,7.9261,0.0800,-3.1905
2026-05-09T17:23:34.360,7.8930,0.0800,-3.1641
2026-05-09T17:23:34.375,7.8637,0.0800,-3.1413
2026-05-09T17:23:34.389,7.8301,0.0800,-3.1164
2026-05-09T17:23:34.402,7.7966,0.0800,-3.0925
2026-05-09T17:23:34.417,7.7605,0.0800,-3.0677
2026-05-09T17:23:34.431,7.7294,0.0800,-3.0471
2026-05-09T17:23:34.445,7.6937,0.0800,-3.0247
2026-05-09T17:23:34.459,7.6580,0.0800,-3.0034
2026-05-09T17:23:34.473,7.6230,0.0800,-2.9831
2026-05-09T17:23:34.487,7.5869,0.0800,-2.9632
2026-05-09T17:23:34.501,7.5508,0.0800,-2.9442
2026-05-09T17:23:34.515,7.5115,0.0800,-2.9243
2026-05-09T17:23:34.529,7.4768,0.0800,-2.9072
2026-05-09T17:23:34.543,7.4384,0.0800,-2.8894
2026-05-09T17:23:34.557,7.4008,0.0800,-2.8726
2026-05-09T17:23:34.571,7.3660,0.0800,-2.8576
2026-05-09T17:23:34.586,7.3275,0.0800,-2.8420
2026-05-09T17:23:34.599,7.2874,0.0800,-2.8266
2026-05-09T17:23:34.613,7.2485,0.0800,-2.8122
2026-05-09T17:23:34.627,7.2114,0.0800,-2.7995
2026-05-09T17:23:34.641,7.1727,0.0800,-2.7871
2026-05-09T17:23:34.655,7.1335,0.0800,-2.7753
2026-05-09T17:23:34.669,7.0945,0.0800,-2.7641
2026-05-09T17:23:34.683,7.0507,0.0800,-2.7526
2026-05-09T17:23:34.697,7.0140,0.0800,-2.7438
2026-05-09T17:23:34.711,6.9750,0.0800,-2.7350
2026-05-09T17:23:34.725,6.9362,0.0800,-2.7271
2026-05-09T17:23:34.738,6.8947,0.0800,-2.7194
2026-05-09T17:23:34.752,6.8533,0.0800,-2.7123
2026-05-09T17:23:34.766,6.8166,0.0800,-2.7069
2026-05-09T17:23:34.779,6.7739,0.0800,-2.7013
2026-05-09T17:23:34.794,6.7352,0.0800,-2.6967
2026-05-09T17:23:34.808,6.6976,0.0800,-2.6932
2026-05-09T17:23:34.823,6.6534,0.0800,-2.6898
2026-05-09T17:23:34.836,6.6122,0.0800,-2.6875
2026-05-09T17:23:34.851,6.5692,0.0800,-2.6855
2026-05-09T17:23:34.865,6.5318,0.0800,-2.6848
2026-05-09T17:23:34.878,6.4874,0.0800,-2.6847
2026-05-09T17:23:34.892,6.4493,0.0800,-2.6851
2026-05-09T17:23:34.906,6.4091,0.0800,-2.6864
2026-05-09T17:23:34.920,6.3683,0.0800,-2.6885
2026-05-09T17:23:34.934,6.3291,0.0800,-2.6910
2026-05-09T17:23:34.948,6.2862,0.0800,-2.6947
2026-05-09T17:23:34.962,6.2453,0.0800,-2.6990
2026-05-09T17:23:34.975,6.2003,0.0800,-2.7046
2026-05-09T17:23:34.990,6.1614,0.0800,-2.7098
2026-05-09T17:23:35.003,6.1142,0.0800,-2.7171
2026-05-09T17:23:35.017,6.0548,0.0800,-2.7273
2026-05-09T17:23:35.031,6.0086,0.0800,-2.7357
2026-05-09T17:23:35.044,5.9540,0.0800,-2.7466
2026-05-09T17:23:35.058,5.8976,0.0800,-2.7587
2026-05-09T17:23:35.072,5.8418,0.0800,-2.7712
2026-05-09T17:23:35.086,5.7882,0.0800,-2.7841
2026-05-09T17:23:35.099,5.7322,0.0800,-2.7983
2026-05-09T17:23:35.114,5.6796,0.0800,-2.8122
2026-05-09T17:23:35.128,5.6263,0.0800,-2.8272
2026-05-09T17:23:35.141,5.5672,0.0800,-2.8446
2026-05-09T17:23:35.155,5.5139,0.0800,-2.8610
2026-05-09T17:23:35.168,5.4598,0.0800,-2.8782
2026-05-09T17:23:35.182,5.3994,0.0800,-2.8983
2026-05-09T17:23:35.196,5.3457,0.0800,-2.9168
2026-05-09T17:23:35.210,5.2853,0.0800,-2.9380
2026-05-09T17:23:35.224,5.2276,0.0800,-2.9590
2026-05-09T17:23:35.238,5.1640,0.0800,-2.9828
2026-05-09T17:23:35.252,5.1000,0.0800,-3.0070
2026-05-09T17:23:35.266,5.0386,0.0800,-3.0307
2026-05-09T17:23:35.279,4.9684,0.0800,-3.0578
2026-05-09T17:23:35.294,4.9082,0.0800,-3.0809
2026-05-09T17:23:35.307,4.8432,0.0800,-3.1059
2026-05-09T17:23:35.321,4.7789,0.0800,-3.1306
2026-05-09T17:23:35.335,4.7166,0.0800,-3.1546
2026-05-09T17:23:35.349,4.6514,0.0800,-3.1797
2026-05-09T17:23:35.364,4.5889,0.0800,-3.2036
2026-05-09T17:23:35.376,4.5225,0.0800,-3.2287
2026-05-09T17:23:35.391,4.4605,0.0800,-3.2519
2026-05-09T17:23:35.404,4.4079,0.0800,-3.2711
2026-05-09T17:23:35.418,4.3422,0.0800,-3.2944
2026-05-09T17:23:35.432,4.2864,0.0800,-3.3140
2026-05-09T17:23:35.446,4.2243,0.0800,-3.3350
2026-05-09T17:23:35.460,4.1621,0.0800,-3.3554
2026-05-09T17:23:35.473,4.1036,0.0800,-3.3744
2026-05-09T17:23:35.488,4.0464,0.0800,-3.3926
2026-05-09T17:23:35.502,3.9938,0.0800,-3.4092
2026-05-09T17:23:35.515,3.9311,0.0800,-3.4293
2026-05-09T17:23:35.530,3.8786,0.0800,-3.4466
2026-05-09T17:23:35.544,3.8313,0.0800,-3.4630
2026-05-09T17:23:35.557,3.7826,0.0800,-3.4807
2026-05-09T17:23:35.571,3.7416,0.0800,-3.4961
2026-05-09T17:23:35.585,3.7029,0.0800,-3.5118
2026-05-09T17:23:35.599,3.6654,0.0800,-3.5276
2026-05-09T17:23:35.612,3.6286,0.0800,-3.5437
2026-05-09T17:23:35.627,3.5931,0.0800,-3.5602
2026-05-09T17:23:35.640,3.5572,0.0800,-3.5777
2026-05-09T17:23:35.655,3.5207,0.0800,-3.5959
2026-05-09T17:23:35.669,3.4856,0.0800,-3.6145
2026-05-09T17:23:35.683,3.4432,0.0800,-3.6379
2026-05-09T17:23:35.696,3.4123,0.0800,-3.6559
2026-05-09T17:23:35.710,3.3783,0.0800,-3.6760
2026-05-09T17:23:35.724,3.3456,0.0800,-3.6965
2026-05-09T17:23:35.738,3.3112,0.0800,-3.7189
2026-05-09T17:23:35.752,3.2758,0.0800,-3.7425
2026-05-09T17:23:35.766,3.2437,0.0800,-3.7653
2026-05-09T17:23:35.779,3.2098,0.0800,-3.7902
2026-05-09T17:23:35.794,3.1798,0.0800,-3.8127
2026-05-09T17:23:35.808,3.1501,0.0800,-3.8362
2026-05-09T17:23:35.822,3.1172,0.0800,-3.8632
2026-05-09T17:23:35.835,3.0852,0.0800,-3.8904
2026-05-09T17:23:35.850,3.0537,0.0800,-3.9178
2026-05-09T17:23:35.864,3.0263,0.0800,-3.9430
2026-05-09T17:23:35.877,2.9946,0.0800,-3.9731
2026-05-09T17:23:35.891,2.9671,0.0800,-3.9999
2026-05-09T17:23:35.905,2.9404,0.0800,-4.0273
2026-05-09T17:23:35.919,2.9113,0.0800,-4.0583
2026-05-09T17:23:35.934,2.8849,0.0800,-4.0871
2026-05-09T17:23:35.947,2.8581,0.0800,-4.1180
2026-05-09T17:23:35.961,2.8314,0.0800,-4.1499
2026-05-09T17:23:35.974,2.8070,0.0800,-4.1803
2026-05-09T17:23:35.989,2.7815,0.0800,-4.2127
2026-05-09T17:23:36.003,2.7605,0.0800,-4.2410
2026-05-09T17:23:36.017,2.7319,0.0800,-4.2808
2026-05-09T17:23:36.031,2.7119,0.0800,-4.3093
2026-05-09T17:23:36.045,2.6888,0.0800,-4.3442
2026-05-09T17:23:36.058,2.6671,0.0800,-4.3781
2026-05-09T17:23:36.072,2.6469,0.0800,-4.4106
2026-05-09T17:23:36.086,2.6256,0.0800,-4.4468
2026-05-09T17:23:36.100,2.6069,0.0800,-4.4800
2026-05-09T17:23:36.113,2.5863,0.0800,-4.5179
2026-05-09T17:23:36.128,2.5685,0.0800,-4.5517
2026-05-09T17:23:36.142,2.5521,0.0800,-4.5848
2026-05-09T17:23:36.155,2.5332,0.0800,-4.6247
2026-05-09T17:23:36.169,2.5175,0.0800,-4.6587
2026-05-09T17:23:36.184,2.5010,0.0800,-4.6972
2026-05-09T17:23:36.197,2.4858,0.0800,-4.7345
2026-05-09T17:23:36.211,2.4710,0.0800,-4.7718
2026-05-09T17:23:36.225,2.4579,0.0800,-4.8078
2026-05-09T17:23:36.239,2.4450,0.0800,-4.8448
2026-05-09T17:23:36.253,2.4318,0.0800,-4.8842
2026-05-09T17:23:36.267,2.4198,0.0800,-4.9230
2026-05-09T17:23:36.280,2.4087,0.0800,-4.9616
2026-05-09T17:23:36.294,2.3983,0.0800,-4.9987
2026-05-09T17:23:36.308,2.3885,0.0800,-5.0376
2026-05-09T17:23:36.322,2.3779,0.0800,-5.0823
2026-05-09T17:23:36.335,2.3685,0.0800,-5.1248
2026-05-09T17:23:36.349,2.3561,0.0800,-5.1829
2026-05-09T17:23:36.364,2.3468,0.0800,-5.2312
2026-05-09T17:23:36.377,2.3359,0.0800,-5.2908
2026-05-09T17:23:36.392,2.3255,0.0800,-5.3514
2026-05-09T17:23:36.405,2.3162,0.0800,-5.4118
2026-05-09T17:23:36.418,2.3080,0.0800,-5.4696
2026-05-09T17:23:36.433,2.3021,0.0800,-5.5126
2026-05-09T17:23:36.447,2.2965,0.0800,-5.5567
2026-05-09T17:23:36.461,2.2916,0.0800,-5.5956
2026-05-09T17:23:36.474,2.2873,0.0800,-5.6292
2026-05-09T17:23:36.488,2.2825,0.0800,-5.6660
2026-05-09T17:23:36.502,2.2777,0.0800,-5.7022
2026-05-09T17:23:36.516,2.2713,0.0800,-5.7499
2026-05-09T17:23:36.530,2.2658,0.0800,-5.7905
2026-05-09T17:23:36.544,2.2596,0.0800,-5.8359
2026-05-09T17:23:36.558,2.2528,0.0800,-5.8846
2026-05-09T17:23:36.572,2.2458,0.0800,-5.9344
2026-05-09T17:23:36.586,2.2388,0.0800,-5.9835
2026-05-09T17:23:36.600,2.2313,0.0800,-6.0361
2026-05-09T17:23:36.614,2.2228,0.0800,-6.0939
2026-05-09T17:23:36.628,2.2143,0.0800,-6.1491
2026-05-09T17:23:36.641,2.2043,0.0800,-6.2120
2026-05-09T17:23:36.655,2.1944,0.0800,-6.2730
2026-05-09T17:23:36.669,2.1840,0.0800,-6.3355
2026-05-09T17:23:36.683,2.1714,0.0800,-6.4084
2026-05-09T17:23:36.697,2.1603,0.0800,-6.4714
2026-05-09T17:23:36.710,2.1484,0.0800,-6.5377
2026-05-09T17:23:36.725,2.1364,0.0800,-6.6019
2026-05-09T17:23:36.738,2.1242,0.0800,-6.6657
2026-05-09T17:23:36.753,2.1099,0.0800,-6.7400
2026-05-09T17:23:36.767,2.0981,0.0800,-6.7988
2026-05-09T17:23:36.780,2.0838,0.0800,-6.8688
2026-05-09T17:23:36.795,2.0702,0.0800,-6.9336
2026-05-09T17:23:36.808,2.0563,0.0800,-6.9980
2026-05-09T17:23:36.822,2.0411,0.0800,-7.0667
2026-05-09T17:23:36.835,2.0272,0.0800,-7.1279
2026-05-09T17:23:36.850,2.0108,0.0800,-7.1985
2026-05-09T17:23:36.864,1.9967,0.0800,-7.2578
2026-05-09T17:23:36.876,1.9796,0.0800,-7.3279
2026-05-09T17:23:36.891,1.9636,0.0800,-7.3929
2026-05-09T17:23:36.905,1.9490,0.0800,-7.4502
2026-05-09T17:23:36.918,1.9302,0.0800,-7.5227
2026-05-09T17:23:36.933,1.9130,0.0800,-7.5878
2026-05-09T17:23:36.947,1.8963,0.0800,-7.6494
2026-05-09T17:23:36.961,1.8778,0.0800,-7.7163
2026-05-09T17:23:36.974,1.8597,0.0800,-7.7803
2026-05-09T17:23:36.989,1.8407,0.0800,-7.8468
2026-05-09T17:23:37.003,1.8229,0.0800,-7.9075
2026-05-09T17:23:37.016,1.8009,0.0800,-7.9817
2026-05-09T17:23:37.031,1.7836,0.0800,-8.0395
2026-05-09T17:23:37.044,1.7631,0.0800,-8.1066
2026-05-09T17:23:37.058,1.7432,0.0800,-8.1708
2026-05-09T17:23:37.072,1.7238,0.0800,-8.2330
2026-05-09T17:23:37.086,1.7033,0.0800,-8.2977
2026-05-09T17:23:37.100,1.6827,0.0800,-8.3615
2026-05-09T17:23:37.114,1.6604,0.0800,-8.4300
2026-05-09T17:23:37.128,1.6401,0.0800,-8.4911
2026-05-09T17:23:37.141,1.6181,0.0800,-8.5560
2026-05-09T17:23:37.155,1.5966,0.0800,-8.6182
2026-05-09T17:23:37.170,1.5749,0.0800,-8.6800
2026-05-09T17:23:37.184,1.5492,0.0800,-8.7516
2026-05-09T17:23:37.197,1.5270,0.0800,-8.8123
2026-05-09T17:23:37.211,1.5023,0.0800,-8.8794
2026-05-09T17:23:37.225,1.4799,0.0800,-8.9403
2026-05-09T17:23:37.239,1.4560,0.0800,-9.0053
2026-05-09T17:23:37.253,1.4336,0.0800,-9.0670
2026-05-09T17:23:37.267,1.4145,0.0800,-9.1218
2026-05-09T17:23:37.281,1.3946,0.0800,-9.1803
2026-05-09T17:23:37.294,1.3777,0.0800,-9.2325
2026-05-09T17:23:37.308,1.3619,0.0800,-9.2827
2026-05-09T17:23:37.323,1.3481,0.0800,-9.3300
2026-05-09T17:23:37.336,1.3360,0.0800,-9.3736
2026-05-09T17:23:37.351,1.3229,0.0800,-9.4231
2026-05-09T17:23:37.365,1.3130,0.0800,-9.4642
2026-05-09T17:23:37.378,1.3024,0.0800,-9.5116
2026-05-09T17:23:37.392,1.2933,0.0800,-9.5546
2026-05-09T17:23:37.406,1.2850,0.0800,-9.5986
2026-05-09T17:23:37.420,1.2773,0.0800,-9.6428
2026-05-09T17:23:37.434,1.2704,0.0800,-9.6857
2026-05-09T17:23:37.448,1.2642,0.0800,-9.7304
2026-05-09T17:23:37.462,1.2587,0.0800,-9.7761
2026-05-09T17:23:37.475,1.2539,0.0800,-9.8216
2026-05-09T17:23:37.489,1.2493,0.0800,-9.8698
2026-05-09T17:23:37.503,1.2456,0.0800,-9.9189
2026-05-09T17:23:37.517,1.2419,0.0800,-9.9786
2026-05-09T17:23:37.531,1.2391,0.0800,-10.0326
2026-05-09T17:23:37.545,1.2368,0.0800,-10.0939
2026-05-09T17:23:37.558,1.2354,0.0800,-10.1520
2026-05-09T17:23:37.573,1.2344,0.0800,-10.2152
2026-05-09T17:23:37.587,1.2343,0.0800,-10.2727
2026-05-09T17:23:37.601,1.2349,0.0800,-10.3353
2026-05-09T17:23:37.614,1.2362,0.0800,-10.4018
2026-05-09T17:23:37.629,1.2378,0.0800,-10.4613
2026-05-09T17:23:37.643,1.2404,0.0800,-10.5270
2026-05-09T17:23:37.656,1.2435,0.0800,-10.5896
2026-05-09T17:23:37.670,1.2470,0.0800,-10.6520
2026-05-09T17:23:37.685,1.2513,0.0800,-10.7158
2026-05-09T17:23:37.698,1.2561,0.0800,-10.7796
2026-05-09T17:23:37.713,1.2616,0.0800,-10.8453
2026-05-09T17:23:37.727,1.2674,0.0800,-10.9080
2026-05-09T17:23:37.740,1.2742,0.0800,-10.9752
2026-05-09T17:23:37.754,1.2815,0.0800,-11.0416
2026-05-09T17:23:37.768,1.2887,0.0800,-11.1042
2026-05-09T17:23:37.782,1.2970,0.0800,-11.1722
2026-05-09T17:23:37.796,1.3054,0.0800,-11.2370
2026-05-09T17:23:37.810,1.3144,0.0800,-11.3037
2026-05-09T17:23:37.824,1.3234,0.0800,-11.3674
2026-05-09T17:23:37.837,1.3336,0.0800,-11.4360
2026-05-09T17:23:37.852,1.3442,0.0800,-11.5066
2026-05-09T17:23:37.865,1.3539,0.0800,-11.5710
2026-05-09T17:23:37.878,1.3646,0.0800,-11.6406
2026-05-09T17:23:37.893,1.3749,0.0800,-11.7080
2026-05-09T17:23:37.907,1.3854,0.0800,-11.7770
2026-05-09T17:23:37.921,1.3962,0.0800,-11.8468
2026-05-09T17:23:37.935,1.4066,0.0800,-11.9141
2026-05-09T17:23:37.949,1.4188,0.0800,-11.9927
2026-05-09T17:23:37.963,1.4276,0.0800,-12.0501
2026-05-09T17:23:37.976,1.4384,0.0800,-12.1217
2026-05-09T17:23:37.991,1.4477,0.0800,-12.1855
2026-05-09T17:23:38.005,1.4559,0.0800,-12.2441
2026-05-09T17:23:38.018,1.4661,0.0800,-12.3190
2026-05-09T17:23:38.033,1.4742,0.0800,-12.3809
2026-05-09T17:23:38.046,1.4819,0.0800,-12.4437
2026-05-09T17:23:38.060,1.4897,0.0800,-12.5111
2026-05-09T17:23:38.074,1.4965,0.0800,-12.5731
2026-05-09T17:23:38.088,1.5027,0.0800,-12.6367
2026-05-09T17:23:38.102,1.5081,0.0800,-12.6980
2026-05-09T17:23:38.115,1.5133,0.0800,-12.7644
2026-05-09T17:23:38.130,1.5175,0.0800,-12.8234
2026-05-09T17:23:38.143,1.5207,0.0800,-12.8800
2026-05-09T17:23:38.157,1.5234,0.0800,-12.9397
2026-05-09T17:23:38.171,1.5255,0.0800,-12.9987
2026-05-09T17:23:38.185,1.5265,0.0800,-13.0534
2026-05-09T17:23:38.199,1.5266,0.0800,-13.1027
2026-05-09T17:23:38.212,1.5263,0.0800,-13.1499
2026-05-09T17:23:38.226,1.5248,0.0800,-13.1989
2026-05-09T17:23:38.240,1.5231,0.0800,-13.2340
2026-05-09T17:23:38.255,1.5210,0.0800,-13.2696
2026-05-09T17:23:38.269,1.5181,0.0800,-13.3027
2026-05-09T17:23:38.283,1.5141,0.0800,-13.3390
2026-05-09T17:23:38.296,1.5108,0.0800,-13.3643
2026-05-09T17:23:38.309,1.5066,0.0800,-13.3939
2026-05-09T17:23:38.325,1.5028,0.0800,-13.4156
2026-05-09T17:23:38.338,1.4985,0.0800,-13.4375
2026-05-09T17:23:38.352,1.4931,0.0800,-13.4642
2026-05-09T17:23:38.366,1.4886,0.0800,-13.4827
2026-05-09T17:23:38.379,1.4833,0.0800,-13.5026
2026-05-09T17:23:38.394,1.4779,0.0800,-13.5232
2026-05-09T17:23:38.407,1.4723,0.0800,-13.5411
2026-05-09T17:23:38.421,1.4658,0.0800,-13.5609
2026-05-09T17:23:38.435,1.4598,0.0800,-13.5776
2026-05-09T17:23:38.449,1.4530,0.0800,-13.5965
2026-05-09T17:23:38.463,1.4463,0.0800,-13.6131
2026-05-09T17:23:38.476,1.4385,0.0800,-13.6311
2026-05-09T17:23:38.491,1.4311,0.0800,-13.6484
2026-05-09T17:23:38.505,1.4238,0.0800,-13.6634
2026-05-09T17:23:38.518,1.4143,0.0800,-13.6823
2026-05-09T17:23:38.533,1.4056,0.0800,-13.6995
2026-05-09T17:23:38.546,1.3961,0.0800,-13.7162
2026-05-09T17:23:38.560,1.3870,0.0800,-13.7315
2026-05-09T17:23:38.574,1.3777,0.0800,-13.7471
2026-05-09T17:23:38.588,1.3677,0.0800,-13.7625
2026-05-09T17:23:38.602,1.3571,0.0800,-13.7780
2026-05-09T17:23:38.614,1.3448,0.0800,-13.7953
2026-05-09T17:23:38.630,1.3349,0.0800,-13.8093
2026-05-09T17:23:38.643,1.3249,0.0800,-13.8221
2026-05-09T17:23:38.657,1.3121,0.0800,-13.8378
2026-05-09T17:23:38.671,1.3008,0.0800,-13.8517
2026-05-09T17:23:38.685,1.2874,0.0800,-13.8667
2026-05-09T17:23:38.698,1.2749,0.0800,-13.8802
2026-05-09T17:23:38.712,1.2614,0.0800,-13.8946
2026-05-09T17:23:38.726,1.2499,0.0800,-13.9059
2026-05-09T17:23:38.740,1.2369,0.0800,-13.9183
2026-05-09T17:23:38.754,1.2225,0.0800,-13.9314
2026-05-09T17:23:38.768,1.2087,0.0800,-13.9440
2026-05-09T17:23:38.782,1.1945,0.0800,-13.9558
2026-05-09T17:23:38.796,1.1799,0.0800,-13.9675
2026-05-09T17:23:38.810,1.1647,0.0800,-13.9798
2026-05-09T17:23:38.824,1.1502,0.0800,-13.9904
2026-05-09T17:23:38.838,1.1350,0.0800,-14.0012
2026-05-09T17:23:38.852,1.1186,0.0800,-14.0128
2026-05-09T17:23:38.866,1.1040,0.0800,-14.0222
2026-05-09T17:23:38.878,1.0878,0.0800,-14.0323
2026-05-09T17:23:38.894,1.0719,0.0800,-14.0421
2026-05-09T17:23:38.907,1.0572,0.0800,-14.0504
2026-05-09T17:23:38.921,1.0394,0.0800,-14.0600
2026-05-09T17:23:38.935,1.0239,0.0800,-14.0679
2026-05-09T17:23:38.950,1.0041,0.0800,-14.0779
2026-05-09T17:23:38.964,0.9892,0.0800,-14.0846
2026-05-09T17:23:38.976,0.9716,0.0800,-14.0922
2026-05-09T17:23:38.991,0.9542,0.0800,-14.0997
2026-05-09T17:23:39.005,0.9384,0.0800,-14.1057
2026-05-09T17:23:39.018,0.9196,0.0800,-14.1123
2026-05-09T17:23:39.032,0.9021,0.0800,-14.1186
2026-05-09T17:23:39.046,0.8850,0.0800,-14.1239
2026-05-09T17:23:39.060,0.8674,0.0800,-14.1289
2026-05-09T17:23:39.074,0.8498,0.0800,-14.1339
2026-05-09T17:23:39.088,0.8310,0.0800,-14.1384
2026-05-09T17:23:39.102,0.8127,0.0800,-14.1424
2026-05-09T17:23:39.115,0.7934,0.0800,-14.1461
2026-05-09T17:23:39.130,0.7758,0.0800,-14.1496
2026-05-09T17:23:39.143,0.7573,0.0800,-14.1523
2026-05-09T17:23:39.157,0.7393,0.0800,-14.1546
2026-05-09T17:23:39.171,0.7217,0.0800,-14.1569
2026-05-09T17:23:39.185,0.7018,0.0800,-14.1586
2026-05-09T17:23:39.199,0.6841,0.0800,-14.1598
2026-05-09T17:23:39.213,0.6649,0.0800,-14.1610
2026-05-09T17:23:39.227,0.6469,0.0800,-14.1614
2026-05-09T17:23:39.240,0.6278,0.0800,-14.1614
2026-05-09T17:23:39.254,0.6090,0.0800,-14.1611
2026-05-09T17:23:39.268,0.5912,0.0800,-14.1607
2026-05-09T17:23:39.282,0.5717,0.0800,-14.1596
2026-05-09T17:23:39.296,0.5541,0.0800,-14.1581
2026-05-09T17:23:39.309,0.5345,0.0800,-14.1565
2026-05-09T17:23:39.324,0.5174,0.0800,-14.1543
2026-05-09T17:23:39.337,0.4997,0.0800,-14.1517
2026-05-09T17:23:39.352,0.4787,0.0800,-14.1487
2026-05-09T17:23:39.366,0.4623,0.0800,-14.1455
2026-05-09T17:23:39.379,0.4438,0.0800,-14.1416
2026-05-09T17:23:39.393,0.4241,0.0800,-14.1375
2026-05-09T17:23:39.407,0.4076,0.0800,-14.1332
2026-05-09T17:23:39.421,0.3892,0.0800,-14.1281
2026-05-09T17:23:39.435,0.3723,0.0800,-14.1231
2026-05-09T17:23:39.449,0.3530,0.0800,-14.1172
2026-05-09T17:23:39.463,0.3365,0.0800,-14.1115
2026-05-09T17:23:39.476,0.3182,0.0800,-14.1047
2026-05-09T17:23:39.490,0.3003,0.0800,-14.0981
2026-05-09T17:23:39.504,0.2838,0.0800,-14.0912
2026-05-09T17:23:39.517,0.2669,0.0800,-14.0836
2026-05-09T17:23:39.532,0.2484,0.0800,-14.0754
2026-05-09T17:23:39.546,0.2281,0.0800,-14.0655
2026-05-09T17:23:39.559,0.1980,0.0800,-14.0502
2026-05-09T17:23:39.573,0.1588,0.0800,-14.0298
2026-05-09T17:23:39.587,0.1198,0.0800,-14.0083
2026-05-09T17:23:39.601,0.0686,0.0800,-13.9793
2026-05-09T17:23:39.614,0.0051,0.0800,-13.9425
2026-05-09T17:23:39.628,-0.0472,0.0800,-13.9119
2026-05-09T17:23:39.642,-0.1064,0.0800,-13.8768
2026-05-09T17:23:39.656,-0.1641,0.0800,-13.8426
2026-05-09T17:23:39.669,-0.2217,0.0800,-13.8084
2026-05-09T17:23:39.684,-0.2815,0.0800,-13.7730
2026-05-09T17:23:39.697,-0.3370,0.0800,-13.7401
2026-05-09T17:23:39.711,-0.3976,0.0800,-13.7042
2026-05-09T17:23:39.725,-0.4536,0.0800,-13.6712
2026-05-09T17:23:39.738,-0.5116,0.0800,-13.6369
2026-05-09T17:23:39.752,-0.5741,0.0800,-13.6001
2026-05-09T17:23:39.767,-0.6277,0.0800,-13.5686
2026-05-09T17:23:39.780,-0.6884,0.0800,-13.5329
2026-05-09T17:23:39.794,-0.7482,0.0800,-13.4979
2026-05-09T17:23:39.808,-0.8068,0.0800,-13.4635
2026-05-09T17:23:39.822,-0.8673,0.0800,-13.4281
2026-05-09T17:23:39.835,-0.9259,0.0800,-13.3938
2026-05-09T17:23:39.849,-0.9896,0.0800,-13.3565
2026-05-09T17:23:39.864,-1.0428,0.0800,-13.3254
2026-05-09T17:23:39.877,-1.1050,0.0800,-13.2889
2026-05-09T17:23:39.891,-1.1662,0.0800,-13.2531
2026-05-09T17:23:39.905,-1.2253,0.0800,-13.2185
2026-05-09T17:23:39.919,-1.2857,0.0800,-13.1831
2026-05-09T17:23:39.933,-1.3458,0.0800,-13.1478
2026-05-09T17:23:39.946,-1.4041,0.0800,-13.1136
2026-05-09T17:23:39.960,-1.4650,0.0800,-13.0779
2026-05-09T17:23:39.974,-1.5232,0.0800,-13.0437
2026-05-09T17:23:39.989,-1.5805,0.0800,-13.0100
2026-05-09T17:23:40.002,-1.6382,0.0800,-12.9761
2026-05-09T17:23:40.016,-1.7038,0.0800,-12.9375
2026-05-09T17:23:40.030,-1.7589,0.0800,-12.9050
2026-05-09T17:23:40.043,-1.8175,0.0800,-12.8702
2026-05-09T17:23:40.057,-1.8740,0.0800,-12.8361
2026-05-09T17:23:40.072,-1.9295,0.0800,-12.8024
2026-05-09T17:23:40.086,-1.9880,0.0800,-12.7664
2026-05-09T17:23:40.099,-2.0443,0.0800,-12.7312
2026-05-09T17:23:40.113,-2.1035,0.0800,-12.6939
2026-05-09T17:23:40.128,-2.1576,0.0800,-12.6593
2026-05-09T17:23:40.141,-2.2136,0.0800,-12.6230
2026-05-09T17:23:40.155,-2.2729,0.0800,-12.5840
2026-05-09T17:23:40.169,-2.3225,0.0800,-12.5510
2026-05-09T17:23:40.183,-2.3794,0.0800,-12.5126
2026-05-09T17:23:40.196,-2.4347,0.0800,-12.4747
2026-05-09T17:23:40.210,-2.4890,0.0800,-12.4372
2026-05-09T17:23:40.225,-2.5404,0.0800,-12.4010
2026-05-09T17:23:40.238,-2.5931,0.0800,-12.3635
2026-05-09T17:23:40.252,-2.6518,0.0800,-12.3212
2026-05-09T17:23:40.266,-2.7017,0.0800,-12.2847
2026-05-09T17:23:40.279,-2.7549,0.0800,-12.2452
2026-05-09T17:23:40.294,-2.8081,0.0800,-12.2054
2026-05-09T17:23:40.308,-2.8597,0.0800,-12.1662
2026-05-09T17:23:40.322,-2.9172,0.0800,-12.1219
2026-05-09T17:23:40.335,-2.9655,0.0800,-12.0842
2026-05-09T17:23:40.350,-3.0254,0.0800,-12.0370
2026-05-09T17:23:40.364,-3.0693,0.0800,-12.0019
2026-05-09T17:23:40.377,-3.1241,0.0800,-11.9578
2026-05-09T17:23:40.392,-3.1659,0.0800,-11.9242
2026-05-09T17:23:40.405,-3.2106,0.0800,-11.8883
2026-05-09T17:23:40.419,-3.2629,0.0800,-11.8471
2026-05-09T17:23:40.433,-3.3019,0.0800,-11.8170
2026-05-09T17:23:40.446,-3.3400,0.0800,-11.7885
2026-05-09T17:23:40.460,-3.3779,0.0800,-11.7613
2026-05-09T17:23:40.474,-3.4108,0.0800,-11.7381
2026-05-09T17:23:40.488,-3.4462,0.0800,-11.7145
2026-05-09T17:23:40.503,-3.4789,0.0800,-11.6935
2026-05-09T17:23:40.516,-3.5162,0.0800,-11.6705
2026-05-09T17:23:40.530,-3.5490,0.0800,-11.6507
2026-05-09T17:23:40.544,-3.5829,0.0800,-11.6315
2026-05-09T17:23:40.557,-3.6179,0.0800,-11.6125
2026-05-09T17:23:40.572,-3.6509,0.0800,-11.5950
2026-05-09T17:23:40.587,-3.6870,0.0800,-11.5769
2026-05-09T17:23:40.601,-3.7230,0.0800,-11.5598
2026-05-09T17:23:40.614,-3.7635,0.0800,-11.5414
2026-05-09T17:23:40.628,-3.7989,0.0800,-11.5258
2026-05-09T17:23:40.641,-3.8348,0.0800,-11.5111
2026-05-09T17:23:40.656,-3.8711,0.0800,-11.4969
2026-05-09T17:23:40.670,-3.9062,0.0800,-11.4837
2026-05-09T17:23:40.684,-3.9466,0.0800,-11.4696
2026-05-09T17:23:40.698,-3.9847,0.0800,-11.4571
2026-05-09T17:23:40.712,-4.0244,0.0800,-11.4446
2026-05-09T17:23:40.726,-4.0605,0.0800,-11.4343
2026-05-09T17:23:40.739,-4.1005,0.0800,-11.4235
2026-05-09T17:23:40.754,-4.1395,0.0800,-11.4135
2026-05-09T17:23:40.768,-4.1755,0.0800,-11.4053
2026-05-09T17:23:40.782,-4.2182,0.0800,-11.3963
2026-05-09T17:23:40.795,-4.2563,0.0800,-11.3890
2026-05-09T17:23:40.809,-4.2945,0.0800,-11.3820
2026-05-09T17:23:40.824,-4.3341,0.0800,-11.3758
2026-05-09T17:23:40.837,-4.3817,0.0800,-11.3692
2026-05-09T17:23:40.851,-4.4320,0.0800,-11.3626
2026-05-09T17:23:40.907,-4.4384,0.0800,-11.3617
2026-05-09T17:23:40.921,-4.4494,0.0800,-11.3600
2026-05-09T17:23:40.934,-4.4609,0.0800,-11.3579
2026-05-09T17:23:40.948,-4.4739,0.0800,-11.3557
2026-05-09T17:23:40.962,-4.4835,0.0800,-11.3534
2026-05-09T17:23:40.975,-4.4939,0.0800,-11.3508
2026-05-09T17:23:40.991,-4.5047,0.0800,-11.3483
2026-05-09T17:23:41.004,-4.5145,0.0800,-11.3453
2026-05-09T17:23:41.018,-4.5262,0.0800,-11.3415
2026-05-09T17:23:41.032,-4.5371,0.0800,-11.3383
2026-05-09T17:23:41.045,-4.5471,0.0800,-11.3345
2026-05-09T17:23:41.059,-4.5568,0.0800,-11.3306
2026-05-09T17:23:41.074,-4.5674,0.0800,-11.3266
2026-05-09T17:23:41.088,-4.5768,0.0800,-11.3224
2026-05-09T17:23:41.102,-4.5866,0.0800,-11.3178
2026-05-09T17:23:41.115,-4.5984,0.0800,-11.3119
2026-05-09T17:23:41.129,-4.6174,0.0800,-11.3028
2026-05-09T17:23:41.143,-4.6396,0.0800,-11.2913
2026-05-09T17:23:41.157,-4.6553,0.0800,-11.2828
2026-05-09T17:23:41.171,-4.6699,0.0800,-11.2751
2026-05-09T17:23:41.185,-4.6860,0.0800,-11.2665
2026-05-09T17:23:41.199,-4.7046,0.0800,-11.2566
2026-05-09T17:23:41.211,-4.7275,0.0800,-11.2443
2026-05-09T17:23:41.226,-4.7543,0.0800,-11.2299
2026-05-09T17:23:41.239,-4.7847,0.0800,-11.2136
2026-05-09T17:23:41.254,-4.8238,0.0800,-11.1927
2026-05-09T17:23:41.268,-4.8649,0.0800,-11.1711
2026-05-09T17:23:41.282,-4.9173,0.0800,-11.1437
2026-05-09T17:23:41.296,-4.9655,0.0800,-11.1191
2026-05-09T17:23:41.309,-5.0158,0.0800,-11.0935
2026-05-09T17:23:41.324,-5.0667,0.0800,-11.0681
2026-05-09T17:23:41.337,-5.1222,0.0800,-11.0407
2026-05-09T17:23:41.351,-5.1865,0.0800,-11.0089
2026-05-09T17:23:41.370,-5.2410,0.0800,-10.9820
2026-05-09T17:23:41.379,-5.3040,0.0800,-10.9509
2026-05-09T17:23:41.392,-5.3903,0.0800,-10.9082
2026-05-09T17:23:41.406,-5.4289,0.0800,-10.8891
2026-05-09T17:23:41.420,-5.4879,0.0800,-10.8600
2026-05-09T17:23:41.435,-5.5506,0.0800,-10.8289
2026-05-09T17:23:41.448,-5.6158,0.0800,-10.7967
2026-05-09T17:23:41.463,-5.6775,0.0800,-10.7662
2026-05-09T17:23:41.476,-5.7375,0.0800,-10.7366
2026-05-09T17:23:41.491,-5.8016,0.0800,-10.7049
2026-05-09T17:23:41.504,-5.8612,0.0800,-10.6754
2026-05-09T17:23:41.518,-5.9269,0.0800,-10.6429
2026-05-09T17:23:41.532,-5.9883,0.0800,-10.6125
2026-05-09T17:23:41.546,-6.0534,0.0800,-10.5802
2026-05-09T17:23:41.560,-6.1099,0.0800,-10.5523
2026-05-09T17:23:41.574,-6.1741,0.0800,-10.5204
2026-05-09T17:23:41.588,-6.2290,0.0800,-10.4932
2026-05-09T17:23:41.602,-6.2477,0.0800,-10.4839
2026-05-09T17:23:41.615,-6.2528,0.0800,-10.4814
2026-05-09T17:23:41.727,-6.2419,0.0800,-10.4868
2026-05-09T17:23:41.740,-6.1853,0.0800,-10.5152
2026-05-09T17:23:41.754,-6.1191,0.0800,-10.5481
2026-05-09T17:23:41.768,-6.0619,0.0800,-10.5759
2026-05-09T17:23:41.782,-5.9983,0.0800,-10.6065
2026-05-09T17:23:41.796,-5.9369,0.0800,-10.6360
2026-05-09T17:23:41.809,-5.8715,0.0800,-10.6675
2026-05-09T17:23:41.823,-5.8139,0.0800,-10.6951
2026-05-09T17:23:41.837,-5.7555,0.0800,-10.7232
2026-05-09T17:23:41.851,-5.6891,0.0800,-10.7550
2026-05-09T17:23:41.866,-5.6314,0.0800,-10.7827
2026-05-09T17:23:41.879,-5.5674,0.0800,-10.8134
2026-05-09T17:23:41.893,-5.5024,0.0800,-10.8445
2026-05-09T17:23:41.907,-5.4434,0.0800,-10.8728
2026-05-09T17:23:41.921,-5.3789,0.0800,-10.9036
2026-05-09T17:23:41.935,-5.3186,0.0800,-10.9325
2026-05-09T17:23:41.949,-5.2471,0.0800,-10.9666
2026-05-09T17:23:41.963,-5.1953,0.0800,-10.9914
2026-05-09T17:23:41.976,-5.1286,0.0800,-11.0232
2026-05-09T17:23:41.991,-5.0690,0.0800,-11.0517
2026-05-09T17:23:42.004,-5.0137,0.0800,-11.0781
2026-05-09T17:23:42.018,-4.9411,0.0800,-11.1127
2026-05-09T17:23:42.032,-4.8828,0.0800,-11.1405
2026-05-09T17:23:42.046,-4.8248,0.0800,-11.1681
2026-05-09T17:23:42.060,-4.7628,0.0800,-11.1980
2026-05-09T17:23:42.074,-4.7061,0.0800,-11.2259
2026-05-09T17:23:42.088,-4.6463,0.0800,-11.2557
2026-05-09T17:23:42.102,-4.5882,0.0800,-11.2853
2026-05-09T17:23:42.115,-4.5246,0.0800,-11.3183
2026-05-09T17:23:42.129,-4.4724,0.0800,-11.3463
2026-05-09T17:23:42.143,-4.4198,0.0800,-11.3747
2026-05-09T17:23:42.157,-4.3627,0.0800,-11.4062
2026-05-09T17:23:42.171,-4.3087,0.0800,-11.4368
2026-05-09T17:23:42.185,-4.2559,0.0800,-11.4673
2026-05-09T17:23:42.198,-4.2060,0.0800,-11.4968
2026-05-09T17:23:42.212,-4.1620,0.0800,-11.5239
2026-05-09T17:23:42.227,-4.1280,0.0800,-11.5453
2026-05-09T17:23:42.240,-4.0939,0.0800,-11.5673
2026-05-09T17:23:42.254,-4.0702,0.0800,-11.5832
2026-05-09T17:23:42.268,-4.0561,0.0800,-11.5933
2026-05-09T17:23:42.282,-4.0441,0.0800,-11.6018
2026-05-09T17:23:42.295,-4.0380,0.0800,-11.6061
2026-05-09T17:23:42.309,-4.0347,0.0800,-11.6089
2026-05-09T17:23:42.323,-4.0308,0.0800,-11.6118
2026-05-09T17:23:42.336,-4.0267,0.0800,-11.6149
2026-05-09T17:23:42.351,-4.0235,0.0800,-11.6179
2026-05-09T17:23:42.364,-4.0202,0.0800,-11.6207
2026-05-09T17:23:42.378,-4.0163,0.0800,-11.6242
2026-05-09T17:23:42.392,-4.0138,0.0800,-11.6270
2026-05-09T17:23:42.405,-4.0102,0.0800,-11.6305
2026-05-09T17:23:42.419,-4.0067,0.0800,-11.6341
2026-05-09T17:23:42.433,-4.0042,0.0800,-11.6372
2026-05-09T17:23:42.447,-4.0001,0.0800,-11.6420
2026-05-09T17:23:42.461,-3.9955,0.0800,-11.6475
2026-05-09T17:23:42.473,-3.9906,0.0800,-11.6539
2026-05-09T17:23:42.488,-3.9862,0.0800,-11.6604
2026-05-09T17:23:42.502,-3.9811,0.0800,-11.6677
2026-05-09T17:23:42.515,-3.9750,0.0800,-11.6768
2026-05-09T17:23:42.530,-3.9704,0.0800,-11.6847
2026-05-09T17:23:42.543,-3.9643,0.0800,-11.6950
2026-05-09T17:23:42.557,-3.9573,0.0800,-11.7074
2026-05-09T17:23:42.571,-3.9511,0.0800,-11.7197
2026-05-09T17:23:42.585,-3.9431,0.0800,-11.7357
2026-05-09T17:23:42.598,-3.9355,0.0800,-11.7517
2026-05-09T17:23:42.612,-3.9280,0.0800,-11.7692
2026-05-09T17:23:42.626,-3.9204,0.0800,-11.7872
2026-05-09T17:23:42.640,-3.9122,0.0800,-11.8079
2026-05-09T17:23:42.654,-3.9057,0.0800,-11.8261
2026-05-09T17:23:42.668,-3.8990,0.0800,-11.8452
2026-05-09T17:23:42.682,-3.8919,0.0800,-11.8670
2026-05-09T17:23:42.695,-3.8863,0.0800,-11.8739
2026-05-09T17:23:42.709,-3.8812,0.0800,-11.8740
2026-05-09T17:23:42.723,-3.8762,0.0800,-11.8748
2026-05-09T17:23:42.736,-3.8714,0.0800,-11.8757
2026-05-09T17:23:42.751,-3.8668,0.0800,-11.8758
2026-05-09T17:23:42.764,-3.8635,0.0800,-11.8766
2026-05-09T17:23:42.778,-3.8599,0.0800,-11.8775
2026-05-09T17:23:42.792,-3.8573,0.0800,-11.8774
2026-05-09T17:23:42.805,-3.8547,0.0800,-11.8783
2026-05-09T17:23:42.819,-3.8524,0.0800,-11.8792
2026-05-09T17:23:42.833,-3.8511,0.0800,-11.8791
2026-05-09T17:23:42.847,-3.8497,0.0800,-11.8800
2026-05-09T17:23:42.861,-3.8495,0.0800,-11.8810
2026-05-09T17:23:42.875,-3.8493,0.0800,-11.8819
2026-05-09T17:23:42.903,-3.8492,0.0800,-11.8828
2026-05-09T17:23:42.916,-3.8491,0.0800,-11.8838
2026-05-09T17:23:42.931,-3.8505,0.0800,-11.8837
2026-05-09T17:23:42.945,-3.8522,0.0800,-11.8846
2026-05-09T17:23:42.958,-3.8544,0.0800,-11.8855
2026-05-09T17:23:42.972,-3.8571,0.0800,-11.8855
2026-05-09T17:23:42.986,-3.8602,0.0800,-11.8864
2026-05-09T17:23:42.999,-3.8636,0.0800,-11.8873
2026-05-09T17:23:43.014,-3.8677,0.0800,-11.8874
2026-05-09T17:23:43.028,-3.8718,0.0800,-11.8882
2026-05-09T17:23:43.042,-3.8769,0.0800,-11.8892
2026-05-09T17:23:43.055,-3.8821,0.0800,-11.8901
2026-05-09T17:23:43.069,-3.8874,0.0800,-11.8901
2026-05-09T17:23:43.083,-3.8936,0.0800,-11.8910
2026-05-09T17:23:43.096,-3.8999,0.0800,-11.8919
2026-05-09T17:23:43.110,-3.9064,0.0800,-11.8919
2026-05-09T17:23:43.125,-3.9134,0.0800,-11.8927
2026-05-09T17:23:43.138,-3.9209,0.0800,-11.8936
2026-05-09T17:23:43.152,-3.9295,0.0800,-11.8937
2026-05-09T17:23:43.166,-3.9371,0.0800,-11.8945
2026-05-09T17:23:43.181,-3.9466,0.0800,-11.8954
2026-05-09T17:23:43.194,-3.9560,0.0800,-11.8962
2026-05-09T17:23:43.208,-3.9656,0.0800,-11.8963
2026-05-09T17:23:43.222,-3.9750,0.0800,-11.8970
2026-05-09T17:23:43.236,-3.9853,0.0800,-11.8978
2026-05-09T17:23:43.249,-3.9972,0.0800,-11.8979
2026-05-09T17:23:43.264,-4.0073,0.0800,-11.8987
2026-05-09T17:23:43.277,-4.0193,0.0800,-11.8995
2026-05-09T17:23:43.292,-4.0315,0.0800,-11.8995
2026-05-09T17:23:43.305,-4.0441,0.0800,-11.9003
2026-05-09T17:23:43.318,-4.0570,0.0800,-11.9010
2026-05-09T17:23:43.333,-4.0691,0.0800,-11.9010
2026-05-09T17:23:43.347,-4.0827,0.0800,-11.9017
2026-05-09T17:23:43.361,-4.0977,0.0800,-11.9025
2026-05-09T17:23:43.374,-4.1124,0.0800,-11.9032
2026-05-09T17:23:43.389,-4.1265,0.0800,-11.9031
2026-05-09T17:23:43.402,-4.1408,0.0800,-11.9038
2026-05-09T17:23:43.416,-4.1579,0.0800,-11.9045
2026-05-09T17:23:43.430,-4.1721,0.0800,-11.9044
2026-05-09T17:23:43.444,-4.1880,0.0800,-11.9051
2026-05-09T17:23:43.458,-4.2045,0.0800,-11.9057
2026-05-09T17:23:43.472,-4.2204,0.0800,-11.9057
2026-05-09T17:23:43.486,-4.2378,0.0800,-11.9063
2026-05-09T17:23:43.500,-4.2550,0.0800,-11.9069
2026-05-09T17:23:43.513,-4.2733,0.0800,-11.9075
2026-05-09T17:23:43.527,-4.2891,0.0800,-11.9074
2026-05-09T17:23:43.541,-4.3061,0.0800,-11.9080
2026-05-09T17:23:43.555,-4.3248,0.0800,-11.9085
2026-05-09T17:23:43.570,-4.3408,0.0800,-11.9095
2026-05-09T17:23:43.584,-4.3598,0.0800,-11.9109
2026-05-09T17:23:43.597,-4.3775,0.0800,-11.9125
2026-05-09T17:23:43.611,-4.3939,0.0800,-11.9140
2026-05-09T17:23:43.625,-4.4107,0.0800,-11.9154
2026-05-09T17:23:43.639,-4.4256,0.0800,-11.9169
2026-05-09T17:23:43.654,-4.4385,0.0800,-11.9184
2026-05-09T17:23:43.668,-4.4503,0.0800,-11.9200
2026-05-09T17:23:43.681,-4.4600,0.0800,-11.9217
2026-05-09T17:23:43.695,-4.4679,0.0800,-11.9234
2026-05-09T17:23:43.709,-4.4728,0.0800,-11.9250
2026-05-09T17:23:43.724,-4.4777,0.0800,-11.9266
2026-05-09T17:23:43.737,-4.4817,0.0800,-11.9278
2026-05-09T17:23:43.765,-4.4802,0.0800,-11.9275
2026-05-09T17:23:43.779,-4.4763,0.0800,-11.9267
2026-05-09T17:23:43.793,-4.4677,0.0800,-11.9250
2026-05-09T17:23:43.807,-4.4581,0.0800,-11.9235
2026-05-09T17:23:43.821,-4.4462,0.0800,-11.9218
2026-05-09T17:23:43.835,-4.4328,0.0800,-11.9201
2026-05-09T17:23:43.849,-4.4165,0.0800,-11.9184
2026-05-09T17:23:43.863,-4.3968,0.0800,-11.9169
2026-05-09T17:23:43.876,-4.3747,0.0800,-11.9158
2026-05-09T17:23:43.891,-4.3466,0.0800,-11.9148
2026-05-09T17:23:43.905,-4.3189,0.0800,-11.9145
2026-05-09T17:23:43.919,-4.2834,0.0800,-11.9149
2026-05-09T17:23:43.933,-4.2442,0.0800,-11.9160
2026-05-09T17:23:43.947,-4.2037,0.0800,-11.9182
2026-05-09T17:23:43.961,-4.1641,0.0800,-11.9210
2026-05-09T17:23:43.974,-4.1245,0.0800,-11.9247
2026-05-09T17:23:43.989,-4.0832,0.0800,-11.9291
2026-05-09T17:23:44.003,-4.0452,0.0800,-11.9341
2026-05-09T17:23:44.017,-3.9995,0.0800,-11.9386
2026-05-09T17:23:44.031,-3.9608,0.0800,-11.9386
2026-05-09T17:23:44.044,-3.9205,0.0800,-11.9385
2026-05-09T17:23:44.058,-3.8801,0.0800,-11.9385
2026-05-09T17:23:44.072,-3.8412,0.0800,-11.9385
2026-05-09T17:23:44.086,-3.8004,0.0800,-11.9384
2026-05-09T17:23:44.100,-3.7615,0.0800,-11.9383
2026-05-09T17:23:44.114,-3.7234,0.0800,-11.9439
2026-05-09T17:23:44.128,-3.6881,0.0800,-11.9541
2026-05-09T17:23:44.142,-3.6557,0.0800,-11.9642
2026-05-09T17:23:44.155,-3.6264,0.0800,-11.9739
2026-05-09T17:23:44.170,-3.6015,0.0800,-11.9827
2026-05-09T17:23:44.184,-3.5796,0.0800,-11.9909
2026-05-09T17:23:44.197,-3.5634,0.0800,-11.9974
2026-05-09T17:23:44.211,-3.5476,0.0800,-12.0041
2026-05-09T17:23:44.226,-3.5350,0.0800,-12.0098
2026-05-09T17:23:44.239,-3.5227,0.0800,-12.0157
2026-05-09T17:23:44.254,-3.5085,0.0800,-12.0228
2026-05-09T17:23:44.267,-3.4974,0.0800,-12.0287
2026-05-09T17:23:44.281,-3.4841,0.0800,-12.0362
2026-05-09T17:23:44.294,-3.4736,0.0800,-12.0425
2026-05-09T17:23:44.308,-3.4601,0.0800,-12.0508
2026-05-09T17:23:44.323,-3.4450,0.0800,-12.0606
2026-05-09T17:23:44.336,-3.4222,0.0800,-12.0760
2026-05-09T17:23:44.351,-3.3913,0.0800,-12.0972
2026-05-09T17:23:44.365,-3.3586,0.0800,-12.1200
2026-05-09T17:23:44.378,-3.2995,0.0800,-12.1616
2026-05-09T17:23:44.393,-3.2443,0.0800,-12.2004
2026-05-09T17:23:44.406,-3.1901,0.0800,-12.2385
2026-05-09T17:23:44.421,-3.1294,0.0800,-12.2812
2026-05-09T17:23:44.434,-3.0763,0.0800,-12.3184
2026-05-09T17:23:44.449,-3.0159,0.0800,-12.3608
2026-05-09T17:23:44.463,-2.9620,0.0800,-12.3986
2026-05-09T17:23:44.476,-2.9035,0.0800,-12.4397
2026-05-09T17:23:44.490,-2.8480,0.0800,-12.4787
2026-05-09T17:23:44.504,-2.7922,0.0800,-12.5178
2026-05-09T17:23:44.518,-2.7342,0.0800,-12.5586
2026-05-09T17:23:44.532,-2.6794,0.0800,-12.5971
2026-05-09T17:23:44.545,-2.6170,0.0800,-12.6409
2026-05-09T17:23:44.559,-2.5635,0.0800,-12.6785
2026-05-09T17:23:44.574,-2.5109,0.0800,-12.7156
2026-05-09T17:23:44.588,-2.4594,0.0800,-12.7518
2026-05-09T17:23:44.602,-2.4060,0.0800,-12.7886
2026-05-09T17:23:44.614,-2.3495,0.0800,-12.8268
2026-05-09T17:23:44.629,-2.2996,0.0800,-12.8598
2026-05-09T17:23:44.643,-2.2518,0.0800,-12.8907
2026-05-09T17:23:44.657,-2.2007,0.0800,-12.9231
2026-05-09T17:23:44.671,-2.1472,0.0800,-12.9561
2026-05-09T17:23:44.685,-2.0949,0.0800,-12.9874
2026-05-09T17:23:44.699,-2.0453,0.0800,-13.0162
2026-05-09T17:23:44.712,-1.9926,0.0800,-13.0460
2026-05-09T17:23:44.726,-1.9423,0.0800,-13.0736
2026-05-09T17:23:44.741,-1.8893,0.0800,-13.1019
2026-05-09T17:23:44.754,-1.8355,0.0800,-13.1297
2026-05-09T17:23:44.769,-1.7826,0.0800,-13.1564
2026-05-09T17:23:44.782,-1.7289,0.0800,-13.1826
2026-05-09T17:23:44.795,-1.6749,0.0800,-13.2081
2026-05-09T17:23:44.810,-1.6245,0.0800,-13.2313
2026-05-09T17:23:44.824,-1.5725,0.0800,-13.2543
2026-05-09T17:23:44.838,-1.5156,0.0800,-13.2788
2026-05-09T17:23:44.852,-1.4621,0.0800,-13.3009
2026-05-09T17:23:44.866,-1.4109,0.0800,-13.3211
2026-05-09T17:23:44.880,-1.3518,0.0800,-13.3437
2026-05-09T17:23:44.894,-1.3035,0.0800,-13.3614
2026-05-09T17:23:44.908,-1.2477,0.0800,-13.3809
2026-05-09T17:23:44.922,-1.1950,0.0800,-13.3986
2026-05-09T17:23:44.935,-1.1410,0.0800,-13.4159
2026-05-09T17:23:44.949,-1.0826,0.0800,-13.4339
2026-05-09T17:23:44.963,-1.0360,0.0800,-13.4475
2026-05-09T17:23:44.976,-0.9784,0.0800,-13.4635
2026-05-09T17:23:44.991,-0.9263,0.0800,-13.4773
2026-05-09T17:23:45.005,-0.8749,0.0800,-13.4901
2026-05-09T17:23:45.018,-0.8145,0.0800,-13.5044
2026-05-09T17:23:45.032,-0.7627,0.0800,-13.5159
2026-05-09T17:23:45.046,-0.7059,0.0800,-13.5276
2026-05-09T17:23:45.060,-0.6529,0.0800,-13.5377
2026-05-09T17:23:45.073,-0.5957,0.0800,-13.5478
2026-05-09T17:23:45.088,-0.5420,0.0800,-13.5567
2026-05-09T17:23:45.102,-0.4917,0.0800,-13.5642
2026-05-09T17:23:45.115,-0.4280,0.0800,-13.5729
2026-05-09T17:23:45.130,-0.3757,0.0800,-13.5794
2026-05-09T17:23:45.143,-0.3193,0.0800,-13.5855
2026-05-09T17:23:45.157,-0.2659,0.0800,-13.5905
2026-05-09T17:23:45.171,-0.2124,0.0800,-13.5949
2026-05-09T17:23:45.185,-0.1550,0.0800,-13.5988
2026-05-09T17:23:45.198,-0.0959,0.0800,-13.6019
2026-05-09T17:23:45.212,-0.0433,0.0800,-13.6041
2026-05-09T17:23:45.226,0.0028,0.0800,-13.6052
2026-05-09T17:23:45.240,0.0569,0.0800,-13.6059
2026-05-09T17:23:45.254,0.1111,0.0800,-13.6059
2026-05-09T17:23:45.268,0.1607,0.0800,-13.6050
2026-05-09T17:23:45.282,0.2203,0.0800,-13.6030
2026-05-09T17:23:45.296,0.2685,0.0800,-13.6007
2026-05-09T17:23:45.310,0.3229,0.0800,-13.5973
2026-05-09T17:23:45.324,0.3664,0.0800,-13.5938
2026-05-09T17:23:45.338,0.4156,0.0800,-13.5892
2026-05-09T17:23:45.352,0.4659,0.0800,-13.5838
2026-05-09T17:23:45.366,0.5101,0.0800,-13.5781
2026-05-09T17:23:45.380,0.5572,0.0800,-13.5713
2026-05-09T17:23:45.394,0.6033,0.0800,-13.5640
2026-05-09T17:23:45.407,0.6488,0.0800,-13.5558
2026-05-09T17:23:45.421,0.6944,0.0800,-13.5468
2026-05-09T17:23:45.435,0.7347,0.0800,-13.5381
2026-05-09T17:23:45.448,0.7786,0.0800,-13.5281
2026-05-09T17:23:45.463,0.8205,0.0800,-13.5176
2026-05-09T17:23:45.476,0.8593,0.0800,-13.5070
2026-05-09T17:23:45.491,0.9018,0.0800,-13.4949
2026-05-09T17:23:45.504,0.9364,0.0800,-13.4842
2026-05-09T17:23:45.518,0.9785,0.0800,-13.4703
2026-05-09T17:23:45.532,1.0143,0.0800,-13.4580
2026-05-09T17:23:45.546,1.0548,0.0800,-13.4430
2026-05-09T17:23:45.560,1.0909,0.0800,-13.4288
2026-05-09T17:23:45.573,1.1257,0.0800,-13.4146
2026-05-09T17:23:45.588,1.1599,0.0800,-13.3998
2026-05-09T17:23:45.602,1.1936,0.0800,-13.3844
2026-05-09T17:23:45.614,1.2311,0.0800,-13.3663
2026-05-09T17:23:45.629,1.2606,0.0800,-13.3517
2026-05-09T17:23:45.643,1.2915,0.0800,-13.3354
2026-05-09T17:23:45.657,1.3243,0.0800,-13.3173
2026-05-09T17:23:45.671,1.3547,0.0800,-13.3000
2026-05-09T17:23:45.685,1.3885,0.0800,-13.2797
2026-05-09T17:23:45.698,1.4195,0.0800,-13.2601
2026-05-09T17:23:45.712,1.4490,0.0800,-13.2410
2026-05-09T17:23:45.726,1.4764,0.0800,-13.2223
2026-05-09T17:23:45.739,1.5073,0.0800,-13.2003
2026-05-09T17:23:45.754,1.5374,0.0800,-13.1783
2026-05-09T17:23:45.768,1.5643,0.0800,-13.1574
2026-05-09T17:23:45.782,1.5956,0.0800,-13.1324
2026-05-09T17:23:45.795,1.6223,0.0800,-13.1100
2026-05-09T17:23:45.809,1.6501,0.0800,-13.0861
2026-05-09T17:23:45.823,1.6760,0.0800,-13.0626
2026-05-09T17:23:45.836,1.7027,0.0800,-13.0374
2026-05-09T17:23:45.850,1.7297,0.0800,-13.0115
2026-05-09T17:23:45.864,1.7518,0.0800,-12.9889
2026-05-09T17:23:45.877,1.7781,0.0800,-12.9612
2026-05-09T17:23:45.891,1.8026,0.0800,-12.9348
2026-05-09T17:23:45.905,1.8264,0.0800,-12.9076
2026-05-09T17:23:45.918,1.8497,0.0800,-12.8801
2026-05-09T17:23:45.932,1.8712,0.0800,-12.8540
2026-05-09T17:23:45.946,1.8944,0.0800,-12.8245
2026-05-09T17:23:45.960,1.9156,0.0800,-12.7963
2026-05-09T17:23:45.973,1.9371,0.0800,-12.7671
2026-05-09T17:23:45.987,1.9574,0.0800,-12.7381
2026-05-09T17:23:46.001,1.9767,0.0800,-12.7092
2026-05-09T17:23:46.015,1.9987,0.0800,-12.6750
2026-05-09T17:23:46.029,2.0159,0.0800,-12.6476
2026-05-09T17:23:46.042,2.0360,0.0800,-12.6138
2026-05-09T17:23:46.056,2.0549,0.0800,-12.5806
2026-05-09T17:23:46.070,2.0742,0.0800,-12.5458
2026-05-09T17:23:46.084,2.0938,0.0800,-12.5085
2026-05-09T17:23:46.097,2.1109,0.0800,-12.4742
2026-05-09T17:23:46.111,2.1283,0.0800,-12.4386
2026-05-09T17:23:46.125,2.1453,0.0800,-12.4014
2026-05-09T17:23:46.138,2.1626,0.0800,-12.3621
2026-05-09T17:23:46.152,2.1800,0.0800,-12.3213
2026-05-09T17:23:46.167,2.1970,0.0800,-12.2789
2026-05-09T17:23:46.181,2.2190,0.0800,-12.2217
2026-05-09T17:23:46.194,2.2399,0.0800,-12.1654
2026-05-09T17:23:46.208,2.2604,0.0800,-12.1087
2026-05-09T17:23:46.222,2.2792,0.0800,-12.0546
2026-05-09T17:23:46.235,2.3008,0.0800,-11.9904
2026-05-09T17:23:46.249,2.3233,0.0800,-11.9229
2026-05-09T17:23:46.264,2.3431,0.0800,-11.8632
2026-05-09T17:23:46.277,2.3656,0.0800,-11.7952
2026-05-09T17:23:46.291,2.3881,0.0800,-11.7275
2026-05-09T17:23:46.305,2.4093,0.0800,-11.6635
2026-05-09T17:23:46.318,2.4310,0.0800,-11.5981
2026-05-09T17:23:46.333,2.4512,0.0800,-11.5371
2026-05-09T17:23:46.346,2.4723,0.0800,-11.4731
2026-05-09T17:23:46.360,2.4946,0.0800,-11.4057
2026-05-09T17:23:46.374,2.5158,0.0800,-11.3417
2026-05-09T17:23:46.388,2.5370,0.0800,-11.2775
2026-05-09T17:23:46.402,2.5575,0.0800,-11.2154
2026-05-09T17:23:46.416,2.5817,0.0800,-11.1422
2026-05-09T17:23:46.430,2.6013,0.0800,-11.0829
2026-05-09T17:23:46.443,2.6230,0.0800,-11.0171
2026-05-09T17:23:46.458,2.6440,0.0800,-10.9537
2026-05-09T17:23:46.471,2.6652,0.0800,-10.8893
2026-05-09T17:23:46.485,2.6878,0.0800,-10.8208
2026-05-09T17:23:46.499,2.7071,0.0800,-10.7621
2026-05-09T17:23:46.512,2.7301,0.0800,-10.6922
2026-05-09T17:23:46.527,2.7519,0.0800,-10.6260
2026-05-09T17:23:46.541,2.7726,0.0800,-10.5631
2026-05-09T17:23:46.554,2.7953,0.0800,-10.4941
2026-05-09T17:23:46.569,2.8150,0.0800,-10.4343
2026-05-09T17:23:46.582,2.8352,0.0800,-10.3716
2026-05-09T17:23:46.596,2.8540,0.0800,-10.3111
2026-05-09T17:23:46.609,2.8713,0.0800,-10.2545
2026-05-09T17:23:46.624,2.8880,0.0800,-10.1971
2026-05-09T17:23:46.637,2.9026,0.0800,-10.1448
2026-05-09T17:23:46.652,2.9187,0.0800,-10.0850
2026-05-09T17:23:46.665,2.9316,0.0800,-10.0339
2026-05-09T17:23:46.679,2.9455,0.0800,-9.9761
2026-05-09T17:23:46.694,2.9580,0.0800,-9.9220
2026-05-09T17:23:46.707,2.9697,0.0800,-9.8674
2026-05-09T17:23:46.721,2.9819,0.0800,-9.8073
2026-05-09T17:23:46.735,2.9914,0.0800,-9.7577
2026-05-09T17:23:46.749,3.0020,0.0800,-9.6977
2026-05-09T17:23:46.763,3.0112,0.0800,-9.6411
2026-05-09T17:23:46.776,3.0197,0.0800,-9.5849
2026-05-09T17:23:46.791,3.0276,0.0800,-9.5288
2026-05-09T17:23:46.804,3.0340,0.0800,-9.4769
2026-05-09T17:23:46.818,3.0409,0.0800,-9.4156
2026-05-09T17:23:46.832,3.0464,0.0800,-9.3620
2026-05-09T17:23:46.846,3.0511,0.0800,-9.3068
2026-05-09T17:23:46.860,3.0555,0.0800,-9.2484
2026-05-09T17:23:46.874,3.0592,0.0800,-9.1897
2026-05-09T17:23:46.888,3.0624,0.0800,-9.1277
2026-05-09T17:23:46.901,3.0648,0.0800,-9.0661
2026-05-09T17:23:46.915,3.0668,0.0800,-9.0007
2026-05-09T17:23:46.929,3.0682,0.0800,-8.9408
2026-05-09T17:23:46.943,3.0692,0.0800,-8.8746
2026-05-09T17:23:46.957,3.0697,0.0800,-8.8072
2026-05-09T17:23:46.970,3.0699,0.0800,-8.7432
2026-05-09T17:23:46.985,3.0696,0.0800,-8.6739
2026-05-09T17:23:46.999,3.0689,0.0800,-8.6077
2026-05-09T17:23:47.013,3.0679,0.0800,-8.5394
2026-05-09T17:23:47.027,3.0665,0.0800,-8.4749
2026-05-09T17:23:47.040,3.0646,0.0800,-8.4053
2026-05-09T17:23:47.054,3.0624,0.0800,-8.3418
2026-05-09T17:23:47.068,3.0599,0.0800,-8.2820
2026-05-09T17:23:47.081,3.0566,0.0800,-8.2168
2026-05-09T17:23:47.096,3.0530,0.0800,-8.1587
2026-05-09T17:23:47.109,3.0489,0.0800,-8.0996
2026-05-09T17:23:47.124,3.0437,0.0800,-8.0369
2026-05-09T17:23:47.137,3.0382,0.0800,-7.9766
2026-05-09T17:23:47.152,3.0312,0.0800,-7.9063
2026-05-09T17:23:47.166,3.0248,0.0800,-7.8502
2026-05-09T17:23:47.179,3.0168,0.0800,-7.7836
2026-05-09T17:23:47.193,3.0087,0.0800,-7.7202
2026-05-09T17:23:47.206,3.0001,0.0800,-7.6576
2026-05-09T17:23:47.221,2.9902,0.0800,-7.5891
2026-05-09T17:23:47.235,2.9811,0.0800,-7.5288
2026-05-09T17:23:47.249,2.9698,0.0800,-7.4576
2026-05-09T17:23:47.263,2.9585,0.0800,-7.3898
2026-05-09T17:23:47.276,2.9476,0.0800,-7.3252
2026-05-09T17:23:47.290,2.9359,0.0800,-7.2563
2026-05-09T17:23:47.304,2.9252,0.0800,-7.1932
2026-05-09T17:23:47.318,2.9128,0.0800,-7.1204
2026-05-09T17:23:47.332,2.9013,0.0800,-7.0529
2026-05-09T17:23:47.345,2.8900,0.0800,-6.9864
2026-05-09T17:23:47.360,2.8784,0.0800,-6.9182
2026-05-09T17:23:47.374,2.8668,0.0800,-6.8505
2026-05-09T17:23:47.388,2.8554,0.0800,-6.7833
2026-05-09T17:23:47.401,2.8443,0.0800,-6.7159
2026-05-09T17:23:47.415,2.8325,0.0800,-6.6426
2026-05-09T17:23:47.430,2.8239,0.0800,-6.5864
2026-05-09T17:23:47.443,2.8143,0.0800,-6.5215
2026-05-09T17:23:47.456,2.8049,0.0800,-6.4536
2026-05-09T17:23:47.470,2.7976,0.0800,-6.3976
2026-05-09T17:23:47.485,2.7911,0.0800,-6.3412
2026-05-09T17:23:47.498,2.7858,0.0800,-6.2883
2026-05-09T17:23:47.513,2.7811,0.0800,-6.2335
2026-05-09T17:23:47.527,2.7780,0.0800,-6.1866
2026-05-09T17:23:47.540,2.7757,0.0800,-6.1359
2026-05-09T17:23:47.554,2.7743,0.0800,-6.0845
2026-05-09T17:23:47.568,2.7738,0.0800,-6.0421
2026-05-09T17:23:47.582,2.7742,0.0800,-5.9938
2026-05-09T17:23:47.596,2.7755,0.0800,-5.9474
2026-05-09T17:23:47.609,2.7775,0.0800,-5.8998
2026-05-09T17:23:47.624,2.7800,0.0800,-5.8606
2026-05-09T17:23:47.637,2.7830,0.0800,-5.8248
2026-05-09T17:23:47.652,2.7865,0.0800,-5.7872
2026-05-09T17:23:47.666,2.7904,0.0800,-5.7546
2026-05-09T17:23:47.679,2.7954,0.0800,-5.7178
2026-05-09T17:23:47.694,2.8004,0.0800,-5.6837
2026-05-09T17:23:47.708,2.8062,0.0800,-5.6507
2026-05-09T17:23:47.722,2.8131,0.0800,-5.6148
2026-05-09T17:23:47.736,2.8198,0.0800,-5.5833
2026-05-09T17:23:47.750,2.8282,0.0800,-5.5465
2026-05-09T17:23:47.764,2.8354,0.0800,-5.5186
2026-05-09T17:23:47.777,2.8442,0.0800,-5.4871
2026-05-09T17:23:47.792,2.8534,0.0800,-5.4553
2026-05-09T17:23:47.806,2.8630,0.0800,-5.4253
2026-05-09T17:23:47.820,2.8743,0.0800,-5.3923
2026-05-09T17:23:47.834,2.8849,0.0800,-5.3626
2026-05-09T17:23:47.848,2.8969,0.0800,-5.3315
2026-05-09T17:23:47.862,2.9087,0.0800,-5.3027
2026-05-09T17:23:47.875,2.9203,0.0800,-5.2758
2026-05-09T17:23:47.890,2.9326,0.0800,-5.2483
2026-05-09T17:23:47.904,2.9449,0.0800,-5.2226
2026-05-09T17:23:47.917,2.9587,0.0800,-5.1952
2026-05-09T17:23:47.932,2.9723,0.0800,-5.1692
2026-05-09T17:23:47.945,2.9863,0.0800,-5.1439
2026-05-09T17:23:47.959,3.0017,0.0800,-5.1176
2026-05-09T17:23:47.973,3.0166,0.0800,-5.0926
2026-05-09T17:23:47.987,3.0321,0.0800,-5.0685
2026-05-09T17:23:48.002,3.0486,0.0800,-5.0438
2026-05-09T17:23:48.015,3.0664,0.0800,-5.0183
2026-05-09T17:23:48.029,3.0838,0.0800,-4.9940
2026-05-09T17:23:48.044,3.1025,0.0800,-4.9692
2026-05-09T17:23:48.057,3.1246,0.0800,-4.9412
2026-05-09T17:23:48.072,3.1497,0.0800,-4.9101
2026-05-09T17:23:48.086,3.1720,0.0800,-4.8836
2026-05-09T17:23:48.100,3.1917,0.0800,-4.8606
2026-05-09T17:23:48.113,3.2121,0.0800,-4.8367
2026-05-09T17:23:48.128,3.2490,0.0800,-4.7933
2026-05-09T17:23:48.141,3.2754,0.0800,-4.7463
2026-05-09T17:23:48.155,3.2896,0.0800,-4.6912
2026-05-09T17:23:48.169,3.3197,0.0800,-4.6441
2026-05-09T17:23:48.184,3.3587,0.0800,-4.5943
2026-05-09T17:23:48.197,3.3949,0.0800,-4.5469
2026-05-09T17:23:48.211,3.4336,0.0800,-4.4954
2026-05-09T17:23:48.225,3.4701,0.0800,-4.4457
2026-05-09T17:23:48.238,3.5152,0.0800,-4.3832
2026-05-09T17:23:48.252,3.5477,0.0800,-4.3376
2026-05-09T17:23:48.266,3.5834,0.0800,-4.2868
2026-05-09T17:23:48.279,3.6257,0.0800,-4.2260
2026-05-09T17:23:48.295,3.6636,0.0800,-4.1717
2026-05-09T17:23:48.309,3.7004,0.0800,-4.1188
2026-05-09T17:23:48.323,3.7447,0.0800,-4.0553
2026-05-09T17:23:48.336,3.7850,0.0800,-3.9975
2026-05-09T17:23:48.350,3.8290,0.0800,-3.9344
2026-05-09T17:23:48.364,3.8628,0.0800,-3.8857
2026-05-09T17:23:48.377,3.9027,0.0800,-3.8283
2026-05-09T17:23:48.392,3.9411,0.0800,-3.7730
2026-05-09T17:23:48.406,3.9766,0.0800,-3.7220
2026-05-09T17:23:48.419,4.0197,0.0800,-3.6605
2026-05-09T17:23:48.433,4.0542,0.0800,-3.6121
2026-05-09T17:23:48.447,4.0903,0.0800,-3.5624
2026-05-09T17:23:48.461,4.1241,0.0800,-3.5169
2026-05-09T17:23:48.473,4.1597,0.0800,-3.4702
2026-05-09T17:23:48.488,4.1945,0.0800,-3.4255
2026-05-09T17:23:48.502,4.2222,0.0800,-3.3911
2026-05-09T17:23:48.515,4.2551,0.0800,-3.3515
2026-05-09T17:23:48.529,4.2813,0.0800,-3.3209
2026-05-09T17:23:48.543,4.3071,0.0800,-3.2923
2026-05-09T17:23:48.557,4.3334,0.0800,-3.2643
2026-05-09T17:23:48.571,4.3560,0.0800,-3.2408
2026-05-09T17:23:48.585,4.3803,0.0800,-3.2170
2026-05-09T17:23:48.598,4.4040,0.0800,-3.1946
2026-05-09T17:23:48.613,4.4246,0.0800,-3.1757
2026-05-09T17:23:48.627,4.4454,0.0800,-3.1575
2026-05-09T17:23:48.641,4.4682,0.0800,-3.1385
2026-05-09T17:23:48.654,4.4905,0.0800,-3.1206
2026-05-09T17:23:48.669,4.5124,0.0800,-3.1036
2026-05-09T17:23:48.682,4.5362,0.0800,-3.0861
2026-05-09T17:23:48.697,4.5574,0.0800,-3.0712
2026-05-09T17:23:48.710,4.5737,0.0800,-3.0601
2026-05-09T17:23:48.725,4.5903,0.0800,-3.0496
2026-05-09T17:23:48.738,4.6069,0.0800,-3.0396
2026-05-09T17:23:48.753,4.6258,0.0800,-3.0285
2026-05-09T17:23:48.767,4.6414,0.0800,-3.0201
2026-05-09T17:23:48.781,4.6600,0.0800,-3.0106
2026-05-09T17:23:48.794,4.6764,0.0800,-3.0027
2026-05-09T17:23:48.809,4.6946,0.0800,-2.9942
2026-05-09T17:23:48.823,4.7116,0.0800,-2.9870
2026-05-09T17:23:48.836,4.7307,0.0800,-2.9796
2026-05-09T17:23:48.851,4.7495,0.0800,-2.9726
2026-05-09T17:23:48.865,4.7663,0.0800,-2.9671
2026-05-09T17:23:48.878,4.7862,0.0800,-2.9612
2026-05-09T17:23:48.892,4.8044,0.0800,-2.9562
2026-05-09T17:23:48.906,4.8231,0.0800,-2.9517
2026-05-09T17:23:48.920,4.8423,0.0800,-2.9477
2026-05-09T17:23:48.934,4.8612,0.0800,-2.9441
2026-05-09T17:23:48.948,4.8806,0.0800,-2.9411
2026-05-09T17:23:48.962,4.8999,0.0800,-2.9387
2026-05-09T17:23:48.976,4.9191,0.0800,-2.9367
2026-05-09T17:23:48.990,4.9377,0.0800,-2.9350
2026-05-09T17:23:49.004,4.9564,0.0800,-2.9340
2026-05-09T17:23:49.018,4.9772,0.0800,-2.9332
2026-05-09T17:23:49.032,4.9963,0.0800,-2.9327
2026-05-09T17:23:49.046,5.0147,0.0800,-2.9328
2026-05-09T17:23:49.060,5.0347,0.0800,-2.9334
2026-05-09T17:23:49.074,5.0543,0.0800,-2.9341
2026-05-09T17:23:49.088,5.0728,0.0800,-2.9355
2026-05-09T17:23:49.102,5.0918,0.0800,-2.9373
2026-05-09T17:23:49.115,5.1117,0.0800,-2.9397
2026-05-09T17:23:49.129,5.1292,0.0800,-2.9421
2026-05-09T17:23:49.143,5.1481,0.0800,-2.9452
2026-05-09T17:23:49.157,5.1645,0.0800,-2.9484
2026-05-09T17:23:49.171,5.1827,0.0800,-2.9520
2026-05-09T17:23:49.185,5.2015,0.0800,-2.9564
2026-05-09T17:23:49.199,5.2185,0.0800,-2.9608
2026-05-09T17:23:49.212,5.2374,0.0800,-2.9659
2026-05-09T17:23:49.226,5.2545,0.0800,-2.9711
2026-05-09T17:23:49.240,5.2713,0.0800,-2.9765
2026-05-09T17:23:49.254,5.2891,0.0800,-2.9825
2026-05-09T17:23:49.268,5.3064,0.0800,-2.9890
2026-05-09T17:23:49.282,5.3244,0.0800,-2.9961
2026-05-09T17:23:49.296,5.3453,0.0800,-3.0048
2026-05-09T17:23:49.310,5.3721,0.0800,-3.0164
2026-05-09T17:23:49.324,5.4033,0.0800,-3.0308
2026-05-09T17:23:49.337,5.4495,0.0800,-3.0531
2026-05-09T17:23:49.351,5.4895,0.0800,-3.0730
2026-05-09T17:23:49.365,5.5285,0.0800,-3.0931
2026-05-09T17:23:49.378,5.5874,0.0800,-3.1238
2026-05-09T17:23:49.393,5.6471,0.0800,-3.1549
2026-05-09T17:23:49.407,5.7033,0.0800,-3.1841
2026-05-09T17:23:49.422,5.7635,0.0800,-3.2147
2026-05-09T17:23:49.435,5.8187,0.0800,-3.2420
2026-05-09T17:23:49.449,5.8827,0.0800,-3.2732
2026-05-09T17:23:49.463,5.9325,0.0800,-3.2965
2026-05-09T17:23:49.476,5.9921,0.0800,-3.3239
2026-05-09T17:23:49.491,6.0449,0.0800,-3.3475
2026-05-09T17:23:49.505,6.1026,0.0800,-3.3726
2026-05-09T17:23:49.518,6.1625,0.0800,-3.3979
2026-05-09T17:23:49.533,6.2193,0.0800,-3.4212
2026-05-09T17:23:49.547,6.2814,0.0800,-3.4459
2026-05-09T17:23:49.561,6.3372,0.0800,-3.4674
2026-05-09T17:23:49.573,6.3963,0.0800,-3.4895
2026-05-09T17:23:49.587,6.4564,0.0800,-3.5113
2026-05-09T17:23:49.602,6.5077,0.0800,-3.5292
2026-05-09T17:23:49.616,6.5710,0.0800,-3.5506
2026-05-09T17:23:49.630,6.6316,0.0800,-3.5705
2026-05-09T17:23:49.644,6.6920,0.0800,-3.5895
2026-05-09T17:23:49.657,6.7514,0.0800,-3.6074
2026-05-09T17:23:49.672,6.8081,0.0800,-3.6241
2026-05-09T17:23:49.686,6.8718,0.0800,-3.6420
2026-05-09T17:23:49.699,6.9325,0.0800,-3.6585
2026-05-09T17:23:49.712,6.9926,0.0800,-3.6742
2026-05-09T17:23:49.728,7.0509,0.0800,-3.6889
2026-05-09T17:23:49.741,7.1098,0.0800,-3.7031
2026-05-09T17:23:49.755,7.1770,0.0800,-3.7188
2026-05-09T17:23:49.769,7.2338,0.0800,-3.7316
2026-05-09T17:23:49.783,7.3001,0.0800,-3.7460
2026-05-09T17:23:49.797,7.3621,0.0800,-3.7590
2026-05-09T17:23:49.810,7.4259,0.0800,-3.7720
2026-05-09T17:23:49.824,7.4863,0.0800,-3.7838
2026-05-09T17:23:49.838,7.5504,0.0800,-3.7959
2026-05-09T17:23:49.852,7.6169,0.0800,-3.8082
2026-05-09T17:23:49.866,7.6827,0.0800,-3.8201
2026-05-09T17:23:49.879,7.7566,0.0800,-3.8336
2026-05-09T17:23:49.893,7.8198,0.0800,-3.8452
2026-05-09T17:23:49.908,7.8756,0.0800,-3.8556
2026-05-09T17:23:49.923,7.9324,0.0800,-3.8668
2026-05-09T17:23:49.935,7.9884,0.0800,-3.8786
2026-05-09T17:23:49.949,8.0469,0.0800,-3.8916
2026-05-09T17:23:49.963,8.0897,0.0800,-3.9019
2026-05-09T17:23:49.977,8.1382,0.0800,-3.9143
2026-05-09T17:23:49.992,8.1825,0.0800,-3.9263
2026-05-09T17:23:50.005,8.2268,0.0800,-3.9307
2026-05-09T17:23:50.019,8.2740,0.0800,-3.9414
2026-05-09T17:23:50.033,8.3164,0.0800,-3.9551
2026-05-09T17:23:50.047,8.3574,0.0800,-3.9692
2026-05-09T17:23:50.061,8.4004,0.0800,-3.9847
2026-05-09T17:23:50.074,8.4429,0.0800,-4.0009
2026-05-09T17:23:50.089,8.4833,0.0800,-4.0168
2026-05-09T17:23:50.103,8.5154,0.0800,-4.0302
2026-05-09T17:23:50.116,8.5558,0.0800,-4.0479
2026-05-09T17:23:50.130,8.5904,0.0800,-4.0636
2026-05-09T17:23:50.143,8.6268,0.0800,-4.0811
2026-05-09T17:23:50.158,8.6554,0.0800,-4.0957
2026-05-09T17:23:50.172,8.6853,0.0800,-4.1113
2026-05-09T17:23:50.187,8.7176,0.0800,-4.1291
2026-05-09T17:23:50.200,8.7465,0.0800,-4.1459
2026-05-09T17:23:50.214,8.7737,0.0800,-4.1625
2026-05-09T17:23:50.228,8.7984,0.0800,-4.1780
2026-05-09T17:23:50.242,8.8230,0.0800,-4.1944
2026-05-09T17:23:50.255,8.8479,0.0800,-4.2117
2026-05-09T17:23:50.269,8.8704,0.0800,-4.2278
2026-05-09T17:23:50.284,8.8925,0.0800,-4.2445
2026-05-09T17:23:50.297,8.9131,0.0800,-4.2609
2026-05-09T17:23:50.310,8.9359,0.0800,-4.2794
2026-05-09T17:23:50.325,8.9555,0.0800,-4.2963
2026-05-09T17:23:50.338,8.9753,0.0800,-4.3141
2026-05-09T17:23:50.352,8.9978,0.0800,-4.3348
2026-05-09T17:23:50.366,9.0150,0.0800,-4.3516
2026-05-09T17:23:50.379,9.0344,0.0800,-4.3712
2026-05-09T17:23:50.394,9.0535,0.0800,-4.3908
2026-05-09T17:23:50.408,9.0710,0.0800,-4.4099
2026-05-09T17:23:50.422,9.0909,0.0800,-4.4325
2026-05-09T17:23:50.436,9.1073,0.0800,-4.4520
2026-05-09T17:23:50.450,9.1267,0.0800,-4.4754
2026-05-09T17:23:50.464,9.1424,0.0800,-4.4955
2026-05-09T17:23:50.477,9.1593,0.0800,-4.5179
2026-05-09T17:23:50.492,9.1748,0.0800,-4.5386
2026-05-09T17:23:50.505,9.1900,0.0800,-4.5605
2026-05-09T17:23:50.518,9.2054,0.0800,-4.5835
2026-05-09T17:23:50.533,9.2199,0.0800,-4.6058
2026-05-09T17:23:50.547,9.2332,0.0800,-4.6280
2026-05-09T17:23:50.561,9.2468,0.0800,-4.6520
2026-05-09T17:23:50.573,9.2595,0.0800,-4.6758
2026-05-09T17:23:50.588,9.2716,0.0800,-4.6991
2026-05-09T17:23:50.602,9.2819,0.0800,-4.7209
2026-05-09T17:23:50.616,9.2949,0.0800,-4.7495
2026-05-09T17:23:50.630,9.3049,0.0800,-4.7717
2026-05-09T17:23:50.644,9.3131,0.0800,-4.7922
2026-05-09T17:23:50.657,9.3204,0.0800,-4.8118
2026-05-09T17:23:50.671,9.3280,0.0800,-4.8321
2026-05-09T17:23:50.686,9.3342,0.0800,-4.8509
2026-05-09T17:23:50.699,9.3402,0.0800,-4.8704
2026-05-09T17:23:50.713,9.3467,0.0800,-4.8916
2026-05-09T17:23:50.728,9.3517,0.0800,-4.9106
2026-05-09T17:23:50.741,9.3563,0.0800,-4.9300
2026-05-09T17:23:50.754,9.3604,0.0800,-4.9488
2026-05-09T17:23:50.769,9.3641,0.0800,-4.9655
2026-05-09T17:23:50.783,9.3672,0.0800,-4.9836
2026-05-09T17:23:50.796,9.3699,0.0800,-5.0018
2026-05-09T17:23:50.810,9.3728,0.0800,-5.0212
2026-05-09T17:23:50.824,9.3745,0.0800,-5.0378
2026-05-09T17:23:50.838,9.3761,0.0800,-5.0567
2026-05-09T17:23:50.851,9.3778,0.0800,-5.0753
2026-05-09T17:23:50.866,9.3785,0.0800,-5.0922
2026-05-09T17:23:50.879,9.3789,0.0800,-5.1098
2026-05-09T17:23:50.893,9.3794,0.0800,-5.1293
2026-05-09T17:23:50.907,9.3791,0.0800,-5.1478
2026-05-09T17:23:50.920,9.3784,0.0800,-5.1658
2026-05-09T17:23:50.935,9.3778,0.0800,-5.1833
2026-05-09T17:23:50.949,9.3763,0.0800,-5.2015
2026-05-09T17:23:50.962,9.3745,0.0800,-5.2194
2026-05-09T17:23:50.976,9.3722,0.0800,-5.2382
2026-05-09T17:23:50.990,9.3702,0.0800,-5.2555
2026-05-09T17:23:51.004,9.3672,0.0800,-5.2734
2026-05-09T17:23:51.017,9.3636,0.0800,-5.2925
2026-05-09T17:23:51.031,9.3605,0.0800,-5.3097
2026-05-09T17:23:51.045,9.3565,0.0800,-5.3268
2026-05-09T17:23:51.059,9.3520,0.0800,-5.3447
2026-05-09T17:23:51.073,9.3474,0.0800,-5.3627
2026-05-09T17:23:51.087,9.3422,0.0800,-5.3800
2026-05-09T17:23:51.101,9.3367,0.0800,-5.3969
2026-05-09T17:23:51.114,9.3306,0.0800,-5.4145
2026-05-09T17:23:51.128,9.3247,0.0800,-5.4316
2026-05-09T17:23:51.142,9.3181,0.0800,-5.4484
2026-05-09T17:23:51.156,9.3112,0.0800,-5.4648
2026-05-09T17:23:51.170,9.3041,0.0800,-5.4818
2026-05-09T17:23:51.184,9.2958,0.0800,-5.4995
2026-05-09T17:23:51.197,9.2847,0.0800,-5.5223
2026-05-09T17:23:51.211,9.2712,0.0800,-5.5496
2026-05-09T17:23:51.225,9.2550,0.0800,-5.5802
2026-05-09T17:23:51.238,9.2351,0.0800,-5.6163
2026-05-09T17:23:51.252,9.2131,0.0800,-5.6554
2026-05-09T17:23:51.267,9.1889,0.0800,-5.6962
2026-05-09T17:23:51.280,9.1609,0.0800,-5.7420
2026-05-09T17:23:51.294,9.1287,0.0800,-5.7938
2026-05-09T17:23:51.308,9.0973,0.0800,-5.8426
2026-05-09T17:23:51.322,9.0631,0.0800,-5.8945
2026-05-09T17:23:51.335,9.0288,0.0800,-5.9454
2026-05-09T17:23:51.349,8.9894,0.0800,-6.0031
2026-05-09T17:23:51.364,8.9576,0.0800,-6.0485
2026-05-09T17:23:51.377,8.9198,0.0800,-6.1017
2026-05-09T17:23:51.392,8.8802,0.0800,-6.1565
2026-05-09T17:23:51.405,8.8405,0.0800,-6.2103
2026-05-09T17:23:51.418,8.8002,0.0800,-6.2640
2026-05-09T17:23:51.433,8.7627,0.0800,-6.3135
2026-05-09T17:23:51.447,8.7235,0.0800,-6.3644
2026-05-09T17:23:51.461,8.6785,0.0800,-6.4219
2026-05-09T17:23:51.474,8.6352,0.0800,-6.4764
2026-05-09T17:23:51.489,8.5949,0.0800,-6.5267
2026-05-09T17:23:51.503,8.5577,0.0800,-6.5722
2026-05-09T17:23:51.516,8.5112,0.0800,-6.6284
2026-05-09T17:23:51.530,8.4684,0.0800,-6.6796
2026-05-09T17:23:51.544,8.4280,0.0800,-6.7272
2026-05-09T17:23:51.558,8.3821,0.0800,-6.7804
2026-05-09T17:23:51.572,8.3389,0.0800,-6.8301
2026-05-09T17:23:51.586,8.2935,0.0800,-6.8815
2026-05-09T17:23:51.599,8.2486,0.0800,-6.9316
2026-05-09T17:23:51.614,8.2028,0.0800,-6.9822
2026-05-09T17:23:51.628,8.1623,0.0800,-7.0264
2026-05-09T17:23:51.641,8.1130,0.0800,-7.0794
2026-05-09T17:23:51.655,8.0674,0.0800,-7.1280
2026-05-09T17:23:51.669,8.0250,0.0800,-7.1728
2026-05-09T17:23:51.683,7.9761,0.0800,-7.2237
2026-05-09T17:23:51.697,7.9298,0.0800,-7.2714
2026-05-09T17:23:51.710,7.8824,0.0800,-7.3199
2026-05-09T17:23:51.725,7.8362,0.0800,-7.3665
2026-05-09T17:23:51.738,7.7900,0.0800,-7.4126
2026-05-09T17:23:51.752,7.7395,0.0800,-7.4625
2026-05-09T17:23:51.766,7.6955,0.0800,-7.5054
2026-05-09T17:23:51.779,7.6440,0.0800,-7.5552
2026-05-09T17:23:51.794,7.5964,0.0800,-7.6009
2026-05-09T17:23:51.808,7.5513,0.0800,-7.6435
2026-05-09T17:23:51.822,7.4981,0.0800,-7.6932
2026-05-09T17:23:51.836,7.4484,0.0800,-7.7391
2026-05-09T17:23:51.850,7.3978,0.0800,-7.7855
2026-05-09T17:23:51.864,7.3527,0.0800,-7.8264
2026-05-09T17:23:51.877,7.2989,0.0800,-7.8747
2026-05-09T17:23:51.892,7.2555,0.0800,-7.9138
2026-05-09T17:23:51.906,7.2143,0.0800,-7.9508
2026-05-09T17:23:51.919,7.1672,0.0800,-7.9935
2026-05-09T17:23:51.934,7.1224,0.0800,-8.0348
2026-05-09T17:23:51.947,7.0809,0.0800,-8.0744
2026-05-09T17:23:51.962,7.0429,0.0800,-8.1116
2026-05-09T17:23:51.974,7.0088,0.0800,-8.1461
2026-05-09T17:23:51.989,6.9760,0.0800,-8.1799
2026-05-09T17:23:52.003,6.9491,0.0800,-8.2091
2026-05-09T17:23:52.017,6.9172,0.0800,-8.2449
2026-05-09T17:23:52.031,6.8917,0.0800,-8.2742
2026-05-09T17:23:52.045,6.8675,0.0800,-8.3038
2026-05-09T17:23:52.058,6.8424,0.0800,-8.3356
2026-05-09T17:23:52.073,6.8195,0.0800,-8.3653
2026-05-09T17:23:52.087,6.7970,0.0800,-8.3965
2026-05-09T17:23:52.101,6.7740,0.0800,-8.4295
2026-05-09T17:23:52.114,6.7518,0.0800,-8.4628
2026-05-09T17:23:52.128,6.7311,0.0800,-8.4948
2026-05-09T17:23:52.142,6.7119,0.0800,-8.5263
2026-05-09T17:23:52.156,6.6914,0.0800,-8.5613
2026-05-09T17:23:52.170,6.6706,0.0800,-8.5979
2026-05-09T17:23:52.184,6.6538,0.0800,-8.6294
2026-05-09T17:23:52.198,6.6360,0.0800,-8.6644
2026-05-09T17:23:52.212,6.6184,0.0800,-8.7001
2026-05-09T17:23:52.226,6.6030,0.0800,-8.7333
2026-05-09T17:23:52.240,6.5866,0.0800,-8.7705
2026-05-09T17:23:52.254,6.5711,0.0800,-8.8067
2026-05-09T17:23:52.268,6.5573,0.0800,-8.8414
2026-05-09T17:23:52.281,6.5423,0.0800,-8.8814
2026-05-09T17:23:52.295,6.5299,0.0800,-8.9164
2026-05-09T17:23:52.309,6.5171,0.0800,-8.9540
2026-05-09T17:23:52.324,6.5065,0.0800,-8.9877
2026-05-09T17:23:52.337,6.4953,0.0800,-9.0258
2026-05-09T17:23:52.351,6.4831,0.0800,-9.0695
2026-05-09T17:23:52.365,6.4737,0.0800,-9.1065
2026-05-09T17:23:52.378,6.4627,0.0800,-9.1525
2026-05-09T17:23:52.393,6.4513,0.0800,-9.2031
2026-05-09T17:23:52.406,6.4406,0.0800,-9.2556
2026-05-09T17:23:52.420,6.4293,0.0800,-9.3146
2026-05-09T17:23:52.434,6.4191,0.0800,-9.3710
2026-05-09T17:23:52.449,6.4087,0.0800,-9.4326
2026-05-09T17:23:52.463,6.3992,0.0800,-9.4940
2026-05-09T17:23:52.476,6.3894,0.0800,-9.5610
2026-05-09T17:23:52.490,6.3814,0.0800,-9.6195
2026-05-09T17:23:52.504,6.3738,0.0800,-9.6800
2026-05-09T17:23:52.518,6.3661,0.0800,-9.7459
2026-05-09T17:23:52.532,6.3591,0.0800,-9.8094
2026-05-09T17:23:52.546,6.3522,0.0800,-9.8777
2026-05-09T17:23:52.560,6.3457,0.0800,-9.9465
2026-05-09T17:23:52.574,6.3400,0.0800,-10.0096
2026-05-09T17:23:52.588,6.3345,0.0800,-10.0762
2026-05-09T17:23:52.602,6.3293,0.0800,-10.1445
2026-05-09T17:23:52.615,6.3241,0.0800,-10.2184
2026-05-09T17:23:52.629,6.3201,0.0800,-10.2795
2026-05-09T17:23:52.643,6.3161,0.0800,-10.3461
2026-05-09T17:23:52.657,6.3126,0.0800,-10.4111
2026-05-09T17:23:52.671,6.3092,0.0800,-10.4772
2026-05-09T17:23:52.685,6.3061,0.0800,-10.5479
2026-05-09T17:23:52.698,6.3035,0.0800,-10.6149
2026-05-09T17:23:52.712,6.3009,0.0800,-10.6842
2026-05-09T17:23:52.726,6.2986,0.0800,-10.7481
2026-05-09T17:23:52.739,6.2961,0.0800,-10.8164
2026-05-09T17:23:52.754,6.2935,0.0800,-10.8863
2026-05-09T17:23:52.768,6.2911,0.0800,-10.9509
2026-05-09T17:23:52.782,6.2883,0.0800,-11.0265
2026-05-09T17:23:52.796,6.2857,0.0800,-11.0950
2026-05-09T17:23:52.809,6.2830,0.0800,-11.1665
2026-05-09T17:23:52.824,6.2806,0.0800,-11.2319
2026-05-09T17:23:52.837,6.2782,0.0800,-11.2990
2026-05-09T17:23:52.851,6.2755,0.0800,-11.3717
2026-05-09T17:23:52.865,6.2731,0.0800,-11.4371
2026-05-09T17:23:52.879,6.2706,0.0800,-11.5080
2026-05-09T17:23:52.894,6.2681,0.0800,-11.5784
2026-05-09T17:23:52.907,6.2658,0.0800,-11.6452
2026-05-09T17:23:52.921,6.2633,0.0800,-11.7172
2026-05-09T17:23:52.935,6.2610,0.0800,-11.7856
2026-05-09T17:23:52.949,6.2584,0.0800,-11.8639
2026-05-09T17:23:52.963,6.2564,0.0800,-11.9220
2026-05-09T17:23:52.976,6.2543,0.0800,-11.9870
2026-05-09T17:23:52.991,6.2526,0.0800,-12.0403
2026-05-09T17:23:53.004,6.2513,0.0800,-12.0824
2026-05-09T17:23:53.018,6.2502,0.0800,-12.1177
2026-05-09T17:23:53.033,6.2494,0.0800,-12.1429
2026-05-09T17:23:53.046,6.2492,0.0800,-12.1487
2026-05-09T17:23:53.449,6.2490,0.0800,-12.1555
2026-05-09T17:23:53.463,6.2487,0.0800,-12.1626
2026-05-09T17:23:53.476,6.2484,0.0800,-12.1728
2026-05-09T17:23:53.491,6.2480,0.0800,-12.1825
2026-05-09T17:23:53.505,6.2476,0.0800,-12.1940
2026-05-09T17:23:53.518,6.2461,0.0800,-12.2371
2026-05-09T17:23:53.533,6.2437,0.0800,-12.3002
2026-05-09T17:23:53.546,6.2410,0.0800,-12.3639
2026-05-09T17:23:53.560,6.2376,0.0800,-12.4286
2026-05-09T17:23:53.574,6.2342,0.0800,-12.4866
2026-05-09T17:23:53.588,6.2300,0.0800,-12.5430
2026-05-09T17:23:53.602,6.2253,0.0800,-12.5968
2026-05-09T17:23:53.616,6.2194,0.0800,-12.6558
2026-05-09T17:23:53.630,6.2141,0.0800,-12.7030
2026-05-09T17:23:53.643,6.2075,0.0800,-12.7532
2026-05-09T17:23:53.657,6.2000,0.0800,-12.8039
2026-05-09T17:23:53.671,6.1927,0.0800,-12.8507
2026-05-09T17:23:53.685,6.1836,0.0800,-12.9022
2026-05-09T17:23:53.698,6.1737,0.0800,-12.9534
2026-05-09T17:23:53.713,6.1639,0.0800,-13.0019
2026-05-09T17:23:53.727,6.1537,0.0800,-13.0475
2026-05-09T17:23:53.740,6.1415,0.0800,-13.0987
2026-05-09T17:23:53.754,6.1289,0.0800,-13.1479
2026-05-09T17:23:53.768,6.1169,0.0800,-13.1933
2026-05-09T17:23:53.782,6.1016,0.0800,-13.2467
2026-05-09T17:23:53.796,6.0877,0.0800,-13.2926
2026-05-09T17:23:53.810,6.0722,0.0800,-13.3420
2026-05-09T17:23:53.824,6.0567,0.0800,-13.3881
2026-05-09T17:23:53.837,6.0394,0.0800,-13.4370
2026-05-09T17:23:53.851,6.0214,0.0800,-13.4864
2026-05-09T17:23:53.865,6.0051,0.0800,-13.5283
2026-05-09T17:23:53.878,5.9861,0.0800,-13.5754
2026-05-09T17:23:53.893,5.9669,0.0800,-13.6214
2026-05-09T17:23:53.907,5.9469,0.0800,-13.6671
2026-05-09T17:23:53.921,5.9245,0.0800,-13.7162
2026-05-09T17:23:53.934,5.9035,0.0800,-13.7603
2026-05-09T17:23:53.949,5.8761,0.0800,-13.8165
2026-05-09T17:23:53.963,5.8578,0.0800,-13.8519
2026-05-09T17:23:53.976,5.8322,0.0800,-13.9003
2026-05-09T17:23:53.991,5.8079,0.0800,-13.9450
2026-05-09T17:23:54.213,5.8009,0.0800,-13.9570
2026-05-09T17:23:54.227,5.7813,0.0800,-13.9903
2026-05-09T17:23:54.240,5.7552,0.0800,-14.0331
2026-05-09T17:23:54.254,5.7253,0.0800,-14.0806
2026-05-09T17:23:54.268,5.6937,0.0800,-14.1301
2026-05-09T17:23:54.282,5.6547,0.0800,-14.1897
2026-05-09T17:23:54.296,5.6182,0.0800,-14.2449
2026-05-09T17:23:54.309,5.5807,0.0800,-14.3011
2026-05-09T17:23:54.324,5.5442,0.0800,-14.3554
2026-05-09T17:23:54.337,5.5077,0.0800,-14.4098
2026-05-09T17:23:54.351,5.4636,0.0800,-14.4754
2026-05-09T17:23:54.365,5.4301,0.0800,-14.5254
2026-05-09T17:23:54.378,5.3938,0.0800,-14.5796
2026-05-09T17:23:54.393,5.3544,0.0800,-14.6384
2026-05-09T17:23:54.407,5.3169,0.0800,-14.6944
2026-05-09T17:23:54.421,5.2758,0.0800,-14.7557
2026-05-09T17:23:54.434,5.2416,0.0800,-14.8071
2026-05-09T17:23:54.448,5.2077,0.0800,-14.8588
2026-05-09T17:23:54.463,5.1771,0.0800,-14.9070
2026-05-09T17:23:54.476,5.1449,0.0800,-14.9586
2026-05-09T17:23:54.491,5.1124,0.0800,-15.0117
2026-05-09T17:23:54.504,5.0911,0.0800,-15.0627
2026-05-09T17:23:54.518,5.0904,0.0800,-15.1218
2026-05-09T17:23:54.532,5.0897,0.0800,-15.1757
2026-05-09T17:23:54.545,5.0890,0.0800,-15.2257
2026-05-09T17:23:54.559,5.0884,0.0800,-15.2802
2026-05-09T17:23:54.573,5.0875,0.0800,-15.3272
2026-05-09T17:23:54.587,5.0866,0.0800,-15.3736
2026-05-09T17:23:54.601,5.0856,0.0800,-15.4217
2026-05-09T17:23:54.614,5.0846,0.0800,-15.4740
2026-05-09T17:23:54.629,5.0835,0.0800,-15.5227
2026-05-09T17:23:54.642,5.0826,0.0800,-15.5731
2026-05-09T17:23:54.657,5.0818,0.0800,-15.6252
2026-05-09T17:23:54.671,5.0808,0.0800,-15.6773
2026-05-09T17:23:54.685,5.0799,0.0800,-15.7335
2026-05-09T17:23:54.698,5.0791,0.0800,-15.7900
2026-05-09T17:23:54.712,5.0784,0.0800,-15.8479
2026-05-09T17:23:54.726,5.0777,0.0800,-15.9082
2026-05-09T17:23:54.739,5.0771,0.0800,-15.9698
2026-05-09T17:23:54.754,5.0765,0.0800,-16.0325
2026-05-09T17:23:54.768,5.0759,0.0800,-16.0899
2026-05-09T17:23:54.782,5.0754,0.0800,-16.1600
2026-05-09T17:23:54.795,5.0747,0.0800,-16.2172
2026-05-09T17:23:54.810,5.0742,0.0800,-16.2780
2026-05-09T17:23:54.824,5.0736,0.0800,-16.3387
2026-05-09T17:23:54.837,5.0730,0.0800,-16.4078
2026-05-09T17:23:54.852,5.0726,0.0800,-16.4773
2026-05-09T17:23:54.866,5.0726,0.0800,-16.5389
2026-05-09T17:23:54.879,5.0726,0.0800,-16.6079
2026-05-09T17:23:54.893,5.0725,0.0800,-16.6713
2026-05-09T17:23:54.907,5.0724,0.0800,-16.7265
2026-05-09T17:23:54.922,5.0556,0.0800,-16.7808
2026-05-09T17:23:54.935,5.0421,0.0800,-16.8300
2026-05-09T17:23:54.949,5.0234,0.0800,-16.8826
2026-05-09T17:23:54.962,5.0097,0.0800,-16.9183
2026-05-09T17:23:54.976,4.9935,0.0800,-16.9588
2026-05-09T17:23:54.991,4.9789,0.0800,-16.9941
2026-05-09T17:23:55.005,4.9636,0.0800,-17.0288
2026-05-09T17:23:55.018,4.9466,0.0800,-17.0651
2026-05-09T17:23:55.033,4.9314,0.0800,-17.0968
2026-05-09T17:23:55.047,4.9174,0.0800,-17.1238
2026-05-09T17:23:55.061,4.9038,0.0800,-17.1487
2026-05-09T17:23:55.074,4.8925,0.0800,-17.1684
2026-05-09T17:23:55.088,4.8831,0.0800,-17.1845
2026-05-09T17:23:55.102,4.8757,0.0800,-17.1958
2026-05-09T17:23:55.115,4.8669,0.0800,-17.2086
2026-05-09T17:23:55.130,4.8596,0.0800,-17.2196
2026-05-09T17:23:55.144,4.8518,0.0800,-17.2300
2026-05-09T17:23:55.158,4.8424,0.0800,-17.2421
2026-05-09T17:23:55.172,4.8340,0.0800,-17.2530
2026-05-09T17:23:55.186,4.8254,0.0800,-17.2630
2026-05-09T17:23:55.199,4.8165,0.0800,-17.2729
2026-05-09T17:23:55.214,4.8072,0.0800,-17.2835
2026-05-09T17:23:55.227,4.7985,0.0800,-17.2923
2026-05-09T17:23:55.241,4.7890,0.0800,-17.3016
2026-05-09T17:23:55.254,4.7793,0.0800,-17.3106
2026-05-09T17:23:55.269,4.7701,0.0800,-17.3195
2026-05-09T17:23:55.282,4.7600,0.0800,-17.3281
2026-05-09T17:23:55.296,4.7496,0.0800,-17.3367
2026-05-09T17:23:55.310,4.7395,0.0800,-17.3452
2026-05-09T17:23:55.325,4.7292,0.0800,-17.3530
2026-05-09T17:23:55.338,4.7186,0.0800,-17.3606
2026-05-09T17:23:55.352,4.7057,0.0800,-17.3701
2026-05-09T17:23:55.366,4.6925,0.0800,-17.3790
2026-05-09T17:23:55.379,4.6654,0.0800,-17.3969
2026-05-09T17:23:55.394,4.6296,0.0800,-17.4202
2026-05-09T17:23:55.407,4.5939,0.0800,-17.4422
2026-05-09T17:23:55.421,4.5390,0.0800,-17.4750
2026-05-09T17:23:55.435,4.4929,0.0800,-17.5017
2026-05-09T17:23:55.449,4.4367,0.0800,-17.5338
2026-05-09T17:23:55.464,4.3893,0.0800,-17.5599
2026-05-09T17:23:55.476,4.3326,0.0800,-17.5905
2026-05-09T17:23:55.491,4.2774,0.0800,-17.6197
2026-05-09T17:23:55.505,4.2269,0.0800,-17.6455
2026-05-09T17:23:55.518,4.1673,0.0800,-17.6753
2026-05-09T17:23:55.533,4.1139,0.0800,-17.7015
2026-05-09T17:23:55.546,4.0578,0.0800,-17.7281
2026-05-09T17:23:55.560,4.0020,0.0800,-17.7538
2026-05-09T17:23:55.573,3.9481,0.0800,-17.7783
2026-05-09T17:23:55.588,3.8901,0.0800,-17.8036
2026-05-09T17:23:55.602,3.8368,0.0800,-17.8263
2026-05-09T17:23:55.615,3.7728,0.0800,-17.8528
2026-05-09T17:23:55.630,3.7217,0.0800,-17.8734
2026-05-09T17:23:55.643,3.6695,0.0800,-17.8936
2026-05-09T17:23:55.658,3.6146,0.0800,-17.9140
2026-05-09T17:23:55.672,3.5644,0.0800,-17.9322
2026-05-09T17:23:55.685,3.5084,0.0800,-17.9514
2026-05-09T17:23:55.699,3.4571,0.0800,-17.9681
2026-05-09T17:23:55.712,3.4044,0.0800,-17.9847
2026-05-09T17:23:55.727,3.3567,0.0800,-17.9988
2026-05-09T17:23:55.740,3.3073,0.0800,-18.0126
2026-05-09T17:23:55.754,3.2550,0.0800,-18.0265
2026-05-09T17:23:55.768,3.2079,0.0800,-18.0386
2026-05-09T17:23:55.782,3.1568,0.0800,-18.0505
2026-05-09T17:23:55.796,3.1108,0.0800,-18.0605
2026-05-09T17:23:55.810,3.0620,0.0800,-18.0707
2026-05-09T17:23:55.825,3.0160,0.0800,-18.0792
2026-05-09T17:23:55.838,2.9697,0.0800,-18.0871
2026-05-09T17:23:55.852,2.9174,0.0800,-18.0956
2026-05-09T17:23:55.866,2.8735,0.0800,-18.1016
2026-05-09T17:23:55.879,2.8247,0.0800,-18.1076
2026-05-09T17:23:55.893,2.7761,0.0800,-18.1132
2026-05-09T17:23:55.907,2.7334,0.0800,-18.1171
2026-05-09T17:23:55.921,2.6829,0.0800,-18.1210
2026-05-09T17:23:55.935,2.6362,0.0800,-18.1239
2026-05-09T17:23:55.949,2.5826,0.0800,-18.1267
2026-05-09T17:23:55.963,2.5411,0.0800,-18.1278
2026-05-09T17:23:55.976,2.4920,0.0800,-18.1285
2026-05-09T17:23:55.991,2.4451,0.0800,-18.1288
2026-05-09T17:23:56.005,2.4004,0.0800,-18.1280
2026-05-09T17:23:56.018,2.3455,0.0800,-18.1263
2026-05-09T17:23:56.032,2.2929,0.0800,-18.1242
2026-05-09T17:23:56.046,2.2390,0.0800,-18.1210
2026-05-09T17:23:56.060,2.1727,0.0800,-18.1166
2026-05-09T17:23:56.074,2.1023,0.0800,-18.1116
2026-05-09T17:23:56.088,2.0338,0.0800,-18.1066
2026-05-09T17:23:56.102,1.9667,0.0800,-18.1019
2026-05-09T17:23:56.115,1.8998,0.0800,-18.0977
2026-05-09T17:23:56.130,1.8503,0.0800,-18.0950
2026-05-09T17:23:56.143,1.7962,0.0800,-18.0929
2026-05-09T17:23:56.158,1.7466,0.0800,-18.0919
2026-05-09T17:23:56.171,1.6977,0.0800,-18.0912
2026-05-09T17:23:56.186,1.6462,0.0800,-18.0917
2026-05-09T17:23:56.199,1.5979,0.0800,-18.0929
2026-05-09T17:23:56.212,1.5460,0.0800,-18.0947
2026-05-09T17:23:56.227,1.5002,0.0800,-18.0974
2026-05-09T17:23:56.241,1.4516,0.0800,-18.1009
2026-05-09T17:23:56.255,1.4022,0.0800,-18.1053
2026-05-09T17:23:56.269,1.3523,0.0800,-18.1102
2026-05-09T17:23:56.282,1.2998,0.0800,-18.1166
2026-05-09T17:23:56.296,1.2534,0.0800,-18.1230
2026-05-09T17:23:56.310,1.2058,0.0800,-18.1300
2026-05-09T17:23:56.325,1.1570,0.0800,-18.1383
2026-05-09T17:23:56.338,1.1086,0.0800,-18.1472
2026-05-09T17:23:56.352,1.0568,0.0800,-18.1573
2026-05-09T17:23:56.366,1.0096,0.0800,-18.1676
2026-05-09T17:23:56.379,0.9630,0.0800,-18.1786
2026-05-09T17:23:56.394,0.9158,0.0800,-18.1900
2026-05-09T17:23:56.408,0.8681,0.0800,-18.2027
2026-05-09T17:23:56.422,0.8178,0.0800,-18.2170
2026-05-09T17:23:56.435,0.7744,0.0800,-18.2301
2026-05-09T17:23:56.449,0.7274,0.0800,-18.2447
2026-05-09T17:23:56.463,0.6857,0.0800,-18.2587
2026-05-09T17:23:56.476,0.6410,0.0800,-18.2746
2026-05-09T17:23:56.491,0.5961,0.0800,-18.2909
2026-05-09T17:23:56.505,0.5535,0.0800,-18.3075
2026-05-09T17:23:56.519,0.5057,0.0800,-18.3269
2026-05-09T17:23:56.533,0.4596,0.0800,-18.3463
2026-05-09T17:23:56.546,0.4162,0.0800,-18.3657
2026-05-09T17:23:56.560,0.3727,0.0800,-18.3860
2026-05-09T17:23:56.574,0.3305,0.0800,-18.4062
2026-05-09T17:23:56.588,0.2875,0.0800,-18.4280
2026-05-09T17:23:56.602,0.2439,0.0800,-18.4510
2026-05-09T17:23:56.616,0.2008,0.0800,-18.4747
2026-05-09T17:23:56.630,0.1658,0.0800,-18.4944
2026-05-09T17:23:56.644,0.1288,0.0800,-18.5165
2026-05-09T17:23:56.657,0.0897,0.0800,-18.5407
2026-05-09T17:23:56.672,0.0540,0.0800,-18.5633
2026-05-09T17:23:56.686,0.0170,0.0800,-18.5880
2026-05-09T17:23:56.699,-0.0198,0.0800,-18.6135
2026-05-09T17:23:56.714,-0.0566,0.0800,-18.6396
2026-05-09T17:23:56.728,-0.0902,0.0800,-18.6646
2026-05-09T17:23:56.741,-0.1273,0.0800,-18.6933
2026-05-09T17:23:56.755,-0.1599,0.0800,-18.7194
2026-05-09T17:23:56.769,-0.1939,0.0800,-18.7472
2026-05-09T17:23:56.783,-0.2281,0.0800,-18.7766
2026-05-09T17:23:56.797,-0.2587,0.0800,-18.8037
2026-05-09T17:23:56.811,-0.2924,0.0800,-18.8343
2026-05-09T17:23:56.825,-0.3233,0.0800,-18.8638
2026-05-09T17:23:56.838,-0.3547,0.0800,-18.8949
2026-05-09T17:23:56.852,-0.3862,0.0800,-18.9267
2026-05-09T17:23:56.866,-0.4149,0.0800,-18.9573
2026-05-09T17:23:56.879,-0.4455,0.0800,-18.9911
2026-05-09T17:23:56.894,-0.4739,0.0800,-19.0232
2026-05-09T17:23:56.907,-0.5035,0.0800,-19.0585
2026-05-09T17:23:56.922,-0.5298,0.0800,-19.0911
2026-05-09T17:23:56.935,-0.5553,0.0800,-19.1239
2026-05-09T17:23:56.950,-0.5922,0.0800,-19.1721
2026-05-09T17:23:56.964,-0.6242,0.0800,-19.2158
2026-05-09T17:23:56.977,-0.6522,0.0800,-19.2546
2026-05-09T17:23:56.991,-0.6665,0.0800,-19.2744
2026-05-09T17:23:57.005,-0.6790,0.0800,-19.2918
2026-05-09T17:23:57.019,-0.6939,0.0800,-19.3127
2026-05-09T17:23:57.033,-0.7140,0.0800,-19.3402
2026-05-09T17:23:57.046,-0.7352,0.0800,-19.3685
2026-05-09T17:23:57.061,-0.7568,0.0800,-19.3964
2026-05-09T17:23:57.075,-0.7787,0.0800,-19.4241
2026-05-09T17:23:57.089,-0.8011,0.0800,-19.4508
2026-05-09T17:23:57.103,-0.8230,0.0800,-19.4759
2026-05-09T17:23:57.116,-0.8469,0.0800,-19.5023
2026-05-09T17:23:57.130,-0.8681,0.0800,-19.5254
2026-05-09T17:23:57.144,-0.8902,0.0800,-19.5478
2026-05-09T17:23:57.158,-0.9141,0.0800,-19.5713
2026-05-09T17:23:57.172,-0.9383,0.0800,-19.5946
2026-05-09T17:23:57.186,-0.9622,0.0800,-19.6163
2026-05-09T17:23:57.199,-0.9869,0.0800,-19.6379
2026-05-09T17:23:57.214,-1.0155,0.0800,-19.6625
2026-05-09T17:23:57.228,-1.0444,0.0800,-19.6858
2026-05-09T17:23:57.241,-1.0787,0.0800,-19.7126
2026-05-09T17:23:57.255,-1.1121,0.0800,-19.7377
2026-05-09T17:23:57.269,-1.1476,0.0800,-19.7639
2026-05-09T17:23:57.282,-1.1896,0.0800,-19.7935
2026-05-09T17:23:57.296,-1.2292,0.0800,-19.8204
2026-05-09T17:23:57.310,-1.2724,0.0800,-19.8493
2026-05-09T17:23:57.325,-1.3149,0.0800,-19.8765
2026-05-09T17:23:57.338,-1.3517,0.0800,-19.8999
2026-05-09T17:23:57.353,-1.3856,0.0800,-19.9214
2026-05-09T17:23:57.366,-1.4147,0.0800,-19.9399
2026-05-09T17:23:57.380,-1.4559,0.0800,-19.9665
2026-05-09T17:23:57.394,-1.4952,0.0800,-19.9921
2026-05-09T17:23:57.408,-1.5360,0.0800,-20.0193
2026-05-09T17:23:57.422,-1.5799,0.0800,-20.0487
2026-05-09T17:23:57.435,-1.6237,0.0800,-20.0780
2026-05-09T17:23:57.449,-1.6742,0.0800,-20.1118
2026-05-09T17:23:57.464,-1.7183,0.0800,-20.1413
2026-05-09T17:23:57.477,-1.7756,0.0800,-20.1797
2026-05-09T17:23:57.492,-1.8331,0.0800,-20.2181
2026-05-09T17:23:57.505,-1.8863,0.0800,-20.2531
2026-05-09T17:23:57.518,-1.9465,0.0800,-20.2924
2026-05-09T17:23:57.533,-2.0008,0.0800,-20.3276
2026-05-09T17:23:57.546,-2.0571,0.0800,-20.3634
2026-05-09T17:23:57.560,-2.1151,0.0800,-20.3999
2026-05-09T17:23:57.574,-2.1699,0.0800,-20.4341
2026-05-09T17:23:57.588,-2.2244,0.0800,-20.4675
2026-05-09T17:23:57.602,-2.2832,0.0800,-20.5031
2026-05-09T17:23:57.616,-2.3430,0.0800,-20.5387
2026-05-09T17:23:57.630,-2.3967,0.0800,-20.5704
2026-05-09T17:23:57.644,-2.4518,0.0800,-20.6023
2026-05-09T17:23:57.657,-2.5111,0.0800,-20.6361
2026-05-09T17:23:57.672,-2.5688,0.0800,-20.6686
2026-05-09T17:23:57.686,-2.6259,0.0800,-20.7002
2026-05-09T17:23:57.699,-2.6861,0.0800,-20.7329
2026-05-09T17:23:57.713,-2.7467,0.0800,-20.7656
2026-05-09T17:23:57.727,-2.8007,0.0800,-20.7941
2026-05-09T17:23:57.741,-2.8644,0.0800,-20.8273
2026-05-09T17:23:57.755,-2.9168,0.0800,-20.8596
2026-05-09T17:23:57.769,-2.9429,0.0800,-20.9065
2026-05-09T17:23:57.783,-2.9882,0.0800,-20.9525
2026-05-09T17:23:57.796,-3.0434,0.0800,-20.9852
2026-05-09T17:23:57.810,-3.1082,0.0800,-21.0168
2026-05-09T17:23:57.825,-3.1631,0.0800,-21.0432
2026-05-09T17:23:57.838,-3.2264,0.0800,-21.0736
2026-05-09T17:23:57.852,-3.2919,0.0800,-21.1051
2026-05-09T17:23:57.866,-3.3508,0.0800,-21.1335
2026-05-09T17:23:57.880,-3.3779,0.0800,-21.1647
2026-05-09T17:23:57.894,-3.3780,0.0800,-21.1929
2026-05-09T17:23:57.908,-3.3780,0.0800,-21.2230
2026-05-09T17:23:57.922,-3.3789,0.0800,-21.2553
2026-05-09T17:23:57.936,-3.3857,0.0800,-21.2915
2026-05-09T17:23:57.950,-3.4001,0.0800,-21.3373
2026-05-09T17:23:57.964,-3.4233,0.0800,-21.3798
2026-05-09T17:23:57.977,-3.4573,0.0800,-21.4255
2026-05-09T17:23:57.992,-3.4982,0.0800,-21.4606
2026-05-09T17:23:58.006,-3.5377,0.0800,-21.4850
2026-05-09T17:23:58.019,-3.5892,0.0800,-21.5070
2026-05-09T17:23:58.033,-3.6342,0.0800,-21.5292
2026-05-09T17:23:58.047,-3.6731,0.0800,-21.5442
2026-05-09T17:23:58.061,-3.7141,0.0800,-21.5592
2026-05-09T17:23:58.074,-3.7488,0.0800,-21.5712
2026-05-09T17:23:58.089,-3.7842,0.0800,-21.5831
2026-05-09T17:23:58.103,-3.8175,0.0800,-21.5931
2026-05-09T17:23:58.116,-3.8558,0.0800,-21.6039
2026-05-09T17:23:58.130,-3.8889,0.0800,-21.6130
2026-05-09T17:23:58.144,-3.9229,0.0800,-21.6211
2026-05-09T17:23:58.158,-3.9592,0.0800,-21.6291
2026-05-09T17:23:58.172,-3.9938,0.0800,-21.6366
2026-05-09T17:23:58.186,-4.0289,0.0800,-21.6429
2026-05-09T17:23:58.200,-4.0655,0.0800,-21.6489
2026-05-09T17:23:58.213,-4.1030,0.0800,-21.6542
2026-05-09T17:23:58.228,-4.1363,0.0800,-21.6589
2026-05-09T17:23:58.242,-4.1717,0.0800,-21.6626
2026-05-09T17:23:58.255,-4.2099,0.0800,-21.6660
2026-05-09T17:23:58.269,-4.2486,0.0800,-21.6692
2026-05-09T17:23:58.283,-4.2883,0.0800,-21.6712
2026-05-09T17:23:58.297,-4.3277,0.0800,-21.6725
2026-05-09T17:23:58.310,-4.3690,0.0800,-21.6736
2026-05-09T17:23:58.325,-4.4066,0.0800,-21.6735
2026-05-09T17:23:58.338,-4.4467,0.0800,-21.6728
2026-05-09T17:23:58.352,-4.4946,0.0800,-21.6716
2026-05-09T17:23:58.366,-4.5333,0.0800,-21.6695
2026-05-09T17:23:58.379,-4.5771,0.0800,-21.6664
2026-05-09T17:23:58.394,-4.6206,0.0800,-21.6631
2026-05-09T17:23:58.408,-4.6660,0.0800,-21.6584
2026-05-09T17:23:58.422,-4.7147,0.0800,-21.6526
2026-05-09T17:23:58.435,-4.7591,0.0800,-21.6465
2026-05-09T17:23:58.449,-4.8115,0.0800,-21.6390
2026-05-09T17:23:58.463,-4.8573,0.0800,-21.6313
2026-05-09T17:23:58.476,-4.9084,0.0800,-21.6220
2026-05-09T17:23:58.492,-4.9602,0.0800,-21.6123
2026-05-09T17:23:58.505,-5.0122,0.0800,-21.6014
2026-05-09T17:23:58.519,-5.0752,0.0800,-21.5875
2026-05-09T17:23:58.533,-5.1353,0.0800,-21.5738
2026-05-09T17:23:58.546,-5.1963,0.0800,-21.5684
2026-05-09T17:23:58.560,-5.2615,0.0800,-21.5683
2026-05-09T17:23:58.574,-5.3267,0.0800,-21.5683
2026-05-09T17:23:58.589,-5.3922,0.0800,-21.5683
2026-05-09T17:23:58.603,-5.4557,0.0800,-21.5684
2026-05-09T17:23:58.615,-5.5250,0.0800,-21.5687
2026-05-09T17:23:58.630,-5.5830,0.0800,-21.5686
2026-05-09T17:23:58.643,-5.6394,0.0800,-21.5679
2026-05-09T17:23:58.658,-5.6984,0.0800,-21.5671
2026-05-09T17:23:58.672,-5.7545,0.0800,-21.5662
2026-05-09T17:23:58.686,-5.8170,0.0800,-21.5654
2026-05-09T17:23:58.699,-5.8768,0.0800,-21.5644
2026-05-09T17:23:58.713,-5.9343,0.0800,-21.5635
2026-05-09T17:23:58.728,-5.9932,0.0800,-21.5627
2026-05-09T17:23:58.741,-6.0543,0.0800,-21.5618
2026-05-09T17:23:58.755,-6.1152,0.0800,-21.5609
2026-05-09T17:23:58.769,-6.1712,0.0800,-21.5600
2026-05-09T17:23:58.783,-6.2347,0.0800,-21.5592
2026-05-09T17:23:58.796,-6.2942,0.0800,-21.5583
2026-05-09T17:23:58.811,-6.3557,0.0800,-21.5575
2026-05-09T17:23:58.825,-6.4116,0.0800,-21.5565
2026-05-09T17:23:58.838,-6.4752,0.0800,-21.5557
2026-05-09T17:23:58.852,-6.5377,0.0800,-21.5548
2026-05-09T17:23:58.866,-6.5938,0.0800,-21.5539
2026-05-09T17:23:58.879,-6.6552,0.0800,-21.5532
2026-05-09T17:23:58.893,-6.7154,0.0800,-21.5524
2026-05-09T17:23:58.908,-6.7768,0.0800,-21.5517
2026-05-09T17:23:58.922,-6.8393,0.0800,-21.5516
2026-05-09T17:23:58.936,-6.9047,0.0800,-21.5522
2026-05-09T17:23:58.950,-6.9722,0.0800,-21.5532
2026-05-09T17:23:58.963,-7.0312,0.0800,-21.5548
2026-05-09T17:23:58.977,-7.0997,0.0800,-21.5569
2026-05-09T17:23:58.992,-7.1595,0.0800,-21.5587
2026-05-09T17:23:59.006,-7.2220,0.0800,-21.5605
2026-05-09T17:23:59.019,-7.2870,0.0800,-21.5624
2026-05-09T17:23:59.034,-7.3513,0.0800,-21.5641
2026-05-09T17:23:59.047,-7.4149,0.0800,-21.5652
2026-05-09T17:23:59.061,-7.4808,0.0800,-21.5660
2026-05-09T17:23:59.075,-7.5346,0.0800,-21.5660
2026-05-09T17:23:59.090,-7.5904,0.0800,-21.5657
2026-05-09T17:23:59.103,-7.6382,0.0800,-21.5644
2026-05-09T17:23:59.117,-7.6892,0.0800,-21.5622
2026-05-09T17:23:59.131,-7.7321,0.0800,-21.5601
2026-05-09T17:23:59.145,-7.7765,0.0800,-21.5566
2026-05-09T17:23:59.159,-7.8193,0.0800,-21.5525
2026-05-09T17:23:59.173,-7.8628,0.0800,-21.5481
2026-05-09T17:23:59.187,-7.9010,0.0800,-21.5430
2026-05-09T17:23:59.201,-7.9375,0.0800,-21.5374
2026-05-09T17:23:59.213,-7.9762,0.0800,-21.5306
2026-05-09T17:23:59.228,-8.0110,0.0800,-21.5245
2026-05-09T17:23:59.241,-8.0441,0.0800,-21.5173
2026-05-09T17:23:59.256,-8.0752,0.0800,-21.5099
2026-05-09T17:23:59.270,-8.1055,0.0800,-21.5027
2026-05-09T17:23:59.284,-8.1371,0.0800,-21.4937
2026-05-09T17:23:59.297,-8.1646,0.0800,-21.4853
2026-05-09T17:23:59.312,-8.1962,0.0800,-21.4756
2026-05-09T17:23:59.326,-8.2228,0.0800,-21.4662
2026-05-09T17:23:59.340,-8.2531,0.0800,-21.4549
2026-05-09T17:23:59.353,-8.2858,0.0800,-21.4419
2026-05-09T17:23:59.367,-8.3101,0.0800,-21.4324
2026-05-09T17:23:59.380,-8.3379,0.0800,-21.4201
2026-05-09T17:23:59.395,-8.3666,0.0800,-21.4067
2026-05-09T17:23:59.408,-8.3931,0.0800,-21.3944
2026-05-09T17:23:59.424,-8.4202,0.0800,-21.3805
2026-05-09T17:23:59.436,-8.4474,0.0800,-21.3658
2026-05-09T17:23:59.450,-8.4768,0.0800,-21.3499
2026-05-09T17:23:59.465,-8.4993,0.0800,-21.3365
2026-05-09T17:23:59.478,-8.5267,0.0800,-21.3196
2026-05-09T17:23:59.492,-8.5547,0.0800,-21.3024
2026-05-09T17:23:59.506,-8.5803,0.0800,-21.2852
2026-05-09T17:23:59.519,-8.6064,0.0800,-21.2670
2026-05-09T17:23:59.533,-8.6337,0.0800,-21.2479
2026-05-09T17:23:59.547,-8.6590,0.0800,-21.2287
2026-05-09T17:23:59.561,-8.6847,0.0800,-21.2086
2026-05-09T17:23:59.574,-8.7099,0.0800,-21.1880
2026-05-09T17:23:59.589,-8.7368,0.0800,-21.1661
2026-05-09T17:23:59.603,-8.7607,0.0800,-21.1451
2026-05-09T17:23:59.616,-8.7914,0.0800,-21.1173
2026-05-09T17:23:59.630,-8.8182,0.0800,-21.0930
2026-05-09T17:23:59.643,-8.8467,0.0800,-21.0653
2026-05-09T17:23:59.657,-8.8729,0.0800,-21.0388
2026-05-09T17:23:59.671,-8.8997,0.0800,-21.0115
2026-05-09T17:23:59.685,-8.9274,0.0800,-20.9815
2026-05-09T17:23:59.699,-8.9560,0.0800,-20.9496
2026-05-09T17:23:59.713,-8.9830,0.0800,-20.9190
2026-05-09T17:23:59.727,-9.0097,0.0800,-20.8869
2026-05-09T17:23:59.740,-9.0368,0.0800,-20.8532
2026-05-09T17:23:59.754,-9.0627,0.0800,-20.8197
2026-05-09T17:23:59.768,-9.0871,0.0800,-20.7879
2026-05-09T17:23:59.782,-9.1125,0.0800,-20.7526
2026-05-09T17:23:59.795,-9.1353,0.0800,-20.7199
2026-05-09T17:23:59.809,-9.1602,0.0800,-20.6835
2026-05-09T17:23:59.823,-9.1814,0.0800,-20.6505
2026-05-09T17:23:59.837,-9.2033,0.0800,-20.6154
2026-05-09T17:23:59.851,-9.2258,0.0800,-20.5786
2026-05-09T17:23:59.865,-9.2454,0.0800,-20.5446
2026-05-09T17:23:59.878,-9.2663,0.0800,-20.5069
2026-05-09T17:23:59.892,-9.2863,0.0800,-20.4702
2026-05-09T17:23:59.906,-9.3058,0.0800,-20.4322
2026-05-09T17:23:59.919,-9.3243,0.0800,-20.3943
2026-05-09T17:23:59.933,-9.3419,0.0800,-20.3579
2026-05-09T17:23:59.947,-9.3597,0.0800,-20.3183
2026-05-09T17:23:59.961,-9.3751,0.0800,-20.2823
2026-05-09T17:23:59.974,-9.3919,0.0800,-20.2415
2026-05-09T17:23:59.989,-9.4068,0.0800,-20.2044
2026-05-09T17:24:00.002,-9.4196,0.0800,-20.1697
2026-05-09T17:24:00.016,-9.4359,0.0800,-20.1235
2026-05-09T17:24:00.030,-9.4479,0.0800,-20.0884
2026-05-09T17:24:00.043,-9.4605,0.0800,-20.0479
2026-05-09T17:24:00.057,-9.4723,0.0800,-20.0072
2026-05-09T17:24:00.071,-9.4831,0.0800,-19.9686
2026-05-09T17:24:00.085,-9.4934,0.0800,-19.9274
2026-05-09T17:24:00.099,-9.5026,0.0800,-19.8876
2026-05-09T17:24:00.113,-9.5118,0.0800,-19.8463
2026-05-09T17:24:00.127,-9.5199,0.0800,-19.8047
2026-05-09T17:24:00.140,-9.5275,0.0800,-19.7616
2026-05-09T17:24:00.154,-9.5341,0.0800,-19.7203
2026-05-09T17:24:00.168,-9.5400,0.0800,-19.6812
2026-05-09T17:24:00.182,-9.5455,0.0800,-19.6371
2026-05-09T17:24:00.195,-9.5499,0.0800,-19.5968
2026-05-09T17:24:00.209,-9.5542,0.0800,-19.5537
2026-05-09T17:24:00.223,-9.5572,0.0800,-19.5139
2026-05-09T17:24:00.237,-9.5600,0.0800,-19.4687
2026-05-09T17:24:00.251,-9.5623,0.0800,-19.4232
2026-05-09T17:24:00.265,-9.5636,0.0800,-19.3787
2026-05-09T17:24:00.278,-9.5643,0.0800,-19.3284
2026-05-09T17:24:00.292,-9.5646,0.0800,-19.2741
2026-05-09T17:24:00.306,-9.5638,0.0800,-19.2104
2026-05-09T17:24:00.320,-9.5628,0.0800,-19.1454
2026-05-09T17:24:00.333,-9.5620,0.0800,-19.0905
2026-05-09T17:24:00.347,-9.5610,0.0800,-19.0215
2026-05-09T17:24:00.361,-9.5605,0.0800,-18.9584
2026-05-09T17:24:00.374,-9.5603,0.0800,-18.8907
2026-05-09T17:24:00.388,-9.5605,0.0800,-18.8283
2026-05-09T17:24:00.403,-9.5612,0.0800,-18.7634
2026-05-09T17:24:00.416,-9.5625,0.0800,-18.6921
2026-05-09T17:24:00.431,-9.5639,0.0800,-18.6244
2026-05-09T17:24:00.444,-9.5654,0.0800,-18.5571
2026-05-09T17:24:00.458,-9.5671,0.0800,-18.4854
2026-05-09T17:24:00.472,-9.5686,0.0800,-18.4187
2026-05-09T17:24:00.486,-9.5703,0.0800,-18.3458
2026-05-09T17:24:00.500,-9.5719,0.0800,-18.2808
2026-05-09T17:24:00.514,-9.5736,0.0800,-18.2089
2026-05-09T17:24:00.528,-9.5751,0.0800,-18.1451
2026-05-09T17:24:00.542,-9.5769,0.0800,-18.0731
2026-05-09T17:24:00.555,-9.5785,0.0800,-18.0034
2026-05-09T17:24:00.570,-9.5798,0.0800,-17.9383
2026-05-09T17:24:00.583,-9.5808,0.0800,-17.8697
2026-05-09T17:24:00.597,-9.5814,0.0800,-17.8032
2026-05-09T17:24:00.611,-9.5818,0.0800,-17.7349
2026-05-09T17:24:00.625,-9.5817,0.0800,-17.6700
2026-05-09T17:24:00.638,-9.5812,0.0800,-17.6014
2026-05-09T17:24:00.653,-9.5805,0.0800,-17.5351
2026-05-09T17:24:00.667,-9.5793,0.0800,-17.4713
2026-05-09T17:24:00.680,-9.5777,0.0800,-17.4004
2026-05-09T17:24:00.694,-9.5757,0.0800,-17.3352
2026-05-09T17:24:00.708,-9.5734,0.0800,-17.2703
2026-05-09T17:24:00.722,-9.5707,0.0800,-17.2054
2026-05-09T17:24:00.736,-9.5674,0.0800,-17.1388
2026-05-09T17:24:00.750,-9.5635,0.0800,-17.0685
2026-05-09T17:24:00.764,-9.5598,0.0800,-17.0095
2026-05-09T17:24:00.777,-9.5552,0.0800,-16.9442
2026-05-09T17:24:00.792,-9.5501,0.0800,-16.8779
2026-05-09T17:24:00.805,-9.5448,0.0800,-16.8162
2026-05-09T17:24:00.819,-9.5382,0.0800,-16.7461
2026-05-09T17:24:00.833,-9.5322,0.0800,-16.6872
2026-05-09T17:24:00.847,-9.5255,0.0800,-16.6271
2026-05-09T17:24:00.861,-9.5180,0.0800,-16.5658
2026-05-09T17:24:00.874,-9.5101,0.0800,-16.5069
2026-05-09T17:24:00.888,-9.5016,0.0800,-16.4474
2026-05-09T17:24:00.903,-9.4931,0.0800,-16.3931
2026-05-09T17:24:00.915,-9.4825,0.0800,-16.3295
2026-05-09T17:24:00.930,-9.4726,0.0800,-16.2741
2026-05-09T17:24:00.943,-9.4620,0.0800,-16.2185
2026-05-09T17:24:00.957,-9.4496,0.0800,-16.1568
2026-05-09T17:24:00.972,-9.4370,0.0800,-16.0961
2026-05-09T17:24:00.986,-9.4223,0.0800,-16.0285
2026-05-09T17:24:00.999,-9.4074,0.0800,-15.9612
2026-05-09T17:24:01.014,-9.3914,0.0800,-15.8901
2026-05-09T17:24:01.028,-9.3778,0.0800,-15.8301
2026-05-09T17:24:01.041,-9.3615,0.0800,-15.7573
2026-05-09T17:24:01.055,-9.3469,0.0800,-15.6921
2026-05-09T17:24:01.069,-9.3320,0.0800,-15.6258
2026-05-09T17:24:01.082,-9.3164,0.0800,-15.5561
2026-05-09T17:24:01.096,-9.3020,0.0800,-15.4920
2026-05-09T17:24:01.110,-9.2870,0.0800,-15.4250
2026-05-09T17:24:01.125,-9.2721,0.0800,-15.3589
2026-05-09T17:24:01.138,-9.2578,0.0800,-15.2937
2026-05-09T17:24:01.152,-9.2429,0.0800,-15.2243
2026-05-09T17:24:01.166,-9.2300,0.0800,-15.1619
2026-05-09T17:24:01.179,-9.2160,0.0800,-15.0948
2026-05-09T17:24:01.194,-9.2019,0.0800,-15.0271
2026-05-09T17:24:01.208,-9.1896,0.0800,-14.9694
2026-05-09T17:24:01.221,-9.1781,0.0800,-14.9180
2026-05-09T17:24:01.235,-9.1691,0.0800,-14.8809
2026-05-09T17:24:01.249,-9.1596,0.0800,-14.8441
2026-05-09T17:24:01.263,-9.1514,0.0800,-14.8155
2026-05-09T17:24:01.276,-9.1422,0.0800,-14.7853
2026-05-09T17:24:01.291,-9.1335,0.0800,-14.7580
2026-05-09T17:24:01.305,-9.1241,0.0800,-14.7310
2026-05-09T17:24:01.318,-9.1130,0.0800,-14.7012
2026-05-09T17:24:01.333,-9.1010,0.0800,-14.6704
2026-05-09T17:24:01.346,-9.0886,0.0800,-14.6408
2026-05-09T17:24:01.360,-9.0744,0.0800,-14.6085
2026-05-09T17:24:01.374,-9.0600,0.0800,-14.5772
2026-05-09T17:24:01.388,-9.0462,0.0800,-14.5488
2026-05-09T17:24:01.402,-9.0354,0.0800,-14.5279
2026-05-09T17:24:01.415,-9.0265,0.0800,-14.5116
2026-05-09T17:24:01.430,-9.0201,0.0800,-14.5000
2026-05-09T17:24:01.443,-9.0163,0.0800,-14.4939
2026-05-09T17:24:01.457,-9.0141,0.0800,-14.4906
2026-05-09T17:24:01.485,-9.0152,0.0800,-14.4927
2026-05-09T17:24:01.499,-9.0168,0.0800,-14.4953
2026-05-09T17:24:01.513,-9.0201,0.0800,-14.4998
2026-05-09T17:24:01.527,-9.0235,0.0800,-14.5046
2026-05-09T17:24:01.541,-9.0275,0.0800,-14.5100
2026-05-09T17:24:01.554,-9.0313,0.0800,-14.5148
2026-05-09T17:24:01.568,-9.0352,0.0800,-14.5192
2026-05-09T17:24:01.582,-9.0392,0.0800,-14.5239
2026-05-09T17:24:01.596,-9.0431,0.0800,-14.5283
2026-05-09T17:24:01.610,-9.0474,0.0800,-14.5326
2026-05-09T17:24:01.625,-9.0516,0.0800,-14.5369
2026-05-09T17:24:01.637,-9.0551,0.0800,-14.5404
2026-05-09T17:24:01.652,-9.0565,0.0800,-14.5416
2026-05-09T17:24:01.665,-9.0576,0.0800,-14.5428
2026-05-09T17:24:01.679,-9.0589,0.0800,-14.5442
2026-05-09T17:24:01.694,-9.0597,0.0800,-14.5448
2026-05-09T17:24:01.707,-9.0597,0.0800,-14.5452
2026-05-09T17:24:01.722,-9.0598,0.0800,-14.5456
2026-05-09T17:24:01.735,-9.0559,0.0800,-14.5434
2026-05-09T17:24:01.749,-9.0485,0.0800,-14.5388
2026-05-09T17:24:01.763,-9.0413,0.0800,-14.5348
2026-05-09T17:24:01.777,-9.0313,0.0800,-14.5295
2026-05-09T17:24:01.791,-9.0190,0.0800,-14.5228
2026-05-09T17:24:01.805,-9.0023,0.0800,-14.5147
2026-05-09T17:24:01.819,-8.9819,0.0800,-14.5051
2026-05-09T17:24:01.833,-8.9563,0.0800,-14.4934
2026-05-09T17:24:01.847,-8.9261,0.0800,-14.4806
2026-05-09T17:24:01.861,-8.8915,0.0800,-14.4667
2026-05-09T17:24:01.874,-8.8484,0.0800,-14.4501
2026-05-09T17:24:01.889,-8.8042,0.0800,-14.4338
2026-05-09T17:24:01.903,-8.7619,0.0800,-14.4191
2026-05-09T17:24:01.917,-8.7108,0.0800,-14.4021
2026-05-09T17:24:01.931,-8.6641,0.0800,-14.3873
2026-05-09T17:24:01.945,-8.6182,0.0800,-14.3736
2026-05-09T17:24:01.958,-8.5701,0.0800,-14.3601
2026-05-09T17:24:01.973,-8.5220,0.0800,-14.3472
2026-05-09T17:24:01.987,-8.4747,0.0800,-14.3354
2026-05-09T17:24:02.001,-8.4234,0.0800,-14.3235
2026-05-09T17:24:02.015,-8.3711,0.0800,-14.3123
2026-05-09T17:24:02.029,-8.3278,0.0800,-14.3034
2026-05-09T17:24:02.043,-8.2782,0.0800,-14.2943
2026-05-09T17:24:02.057,-8.2302,0.0800,-14.2862
2026-05-09T17:24:02.071,-8.1799,0.0800,-14.2783
2026-05-09T17:24:02.085,-8.1313,0.0800,-14.2716
2026-05-09T17:24:02.099,-8.0794,0.0800,-14.2651
2026-05-09T17:24:02.112,-8.0262,0.0800,-14.2592
2026-05-09T17:24:02.126,-7.9737,0.0800,-14.2542
2026-05-09T17:24:02.140,-7.9344,0.0800,-14.2511
2026-05-09T17:24:02.155,-7.8956,0.0800,-14.2485
2026-05-09T17:24:02.169,-7.8727,0.0800,-14.2476
2026-05-09T17:24:02.183,-7.8528,0.0800,-14.2473
2026-05-09T17:24:02.196,-7.8397,0.0800,-14.2475
2026-05-09T17:24:02.210,-7.8261,0.0800,-14.2477
2026-05-09T17:24:02.225,-7.8143,0.0800,-14.2483
2026-05-09T17:24:02.238,-7.8035,0.0800,-14.2492
2026-05-09T17:24:02.253,-7.7913,0.0800,-14.2501
2026-05-09T17:24:02.267,-7.7814,0.0800,-14.2513
2026-05-09T17:24:02.279,-7.7706,0.0800,-14.2529
2026-05-09T17:24:02.294,-7.7603,0.0800,-14.2544
2026-05-09T17:24:02.308,-7.7513,0.0800,-14.2561
2026-05-09T17:24:02.323,-7.7409,0.0800,-14.2583
2026-05-09T17:24:02.336,-7.7307,0.0800,-14.2606
2026-05-09T17:24:02.350,-7.7196,0.0800,-14.2632
2026-05-09T17:24:02.364,-7.7109,0.0800,-14.2657
2026-05-09T17:24:02.377,-7.7006,0.0800,-14.2688
2026-05-09T17:24:02.392,-7.6905,0.0800,-14.2719
2026-05-09T17:24:02.406,-7.6815,0.0800,-14.2750
2026-05-09T17:24:02.419,-7.6711,0.0800,-14.2789
2026-05-09T17:24:02.434,-7.6612,0.0800,-14.2826
2026-05-09T17:24:02.447,-7.6518,0.0800,-14.2866
2026-05-09T17:24:02.461,-7.6426,0.0800,-14.2908
2026-05-09T17:24:02.474,-7.6336,0.0800,-14.2951
2026-05-09T17:24:02.489,-7.6238,0.0800,-14.2998
2026-05-09T17:24:02.503,-7.6155,0.0800,-14.3042
2026-05-09T17:24:02.517,-7.6054,0.0800,-14.3098
2026-05-09T17:24:02.531,-7.5966,0.0800,-14.3148
2026-05-09T17:24:02.544,-7.5876,0.0800,-14.3203
2026-05-09T17:24:02.558,-7.5789,0.0800,-14.3259
2026-05-09T17:24:02.572,-7.5702,0.0800,-14.3316
2026-05-09T17:24:02.587,-7.5615,0.0800,-14.3378
2026-05-09T17:24:02.601,-7.5529,0.0800,-14.3442
2026-05-09T17:24:02.614,-7.5438,0.0800,-14.3513
2026-05-09T17:24:02.628,-7.5350,0.0800,-14.3582
2026-05-09T17:24:02.642,-7.5254,0.0800,-14.3663
2026-05-09T17:24:02.656,-7.5157,0.0800,-14.3749
2026-05-09T17:24:02.670,-7.5055,0.0800,-14.3840
2026-05-09T17:24:02.684,-7.4924,0.0800,-14.3965
2026-05-09T17:24:02.698,-7.4780,0.0800,-14.4108
2026-05-09T17:24:02.712,-7.4583,0.0800,-14.4307
2026-05-09T17:24:02.726,-7.4348,0.0800,-14.4558
2026-05-09T17:24:02.739,-7.4074,0.0800,-14.4861
2026-05-09T17:24:02.754,-7.3727,0.0800,-14.5256
2026-05-09T17:24:02.768,-7.3403,0.0800,-14.5637
2026-05-09T17:24:02.781,-7.3002,0.0800,-14.6120
2026-05-09T17:24:02.795,-7.2598,0.0800,-14.6618
2026-05-09T17:24:02.809,-7.2164,0.0800,-14.7161
2026-05-09T17:24:02.824,-7.1772,0.0800,-14.7656
2026-05-09T17:24:02.837,-7.1347,0.0800,-14.8192
2026-05-09T17:24:02.851,-7.0880,0.0800,-14.8783
2026-05-09T17:24:02.865,-7.0484,0.0800,-14.9283
2026-05-09T17:24:02.878,-7.0057,0.0800,-14.9823
2026-05-09T17:24:02.893,-6.9638,0.0800,-15.0352
2026-05-09T17:24:02.907,-6.9215,0.0800,-15.0888
2026-05-09T17:24:02.920,-6.8769,0.0800,-15.1450
2026-05-09T17:24:02.935,-6.8364,0.0800,-15.1962
2026-05-09T17:24:02.948,-6.7921,0.0800,-15.2521
2026-05-09T17:24:02.962,-6.7509,0.0800,-15.3041
2026-05-09T17:24:02.975,-6.7090,0.0800,-15.3569
2026-05-09T17:24:02.990,-6.6648,0.0800,-15.4125
2026-05-09T17:24:03.004,-6.6246,0.0800,-15.4631
2026-05-09T17:24:03.017,-6.5774,0.0800,-15.5224
2026-05-09T17:24:03.032,-6.5364,0.0800,-15.5739
2026-05-09T17:24:03.045,-6.4952,0.0800,-15.6257
2026-05-09T17:24:03.059,-6.4510,0.0800,-15.6813
2026-05-09T17:24:03.073,-6.4096,0.0800,-15.7333
2026-05-09T17:24:03.088,-6.3675,0.0800,-15.7861
2026-05-09T17:24:03.102,-6.3248,0.0800,-15.8399
2026-05-09T17:24:03.115,-6.2790,0.0800,-15.8981
2026-05-09T17:24:03.129,-6.2410,0.0800,-15.9469
2026-05-09T17:24:03.143,-6.2026,0.0800,-15.9971
2026-05-09T17:24:03.157,-6.1641,0.0800,-16.0482
2026-05-09T17:24:03.171,-6.1261,0.0800,-16.0994
2026-05-09T17:24:03.185,-6.0861,0.0800,-16.1543
2026-05-09T17:24:03.199,-6.0506,0.0800,-16.2040
2026-05-09T17:24:03.213,-6.0124,0.0800,-16.2585
2026-05-09T17:24:03.227,-5.9885,0.0800,-16.2938
2026-05-09T17:24:03.241,-5.9647,0.0800,-16.3301
2026-05-09T17:24:03.254,-5.9449,0.0800,-16.3615
2026-05-09T17:24:03.268,-5.9330,0.0800,-16.3809
2026-05-09T17:24:03.282,-5.9239,0.0800,-16.3969
2026-05-09T17:24:03.295,-5.9175,0.0800,-16.4089
2026-05-09T17:24:03.309,-5.9116,0.0800,-16.4200
2026-05-09T17:24:03.323,-5.9077,0.0800,-16.4281
2026-05-09T17:24:03.337,-5.9056,0.0800,-16.4331
2026-05-09T17:24:03.351,-5.9032,0.0800,-16.4383
2026-05-09T17:24:03.365,-5.9016,0.0800,-16.4426
2026-05-09T17:24:03.379,-5.9000,0.0800,-16.4473
2026-05-09T17:24:03.394,-5.8982,0.0800,-16.4519
2026-05-09T17:24:03.407,-5.8969,0.0800,-16.4565
2026-05-09T17:24:03.421,-5.8955,0.0800,-16.4612
2026-05-09T17:24:03.435,-5.8944,0.0800,-16.4658
2026-05-09T17:24:03.448,-5.8927,0.0800,-16.4720
2026-05-09T17:24:03.462,-5.8914,0.0800,-16.4779
2026-05-09T17:24:03.476,-5.8894,0.0800,-16.4874
2026-05-09T17:24:03.491,-5.8869,0.0800,-16.4989
2026-05-09T17:24:03.505,-5.8839,0.0800,-16.5163
2026-05-09T17:24:03.518,-5.8791,0.0800,-16.5468
2026-05-09T17:24:03.532,-5.8739,0.0800,-16.5822
2026-05-09T17:24:03.546,-5.8690,0.0800,-16.6218
2026-05-09T17:24:03.560,-5.8640,0.0800,-16.6687
2026-05-09T17:24:03.574,-5.8594,0.0800,-16.7173
2026-05-09T17:24:03.588,-5.8556,0.0800,-16.7675
2026-05-09T17:24:03.602,-5.8523,0.0800,-16.8210
2026-05-09T17:24:03.615,-5.8494,0.0800,-16.8816
2026-05-09T17:24:03.629,-5.8475,0.0800,-16.9332
2026-05-09T17:24:03.643,-5.8464,0.0800,-16.9831
2026-05-09T17:24:03.657,-5.8458,0.0800,-17.0436
2026-05-09T17:24:03.671,-5.8458,0.0800,-17.0992
2026-05-09T17:24:03.685,-5.8466,0.0800,-17.1603
2026-05-09T17:24:03.699,-5.8482,0.0800,-17.2185
2026-05-09T17:24:03.712,-5.8504,0.0800,-17.2803
2026-05-09T17:24:03.726,-5.8532,0.0800,-17.3409
2026-05-09T17:24:03.740,-5.8568,0.0800,-17.4041
2026-05-09T17:24:03.755,-5.8609,0.0800,-17.4695
2026-05-09T17:24:03.768,-5.8655,0.0800,-17.5342
2026-05-09T17:24:03.782,-5.8713,0.0800,-17.6088
2026-05-09T17:24:03.796,-5.8766,0.0800,-17.6724
2026-05-09T17:24:03.810,-5.8829,0.0800,-17.7433
2026-05-09T17:24:03.824,-5.8888,0.0800,-17.8066
2026-05-09T17:24:03.838,-5.8952,0.0800,-17.8750
2026-05-09T17:24:03.852,-5.9020,0.0800,-17.9469
2026-05-09T17:24:03.866,-5.9078,0.0800,-18.0092
2026-05-09T17:24:03.879,-5.9136,0.0800,-18.0752
2026-05-09T17:24:03.896,-5.9180,0.0800,-18.1308
2026-05-09T17:24:03.907,-5.9208,0.0800,-18.1749
2026-05-09T17:24:03.921,-5.9223,0.0800,-18.2093
2026-05-09T17:24:03.935,-5.9223,0.0800,-18.2120
2026-05-09T17:24:03.948,-5.9224,0.0800,-18.2118
2026-05-09T17:24:03.963,-5.9217,0.0800,-18.1665
2026-05-09T17:24:03.976,-5.9204,0.0800,-18.1198
2026-05-09T17:24:03.991,-5.9178,0.0800,-18.0617
2026-05-09T17:24:04.005,-5.9149,0.0800,-18.0115
2026-05-09T17:24:04.018,-5.9108,0.0800,-17.9518
2026-05-09T17:24:04.033,-5.9060,0.0800,-17.8983
2026-05-09T17:24:04.046,-5.9009,0.0800,-17.8460
2026-05-09T17:24:04.060,-5.8953,0.0800,-17.7955
2026-05-09T17:24:04.074,-5.8895,0.0800,-17.7509
2026-05-09T17:24:04.088,-5.8831,0.0800,-17.7057
2026-05-09T17:24:04.102,-5.8762,0.0800,-17.6619
2026-05-09T17:24:04.115,-5.8682,0.0800,-17.6171
2026-05-09T17:24:04.130,-5.8600,0.0800,-17.5762
2026-05-09T17:24:04.144,-5.8515,0.0800,-17.5363
2026-05-09T17:24:04.157,-5.8413,0.0800,-17.4919
2026-05-09T17:24:04.171,-5.8308,0.0800,-17.4504
2026-05-09T17:24:04.186,-5.8198,0.0800,-17.4089
2026-05-09T17:24:04.199,-5.8080,0.0800,-17.3674
2026-05-09T17:24:04.213,-5.7950,0.0800,-17.3248
2026-05-09T17:24:04.227,-5.7822,0.0800,-17.2850
2026-05-09T17:24:04.241,-5.7685,0.0800,-17.2445
2026-05-09T17:24:04.255,-5.7536,0.0800,-17.2030
2026-05-09T17:24:04.269,-5.7385,0.0800,-17.1636
2026-05-09T17:24:04.283,-5.7224,0.0800,-17.1231
2026-05-09T17:24:04.296,-5.7057,0.0800,-17.0834
2026-05-09T17:24:04.310,-5.6880,0.0800,-17.0434
2026-05-09T17:24:04.324,-5.6711,0.0800,-17.0068
2026-05-09T17:24:04.338,-5.6537,0.0800,-16.9705
2026-05-09T17:24:04.352,-5.6331,0.0800,-16.9298
2026-05-09T17:24:04.366,-5.6138,0.0800,-16.8929
2026-05-09T17:24:04.379,-5.5921,0.0800,-16.8531
2026-05-09T17:24:04.394,-5.5723,0.0800,-16.8186
2026-05-09T17:24:04.408,-5.5539,0.0800,-16.7874
2026-05-09T17:24:04.422,-5.5321,0.0800,-16.7517
2026-05-09T17:24:04.435,-5.5124,0.0800,-16.7209
2026-05-09T17:24:04.449,-5.4906,0.0800,-16.6885
2026-05-09T17:24:04.464,-5.4714,0.0800,-16.6609
2026-05-09T17:24:04.477,-5.4518,0.0800,-16.6337
2026-05-09T17:24:04.492,-5.4314,0.0800,-16.6068
2026-05-09T17:24:04.505,-5.4144,0.0800,-16.5849
2026-05-09T17:24:04.519,-5.3966,0.0800,-16.5629
2026-05-09T17:24:04.533,-5.3810,0.0800,-16.5448
2026-05-09T17:24:04.546,-5.3667,0.0800,-16.5284
2026-05-09T17:24:04.560,-5.3536,0.0800,-16.5141
2026-05-09T17:24:04.575,-5.3429,0.0800,-16.5031
2026-05-09T17:24:04.589,-5.3318,0.0800,-16.4919
2026-05-09T17:24:04.603,-5.3219,0.0800,-16.4823
2026-05-09T17:24:04.616,-5.3133,0.0800,-16.4742
2026-05-09T17:24:04.630,-5.3061,0.0800,-16.4680
2026-05-09T17:24:04.644,-5.2985,0.0800,-16.4615
2026-05-09T17:24:04.658,-5.2905,0.0800,-16.4549
2026-05-09T17:24:04.672,-5.2827,0.0800,-16.4490
2026-05-09T17:24:04.686,-5.2742,0.0800,-16.4427
2026-05-09T17:24:04.699,-5.2660,0.0800,-16.4368
2026-05-09T17:24:04.713,-5.2577,0.0800,-16.4313
2026-05-09T17:24:04.727,-5.2496,0.0800,-16.4260
2026-05-09T17:24:04.741,-5.2416,0.0800,-16.4209
2026-05-09T17:24:04.755,-5.2342,0.0800,-16.4165
2026-05-09T17:24:04.769,-5.2274,0.0800,-16.4128
2026-05-09T17:24:04.783,-5.2200,0.0800,-16.4087
2026-05-09T17:24:04.797,-5.2135,0.0800,-16.4054
2026-05-09T17:24:04.810,-5.2071,0.0800,-16.4024
2026-05-09T17:24:04.825,-5.2009,0.0800,-16.3995
2026-05-09T17:24:04.838,-5.1953,0.0800,-16.3971
2026-05-09T17:24:04.853,-5.1904,0.0800,-16.3952
2026-05-09T17:24:04.867,-5.1868,0.0800,-16.3937
2026-05-09T17:24:04.881,-5.1828,0.0800,-16.3922
2026-05-09T17:24:04.894,-5.1794,0.0800,-16.3910
2026-05-09T17:24:04.908,-5.1763,0.0800,-16.3901
2026-05-09T17:24:04.922,-5.1731,0.0800,-16.3891
2026-05-09T17:24:04.936,-5.1699,0.0800,-16.3882
2026-05-09T17:24:04.949,-5.1669,0.0800,-16.3875
2026-05-09T17:24:04.964,-5.1647,0.0800,-16.3870
2026-05-09T17:24:04.977,-5.1643,0.0800,-16.3868
2026-05-09T17:24:04.992,-5.1669,0.0800,-16.3871
2026-05-09T17:24:05.006,-5.1707,0.0800,-16.3875
2026-05-09T17:24:05.019,-5.1800,0.0800,-16.3883
2026-05-09T17:24:05.033,-5.1904,0.0800,-16.3892
2026-05-09T17:24:05.047,-5.2058,0.0800,-16.3899
2026-05-09T17:24:05.061,-5.2264,0.0800,-16.3906
2026-05-09T17:24:05.074,-5.2499,0.0800,-16.3908
2026-05-09T17:24:05.089,-5.2828,0.0800,-16.3907
2026-05-09T17:24:05.103,-5.3153,0.0800,-16.3898
2026-05-09T17:24:05.116,-5.3581,0.0800,-16.3879
2026-05-09T17:24:05.131,-5.3971,0.0800,-16.3855
2026-05-09T17:24:05.144,-5.4381,0.0800,-16.3822
2026-05-09T17:24:05.158,-5.4779,0.0800,-16.3783
2026-05-09T17:24:05.172,-5.5187,0.0800,-16.3736
2026-05-09T17:24:05.186,-5.5581,0.0800,-16.3684
2026-05-09T17:24:05.200,-5.6012,0.0800,-16.3618
2026-05-09T17:24:05.213,-5.6436,0.0800,-16.3546
2026-05-09T17:24:05.228,-5.6826,0.0800,-16.3473
2026-05-09T17:24:05.242,-5.7216,0.0800,-16.3391
2026-05-09T17:24:05.255,-5.7660,0.0800,-16.3292
2026-05-09T17:24:05.270,-5.8098,0.0800,-16.3186
2026-05-09T17:24:05.283,-5.8522,0.0800,-16.3075
2026-05-09T17:24:05.297,-5.8921,0.0800,-16.2964
2026-05-09T17:24:05.311,-5.9346,0.0800,-16.2837
2026-05-09T17:24:05.326,-5.9762,0.0800,-16.2706
2026-05-09T17:24:05.339,-6.0157,0.0800,-16.2572
2026-05-09T17:24:05.353,-6.0599,0.0800,-16.2416
2026-05-09T17:24:05.367,-6.0986,0.0800,-16.2270
2026-05-09T17:24:05.379,-6.1407,0.0800,-16.2103
2026-05-09T17:24:05.395,-6.1794,0.0800,-16.1943
2026-05-09T17:24:05.408,-6.2167,0.0800,-16.1781
2026-05-09T17:24:05.422,-6.2557,0.0800,-16.1602
2026-05-09T17:24:05.436,-6.2924,0.0800,-16.1426
2026-05-09T17:24:05.449,-6.3309,0.0800,-16.1234
2026-05-09T17:24:05.464,-6.3638,0.0800,-16.1061
2026-05-09T17:24:05.477,-6.3997,0.0800,-16.0864
2026-05-09T17:24:05.492,-6.4347,0.0800,-16.0665
2026-05-09T17:24:05.505,-6.4681,0.0800,-16.0466
2026-05-09T17:24:05.519,-6.5033,0.0800,-16.0248
2026-05-09T17:24:05.533,-6.5363,0.0800,-16.0036
2026-05-09T17:24:05.547,-6.5693,0.0800,-15.9815
2026-05-09T17:24:05.560,-6.6030,0.0800,-15.9581
2026-05-09T17:24:05.574,-6.6357,0.0800,-15.9345
2026-05-09T17:24:05.588,-6.6662,0.0800,-15.9117
2026-05-09T17:24:05.602,-6.6967,0.0800,-15.8881
2026-05-09T17:24:05.616,-6.7303,0.0800,-15.8611
2026-05-09T17:24:05.630,-6.7598,0.0800,-15.8367
2026-05-09T17:24:05.643,-6.7903,0.0800,-15.8104
2026-05-09T17:24:05.657,-6.8192,0.0800,-15.7845
2026-05-09T17:24:05.671,-6.8481,0.0800,-15.7580
2026-05-09T17:24:05.685,-6.8779,0.0800,-15.7295
2026-05-09T17:24:05.698,-6.9055,0.0800,-15.7021
2026-05-09T17:24:05.713,-6.9345,0.0800,-15.6725
2026-05-09T17:24:05.727,-6.9596,0.0800,-15.6457
2026-05-09T17:24:05.741,-6.9883,0.0800,-15.6141
2026-05-09T17:24:05.754,-7.0143,0.0800,-15.5842
2026-05-09T17:24:05.768,-7.0402,0.0800,-15.5538
2026-05-09T17:24:05.782,-7.0644,0.0800,-15.5240
2026-05-09T17:24:05.795,-7.0897,0.0800,-15.4918
2026-05-09T17:24:05.809,-7.1174,0.0800,-15.4556
2026-05-09T17:24:05.823,-7.1478,0.0800,-15.4142
2026-05-09T17:24:05.837,-7.1856,0.0800,-15.3616
2026-05-09T17:24:05.851,-7.2263,0.0800,-15.3042
2026-05-09T17:24:05.864,-7.2634,0.0800,-15.2519
2026-05-09T17:24:05.878,-7.3052,0.0800,-15.1929
2026-05-09T17:24:05.892,-7.3460,0.0800,-15.1355
2026-05-09T17:24:05.906,-7.3855,0.0800,-15.0798
2026-05-09T17:24:05.919,-7.4253,0.0800,-15.0237
2026-05-09T17:24:05.934,-7.4649,0.0800,-14.9678
2026-05-09T17:24:05.948,-7.5039,0.0800,-14.9128
2026-05-09T17:24:05.962,-7.5417,0.0800,-14.8596
2026-05-09T17:24:05.975,-7.5823,0.0800,-14.8031
2026-05-09T17:24:05.989,-7.6201,0.0800,-14.7510
2026-05-09T17:24:06.003,-7.6573,0.0800,-14.7005
2026-05-09T17:24:06.016,-7.6999,0.0800,-14.6434
2026-05-09T17:24:06.030,-7.7362,0.0800,-14.5953
2026-05-09T17:24:06.044,-7.7756,0.0800,-14.5440
2026-05-09T17:24:06.058,-7.8154,0.0800,-14.4928
2026-05-09T17:24:06.072,-7.8553,0.0800,-14.4423
2026-05-09T17:24:06.086,-7.8947,0.0800,-14.3933
2026-05-09T17:24:06.100,-7.9356,0.0800,-14.3433
2026-05-09T17:24:06.113,-7.9797,0.0800,-14.2904
2026-05-09T17:24:06.128,-8.0172,0.0800,-14.2460
2026-05-09T17:24:06.141,-8.0576,0.0800,-14.1993
2026-05-09T17:24:06.155,-8.1011,0.0800,-14.1498
2026-05-09T17:24:06.169,-8.1417,0.0800,-14.1043
2026-05-09T17:24:06.184,-8.1867,0.0800,-14.0549
2026-05-09T17:24:06.197,-8.2319,0.0800,-14.0061
2026-05-09T17:24:06.211,-8.2796,0.0800,-13.9552
2026-05-09T17:24:06.226,-8.3240,0.0800,-13.9085
2026-05-09T17:24:06.239,-8.3708,0.0800,-13.8599
2026-05-09T17:24:06.253,-8.4213,0.0800,-13.8078
2026-05-09T17:24:06.267,-8.4655,0.0800,-13.7625
2026-05-09T17:24:06.281,-8.5161,0.0800,-13.7108
2026-05-09T17:24:06.294,-8.5636,0.0800,-13.6621
2026-05-09T17:24:06.309,-8.6135,0.0800,-13.6111
2026-05-09T17:24:06.323,-8.6565,0.0800,-13.5670
2026-05-09T17:24:06.337,-8.6964,0.0800,-13.5262
2026-05-09T17:24:06.351,-8.7353,0.0800,-13.4864
2026-05-09T17:24:06.365,-8.7658,0.0800,-13.4551
2026-05-09T17:24:06.379,-8.7991,0.0800,-13.4210
2026-05-09T17:24:06.393,-8.8316,0.0800,-13.3876
2026-05-09T17:24:06.407,-8.8636,0.0800,-13.3548
2026-05-09T17:24:06.421,-8.8973,0.0800,-13.3203
2026-05-09T17:24:06.434,-8.9282,0.0800,-13.2886
2026-05-09T17:24:06.448,-8.9635,0.0800,-13.2522
2026-05-09T17:24:06.462,-8.9949,0.0800,-13.2200
2026-05-09T17:24:06.476,-9.0310,0.0800,-13.1829
2026-05-09T17:24:06.490,-9.0678,0.0800,-13.1450
2026-05-09T17:24:06.504,-9.1038,0.0800,-13.1080
2026-05-09T17:24:06.518,-9.1458,0.0800,-13.0648
2026-05-09T17:24:06.532,-9.1875,0.0800,-13.0219
2026-05-09T17:24:06.546,-9.2306,0.0800,-12.9776
2026-05-09T17:24:06.560,-9.2756,0.0800,-12.9314
2026-05-09T17:24:06.573,-9.3203,0.0800,-12.8853
2026-05-09T17:24:06.588,-9.3649,0.0800,-12.8390
2026-05-09T17:24:06.602,-9.4073,0.0800,-12.7944
2026-05-09T17:24:06.615,-9.4591,0.0800,-12.7395
2026-05-09T17:24:06.630,-9.5016,0.0800,-12.6940
2026-05-09T17:24:06.643,-9.5443,0.0800,-12.6476
2026-05-09T17:24:06.657,-9.5922,0.0800,-12.5951
2026-05-09T17:24:06.671,-9.6355,0.0800,-12.5473
2026-05-09T17:24:06.685,-9.6813,0.0800,-12.4959
2026-05-09T17:24:06.699,-9.7257,0.0800,-12.4454
2026-05-09T17:24:06.713,-9.7664,0.0800,-12.3987
2026-05-09T17:24:06.727,-9.8004,0.0800,-12.3588
2026-05-09T17:24:06.741,-9.8302,0.0800,-12.3233
2026-05-09T17:24:06.754,-9.8527,0.0800,-12.2959
2026-05-09T17:24:06.768,-9.8732,0.0800,-12.2707
2026-05-09T17:24:06.782,-9.8929,0.0800,-12.2453
2026-05-09T17:24:06.796,-9.9106,0.0800,-12.2216
2026-05-09T17:24:06.810,-9.9235,0.0800,-12.2040
2026-05-09T17:24:06.824,-9.9335,0.0800,-12.1891
2026-05-09T17:24:06.837,-9.9436,0.0800,-12.1734
2026-05-09T17:24:06.851,-9.9540,0.0800,-12.1572
2026-05-09T17:24:06.865,-9.9626,0.0800,-12.1426
2026-05-09T17:24:06.879,-9.9717,0.0800,-12.1263
2026-05-09T17:24:06.893,-9.9814,0.0800,-12.1089
2026-05-09T17:24:06.906,-9.9899,0.0800,-12.0922
2026-05-09T17:24:06.921,-10.0005,0.0800,-12.0704
2026-05-09T17:24:06.934,-10.0106,0.0800,-12.0484
2026-05-09T17:24:06.948,-10.0251,0.0800,-12.0164
2026-05-09T17:24:06.962,-10.0355,0.0800,-11.9916
2026-05-09T17:24:06.975,-10.0488,0.0800,-11.9580
2026-05-09T17:24:06.990,-10.0612,0.0800,-11.9263
2026-05-09T17:24:07.003,-10.0724,0.0800,-11.8945
2026-05-09T17:24:07.017,-10.0845,0.0800,-11.8584
2026-05-09T17:24:07.031,-10.0957,0.0800,-11.8241
2026-05-09T17:24:07.045,-10.1058,0.0800,-11.7896
2026-05-09T17:24:07.058,-10.1163,0.0800,-11.7515
2026-05-09T17:24:07.072,-10.1269,0.0800,-11.7117
2026-05-09T17:24:07.086,-10.1366,0.0800,-11.6710
2026-05-09T17:24:07.099,-10.1460,0.0800,-11.6288
2026-05-09T17:24:07.114,-10.1555,0.0800,-11.5835
2026-05-09T17:24:07.128,-10.1630,0.0800,-11.5429
2026-05-09T17:24:07.141,-10.1715,0.0800,-11.4928
2026-05-09T17:24:07.155,-10.1776,0.0800,-11.4516
2026-05-09T17:24:07.169,-10.1835,0.0800,-11.4092
2026-05-09T17:24:07.183,-10.1889,0.0800,-11.3617
2026-05-09T17:24:07.196,-10.1930,0.0800,-11.3194
2026-05-09T17:24:07.210,-10.1967,0.0800,-11.2754
2026-05-09T17:24:07.224,-10.1993,0.0800,-11.2325
2026-05-09T17:24:07.237,-10.2012,0.0800,-11.1867
2026-05-09T17:24:07.252,-10.2026,0.0800,-11.1403
2026-05-09T17:24:07.266,-10.2029,0.0800,-11.0974
2026-05-09T17:24:07.279,-10.2024,0.0800,-11.0521
2026-05-09T17:24:07.293,-10.2015,0.0800,-11.0074
2026-05-09T17:24:07.307,-10.1996,0.0800,-10.9640
2026-05-09T17:24:07.320,-10.1967,0.0800,-10.9170
2026-05-09T17:24:07.334,-10.1938,0.0800,-10.8751
2026-05-09T17:24:07.348,-10.1895,0.0800,-10.8284
2026-05-09T17:24:07.362,-10.1850,0.0800,-10.7867
2026-05-09T17:24:07.375,-10.1792,0.0800,-10.7403
2026-05-09T17:24:07.389,-10.1734,0.0800,-10.6971
2026-05-09T17:24:07.404,-10.1664,0.0800,-10.6525
2026-05-09T17:24:07.417,-10.1584,0.0800,-10.6070
2026-05-09T17:24:07.431,-10.1505,0.0800,-10.5642
2026-05-09T17:24:07.445,-10.1417,0.0800,-10.5218
2026-05-09T17:24:07.458,-10.1316,0.0800,-10.4772
2026-05-09T17:24:07.472,-10.1217,0.0800,-10.4352
2026-05-09T17:24:07.486,-10.1104,0.0800,-10.3917
2026-05-09T17:24:07.500,-10.0986,0.0800,-10.3489
2026-05-09T17:24:07.513,-10.0851,0.0800,-10.3029
2026-05-09T17:24:07.527,-10.0732,0.0800,-10.2638
2026-05-09T17:24:07.541,-10.0593,0.0800,-10.2215
2026-05-09T17:24:07.555,-10.0442,0.0800,-10.1781
2026-05-09T17:24:07.569,-10.0293,0.0800,-10.1363
2026-05-09T17:24:07.583,-10.0131,0.0800,-10.0940
2026-05-09T17:24:07.596,-9.9967,0.0800,-10.0531
2026-05-09T17:24:07.610,-9.9792,0.0800,-10.0108
2026-05-09T17:24:07.625,-9.9619,0.0800,-9.9716
2026-05-09T17:24:07.638,-9.9427,0.0800,-9.9298
2026-05-09T17:24:07.653,-9.9227,0.0800,-9.8875
2026-05-09T17:24:07.666,-9.9030,0.0800,-9.8481
2026-05-09T17:24:07.680,-9.8821,0.0800,-9.8080
2026-05-09T17:24:07.694,-9.8612,0.0800,-9.7688
2026-05-09T17:24:07.707,-9.8390,0.0800,-9.7295
2026-05-09T17:24:07.721,-9.8172,0.0800,-9.6922
2026-05-09T17:24:07.735,-9.7945,0.0800,-9.6549
2026-05-09T17:24:07.749,-9.7675,0.0800,-9.6114
2026-05-09T17:24:07.764,-9.7468,0.0800,-9.5799
2026-05-09T17:24:07.776,-9.7195,0.0800,-9.5394
2026-05-09T17:24:07.791,-9.6912,0.0800,-9.4984
2026-05-09T17:24:07.805,-9.6652,0.0800,-9.4623
2026-05-09T17:24:07.818,-9.6289,0.0800,-9.4134
2026-05-09T17:24:07.832,-9.5920,0.0800,-9.3646
2026-05-09T17:24:07.847,-9.5552,0.0800,-9.3174
2026-05-09T17:24:07.860,-9.5134,0.0800,-9.2644
2026-05-09T17:24:07.874,-9.4691,0.0800,-9.2085
2026-05-09T17:24:07.888,-9.4260,0.0800,-9.1541
2026-05-09T17:24:07.902,-9.3852,0.0800,-9.1025
2026-05-09T17:24:07.915,-9.3386,0.0800,-9.0438
2026-05-09T17:24:07.930,-9.2979,0.0800,-8.9926
2026-05-09T17:24:07.943,-9.2573,0.0800,-8.9415
2026-05-09T17:24:07.957,-9.2122,0.0800,-8.8846
2026-05-09T17:24:07.971,-9.1732,0.0800,-8.8354
2026-05-09T17:24:07.985,-9.1287,0.0800,-8.7793
2026-05-09T17:24:07.999,-9.0875,0.0800,-8.7279
2026-05-09T17:24:08.013,-9.0431,0.0800,-8.6727
2026-05-09T17:24:08.028,-9.0020,0.0800,-8.6221
2026-05-09T17:24:08.040,-8.9567,0.0800,-8.5670
2026-05-09T17:24:08.055,-8.9132,0.0800,-8.5143
2026-05-09T17:24:08.069,-8.8738,0.0800,-8.4671
2026-05-09T17:24:08.082,-8.8256,0.0800,-8.4099
2026-05-09T17:24:08.096,-8.7840,0.0800,-8.3611
2026-05-09T17:24:08.110,-8.7400,0.0800,-8.3098
2026-05-09T17:24:08.125,-8.6955,0.0800,-8.2583
2026-05-09T17:24:08.138,-8.6512,0.0800,-8.2076
2026-05-09T17:24:08.152,-8.6019,0.0800,-8.1516
2026-05-09T17:24:08.166,-8.5614,0.0800,-8.1059
2026-05-09T17:24:08.179,-8.5147,0.0800,-8.0538
2026-05-09T17:24:08.194,-8.4704,0.0800,-8.0046
2026-05-09T17:24:08.208,-8.4279,0.0800,-7.9580
2026-05-09T17:24:08.222,-8.3775,0.0800,-7.9031
2026-05-09T17:24:08.235,-8.3320,0.0800,-7.8540
2026-05-09T17:24:08.249,-8.2832,0.0800,-7.8018
2026-05-09T17:24:08.263,-8.2385,0.0800,-7.7544
2026-05-09T17:24:08.276,-8.1941,0.0800,-7.7078
2026-05-09T17:24:08.291,-8.1461,0.0800,-7.6577
2026-05-09T17:24:08.305,-8.1003,0.0800,-7.6104
2026-05-09T17:24:08.318,-8.0485,0.0800,-7.5573
2026-05-09T17:24:08.333,-8.0021,0.0800,-7.5101
2026-05-09T17:24:08.346,-7.9577,0.0800,-7.4655
2026-05-09T17:24:08.361,-7.9068,0.0800,-7.4148
2026-05-09T17:24:08.374,-7.8592,0.0800,-7.3678
2026-05-09T17:24:08.388,-7.8096,0.0800,-7.3191
2026-05-09T17:24:08.402,-7.7646,0.0800,-7.2755
2026-05-09T17:24:08.415,-7.7106,0.0800,-7.2235
2026-05-09T17:24:08.430,-7.6654,0.0800,-7.1804
2026-05-09T17:24:08.444,-7.6188,0.0800,-7.1364
2026-05-09T17:24:08.457,-7.5639,0.0800,-7.0851
2026-05-09T17:24:08.471,-7.5142,0.0800,-7.0387
2026-05-09T17:24:08.485,-7.4639,0.0800,-6.9920
2026-05-09T17:24:08.499,-7.4176,0.0800,-6.9490
2026-05-09T17:24:08.513,-7.3652,0.0800,-6.9002
2026-05-09T17:24:08.527,-7.3172,0.0800,-6.8556
2026-05-09T17:24:08.541,-7.2661,0.0800,-6.8079
2026-05-09T17:24:08.555,-7.2167,0.0800,-6.7620
2026-05-09T17:24:08.569,-7.1672,0.0800,-6.7159
2026-05-09T17:24:08.583,-7.1132,0.0800,-6.6655
2026-05-09T17:24:08.597,-7.0645,0.0800,-6.6202
2026-05-09T17:24:08.610,-7.0143,0.0800,-6.5734
2026-05-09T17:24:08.624,-6.9646,0.0800,-6.5271
2026-05-09T17:24:08.638,-6.9148,0.0800,-6.4807
2026-05-09T17:24:08.653,-6.8643,0.0800,-6.4337
2026-05-09T17:24:08.666,-6.8162,0.0800,-6.3890
2026-05-09T17:24:08.680,-6.7592,0.0800,-6.3360
2026-05-09T17:24:08.694,-6.7119,0.0800,-6.2919
2026-05-09T17:24:08.708,-6.6634,0.0800,-6.2462
2026-05-09T17:24:08.722,-6.6158,0.0800,-6.2008
2026-05-09T17:24:08.735,-6.5734,0.0800,-6.1596
2026-05-09T17:24:08.749,-6.5249,0.0800,-6.1118
2026-05-09T17:24:08.763,-6.4872,0.0800,-6.0736
2026-05-09T17:24:08.776,-6.4453,0.0800,-6.0303
2026-05-09T17:24:08.791,-6.4051,0.0800,-5.9881
2026-05-09T17:24:08.806,-6.3679,0.0800,-5.9478
2026-05-09T17:24:08.818,-6.3262,0.0800,-5.9015
2026-05-09T17:24:08.832,-6.2880,0.0800,-5.8582
2026-05-09T17:24:08.847,-6.2548,0.0800,-5.8193
2026-05-09T17:24:08.860,-6.2177,0.0800,-5.7748
2026-05-09T17:24:08.874,-6.1813,0.0800,-5.7298
2026-05-09T17:24:08.888,-6.1466,0.0800,-5.6862
2026-05-09T17:24:08.902,-6.1136,0.0800,-5.6433
2026-05-09T17:24:08.916,-6.0770,0.0800,-5.5944
2026-05-09T17:24:08.930,-6.0468,0.0800,-5.5532
2026-05-09T17:24:08.943,-6.0152,0.0800,-5.5084
2026-05-09T17:24:08.957,-5.9846,0.0800,-5.4638
2026-05-09T17:24:08.971,-5.9546,0.0800,-5.4192
2026-05-09T17:24:08.985,-5.9244,0.0800,-5.3725
2026-05-09T17:24:08.999,-5.8957,0.0800,-5.3267
2026-05-09T17:24:09.013,-5.8675,0.0800,-5.2807
2026-05-09T17:24:09.027,-5.8404,0.0800,-5.2346
2026-05-09T17:24:09.041,-5.8122,0.0800,-5.1853
2026-05-09T17:24:09.055,-5.7874,0.0800,-5.1402
2026-05-09T17:24:09.069,-5.7623,0.0800,-5.0936
2026-05-09T17:24:09.082,-5.7363,0.0800,-5.0431
2026-05-09T17:24:09.096,-5.7149,0.0800,-4.9999
2026-05-09T17:24:09.110,-5.6920,0.0800,-4.9527
2026-05-09T17:24:09.125,-5.6705,0.0800,-4.9060
2026-05-09T17:24:09.138,-5.6497,0.0800,-4.8592
2026-05-09T17:24:09.152,-5.6272,0.0800,-4.8071
2026-05-09T17:24:09.166,-5.6117,0.0800,-4.7688
2026-05-09T17:24:09.179,-5.5942,0.0800,-4.7238
2026-05-09T17:24:09.193,-5.5775,0.0800,-4.6794
2026-05-09T17:24:09.207,-5.5655,0.0800,-4.6451
2026-05-09T17:24:09.221,-5.5520,0.0800,-4.6043
2026-05-09T17:24:09.235,-5.5404,0.0800,-4.5665
2026-05-09T17:24:09.249,-5.5290,0.0800,-4.5282
2026-05-09T17:24:09.262,-5.5200,0.0800,-4.4943
2026-05-09T17:24:09.276,-5.5104,0.0800,-4.4558
2026-05-09T17:24:09.291,-5.5021,0.0800,-4.4208
2026-05-09T17:24:09.305,-5.4949,0.0800,-4.3863
2026-05-09T17:24:09.318,-5.4873,0.0800,-4.3463
2026-05-09T17:24:09.333,-5.4812,0.0800,-4.3115
2026-05-09T17:24:09.347,-5.4763,0.0800,-4.2783
2026-05-09T17:24:09.360,-5.4712,0.0800,-4.2392
2026-05-09T17:24:09.373,-5.4676,0.0800,-4.2056
2026-05-09T17:24:09.388,-5.4644,0.0800,-4.1730
2026-05-09T17:24:09.402,-5.4620,0.0800,-4.1390
2026-05-09T17:24:09.415,-5.4600,0.0800,-4.0995
2026-05-09T17:24:09.430,-5.4587,0.0800,-4.0663
2026-05-09T17:24:09.443,-5.4583,0.0800,-4.0344
2026-05-09T17:24:09.457,-5.4585,0.0800,-3.9998
2026-05-09T17:24:09.471,-5.4591,0.0800,-3.9685
2026-05-09T17:24:09.485,-5.4607,0.0800,-3.9347
2026-05-09T17:24:09.499,-5.4628,0.0800,-3.9034
2026-05-09T17:24:09.513,-5.4652,0.0800,-3.8729
2026-05-09T17:24:09.527,-5.4684,0.0800,-3.8425
2026-05-09T17:24:09.541,-5.4724,0.0800,-3.8114
2026-05-09T17:24:09.554,-5.4774,0.0800,-3.7777
2026-05-09T17:24:09.569,-5.4818,0.0800,-3.7499
2026-05-09T17:24:09.582,-5.4876,0.0800,-3.7197
2026-05-09T17:24:09.596,-5.4940,0.0800,-3.6889
2026-05-09T17:24:09.610,-5.5006,0.0800,-3.6595
2026-05-09T17:24:09.625,-5.5080,0.0800,-3.6301
2026-05-09T17:24:09.638,-5.5161,0.0800,-3.6002
2026-05-09T17:24:09.652,-5.5252,0.0800,-3.5684
2026-05-09T17:24:09.666,-5.5342,0.0800,-3.5401
2026-05-09T17:24:09.679,-5.5438,0.0800,-3.5117
2026-05-09T17:24:09.694,-5.5540,0.0800,-3.4827
2026-05-09T17:24:09.707,-5.5649,0.0800,-3.4542
2026-05-09T17:24:09.722,-5.5771,0.0800,-3.4243
2026-05-09T17:24:09.735,-5.5887,0.0800,-3.3972
2026-05-09T17:24:09.749,-5.6025,0.0800,-3.3662
2026-05-09T17:24:09.763,-5.6143,0.0800,-3.3417
2026-05-09T17:24:09.777,-5.6279,0.0800,-3.3147
2026-05-09T17:24:09.791,-5.6417,0.0800,-3.2880
2026-05-09T17:24:09.805,-5.6568,0.0800,-3.2605
2026-05-09T17:24:09.818,-5.6740,0.0800,-3.2310
2026-05-09T17:24:09.832,-5.6885,0.0800,-3.2068
2026-05-09T17:24:09.847,-5.7036,0.0800,-3.1831
2026-05-09T17:24:09.861,-5.7215,0.0800,-3.1560
2026-05-09T17:24:09.874,-5.7402,0.0800,-3.1291
2026-05-09T17:24:09.889,-5.7580,0.0800,-3.1042
2026-05-09T17:24:09.902,-5.7748,0.0800,-3.0821
2026-05-09T17:24:09.916,-5.7962,0.0800,-3.0549
2026-05-09T17:24:09.930,-5.8135,0.0800,-3.0334
2026-05-09T17:24:09.945,-5.8338,0.0800,-3.0096
2026-05-09T17:24:09.958,-5.8545,0.0800,-2.9863
2026-05-09T17:24:09.972,-5.8760,0.0800,-2.9627
2026-05-09T17:24:09.986,-5.8968,0.0800,-2.9411
2026-05-09T17:24:10.000,-5.9195,0.0800,-2.9185
2026-05-09T17:24:10.013,-5.9427,0.0800,-2.8962
2026-05-09T17:24:10.028,-5.9628,0.0800,-2.8774
2026-05-09T17:24:10.041,-5.9857,0.0800,-2.8571
2026-05-09T17:24:10.055,-6.0104,0.0800,-2.8360
2026-05-09T17:24:10.070,-6.0323,0.0800,-2.8179
2026-05-09T17:24:10.084,-6.0577,0.0800,-2.7979
2026-05-09T17:24:10.097,-6.0826,0.0800,-2.7790
2026-05-09T17:24:10.112,-6.1075,0.0800,-2.7607
2026-05-09T17:24:10.126,-6.1315,0.0800,-2.7441
2026-05-09T17:24:10.139,-6.1580,0.0800,-2.7264
2026-05-09T17:24:10.154,-6.1842,0.0800,-2.7095
2026-05-09T17:24:10.168,-6.2092,0.0800,-2.6942
2026-05-09T17:24:10.182,-6.2391,0.0800,-2.6767
2026-05-09T17:24:10.196,-6.2641,0.0800,-2.6627
2026-05-09T17:24:10.210,-6.2917,0.0800,-2.6478
2026-05-09T17:24:10.224,-6.3183,0.0800,-2.6343
2026-05-09T17:24:10.238,-6.3458,0.0800,-2.6210
2026-05-09T17:24:10.252,-6.3759,0.0800,-2.6069
2026-05-09T17:24:10.266,-6.4023,0.0800,-2.5955
2026-05-09T17:24:10.280,-6.4334,0.0800,-2.5827
2026-05-09T17:24:10.295,-6.4606,0.0800,-2.5719
2026-05-09T17:24:10.307,-6.4889,0.0800,-2.5615
2026-05-09T17:24:10.323,-6.5197,0.0800,-2.5509
2026-05-09T17:24:10.336,-6.5465,0.0800,-2.5423
2026-05-09T17:24:10.350,-6.5797,0.0800,-2.5321
2026-05-09T17:24:10.364,-6.6065,0.0800,-2.5246
2026-05-09T17:24:10.377,-6.6372,0.0800,-2.5167
2026-05-09T17:24:10.392,-6.6678,0.0800,-2.5092
2026-05-09T17:24:10.406,-6.7037,0.0800,-2.5013
2026-05-09T17:24:10.419,-6.7496,0.0800,-2.4920
2026-05-09T17:24:10.434,-6.7967,0.0800,-2.4831
2026-05-09T17:24:10.448,-6.8513,0.0800,-2.4739
2026-05-09T17:24:10.462,-6.9074,0.0800,-2.4651
2026-05-09T17:24:10.475,-6.9657,0.0800,-2.4568
2026-05-09T17:24:10.490,-7.0192,0.0800,-2.4498
2026-05-09T17:24:10.503,-7.0748,0.0800,-2.4433
2026-05-09T17:24:10.518,-7.1357,0.0800,-2.4371
2026-05-09T17:24:10.532,-7.1854,0.0800,-2.4326
2026-05-09T17:24:10.546,-7.2424,0.0800,-2.4282
2026-05-09T17:24:10.559,-7.2950,0.0800,-2.4250
2026-05-09T17:24:10.573,-7.3495,0.0800,-2.4224
2026-05-09T17:24:10.588,-7.4002,0.0800,-2.4208
2026-05-09T17:24:10.602,-7.4552,0.0800,-2.4197
2026-05-09T17:24:10.615,-7.5140,0.0800,-2.4194
2026-05-09T17:24:10.629,-7.5682,0.0800,-2.4199
2026-05-09T17:24:10.643,-7.6241,0.0800,-2.4211
2026-05-09T17:24:10.657,-7.6842,0.0800,-2.4231
2026-05-09T17:24:10.671,-7.7419,0.0800,-2.4255
2026-05-09T17:24:10.685,-7.8062,0.0800,-2.4290
2026-05-09T17:24:10.699,-7.8643,0.0800,-2.4328
2026-05-09T17:24:10.712,-7.9256,0.0800,-2.4375
2026-05-09T17:24:10.726,-7.9855,0.0800,-2.4427
2026-05-09T17:24:10.740,-8.0428,0.0800,-2.4483
2026-05-09T17:24:10.755,-8.1034,0.0800,-2.4548
2026-05-09T17:24:10.768,-8.1608,0.0800,-2.4617
2026-05-09T17:24:10.782,-8.2266,0.0800,-2.4703
2026-05-09T17:24:10.796,-8.2832,0.0800,-2.4783
2026-05-09T17:24:10.810,-8.3401,0.0800,-2.4869
2026-05-09T17:24:10.824,-8.3994,0.0800,-2.4966
2026-05-09T17:24:10.837,-8.4598,0.0800,-2.5071
2026-05-09T17:24:10.852,-8.5220,0.0800,-2.5186
2026-05-09T17:24:10.866,-8.5766,0.0800,-2.5294
2026-05-09T17:24:10.879,-8.6403,0.0800,-2.5426
2026-05-09T17:24:10.894,-8.6979,0.0800,-2.5552
2026-05-09T17:24:10.908,-8.7549,0.0800,-2.5683
2026-05-09T17:24:10.922,-8.8206,0.0800,-2.5840
2026-05-09T17:24:10.935,-8.8789,0.0800,-2.5986
2026-05-09T17:24:10.949,-8.9440,0.0800,-2.6156
2026-05-09T17:24:10.963,-8.9960,0.0800,-2.6299
2026-05-09T17:24:10.976,-9.0572,0.0800,-2.6472
2026-05-09T17:24:10.995,-9.1152,0.0800,-2.6643
2026-05-09T17:24:11.005,-9.1697,0.0800,-2.6810
2026-05-09T17:24:11.019,-9.2497,0.0800,-2.7064
2026-05-09T17:24:11.033,-9.2879,0.0800,-2.7190
2026-05-09T17:24:11.047,-9.3468,0.0800,-2.7391
2026-05-09T17:24:11.061,-9.4019,0.0800,-2.7586
2026-05-09T17:24:11.074,-9.4594,0.0800,-2.7795
2026-05-09T17:24:11.089,-9.5143,0.0800,-2.8001
2026-05-09T17:24:11.102,-9.5684,0.0800,-2.8211
2026-05-09T17:24:11.116,-9.6295,0.0800,-2.8455
2026-05-09T17:24:11.130,-9.6833,0.0800,-2.8676
2026-05-09T17:24:11.144,-9.7356,0.0800,-2.8898
2026-05-09T17:24:11.158,-9.7916,0.0800,-2.9143
2026-05-09T17:24:11.172,-9.8484,0.0800,-2.9398
2026-05-09T17:24:11.186,-9.8992,0.0800,-2.9634
2026-05-09T17:24:11.200,-9.9515,0.0800,-2.9885
2026-05-09T17:24:11.213,-9.9993,0.0800,-3.0119
2026-05-09T17:24:11.227,-10.0430,0.0800,-3.0340
2026-05-09T17:24:11.241,-10.0863,0.0800,-3.0565
2026-05-09T17:24:11.255,-10.1101,0.0800,-3.0691
2026-05-09T17:24:11.269,-10.1255,0.0800,-3.0774
2026-05-09T17:24:11.283,-10.1279,0.0800,-3.0787
2026-05-09T17:24:11.589,-10.1294,0.0800,-3.0795
2026-05-09T17:24:11.603,-10.1389,0.0800,-3.0848
2026-05-09T17:24:11.616,-10.1576,0.0800,-3.0956
2026-05-09T17:24:11.630,-10.1727,0.0800,-3.1045
2026-05-09T17:24:11.645,-10.1888,0.0800,-3.1147
2026-05-09T17:24:11.658,-10.2082,0.0800,-3.1276
2026-05-09T17:24:11.672,-10.2271,0.0800,-3.1403
2026-05-09T17:24:11.686,-10.2458,0.0800,-3.1538
2026-05-09T17:24:11.699,-10.2638,0.0800,-3.1674
2026-05-09T17:24:11.714,-10.2831,0.0800,-3.1823
2026-05-09T17:24:11.728,-10.3013,0.0800,-3.1972
2026-05-09T17:24:11.742,-10.3209,0.0800,-3.2140
2026-05-09T17:24:11.755,-10.3389,0.0800,-3.2302
2026-05-09T17:24:11.770,-10.3564,0.0800,-3.2461
2026-05-09T17:24:11.784,-10.3742,0.0800,-3.2633
2026-05-09T17:24:11.797,-10.3933,0.0800,-3.2826
2026-05-09T17:24:11.810,-10.4121,0.0800,-3.3019
2026-05-09T17:24:11.825,-10.4279,0.0800,-3.3193
2026-05-09T17:24:11.839,-10.4446,0.0800,-3.3384
2026-05-09T17:24:11.852,-10.4626,0.0800,-3.3593
2026-05-09T17:24:11.867,-10.4786,0.0800,-3.3791
2026-05-09T17:24:11.880,-10.4952,0.0800,-3.4007
2026-05-09T17:24:11.894,-10.5109,0.0800,-3.4220
2026-05-09T17:24:11.908,-10.5259,0.0800,-3.4427
2026-05-09T17:24:11.922,-10.5397,0.0800,-3.4632
2026-05-09T17:24:11.936,-10.5538,0.0800,-3.4851
2026-05-09T17:24:11.950,-10.5694,0.0800,-3.5098
2026-05-09T17:24:11.964,-10.5817,0.0800,-3.5308
2026-05-09T17:24:11.978,-10.5960,0.0800,-3.5564
2026-05-09T17:24:11.991,-10.6084,0.0800,-3.5790
2026-05-09T17:24:12.005,-10.6206,0.0800,-3.6032
2026-05-09T17:24:12.018,-10.6321,0.0800,-3.6270
2026-05-09T17:24:12.033,-10.6434,0.0800,-3.6512
2026-05-09T17:24:12.046,-10.6537,0.0800,-3.6751
2026-05-09T17:24:12.061,-10.6641,0.0800,-3.7007
2026-05-09T17:24:12.074,-10.6740,0.0800,-3.7265
2026-05-09T17:24:12.088,-10.6835,0.0800,-3.7517
2026-05-09T17:24:12.102,-10.6916,0.0800,-3.7757
2026-05-09T17:24:12.116,-10.7005,0.0800,-3.8038
2026-05-09T17:24:12.130,-10.7079,0.0800,-3.8280
2026-05-09T17:24:12.144,-10.7151,0.0800,-3.8544
2026-05-09T17:24:12.158,-10.7219,0.0800,-3.8735
2026-05-09T17:24:12.172,-10.7281,0.0800,-3.8735
2026-05-09T17:24:12.186,-10.7336,0.0800,-3.8743
2026-05-09T17:24:12.199,-10.7387,0.0800,-3.8751
2026-05-09T17:24:12.213,-10.7429,0.0800,-3.8751
2026-05-09T17:24:12.227,-10.7458,0.0800,-3.8759
2026-05-09T17:24:12.241,-10.7485,0.0800,-3.8768
2026-05-09T17:24:12.255,-10.7504,0.0800,-3.8776
2026-05-09T17:24:12.269,-10.7518,0.0800,-3.8776
2026-05-09T17:24:12.283,-10.7527,0.0800,-3.8785
2026-05-09T17:24:12.296,-10.7525,0.0800,-3.8793
2026-05-09T17:24:12.325,-10.7522,0.0800,-3.8801
2026-05-09T17:24:12.338,-10.7519,0.0800,-3.8810
2026-05-09T17:24:12.351,-10.7519,0.0800,-3.8811
2026-05-09T17:24:12.365,-10.7516,0.0800,-3.8818
2026-05-09T17:24:12.379,-10.7512,0.0800,-3.8826
2026-05-09T17:24:12.393,-10.7501,0.0800,-3.8827
2026-05-09T17:24:12.407,-10.7485,0.0800,-3.8834
2026-05-09T17:24:12.421,-10.7468,0.0800,-3.8843
2026-05-09T17:24:12.434,-10.7452,0.0800,-3.8851
2026-05-09T17:24:12.449,-10.7441,0.0800,-3.8851
2026-05-09T17:24:12.463,-10.7437,0.0800,-3.8858
2026-05-09T17:24:12.477,-10.7433,0.0800,-3.8866
2026-05-09T17:24:12.504,-10.7428,0.0800,-3.8873
2026-05-09T17:24:12.518,-10.7424,0.0800,-3.8880
2026-05-09T17:24:12.546,-10.7419,0.0800,-3.8886
2026-05-09T17:24:12.559,-10.7414,0.0800,-3.8894
2026-05-09T17:24:12.588,-10.7409,0.0800,-3.8900
2026-05-09T17:24:12.601,-10.7403,0.0800,-3.8906
2026-05-09T17:24:12.614,-10.7397,0.0800,-3.8913
2026-05-09T17:24:12.627,-10.7398,0.0800,-3.8912
2026-05-09T17:24:12.641,-10.7392,0.0800,-3.8918
2026-05-09T17:24:12.654,-10.7387,0.0800,-3.8924
2026-05-09T17:24:12.668,-10.7369,0.0800,-3.8924
2026-05-09T17:24:12.683,-10.7332,0.0800,-3.8929
2026-05-09T17:24:12.696,-10.7290,0.0800,-3.8935
2026-05-09T17:24:12.711,-10.7231,0.0800,-3.8935
2026-05-09T17:24:12.725,-10.7160,0.0800,-3.8940
2026-05-09T17:24:12.739,-10.7077,0.0800,-3.8946
2026-05-09T17:24:12.753,-10.6989,0.0800,-3.8945
2026-05-09T17:24:12.767,-10.6888,0.0800,-3.8950
2026-05-09T17:24:12.781,-10.6766,0.0800,-3.8954
2026-05-09T17:24:12.794,-10.6633,0.0800,-3.8959
2026-05-09T17:24:12.808,-10.6498,0.0800,-3.8959
2026-05-09T17:24:12.822,-10.6343,0.0800,-3.8963
2026-05-09T17:24:12.835,-10.6189,0.0800,-3.8966
2026-05-09T17:24:12.849,-10.6002,0.0800,-3.8966
2026-05-09T17:24:12.864,-10.5829,0.0800,-3.8970
2026-05-09T17:24:12.876,-10.5618,0.0800,-3.8973
2026-05-09T17:24:12.890,-10.5410,0.0800,-3.8983
2026-05-09T17:24:12.904,-10.5208,0.0800,-3.8995
2026-05-09T17:24:12.918,-10.4966,0.0800,-3.9007
2026-05-09T17:24:12.933,-10.4752,0.0800,-3.9020
2026-05-09T17:24:12.946,-10.4496,0.0800,-3.9032
2026-05-09T17:24:12.960,-10.4211,0.0800,-3.9045
2026-05-09T17:24:12.974,-10.3933,0.0800,-3.9058
2026-05-09T17:24:12.988,-10.3629,0.0800,-3.9071
2026-05-09T17:24:13.002,-10.3282,0.0800,-3.9082
2026-05-09T17:24:13.016,-10.2885,0.0800,-3.9094
2026-05-09T17:24:13.029,-10.2524,0.0800,-3.9107
2026-05-09T17:24:13.043,-10.2113,0.0800,-3.9119
2026-05-09T17:24:13.057,-10.1696,0.0800,-3.9130
2026-05-09T17:24:13.071,-10.1161,0.0800,-3.9141
2026-05-09T17:24:13.085,-10.0643,0.0800,-3.9151
2026-05-09T17:24:13.098,-10.0102,0.0800,-3.9159
2026-05-09T17:24:13.112,-9.9512,0.0800,-3.9167
2026-05-09T17:24:13.127,-9.8954,0.0800,-3.9174
2026-05-09T17:24:13.140,-9.8334,0.0800,-3.9180
2026-05-09T17:24:13.153,-9.7696,0.0800,-3.9186
2026-05-09T17:24:13.167,-9.7136,0.0800,-3.9192
2026-05-09T17:24:13.181,-9.6531,0.0800,-3.9197
2026-05-09T17:24:13.195,-9.5917,0.0800,-3.9201
2026-05-09T17:24:13.209,-9.5279,0.0800,-3.9206
2026-05-09T17:24:13.223,-9.4678,0.0800,-3.9210
2026-05-09T17:24:13.237,-9.4047,0.0800,-3.9215
2026-05-09T17:24:13.251,-9.3406,0.0800,-3.9219
2026-05-09T17:24:13.265,-9.2793,0.0800,-3.9224
2026-05-09T17:24:13.278,-9.2138,0.0800,-3.9229
2026-05-09T17:24:13.293,-9.1489,0.0800,-3.9234
2026-05-09T17:24:13.306,-9.0958,0.0800,-3.9240
2026-05-09T17:24:13.320,-9.0283,0.0800,-3.9244
2026-05-09T17:24:13.334,-8.9707,0.0800,-3.9251
2026-05-09T17:24:13.348,-8.9031,0.0800,-3.9257
2026-05-09T17:24:13.361,-8.8469,0.0800,-3.9264
2026-05-09T17:24:13.375,-8.7840,0.0800,-3.9270
2026-05-09T17:24:13.390,-8.7258,0.0800,-3.9276
2026-05-09T17:24:13.404,-8.6642,0.0800,-3.9282
2026-05-09T17:24:13.417,-8.5977,0.0800,-3.9289
2026-05-09T17:24:13.431,-8.5390,0.0800,-3.9295
2026-05-09T17:24:13.445,-8.4771,0.0800,-3.9302
2026-05-09T17:24:13.459,-8.4135,0.0800,-3.9308
2026-05-09T17:24:13.473,-8.3536,0.0800,-3.9314
2026-05-09T17:24:13.488,-8.2876,0.0800,-3.9320
2026-05-09T17:24:13.501,-8.2262,0.0800,-3.9327
2026-05-09T17:24:13.514,-8.1561,0.0800,-3.9333
2026-05-09T17:24:13.529,-8.1001,0.0800,-3.9340
2026-05-09T17:24:13.542,-8.0364,0.0800,-3.9346
2026-05-09T17:24:13.556,-7.9696,0.0800,-3.9351
2026-05-09T17:24:13.571,-7.9079,0.0800,-3.9357
2026-05-09T17:24:13.585,-7.8400,0.0800,-3.9362
2026-05-09T17:24:13.598,-7.7728,0.0800,-3.9367
2026-05-09T17:24:13.612,-7.7056,0.0800,-3.9476
2026-05-09T17:24:13.626,-7.6411,0.0800,-3.9577
2026-05-09T17:24:13.639,-7.5726,0.0800,-3.9680
2026-05-09T17:24:13.654,-7.5060,0.0800,-3.9778
2026-05-09T17:24:13.668,-7.4368,0.0800,-3.9876
2026-05-09T17:24:13.681,-7.3696,0.0800,-3.9967
2026-05-09T17:24:13.695,-7.3026,0.0800,-4.0056
2026-05-09T17:24:13.709,-7.2342,0.0800,-4.0146
2026-05-09T17:24:13.723,-7.1669,0.0800,-4.0236
2026-05-09T17:24:13.737,-7.0979,0.0800,-4.0328
2026-05-09T17:24:13.751,-7.0257,0.0800,-4.0426
2026-05-09T17:24:13.765,-6.9612,0.0800,-4.0514
2026-05-09T17:24:13.779,-6.8894,0.0800,-4.0614
2026-05-09T17:24:13.794,-6.8199,0.0800,-4.0711
2026-05-09T17:24:13.807,-6.7515,0.0800,-4.0809
2026-05-09T17:24:13.820,-6.6807,0.0800,-4.0911
2026-05-09T17:24:13.834,-6.6165,0.0800,-4.1005
2026-05-09T17:24:13.848,-6.5491,0.0800,-4.1106
2026-05-09T17:24:13.863,-6.4823,0.0800,-4.1206
2026-05-09T17:24:13.876,-6.4121,0.0800,-4.1313
2026-05-09T17:24:13.891,-6.3449,0.0800,-4.1416
2026-05-09T17:24:13.904,-6.2823,0.0800,-4.1513
2026-05-09T17:24:13.918,-6.2074,0.0800,-4.1629
2026-05-09T17:24:13.932,-6.1427,0.0800,-4.1730
2026-05-09T17:24:13.946,-6.0763,0.0800,-4.1833
2026-05-09T17:24:13.960,-6.0081,0.0800,-4.1940
2026-05-09T17:24:13.973,-5.9394,0.0800,-4.2047
2026-05-09T17:24:13.987,-5.8713,0.0800,-4.2152
2026-05-09T17:24:14.001,-5.8094,0.0800,-4.2243
2026-05-09T17:24:14.015,-5.7425,0.0800,-4.2336
2026-05-09T17:24:14.029,-5.6847,0.0800,-4.2411
2026-05-09T17:24:14.043,-5.6274,0.0800,-4.2478
2026-05-09T17:24:14.057,-5.5732,0.0800,-4.2533
2026-05-09T17:24:14.071,-5.5264,0.0800,-4.2576
2026-05-09T17:24:14.085,-5.4786,0.0800,-4.2609
2026-05-09T17:24:14.098,-5.4380,0.0800,-4.2629
2026-05-09T17:24:14.112,-5.3998,0.0800,-4.2644
2026-05-09T17:24:14.127,-5.3618,0.0800,-4.2649
2026-05-09T17:24:14.140,-5.3201,0.0800,-4.2648
2026-05-09T17:24:14.155,-5.2804,0.0800,-4.2641
2026-05-09T17:24:14.169,-5.2318,0.0800,-4.2622
2026-05-09T17:24:14.182,-5.1675,0.0800,-4.2589
2026-05-09T17:24:14.195,-5.1389,0.0800,-4.2571
2026-05-09T17:24:14.210,-5.1194,0.0800,-4.2559
2026-05-09T17:24:14.224,-5.1089,0.0800,-4.2553
2026-05-09T17:24:14.238,-5.0883,0.0800,-4.2542
2026-05-09T17:24:14.252,-5.0698,0.0800,-4.2535
2026-05-09T17:24:14.266,-5.0599,0.0800,-4.2535
2026-05-09T17:24:14.279,-5.0503,0.0800,-4.2538
2026-05-09T17:24:14.294,-5.0438,0.0800,-4.2539
2026-05-09T17:24:14.307,-5.0408,0.0800,-4.2544
2026-05-09T17:24:14.321,-5.0416,0.0800,-4.2547
2026-05-09T17:24:14.335,-5.0446,0.0800,-4.2548
2026-05-09T17:24:14.350,-5.0519,0.0800,-4.2541
2026-05-09T17:24:14.363,-5.0600,0.0800,-4.2534
2026-05-09T17:24:14.377,-5.0727,0.0800,-4.2519
2026-05-09T17:24:14.391,-5.0849,0.0800,-4.2497
2026-05-09T17:24:14.405,-5.1000,0.0800,-4.2471
2026-05-09T17:24:14.418,-5.1203,0.0800,-4.2430
2026-05-09T17:24:14.433,-5.1384,0.0800,-4.2386
2026-05-09T17:24:14.446,-5.1567,0.0800,-4.2341
2026-05-09T17:24:14.460,-5.1765,0.0800,-4.2288
2026-05-09T17:24:14.474,-5.1946,0.0800,-4.2230
2026-05-09T17:24:14.488,-5.2141,0.0800,-4.2169
2026-05-09T17:24:14.502,-5.2318,0.0800,-4.2109
2026-05-09T17:24:14.515,-5.2516,0.0800,-4.2037
2026-05-09T17:24:14.529,-5.2699,0.0800,-4.1961
2026-05-09T17:24:14.543,-5.2879,0.0800,-4.1886
2026-05-09T17:24:14.557,-5.3068,0.0800,-4.1803
2026-05-09T17:24:14.572,-5.3247,0.0800,-4.1715
2026-05-09T17:24:14.586,-5.3440,0.0800,-4.1621
2026-05-09T17:24:14.599,-5.3634,0.0800,-4.1520
2026-05-09T17:24:14.613,-5.3814,0.0800,-4.1416
2026-05-09T17:24:14.627,-5.3992,0.0800,-4.1313
2026-05-09T17:24:14.640,-5.4177,0.0800,-4.1201
2026-05-09T17:24:14.655,-5.4343,0.0800,-4.1090
2026-05-09T17:24:14.669,-5.4511,0.0800,-4.0979
2026-05-09T17:24:14.683,-5.4721,0.0800,-4.0833
2026-05-09T17:24:14.697,-5.4887,0.0800,-4.0711
2026-05-09T17:24:14.710,-5.5067,0.0800,-4.0569
2026-05-09T17:24:14.725,-5.5238,0.0800,-4.0432
2026-05-09T17:24:14.738,-5.5415,0.0800,-4.0285
2026-05-09T17:24:14.752,-5.5596,0.0800,-4.0122
2026-05-09T17:24:14.766,-5.5757,0.0800,-3.9977
2026-05-09T17:24:14.780,-5.5898,0.0800,-3.9844
2026-05-09T17:24:14.794,-5.6023,0.0800,-3.9717
2026-05-09T17:24:14.808,-5.6137,0.0800,-3.9602
2026-05-09T17:24:14.822,-5.6214,0.0800,-3.9523
2026-05-09T17:24:14.835,-5.6278,0.0800,-3.9455
2026-05-09T17:24:14.850,-5.6302,0.0800,-3.9425
2026-05-09T17:24:14.864,-5.6327,0.0800,-3.9400
2026-05-09T17:24:14.877,-5.6350,0.0800,-3.9378
2026-05-09T17:24:14.906,-5.6344,0.0800,-3.9392
2026-05-09T17:24:14.919,-5.6330,0.0800,-3.9422
2026-05-09T17:24:14.933,-5.6296,0.0800,-3.9477
2026-05-09T17:24:14.947,-5.6269,0.0800,-3.9531
2026-05-09T17:24:14.961,-5.6237,0.0800,-3.9597
2026-05-09T17:24:14.974,-5.6205,0.0800,-3.9665
2026-05-09T17:24:14.989,-5.6166,0.0800,-3.9744
2026-05-09T17:24:15.003,-5.6138,0.0800,-3.9809
2026-05-09T17:24:15.016,-5.6106,0.0800,-3.9891
2026-05-09T17:24:15.030,-5.6072,0.0800,-3.9969
2026-05-09T17:24:15.044,-5.6047,0.0800,-4.0041
2026-05-09T17:24:15.058,-5.6022,0.0800,-4.0118
2026-05-09T17:24:15.072,-5.5992,0.0800,-4.0203
2026-05-09T17:24:15.086,-5.5972,0.0800,-4.0275
2026-05-09T17:24:15.100,-5.5953,0.0800,-4.0351
2026-05-09T17:24:15.114,-5.5929,0.0800,-4.0437
2026-05-09T17:24:15.128,-5.5914,0.0800,-4.0510
2026-05-09T17:24:15.142,-5.5899,0.0800,-4.0589
2026-05-09T17:24:15.156,-5.5886,0.0800,-4.0670
2026-05-09T17:24:15.170,-5.5870,0.0800,-4.0754
2026-05-09T17:24:15.184,-5.5860,0.0800,-4.0836
2026-05-09T17:24:15.197,-5.5852,0.0800,-4.0911
2026-05-09T17:24:15.211,-5.5841,0.0800,-4.0999
2026-05-09T17:24:15.225,-5.5837,0.0800,-4.1073
2026-05-09T17:24:15.239,-5.5833,0.0800,-4.1154
2026-05-09T17:24:15.253,-5.5828,0.0800,-4.1243
2026-05-09T17:24:15.267,-5.5828,0.0800,-4.1318
2026-05-09T17:24:15.280,-5.5830,0.0800,-4.1404
2026-05-09T17:24:15.294,-5.5833,0.0800,-4.1482
2026-05-09T17:24:15.308,-5.5835,0.0800,-4.1565
2026-05-09T17:24:15.323,-5.5842,0.0800,-4.1642
2026-05-09T17:24:15.336,-5.5849,0.0800,-4.1718
2026-05-09T17:24:15.351,-5.5859,0.0800,-4.1815
2026-05-09T17:24:15.364,-5.5869,0.0800,-4.1886
2026-05-09T17:24:15.378,-5.5883,0.0800,-4.1970
2026-05-09T17:24:15.392,-5.5897,0.0800,-4.2054
2026-05-09T17:24:15.406,-5.5914,0.0800,-4.2133
2026-05-09T17:24:15.420,-5.5932,0.0800,-4.2213
2026-05-09T17:24:15.434,-5.5955,0.0800,-4.2308
2026-05-09T17:24:15.448,-5.5982,0.0800,-4.2408
2026-05-09T17:24:15.462,-5.6014,0.0800,-4.2515
2026-05-09T17:24:15.475,-5.6054,0.0800,-4.2640
2026-05-09T17:24:15.489,-5.6097,0.0800,-4.2769
2026-05-09T17:24:15.504,-5.6145,0.0800,-4.2901
2026-05-09T17:24:15.517,-5.6222,0.0800,-4.3099
2026-05-09T17:24:15.532,-5.6308,0.0800,-4.3309
2026-05-09T17:24:15.546,-5.6427,0.0800,-4.3582
2026-05-09T17:24:15.559,-5.6568,0.0800,-4.3890
2026-05-09T17:24:15.573,-5.6735,0.0800,-4.4237
2026-05-09T17:24:15.588,-5.6904,0.0800,-4.4573
2026-05-09T17:24:15.602,-5.7093,0.0800,-4.4932
2026-05-09T17:24:15.615,-5.7309,0.0800,-4.5326
2026-05-09T17:24:15.629,-5.7502,0.0800,-4.5662
2026-05-09T17:24:15.643,-5.7694,0.0800,-4.5985
2026-05-09T17:24:15.657,-5.7906,0.0800,-4.6329
2026-05-09T17:24:15.671,-5.8126,0.0800,-4.6673
2026-05-09T17:24:15.685,-5.8355,0.0800,-4.7017
2026-05-09T17:24:15.699,-5.8591,0.0800,-4.7359
2026-05-09T17:24:15.712,-5.8853,0.0800,-4.7725
2026-05-09T17:24:15.726,-5.9111,0.0800,-4.8073
2026-05-09T17:24:15.740,-5.9392,0.0800,-4.8439
2026-05-09T17:24:15.754,-5.9709,0.0800,-4.8839
2026-05-09T17:24:15.769,-6.0057,0.0800,-4.9266
2026-05-09T17:24:15.782,-6.0438,0.0800,-4.9720
2026-05-09T17:24:15.795,-6.0821,0.0800,-5.0165
2026-05-09T17:24:15.810,-6.1230,0.0800,-5.0629
2026-05-09T17:24:15.824,-6.1626,0.0800,-5.1070
2026-05-09T17:24:15.838,-6.2083,0.0800,-5.1571
2026-05-09T17:24:15.852,-6.2530,0.0800,-5.2052
2026-05-09T17:24:15.866,-6.2978,0.0800,-5.2526
2026-05-09T17:24:15.879,-6.3430,0.0800,-5.2998
2026-05-09T17:24:15.894,-6.3895,0.0800,-5.3476
2026-05-09T17:24:15.908,-6.4327,0.0800,-5.3914
2026-05-09T17:24:15.922,-6.4842,0.0800,-5.4432
2026-05-09T17:24:15.935,-6.5329,0.0800,-5.4917
2026-05-09T17:24:15.949,-6.5860,0.0800,-5.5446
2026-05-09T17:24:15.963,-6.6300,0.0800,-5.5884
2026-05-09T17:24:15.976,-6.6792,0.0800,-5.6374
2026-05-09T17:24:15.991,-6.7261,0.0800,-5.6840
2026-05-09T17:24:16.005,-6.7741,0.0800,-5.7319
2026-05-09T17:24:16.019,-6.8279,0.0800,-5.7854
2026-05-09T17:24:16.033,-6.8776,0.0800,-5.8348
2026-05-09T17:24:16.046,-6.9268,0.0800,-5.8837
2026-05-09T17:24:16.060,-6.9742,0.0800,-5.9308
2026-05-09T17:24:16.074,-7.0215,0.0800,-5.9778
2026-05-09T17:24:16.088,-7.0716,0.0800,-6.0275
2026-05-09T17:24:16.102,-7.1175,0.0800,-6.0735
2026-05-09T17:24:16.115,-7.1671,0.0800,-6.1239
2026-05-09T17:24:16.130,-7.2093,0.0800,-6.1675
2026-05-09T17:24:16.143,-7.2522,0.0800,-6.2125
2026-05-09T17:24:16.158,-7.2961,0.0800,-6.2594
2026-05-09T17:24:16.172,-7.3364,0.0800,-6.3033
2026-05-09T17:24:16.186,-7.3809,0.0800,-6.3528
2026-05-09T17:24:16.199,-7.4225,0.0800,-6.4000
2026-05-09T17:24:16.213,-7.4648,0.0800,-6.4489
2026-05-09T17:24:16.228,-7.5033,0.0800,-6.4944
2026-05-09T17:24:16.241,-7.5441,0.0800,-6.5435
2026-05-09T17:24:16.255,-7.5846,0.0800,-6.5932
2026-05-09T17:24:16.269,-7.6211,0.0800,-6.6390
2026-05-09T17:24:16.283,-7.6630,0.0800,-6.6925
2026-05-09T17:24:16.296,-7.7008,0.0800,-6.7419
2026-05-09T17:24:16.310,-7.7396,0.0800,-6.7934
2026-05-09T17:24:16.325,-7.7734,0.0800,-6.8394
2026-05-09T17:24:16.338,-7.8119,0.0800,-6.8926
2026-05-09T17:24:16.352,-7.8496,0.0800,-6.9459
2026-05-09T17:24:16.366,-7.8846,0.0800,-6.9962
2026-05-09T17:24:16.379,-7.9193,0.0800,-7.0473
2026-05-09T17:24:16.394,-7.9547,0.0800,-7.1005
2026-05-09T17:24:16.408,-7.9856,0.0800,-7.1478
2026-05-09T17:24:16.422,-8.0233,0.0800,-7.2068
2026-05-09T17:24:16.435,-8.0557,0.0800,-7.2587
2026-05-09T17:24:16.450,-8.0909,0.0800,-7.3162
2026-05-09T17:24:16.463,-8.1193,0.0800,-7.3638
2026-05-09T17:24:16.477,-8.1543,0.0800,-7.4235
2026-05-09T17:24:16.491,-8.1833,0.0800,-7.4743
2026-05-09T17:24:16.505,-8.2132,0.0800,-7.5278
2026-05-09T17:24:16.518,-8.2451,0.0800,-7.5863
2026-05-09T17:24:16.533,-8.2745,0.0800,-7.6413
2026-05-09T17:24:16.546,-8.3024,0.0800,-7.6950
2026-05-09T17:24:16.561,-8.3323,0.0800,-7.7539
2026-05-09T17:24:16.574,-8.3594,0.0800,-7.8088
2026-05-09T17:24:16.589,-8.3866,0.0800,-7.8649
2026-05-09T17:24:16.602,-8.4112,0.0800,-7.9173
2026-05-09T17:24:16.615,-8.4414,0.0800,-7.9830
2026-05-09T17:24:16.630,-8.4654,0.0800,-8.0368
2026-05-09T17:24:16.644,-8.4886,0.0800,-8.0902
2026-05-09T17:24:16.658,-8.5143,0.0800,-8.1508
2026-05-09T17:24:16.671,-8.5383,0.0800,-8.2090
2026-05-09T17:24:16.686,-8.5615,0.0800,-8.2668
2026-05-09T17:24:16.699,-8.5841,0.0800,-8.3251
2026-05-09T17:24:16.712,-8.6077,0.0800,-8.3871
2026-05-09T17:24:16.727,-8.6275,0.0800,-8.4413
2026-05-09T17:24:16.741,-8.6486,0.0800,-8.5005
2026-05-09T17:24:16.755,-8.6693,0.0800,-8.5604
2026-05-09T17:24:16.769,-8.6893,0.0800,-8.6201
2026-05-09T17:24:16.783,-8.7094,0.0800,-8.6822
2026-05-09T17:24:16.796,-8.7281,0.0800,-8.7424
2026-05-09T17:24:16.811,-8.7466,0.0800,-8.8038
2026-05-09T17:24:16.825,-8.7631,0.0800,-8.8612
2026-05-09T17:24:16.838,-8.7805,0.0800,-8.9236
2026-05-09T17:24:16.852,-8.7972,0.0800,-8.9860
2026-05-09T17:24:16.866,-8.8117,0.0800,-9.0424
2026-05-09T17:24:16.879,-8.8274,0.0800,-9.1061
2026-05-09T17:24:16.894,-8.8420,0.0800,-9.1676
2026-05-09T17:24:16.908,-8.8555,0.0800,-9.2267
2026-05-09T17:24:16.922,-8.8705,0.0800,-9.2954
2026-05-09T17:24:16.935,-8.8837,0.0800,-9.3580
2026-05-09T17:24:16.949,-8.8970,0.0800,-9.4240
2026-05-09T17:24:16.964,-8.9079,0.0800,-9.4806
2026-05-09T17:24:16.977,-8.9203,0.0800,-9.5478
2026-05-09T17:24:16.991,-8.9315,0.0800,-9.6109
2026-05-09T17:24:17.005,-8.9432,0.0800,-9.6809
2026-05-09T17:24:17.018,-8.9526,0.0800,-9.7404
2026-05-09T17:24:17.033,-8.9616,0.0800,-9.7997
2026-05-09T17:24:17.047,-8.9703,0.0800,-9.8602
2026-05-09T17:24:17.060,-8.9795,0.0800,-9.9287
2026-05-09T17:24:17.073,-8.9879,0.0800,-9.9953
2026-05-09T17:24:17.088,-8.9950,0.0800,-10.0552
2026-05-09T17:24:17.102,-9.0013,0.0800,-10.1136
2026-05-09T17:24:17.116,-9.0085,0.0800,-10.1849
2026-05-09T17:24:17.130,-9.0144,0.0800,-10.2469
2026-05-09T17:24:17.143,-9.0195,0.0800,-10.3093
2026-05-09T17:24:17.158,-9.0243,0.0800,-10.3730
2026-05-09T17:24:17.172,-9.0284,0.0800,-10.4344
2026-05-09T17:24:17.186,-9.0322,0.0800,-10.5008
2026-05-09T17:24:17.199,-9.0353,0.0800,-10.5649
2026-05-09T17:24:17.213,-9.0380,0.0800,-10.6300
2026-05-09T17:24:17.228,-9.0398,0.0800,-10.6896
2026-05-09T17:24:17.241,-9.0413,0.0800,-10.7576
2026-05-09T17:24:17.254,-9.0422,0.0800,-10.8226
2026-05-09T17:24:17.269,-9.0426,0.0800,-10.8797
2026-05-09T17:24:17.282,-9.0424,0.0800,-10.9456
2026-05-09T17:24:17.296,-9.0415,0.0800,-11.0118
2026-05-09T17:24:17.310,-9.0404,0.0800,-11.0702
2026-05-09T17:24:17.324,-9.0386,0.0800,-11.1310
2026-05-09T17:24:17.338,-9.0361,0.0800,-11.1962
2026-05-09T17:24:17.352,-9.0330,0.0800,-11.2629
2026-05-09T17:24:17.366,-9.0296,0.0800,-11.3221
2026-05-09T17:24:17.379,-9.0251,0.0800,-11.3898
2026-05-09T17:24:17.394,-9.0205,0.0800,-11.4508
2026-05-09T17:24:17.407,-9.0153,0.0800,-11.5107
2026-05-09T17:24:17.421,-9.0088,0.0800,-11.5789
2026-05-09T17:24:17.435,-9.0023,0.0800,-11.6397
2026-05-09T17:24:17.449,-8.9946,0.0800,-11.7066
2026-05-09T17:24:17.462,-8.9875,0.0800,-11.7627
2026-05-09T17:24:17.476,-8.9786,0.0800,-11.8277
2026-05-09T17:24:17.491,-8.9701,0.0800,-11.8867
2026-05-09T17:24:17.505,-8.9603,0.0800,-11.9494
2026-05-09T17:24:17.518,-8.9489,0.0800,-12.0175
2026-05-09T17:24:17.532,-8.9384,0.0800,-12.0779
2026-05-09T17:24:17.546,-8.9275,0.0800,-12.1364
2026-05-09T17:24:17.560,-8.9149,0.0800,-12.2007
2026-05-09T17:24:17.574,-8.9024,0.0800,-12.2619
2026-05-09T17:24:17.588,-8.8893,0.0800,-12.3229
2026-05-09T17:24:17.602,-8.8756,0.0800,-12.3839
2026-05-09T17:24:17.615,-8.8599,0.0800,-12.4507
2026-05-09T17:24:17.630,-8.8459,0.0800,-12.5087
2026-05-09T17:24:17.643,-8.8296,0.0800,-12.5729
2026-05-09T17:24:17.657,-8.8123,0.0800,-12.6394
2026-05-09T17:24:17.672,-8.7965,0.0800,-12.6988
2026-05-09T17:24:17.686,-8.7779,0.0800,-12.7670
2026-05-09T17:24:17.699,-8.7598,0.0800,-12.8316
2026-05-09T17:24:17.713,-8.7406,0.0800,-12.9001
2026-05-09T17:24:17.728,-8.7227,0.0800,-12.9635
2026-05-09T17:24:17.741,-8.7035,0.0800,-13.0314
2026-05-09T17:24:17.754,-8.6837,0.0800,-13.1021
2026-05-09T17:24:17.769,-8.6666,0.0800,-13.1631
2026-05-09T17:24:17.782,-8.6475,0.0800,-13.2313
2026-05-09T17:24:17.796,-8.6288,0.0800,-13.2987
2026-05-09T17:24:17.810,-8.6106,0.0800,-13.3638
2026-05-09T17:24:17.824,-8.5929,0.0800,-13.4280
2026-05-09T17:24:17.838,-8.5747,0.0800,-13.4937
2026-05-09T17:24:17.852,-8.5561,0.0800,-13.5608
2026-05-09T17:24:17.866,-8.5381,0.0800,-13.6259
2026-05-09T17:24:17.880,-8.5189,0.0800,-13.6955
2026-05-09T17:24:17.894,-8.5009,0.0800,-13.7610
2026-05-09T17:24:17.908,-8.4829,0.0800,-13.8263
2026-05-09T17:24:17.922,-8.4647,0.0800,-13.8924
2026-05-09T17:24:17.935,-8.4472,0.0800,-13.9573
2026-05-09T17:24:17.950,-8.4279,0.0800,-14.0298
2026-05-09T17:24:17.964,-8.4131,0.0800,-14.0868
2026-05-09T17:24:17.977,-8.3952,0.0800,-14.1566
2026-05-09T17:24:17.992,-8.3802,0.0800,-14.2164
2026-05-09T17:24:18.005,-8.3653,0.0800,-14.2784
2026-05-09T17:24:18.018,-8.3515,0.0800,-14.3383
2026-05-09T17:24:18.033,-8.3392,0.0800,-14.3934
2026-05-09T17:24:18.046,-8.3267,0.0800,-14.4532
2026-05-09T17:24:18.060,-8.3157,0.0800,-14.5089
2026-05-09T17:24:18.074,-8.3050,0.0800,-14.5652
2026-05-09T17:24:18.088,-8.2946,0.0800,-14.6247
2026-05-09T17:24:18.102,-8.2851,0.0800,-14.6824
2026-05-09T17:24:18.116,-8.2759,0.0800,-14.7421
2026-05-09T17:24:18.130,-8.2688,0.0800,-14.7921
2026-05-09T17:24:18.144,-8.2643,0.0800,-14.8286
2026-05-09T17:24:18.158,-8.2605,0.0800,-14.8645
2026-05-09T17:24:18.172,-8.2577,0.0800,-14.8941
2026-05-09T17:24:18.186,-8.2562,0.0800,-14.9178
2026-05-09T17:24:18.200,-8.2553,0.0800,-14.9381
2026-05-09T17:24:18.213,-8.2546,0.0800,-14.9577
2026-05-09T17:24:18.228,-8.2547,0.0800,-14.9739
2026-05-09T17:24:18.241,-8.2551,0.0800,-14.9900
2026-05-09T17:24:18.255,-8.2559,0.0800,-15.0067
2026-05-09T17:24:18.269,-8.2567,0.0800,-15.0235
2026-05-09T17:24:18.283,-8.2583,0.0800,-15.0428
2026-05-09T17:24:18.297,-8.2607,0.0800,-15.0652
2026-05-09T17:24:18.310,-8.2637,0.0800,-15.0921
2026-05-09T17:24:18.324,-8.2684,0.0800,-15.1259
2026-05-09T17:24:18.338,-8.2741,0.0800,-15.1614
2026-05-09T17:24:18.353,-8.2809,0.0800,-15.2016
2026-05-09T17:24:18.366,-8.2885,0.0800,-15.2406
2026-05-09T17:24:18.379,-8.2979,0.0800,-15.2847
2026-05-09T17:24:18.393,-8.3069,0.0800,-15.3250
2026-05-09T17:24:18.408,-8.3163,0.0800,-15.3633
2026-05-09T17:24:18.422,-8.3280,0.0800,-15.4075
2026-05-09T17:24:18.435,-8.3407,0.0800,-15.4522
2026-05-09T17:24:18.450,-8.3534,0.0800,-15.4951
2026-05-09T17:24:18.464,-8.3654,0.0800,-15.5324
2026-05-09T17:24:18.476,-8.3801,0.0800,-15.5755
2026-05-09T17:24:18.492,-8.3935,0.0800,-15.6137
2026-05-09T17:24:18.506,-8.4073,0.0800,-15.6501
2026-05-09T17:24:18.519,-8.4256,0.0800,-15.6961
2026-05-09T17:24:18.534,-8.4417,0.0800,-15.7352
2026-05-09T17:24:18.547,-8.4585,0.0800,-15.7732
2026-05-09T17:24:18.561,-8.4772,0.0800,-15.8139
2026-05-09T17:24:18.574,-8.4953,0.0800,-15.8513
2026-05-09T17:24:18.589,-8.5143,0.0800,-15.8897
2026-05-09T17:24:18.603,-8.5329,0.0800,-15.9250
2026-05-09T17:24:18.616,-8.5560,0.0800,-15.9674
2026-05-09T17:24:18.631,-8.5759,0.0800,-16.0029
2026-05-09T17:24:18.644,-8.5988,0.0800,-16.0415
2026-05-09T17:24:18.658,-8.6238,0.0800,-16.0823
2026-05-09T17:24:18.673,-8.6504,0.0800,-16.1245
2026-05-09T17:24:18.686,-8.6843,0.0800,-16.1765
2026-05-09T17:24:18.700,-8.7215,0.0800,-16.2322
2026-05-09T17:24:18.713,-8.7616,0.0800,-16.2915
2026-05-09T17:24:18.728,-8.7990,0.0800,-16.3469
2026-05-09T17:24:18.742,-8.8340,0.0800,-16.3988
2026-05-09T17:24:18.756,-8.8727,0.0800,-16.4564
2026-05-09T17:24:18.770,-8.9091,0.0800,-16.5112
2026-05-09T17:24:18.784,-8.9433,0.0800,-16.5640
2026-05-09T17:24:18.797,-8.9779,0.0800,-16.6183
2026-05-09T17:24:18.811,-9.0120,0.0800,-16.6727
2026-05-09T17:24:18.826,-9.0436,0.0800,-16.7243
2026-05-09T17:24:18.839,-9.0757,0.0800,-16.7779
2026-05-09T17:24:18.853,-9.1102,0.0800,-16.8364
2026-05-09T17:24:18.867,-9.1401,0.0800,-16.8884
2026-05-09T17:24:18.881,-9.1727,0.0800,-16.9464
2026-05-09T17:24:18.894,-9.2023,0.0800,-17.0003
2026-05-09T17:24:18.908,-9.2329,0.0800,-17.0569
2026-05-09T17:24:18.922,-9.2610,0.0800,-17.1104
2026-05-09T17:24:18.936,-9.2891,0.0800,-17.1649
2026-05-09T17:24:18.951,-9.3201,0.0800,-17.2264
2026-05-09T17:24:18.964,-9.3460,0.0800,-17.2792
2026-05-09T17:24:18.977,-9.3753,0.0800,-17.3403
2026-05-09T17:24:18.992,-9.4012,0.0800,-17.3954
2026-05-09T17:24:19.006,-9.4258,0.0800,-17.4492
2026-05-09T17:24:19.019,-9.4533,0.0800,-17.5110
2026-05-09T17:24:19.034,-9.4781,0.0800,-17.5680
2026-05-09T17:24:19.047,-9.5021,0.0800,-17.6247
2026-05-09T17:24:19.062,-9.5270,0.0800,-17.6852
2026-05-09T17:24:19.075,-9.5499,0.0800,-17.7426
2026-05-09T17:24:19.090,-9.5732,0.0800,-17.8021
2026-05-09T17:24:19.103,-9.5945,0.0800,-17.8582
2026-05-09T17:24:19.117,-9.6189,0.0800,-17.9243
2026-05-09T17:24:19.131,-9.6389,0.0800,-17.9801
2026-05-09T17:24:19.144,-9.6594,0.0800,-18.0389
2026-05-09T17:24:19.158,-9.6800,0.0800,-18.1001
2026-05-09T17:24:19.172,-9.6996,0.0800,-18.1593
2026-05-09T17:24:19.187,-9.7188,0.0800,-18.2196
2026-05-09T17:24:19.201,-9.7373,0.0800,-18.2797
2026-05-09T17:24:19.213,-9.7568,0.0800,-18.3447
2026-05-09T17:24:19.228,-9.7738,0.0800,-18.4030
2026-05-09T17:24:19.242,-9.7899,0.0800,-18.4602
2026-05-09T17:24:19.256,-9.8067,0.0800,-18.5221
2026-05-09T17:24:19.270,-9.8229,0.0800,-18.5836
2026-05-09T17:24:19.284,-9.8391,0.0800,-18.6479
2026-05-09T17:24:19.297,-9.8537,0.0800,-18.7084
2026-05-09T17:24:19.311,-9.8676,0.0800,-18.7676
2026-05-09T17:24:19.325,-9.8805,0.0800,-18.8256
2026-05-09T17:24:19.339,-9.8935,0.0800,-18.8867
2026-05-09T17:24:19.353,-9.9065,0.0800,-18.9498
2026-05-09T17:24:19.367,-9.9181,0.0800,-19.0102
2026-05-09T17:24:19.381,-9.9300,0.0800,-19.0753
2026-05-09T17:24:19.395,-9.9402,0.0800,-19.1353
2026-05-09T17:24:19.408,-9.9506,0.0800,-19.1987
2026-05-09T17:24:19.423,-9.9592,0.0800,-19.2563
2026-05-09T17:24:19.436,-9.9675,0.0800,-19.3154
2026-05-09T17:24:19.450,-9.9757,0.0800,-19.3778
2026-05-09T17:24:19.465,-9.9817,0.0800,-19.4303
2026-05-09T17:24:19.477,-9.9878,0.0800,-19.4901
2026-05-09T17:24:19.492,-9.9928,0.0800,-19.5452
2026-05-09T17:24:19.506,-9.9968,0.0800,-19.5977
2026-05-09T17:24:19.519,-10.0004,0.0800,-19.6569
2026-05-09T17:24:19.534,-10.0032,0.0800,-19.7103
2026-05-09T17:24:19.547,-10.0051,0.0800,-19.7648
2026-05-09T17:24:19.561,-10.0063,0.0800,-19.8211
2026-05-09T17:24:19.575,-10.0068,0.0800,-19.8750
2026-05-09T17:24:19.590,-10.0068,0.0800,-19.9300
2026-05-09T17:24:19.603,-10.0059,0.0800,-19.9829
2026-05-09T17:24:19.616,-10.0042,0.0800,-20.0450
2026-05-09T17:24:19.631,-10.0022,0.0800,-20.0967
2026-05-09T17:24:19.645,-9.9993,0.0800,-20.1495
2026-05-09T17:24:19.658,-9.9955,0.0800,-20.2072
2026-05-09T17:24:19.672,-9.9914,0.0800,-20.2614
2026-05-09T17:24:19.687,-9.9863,0.0800,-20.3155
2026-05-09T17:24:19.701,-9.9806,0.0800,-20.3687
2026-05-09T17:24:19.714,-9.9737,0.0800,-20.4252
2026-05-09T17:24:19.728,-9.9671,0.0800,-20.4752
2026-05-09T17:24:19.742,-9.9592,0.0800,-20.5275
2026-05-09T17:24:19.756,-9.9506,0.0800,-20.5783
2026-05-09T17:24:19.770,-9.9415,0.0800,-20.6291
2026-05-09T17:24:19.784,-9.9315,0.0800,-20.6793
2026-05-09T17:24:19.797,-9.9204,0.0800,-20.7307
2026-05-09T17:24:19.811,-9.9089,0.0800,-20.7812
2026-05-09T17:24:19.826,-9.8974,0.0800,-20.8271
2026-05-09T17:24:19.839,-9.8838,0.0800,-20.8786
2026-05-09T17:24:19.853,-9.8700,0.0800,-20.9288
2026-05-09T17:24:19.867,-9.8563,0.0800,-20.9748
2026-05-09T17:24:19.881,-9.8396,0.0800,-21.0283
2026-05-09T17:24:19.894,-9.8249,0.0800,-21.0731
2026-05-09T17:24:19.909,-9.8076,0.0800,-21.1239
2026-05-09T17:24:19.923,-9.7915,0.0800,-21.1683
2026-05-09T17:24:19.936,-9.7724,0.0800,-21.2188
2026-05-09T17:24:19.951,-9.7529,0.0800,-21.2688
2026-05-09T17:24:19.965,-9.7352,0.0800,-21.3114
2026-05-09T17:24:19.978,-9.7140,0.0800,-21.3607
2026-05-09T17:24:19.993,-9.6939,0.0800,-21.4061
2026-05-09T17:24:20.006,-9.6724,0.0800,-21.4521
2026-05-09T17:24:20.019,-9.6493,0.0800,-21.4996
2026-05-09T17:24:20.033,-9.6270,0.0800,-21.5441
2026-05-09T17:24:20.047,-9.6046,0.0800,-21.5868
2026-05-09T17:24:20.061,-9.5807,0.0800,-21.6306
2026-05-09T17:24:20.075,-9.5562,0.0800,-21.6739
2026-05-09T17:24:20.089,-9.5311,0.0800,-21.7172
2026-05-09T17:24:20.103,-9.5061,0.0800,-21.7584
2026-05-09T17:24:20.116,-9.4770,0.0800,-21.8048
2026-05-09T17:24:20.131,-9.4510,0.0800,-21.8453
2026-05-09T17:24:20.145,-9.4230,0.0800,-21.8870
2026-05-09T17:24:20.159,-9.3929,0.0800,-21.9303
2026-05-09T17:24:20.172,-9.3633,0.0800,-21.9720
2026-05-09T17:24:20.186,-9.3330,0.0800,-22.0130
2026-05-09T17:24:20.200,-9.3040,0.0800,-22.0507
2026-05-09T17:24:20.213,-9.2709,0.0800,-22.0927
2026-05-09T17:24:20.228,-9.2413,0.0800,-22.1294
2026-05-09T17:24:20.242,-9.2095,0.0800,-22.1672
2026-05-09T17:24:20.256,-9.1745,0.0800,-22.2075
2026-05-09T17:24:20.270,-9.1412,0.0800,-22.2450
2026-05-09T17:24:20.284,-9.1065,0.0800,-22.2824
2026-05-09T17:24:20.297,-9.0713,0.0800,-22.3191
2026-05-09T17:24:20.311,-9.0373,0.0800,-22.3539
2026-05-09T17:24:20.325,-9.0022,0.0800,-22.3883
2026-05-09T17:24:20.339,-8.9651,0.0800,-22.4235
2026-05-09T17:24:20.353,-8.9276,0.0800,-22.4584
2026-05-09T17:24:20.367,-8.8908,0.0800,-22.4911
2026-05-09T17:24:20.382,-8.8500,0.0800,-22.5262
2026-05-09T17:24:20.395,-8.8117,0.0800,-22.5580
2026-05-09T17:24:20.409,-8.7721,0.0800,-22.5902
2026-05-09T17:24:20.423,-8.7349,0.0800,-22.6191
2026-05-09T17:24:20.436,-8.6927,0.0800,-22.6509
2026-05-09T17:24:20.450,-8.6502,0.0800,-22.6821
2026-05-09T17:24:20.465,-8.6136,0.0800,-22.7079
2026-05-09T17:24:20.477,-8.5709,0.0800,-22.7369
2026-05-09T17:24:20.493,-8.5287,0.0800,-22.7651
2026-05-09T17:24:20.506,-8.4895,0.0800,-22.7900
2026-05-09T17:24:20.519,-8.4416,0.0800,-22.8196
2026-05-09T17:24:20.534,-8.3996,0.0800,-22.8449
2026-05-09T17:24:20.548,-8.3571,0.0800,-22.8693
2026-05-09T17:24:20.562,-8.3126,0.0800,-22.8940
2026-05-09T17:24:20.575,-8.2664,0.0800,-22.9189
2026-05-09T17:24:20.589,-8.2239,0.0800,-22.9411
2026-05-09T17:24:20.604,-8.1811,0.0800,-22.9625
2026-05-09T17:24:20.616,-8.1308,0.0800,-22.9866
2026-05-09T17:24:20.631,-8.0866,0.0800,-23.0073
2026-05-09T17:24:20.644,-8.0442,0.0800,-23.0261
2026-05-09T17:24:20.658,-7.9951,0.0800,-23.0470
2026-05-09T17:24:20.672,-7.9489,0.0800,-23.0661
2026-05-09T17:24:20.687,-7.8960,0.0800,-23.0870
2026-05-09T17:24:20.700,-7.8405,0.0800,-23.1080
2026-05-09T17:24:20.713,-7.7827,0.0800,-23.1291
2026-05-09T17:24:20.728,-7.7299,0.0800,-23.1480
2026-05-09T17:24:20.742,-7.6739,0.0800,-23.1672
2026-05-09T17:24:20.755,-7.6117,0.0800,-23.1878
2026-05-09T17:24:20.769,-7.5516,0.0800,-23.2073
2026-05-09T17:24:20.783,-7.4905,0.0800,-23.2264
2026-05-09T17:24:20.797,-7.4291,0.0800,-23.2450
2026-05-09T17:24:20.811,-7.3690,0.0800,-23.2628
2026-05-09T17:24:20.825,-7.3075,0.0800,-23.2804
2026-05-09T17:24:20.839,-7.2469,0.0800,-23.2972
2026-05-09T17:24:20.853,-7.1813,0.0800,-23.3150
2026-05-09T17:24:20.867,-7.1213,0.0800,-23.3307
2026-05-09T17:24:20.881,-7.0540,0.0800,-23.3478
2026-05-09T17:24:20.894,-6.9938,0.0800,-23.3625
2026-05-09T17:24:20.908,-6.9285,0.0800,-23.3781
2026-05-09T17:24:20.923,-6.8700,0.0800,-23.3915
2026-05-09T17:24:20.936,-6.8077,0.0800,-23.4054
2026-05-09T17:24:20.950,-6.7367,0.0800,-23.4207
2026-05-09T17:24:20.965,-6.6797,0.0800,-23.4324
2026-05-09T17:24:20.978,-6.6117,0.0800,-23.4459
2026-05-09T17:24:20.992,-6.5476,0.0800,-23.4583
2026-05-09T17:24:21.006,-6.4850,0.0800,-23.4697
2026-05-09T17:24:21.019,-6.4179,0.0800,-23.4815
2026-05-09T17:24:21.033,-6.3560,0.0800,-23.4919
2026-05-09T17:24:21.047,-6.2938,0.0800,-23.5019
2026-05-09T17:24:21.061,-6.2276,0.0800,-23.5119
2026-05-09T17:24:21.075,-6.1624,0.0800,-23.5214
2026-05-09T17:24:21.089,-6.0971,0.0800,-23.5304
2026-05-09T17:24:21.103,-6.0332,0.0800,-23.5387
2026-05-09T17:24:21.116,-5.9651,0.0800,-23.5470
2026-05-09T17:24:21.130,-5.9027,0.0800,-23.5543
2026-05-09T17:24:21.144,-5.8413,0.0800,-23.5609
2026-05-09T17:24:21.158,-5.7737,0.0800,-23.5677
2026-05-09T17:24:21.172,-5.7070,0.0800,-23.5740
2026-05-09T17:24:21.187,-5.6435,0.0800,-23.5793
2026-05-09T17:24:21.200,-5.5777,0.0800,-23.5844
2026-05-09T17:24:21.214,-5.5067,0.0800,-23.5894
2026-05-09T17:24:21.228,-5.4459,0.0800,-23.5932
2026-05-09T17:24:21.241,-5.3792,0.0800,-23.5969
2026-05-09T17:24:21.255,-5.3169,0.0800,-23.5998
2026-05-09T17:24:21.269,-5.2527,0.0800,-23.6025
2026-05-09T17:24:21.283,-5.1821,0.0800,-23.6048
2026-05-09T17:24:21.297,-5.1184,0.0800,-23.6064
2026-05-09T17:24:21.311,-5.0542,0.0800,-23.6077
2026-05-09T17:24:21.325,-4.9897,0.0800,-23.6086
2026-05-09T17:24:21.338,-4.9203,0.0800,-23.6091
2026-05-09T17:24:21.352,-4.8459,0.0800,-23.6095
2026-05-09T17:24:21.367,-4.7830,0.0800,-23.6097
2026-05-09T17:24:21.381,-4.7128,0.0800,-23.6100
2026-05-09T17:24:21.394,-4.6412,0.0800,-23.6103
2026-05-09T17:24:21.408,-4.5688,0.0800,-23.6105
2026-05-09T17:24:21.423,-4.5050,0.0800,-23.6107
2026-05-09T17:24:21.436,-4.4387,0.0800,-23.6110
2026-05-09T17:24:21.450,-4.3590,0.0800,-23.6112
2026-05-09T17:24:21.464,-4.2972,0.0800,-23.6114
2026-05-09T17:24:21.476,-4.2247,0.0800,-23.6115
2026-05-09T17:24:21.491,-4.1552,0.0800,-23.6117
2026-05-09T17:24:21.505,-4.0940,0.0800,-23.6118
2026-05-09T17:24:21.519,-4.0189,0.0800,-23.6119
2026-05-09T17:24:21.533,-3.9506,0.0800,-23.6120
2026-05-09T17:24:21.547,-3.8820,0.0800,-23.6121
2026-05-09T17:24:21.561,-3.8097,0.0800,-23.6121
2026-05-09T17:24:21.574,-3.7404,0.0800,-23.6121
2026-05-09T17:24:21.589,-3.6733,0.0800,-23.6120
2026-05-09T17:24:21.603,-3.6069,0.0800,-23.6119
2026-05-09T17:24:21.615,-3.5297,0.0800,-23.6118
2026-05-09T17:24:21.630,-3.4617,0.0800,-23.6117
2026-05-09T17:24:21.644,-3.3981,0.0800,-23.6116
2026-05-09T17:24:21.658,-3.3225,0.0800,-23.6115
2026-05-09T17:24:21.672,-3.2585,0.0800,-23.6114
2026-05-09T17:24:21.686,-3.1866,0.0800,-23.6114
2026-05-09T17:24:21.700,-3.1158,0.0800,-23.6114
2026-05-09T17:24:21.713,-3.0419,0.0800,-23.6114
2026-05-09T17:24:21.728,-2.9769,0.0800,-23.6114
2026-05-09T17:24:21.741,-2.9075,0.0800,-23.6115
2026-05-09T17:24:21.755,-2.8369,0.0800,-23.6116
2026-05-09T17:24:21.769,-2.7685,0.0800,-23.6117
2026-05-09T17:24:21.783,-2.7018,0.0800,-23.6118
2026-05-09T17:24:21.797,-2.6307,0.0800,-23.6119
2026-05-09T17:24:21.810,-2.5602,0.0800,-23.6120
2026-05-09T17:24:21.825,-2.4914,0.0800,-23.6121
2026-05-09T17:24:21.838,-2.4253,0.0800,-23.6122
2026-05-09T17:24:21.853,-2.3512,0.0800,-23.6122
2026-05-09T17:24:21.866,-2.2847,0.0800,-23.6123
2026-05-09T17:24:21.880,-2.2095,0.0800,-23.6123
2026-05-09T17:24:21.894,-2.1449,0.0800,-23.6124
2026-05-09T17:24:21.908,-2.0750,0.0800,-23.6125
2026-05-09T17:24:21.922,-2.0066,0.0800,-23.6126
2026-05-09T17:24:21.936,-1.9348,0.0800,-23.6127
2026-05-09T17:24:21.949,-1.8616,0.0800,-23.6128
2026-05-09T17:24:21.963,-1.7996,0.0800,-23.6130
2026-05-09T17:24:21.977,-1.7308,0.0800,-23.6132
2026-05-09T17:24:21.992,-1.6617,0.0800,-23.6134
2026-05-09T17:24:22.005,-1.5931,0.0800,-23.6136
2026-05-09T17:24:22.019,-1.5184,0.0800,-23.6139
2026-05-09T17:24:22.033,-1.4493,0.0800,-23.6142
2026-05-09T17:24:22.047,-1.3793,0.0800,-23.6144
2026-05-09T17:24:22.061,-1.3100,0.0800,-23.6147
2026-05-09T17:24:22.074,-1.2410,0.0800,-23.6150
2026-05-09T17:24:22.089,-1.1719,0.0800,-23.6153
2026-05-09T17:24:22.102,-1.1078,0.0800,-23.6156
2026-05-09T17:24:22.116,-1.0303,0.0800,-23.6159
2026-05-09T17:24:22.130,-0.9648,0.0800,-23.6162
2026-05-09T17:24:22.144,-0.8949,0.0800,-23.6165
2026-05-09T17:24:22.158,-0.8257,0.0800,-23.6168
2026-05-09T17:24:22.172,-0.7546,0.0800,-23.6172
2026-05-09T17:24:22.187,-0.6860,0.0800,-23.6175
2026-05-09T17:24:22.200,-0.6170,0.0800,-23.6179
2026-05-09T17:24:22.213,-0.5401,0.0800,-23.6183
2026-05-09T17:24:22.228,-0.4753,0.0800,-23.6187
2026-05-09T17:24:22.242,-0.4101,0.0800,-23.6190
2026-05-09T17:24:22.256,-0.3383,0.0800,-23.6194
2026-05-09T17:24:22.270,-0.2675,0.0800,-23.6198
2026-05-09T17:24:22.284,-0.1973,0.0800,-23.6202
2026-05-09T17:24:22.297,-0.1261,0.0800,-23.6206
2026-05-09T17:24:22.311,-0.0597,0.0800,-23.6209
2026-05-09T17:24:22.325,0.0065,0.0800,-23.6212
2026-05-09T17:24:22.339,0.0762,0.0800,-23.6216
2026-05-09T17:24:22.353,0.1473,0.0800,-23.6220
2026-05-09T17:24:22.367,0.2143,0.0800,-23.6223
2026-05-09T17:24:22.381,0.2910,0.0800,-23.6228
2026-05-09T17:24:22.394,0.3569,0.0800,-23.6232
2026-05-09T17:24:22.408,0.4285,0.0800,-23.6236
2026-05-09T17:24:22.422,0.4939,0.0800,-23.6240
2026-05-09T17:24:22.436,0.5645,0.0800,-23.6245
2026-05-09T17:24:22.450,0.6352,0.0800,-23.6250
2026-05-09T17:24:22.464,0.7012,0.0800,-23.6254
2026-05-09T17:24:22.477,0.7692,0.0800,-23.6258
2026-05-09T17:24:22.492,0.8347,0.0800,-23.6258
2026-05-09T17:24:22.506,0.8930,0.0800,-23.6252
2026-05-09T17:24:22.519,0.9554,0.0800,-23.6239
2026-05-09T17:24:22.533,1.0093,0.0800,-23.6223
2026-05-09T17:24:22.547,1.0609,0.0800,-23.6197
2026-05-09T17:24:22.561,1.1002,0.0800,-23.6170
2026-05-09T17:24:22.575,1.1385,0.0800,-23.6137
2026-05-09T17:24:22.589,1.1722,0.0800,-23.6105
2026-05-09T17:24:22.603,1.2036,0.0800,-23.6066
2026-05-09T17:24:22.616,1.2362,0.0800,-23.6018
2026-05-09T17:24:22.631,1.2641,0.0800,-23.5976
2026-05-09T17:24:22.644,1.2918,0.0800,-23.5923
2026-05-09T17:24:22.658,1.3221,0.0800,-23.5860
2026-05-09T17:24:22.672,1.3494,0.0800,-23.5801
2026-05-09T17:24:22.687,1.3788,0.0800,-23.5727
2026-05-09T17:24:22.700,1.4084,0.0800,-23.5646
2026-05-09T17:24:22.713,1.4387,0.0800,-23.5556
2026-05-09T17:24:22.728,1.4632,0.0800,-23.5482
2026-05-09T17:24:22.741,1.4918,0.0800,-23.5385
2026-05-09T17:24:22.755,1.5184,0.0800,-23.5287
2026-05-09T17:24:22.770,1.5445,0.0800,-23.5191
2026-05-09T17:24:22.783,1.5714,0.0800,-23.5081
2026-05-09T17:24:22.796,1.5991,0.0800,-23.4961
2026-05-09T17:24:22.810,1.6243,0.0800,-23.4851
2026-05-09T17:24:22.825,1.6485,0.0800,-23.4735
2026-05-09T17:24:22.838,1.6753,0.0800,-23.4600
2026-05-09T17:24:22.853,1.7011,0.0800,-23.4469
2026-05-09T17:24:22.866,1.7250,0.0800,-23.4336
2026-05-09T17:24:22.880,1.7517,0.0800,-23.4181
2026-05-09T17:24:22.894,1.7754,0.0800,-23.4041
2026-05-09T17:24:22.908,1.8005,0.0800,-23.3882
2026-05-09T17:24:22.921,1.8238,0.0800,-23.3727
2026-05-09T17:24:22.935,1.8469,0.0800,-23.3566
2026-05-09T17:24:22.949,1.8713,0.0800,-23.3394
2026-05-09T17:24:22.963,1.8914,0.0800,-23.3242
2026-05-09T17:24:22.976,1.9154,0.0800,-23.3055
2026-05-09T17:24:22.990,1.9377,0.0800,-23.2878
2026-05-09T17:24:23.004,1.9589,0.0800,-23.2698
2026-05-09T17:24:23.017,1.9811,0.0800,-23.2502
2026-05-09T17:24:23.031,2.0008,0.0800,-23.2327
2026-05-09T17:24:23.045,2.0211,0.0800,-23.2132
2026-05-09T17:24:23.059,2.0412,0.0800,-23.1934
2026-05-09T17:24:23.072,2.0610,0.0800,-23.1735
2026-05-09T17:24:23.086,2.0801,0.0800,-23.1529
2026-05-09T17:24:23.101,2.0993,0.0800,-23.1315
2026-05-09T17:24:23.114,2.1194,0.0800,-23.1082
2026-05-09T17:24:23.128,2.1367,0.0800,-23.0878
2026-05-09T17:24:23.142,2.1539,0.0800,-23.0662
2026-05-09T17:24:23.155,2.1711,0.0800,-23.0437
2026-05-09T17:24:23.169,2.1877,0.0800,-23.0218
2026-05-09T17:24:23.182,2.2045,0.0800,-22.9979
2026-05-09T17:24:23.196,2.2200,0.0800,-22.9748
2026-05-09T17:24:23.210,2.2355,0.0800,-22.9516
2026-05-09T17:24:23.225,2.2501,0.0800,-22.9280
2026-05-09T17:24:23.237,2.2656,0.0800,-22.9018
2026-05-09T17:24:23.251,2.2800,0.0800,-22.8772
2026-05-09T17:24:23.265,2.2920,0.0800,-22.8547
2026-05-09T17:24:23.279,2.3053,0.0800,-22.8289
2026-05-09T17:24:23.293,2.3181,0.0800,-22.8037
2026-05-09T17:24:23.307,2.3300,0.0800,-22.7781
2026-05-09T17:24:23.321,2.3419,0.0800,-22.7511
2026-05-09T17:24:23.334,2.3524,0.0800,-22.7258
2026-05-09T17:24:23.348,2.3637,0.0800,-22.6982
2026-05-09T17:24:23.363,2.3730,0.0800,-22.6732
2026-05-09T17:24:23.376,2.3825,0.0800,-22.6458
2026-05-09T17:24:23.391,2.3913,0.0800,-22.6203
2026-05-09T17:24:23.404,2.3989,0.0800,-22.5952
2026-05-09T17:24:23.417,2.4063,0.0800,-22.5686
2026-05-09T17:24:23.431,2.4118,0.0800,-22.5492
2026-05-09T17:24:23.445,2.4170,0.0800,-22.5270
2026-05-09T17:24:23.459,2.4211,0.0800,-22.5073
2026-05-09T17:24:23.473,2.4251,0.0800,-22.4882
2026-05-09T17:24:23.486,2.4281,0.0800,-22.4702
2026-05-09T17:24:23.500,2.4307,0.0800,-22.4520
2026-05-09T17:24:23.514,2.4331,0.0800,-22.4331
2026-05-09T17:24:23.528,2.4352,0.0800,-22.4159
2026-05-09T17:24:23.542,2.4367,0.0800,-22.3976
2026-05-09T17:24:23.556,2.4379,0.0800,-22.3787
2026-05-09T17:24:23.570,2.4389,0.0800,-22.3614
2026-05-09T17:24:23.584,2.4393,0.0800,-22.3414
2026-05-09T17:24:23.597,2.4393,0.0800,-22.3238
2026-05-09T17:24:23.611,2.4392,0.0800,-22.3047
2026-05-09T17:24:23.625,2.4384,0.0800,-22.2867
2026-05-09T17:24:23.639,2.4371,0.0800,-22.2668
2026-05-09T17:24:23.653,2.4359,0.0800,-22.2486
2026-05-09T17:24:23.667,2.4339,0.0800,-22.2301
2026-05-09T17:24:23.681,2.4314,0.0800,-22.2097
2026-05-09T17:24:23.694,2.4286,0.0800,-22.1906
2026-05-09T17:24:23.708,2.4256,0.0800,-22.1712
2026-05-09T17:24:23.723,2.4220,0.0800,-22.1523
2026-05-09T17:24:23.735,2.4179,0.0800,-22.1326
2026-05-09T17:24:23.750,2.4135,0.0800,-22.1120
2026-05-09T17:24:23.764,2.4091,0.0800,-22.0945
2026-05-09T17:24:23.777,2.4033,0.0800,-22.0734
2026-05-09T17:24:23.792,2.3981,0.0800,-22.0550
2026-05-09T17:24:23.805,2.3921,0.0800,-22.0360
2026-05-09T17:24:23.819,2.3849,0.0800,-22.0151
2026-05-09T17:24:23.833,2.3787,0.0800,-21.9974
2026-05-09T17:24:23.847,2.3717,0.0800,-21.9792
2026-05-09T17:24:23.861,2.3636,0.0800,-21.9597
2026-05-09T17:24:23.874,2.3548,0.0800,-21.9397
2026-05-09T17:24:23.889,2.3470,0.0800,-21.9220
2026-05-09T17:24:23.903,2.3383,0.0800,-21.9043
2026-05-09T17:24:23.916,2.3284,0.0800,-21.8850
2026-05-09T17:24:23.930,2.3193,0.0800,-21.8675
2026-05-09T17:24:23.944,2.3095,0.0800,-21.8503
2026-05-09T17:24:23.958,2.2987,0.0800,-21.8321
2026-05-09T17:24:23.972,2.2878,0.0800,-21.8141
2026-05-09T17:24:23.985,2.2772,0.0800,-21.7979
2026-05-09T17:24:23.999,2.2658,0.0800,-21.7811
2026-05-09T17:24:24.014,2.2542,0.0800,-21.7644
2026-05-09T17:24:24.028,2.2421,0.0800,-21.7482
2026-05-09T17:24:24.041,2.2287,0.0800,-21.7309
2026-05-09T17:24:24.055,2.2158,0.0800,-21.7151
2026-05-09T17:24:24.069,2.2037,0.0800,-21.7004
2026-05-09T17:24:24.083,2.1890,0.0800,-21.6838
2026-05-09T17:24:24.097,2.1758,0.0800,-21.6695
2026-05-09T17:24:24.110,2.1619,0.0800,-21.6547
2026-05-09T17:24:24.125,2.1470,0.0800,-21.6397
2026-05-09T17:24:24.138,2.1315,0.0800,-21.6248
2026-05-09T17:24:24.152,2.1144,0.0800,-21.6087
2026-05-09T17:24:24.166,2.0986,0.0800,-21.6035
2026-05-09T17:24:24.179,2.0815,0.0800,-21.6024
2026-05-09T17:24:24.194,2.0644,0.0800,-21.6012
2026-05-09T17:24:24.208,2.0469,0.0800,-21.5999
2026-05-09T17:24:24.222,2.0278,0.0800,-21.5987
2026-05-09T17:24:24.236,2.0083,0.0800,-21.5974
2026-05-09T17:24:24.250,1.9887,0.0800,-21.5960
2026-05-09T17:24:24.264,1.9703,0.0800,-21.5946
2026-05-09T17:24:24.277,1.9494,0.0800,-21.5933
2026-05-09T17:24:24.292,1.9297,0.0800,-21.5919
2026-05-09T17:24:24.305,1.9101,0.0800,-21.5905
2026-05-09T17:24:24.319,1.8895,0.0800,-21.5891
2026-05-09T17:24:24.334,1.8698,0.0800,-21.5877
2026-05-09T17:24:24.348,1.8485,0.0800,-21.5863
2026-05-09T17:24:24.362,1.8259,0.0800,-21.5849
2026-05-09T17:24:24.375,1.8043,0.0800,-21.5833
2026-05-09T17:24:24.391,1.7832,0.0800,-21.5818
2026-05-09T17:24:24.404,1.7622,0.0800,-21.5804
2026-05-09T17:24:24.418,1.7364,0.0800,-21.5790
2026-05-09T17:24:24.433,1.7162,0.0800,-21.5772
2026-05-09T17:24:24.446,1.6925,0.0800,-21.5758
2026-05-09T17:24:24.460,1.6639,0.0800,-21.5743
2026-05-09T17:24:24.474,1.6311,0.0800,-21.5727
2026-05-09T17:24:24.488,1.5900,0.0800,-21.5713
2026-05-09T17:24:24.502,1.5582,0.0800,-21.5698
2026-05-09T17:24:24.516,1.5508,0.0800,-21.5691
2026-05-09T17:24:24.530,1.5442,0.0800,-21.5691
2026-05-09T17:24:24.545,1.5373,0.0800,-21.5691
2026-05-09T17:24:24.558,1.5273,0.0800,-21.5691
2026-05-09T17:24:24.572,1.5126,0.0800,-21.5691
2026-05-09T17:24:24.586,1.4969,0.0800,-21.5691
2026-05-09T17:24:24.600,1.4747,0.0800,-21.5690
2026-05-09T17:24:24.614,1.4501,0.0800,-21.5690
2026-05-09T17:24:24.628,1.4268,0.0800,-21.5690
2026-05-09T17:24:24.641,1.4016,0.0800,-21.5689
2026-05-09T17:24:24.655,1.3721,0.0800,-21.5688
2026-05-09T17:24:24.669,1.3348,0.0800,-21.5688
2026-05-09T17:24:24.683,1.2917,0.0800,-21.5688
2026-05-09T17:24:24.697,1.2486,0.0800,-21.5687
2026-05-09T17:24:24.711,1.2000,0.0800,-21.5687
2026-05-09T17:24:24.725,1.1527,0.0800,-21.5687
2026-05-09T17:24:24.738,1.1015,0.0800,-21.5686
2026-05-09T17:24:24.753,1.0477,0.0800,-21.5686
2026-05-09T17:24:24.767,0.9994,0.0800,-21.5686
2026-05-09T17:24:24.780,0.9443,0.0800,-21.5685
2026-05-09T17:24:24.794,0.8906,0.0800,-21.5685
2026-05-09T17:24:24.807,0.8359,0.0800,-21.5685
2026-05-09T17:24:24.822,0.7824,0.0800,-21.5685
2026-05-09T17:24:24.836,0.7298,0.0800,-21.5684
2026-05-09T17:24:24.850,0.6668,0.0800,-21.5684
2026-05-09T17:24:24.864,0.6159,0.0800,-21.5684
2026-05-09T17:24:24.877,0.5560,0.0800,-21.5684
2026-05-09T17:24:24.892,0.5026,0.0800,-21.5684
2026-05-09T17:24:24.905,0.4500,0.0800,-21.5684
2026-05-09T17:24:24.919,0.3920,0.0800,-21.5684
2026-05-09T17:24:24.933,0.3369,0.0800,-21.5684
2026-05-09T17:24:24.947,0.2791,0.0800,-21.5684
2026-05-09T17:24:24.961,0.2282,0.0800,-21.5678
2026-05-09T17:24:24.974,0.1687,0.0800,-21.5547
2026-05-09T17:24:24.988,0.1162,0.0800,-21.5234
2026-05-09T17:24:25.003,0.0624,0.0800,-21.4905
2026-05-09T17:24:25.016,0.0073,0.0800,-21.4560
2026-05-09T17:24:25.030,-0.0439,0.0800,-21.4235
2026-05-09T17:24:25.044,-0.0965,0.0800,-21.3891
2026-05-09T17:24:25.058,-0.1506,0.0800,-21.3531
2026-05-09T17:24:25.072,-0.2003,0.0800,-21.3194
2026-05-09T17:24:25.085,-0.2530,0.0800,-21.2829
2026-05-09T17:24:25.099,-0.3029,0.0800,-21.2475
2026-05-09T17:24:25.113,-0.3522,0.0800,-21.2120
2026-05-09T17:24:25.127,-0.3961,0.0800,-21.1794
2026-05-09T17:24:25.141,-0.4399,0.0800,-21.1460
2026-05-09T17:24:25.154,-0.4810,0.0800,-21.1137
2026-05-09T17:24:25.169,-0.5169,0.0800,-21.0848
2026-05-09T17:24:25.182,-0.5508,0.0800,-21.0562
2026-05-09T17:24:25.196,-0.5848,0.0800,-21.0266
2026-05-09T17:24:25.210,-0.6170,0.0800,-20.9979
2026-05-09T17:24:25.225,-0.6485,0.0800,-20.9685
2026-05-09T17:24:25.237,-0.6781,0.0800,-20.9399
2026-05-09T17:24:25.251,-0.7072,0.0800,-20.9110
2026-05-09T17:24:25.265,-0.7311,0.0800,-20.8860
2026-05-09T17:24:25.279,-0.7585,0.0800,-20.8565
2026-05-09T17:24:25.293,-0.7824,0.0800,-20.8301
2026-05-09T17:24:25.307,-0.8049,0.0800,-20.8039
2026-05-09T17:24:25.321,-0.8268,0.0800,-20.7772
2026-05-09T17:24:25.334,-0.8471,0.0800,-20.7516
2026-05-09T17:24:25.349,-0.8683,0.0800,-20.7242
2026-05-09T17:24:25.362,-0.8834,0.0800,-20.7034
2026-05-09T17:24:25.376,-0.9004,0.0800,-20.6792
2026-05-09T17:24:25.391,-0.9158,0.0800,-20.6567
2026-05-09T17:24:25.403,-0.9301,0.0800,-20.6344
2026-05-09T17:24:25.417,-0.9461,0.0800,-20.6084
2026-05-09T17:24:25.431,-0.9590,0.0800,-20.5870
2026-05-09T17:24:25.445,-0.9722,0.0800,-20.5634
2026-05-09T17:24:25.458,-0.9857,0.0800,-20.5383
2026-05-09T17:24:25.472,-0.9991,0.0800,-20.5128
2026-05-09T17:24:25.486,-1.0104,0.0800,-20.4894
2026-05-09T17:24:25.500,-1.0219,0.0800,-20.4645
2026-05-09T17:24:25.514,-1.0330,0.0800,-20.4398
2026-05-09T17:24:25.528,-1.0432,0.0800,-20.4151
2026-05-09T17:24:25.542,-1.0533,0.0800,-20.3891
2026-05-09T17:24:25.555,-1.0627,0.0800,-20.3635
2026-05-09T17:24:25.569,-1.0714,0.0800,-20.3390
2026-05-09T17:24:25.583,-1.0785,0.0800,-20.3167
2026-05-09T17:24:25.597,-1.0848,0.0800,-20.2955
2026-05-09T17:24:25.611,-1.0916,0.0800,-20.2717
2026-05-09T17:24:25.625,-1.0969,0.0800,-20.2508
2026-05-09T17:24:25.638,-1.1014,0.0800,-20.2311
2026-05-09T17:24:25.652,-1.1056,0.0800,-20.2125
2026-05-09T17:24:25.666,-1.1088,0.0800,-20.1948
2026-05-09T17:24:25.680,-1.1119,0.0800,-20.1760
2026-05-09T17:24:25.694,-1.1149,0.0800,-20.1569
2026-05-09T17:24:25.708,-1.1170,0.0800,-20.1386
2026-05-09T17:24:25.722,-1.1188,0.0800,-20.1197
2026-05-09T17:24:25.736,-1.1201,0.0800,-20.1022
2026-05-09T17:24:25.750,-1.1215,0.0800,-20.0809
2026-05-09T17:24:25.764,-1.1220,0.0800,-20.0642
2026-05-09T17:24:25.778,-1.1222,0.0800,-20.0447
2026-05-09T17:24:25.792,-1.1223,0.0800,-20.0252
2026-05-09T17:24:25.805,-1.1217,0.0800,-20.0073
2026-05-09T17:24:25.818,-1.1206,0.0800,-19.9886
2026-05-09T17:24:25.833,-1.1196,0.0800,-19.9702
2026-05-09T17:24:25.847,-1.1178,0.0800,-19.9520
2026-05-09T17:24:25.861,-1.1155,0.0800,-19.9332
2026-05-09T17:24:25.874,-1.1129,0.0800,-19.9147
2026-05-09T17:24:25.889,-1.1103,0.0800,-19.8961
2026-05-09T17:24:25.903,-1.1070,0.0800,-19.8784
2026-05-09T17:24:25.916,-1.1030,0.0800,-19.8590
2026-05-09T17:24:25.930,-1.0993,0.0800,-19.8409
2026-05-09T17:24:25.944,-1.0949,0.0800,-19.8238
2026-05-09T17:24:25.958,-1.0899,0.0800,-19.8056
2026-05-09T17:24:25.972,-1.0848,0.0800,-19.7869
2026-05-09T17:24:25.986,-1.0794,0.0800,-19.7701
2026-05-09T17:24:25.999,-1.0730,0.0800,-19.7517
2026-05-09T17:24:26.012,-1.0660,0.0800,-19.7329
2026-05-09T17:24:26.027,-1.0603,0.0800,-19.7172
2026-05-09T17:24:26.041,-1.0534,0.0800,-19.7008
2026-05-09T17:24:26.055,-1.0455,0.0800,-19.6828
2026-05-09T17:24:26.069,-1.0382,0.0800,-19.6663
2026-05-09T17:24:26.083,-1.0296,0.0800,-19.6490
2026-05-09T17:24:26.097,-1.0212,0.0800,-19.6329
2026-05-09T17:24:26.111,-1.0126,0.0800,-19.6164
2026-05-09T17:24:26.125,-1.0031,0.0800,-19.6000
2026-05-09T17:24:26.138,-0.9935,0.0800,-19.5842
2026-05-09T17:24:26.152,-0.9834,0.0800,-19.5675
2026-05-09T17:24:26.166,-0.9744,0.0800,-19.5540
2026-05-09T17:24:26.179,-0.9635,0.0800,-19.5383
2026-05-09T17:24:26.194,-0.9526,0.0800,-19.5226
2026-05-09T17:24:26.208,-0.9421,0.0800,-19.5087
2026-05-09T17:24:26.222,-0.9296,0.0800,-19.4930
2026-05-09T17:24:26.235,-0.9183,0.0800,-19.4793
2026-05-09T17:24:26.250,-0.9053,0.0800,-19.4638
2026-05-09T17:24:26.264,-0.8942,0.0800,-19.4515
2026-05-09T17:24:26.277,-0.8806,0.0800,-19.4370
2026-05-09T17:24:26.292,-0.8681,0.0800,-19.4237
2026-05-09T17:24:26.306,-0.8553,0.0800,-19.4112
2026-05-09T17:24:26.319,-0.8408,0.0800,-19.3975
2026-05-09T17:24:26.333,-0.8278,0.0800,-19.3852
2026-05-09T17:24:26.347,-0.8139,0.0800,-19.3732
2026-05-09T17:24:26.361,-0.7999,0.0800,-19.3616
2026-05-09T17:24:26.374,-0.7856,0.0800,-19.3502
2026-05-09T17:24:26.389,-0.7709,0.0800,-19.3384
2026-05-09T17:24:26.404,-0.7552,0.0800,-19.3270
2026-05-09T17:24:26.417,-0.7363,0.0800,-19.3136
2026-05-09T17:24:26.431,-0.7147,0.0800,-19.2984
2026-05-09T17:24:26.446,-0.6888,0.0800,-19.2815
2026-05-09T17:24:26.459,-0.6586,0.0800,-19.2625
2026-05-09T17:24:26.474,-0.6144,0.0800,-19.2353
2026-05-09T17:24:26.487,-0.5658,0.0800,-19.2067
2026-05-09T17:24:26.502,-0.5115,0.0800,-19.1756
2026-05-09T17:24:26.515,-0.4539,0.0800,-19.1434
2026-05-09T17:24:26.530,-0.3949,0.0800,-19.1107
2026-05-09T17:24:26.543,-0.3405,0.0800,-19.0814
2026-05-09T17:24:26.557,-0.2805,0.0800,-19.0495
2026-05-09T17:24:26.572,-0.2257,0.0800,-19.0208
2026-05-09T17:24:26.586,-0.1656,0.0800,-18.9900
2026-05-09T17:24:26.600,-0.1063,0.0800,-18.9602
2026-05-09T17:24:26.614,-0.0423,0.0800,-18.9285
2026-05-09T17:24:26.628,0.0159,0.0800,-18.9001
2026-05-09T17:24:26.641,0.0798,0.0800,-18.8694
2026-05-09T17:24:26.655,0.1374,0.0800,-18.8421
2026-05-09T17:24:26.670,0.1969,0.0800,-18.8139
2026-05-09T17:24:26.683,0.2635,0.0800,-18.7823
2026-05-09T17:24:26.697,0.3253,0.0800,-18.7530
2026-05-09T17:24:26.711,0.3919,0.0800,-18.7216
2026-05-09T17:24:26.725,0.4508,0.0800,-18.6937
2026-05-09T17:24:26.738,0.5121,0.0800,-18.6648
2026-05-09T17:24:26.753,0.5781,0.0800,-18.6336
2026-05-09T17:24:26.767,0.6336,0.0800,-18.6074
2026-05-09T17:24:26.780,0.7041,0.0800,-18.5741
2026-05-09T17:24:26.794,0.7643,0.0800,-18.5457
2026-05-09T17:24:26.808,0.8249,0.0800,-18.5170
2026-05-09T17:24:26.822,0.8907,0.0800,-18.4858
2026-05-09T17:24:26.836,0.9506,0.0800,-18.4574
2026-05-09T17:24:26.850,1.0148,0.0800,-18.4270
2026-05-09T17:24:26.864,1.0760,0.0800,-18.3979
2026-05-09T17:24:26.877,1.1412,0.0800,-18.3669
2026-05-09T17:24:26.892,1.2017,0.0800,-18.3381
2026-05-09T17:24:26.905,1.2592,0.0800,-18.3108
2026-05-09T17:24:26.919,1.3261,0.0800,-18.2790
2026-05-09T17:24:26.933,1.3857,0.0800,-18.2507
2026-05-09T17:24:26.947,1.4495,0.0800,-18.2203
2026-05-09T17:24:26.961,1.5104,0.0800,-18.1915
2026-05-09T17:24:26.974,1.5747,0.0800,-18.1613
2026-05-09T17:24:26.989,1.6304,0.0800,-18.1355
2026-05-09T17:24:27.003,1.6884,0.0800,-18.1091
2026-05-09T17:24:27.016,1.7544,0.0800,-18.0794
2026-05-09T17:24:27.031,1.8115,0.0800,-18.0541
2026-05-09T17:24:27.044,1.8697,0.0800,-18.0289
2026-05-09T17:24:27.058,1.9325,0.0800,-18.0022
2026-05-09T17:24:27.072,1.9930,0.0800,-17.9770
2026-05-09T17:24:27.086,2.0513,0.0800,-17.9533
2026-05-09T17:24:27.100,2.1089,0.0800,-17.9304
2026-05-09T17:24:27.113,2.1694,0.0800,-17.9071
2026-05-09T17:24:27.128,2.2236,0.0800,-17.8868
2026-05-09T17:24:27.141,2.2777,0.0800,-17.8672
2026-05-09T17:24:27.155,2.3329,0.0800,-17.8479
2026-05-09T17:24:27.170,2.3841,0.0800,-17.8306
2026-05-09T17:24:27.183,2.4386,0.0800,-17.8130
2026-05-09T17:24:27.197,2.4927,0.0800,-17.7964
2026-05-09T17:24:27.211,2.5454,0.0800,-17.7808
2026-05-09T17:24:27.225,2.5972,0.0800,-17.7663
2026-05-09T17:24:27.238,2.6535,0.0800,-17.7514
2026-05-09T17:24:27.253,2.7068,0.0800,-17.7378
2026-05-09T17:24:27.267,2.7555,0.0800,-17.7263
2026-05-09T17:24:27.280,2.8136,0.0800,-17.7133
2026-05-09T17:24:27.294,2.8665,0.0800,-17.7019
2026-05-09T17:24:27.308,2.9198,0.0800,-17.6915
2026-05-09T17:24:27.322,2.9764,0.0800,-17.6811
2026-05-09T17:24:27.336,3.0284,0.0800,-17.6723
2026-05-09T17:24:27.350,3.0897,0.0800,-17.6625
2026-05-09T17:24:27.364,3.1426,0.0800,-17.6549
2026-05-09T17:24:27.377,3.2077,0.0800,-17.6463
2026-05-09T17:24:27.392,3.2662,0.0800,-17.6390
2026-05-09T17:24:27.406,3.3240,0.0800,-17.6325
2026-05-09T17:24:27.420,3.3923,0.0800,-17.6255
2026-05-09T17:24:27.434,3.4570,0.0800,-17.6194
2026-05-09T17:24:27.448,3.5223,0.0800,-17.6139
2026-05-09T17:24:27.462,3.5872,0.0800,-17.6090
2026-05-09T17:24:27.475,3.6552,0.0800,-17.6041
2026-05-09T17:24:27.490,3.7144,0.0800,-17.5999
2026-05-09T17:24:27.504,3.7777,0.0800,-17.5952
2026-05-09T17:24:27.517,3.8463,0.0800,-17.5897
2026-05-09T17:24:27.532,3.9025,0.0800,-17.5847
2026-05-09T17:24:27.546,3.9590,0.0800,-17.5789
2026-05-09T17:24:27.559,4.0167,0.0800,-17.5723
2026-05-09T17:24:27.573,4.0679,0.0800,-17.5659
2026-05-09T17:24:27.588,4.1172,0.0800,-17.5606
2026-05-09T17:24:27.602,4.1661,0.0800,-17.5603
2026-05-09T17:24:27.615,4.2183,0.0800,-17.5598
2026-05-09T17:24:27.629,4.2565,0.0800,-17.5559
2026-05-09T17:24:27.643,4.2973,0.0800,-17.5474
2026-05-09T17:24:27.657,4.3397,0.0800,-17.5377
2026-05-09T17:24:27.671,4.3791,0.0800,-17.5282
2026-05-09T17:24:27.686,4.4191,0.0800,-17.5175
2026-05-09T17:24:27.699,4.4586,0.0800,-17.5062
2026-05-09T17:24:27.713,4.4979,0.0800,-17.4944
2026-05-09T17:24:27.726,4.5329,0.0800,-17.4828
2026-05-09T17:24:27.740,4.5693,0.0800,-17.4701
2026-05-09T17:24:27.755,4.6054,0.0800,-17.4570
2026-05-09T17:24:27.769,4.6399,0.0800,-17.4434
2026-05-09T17:24:27.782,4.6793,0.0800,-17.4270
2026-05-09T17:24:27.796,4.7128,0.0800,-17.4122
2026-05-09T17:24:27.809,4.7456,0.0800,-17.3973
2026-05-09T17:24:27.825,4.7781,0.0800,-17.3814
2026-05-09T17:24:27.838,4.8102,0.0800,-17.3649
2026-05-09T17:24:27.852,4.8461,0.0800,-17.3460
2026-05-09T17:24:27.865,4.8753,0.0800,-17.3293
2026-05-09T17:24:27.879,4.9085,0.0800,-17.3095
2026-05-09T17:24:27.893,4.9377,0.0800,-17.2915
2026-05-09T17:24:27.907,4.9687,0.0800,-17.2713
2026-05-09T17:24:27.921,4.9983,0.0800,-17.2511
2026-05-09T17:24:27.935,5.0276,0.0800,-17.2303
2026-05-09T17:24:27.949,5.0611,0.0800,-17.2060
2026-05-09T17:24:27.963,5.0843,0.0800,-17.1882
2026-05-09T17:24:27.976,5.1150,0.0800,-17.1637
2026-05-09T17:24:27.991,5.1418,0.0800,-17.1419
2026-05-09T17:24:28.004,5.1682,0.0800,-17.1191
2026-05-09T17:24:28.017,5.1962,0.0800,-17.0939
2026-05-09T17:24:28.032,5.2207,0.0800,-17.0713
2026-05-09T17:24:28.045,5.2454,0.0800,-17.0473
2026-05-09T17:24:28.059,5.2717,0.0800,-17.0207
2026-05-09T17:24:28.072,5.2967,0.0800,-16.9950
2026-05-09T17:24:28.087,5.3202,0.0800,-16.9693
2026-05-09T17:24:28.100,5.3440,0.0800,-16.9425
2026-05-09T17:24:28.114,5.3687,0.0800,-16.9136
2026-05-09T17:24:28.128,5.3904,0.0800,-16.8877
2026-05-09T17:24:28.141,5.4129,0.0800,-16.8594
2026-05-09T17:24:28.155,5.4344,0.0800,-16.8314
2026-05-09T17:24:28.169,5.4544,0.0800,-16.8048
2026-05-09T17:24:28.183,5.4765,0.0800,-16.7737
2026-05-09T17:24:28.196,5.4955,0.0800,-16.7460
2026-05-09T17:24:28.210,5.5189,0.0800,-16.7107
2026-05-09T17:24:28.224,5.5339,0.0800,-16.6866
2026-05-09T17:24:28.237,5.5529,0.0800,-16.6548
2026-05-09T17:24:28.251,5.5714,0.0800,-16.6228
2026-05-09T17:24:28.265,5.5871,0.0800,-16.5936
2026-05-09T17:24:28.279,5.6034,0.0800,-16.5616
2026-05-09T17:24:28.293,5.6192,0.0800,-16.5294
2026-05-09T17:24:28.306,5.6341,0.0800,-16.4964
2026-05-09T17:24:28.320,5.6482,0.0800,-16.4634
2026-05-09T17:24:28.334,5.6618,0.0800,-16.4307
2026-05-09T17:24:28.348,5.6760,0.0800,-16.3941
2026-05-09T17:24:28.362,5.6896,0.0800,-16.3573
2026-05-09T17:24:28.374,5.7059,0.0800,-16.3114
2026-05-09T17:24:28.389,5.7205,0.0800,-16.2695
2026-05-09T17:24:28.403,5.7355,0.0800,-16.2239
2026-05-09T17:24:28.416,5.7544,0.0800,-16.1641
2026-05-09T17:24:28.431,5.7715,0.0800,-16.1091
2026-05-09T17:24:28.444,5.7891,0.0800,-16.0502
2026-05-09T17:24:28.458,5.8066,0.0800,-15.9895
2026-05-09T17:24:28.472,5.8239,0.0800,-15.9280
2026-05-09T17:24:28.486,5.8404,0.0800,-15.8667
2026-05-09T17:24:28.500,5.8572,0.0800,-15.8027
2026-05-09T17:24:28.513,5.8751,0.0800,-15.7323
2026-05-09T17:24:28.527,5.8906,0.0800,-15.6697
2026-05-09T17:24:28.541,5.9065,0.0800,-15.6034
2026-05-09T17:24:28.554,5.9217,0.0800,-15.5386
2026-05-09T17:24:28.569,5.9367,0.0800,-15.4737
2026-05-09T17:24:28.582,5.9534,0.0800,-15.4015
2026-05-09T17:24:28.597,5.9681,0.0800,-15.3377
2026-05-09T17:24:28.610,5.9832,0.0800,-15.2718
2026-05-09T17:24:28.625,5.9991,0.0800,-15.2029
2026-05-09T17:24:28.637,6.0147,0.0800,-15.1349
2026-05-09T17:24:28.652,6.0309,0.0800,-15.0647
2026-05-09T17:24:28.666,6.0453,0.0800,-15.0025
2026-05-09T17:24:28.679,6.0615,0.0800,-14.9329
2026-05-09T17:24:28.694,6.0770,0.0800,-14.8668
2026-05-09T17:24:28.708,6.0920,0.0800,-14.8034
2026-05-09T17:24:28.722,6.1093,0.0800,-14.7302
2026-05-09T17:24:28.735,6.1245,0.0800,-14.6666
2026-05-09T17:24:28.749,6.1415,0.0800,-14.5956
2026-05-09T17:24:28.763,6.1561,0.0800,-14.5349
2026-05-09T17:24:28.776,6.1721,0.0800,-14.4683
2026-05-09T17:24:28.791,6.1878,0.0800,-14.4030
2026-05-09T17:24:28.805,6.2038,0.0800,-14.3367
2026-05-09T17:24:28.818,6.2208,0.0800,-14.2662
2026-05-09T17:24:28.833,6.2370,0.0800,-14.1989
2026-05-09T17:24:28.847,6.2525,0.0800,-14.1342
2026-05-09T17:24:28.861,6.2692,0.0800,-14.0643
2026-05-09T17:24:28.874,6.2844,0.0800,-14.0008
2026-05-09T17:24:28.889,6.3011,0.0800,-13.9309
2026-05-09T17:24:28.902,6.3165,0.0800,-13.8657
2026-05-09T17:24:28.916,6.3331,0.0800,-13.7955
2026-05-09T17:24:28.930,6.3466,0.0800,-13.7370
2026-05-09T17:24:28.944,6.3597,0.0800,-13.6772
2026-05-09T17:24:28.958,6.3726,0.0800,-13.6155
2026-05-09T17:24:28.971,6.3842,0.0800,-13.5578
2026-05-09T17:24:28.986,6.3950,0.0800,-13.4998
2026-05-09T17:24:29.000,6.4050,0.0800,-13.4429
2026-05-09T17:24:29.013,6.4154,0.0800,-13.3786
2026-05-09T17:24:29.028,6.4236,0.0800,-13.3255
2026-05-09T17:24:29.041,6.4317,0.0800,-13.2670
2026-05-09T17:24:29.055,6.4394,0.0800,-13.2066
2026-05-09T17:24:29.069,6.4462,0.0800,-13.1495
2026-05-09T17:24:29.082,6.4527,0.0800,-13.0867
2026-05-09T17:24:29.096,6.4583,0.0800,-13.0261
2026-05-09T17:24:29.110,6.4635,0.0800,-12.9653
2026-05-09T17:24:29.125,6.4682,0.0800,-12.9013
2026-05-09T17:24:29.138,6.4723,0.0800,-12.8383
2026-05-09T17:24:29.152,6.4763,0.0800,-12.7683
2026-05-09T17:24:29.166,6.4789,0.0800,-12.7093
2026-05-09T17:24:29.180,6.4815,0.0800,-12.6417
2026-05-09T17:24:29.194,6.4834,0.0800,-12.5789
2026-05-09T17:24:29.208,6.4849,0.0800,-12.5131
2026-05-09T17:24:29.221,6.4860,0.0800,-12.4432
2026-05-09T17:24:29.235,6.4868,0.0800,-12.3762
2026-05-09T17:24:29.249,6.4873,0.0800,-12.3068
2026-05-09T17:24:29.264,6.4876,0.0800,-12.2436
2026-05-09T17:24:29.276,6.4878,0.0800,-12.1721
2026-05-09T17:24:29.291,6.4881,0.0800,-12.1029
2026-05-09T17:24:29.305,6.4884,0.0800,-12.0400
2026-05-09T17:24:29.318,6.4888,0.0800,-11.9635
2026-05-09T17:24:29.332,6.4891,0.0800,-11.8948
2026-05-09T17:24:29.346,6.4895,0.0800,-11.8297
2026-05-09T17:24:29.360,6.4898,0.0800,-11.7618
2026-05-09T17:24:29.374,6.4901,0.0800,-11.6898
2026-05-09T17:24:29.390,6.4904,0.0800,-11.6212
2026-05-09T17:24:29.402,6.4907,0.0800,-11.5536
2026-05-09T17:24:29.415,6.4911,0.0800,-11.4705
2026-05-09T17:24:29.430,6.4913,0.0800,-11.4125
2026-05-09T17:24:29.444,6.4917,0.0800,-11.3469
2026-05-09T17:24:29.458,6.4920,0.0800,-11.2717
2026-05-09T17:24:29.471,6.4923,0.0800,-11.2044
2026-05-09T17:24:29.485,6.4926,0.0800,-11.1354
2026-05-09T17:24:29.499,6.4929,0.0800,-11.0714
2026-05-09T17:24:29.513,6.4933,0.0800,-10.9962
2026-05-09T17:24:29.527,6.4936,0.0800,-10.9323
2026-05-09T17:24:29.540,6.4939,0.0800,-10.8656
2026-05-09T17:24:29.554,6.4943,0.0800,-10.7969
2026-05-09T17:24:29.569,6.4946,0.0800,-10.7310
2026-05-09T17:24:29.582,6.4950,0.0800,-10.6588
2026-05-09T17:24:29.597,6.4954,0.0800,-10.5901
2026-05-09T17:24:29.610,6.4957,0.0800,-10.5242
2026-05-09T17:24:29.625,6.4962,0.0800,-10.4519
2026-05-09T17:24:29.637,6.4966,0.0800,-10.3871
2026-05-09T17:24:29.652,6.4971,0.0800,-10.3122
2026-05-09T17:24:29.666,6.4975,0.0800,-10.2539
2026-05-09T17:24:29.679,6.4980,0.0800,-10.1815
2026-05-09T17:24:29.694,6.4984,0.0800,-10.1148
2026-05-09T17:24:29.708,6.4989,0.0800,-10.0492
2026-05-09T17:24:29.721,6.4994,0.0800,-9.9739
2026-05-09T17:24:29.735,6.4999,0.0800,-9.9089
2026-05-09T17:24:29.750,6.5005,0.0800,-9.8381
2026-05-09T17:24:29.763,6.5015,0.0800,-9.7765
2026-05-09T17:24:29.777,6.5031,0.0800,-9.7096
2026-05-09T17:24:29.791,6.5050,0.0800,-9.6443
2026-05-09T17:24:29.805,6.5074,0.0800,-9.5833
2026-05-09T17:24:29.818,6.5107,0.0800,-9.5130
2026-05-09T17:24:29.833,6.5140,0.0800,-9.4516
2026-05-09T17:24:29.847,6.5180,0.0800,-9.3889
2026-05-09T17:24:29.861,6.5225,0.0800,-9.3283
2026-05-09T17:24:29.874,6.5278,0.0800,-9.2657
2026-05-09T17:24:29.889,6.5333,0.0800,-9.2074
2026-05-09T17:24:29.902,6.5392,0.0800,-9.1529
2026-05-09T17:24:29.916,6.5459,0.0800,-9.0973
2026-05-09T17:24:29.930,6.5521,0.0800,-9.0503
2026-05-09T17:24:29.944,6.5579,0.0800,-9.0124
2026-05-09T17:24:29.958,6.5647,0.0800,-8.9726
2026-05-09T17:24:29.972,6.5709,0.0800,-8.9383
2026-05-09T17:24:29.986,6.5781,0.0800,-8.9038
2026-05-09T17:24:30.000,6.5862,0.0800,-8.8684
2026-05-09T17:24:30.013,6.5949,0.0800,-8.8336
2026-05-09T17:24:30.027,6.6031,0.0800,-8.8022
2026-05-09T17:24:30.041,6.6127,0.0800,-8.7688
2026-05-09T17:24:30.055,6.6226,0.0800,-8.7364
2026-05-09T17:24:30.069,6.6329,0.0800,-8.7042
2026-05-09T17:24:30.083,6.6451,0.0800,-8.6691
2026-05-09T17:24:30.097,6.6563,0.0800,-8.6388
2026-05-09T17:24:30.111,6.6684,0.0800,-8.6070
2026-05-09T17:24:30.125,6.6786,0.0800,-8.5827
2026-05-09T17:24:30.138,6.6895,0.0800,-8.5579
2026-05-09T17:24:30.152,6.7005,0.0800,-8.5336
2026-05-09T17:24:30.167,6.7113,0.0800,-8.5117
2026-05-09T17:24:30.180,6.7231,0.0800,-8.4888
2026-05-09T17:24:30.194,6.7357,0.0800,-8.4654
2026-05-09T17:24:30.208,6.7485,0.0800,-8.4424
2026-05-09T17:24:30.222,6.7613,0.0800,-8.4209
2026-05-09T17:24:30.237,6.7752,0.0800,-8.3986
2026-05-09T17:24:30.251,6.7897,0.0800,-8.3758
2026-05-09T17:24:30.265,6.8044,0.0800,-8.3543
2026-05-09T17:24:30.278,6.8202,0.0800,-8.3321
2026-05-09T17:24:30.292,6.8362,0.0800,-8.3100
2026-05-09T17:24:30.306,6.8536,0.0800,-8.2875
2026-05-09T17:24:30.320,6.8732,0.0800,-8.2630
2026-05-09T17:24:30.335,6.8943,0.0800,-8.2374
2026-05-09T17:24:30.348,6.9179,0.0800,-8.2100
2026-05-09T17:24:30.362,6.9424,0.0800,-8.1827
2026-05-09T17:24:30.376,6.9665,0.0800,-8.1569
2026-05-09T17:24:30.390,6.9944,0.0800,-8.1277
2026-05-09T17:24:30.404,7.0215,0.0800,-8.1006
2026-05-09T17:24:30.418,7.0477,0.0800,-8.0750
2026-05-09T17:24:30.433,7.0718,0.0800,-8.0514
2026-05-09T17:24:30.446,7.1081,0.0800,-8.0157
2026-05-09T17:24:30.461,7.1518,0.0800,-7.9720
2026-05-09T17:24:30.473,7.1924,0.0800,-7.9305
2026-05-09T17:24:30.488,7.2331,0.0800,-7.8880
2026-05-09T17:24:30.503,7.2692,0.0800,-7.8493
2026-05-09T17:24:30.516,7.3134,0.0800,-7.8009
2026-05-09T17:24:30.530,7.3501,0.0800,-7.7596
2026-05-09T17:24:30.544,7.3886,0.0800,-7.7152
2026-05-09T17:24:30.558,7.4277,0.0800,-7.6690
2026-05-09T17:24:30.571,7.4658,0.0800,-7.6231
2026-05-09T17:24:30.586,7.5028,0.0800,-7.5773
2026-05-09T17:24:30.599,7.5394,0.0800,-7.5310
2026-05-09T17:24:30.613,7.5788,0.0800,-7.4802
2026-05-09T17:24:30.628,7.6152,0.0800,-7.4320
2026-05-09T17:24:30.641,7.6555,0.0800,-7.3776
2026-05-09T17:24:30.655,7.6950,0.0800,-7.3234
2026-05-09T17:24:30.669,7.7308,0.0800,-7.2736
2026-05-09T17:24:30.682,7.7768,0.0800,-7.2088
2026-05-09T17:24:30.696,7.8090,0.0800,-7.1628
2026-05-09T17:24:30.710,7.8463,0.0800,-7.1089
2026-05-09T17:24:30.725,7.8848,0.0800,-7.0526
2026-05-09T17:24:30.738,7.9223,0.0800,-6.9972
2026-05-09T17:24:30.752,7.9623,0.0800,-6.9372
2026-05-09T17:24:30.766,7.9944,0.0800,-6.8881
2026-05-09T17:24:30.779,8.0281,0.0800,-6.8358
2026-05-09T17:24:30.794,8.0600,0.0800,-6.7851
2026-05-09T17:24:30.808,8.0931,0.0800,-6.7314
2026-05-09T17:24:30.821,8.1258,0.0800,-6.6772
2026-05-09T17:24:30.835,8.1564,0.0800,-6.6250
2026-05-09T17:24:30.849,8.1851,0.0800,-6.5751
2026-05-09T17:24:30.863,8.2107,0.0800,-6.5290
2026-05-09T17:24:30.877,8.2388,0.0800,-6.4772
2026-05-09T17:24:30.891,8.2670,0.0800,-6.4240
2026-05-09T17:24:30.904,8.2923,0.0800,-6.3742
2026-05-09T17:24:30.918,8.3185,0.0800,-6.3213
2026-05-09T17:24:30.932,8.3426,0.0800,-6.2709
2026-05-09T17:24:30.946,8.3659,0.0800,-6.2207
2026-05-09T17:24:30.960,8.3904,0.0800,-6.1660
2026-05-09T17:24:30.973,8.4131,0.0800,-6.1134
2026-05-09T17:24:30.987,8.4346,0.0800,-6.0622
2026-05-09T17:24:31.001,8.4546,0.0800,-6.0127
2026-05-09T17:24:31.015,8.4783,0.0800,-5.9516
2026-05-09T17:24:31.029,8.4958,0.0800,-5.9050
2026-05-09T17:24:31.043,8.5151,0.0800,-5.8516
2026-05-09T17:24:31.056,8.5336,0.0800,-5.7980
2026-05-09T17:24:31.070,8.5508,0.0800,-5.7463
2026-05-09T17:24:31.084,8.5683,0.0800,-5.6911
2026-05-09T17:24:31.097,8.5833,0.0800,-5.6416
2026-05-09T17:24:31.111,8.5984,0.0800,-5.5895
2026-05-09T17:24:31.125,8.6121,0.0800,-5.5395
2026-05-09T17:24:31.138,8.6258,0.0800,-5.4869
2026-05-09T17:24:31.153,8.6388,0.0800,-5.4340
2026-05-09T17:24:31.166,8.6496,0.0800,-5.3870
2026-05-09T17:24:31.180,8.6618,0.0800,-5.3308
2026-05-09T17:24:31.194,8.6721,0.0800,-5.2800
2026-05-09T17:24:31.208,8.6814,0.0800,-5.2296
2026-05-09T17:24:31.222,8.6909,0.0800,-5.1747
2026-05-09T17:24:31.235,8.6988,0.0800,-5.1242
2026-05-09T17:24:31.250,8.7067,0.0800,-5.0699
2026-05-09T17:24:31.264,8.7128,0.0800,-5.0221
2026-05-09T17:24:31.277,8.7189,0.0800,-4.9678
2026-05-09T17:24:31.291,8.7239,0.0800,-4.9181
2026-05-09T17:24:31.305,8.7280,0.0800,-4.8677
2026-05-09T17:24:31.318,8.7315,0.0800,-4.8163
2026-05-09T17:24:31.333,8.7341,0.0800,-4.7694
2026-05-09T17:24:31.347,8.7360,0.0800,-4.7179
2026-05-09T17:24:31.361,8.7371,0.0800,-4.6682
2026-05-09T17:24:31.374,8.7374,0.0800,-4.6194
2026-05-09T17:24:31.388,8.7370,0.0800,-4.5731
2026-05-09T17:24:31.402,8.7358,0.0800,-4.5282
2026-05-09T17:24:31.416,8.7336,0.0800,-4.4784
2026-05-09T17:24:31.430,8.7311,0.0800,-4.4354
2026-05-09T17:24:31.443,8.7275,0.0800,-4.3893
2026-05-09T17:24:31.457,8.7233,0.0800,-4.3440
2026-05-09T17:24:31.471,8.7184,0.0800,-4.2992
2026-05-09T17:24:31.485,8.7125,0.0800,-4.2531
2026-05-09T17:24:31.498,8.7060,0.0800,-4.2075
2026-05-09T17:24:31.513,8.6986,0.0800,-4.1612
2026-05-09T17:24:31.527,8.6912,0.0800,-4.1197
2026-05-09T17:24:31.540,8.6819,0.0800,-4.0720
2026-05-09T17:24:31.555,8.6728,0.0800,-4.0291
2026-05-09T17:24:31.569,8.6628,0.0800,-3.9857
2026-05-09T17:24:31.582,8.6504,0.0800,-3.9354
2026-05-09T17:24:31.596,8.6394,0.0800,-3.8942
2026-05-09T17:24:31.610,8.6275,0.0800,-3.8519
2026-05-09T17:24:31.625,8.6139,0.0800,-3.8068
2026-05-09T17:24:31.637,8.5991,0.0800,-3.7602
2026-05-09T17:24:31.652,8.5831,0.0800,-3.7123
2026-05-09T17:24:31.666,8.5686,0.0800,-3.6716
2026-05-09T17:24:31.679,8.5507,0.0800,-3.6234
2026-05-09T17:24:31.694,8.5332,0.0800,-3.5783
2026-05-09T17:24:31.707,8.5159,0.0800,-3.5361
2026-05-09T17:24:31.722,8.4969,0.0800,-3.4917
2026-05-09T17:24:31.735,8.4784,0.0800,-3.4505
2026-05-09T17:24:31.749,8.4578,0.0800,-3.4064
2026-05-09T17:24:31.763,8.4409,0.0800,-3.3720
2026-05-09T17:24:31.776,8.4206,0.0800,-3.3324
2026-05-09T17:24:31.791,8.3996,0.0800,-3.2928
2026-05-09T17:24:31.805,8.3801,0.0800,-3.2579
2026-05-09T17:24:31.818,8.3564,0.0800,-3.2169
2026-05-09T17:24:31.832,8.3342,0.0800,-3.1799
2026-05-09T17:24:31.846,8.3122,0.0800,-3.1448
2026-05-09T17:24:31.860,8.2878,0.0800,-3.1075
2026-05-09T17:24:31.873,8.2645,0.0800,-3.0729
2026-05-09T17:24:31.888,8.2392,0.0800,-3.0368
2026-05-09T17:24:31.902,8.2135,0.0800,-3.0015
2026-05-09T17:24:31.915,8.1852,0.0800,-2.9640
2026-05-09T17:24:31.929,8.1594,0.0800,-2.9310
2026-05-09T17:24:31.943,8.1328,0.0800,-2.8982
2026-05-09T17:24:31.957,8.1066,0.0800,-2.8671
2026-05-09T17:24:31.971,8.0787,0.0800,-2.8348
2026-05-09T17:24:31.985,8.0475,0.0800,-2.8001
2026-05-09T17:24:31.999,8.0171,0.0800,-2.7675
2026-05-09T17:24:32.013,7.9871,0.0800,-2.7363
2026-05-09T17:24:32.027,7.9586,0.0800,-2.7078
2026-05-09T17:24:32.041,7.9252,0.0800,-2.6755
2026-05-09T17:24:32.054,7.8941,0.0800,-2.6464
2026-05-09T17:24:32.069,7.8631,0.0800,-2.6182
2026-05-09T17:24:32.082,7.8275,0.0800,-2.5872
2026-05-09T17:24:32.096,7.7960,0.0800,-2.5607
2026-05-09T17:24:32.110,7.7627,0.0800,-2.5334
2026-05-09T17:24:32.124,7.7295,0.0800,-2.5074
2026-05-09T17:24:32.137,7.6940,0.0800,-2.4804
2026-05-09T17:24:32.152,7.6592,0.0800,-2.4548
2026-05-09T17:24:32.165,7.6260,0.0800,-2.4314
2026-05-09T17:24:32.179,7.5884,0.0800,-2.4058
2026-05-09T17:24:32.194,7.5528,0.0800,-2.3824
2026-05-09T17:24:32.208,7.5145,0.0800,-2.3582
2026-05-09T17:24:32.222,7.4775,0.0800,-2.3357
2026-05-09T17:24:32.235,7.4356,0.0800,-2.3113
2026-05-09T17:24:32.249,7.3866,0.0800,-2.2835
2026-05-09T17:24:32.263,7.3413,0.0800,-2.2588
2026-05-09T17:24:32.277,7.2869,0.0800,-2.2299
2026-05-09T17:24:32.291,7.2342,0.0800,-2.2025
2026-05-09T17:24:32.305,7.1770,0.0800,-2.1737
2026-05-09T17:24:32.319,7.1280,0.0800,-2.1494
2026-05-09T17:24:32.333,7.0882,0.0800,-2.1299
2026-05-09T17:24:32.347,7.0428,0.0800,-2.1077
2026-05-09T17:24:32.361,7.0006,0.0800,-2.0871
2026-05-09T17:24:32.374,6.9657,0.0800,-2.0699
2026-05-09T17:24:32.388,6.9252,0.0800,-2.0496
2026-05-09T17:24:32.403,6.8865,0.0800,-2.0293
2026-05-09T17:24:32.416,6.8512,0.0800,-2.0100
2026-05-09T17:24:32.430,6.8193,0.0800,-1.9920
2026-05-09T17:24:32.444,6.7913,0.0800,-1.9751
2026-05-09T17:24:32.458,6.7620,0.0800,-1.9568
2026-05-09T17:24:32.471,6.7333,0.0800,-1.9383
2026-05-09T17:24:32.485,6.7036,0.0800,-1.9181
2026-05-09T17:24:32.499,6.6778,0.0800,-1.8998
2026-05-09T17:24:32.513,6.6483,0.0800,-1.8782
2026-05-09T17:24:32.528,6.6214,0.0800,-1.8575
2026-05-09T17:24:32.541,6.5943,0.0800,-1.8359
2026-05-09T17:24:32.554,6.5661,0.0800,-1.8124
2026-05-09T17:24:32.569,6.5404,0.0800,-1.7905
2026-05-09T17:24:32.583,6.5107,0.0800,-1.7640
2026-05-09T17:24:32.596,6.4853,0.0800,-1.7403
2026-05-09T17:24:32.610,6.4562,0.0800,-1.7126
2026-05-09T17:24:32.625,6.4304,0.0800,-1.6867
2026-05-09T17:24:32.638,6.4036,0.0800,-1.6590
2026-05-09T17:24:32.652,6.3758,0.0800,-1.6296
2026-05-09T17:24:32.667,6.3525,0.0800,-1.6036
2026-05-09T17:24:32.681,6.3264,0.0800,-1.5735
2026-05-09T17:24:32.694,6.3009,0.0800,-1.5429
2026-05-09T17:24:32.707,6.2757,0.0800,-1.5118
2026-05-09T17:24:32.722,6.2540,0.0800,-1.4836
2026-05-09T17:24:32.735,6.2316,0.0800,-1.4536
2026-05-09T17:24:32.750,6.2067,0.0800,-1.4191
2026-05-09T17:24:32.764,6.1872,0.0800,-1.3905
2026-05-09T17:24:32.777,6.1648,0.0800,-1.3567
2026-05-09T17:24:32.791,6.1434,0.0800,-1.3234
2026-05-09T17:24:32.805,6.1242,0.0800,-1.2919
2026-05-09T17:24:32.818,6.1043,0.0800,-1.2578
2026-05-09T17:24:32.833,6.0864,0.0800,-1.2263
2026-05-09T17:24:32.846,6.0685,0.0800,-1.1930
2026-05-09T17:24:32.861,6.0504,0.0800,-1.1580
2026-05-09T17:24:32.874,6.0333,0.0800,-1.1238
2026-05-09T17:24:32.889,6.0165,0.0800,-1.0879
2026-05-09T17:24:32.902,6.0013,0.0800,-1.0540
2026-05-09T17:24:32.915,5.9852,0.0800,-1.0162
2026-05-09T17:24:32.930,5.9712,0.0800,-0.9819
2026-05-09T17:24:32.943,5.9578,0.0800,-0.9469
2026-05-09T17:24:32.958,5.9442,0.0800,-0.9093
2026-05-09T17:24:32.972,5.9319,0.0800,-0.8740
2026-05-09T17:24:32.985,5.9194,0.0800,-0.8351
2026-05-09T17:24:32.998,5.9080,0.0800,-0.7969
2026-05-09T17:24:33.013,5.8969,0.0800,-0.7583
2026-05-09T17:24:33.027,5.8883,0.0800,-0.7253
2026-05-09T17:24:33.041,5.8783,0.0800,-0.6846
2026-05-09T17:24:33.055,5.8700,0.0800,-0.6476
2026-05-09T17:24:33.069,5.8616,0.0800,-0.6079
2026-05-09T17:24:33.083,5.8542,0.0800,-0.5681
2026-05-09T17:24:33.097,5.8479,0.0800,-0.5307
2026-05-09T17:24:33.114,5.8420,0.0800,-0.4927
2026-05-09T17:24:33.125,5.8370,0.0800,0.0558
2026-05-09T17:24:33.138,5.8309,0.0800,0.1108
2026-05-09T17:24:33.153,5.8286,0.0800,0.1333
2026-05-09T17:24:33.167,5.8259,0.0800,0.1710
2026-05-09T17:24:33.180,5.8236,0.0800,0.2133
2026-05-09T17:24:33.194,5.8223,0.0800,0.2502
2026-05-09T17:24:33.208,5.8214,0.0800,0.2875
2026-05-09T17:24:33.223,5.8214,0.0800,0.3274
2026-05-09T17:24:33.236,5.8221,0.0800,0.3656
2026-05-09T17:24:33.250,5.8233,0.0800,0.4072
2026-05-09T17:24:33.264,5.8253,0.0800,0.4434
2026-05-09T17:24:33.277,5.8280,0.0800,0.4822
2026-05-09T17:24:33.292,5.8313,0.0800,0.5209
2026-05-09T17:24:33.305,5.8351,0.0800,0.5565
2026-05-09T17:24:33.319,5.8402,0.0800,0.5975
2026-05-09T17:24:33.333,5.8451,0.0800,0.6337
2026-05-09T17:24:33.347,5.8516,0.0800,0.6740
2026-05-09T17:24:33.361,5.8582,0.0800,0.7102
2026-05-09T17:24:33.374,5.8655,0.0800,0.7470
2026-05-09T17:24:33.389,5.8737,0.0800,0.7854
2026-05-09T17:24:33.403,5.8821,0.0800,0.8209
2026-05-09T17:24:33.416,5.8923,0.0800,0.8611
2026-05-09T17:24:33.431,5.9019,0.0800,0.8969
2026-05-09T17:24:33.444,5.9112,0.0800,0.9288
2026-05-09T17:24:33.458,5.9179,0.0800,0.9507
2026-05-09T17:24:33.472,5.9221,0.0800,0.9640
2026-05-09T17:24:33.500,5.9231,0.0800,0.9674
2026-05-09T17:24:33.514,5.9270,0.0800,0.9797
2026-05-09T17:24:33.528,5.9345,0.0800,1.0042
2026-05-09T17:24:33.541,5.9418,0.0800,1.0303
2026-05-09T17:24:33.555,5.9485,0.0800,1.0557
2026-05-09T17:24:33.570,5.9541,0.0800,1.0787
2026-05-09T17:24:33.583,5.9599,0.0800,1.1049
2026-05-09T17:24:33.597,5.9650,0.0800,1.1309
2026-05-09T17:24:33.611,5.9695,0.0800,1.1552
2026-05-09T17:24:33.625,5.9733,0.0800,1.1800
2026-05-09T17:24:33.638,5.9768,0.0800,1.2053
2026-05-09T17:24:33.653,5.9800,0.0800,1.2322
2026-05-09T17:24:33.667,5.9823,0.0800,1.2563
2026-05-09T17:24:33.681,5.9845,0.0800,1.2856
2026-05-09T17:24:33.694,5.9860,0.0800,1.3141
2026-05-09T17:24:33.708,5.9872,0.0800,1.3443
2026-05-09T17:24:33.723,5.9877,0.0800,1.3739
2026-05-09T17:24:33.736,5.9876,0.0800,1.4053
2026-05-09T17:24:33.750,5.9870,0.0800,1.4382
2026-05-09T17:24:33.764,5.9857,0.0800,1.4666
2026-05-09T17:24:33.777,5.9837,0.0800,1.4979
2026-05-09T17:24:33.792,5.9813,0.0800,1.5283
2026-05-09T17:24:33.805,5.9783,0.0800,1.5568
2026-05-09T17:24:33.820,5.9742,0.0800,1.5899
2026-05-09T17:24:33.833,5.9705,0.0800,1.6166
2026-05-09T17:24:33.847,5.9649,0.0800,1.6499
2026-05-09T17:24:33.861,5.9600,0.0800,1.6755
2026-05-09T17:24:33.874,5.9538,0.0800,1.7048
2026-05-09T17:24:33.889,5.9474,0.0800,1.7329
2026-05-09T17:24:33.903,5.9407,0.0800,1.7594
2026-05-09T17:24:33.917,5.9319,0.0800,1.7910
2026-05-09T17:24:33.931,5.9242,0.0800,1.8172
2026-05-09T17:24:33.945,5.9151,0.0800,1.8456
2026-05-09T17:24:33.959,5.9053,0.0800,1.8738
2026-05-09T17:24:33.973,5.8953,0.0800,1.9012
2026-05-09T17:24:33.987,5.8848,0.0800,1.9280
2026-05-09T17:24:34.000,5.8733,0.0800,1.9557
2026-05-09T17:24:34.014,5.8606,0.0800,1.9844
2026-05-09T17:24:34.028,5.8499,0.0800,2.0077
2026-05-09T17:24:34.042,5.8368,0.0800,2.0345
2026-05-09T17:24:34.055,5.8235,0.0800,2.0603
2026-05-09T17:24:34.069,5.8107,0.0800,2.0843
2026-05-09T17:24:34.083,5.7958,0.0800,2.1107
2026-05-09T17:24:34.097,5.7820,0.0800,2.1339
2026-05-09T17:24:34.111,5.7672,0.0800,2.1581
2026-05-09T17:24:34.125,5.7511,0.0800,2.1829
2026-05-09T17:24:34.139,5.7346,0.0800,2.2074
2026-05-09T17:24:34.153,5.7182,0.0800,2.2307
2026-05-09T17:24:34.167,5.7019,0.0800,2.2529
2026-05-09T17:24:34.180,5.6823,0.0800,2.2785
2026-05-09T17:24:34.194,5.6659,0.0800,2.2989
2026-05-09T17:24:34.207,5.6480,0.0800,2.3205
2026-05-09T17:24:34.222,5.6298,0.0800,2.3416
2026-05-09T17:24:34.236,5.6118,0.0800,2.3616
2026-05-09T17:24:34.250,5.5903,0.0800,2.3847
2026-05-09T17:24:34.263,5.5702,0.0800,2.3932
2026-05-09T17:24:34.277,5.5495,0.0800,2.3943
2026-05-09T17:24:34.291,5.5300,0.0800,2.3954
2026-05-09T17:24:34.305,5.5092,0.0800,2.3966
2026-05-09T17:24:34.319,5.4866,0.0800,2.3978
2026-05-09T17:24:34.333,5.4661,0.0800,2.3990
2026-05-09T17:24:34.346,5.4427,0.0800,2.4002
2026-05-09T17:24:34.360,5.4206,0.0800,2.4015
2026-05-09T17:24:34.375,5.3983,0.0800,2.4027
2026-05-09T17:24:34.389,5.3746,0.0800,2.4040
2026-05-09T17:24:34.403,5.3504,0.0800,2.4054
2026-05-09T17:24:34.416,5.3247,0.0800,2.4067
2026-05-09T17:24:34.430,5.3020,0.0800,2.4081
2026-05-09T17:24:34.444,5.2779,0.0800,2.4095
2026-05-09T17:24:34.458,5.2526,0.0800,2.4108
2026-05-09T17:24:34.472,5.2282,0.0800,2.4122
2026-05-09T17:24:34.486,5.2014,0.0800,2.4136
2026-05-09T17:24:34.501,5.1766,0.0800,2.4151
2026-05-09T17:24:34.513,5.1480,0.0800,2.4165
2026-05-09T17:24:34.528,5.1223,0.0800,2.4180
2026-05-09T17:24:34.542,5.0969,0.0800,2.4195
2026-05-09T17:24:34.555,5.0696,0.0800,2.4209
2026-05-09T17:24:34.570,5.0432,0.0800,2.4224
2026-05-09T17:24:34.584,5.0163,0.0800,2.4239
2026-05-09T17:24:34.598,4.9881,0.0800,2.4254
2026-05-09T17:24:34.612,4.9618,0.0800,2.4270
2026-05-09T17:24:34.626,4.9335,0.0800,2.4285
2026-05-09T17:24:34.639,4.9056,0.0800,2.4301
2026-05-09T17:24:34.654,4.8780,0.0800,2.4316
2026-05-09T17:24:34.668,4.8514,0.0800,2.4332
2026-05-09T17:24:34.681,4.8187,0.0800,2.4347
2026-05-09T17:24:34.695,4.7924,0.0800,2.4364
2026-05-09T17:24:34.709,4.7641,0.0800,2.4379
2026-05-09T17:24:34.724,4.7364,0.0800,2.4395
2026-05-09T17:24:34.737,4.7067,0.0800,2.4410
2026-05-09T17:24:34.751,4.6772,0.0800,2.4426
2026-05-09T17:24:34.765,4.6491,0.0800,2.4442
2026-05-09T17:24:34.779,4.6176,0.0800,2.4456
2026-05-09T17:24:34.793,4.5851,0.0800,2.4468
2026-05-09T17:24:34.806,4.5534,0.0800,2.4473
2026-05-09T17:24:34.820,4.5060,0.0800,2.4472
2026-05-09T17:24:34.835,4.4714,0.0800,2.4465
2026-05-09T17:24:34.849,4.4436,0.0800,2.4457
2026-05-09T17:24:34.862,4.4290,0.0800,2.4452
2026-05-09T17:24:34.876,4.4265,0.0800,2.4451
2026-05-09T17:24:35.015,4.4215,0.0800,2.4449
2026-05-09T17:24:35.029,4.4156,0.0800,2.4447
2026-05-09T17:24:35.043,4.4068,0.0800,2.4444
2026-05-09T17:24:35.057,4.3932,0.0800,2.4440
2026-05-09T17:24:35.072,4.3774,0.0800,2.4435
2026-05-09T17:24:35.085,4.3551,0.0800,2.4428
2026-05-09T17:24:35.099,4.3266,0.0800,2.4418
2026-05-09T17:24:35.112,4.2968,0.0800,2.4409
2026-05-09T17:24:35.127,4.2577,0.0800,2.4397
2026-05-09T17:24:35.140,4.2159,0.0800,2.4384
2026-05-09T17:24:35.154,4.1654,0.0800,2.4368
2026-05-09T17:24:35.168,4.1222,0.0800,2.4355
2026-05-09T17:24:35.182,4.0690,0.0800,2.4339
2026-05-09T17:24:35.196,4.0231,0.0800,2.4325
2026-05-09T17:24:35.210,3.9736,0.0800,2.4310
2026-05-09T17:24:35.224,3.9281,0.0800,2.4297
2026-05-09T17:24:35.238,3.8775,0.0800,2.4282
2026-05-09T17:24:35.251,3.8264,0.0800,2.4266
2026-05-09T17:24:35.265,3.7763,0.0800,2.4252
2026-05-09T17:24:35.279,3.7255,0.0800,2.4237
2026-05-09T17:24:35.294,3.6711,0.0800,2.4221
2026-05-09T17:24:35.307,3.6196,0.0800,2.4206
2026-05-09T17:24:35.322,3.5616,0.0800,2.4189
2026-05-09T17:24:35.335,3.5076,0.0800,2.4174
2026-05-09T17:24:35.349,3.4380,0.0800,2.4154
2026-05-09T17:24:35.363,3.3888,0.0800,2.4141
2026-05-09T17:24:35.376,3.3277,0.0800,2.4124
2026-05-09T17:24:35.391,3.2647,0.0800,2.4107
2026-05-09T17:24:35.405,3.2085,0.0800,2.4092
2026-05-09T17:24:35.418,3.1391,0.0800,2.4074
2026-05-09T17:24:35.432,3.0768,0.0800,2.4058
2026-05-09T17:24:35.446,3.0114,0.0800,2.4041
2026-05-09T17:24:35.460,2.9410,0.0800,2.4022
2026-05-09T17:24:35.474,2.8731,0.0800,2.4005
2026-05-09T17:24:35.488,2.8056,0.0800,2.3987
2026-05-09T17:24:35.502,2.7364,0.0800,2.3969
2026-05-09T17:24:35.515,2.6603,0.0800,2.3949
2026-05-09T17:24:35.530,2.5945,0.0800,2.3932
2026-05-09T17:24:35.544,2.5268,0.0800,2.3915
2026-05-09T17:24:35.557,2.4540,0.0800,2.3896
2026-05-09T17:24:35.571,2.3859,0.0800,2.3879
2026-05-09T17:24:35.585,2.3198,0.0800,2.3861
2026-05-09T17:24:35.599,2.2489,0.0800,2.3843
2026-05-09T17:24:35.613,2.1791,0.0800,2.3825
2026-05-09T17:24:35.628,2.1095,0.0800,2.3806
2026-05-09T17:24:35.641,2.0438,0.0800,2.3789
2026-05-09T17:24:35.655,1.9698,0.0800,2.3769
2026-05-09T17:24:35.669,1.9059,0.0800,2.3751
2026-05-09T17:24:35.683,1.8314,0.0800,2.3731
2026-05-09T17:24:35.696,1.7652,0.0800,2.3713
2026-05-09T17:24:35.710,1.6961,0.0800,2.3694
2026-05-09T17:24:35.726,1.6302,0.0800,2.3676
2026-05-09T17:24:35.738,1.5620,0.0800,2.3658
2026-05-09T17:24:35.753,1.4806,0.0800,2.3636
2026-05-09T17:24:35.767,1.4216,0.0800,2.3620
2026-05-09T17:24:35.780,1.3488,0.0800,2.3600
2026-05-09T17:24:35.794,1.2811,0.0800,2.3583
2026-05-09T17:24:35.808,1.2142,0.0800,2.3565
2026-05-09T17:24:35.822,1.1412,0.0800,2.3547
2026-05-09T17:24:35.835,1.0790,0.0800,2.3531
2026-05-09T17:24:35.850,1.0016,0.0800,2.3513
2026-05-09T17:24:35.863,0.9408,0.0800,2.3498
2026-05-09T17:24:35.877,0.8731,0.0800,2.3483
2026-05-09T17:24:35.891,0.8100,0.0800,2.3470
2026-05-09T17:24:35.905,0.7502,0.0800,2.3457
2026-05-09T17:24:35.919,0.6852,0.0800,2.3444
2026-05-09T17:24:35.933,0.6226,0.0800,2.3432
2026-05-09T17:24:35.947,0.5615,0.0800,2.3419
2026-05-09T17:24:35.961,0.4985,0.0800,2.3407
2026-05-09T17:24:35.974,0.4369,0.0800,2.3394
2026-05-09T17:24:35.989,0.3742,0.0800,2.3382
2026-05-09T17:24:36.003,0.3170,0.0800,2.3370
2026-05-09T17:24:36.016,0.2489,0.0800,2.3356
2026-05-09T17:24:36.031,0.1923,0.0800,2.3344
2026-05-09T17:24:36.044,0.1321,0.0800,2.3331
2026-05-09T17:24:36.058,0.0747,0.0800,2.3319
2026-05-09T17:24:36.071,0.0205,0.0800,2.3307
2026-05-09T17:24:36.086,-0.0359,0.0800,2.3294
2026-05-09T17:24:36.100,-0.0891,0.0800,2.3283
2026-05-09T17:24:36.113,-0.1491,0.0800,2.3269
2026-05-09T17:24:36.128,-0.2000,0.0800,2.3258
2026-05-09T17:24:36.141,-0.2500,0.0800,2.3247
2026-05-09T17:24:36.155,-0.3048,0.0800,2.3236
2026-05-09T17:24:36.169,-0.3545,0.0800,2.3225
2026-05-09T17:24:36.183,-0.4099,0.0800,2.3213
2026-05-09T17:24:36.197,-0.4605,0.0800,2.3203
2026-05-09T17:24:36.210,-0.5174,0.0800,2.3191
2026-05-09T17:24:36.225,-0.5725,0.0800,2.3179
2026-05-09T17:24:36.239,-0.6290,0.0800,2.3166
2026-05-09T17:24:36.253,-0.6970,0.0800,2.3151
2026-05-09T17:24:36.267,-0.7606,0.0800,2.3136
2026-05-09T17:24:36.280,-0.8371,0.0800,2.3117
2026-05-09T17:24:36.294,-0.8961,0.0800,2.3102
2026-05-09T17:24:36.308,-0.9635,0.0800,2.3084
2026-05-09T17:24:36.322,-1.0289,0.0800,2.3067
2026-05-09T17:24:36.336,-1.0965,0.0800,2.3049
2026-05-09T17:24:36.350,-1.1702,0.0800,2.3029
2026-05-09T17:24:36.364,-1.2324,0.0800,2.3013
2026-05-09T17:24:36.377,-1.3044,0.0800,2.2994
2026-05-09T17:24:36.392,-1.3724,0.0800,2.2977
2026-05-09T17:24:36.406,-1.4399,0.0800,2.2961
2026-05-09T17:24:36.419,-1.5118,0.0800,2.2945
2026-05-09T17:24:36.433,-1.5798,0.0800,2.2930
2026-05-09T17:24:36.447,-1.6483,0.0800,2.2916
2026-05-09T17:24:36.461,-1.7198,0.0800,2.2901
2026-05-09T17:24:36.474,-1.7876,0.0800,2.2888
2026-05-09T17:24:36.489,-1.8587,0.0800,2.2874
2026-05-09T17:24:36.503,-1.9230,0.0800,2.2862
2026-05-09T17:24:36.517,-1.9973,0.0800,2.2849
2026-05-09T17:24:36.530,-2.0637,0.0800,2.2836
2026-05-09T17:24:36.544,-2.1334,0.0800,2.2824
2026-05-09T17:24:36.558,-2.2009,0.0800,2.2811
2026-05-09T17:24:36.572,-2.2667,0.0800,2.2799
2026-05-09T17:24:36.586,-2.3359,0.0800,2.2786
2026-05-09T17:24:36.600,-2.4065,0.0800,2.2773
2026-05-09T17:24:36.614,-2.4774,0.0800,2.2760
2026-05-09T17:24:36.628,-2.5440,0.0800,2.2747
2026-05-09T17:24:36.641,-2.6113,0.0800,2.2736
2026-05-09T17:24:36.655,-2.6792,0.0800,2.2729
2026-05-09T17:24:36.669,-2.7430,0.0800,2.2724
2026-05-09T17:24:36.684,-2.8161,0.0800,2.2723
2026-05-09T17:24:36.697,-2.8829,0.0800,2.2725
2026-05-09T17:24:36.711,-2.9532,0.0800,2.2731
2026-05-09T17:24:36.725,-3.0198,0.0800,2.2740
2026-05-09T17:24:36.739,-3.0846,0.0800,2.2752
2026-05-09T17:24:36.753,-3.1561,0.0800,2.2767
2026-05-09T17:24:36.767,-3.2197,0.0800,2.2785
2026-05-09T17:24:36.781,-3.2901,0.0800,2.2806
2026-05-09T17:24:36.794,-3.3593,0.0800,2.2831
2026-05-09T17:24:36.808,-3.4254,0.0800,2.2856
2026-05-09T17:24:36.823,-3.4902,0.0800,2.2884
2026-05-09T17:24:36.837,-3.5574,0.0800,2.2916
2026-05-09T17:24:36.851,-3.6329,0.0800,2.2954
2026-05-09T17:24:36.865,-3.6955,0.0800,2.2989
2026-05-09T17:24:36.878,-3.7674,0.0800,2.3032
2026-05-09T17:24:36.892,-3.8337,0.0800,2.3074
2026-05-09T17:24:36.906,-3.8955,0.0800,2.3116
2026-05-09T17:24:36.919,-3.9649,0.0800,2.3166
2026-05-09T17:24:36.934,-4.0333,0.0800,2.3218
2026-05-09T17:24:36.947,-4.1027,0.0800,2.3275
2026-05-09T17:24:36.961,-4.1684,0.0800,2.3331
2026-05-09T17:24:36.974,-4.2355,0.0800,2.3391
2026-05-09T17:24:36.989,-4.3022,0.0800,2.3454
2026-05-09T17:24:37.003,-4.3656,0.0800,2.3516
2026-05-09T17:24:37.017,-4.4396,0.0800,2.3592
2026-05-09T17:24:37.031,-4.5043,0.0800,2.3662
2026-05-09T17:24:37.045,-4.5713,0.0800,2.3737
2026-05-09T17:24:37.059,-4.6393,0.0800,2.3816
2026-05-09T17:24:37.073,-4.7062,0.0800,2.3897
2026-05-09T17:24:37.087,-4.7732,0.0800,2.3981
2026-05-09T17:24:37.101,-4.8439,0.0800,2.4074
2026-05-09T17:24:37.114,-4.9130,0.0800,2.4168
2026-05-09T17:24:37.129,-4.9784,0.0800,2.4260
2026-05-09T17:24:37.142,-5.0450,0.0800,2.4358
2026-05-09T17:24:37.157,-5.1102,0.0800,2.4381
2026-05-09T17:24:37.171,-5.1773,0.0800,2.4381
2026-05-09T17:24:37.184,-5.2493,0.0800,2.4381
2026-05-09T17:24:37.198,-5.3154,0.0800,2.4382
2026-05-09T17:24:37.212,-5.3797,0.0800,2.4382
2026-05-09T17:24:37.226,-5.4454,0.0800,2.4382
2026-05-09T17:24:37.240,-5.5132,0.0800,2.4383
2026-05-09T17:24:37.254,-5.5787,0.0800,2.4383
2026-05-09T17:24:37.268,-5.6467,0.0800,2.4383
2026-05-09T17:24:37.281,-5.7190,0.0800,2.4383
2026-05-09T17:24:37.295,-5.7807,0.0800,2.4383
2026-05-09T17:24:37.310,-5.8479,0.0800,2.4383
2026-05-09T17:24:37.324,-5.9103,0.0800,2.4383
2026-05-09T17:24:37.337,-5.9787,0.0800,2.4382
2026-05-09T17:24:37.351,-6.0448,0.0800,2.4382
2026-05-09T17:24:37.365,-6.1012,0.0800,2.4381
2026-05-09T17:24:37.379,-6.1590,0.0800,2.4379
2026-05-09T17:24:37.393,-6.2176,0.0800,2.4379
2026-05-09T17:24:37.407,-6.2771,0.0800,2.4382
2026-05-09T17:24:37.421,-6.3379,0.0800,2.4391
2026-05-09T17:24:37.435,-6.3972,0.0800,2.4400
2026-05-09T17:24:37.449,-6.4600,0.0800,2.4408
2026-05-09T17:24:37.463,-6.5155,0.0800,2.4418
2026-05-09T17:24:37.476,-6.5749,0.0800,2.4426
2026-05-09T17:24:37.491,-6.6343,0.0800,2.4435
2026-05-09T17:24:37.505,-6.6936,0.0800,2.4444
2026-05-09T17:24:37.518,-6.7595,0.0800,2.4453
2026-05-09T17:24:37.533,-6.8228,0.0800,2.4462
2026-05-09T17:24:37.546,-6.8897,0.0800,2.4469
2026-05-09T17:24:37.560,-6.9561,0.0800,2.4474
2026-05-09T17:24:37.574,-7.0229,0.0800,2.4480
2026-05-09T17:24:37.588,-7.0894,0.0800,2.4480
2026-05-09T17:24:37.602,-7.1604,0.0800,2.4480
2026-05-09T17:24:37.616,-7.2333,0.0800,2.4480
2026-05-09T17:24:37.630,-7.3029,0.0800,2.4480
2026-05-09T17:24:37.643,-7.3712,0.0800,2.4480
2026-05-09T17:24:37.658,-7.4419,0.0800,2.4480
2026-05-09T17:24:37.672,-7.5072,0.0800,2.4480
2026-05-09T17:24:37.686,-7.5786,0.0800,2.4480
2026-05-09T17:24:37.700,-7.6499,0.0800,2.4480
2026-05-09T17:24:37.713,-7.7239,0.0800,2.4480
2026-05-09T17:24:37.728,-7.7977,0.0800,2.4500
2026-05-09T17:24:37.741,-7.8542,0.0800,2.4515
2026-05-09T17:24:37.755,-7.9259,0.0800,2.4534
2026-05-09T17:24:37.769,-7.9913,0.0800,2.4552
2026-05-09T17:24:37.784,-8.0613,0.0800,2.4571
2026-05-09T17:24:37.797,-8.1271,0.0800,2.4593
2026-05-09T17:24:37.810,-8.1976,0.0800,2.4620
2026-05-09T17:24:37.825,-8.2593,0.0800,2.4647
2026-05-09T17:24:37.838,-8.3226,0.0800,2.4680
2026-05-09T17:24:37.853,-8.3878,0.0800,2.4718
2026-05-09T17:24:37.867,-8.4449,0.0800,2.4758
2026-05-09T17:24:37.880,-8.5050,0.0800,2.4808
2026-05-09T17:24:37.894,-8.5542,0.0800,2.4856
2026-05-09T17:24:37.908,-8.5991,0.0800,2.4905
2026-05-09T17:24:37.923,-8.6459,0.0800,2.4966
2026-05-09T17:24:37.936,-8.6866,0.0800,2.5026
2026-05-09T17:24:37.950,-8.7290,0.0800,2.5095
2026-05-09T17:24:37.964,-8.7625,0.0800,2.5158
2026-05-09T17:24:37.977,-8.7972,0.0800,2.5230
2026-05-09T17:24:37.992,-8.8316,0.0800,2.5305
2026-05-09T17:24:38.006,-8.8655,0.0800,2.5389
2026-05-09T17:24:38.019,-8.9025,0.0800,2.5488
2026-05-09T17:24:38.034,-8.9358,0.0800,2.5582
2026-05-09T17:24:38.047,-8.9658,0.0800,2.5675
2026-05-09T17:24:38.062,-8.9957,0.0800,2.5775
2026-05-09T17:24:38.075,-9.0224,0.0800,2.5871
2026-05-09T17:24:38.089,-9.0528,0.0800,2.5984
2026-05-09T17:24:38.103,-9.0753,0.0800,2.6075
2026-05-09T17:24:38.117,-9.0997,0.0800,2.6180
2026-05-09T17:24:38.131,-9.1224,0.0800,2.6280
2026-05-09T17:24:38.145,-9.1437,0.0800,2.6383
2026-05-09T17:24:38.158,-9.1607,0.0800,2.6470
2026-05-09T17:24:38.172,-9.1779,0.0800,2.6559
2026-05-09T17:24:38.187,-9.1943,0.0800,2.6651
2026-05-09T17:24:38.200,-9.2107,0.0800,2.6748
2026-05-09T17:24:38.214,-9.2272,0.0800,2.6852
2026-05-09T17:24:38.228,-9.2419,0.0800,2.6944
2026-05-09T17:24:38.241,-9.2543,0.0800,2.7031
2026-05-09T17:24:38.255,-9.2653,0.0800,2.7111
2026-05-09T17:24:38.269,-9.2761,0.0800,2.7191
2026-05-09T17:24:38.283,-9.2869,0.0800,2.7277
2026-05-09T17:24:38.296,-9.2967,0.0800,2.7360
2026-05-09T17:24:38.310,-9.3068,0.0800,2.7447
2026-05-09T17:24:38.325,-9.3157,0.0800,2.7528
2026-05-09T17:24:38.338,-9.3252,0.0800,2.7621
2026-05-09T17:24:38.352,-9.3357,0.0800,2.7723
2026-05-09T17:24:38.366,-9.3437,0.0800,2.7808
2026-05-09T17:24:38.379,-9.3525,0.0800,2.7906
2026-05-09T17:24:38.394,-9.3613,0.0800,2.8003
2026-05-09T17:24:38.407,-9.3690,0.0800,2.8096
2026-05-09T17:24:38.421,-9.3772,0.0800,2.8198
2026-05-09T17:24:38.434,-9.3845,0.0800,2.8294
2026-05-09T17:24:38.449,-9.3930,0.0800,2.8406
2026-05-09T17:24:38.463,-9.3994,0.0800,2.8498
2026-05-09T17:24:38.476,-9.4070,0.0800,2.8610
2026-05-09T17:24:38.491,-9.4139,0.0800,2.8715
2026-05-09T17:24:38.504,-9.4204,0.0800,2.8821
2026-05-09T17:24:38.517,-9.4270,0.0800,2.8935
2026-05-09T17:24:38.531,-9.4330,0.0800,2.9039
2026-05-09T17:24:38.545,-9.4388,0.0800,2.9151
2026-05-09T17:24:38.558,-9.4443,0.0800,2.9261
2026-05-09T17:24:38.572,-9.4500,0.0800,2.9378
2026-05-09T17:24:38.586,-9.4548,0.0800,2.9487
2026-05-09T17:24:38.600,-9.4597,0.0800,2.9602
2026-05-09T17:24:38.614,-9.4646,0.0800,2.9727
2026-05-09T17:24:38.628,-9.4690,0.0800,2.9839
2026-05-09T17:24:38.641,-9.4732,0.0800,2.9961
2026-05-09T17:24:38.655,-9.4770,0.0800,3.0080
2026-05-09T17:24:38.669,-9.4807,0.0800,3.0194
2026-05-09T17:24:38.683,-9.4843,0.0800,3.0324
2026-05-09T17:24:38.696,-9.4873,0.0800,3.0440
2026-05-09T17:24:38.710,-9.4905,0.0800,3.0570
2026-05-09T17:24:38.724,-9.4930,0.0800,3.0685
2026-05-09T17:24:38.737,-9.4954,0.0800,3.0814
2026-05-09T17:24:38.751,-9.4981,0.0800,3.0955
2026-05-09T17:24:38.765,-9.5000,0.0800,3.1085
2026-05-09T17:24:38.778,-9.5020,0.0800,3.1234
2026-05-09T17:24:38.793,-9.5041,0.0800,3.1406
2026-05-09T17:24:38.806,-9.5056,0.0800,3.1573
2026-05-09T17:24:38.820,-9.5068,0.0800,3.1753
2026-05-09T17:24:38.834,-9.5078,0.0800,3.1918
2026-05-09T17:24:38.848,-9.5084,0.0800,3.2113
2026-05-09T17:24:38.861,-9.5085,0.0800,3.2275
2026-05-09T17:24:38.874,-9.5083,0.0800,3.2457
2026-05-09T17:24:38.889,-9.5078,0.0800,3.2635
2026-05-09T17:24:38.903,-9.5069,0.0800,3.2804
2026-05-09T17:24:38.917,-9.5055,0.0800,3.3000
2026-05-09T17:24:38.930,-9.5038,0.0800,3.3185
2026-05-09T17:24:38.944,-9.5017,0.0800,3.3372
2026-05-09T17:24:38.958,-9.4992,0.0800,3.3547
2026-05-09T17:24:38.972,-9.4964,0.0800,3.3734
2026-05-09T17:24:38.986,-9.4931,0.0800,3.3919
2026-05-09T17:24:38.999,-9.4893,0.0800,3.4106
2026-05-09T17:24:39.013,-9.4851,0.0800,3.4300
2026-05-09T17:24:39.027,-9.4811,0.0800,3.4463
2026-05-09T17:24:39.041,-9.4760,0.0800,3.4652
2026-05-09T17:24:39.055,-9.4709,0.0800,3.4830
2026-05-09T17:24:39.069,-9.4653,0.0800,3.5010
2026-05-09T17:24:39.082,-9.4595,0.0800,3.5184
2026-05-09T17:24:39.096,-9.4535,0.0800,3.5348
2026-05-09T17:24:39.110,-9.4475,0.0800,3.5507
2026-05-09T17:24:39.125,-9.4413,0.0800,3.5658
2026-05-09T17:24:39.137,-9.4352,0.0800,3.5798
2026-05-09T17:24:39.152,-9.4287,0.0800,3.5941
2026-05-09T17:24:39.167,-9.4233,0.0800,3.6050
2026-05-09T17:24:39.181,-9.4165,0.0800,3.6182
2026-05-09T17:24:39.194,-9.4098,0.0800,3.6306
2026-05-09T17:24:39.207,-9.4026,0.0800,3.6434
2026-05-09T17:24:39.222,-9.3963,0.0800,3.6538
2026-05-09T17:24:39.236,-9.3892,0.0800,3.6651
2026-05-09T17:24:39.250,-9.3809,0.0800,3.6779
2026-05-09T17:24:39.263,-9.3733,0.0800,3.6889
2026-05-09T17:24:39.276,-9.3682,0.0800,3.6959
2026-05-09T17:24:39.291,-9.3635,0.0800,3.7024
2026-05-09T17:24:39.305,-9.3580,0.0800,3.7096
2026-05-09T17:24:39.318,-9.3514,0.0800,3.7184
2026-05-09T17:24:39.333,-9.3453,0.0800,3.7264
2026-05-09T17:24:39.346,-9.3364,0.0800,3.7379
2026-05-09T17:24:39.360,-9.3255,0.0800,3.7517
2026-05-09T17:24:39.374,-9.3121,0.0800,3.7684
2026-05-09T17:24:39.388,-9.2942,0.0800,3.7902
2026-05-09T17:24:39.402,-9.2758,0.0800,3.8119
2026-05-09T17:24:39.416,-9.2550,0.0800,3.8356
2026-05-09T17:24:39.431,-9.2356,0.0800,3.8570
2026-05-09T17:24:39.444,-9.2160,0.0800,3.8779
2026-05-09T17:24:39.458,-9.1943,0.0800,3.9002
2026-05-09T17:24:39.472,-9.1732,0.0800,3.9214
2026-05-09T17:24:39.486,-9.1570,0.0800,3.9369
2026-05-09T17:24:39.500,-9.1458,0.0800,3.9477
2026-05-09T17:24:39.514,-9.1347,0.0800,3.9582
2026-05-09T17:24:39.528,-9.1251,0.0800,3.9674
2026-05-09T17:24:39.541,-9.1135,0.0800,3.9784
2026-05-09T17:24:39.554,-9.0994,0.0800,3.9918
2026-05-09T17:24:39.569,-9.0769,0.0800,4.0133
2026-05-09T17:24:39.583,-9.0468,0.0800,4.0424
2026-05-09T17:24:39.597,-9.0093,0.0800,4.0791
2026-05-09T17:24:39.610,-8.9693,0.0800,4.1190
2026-05-09T17:24:39.625,-8.9264,0.0800,4.1627
2026-05-09T17:24:39.637,-8.8857,0.0800,4.2052
2026-05-09T17:24:39.652,-8.8441,0.0800,4.2495
2026-05-09T17:24:39.666,-8.8095,0.0800,4.2872
2026-05-09T17:24:39.679,-8.7667,0.0800,4.3350
2026-05-09T17:24:39.694,-8.7326,0.0800,4.3743
2026-05-09T17:24:39.708,-8.7001,0.0800,4.4125
2026-05-09T17:24:39.722,-8.6654,0.0800,4.4547
2026-05-09T17:24:39.736,-8.6350,0.0800,4.4928
2026-05-09T17:24:39.749,-8.6032,0.0800,4.5340
2026-05-09T17:24:39.764,-8.5748,0.0800,4.5718
2026-05-09T17:24:39.777,-8.5464,0.0800,4.6110
2026-05-09T17:24:39.791,-8.5169,0.0800,4.6529
2026-05-09T17:24:39.805,-8.4897,0.0800,4.6929
2026-05-09T17:24:39.818,-8.4606,0.0800,4.7370
2026-05-09T17:24:39.833,-8.4350,0.0800,4.7772
2026-05-09T17:24:39.847,-8.4097,0.0800,4.8183
2026-05-09T17:24:39.861,-8.3830,0.0800,4.8631
2026-05-09T17:24:39.874,-8.3583,0.0800,4.9062
2026-05-09T17:24:39.888,-8.3346,0.0800,4.9490
2026-05-09T17:24:39.903,-8.3126,0.0800,4.9903
2026-05-09T17:24:39.916,-8.2874,0.0800,5.0394
2026-05-09T17:24:39.930,-8.2664,0.0800,5.0821
2026-05-09T17:24:39.944,-8.2451,0.0800,5.1270
2026-05-09T17:24:39.958,-8.2237,0.0800,5.1741
2026-05-09T17:24:39.972,-8.2018,0.0800,5.2242
2026-05-09T17:24:39.986,-8.1803,0.0800,5.2753
2026-05-09T17:24:40.000,-8.1571,0.0800,5.3326
2026-05-09T17:24:40.013,-8.1358,0.0800,5.3868
2026-05-09T17:24:40.027,-8.1249,0.0800,5.4154
2026-05-09T17:24:40.042,-8.1213,0.0800,5.4249
2026-05-09T17:24:40.055,-8.1181,0.0800,5.4333
2026-05-09T17:24:40.069,-8.1151,0.0800,5.4410
2026-05-09T17:24:40.083,-8.1115,0.0800,5.4505
2026-05-09T17:24:40.096,-8.1068,0.0800,5.4629
2026-05-09T17:24:40.110,-8.1008,0.0800,5.4786
2026-05-09T17:24:40.125,-8.0941,0.0800,5.4955
2026-05-09T17:24:40.138,-8.0865,0.0800,5.5145
2026-05-09T17:24:40.152,-8.0785,0.0800,5.5338
2026-05-09T17:24:40.166,-8.0711,0.0800,5.5513
2026-05-09T17:24:40.179,-8.0634,0.0800,5.5691
2026-05-09T17:24:40.194,-8.0572,0.0800,5.5833
2026-05-09T17:24:40.208,-8.0508,0.0800,5.5978
2026-05-09T17:24:40.222,-8.0441,0.0800,5.6130
2026-05-09T17:24:40.236,-8.0372,0.0800,5.6288
2026-05-09T17:24:40.249,-8.0288,0.0800,5.6478
2026-05-09T17:24:40.263,-8.0188,0.0800,5.6707
2026-05-09T17:24:40.276,-8.0074,0.0800,5.6969
2026-05-09T17:24:40.291,-7.9944,0.0800,5.7266
2026-05-09T17:24:40.305,-7.9813,0.0800,5.7561
2026-05-09T17:24:40.318,-7.9662,0.0800,5.7898
2026-05-09T17:24:40.333,-7.9513,0.0800,5.8221
2026-05-09T17:24:40.346,-7.9346,0.0800,5.8573
2026-05-09T17:24:40.360,-7.9164,0.0800,5.8945
2026-05-09T17:24:40.374,-7.8988,0.0800,5.9293
2026-05-09T17:24:40.389,-7.8796,0.0800,5.9660
2026-05-09T17:24:40.402,-7.8592,0.0800,6.0036
2026-05-09T17:24:40.415,-7.8358,0.0800,6.0453
2026-05-09T17:24:40.430,-7.8162,0.0800,6.0791
2026-05-09T17:24:40.444,-7.7950,0.0800,6.1142
2026-05-09T17:24:40.458,-7.7725,0.0800,6.1505
2026-05-09T17:24:40.472,-7.7511,0.0800,6.1838
2026-05-09T17:24:40.486,-7.7297,0.0800,6.2158
2026-05-09T17:24:40.499,-7.7079,0.0800,6.2474
2026-05-09T17:24:40.513,-7.6848,0.0800,6.2798
2026-05-09T17:24:40.528,-7.6642,0.0800,6.3076
2026-05-09T17:24:40.541,-7.6408,0.0800,6.3384
2026-05-09T17:24:40.554,-7.6186,0.0800,6.3665
2026-05-09T17:24:40.569,-7.5968,0.0800,6.3931
2026-05-09T17:24:40.583,-7.5736,0.0800,6.4205
2026-05-09T17:24:40.596,-7.5507,0.0800,6.4468
2026-05-09T17:24:40.610,-7.5294,0.0800,6.4706
2026-05-09T17:24:40.625,-7.5228,0.0800,6.4779
2026-05-09T17:24:40.638,-7.5214,0.0800,6.4794
2026-05-09T17:24:40.652,-7.5080,0.0800,6.4943
2026-05-09T17:24:40.666,-7.4873,0.0800,6.5176
2026-05-09T17:24:40.680,-7.4652,0.0800,6.5429
2026-05-09T17:24:40.694,-7.4479,0.0800,6.5632
2026-05-09T17:24:40.708,-7.4309,0.0800,6.5838
2026-05-09T17:24:40.722,-7.4128,0.0800,6.6063
2026-05-09T17:24:40.735,-7.3966,0.0800,6.6271
2026-05-09T17:24:40.749,-7.3790,0.0800,6.6502
2026-05-09T17:24:40.763,-7.3647,0.0800,6.6700
2026-05-09T17:24:40.776,-7.3493,0.0800,6.6923
2026-05-09T17:24:40.791,-7.3344,0.0800,6.7146
2026-05-09T17:24:40.805,-7.3202,0.0800,6.7376
2026-05-09T17:24:40.818,-7.3055,0.0800,6.7627
2026-05-09T17:24:40.833,-7.2931,0.0800,6.7848
2026-05-09T17:24:40.847,-7.2807,0.0800,6.8084
2026-05-09T17:24:40.861,-7.2678,0.0800,6.8343
2026-05-09T17:24:40.873,-7.2563,0.0800,6.8587
2026-05-09T17:24:40.888,-7.2448,0.0800,6.8803
2026-05-09T17:24:40.902,-7.2324,0.0800,6.8823
2026-05-09T17:24:40.915,-7.2173,0.0800,6.8853
2026-05-09T17:24:40.930,-7.2033,0.0800,6.8881
2026-05-09T17:24:40.943,-7.1897,0.0800,6.8920
2026-05-09T17:24:40.957,-7.1745,0.0800,6.8970
2026-05-09T17:24:40.971,-7.1601,0.0800,6.9020
2026-05-09T17:24:40.986,-7.1446,0.0800,6.9087
2026-05-09T17:24:40.999,-7.1293,0.0800,6.9162
2026-05-09T17:24:41.013,-7.1132,0.0800,6.9245
2026-05-09T17:24:41.028,-7.0984,0.0800,6.9338
2026-05-09T17:24:41.041,-7.0823,0.0800,6.9450
2026-05-09T17:24:41.055,-7.0667,0.0800,6.9573
2026-05-09T17:24:41.069,-7.0515,0.0800,6.9701
2026-05-09T17:24:41.082,-7.0364,0.0800,6.9853
2026-05-09T17:24:41.096,-7.0197,0.0800,7.0043
2026-05-09T17:24:41.110,-7.0024,0.0800,7.0264
2026-05-09T17:24:41.125,-6.9834,0.0800,7.0570
2026-05-09T17:24:41.138,-6.9661,0.0800,7.0939
2026-05-09T17:24:41.152,-6.9619,0.0800,7.1074
2026-05-09T17:24:41.166,-6.9605,0.0800,7.1134
2026-05-09T17:24:41.180,-6.9583,0.0800,7.1240
2026-05-09T17:24:41.194,-6.9554,0.0800,7.1411
2026-05-09T17:24:41.207,-6.9543,0.0800,7.1607
2026-05-09T17:24:41.222,-6.9532,0.0800,7.1805
2026-05-09T17:24:41.235,-6.9522,0.0800,7.1997
2026-05-09T17:24:41.249,-6.9510,0.0800,7.2203
2026-05-09T17:24:41.263,-6.9501,0.0800,7.2367
2026-05-09T17:24:41.277,-6.9490,0.0800,7.2555
2026-05-09T17:24:41.291,-6.9479,0.0800,7.2759
2026-05-09T17:24:41.305,-6.9463,0.0800,7.3050
2026-05-09T17:24:41.318,-6.9440,0.0800,7.3548
2026-05-09T17:24:41.333,-6.9420,0.0800,7.4053
2026-05-09T17:24:41.346,-6.9408,0.0800,7.4558
2026-05-09T17:24:41.360,-6.9404,0.0800,7.5063
2026-05-09T17:24:41.374,-6.9406,0.0800,7.5512
2026-05-09T17:24:41.388,-6.9418,0.0800,7.5985
2026-05-09T17:24:41.402,-6.9437,0.0800,7.6444
2026-05-09T17:24:41.415,-6.9461,0.0800,7.7043
2026-05-09T17:24:41.430,-6.9460,0.0800,7.7616
2026-05-09T17:24:41.444,-6.9462,0.0800,7.8210
2026-05-09T17:24:41.458,-6.9462,0.0800,7.8661
2026-05-09T17:24:41.471,-6.9462,0.0800,7.8954
2026-05-09T17:24:41.486,-6.9462,0.0800,7.9150
2026-05-09T17:24:41.499,-6.9460,0.0800,7.9383
2026-05-09T17:24:41.513,-6.9459,0.0800,7.9638
2026-05-09T17:24:41.527,-6.9461,0.0800,7.9821
2026-05-09T17:24:41.541,-6.9461,0.0800,7.9936
2026-05-09T17:24:41.554,-6.9458,0.0800,8.0045
2026-05-09T17:24:41.569,-6.9458,0.0800,8.0073
2026-05-09T17:24:41.582,-6.9455,0.0800,8.0067
2026-05-09T17:24:41.596,-6.9453,0.0800,8.0045
2026-05-09T17:24:41.610,-6.9453,0.0800,8.0021
2026-05-09T17:24:41.625,-6.9451,0.0800,7.9977
2026-05-09T17:24:41.637,-6.9449,0.0800,7.9924
2026-05-09T17:24:41.652,-6.9449,0.0800,7.9877
2026-05-09T17:24:41.666,-6.9448,0.0800,7.9831
2026-05-09T17:24:41.679,-6.9447,0.0800,7.9778
2026-05-09T17:24:41.694,-6.9447,0.0800,7.9732
2026-05-09T17:24:41.708,-6.9446,0.0800,7.9682
2026-05-09T17:24:41.722,-6.9445,0.0800,7.9627
2026-05-09T17:24:41.735,-6.9444,0.0800,7.9578
2026-05-09T17:24:41.750,-6.9445,0.0800,7.9529
2026-05-09T17:24:41.763,-6.9444,0.0800,7.9482
2026-05-09T17:24:41.777,-6.9445,0.0800,7.9429
2026-05-09T17:24:41.791,-6.9445,0.0800,7.9386
2026-05-09T17:24:41.805,-6.9445,0.0800,7.9337
2026-05-09T17:24:41.818,-6.9446,0.0800,7.9285
2026-05-09T17:24:41.833,-6.9446,0.0800,7.9244
2026-05-09T17:24:41.847,-6.9447,0.0800,7.9196
2026-05-09T17:24:41.861,-6.9449,0.0800,7.9145
2026-05-09T17:24:41.874,-6.9450,0.0800,7.9098
2026-05-09T17:24:41.888,-6.9450,0.0800,7.9057
2026-05-09T17:24:41.902,-6.9452,0.0800,7.9018
2026-05-09T17:24:41.916,-6.9455,0.0800,7.8974
2026-05-09T17:24:41.930,-6.9454,0.0800,7.8945
2026-05-09T17:24:41.944,-6.9457,0.0800,7.8907
2026-05-09T17:24:41.958,-6.9460,0.0800,7.8874
2026-05-09T17:24:41.972,-6.9460,0.0800,7.8851
2026-05-09T17:24:41.986,-6.9463,0.0800,7.8826
2026-05-09T17:24:42.000,-6.9466,0.0800,7.8805
2026-05-09T17:24:42.013,-6.9470,0.0800,7.8788
2026-05-09T17:24:42.042,-6.9455,0.0800,7.8803
2026-05-09T17:24:42.055,-6.9430,0.0800,7.8827
2026-05-09T17:24:42.070,-6.9393,0.0800,7.8862
2026-05-09T17:24:42.083,-6.9310,0.0800,7.8936
2026-05-09T17:24:42.097,-6.9181,0.0800,7.9047
2026-05-09T17:24:42.110,-6.8989,0.0800,7.9207
2026-05-09T17:24:42.125,-6.8710,0.0800,7.9428
2026-05-09T17:24:42.138,-6.8383,0.0800,7.9678
2026-05-09T17:24:42.152,-6.8000,0.0800,7.9962
2026-05-09T17:24:42.166,-6.7657,0.0800,8.0207
2026-05-09T17:24:42.180,-6.7268,0.0800,8.0476
2026-05-09T17:24:42.195,-6.6893,0.0800,8.0726
2026-05-09T17:24:42.208,-6.6524,0.0800,8.0963
2026-05-09T17:24:42.223,-6.6115,0.0800,8.1216
2026-05-09T17:24:42.236,-6.5736,0.0800,8.1442
2026-05-09T17:24:42.251,-6.5304,0.0800,8.1690
2026-05-09T17:24:42.265,-6.4930,0.0800,8.1895
2026-05-09T17:24:42.278,-6.4522,0.0800,8.2111
2026-05-09T17:24:42.293,-6.4118,0.0800,8.2316
2026-05-09T17:24:42.306,-6.3710,0.0800,8.2514
2026-05-09T17:24:42.320,-6.3296,0.0800,8.2706
2026-05-09T17:24:42.335,-6.2891,0.0800,8.2887
2026-05-09T17:24:42.348,-6.2462,0.0800,8.3069
2026-05-09T17:24:42.362,-6.2048,0.0800,8.3236
2026-05-09T17:24:42.375,-6.1665,0.0800,8.3384
2026-05-09T17:24:42.390,-6.1250,0.0800,8.3536
2026-05-09T17:24:42.404,-6.0885,0.0800,8.3662
2026-05-09T17:24:42.418,-6.0483,0.0800,8.3793
2026-05-09T17:24:42.432,-6.0127,0.0800,8.3902
2026-05-09T17:24:42.446,-5.9799,0.0800,8.3996
2026-05-09T17:24:42.460,-5.9466,0.0800,8.4085
2026-05-09T17:24:42.474,-5.9133,0.0800,8.4166
2026-05-09T17:24:42.488,-5.8816,0.0800,8.4237
2026-05-09T17:24:42.502,-5.8492,0.0800,8.4304
2026-05-09T17:24:42.515,-5.8163,0.0800,8.4365
2026-05-09T17:24:42.530,-5.7844,0.0800,8.4417
2026-05-09T17:24:42.543,-5.7509,0.0800,8.4466
2026-05-09T17:24:42.558,-5.7179,0.0800,8.4508
2026-05-09T17:24:42.572,-5.6873,0.0800,8.4540
2026-05-09T17:24:42.586,-5.6516,0.0800,8.4572
2026-05-09T17:24:42.600,-5.6194,0.0800,8.4593
2026-05-09T17:24:42.613,-5.5835,0.0800,8.4611
2026-05-09T17:24:42.628,-5.5540,0.0800,8.4619
2026-05-09T17:24:42.641,-5.5209,0.0800,8.4622
2026-05-09T17:24:42.655,-5.4886,0.0800,8.4618
2026-05-09T17:24:42.669,-5.4630,0.0800,8.4611
2026-05-09T17:24:42.683,-5.4399,0.0800,8.4601
2026-05-09T17:24:42.697,-5.4229,0.0800,8.4591
2026-05-09T17:24:42.710,-5.4070,0.0800,8.4580
2026-05-09T17:24:42.725,-5.3921,0.0800,8.4568
2026-05-09T17:24:42.738,-5.3764,0.0800,8.4554
2026-05-09T17:24:42.753,-5.3577,0.0800,8.4536
2026-05-09T17:24:42.766,-5.3332,0.0800,8.4510
2026-05-09T17:24:42.780,-5.2884,0.0800,8.4457
2026-05-09T17:24:42.794,-5.2431,0.0800,8.4395
2026-05-09T17:24:42.807,-5.1783,0.0800,8.4295
2026-05-09T17:24:42.822,-5.1120,0.0800,8.4190
2026-05-09T17:24:42.836,-5.0477,0.0800,8.4088
2026-05-09T17:24:42.849,-4.9712,0.0800,8.3966
2026-05-09T17:24:42.864,-4.9090,0.0800,8.3867
2026-05-09T17:24:42.877,-4.8421,0.0800,8.3761
2026-05-09T17:24:42.891,-4.7721,0.0800,8.3650
2026-05-09T17:24:42.905,-4.7087,0.0800,8.3548
2026-05-09T17:24:42.919,-4.6360,0.0800,8.3433
2026-05-09T17:24:42.933,-4.5697,0.0800,8.3327
2026-05-09T17:24:42.946,-4.5022,0.0800,8.3219
2026-05-09T17:24:42.960,-4.4344,0.0800,8.3110
2026-05-09T17:24:42.974,-4.3706,0.0800,8.3007
2026-05-09T17:24:42.988,-4.3042,0.0800,8.2897
2026-05-09T17:24:43.002,-4.2361,0.0800,8.2781
2026-05-09T17:24:43.016,-4.1675,0.0800,8.2661
2026-05-09T17:24:43.030,-4.1031,0.0800,8.2544
2026-05-09T17:24:43.044,-4.0368,0.0800,8.2421
2026-05-09T17:24:43.058,-3.9669,0.0800,8.2288
2026-05-09T17:24:43.072,-3.9020,0.0800,8.2161
2026-05-09T17:24:43.086,-3.8360,0.0800,8.2028
2026-05-09T17:24:43.099,-3.7684,0.0800,8.1888
2026-05-09T17:24:43.114,-3.7006,0.0800,8.1745
2026-05-09T17:24:43.127,-3.6404,0.0800,8.1614
2026-05-09T17:24:43.141,-3.5753,0.0800,8.1467
2026-05-09T17:24:43.155,-3.5225,0.0800,8.1342
2026-05-09T17:24:43.169,-3.4727,0.0800,8.1219
2026-05-09T17:24:43.183,-3.4265,0.0800,8.1095
2026-05-09T17:24:43.197,-3.3855,0.0800,8.0979
2026-05-09T17:24:43.210,-3.3482,0.0800,8.0867
2026-05-09T17:24:43.224,-3.3118,0.0800,8.0749
2026-05-09T17:24:43.238,-3.2761,0.0800,8.0627
2026-05-09T17:24:43.252,-3.2394,0.0800,8.0495
2026-05-09T17:24:43.266,-3.2036,0.0800,8.0358
2026-05-09T17:24:43.280,-3.1587,0.0800,8.0178
2026-05-09T17:24:43.294,-3.1176,0.0800,8.0005
2026-05-09T17:24:43.308,-3.0715,0.0800,7.9803
2026-05-09T17:24:43.322,-3.0178,0.0800,7.9558
2026-05-09T17:24:43.336,-2.9629,0.0800,7.9302
2026-05-09T17:24:43.350,-2.8992,0.0800,7.8997
2026-05-09T17:24:43.364,-2.8483,0.0800,7.8747
2026-05-09T17:24:43.377,-2.7880,0.0800,7.8446
2026-05-09T17:24:43.391,-2.7331,0.0800,7.8166
2026-05-09T17:24:43.405,-2.6779,0.0800,7.7879
2026-05-09T17:24:43.419,-2.6184,0.0800,7.7564
2026-05-09T17:24:43.433,-2.5629,0.0800,7.7265
2026-05-09T17:24:43.446,-2.5034,0.0800,7.6937
2026-05-09T17:24:43.460,-2.4493,0.0800,7.6632
2026-05-09T17:24:43.474,-2.3955,0.0800,7.6325
2026-05-09T17:24:43.489,-2.3383,0.0800,7.5991
2026-05-09T17:24:43.503,-2.2823,0.0800,7.5659
2026-05-09T17:24:43.516,-2.2201,0.0800,7.5284
2026-05-09T17:24:43.530,-2.1632,0.0800,7.4939
2026-05-09T17:24:43.544,-2.1045,0.0800,7.4581
2026-05-09T17:24:43.558,-2.0453,0.0800,7.4221
2026-05-09T17:24:43.572,-1.9865,0.0800,7.3864
2026-05-09T17:24:43.586,-1.9288,0.0800,7.3514
2026-05-09T17:24:43.599,-1.8735,0.0800,7.3182
2026-05-09T17:24:43.613,-1.8119,0.0800,7.2817
2026-05-09T17:24:43.628,-1.7589,0.0800,7.2508
2026-05-09T17:24:43.641,-1.6983,0.0800,7.2161
2026-05-09T17:24:43.655,-1.6411,0.0800,7.1838
2026-05-09T17:24:43.669,-1.5838,0.0800,7.1518
2026-05-09T17:24:43.683,-1.5255,0.0800,7.1199
2026-05-09T17:24:43.697,-1.4668,0.0800,7.0883
2026-05-09T17:24:43.711,-1.4080,0.0800,7.0570
2026-05-09T17:24:43.725,-1.3501,0.0800,7.0267
2026-05-09T17:24:43.738,-1.2914,0.0800,6.9964
2026-05-09T17:24:43.753,-1.2279,0.0800,6.9640
2026-05-09T17:24:43.767,-1.1718,0.0800,6.9360
2026-05-09T17:24:43.781,-1.1067,0.0800,6.9040
2026-05-09T17:24:43.794,-1.0471,0.0800,6.8752
2026-05-09T17:24:43.808,-0.9859,0.0800,6.8459
2026-05-09T17:24:43.822,-0.9290,0.0800,6.8193
2026-05-09T17:24:43.836,-0.8689,0.0800,6.7916
2026-05-09T17:24:43.850,-0.8037,0.0800,6.7619
2026-05-09T17:24:43.864,-0.7448,0.0800,6.7356
2026-05-09T17:24:43.877,-0.6835,0.0800,6.7086
2026-05-09T17:24:43.892,-0.6205,0.0800,6.6811
2026-05-09T17:24:43.905,-0.5597,0.0800,6.6546
2026-05-09T17:24:43.919,-0.4922,0.0800,6.6252
2026-05-09T17:24:43.934,-0.4317,0.0800,6.5988
2026-05-09T17:24:43.947,-0.3656,0.0800,6.5700
2026-05-09T17:24:43.961,-0.3007,0.0800,6.5418
2026-05-09T17:24:43.974,-0.2394,0.0800,6.5152
2026-05-09T17:24:43.989,-0.1771,0.0800,6.4882
2026-05-09T17:24:44.003,-0.1174,0.0800,6.4624
2026-05-09T17:24:44.016,-0.0487,0.0800,6.4328
2026-05-09T17:24:44.030,0.0138,0.0800,6.4058
2026-05-09T17:24:44.044,0.0752,0.0800,6.3794
2026-05-09T17:24:44.058,0.1395,0.0800,6.3519
2026-05-09T17:24:44.072,0.2022,0.0800,6.3250
2026-05-09T17:24:44.087,0.2686,0.0800,6.2966
2026-05-09T17:24:44.100,0.3289,0.0800,6.2708
2026-05-09T17:24:44.114,0.3972,0.0800,6.2417
2026-05-09T17:24:44.128,0.4576,0.0800,6.2160
2026-05-09T17:24:44.142,0.5212,0.0800,6.1890
2026-05-09T17:24:44.155,0.5866,0.0800,6.1612
2026-05-09T17:24:44.169,0.6481,0.0800,6.1350
2026-05-09T17:24:44.183,0.7146,0.0800,6.1068
2026-05-09T17:24:44.197,0.7717,0.0800,6.0826
2026-05-09T17:24:44.211,0.8364,0.0800,6.0552
2026-05-09T17:24:44.226,0.8996,0.0800,6.0284
2026-05-09T17:24:44.239,0.9645,0.0800,6.0009
2026-05-09T17:24:44.253,1.0288,0.0800,5.9736
2026-05-09T17:24:44.267,1.0881,0.0800,5.9485
2026-05-09T17:24:44.281,1.1568,0.0800,5.9196
2026-05-09T17:24:44.294,1.2131,0.0800,5.8964
2026-05-09T17:24:44.309,1.2724,0.0800,5.8723
2026-05-09T17:24:44.323,1.3250,0.0800,5.8517
2026-05-09T17:24:44.336,1.3812,0.0800,5.8303
2026-05-09T17:24:44.351,1.4397,0.0800,5.8086
2026-05-09T17:24:44.365,1.4882,0.0800,5.7915
2026-05-09T17:24:44.377,1.5471,0.0800,5.7716
2026-05-09T17:24:44.392,1.5995,0.0800,5.7543
2026-05-09T17:24:44.405,1.6480,0.0800,5.7393
2026-05-09T17:24:44.420,1.7021,0.0800,5.7233
2026-05-09T17:24:44.434,1.7497,0.0800,5.7097
2026-05-09T17:24:44.448,1.8023,0.0800,5.6958
2026-05-09T17:24:44.462,1.8533,0.0800,5.6832
2026-05-09T17:24:44.475,1.9047,0.0800,5.6712
2026-05-09T17:24:44.490,1.9541,0.0800,5.6602
2026-05-09T17:24:44.503,2.0034,0.0800,5.6502
2026-05-09T17:24:44.517,2.0587,0.0800,5.6398
2026-05-09T17:24:44.532,2.1059,0.0800,5.6313
2026-05-09T17:24:44.545,2.1581,0.0800,5.6231
2026-05-09T17:24:44.559,2.2096,0.0800,5.6157
2026-05-09T17:24:44.573,2.2593,0.0800,5.6090
2026-05-09T17:24:44.587,2.3081,0.0800,5.6034
2026-05-09T17:24:44.601,2.3609,0.0800,5.5982
2026-05-09T17:24:44.614,2.4161,0.0800,5.5935
2026-05-09T17:24:44.629,2.4649,0.0800,5.5898
2026-05-09T17:24:44.643,2.5164,0.0800,5.5871
2026-05-09T17:24:44.656,2.5722,0.0800,5.5848
2026-05-09T17:24:44.671,2.6289,0.0800,5.5829
2026-05-09T17:24:44.685,2.6881,0.0800,5.5820
2026-05-09T17:24:44.698,2.7488,0.0800,5.5818
2026-05-09T17:24:44.712,2.8091,0.0800,5.5820
2026-05-09T17:24:44.726,2.8377,0.0800,5.5825
2026-05-09T17:24:44.740,2.8516,0.0800,5.5828
2026-05-09T17:24:44.755,2.8554,0.0800,5.5828
2026-05-09T17:24:44.768,2.8567,0.0800,5.5828
2026-05-09T17:24:44.837,2.8592,0.0800,5.5829
2026-05-09T17:24:44.852,2.8648,0.0800,5.5830
2026-05-09T17:24:44.865,2.8743,0.0800,5.5831
2026-05-09T17:24:44.878,2.8893,0.0800,5.5832
2026-05-09T17:24:44.893,2.9218,0.0800,5.5835
2026-05-09T17:24:44.907,2.9678,0.0800,5.5835
2026-05-09T17:24:44.921,3.0341,0.0800,5.5833
2026-05-09T17:24:44.935,3.1014,0.0800,5.5826
2026-05-09T17:24:44.949,3.1785,0.0800,5.5816
2026-05-09T17:24:44.963,3.2359,0.0800,5.5806
2026-05-09T17:24:44.976,3.3073,0.0800,5.5789
2026-05-09T17:24:44.991,3.3751,0.0800,5.5771
2026-05-09T17:24:45.004,3.4342,0.0800,5.5752
2026-05-09T17:24:45.018,3.5116,0.0800,5.5723
2026-05-09T17:24:45.032,3.5779,0.0800,5.5696
2026-05-09T17:24:45.046,3.6411,0.0800,5.5667
2026-05-09T17:24:45.059,3.7099,0.0800,5.5631
2026-05-09T17:24:45.074,3.7786,0.0800,5.5593
2026-05-09T17:24:45.088,3.8424,0.0800,5.5554
2026-05-09T17:24:45.102,3.9110,0.0800,5.5508
2026-05-09T17:24:45.115,3.9806,0.0800,5.5458
2026-05-09T17:24:45.130,4.0480,0.0800,5.5407
2026-05-09T17:24:45.143,4.1135,0.0800,5.5353
2026-05-09T17:24:45.157,4.1851,0.0800,5.5291
2026-05-09T17:24:45.171,4.2515,0.0800,5.5230
2026-05-09T17:24:45.185,4.3169,0.0800,5.5167
2026-05-09T17:24:45.198,4.3857,0.0800,5.5096
2026-05-09T17:24:45.213,4.4551,0.0800,5.5023
2026-05-09T17:24:45.227,4.5163,0.0800,5.4954
2026-05-09T17:24:45.240,4.5881,0.0800,5.4869
2026-05-09T17:24:45.254,4.6521,0.0800,5.4790
2026-05-09T17:24:45.269,4.7164,0.0800,5.4708
2026-05-09T17:24:45.283,4.7897,0.0800,5.4611
2026-05-09T17:24:45.296,4.8552,0.0800,5.4520
2026-05-09T17:24:45.309,4.9241,0.0800,5.4421
2026-05-09T17:24:45.324,4.9839,0.0800,5.4332
2026-05-09T17:24:45.337,5.0511,0.0800,5.4230
2026-05-09T17:24:45.351,5.1258,0.0800,5.4116
2026-05-09T17:24:45.365,5.1840,0.0800,5.4028
2026-05-09T17:24:45.378,5.2584,0.0800,5.3914
2026-05-09T17:24:45.394,5.3245,0.0800,5.3814
2026-05-09T17:24:45.406,5.3739,0.0800,5.3739
2026-05-09T17:24:45.421,5.4143,0.0800,5.3677
2026-05-09T17:24:45.435,5.4174,0.0800,5.3672
2026-05-09T17:24:45.490,5.3962,0.0800,5.3705
2026-05-09T17:24:45.504,5.3393,0.0800,5.3792
2026-05-09T17:24:45.518,5.2694,0.0800,5.3895
2026-05-09T17:24:45.532,5.2078,0.0800,5.3979
2026-05-09T17:24:45.546,5.1419,0.0800,5.4065
2026-05-09T17:24:45.560,5.0772,0.0800,5.4144
2026-05-09T17:24:45.574,5.0136,0.0800,5.4216
2026-05-09T17:24:45.588,4.9501,0.0800,5.4284
2026-05-09T17:24:45.601,4.8834,0.0800,5.4350
2026-05-09T17:24:45.614,4.8155,0.0800,5.4412
2026-05-09T17:24:45.629,4.7551,0.0800,5.4462
2026-05-09T17:24:45.643,4.6925,0.0800,5.4511
2026-05-09T17:24:45.657,4.6232,0.0800,5.4560
2026-05-09T17:24:45.671,4.5607,0.0800,5.4599
2026-05-09T17:24:45.685,4.4908,0.0800,5.4640
2026-05-09T17:24:45.698,4.4262,0.0800,5.4672
2026-05-09T17:24:45.712,4.3581,0.0800,5.4700
2026-05-09T17:24:45.727,4.2991,0.0800,5.4721
2026-05-09T17:24:45.740,4.2342,0.0800,5.4739
2026-05-09T17:24:45.755,4.1656,0.0800,5.4753
2026-05-09T17:24:45.768,4.1055,0.0800,5.4761
2026-05-09T17:24:45.782,4.0298,0.0800,5.4767
2026-05-09T17:24:45.796,3.9704,0.0800,5.4767
2026-05-09T17:24:45.809,3.9634,0.0800,5.4765
2026-05-09T17:24:45.851,3.9700,0.0800,5.4766
2026-05-09T17:24:45.866,3.9946,0.0800,5.4769
2026-05-09T17:24:45.879,4.0633,0.0800,5.4780
2026-05-09T17:24:45.893,4.1307,0.0800,5.4796
2026-05-09T17:24:45.907,4.1952,0.0800,5.4816
2026-05-09T17:24:45.921,4.2709,0.0800,5.4841
2026-05-09T17:24:45.935,4.3370,0.0800,5.4863
2026-05-09T17:24:45.949,4.4102,0.0800,5.4888
2026-05-09T17:24:45.963,4.4745,0.0800,5.4909
2026-05-09T17:24:45.976,4.5446,0.0800,5.4932
2026-05-09T17:24:45.991,4.6144,0.0800,5.4955
2026-05-09T17:24:46.004,4.6777,0.0800,5.4975
2026-05-09T17:24:46.018,4.7530,0.0800,5.5001
2026-05-09T17:24:46.032,4.8177,0.0800,5.5023
2026-05-09T17:24:46.046,4.8861,0.0800,5.5046
2026-05-09T17:24:46.060,4.9535,0.0800,5.5069
2026-05-09T17:24:46.073,5.0242,0.0800,5.5092
2026-05-09T17:24:46.088,5.0915,0.0800,5.5115
2026-05-09T17:24:46.102,5.1542,0.0800,5.5136
2026-05-09T17:24:46.115,5.2279,0.0800,5.5160
2026-05-09T17:24:46.129,5.2941,0.0800,5.5182
2026-05-09T17:24:46.143,5.3608,0.0800,5.5204
2026-05-09T17:24:46.157,5.4295,0.0800,5.5227
2026-05-09T17:24:46.171,5.4943,0.0800,5.5248
2026-05-09T17:24:46.185,5.5650,0.0800,5.5271
2026-05-09T17:24:46.198,5.6343,0.0800,5.5293
2026-05-09T17:24:46.213,5.7053,0.0800,5.5317
2026-05-09T17:24:46.229,5.7683,0.0800,5.5337
2026-05-09T17:24:46.240,5.8440,0.0800,5.5363
2026-05-09T17:24:46.253,5.9197,0.0800,5.5388
2026-05-09T17:24:46.268,5.9723,0.0800,5.5405
2026-05-09T17:24:46.282,6.0420,0.0800,5.5426
2026-05-09T17:24:46.296,6.1092,0.0800,5.5443
2026-05-09T17:24:46.309,6.1760,0.0800,5.5456
2026-05-09T17:24:46.324,6.2397,0.0800,5.5465
2026-05-09T17:24:46.337,6.3043,0.0800,5.5470
2026-05-09T17:24:46.351,6.3719,0.0800,5.5471
2026-05-09T17:24:46.365,6.4301,0.0800,5.5466
2026-05-09T17:24:46.379,6.4905,0.0800,5.5454
2026-05-09T17:24:46.394,6.5393,0.0800,5.5440
2026-05-09T17:24:46.407,6.5774,0.0800,5.5423
2026-05-09T17:24:46.421,6.5991,0.0800,5.5409
2026-05-09T17:24:46.435,6.6101,0.0800,5.5398
2026-05-09T17:24:46.449,6.6124,0.0800,5.5395
2026-05-09T17:24:46.462,6.5953,0.0800,5.5415
2026-05-09T17:24:46.476,6.5668,0.0800,5.5454
2026-05-09T17:24:46.491,6.5314,0.0800,5.5512
2026-05-09T17:24:46.505,6.4822,0.0800,5.5600
2026-05-09T17:24:46.518,6.4213,0.0800,5.5719
2026-05-09T17:24:46.532,6.3592,0.0800,5.5850
2026-05-09T17:24:46.546,6.2985,0.0800,5.5984
2026-05-09T17:24:46.560,6.2370,0.0800,5.6125
2026-05-09T17:24:46.574,6.1737,0.0800,5.6275
2026-05-09T17:24:46.588,6.1127,0.0800,5.6425
2026-05-09T17:24:46.602,6.0494,0.0800,5.6585
2026-05-09T17:24:46.615,5.9836,0.0800,5.6758
2026-05-09T17:24:46.629,5.9217,0.0800,5.6926
2026-05-09T17:24:46.643,5.8600,0.0800,5.7098
2026-05-09T17:24:46.657,5.7985,0.0800,5.7275
2026-05-09T17:24:46.671,5.7381,0.0800,5.7455
2026-05-09T17:24:46.685,5.6732,0.0800,5.7652
2026-05-09T17:24:46.699,5.6110,0.0800,5.7847
2026-05-09T17:24:46.713,5.5491,0.0800,5.8047
2026-05-09T17:24:46.727,5.4895,0.0800,5.8245
2026-05-09T17:24:46.741,5.4255,0.0800,5.8463
2026-05-09T17:24:46.754,5.3686,0.0800,5.8662
2026-05-09T17:24:46.768,5.3115,0.0800,5.8869
2026-05-09T17:24:46.782,5.2501,0.0800,5.9096
2026-05-09T17:24:46.796,5.1911,0.0800,5.9320
2026-05-09T17:24:46.809,5.1337,0.0800,5.9546
2026-05-09T17:24:46.824,5.0830,0.0800,5.9750
2026-05-09T17:24:46.837,5.0314,0.0800,5.9964
2026-05-09T17:24:46.852,4.9786,0.0800,6.0193
2026-05-09T17:24:46.866,4.9385,0.0800,6.0373
2026-05-09T17:24:46.879,4.8937,0.0800,6.0581
2026-05-09T17:24:46.894,4.8561,0.0800,6.0767
2026-05-09T17:24:46.907,4.8185,0.0800,6.0958
2026-05-09T17:24:46.922,4.7793,0.0800,6.1166
2026-05-09T17:24:46.935,4.7421,0.0800,6.1372
2026-05-09T17:24:46.949,4.7013,0.0800,6.1610
2026-05-09T17:24:46.963,4.6713,0.0800,6.1791
2026-05-09T17:24:46.976,4.6335,0.0800,6.2027
2026-05-09T17:24:46.991,4.5996,0.0800,6.2249
2026-05-09T17:24:47.005,4.5659,0.0800,6.2476
2026-05-09T17:24:47.018,4.5284,0.0800,6.2738
2026-05-09T17:24:47.032,4.4978,0.0800,6.2963
2026-05-09T17:24:47.045,4.4671,0.0800,6.3194
2026-05-09T17:24:47.059,4.4341,0.0800,6.3451
2026-05-09T17:24:47.073,4.4073,0.0800,6.3672
2026-05-09T17:24:47.088,4.3767,0.0800,6.3928
2026-05-09T17:24:47.101,4.3482,0.0800,6.3974
2026-05-09T17:24:47.115,4.3165,0.0800,6.3976
2026-05-09T17:24:47.129,4.2910,0.0800,6.3976
2026-05-09T17:24:47.143,4.2607,0.0800,6.3991
2026-05-09T17:24:47.157,4.2354,0.0800,6.3993
2026-05-09T17:24:47.171,4.2085,0.0800,6.3994
2026-05-09T17:24:47.185,4.1836,0.0800,6.3997
2026-05-09T17:24:47.198,4.1571,0.0800,6.4000
2026-05-09T17:24:47.213,4.1323,0.0800,6.4000
2026-05-09T17:24:47.227,4.1102,0.0800,6.4003
2026-05-09T17:24:47.240,4.0844,0.0800,6.4006
2026-05-09T17:24:47.254,4.0614,0.0800,6.4010
2026-05-09T17:24:47.268,4.0405,0.0800,6.4010
2026-05-09T17:24:47.282,4.0165,0.0800,6.4014
2026-05-09T17:24:47.295,3.9959,0.0800,6.4017
2026-05-09T17:24:47.309,3.9755,0.0800,6.4018
2026-05-09T17:24:47.324,3.9560,0.0800,6.4021
2026-05-09T17:24:47.337,3.9364,0.0800,6.4025
2026-05-09T17:24:47.351,3.9157,0.0800,6.4026
2026-05-09T17:24:47.365,3.8988,0.0800,6.4030
2026-05-09T17:24:47.379,3.8788,0.0800,6.4035
2026-05-09T17:24:47.393,3.8629,0.0800,6.4034
2026-05-09T17:24:47.407,3.8468,0.0800,6.4039
2026-05-09T17:24:47.421,3.8308,0.0800,6.4044
2026-05-09T17:24:47.434,3.8164,0.0800,6.4048
2026-05-09T17:24:47.448,3.8024,0.0800,6.4049
2026-05-09T17:24:47.462,3.7902,0.0800,6.4054
2026-05-09T17:24:47.475,3.7779,0.0800,6.4059
2026-05-09T17:24:47.490,3.7666,0.0800,6.4059
2026-05-09T17:24:47.504,3.7562,0.0800,6.4064
2026-05-09T17:24:47.518,3.7452,0.0800,6.4070
2026-05-09T17:24:47.532,3.7362,0.0800,6.4070
2026-05-09T17:24:47.546,3.7271,0.0800,6.4075
2026-05-09T17:24:47.559,3.7190,0.0800,6.4081
2026-05-09T17:24:47.573,3.7118,0.0800,6.4081
2026-05-09T17:24:47.587,3.7052,0.0800,6.4087
2026-05-09T17:24:47.601,3.6991,0.0800,6.4093
2026-05-09T17:24:47.614,3.6929,0.0800,6.4100
2026-05-09T17:24:47.629,3.6888,0.0800,6.4098
2026-05-09T17:24:47.642,3.6846,0.0800,6.4104
2026-05-09T17:24:47.656,3.6810,0.0800,6.4111
2026-05-09T17:24:47.670,3.6782,0.0800,6.4111
2026-05-09T17:24:47.684,3.6759,0.0800,6.4117
2026-05-09T17:24:47.698,3.6743,0.0800,6.4123
2026-05-09T17:24:47.726,3.6741,0.0800,6.4130
2026-05-09T17:24:47.739,3.6740,0.0800,6.4136
2026-05-09T17:24:47.768,3.6753,0.0800,6.4142
2026-05-09T17:24:47.781,3.6773,0.0800,6.4150
2026-05-09T17:24:47.795,3.6797,0.0800,6.4156
2026-05-09T17:24:47.809,3.6827,0.0800,6.4157
2026-05-09T17:24:47.823,3.6861,0.0800,6.4163
2026-05-09T17:24:47.836,3.6902,0.0800,6.4170
2026-05-09T17:24:47.851,3.6952,0.0800,6.4170
2026-05-09T17:24:47.865,3.7000,0.0800,6.4177
2026-05-09T17:24:47.878,3.7063,0.0800,6.4184
2026-05-09T17:24:47.893,3.7130,0.0800,6.4184
2026-05-09T17:24:47.906,3.7201,0.0800,6.4191
2026-05-09T17:24:47.920,3.7281,0.0800,6.4198
2026-05-09T17:24:47.934,3.7361,0.0800,6.4198
2026-05-09T17:24:47.948,3.7458,0.0800,6.4206
2026-05-09T17:24:47.962,3.7548,0.0800,6.4212
2026-05-09T17:24:47.975,3.7649,0.0800,6.4219
2026-05-09T17:24:47.990,3.7757,0.0800,6.4220
2026-05-09T17:24:48.003,3.7868,0.0800,6.4227
2026-05-09T17:24:48.017,3.7996,0.0800,6.4234
2026-05-09T17:24:48.031,3.8107,0.0800,6.4233
2026-05-09T17:24:48.045,3.8231,0.0800,6.4241
2026-05-09T17:24:48.059,3.8361,0.0800,6.4248
2026-05-09T17:24:48.073,3.8490,0.0800,6.4248
2026-05-09T17:24:48.087,3.8633,0.0800,6.4256
2026-05-09T17:24:48.101,3.8778,0.0800,6.4263
2026-05-09T17:24:48.114,3.8954,0.0800,6.4272
2026-05-09T17:24:48.129,3.9078,0.0800,6.4269
2026-05-09T17:24:48.142,3.9220,0.0800,6.4277
2026-05-09T17:24:48.156,3.9362,0.0800,6.4284
2026-05-09T17:24:48.170,3.9499,0.0800,6.4284
2026-05-09T17:24:48.184,3.9646,0.0800,6.4292
2026-05-09T17:24:48.197,3.9789,0.0800,6.4299
2026-05-09T17:24:48.212,3.9923,0.0800,6.4299
2026-05-09T17:24:48.226,4.0057,0.0800,6.4307
2026-05-09T17:24:48.239,4.0202,0.0800,6.4314
2026-05-09T17:24:48.254,4.0321,0.0800,6.4314
2026-05-09T17:24:48.267,4.0442,0.0800,6.4321
2026-05-09T17:24:48.281,4.0576,0.0800,6.4329
2026-05-09T17:24:48.295,4.0676,0.0800,6.4335
2026-05-09T17:24:48.309,4.0780,0.0800,6.4336
2026-05-09T17:24:48.323,4.0872,0.0800,6.4343
2026-05-09T17:24:48.336,4.0967,0.0800,6.4350
2026-05-09T17:24:48.351,4.1073,0.0800,6.4350
2026-05-09T17:24:48.365,4.1161,0.0800,6.4356
2026-05-09T17:24:48.378,4.1272,0.0800,6.4363
2026-05-09T17:24:48.393,4.1368,0.0800,6.4362
2026-05-09T17:24:48.406,4.1475,0.0800,6.4369
2026-05-09T17:24:48.420,4.1585,0.0800,6.4375
2026-05-09T17:24:48.434,4.1689,0.0800,6.4375
2026-05-09T17:24:48.448,4.1800,0.0800,6.4380
2026-05-09T17:24:48.462,4.1913,0.0800,6.4386
2026-05-09T17:24:48.475,4.2026,0.0800,6.4392
2026-05-09T17:24:48.490,4.2139,0.0800,6.4392
2026-05-09T17:24:48.504,4.2249,0.0800,6.4397
2026-05-09T17:24:48.517,4.2377,0.0800,6.4403
2026-05-09T17:24:48.531,4.2481,0.0800,6.4406
2026-05-09T17:24:48.545,4.2598,0.0800,6.4411
2026-05-09T17:24:48.559,4.2699,0.0800,6.4416
2026-05-09T17:24:48.573,4.2764,0.0800,6.4416
2026-05-09T17:24:48.587,4.2813,0.0800,6.4420
2026-05-09T17:24:48.601,4.2842,0.0800,6.4424
2026-05-09T17:24:48.614,4.2828,0.0800,6.4423
2026-05-09T17:24:48.628,4.2777,0.0800,6.4409
2026-05-09T17:24:48.642,4.2674,0.0800,6.4385
2026-05-09T17:24:48.656,4.2535,0.0800,6.4355
2026-05-09T17:24:48.670,4.2335,0.0800,6.4314
2026-05-09T17:24:48.684,4.2034,0.0800,6.4260
2026-05-09T17:24:48.697,4.1696,0.0800,6.4205
2026-05-09T17:24:48.712,4.1284,0.0800,6.4143
2026-05-09T17:24:48.726,4.0856,0.0800,6.4088
2026-05-09T17:24:48.739,4.0358,0.0800,6.4031
2026-05-09T17:24:48.753,3.9763,0.0800,6.3971
2026-05-09T17:24:48.767,3.9219,0.0800,6.3924
2026-05-09T17:24:48.781,3.8554,0.0800,6.3873
2026-05-09T17:24:48.794,3.7908,0.0800,6.3829
2026-05-09T17:24:48.808,3.7237,0.0800,6.3787
2026-05-09T17:24:48.823,3.6613,0.0800,6.3753
2026-05-09T17:24:48.836,3.5935,0.0800,6.3719
2026-05-09T17:24:48.850,3.5239,0.0800,6.3688
2026-05-09T17:24:48.864,3.4620,0.0800,6.3663
2026-05-09T17:24:48.878,3.3867,0.0800,6.3634
2026-05-09T17:24:48.892,3.3197,0.0800,6.3608
2026-05-09T17:24:48.906,3.2490,0.0800,6.3580
2026-05-09T17:24:48.919,3.1820,0.0800,6.3555
2026-05-09T17:24:48.934,3.1173,0.0800,6.3531
2026-05-09T17:24:48.947,3.0462,0.0800,6.3504
2026-05-09T17:24:48.961,2.9790,0.0800,6.3479
2026-05-09T17:24:48.975,2.9129,0.0800,6.3454
2026-05-09T17:24:48.989,2.8417,0.0800,6.3427
2026-05-09T17:24:49.003,2.7748,0.0800,6.3402
2026-05-09T17:24:49.017,2.7031,0.0800,6.3375
2026-05-09T17:24:49.031,2.6344,0.0800,6.3348
2026-05-09T17:24:49.044,2.5661,0.0800,6.3322
2026-05-09T17:24:49.058,2.4965,0.0800,6.3296
2026-05-09T17:24:49.072,2.4309,0.0800,6.3271
2026-05-09T17:24:49.086,2.3627,0.0800,6.3245
2026-05-09T17:24:49.100,2.2913,0.0800,6.3219
2026-05-09T17:24:49.113,2.2164,0.0800,6.3191
2026-05-09T17:24:49.128,2.1514,0.0800,6.3166
2026-05-09T17:24:49.142,2.0826,0.0800,6.3141
2026-05-09T17:24:49.155,2.0151,0.0800,6.3116
2026-05-09T17:24:49.170,1.9451,0.0800,6.3090
2026-05-09T17:24:49.184,1.8759,0.0800,6.3064
2026-05-09T17:24:49.198,1.8054,0.0800,6.3038
2026-05-09T17:24:49.211,1.7398,0.0800,6.3014
2026-05-09T17:24:49.226,1.6717,0.0800,6.2992
2026-05-09T17:24:49.239,1.6043,0.0800,6.2973
2026-05-09T17:24:49.254,1.5346,0.0800,6.2957
2026-05-09T17:24:49.268,1.4712,0.0800,6.2946
2026-05-09T17:24:49.281,1.3965,0.0800,6.2936
2026-05-09T17:24:49.295,1.3341,0.0800,6.2932
2026-05-09T17:24:49.309,1.2684,0.0800,6.2931
2026-05-09T17:24:49.324,1.2086,0.0800,6.2936
2026-05-09T17:24:49.337,1.1498,0.0800,6.2946
2026-05-09T17:24:49.351,1.0897,0.0800,6.2963
2026-05-09T17:24:49.365,1.0430,0.0800,6.2984
2026-05-09T17:24:49.378,0.9961,0.0800,6.3013
2026-05-09T17:24:49.392,0.9598,0.0800,6.3039
2026-05-09T17:24:49.407,0.9311,0.0800,6.3068
2026-05-09T17:24:49.420,0.9050,0.0800,6.3099
2026-05-09T17:24:49.435,0.8845,0.0800,6.3125
2026-05-09T17:24:49.448,0.8713,0.0800,6.3148
2026-05-09T17:24:49.462,0.8576,0.0800,6.3175
2026-05-09T17:24:49.476,0.8457,0.0800,6.3201
2026-05-09T17:24:49.491,0.8330,0.0800,6.3229
2026-05-09T17:24:49.504,0.8218,0.0800,6.3259
2026-05-09T17:24:49.518,0.8092,0.0800,6.3296
2026-05-09T17:24:49.532,0.7970,0.0800,6.3330
2026-05-09T17:24:49.545,0.7851,0.0800,6.3371
2026-05-09T17:24:49.559,0.7737,0.0800,6.3412
2026-05-09T17:24:49.573,0.7623,0.0800,6.3453
2026-05-09T17:24:49.588,0.7492,0.0800,6.3506
2026-05-09T17:24:49.601,0.7281,0.0800,6.3596
2026-05-09T17:24:49.615,0.7003,0.0800,6.3720
2026-05-09T17:24:49.629,0.6754,0.0800,6.3833
2026-05-09T17:24:49.643,0.6456,0.0800,6.3980
2026-05-09T17:24:49.657,0.6147,0.0800,6.4139
2026-05-09T17:24:49.670,0.5797,0.0800,6.4139
2026-05-09T17:24:49.685,0.5416,0.0800,6.4139
2026-05-09T17:24:49.698,0.5047,0.0800,6.4139
2026-05-09T17:24:49.712,0.4608,0.0800,6.4139
2026-05-09T17:24:49.727,0.4225,0.0800,6.4138
2026-05-09T17:24:49.740,0.3775,0.0800,6.4137
2026-05-09T17:24:49.753,0.3332,0.0800,6.4137
2026-05-09T17:24:49.768,0.2911,0.0800,6.4137
2026-05-09T17:24:49.781,0.2498,0.0800,6.4151
2026-05-09T17:24:49.795,0.2025,0.0800,6.4241
2026-05-09T17:24:49.809,0.1498,0.0800,6.4452
2026-05-09T17:24:49.823,0.1099,0.0800,6.4762
2026-05-09T17:24:49.836,0.0671,0.0800,6.5102
2026-05-09T17:24:49.851,0.0217,0.0800,6.5470
2026-05-09T17:24:49.864,-0.0153,0.0800,6.5781
2026-05-09T17:24:49.878,-0.0594,0.0800,6.6161
2026-05-09T17:24:49.892,-0.1010,0.0800,6.6526
2026-05-09T17:24:49.906,-0.1423,0.0800,6.6902
2026-05-09T17:24:49.919,-0.1775,0.0800,6.7232
2026-05-09T17:24:49.934,-0.2061,0.0800,6.7505
2026-05-09T17:24:49.948,-0.2354,0.0800,6.7801
2026-05-09T17:24:49.962,-0.2564,0.0800,6.8022
2026-05-09T17:24:49.974,-0.2778,0.0800,6.8256
2026-05-09T17:24:49.989,-0.2957,0.0800,6.8454
2026-05-09T17:24:50.002,-0.3091,0.0800,6.8615
2026-05-09T17:24:50.016,-0.3237,0.0800,6.8798
2026-05-09T17:24:50.030,-0.3348,0.0800,6.8936
2026-05-09T17:24:50.044,-0.3458,0.0800,6.9087
2026-05-09T17:24:50.057,-0.3557,0.0800,6.9230
2026-05-09T17:24:50.071,-0.3693,0.0800,6.9336
2026-05-09T17:24:50.085,-0.3826,0.0800,6.9422
2026-05-09T17:24:50.098,-0.3952,0.0800,6.9512
2026-05-09T17:24:50.113,-0.4091,0.0800,6.9618
2026-05-09T17:24:50.127,-0.4199,0.0800,6.9710
2026-05-09T17:24:50.139,-0.4326,0.0800,6.9826
2026-05-09T17:24:50.154,-0.4436,0.0800,6.9937
2026-05-09T17:24:50.168,-0.4534,0.0800,7.0043
2026-05-09T17:24:50.181,-0.4650,0.0800,7.0180
2026-05-09T17:24:50.195,-0.4734,0.0800,7.0289
2026-05-09T17:24:50.209,-0.4831,0.0800,7.0422
2026-05-09T17:24:50.223,-0.4910,0.0800,7.0544
2026-05-09T17:24:50.236,-0.4992,0.0800,7.0681
2026-05-09T17:24:50.250,-0.5072,0.0800,7.0824
2026-05-09T17:24:50.264,-0.5134,0.0800,7.0951
2026-05-09T17:24:50.278,-0.5205,0.0800,7.1110
2026-05-09T17:24:50.292,-0.5262,0.0800,7.1245
2026-05-09T17:24:50.305,-0.5299,0.0800,7.1352
2026-05-09T17:24:50.319,-0.5469,0.0800,7.1980
2026-05-09T17:24:50.334,-0.5619,0.0800,7.2522
2026-05-09T17:24:50.347,-0.5786,0.0800,7.3092
2026-05-09T17:24:50.361,-0.5965,0.0800,7.3679
2026-05-09T17:24:50.374,-0.6134,0.0800,7.4208
2026-05-09T17:24:50.389,-0.6303,0.0800,7.4721
2026-05-09T17:24:50.403,-0.6470,0.0800,7.5197
2026-05-09T17:24:50.417,-0.6664,0.0800,7.5727
2026-05-09T17:24:50.431,-0.6843,0.0800,7.6201
2026-05-09T17:24:50.444,-0.7023,0.0800,7.6648
2026-05-09T17:24:50.458,-0.7229,0.0800,7.7138
2026-05-09T17:24:50.472,-0.7419,0.0800,7.7578
2026-05-09T17:24:50.486,-0.7639,0.0800,7.8060
2026-05-09T17:24:50.501,-0.7842,0.0800,7.8488
2026-05-09T17:24:50.514,-0.8079,0.0800,7.8968
2026-05-09T17:24:50.528,-0.8288,0.0800,7.9381
2026-05-09T17:24:50.542,-0.8498,0.0800,7.9773
2026-05-09T17:24:50.556,-0.8731,0.0800,8.0192
2026-05-09T17:24:50.570,-0.8946,0.0800,8.0569
2026-05-09T17:24:50.584,-0.9198,0.0800,8.0987
2026-05-09T17:24:50.597,-0.9441,0.0800,8.1375
2026-05-09T17:24:50.611,-0.9682,0.0800,8.1751
2026-05-09T17:24:50.625,-0.9929,0.0800,8.2116
2026-05-09T17:24:50.638,-1.0182,0.0800,8.2478
2026-05-09T17:24:50.653,-1.0444,0.0800,8.2843
2026-05-09T17:24:50.667,-1.0681,0.0800,8.3157
2026-05-09T17:24:50.681,-1.0977,0.0800,8.3535
2026-05-09T17:24:50.694,-1.1225,0.0800,8.3838
2026-05-09T17:24:50.709,-1.1493,0.0800,8.4160
2026-05-09T17:24:50.723,-1.1767,0.0800,8.4472
2026-05-09T17:24:50.736,-1.2053,0.0800,8.4788
2026-05-09T17:24:50.751,-1.2344,0.0800,8.5101
2026-05-09T17:24:50.765,-1.2613,0.0800,8.5378
2026-05-09T17:24:50.778,-1.2930,0.0800,8.5696
2026-05-09T17:24:50.793,-1.3230,0.0800,8.5990
2026-05-09T17:24:50.806,-1.3529,0.0800,8.6270
2026-05-09T17:24:50.820,-1.3855,0.0800,8.6565
2026-05-09T17:24:50.835,-1.4156,0.0800,8.6832
2026-05-09T17:24:50.848,-1.4474,0.0800,8.7100
2026-05-09T17:24:50.862,-1.4812,0.0800,8.7374
2026-05-09T17:24:50.876,-1.5138,0.0800,8.7628
2026-05-09T17:24:50.890,-1.5466,0.0800,8.7878
2026-05-09T17:24:50.904,-1.5795,0.0800,8.8115
2026-05-09T17:24:50.918,-1.6164,0.0800,8.8372
2026-05-09T17:24:50.933,-1.6504,0.0800,8.8602
2026-05-09T17:24:50.946,-1.6869,0.0800,8.8836
2026-05-09T17:24:50.960,-1.7251,0.0800,8.9071
2026-05-09T17:24:50.974,-1.7629,0.0800,8.9299
2026-05-09T17:24:50.988,-1.8034,0.0800,8.9531
2026-05-09T17:24:51.002,-1.8489,0.0800,8.9783
2026-05-09T17:24:51.016,-1.9033,0.0800,9.0074
2026-05-09T17:24:51.030,-1.9498,0.0800,9.0318
2026-05-09T17:24:51.044,-2.0044,0.0800,9.0593
2026-05-09T17:24:51.057,-2.0599,0.0800,9.0865
2026-05-09T17:24:51.072,-2.1148,0.0800,9.1128
2026-05-09T17:24:51.086,-2.1696,0.0800,9.1382
2026-05-09T17:24:51.099,-2.2263,0.0800,9.1638
2026-05-09T17:24:51.113,-2.2845,0.0800,9.1895
2026-05-09T17:24:51.127,-2.3373,0.0800,9.2121
2026-05-09T17:24:51.140,-2.3965,0.0800,9.2367
2026-05-09T17:24:51.154,-2.4538,0.0800,9.2598
2026-05-09T17:24:51.169,-2.5089,0.0800,9.2816
2026-05-09T17:24:51.183,-2.5694,0.0800,9.3049
2026-05-09T17:24:51.196,-2.6307,0.0800,9.3277
2026-05-09T17:24:51.210,-2.6920,0.0800,9.3501
2026-05-09T17:24:51.224,-2.7484,0.0800,9.3699
2026-05-09T17:24:51.238,-2.8103,0.0800,9.3911
2026-05-09T17:24:51.253,-2.8696,0.0800,9.4109
2026-05-09T17:24:51.266,-2.9302,0.0800,9.4304
2026-05-09T17:24:51.280,-2.9997,0.0800,9.4521
2026-05-09T17:24:51.294,-3.0524,0.0800,9.4681
2026-05-09T17:24:51.308,-3.1109,0.0800,9.4852
2026-05-09T17:24:51.323,-3.1742,0.0800,9.5032
2026-05-09T17:24:51.336,-3.2356,0.0800,9.5200
2026-05-09T17:24:51.350,-3.3002,0.0800,9.5372
2026-05-09T17:24:51.364,-3.3569,0.0800,9.5516
2026-05-09T17:24:51.378,-3.4218,0.0800,9.5675
2026-05-09T17:24:51.392,-3.4824,0.0800,9.5819
2026-05-09T17:24:51.406,-3.5402,0.0800,9.5949
2026-05-09T17:24:51.419,-3.6030,0.0800,9.6084
2026-05-09T17:24:51.434,-3.6616,0.0800,9.6205
2026-05-09T17:24:51.447,-3.7220,0.0800,9.6321
2026-05-09T17:24:51.461,-3.7822,0.0800,9.6430
2026-05-09T17:24:51.475,-3.8421,0.0800,9.6531
2026-05-09T17:24:51.489,-3.9008,0.0800,9.6625
2026-05-09T17:24:51.503,-3.9572,0.0800,9.6708
2026-05-09T17:24:51.517,-4.0223,0.0800,9.6796
2026-05-09T17:24:51.531,-4.0816,0.0800,9.6870
2026-05-09T17:24:51.545,-4.1422,0.0800,9.6938
2026-05-09T17:24:51.558,-4.2025,0.0800,9.6999
2026-05-09T17:24:51.573,-4.2631,0.0800,9.7054
2026-05-09T17:24:51.587,-4.3212,0.0800,9.7100
2026-05-09T17:24:51.601,-4.3860,0.0800,9.7145
2026-05-09T17:24:51.614,-4.4510,0.0800,9.7183
2026-05-09T17:24:51.628,-4.5116,0.0800,9.7213
2026-05-09T17:24:51.642,-4.5768,0.0800,9.7240
2026-05-09T17:24:51.656,-4.6424,0.0800,9.7263
2026-05-09T17:24:51.670,-4.7101,0.0800,9.7284
2026-05-09T17:24:51.684,-4.7855,0.0800,9.7304
2026-05-09T17:24:51.698,-4.8491,0.0800,9.7321
2026-05-09T17:24:51.712,-4.9211,0.0800,9.7342
2026-05-09T17:24:51.726,-4.9882,0.0800,9.7362
2026-05-09T17:24:51.739,-5.0577,0.0800,9.7384
2026-05-09T17:24:51.754,-5.1261,0.0800,9.7405
2026-05-09T17:24:51.768,-5.1908,0.0800,9.7426
2026-05-09T17:24:51.781,-5.2650,0.0800,9.7451
2026-05-09T17:24:51.795,-5.3301,0.0800,9.7472
2026-05-09T17:24:51.809,-5.3982,0.0800,9.7495
2026-05-09T17:24:51.824,-5.4626,0.0800,9.7517
2026-05-09T17:24:51.837,-5.5312,0.0800,9.7540
2026-05-09T17:24:51.851,-5.6058,0.0800,9.7565
2026-05-09T17:24:51.865,-5.6672,0.0800,9.7586
2026-05-09T17:24:51.878,-5.7402,0.0800,9.7610
2026-05-09T17:24:51.892,-5.8063,0.0800,9.7632
2026-05-09T17:24:51.906,-5.8721,0.0800,9.7654
2026-05-09T17:24:51.920,-5.9398,0.0800,9.7676
2026-05-09T17:24:51.934,-6.0095,0.0800,9.7699
2026-05-09T17:24:51.949,-6.0800,0.0800,9.7723
2026-05-09T17:24:51.962,-6.1480,0.0800,9.7746
2026-05-09T17:24:51.976,-6.2188,0.0800,9.7770
2026-05-09T17:24:51.990,-6.2854,0.0800,9.7793
2026-05-09T17:24:52.004,-6.3542,0.0800,9.7816
2026-05-09T17:24:52.018,-6.4287,0.0800,9.7842
2026-05-09T17:24:52.032,-6.4965,0.0800,9.7865
2026-05-09T17:24:52.046,-6.5635,0.0800,9.7888
2026-05-09T17:24:52.059,-6.6333,0.0800,9.7911
2026-05-09T17:24:52.073,-6.7027,0.0800,9.7933
2026-05-09T17:24:52.088,-6.7642,0.0800,9.7948
2026-05-09T17:24:52.101,-6.8298,0.0800,9.7960
2026-05-09T17:24:52.115,-6.8703,0.0800,9.7964
2026-05-09T17:24:52.143,-6.8706,0.0800,9.7962
2026-05-09T17:24:52.157,-6.8709,0.0800,9.7961
2026-05-09T17:24:52.171,-6.8709,0.0800,9.7948
2026-05-09T17:24:52.185,-6.8713,0.0800,9.7927
2026-05-09T17:24:52.199,-6.8717,0.0800,9.7900
2026-05-09T17:24:52.213,-6.8717,0.0800,9.7867
2026-05-09T17:24:52.227,-6.8721,0.0800,9.7831
2026-05-09T17:24:52.240,-6.8725,0.0800,9.7782
2026-05-09T17:24:52.254,-6.8726,0.0800,9.7738
2026-05-09T17:24:52.268,-6.8730,0.0800,9.7687
2026-05-09T17:24:52.282,-6.8736,0.0800,9.7618
2026-05-09T17:24:52.296,-6.8742,0.0800,9.7558
2026-05-09T17:24:52.309,-6.8742,0.0800,9.7486
2026-05-09T17:24:52.323,-6.8747,0.0800,9.7408
2026-05-09T17:24:52.337,-6.8751,0.0800,9.7316
2026-05-09T17:24:52.351,-6.8751,0.0800,9.7203
2026-05-09T17:24:52.365,-6.8751,0.0800,9.7156
2026-05-09T17:24:52.378,-6.8748,0.0800,9.7111
2026-05-09T17:24:52.393,-6.8743,0.0800,9.7063
2026-05-09T17:24:52.407,-6.8735,0.0800,9.7031
2026-05-09T17:24:52.421,-6.8726,0.0800,9.7009
2026-05-09T17:24:52.435,-6.8727,0.0800,9.6994
2026-05-09T17:24:52.449,-6.8717,0.0800,9.6989
2026-05-09T17:24:52.463,-6.8708,0.0800,9.6994
2026-05-09T17:24:52.476,-6.8699,0.0800,9.7000
2026-05-09T17:24:52.504,-6.8694,0.0800,9.7003
2026-05-09T17:24:52.518,-6.8697,0.0800,9.7005
2026-05-09T17:24:52.532,-6.8700,0.0800,9.7003
2026-05-09T17:24:52.616,-6.8660,0.0800,9.7002
2026-05-09T17:24:52.630,-6.8556,0.0800,9.6999
2026-05-09T17:24:52.643,-6.8250,0.0800,9.6992
2026-05-09T17:24:52.657,-6.7781,0.0800,9.6979
2026-05-09T17:24:52.671,-6.7342,0.0800,9.6955
2026-05-09T17:24:52.685,-6.6902,0.0800,9.6930
2026-05-09T17:24:52.699,-6.6491,0.0800,9.6899
2026-05-09T17:24:52.712,-6.6105,0.0800,9.6859
2026-05-09T17:24:52.726,-6.5758,0.0800,9.6822
2026-05-09T17:24:52.740,-6.5400,0.0800,9.6777
2026-05-09T17:24:52.754,-6.5047,0.0800,9.6723
2026-05-09T17:24:52.768,-6.4711,0.0800,9.6669
2026-05-09T17:24:52.782,-6.4334,0.0800,9.6603
2026-05-09T17:24:52.796,-6.4013,0.0800,9.6539
2026-05-09T17:24:52.810,-6.3673,0.0800,9.6462
2026-05-09T17:24:52.824,-6.3343,0.0800,9.6384
2026-05-09T17:24:52.837,-6.3001,0.0800,9.6297
2026-05-09T17:24:52.852,-6.2671,0.0800,9.6202
2026-05-09T17:24:52.866,-6.2515,0.0800,9.6155
2026-05-09T17:24:52.879,-6.2491,0.0800,9.6148
2026-05-09T17:24:52.935,-6.2515,0.0800,9.6155
2026-05-09T17:24:52.948,-6.3064,0.0800,9.6325
2026-05-09T17:24:52.963,-6.3474,0.0800,9.6444
2026-05-09T17:24:52.976,-6.3940,0.0800,9.6572
2026-05-09T17:24:52.991,-6.4434,0.0800,9.6703
2026-05-09T17:24:53.004,-6.4872,0.0800,9.6809
2026-05-09T17:24:53.018,-6.5470,0.0800,9.6945
2026-05-09T17:24:53.032,-6.6004,0.0800,9.7062
2026-05-09T17:24:53.045,-6.6550,0.0800,9.7171
2026-05-09T17:24:53.060,-6.6572,0.0800,9.7175
2026-05-09T17:24:53.074,-6.6585,0.0800,9.7178
2026-05-09T17:24:53.088,-6.6509,0.0800,9.7166
2026-05-09T17:24:53.102,-6.6395,0.0800,9.7145
2026-05-09T17:24:53.115,-6.6235,0.0800,9.7111
2026-05-09T17:24:53.129,-6.6044,0.0800,9.7061
2026-05-09T17:24:53.143,-6.5775,0.0800,9.6988
2026-05-09T17:24:53.157,-6.5459,0.0800,9.6895
2026-05-09T17:24:53.171,-6.5157,0.0800,9.6797
2026-05-09T17:24:53.185,-6.4814,0.0800,9.6682
2026-05-09T17:24:53.198,-6.4474,0.0800,9.6560
2026-05-09T17:24:53.212,-6.4157,0.0800,9.6437
2026-05-09T17:24:53.227,-6.3847,0.0800,9.6312
2026-05-09T17:24:53.240,-6.3517,0.0800,9.6171
2026-05-09T17:24:53.254,-6.3178,0.0800,9.6019
2026-05-09T17:24:53.268,-6.2889,0.0800,9.5880
2026-05-09T17:24:53.281,-6.2550,0.0800,9.5711
2026-05-09T17:24:53.295,-6.2253,0.0800,9.5556
2026-05-09T17:24:53.310,-6.1967,0.0800,9.5398
2026-05-09T17:24:53.324,-6.1654,0.0800,9.5219
2026-05-09T17:24:53.337,-6.1351,0.0800,9.5037
2026-05-09T17:24:53.351,-6.1125,0.0800,9.4894
2026-05-09T17:24:53.365,-6.1065,0.0800,9.4856
2026-05-09T17:24:53.420,-6.1157,0.0800,9.4918
2026-05-09T17:24:53.434,-6.1319,0.0800,9.5028
2026-05-09T17:24:53.448,-6.1683,0.0800,9.5276
2026-05-09T17:24:53.462,-6.2040,0.0800,9.5526
2026-05-09T17:24:53.475,-6.2396,0.0800,9.5780
2026-05-09T17:24:53.490,-6.2689,0.0800,9.5996
2026-05-09T17:24:53.503,-6.2942,0.0800,9.6189
2026-05-09T17:24:53.517,-6.3217,0.0800,9.6407
2026-05-09T17:24:53.531,-6.3440,0.0800,9.6589
2026-05-09T17:24:53.544,-6.3693,0.0800,9.6804
2026-05-09T17:24:53.558,-6.3912,0.0800,9.6998
2026-05-09T17:24:53.572,-6.4172,0.0800,9.7234
2026-05-09T17:24:53.586,-6.4437,0.0800,9.7485
2026-05-09T17:24:53.599,-6.4758,0.0800,9.7800
2026-05-09T17:24:53.613,-6.5146,0.0800,9.8189
2026-05-09T17:24:53.627,-6.5503,0.0800,9.8559
2026-05-09T17:24:53.641,-6.5914,0.0800,9.8994
2026-05-09T17:24:53.654,-6.6283,0.0800,9.9397
2026-05-09T17:24:53.669,-6.6653,0.0800,9.9809
2026-05-09T17:24:53.682,-6.7024,0.0800,10.0231
2026-05-09T17:24:53.696,-6.7381,0.0800,10.0649
2026-05-09T17:24:53.710,-6.7766,0.0800,10.1111
2026-05-09T17:24:53.724,-6.8148,0.0800,10.1578
2026-05-09T17:24:53.737,-6.8590,0.0800,10.2128
2026-05-09T17:24:53.751,-6.8948,0.0800,10.2577
2026-05-09T17:24:53.765,-6.8950,0.0800,10.2580
2026-05-09T17:24:53.779,-6.8953,0.0800,10.2585
2026-05-09T17:24:53.793,-6.8958,0.0800,10.2590
2026-05-09T17:24:53.806,-6.8962,0.0800,10.2596
2026-05-09T17:24:53.820,-6.8967,0.0800,10.2602
2026-05-09T17:24:53.834,-6.8973,0.0800,10.2609
2026-05-09T17:24:53.848,-6.8980,0.0800,10.2618
2026-05-09T17:24:53.862,-6.8987,0.0800,10.2626
2026-05-09T17:24:53.875,-6.8994,0.0800,10.2634
2026-05-09T17:24:53.904,-6.9002,0.0800,10.2642
2026-05-09T17:24:53.917,-6.9010,0.0800,10.2650
2026-05-09T17:24:53.945,-6.9017,0.0800,10.2657
2026-05-09T17:24:53.960,-6.9024,0.0800,10.2663
2026-05-09T17:24:53.973,-6.9023,0.0800,10.2662
2026-05-09T17:24:53.987,-6.9029,0.0800,10.2667
2026-05-09T17:24:54.001,-6.9032,0.0800,10.2669
2026-05-09T17:24:54.043,-6.9028,0.0800,10.2666
2026-05-09T17:24:54.057,-6.9024,0.0800,10.2662
2026-05-09T17:24:54.085,-6.9017,0.0800,10.2657
2026-05-09T17:24:54.098,-6.9012,0.0800,10.2652
2026-05-09T17:24:54.127,-6.9009,0.0800,10.2650
2026-05-09T17:24:54.154,-6.9014,0.0800,10.2654
2026-05-09T17:24:54.168,-6.9018,0.0800,10.2657
2026-05-09T17:24:54.182,-6.9026,0.0800,10.2664
2026-05-09T17:24:54.195,-6.9033,0.0800,10.2670
2026-05-09T17:24:54.210,-6.9035,0.0800,10.2671
2026-05-09T17:24:54.224,-6.9043,0.0800,10.2677
2026-05-09T17:24:54.238,-6.9052,0.0800,10.2684
2026-05-09T17:24:54.266,-6.9060,0.0800,10.2689
2026-05-09T17:24:54.279,-6.9066,0.0800,10.2692
2026-05-09T17:24:54.294,-6.9060,0.0800,10.2689
2026-05-09T17:24:54.320,-6.9055,0.0800,10.2685
2026-05-09T17:24:54.335,-6.9054,0.0800,10.2685
2026-05-09T17:24:54.349,-6.9045,0.0800,10.2679
2026-05-09T17:24:54.362,-6.9037,0.0800,10.2674
2026-05-09T17:24:54.376,-6.9031,0.0800,10.2670
2026-05-09T17:24:54.391,-6.9034,0.0800,10.2672
2026-05-09T17:24:54.433,-6.9042,0.0800,10.2677
2026-05-09T17:24:54.446,-6.9052,0.0800,10.2683
2026-05-09T17:24:54.460,-6.9063,0.0800,10.2689
2026-05-09T17:24:54.488,-6.9073,0.0800,10.2694
2026-05-09T17:24:54.502,-6.9083,0.0800,10.2699
2026-05-09T17:24:54.515,-6.9095,0.0800,10.2704
2026-05-09T17:24:54.529,-6.9094,0.0800,10.2703
2026-05-09T17:24:54.544,-6.9105,0.0800,10.2708
2026-05-09T17:24:54.557,-6.9116,0.0800,10.2712
2026-05-09T17:24:54.585,-6.9128,0.0800,10.2715
2026-05-09T17:24:54.600,-6.9140,0.0800,10.2718
2026-05-09T17:24:54.628,-6.9152,0.0800,10.2721
2026-05-09T17:24:54.641,-6.9163,0.0800,10.2723
2026-05-09T17:24:54.655,-6.9176,0.0800,10.2725
2026-05-09T17:24:54.669,-6.9174,0.0800,10.2725
2026-05-09T17:24:54.684,-6.9188,0.0800,10.2726
2026-05-09T17:24:54.697,-6.9199,0.0800,10.2727
2026-05-09T17:24:54.711,-6.9201,0.0800,10.2727
2026-05-09T17:24:54.725,-6.9212,0.0800,10.2728
2026-05-09T17:24:54.738,-6.9225,0.0800,10.2728
2026-05-09T17:24:54.767,-6.9236,0.0800,10.2728
2026-05-09T17:24:54.780,-6.9250,0.0800,10.2728
2026-05-09T17:24:54.794,-6.9262,0.0800,10.2727
2026-05-09T17:24:54.822,-6.9274,0.0800,10.2726
2026-05-09T17:24:54.836,-6.9286,0.0800,10.2724
2026-05-09T17:24:54.851,-6.9287,0.0800,10.2724
2026-05-09T17:24:54.865,-6.9299,0.0800,10.2722
2026-05-09T17:24:54.878,-6.9312,0.0800,10.2720
2026-05-09T17:24:54.892,-6.9311,0.0800,10.2720
2026-05-09T17:24:54.906,-6.9323,0.0800,10.2717
2026-05-09T17:24:54.920,-6.9335,0.0800,10.2701
2026-05-09T17:24:54.934,-6.9336,0.0800,10.2682
2026-05-09T17:24:54.948,-6.9348,0.0800,10.2654
2026-05-09T17:24:54.962,-6.9360,0.0800,10.2622
2026-05-09T17:24:54.975,-6.9372,0.0800,10.2583
2026-05-09T17:24:54.990,-6.9371,0.0800,10.2544
2026-05-09T17:24:55.004,-6.9383,0.0800,10.2495
2026-05-09T17:24:55.018,-6.9396,0.0800,10.2432
2026-05-09T17:24:55.032,-6.9394,0.0800,10.2376
2026-05-09T17:24:55.045,-6.9405,0.0800,10.2310
2026-05-09T17:24:55.059,-6.9418,0.0800,10.2232
2026-05-09T17:24:55.074,-6.9416,0.0800,10.2166
2026-05-09T17:24:55.087,-6.9427,0.0800,10.2081
2026-05-09T17:24:55.101,-6.9439,0.0800,10.1984
2026-05-09T17:24:55.115,-6.9451,0.0800,10.1886
2026-05-09T17:24:55.129,-6.9450,0.0800,10.1797
2026-05-09T17:24:55.142,-6.9461,0.0800,10.1692
2026-05-09T17:24:55.157,-6.9471,0.0800,10.1584
2026-05-09T17:24:55.171,-6.9471,0.0800,10.1475
2026-05-09T17:24:55.185,-6.9482,0.0800,10.1348
2026-05-09T17:24:55.198,-6.9493,0.0800,10.1223
2026-05-09T17:24:55.212,-6.9494,0.0800,10.1091
2026-05-09T17:24:55.227,-6.9503,0.0800,10.0963
2026-05-09T17:24:55.240,-6.8812,0.0800,10.0816
2026-05-09T17:24:55.254,-6.8822,0.0800,10.0669
2026-05-09T17:24:55.268,-6.8826,0.0800,10.0534
2026-05-09T17:24:55.281,-6.8837,0.0800,10.0367
2026-05-09T17:24:55.295,-6.8846,0.0800,10.0210
2026-05-09T17:24:55.310,-6.8852,0.0800,10.0062
2026-05-09T17:24:55.324,-6.8860,0.0800,9.9897
2026-05-09T17:24:55.337,-6.8870,0.0800,9.9714
2026-05-09T17:24:55.351,-6.8880,0.0800,9.9539
2026-05-09T17:24:55.365,-6.8890,0.0800,9.9370
2026-05-09T17:24:55.378,-6.8900,0.0800,9.9182
2026-05-09T17:24:55.393,-6.8911,0.0800,9.8991
2026-05-09T17:24:55.406,-6.8921,0.0800,9.8809
2026-05-09T17:24:55.420,-6.8932,0.0800,9.8601
2026-05-09T17:24:55.434,-6.8943,0.0800,9.8412
2026-05-09T17:24:55.448,-6.8955,0.0800,9.8196
2026-05-09T17:24:55.462,-6.8966,0.0800,9.7987
2026-05-09T17:24:55.475,-6.8978,0.0800,9.7771
2026-05-09T17:24:55.490,-6.8990,0.0800,9.7567
2026-05-09T17:24:55.503,-6.9002,0.0800,9.7353
2026-05-09T17:24:55.517,-6.9015,0.0800,9.7104
2026-05-09T17:24:55.531,-6.9027,0.0800,9.6892
2026-05-09T17:24:55.545,-6.9039,0.0800,9.6608
2026-05-09T17:24:55.558,-6.9051,0.0800,9.6296
2026-05-09T17:24:55.573,-6.9062,0.0800,9.5842
2026-05-09T17:24:55.586,-6.9070,0.0800,9.5354
2026-05-09T17:24:55.600,-6.9077,0.0800,9.4792
2026-05-09T17:24:55.614,-6.9083,0.0800,9.4275
2026-05-09T17:24:55.628,-6.9089,0.0800,9.3718
2026-05-09T17:24:55.642,-6.9094,0.0800,9.3125
2026-05-09T17:24:55.656,-6.9100,0.0800,9.2564
2026-05-09T17:24:55.670,-6.9105,0.0800,9.1999
2026-05-09T17:24:55.684,-6.9110,0.0800,9.1383
2026-05-09T17:24:55.697,-6.9116,0.0800,9.0847
2026-05-09T17:24:55.711,-6.9121,0.0800,9.0273
2026-05-09T17:24:55.725,-6.9127,0.0800,8.9734
2026-05-09T17:24:55.739,-6.9132,0.0800,8.9150
2026-05-09T17:24:55.753,-6.9139,0.0800,8.8578
2026-05-09T17:24:55.767,-6.9145,0.0800,8.8041
2026-05-09T17:24:55.781,-6.9151,0.0800,8.7451
2026-05-09T17:24:55.795,-6.9158,0.0800,8.6867
2026-05-09T17:24:55.808,-6.9164,0.0800,8.6283
2026-05-09T17:24:55.823,-6.9170,0.0800,8.5733
2026-05-09T17:24:55.836,-6.9176,0.0800,8.5168
2026-05-09T17:24:55.851,-6.9182,0.0800,8.4539
2026-05-09T17:24:55.865,-6.9189,0.0800,8.4030
2026-05-09T17:24:55.878,-6.9195,0.0800,8.3384
2026-05-09T17:24:55.892,-6.9202,0.0800,8.2799
2026-05-09T17:24:55.906,-6.9208,0.0800,8.2250
2026-05-09T17:24:55.919,-6.9213,0.0800,8.1620
2026-05-09T17:24:55.934,-6.9219,0.0800,8.1002
2026-05-09T17:24:55.948,-6.9224,0.0800,8.0387
2026-05-09T17:24:55.962,-6.9228,0.0800,7.9729
2026-05-09T17:24:55.975,-6.9232,0.0800,7.9081
2026-05-09T17:24:55.989,-6.9232,0.0800,7.8414
2026-05-09T17:24:56.003,-6.9232,0.0800,7.7819
2026-05-09T17:24:56.017,-6.9232,0.0800,7.7092
2026-05-09T17:24:56.031,-6.9231,0.0800,7.6517
2026-05-09T17:24:56.044,-6.9230,0.0800,7.5912
2026-05-09T17:24:56.059,-6.9229,0.0800,7.5313
2026-05-09T17:24:56.072,-6.9229,0.0800,7.4801
2026-05-09T17:24:56.086,-6.9227,0.0800,7.4264
2026-05-09T17:24:56.100,-6.9225,0.0800,7.3819
2026-05-09T17:24:56.114,-6.9225,0.0800,7.3421
2026-05-09T17:24:56.128,-6.9222,0.0800,7.3062
2026-05-09T17:24:56.141,-6.9223,0.0800,7.2710
2026-05-09T17:24:56.155,-6.9268,0.0800,7.2368
2026-05-09T17:24:56.170,-6.9365,0.0800,7.2013
2026-05-09T17:24:56.184,-6.9529,0.0800,7.1649
2026-05-09T17:24:56.197,-6.9720,0.0800,7.1314
2026-05-09T17:24:56.212,-6.9938,0.0800,7.0926
2026-05-09T17:24:56.226,-7.0203,0.0800,7.0496
2026-05-09T17:24:56.240,-7.0523,0.0800,6.9991
2026-05-09T17:24:56.254,-7.0896,0.0800,6.9415
2026-05-09T17:24:56.268,-7.1285,0.0800,6.8822
2026-05-09T17:24:56.281,-7.1709,0.0800,6.8174
2026-05-09T17:24:56.295,-7.2045,0.0800,6.7661
2026-05-09T17:24:56.309,-7.2406,0.0800,6.7110
2026-05-09T17:24:56.324,-7.2756,0.0800,6.6568
2026-05-09T17:24:56.337,-7.3123,0.0800,6.5993
2026-05-09T17:24:56.351,-7.3502,0.0800,6.5392
2026-05-09T17:24:56.365,-7.3825,0.0800,6.4868
2026-05-09T17:24:56.378,-7.4189,0.0800,6.4267
2026-05-09T17:24:56.393,-7.4505,0.0800,6.3739
2026-05-09T17:24:56.407,-7.4807,0.0800,6.3222
2026-05-09T17:24:56.421,-7.5135,0.0800,6.2649
2026-05-09T17:24:56.435,-7.5439,0.0800,6.2106
2026-05-09T17:24:56.449,-7.5748,0.0800,6.1540
2026-05-09T17:24:56.462,-7.6048,0.0800,6.0977
2026-05-09T17:24:56.476,-7.6331,0.0800,6.0432
2026-05-09T17:24:56.491,-7.6589,0.0800,5.9925
2026-05-09T17:24:56.505,-7.6859,0.0800,5.9378
2026-05-09T17:24:56.518,-7.7144,0.0800,5.8785
2026-05-09T17:24:56.533,-7.7378,0.0800,5.8284
2026-05-09T17:24:56.546,-7.7615,0.0800,5.7760
2026-05-09T17:24:56.560,-7.7857,0.0800,5.7205
2026-05-09T17:24:56.574,-7.8071,0.0800,5.6704
2026-05-09T17:24:56.588,-7.8283,0.0800,5.6185
2026-05-09T17:24:56.602,-7.8494,0.0800,5.5650
2026-05-09T17:24:56.614,-7.8725,0.0800,5.5039
2026-05-09T17:24:56.630,-7.8895,0.0800,5.4574
2026-05-09T17:24:56.643,-7.9071,0.0800,5.4070
2026-05-09T17:24:56.657,-7.9271,0.0800,5.3475
2026-05-09T17:24:56.671,-7.9432,0.0800,5.2979
2026-05-09T17:24:56.685,-7.9612,0.0800,5.2394
2026-05-09T17:24:56.698,-7.9771,0.0800,5.1852
2026-05-09T17:24:56.712,-7.9927,0.0800,5.1303
2026-05-09T17:24:56.727,-8.0071,0.0800,5.0763
2026-05-09T17:24:56.740,-8.0209,0.0800,5.0216
2026-05-09T17:24:56.754,-8.0352,0.0800,4.9626
2026-05-09T17:24:56.768,-8.0470,0.0800,4.9110
2026-05-09T17:24:56.782,-8.0598,0.0800,4.8516
2026-05-09T17:24:56.796,-8.0706,0.0800,4.7975
2026-05-09T17:24:56.810,-8.0830,0.0800,4.7323
2026-05-09T17:24:56.824,-8.0910,0.0800,4.6860
2026-05-09T17:24:56.837,-8.1007,0.0800,4.6256
2026-05-09T17:24:56.851,-8.1091,0.0800,4.5694
2026-05-09T17:24:56.865,-8.1161,0.0800,4.5176
2026-05-09T17:24:56.879,-8.1232,0.0800,4.4592
2026-05-09T17:24:56.893,-8.1296,0.0800,4.4016
2026-05-09T17:24:56.907,-8.1348,0.0800,4.3471
2026-05-09T17:24:56.920,-8.1399,0.0800,4.2849
2026-05-09T17:24:56.934,-8.1438,0.0800,4.2310
2026-05-09T17:24:56.948,-8.1476,0.0800,4.1665
2026-05-09T17:24:56.962,-8.1502,0.0800,4.1081
2026-05-09T17:24:56.975,-8.1525,0.0800,4.0450
2026-05-09T17:24:56.989,-8.1540,0.0800,3.9886
2026-05-09T17:24:57.003,-8.1548,0.0800,3.9301
2026-05-09T17:24:57.017,-8.1550,0.0800,3.8649
2026-05-09T17:24:57.031,-8.1547,0.0800,3.8068
2026-05-09T17:24:57.045,-8.1536,0.0800,3.7476
2026-05-09T17:24:57.058,-8.1518,0.0800,3.6849
2026-05-09T17:24:57.072,-8.1496,0.0800,3.6232
2026-05-09T17:24:57.085,-8.1466,0.0800,3.5638
2026-05-09T17:24:57.099,-8.1428,0.0800,3.5007
2026-05-09T17:24:57.113,-8.1389,0.0800,3.4436
2026-05-09T17:24:57.127,-8.1342,0.0800,3.3860
2026-05-09T17:24:57.141,-8.1287,0.0800,3.3282
2026-05-09T17:24:57.154,-8.1228,0.0800,3.2741
2026-05-09T17:24:57.168,-8.1171,0.0800,3.2258
2026-05-09T17:24:57.183,-8.1099,0.0800,3.1729
2026-05-09T17:24:57.196,-8.1032,0.0800,3.1295
2026-05-09T17:24:57.210,-8.0956,0.0800,3.0839
2026-05-09T17:24:57.224,-8.0877,0.0800,3.0423
2026-05-09T17:24:57.237,-8.0782,0.0800,2.9957
2026-05-09T17:24:57.252,-8.0692,0.0800,2.9550
2026-05-09T17:24:57.265,-8.0679,0.0800,2.9146
2026-05-09T17:24:57.279,-8.0674,0.0800,2.8707
2026-05-09T17:24:57.293,-8.0674,0.0800,2.8297
2026-05-09T17:24:57.307,-8.0668,0.0800,2.7878
2026-05-09T17:24:57.321,-8.0637,0.0800,2.7451
2026-05-09T17:24:57.334,-8.0526,0.0800,2.7043
2026-05-09T17:24:57.348,-8.0366,0.0800,2.6587
2026-05-09T17:24:57.362,-8.0242,0.0800,2.6258
2026-05-09T17:24:57.376,-8.0085,0.0800,2.5860
2026-05-09T17:24:57.390,-7.9926,0.0800,2.5468
2026-05-09T17:24:57.404,-7.9763,0.0800,2.5092
2026-05-09T17:24:57.417,-7.9571,0.0800,2.4670
2026-05-09T17:24:57.432,-7.9407,0.0800,2.4321
2026-05-09T17:24:57.445,-7.9228,0.0800,2.3963
2026-05-09T17:24:57.459,-7.9022,0.0800,2.3569
2026-05-09T17:24:57.473,-7.8829,0.0800,2.3210
2026-05-09T17:24:57.487,-7.8621,0.0800,2.2847
2026-05-09T17:24:57.501,-7.8410,0.0800,2.2493
2026-05-09T17:24:57.514,-7.8185,0.0800,2.2130
2026-05-09T17:24:57.528,-7.7978,0.0800,2.1806
2026-05-09T17:24:57.542,-7.7747,0.0800,2.1463
2026-05-09T17:24:57.556,-7.7519,0.0800,2.1137
2026-05-09T17:24:57.570,-7.7286,0.0800,2.0812
2026-05-09T17:24:57.584,-7.7036,0.0800,2.0480
2026-05-09T17:24:57.597,-7.6789,0.0800,2.0164
2026-05-09T17:24:57.612,-7.6543,0.0800,1.9857
2026-05-09T17:24:57.626,-7.6291,0.0800,1.9556
2026-05-09T17:24:57.639,-7.6018,0.0800,1.9243
2026-05-09T17:24:57.653,-7.5751,0.0800,1.8943
2026-05-09T17:24:57.668,-7.5479,0.0800,1.8653
2026-05-09T17:24:57.681,-7.5177,0.0800,1.8341
2026-05-09T17:24:57.695,-7.4891,0.0800,1.8057
2026-05-09T17:24:57.708,-7.4594,0.0800,1.7769
2026-05-09T17:24:57.723,-7.4305,0.0800,1.7502
2026-05-09T17:24:57.736,-7.3996,0.0800,1.7226
2026-05-09T17:24:57.750,-7.3660,0.0800,1.6932
2026-05-09T17:24:57.765,-7.3358,0.0800,1.6682
2026-05-09T17:24:57.777,-7.3020,0.0800,1.6411
2026-05-09T17:24:57.792,-7.2696,0.0800,1.6157
2026-05-09T17:24:57.806,-7.2380,0.0800,1.5922
2026-05-09T17:24:57.819,-7.2018,0.0800,1.5659
2026-05-09T17:24:57.834,-7.1676,0.0800,1.5417
2026-05-09T17:24:57.848,-7.1302,0.0800,1.5163
2026-05-09T17:24:57.862,-7.0859,0.0800,1.4871
2026-05-09T17:24:57.875,-7.0402,0.0800,1.4580
2026-05-09T17:24:57.889,-6.9948,0.0800,1.4299
2026-05-09T17:24:57.903,-6.9476,0.0800,1.4018
2026-05-09T17:24:57.916,-6.8951,0.0800,1.3717
2026-05-09T17:24:57.931,-6.8462,0.0800,1.3444
2026-05-09T17:24:57.945,-6.7940,0.0800,1.3165
2026-05-09T17:24:57.958,-6.7379,0.0800,1.2874
2026-05-09T17:24:57.972,-6.6840,0.0800,1.2601
2026-05-09T17:24:57.987,-6.6288,0.0800,1.2332
2026-05-09T17:24:58.001,-6.5737,0.0800,1.2071
2026-05-09T17:24:58.013,-6.5147,0.0800,1.1799
2026-05-09T17:24:58.028,-6.4609,0.0800,1.1558
2026-05-09T17:24:58.041,-6.4067,0.0800,1.1323
2026-05-09T17:24:58.055,-6.3482,0.0800,1.1076
2026-05-09T17:24:58.070,-6.2938,0.0800,1.0852
2026-05-09T17:24:58.084,-6.2340,0.0800,1.0615
2026-05-09T17:24:58.097,-6.1774,0.0800,1.0398
2026-05-09T17:24:58.111,-6.1195,0.0800,1.0182
2026-05-09T17:24:58.126,-6.0633,0.0800,0.9980
2026-05-09T17:24:58.139,-6.0051,0.0800,0.9779
2026-05-09T17:24:58.153,-5.9443,0.0800,0.9573
2026-05-09T17:24:58.167,-5.8881,0.0800,0.9392
2026-05-09T17:24:58.180,-5.8286,0.0800,0.9207
2026-05-09T17:24:58.195,-5.7722,0.0800,0.9036
2026-05-09T17:24:58.208,-5.7124,0.0800,0.8862
2026-05-09T17:24:58.223,-5.6529,0.0800,0.8696
2026-05-09T17:24:58.236,-5.5975,0.0800,0.8547
2026-05-09T17:24:58.250,-5.5317,0.0800,0.8376
2026-05-09T17:24:58.264,-5.4760,0.0800,0.8239
2026-05-09T17:24:58.277,-5.4183,0.0800,0.8103
2026-05-09T17:24:58.292,-5.3587,0.0800,0.7968
2026-05-09T17:24:58.306,-5.3039,0.0800,0.7851
2026-05-09T17:24:58.319,-5.2431,0.0800,0.7729
2026-05-09T17:24:58.334,-5.1854,0.0800,0.7618
2026-05-09T17:24:58.347,-5.1257,0.0800,0.7512
2026-05-09T17:24:58.361,-5.0648,0.0800,0.7410
2026-05-09T17:24:58.375,-5.0113,0.0800,0.7326
2026-05-09T17:24:58.389,-4.9509,0.0800,0.7239
2026-05-09T17:24:58.403,-4.8905,0.0800,0.7159
2026-05-09T17:24:58.416,-4.8290,0.0800,0.7084
2026-05-09T17:24:58.431,-4.7716,0.0800,0.7019
2026-05-09T17:24:58.445,-4.7117,0.0800,0.6959
2026-05-09T17:24:58.458,-4.6525,0.0800,0.6906
2026-05-09T17:24:58.472,-4.5932,0.0800,0.6859
2026-05-09T17:24:58.487,-4.5335,0.0800,0.6819
2026-05-09T17:24:58.501,-4.4756,0.0800,0.6786
2026-05-09T17:24:58.513,-4.4090,0.0800,0.6755
2026-05-09T17:24:58.528,-4.3487,0.0800,0.6733
2026-05-09T17:24:58.542,-4.2925,0.0800,0.6720
2026-05-09T17:24:58.555,-4.2284,0.0800,0.6711
2026-05-09T17:24:58.570,-4.1697,0.0800,0.6708
2026-05-09T17:24:58.584,-4.1071,0.0800,0.6712
2026-05-09T17:24:58.597,-4.0426,0.0800,0.6724
2026-05-09T17:24:58.611,-3.9805,0.0800,0.6740
2026-05-09T17:24:58.626,-3.9218,0.0800,0.6762
2026-05-09T17:24:58.638,-3.8594,0.0800,0.6792
2026-05-09T17:24:58.653,-3.7944,0.0800,0.6827
2026-05-09T17:24:58.667,-3.7371,0.0800,0.6865
2026-05-09T17:24:58.680,-3.6635,0.0800,0.6918
2026-05-09T17:24:58.695,-3.6001,0.0800,0.6968
2026-05-09T17:24:58.709,-3.5332,0.0800,0.7023
2026-05-09T17:24:58.723,-3.4653,0.0800,0.7083
2026-05-09T17:24:58.736,-3.3958,0.0800,0.7143
2026-05-09T17:24:58.751,-3.3209,0.0800,0.7208
2026-05-09T17:24:58.764,-3.2595,0.0800,0.7262
2026-05-09T17:24:58.778,-3.1877,0.0800,0.7324
2026-05-09T17:24:58.792,-3.1196,0.0800,0.7383
2026-05-09T17:24:58.806,-3.0570,0.0800,0.7437
2026-05-09T17:24:58.819,-3.0017,0.0800,0.7484
2026-05-09T17:24:58.834,-2.9537,0.0800,0.7524
2026-05-09T17:24:58.847,-2.9220,0.0800,0.7550
2026-05-09T17:24:58.862,-2.9014,0.0800,0.7567
2026-05-09T17:24:58.875,-2.8900,0.0800,0.7577
2026-05-09T17:24:59.195,-2.8886,0.0800,0.7578
2026-05-09T17:24:59.208,-2.8846,0.0800,0.7581
2026-05-09T17:24:59.223,-2.8617,0.0800,0.7598
2026-05-09T17:24:59.237,-2.8209,0.0800,0.7629
2026-05-09T17:24:59.251,-2.7486,0.0800,0.7683
2026-05-09T17:24:59.265,-2.6815,0.0800,0.7736
2026-05-09T17:24:59.278,-2.6102,0.0800,0.7791
2026-05-09T17:24:59.292,-2.5432,0.0800,0.7842
2026-05-09T17:24:59.306,-2.4765,0.0800,0.7893
2026-05-09T17:24:59.320,-2.4080,0.0800,0.7944
2026-05-09T17:24:59.334,-2.3379,0.0800,0.7996
2026-05-09T17:24:59.347,-2.2691,0.0800,0.8047
2026-05-09T17:24:59.361,-2.1982,0.0800,0.8098
2026-05-09T17:24:59.374,-2.1335,0.0800,0.8145
2026-05-09T17:24:59.390,-2.0653,0.0800,0.8195
2026-05-09T17:24:59.403,-1.9981,0.0800,0.8243
2026-05-09T17:24:59.418,-1.9209,0.0800,0.8299
2026-05-09T17:24:59.431,-1.8527,0.0800,0.8349
2026-05-09T17:24:59.445,-1.7817,0.0800,0.8400
2026-05-09T17:24:59.459,-1.7151,0.0800,0.8449
2026-05-09T17:24:59.473,-1.6428,0.0800,0.8501
2026-05-09T17:24:59.487,-1.5746,0.0800,0.8551
2026-05-09T17:24:59.501,-1.5053,0.0800,0.8601
2026-05-09T17:24:59.514,-1.4340,0.0800,0.8653
2026-05-09T17:24:59.529,-1.3675,0.0800,0.8701
2026-05-09T17:24:59.542,-1.2995,0.0800,0.8750
2026-05-09T17:24:59.557,-1.2302,0.0800,0.8800
2026-05-09T17:24:59.571,-1.1627,0.0800,0.8849
2026-05-09T17:24:59.585,-1.0887,0.0800,0.8902
2026-05-09T17:24:59.598,-1.0195,0.0800,0.8952
2026-05-09T17:24:59.613,-0.9494,0.0800,0.9002
2026-05-09T17:24:59.626,-0.8819,0.0800,0.9050
2026-05-09T17:24:59.640,-0.8088,0.0800,0.9102
2026-05-09T17:24:59.654,-0.7405,0.0800,0.9150
2026-05-09T17:24:59.668,-0.6744,0.0800,0.9196
2026-05-09T17:24:59.682,-0.5987,0.0800,0.9249
2026-05-09T17:24:59.696,-0.5349,0.0800,0.9294
2026-05-09T17:24:59.710,-0.4636,0.0800,0.9344
2026-05-09T17:24:59.724,-0.3981,0.0800,0.9390
2026-05-09T17:24:59.738,-0.3290,0.0800,0.9438
2026-05-09T17:24:59.752,-0.2553,0.0800,0.9489
2026-05-09T17:24:59.766,-0.1908,0.0800,0.9533
2026-05-09T17:24:59.779,-0.1195,0.0800,0.9582
2026-05-09T17:24:59.794,-0.0507,0.0800,0.9630
2026-05-09T17:24:59.807,0.0169,0.0800,0.9676
2026-05-09T17:24:59.821,0.0864,0.0800,0.9723
2026-05-09T17:24:59.835,0.1526,0.0800,0.9768
2026-05-09T17:24:59.849,0.2238,0.0800,0.9817
2026-05-09T17:24:59.863,0.2923,0.0800,0.9864
2026-05-09T17:24:59.877,0.3610,0.0800,0.9910
2026-05-09T17:24:59.891,0.4305,0.0800,0.9957
2026-05-09T17:24:59.905,0.4987,0.0800,1.0003
2026-05-09T17:24:59.919,0.5710,0.0800,1.0051
2026-05-09T17:24:59.933,0.6403,0.0800,1.0097
2026-05-09T17:24:59.947,0.7099,0.0800,1.0142
2026-05-09T17:24:59.960,0.7797,0.0800,1.0186
2026-05-09T17:24:59.975,0.8463,0.0800,1.0228
2026-05-09T17:24:59.988,0.9135,0.0800,1.0270
2026-05-09T17:25:00.002,0.9912,0.0800,1.0317
2026-05-09T17:25:00.016,1.0555,0.0800,1.0355
2026-05-09T17:25:00.030,1.1222,0.0800,1.0394
2026-05-09T17:25:00.044,1.1915,0.0800,1.0435
2026-05-09T17:25:00.058,1.2610,0.0800,1.0475
2026-05-09T17:25:00.072,1.3280,0.0800,1.0513
2026-05-09T17:25:00.086,1.3999,0.0800,1.0554
2026-05-09T17:25:00.100,1.4711,0.0800,1.0595
2026-05-09T17:25:00.113,1.5430,0.0800,1.0635
2026-05-09T17:25:00.127,1.6091,0.0800,1.0673
2026-05-09T17:25:00.141,1.6774,0.0800,1.0712
2026-05-09T17:25:00.155,1.7467,0.0800,1.0751
2026-05-09T17:25:00.169,1.8149,0.0800,1.0790
2026-05-09T17:25:00.183,1.8869,0.0800,1.0832
2026-05-09T17:25:00.197,1.9556,0.0800,1.0871
2026-05-09T17:25:00.210,2.0270,0.0800,1.0912
2026-05-09T17:25:00.225,2.0949,0.0800,1.0952
2026-05-09T17:25:00.238,2.1605,0.0800,1.0990
2026-05-09T17:25:00.253,2.2322,0.0800,1.1032
2026-05-09T17:25:00.267,2.3016,0.0800,1.1074
2026-05-09T17:25:00.280,2.3740,0.0800,1.1117
2026-05-09T17:25:00.294,2.4438,0.0800,1.1159
2026-05-09T17:25:00.308,2.5135,0.0800,1.1202
2026-05-09T17:25:00.322,2.5773,0.0800,1.1242
2026-05-09T17:25:00.335,2.6468,0.0800,1.1285
2026-05-09T17:25:00.349,2.7244,0.0800,1.1334
2026-05-09T17:25:00.363,2.7834,0.0800,1.1372
2026-05-09T17:25:00.377,2.8538,0.0800,1.1418
2026-05-09T17:25:00.392,2.9229,0.0800,1.1463
2026-05-09T17:25:00.405,2.9918,0.0800,1.1508
2026-05-09T17:25:00.420,3.0674,0.0800,1.1558
2026-05-09T17:25:00.434,3.1323,0.0800,1.1601
2026-05-09T17:25:00.448,3.2059,0.0800,1.1650
2026-05-09T17:25:00.462,3.2745,0.0800,1.1696
2026-05-09T17:25:00.475,3.3463,0.0800,1.1745
2026-05-09T17:25:00.489,3.4139,0.0800,1.1791
2026-05-09T17:25:00.504,3.4787,0.0800,1.1836
2026-05-09T17:25:00.517,3.5506,0.0800,1.1886
2026-05-09T17:25:00.531,3.6181,0.0800,1.1933
2026-05-09T17:25:00.545,3.6858,0.0800,1.1981
2026-05-09T17:25:00.559,3.7559,0.0800,1.2035
2026-05-09T17:25:00.573,3.8228,0.0800,1.2088
2026-05-09T17:25:00.587,3.8877,0.0800,1.2144
2026-05-09T17:25:00.601,3.9574,0.0800,1.2207
2026-05-09T17:25:00.614,4.0333,0.0800,1.2279
2026-05-09T17:25:00.629,4.0959,0.0800,1.2340
2026-05-09T17:25:00.642,4.1593,0.0800,1.2407
2026-05-09T17:25:00.656,4.2254,0.0800,1.2480
2026-05-09T17:25:00.670,4.2903,0.0800,1.2554
2026-05-09T17:25:00.685,4.3585,0.0800,1.2639
2026-05-09T17:25:00.698,4.4200,0.0800,1.2722
2026-05-09T17:25:00.712,4.4861,0.0800,1.2814
2026-05-09T17:25:00.726,4.5453,0.0800,1.2904
2026-05-09T17:25:00.740,4.6092,0.0800,1.3008
2026-05-09T17:25:00.754,4.6707,0.0800,1.3112
2026-05-09T17:25:00.768,4.7299,0.0800,1.3220
2026-05-09T17:25:00.782,4.7982,0.0800,1.3351
2026-05-09T17:25:00.795,4.8559,0.0800,1.3468
2026-05-09T17:25:00.810,4.9191,0.0800,1.3600
2026-05-09T17:25:00.824,4.9755,0.0800,1.3726
2026-05-09T17:25:00.837,5.0379,0.0800,1.3871
2026-05-09T17:25:00.852,5.1013,0.0800,1.4022
2026-05-09T17:25:00.866,5.1587,0.0800,1.4168
2026-05-09T17:25:00.879,5.2241,0.0800,1.4340
2026-05-09T17:25:00.893,5.2820,0.0800,1.4497
2026-05-09T17:25:00.907,5.3430,0.0800,1.4671
2026-05-09T17:25:00.921,5.4015,0.0800,1.4844
2026-05-09T17:25:00.935,5.4614,0.0800,1.5028
2026-05-09T17:25:00.949,5.5271,0.0800,1.5235
2026-05-09T17:25:00.963,5.5796,0.0800,1.5408
2026-05-09T17:25:00.976,5.6403,0.0800,1.5614
2026-05-09T17:25:00.990,5.6982,0.0800,1.5815
2026-05-09T17:25:01.004,5.7517,0.0800,1.6009
2026-05-09T17:25:01.018,5.8143,0.0800,1.6242
2026-05-09T17:25:01.032,5.8726,0.0800,1.6462
2026-05-09T17:25:01.045,5.9372,0.0800,1.6716
2026-05-09T17:25:01.059,5.9983,0.0800,1.6959
2026-05-09T17:25:01.074,6.0620,0.0800,1.7214
2026-05-09T17:25:01.088,6.1256,0.0800,1.7469
2026-05-09T17:25:01.102,6.1907,0.0800,1.7729
2026-05-09T17:25:01.114,6.2596,0.0800,1.8005
2026-05-09T17:25:01.129,6.3231,0.0800,1.8259
2026-05-09T17:25:01.142,6.3807,0.0800,1.8489
2026-05-09T17:25:01.157,6.4497,0.0800,1.8764
2026-05-09T17:25:01.170,6.5084,0.0800,1.8998
2026-05-09T17:25:01.185,6.5781,0.0800,1.9276
2026-05-09T17:25:01.198,6.6384,0.0800,1.9516
2026-05-09T17:25:01.212,6.7079,0.0800,1.9795
2026-05-09T17:25:01.226,6.7601,0.0800,2.0001
2026-05-09T17:25:01.240,6.8149,0.0800,2.0211
2026-05-09T17:25:01.254,6.8628,0.0800,2.0391
2026-05-09T17:25:01.268,6.9021,0.0800,2.0527
2026-05-09T17:25:01.282,6.9479,0.0800,2.0678
2026-05-09T17:25:01.296,6.9839,0.0800,2.0788
2026-05-09T17:25:01.309,7.0215,0.0800,2.0902
2026-05-09T17:25:01.323,7.0575,0.0800,2.0999
2026-05-09T17:25:01.337,7.0944,0.0800,2.1091
2026-05-09T17:25:01.351,7.1385,0.0800,2.1200
2026-05-09T17:25:01.366,7.1825,0.0800,2.1296
2026-05-09T17:25:01.379,7.2380,0.0800,2.1410
2026-05-09T17:25:01.394,7.2933,0.0800,2.1521
2026-05-09T17:25:01.407,7.3553,0.0800,2.1633
2026-05-09T17:25:01.421,7.4224,0.0800,2.1750
2026-05-09T17:25:01.435,7.4885,0.0800,2.1862
2026-05-09T17:25:01.448,7.5577,0.0800,2.1976
2026-05-09T17:25:01.462,7.6147,0.0800,2.2065
2026-05-09T17:25:01.476,7.6824,0.0800,2.2169
2026-05-09T17:25:01.491,7.7503,0.0800,2.2273
2026-05-09T17:25:01.505,7.8171,0.0800,2.2376
2026-05-09T17:25:01.518,7.8898,0.0800,2.2491
2026-05-09T17:25:01.533,7.9530,0.0800,2.2592
2026-05-09T17:25:01.546,8.0160,0.0800,2.2701
2026-05-09T17:25:01.560,8.0765,0.0800,2.2813
2026-05-09T17:25:01.574,8.1374,0.0800,2.2931
2026-05-09T17:25:01.588,8.1934,0.0800,2.3044
2026-05-09T17:25:01.603,8.2502,0.0800,2.3168
2026-05-09T17:25:01.616,8.3105,0.0800,2.3308
2026-05-09T17:25:01.630,8.3657,0.0800,2.3441
2026-05-09T17:25:01.644,8.4183,0.0800,2.3579
2026-05-09T17:25:01.658,8.4716,0.0800,2.3727
2026-05-09T17:25:01.672,8.5233,0.0800,2.3874
2026-05-09T17:25:01.686,8.5744,0.0800,2.4033
2026-05-09T17:25:01.700,8.6241,0.0800,2.4195
2026-05-09T17:25:01.713,8.6729,0.0800,2.4358
2026-05-09T17:25:01.727,8.7189,0.0800,2.4524
2026-05-09T17:25:01.741,8.7653,0.0800,2.4700
2026-05-09T17:25:01.755,8.8115,0.0800,2.4883
2026-05-09T17:25:01.769,8.8571,0.0800,2.5067
2026-05-09T17:25:01.783,8.9050,0.0800,2.5274
2026-05-09T17:25:01.797,8.9477,0.0800,2.5468
2026-05-09T17:25:01.811,8.9920,0.0800,2.5672
2026-05-09T17:25:01.825,9.0345,0.0800,2.5881
2026-05-09T17:25:01.838,9.0758,0.0800,2.6094
2026-05-09T17:25:01.853,9.1169,0.0800,2.6308
2026-05-09T17:25:01.867,9.1579,0.0800,2.6537
2026-05-09T17:25:01.880,9.2008,0.0800,2.6787
2026-05-09T17:25:01.894,9.2401,0.0800,2.7026
2026-05-09T17:25:01.908,9.2762,0.0800,2.7249
2026-05-09T17:25:01.923,9.3128,0.0800,2.7490
2026-05-09T17:25:01.936,9.3515,0.0800,2.7755
2026-05-09T17:25:01.950,9.3922,0.0800,2.8039
2026-05-09T17:25:01.964,9.4248,0.0800,2.8283
2026-05-09T17:25:01.978,9.4629,0.0800,2.8583
2026-05-09T17:25:01.992,9.4973,0.0800,2.8861
2026-05-09T17:25:02.005,9.5315,0.0800,2.9159
2026-05-09T17:25:02.018,9.5641,0.0800,2.9458
2026-05-09T17:25:02.033,9.5944,0.0800,2.9741
2026-05-09T17:25:02.047,9.6261,0.0800,3.0057
2026-05-09T17:25:02.061,9.6576,0.0800,3.0384
2026-05-09T17:25:02.074,9.6893,0.0800,3.0723
2026-05-09T17:25:02.088,9.7186,0.0800,3.1041
2026-05-09T17:25:02.102,9.7465,0.0800,3.1361
2026-05-09T17:25:02.116,9.7783,0.0800,3.1737
2026-05-09T17:25:02.130,9.8050,0.0800,3.2055
2026-05-09T17:25:02.144,9.8336,0.0800,3.2416
2026-05-09T17:25:02.157,9.8594,0.0800,3.2752
2026-05-09T17:25:02.171,9.8848,0.0800,3.3087
2026-05-09T17:25:02.185,9.9110,0.0800,3.3452
2026-05-09T17:25:02.199,9.9367,0.0800,3.3823
2026-05-09T17:25:02.213,9.9616,0.0800,3.4188
2026-05-09T17:25:02.227,9.9844,0.0800,3.4543
2026-05-09T17:25:02.241,10.0092,0.0800,3.4944
2026-05-09T17:25:02.254,10.0306,0.0800,3.5306
2026-05-09T17:25:02.268,10.0522,0.0800,3.5675
2026-05-09T17:25:02.282,10.0743,0.0800,3.6079
2026-05-09T17:25:02.295,10.0947,0.0800,3.6469
2026-05-09T17:25:02.309,10.1147,0.0800,3.6857
2026-05-09T17:25:02.323,10.1319,0.0800,3.7218
2026-05-09T17:25:02.336,10.1506,0.0800,3.7622
2026-05-09T17:25:02.351,10.1694,0.0800,3.8040
2026-05-09T17:25:02.365,10.1849,0.0800,3.8411
2026-05-09T17:25:02.378,10.2027,0.0800,3.8853
2026-05-09T17:25:02.392,10.2180,0.0800,3.9243
2026-05-09T17:25:02.406,10.2327,0.0800,3.9650
2026-05-09T17:25:02.420,10.2476,0.0800,4.0081
2026-05-09T17:25:02.434,10.2608,0.0800,4.0474
2026-05-09T17:25:02.447,10.2745,0.0800,4.0918
2026-05-09T17:25:02.461,10.2863,0.0800,4.1328
2026-05-09T17:25:02.475,10.2985,0.0800,4.1777
2026-05-09T17:25:02.489,10.3092,0.0800,4.2179
2026-05-09T17:25:02.503,10.3188,0.0800,4.2587
2026-05-09T17:25:02.516,10.3291,0.0800,4.3054
2026-05-09T17:25:02.530,10.3374,0.0800,4.3447
2026-05-09T17:25:02.544,10.3455,0.0800,4.3886
2026-05-09T17:25:02.557,10.3526,0.0800,4.4316
2026-05-09T17:25:02.571,10.3592,0.0800,4.4733
2026-05-09T17:25:02.585,10.3650,0.0800,4.5171
2026-05-09T17:25:02.599,10.3699,0.0800,4.5614
2026-05-09T17:25:02.613,10.3746,0.0800,4.6049
2026-05-09T17:25:02.627,10.3779,0.0800,4.6489
2026-05-09T17:25:02.640,10.3807,0.0800,4.6956
2026-05-09T17:25:02.654,10.3825,0.0800,4.7381
2026-05-09T17:25:02.668,10.3838,0.0800,4.7766
2026-05-09T17:25:02.682,10.3842,0.0800,4.8272
2026-05-09T17:25:02.695,10.3838,0.0800,4.8676
2026-05-09T17:25:02.709,10.3829,0.0800,4.9127
2026-05-09T17:25:02.723,10.3811,0.0800,4.9527
2026-05-09T17:25:02.737,10.3782,0.0800,4.9987
2026-05-09T17:25:02.751,10.3751,0.0800,5.0430
2026-05-09T17:25:02.765,10.3710,0.0800,5.0846
2026-05-09T17:25:02.778,10.3657,0.0800,5.1299
2026-05-09T17:25:02.793,10.3605,0.0800,5.1725
2026-05-09T17:25:02.806,10.3539,0.0800,5.2159
2026-05-09T17:25:02.820,10.3463,0.0800,5.2607
2026-05-09T17:25:02.834,10.3390,0.0800,5.3023
2026-05-09T17:25:02.848,10.3293,0.0800,5.3493
2026-05-09T17:25:02.861,10.3209,0.0800,5.3869
2026-05-09T17:25:02.875,10.3100,0.0800,5.4317
2026-05-09T17:25:02.889,10.3002,0.0800,5.4718
2026-05-09T17:25:02.903,10.2883,0.0800,5.5147
2026-05-09T17:25:02.917,10.2745,0.0800,5.5613
2026-05-09T17:25:02.931,10.2602,0.0800,5.6090
2026-05-09T17:25:02.944,10.2444,0.0800,5.6569
2026-05-09T17:25:02.958,10.2266,0.0800,5.7091
2026-05-09T17:25:02.972,10.2072,0.0800,5.7649
2026-05-09T17:25:02.986,10.1861,0.0800,5.8221
2026-05-09T17:25:02.999,10.1646,0.0800,5.8787
2026-05-09T17:25:03.014,10.1401,0.0800,5.9427
2026-05-09T17:25:03.028,10.1173,0.0800,5.9998
2026-05-09T17:25:03.042,10.0907,0.0800,6.0654
2026-05-09T17:25:03.055,10.0650,0.0800,6.1277
2026-05-09T17:25:03.069,10.0395,0.0800,6.1892
2026-05-09T17:25:03.083,10.0140,0.0800,6.2488
2026-05-09T17:25:03.096,9.9893,0.0800,6.3054
2026-05-09T17:25:03.111,9.9643,0.0800,6.3619
2026-05-09T17:25:03.125,9.9388,0.0800,6.4171
2026-05-09T17:25:03.138,9.9114,0.0800,6.4753
2026-05-09T17:25:03.152,9.8825,0.0800,6.5358
2026-05-09T17:25:03.167,9.8568,0.0800,6.5876
2026-05-09T17:25:03.180,9.8279,0.0800,6.6444
2026-05-09T17:25:03.194,9.7997,0.0800,6.6995
2026-05-09T17:25:03.208,9.7698,0.0800,6.7556
2026-05-09T17:25:03.221,9.7400,0.0800,6.8103
2026-05-09T17:25:03.235,9.7102,0.0800,6.8636
2026-05-09T17:25:03.249,9.6799,0.0800,6.9174
2026-05-09T17:25:03.264,9.6501,0.0800,6.9686
2026-05-09T17:25:03.277,9.6169,0.0800,7.0243
2026-05-09T17:25:03.291,9.5840,0.0800,7.0791
2026-05-09T17:25:03.305,9.5517,0.0800,7.1310
2026-05-09T17:25:03.318,9.5170,0.0800,7.1856
2026-05-09T17:25:03.332,9.4858,0.0800,7.2341
2026-05-09T17:25:03.346,9.4512,0.0800,7.2864
2026-05-09T17:25:03.360,9.4168,0.0800,7.3373
2026-05-09T17:25:03.374,9.3812,0.0800,7.3894
2026-05-09T17:25:03.388,9.3453,0.0800,7.4403
2026-05-09T17:25:03.402,9.3084,0.0800,7.4916
2026-05-09T17:25:03.415,9.2700,0.0800,7.5439
2026-05-09T17:25:03.431,9.2340,0.0800,7.5925
2026-05-09T17:25:03.444,9.1975,0.0800,7.6402
2026-05-09T17:25:03.458,9.1561,0.0800,7.6933
2026-05-09T17:25:03.471,9.1187,0.0800,7.7407
2026-05-09T17:25:03.486,9.0798,0.0800,7.7887
2026-05-09T17:25:03.500,9.0405,0.0800,7.8361
2026-05-09T17:25:03.513,8.9958,0.0800,7.8889
2026-05-09T17:25:03.528,8.9583,0.0800,7.9329
2026-05-09T17:25:03.541,8.9191,0.0800,7.9775
2026-05-09T17:25:03.555,8.8760,0.0800,8.0257
2026-05-09T17:25:03.569,8.8352,0.0800,8.0709
2026-05-09T17:25:03.583,8.7886,0.0800,8.1212
2026-05-09T17:25:03.597,8.7440,0.0800,8.1686
2026-05-09T17:25:03.610,8.6977,0.0800,8.2180
2026-05-09T17:25:03.624,8.6502,0.0800,8.2685
2026-05-09T17:25:03.638,8.6032,0.0800,8.3186
2026-05-09T17:25:03.652,8.5553,0.0800,8.3697
2026-05-09T17:25:03.666,8.5123,0.0800,8.4159
2026-05-09T17:25:03.680,8.4645,0.0800,8.4682
2026-05-09T17:25:03.694,8.4298,0.0800,8.5066
2026-05-09T17:25:03.708,8.3975,0.0800,8.5440
2026-05-09T17:25:03.722,8.3671,0.0800,8.5804
2026-05-09T17:25:03.736,8.3414,0.0800,8.6122
2026-05-09T17:25:03.750,8.3134,0.0800,8.6475
2026-05-09T17:25:03.764,8.2918,0.0800,8.6766
2026-05-09T17:25:03.777,8.2689,0.0800,8.7086
2026-05-09T17:25:03.791,8.2454,0.0800,8.7416
2026-05-09T17:25:03.805,8.2255,0.0800,8.7717
2026-05-09T17:25:03.819,8.2036,0.0800,8.8060
2026-05-09T17:25:03.833,8.1849,0.0800,8.8356
2026-05-09T17:25:03.847,8.1677,0.0800,8.8652
2026-05-09T17:25:03.861,8.1510,0.0800,8.8953
2026-05-09T17:25:03.874,8.1380,0.0800,8.9202
2026-05-09T17:25:03.889,8.1244,0.0800,8.9461
2026-05-09T17:25:03.902,8.1133,0.0800,8.9696
2026-05-09T17:25:03.916,8.1017,0.0800,8.9953
2026-05-09T17:25:03.931,8.0906,0.0800,9.0198
2026-05-09T17:25:03.944,8.0809,0.0800,9.0440
2026-05-09T17:25:03.958,8.0708,0.0800,9.0706
2026-05-09T17:25:03.971,8.0611,0.0800,9.0958
2026-05-09T17:25:03.986,8.0528,0.0800,9.1210
2026-05-09T17:25:04.000,8.0452,0.0800,9.1455
2026-05-09T17:25:04.013,8.0363,0.0800,9.1740
2026-05-09T17:25:04.028,8.0298,0.0800,9.1983
2026-05-09T17:25:04.041,8.0224,0.0800,9.2278
2026-05-09T17:25:04.055,8.0135,0.0800,9.2649
2026-05-09T17:25:04.069,8.0055,0.0800,9.2979
2026-05-09T17:25:04.083,7.9945,0.0800,9.3467
2026-05-09T17:25:04.097,7.9830,0.0800,9.3982
2026-05-09T17:25:04.111,7.9700,0.0800,9.4566
2026-05-09T17:25:04.125,7.9562,0.0800,9.5193
2026-05-09T17:25:04.138,7.9413,0.0800,9.5873
2026-05-09T17:25:04.152,7.9268,0.0800,9.6535
2026-05-09T17:25:04.166,7.9136,0.0800,9.7157
2026-05-09T17:25:04.180,7.8991,0.0800,9.7851
2026-05-09T17:25:04.195,7.8861,0.0800,9.8484
2026-05-09T17:25:04.208,7.8727,0.0800,9.9161
2026-05-09T17:25:04.223,7.8591,0.0800,9.9863
2026-05-09T17:25:04.236,7.8467,0.0800,10.0513
2026-05-09T17:25:04.250,7.8333,0.0800,10.1220
2026-05-09T17:25:04.264,7.8216,0.0800,10.1839
2026-05-09T17:25:04.277,7.8088,0.0800,10.2519
2026-05-09T17:25:04.292,7.7962,0.0800,10.3192
2026-05-09T17:25:04.305,7.7843,0.0800,10.3714
2026-05-09T17:25:04.319,7.7711,0.0800,10.3714
2026-05-09T17:25:04.333,7.7593,0.0800,10.3714
2026-05-09T17:25:04.347,7.7463,0.0800,10.3714
2026-05-09T17:25:04.361,7.7344,0.0800,10.3714
2026-05-09T17:25:04.374,7.7214,0.0800,10.3714
2026-05-09T17:25:04.389,7.7091,0.0800,10.3714
2026-05-09T17:25:04.403,7.6978,0.0800,10.3714
2026-05-09T17:25:04.416,7.6844,0.0800,10.3714
2026-05-09T17:25:04.431,7.6720,0.0800,10.3714
2026-05-09T17:25:04.445,7.6606,0.0800,10.3714
2026-05-09T17:25:04.458,7.6475,0.0800,10.3714
2026-05-09T17:25:04.472,7.6353,0.0800,10.3714
2026-05-09T17:25:04.486,7.6230,0.0800,10.3714
2026-05-09T17:25:04.500,7.6117,0.0800,10.3714
2026-05-09T17:25:04.513,7.5984,0.0800,10.3714
2026-05-09T17:25:04.528,7.5868,0.0800,10.3714
2026-05-09T17:25:04.541,7.5753,0.0800,10.3714
2026-05-09T17:25:04.555,7.5628,0.0800,10.3714
2026-05-09T17:25:04.569,7.5510,0.0800,10.3714
2026-05-09T17:25:04.583,7.5391,0.0800,10.3714
2026-05-09T17:25:04.597,7.5272,0.0800,10.3714
2026-05-09T17:25:04.610,7.5149,0.0800,10.3714
2026-05-09T17:25:04.625,7.5034,0.0800,10.3714
2026-05-09T17:25:04.638,7.4918,0.0800,10.3714
2026-05-09T17:25:04.653,7.4789,0.0800,10.3714
2026-05-09T17:25:04.667,7.4680,0.0800,10.3714
2026-05-09T17:25:04.680,7.4545,0.0800,10.3714
2026-05-09T17:25:04.694,7.4434,0.0800,10.3714
2026-05-09T17:25:04.708,7.4313,0.0800,10.3714
2026-05-09T17:25:04.723,7.4199,0.0800,10.3714
2026-05-09T17:25:04.736,7.4076,0.0800,10.3714
2026-05-09T17:25:04.750,7.3939,0.0800,10.3714
2026-05-09T17:25:04.764,7.3839,0.0800,10.3714
2026-05-09T17:25:04.777,7.3713,0.0800,10.3714
2026-05-09T17:25:04.792,7.3595,0.0800,10.3714
2026-05-09T17:25:04.806,7.3485,0.0800,10.3714
2026-05-09T17:25:04.819,7.3355,0.0800,10.3714
2026-05-09T17:25:04.833,7.3234,0.0800,10.3714
2026-05-09T17:25:04.847,7.3114,0.0800,10.3712
2026-05-09T17:25:04.861,7.3005,0.0800,10.3710
2026-05-09T17:25:04.874,7.2890,0.0800,10.3709
2026-05-09T17:25:04.889,7.2784,0.0800,10.3710
2026-05-09T17:25:04.903,7.2685,0.0800,10.3708
2026-05-09T17:25:04.916,7.2576,0.0800,10.3708
2026-05-09T17:25:04.930,7.2476,0.0800,10.3708
2026-05-09T17:25:04.944,7.2384,0.0800,10.3707
2026-05-09T17:25:04.958,7.2289,0.0800,10.3706
2026-05-09T17:25:04.971,7.2199,0.0800,10.3706
2026-05-09T17:25:04.986,7.2116,0.0800,10.3705
2026-05-09T17:25:05.000,7.2036,0.0800,10.3704
2026-05-09T17:25:05.013,7.1950,0.0800,10.3704
2026-05-09T17:25:05.027,7.1875,0.0800,10.3704
2026-05-09T17:25:05.041,7.1807,0.0800,10.3703
2026-05-09T17:25:05.055,7.1739,0.0800,10.3703
2026-05-09T17:25:05.070,7.1673,0.0800,10.3703
2026-05-09T17:25:05.083,7.1609,0.0800,10.3702
2026-05-09T17:25:05.097,7.1550,0.0800,10.3701
2026-05-09T17:25:05.111,7.1495,0.0800,10.3701
2026-05-09T17:25:05.125,7.1446,0.0800,10.3701
2026-05-09T17:25:05.138,7.1398,0.0800,10.3700
2026-05-09T17:25:05.153,7.1351,0.0800,10.3700
2026-05-09T17:25:05.167,7.1314,0.0800,10.3700
2026-05-09T17:25:05.180,7.1274,0.0800,10.3699
2026-05-09T17:25:05.194,7.1241,0.0800,10.3699
2026-05-09T17:25:05.208,7.1212,0.0800,10.3699
2026-05-09T17:25:05.222,7.1186,0.0800,10.3699
2026-05-09T17:25:05.236,7.1165,0.0800,10.3699
2026-05-09T17:25:05.250,7.1145,0.0800,10.3699
2026-05-09T17:25:05.264,7.1131,0.0800,10.3701
2026-05-09T17:25:05.277,7.1117,0.0800,10.3701
2026-05-09T17:25:05.292,7.1105,0.0800,10.3701
2026-05-09T17:25:05.305,7.1094,0.0800,10.3703
2026-05-09T17:25:05.319,7.1079,0.0800,10.3707
2026-05-09T17:25:05.333,7.1062,0.0800,10.3708
2026-05-09T17:25:05.347,7.1039,0.0800,10.3713
2026-05-09T17:25:05.361,7.1011,0.0800,10.3719
2026-05-09T17:25:05.374,7.0978,0.0800,10.3724
2026-05-09T17:25:05.389,7.0940,0.0800,10.3725
2026-05-09T17:25:05.403,7.0899,0.0800,10.3731
2026-05-09T17:25:05.416,7.0844,0.0800,10.3739
2026-05-09T17:25:05.431,7.0795,0.0800,10.3738
2026-05-09T17:25:05.444,7.0734,0.0800,10.3744
2026-05-09T17:25:05.458,7.0663,0.0800,10.3752
2026-05-09T17:25:05.472,7.0594,0.0800,10.3751
2026-05-09T17:25:05.486,7.0510,0.0800,10.3758
2026-05-09T17:25:05.499,7.0420,0.0800,10.3764
2026-05-09T17:25:05.514,7.0327,0.0800,10.3764
2026-05-09T17:25:05.527,7.0228,0.0800,10.3771
2026-05-09T17:25:05.541,7.0111,0.0800,10.3777
2026-05-09T17:25:05.555,6.9992,0.0800,10.3784
2026-05-09T17:25:05.569,6.9873,0.0800,10.3783
2026-05-09T17:25:05.583,6.9733,0.0800,10.3790
2026-05-09T17:25:05.596,6.9593,0.0800,10.3796
2026-05-09T17:25:05.611,6.9443,0.0800,10.3796
2026-05-09T17:25:05.625,6.9299,0.0800,10.3802
2026-05-09T17:25:05.638,6.9126,0.0800,10.3808
2026-05-09T17:25:05.653,6.8952,0.0800,10.3808
2026-05-09T17:25:05.667,6.8780,0.0800,10.3813
2026-05-09T17:25:05.680,6.8587,0.0800,10.3819
2026-05-09T17:25:05.693,6.8390,0.0800,10.3824
2026-05-09T17:25:05.708,6.8204,0.0800,10.3824
2026-05-09T17:25:05.722,6.8002,0.0800,10.3829
2026-05-09T17:25:05.735,6.7783,0.0800,10.3835
2026-05-09T17:25:05.749,6.7549,0.0800,10.3835
2026-05-09T17:25:05.764,6.7344,0.0800,10.3839
2026-05-09T17:25:05.777,6.7108,0.0800,10.3844
2026-05-09T17:25:05.791,6.6864,0.0800,10.3844
2026-05-09T17:25:05.805,6.6632,0.0800,10.3849
2026-05-09T17:25:05.818,6.6364,0.0800,10.3854
2026-05-09T17:25:05.833,6.6128,0.0800,10.3853
2026-05-09T17:25:05.846,6.5870,0.0800,10.3857
2026-05-09T17:25:05.860,6.5585,0.0800,10.3862
2026-05-09T17:25:05.874,6.5321,0.0800,10.3862
2026-05-09T17:25:05.888,6.5039,0.0800,10.3870
2026-05-09T17:25:05.902,6.4752,0.0800,10.3878
2026-05-09T17:25:05.915,6.4430,0.0800,10.3886
2026-05-09T17:25:05.930,6.4158,0.0800,10.3895
2026-05-09T17:25:05.944,6.3861,0.0800,10.3903
2026-05-09T17:25:05.957,6.3535,0.0800,10.3911
2026-05-09T17:25:05.971,6.3229,0.0800,10.3920
2026-05-09T17:25:05.986,6.2912,0.0800,10.3929
2026-05-09T17:25:05.999,6.2586,0.0800,10.3938
2026-05-09T17:25:06.013,6.2244,0.0800,10.3947
2026-05-09T17:25:06.027,6.1927,0.0800,10.3957
2026-05-09T17:25:06.040,6.1556,0.0800,10.3965
2026-05-09T17:25:06.055,6.1229,0.0800,10.3975
2026-05-09T17:25:06.069,6.0902,0.0800,10.3984
2026-05-09T17:25:06.083,6.0525,0.0800,10.3994
2026-05-09T17:25:06.096,6.0172,0.0800,10.4004
2026-05-09T17:25:06.110,5.9795,0.0800,10.4014
2026-05-09T17:25:06.125,5.9454,0.0800,10.4025
2026-05-09T17:25:06.138,5.9063,0.0800,10.4034
2026-05-09T17:25:06.152,5.8686,0.0800,10.4045
2026-05-09T17:25:06.166,5.8324,0.0800,10.4056
2026-05-09T17:25:06.179,5.7914,0.0800,10.4066
2026-05-09T17:25:06.195,5.7548,0.0800,10.4078
2026-05-09T17:25:06.208,5.7148,0.0800,10.4088
2026-05-09T17:25:06.223,5.6681,0.0800,10.4099
2026-05-09T17:25:06.236,5.6240,0.0800,10.4111
2026-05-09T17:25:06.251,5.5776,0.0800,10.4122
2026-05-09T17:25:06.264,5.5325,0.0800,10.4133
2026-05-09T17:25:06.278,5.4758,0.0800,10.4143
2026-05-09T17:25:06.292,5.4272,0.0800,10.4151
2026-05-09T17:25:06.306,5.3932,0.0800,10.4159
2026-05-09T17:25:06.320,5.3659,0.0800,10.4164
2026-05-09T17:25:06.334,5.3412,0.0800,10.4164
2026-05-09T17:25:06.348,5.3148,0.0800,10.4164
2026-05-09T17:25:06.362,5.2886,0.0800,10.4164
2026-05-09T17:25:06.375,5.2634,0.0800,10.4164
2026-05-09T17:25:06.390,5.2341,0.0800,10.4164
2026-05-09T17:25:06.403,5.1889,0.0800,10.4163
2026-05-09T17:25:06.417,5.1315,0.0800,10.4166
2026-05-09T17:25:06.432,5.0742,0.0800,10.4172
2026-05-09T17:25:06.445,5.0137,0.0800,10.4177
2026-05-09T17:25:06.459,4.9497,0.0800,10.4182
2026-05-09T17:25:06.473,4.8879,0.0800,10.4187
2026-05-09T17:25:06.488,4.8262,0.0800,10.4187
2026-05-09T17:25:06.501,4.7623,0.0800,10.4187
2026-05-09T17:25:06.515,4.6943,0.0800,10.4187
2026-05-09T17:25:06.529,4.6361,0.0800,10.4188
2026-05-09T17:25:06.543,4.5785,0.0800,10.4189
2026-05-09T17:25:06.557,4.5212,0.0800,10.4190
2026-05-09T17:25:06.571,4.4679,0.0800,10.4190
2026-05-09T17:25:06.585,4.4214,0.0800,10.4191
2026-05-09T17:25:06.599,4.3749,0.0800,10.4192
2026-05-09T17:25:06.613,4.3350,0.0800,10.4192
2026-05-09T17:25:06.627,4.3002,0.0800,10.4193
2026-05-09T17:25:06.640,4.2670,0.0800,10.4200
2026-05-09T17:25:06.654,4.2378,0.0800,10.4241
2026-05-09T17:25:06.668,4.2103,0.0800,10.4306
2026-05-09T17:25:06.682,4.1832,0.0800,10.4400
2026-05-09T17:25:06.696,4.1626,0.0800,10.4493
2026-05-09T17:25:06.709,4.1422,0.0800,10.4598
2026-05-09T17:25:06.724,4.1281,0.0800,10.4683
2026-05-09T17:25:06.737,4.1167,0.0800,10.4757
2026-05-09T17:25:06.752,4.1040,0.0800,10.4838
2026-05-09T17:25:06.766,4.0943,0.0800,10.4908
2026-05-09T17:25:06.778,4.0836,0.0800,10.4988
2026-05-09T17:25:06.793,4.0721,0.0800,10.5072
2026-05-09T17:25:06.807,4.0634,0.0800,10.5147
2026-05-09T17:25:06.821,4.0532,0.0800,10.5238
2026-05-09T17:25:06.834,3.9924,0.0800,10.4731
2026-05-09T17:25:06.849,3.9824,0.0800,10.4843
2026-05-09T17:25:06.863,3.9754,0.0800,10.4937
2026-05-09T17:25:06.876,3.9673,0.0800,10.5048
2026-05-09T17:25:06.890,3.9588,0.0800,10.5156
2026-05-09T17:25:06.904,3.9521,0.0800,10.5259
2026-05-09T17:25:06.917,3.9449,0.0800,10.5374
2026-05-09T17:25:06.931,3.9373,0.0800,10.5486
2026-05-09T17:25:06.945,3.9312,0.0800,10.5594
2026-05-09T17:25:06.959,3.9250,0.0800,10.5711
2026-05-09T17:25:06.973,3.9180,0.0800,10.5830
2026-05-09T17:25:06.987,3.9127,0.0800,10.5939
2026-05-09T17:25:07.000,3.9074,0.0800,10.6057
2026-05-09T17:25:07.014,3.9020,0.0800,10.6180
2026-05-09T17:25:07.028,3.8964,0.0800,10.6297
2026-05-09T17:25:07.041,3.8918,0.0800,10.6417
2026-05-09T17:25:07.055,3.8876,0.0800,10.6537
2026-05-09T17:25:07.069,3.8814,0.0800,10.6690
2026-05-09T17:25:07.083,3.8726,0.0800,10.6946
2026-05-09T17:25:07.097,3.8631,0.0800,10.7237
2026-05-09T17:25:07.111,3.8515,0.0800,10.7587
2026-05-09T17:25:07.125,3.8414,0.0800,10.7934
2026-05-09T17:25:07.138,3.8309,0.0800,10.8321
2026-05-09T17:25:07.152,3.8201,0.0800,10.8722
2026-05-09T17:25:07.166,3.8112,0.0800,10.8718
2026-05-09T17:25:07.180,3.8013,0.0800,10.8715
2026-05-09T17:25:07.194,3.7917,0.0800,10.8715
2026-05-09T17:25:07.207,3.7830,0.0800,10.8710
2026-05-09T17:25:07.221,3.7736,0.0800,10.8708
2026-05-09T17:25:07.235,3.7658,0.0800,10.8706
2026-05-09T17:25:07.249,3.7573,0.0800,10.8706
2026-05-09T17:25:07.263,3.7495,0.0800,10.8704
2026-05-09T17:25:07.276,3.7408,0.0800,10.8707
2026-05-09T17:25:07.291,3.7298,0.0800,10.8714
2026-05-09T17:25:07.305,3.7188,0.0800,10.8725
2026-05-09T17:25:07.318,3.7046,0.0800,10.8743
2026-05-09T17:25:07.332,3.6877,0.0800,10.8775
2026-05-09T17:25:07.346,3.6706,0.0800,10.8819
2026-05-09T17:25:07.361,3.6500,0.0800,10.8883
2026-05-09T17:25:07.374,3.6227,0.0800,10.8993
2026-05-09T17:25:07.388,3.5927,0.0800,10.9155
2026-05-09T17:25:07.402,3.5608,0.0800,10.9382
2026-05-09T17:25:07.416,3.5250,0.0800,10.9716
2026-05-09T17:25:07.430,3.4931,0.0800,11.0152
2026-05-09T17:25:07.444,3.4659,0.0800,11.0719
2026-05-09T17:25:07.457,3.4514,0.0800,11.1432
2026-05-09T17:25:07.471,3.4474,0.0800,11.2085
2026-05-09T17:25:07.486,3.4434,0.0800,11.2696
2026-05-09T17:25:07.499,3.4388,0.0800,11.3306
2026-05-09T17:25:07.513,3.4334,0.0800,11.3985
2026-05-09T17:25:07.527,3.4278,0.0800,11.4583
2026-05-09T17:25:07.540,3.4212,0.0800,11.5218
2026-05-09T17:25:07.554,3.4144,0.0800,11.5811
2026-05-09T17:25:07.569,3.4074,0.0800,11.6396
2026-05-09T17:25:07.583,3.3986,0.0800,11.7052
2026-05-09T17:25:07.596,3.3898,0.0800,11.7662
2026-05-09T17:25:07.610,3.3805,0.0800,11.8286
2026-05-09T17:25:07.625,3.3700,0.0800,11.8945
2026-05-09T17:25:07.637,3.3592,0.0800,11.9630
2026-05-09T17:25:07.652,3.3479,0.0800,12.0344
2026-05-09T17:25:07.666,3.3394,0.0800,12.0907
2026-05-09T17:25:07.680,3.3308,0.0800,12.1522
2026-05-09T17:25:07.694,3.3247,0.0800,12.1985
2026-05-09T17:25:07.707,3.3199,0.0800,12.2438
2026-05-09T17:25:07.722,3.3163,0.0800,12.2850
2026-05-09T17:25:07.735,3.3141,0.0800,12.3196
2026-05-09T17:25:07.749,3.3116,0.0800,12.3607
2026-05-09T17:25:07.763,3.3108,0.0800,12.3916
2026-05-09T17:25:07.776,3.3106,0.0800,12.4272
2026-05-09T17:25:07.791,3.3104,0.0800,12.4618
2026-05-09T17:25:07.806,3.3115,0.0800,12.4966
2026-05-09T17:25:07.818,3.3134,0.0800,12.5347
2026-05-09T17:25:07.833,3.3153,0.0800,12.5714
2026-05-09T17:25:07.847,3.3183,0.0800,12.6047
2026-05-09T17:25:07.861,3.3225,0.0800,12.6436
2026-05-09T17:25:07.874,3.3266,0.0800,12.6805
2026-05-09T17:25:07.889,3.3321,0.0800,12.7186
2026-05-09T17:25:07.903,3.3378,0.0800,12.7536
2026-05-09T17:25:07.916,3.3451,0.0800,12.7933
2026-05-09T17:25:07.930,3.3520,0.0800,12.8307
2026-05-09T17:25:07.944,3.3597,0.0800,12.8653
2026-05-09T17:25:07.958,3.3686,0.0800,12.9025
2026-05-09T17:25:07.972,3.3774,0.0800,12.9386
2026-05-09T17:25:07.986,3.3881,0.0800,12.9771
2026-05-09T17:25:07.999,3.3995,0.0800,13.0155
2026-05-09T17:25:08.013,3.4129,0.0800,13.0601
2026-05-09T17:25:08.028,3.4258,0.0800,13.1035
2026-05-09T17:25:08.041,3.4259,0.0800,13.1525
2026-05-09T17:25:08.055,3.4261,0.0800,13.2039
2026-05-09T17:25:08.070,3.4260,0.0800,13.2539
2026-05-09T17:25:08.083,3.4261,0.0800,13.3139
2026-05-09T17:25:08.097,3.4261,0.0800,13.3737
2026-05-09T17:25:08.111,3.4261,0.0800,13.4374
2026-05-09T17:25:08.125,3.4261,0.0800,13.5025
2026-05-09T17:25:08.138,3.4260,0.0800,13.5642
2026-05-09T17:25:08.153,3.4260,0.0800,13.6233
2026-05-09T17:25:08.166,3.4259,0.0800,13.6783
2026-05-09T17:25:08.179,3.4257,0.0800,13.7383
2026-05-09T17:25:08.194,3.4257,0.0800,13.7932
2026-05-09T17:25:08.208,3.4255,0.0800,13.8452
2026-05-09T17:25:08.222,3.4252,0.0800,13.9039
2026-05-09T17:25:08.236,3.4258,0.0800,13.9564
2026-05-09T17:25:08.250,3.4266,0.0800,14.0135
2026-05-09T17:25:08.264,3.4276,0.0800,14.0652
2026-05-09T17:25:08.277,3.4285,0.0800,14.1204
2026-05-09T17:25:08.292,3.4295,0.0800,14.1766
2026-05-09T17:25:08.305,3.4306,0.0800,14.2257
2026-05-09T17:25:08.319,3.4314,0.0800,14.2848
2026-05-09T17:25:08.334,3.4325,0.0800,14.3362
2026-05-09T17:25:08.348,3.4334,0.0800,14.3945
2026-05-09T17:25:08.361,3.4344,0.0800,14.4546
2026-05-09T17:25:08.374,3.4352,0.0800,14.5155
2026-05-09T17:25:08.389,3.4361,0.0800,14.5776
2026-05-09T17:25:08.403,3.4367,0.0800,14.6400
2026-05-09T17:25:08.416,3.4372,0.0800,14.7154
2026-05-09T17:25:08.431,3.4373,0.0800,14.7779
2026-05-09T17:25:08.444,3.4377,0.0800,14.8387
2026-05-09T17:25:08.458,3.4381,0.0800,14.8940
2026-05-09T17:25:08.472,3.4382,0.0800,14.9383
2026-05-09T17:25:08.486,3.4387,0.0800,14.9795
2026-05-09T17:25:08.500,3.4392,0.0800,15.0147
2026-05-09T17:25:08.514,3.4397,0.0800,15.0555
2026-05-09T17:25:08.528,3.4396,0.0800,15.0917
2026-05-09T17:25:08.542,3.4401,0.0800,15.1280
2026-05-09T17:25:08.556,3.4406,0.0800,15.1656
2026-05-09T17:25:08.570,3.4406,0.0800,15.2022
2026-05-09T17:25:08.584,3.4411,0.0800,15.2389
2026-05-09T17:25:08.598,3.4428,0.0800,15.2754
2026-05-09T17:25:08.612,3.4499,0.0800,15.3140
2026-05-09T17:25:08.626,3.4633,0.0800,15.3491
2026-05-09T17:25:08.639,3.4805,0.0800,15.3819
2026-05-09T17:25:08.654,3.4969,0.0800,15.4133
2026-05-09T17:25:08.668,3.5137,0.0800,15.4423
2026-05-09T17:25:08.681,3.5344,0.0800,15.4764
2026-05-09T17:25:08.695,3.5517,0.0800,15.5034
2026-05-09T17:25:08.709,3.5700,0.0800,15.5323
2026-05-09T17:25:08.724,3.5888,0.0800,15.5593
2026-05-09T17:25:08.737,3.6095,0.0800,15.5880
2026-05-09T17:25:08.752,3.6315,0.0800,15.6185
2026-05-09T17:25:08.765,3.6518,0.0800,15.6443
2026-05-09T17:25:08.779,3.6745,0.0800,15.6719
2026-05-09T17:25:08.793,3.6959,0.0800,15.6982
2026-05-09T17:25:08.807,3.7183,0.0800,15.7233
2026-05-09T17:25:08.821,3.7426,0.0800,15.7494
2026-05-09T17:25:08.835,3.7656,0.0800,15.7730
2026-05-09T17:25:08.850,3.7921,0.0800,15.8003
2026-05-09T17:25:08.864,3.8157,0.0800,15.8226
2026-05-09T17:25:08.877,3.8431,0.0800,15.8474
2026-05-09T17:25:08.891,3.8686,0.0800,15.8707
2026-05-09T17:25:08.906,3.8934,0.0800,15.8913
2026-05-09T17:25:08.919,3.9212,0.0800,15.9136
2026-05-09T17:25:08.934,3.9493,0.0800,15.9362
2026-05-09T17:25:08.947,3.9793,0.0800,15.9581
2026-05-09T17:25:08.961,4.0055,0.0800,15.9764
2026-05-09T17:25:08.975,4.0342,0.0800,15.9957
2026-05-09T17:25:08.990,4.0623,0.0800,16.0148
2026-05-09T17:25:09.003,4.0906,0.0800,16.0321
2026-05-09T17:25:09.017,4.1237,0.0800,16.0516
2026-05-09T17:25:09.031,4.1514,0.0800,16.0681
2026-05-09T17:25:09.045,4.1822,0.0800,16.0844
2026-05-09T17:25:09.058,4.2129,0.0800,16.0999
2026-05-09T17:25:09.073,4.2421,0.0800,16.1148
2026-05-09T17:25:09.087,4.2733,0.0800,16.1290
2026-05-09T17:25:09.101,4.3044,0.0800,16.1423
2026-05-09T17:25:09.114,4.3384,0.0800,16.1560
2026-05-09T17:25:09.128,4.3685,0.0800,16.1684
2026-05-09T17:25:09.142,4.4005,0.0800,16.1798
2026-05-09T17:25:09.156,4.4322,0.0800,16.1904
2026-05-09T17:25:09.170,4.4642,0.0800,16.2012
2026-05-09T17:25:09.184,4.4987,0.0800,16.2112
2026-05-09T17:25:09.198,4.5301,0.0800,16.2196
2026-05-09T17:25:09.212,4.5637,0.0800,16.2288
2026-05-09T17:25:09.226,4.5962,0.0800,16.2362
2026-05-09T17:25:09.240,4.6308,0.0800,16.2434
2026-05-09T17:25:09.255,4.6631,0.0800,16.2505
2026-05-09T17:25:09.269,4.6954,0.0800,16.2559
2026-05-09T17:25:09.282,4.7336,0.0800,16.2617
2026-05-09T17:25:09.295,4.7651,0.0800,16.2657
2026-05-09T17:25:09.309,4.7999,0.0800,16.2704
2026-05-09T17:25:09.324,4.8298,0.0800,16.2732
2026-05-09T17:25:09.337,4.8630,0.0800,16.2756
2026-05-09T17:25:09.352,4.9000,0.0800,16.2786
2026-05-09T17:25:09.366,4.9319,0.0800,16.2798
2026-05-09T17:25:09.379,4.9695,0.0800,16.2805
2026-05-09T17:25:09.393,5.0021,0.0800,16.2815
2026-05-09T17:25:09.407,5.0353,0.0800,16.2810
2026-05-09T17:25:09.421,5.0782,0.0800,16.2798
2026-05-09T17:25:09.435,5.1241,0.0800,16.2787
2026-05-09T17:25:09.449,5.1764,0.0800,16.2759
2026-05-09T17:25:09.463,5.2285,0.0800,16.2723
2026-05-09T17:25:09.477,5.2781,0.0800,16.2681
2026-05-09T17:25:09.491,5.2863,0.0800,16.2680
2026-05-09T17:25:09.852,5.3382,0.0800,16.2632
2026-05-09T17:25:09.866,5.3882,0.0800,16.2579
2026-05-09T17:25:09.879,5.4378,0.0800,16.2519
2026-05-09T17:25:09.893,5.4862,0.0800,16.2453
2026-05-09T17:25:09.907,5.5306,0.0800,16.2390
2026-05-09T17:25:09.922,5.5725,0.0800,16.2317
2026-05-09T17:25:09.936,5.6146,0.0800,16.2238
2026-05-09T17:25:09.950,5.6594,0.0800,16.2151
2026-05-09T17:25:09.963,5.6912,0.0800,16.2078
2026-05-09T17:25:09.977,5.7237,0.0800,16.1996
2026-05-09T17:25:09.991,5.7407,0.0800,16.1954
2026-05-09T17:25:10.228,5.7339,0.0800,16.1972
2026-05-09T17:25:10.241,5.7215,0.0800,16.2004
2026-05-09T17:25:10.255,5.7112,0.0800,16.2031
2026-05-09T17:25:10.269,5.7076,0.0800,16.2043
2026-05-09T17:25:10.325,5.7653,0.0800,16.1877
2026-05-09T17:25:10.338,5.8328,0.0800,16.1683
2026-05-09T17:25:10.352,5.9076,0.0800,16.1469
2026-05-09T17:25:10.366,5.9681,0.0800,16.1295
2026-05-09T17:25:10.379,6.0369,0.0800,16.1098
2026-05-09T17:25:10.394,6.1031,0.0800,16.0909
2026-05-09T17:25:10.407,6.1664,0.0800,16.0728
2026-05-09T17:25:10.422,6.2376,0.0800,16.0719
2026-05-09T17:25:10.435,6.2998,0.0800,16.0719
2026-05-09T17:25:10.449,6.3714,0.0800,16.0719
2026-05-09T17:25:10.463,6.4322,0.0800,16.0718
2026-05-09T17:25:10.476,6.4993,0.0800,16.0718
2026-05-09T17:25:10.491,6.5635,0.0800,16.0717
2026-05-09T17:25:10.505,6.6263,0.0800,16.0717
2026-05-09T17:25:10.519,6.7004,0.0800,16.0717
2026-05-09T17:25:10.533,6.7625,0.0800,16.0717
2026-05-09T17:25:10.546,6.8363,0.0800,16.0717
2026-05-09T17:25:10.560,6.9021,0.0800,16.0717
2026-05-09T17:25:10.574,6.9624,0.0800,16.0716
2026-05-09T17:25:10.589,7.0314,0.0800,16.0716
2026-05-09T17:25:10.603,7.0961,0.0800,16.0716
2026-05-09T17:25:10.616,7.1685,0.0800,16.0716
2026-05-09T17:25:10.630,7.2324,0.0800,16.0716
2026-05-09T17:25:10.643,7.2973,0.0800,16.0715
2026-05-09T17:25:10.658,7.3604,0.0800,16.0715
2026-05-09T17:25:10.672,7.4257,0.0800,16.0715
2026-05-09T17:25:10.686,7.4966,0.0800,16.0715
2026-05-09T17:25:10.700,7.5651,0.0800,16.0715
2026-05-09T17:25:10.712,7.6340,0.0800,16.0715
2026-05-09T17:25:10.728,7.6982,0.0800,16.0715
2026-05-09T17:25:10.741,7.7583,0.0800,16.0715
2026-05-09T17:25:10.755,7.8282,0.0800,16.0715
2026-05-09T17:25:10.769,7.8911,0.0800,16.0715
2026-05-09T17:25:10.784,7.9610,0.0800,16.0715
2026-05-09T17:25:10.797,8.0260,0.0800,16.0715
2026-05-09T17:25:10.811,8.0940,0.0800,16.0715
2026-05-09T17:25:10.825,8.1567,0.0800,16.0715
2026-05-09T17:25:10.838,8.2227,0.0800,16.0714
2026-05-09T17:25:10.853,8.2869,0.0800,16.0714
2026-05-09T17:25:10.867,8.3510,0.0800,16.0713
2026-05-09T17:25:10.880,8.4134,0.0800,16.0711
2026-05-09T17:25:10.894,8.4668,0.0800,16.0709
2026-05-09T17:25:10.908,8.5092,0.0800,16.0649
2026-05-09T17:25:10.922,8.5470,0.0800,16.0515
2026-05-09T17:25:10.935,8.5817,0.0800,16.0405
2026-05-09T17:25:10.950,8.6126,0.0800,16.0287
2026-05-09T17:25:10.963,8.6359,0.0800,16.0187
2026-05-09T17:25:10.977,8.6592,0.0800,16.0082
2026-05-09T17:25:10.992,8.6778,0.0800,15.9998
2026-05-09T17:25:11.006,8.6951,0.0800,15.9909
2026-05-09T17:25:11.019,8.7123,0.0800,15.9816
2026-05-09T17:25:11.034,8.7280,0.0800,15.9733
2026-05-09T17:25:11.047,8.7401,0.0800,15.9658
2026-05-09T17:25:11.061,8.7492,0.0800,15.9597
2026-05-09T17:25:11.074,8.7567,0.0800,15.9543
2026-05-09T17:25:11.089,8.7640,0.0800,15.9496
2026-05-09T17:25:11.103,8.7696,0.0800,15.9451
2026-05-09T17:25:11.116,8.7761,0.0800,15.9395
2026-05-09T17:25:11.130,8.7826,0.0800,15.9348
2026-05-09T17:25:11.144,8.7880,0.0800,15.9298
2026-05-09T17:25:11.158,8.7936,0.0800,15.9243
2026-05-09T17:25:11.172,8.8000,0.0800,15.9189
2026-05-09T17:25:11.186,8.8049,0.0800,15.9136
2026-05-09T17:25:11.200,8.8101,0.0800,15.9077
2026-05-09T17:25:11.214,8.8164,0.0800,15.9016
2026-05-09T17:25:11.228,8.8212,0.0800,15.8957
2026-05-09T17:25:11.241,8.8261,0.0800,15.8894
2026-05-09T17:25:11.255,8.8306,0.0800,15.8833
2026-05-09T17:25:11.269,8.8357,0.0800,15.8774
2026-05-09T17:25:11.283,8.8402,0.0800,15.8708
2026-05-09T17:25:11.296,8.8442,0.0800,15.8645
2026-05-09T17:25:11.310,8.8494,0.0800,15.8575
2026-05-09T17:25:11.325,8.8530,0.0800,15.8513
2026-05-09T17:25:11.338,8.8572,0.0800,15.8439
2026-05-09T17:25:11.352,8.8633,0.0800,15.8344
2026-05-09T17:25:11.366,8.8680,0.0800,15.8255
2026-05-09T17:25:11.380,8.8736,0.0800,15.8146
2026-05-09T17:25:11.394,8.8798,0.0800,15.8036
2026-05-09T17:25:11.407,8.8853,0.0800,15.7917
2026-05-09T17:25:11.421,8.8928,0.0800,15.7753
2026-05-09T17:25:11.434,8.9006,0.0800,15.7573
2026-05-09T17:25:11.449,8.9112,0.0800,15.7336
2026-05-09T17:25:11.463,8.9191,0.0800,15.7133
2026-05-09T17:25:11.476,8.9286,0.0800,15.6878
2026-05-09T17:25:11.491,8.9377,0.0800,15.6638
2026-05-09T17:25:11.504,8.9462,0.0800,15.6376
2026-05-09T17:25:11.517,8.9542,0.0800,15.6114
2026-05-09T17:25:11.532,8.9622,0.0800,15.5855
2026-05-09T17:25:11.546,8.9692,0.0800,15.5586
2026-05-09T17:25:11.559,8.9763,0.0800,15.5292
2026-05-09T17:25:11.573,8.9839,0.0800,15.4985
2026-05-09T17:25:11.587,8.9898,0.0800,15.4694
2026-05-09T17:25:11.601,8.9953,0.0800,15.4385
2026-05-09T17:25:11.614,9.0007,0.0800,15.4054
2026-05-09T17:25:11.628,9.0054,0.0800,15.3770
2026-05-09T17:25:11.642,9.0091,0.0800,15.3468
2026-05-09T17:25:11.656,9.0122,0.0800,15.3164
2026-05-09T17:25:11.670,9.0155,0.0800,15.2849
2026-05-09T17:25:11.684,9.0174,0.0800,15.2546
2026-05-09T17:25:11.697,9.0187,0.0800,15.2246
2026-05-09T17:25:11.711,9.0202,0.0800,15.1923
2026-05-09T17:25:11.725,9.0204,0.0800,15.1633
2026-05-09T17:25:11.738,9.0200,0.0800,15.1313
2026-05-09T17:25:11.753,9.0196,0.0800,15.0995
2026-05-09T17:25:11.767,9.0181,0.0800,15.0711
2026-05-09T17:25:11.781,9.0157,0.0800,15.0383
2026-05-09T17:25:11.794,9.0130,0.0800,15.0090
2026-05-09T17:25:11.808,9.0103,0.0800,14.9804
2026-05-09T17:25:11.822,9.0068,0.0800,14.9548
2026-05-09T17:25:11.835,9.0027,0.0800,14.9287
2026-05-09T17:25:11.850,8.9983,0.0800,14.9004
2026-05-09T17:25:11.864,8.9941,0.0800,14.8802
2026-05-09T17:25:11.877,8.9886,0.0800,14.8562
2026-05-09T17:25:11.891,8.9840,0.0800,14.8344
2026-05-09T17:25:11.905,8.9782,0.0800,14.8135
2026-05-09T17:25:11.918,8.9723,0.0800,14.7939
2026-05-09T17:25:11.933,8.9669,0.0800,14.7748
2026-05-09T17:25:11.947,8.9604,0.0800,14.7563
2026-05-09T17:25:11.960,8.9540,0.0800,14.7395
2026-05-09T17:25:11.974,8.9474,0.0800,14.7211
2026-05-09T17:25:11.988,8.9401,0.0800,14.7042
2026-05-09T17:25:12.002,8.9323,0.0800,14.6871
2026-05-09T17:25:12.015,8.9234,0.0800,14.6690
2026-05-09T17:25:12.030,8.9160,0.0800,14.6529
2026-05-09T17:25:12.044,8.9072,0.0800,14.6368
2026-05-09T17:25:12.057,8.8978,0.0800,14.6205
2026-05-09T17:25:12.071,8.8882,0.0800,14.6032
2026-05-09T17:25:12.085,8.8786,0.0800,14.5881
2026-05-09T17:25:12.098,8.8684,0.0800,14.5727
2026-05-09T17:25:12.113,8.8579,0.0800,14.5563
2026-05-09T17:25:12.127,8.8473,0.0800,14.5416
2026-05-09T17:25:12.140,8.8356,0.0800,14.5260
2026-05-09T17:25:12.154,8.8239,0.0800,14.5099
2026-05-09T17:25:12.168,8.8117,0.0800,14.4949
2026-05-09T17:25:12.182,8.7961,0.0800,14.4763
2026-05-09T17:25:12.195,8.7822,0.0800,14.4603
2026-05-09T17:25:12.209,8.7655,0.0800,14.4409
2026-05-09T17:25:12.223,8.7456,0.0800,14.4194
2026-05-09T17:25:12.237,8.7232,0.0800,14.3961
2026-05-09T17:25:12.251,8.6987,0.0800,14.3708
2026-05-09T17:25:12.265,8.6746,0.0800,14.3474
2026-05-09T17:25:12.278,8.6470,0.0800,14.3216
2026-05-09T17:25:12.292,8.6198,0.0800,14.2964
2026-05-09T17:25:12.306,8.5922,0.0800,14.2724
2026-05-09T17:25:12.320,8.5627,0.0800,14.2476
2026-05-09T17:25:12.333,8.5308,0.0800,14.2219
2026-05-09T17:25:12.347,8.5027,0.0800,14.1995
2026-05-09T17:25:12.362,8.4747,0.0800,14.1785
2026-05-09T17:25:12.375,8.4414,0.0800,14.1544
2026-05-09T17:25:12.390,8.4063,0.0800,14.1294
2026-05-09T17:25:12.404,8.3728,0.0800,14.1068
2026-05-09T17:25:12.417,8.3326,0.0800,14.0805
2026-05-09T17:25:12.431,8.2960,0.0800,14.0571
2026-05-09T17:25:12.445,8.2595,0.0800,14.0349
2026-05-09T17:25:12.459,8.2190,0.0800,14.0111
2026-05-09T17:25:12.473,8.1799,0.0800,13.9886
2026-05-09T17:25:12.487,8.1405,0.0800,13.9671
2026-05-09T17:25:12.501,8.1002,0.0800,13.9459
2026-05-09T17:25:12.514,8.0564,0.0800,13.9237
2026-05-09T17:25:12.529,8.0182,0.0800,13.9048
2026-05-09T17:25:12.542,7.9770,0.0800,13.8856
2026-05-09T17:25:12.556,7.9341,0.0800,13.8664
2026-05-09T17:25:12.570,7.8946,0.0800,13.8492
2026-05-09T17:25:12.584,7.8504,0.0800,13.8311
2026-05-09T17:25:12.598,7.8074,0.0800,13.8144
2026-05-09T17:25:12.612,7.7635,0.0800,13.7979
2026-05-09T17:25:12.626,7.7220,0.0800,13.7833
2026-05-09T17:25:12.639,7.6780,0.0800,13.7687
2026-05-09T17:25:12.654,7.6324,0.0800,13.7540
2026-05-09T17:25:12.667,7.5824,0.0800,13.7391
2026-05-09T17:25:12.681,7.5100,0.0800,13.7182
2026-05-09T17:25:12.695,7.4535,0.0800,13.7024
2026-05-09T17:25:12.708,7.3877,0.0800,13.6840
2026-05-09T17:25:12.723,7.3247,0.0800,13.6662
2026-05-09T17:25:12.736,7.2667,0.0800,13.6493
2026-05-09T17:25:12.751,7.2044,0.0800,13.6307
2026-05-09T17:25:12.764,7.1532,0.0800,13.6145
2026-05-09T17:25:12.778,7.0989,0.0800,13.5967
2026-05-09T17:25:12.792,7.0478,0.0800,13.5793
2026-05-09T17:25:12.806,7.0011,0.0800,13.5624
2026-05-09T17:25:12.820,6.9519,0.0800,13.5438
2026-05-09T17:25:12.840,6.9047,0.0800,13.5254
2026-05-09T17:25:13.184,6.8621,0.0800,13.5076
2026-05-09T17:25:13.195,6.0742,0.0800,13.1576
2026-05-09T17:25:13.205,6.0641,0.0800,13.1546
2026-05-09T17:25:13.214,6.0397,0.0800,13.1248
2026-05-09T17:25:13.224,6.0300,0.0800,13.1132
2026-05-09T17:25:13.238,6.0148,0.0800,13.0933
2026-05-09T17:25:13.252,5.9950,0.0800,13.0674
2026-05-09T17:25:13.259,5.9797,0.0800,13.0463
2026-05-09T17:25:13.272,5.9565,0.0800,13.0134
2026-05-09T17:25:13.289,5.9423,0.0800,12.9934
2026-05-09T17:25:13.303,5.9149,0.0800,12.9528
2026-05-09T17:25:13.319,5.8723,0.0800,12.8887
2026-05-09T17:25:13.333,5.8384,0.0800,12.8359
2026-05-09T17:25:13.347,5.7994,0.0800,12.7740
2026-05-09T17:25:13.361,5.7613,0.0800,12.7127
2026-05-09T17:25:13.376,5.7238,0.0800,12.6526
2026-05-09T17:25:13.390,5.6881,0.0800,12.5951
2026-05-09T17:25:13.404,5.6499,0.0800,12.5339
2026-05-09T17:25:13.418,5.6105,0.0800,12.4708
2026-05-09T17:25:13.432,5.5764,0.0800,12.4161
2026-05-09T17:25:13.446,5.5381,0.0800,12.3547
2026-05-09T17:25:13.460,5.5011,0.0800,12.2954
2026-05-09T17:25:13.474,5.4629,0.0800,12.2341
2026-05-09T17:25:13.488,5.4274,0.0800,12.1769
2026-05-09T17:25:13.502,5.3911,0.0800,12.1181
2026-05-09T17:25:13.516,5.3521,0.0800,12.1181
2026-05-09T17:25:13.530,5.3193,0.0800,12.1181
2026-05-09T17:25:13.544,5.2847,0.0800,12.1178
2026-05-09T17:25:13.557,5.2528,0.0800,12.1175
2026-05-09T17:25:13.572,5.2212,0.0800,12.1175
2026-05-09T17:25:13.586,5.1926,0.0800,12.1171
2026-05-09T17:25:13.600,5.1628,0.0800,12.1166
2026-05-09T17:25:13.614,5.1361,0.0800,12.1166
2026-05-09T17:25:13.637,5.1301,0.0800,12.1161
2026-05-09T17:25:13.651,5.1302,0.0800,12.1155
2026-05-09T17:25:13.663,5.1303,0.0800,12.1145
2026-05-09T17:25:13.675,5.1302,0.0800,12.1139
2026-05-09T17:25:13.705,5.1302,0.0800,12.1133
2026-05-09T17:25:13.718,5.1303,0.0800,12.1126
2026-05-09T17:25:13.746,5.1303,0.0800,12.1120
2026-05-09T17:25:13.760,5.1303,0.0800,12.1113
2026-05-09T17:25:13.788,5.1303,0.0800,12.1106
2026-05-09T17:25:13.802,5.1304,0.0800,12.1099
2026-05-09T17:25:13.830,5.1303,0.0800,12.1092
2026-05-09T17:25:13.843,5.1304,0.0800,12.1085
2026-05-09T17:25:13.857,5.1304,0.0800,12.1078
2026-05-09T17:25:13.885,5.1305,0.0800,12.1072
2026-05-09T17:25:13.899,5.1304,0.0800,12.1066
2026-05-09T17:25:13.927,5.1305,0.0800,12.1059
2026-05-09T17:25:13.941,5.1306,0.0800,12.1051
2026-05-09T17:25:13.954,5.1305,0.0800,12.1045
2026-05-09T17:25:13.981,5.1310,0.0800,12.1040
2026-05-09T17:25:14.010,5.1315,0.0800,12.1034
2026-05-09T17:25:14.024,5.1337,0.0800,12.1028
2026-05-09T17:25:14.037,5.1366,0.0800,12.1021
2026-05-09T17:25:14.052,5.1394,0.0800,12.1022
2026-05-09T17:25:14.066,5.1429,0.0800,12.1017
2026-05-09T17:25:14.079,5.1480,0.0800,12.1010
2026-05-09T17:25:14.094,5.1527,0.0800,12.1011
2026-05-09T17:25:14.107,5.1581,0.0800,12.1006
2026-05-09T17:25:14.121,5.1649,0.0800,12.1000
2026-05-09T17:25:14.135,5.1710,0.0800,12.1001
2026-05-09T17:25:14.149,5.1790,0.0800,12.0995
2026-05-09T17:25:14.163,5.1872,0.0800,12.0990
2026-05-09T17:25:14.176,5.1951,0.0800,12.0990
2026-05-09T17:25:14.191,5.2048,0.0800,12.0985
2026-05-09T17:25:14.205,5.2146,0.0800,12.0981
2026-05-09T17:25:14.218,5.2259,0.0800,12.0976
2026-05-09T17:25:14.233,5.2361,0.0800,12.0976
2026-05-09T17:25:14.246,5.2474,0.0800,12.0972
2026-05-09T17:25:14.260,5.2601,0.0800,12.0967
2026-05-09T17:25:14.274,5.2722,0.0800,12.0967
2026-05-09T17:25:14.288,5.2856,0.0800,12.0963
2026-05-09T17:25:14.301,5.2997,0.0800,12.0959
2026-05-09T17:25:14.315,5.3135,0.0800,12.0959
2026-05-09T17:25:14.329,5.3281,0.0800,12.0956
2026-05-09T17:25:14.342,5.3444,0.0800,12.0952
2026-05-09T17:25:14.357,5.3588,0.0800,12.0952
2026-05-09T17:25:14.372,5.3748,0.0800,12.0949
2026-05-09T17:25:14.386,5.3933,0.0800,12.0946
2026-05-09T17:25:14.399,5.4120,0.0800,12.0942
2026-05-09T17:25:14.414,5.4301,0.0800,12.0943
2026-05-09T17:25:14.427,5.4474,0.0800,12.0940
2026-05-09T17:25:14.440,5.4682,0.0800,12.0937
2026-05-09T17:25:14.455,5.4859,0.0800,12.0938
2026-05-09T17:25:14.470,5.5044,0.0800,12.0936
2026-05-09T17:25:14.482,5.5273,0.0800,12.0934
2026-05-09T17:25:14.497,5.5477,0.0800,12.0934
2026-05-09T17:25:14.511,5.5672,0.0800,12.0932
2026-05-09T17:25:14.525,5.5904,0.0800,12.0931
2026-05-09T17:25:14.538,5.6136,0.0800,12.0930
2026-05-09T17:25:14.552,5.6362,0.0800,12.0930
2026-05-09T17:25:14.566,5.6567,0.0800,12.0929
2026-05-09T17:25:14.579,5.6818,0.0800,12.0928
2026-05-09T17:25:14.594,5.7042,0.0800,12.0928
2026-05-09T17:25:14.608,5.7277,0.0800,12.0928
2026-05-09T17:25:14.622,5.7541,0.0800,12.0928
2026-05-09T17:25:14.636,5.7779,0.0800,12.0928
2026-05-09T17:25:14.650,5.8045,0.0800,12.0928
2026-05-09T17:25:14.664,5.8300,0.0800,12.0928
2026-05-09T17:25:14.677,5.8570,0.0800,12.0929
2026-05-09T17:25:14.692,5.8819,0.0800,12.0929
2026-05-09T17:25:14.706,5.9066,0.0800,12.0925
2026-05-09T17:25:14.719,5.9370,0.0800,12.0914
2026-05-09T17:25:14.733,5.9621,0.0800,12.0899
2026-05-09T17:25:14.747,5.9894,0.0800,12.0887
2026-05-09T17:25:14.761,6.0171,0.0800,12.0874
2026-05-09T17:25:14.775,6.0455,0.0800,12.0861
2026-05-09T17:25:14.789,6.0738,0.0800,12.0847
2026-05-09T17:25:14.802,6.1018,0.0800,12.0833
2026-05-09T17:25:14.817,6.1312,0.0800,12.0819
2026-05-09T17:25:14.831,6.1581,0.0800,12.0804
2026-05-09T17:25:14.844,6.1894,0.0800,12.0790
2026-05-09T17:25:14.859,6.2193,0.0800,12.0775
2026-05-09T17:25:14.873,6.2477,0.0800,12.0759
2026-05-09T17:25:14.887,6.2786,0.0800,12.0745
2026-05-09T17:25:14.900,6.3081,0.0800,12.0729
2026-05-09T17:25:14.914,6.3402,0.0800,12.0715
2026-05-09T17:25:14.928,6.3675,0.0800,12.0698
2026-05-09T17:25:14.942,6.3991,0.0800,12.0685
2026-05-09T17:25:14.957,6.4285,0.0800,12.0670
2026-05-09T17:25:14.970,6.4584,0.0800,12.0655
2026-05-09T17:25:14.985,6.4927,0.0800,12.0641
2026-05-09T17:25:14.998,6.5234,0.0800,12.0623
2026-05-09T17:25:15.011,6.5539,0.0800,12.0608
2026-05-09T17:25:15.026,6.5841,0.0800,12.0593
2026-05-09T17:25:15.039,6.6146,0.0800,12.0577
2026-05-09T17:25:15.054,6.6470,0.0800,12.0563
2026-05-09T17:25:15.067,6.6749,0.0800,12.0553
2026-05-09T17:25:15.081,6.7089,0.0800,12.0547
2026-05-09T17:25:15.096,6.7380,0.0800,12.0543
2026-05-09T17:25:15.110,6.7687,0.0800,12.0551
2026-05-09T17:25:15.124,6.8025,0.0800,12.0565
2026-05-09T17:25:15.138,6.8332,0.0800,12.0580
2026-05-09T17:25:15.152,6.8641,0.0800,12.0606
2026-05-09T17:25:15.166,6.8973,0.0800,12.0641
2026-05-09T17:25:15.179,6.9273,0.0800,12.0679
2026-05-09T17:25:15.193,6.9572,0.0800,12.0717
2026-05-09T17:25:15.207,6.9872,0.0800,12.0767
2026-05-09T17:25:15.221,7.0189,0.0800,12.0826
2026-05-09T17:25:15.235,7.0468,0.0800,12.0878
2026-05-09T17:25:15.249,7.0802,0.0800,12.0953
2026-05-09T17:25:15.263,7.1085,0.0800,12.1023
2026-05-09T17:25:15.276,7.1390,0.0800,12.1100
2026-05-09T17:25:15.291,7.1687,0.0800,12.1186
2026-05-09T17:25:15.304,7.1985,0.0800,12.1278
2026-05-09T17:25:15.318,7.2298,0.0800,12.1382
2026-05-09T17:25:15.333,7.2572,0.0800,12.1474
2026-05-09T17:25:15.347,7.2877,0.0800,12.1589
2026-05-09T17:25:15.360,7.3169,0.0800,12.1705
2026-05-09T17:25:15.374,7.3457,0.0800,12.1821
2026-05-09T17:25:15.388,7.3733,0.0800,12.1945
2026-05-09T17:25:15.402,7.4017,0.0800,12.2078
2026-05-09T17:25:15.416,7.4302,0.0800,12.2214
2026-05-09T17:25:15.430,7.4564,0.0800,12.2350
2026-05-09T17:25:15.443,7.4841,0.0800,12.2502
2026-05-09T17:25:15.458,7.5114,0.0800,12.2652
2026-05-09T17:25:15.472,7.5376,0.0800,12.2809
2026-05-09T17:25:15.486,7.5663,0.0800,12.2989
2026-05-09T17:25:15.500,7.5919,0.0800,12.3158
2026-05-09T17:25:15.513,7.6181,0.0800,12.3333
2026-05-09T17:25:15.527,7.6425,0.0800,12.3508
2026-05-09T17:25:15.540,7.6675,0.0800,12.3697
2026-05-09T17:25:15.555,7.6920,0.0800,12.3882
2026-05-09T17:25:15.569,7.7142,0.0800,12.4065
2026-05-09T17:25:15.582,7.7403,0.0800,12.4288
2026-05-09T17:25:15.597,7.7622,0.0800,12.4477
2026-05-09T17:25:15.610,7.7846,0.0800,12.4686
2026-05-09T17:25:15.625,7.8082,0.0800,12.4917
2026-05-09T17:25:15.638,7.8297,0.0800,12.5137
2026-05-09T17:25:15.652,7.8516,0.0800,12.5364
2026-05-09T17:25:15.666,7.8712,0.0800,12.5585
2026-05-09T17:25:15.679,7.8923,0.0800,12.5832
2026-05-09T17:25:15.693,7.9113,0.0800,12.6059
2026-05-09T17:25:15.707,7.9303,0.0800,12.6305
2026-05-09T17:25:15.721,7.9492,0.0800,12.6562
2026-05-09T17:25:15.734,7.9667,0.0800,12.6802
2026-05-09T17:25:15.749,7.9850,0.0800,12.7078
2026-05-09T17:25:15.761,8.0003,0.0800,12.7321
2026-05-09T17:25:15.775,8.0173,0.0800,12.7596
2026-05-09T17:25:15.789,8.0311,0.0800,12.7844
2026-05-09T17:25:15.803,8.0461,0.0800,12.8130
2026-05-09T17:25:15.817,8.0606,0.0800,12.8410
2026-05-09T17:25:15.831,8.0732,0.0800,12.8684
2026-05-09T17:25:15.844,8.0855,0.0800,12.8971
2026-05-09T17:25:15.858,8.0974,0.0800,12.9269
2026-05-09T17:25:15.872,8.1080,0.0800,12.9545
2026-05-09T17:25:15.886,8.1180,0.0800,12.9844
2026-05-09T17:25:15.900,8.1267,0.0800,13.0133
2026-05-09T17:25:15.914,8.1363,0.0800,13.0461
2026-05-09T17:25:15.928,8.1433,0.0800,13.0754
2026-05-09T17:25:15.941,8.1502,0.0800,13.1079
2026-05-09T17:25:15.955,8.1562,0.0800,13.1367
2026-05-09T17:25:15.969,8.1611,0.0800,13.1673
2026-05-09T17:25:15.982,8.1654,0.0800,13.1991
2026-05-09T17:25:15.997,8.1693,0.0800,13.2299
2026-05-09T17:25:16.011,8.1718,0.0800,13.2593
2026-05-09T17:25:16.025,8.1738,0.0800,13.2926
2026-05-09T17:25:16.038,8.1749,0.0800,13.3251
2026-05-09T17:25:16.052,8.1760,0.0800,13.3557
2026-05-09T17:25:16.067,8.1756,0.0800,13.3857
2026-05-09T17:25:16.079,8.1745,0.0800,13.4180
2026-05-09T17:25:16.094,8.1733,0.0800,13.4503
2026-05-09T17:25:16.108,8.1710,0.0800,13.4796
2026-05-09T17:25:16.122,8.1677,0.0800,13.5125
2026-05-09T17:25:16.136,8.1646,0.0800,13.5431
2026-05-09T17:25:16.149,8.1598,0.0800,13.5768
2026-05-09T17:25:16.164,8.1549,0.0800,13.6061
2026-05-09T17:25:16.177,8.1491,0.0800,13.6380
2026-05-09T17:25:16.191,8.1433,0.0800,13.6693
2026-05-09T17:25:16.205,8.1361,0.0800,13.7020
2026-05-09T17:25:16.218,8.1277,0.0800,13.7368
2026-05-09T17:25:16.233,8.1203,0.0800,13.7680
2026-05-09T17:25:16.247,8.1106,0.0800,13.8028
2026-05-09T17:25:16.260,8.1005,0.0800,13.8368
2026-05-09T17:25:16.274,8.0898,0.0800,13.8727
2026-05-09T17:25:16.289,8.0791,0.0800,13.9046
2026-05-09T17:25:16.302,8.0754,0.0800,13.9159
2026-05-09T17:25:16.344,8.0746,0.0800,13.9183
2026-05-09T17:25:16.358,8.0716,0.0800,13.9290
2026-05-09T17:25:16.371,8.0678,0.0800,13.9420
2026-05-09T17:25:16.386,8.0651,0.0800,13.9544
2026-05-09T17:25:16.400,8.0617,0.0800,13.9699
2026-05-09T17:25:16.413,8.0552,0.0800,13.9972
2026-05-09T17:25:16.428,8.0471,0.0800,14.0365
2026-05-09T17:25:16.441,8.0383,0.0800,14.0829
2026-05-09T17:25:16.455,8.0280,0.0800,14.1374
2026-05-09T17:25:16.469,8.0199,0.0800,14.1876
2026-05-09T17:25:16.482,8.0145,0.0800,14.2258
2026-05-09T17:25:16.497,8.0104,0.0800,14.2546
2026-05-09T17:25:16.511,8.0091,0.0800,14.2718
2026-05-09T17:25:16.525,8.0094,0.0800,14.2776
2026-05-09T17:25:16.538,8.0104,0.0800,14.2749
2026-05-09T17:25:16.553,8.0109,0.0800,14.2654
2026-05-09T17:25:16.566,8.0123,0.0800,14.2424
2026-05-09T17:25:16.580,8.0135,0.0800,14.2108
2026-05-09T17:25:16.594,8.0130,0.0800,14.1851
2026-05-09T17:25:16.609,8.0128,0.0800,14.1564
2026-05-09T17:25:16.622,8.0122,0.0800,14.1293
2026-05-09T17:25:16.636,8.0110,0.0800,14.1127
2026-05-09T17:25:16.651,8.0104,0.0800,14.0971
2026-05-09T17:25:16.664,8.0094,0.0800,14.0820
2026-05-09T17:25:16.677,8.0080,0.0800,14.0666
2026-05-09T17:25:16.691,8.0058,0.0800,14.0535
2026-05-09T17:25:16.706,8.0041,0.0800,14.0399
2026-05-09T17:25:16.719,8.0016,0.0800,14.0236
2026-05-09T17:25:16.733,7.9982,0.0800,14.0088
2026-05-09T17:25:16.747,7.9947,0.0800,13.9916
2026-05-09T17:25:16.761,7.9914,0.0800,13.9765
2026-05-09T17:25:16.775,7.9868,0.0800,13.9610
2026-05-09T17:25:16.789,7.9823,0.0800,13.9441
2026-05-09T17:25:16.803,7.9776,0.0800,13.9278
2026-05-09T17:25:16.817,7.9718,0.0800,13.9120
2026-05-09T17:25:16.831,7.9667,0.0800,13.8967
2026-05-09T17:25:16.844,7.9615,0.0800,13.8821
2026-05-09T17:25:16.859,7.9626,0.0800,13.8837
2026-05-09T17:25:16.872,7.9631,0.0800,13.8857
2026-05-09T17:25:16.886,7.9638,0.0800,13.8874
2026-05-09T17:25:16.900,7.9662,0.0800,13.8926
2026-05-09T17:25:16.914,7.9717,0.0800,13.9045
2026-05-09T17:25:16.929,7.9792,0.0800,13.9210
2026-05-09T17:25:16.941,7.9881,0.0800,13.9400
2026-05-09T17:25:16.956,8.0021,0.0800,13.9693
2026-05-09T17:25:16.969,8.0149,0.0800,13.9943
2026-05-09T17:25:16.983,8.0295,0.0800,14.0214
2026-05-09T17:25:16.997,8.0429,0.0800,14.0450
2026-05-09T17:25:17.012,8.0560,0.0800,14.0686
2026-05-09T17:25:17.026,8.0716,0.0800,14.0939
2026-05-09T17:25:17.038,8.0937,0.0800,14.1289
2026-05-09T17:25:17.053,8.1190,0.0800,14.1690
2026-05-09T17:25:17.067,8.1512,0.0800,14.2176
2026-05-09T17:25:17.080,8.1911,0.0800,14.2771
2026-05-09T17:25:17.094,8.2304,0.0800,14.3357
2026-05-09T17:25:17.110,8.2679,0.0800,14.3837
2026-05-09T17:25:17.123,8.3071,0.0800,14.3837
2026-05-09T17:25:17.137,8.3481,0.0800,14.3841
2026-05-09T17:25:17.151,8.3856,0.0800,14.3844
2026-05-09T17:25:17.165,8.4220,0.0800,14.3848
2026-05-09T17:25:17.177,8.4590,0.0800,14.3852
2026-05-09T17:25:17.193,8.4949,0.0800,14.3853
2026-05-09T17:25:17.206,8.5335,0.0800,14.3904
2026-05-09T17:25:17.219,8.5854,0.0800,14.4063
2026-05-09T17:25:17.234,8.6337,0.0800,14.4345
2026-05-09T17:25:17.248,8.6798,0.0800,14.4738
2026-05-09T17:25:17.261,8.7171,0.0800,14.5239
2026-05-09T17:25:17.275,8.7482,0.0800,14.5764
2026-05-09T17:25:17.289,8.7752,0.0800,14.6239
2026-05-09T17:25:17.304,8.8021,0.0800,14.6725
2026-05-09T17:25:17.317,8.8307,0.0800,14.7248
2026-05-09T17:25:17.331,8.8571,0.0800,14.7753
2026-05-09T17:25:17.344,8.8828,0.0800,14.8262
2026-05-09T17:25:17.359,8.9077,0.0800,14.8770
2026-05-09T17:25:17.372,8.9310,0.0800,14.9251
2026-05-09T17:25:17.387,8.9552,0.0800,14.9777
2026-05-09T17:25:17.401,8.9787,0.0800,15.0302
2026-05-09T17:25:17.414,9.0061,0.0800,15.0926
2026-05-09T17:25:17.429,9.0273,0.0800,15.1433
2026-05-09T17:25:17.442,9.0489,0.0800,15.1966
2026-05-09T17:25:17.456,9.0718,0.0800,15.2537
2026-05-09T17:25:17.470,9.0904,0.0800,15.3027
2026-05-09T17:25:17.484,9.1115,0.0800,15.3605
2026-05-09T17:25:17.497,9.1290,0.0800,15.4108
2026-05-09T17:25:17.511,9.1456,0.0800,15.4590
2026-05-09T17:25:17.526,9.1587,0.0800,15.5007
2026-05-09T17:25:17.538,9.1714,0.0800,15.5433
2026-05-09T17:25:17.553,9.1843,0.0800,15.5874
2026-05-09T17:25:17.567,9.1945,0.0800,15.6262
2026-05-09T17:25:17.581,9.2050,0.0800,15.6695
2026-05-09T17:25:17.594,9.2156,0.0800,15.7136
2026-05-09T17:25:17.608,9.2243,0.0800,15.7552
2026-05-09T17:25:17.622,9.2320,0.0800,15.7959
2026-05-09T17:25:17.636,9.2398,0.0800,15.8380
2026-05-09T17:25:17.651,9.2467,0.0800,15.8816
2026-05-09T17:25:17.664,9.2527,0.0800,15.9250
2026-05-09T17:25:17.677,9.2579,0.0800,15.9683
2026-05-09T17:25:17.692,9.2625,0.0800,16.0069
2026-05-09T17:25:17.705,9.2661,0.0800,16.0479
2026-05-09T17:25:17.719,9.2691,0.0800,16.0908
2026-05-09T17:25:17.734,9.2718,0.0800,16.1298
2026-05-09T17:25:17.747,9.2733,0.0800,16.1734
2026-05-09T17:25:17.760,9.2740,0.0800,16.2143
2026-05-09T17:25:17.775,9.2746,0.0800,16.2552
2026-05-09T17:25:17.789,9.2739,0.0800,16.2915
2026-05-09T17:25:17.803,9.2724,0.0800,16.3327
2026-05-09T17:25:17.816,9.2700,0.0800,16.3765
2026-05-09T17:25:17.830,9.2679,0.0800,16.4136
2026-05-09T17:25:17.844,9.2643,0.0800,16.4527
2026-05-09T17:25:17.858,9.2600,0.0800,16.4912
2026-05-09T17:25:17.872,9.2555,0.0800,16.5297
2026-05-09T17:25:17.886,9.2495,0.0800,16.5704
2026-05-09T17:25:17.900,9.2432,0.0800,16.6075
2026-05-09T17:25:17.914,9.2359,0.0800,16.6494
2026-05-09T17:25:17.928,9.2284,0.0800,16.6861
2026-05-09T17:25:17.941,9.2180,0.0800,16.7327
2026-05-09T17:25:17.955,9.2066,0.0800,16.7826
2026-05-09T17:25:17.970,9.1931,0.0800,16.8360
2026-05-09T17:25:17.983,9.1761,0.0800,16.9011
2026-05-09T17:25:17.996,9.1595,0.0800,16.9631
2026-05-09T17:25:18.010,9.1453,0.0800,17.0165
2026-05-09T17:25:18.025,9.1290,0.0800,17.0781
2026-05-09T17:25:18.038,9.1130,0.0800,17.1407
2026-05-09T17:25:18.053,9.1001,0.0800,17.1932
2026-05-09T17:25:18.066,9.0896,0.0800,17.2396
2026-05-09T17:25:18.079,9.0789,0.0800,17.2905
2026-05-09T17:25:18.094,9.0693,0.0800,17.3377
2026-05-09T17:25:18.108,9.0612,0.0800,17.3839
2026-05-09T17:25:18.122,9.0533,0.0800,17.4327
2026-05-09T17:25:18.137,9.0455,0.0800,17.4832
2026-05-09T17:25:18.151,9.0391,0.0800,17.5329
2026-05-09T17:25:18.164,9.0334,0.0800,17.5828
2026-05-09T17:25:18.177,9.0279,0.0800,17.6380
2026-05-09T17:25:18.192,9.0223,0.0800,17.6968
2026-05-09T17:25:18.206,9.0178,0.0800,17.7546
2026-05-09T17:25:18.219,9.0128,0.0800,17.8233
2026-05-09T17:25:18.234,9.0083,0.0800,17.8897
2026-05-09T17:25:18.247,9.0043,0.0800,17.9560
2026-05-09T17:25:18.261,9.0007,0.0800,18.0217
2026-05-09T17:25:18.275,8.9970,0.0800,18.0912
2026-05-09T17:25:18.289,8.9938,0.0800,18.1563
2026-05-09T17:25:18.303,8.9904,0.0800,18.2260
2026-05-09T17:25:18.317,8.9868,0.0800,18.2986
2026-05-09T17:25:18.331,8.9835,0.0800,18.3651
2026-05-09T17:25:18.346,8.9800,0.0800,18.4341
2026-05-09T17:25:18.359,8.9763,0.0800,18.5071
2026-05-09T17:25:18.373,8.9728,0.0800,18.5770
2026-05-09T17:25:18.387,8.9695,0.0800,18.6413
2026-05-09T17:25:18.400,8.9659,0.0800,18.7084
2026-05-09T17:25:18.414,8.9619,0.0800,18.7791
2026-05-09T17:25:18.428,8.9579,0.0800,18.8398
2026-05-09T17:25:18.442,8.9530,0.0800,18.9068
2026-05-09T17:25:18.457,8.9480,0.0800,18.9703
2026-05-09T17:25:18.471,8.9424,0.0800,19.0344
2026-05-09T17:25:18.484,8.9355,0.0800,19.1060
2026-05-09T17:25:18.498,8.9288,0.0800,19.1701
2026-05-09T17:25:18.512,8.9223,0.0800,19.2295
2026-05-09T17:25:18.526,8.9148,0.0800,19.2916
2026-05-09T17:25:18.539,8.9066,0.0800,19.3543
2026-05-09T17:25:18.554,8.8976,0.0800,19.4205
2026-05-09T17:25:18.568,8.8894,0.0800,19.4748
2026-05-09T17:25:18.582,8.8786,0.0800,19.5419
2026-05-09T17:25:18.596,8.8692,0.0800,19.5973
2026-05-09T17:25:18.609,8.8588,0.0800,19.6527
2026-05-09T17:25:18.623,8.8481,0.0800,19.7059
2026-05-09T17:25:18.637,8.8377,0.0800,19.7554
2026-05-09T17:25:18.651,8.8255,0.0800,19.8079
2026-05-09T17:25:18.665,8.8130,0.0800,19.8580
2026-05-09T17:25:18.678,8.8000,0.0800,19.9068
2026-05-09T17:25:18.693,8.7877,0.0800,19.9517
2026-05-09T17:25:18.706,8.7739,0.0800,19.9973
2026-05-09T17:25:18.720,8.7595,0.0800,20.0422
2026-05-09T17:25:18.734,8.7457,0.0800,20.0843
2026-05-09T17:25:18.749,8.7295,0.0800,20.1294
2026-05-09T17:25:18.762,8.7141,0.0800,20.1701
2026-05-09T17:25:18.776,8.6979,0.0800,20.2119
2026-05-09T17:25:18.790,8.6821,0.0800,20.2493
2026-05-09T17:25:18.804,8.6657,0.0800,20.2862
2026-05-09T17:25:18.817,8.6473,0.0800,20.3260
2026-05-09T17:25:18.831,8.6308,0.0800,20.3612
2026-05-09T17:25:18.845,8.6125,0.0800,20.3971
2026-05-09T17:25:18.859,8.5931,0.0800,20.4336
2026-05-09T17:25:18.873,8.5741,0.0800,20.4689
2026-05-09T17:25:18.887,8.5538,0.0800,20.5040
2026-05-09T17:25:18.901,8.5328,0.0800,20.5386
2026-05-09T17:25:18.915,8.5107,0.0800,20.5747
2026-05-09T17:25:18.929,8.4903,0.0800,20.6058
2026-05-09T17:25:18.942,8.4662,0.0800,20.6412
2026-05-09T17:25:18.956,8.4440,0.0800,20.6734
2026-05-09T17:25:18.971,8.4209,0.0800,20.7047
2026-05-09T17:25:18.984,8.3962,0.0800,20.7371
2026-05-09T17:25:18.997,8.3693,0.0800,20.7711
2026-05-09T17:25:19.011,8.3460,0.0800,20.8003
2026-05-09T17:25:19.026,8.3210,0.0800,20.8295
2026-05-09T17:25:19.039,8.2944,0.0800,20.8598
2026-05-09T17:25:19.053,8.2662,0.0800,20.8915
2026-05-09T17:25:19.067,8.2409,0.0800,20.9181
2026-05-09T17:25:19.081,8.2094,0.0800,20.9503
2026-05-09T17:25:19.095,8.1835,0.0800,20.9766
2026-05-09T17:25:19.109,8.1546,0.0800,21.0040
2026-05-09T17:25:19.123,8.1241,0.0800,21.0319
2026-05-09T17:25:19.137,8.0946,0.0800,21.0587
2026-05-09T17:25:19.151,8.0631,0.0800,21.0855
2026-05-09T17:25:19.165,8.0329,0.0800,21.1102
2026-05-09T17:25:19.178,8.0005,0.0800,21.1359
2026-05-09T17:25:19.193,7.9682,0.0800,21.1612
2026-05-09T17:25:19.206,7.9372,0.0800,21.1839
2026-05-09T17:25:19.220,7.9026,0.0800,21.2084
2026-05-09T17:25:19.234,7.8720,0.0800,21.2299
2026-05-09T17:25:19.248,7.8367,0.0800,21.2530
2026-05-09T17:25:19.262,7.8036,0.0800,21.2739
2026-05-09T17:25:19.276,7.7691,0.0800,21.2954
2026-05-09T17:25:19.290,7.7342,0.0800,21.3156
2026-05-09T17:25:19.304,7.6991,0.0800,21.3352
2026-05-09T17:25:19.317,7.6616,0.0800,21.3552
2026-05-09T17:25:19.331,7.6272,0.0800,21.3733
2026-05-09T17:25:19.345,7.5925,0.0800,21.3902
2026-05-09T17:25:19.359,7.5555,0.0800,21.4075
2026-05-09T17:25:19.372,7.5183,0.0800,21.4246
2026-05-09T17:25:19.386,7.4823,0.0800,21.4398
2026-05-09T17:25:19.401,7.4456,0.0800,21.4546
2026-05-09T17:25:19.414,7.4061,0.0800,21.4702
2026-05-09T17:25:19.429,7.3690,0.0800,21.4836
2026-05-09T17:25:19.442,7.3314,0.0800,21.4964
2026-05-09T17:25:19.457,7.2916,0.0800,21.5098
2026-05-09T17:25:19.470,7.2551,0.0800,21.5207
2026-05-09T17:25:19.485,7.2135,0.0800,21.5324
2026-05-09T17:25:19.498,7.1761,0.0800,21.5422
2026-05-09T17:25:19.512,7.1353,0.0800,21.5527
2026-05-09T17:25:19.526,7.0968,0.0800,21.5614
2026-05-09T17:25:19.539,7.0587,0.0800,21.5693
2026-05-09T17:25:19.554,7.0203,0.0800,21.5772
2026-05-09T17:25:19.568,6.9835,0.0800,21.5835
2026-05-09T17:25:19.581,6.9398,0.0800,21.5902
2026-05-09T17:25:19.596,6.9037,0.0800,21.5954
2026-05-09T17:25:19.610,6.8672,0.0800,21.5994
2026-05-09T17:25:19.624,6.8239,0.0800,21.6031
2026-05-09T17:25:19.638,6.7841,0.0800,21.6056
2026-05-09T17:25:19.652,6.7449,0.0800,21.6076
2026-05-09T17:25:19.666,6.7077,0.0800,21.6082
2026-05-09T17:25:19.679,6.6672,0.0800,21.6079
2026-05-09T17:25:19.693,6.6298,0.0800,21.6073
2026-05-09T17:25:19.707,6.5925,0.0800,21.6054
2026-05-09T17:25:19.721,6.5519,0.0800,21.6025
2026-05-09T17:25:19.735,6.5151,0.0800,21.5995
2026-05-09T17:25:19.749,6.4749,0.0800,21.5949
2026-05-09T17:25:19.763,6.4393,0.0800,21.5901
2026-05-09T17:25:19.776,6.3996,0.0800,21.5839
2026-05-09T17:25:19.791,6.3655,0.0800,21.5785
2026-05-09T17:25:19.804,6.3305,0.0800,21.5717
2026-05-09T17:25:19.818,6.2906,0.0800,21.5634
2026-05-09T17:25:19.832,6.2570,0.0800,21.5562
2026-05-09T17:25:19.846,6.2193,0.0800,21.5469
2026-05-09T17:25:19.860,6.1829,0.0800,21.5373
2026-05-09T17:25:19.874,6.1474,0.0800,21.5277
2026-05-09T17:25:19.888,6.1108,0.0800,21.5167
2026-05-09T17:25:19.902,6.0749,0.0800,21.5052
2026-05-09T17:25:19.916,6.0378,0.0800,21.4931
2026-05-09T17:25:19.930,6.0048,0.0800,21.4812
2026-05-09T17:25:19.944,5.9662,0.0800,21.4665
2026-05-09T17:25:19.957,5.9333,0.0800,21.4532
2026-05-09T17:25:19.971,5.9009,0.0800,21.4398
2026-05-09T17:25:19.985,5.8684,0.0800,21.4252
2026-05-09T17:25:19.999,5.8454,0.0800,21.4143
2026-05-09T17:25:20.013,5.8314,0.0800,21.4078
2026-05-09T17:25:20.027,5.8295,0.0800,21.4069
2026-05-09T17:25:20.111,5.8267,0.0800,21.4056
2026-05-09T17:25:20.125,5.8098,0.0800,21.3978
2026-05-09T17:25:20.138,5.7914,0.0800,21.3898
2026-05-09T17:25:20.152,5.7714,0.0800,21.3811
2026-05-09T17:25:20.166,5.7495,0.0800,21.3726
2026-05-09T17:25:20.179,5.7223,0.0800,21.3627
2026-05-09T17:25:20.194,5.6926,0.0800,21.3521
2026-05-09T17:25:20.208,5.6625,0.0800,21.3424
2026-05-09T17:25:20.222,5.6289,0.0800,21.3323
2026-05-09T17:25:20.236,5.5951,0.0800,21.3226
2026-05-09T17:25:20.250,5.5577,0.0800,21.3130
2026-05-09T17:25:20.264,5.5219,0.0800,21.3045
2026-05-09T17:25:20.277,5.4818,0.0800,21.2959
2026-05-09T17:25:20.292,5.4431,0.0800,21.2880
2026-05-09T17:25:20.305,5.3987,0.0800,21.2801
2026-05-09T17:25:20.319,5.3507,0.0800,21.2724
2026-05-09T17:25:20.333,5.3007,0.0800,21.2649
2026-05-09T17:25:20.347,5.2439,0.0800,21.2576
2026-05-09T17:25:20.361,5.1898,0.0800,21.2515
2026-05-09T17:25:20.374,5.1312,0.0800,21.2454
2026-05-09T17:25:20.389,5.0738,0.0800,21.2403
2026-05-09T17:25:20.402,5.0157,0.0800,21.2359
2026-05-09T17:25:20.417,4.9523,0.0800,21.2316
2026-05-09T17:25:20.430,4.8971,0.0800,21.2286
2026-05-09T17:25:20.444,4.8290,0.0800,21.2257
2026-05-09T17:25:20.458,4.7711,0.0800,21.2238
2026-05-09T17:25:20.472,4.7101,0.0800,21.2223
2026-05-09T17:25:20.486,4.6468,0.0800,21.2216
2026-05-09T17:25:20.499,4.5892,0.0800,21.2216
2026-05-09T17:25:20.513,4.5241,0.0800,21.2221
2026-05-09T17:25:20.528,4.4652,0.0800,21.2233
2026-05-09T17:25:20.541,4.4011,0.0800,21.2252
2026-05-09T17:25:20.555,4.3355,0.0800,21.2277
2026-05-09T17:25:20.569,4.2723,0.0800,21.2307
2026-05-09T17:25:20.583,4.2029,0.0800,21.2345
2026-05-09T17:25:20.597,4.1415,0.0800,21.2383
2026-05-09T17:25:20.611,4.0762,0.0800,21.2429
2026-05-09T17:25:20.625,4.0090,0.0800,21.2481
2026-05-09T17:25:20.638,3.9443,0.0800,21.2536
2026-05-09T17:25:20.653,3.8758,0.0800,21.2597
2026-05-09T17:25:20.667,3.8131,0.0800,21.2658
2026-05-09T17:25:20.680,3.7374,0.0800,21.2736
2026-05-09T17:25:20.694,3.6743,0.0800,21.2803
2026-05-09T17:25:20.708,3.6104,0.0800,21.2875
2026-05-09T17:25:20.722,3.5391,0.0800,21.2955
2026-05-09T17:25:20.736,3.4729,0.0800,21.3028
2026-05-09T17:25:20.750,3.3999,0.0800,21.3110
2026-05-09T17:25:20.764,3.3355,0.0800,21.3182
2026-05-09T17:25:20.777,3.2645,0.0800,21.3262
2026-05-09T17:25:20.791,3.2013,0.0800,21.3330
2026-05-09T17:25:20.805,3.1366,0.0800,21.3395
2026-05-09T17:25:20.819,3.0685,0.0800,21.3459
2026-05-09T17:25:20.833,3.0065,0.0800,21.3514
2026-05-09T17:25:20.847,2.9349,0.0800,21.3571
2026-05-09T17:25:20.860,2.8722,0.0800,21.3616
2026-05-09T17:25:20.874,2.8092,0.0800,21.3657
2026-05-09T17:25:20.889,2.7462,0.0800,21.3692
2026-05-09T17:25:20.902,2.6840,0.0800,21.3721
2026-05-09T17:25:20.917,2.6161,0.0800,21.3747
2026-05-09T17:25:20.930,2.5574,0.0800,21.3763
2026-05-09T17:25:20.944,2.4889,0.0800,21.3777
2026-05-09T17:25:20.958,2.4260,0.0800,21.3783
2026-05-09T17:25:20.972,2.3629,0.0800,21.3784
2026-05-09T17:25:20.986,2.2999,0.0800,21.3779
2026-05-09T17:25:21.000,2.2367,0.0800,21.3768
2026-05-09T17:25:21.014,2.1637,0.0800,21.3750
2026-05-09T17:25:21.028,2.1028,0.0800,21.3730
2026-05-09T17:25:21.041,2.0336,0.0800,21.3702
2026-05-09T17:25:21.056,1.9685,0.0800,21.3671
2026-05-09T17:25:21.070,1.9069,0.0800,21.3638
2026-05-09T17:25:21.084,1.8303,0.0800,21.3591
2026-05-09T17:25:21.098,1.7686,0.0800,21.3550
2026-05-09T17:25:21.112,1.7001,0.0800,21.3498
2026-05-09T17:25:21.126,1.6343,0.0800,21.3445
2026-05-09T17:25:21.139,1.5660,0.0800,21.3384
2026-05-09T17:25:21.154,1.5004,0.0800,21.3322
2026-05-09T17:25:21.168,1.4353,0.0800,21.3256
2026-05-09T17:25:21.181,1.3627,0.0800,21.3178
2026-05-09T17:25:21.195,1.3003,0.0800,21.3107
2026-05-09T17:25:21.209,1.2378,0.0800,21.3032
2026-05-09T17:25:21.223,1.1680,0.0800,21.2943
2026-05-09T17:25:21.237,1.1064,0.0800,21.2861
2026-05-09T17:25:21.251,1.0367,0.0800,21.2764
2026-05-09T17:25:21.265,0.9695,0.0800,21.2666
2026-05-09T17:25:21.278,0.8974,0.0800,21.2562
2026-05-09T17:25:21.293,0.8293,0.0800,21.2463
2026-05-09T17:25:21.306,0.7630,0.0800,21.2366
2026-05-09T17:25:21.320,0.6938,0.0800,21.2265
2026-05-09T17:25:21.335,0.6297,0.0800,21.2172
2026-05-09T17:25:21.348,0.5591,0.0800,21.2074
2026-05-09T17:25:21.361,0.4928,0.0800,21.1984
2026-05-09T17:25:21.375,0.4268,0.0800,21.1898
2026-05-09T17:25:21.390,0.3632,0.0800,21.1819
2026-05-09T17:25:21.403,0.2976,0.0800,21.1740
2026-05-09T17:25:21.417,0.2240,0.0800,21.1655
2026-05-09T17:25:21.431,0.1645,0.0800,21.1587
2026-05-09T17:25:21.445,0.0904,0.0800,21.1504
2026-05-09T17:25:21.458,0.0253,0.0800,21.1431
2026-05-09T17:25:21.472,-0.0445,0.0800,21.1351
2026-05-09T17:25:21.486,-0.1138,0.0800,21.1273
2026-05-09T17:25:21.500,-0.1811,0.0800,21.1196
2026-05-09T17:25:21.514,-0.2522,0.0800,21.1115
2026-05-09T17:25:21.528,-0.3166,0.0800,21.1042
2026-05-09T17:25:21.540,-0.3871,0.0800,21.0961
2026-05-09T17:25:21.555,-0.4509,0.0800,21.0889
2026-05-09T17:25:21.569,-0.5136,0.0800,21.0820
2026-05-09T17:25:21.583,-0.5864,0.0800,21.0740
2026-05-09T17:25:21.597,-0.6532,0.0800,21.0665
2026-05-09T17:25:21.611,-0.7194,0.0800,21.0591
2026-05-09T17:25:21.624,-0.7866,0.0800,21.0516
2026-05-09T17:25:21.637,-0.8594,0.0800,21.0434
2026-05-09T17:25:21.652,-0.9227,0.0800,21.0361
2026-05-09T17:25:21.666,-0.9860,0.0800,21.0289
2026-05-09T17:25:21.680,-1.0580,0.0800,21.0206
2026-05-09T17:25:21.693,-1.1252,0.0800,21.0129
2026-05-09T17:25:21.707,-1.1918,0.0800,21.0053
2026-05-09T17:25:21.721,-1.2583,0.0800,20.9976
2026-05-09T17:25:21.735,-1.3255,0.0800,20.9899
2026-05-09T17:25:21.750,-1.3983,0.0800,20.9815
2026-05-09T17:25:21.763,-1.4611,0.0800,20.9742
2026-05-09T17:25:21.777,-1.5329,0.0800,20.9658
2026-05-09T17:25:21.791,-1.5971,0.0800,20.9582
2026-05-09T17:25:21.804,-1.6660,0.0800,20.9499
2026-05-09T17:25:21.818,-1.7341,0.0800,20.9416
2026-05-09T17:25:21.833,-1.7951,0.0800,20.9341
2026-05-09T17:25:21.846,-1.8644,0.0800,20.9255
2026-05-09T17:25:21.860,-1.9384,0.0800,20.9163
2026-05-09T17:25:21.873,-2.0002,0.0800,20.9084
2026-05-09T17:25:21.889,-2.0613,0.0800,20.9000
2026-05-09T17:25:21.902,-2.1164,0.0800,20.8919
2026-05-09T17:25:21.916,-2.1707,0.0800,20.8832
2026-05-09T17:25:21.930,-2.2143,0.0800,20.8754
2026-05-09T17:25:21.943,-2.2588,0.0800,20.8667
2026-05-09T17:25:21.958,-2.2976,0.0800,20.8586
2026-05-09T17:25:21.971,-2.3353,0.0800,20.8498
2026-05-09T17:25:21.985,-2.3807,0.0800,20.8385
2026-05-09T17:25:21.999,-2.4268,0.0800,20.8262
2026-05-09T17:25:22.012,-2.4791,0.0800,20.8116
2026-05-09T17:25:22.026,-2.4967,0.0800,20.8064
2026-05-09T17:25:22.040,-2.5153,0.0800,20.8010
2026-05-09T17:25:22.055,-2.5539,0.0800,20.7899
2026-05-09T17:25:22.068,-2.5923,0.0800,20.7794
2026-05-09T17:25:22.082,-2.6346,0.0800,20.7686
2026-05-09T17:25:22.096,-2.6697,0.0800,20.7602
2026-05-09T17:25:22.110,-2.6981,0.0800,20.7542
2026-05-09T17:25:22.125,-2.7263,0.0800,20.7489
2026-05-09T17:25:22.138,-2.7541,0.0800,20.7442
2026-05-09T17:25:22.152,-2.7831,0.0800,20.7398
2026-05-09T17:25:22.166,-2.8083,0.0800,20.7367
2026-05-09T17:25:22.179,-2.8352,0.0800,20.7339
2026-05-09T17:25:22.194,-2.8623,0.0800,20.7314
2026-05-09T17:25:22.208,-2.8889,0.0800,20.7298
2026-05-09T17:25:22.222,-2.9201,0.0800,20.7285
2026-05-09T17:25:22.235,-2.9488,0.0800,20.7276
2026-05-09T17:25:22.250,-2.9795,0.0800,20.7275
2026-05-09T17:25:22.264,-3.0101,0.0800,20.7280
2026-05-09T17:25:22.277,-3.0454,0.0800,20.7293
2026-05-09T17:25:22.291,-3.0792,0.0800,20.7309
2026-05-09T17:25:22.305,-3.1131,0.0800,20.7334
2026-05-09T17:25:22.318,-3.1523,0.0800,20.7369
2026-05-09T17:25:22.333,-3.1918,0.0800,20.7410
2026-05-09T17:25:22.346,-3.2345,0.0800,20.7464
2026-05-09T17:25:22.360,-3.2817,0.0800,20.7532
2026-05-09T17:25:22.374,-3.3289,0.0800,20.7605
2026-05-09T17:25:22.388,-3.3838,0.0800,20.7700
2026-05-09T17:25:22.402,-3.4380,0.0800,20.7801
2026-05-09T17:25:22.416,-3.4871,0.0800,20.7896
2026-05-09T17:25:22.430,-3.4993,0.0800,20.7922
2026-05-09T17:25:22.443,-3.5017,0.0800,20.7926
2026-05-09T17:25:22.791,-3.5114,0.0800,20.7946
2026-05-09T17:25:22.806,-3.5398,0.0800,20.8003
2026-05-09T17:25:22.819,-3.6075,0.0800,20.8138
2026-05-09T17:25:22.833,-3.6783,0.0800,20.8280
2026-05-09T17:25:22.847,-3.7410,0.0800,20.8405
2026-05-09T17:25:22.861,-3.8080,0.0800,20.8540
2026-05-09T17:25:22.874,-3.8762,0.0800,20.8676
2026-05-09T17:25:22.889,-3.9454,0.0800,20.8815
2026-05-09T17:25:22.902,-4.0092,0.0800,20.8943
2026-05-09T17:25:22.917,-4.0829,0.0800,20.9092
2026-05-09T17:25:22.930,-4.1426,0.0800,20.9213
2026-05-09T17:25:22.944,-4.2159,0.0800,20.9361
2026-05-09T17:25:22.958,-4.2797,0.0800,20.9491
2026-05-09T17:25:22.972,-4.3458,0.0800,20.9622
2026-05-09T17:25:22.986,-4.4079,0.0800,20.9740
2026-05-09T17:25:22.999,-4.4731,0.0800,20.9860
2026-05-09T17:25:23.013,-4.5397,0.0800,20.9976
2026-05-09T17:25:23.028,-4.5946,0.0800,21.0065
2026-05-09T17:25:23.041,-4.6593,0.0800,21.0165
2026-05-09T17:25:23.056,-4.7240,0.0800,21.0258
2026-05-09T17:25:23.070,-4.7833,0.0800,21.0337
2026-05-09T17:25:23.084,-4.8520,0.0800,21.0423
2026-05-09T17:25:23.097,-4.9099,0.0800,21.0490
2026-05-09T17:25:23.111,-4.9729,0.0800,21.0558
2026-05-09T17:25:23.125,-5.0339,0.0800,21.0617
2026-05-09T17:25:23.138,-5.0981,0.0800,21.0674
2026-05-09T17:25:23.152,-5.1587,0.0800,21.0722
2026-05-09T17:25:23.166,-5.2150,0.0800,21.0762
2026-05-09T17:25:23.180,-5.2774,0.0800,21.0799
2026-05-09T17:25:23.194,-5.3346,0.0800,21.0828
2026-05-09T17:25:23.208,-5.3932,0.0800,21.0850
2026-05-09T17:25:23.222,-5.4518,0.0800,21.0864
2026-05-09T17:25:23.236,-5.5071,0.0800,21.0872
2026-05-09T17:25:23.250,-5.5676,0.0800,21.0872
2026-05-09T17:25:23.264,-5.6267,0.0800,21.0865
2026-05-09T17:25:23.277,-5.6868,0.0800,21.0849
2026-05-09T17:25:23.292,-5.7460,0.0800,21.0827
2026-05-09T17:25:23.305,-5.8026,0.0800,21.0799
2026-05-09T17:25:23.319,-5.8645,0.0800,21.0761
2026-05-09T17:25:23.333,-5.9218,0.0800,21.0719
2026-05-09T17:25:23.347,-5.9844,0.0800,21.0667
2026-05-09T17:25:23.361,-6.0450,0.0800,21.0609
2026-05-09T17:25:23.375,-6.1038,0.0800,21.0547
2026-05-09T17:25:23.389,-6.1594,0.0800,21.0480
2026-05-09T17:25:23.402,-6.2163,0.0800,21.0405
2026-05-09T17:25:23.417,-6.2732,0.0800,21.0322
2026-05-09T17:25:23.431,-6.3177,0.0800,21.0250
2026-05-09T17:25:23.444,-6.3706,0.0800,21.0157
2026-05-09T17:25:23.458,-6.4168,0.0800,21.0067
2026-05-09T17:25:23.472,-6.4600,0.0800,20.9976
2026-05-09T17:25:23.486,-6.5017,0.0800,20.9881
2026-05-09T17:25:23.500,-6.5416,0.0800,20.9782
2026-05-09T17:25:23.514,-6.5851,0.0800,20.9666
2026-05-09T17:25:23.528,-6.6213,0.0800,20.9561
2026-05-09T17:25:23.541,-6.6584,0.0800,20.9445
2026-05-09T17:25:23.556,-6.6940,0.0800,20.9328
2026-05-09T17:25:23.569,-6.7273,0.0800,20.9211
2026-05-09T17:25:23.583,-6.7658,0.0800,20.9067
2026-05-09T17:25:23.597,-6.7959,0.0800,20.8947
2026-05-09T17:25:23.611,-6.8288,0.0800,20.8809
2026-05-09T17:25:23.625,-6.8600,0.0800,20.8671
2026-05-09T17:25:23.638,-6.8899,0.0800,20.8530
2026-05-09T17:25:23.653,-6.9175,0.0800,20.8394
2026-05-09T17:25:23.667,-6.9444,0.0800,20.8255
2026-05-09T17:25:23.680,-6.9750,0.0800,20.8088
2026-05-09T17:25:23.694,-7.0007,0.0800,20.7942
2026-05-09T17:25:23.708,-7.0281,0.0800,20.7778
2026-05-09T17:25:23.722,-7.0554,0.0800,20.7607
2026-05-09T17:25:23.736,-7.0796,0.0800,20.7450
2026-05-09T17:25:23.750,-7.1096,0.0800,20.7246
2026-05-09T17:25:23.764,-7.1331,0.0800,20.7078
2026-05-09T17:25:23.778,-7.1606,0.0800,20.6876
2026-05-09T17:25:23.792,-7.1846,0.0800,20.6691
2026-05-09T17:25:23.805,-7.2100,0.0800,20.6487
2026-05-09T17:25:23.819,-7.2353,0.0800,20.6276
2026-05-09T17:25:23.833,-7.2568,0.0800,20.6089
2026-05-09T17:25:23.847,-7.2803,0.0800,20.5877
2026-05-09T17:25:23.861,-7.3049,0.0800,20.5646
2026-05-09T17:25:23.875,-7.3286,0.0800,20.5415
2026-05-09T17:25:23.889,-7.3534,0.0800,20.5162
2026-05-09T17:25:23.902,-7.3810,0.0800,20.4872
2026-05-09T17:25:23.917,-7.4148,0.0800,20.4503
2026-05-09T17:25:23.930,-7.4461,0.0800,20.4148
2026-05-09T17:25:23.944,-7.4881,0.0800,20.3661
2026-05-09T17:25:23.957,-7.5278,0.0800,20.3188
2026-05-09T17:25:23.971,-7.5699,0.0800,20.2678
2026-05-09T17:25:23.986,-7.6096,0.0800,20.2189
2026-05-09T17:25:23.999,-7.6537,0.0800,20.1639
2026-05-09T17:25:24.013,-7.7003,0.0800,20.1124
2026-05-09T17:25:24.028,-7.7385,0.0800,20.1123
2026-05-09T17:25:24.041,-7.7906,0.0800,20.1029
2026-05-09T17:25:24.056,-7.8464,0.0800,20.0799
2026-05-09T17:25:24.069,-7.8984,0.0800,20.0435
2026-05-09T17:25:24.083,-7.9482,0.0800,19.9873
2026-05-09T17:25:24.097,-7.9880,0.0800,19.9371
2026-05-09T17:25:24.111,-8.0323,0.0800,19.8812
2026-05-09T17:25:24.125,-8.0737,0.0800,19.8289
2026-05-09T17:25:24.138,-8.1181,0.0800,19.7728
2026-05-09T17:25:24.152,-8.1609,0.0800,19.7185
2026-05-09T17:25:24.167,-8.2003,0.0800,19.6685
2026-05-09T17:25:24.179,-8.2419,0.0800,19.6152
2026-05-09T17:25:24.193,-8.2898,0.0800,19.6031
2026-05-09T17:25:24.207,-8.3329,0.0800,19.5867
2026-05-09T17:25:24.221,-8.3822,0.0800,19.5596
2026-05-09T17:25:24.236,-8.4256,0.0800,19.5209
2026-05-09T17:25:24.249,-8.4640,0.0800,19.4669
2026-05-09T17:25:24.263,-8.5026,0.0800,19.4178
2026-05-09T17:25:24.277,-8.5376,0.0800,19.3664
2026-05-09T17:25:24.291,-8.5697,0.0800,19.3179
2026-05-09T17:25:24.305,-8.6045,0.0800,19.2644
2026-05-09T17:25:24.318,-8.6367,0.0800,19.2135
2026-05-09T17:25:24.333,-8.6663,0.0800,19.1657
2026-05-09T17:25:24.347,-8.6967,0.0800,19.1151
2026-05-09T17:25:24.360,-8.7270,0.0800,19.0633
2026-05-09T17:25:24.374,-8.7558,0.0800,19.0128
2026-05-09T17:25:24.388,-8.7826,0.0800,18.9645
2026-05-09T17:25:24.401,-8.8103,0.0800,18.9129
2026-05-09T17:25:24.415,-8.8374,0.0800,18.8610
2026-05-09T17:25:24.430,-8.8609,0.0800,18.8145
2026-05-09T17:25:24.443,-8.8860,0.0800,18.7632
2026-05-09T17:25:24.457,-8.9113,0.0800,18.7097
2026-05-09T17:25:24.471,-8.9318,0.0800,18.6648
2026-05-09T17:25:24.485,-8.9532,0.0800,18.6159
2026-05-09T17:25:24.499,-8.9745,0.0800,18.5655
2026-05-09T17:25:24.513,-8.9952,0.0800,18.5146
2026-05-09T17:25:24.527,-9.0136,0.0800,18.4671
2026-05-09T17:25:24.540,-9.0332,0.0800,18.4145
2026-05-09T17:25:24.554,-9.0505,0.0800,18.3660
2026-05-09T17:25:24.568,-9.0665,0.0800,18.3189
2026-05-09T17:25:24.582,-9.0833,0.0800,18.2667
2026-05-09T17:25:24.596,-9.0976,0.0800,18.2202
2026-05-09T17:25:24.610,-9.1121,0.0800,18.1706
2026-05-09T17:25:24.623,-9.1261,0.0800,18.1200
2026-05-09T17:25:24.637,-9.1390,0.0800,18.0705
2026-05-09T17:25:24.651,-9.1527,0.0800,18.0149
2026-05-09T17:25:24.665,-9.1663,0.0800,17.9564
2026-05-09T17:25:24.678,-9.1797,0.0800,17.8960
2026-05-09T17:25:24.693,-9.1923,0.0800,17.8360
2026-05-09T17:25:24.706,-9.2056,0.0800,17.7708
2026-05-09T17:25:24.720,-9.2192,0.0800,17.7015
2026-05-09T17:25:24.735,-9.2316,0.0800,17.6373
2026-05-09T17:25:24.749,-9.2442,0.0800,17.5702
2026-05-09T17:25:24.762,-9.2568,0.0800,17.5016
2026-05-09T17:25:24.776,-9.2694,0.0800,17.4311
2026-05-09T17:25:24.790,-9.2801,0.0800,17.3694
2026-05-09T17:25:24.804,-9.2914,0.0800,17.3026
2026-05-09T17:25:24.817,-9.3030,0.0800,17.2320
2026-05-09T17:25:24.832,-9.3129,0.0800,17.1692
2026-05-09T17:25:24.845,-9.3223,0.0800,17.1075
2026-05-09T17:25:24.859,-9.3322,0.0800,17.0388
2026-05-09T17:25:24.873,-9.3410,0.0800,16.9753
2026-05-09T17:25:24.888,-9.3491,0.0800,16.9123
2026-05-09T17:25:24.901,-9.3563,0.0800,16.8521
2026-05-09T17:25:24.914,-9.3636,0.0800,16.7852
2026-05-09T17:25:24.929,-9.3689,0.0800,16.7302
2026-05-09T17:25:24.942,-9.3737,0.0800,16.6747
2026-05-09T17:25:24.957,-9.3781,0.0800,16.6147
2026-05-09T17:25:24.970,-9.3811,0.0800,16.5644
2026-05-09T17:25:24.984,-9.3839,0.0800,16.5033
2026-05-09T17:25:24.997,-9.3856,0.0800,16.4503
2026-05-09T17:25:25.011,-9.3865,0.0800,16.4009
2026-05-09T17:25:25.026,-9.3866,0.0800,16.3542
2026-05-09T17:25:25.039,-9.3860,0.0800,16.3022
2026-05-09T17:25:25.053,-9.3846,0.0800,16.2522
2026-05-09T17:25:25.068,-9.3826,0.0800,16.2063
2026-05-09T17:25:25.081,-9.3792,0.0800,16.1505
2026-05-09T17:25:25.096,-9.3757,0.0800,16.1051
2026-05-09T17:25:25.109,-9.3710,0.0800,16.0555
2026-05-09T17:25:25.123,-9.3656,0.0800,16.0077
2026-05-09T17:25:25.137,-9.3595,0.0800,15.9596
2026-05-09T17:25:25.151,-9.3524,0.0800,15.9107
2026-05-09T17:25:25.165,-9.3452,0.0800,15.8666
2026-05-09T17:25:25.178,-9.3370,0.0800,15.8204
2026-05-09T17:25:25.193,-9.3282,0.0800,15.7750
2026-05-09T17:25:25.207,-9.3192,0.0800,15.7330
2026-05-09T17:25:25.220,-9.3083,0.0800,15.6859
2026-05-09T17:25:25.235,-9.2980,0.0800,15.6444
2026-05-09T17:25:25.248,-9.2863,0.0800,15.6007
2026-05-09T17:25:25.262,-9.2734,0.0800,15.5553
2026-05-09T17:25:25.276,-9.2610,0.0800,15.5143
2026-05-09T17:25:25.290,-9.2471,0.0800,15.4714
2026-05-09T17:25:25.304,-9.2324,0.0800,15.4284
2026-05-09T17:25:25.317,-9.2163,0.0800,15.3837
2026-05-09T17:25:25.331,-9.2012,0.0800,15.3440
2026-05-09T17:25:25.346,-9.1853,0.0800,15.3043
2026-05-09T17:25:25.359,-9.1681,0.0800,15.2634
2026-05-09T17:25:25.373,-9.1501,0.0800,15.2220
2026-05-09T17:25:25.387,-9.1331,0.0800,15.1852
2026-05-09T17:25:25.401,-9.1150,0.0800,15.1478
2026-05-09T17:25:25.415,-9.0955,0.0800,15.1088
2026-05-09T17:25:25.429,-9.0765,0.0800,15.0728
2026-05-09T17:25:25.442,-9.0572,0.0800,15.0375
2026-05-09T17:25:25.458,-9.0369,0.0800,15.0017
2026-05-09T17:25:25.471,-9.0166,0.0800,14.9676
2026-05-09T17:25:25.485,-8.9918,0.0800,14.9274
2026-05-09T17:25:25.498,-8.9702,0.0800,14.8939
2026-05-09T17:25:25.512,-8.9485,0.0800,14.8614
2026-05-09T17:25:25.526,-8.9257,0.0800,14.8286
2026-05-09T17:25:25.540,-8.9003,0.0800,14.7933
2026-05-09T17:25:25.555,-8.8769,0.0800,14.7619
2026-05-09T17:25:25.569,-8.8525,0.0800,14.7306
2026-05-09T17:25:25.582,-8.8239,0.0800,14.6950
2026-05-09T17:25:25.596,-8.7991,0.0800,14.6653
2026-05-09T17:25:25.611,-8.7734,0.0800,14.6357
2026-05-09T17:25:25.624,-8.7451,0.0800,14.6042
2026-05-09T17:25:25.638,-8.7154,0.0800,14.5724
2026-05-09T17:25:25.652,-8.6873,0.0800,14.5432
2026-05-09T17:25:25.666,-8.6608,0.0800,14.5168
2026-05-09T17:25:25.679,-8.6293,0.0800,14.4863
2026-05-09T17:25:25.694,-8.6018,0.0800,14.4606
2026-05-09T17:25:25.708,-8.5721,0.0800,14.4340
2026-05-09T17:25:25.722,-8.5391,0.0800,14.4054
2026-05-09T17:25:25.736,-8.5095,0.0800,14.3806
2026-05-09T17:25:25.750,-8.4765,0.0800,14.3542
2026-05-09T17:25:25.763,-8.4438,0.0800,14.3289
2026-05-09T17:25:25.777,-8.4104,0.0800,14.3042
2026-05-09T17:25:25.792,-8.3796,0.0800,14.2821
2026-05-09T17:25:25.805,-8.3469,0.0800,14.2597
2026-05-09T17:25:25.819,-8.3102,0.0800,14.2356
2026-05-09T17:25:25.833,-8.2784,0.0800,14.2153
2026-05-09T17:25:25.847,-8.2403,0.0800,14.1923
2026-05-09T17:25:25.860,-8.2077,0.0800,14.1735
2026-05-09T17:25:25.874,-8.1726,0.0800,14.1538
2026-05-09T17:25:25.889,-8.1379,0.0800,14.1353
2026-05-09T17:25:25.902,-8.1028,0.0800,14.1175
2026-05-09T17:25:25.917,-8.0638,0.0800,14.0983
2026-05-09T17:25:25.931,-8.0293,0.0800,14.0824
2026-05-09T17:25:25.944,-7.9908,0.0800,14.0654
2026-05-09T17:25:25.958,-7.9539,0.0800,14.0499
2026-05-09T17:25:25.973,-7.9176,0.0800,14.0353
2026-05-09T17:25:25.986,-7.8807,0.0800,14.0214
2026-05-09T17:25:26.000,-7.8400,0.0800,14.0069
2026-05-09T17:25:26.014,-7.8006,0.0800,13.9935
2026-05-09T17:25:26.028,-7.7661,0.0800,13.9827
2026-05-09T17:25:26.041,-7.7232,0.0800,13.9700
2026-05-09T17:25:26.056,-7.6820,0.0800,13.9585
2026-05-09T17:25:26.070,-7.6772,0.0800,13.9572
2026-05-09T17:25:26.139,-7.6728,0.0800,13.9560
2026-05-09T17:25:26.153,-7.6682,0.0800,13.9546
2026-05-09T17:25:26.167,-7.6684,0.0800,13.9544
2026-05-09T17:25:26.180,-7.6700,0.0800,13.9547
2026-05-09T17:25:26.195,-7.6698,0.0800,13.9547
2026-05-09T17:25:26.208,-7.6713,0.0800,13.9550
2026-05-09T17:25:26.223,-7.6727,0.0800,13.9553
2026-05-09T17:25:26.250,-7.6742,0.0800,13.9558
2026-05-09T17:25:26.264,-7.6755,0.0800,13.9562
2026-05-09T17:25:26.278,-7.6769,0.0800,13.9566
2026-05-09T17:25:26.306,-7.6783,0.0800,13.9572
2026-05-09T17:25:26.320,-7.6797,0.0800,13.9577
2026-05-09T17:25:26.348,-7.6811,0.0800,13.9584
2026-05-09T17:25:26.361,-7.6824,0.0800,13.9590
2026-05-09T17:25:26.390,-7.6837,0.0800,13.9597
2026-05-09T17:25:26.404,-7.6850,0.0800,13.9604
2026-05-09T17:25:26.417,-7.6878,0.0800,13.9624
2026-05-09T17:25:26.432,-7.6893,0.0800,13.9638
2026-05-09T17:25:26.445,-7.6925,0.0800,13.9664
2026-05-09T17:25:26.459,-7.6962,0.0800,13.9695
2026-05-09T17:25:26.473,-7.6988,0.0800,13.9722
2026-05-09T17:25:26.487,-7.7039,0.0800,13.9771
2026-05-09T17:25:26.501,-7.7100,0.0800,13.9832
2026-05-09T17:25:26.515,-7.7168,0.0800,13.9909
2026-05-09T17:25:26.529,-7.7240,0.0800,13.9991
2026-05-09T17:25:26.542,-7.7318,0.0800,14.0083
2026-05-09T17:25:26.557,-7.7381,0.0800,14.0164
2026-05-09T17:25:26.570,-7.7447,0.0800,14.0250
2026-05-09T17:25:26.584,-7.7522,0.0800,14.0350
2026-05-09T17:25:26.597,-7.7583,0.0800,14.0436
2026-05-09T17:25:26.611,-7.7640,0.0800,14.0525
2026-05-09T17:25:26.625,-7.7697,0.0800,14.0613
2026-05-09T17:25:26.639,-7.7759,0.0800,14.0714
2026-05-09T17:25:26.653,-7.7808,0.0800,14.0803
2026-05-09T17:25:26.667,-7.7860,0.0800,14.0897
2026-05-09T17:25:26.681,-7.7918,0.0800,14.1005
2026-05-09T17:25:26.695,-7.7957,0.0800,14.1090
2026-05-09T17:25:26.708,-7.8007,0.0800,14.1193
2026-05-09T17:25:26.722,-7.8054,0.0800,14.1298
2026-05-09T17:25:26.736,-7.8090,0.0800,14.1391
2026-05-09T17:25:26.750,-7.8133,0.0800,14.1498
2026-05-09T17:25:26.764,-7.8170,0.0800,14.1598
2026-05-09T17:25:26.777,-7.8209,0.0800,14.1711
2026-05-09T17:25:26.791,-7.8237,0.0800,14.1806
2026-05-09T17:25:26.805,-7.8269,0.0800,14.1913
2026-05-09T17:25:26.818,-7.8301,0.0800,14.2028
2026-05-09T17:25:26.833,-7.8321,0.0800,14.2119
2026-05-09T17:25:26.847,-7.8346,0.0800,14.2230
2026-05-09T17:25:26.860,-7.8370,0.0800,14.2344
2026-05-09T17:25:26.873,-7.8387,0.0800,14.2449
2026-05-09T17:25:26.888,-7.8404,0.0800,14.2555
2026-05-09T17:25:26.901,-7.8419,0.0800,14.2663
2026-05-09T17:25:26.916,-7.8430,0.0800,14.2776
2026-05-09T17:25:26.930,-7.8440,0.0800,14.2883
2026-05-09T17:25:26.944,-7.8448,0.0800,14.3003
2026-05-09T17:25:26.957,-7.8454,0.0800,14.3124
2026-05-09T17:25:26.971,-7.8455,0.0800,14.3222
2026-05-09T17:25:26.985,-7.8455,0.0800,14.3330
2026-05-09T17:25:26.998,-7.8453,0.0800,14.3447
2026-05-09T17:25:27.013,-7.8447,0.0800,14.3550
2026-05-09T17:25:27.027,-7.8440,0.0800,14.3663
2026-05-09T17:25:27.040,-7.8429,0.0800,14.3786
2026-05-09T17:25:27.055,-7.8423,0.0800,14.3835
2026-05-09T17:25:27.069,-7.8434,0.0800,14.3851
2026-05-09T17:25:27.082,-7.8445,0.0800,14.3870
2026-05-09T17:25:27.096,-7.8445,0.0800,14.3869
2026-05-09T17:25:27.110,-7.8444,0.0800,14.3882
2026-05-09T17:25:27.124,-7.8442,0.0800,14.3896
2026-05-09T17:25:27.137,-7.8440,0.0800,14.3911
2026-05-09T17:25:27.165,-7.8437,0.0800,14.3923
2026-05-09T17:25:27.179,-7.8434,0.0800,14.3938
2026-05-09T17:25:27.193,-7.8434,0.0800,14.3937
2026-05-09T17:25:27.207,-7.8466,0.0800,14.3855
2026-05-09T17:25:27.221,-7.8514,0.0800,14.3740
2026-05-09T17:25:27.236,-7.8618,0.0800,14.3493
2026-05-09T17:25:27.249,-7.8764,0.0800,14.3171
2026-05-09T17:25:27.263,-7.8928,0.0800,14.2826
2026-05-09T17:25:27.276,-7.9160,0.0800,14.2357
2026-05-09T17:25:27.290,-7.9381,0.0800,14.1928
2026-05-09T17:25:27.304,-7.9639,0.0800,14.1443
2026-05-09T17:25:27.318,-7.9908,0.0800,14.0953
2026-05-09T17:25:27.333,-8.0183,0.0800,14.0468
2026-05-09T17:25:27.346,-8.0485,0.0800,13.9948
2026-05-09T17:25:27.359,-8.0778,0.0800,13.9460
2026-05-09T17:25:27.374,-8.1060,0.0800,13.9002
2026-05-09T17:25:27.388,-8.1366,0.0800,13.8516
2026-05-09T17:25:27.402,-8.1706,0.0800,13.7988
2026-05-09T17:25:27.416,-8.2058,0.0800,13.7454
2026-05-09T17:25:27.430,-8.2378,0.0800,13.6981
2026-05-09T17:25:27.444,-8.2735,0.0800,13.6462
2026-05-09T17:25:27.458,-8.3105,0.0800,13.5935
2026-05-09T17:25:27.472,-8.3463,0.0800,13.5436
2026-05-09T17:25:27.486,-8.3844,0.0800,13.4913
2026-05-09T17:25:27.499,-8.4233,0.0800,13.4391
2026-05-09T17:25:27.514,-8.4670,0.0800,13.3812
2026-05-09T17:25:27.528,-8.5029,0.0800,13.3345
2026-05-09T17:25:27.541,-8.5466,0.0800,13.2783
2026-05-09T17:25:27.556,-8.5850,0.0800,13.2296
2026-05-09T17:25:27.570,-8.6249,0.0800,13.1796
2026-05-09T17:25:27.583,-8.6724,0.0800,13.1207
2026-05-09T17:25:27.598,-8.7132,0.0800,13.0709
2026-05-09T17:25:27.611,-8.7555,0.0800,13.0197
2026-05-09T17:25:27.625,-8.8012,0.0800,12.9650
2026-05-09T17:25:27.638,-8.8434,0.0800,12.9152
2026-05-09T17:25:27.653,-8.8873,0.0800,12.8638
2026-05-09T17:25:27.667,-8.9304,0.0800,12.8133
2026-05-09T17:25:27.681,-8.9814,0.0800,12.7536
2026-05-09T17:25:27.695,-9.0234,0.0800,12.7045
2026-05-09T17:25:27.709,-9.0672,0.0800,12.6532
2026-05-09T17:25:27.723,-9.1143,0.0800,12.5981
2026-05-09T17:25:27.737,-9.1563,0.0800,12.5484
2026-05-09T17:25:27.751,-9.1990,0.0800,12.4973
2026-05-09T17:25:27.765,-9.2396,0.0800,12.4478
2026-05-09T17:25:27.779,-9.2816,0.0800,12.3957
2026-05-09T17:25:27.793,-9.3204,0.0800,12.3467
2026-05-09T17:25:27.807,-9.3599,0.0800,12.2958
2026-05-09T17:25:27.821,-9.3978,0.0800,12.2459
2026-05-09T17:25:27.835,-9.4330,0.0800,12.1989
2026-05-09T17:25:27.849,-9.4710,0.0800,12.1468
2026-05-09T17:25:27.863,-9.5050,0.0800,12.0991
2026-05-09T17:25:27.876,-9.5395,0.0800,12.0493
2026-05-09T17:25:27.890,-9.5709,0.0800,12.0029
2026-05-09T17:25:27.905,-9.6026,0.0800,11.9549
2026-05-09T17:25:27.918,-9.6373,0.0800,11.9008
2026-05-09T17:25:27.932,-9.6657,0.0800,11.8551
2026-05-09T17:25:27.946,-9.6965,0.0800,11.8042
2026-05-09T17:25:27.960,-9.7255,0.0800,11.7548
2026-05-09T17:25:27.974,-9.7524,0.0800,11.7077
2026-05-09T17:25:27.988,-9.7798,0.0800,11.6582
2026-05-09T17:25:28.001,-9.8076,0.0800,11.6064
2026-05-09T17:25:28.015,-9.8349,0.0800,11.5538
2026-05-09T17:25:28.029,-9.8581,0.0800,11.5077
2026-05-09T17:25:28.042,-9.8840,0.0800,11.4548
2026-05-09T17:25:28.057,-9.9080,0.0800,11.4038
2026-05-09T17:25:28.070,-9.9298,0.0800,11.3561
2026-05-09T17:25:28.084,-9.9558,0.0800,11.2975
2026-05-09T17:25:28.097,-9.9770,0.0800,11.2478
2026-05-09T17:25:28.112,-10.0008,0.0800,11.1904
2026-05-09T17:25:28.126,-10.0229,0.0800,11.1352
2026-05-09T17:25:28.138,-10.0461,0.0800,11.0758
2026-05-09T17:25:28.153,-10.0680,0.0800,11.0178
2026-05-09T17:25:28.167,-10.0875,0.0800,10.9647
2026-05-09T17:25:28.180,-10.1106,0.0800,10.9004
2026-05-09T17:25:28.194,-10.1303,0.0800,10.8438
2026-05-09T17:25:28.208,-10.1500,0.0800,10.7856
2026-05-09T17:25:28.221,-10.1704,0.0800,10.7237
2026-05-09T17:25:28.235,-10.1886,0.0800,10.6665
2026-05-09T17:25:28.249,-10.2069,0.0800,10.6073
2026-05-09T17:25:28.262,-10.2245,0.0800,10.5486
2026-05-09T17:25:28.277,-10.2418,0.0800,10.4889
2026-05-09T17:25:28.291,-10.2569,0.0800,10.4348
2026-05-09T17:25:28.305,-10.2724,0.0800,10.3770
2026-05-09T17:25:28.318,-10.2869,0.0800,10.3200
2026-05-09T17:25:28.333,-10.2991,0.0800,10.2691
2026-05-09T17:25:28.346,-10.3118,0.0800,10.2131
2026-05-09T17:25:28.360,-10.3220,0.0800,10.1653
2026-05-09T17:25:28.374,-10.3314,0.0800,10.1174
2026-05-09T17:25:28.388,-10.3392,0.0800,10.0745
2026-05-09T17:25:28.401,-10.3469,0.0800,10.0285
2026-05-09T17:25:28.415,-10.3537,0.0800,9.9821
2026-05-09T17:25:28.430,-10.3587,0.0800,9.9433
2026-05-09T17:25:28.442,-10.3634,0.0800,9.9028
2026-05-09T17:25:28.457,-10.3670,0.0800,9.8641
2026-05-09T17:25:28.471,-10.3696,0.0800,9.8317
2026-05-09T17:25:28.485,-10.3716,0.0800,9.7976
2026-05-09T17:25:28.498,-10.3730,0.0800,9.7647
2026-05-09T17:25:28.513,-10.3734,0.0800,9.7369
2026-05-09T17:25:28.527,-10.3735,0.0800,9.7081
2026-05-09T17:25:28.540,-10.3730,0.0800,9.6785
2026-05-09T17:25:28.554,-10.3720,0.0800,9.6553
2026-05-09T17:25:28.568,-10.3715,0.0800,9.6462
2026-05-09T17:25:28.582,-10.3714,0.0800,9.6448
2026-05-09T17:25:28.665,-10.3715,0.0800,9.6467
2026-05-09T17:25:28.679,-10.3718,0.0800,9.6515
2026-05-09T17:25:28.693,-10.3729,0.0800,9.6654
2026-05-09T17:25:28.707,-10.3743,0.0800,9.6853
2026-05-09T17:25:28.720,-10.3765,0.0800,9.7152
2026-05-09T17:25:28.735,-10.3800,0.0800,9.7630
2026-05-09T17:25:28.749,-10.3852,0.0800,9.8291
2026-05-09T17:25:28.762,-10.3907,0.0800,9.8916
2026-05-09T17:25:28.776,-10.3969,0.0800,9.9563
2026-05-09T17:25:28.791,-10.4031,0.0800,10.0167
2026-05-09T17:25:28.804,-10.4101,0.0800,10.0784
2026-05-09T17:25:28.818,-10.4185,0.0800,10.1479
2026-05-09T17:25:28.832,-10.4264,0.0800,10.2087
2026-05-09T17:25:28.846,-10.4350,0.0800,10.2703
2026-05-09T17:25:28.859,-10.4426,0.0800,10.3207
2026-05-09T17:25:28.873,-10.4455,0.0800,10.3381
2026-05-09T17:25:28.887,-10.4463,0.0800,10.3427
2026-05-09T17:25:28.901,-10.4458,0.0800,10.3402
2026-05-09T17:25:28.916,-10.4441,0.0800,10.3311
2026-05-09T17:25:28.929,-10.4397,0.0800,10.3090
2026-05-09T17:25:28.943,-10.4331,0.0800,10.2774
2026-05-09T17:25:28.956,-10.4235,0.0800,10.2348
2026-05-09T17:25:28.970,-10.4125,0.0800,10.1894
2026-05-09T17:25:28.984,-10.4004,0.0800,10.1426
2026-05-09T17:25:28.998,-10.3852,0.0800,10.0869
2026-05-09T17:25:29.011,-10.3696,0.0800,10.0329
2026-05-09T17:25:29.026,-10.3532,0.0800,9.9783
2026-05-09T17:25:29.039,-10.3356,0.0800,9.9217
2026-05-09T17:25:29.054,-10.3151,0.0800,9.8584
2026-05-09T17:25:29.068,-10.2997,0.0800,9.8127
2026-05-09T17:25:29.082,-10.2849,0.0800,9.7700
2026-05-09T17:25:29.095,-10.2787,0.0800,9.7523
2026-05-09T17:25:29.109,-10.2747,0.0800,9.7411
2026-05-09T17:25:29.123,-10.2725,0.0800,9.7350
2026-05-09T17:25:29.485,-10.2719,0.0800,9.7332
2026-05-09T17:25:29.499,-10.2596,0.0800,9.6987
2026-05-09T17:25:29.514,-10.2424,0.0800,9.6519
2026-05-09T17:25:29.526,-10.2235,0.0800,9.6026
2026-05-09T17:25:29.540,-10.1986,0.0800,9.5405
2026-05-09T17:25:29.555,-10.1818,0.0800,9.5007
2026-05-09T17:25:29.568,-10.1605,0.0800,9.4518
2026-05-09T17:25:29.582,-10.1328,0.0800,9.3897
2026-05-09T17:25:29.596,-10.1087,0.0800,9.3375
2026-05-09T17:25:29.611,-10.0822,0.0800,9.2816
2026-05-09T17:25:29.625,-10.0528,0.0800,9.2212
2026-05-09T17:25:29.638,-10.0213,0.0800,9.1576
2026-05-09T17:25:29.652,-9.9915,0.0800,9.0985
2026-05-09T17:25:29.666,-9.9629,0.0800,9.0427
2026-05-09T17:25:29.679,-9.9289,0.0800,8.9768
2026-05-09T17:25:29.694,-9.8980,0.0800,8.9169
2026-05-09T17:25:29.708,-9.8684,0.0800,8.8595
2026-05-09T17:25:29.722,-9.8341,0.0800,8.7928
2026-05-09T17:25:29.736,-9.8026,0.0800,8.7314
2026-05-09T17:25:29.750,-9.7705,0.0800,8.6689
2026-05-09T17:25:29.764,-9.7382,0.0800,8.6058
2026-05-09T17:25:29.777,-9.7063,0.0800,8.5436
2026-05-09T17:25:29.792,-9.6752,0.0800,8.4828
2026-05-09T17:25:29.805,-9.6443,0.0800,8.4226
2026-05-09T17:25:29.819,-9.6107,0.0800,8.3571
2026-05-09T17:25:29.833,-9.5821,0.0800,8.3013
2026-05-09T17:25:29.847,-9.5498,0.0800,8.2391
2026-05-09T17:25:29.861,-9.5236,0.0800,8.1898
2026-05-09T17:25:29.875,-9.4957,0.0800,8.1386
2026-05-09T17:25:29.889,-9.4716,0.0800,8.1190
2026-05-09T17:25:29.902,-9.4513,0.0800,8.1181
2026-05-09T17:25:29.917,-9.4316,0.0800,8.1174
2026-05-09T17:25:29.931,-9.4175,0.0800,8.1165
2026-05-09T17:25:29.944,-9.4016,0.0800,8.1154
2026-05-09T17:25:29.958,-9.3898,0.0800,8.1144
2026-05-09T17:25:29.973,-9.3902,0.0800,8.1150
2026-05-09T17:25:29.986,-9.3919,0.0800,8.1175
2026-05-09T17:25:30.000,-9.3947,0.0800,8.1212
2026-05-09T17:25:30.014,-9.3998,0.0800,8.1282
2026-05-09T17:25:30.028,-9.4077,0.0800,8.1390
2026-05-09T17:25:30.041,-9.4223,0.0800,8.1588
2026-05-09T17:25:30.056,-9.4470,0.0800,8.1914
2026-05-09T17:25:30.069,-9.4719,0.0800,8.2230
2026-05-09T17:25:30.083,-9.5052,0.0800,8.2642
2026-05-09T17:25:30.097,-9.5344,0.0800,8.2990
2026-05-09T17:25:30.111,-9.5675,0.0800,8.3373
2026-05-09T17:25:30.125,-9.6057,0.0800,8.3802
2026-05-09T17:25:30.139,-9.6408,0.0800,8.4187
2026-05-09T17:25:30.153,-9.6819,0.0800,8.4625
2026-05-09T17:25:30.167,-9.7199,0.0800,8.5020
2026-05-09T17:25:30.180,-9.7618,0.0800,8.5445
2026-05-09T17:25:30.195,-9.8013,0.0800,8.5835
2026-05-09T17:25:30.208,-9.8405,0.0800,8.6213
2026-05-09T17:25:30.222,-9.8876,0.0800,8.6657
2026-05-09T17:25:30.236,-9.9225,0.0800,8.6976
2026-05-09T17:25:30.250,-9.9649,0.0800,8.7356
2026-05-09T17:25:30.264,-10.0041,0.0800,8.7699
2026-05-09T17:25:30.277,-10.0422,0.0800,8.8022
2026-05-09T17:25:30.291,-10.0765,0.0800,8.8305
2026-05-09T17:25:30.306,-10.1068,0.0800,8.8546
2026-05-09T17:25:30.319,-10.1382,0.0800,8.8788
2026-05-09T17:25:30.334,-10.1709,0.0800,8.9030
2026-05-09T17:25:30.348,-10.2012,0.0800,8.9246
2026-05-09T17:25:30.361,-10.2334,0.0800,8.9467
2026-05-09T17:25:30.375,-10.2658,0.0800,8.9681
2026-05-09T17:25:30.389,-10.2965,0.0800,8.9875
2026-05-09T17:25:30.403,-10.3285,0.0800,9.0070
2026-05-09T17:25:30.417,-10.3634,0.0800,9.0274
2026-05-09T17:25:30.431,-10.3926,0.0800,9.0437
2026-05-09T17:25:30.444,-10.4231,0.0800,9.0602
2026-05-09T17:25:30.458,-10.4499,0.0800,9.0740
2026-05-09T17:25:30.473,-10.4730,0.0800,9.0852
2026-05-09T17:25:30.487,-10.4911,0.0800,9.0937
2026-05-09T17:25:30.500,-10.5087,0.0800,9.1014
2026-05-09T17:25:30.514,-10.5281,0.0800,9.1095
2026-05-09T17:25:30.528,-10.5435,0.0800,9.1155
2026-05-09T17:25:30.541,-10.5602,0.0800,9.1216
2026-05-09T17:25:30.556,-10.5774,0.0800,9.1275
2026-05-09T17:25:30.570,-10.5929,0.0800,9.1324
2026-05-09T17:25:30.583,-10.6108,0.0800,9.1377
2026-05-09T17:25:30.597,-10.6257,0.0800,9.1418
2026-05-09T17:25:30.611,-10.6369,0.0800,9.1446
2026-05-09T17:25:30.625,-10.6405,0.0800,9.1455
2026-05-09T17:25:30.639,-10.6393,0.0800,9.1453
2026-05-09T17:25:30.653,-10.6364,0.0800,9.1448
2026-05-09T17:25:30.667,-10.6284,0.0800,9.1436
2026-05-09T17:25:30.680,-10.6181,0.0800,9.1422
2026-05-09T17:25:30.695,-10.6090,0.0800,9.1412
2026-05-09T17:25:30.708,-10.5985,0.0800,9.1403
2026-05-09T17:25:30.722,-10.5871,0.0800,9.1396
2026-05-09T17:25:30.736,-10.5784,0.0800,9.1392
2026-05-09T17:25:30.750,-10.5667,0.0800,9.1389
2026-05-09T17:25:30.764,-10.5560,0.0800,9.1389
2026-05-09T17:25:30.777,-10.5432,0.0800,9.1392
2026-05-09T17:25:30.792,-10.5309,0.0800,9.1397
2026-05-09T17:25:30.805,-10.5152,0.0800,9.1407
2026-05-09T17:25:30.819,-10.4957,0.0800,9.1423
2026-05-09T17:25:30.833,-10.4760,0.0800,9.1444
2026-05-09T17:25:30.847,-10.4521,0.0800,9.1474
2026-05-09T17:25:30.860,-10.4296,0.0800,9.1508
2026-05-09T17:25:30.874,-10.4066,0.0800,9.1547
2026-05-09T17:25:30.888,-10.3838,0.0800,9.1590
2026-05-09T17:25:30.902,-10.3602,0.0800,9.1641
2026-05-09T17:25:30.916,-10.3364,0.0800,9.1696
2026-05-09T17:25:30.930,-10.3145,0.0800,9.1752
2026-05-09T17:25:30.944,-10.2894,0.0800,9.1822
2026-05-09T17:25:30.958,-10.2655,0.0800,9.1894
2026-05-09T17:25:30.971,-10.2438,0.0800,9.1964
2026-05-09T17:25:30.985,-10.2215,0.0800,9.2041
2026-05-09T17:25:30.999,-10.1988,0.0800,9.2125
2026-05-09T17:25:31.013,-10.1764,0.0800,9.2212
2026-05-09T17:25:31.028,-10.1555,0.0800,9.2300
2026-05-09T17:25:31.041,-10.1320,0.0800,9.2403
2026-05-09T17:25:31.055,-10.1100,0.0800,9.2505
2026-05-09T17:25:31.069,-10.0895,0.0800,9.2606
2026-05-09T17:25:31.082,-10.0663,0.0800,9.2725
2026-05-09T17:25:31.096,-10.0467,0.0800,9.2832
2026-05-09T17:25:31.110,-10.0262,0.0800,9.2949
2026-05-09T17:25:31.124,-10.0059,0.0800,9.3071
2026-05-09T17:25:31.137,-9.9846,0.0800,9.3204
2026-05-09T17:25:31.152,-9.9644,0.0800,9.3336
2026-05-09T17:25:31.166,-9.9465,0.0800,9.3459
2026-05-09T17:25:31.180,-9.9249,0.0800,9.3612
2026-05-09T17:25:31.194,-9.9056,0.0800,9.3757
2026-05-09T17:25:31.207,-9.8871,0.0800,9.3901
2026-05-09T17:25:31.220,-9.8675,0.0800,9.4060
2026-05-09T17:25:31.235,-9.8516,0.0800,9.4196
2026-05-09T17:25:31.249,-9.8326,0.0800,9.4363
2026-05-09T17:25:31.262,-9.8152,0.0800,9.4523
2026-05-09T17:25:31.276,-9.7975,0.0800,9.4693
2026-05-09T17:25:31.290,-9.7814,0.0800,9.4854
2026-05-09T17:25:31.304,-9.7639,0.0800,9.5036
2026-05-09T17:25:31.317,-9.7477,0.0800,9.5213
2026-05-09T17:25:31.332,-9.7329,0.0800,9.5381
2026-05-09T17:25:31.346,-9.7173,0.0800,9.5564
2026-05-09T17:25:31.359,-9.7009,0.0800,9.5764
2026-05-09T17:25:31.373,-9.6864,0.0800,9.5952
2026-05-09T17:25:31.387,-9.6731,0.0800,9.6130
2026-05-09T17:25:31.401,-9.6587,0.0800,9.6331
2026-05-09T17:25:31.415,-9.6447,0.0800,9.6536
2026-05-09T17:25:31.429,-9.6323,0.0800,9.6725
2026-05-09T17:25:31.442,-9.6187,0.0800,9.6941
2026-05-09T17:25:31.456,-9.6069,0.0800,9.7141
2026-05-09T17:25:31.471,-9.5959,0.0800,9.7334
2026-05-09T17:25:31.484,-9.5838,0.0800,9.7556
2026-05-09T17:25:31.498,-9.5720,0.0800,9.7785
2026-05-09T17:25:31.512,-9.5620,0.0800,9.7988
2026-05-09T17:25:31.527,-9.5521,0.0800,9.8201
2026-05-09T17:25:31.539,-9.5422,0.0800,9.8426
2026-05-09T17:25:31.554,-9.5329,0.0800,9.8651
2026-05-09T17:25:31.568,-9.5245,0.0800,9.8864
2026-05-09T17:25:31.581,-9.5157,0.0800,9.9103
2026-05-09T17:25:31.596,-9.5082,0.0800,9.9320
2026-05-09T17:25:31.610,-9.5014,0.0800,9.9530
2026-05-09T17:25:31.623,-9.4938,0.0800,9.9784
2026-05-09T17:25:31.637,-9.4871,0.0800,10.0024
2026-05-09T17:25:31.651,-9.4817,0.0800,10.0239
2026-05-09T17:25:31.665,-9.4763,0.0800,10.0471
2026-05-09T17:25:31.678,-9.4711,0.0800,10.0718
2026-05-09T17:25:31.693,-9.4669,0.0800,10.0943
2026-05-09T17:25:31.707,-9.4631,0.0800,10.1171
2026-05-09T17:25:31.720,-9.4594,0.0800,10.1430
2026-05-09T17:25:31.735,-9.4560,0.0800,10.1703
2026-05-09T17:25:31.748,-9.4524,0.0800,10.2061
2026-05-09T17:25:31.762,-9.4498,0.0800,10.2387
2026-05-09T17:25:31.776,-9.4474,0.0800,10.2732
2026-05-09T17:25:31.791,-9.4451,0.0800,10.3094
2026-05-09T17:25:31.804,-9.4406,0.0800,10.3808
2026-05-09T17:25:31.818,-9.4365,0.0800,10.4487
2026-05-09T17:25:31.832,-9.4322,0.0800,10.5120
2026-05-09T17:25:31.846,-9.4279,0.0800,10.5682
2026-05-09T17:25:31.860,-9.4225,0.0800,10.6307
2026-05-09T17:25:31.873,-9.4169,0.0800,10.6881
2026-05-09T17:25:31.887,-9.4112,0.0800,10.7390
2026-05-09T17:25:31.902,-9.4053,0.0800,10.7860
2026-05-09T17:25:31.915,-9.3986,0.0800,10.8342
2026-05-09T17:25:31.929,-9.3921,0.0800,10.8750
2026-05-09T17:25:31.942,-9.3862,0.0800,10.9080
2026-05-09T17:25:31.958,-9.3803,0.0800,10.9386
2026-05-09T17:25:31.971,-9.3758,0.0800,10.9587
2026-05-09T17:25:31.985,-9.3706,0.0800,10.9801
2026-05-09T17:25:31.998,-9.3660,0.0800,10.9971
2026-05-09T17:25:32.013,-9.3610,0.0800,11.0144
2026-05-09T17:25:32.027,-9.3563,0.0800,11.0290
2026-05-09T17:25:32.040,-9.3510,0.0800,11.0445
2026-05-09T17:25:32.054,-9.3462,0.0800,11.0581
2026-05-09T17:25:32.068,-9.3412,0.0800,11.0707
2026-05-09T17:25:32.081,-9.3357,0.0800,11.0835
2026-05-09T17:25:32.096,-9.3301,0.0800,11.0967
2026-05-09T17:25:32.110,-9.3241,0.0800,11.1094
2026-05-09T17:25:32.123,-9.3148,0.0800,11.1283
2026-05-09T17:25:32.137,-9.3032,0.0800,11.1507
2026-05-09T17:25:32.151,-9.2906,0.0800,11.1747
2026-05-09T17:25:32.165,-9.2770,0.0800,11.1987
2026-05-09T17:25:32.178,-9.2622,0.0800,11.2239
2026-05-09T17:25:32.193,-9.2451,0.0800,11.2524
2026-05-09T17:25:32.207,-9.2299,0.0800,11.2760
2026-05-09T17:25:32.220,-9.2122,0.0800,11.3026
2026-05-09T17:25:32.235,-9.1948,0.0800,11.3281
2026-05-09T17:25:32.248,-9.1773,0.0800,11.3522
2026-05-09T17:25:32.262,-9.1594,0.0800,11.3759
2026-05-09T17:25:32.277,-9.1398,0.0800,11.4014
2026-05-09T17:25:32.290,-9.1216,0.0800,11.4235
2026-05-09T17:25:32.304,-9.1016,0.0800,11.4470
2026-05-09T17:25:32.317,-9.0820,0.0800,11.4690
2026-05-09T17:25:32.332,-9.0623,0.0800,11.4908
2026-05-09T17:25:32.346,-9.0421,0.0800,11.5118
2026-05-09T17:25:32.359,-9.0194,0.0800,11.5344
2026-05-09T17:25:32.373,-8.9974,0.0800,11.5561
2026-05-09T17:25:32.387,-8.9765,0.0800,11.5754
2026-05-09T17:25:32.401,-8.9521,0.0800,11.5972
2026-05-09T17:25:32.414,-8.9188,0.0800,11.6263
2026-05-09T17:25:32.428,-8.8829,0.0800,11.6563
2026-05-09T17:25:32.442,-8.8418,0.0800,11.6897
2026-05-09T17:25:32.458,-8.7883,0.0800,11.7326
2026-05-09T17:25:32.471,-8.7339,0.0800,11.7761
2026-05-09T17:25:32.485,-8.6730,0.0800,11.8247
2026-05-09T17:25:32.499,-8.6212,0.0800,11.8661
2026-05-09T17:25:32.512,-8.5665,0.0800,11.9096
2026-05-09T17:25:32.527,-8.5161,0.0800,11.9497
2026-05-09T17:25:32.540,-8.4681,0.0800,11.9872
2026-05-09T17:25:32.554,-8.4192,0.0800,12.0249
2026-05-09T17:25:32.568,-8.3823,0.0800,12.0522
2026-05-09T17:25:32.581,-8.3411,0.0800,12.0819
2026-05-09T17:25:32.596,-8.3046,0.0800,12.1075
2026-05-09T17:25:32.610,-8.2700,0.0800,12.1306
2026-05-09T17:25:32.624,-8.2293,0.0800,12.1568
2026-05-09T17:25:32.637,-8.1913,0.0800,12.1802
2026-05-09T17:25:32.651,-8.1536,0.0800,12.2029
2026-05-09T17:25:32.665,-8.1180,0.0800,12.2231
2026-05-09T17:25:32.678,-8.0742,0.0800,12.2473
2026-05-09T17:25:32.693,-8.0324,0.0800,12.2697
2026-05-09T17:25:32.708,-7.9905,0.0800,12.2910
2026-05-09T17:25:32.721,-7.9447,0.0800,12.3135
2026-05-09T17:25:32.735,-7.8979,0.0800,12.3360
2026-05-09T17:25:32.749,-7.8526,0.0800,12.3565
2026-05-09T17:25:32.763,-7.8076,0.0800,12.3760
2026-05-09T17:25:32.776,-7.7611,0.0800,12.3957
2026-05-09T17:25:32.791,-7.7163,0.0800,12.4136
2026-05-09T17:25:32.805,-7.6725,0.0800,12.4303
2026-05-09T17:25:32.818,-7.6214,0.0800,12.4489
2026-05-09T17:25:32.833,-7.5749,0.0800,12.4653
2026-05-09T17:25:32.846,-7.5249,0.0800,12.4817
2026-05-09T17:25:32.860,-7.4794,0.0800,12.4959
2026-05-09T17:25:32.874,-7.4266,0.0800,12.5118
2026-05-09T17:25:32.888,-7.3609,0.0800,12.5303
2026-05-09T17:25:32.902,-7.3175,0.0800,12.5418
2026-05-09T17:25:32.917,-7.2588,0.0800,12.5569
2026-05-09T17:25:32.932,-7.2010,0.0800,12.5708
2026-05-09T17:25:32.946,-7.1358,0.0800,12.5858
2026-05-09T17:25:32.960,-7.0678,0.0800,12.6008
2026-05-09T17:25:32.975,-7.0013,0.0800,12.6150
2026-05-09T17:25:32.990,-6.9351,0.0800,12.6286
2026-05-09T17:25:33.003,-6.8638,0.0800,12.6428
2026-05-09T17:25:33.017,-6.7933,0.0800,12.6564
2026-05-09T17:25:33.032,-6.7329,0.0800,12.6679
2026-05-09T17:25:33.046,-6.6677,0.0800,12.6798
2026-05-09T17:25:33.059,-6.6004,0.0800,12.6919
2026-05-09T17:25:33.073,-6.5319,0.0800,12.7039
2026-05-09T17:25:33.088,-6.4708,0.0800,12.7143
2026-05-09T17:25:33.101,-6.4077,0.0800,12.7247
2026-05-09T17:25:33.116,-6.3351,0.0800,12.7365
2026-05-09T17:25:33.130,-6.2759,0.0800,12.7458
2026-05-09T17:25:33.142,-6.2072,0.0800,12.7562
2026-05-09T17:25:33.157,-6.1461,0.0800,12.7654
2026-05-09T17:25:33.171,-6.0879,0.0800,12.7738
2026-05-09T17:25:33.185,-6.0235,0.0800,12.7832
2026-05-09T17:25:33.199,-5.9672,0.0800,12.7914
2026-05-09T17:25:33.213,-5.9116,0.0800,12.7995
2026-05-09T17:25:33.226,-5.8655,0.0800,12.8062
2026-05-09T17:25:33.240,-5.8186,0.0800,12.8130
2026-05-09T17:25:33.255,-5.7754,0.0800,12.8193
2026-05-09T17:25:33.269,-5.7320,0.0800,12.8256
2026-05-09T17:25:33.282,-5.6733,0.0800,12.8341
2026-05-09T17:25:33.296,-5.6183,0.0800,12.8423
2026-05-09T17:25:33.310,-5.5577,0.0800,12.8518
2026-05-09T17:25:33.325,-5.4958,0.0800,12.8621
2026-05-09T17:25:33.338,-5.4322,0.0800,12.8733
2026-05-09T17:25:33.352,-5.3676,0.0800,12.8851
2026-05-09T17:25:33.366,-5.3119,0.0800,12.8961
2026-05-09T17:25:33.379,-5.2484,0.0800,12.9093
2026-05-09T17:25:33.394,-5.1891,0.0800,12.9219
2026-05-09T17:25:33.408,-5.1292,0.0800,12.9356
2026-05-09T17:25:33.421,-5.0629,0.0800,12.9513
2026-05-09T17:25:33.435,-5.0010,0.0800,12.9663
2026-05-09T17:25:33.449,-4.9384,0.0800,12.9823
2026-05-09T17:25:33.462,-4.8768,0.0800,12.9986
2026-05-09T17:25:33.477,-4.8129,0.0800,13.0159
2026-05-09T17:25:33.491,-4.7561,0.0800,13.0320
2026-05-09T17:25:33.504,-4.6912,0.0800,13.0510
2026-05-09T17:25:33.518,-4.6303,0.0800,13.0694
2026-05-09T17:25:33.532,-4.5711,0.0800,13.0875
2026-05-09T17:25:33.546,-4.5089,0.0800,13.1075
2026-05-09T17:25:33.559,-4.4474,0.0800,13.1277
2026-05-09T17:25:33.574,-4.3804,0.0800,13.1500
2026-05-09T17:25:33.588,-4.3221,0.0800,13.1701
2026-05-09T17:25:33.601,-4.2560,0.0800,13.1932
2026-05-09T17:25:33.615,-4.1864,0.0800,13.2176
2026-05-09T17:25:33.629,-4.1285,0.0800,13.2380
2026-05-09T17:25:33.643,-4.0581,0.0800,13.2629
2026-05-09T17:25:33.657,-3.9934,0.0800,13.2857
2026-05-09T17:25:33.671,-3.9306,0.0800,13.3079
2026-05-09T17:25:33.684,-3.8622,0.0800,13.3321
2026-05-09T17:25:33.698,-3.7980,0.0800,13.3548
2026-05-09T17:25:33.712,-3.7352,0.0800,13.3769
2026-05-09T17:25:33.726,-3.6725,0.0800,13.3991
2026-05-09T17:25:33.739,-3.6049,0.0800,13.4229
2026-05-09T17:25:33.754,-3.5392,0.0800,13.4461
2026-05-09T17:25:33.768,-3.4755,0.0800,13.4686
2026-05-09T17:25:33.781,-3.4033,0.0800,13.4940
2026-05-09T17:25:33.796,-3.3427,0.0800,13.5153
2026-05-09T17:25:33.809,-3.2804,0.0800,13.5372
2026-05-09T17:25:33.824,-3.2121,0.0800,13.5612
2026-05-09T17:25:33.837,-3.1452,0.0800,13.5847
2026-05-09T17:25:33.851,-3.0801,0.0800,13.6075
2026-05-09T17:25:33.865,-3.0188,0.0800,13.6290
2026-05-09T17:25:33.879,-2.9458,0.0800,13.6546
2026-05-09T17:25:33.893,-2.8834,0.0800,13.6764
2026-05-09T17:25:33.907,-2.8201,0.0800,13.6985
2026-05-09T17:25:33.920,-2.7558,0.0800,13.7210
2026-05-09T17:25:33.935,-2.6901,0.0800,13.7439
2026-05-09T17:25:33.948,-2.6196,0.0800,13.7684
2026-05-09T17:25:33.961,-2.5594,0.0800,13.7893
2026-05-09T17:25:33.975,-2.4964,0.0800,13.8112
2026-05-09T17:25:33.990,-2.4328,0.0800,13.8332
2026-05-09T17:25:34.003,-2.3674,0.0800,13.8559
2026-05-09T17:25:34.017,-2.2990,0.0800,13.8795
2026-05-09T17:25:34.031,-2.2379,0.0800,13.9006
2026-05-09T17:25:34.045,-2.1694,0.0800,13.9243
2026-05-09T17:25:34.059,-2.1088,0.0800,13.9453
2026-05-09T17:25:34.073,-2.0444,0.0800,13.9675
2026-05-09T17:25:34.087,-1.9792,0.0800,13.9901
2026-05-09T17:25:34.101,-1.9166,0.0800,14.0120
2026-05-09T17:25:34.115,-1.8476,0.0800,14.0363
2026-05-09T17:25:34.129,-1.7909,0.0800,14.0570
2026-05-09T17:25:34.142,-1.7290,0.0800,14.0801
2026-05-09T17:25:34.157,-1.6702,0.0800,14.1024
2026-05-09T17:25:34.170,-1.6184,0.0800,14.1229
2026-05-09T17:25:34.184,-1.5532,0.0800,14.1494
2026-05-09T17:25:34.198,-1.5044,0.0800,14.1702
2026-05-09T17:25:34.212,-1.4535,0.0800,14.1920
2026-05-09T17:25:34.226,-1.4029,0.0800,14.2150
2026-05-09T17:25:34.239,-1.3500,0.0800,14.2400
2026-05-09T17:25:34.254,-1.3044,0.0800,14.2617
2026-05-09T17:25:34.268,-1.2609,0.0800,14.2839
2026-05-09T17:25:34.281,-1.2162,0.0800,14.3076
2026-05-09T17:25:34.295,-1.1813,0.0800,14.3263
2026-05-09T17:25:34.309,-1.1510,0.0800,14.3440
2026-05-09T17:25:34.323,-1.1202,0.0800,14.3628
2026-05-09T17:25:34.337,-1.0928,0.0800,14.3795
2026-05-09T17:25:34.351,-1.0664,0.0800,14.3971
2026-05-09T17:25:34.365,-1.0410,0.0800,14.4148
2026-05-09T17:25:34.378,-1.0143,0.0800,14.4342
2026-05-09T17:25:34.392,-0.9907,0.0800,14.4511
2026-05-09T17:25:34.406,-0.9671,0.0800,14.4698
2026-05-09T17:25:34.419,-0.9423,0.0800,14.4901
2026-05-09T17:25:34.434,-0.9205,0.0800,14.5079
2026-05-09T17:25:34.447,-0.8967,0.0800,14.5291
2026-05-09T17:25:34.461,-0.8784,0.0800,14.5463
2026-05-09T17:25:34.474,-0.8614,0.0800,14.5621
2026-05-09T17:25:34.488,-0.8478,0.0800,14.5763
2026-05-09T17:25:34.501,-0.8354,0.0800,14.5899
2026-05-09T17:25:34.516,-0.8226,0.0800,14.6034
2026-05-09T17:25:34.529,-0.8129,0.0800,14.6150
2026-05-09T17:25:34.543,-0.8025,0.0800,14.6282
2026-05-09T17:25:34.557,-0.7968,0.0800,14.6349
2026-05-09T17:25:34.571,-0.7924,0.0800,14.6417
2026-05-09T17:25:34.584,-0.7887,0.0800,14.6480
2026-05-09T17:25:34.598,-0.7864,0.0800,14.6524
2026-05-09T17:25:34.612,-0.7843,0.0800,14.6555
2026-05-09T17:25:34.626,-0.7823,0.0800,14.6600
2026-05-09T17:25:34.639,-0.7803,0.0800,14.6647
2026-05-09T17:25:34.653,-0.7784,0.0800,14.6678
2026-05-09T17:25:34.667,-0.7762,0.0800,14.6731
2026-05-09T17:25:34.681,-0.7735,0.0800,14.6800
2026-05-09T17:25:34.695,-0.7704,0.0800,14.6857
2026-05-09T17:25:34.708,-0.7659,0.0800,14.6967
2026-05-09T17:25:34.722,-0.7611,0.0800,14.7089
2026-05-09T17:25:34.736,-0.7560,0.0800,14.7204
2026-05-09T17:25:34.750,-0.7508,0.0800,14.7348
2026-05-09T17:25:34.763,-0.7462,0.0800,14.7486
2026-05-09T17:25:34.777,-0.7406,0.0800,14.7640
2026-05-09T17:25:34.791,-0.7354,0.0800,14.7816
2026-05-09T17:25:34.805,-0.7296,0.0800,14.8019
2026-05-09T17:25:34.818,-0.7241,0.0800,14.8234
2026-05-09T17:25:34.833,-0.7187,0.0800,14.8426
2026-05-09T17:25:34.847,-0.7141,0.0800,14.8638
2026-05-09T17:25:34.860,-0.7094,0.0800,14.8872
2026-05-09T17:25:34.875,-0.7048,0.0800,14.9088
2026-05-09T17:25:34.889,-0.7013,0.0800,14.9313
2026-05-09T17:25:34.902,-0.6980,0.0800,14.9554
2026-05-09T17:25:34.916,-0.6945,0.0800,14.9795
2026-05-09T17:25:34.930,-0.6925,0.0800,15.0022
2026-05-09T17:25:34.943,-0.6909,0.0800,15.0266
2026-05-09T17:25:34.957,-0.6897,0.0800,15.0524
2026-05-09T17:25:34.971,-0.6885,0.0800,15.0755
2026-05-09T17:25:34.985,-0.6886,0.0800,15.1022
2026-05-09T17:25:34.999,-0.6892,0.0800,15.1275
2026-05-09T17:25:35.013,-0.6896,0.0800,15.1528
2026-05-09T17:25:35.027,-0.6913,0.0800,15.1781
2026-05-09T17:25:35.041,-0.6937,0.0800,15.2061
2026-05-09T17:25:35.055,-0.6956,0.0800,15.2309
2026-05-09T17:25:35.069,-0.6990,0.0800,15.2587
2026-05-09T17:25:35.082,-0.7033,0.0800,15.2881
2026-05-09T17:25:35.096,-0.7066,0.0800,15.3129
2026-05-09T17:25:35.111,-0.7116,0.0800,15.3397
2026-05-09T17:25:35.125,-0.7174,0.0800,15.3684
2026-05-09T17:25:35.137,-0.7238,0.0800,15.3971
2026-05-09T17:25:35.152,-0.7297,0.0800,15.4243
2026-05-09T17:25:35.165,-0.7363,0.0800,15.4490
2026-05-09T17:25:35.179,-0.7447,0.0800,15.4786
2026-05-09T17:25:35.193,-0.7521,0.0800,15.5055
2026-05-09T17:25:35.207,-0.7613,0.0800,15.5340
2026-05-09T17:25:35.221,-0.7718,0.0800,15.5641
2026-05-09T17:25:35.235,-0.7816,0.0800,15.5927
2026-05-09T17:25:35.249,-0.7932,0.0800,15.6220
2026-05-09T17:25:35.263,-0.8048,0.0800,15.6497
2026-05-09T17:25:35.277,-0.8168,0.0800,15.6786
2026-05-09T17:25:35.291,-0.8295,0.0800,15.7058
2026-05-09T17:25:35.305,-0.8439,0.0800,15.7351
2026-05-09T17:25:35.319,-0.8579,0.0800,15.7620
2026-05-09T17:25:35.333,-0.8712,0.0800,15.7880
2026-05-09T17:25:35.347,-0.8871,0.0800,15.8160
2026-05-09T17:25:35.360,-0.9031,0.0800,15.8428
2026-05-09T17:25:35.374,-0.9186,0.0800,15.8691
2026-05-09T17:25:35.388,-0.9348,0.0800,15.8942
2026-05-09T17:25:35.401,-0.9518,0.0800,15.9194
2026-05-09T17:25:35.416,-0.9696,0.0800,15.9460
2026-05-09T17:25:35.430,-0.9867,0.0800,15.9694
2026-05-09T17:25:35.444,-1.0075,0.0800,15.9968
2026-05-09T17:25:35.458,-1.0271,0.0800,16.0215
2026-05-09T17:25:35.472,-1.0464,0.0800,16.0461
2026-05-09T17:25:35.486,-1.0671,0.0800,16.0701
2026-05-09T17:25:35.500,-1.0874,0.0800,16.0928
2026-05-09T17:25:35.513,-1.1083,0.0800,16.1163
2026-05-09T17:25:35.527,-1.1308,0.0800,16.1395
2026-05-09T17:25:35.541,-1.1526,0.0800,16.1611
2026-05-09T17:25:35.556,-1.1749,0.0800,16.1835
2026-05-09T17:25:35.570,-1.1979,0.0800,16.2045
2026-05-09T17:25:35.583,-1.2252,0.0800,16.2285
2026-05-09T17:25:35.598,-1.2475,0.0800,16.2485
2026-05-09T17:25:35.611,-1.2737,0.0800,16.2698
2026-05-09T17:25:35.626,-1.3022,0.0800,16.2921
2026-05-09T17:25:35.639,-1.3301,0.0800,16.3131
2026-05-09T17:25:35.653,-1.3593,0.0800,16.3352
2026-05-09T17:25:35.668,-1.3902,0.0800,16.3567
2026-05-09T17:25:35.681,-1.4269,0.0800,16.3815
2026-05-09T17:25:35.695,-1.4667,0.0800,16.4085
2026-05-09T17:25:35.709,-1.5080,0.0800,16.4346
2026-05-09T17:25:35.722,-1.5582,0.0800,16.4656
2026-05-09T17:25:35.737,-1.6069,0.0800,16.4955
2026-05-09T17:25:35.751,-1.6601,0.0800,16.5268
2026-05-09T17:25:35.765,-1.7163,0.0800,16.5592
2026-05-09T17:25:35.779,-1.7751,0.0800,16.5923
2026-05-09T17:25:35.793,-1.8344,0.0800,16.6256
2026-05-09T17:25:35.807,-1.8951,0.0800,16.6591
2026-05-09T17:25:35.821,-1.9568,0.0800,16.6932
2026-05-09T17:25:35.835,-2.0164,0.0800,16.7261
2026-05-09T17:25:35.849,-2.0772,0.0800,16.7597
2026-05-09T17:25:35.863,-2.1378,0.0800,16.7932
2026-05-09T17:25:35.876,-2.1985,0.0800,16.8267
2026-05-09T17:25:35.890,-2.2574,0.0800,16.8593
2026-05-09T17:25:35.904,-2.3160,0.0800,16.8917
2026-05-09T17:25:35.918,-2.3780,0.0800,16.9260
2026-05-09T17:25:35.933,-2.4396,0.0800,16.9602
2026-05-09T17:25:35.946,-2.5038,0.0800,16.9959
2026-05-09T17:25:35.960,-2.5622,0.0800,17.0284
2026-05-09T17:25:35.974,-2.6206,0.0800,17.0609
2026-05-09T17:25:35.988,-2.6812,0.0800,17.0946
2026-05-09T17:25:36.002,-2.7426,0.0800,17.1290
2026-05-09T17:25:36.016,-2.8043,0.0800,17.1635
2026-05-09T17:25:36.030,-2.8613,0.0800,17.1951
2026-05-09T17:25:36.043,-2.9209,0.0800,17.2278
2026-05-09T17:25:36.058,-2.9758,0.0800,17.2573
2026-05-09T17:25:36.072,-3.0278,0.0800,17.2851
2026-05-09T17:25:36.086,-3.0892,0.0800,17.3167
2026-05-09T17:25:36.100,-3.1437,0.0800,17.3442
2026-05-09T17:25:36.113,-3.2013,0.0800,17.3729
2026-05-09T17:25:36.127,-3.2496,0.0800,17.3957
2026-05-09T17:25:36.140,-3.2977,0.0800,17.4178
2026-05-09T17:25:36.155,-3.3421,0.0800,17.4379
2026-05-09T17:25:36.169,-3.3811,0.0800,17.4543
2026-05-09T17:25:36.183,-3.4287,0.0800,17.4736
2026-05-09T17:25:36.197,-3.4679,0.0800,17.4893
2026-05-09T17:25:36.211,-3.5093,0.0800,17.5044
2026-05-09T17:25:36.225,-3.5517,0.0800,17.5190
2026-05-09T17:25:36.238,-3.5917,0.0800,17.5321
2026-05-09T17:25:36.253,-3.6328,0.0800,17.5453
2026-05-09T17:25:36.267,-3.6700,0.0800,17.5560
2026-05-09T17:25:36.280,-3.7160,0.0800,17.5685
2026-05-09T17:25:36.294,-3.7527,0.0800,17.5783
2026-05-09T17:25:36.308,-3.7911,0.0800,17.5872
2026-05-09T17:25:36.322,-3.8298,0.0800,17.5954
2026-05-09T17:25:36.336,-3.8677,0.0800,17.6033
2026-05-09T17:25:36.350,-3.9115,0.0800,17.6109
2026-05-09T17:25:36.364,-3.9505,0.0800,17.6169
2026-05-09T17:25:36.377,-3.9912,0.0800,17.6224
2026-05-09T17:25:36.391,-4.0308,0.0800,17.6276
2026-05-09T17:25:36.406,-4.0672,0.0800,17.6311
2026-05-09T17:25:36.419,-4.1099,0.0800,17.6345
2026-05-09T17:25:36.433,-4.1496,0.0800,17.6375
2026-05-09T17:25:36.447,-4.1878,0.0800,17.6391
2026-05-09T17:25:36.460,-4.2301,0.0800,17.6401
2026-05-09T17:25:36.474,-4.2702,0.0800,17.6409
2026-05-09T17:25:36.489,-4.3083,0.0800,17.6405
2026-05-09T17:25:36.503,-4.3483,0.0800,17.6393
2026-05-09T17:25:36.517,-4.3902,0.0800,17.6378
2026-05-09T17:25:36.531,-4.4305,0.0800,17.6352
2026-05-09T17:25:36.544,-4.4726,0.0800,17.6316
2026-05-09T17:25:36.558,-4.5146,0.0800,17.6274
2026-05-09T17:25:36.572,-4.5542,0.0800,17.6232
2026-05-09T17:25:36.586,-4.6009,0.0800,17.6170
2026-05-09T17:25:36.599,-4.6474,0.0800,17.6100
2026-05-09T17:25:36.613,-4.7011,0.0800,17.6017
2026-05-09T17:25:36.628,-4.7489,0.0800,17.5932
2026-05-09T17:25:36.641,-4.8093,0.0800,17.5817
2026-05-09T17:25:36.655,-4.8661,0.0800,17.5706
2026-05-09T17:25:36.669,-4.9246,0.0800,17.5581
2026-05-09T17:25:36.683,-4.9907,0.0800,17.5433
2026-05-09T17:25:36.701,-5.0472,0.0800,17.5304
2026-05-09T17:25:36.711,-5.1099,0.0800,17.5152
2026-05-09T17:25:36.725,-5.1979,0.0800,17.4932
2026-05-09T17:25:36.738,-5.2387,0.0800,17.4826
2026-05-09T17:25:36.753,-5.3048,0.0800,17.4652
2026-05-09T17:25:36.766,-5.3665,0.0800,17.4484
2026-05-09T17:25:36.780,-5.4376,0.0800,17.4287
2026-05-09T17:25:36.795,-5.4961,0.0800,17.4122
2026-05-09T17:25:36.808,-5.5629,0.0800,17.3927
2026-05-09T17:25:36.822,-5.6268,0.0800,17.3736
2026-05-09T17:25:36.836,-5.6886,0.0800,17.3549
2026-05-09T17:25:36.850,-5.7505,0.0800,17.3355
2026-05-09T17:25:36.864,-5.8114,0.0800,17.3159
2026-05-09T17:25:36.877,-5.8725,0.0800,17.2956
2026-05-09T17:25:36.891,-5.9249,0.0800,17.2779
2026-05-09T17:25:36.906,-5.9750,0.0800,17.2599
2026-05-09T17:25:36.919,-6.0246,0.0800,17.2413
2026-05-09T17:25:36.934,-6.0683,0.0800,17.2245
2026-05-09T17:25:36.947,-6.1121,0.0800,17.2064
2026-05-09T17:25:36.961,-6.1481,0.0800,17.1907
2026-05-09T17:25:36.974,-6.1825,0.0800,17.1755
2026-05-09T17:25:36.989,-6.2135,0.0800,17.1605
2026-05-09T17:25:37.003,-6.2444,0.0800,17.1448
2026-05-09T17:25:37.017,-6.2757,0.0800,17.1289
2026-05-09T17:25:37.031,-6.3053,0.0800,17.1124
2026-05-09T17:25:37.044,-6.3350,0.0800,17.0951
2026-05-09T17:25:37.058,-6.3648,0.0800,17.0769
2026-05-09T17:25:37.072,-6.3914,0.0800,17.0607
2026-05-09T17:25:37.086,-6.4210,0.0800,17.0412
2026-05-09T17:25:37.100,-6.4497,0.0800,17.0213
2026-05-09T17:25:37.114,-6.4784,0.0800,17.0014
2026-05-09T17:25:37.128,-6.5034,0.0800,16.9827
2026-05-09T17:25:37.142,-6.5324,0.0800,16.9601
2026-05-09T17:25:37.156,-6.5594,0.0800,16.9389
2026-05-09T17:25:37.169,-6.5844,0.0800,16.9179
2026-05-09T17:25:37.183,-6.6110,0.0800,16.8945
2026-05-09T17:25:37.197,-6.6352,0.0800,16.8733
2026-05-09T17:25:37.211,-6.6604,0.0800,16.8494
2026-05-09T17:25:37.224,-6.6848,0.0800,16.8253
2026-05-09T17:25:37.238,-6.7084,0.0800,16.8011
2026-05-09T17:25:37.252,-6.7308,0.0800,16.7781
2026-05-09T17:25:37.266,-6.7536,0.0800,16.7530
2026-05-09T17:25:37.280,-6.7778,0.0800,16.7252
2026-05-09T17:25:37.294,-6.7992,0.0800,16.7007
2026-05-09T17:25:37.308,-6.8217,0.0800,16.6727
2026-05-09T17:25:37.321,-6.8428,0.0800,16.6455
2026-05-09T17:25:37.335,-6.8635,0.0800,16.6187
2026-05-09T17:25:37.349,-6.8834,0.0800,16.5909
2026-05-09T17:25:37.363,-6.9027,0.0800,16.5628
2026-05-09T17:25:37.377,-6.9047,0.0800,16.5346
2026-05-09T17:25:37.391,-6.9060,0.0800,16.5046
2026-05-09T17:25:37.405,-6.9073,0.0800,16.4755
2026-05-09T17:25:37.418,-6.9085,0.0800,16.4435
2026-05-09T17:25:37.433,-6.9099,0.0800,16.4145
2026-05-09T17:25:37.446,-6.9111,0.0800,16.3822
2026-05-09T17:25:37.460,-6.9125,0.0800,16.3507
2026-05-09T17:25:37.474,-6.9138,0.0800,16.3205
2026-05-09T17:25:37.488,-6.9151,0.0800,16.2890
2026-05-09T17:25:37.502,-6.9164,0.0800,16.2569
2026-05-09T17:25:37.516,-6.9178,0.0800,16.2242
2026-05-09T17:25:37.530,-6.9192,0.0800,16.1921
2026-05-09T17:25:37.543,-6.9205,0.0800,16.1584
2026-05-09T17:25:37.557,-6.9220,0.0800,16.1290
2026-05-09T17:25:37.571,-6.9234,0.0800,16.1249
2026-05-09T17:25:37.586,-6.9230,0.0800,16.1239
2026-05-09T17:25:37.599,-6.9226,0.0800,16.1229
2026-05-09T17:25:37.613,-6.9226,0.0800,16.1228
2026-05-09T17:25:37.627,-6.9222,0.0800,16.1219
2026-05-09T17:25:37.640,-6.9217,0.0800,16.1209
2026-05-09T17:25:37.669,-6.9213,0.0800,16.1201
2026-05-09T17:25:37.682,-6.9207,0.0800,16.1191
2026-05-09T17:25:37.697,-6.9208,0.0800,16.1193
2026-05-09T17:25:37.710,-6.9203,0.0800,16.1184
2026-05-09T17:25:37.724,-6.9197,0.0800,16.1174
2026-05-09T17:25:37.738,-6.9192,0.0800,16.1166
2026-05-09T17:25:37.766,-6.9185,0.0800,16.1157
2026-05-09T17:25:37.779,-6.9178,0.0800,16.1148
2026-05-09T17:25:37.807,-6.9172,0.0800,16.1141
2026-05-09T17:25:37.821,-6.9165,0.0800,16.1132
2026-05-09T17:25:37.835,-6.9166,0.0800,16.1133
2026-05-09T17:25:37.849,-6.9143,0.0800,16.1125
2026-05-09T17:25:37.863,-6.9115,0.0800,16.1117
2026-05-09T17:25:37.877,-6.9086,0.0800,16.1117
2026-05-09T17:25:37.891,-6.9045,0.0800,16.1110
2026-05-09T17:25:37.904,-6.8999,0.0800,16.1103
2026-05-09T17:25:37.918,-6.8945,0.0800,16.1096
2026-05-09T17:25:37.933,-6.8893,0.0800,16.1096
2026-05-09T17:25:37.947,-6.8823,0.0800,16.1089
2026-05-09T17:25:37.960,-6.8752,0.0800,16.1083
2026-05-09T17:25:37.974,-6.8679,0.0800,16.1082
2026-05-09T17:25:37.988,-6.8600,0.0800,16.1076
2026-05-09T17:25:38.002,-6.8506,0.0800,16.1070
2026-05-09T17:25:38.015,-6.8416,0.0800,16.1070
2026-05-09T17:25:38.030,-6.8323,0.0800,16.1065
2026-05-09T17:25:38.043,-6.8214,0.0800,16.1059
2026-05-09T17:25:38.057,-6.8106,0.0800,16.1060
2026-05-09T17:25:38.071,-6.7989,0.0800,16.1054
2026-05-09T17:25:38.085,-6.7853,0.0800,16.1049
2026-05-09T17:25:38.098,-6.7726,0.0800,16.1045
2026-05-09T17:25:38.113,-6.7585,0.0800,16.1044
2026-05-09T17:25:38.126,-6.7446,0.0800,16.1040
2026-05-09T17:25:38.140,-6.7286,0.0800,16.1036
2026-05-09T17:25:38.154,-6.7136,0.0800,16.1036
2026-05-09T17:25:38.168,-6.6983,0.0800,16.1032
2026-05-09T17:25:38.181,-6.6797,0.0800,16.1028
2026-05-09T17:25:38.195,-6.6645,0.0800,16.1029
2026-05-09T17:25:38.209,-6.6457,0.0800,16.1026
2026-05-09T17:25:38.223,-6.6239,0.0800,16.1022
2026-05-09T17:25:38.236,-6.6074,0.0800,16.1023
2026-05-09T17:25:38.250,-6.5827,0.0800,16.1020
2026-05-09T17:25:38.264,-6.5635,0.0800,16.1018
2026-05-09T17:25:38.277,-6.5404,0.0800,16.1016
2026-05-09T17:25:38.292,-6.5175,0.0800,16.1016
2026-05-09T17:25:38.306,-6.4922,0.0800,16.1014
2026-05-09T17:25:38.319,-6.4642,0.0800,16.1012
2026-05-09T17:25:38.333,-6.4345,0.0800,16.1013
2026-05-09T17:25:38.347,-6.4003,0.0800,16.1011
2026-05-09T17:25:38.361,-6.3645,0.0800,16.1011
2026-05-09T17:25:38.374,-6.3249,0.0800,16.1011
2026-05-09T17:25:38.389,-6.2843,0.0800,16.1010
2026-05-09T17:25:38.402,-6.2445,0.0800,16.1010
2026-05-09T17:25:38.417,-6.1986,0.0800,16.1010
2026-05-09T17:25:38.431,-6.1599,0.0800,16.1009
2026-05-09T17:25:38.445,-6.1120,0.0800,16.1009
2026-05-09T17:25:38.458,-6.0657,0.0800,16.1009
2026-05-09T17:25:38.472,-6.0197,0.0800,16.1009
2026-05-09T17:25:38.486,-5.9788,0.0800,16.1009
2026-05-09T17:25:38.500,-5.9322,0.0800,16.1009
2026-05-09T17:25:38.513,-5.8803,0.0800,16.1009
2026-05-09T17:25:38.528,-5.8375,0.0800,16.1006
2026-05-09T17:25:38.541,-5.7915,0.0800,16.1000
2026-05-09T17:25:38.556,-5.7415,0.0800,16.0993
2026-05-09T17:25:38.569,-5.6968,0.0800,16.0986
2026-05-09T17:25:38.583,-5.6433,0.0800,16.0980
2026-05-09T17:25:38.598,-5.5980,0.0800,16.0972
2026-05-09T17:25:38.612,-5.5475,0.0800,16.0966
2026-05-09T17:25:38.625,-5.4960,0.0800,16.0959
2026-05-09T17:25:38.639,-5.4458,0.0800,16.0952
2026-05-09T17:25:38.653,-5.3958,0.0800,16.0945
2026-05-09T17:25:38.667,-5.3477,0.0800,16.0939
2026-05-09T17:25:38.680,-5.2929,0.0800,16.0932
2026-05-09T17:25:38.694,-5.2428,0.0800,16.0925
2026-05-09T17:25:38.709,-5.1939,0.0800,16.0918
2026-05-09T17:25:38.723,-5.1410,0.0800,16.0911
2026-05-09T17:25:38.736,-5.0863,0.0800,16.0904
2026-05-09T17:25:38.751,-5.0324,0.0800,16.0897
2026-05-09T17:25:38.764,-4.9809,0.0800,16.0889
2026-05-09T17:25:38.778,-4.9247,0.0800,16.0882
2026-05-09T17:25:38.792,-4.8729,0.0800,16.0874
2026-05-09T17:25:38.806,-4.8175,0.0800,16.0867
2026-05-09T17:25:38.820,-4.7607,0.0800,16.0859
2026-05-09T17:25:38.834,-4.7022,0.0800,16.0852
2026-05-09T17:25:38.848,-4.6396,0.0800,16.0846
2026-05-09T17:25:38.862,-4.5786,0.0800,16.0841
2026-05-09T17:25:38.876,-4.5168,0.0800,16.0841
2026-05-09T17:25:38.890,-4.4542,0.0800,16.0841
2026-05-09T17:25:38.903,-4.3908,0.0800,16.0841
2026-05-09T17:25:38.918,-4.3277,0.0800,16.0840
2026-05-09T17:25:38.932,-4.2677,0.0800,16.0839
2026-05-09T17:25:38.946,-4.2024,0.0800,16.0838
2026-05-09T17:25:38.959,-4.1439,0.0800,16.0837
2026-05-09T17:25:38.974,-4.0811,0.0800,16.0837
2026-05-09T17:25:38.988,-4.0256,0.0800,16.0836
2026-05-09T17:25:39.002,-3.9646,0.0800,16.0835
2026-05-09T17:25:39.016,-3.9033,0.0800,16.0835
2026-05-09T17:25:39.030,-3.8458,0.0800,16.0834
2026-05-09T17:25:39.043,-3.7855,0.0800,16.0833
2026-05-09T17:25:39.057,-3.7265,0.0800,16.0772
2026-05-09T17:25:39.072,-3.6747,0.0800,16.0512
2026-05-09T17:25:39.086,-3.6193,0.0800,16.0202
2026-05-09T17:25:39.099,-3.5618,0.0800,15.9912
2026-05-09T17:25:39.113,-3.5027,0.0800,15.9569
2026-05-09T17:25:39.127,-3.4558,0.0800,15.9286
2026-05-09T17:25:39.141,-3.4012,0.0800,15.8950
2026-05-09T17:25:39.155,-3.3527,0.0800,15.8646
2026-05-09T17:25:39.169,-3.3101,0.0800,15.8366
2026-05-09T17:25:39.183,-3.2719,0.0800,15.8105
2026-05-09T17:25:39.197,-3.2397,0.0800,15.7882
2026-05-09T17:25:39.211,-3.2119,0.0800,15.7672
2026-05-09T17:25:39.225,-3.1875,0.0800,15.7480
2026-05-09T17:25:39.238,-3.1665,0.0800,15.7305
2026-05-09T17:25:39.252,-3.1475,0.0800,15.7149
2026-05-09T17:25:39.267,-3.1345,0.0800,15.7028
2026-05-09T17:25:39.280,-3.1209,0.0800,15.6895
2026-05-09T17:25:39.295,-3.1092,0.0800,15.6787
2026-05-09T17:25:39.308,-3.1002,0.0800,15.6688
2026-05-09T17:25:39.322,-3.0912,0.0800,15.6584
2026-05-09T17:25:39.336,-3.0828,0.0800,15.6495
2026-05-09T17:25:39.350,-3.0751,0.0800,15.6396
2026-05-09T17:25:39.364,-3.0684,0.0800,15.6307
2026-05-09T17:25:39.377,-3.0627,0.0800,15.6223
2026-05-09T17:25:39.391,-3.0567,0.0800,15.6149
2026-05-09T17:25:39.405,-3.0526,0.0800,15.6081
2026-05-09T17:25:39.419,-3.0483,0.0800,15.6007
2026-05-09T17:25:39.433,-3.0434,0.0800,15.5936
2026-05-09T17:25:39.447,-3.0402,0.0800,15.5872
2026-05-09T17:25:39.461,-3.0374,0.0800,15.5812
2026-05-09T17:25:39.475,-3.0344,0.0800,15.5763
2026-05-09T17:25:39.489,-3.0328,0.0800,15.5716
2026-05-09T17:25:39.502,-3.0312,0.0800,15.5669
2026-05-09T17:25:39.517,-3.0286,0.0800,15.5617
2026-05-09T17:25:39.531,-3.0274,0.0800,15.5573
2026-05-09T17:25:39.545,-3.0261,0.0800,15.5523
2026-05-09T17:25:39.558,-3.0250,0.0800,15.5475
2026-05-09T17:25:39.572,-3.0229,0.0800,15.5422
2026-05-09T17:25:39.586,-3.0220,0.0800,15.5374
2026-05-09T17:25:39.600,-3.0213,0.0800,15.5328
2026-05-09T17:25:39.613,-3.0196,0.0800,15.5273
2026-05-09T17:25:39.628,-3.0192,0.0800,15.5230
2026-05-09T17:25:39.641,-3.0188,0.0800,15.5183
2026-05-09T17:25:39.655,-3.0174,0.0800,15.5131
2026-05-09T17:25:39.670,-3.0173,0.0800,15.5086
2026-05-09T17:25:39.683,-3.0172,0.0800,15.5037
2026-05-09T17:25:39.697,-3.0162,0.0800,15.4986
2026-05-09T17:25:39.711,-3.0163,0.0800,15.4944
2026-05-09T17:25:39.725,-3.0166,0.0800,15.4899
2026-05-09T17:25:39.738,-3.0170,0.0800,15.4856
2026-05-09T17:25:39.753,-3.0166,0.0800,15.4805
2026-05-09T17:25:39.767,-3.0171,0.0800,15.4767
2026-05-09T17:25:39.780,-3.0179,0.0800,15.4720
2026-05-09T17:25:39.794,-3.0176,0.0800,15.4671
2026-05-09T17:25:39.808,-3.0185,0.0800,15.4630
2026-05-09T17:25:39.822,-3.0195,0.0800,15.4590
2026-05-09T17:25:39.836,-3.0197,0.0800,15.4542
2026-05-09T17:25:39.850,-3.0209,0.0800,15.4500
2026-05-09T17:25:39.863,-3.0221,0.0800,15.4462
2026-05-09T17:25:39.877,-3.0227,0.0800,15.4415
2026-05-09T17:25:39.892,-3.0241,0.0800,15.4380
2026-05-09T17:25:39.905,-3.0255,0.0800,15.4345
2026-05-09T17:25:39.919,-3.0270,0.0800,15.4312
2026-05-09T17:25:39.933,-3.0279,0.0800,15.4269
2026-05-09T17:25:39.947,-3.0296,0.0800,15.4234
2026-05-09T17:25:39.960,-3.0312,0.0800,15.4204
2026-05-09T17:25:39.975,-3.0324,0.0800,15.4163
2026-05-09T17:25:39.989,-3.0342,0.0800,15.4132
2026-05-09T17:25:40.002,-3.0361,0.0800,15.4102
2026-05-09T17:25:40.017,-3.0376,0.0800,15.4058
2026-05-09T17:25:40.031,-3.0395,0.0800,15.4030
2026-05-09T17:25:40.044,-3.0417,0.0800,15.4000
2026-05-09T17:25:40.058,-3.0439,0.0800,15.3972
2026-05-09T17:25:40.072,-3.0457,0.0800,15.3932
2026-05-09T17:25:40.086,-3.0481,0.0800,15.3904
2026-05-09T17:25:40.100,-3.0505,0.0800,15.3878
2026-05-09T17:25:40.114,-3.0528,0.0800,15.3838
2026-05-09T17:25:40.127,-3.0553,0.0800,15.3812
2026-05-09T17:25:40.141,-3.0585,0.0800,15.3779
2026-05-09T17:25:40.155,-3.0615,0.0800,15.3732
2026-05-09T17:25:40.169,-3.0654,0.0800,15.3693
2026-05-09T17:25:40.183,-3.0702,0.0800,15.3645
2026-05-09T17:25:40.197,-3.0754,0.0800,15.3578
2026-05-09T17:25:40.210,-3.0821,0.0800,15.3511
2026-05-09T17:25:40.225,-3.0893,0.0800,15.3442
2026-05-09T17:25:40.238,-3.0975,0.0800,15.3367
2026-05-09T17:25:40.253,-3.1068,0.0800,15.3270
2026-05-09T17:25:40.267,-3.1157,0.0800,15.3195
2026-05-09T17:25:40.280,-3.1301,0.0800,15.3072
2026-05-09T17:25:40.295,-3.1451,0.0800,15.2935
2026-05-09T17:25:40.308,-3.1616,0.0800,15.2805
2026-05-09T17:25:40.322,-3.1827,0.0800,15.2644
2026-05-09T17:25:40.336,-3.2045,0.0800,15.2472
2026-05-09T17:25:40.350,-3.2319,0.0800,15.2278
2026-05-09T17:25:40.364,-3.2601,0.0800,15.2086
2026-05-09T17:25:40.377,-3.2923,0.0800,15.1876
2026-05-09T17:25:40.391,-3.3248,0.0800,15.1662
2026-05-09T17:25:40.406,-3.3550,0.0800,15.1481
2026-05-09T17:25:40.419,-3.3809,0.0800,15.1279
2026-05-09T17:25:40.434,-3.3809,0.0800,15.1067
2026-05-09T17:25:40.447,-3.3803,0.0800,15.0860
2026-05-09T17:25:40.461,-3.3798,0.0800,15.0657
2026-05-09T17:25:40.475,-3.3798,0.0800,15.0418
2026-05-09T17:25:40.489,-3.3793,0.0800,15.0191
2026-05-09T17:25:40.503,-3.3790,0.0800,14.9917
2026-05-09T17:25:40.517,-3.3788,0.0800,14.9615
2026-05-09T17:25:40.531,-3.3790,0.0800,14.9345
2026-05-09T17:25:40.544,-3.3790,0.0800,14.9060
2026-05-09T17:25:40.558,-3.3790,0.0800,14.8770
2026-05-09T17:25:40.572,-3.3792,0.0800,14.8481
2026-05-09T17:25:40.586,-3.3795,0.0800,14.8215
2026-05-09T17:25:40.600,-3.3798,0.0800,14.7928
2026-05-09T17:25:40.614,-3.3798,0.0800,14.7628
2026-05-09T17:25:40.628,-3.3823,0.0800,14.7326
2026-05-09T17:25:40.641,-3.3906,0.0800,14.6909
2026-05-09T17:25:40.656,-3.4082,0.0800,14.6493
2026-05-09T17:25:40.670,-3.4349,0.0800,14.6055
2026-05-09T17:25:40.683,-3.4787,0.0800,14.5560
2026-05-09T17:25:40.698,-3.5349,0.0800,14.5220
2026-05-09T17:25:40.712,-3.5940,0.0800,14.4905
2026-05-09T17:25:40.726,-3.6578,0.0800,14.4564
2026-05-09T17:25:40.739,-3.7196,0.0800,14.4234
2026-05-09T17:25:40.754,-3.7812,0.0800,14.3903
2026-05-09T17:25:40.768,-3.8375,0.0800,14.3601
2026-05-09T17:25:40.781,-3.9050,0.0800,14.3237
2026-05-09T17:25:40.795,-3.9642,0.0800,14.2918
2026-05-09T17:25:40.809,-4.0219,0.0800,14.2606
2026-05-09T17:25:40.823,-4.0848,0.0800,14.2265
2026-05-09T17:25:40.837,-4.1422,0.0800,14.1952
2026-05-09T17:25:40.851,-4.2026,0.0800,14.1623
2026-05-09T17:25:40.865,-4.2656,0.0800,14.1280
2026-05-09T17:25:40.878,-4.3262,0.0800,14.0953
2026-05-09T17:25:40.893,-4.3834,0.0800,14.0643
2026-05-09T17:25:40.907,-4.4421,0.0800,14.0330
2026-05-09T17:25:40.920,-4.5045,0.0800,14.0000
2026-05-09T17:25:40.935,-4.5615,0.0800,13.9698
2026-05-09T17:25:40.948,-4.6265,0.0800,13.9359
2026-05-09T17:25:40.962,-4.6825,0.0800,13.9069
2026-05-09T17:25:40.976,-4.7414,0.0800,13.8765
2026-05-09T17:25:40.990,-4.7991,0.0800,13.8472
2026-05-09T17:25:41.004,-4.8615,0.0800,13.8159
2026-05-09T17:25:41.018,-4.9249,0.0800,13.7844
2026-05-09T17:25:41.032,-4.9822,0.0800,13.7560
2026-05-09T17:25:41.046,-5.0429,0.0800,13.7267
2026-05-09T17:25:41.060,-5.1041,0.0800,13.6975
2026-05-09T17:25:41.074,-5.1644,0.0800,13.6690
2026-05-09T17:25:41.088,-5.2242,0.0800,13.6414
2026-05-09T17:25:41.101,-5.2883,0.0800,13.6123
2026-05-09T17:25:41.116,-5.3505,0.0800,13.5843
2026-05-09T17:25:41.130,-5.4095,0.0800,13.5584
2026-05-09T17:25:41.143,-5.4733,0.0800,13.5310
2026-05-09T17:25:41.157,-5.5360,0.0800,13.5045
2026-05-09T17:25:41.171,-5.5945,0.0800,13.4800
2026-05-09T17:25:41.186,-5.6586,0.0800,13.4538
2026-05-09T17:25:41.199,-5.7218,0.0800,13.4284
2026-05-09T17:25:41.213,-5.7864,0.0800,13.4026
2026-05-09T17:25:41.226,-5.8462,0.0800,13.3792
2026-05-09T17:25:41.241,-5.9078,0.0800,13.3554
2026-05-09T17:25:41.255,-5.9697,0.0800,13.3316
2026-05-09T17:25:41.269,-6.0351,0.0800,13.3068
2026-05-09T17:25:41.282,-6.1014,0.0800,13.2820
2026-05-09T17:25:41.296,-6.1604,0.0800,13.2599
2026-05-09T17:25:41.310,-6.2201,0.0800,13.2381
2026-05-09T17:25:41.324,-6.2803,0.0800,13.2163
2026-05-09T17:25:41.338,-6.3427,0.0800,13.1941
2026-05-09T17:25:41.352,-6.4063,0.0800,13.1715
2026-05-09T17:25:41.366,-6.4645,0.0800,13.1515
2026-05-09T17:25:41.379,-6.5321,0.0800,13.1288
2026-05-09T17:25:41.393,-6.5865,0.0800,13.1108
2026-05-09T17:25:41.408,-6.6434,0.0800,13.0928
2026-05-09T17:25:41.422,-6.7010,0.0800,13.0752
2026-05-09T17:25:41.436,-6.7636,0.0800,13.0563
2026-05-09T17:25:41.449,-6.8243,0.0800,13.0391
2026-05-09T17:25:41.463,-6.8805,0.0800,13.0237
2026-05-09T17:25:41.477,-6.9376,0.0800,13.0082
2026-05-09T17:25:41.491,-6.9931,0.0800,12.9940
2026-05-09T17:25:41.505,-7.0536,0.0800,12.9788
2026-05-09T17:25:41.519,-7.1174,0.0800,12.9633
2026-05-09T17:25:41.533,-7.1838,0.0800,12.9469
2026-05-09T17:25:41.546,-7.2564,0.0800,12.9293
2026-05-09T17:25:41.561,-7.3191,0.0800,12.9138
2026-05-09T17:25:41.575,-7.3856,0.0800,12.8972
2026-05-09T17:25:41.589,-7.4532,0.0800,12.8802
2026-05-09T17:25:41.602,-7.5192,0.0800,12.8633
2026-05-09T17:25:41.616,-7.5900,0.0800,12.8450
2026-05-09T17:25:41.630,-7.6519,0.0800,12.8288
2026-05-09T17:25:41.644,-7.7181,0.0800,12.8113
2026-05-09T17:25:41.658,-7.7838,0.0800,12.7940
2026-05-09T17:25:41.672,-7.8371,0.0800,12.7803
2026-05-09T17:25:41.686,-7.8849,0.0800,12.7689
2026-05-09T17:25:41.700,-7.9178,0.0800,12.7619
2026-05-09T17:25:41.713,-7.9535,0.0800,12.7543
2026-05-09T17:25:41.727,-7.9775,0.0800,12.7503
2026-05-09T17:25:41.741,-8.0010,0.0800,12.7470
2026-05-09T17:25:41.756,-8.0187,0.0800,12.7443
2026-05-09T17:25:41.770,-8.0344,0.0800,12.7430
2026-05-09T17:25:41.783,-8.0495,0.0800,12.7422
2026-05-09T17:25:41.798,-8.0645,0.0800,12.7409
2026-05-09T17:25:41.811,-8.0770,0.0800,12.7408
2026-05-09T17:25:41.825,-8.0903,0.0800,12.7411
2026-05-09T17:25:41.838,-8.1027,0.0800,12.7416
2026-05-09T17:25:41.853,-8.1170,0.0800,12.7415
2026-05-09T17:25:41.867,-8.1289,0.0800,12.7425
2026-05-09T17:25:41.880,-8.1434,0.0800,12.7440
2026-05-09T17:25:41.895,-8.1570,0.0800,12.7447
2026-05-09T17:25:41.909,-8.1687,0.0800,12.7464
2026-05-09T17:25:41.922,-8.1806,0.0800,12.7485
2026-05-09T17:25:41.936,-8.1937,0.0800,12.7502
2026-05-09T17:25:41.950,-8.2049,0.0800,12.7528
2026-05-09T17:25:41.964,-8.2155,0.0800,12.7556
2026-05-09T17:25:41.978,-8.2261,0.0800,12.7586
2026-05-09T17:25:41.992,-8.2372,0.0800,12.7610
2026-05-09T17:25:42.006,-8.2460,0.0800,12.7641
2026-05-09T17:25:42.019,-8.2548,0.0800,12.7674
2026-05-09T17:25:42.034,-8.2645,0.0800,12.7703
2026-05-09T17:25:42.047,-8.2724,0.0800,12.7739
2026-05-09T17:25:42.061,-8.2791,0.0800,12.7771
2026-05-09T17:25:42.075,-8.2879,0.0800,12.7804
2026-05-09T17:25:42.090,-8.2946,0.0800,12.7841
2026-05-09T17:25:42.104,-8.3014,0.0800,12.7880
2026-05-09T17:25:42.116,-8.3085,0.0800,12.7923
2026-05-09T17:25:42.130,-8.3174,0.0800,12.7966
2026-05-09T17:25:42.144,-8.3227,0.0800,12.8003
2026-05-09T17:25:42.158,-8.3278,0.0800,12.8040
2026-05-09T17:25:42.172,-8.3345,0.0800,12.8079
2026-05-09T17:25:42.187,-8.3393,0.0800,12.8118
2026-05-09T17:25:42.200,-8.3436,0.0800,12.8157
2026-05-09T17:25:42.214,-8.3505,0.0800,12.8203
2026-05-09T17:25:42.228,-8.3541,0.0800,12.8238
2026-05-09T17:25:42.241,-8.3584,0.0800,12.8280
2026-05-09T17:25:42.255,-8.3644,0.0800,12.8323
2026-05-09T17:25:42.270,-8.3678,0.0800,12.8360
2026-05-09T17:25:42.282,-8.3717,0.0800,12.8405
2026-05-09T17:25:42.297,-8.3774,0.0800,12.8452
2026-05-09T17:25:42.310,-8.3805,0.0800,12.8490
2026-05-09T17:25:42.324,-8.3838,0.0800,12.8533
2026-05-09T17:25:42.337,-8.3868,0.0800,12.8574
2026-05-09T17:25:42.352,-8.3916,0.0800,12.8622
2026-05-09T17:25:42.366,-8.3940,0.0800,12.8659
2026-05-09T17:25:42.380,-8.3970,0.0800,12.8706
2026-05-09T17:25:42.394,-8.4015,0.0800,12.8756
2026-05-09T17:25:42.408,-8.4040,0.0800,12.8799
2026-05-09T17:25:42.421,-8.4061,0.0800,12.8838
2026-05-09T17:25:42.435,-8.4100,0.0800,12.8890
2026-05-09T17:25:42.449,-8.4125,0.0800,12.8939
2026-05-09T17:25:42.462,-8.4168,0.0800,12.9015
2026-05-09T17:25:42.477,-8.4247,0.0800,12.9136
2026-05-09T17:25:42.491,-8.4322,0.0800,12.9270
2026-05-09T17:25:42.504,-8.4433,0.0800,12.9472
2026-05-09T17:25:42.518,-8.4549,0.0800,12.9693
2026-05-09T17:25:42.531,-8.4697,0.0800,12.9971
2026-05-09T17:25:42.545,-8.4860,0.0800,13.0307
2026-05-09T17:25:42.559,-8.5003,0.0800,13.0620
2026-05-09T17:25:42.572,-8.5193,0.0800,13.1035
2026-05-09T17:25:42.586,-8.5375,0.0800,13.1467
2026-05-09T17:25:42.600,-8.5566,0.0800,13.1943
2026-05-09T17:25:42.614,-8.5806,0.0800,13.2549
2026-05-09T17:25:42.627,-8.5989,0.0800,13.3046
2026-05-09T17:25:42.641,-8.6195,0.0800,13.3625
2026-05-09T17:25:42.654,-8.6388,0.0800,13.4182
2026-05-09T17:25:42.669,-8.6577,0.0800,13.4760
2026-05-09T17:25:42.682,-8.6768,0.0800,13.5373
2026-05-09T17:25:42.696,-8.6957,0.0800,13.5991
2026-05-09T17:25:42.710,-8.7124,0.0800,13.6571
2026-05-09T17:25:42.724,-8.7302,0.0800,13.7216
2026-05-09T17:25:42.737,-8.7464,0.0800,13.7830
2026-05-09T17:25:42.752,-8.7631,0.0800,13.8482
2026-05-09T17:25:42.765,-8.7760,0.0800,13.9019
2026-05-09T17:25:42.778,-8.7924,0.0800,13.9731
2026-05-09T17:25:42.792,-8.8051,0.0800,14.0297
2026-05-09T17:25:42.806,-8.8187,0.0800,14.0938
2026-05-09T17:25:42.819,-8.8320,0.0800,14.1596
2026-05-09T17:25:42.834,-8.8445,0.0800,14.2226
2026-05-09T17:25:42.848,-8.8562,0.0800,14.2852
2026-05-09T17:25:42.861,-8.8681,0.0800,14.3515
2026-05-09T17:25:42.875,-8.8796,0.0800,14.4174
2026-05-09T17:25:42.889,-8.8899,0.0800,14.4799
2026-05-09T17:25:42.902,-8.9002,0.0800,14.5447
2026-05-09T17:25:42.917,-8.9107,0.0800,14.6135
2026-05-09T17:25:42.931,-8.9190,0.0800,14.6719
2026-05-09T17:25:42.944,-8.9285,0.0800,14.7416
2026-05-09T17:25:42.958,-8.9367,0.0800,14.8067
2026-05-09T17:25:42.972,-8.9446,0.0800,14.8715
2026-05-09T17:25:42.986,-8.9513,0.0800,14.9325
2026-05-09T17:25:43.000,-8.9584,0.0800,15.0013
2026-05-09T17:25:43.014,-8.9650,0.0800,15.0708
2026-05-09T17:25:43.028,-8.9702,0.0800,15.1325
2026-05-09T17:25:43.041,-8.9753,0.0800,15.2011
2026-05-09T17:25:43.056,-8.9799,0.0800,15.2675
2026-05-09T17:25:43.069,-8.9835,0.0800,15.3297
2026-05-09T17:25:43.083,-8.9871,0.0800,15.4007
2026-05-09T17:25:43.097,-8.9899,0.0800,15.4644
2026-05-09T17:25:43.110,-8.9921,0.0800,15.5277
2026-05-09T17:25:43.125,-8.9938,0.0800,15.5935
2026-05-09T17:25:43.138,-8.9951,0.0800,15.6576
2026-05-09T17:25:43.152,-8.9961,0.0800,15.7350
2026-05-09T17:25:43.167,-8.9963,0.0800,15.7901
2026-05-09T17:25:43.180,-8.9962,0.0800,15.8586
2026-05-09T17:25:43.194,-8.9957,0.0800,15.9271
2026-05-09T17:25:43.208,-8.9946,0.0800,15.9920
2026-05-09T17:25:43.222,-8.9931,0.0800,16.0582
2026-05-09T17:25:43.236,-8.9913,0.0800,16.1220
2026-05-09T17:25:43.250,-8.9889,0.0800,16.1901
2026-05-09T17:25:43.263,-8.9861,0.0800,16.2550
2026-05-09T17:25:43.278,-8.9829,0.0800,16.3224
2026-05-09T17:25:43.291,-8.9792,0.0800,16.3865
2026-05-09T17:25:43.305,-8.9749,0.0800,16.4548
2026-05-09T17:25:43.318,-8.9704,0.0800,16.5204
2026-05-09T17:25:43.333,-8.9655,0.0800,16.5870
2026-05-09T17:25:43.346,-8.9601,0.0800,16.6538
2026-05-09T17:25:43.360,-8.9542,0.0800,16.7204
2026-05-09T17:25:43.374,-8.9484,0.0800,16.7838
2026-05-09T17:25:43.389,-8.9418,0.0800,16.8492
2026-05-09T17:25:43.402,-8.9344,0.0800,16.9186
2026-05-09T17:25:43.416,-8.9265,0.0800,16.9890
2026-05-09T17:25:43.430,-8.9192,0.0800,17.0494
2026-05-09T17:25:43.443,-8.9106,0.0800,17.1175
2026-05-09T17:25:43.458,-8.9022,0.0800,17.1817
2026-05-09T17:25:43.472,-8.8935,0.0800,17.2451
2026-05-09T17:25:43.485,-8.8829,0.0800,17.3179
2026-05-09T17:25:43.499,-8.8733,0.0800,17.3813
2026-05-09T17:25:43.513,-8.8634,0.0800,17.4453
2026-05-09T17:25:43.527,-8.8526,0.0800,17.5117
2026-05-09T17:25:43.540,-8.8412,0.0800,17.5790
2026-05-09T17:25:43.555,-8.8295,0.0800,17.6467
2026-05-09T17:25:43.569,-8.8190,0.0800,17.7054
2026-05-09T17:25:43.582,-8.8055,0.0800,17.7782
2026-05-09T17:25:43.596,-8.7930,0.0800,17.8442
2026-05-09T17:25:43.610,-8.7811,0.0800,17.9047
2026-05-09T17:25:43.624,-8.7680,0.0800,17.9694
2026-05-09T17:25:43.638,-8.7534,0.0800,18.0395
2026-05-09T17:25:43.652,-8.7397,0.0800,18.1034
2026-05-09T17:25:43.666,-8.7256,0.0800,18.1674
2026-05-09T17:25:43.679,-8.7105,0.0800,18.2336
2026-05-09T17:25:43.694,-8.6954,0.0800,18.2988
2026-05-09T17:25:43.707,-8.6798,0.0800,18.3639
2026-05-09T17:25:43.721,-8.6641,0.0800,18.4279
2026-05-09T17:25:43.735,-8.6482,0.0800,18.4919
2026-05-09T17:25:43.749,-8.6310,0.0800,18.5592
2026-05-09T17:25:43.762,-8.6149,0.0800,18.6208
2026-05-09T17:25:43.776,-8.5977,0.0800,18.6855
2026-05-09T17:25:43.791,-8.5806,0.0800,18.7482
2026-05-09T17:25:43.805,-8.5714,0.0800,18.8121
2026-05-09T17:25:43.818,-8.5714,0.0800,18.8816
2026-05-09T17:25:43.832,-8.5714,0.0800,18.9448
2026-05-09T17:25:43.846,-8.5714,0.0800,19.0032
2026-05-09T17:25:43.860,-8.5714,0.0800,19.0703
2026-05-09T17:25:43.873,-8.5714,0.0800,19.1352
2026-05-09T17:25:43.888,-8.5713,0.0800,19.1984
2026-05-09T17:25:43.902,-8.5678,0.0800,19.2601
2026-05-09T17:25:43.915,-8.5449,0.0800,19.3308
2026-05-09T17:25:43.929,-8.5251,0.0800,19.3901
2026-05-09T17:25:43.942,-8.5042,0.0800,19.4520
2026-05-09T17:25:43.958,-8.4830,0.0800,19.5139
2026-05-09T17:25:43.972,-8.4618,0.0800,19.5746
2026-05-09T17:25:43.985,-8.4371,0.0800,19.6439
2026-05-09T17:25:43.998,-8.4137,0.0800,19.7086
2026-05-09T17:25:44.013,-8.3908,0.0800,19.7709
2026-05-09T17:25:44.027,-8.3697,0.0800,19.8273
2026-05-09T17:25:44.040,-8.3442,0.0800,19.8941
2026-05-09T17:25:44.055,-8.3210,0.0800,19.9544
2026-05-09T17:25:44.069,-8.2979,0.0800,20.0131
2026-05-09T17:25:44.082,-8.2703,0.0800,20.0824
2026-05-09T17:25:44.096,-8.2463,0.0800,20.1422
2026-05-09T17:25:44.110,-8.2216,0.0800,20.2023
2026-05-09T17:25:44.125,-8.1950,0.0800,20.2662
2026-05-09T17:25:44.137,-8.1698,0.0800,20.3260
2026-05-09T17:25:44.152,-8.1420,0.0800,20.3917
2026-05-09T17:25:44.165,-8.1191,0.0800,20.4445
2026-05-09T17:25:44.179,-8.0904,0.0800,20.5102
2026-05-09T17:25:44.194,-8.0640,0.0800,20.5703
2026-05-09T17:25:44.207,-8.0372,0.0800,20.6298
2026-05-09T17:25:44.221,-8.0085,0.0800,20.6928
2026-05-09T17:25:44.235,-7.9811,0.0800,20.7526
2026-05-09T17:25:44.249,-7.9517,0.0800,20.8153
2026-05-09T17:25:44.263,-7.9236,0.0800,20.8745
2026-05-09T17:25:44.277,-7.8943,0.0800,20.9356
2026-05-09T17:25:44.291,-7.8653,0.0800,20.9951
2026-05-09T17:25:44.304,-7.8361,0.0800,21.0537
2026-05-09T17:25:44.319,-7.8050,0.0800,21.1156
2026-05-09T17:25:44.333,-7.7758,0.0800,21.1729
2026-05-09T17:25:44.346,-7.7436,0.0800,21.2349
2026-05-09T17:25:44.360,-7.7130,0.0800,21.2925
2026-05-09T17:25:44.374,-7.6822,0.0800,21.3502
2026-05-09T17:25:44.388,-7.6499,0.0800,21.4092
2026-05-09T17:25:44.402,-7.6182,0.0800,21.4662
2026-05-09T17:25:44.416,-7.5841,0.0800,21.5269
2026-05-09T17:25:44.430,-7.5514,0.0800,21.5838
2026-05-09T17:25:44.444,-7.5187,0.0800,21.6401
2026-05-09T17:25:44.457,-7.4823,0.0800,21.7017
2026-05-09T17:25:44.471,-7.4487,0.0800,21.7580
2026-05-09T17:25:44.485,-7.4144,0.0800,21.8146
2026-05-09T17:25:44.499,-7.3818,0.0800,21.8676
2026-05-09T17:25:44.514,-7.3440,0.0800,21.9288
2026-05-09T17:25:44.528,-7.3091,0.0800,21.9845
2026-05-09T17:25:44.540,-7.2713,0.0800,22.0439
2026-05-09T17:25:44.555,-7.2362,0.0800,22.0990
2026-05-09T17:25:44.569,-7.2033,0.0800,22.1498
2026-05-09T17:25:44.582,-7.1622,0.0800,22.2125
2026-05-09T17:25:44.597,-7.1280,0.0800,22.2645
2026-05-09T17:25:44.610,-7.0910,0.0800,22.3198
2026-05-09T17:25:44.625,-7.0523,0.0800,22.3769
2026-05-09T17:25:44.637,-7.0166,0.0800,22.4291
2026-05-09T17:25:44.653,-6.9767,0.0800,22.4871
2026-05-09T17:25:44.666,-6.9422,0.0800,22.5364
2026-05-09T17:25:44.679,-6.8969,0.0800,22.6003
2026-05-09T17:25:44.694,-6.8612,0.0800,22.6505
2026-05-09T17:25:44.707,-6.8244,0.0800,22.7014
2026-05-09T17:25:44.721,-6.7825,0.0800,22.7588
2026-05-09T17:25:44.736,-6.7440,0.0800,22.8116
2026-05-09T17:25:44.749,-6.7017,0.0800,22.8695
2026-05-09T17:25:44.763,-6.6609,0.0800,22.9254
2026-05-09T17:25:44.777,-6.6207,0.0800,22.9806
2026-05-09T17:25:44.791,-6.5810,0.0800,23.0355
2026-05-09T17:25:44.805,-6.5418,0.0800,23.0907
2026-05-09T17:25:44.819,-6.5038,0.0800,23.1449
2026-05-09T17:25:44.833,-6.4685,0.0800,23.1959
2026-05-09T17:25:44.847,-6.4313,0.0800,23.2511
2026-05-09T17:25:44.861,-6.3963,0.0800,23.3042
2026-05-09T17:25:44.875,-6.3614,0.0800,23.3579
2026-05-09T17:25:44.889,-6.3271,0.0800,23.4122
2026-05-09T17:25:44.902,-6.2943,0.0800,23.4653
2026-05-09T17:25:44.916,-6.2592,0.0800,23.5229
2026-05-09T17:25:44.930,-6.2296,0.0800,23.5733
2026-05-09T17:25:44.944,-6.1998,0.0800,23.6252
2026-05-09T17:25:44.958,-6.1716,0.0800,23.6757
2026-05-09T17:25:44.975,-6.1443,0.0800,23.7254
2026-05-09T17:25:44.986,-6.1177,0.0800,24.0677
2026-05-09T17:25:45.000,-6.0825,0.0800,24.1372
2026-05-09T17:25:45.013,-6.0669,0.0800,24.1684
2026-05-09T17:25:45.028,-6.0434,0.0800,24.2178
2026-05-09T17:25:45.041,-6.0197,0.0800,24.2696
2026-05-09T17:25:45.056,-5.9966,0.0800,24.3211
2026-05-09T17:25:45.069,-5.9751,0.0800,24.3715
2026-05-09T17:25:45.082,-5.9527,0.0800,24.4260
2026-05-09T17:25:45.097,-5.9335,0.0800,24.4739
2026-05-09T17:25:45.111,-5.9156,0.0800,24.5210
2026-05-09T17:25:45.125,-5.8968,0.0800,24.5729
2026-05-09T17:25:45.138,-5.8800,0.0800,24.6218
2026-05-09T17:25:45.153,-5.8640,0.0800,24.6695
2026-05-09T17:25:45.166,-5.8498,0.0800,24.7151
2026-05-09T17:25:45.179,-5.8341,0.0800,24.7683
2026-05-09T17:25:45.194,-5.8214,0.0800,24.8127
2026-05-09T17:25:45.208,-5.8098,0.0800,24.8572
2026-05-09T17:25:45.222,-5.7976,0.0800,24.9069
2026-05-09T17:25:45.236,-5.7875,0.0800,24.9495
2026-05-09T17:25:45.250,-5.7772,0.0800,24.9984
2026-05-09T17:25:45.264,-5.7688,0.0800,25.0417
2026-05-09T17:25:45.276,-5.7613,0.0800,25.0849
2026-05-09T17:25:45.291,-5.7545,0.0800,25.1254
2026-05-09T17:25:45.306,-5.7494,0.0800,25.1622
2026-05-09T17:25:45.319,-5.7442,0.0800,25.2042
2026-05-09T17:25:45.334,-5.7397,0.0800,25.2444
2026-05-09T17:25:45.347,-5.7367,0.0800,25.2802
2026-05-09T17:25:45.361,-5.7341,0.0800,25.3195
2026-05-09T17:25:45.375,-5.7322,0.0800,25.3533
2026-05-09T17:25:45.389,-5.7312,0.0800,25.3881
2026-05-09T17:25:45.403,-5.7309,0.0800,25.4227
2026-05-09T17:25:45.417,-5.7309,0.0800,25.4581
2026-05-09T17:25:45.431,-5.7319,0.0800,25.4925
2026-05-09T17:25:45.444,-5.7337,0.0800,25.5289
2026-05-09T17:25:45.458,-5.7361,0.0800,25.5633
2026-05-09T17:25:45.472,-5.7386,0.0800,25.5951
2026-05-09T17:25:45.486,-5.7423,0.0800,25.6296
2026-05-09T17:25:45.500,-5.7464,0.0800,25.6620
2026-05-09T17:25:45.514,-5.7508,0.0800,25.6934
2026-05-09T17:25:45.528,-5.7565,0.0800,25.7277
2026-05-09T17:25:45.541,-5.7625,0.0800,25.7595
2026-05-09T17:25:45.556,-5.7684,0.0800,25.7896
2026-05-09T17:25:45.570,-5.7753,0.0800,25.8200
2026-05-09T17:25:45.584,-5.7836,0.0800,25.8535
2026-05-09T17:25:45.598,-5.7920,0.0800,25.8849
2026-05-09T17:25:45.612,-5.8003,0.0800,25.9142
2026-05-09T17:25:45.626,-5.8088,0.0800,25.9416
2026-05-09T17:25:45.639,-5.8190,0.0800,25.9722
2026-05-09T17:25:45.654,-5.8281,0.0800,25.9988
2026-05-09T17:25:45.668,-5.8391,0.0800,26.0280
2026-05-09T17:25:45.681,-5.8512,0.0800,26.0583
2026-05-09T17:25:45.696,-5.8619,0.0800,26.0839
2026-05-09T17:25:45.709,-5.8741,0.0800,26.1113
2026-05-09T17:25:45.724,-5.8875,0.0800,26.1394
2026-05-09T17:25:45.737,-5.9001,0.0800,26.1651
2026-05-09T17:25:45.752,-5.9152,0.0800,26.1938
2026-05-09T17:25:45.766,-5.9292,0.0800,26.2190
2026-05-09T17:25:45.779,-5.9461,0.0800,26.2480
2026-05-09T17:25:45.794,-5.9609,0.0800,26.2532
2026-05-09T17:25:45.807,-5.9768,0.0800,26.2544
2026-05-09T17:25:45.821,-5.9936,0.0800,26.2557
2026-05-09T17:25:45.836,-6.0103,0.0800,26.2559
2026-05-09T17:25:45.850,-6.0287,0.0800,26.2571
2026-05-09T17:25:45.863,-6.0481,0.0800,26.2584
2026-05-09T17:25:45.877,-6.0680,0.0800,26.2596
2026-05-09T17:25:45.892,-6.0856,0.0800,26.2599
2026-05-09T17:25:45.905,-6.1050,0.0800,26.2610
2026-05-09T17:25:45.919,-6.1270,0.0800,26.2622
2026-05-09T17:25:45.933,-6.1465,0.0800,26.2632
2026-05-09T17:25:45.947,-6.1699,0.0800,26.2644
2026-05-09T17:25:45.961,-6.1902,0.0800,26.2654
2026-05-09T17:25:45.975,-6.2127,0.0800,26.2666
2026-05-09T17:25:45.989,-6.2338,0.0800,26.2677
2026-05-09T17:25:46.002,-6.2572,0.0800,26.2689
2026-05-09T17:25:46.017,-6.2809,0.0800,26.2701
2026-05-09T17:25:46.031,-6.3028,0.0800,26.2713
2026-05-09T17:25:46.044,-6.3289,0.0800,26.2726
2026-05-09T17:25:46.058,-6.3555,0.0800,26.2738
2026-05-09T17:25:46.072,-6.3815,0.0800,26.2751
2026-05-09T17:25:46.087,-6.4123,0.0800,26.2763
2026-05-09T17:25:46.100,-6.4455,0.0800,26.2775
2026-05-09T17:25:46.114,-6.4832,0.0800,26.2787
2026-05-09T17:25:46.128,-6.5188,0.0800,26.2798
2026-05-09T17:25:46.142,-6.5622,0.0800,26.2809
2026-05-09T17:25:46.156,-6.6054,0.0800,26.2820
2026-05-09T17:25:46.170,-6.6623,0.0800,26.2829
2026-05-09T17:25:46.185,-6.7124,0.0800,26.2838
2026-05-09T17:25:46.198,-6.7683,0.0800,26.2845
2026-05-09T17:25:46.213,-6.8290,0.0800,26.2852
2026-05-09T17:25:46.227,-6.8872,0.0800,26.2858
2026-05-09T17:25:46.240,-6.9531,0.0800,26.2860
2026-05-09T17:25:46.255,-7.0129,0.0800,26.2860
2026-05-09T17:25:46.268,-7.0724,0.0800,26.2860
2026-05-09T17:25:46.282,-7.1439,0.0800,26.2860
2026-05-09T17:25:46.296,-7.1994,0.0800,26.2859
2026-05-09T17:25:46.310,-7.2590,0.0800,26.2857
2026-05-09T17:25:46.325,-7.3200,0.0800,26.2855
2026-05-09T17:25:46.338,-7.3798,0.0800,26.2853
2026-05-09T17:25:46.352,-7.4418,0.0800,26.2853
2026-05-09T17:25:46.366,-7.4958,0.0800,26.2851
2026-05-09T17:25:46.379,-7.5593,0.0800,26.2847
2026-05-09T17:25:46.394,-7.6093,0.0800,26.2847
2026-05-09T17:25:46.408,-7.6550,0.0800,26.2843
2026-05-09T17:25:46.422,-7.6988,0.0800,26.2837
2026-05-09T17:25:46.436,-7.7368,0.0800,26.2850
2026-05-09T17:25:46.449,-7.7736,0.0800,26.2909
2026-05-09T17:25:46.463,-7.8057,0.0800,26.3013
2026-05-09T17:25:46.477,-7.8366,0.0800,26.3159
2026-05-09T17:25:46.492,-7.8608,0.0800,26.3308
2026-05-09T17:25:46.505,-7.8784,0.0800,26.3418
2026-05-09T17:25:46.518,-7.8901,0.0800,26.3495
2026-05-09T17:25:46.533,-7.9020,0.0800,26.3576
2026-05-09T17:25:46.546,-7.9123,0.0800,26.3647
2026-05-09T17:25:46.560,-7.9225,0.0800,26.3723
2026-05-09T17:25:46.574,-7.9335,0.0800,26.3812
2026-05-09T17:25:46.588,-7.9430,0.0800,26.3893
2026-05-09T17:25:46.602,-7.9523,0.0800,26.3979
2026-05-09T17:25:46.616,-7.9631,0.0800,26.4088
2026-05-09T17:25:46.630,-7.9710,0.0800,26.4173
2026-05-09T17:25:46.644,-7.9797,0.0800,26.4269
2026-05-09T17:25:46.657,-7.9882,0.0800,26.4371
2026-05-09T17:25:46.671,-7.9972,0.0800,26.4482
2026-05-09T17:25:46.685,-8.0044,0.0800,26.4577
2026-05-09T17:25:46.699,-8.0117,0.0800,26.4677
2026-05-09T17:25:46.713,-8.0202,0.0800,26.4798
2026-05-09T17:25:46.727,-8.0267,0.0800,26.4896
2026-05-09T17:25:46.740,-8.0337,0.0800,26.5009
2026-05-09T17:25:46.754,-8.0408,0.0800,26.5125
2026-05-09T17:25:46.768,-8.0469,0.0800,26.5232
2026-05-09T17:25:46.782,-8.0533,0.0800,26.5351
2026-05-09T17:25:46.796,-8.0597,0.0800,26.5474
2026-05-09T17:25:46.810,-8.0654,0.0800,26.5591
2026-05-09T17:25:46.823,-8.0702,0.0800,26.5697
2026-05-09T17:25:46.837,-8.0754,0.0800,26.5815
2026-05-09T17:25:46.851,-8.0806,0.0800,26.5942
2026-05-09T17:25:46.865,-8.0861,0.0800,26.6087
2026-05-09T17:25:46.878,-8.0935,0.0800,26.6290
2026-05-09T17:25:46.892,-8.1016,0.0800,26.6528
2026-05-09T17:25:46.906,-8.1100,0.0800,26.6794
2026-05-09T17:25:46.920,-8.1190,0.0800,26.7099
2026-05-09T17:25:46.934,-8.1286,0.0800,26.7441
2026-05-09T17:25:46.948,-8.1394,0.0800,26.7862
2026-05-09T17:25:46.961,-8.1496,0.0800,26.8289
2026-05-09T17:25:46.975,-8.1610,0.0800,26.8800
2026-05-09T17:25:46.989,-8.1712,0.0800,26.9291
2026-05-09T17:25:47.002,-8.1821,0.0800,26.9855
2026-05-09T17:25:47.016,-8.1935,0.0800,27.0483
2026-05-09T17:25:47.030,-8.2028,0.0800,27.1035
2026-05-09T17:25:47.044,-8.2127,0.0800,27.1656
2026-05-09T17:25:47.058,-8.2225,0.0800,27.2321
2026-05-09T17:25:47.071,-8.2308,0.0800,27.2924
2026-05-09T17:25:47.086,-8.2384,0.0800,27.3523
2026-05-09T17:25:47.099,-8.2456,0.0800,27.4135
2026-05-09T17:25:47.113,-8.2530,0.0800,27.4810
2026-05-09T17:25:47.128,-8.2589,0.0800,27.5403
2026-05-09T17:25:47.141,-8.2650,0.0800,27.6083
2026-05-09T17:25:47.155,-8.2700,0.0800,27.6713
2026-05-09T17:25:47.169,-8.2742,0.0800,27.7300
2026-05-09T17:25:47.183,-8.2783,0.0800,27.7959
2026-05-09T17:25:47.197,-8.2819,0.0800,27.8624
2026-05-09T17:25:47.210,-8.2848,0.0800,27.9274
2026-05-09T17:25:47.224,-8.2870,0.0800,27.9878
2026-05-09T17:25:47.237,-8.2887,0.0800,28.0512
2026-05-09T17:25:47.252,-8.2900,0.0800,28.1151
2026-05-09T17:25:47.266,-8.2906,0.0800,28.1759
2026-05-09T17:25:47.279,-8.2908,0.0800,28.2412
2026-05-09T17:25:47.293,-8.2904,0.0800,28.3027
2026-05-09T17:25:47.307,-8.2894,0.0800,28.3634
2026-05-09T17:25:47.321,-8.2878,0.0800,28.4256
2026-05-09T17:25:47.335,-8.2858,0.0800,28.4841
2026-05-09T17:25:47.349,-8.2830,0.0800,28.5474
2026-05-09T17:25:47.363,-8.2799,0.0800,28.6034
2026-05-09T17:25:47.376,-8.2761,0.0800,28.6602
2026-05-09T17:25:47.391,-8.2721,0.0800,28.7094
2026-05-09T17:25:47.404,-8.2681,0.0800,28.7510
2026-05-09T17:25:47.418,-8.2637,0.0800,28.7905
2026-05-09T17:25:47.432,-8.2597,0.0800,28.8210
2026-05-09T17:25:47.446,-8.2548,0.0800,28.8537
2026-05-09T17:25:47.459,-8.2512,0.0800,28.8740
2026-05-09T17:25:47.474,-8.2475,0.0800,28.8938
2026-05-09T17:25:47.487,-8.2441,0.0800,28.9095
2026-05-09T17:25:47.501,-8.2407,0.0800,28.9232
2026-05-09T17:25:47.515,-8.2372,0.0800,28.9371
2026-05-09T17:25:47.530,-8.2336,0.0800,28.9497
2026-05-09T17:25:47.543,-8.2295,0.0800,28.9628
2026-05-09T17:25:47.557,-8.2251,0.0800,28.9757
2026-05-09T17:25:47.571,-8.2206,0.0800,28.9886
2026-05-09T17:25:47.585,-8.2164,0.0800,28.9995
2026-05-09T17:25:47.598,-8.2116,0.0800,29.0112
2026-05-09T17:25:47.613,-8.2063,0.0800,29.0237
2026-05-09T17:25:47.626,-8.2019,0.0800,29.0332
2026-05-09T17:25:47.640,-8.1963,0.0800,29.0447
2026-05-09T17:25:47.654,-8.1907,0.0800,29.0559
2026-05-09T17:25:47.668,-8.1852,0.0800,29.0660
2026-05-09T17:25:47.681,-8.1789,0.0800,29.0771
2026-05-09T17:25:47.696,-8.1724,0.0800,29.0882
2026-05-09T17:25:47.710,-8.1687,0.0800,29.0940
2026-05-09T17:25:47.724,-8.1656,0.0800,29.0987
2026-05-09T17:25:47.737,-8.1639,0.0800,29.1010
2026-05-09T17:25:47.765,-8.1645,0.0800,29.1001
2026-05-09T17:25:47.778,-8.1651,0.0800,29.0991
2026-05-09T17:25:47.793,-8.1651,0.0800,29.0992
2026-05-09T17:25:47.806,-8.1657,0.0800,29.0983
2026-05-09T17:25:47.820,-8.1665,0.0800,29.0972
2026-05-09T17:25:47.835,-8.1664,0.0800,29.0974
2026-05-09T17:25:47.848,-8.1672,0.0800,29.0964
2026-05-09T17:25:47.862,-8.1679,0.0800,29.0956
2026-05-09T17:25:47.891,-8.1688,0.0800,29.0947
2026-05-09T17:25:47.904,-8.1696,0.0800,29.0938
2026-05-09T17:25:47.918,-8.1705,0.0800,29.0930
2026-05-09T17:25:47.946,-8.1713,0.0800,29.0923
2026-05-09T17:25:47.959,-8.1722,0.0800,29.0916
2026-05-09T17:25:47.988,-8.1731,0.0800,29.0909
2026-05-09T17:25:48.001,-8.1740,0.0800,29.0902
2026-05-09T17:25:48.029,-8.1749,0.0800,29.0896
2026-05-09T17:25:48.042,-8.1759,0.0800,29.0890
2026-05-09T17:25:48.071,-8.1768,0.0800,29.0885
2026-05-09T17:25:48.085,-8.1779,0.0800,29.0879
2026-05-09T17:25:48.098,-8.1789,0.0800,29.0874
2026-05-09T17:25:48.112,-8.1767,0.0800,29.0882
2026-05-09T17:25:48.126,-8.1729,0.0800,29.0894
2026-05-09T17:25:48.140,-8.1636,0.0800,29.0923
2026-05-09T17:25:48.154,-8.1428,0.0800,29.0986
2026-05-09T17:25:48.168,-8.1162,0.0800,29.1058
2026-05-09T17:25:48.182,-8.0669,0.0800,29.1183
2026-05-09T17:25:48.196,-8.0181,0.0800,29.1299
2026-05-09T17:25:48.209,-7.9617,0.0800,29.1423
2026-05-09T17:25:48.224,-7.9046,0.0800,29.1541
2026-05-09T17:25:48.237,-7.8462,0.0800,29.1655
2026-05-09T17:25:48.252,-7.7875,0.0800,29.1762
2026-05-09T17:25:48.266,-7.7297,0.0800,29.1861
2026-05-09T17:25:48.279,-7.6685,0.0800,29.1959
2026-05-09T17:25:48.293,-7.6086,0.0800,29.2048
2026-05-09T17:25:48.307,-7.5524,0.0800,29.2124
2026-05-09T17:25:48.321,-7.4923,0.0800,29.2199
2026-05-09T17:25:48.335,-7.4334,0.0800,29.2266
2026-05-09T17:25:48.349,-7.3710,0.0800,29.2329
2026-05-09T17:25:48.363,-7.3123,0.0800,29.2382
2026-05-09T17:25:48.376,-7.2550,0.0800,29.2427
2026-05-09T17:25:48.390,-7.1972,0.0800,29.2465
2026-05-09T17:25:48.404,-7.1383,0.0800,29.2498
2026-05-09T17:25:48.418,-7.0784,0.0800,29.2525
2026-05-09T17:25:48.432,-7.0194,0.0800,29.2545
2026-05-09T17:25:48.446,-6.9602,0.0800,29.2558
2026-05-09T17:25:48.460,-6.8988,0.0800,29.2565
2026-05-09T17:25:48.474,-6.8369,0.0800,29.2565
2026-05-09T17:25:48.488,-6.7812,0.0800,29.2559
2026-05-09T17:25:48.501,-6.7221,0.0800,29.2546
2026-05-09T17:25:48.515,-6.6608,0.0800,29.2526
2026-05-09T17:25:48.529,-6.6038,0.0800,29.2501
2026-05-09T17:25:48.543,-6.5433,0.0800,29.2468
2026-05-09T17:25:48.558,-6.4853,0.0800,29.2430
2026-05-09T17:25:48.571,-6.4266,0.0800,29.2385
2026-05-09T17:25:48.585,-6.3617,0.0800,29.2328
2026-05-09T17:25:48.599,-6.3088,0.0800,29.2275
2026-05-09T17:25:48.613,-6.2470,0.0800,29.2207
2026-05-09T17:25:48.627,-6.1906,0.0800,29.2138
2026-05-09T17:25:48.640,-6.1277,0.0800,29.2054
2026-05-09T17:25:48.655,-6.0723,0.0800,29.1973
2026-05-09T17:25:48.669,-6.0191,0.0800,29.1889
2026-05-09T17:25:48.682,-5.9574,0.0800,29.1783
2026-05-09T17:25:48.696,-5.9029,0.0800,29.1683
2026-05-09T17:25:48.710,-5.8483,0.0800,29.1576
2026-05-09T17:25:48.724,-5.7904,0.0800,29.1455
2026-05-09T17:25:48.737,-5.7346,0.0800,29.1331
2026-05-09T17:25:48.752,-5.6767,0.0800,29.1195
2026-05-09T17:25:48.765,-5.6251,0.0800,29.1067
2026-05-09T17:25:48.779,-5.5651,0.0800,29.0911
2026-05-09T17:25:48.793,-5.5111,0.0800,29.0763
2026-05-09T17:25:48.807,-5.4587,0.0800,29.0614
2026-05-09T17:25:48.821,-5.4009,0.0800,29.0442
2026-05-09T17:25:48.835,-5.3460,0.0800,29.0271
2026-05-09T17:25:48.849,-5.2925,0.0800,29.0097
2026-05-09T17:25:48.863,-5.2350,0.0800,28.9903
2026-05-09T17:25:48.876,-5.1804,0.0800,28.9710
2026-05-09T17:25:48.891,-5.1281,0.0800,28.9519
2026-05-09T17:25:48.904,-5.0756,0.0800,28.9319
2026-05-09T17:25:48.918,-5.0206,0.0800,28.9103
2026-05-09T17:25:48.932,-4.9677,0.0800,28.8887
2026-05-09T17:25:48.946,-4.9146,0.0800,28.8662
2026-05-09T17:25:48.959,-4.8632,0.0800,28.8437
2026-05-09T17:25:48.974,-4.8093,0.0800,28.8194
2026-05-09T17:25:48.987,-4.7586,0.0800,28.7957
2026-05-09T17:25:49.001,-4.7073,0.0800,28.7710
2026-05-09T17:25:49.016,-4.6532,0.0800,28.7441
2026-05-09T17:25:49.029,-4.6044,0.0800,28.7192
2026-05-09T17:25:49.043,-4.5522,0.0800,28.6917
2026-05-09T17:25:49.057,-4.5016,0.0800,28.6642
2026-05-09T17:25:49.071,-4.4522,0.0800,28.6366
2026-05-09T17:25:49.085,-4.3997,0.0800,28.6064
2026-05-09T17:25:49.098,-4.3539,0.0800,28.5794
2026-05-09T17:25:49.112,-4.3026,0.0800,28.5482
2026-05-09T17:25:49.126,-4.2585,0.0800,28.5207
2026-05-09T17:25:49.139,-4.2062,0.0800,28.4872
2026-05-09T17:25:49.153,-4.1598,0.0800,28.4567
2026-05-09T17:25:49.167,-4.1158,0.0800,28.4270
2026-05-09T17:25:49.181,-4.0647,0.0800,28.3917
2026-05-09T17:25:49.195,-4.0188,0.0800,28.3591
2026-05-09T17:25:49.209,-3.9721,0.0800,28.3251
2026-05-09T17:25:49.222,-3.9263,0.0800,28.2909
2026-05-09T17:25:49.236,-3.8816,0.0800,28.2567
2026-05-09T17:25:49.250,-3.8363,0.0800,28.2294
2026-05-09T17:25:49.264,-3.7937,0.0800,28.2297
2026-05-09T17:25:49.277,-3.7477,0.0800,28.2273
2026-05-09T17:25:49.292,-3.7027,0.0800,28.2145
2026-05-09T17:25:49.305,-3.6540,0.0800,28.1927
2026-05-09T17:25:49.319,-3.6097,0.0800,28.1600
2026-05-09T17:25:49.334,-3.5726,0.0800,28.1258
2026-05-09T17:25:49.347,-3.5344,0.0800,28.0896
2026-05-09T17:25:49.361,-3.5013,0.0800,28.0571
2026-05-09T17:25:49.375,-3.4697,0.0800,28.0252
2026-05-09T17:25:49.389,-3.4433,0.0800,27.9974
2026-05-09T17:25:49.402,-3.4165,0.0800,27.9683
2026-05-09T17:25:49.416,-3.3886,0.0800,27.9370
2026-05-09T17:25:49.430,-3.3656,0.0800,27.9100
2026-05-09T17:25:49.444,-3.3409,0.0800,27.8801
2026-05-09T17:25:49.458,-3.3180,0.0800,27.8512
2026-05-09T17:25:49.472,-3.2947,0.0800,27.8208
2026-05-09T17:25:49.486,-3.2740,0.0800,27.7925
2026-05-09T17:25:49.499,-3.2534,0.0800,27.7633
2026-05-09T17:25:49.513,-3.2329,0.0800,27.7332
2026-05-09T17:25:49.527,-3.2149,0.0800,27.7055
2026-05-09T17:25:49.541,-3.1957,0.0800,27.6747
2026-05-09T17:25:49.555,-3.1774,0.0800,27.6442
2026-05-09T17:25:49.569,-3.1610,0.0800,27.6200
2026-05-09T17:25:49.582,-3.1438,0.0800,27.6206
2026-05-09T17:25:49.596,-3.1262,0.0800,27.6198
2026-05-09T17:25:49.610,-3.1079,0.0800,27.6186
2026-05-09T17:25:49.624,-3.0888,0.0800,27.6159
2026-05-09T17:25:49.638,-3.0679,0.0800,27.6115
2026-05-09T17:25:49.652,-3.0470,0.0800,27.6054
2026-05-09T17:25:49.666,-3.0259,0.0800,27.5981
2026-05-09T17:25:49.680,-3.0031,0.0800,27.5880
2026-05-09T17:25:49.694,-2.9796,0.0800,27.5750
2026-05-09T17:25:49.707,-2.9567,0.0800,27.5599
2026-05-09T17:25:49.721,-2.9353,0.0800,27.5428
2026-05-09T17:25:49.735,-2.9139,0.0800,27.5220
2026-05-09T17:25:49.749,-2.8912,0.0800,27.4950
2026-05-09T17:25:49.763,-2.8673,0.0800,27.4566
2026-05-09T17:25:49.777,-2.8468,0.0800,27.3985
2026-05-09T17:25:49.791,-2.8317,0.0800,27.3452
2026-05-09T17:25:49.805,-2.8160,0.0800,27.2926
2026-05-09T17:25:49.818,-2.7987,0.0800,27.2372
2026-05-09T17:25:49.833,-2.7839,0.0800,27.1920
2026-05-09T17:25:49.846,-2.7686,0.0800,27.1479
2026-05-09T17:25:49.860,-2.7504,0.0800,27.0979
2026-05-09T17:25:49.874,-2.7339,0.0800,27.0546
2026-05-09T17:25:49.888,-2.7157,0.0800,27.0094
2026-05-09T17:25:49.902,-2.6972,0.0800,26.9654
2026-05-09T17:25:49.916,-2.6771,0.0800,26.9195
2026-05-09T17:25:49.929,-2.6573,0.0800,26.8766
2026-05-09T17:25:49.943,-2.6357,0.0800,26.8316
2026-05-09T17:25:49.958,-2.6148,0.0800,26.7897
2026-05-09T17:25:49.972,-2.5932,0.0800,26.7483
2026-05-09T17:25:49.985,-2.5677,0.0800,26.7012
2026-05-09T17:25:49.999,-2.5439,0.0800,26.6590
2026-05-09T17:25:50.013,-2.5204,0.0800,26.6188
2026-05-09T17:25:50.027,-2.4957,0.0800,26.5782
2026-05-09T17:25:50.041,-2.4693,0.0800,26.5364
2026-05-09T17:25:50.055,-2.4433,0.0800,26.4965
2026-05-09T17:25:50.069,-2.4165,0.0800,26.4569
2026-05-09T17:25:50.082,-2.3856,0.0800,26.4127
2026-05-09T17:25:50.096,-2.3601,0.0800,26.3776
2026-05-09T17:25:50.110,-2.3318,0.0800,26.3398
2026-05-09T17:25:50.124,-2.3023,0.0800,26.3018
2026-05-09T17:25:50.138,-2.2704,0.0800,26.2619
2026-05-09T17:25:50.152,-2.2404,0.0800,26.2257
2026-05-09T17:25:50.166,-2.2110,0.0800,26.1913
2026-05-09T17:25:50.179,-2.1769,0.0800,26.1528
2026-05-09T17:25:50.194,-2.1456,0.0800,26.1184
2026-05-09T17:25:50.208,-2.1153,0.0800,26.0863
2026-05-09T17:25:50.221,-2.0785,0.0800,26.0484
2026-05-09T17:25:50.236,-2.0447,0.0800,26.0146
2026-05-09T17:25:50.250,-2.0091,0.0800,25.9803
2026-05-09T17:25:50.264,-1.9743,0.0800,25.9479
2026-05-09T17:25:50.276,-1.9371,0.0800,25.9144
2026-05-09T17:25:50.291,-1.9025,0.0800,25.8840
2026-05-09T17:25:50.305,-1.8683,0.0800,25.8552
2026-05-09T17:25:50.319,-1.8286,0.0800,25.8226
2026-05-09T17:25:50.333,-1.7921,0.0800,25.7938
2026-05-09T17:25:50.346,-1.7519,0.0800,25.7630
2026-05-09T17:25:50.361,-1.7126,0.0800,25.7342
2026-05-09T17:25:50.375,-1.6755,0.0800,25.7077
2026-05-09T17:25:50.389,-1.6350,0.0800,25.6799
2026-05-09T17:25:50.403,-1.5942,0.0800,25.6528
2026-05-09T17:25:50.417,-1.5518,0.0800,25.6256
2026-05-09T17:25:50.430,-1.5099,0.0800,25.5996
2026-05-09T17:25:50.444,-1.4654,0.0800,25.5731
2026-05-09T17:25:50.458,-1.4222,0.0800,25.5481
2026-05-09T17:25:50.472,-1.3776,0.0800,25.5231
2026-05-09T17:25:50.486,-1.3315,0.0800,25.4982
2026-05-09T17:25:50.500,-1.2856,0.0800,25.4742
2026-05-09T17:25:50.514,-1.2354,0.0800,25.4489
2026-05-09T17:25:50.528,-1.1902,0.0800,25.4270
2026-05-09T17:25:50.541,-1.1436,0.0800,25.4052
2026-05-09T17:25:50.556,-1.0949,0.0800,25.3832
2026-05-09T17:25:50.569,-1.0482,0.0800,25.3631
2026-05-09T17:25:50.583,-0.9963,0.0800,25.3416
2026-05-09T17:25:50.597,-0.9495,0.0800,25.3229
2026-05-09T17:25:50.612,-0.9005,0.0800,25.3043
2026-05-09T17:25:50.625,-0.8501,0.0800,25.2860
2026-05-09T17:25:50.639,-0.7981,0.0800,25.2680
2026-05-09T17:25:50.653,-0.7494,0.0800,25.2519
2026-05-09T17:25:50.667,-0.7019,0.0800,25.2370
2026-05-09T17:25:50.681,-0.6454,0.0800,25.2202
2026-05-09T17:25:50.695,-0.5980,0.0800,25.2069
2026-05-09T17:25:50.709,-0.5462,0.0800,25.1931
2026-05-09T17:25:50.723,-0.4946,0.0800,25.1803
2026-05-09T17:25:50.737,-0.4459,0.0800,25.1689
2026-05-09T17:25:50.751,-0.3951,0.0800,25.1578
2026-05-09T17:25:50.765,-0.3426,0.0800,25.1471
2026-05-09T17:25:50.779,-0.2935,0.0800,25.1380
2026-05-09T17:25:50.793,-0.2469,0.0800,25.1299
2026-05-09T17:25:50.807,-0.1990,0.0800,25.1225
2026-05-09T17:25:50.821,-0.1531,0.0800,25.1163
2026-05-09T17:25:50.836,-0.1094,0.0800,25.1110
2026-05-09T17:25:50.849,-0.0632,0.0800,25.1064
2026-05-09T17:25:50.864,-0.0205,0.0800,25.1030
2026-05-09T17:25:50.876,0.0247,0.0800,25.1002
2026-05-09T17:25:50.891,0.0672,0.0800,25.0984
2026-05-09T17:25:50.905,0.1069,0.0800,25.0975
2026-05-09T17:25:50.919,0.1503,0.0800,25.0972
2026-05-09T17:25:50.933,0.1913,0.0800,25.0977
2026-05-09T17:25:50.947,0.2354,0.0800,25.0990
2026-05-09T17:25:50.960,0.2794,0.0800,25.1011
2026-05-09T17:25:50.974,0.3208,0.0800,25.1037
2026-05-09T17:25:50.988,0.3608,0.0800,25.1069
2026-05-09T17:25:51.002,0.4017,0.0800,25.1109
2026-05-09T17:25:51.016,0.4449,0.0800,25.1157
2026-05-09T17:25:51.030,0.4876,0.0800,25.1214
2026-05-09T17:25:51.044,0.5292,0.0800,25.1276
2026-05-09T17:25:51.058,0.5728,0.0800,25.1349
2026-05-09T17:25:51.072,0.6117,0.0800,25.1420
2026-05-09T17:25:51.086,0.6540,0.0800,25.1506
2026-05-09T17:25:51.100,0.6960,0.0800,25.1600
2026-05-09T17:25:51.113,0.7391,0.0800,25.1703
2026-05-09T17:25:51.128,0.7778,0.0800,25.1805
2026-05-09T17:25:51.140,0.8192,0.0800,25.1922
2026-05-09T17:25:51.156,0.8612,0.0800,25.2047
2026-05-09T17:25:51.169,0.8962,0.0800,25.2160
2026-05-09T17:25:51.183,0.9423,0.0800,25.2317
2026-05-09T17:25:51.197,0.9801,0.0800,25.2452
2026-05-09T17:25:51.211,1.0188,0.0800,25.2600
2026-05-09T17:25:51.225,1.0593,0.0800,25.2762
2026-05-09T17:25:51.238,1.0986,0.0800,25.2928
2026-05-09T17:25:51.252,1.1353,0.0800,25.3088
2026-05-09T17:25:51.266,1.1724,0.0800,25.3259
2026-05-09T17:25:51.279,1.2161,0.0800,25.3469
2026-05-09T17:25:51.294,1.2497,0.0800,25.3638
2026-05-09T17:25:51.307,1.2867,0.0800,25.3832
2026-05-09T17:25:51.321,1.3251,0.0800,25.4042
2026-05-09T17:25:51.336,1.3593,0.0800,25.4236
2026-05-09T17:25:51.349,1.3989,0.0800,25.4471
2026-05-09T17:25:51.363,1.4347,0.0800,25.4694
2026-05-09T17:25:51.377,1.4675,0.0800,25.4904
2026-05-09T17:25:51.392,1.5023,0.0800,25.5138
2026-05-09T17:25:51.405,1.5403,0.0800,25.5403
2026-05-09T17:25:51.419,1.5764,0.0800,25.5666
2026-05-09T17:25:51.433,1.6072,0.0800,25.5896
2026-05-09T17:25:51.447,1.6406,0.0800,25.6158
2026-05-09T17:25:51.460,1.6725,0.0800,25.6418
2026-05-09T17:25:51.474,1.7060,0.0800,25.6698
2026-05-09T17:25:51.488,1.7363,0.0800,25.6963
2026-05-09T17:25:51.502,1.7683,0.0800,25.7252
2026-05-09T17:25:51.516,1.7995,0.0800,25.7541
2026-05-09T17:25:51.530,1.8291,0.0800,25.7830
2026-05-09T17:25:51.544,1.8602,0.0800,25.8141
2026-05-09T17:25:51.557,1.8897,0.0800,25.8447
2026-05-09T17:25:51.571,1.9189,0.0800,25.8758
2026-05-09T17:25:51.585,1.9473,0.0800,25.9075
2026-05-09T17:25:51.599,1.9791,0.0800,25.9438
2026-05-09T17:25:51.613,2.0188,0.0800,25.9902
2026-05-09T17:25:51.627,2.0500,0.0800,26.0278
2026-05-09T17:25:51.640,2.0911,0.0800,26.0786
2026-05-09T17:25:51.654,2.1283,0.0800,26.1250
2026-05-09T17:25:51.668,2.1694,0.0800,26.1772
2026-05-09T17:25:51.681,2.2103,0.0800,26.2288
2026-05-09T17:25:51.696,2.2445,0.0800,26.2718
2026-05-09T17:25:51.710,2.2761,0.0800,26.3111
2026-05-09T17:25:51.724,2.3105,0.0800,26.3528
2026-05-09T17:25:51.737,2.3419,0.0800,26.3900
2026-05-09T17:25:51.751,2.3738,0.0800,26.4271
2026-05-09T17:25:51.765,2.4027,0.0800,26.4597
2026-05-09T17:25:51.778,2.4358,0.0800,26.4960
2026-05-09T17:25:51.793,2.4693,0.0800,26.5321
2026-05-09T17:25:51.807,2.5047,0.0800,26.5690
2026-05-09T17:25:51.820,2.5378,0.0800,26.6024
2026-05-09T17:25:51.834,2.5749,0.0800,26.6391
2026-05-09T17:25:51.848,2.6137,0.0800,26.6762
2026-05-09T17:25:51.862,2.6495,0.0800,26.7096
2026-05-09T17:25:51.876,2.6901,0.0800,26.7466
2026-05-09T17:25:51.891,2.7280,0.0800,26.7800
2026-05-09T17:25:51.904,2.7663,0.0800,26.8131
2026-05-09T17:25:51.918,2.8085,0.0800,26.8484
2026-05-09T17:25:51.932,2.8475,0.0800,26.8804
2026-05-09T17:25:51.946,2.8906,0.0800,26.9145
2026-05-09T17:25:51.959,2.9299,0.0800,26.9447
2026-05-09T17:25:51.974,2.9740,0.0800,26.9778
2026-05-09T17:25:51.987,3.0123,0.0800,27.0054
2026-05-09T17:25:52.001,3.0579,0.0800,27.0374
2026-05-09T17:25:52.015,3.1012,0.0800,27.0670
2026-05-09T17:25:52.029,3.1416,0.0800,27.0934
2026-05-09T17:25:52.042,3.1841,0.0800,27.1202
2026-05-09T17:25:52.057,3.2285,0.0800,27.1476
2026-05-09T17:25:52.071,3.2706,0.0800,27.1723
2026-05-09T17:25:52.085,3.3211,0.0800,27.2010
2026-05-09T17:25:52.098,3.3632,0.0800,27.2238
2026-05-09T17:25:52.113,3.3806,0.0800,27.2507
2026-05-09T17:25:52.127,3.3838,0.0800,27.2776
2026-05-09T17:25:52.140,3.3914,0.0800,27.3110
2026-05-09T17:25:52.154,3.4033,0.0800,27.3432
2026-05-09T17:25:52.169,3.4189,0.0800,27.3744
2026-05-09T17:25:52.182,3.4414,0.0800,27.4096
2026-05-09T17:25:52.197,3.4705,0.0800,27.4422
2026-05-09T17:25:52.210,3.5030,0.0800,27.4694
2026-05-09T17:25:52.225,3.5446,0.0800,27.4958
2026-05-09T17:25:52.238,3.5885,0.0800,27.5111
2026-05-09T17:25:52.253,3.6334,0.0800,27.5301
2026-05-09T17:25:52.267,3.6783,0.0800,27.5442
2026-05-09T17:25:52.280,3.7307,0.0800,27.5598
2026-05-09T17:25:52.294,3.7736,0.0800,27.5719
2026-05-09T17:25:52.308,3.8180,0.0800,27.5836
2026-05-09T17:25:52.322,3.8623,0.0800,27.5945
2026-05-09T17:25:52.336,3.8715,0.0800,27.6055
2026-05-09T17:25:52.349,3.8712,0.0800,27.6157
2026-05-09T17:25:52.363,3.8710,0.0800,27.6249
2026-05-09T17:25:52.377,3.8710,0.0800,27.6333
2026-05-09T17:25:52.391,3.8706,0.0800,27.6408
2026-05-09T17:25:52.405,3.8703,0.0800,27.6475
2026-05-09T17:25:52.419,3.8701,0.0800,27.6532
2026-05-09T17:25:52.433,3.8701,0.0800,27.6580
2026-05-09T17:25:52.447,3.8698,0.0800,27.6616
2026-05-09T17:25:52.461,3.8696,0.0800,27.6643
2026-05-09T17:25:52.474,3.8696,0.0800,27.6667
2026-05-09T17:25:52.489,3.8694,0.0800,27.6679
2026-05-09T17:25:52.502,3.8694,0.0800,27.6677
2026-05-09T17:25:52.516,3.8693,0.0800,27.6677
2026-05-09T17:25:52.531,3.8694,0.0800,27.6675
2026-05-09T17:25:52.544,3.8694,0.0800,27.6662
2026-05-09T17:25:52.558,3.8694,0.0800,27.6640
2026-05-09T17:25:52.572,3.8696,0.0800,27.6613
2026-05-09T17:25:52.586,3.8699,0.0800,27.6583
2026-05-09T17:25:52.599,3.8705,0.0800,27.6566
2026-05-09T17:25:52.614,3.8705,0.0800,27.6538
2026-05-09T17:25:52.628,3.8709,0.0800,27.6478
2026-05-09T17:25:52.641,3.8714,0.0800,27.6406
2026-05-09T17:25:52.655,3.8713,0.0800,27.6363
2026-05-09T17:25:52.669,3.8718,0.0800,27.6325
2026-05-09T17:25:52.683,3.8723,0.0800,27.6301
2026-05-09T17:25:52.711,3.8728,0.0800,27.6301
2026-05-09T17:25:52.725,3.8734,0.0800,27.6303
2026-05-09T17:25:52.738,3.8739,0.0800,27.6304
2026-05-09T17:25:52.767,3.8745,0.0800,27.6320
2026-05-09T17:25:52.780,3.8752,0.0800,27.6347
2026-05-09T17:25:52.794,3.8750,0.0800,27.6374
2026-05-09T17:25:52.808,3.8756,0.0800,27.6413
2026-05-09T17:25:52.822,3.8762,0.0800,27.6459
2026-05-09T17:25:52.836,3.8762,0.0800,27.6513
2026-05-09T17:25:52.850,3.8768,0.0800,27.6577
2026-05-09T17:25:52.864,3.8773,0.0800,27.6645
2026-05-09T17:25:52.877,3.8779,0.0800,27.6722
2026-05-09T17:25:52.892,3.8779,0.0800,27.6807
2026-05-09T17:25:52.905,3.8785,0.0800,27.6894
2026-05-09T17:25:52.919,3.8791,0.0800,27.7000
2026-05-09T17:25:52.934,3.8790,0.0800,27.7098
2026-05-09T17:25:52.947,3.8796,0.0800,27.7229
2026-05-09T17:25:52.961,3.8802,0.0800,27.7341
2026-05-09T17:25:52.975,3.8804,0.0800,27.7477
2026-05-09T17:25:52.989,3.8819,0.0800,27.7633
2026-05-09T17:25:53.002,3.8849,0.0800,27.7834
2026-05-09T17:25:53.017,3.8894,0.0800,27.8064
2026-05-09T17:25:53.030,3.8966,0.0800,27.8298
2026-05-09T17:25:53.043,3.9088,0.0800,27.8605
2026-05-09T17:25:53.058,3.9273,0.0800,27.8905
2026-05-09T17:25:53.072,3.9503,0.0800,27.9181
2026-05-09T17:25:53.086,3.9828,0.0800,27.9493
2026-05-09T17:25:53.099,4.0209,0.0800,27.9736
2026-05-09T17:25:53.114,4.0639,0.0800,27.9947
2026-05-09T17:25:53.127,4.0998,0.0800,28.0133
2026-05-09T17:25:53.141,4.1431,0.0800,28.0365
2026-05-09T17:25:53.155,4.1807,0.0800,28.0574
2026-05-09T17:25:53.169,4.2187,0.0800,28.0796
2026-05-09T17:25:53.183,4.2628,0.0800,28.1064
2026-05-09T17:25:53.198,4.2985,0.0800,28.1288
2026-05-09T17:25:53.210,4.3365,0.0800,28.1538
2026-05-09T17:25:53.225,4.3755,0.0800,28.1804
2026-05-09T17:25:53.238,4.4103,0.0800,28.2051
2026-05-09T17:25:53.253,4.4480,0.0800,28.2326
2026-05-09T17:25:53.267,4.4835,0.0800,28.2597
2026-05-09T17:25:53.280,4.5248,0.0800,28.2923
2026-05-09T17:25:53.294,4.5564,0.0800,28.3181
2026-05-09T17:25:53.308,4.5917,0.0800,28.3481
2026-05-09T17:25:53.322,4.6253,0.0800,28.3779
2026-05-09T17:25:53.336,4.6589,0.0800,28.4084
2026-05-09T17:25:53.350,4.6944,0.0800,28.4420
2026-05-09T17:25:53.364,4.7258,0.0800,28.4728
2026-05-09T17:25:53.377,4.7565,0.0800,28.5038
2026-05-09T17:25:53.392,4.7885,0.0800,28.5374
2026-05-09T17:25:53.405,4.8187,0.0800,28.5702
2026-05-09T17:25:53.420,4.8526,0.0800,28.6082
2026-05-09T17:25:53.434,4.8803,0.0800,28.6401
2026-05-09T17:25:53.447,4.9119,0.0800,28.6780
2026-05-09T17:25:53.461,4.9408,0.0800,28.7140
2026-05-09T17:25:53.475,4.9680,0.0800,28.7486
2026-05-09T17:25:53.489,4.9940,0.0800,28.7831
2026-05-09T17:25:53.502,5.0205,0.0800,28.8195
2026-05-09T17:25:53.516,5.0484,0.0800,28.8588
2026-05-09T17:25:53.530,5.0742,0.0800,28.8968
2026-05-09T17:25:53.544,5.0999,0.0800,28.9361
2026-05-09T17:25:53.558,5.1237,0.0800,28.9739
2026-05-09T17:25:53.571,5.1477,0.0800,29.0131
2026-05-09T17:25:53.586,5.1706,0.0800,29.0522
2026-05-09T17:25:53.599,5.1925,0.0800,29.0912
2026-05-09T17:25:53.614,5.2179,0.0800,29.1377
2026-05-09T17:25:53.628,5.2362,0.0800,29.1732
2026-05-09T17:25:53.641,5.2586,0.0800,29.2182
2026-05-09T17:25:53.655,5.2775,0.0800,29.2575
2026-05-09T17:25:53.669,5.2948,0.0800,29.2955
2026-05-09T17:25:53.682,5.3153,0.0800,29.3422
2026-05-09T17:25:53.696,5.3328,0.0800,29.3836
2026-05-09T17:25:53.710,5.3498,0.0800,29.4260
2026-05-09T17:25:53.725,5.3668,0.0800,29.4708
2026-05-09T17:25:53.737,5.3827,0.0800,29.5147
2026-05-09T17:25:53.752,5.3990,0.0800,29.5615
2026-05-09T17:25:53.765,5.4116,0.0800,29.6005
2026-05-09T17:25:53.779,5.4273,0.0800,29.6512
2026-05-09T17:25:53.793,5.4407,0.0800,29.6968
2026-05-09T17:25:53.807,5.4561,0.0800,29.7532
2026-05-09T17:25:53.820,5.4702,0.0800,29.8081
2026-05-09T17:25:53.835,5.4848,0.0800,29.8680
2026-05-09T17:25:53.848,5.4979,0.0800,29.9255
2026-05-09T17:25:53.863,5.5112,0.0800,29.9886
2026-05-09T17:25:53.877,5.5232,0.0800,30.0492
2026-05-09T17:25:53.891,5.5354,0.0800,30.1153
2026-05-09T17:25:53.904,5.5472,0.0800,30.1839
2026-05-09T17:25:53.918,5.5580,0.0800,30.2511
2026-05-09T17:25:53.932,5.5688,0.0800,30.3215
2026-05-09T17:25:53.946,5.5780,0.0800,30.3847
2026-05-09T17:25:53.959,5.5868,0.0800,30.4481
2026-05-09T17:25:53.973,5.5962,0.0800,30.5193
2026-05-09T17:25:53.987,5.6038,0.0800,30.5787
2026-05-09T17:25:54.001,5.6127,0.0800,30.6509
2026-05-09T17:25:54.015,5.6212,0.0800,30.7224
2026-05-09T17:25:54.029,5.6289,0.0800,30.7853
2026-05-09T17:25:54.043,5.6372,0.0800,30.8532
2026-05-09T17:25:54.057,5.6459,0.0800,30.9224
2026-05-09T17:25:54.071,5.6546,0.0800,30.9901
2026-05-09T17:25:54.085,5.6639,0.0800,31.0622
2026-05-09T17:25:54.098,5.6721,0.0800,31.1243
2026-05-09T17:25:54.112,5.6818,0.0800,31.1971
2026-05-09T17:25:54.126,5.6902,0.0800,31.2599
2026-05-09T17:25:54.139,5.7001,0.0800,31.3326
2026-05-09T17:25:54.153,5.7094,0.0800,31.4011
2026-05-09T17:25:54.168,5.7179,0.0800,31.4633
2026-05-09T17:25:54.181,5.7282,0.0800,31.5385
2026-05-09T17:25:54.196,5.7376,0.0800,31.6073
2026-05-09T17:25:54.209,5.7464,0.0800,31.6717
2026-05-09T17:25:54.223,5.7564,0.0800,31.7449
2026-05-09T17:25:54.237,5.7653,0.0800,31.8094
2026-05-09T17:25:54.251,5.7750,0.0800,31.8796
2026-05-09T17:25:54.265,5.7842,0.0800,31.9459
2026-05-09T17:25:54.278,5.7944,0.0800,32.0195
2026-05-09T17:25:54.292,5.8037,0.0800,32.0856
2026-05-09T17:25:54.306,5.8134,0.0800,32.1544
2026-05-09T17:25:54.319,5.8233,0.0800,32.2231
2026-05-09T17:25:54.335,5.8330,0.0800,32.2904
2026-05-09T17:25:54.348,5.8430,0.0800,32.3596
2026-05-09T17:25:54.362,5.8534,0.0800,32.4301
2026-05-09T17:25:54.375,5.8638,0.0800,32.4996
2026-05-09T17:25:54.390,5.8740,0.0800,32.5674
2026-05-09T17:25:54.403,5.8835,0.0800,32.6302
2026-05-09T17:25:54.417,5.8950,0.0800,32.7046
2026-05-09T17:25:54.431,5.9052,0.0800,32.7699
2026-05-09T17:25:54.445,5.9156,0.0800,32.8362
2026-05-09T17:25:54.458,5.9270,0.0800,32.9074
2026-05-09T17:25:54.473,5.9379,0.0800,32.9747
2026-05-09T17:25:54.487,5.9487,0.0800,33.0409
2026-05-09T17:25:54.500,5.9603,0.0800,33.1110
2026-05-09T17:25:54.514,5.9725,0.0800,33.1843
2026-05-09T17:25:54.529,5.9830,0.0800,33.2473
2026-05-09T17:25:54.542,5.9947,0.0800,33.3172
2026-05-09T17:25:54.557,6.0066,0.0800,33.3880
2026-05-09T17:25:54.570,6.0177,0.0800,33.4545
2026-05-09T17:25:54.585,6.0300,0.0800,33.5279
2026-05-09T17:25:54.598,6.0408,0.0800,33.5925
2026-05-09T17:25:54.612,6.0525,0.0800,33.6624
2026-05-09T17:25:54.626,6.0631,0.0800,33.7262
2026-05-09T17:25:54.640,6.0745,0.0800,33.7951
2026-05-09T17:25:54.654,6.0852,0.0800,33.8621
2026-05-09T17:25:54.668,6.0953,0.0800,33.9275
2026-05-09T17:25:54.681,6.1064,0.0800,34.0016
2026-05-09T17:25:54.696,6.1156,0.0800,34.0652
2026-05-09T17:25:54.709,6.1248,0.0800,34.1314
2026-05-09T17:25:54.723,6.1338,0.0800,34.1983
2026-05-09T17:25:54.737,6.1426,0.0800,34.2647
2026-05-09T17:25:54.751,6.1513,0.0800,34.3341
2026-05-09T17:25:54.765,6.1594,0.0800,34.4013
2026-05-09T17:25:54.779,6.1672,0.0800,34.4691
2026-05-09T17:25:54.793,6.1746,0.0800,34.5349
2026-05-09T17:25:54.807,6.1819,0.0800,34.6035
2026-05-09T17:25:54.821,6.1886,0.0800,34.6709
2026-05-09T17:25:54.835,6.1951,0.0800,34.7385
2026-05-09T17:25:54.849,6.2009,0.0800,34.8045
2026-05-09T17:25:54.862,6.2062,0.0800,34.8701
2026-05-09T17:25:54.876,6.2113,0.0800,34.9361
2026-05-09T17:25:54.890,6.2157,0.0800,35.0004
2026-05-09T17:25:54.904,6.2197,0.0800,35.0664
2026-05-09T17:25:54.918,6.2234,0.0800,35.1358
2026-05-09T17:25:54.932,6.2266,0.0800,35.2007
2026-05-09T17:25:54.946,6.2292,0.0800,35.2671
2026-05-09T17:25:54.960,6.2314,0.0800,35.3324
2026-05-09T17:25:54.974,6.2333,0.0800,35.4008
2026-05-09T17:25:54.988,6.2346,0.0800,35.4661
2026-05-09T17:25:55.001,6.2354,0.0800,35.5307
2026-05-09T17:25:55.015,6.2360,0.0800,35.6005
2026-05-09T17:25:55.029,6.2360,0.0800,35.6633
2026-05-09T17:25:55.042,6.2355,0.0800,35.7284
2026-05-09T17:25:55.057,6.2348,0.0800,35.7949
2026-05-09T17:25:55.071,6.2335,0.0800,35.8595
2026-05-09T17:25:55.085,6.2317,0.0800,35.9296
2026-05-09T17:25:55.099,6.2296,0.0800,35.9930
2026-05-09T17:25:55.113,6.2270,0.0800,36.0615
2026-05-09T17:25:55.127,6.2240,0.0800,36.1266
2026-05-09T17:25:55.140,6.2204,0.0800,36.1974
2026-05-09T17:25:55.154,6.2169,0.0800,36.2635
2026-05-09T17:25:55.168,6.2132,0.0800,36.3300
2026-05-09T17:25:55.182,6.2092,0.0800,36.4045
2026-05-09T17:25:55.196,6.2056,0.0800,36.4703
2026-05-09T17:25:55.210,6.2021,0.0800,36.5360
2026-05-09T17:25:55.224,6.1983,0.0800,36.6066
2026-05-09T17:25:55.237,6.1945,0.0800,36.6784
2026-05-09T17:25:55.252,6.1907,0.0800,36.7498
2026-05-09T17:25:55.266,6.1872,0.0800,36.8141
2026-05-09T17:25:55.279,6.1832,0.0800,36.8882
2026-05-09T17:25:55.293,6.1796,0.0800,36.9565
2026-05-09T17:25:55.307,6.1760,0.0800,37.0234
2026-05-09T17:25:55.321,6.1722,0.0800,37.0936
2026-05-09T17:25:55.335,6.1686,0.0800,37.1623
2026-05-09T17:25:55.349,6.1651,0.0800,37.2352
2026-05-09T17:25:55.363,6.1627,0.0800,37.2934
2026-05-09T17:25:55.377,6.1601,0.0800,37.3616
2026-05-09T17:25:55.391,6.1581,0.0800,37.4271
2026-05-09T17:25:55.404,6.1565,0.0800,37.4955
2026-05-09T17:25:55.418,6.1554,0.0800,37.5630
2026-05-09T17:25:55.432,6.1546,0.0800,37.6299
2026-05-09T17:25:55.446,6.1544,0.0800,37.6926
2026-05-09T17:25:55.460,6.1546,0.0800,37.7589
2026-05-09T17:25:55.474,6.1551,0.0800,37.8297
2026-05-09T17:25:55.488,6.1560,0.0800,37.8926
2026-05-09T17:25:55.501,6.1575,0.0800,37.9573
2026-05-09T17:25:55.516,6.1593,0.0800,38.0285
2026-05-09T17:25:55.529,6.1615,0.0800,38.0920
2026-05-09T17:25:55.542,6.1641,0.0800,38.1624
2026-05-09T17:25:55.558,6.1667,0.0800,38.2297
2026-05-09T17:25:55.571,6.1692,0.0800,38.2954
2026-05-09T17:25:55.585,6.1720,0.0800,38.3688
2026-05-09T17:25:55.599,6.1745,0.0800,38.4341
2026-05-09T17:25:55.613,6.1773,0.0800,38.5039
2026-05-09T17:25:55.627,6.1799,0.0800,38.5719
2026-05-09T17:25:55.640,6.1826,0.0800,38.6432
2026-05-09T17:25:55.655,6.1852,0.0800,38.7101
2026-05-09T17:25:55.668,6.1875,0.0800,38.7704
2026-05-09T17:25:55.682,6.1906,0.0800,38.8523
2026-05-09T17:25:55.696,6.1929,0.0800,38.9137
2026-05-09T17:25:55.709,6.1953,0.0800,38.9788
2026-05-09T17:25:55.724,6.1981,0.0800,39.0528
2026-05-09T17:25:55.737,6.2005,0.0800,39.1155
2026-05-09T17:25:55.752,6.2033,0.0800,39.1897
2026-05-09T17:25:55.766,6.2057,0.0800,39.2543
2026-05-09T17:25:55.779,6.2085,0.0800,39.3282
2026-05-09T17:25:55.794,6.2110,0.0800,39.3947
2026-05-09T17:25:55.807,6.2134,0.0800,39.4610
2026-05-09T17:25:55.821,6.2161,0.0800,39.5332
2026-05-09T17:25:55.835,6.2185,0.0800,39.5988
2026-05-09T17:25:55.849,6.2212,0.0800,39.6725
2026-05-09T17:25:55.863,6.2236,0.0800,39.7402
2026-05-09T17:25:55.876,6.2262,0.0800,39.8102
2026-05-09T17:25:55.891,6.2287,0.0800,39.8780
2026-05-09T17:25:55.904,6.2311,0.0800,39.9441
2026-05-09T17:25:55.918,6.2337,0.0800,40.0160
2026-05-09T17:25:55.932,6.2361,0.0800,40.0838
2026-05-09T17:25:55.946,6.2387,0.0800,40.1566
2026-05-09T17:25:55.960,6.2411,0.0800,40.2227
2026-05-09T17:25:55.974,6.2436,0.0800,40.2951
2026-05-09T17:25:55.988,6.2459,0.0800,40.3603
2026-05-09T17:25:56.002,6.2485,0.0800,40.4312
2026-05-09T17:25:56.015,6.2511,0.0800,40.5045
2026-05-09T17:25:56.031,6.2533,0.0800,40.5668
2026-05-09T17:25:56.043,6.2557,0.0800,40.6368
2026-05-09T17:25:56.057,6.2581,0.0800,40.7119
2026-05-09T17:25:56.071,6.2592,0.0800,40.7583
2026-05-09T17:25:56.085,6.2597,0.0800,40.8153
2026-05-09T17:25:56.099,6.2594,0.0800,40.8588
2026-05-09T17:25:56.113,6.2587,0.0800,40.8993
2026-05-09T17:25:56.127,6.2572,0.0800,40.9296
2026-05-09T17:25:56.140,6.2550,0.0800,40.9604
2026-05-09T17:25:56.155,6.2528,0.0800,40.9906
2026-05-09T17:25:56.169,6.2499,0.0800,41.0157
2026-05-09T17:25:56.182,6.2464,0.0800,41.0411
2026-05-09T17:25:56.196,6.2441,0.0800,41.0583
2026-05-09T17:25:56.210,6.2422,0.0800,41.0668
2026-05-09T17:25:56.224,6.2409,0.0800,41.0710
2026-05-09T17:25:56.238,6.2420,0.0800,41.0653
2026-05-09T17:25:56.252,6.2444,0.0800,41.0522
2026-05-09T17:25:56.266,6.2485,0.0800,41.0334
2026-05-09T17:25:56.280,6.2577,0.0800,40.9969
2026-05-09T17:25:56.294,6.2686,0.0800,40.9593
2026-05-09T17:25:56.307,6.2822,0.0800,40.9136
2026-05-09T17:25:56.321,6.2977,0.0800,40.8646
2026-05-09T17:25:56.335,6.3140,0.0800,40.8169
2026-05-09T17:25:56.349,6.3349,0.0800,40.7572
2026-05-09T17:25:56.362,6.3530,0.0800,40.7075
2026-05-09T17:25:56.376,6.3744,0.0800,40.6515
2026-05-09T17:25:56.391,6.3958,0.0800,40.5968
2026-05-09T17:25:56.404,6.4193,0.0800,40.5385
2026-05-09T17:25:56.418,6.4439,0.0800,40.4795
2026-05-09T17:25:56.432,6.4681,0.0800,40.4238
2026-05-09T17:25:56.446,6.4948,0.0800,40.3631
2026-05-09T17:25:56.460,6.5206,0.0800,40.3060
2026-05-09T17:25:56.474,6.5468,0.0800,40.2501
2026-05-09T17:25:56.488,6.5743,0.0800,40.1920
2026-05-09T17:25:56.502,6.6025,0.0800,40.1339
2026-05-09T17:25:56.516,6.6319,0.0800,40.0755
2026-05-09T17:25:56.530,6.6587,0.0800,40.0228
2026-05-09T17:25:56.544,6.6891,0.0800,39.9645
2026-05-09T17:25:56.557,6.7196,0.0800,39.9070
2026-05-09T17:25:56.571,6.7499,0.0800,39.8519
2026-05-09T17:25:56.585,6.7806,0.0800,39.7965
2026-05-09T17:25:56.599,6.8114,0.0800,39.7419
2026-05-09T17:25:56.613,6.8445,0.0800,39.6850
2026-05-09T17:25:56.627,6.8749,0.0800,39.6332
2026-05-09T17:25:56.640,6.9094,0.0800,39.5755
2026-05-09T17:25:56.655,6.9423,0.0800,39.5221
2026-05-09T17:25:56.669,6.9742,0.0800,39.4707
2026-05-09T17:25:56.682,7.0107,0.0800,39.4129
2026-05-09T17:25:56.697,7.0436,0.0800,39.3625
2026-05-09T17:25:56.710,7.0773,0.0800,39.3112
2026-05-09T17:25:56.724,7.1135,0.0800,39.2570
2026-05-09T17:25:56.737,7.1484,0.0800,39.2061
2026-05-09T17:25:56.752,7.1829,0.0800,39.1573
2026-05-09T17:25:56.765,7.2141,0.0800,39.1137
2026-05-09T17:25:56.779,7.2522,0.0800,39.0617
2026-05-09T17:25:56.793,7.2833,0.0800,39.0209
2026-05-09T17:25:56.807,7.3159,0.0800,38.9786
2026-05-09T17:25:56.821,7.3491,0.0800,38.9366
2026-05-09T17:25:56.835,7.3783,0.0800,38.9016
2026-05-09T17:25:56.849,7.3969,0.0800,38.8678
2026-05-09T17:25:56.863,7.3960,0.0800,38.8418
2026-05-09T17:25:56.876,7.3958,0.0800,38.8154
2026-05-09T17:25:56.891,7.3948,0.0800,38.7983
2026-05-09T17:25:56.904,7.3938,0.0800,38.7831
2026-05-09T17:25:56.918,7.3926,0.0800,38.7674
2026-05-09T17:25:56.932,7.3927,0.0800,38.7563
2026-05-09T17:25:56.946,7.3916,0.0800,38.7466
2026-05-09T17:25:56.960,7.3904,0.0800,38.7381
2026-05-09T17:25:56.973,7.3904,0.0800,38.7329
2026-05-09T17:25:56.988,7.3892,0.0800,38.7292
2026-05-09T17:25:57.002,7.3881,0.0800,38.7271
2026-05-09T17:25:57.016,7.3857,0.0800,38.7286
2026-05-09T17:25:57.030,7.3807,0.0800,38.7311
2026-05-09T17:25:57.043,7.3735,0.0800,38.7348
2026-05-09T17:25:57.057,7.3650,0.0800,38.7391
2026-05-09T17:25:57.071,7.3580,0.0800,38.7433
2026-05-09T17:25:57.085,7.3464,0.0800,38.7488
2026-05-09T17:25:57.099,7.3345,0.0800,38.7542
2026-05-09T17:25:57.113,7.3222,0.0800,38.7603
2026-05-09T17:25:57.127,7.3099,0.0800,38.7653
2026-05-09T17:25:57.140,7.2959,0.0800,38.7707
2026-05-09T17:25:57.155,7.2843,0.0800,38.7756
2026-05-09T17:25:57.169,7.2716,0.0800,38.7800
2026-05-09T17:25:57.182,7.2563,0.0800,38.7848
2026-05-09T17:25:57.197,7.2441,0.0800,38.7891
2026-05-09T17:25:57.210,7.2306,0.0800,38.7927
2026-05-09T17:25:57.225,7.2163,0.0800,38.7963
2026-05-09T17:25:57.238,7.2021,0.0800,38.7995
2026-05-09T17:25:57.252,7.1890,0.0800,38.8027
2026-05-09T17:25:57.266,7.1757,0.0800,38.8051
2026-05-09T17:25:57.279,7.1601,0.0800,38.8076
2026-05-09T17:25:57.294,7.1476,0.0800,38.8100
2026-05-09T17:25:57.308,7.1346,0.0800,38.8115
2026-05-09T17:25:57.321,7.1194,0.0800,38.8130
2026-05-09T17:25:57.336,7.1065,0.0800,38.8145
2026-05-09T17:25:57.350,7.0919,0.0800,38.8153
2026-05-09T17:25:57.363,7.0769,0.0800,38.8158
2026-05-09T17:25:57.377,7.0640,0.0800,38.8165
2026-05-09T17:25:57.391,7.0498,0.0800,38.8164
2026-05-09T17:25:57.405,7.0362,0.0800,38.8160
2026-05-09T17:25:57.419,7.0216,0.0800,38.8152
2026-05-09T17:25:57.433,7.0078,0.0800,38.8148
2026-05-09T17:25:57.447,6.9933,0.0800,38.8134
2026-05-09T17:25:57.461,6.9797,0.0800,38.8118
2026-05-09T17:25:57.474,6.9667,0.0800,38.8106
2026-05-09T17:25:57.489,6.9540,0.0800,38.8085
2026-05-09T17:25:57.502,6.9412,0.0800,38.8063
2026-05-09T17:25:57.516,6.9276,0.0800,38.8040
2026-05-09T17:25:57.530,6.9146,0.0800,38.8012
2026-05-09T17:25:57.544,6.9014,0.0800,38.7979
2026-05-09T17:25:57.558,6.8884,0.0800,38.7945
2026-05-09T17:25:57.572,6.8761,0.0800,38.7914
2026-05-09T17:25:57.586,6.8637,0.0800,38.7875
2026-05-09T17:25:57.599,6.8509,0.0800,38.7832
2026-05-09T17:25:57.613,6.8376,0.0800,38.7790
2026-05-09T17:25:57.627,6.8259,0.0800,38.7745
2026-05-09T17:25:57.641,6.8120,0.0800,38.7688
2026-05-09T17:25:57.655,6.8019,0.0800,38.7650
2026-05-09T17:25:57.669,6.7893,0.0800,38.7593
2026-05-09T17:25:57.682,6.7746,0.0800,38.7523
2026-05-09T17:25:57.697,6.7570,0.0800,38.7442
2026-05-09T17:25:57.710,6.7380,0.0800,38.7344
2026-05-09T17:25:57.725,6.7155,0.0800,38.7224
2026-05-09T17:25:57.738,6.6942,0.0800,38.7104
2026-05-09T17:25:57.752,6.6718,0.0800,38.6978
2026-05-09T17:25:57.766,6.6518,0.0800,38.6855
2026-05-09T17:25:57.780,6.6300,0.0800,38.6715
2026-05-09T17:25:57.794,6.6078,0.0800,38.6572
2026-05-09T17:25:57.807,6.5853,0.0800,38.6414
2026-05-09T17:25:57.821,6.5636,0.0800,38.6256
2026-05-09T17:25:57.835,6.5418,0.0800,38.6096
2026-05-09T17:25:57.849,6.5186,0.0800,38.5913
2026-05-09T17:25:57.862,6.4959,0.0800,38.5726
2026-05-09T17:25:57.877,6.4729,0.0800,38.5534
2026-05-09T17:25:57.891,6.4515,0.0800,38.5343
2026-05-09T17:25:57.904,6.4269,0.0800,38.5115
2026-05-09T17:25:57.918,6.4024,0.0800,38.4879
2026-05-09T17:25:57.932,6.3773,0.0800,38.4634
2026-05-09T17:25:57.946,6.3520,0.0800,38.4372
2026-05-09T17:25:57.959,6.3231,0.0800,38.4063
2026-05-09T17:25:57.973,6.2914,0.0800,38.3718
2026-05-09T17:25:57.987,6.2648,0.0800,38.3413
2026-05-09T17:25:58.000,6.2305,0.0800,38.3008
2026-05-09T17:25:58.015,6.1989,0.0800,38.2629
2026-05-09T17:25:58.028,6.1660,0.0800,38.2217
2026-05-09T17:25:58.042,6.1296,0.0800,38.1750
2026-05-09T17:25:58.056,6.0953,0.0800,38.1302
2026-05-09T17:25:58.070,6.0616,0.0800,38.0848
2026-05-09T17:25:58.083,6.0237,0.0800,38.0326
2026-05-09T17:25:58.097,5.9903,0.0800,37.9858
2026-05-09T17:25:58.111,5.9559,0.0800,37.9359
2026-05-09T17:25:58.125,5.9233,0.0800,37.8877
2026-05-09T17:25:58.138,5.8878,0.0800,37.8339
2026-05-09T17:25:58.153,5.8546,0.0800,37.7828
2026-05-09T17:25:58.167,5.8233,0.0800,37.7331
2026-05-09T17:25:58.180,5.7888,0.0800,37.6772
2026-05-09T17:25:58.194,5.7574,0.0800,37.6254
2026-05-09T17:25:58.208,5.7258,0.0800,37.5719
2026-05-09T17:25:58.221,5.6932,0.0800,37.5156
2026-05-09T17:25:58.236,5.6624,0.0800,37.4617
2026-05-09T17:25:58.250,5.6295,0.0800,37.4028
2026-05-09T17:25:58.263,5.5971,0.0800,37.3440
2026-05-09T17:25:58.277,5.5644,0.0800,37.2838
2026-05-09T17:25:58.291,5.5344,0.0800,37.2279
2026-05-09T17:25:58.305,5.5026,0.0800,37.1675
2026-05-09T17:25:58.318,5.4704,0.0800,37.1055
2026-05-09T17:25:58.333,5.4412,0.0800,37.0487
2026-05-09T17:25:58.346,5.4093,0.0800,36.9858
2026-05-09T17:25:58.360,5.3799,0.0800,36.9270
2026-05-09T17:25:58.375,5.3487,0.0800,36.8642
2026-05-09T17:25:58.389,5.3206,0.0800,36.8069
2026-05-09T17:25:58.402,5.2908,0.0800,36.7453
2026-05-09T17:25:58.415,5.2622,0.0800,36.6852
2026-05-09T17:25:58.430,5.2393,0.0800,36.6356
2026-05-09T17:25:58.444,5.2153,0.0800,36.5823
2026-05-09T17:25:58.458,5.1932,0.0800,36.5316
2026-05-09T17:25:58.471,5.1744,0.0800,36.4871
2026-05-09T17:25:58.485,5.1572,0.0800,36.4438
2026-05-09T17:25:58.499,5.1438,0.0800,36.4084
2026-05-09T17:25:58.513,5.1297,0.0800,36.3701
2026-05-09T17:25:58.527,5.1182,0.0800,36.3359
2026-05-09T17:25:58.540,5.1074,0.0800,36.3016
2026-05-09T17:25:58.555,5.0981,0.0800,36.2716
2026-05-09T17:25:58.569,5.0899,0.0800,36.2418
2026-05-09T17:25:58.582,5.0807,0.0800,36.2058
2026-05-09T17:25:58.597,5.0731,0.0800,36.1749
2026-05-09T17:25:58.610,5.0679,0.0800,36.1446
2026-05-09T17:25:58.624,5.0665,0.0800,36.1105
2026-05-09T17:25:58.637,5.0650,0.0800,36.0734
2026-05-09T17:25:58.652,5.0635,0.0800,36.0354
2026-05-09T17:25:58.666,5.0621,0.0800,35.9948
2026-05-09T17:25:58.679,5.0608,0.0800,35.9499
2026-05-09T17:25:58.694,5.0593,0.0800,35.9004
2026-05-09T17:25:58.708,5.0582,0.0800,35.8465
2026-05-09T17:25:58.722,5.0571,0.0800,35.7855
2026-05-09T17:25:58.736,5.0560,0.0800,35.7292
2026-05-09T17:25:58.749,5.0551,0.0800,35.6653
2026-05-09T17:25:58.763,5.0541,0.0800,35.6091
2026-05-09T17:25:58.777,5.0533,0.0800,35.5500
2026-05-09T17:25:58.792,5.0525,0.0800,35.4880
2026-05-09T17:25:58.805,5.0517,0.0800,35.4249
2026-05-09T17:25:58.818,5.0513,0.0800,35.3590
2026-05-09T17:25:58.833,5.0514,0.0800,35.3000
2026-05-09T17:25:58.847,5.0523,0.0800,35.2385
2026-05-09T17:25:58.860,5.0538,0.0800,35.1703
2026-05-09T17:25:58.874,5.0556,0.0800,35.1031
2026-05-09T17:25:58.889,5.0579,0.0800,35.0391
2026-05-09T17:25:58.902,5.0606,0.0800,34.9702
2026-05-09T17:25:58.916,5.0635,0.0800,34.8954
2026-05-09T17:25:58.930,5.0660,0.0800,34.8316
2026-05-09T17:25:58.944,5.0686,0.0800,34.7621
2026-05-09T17:25:58.958,5.0713,0.0800,34.6895
2026-05-09T17:25:58.971,5.0737,0.0800,34.6248
2026-05-09T17:25:58.986,5.0761,0.0800,34.5576
2026-05-09T17:25:58.999,5.0786,0.0800,34.4884
2026-05-09T17:25:59.012,5.0811,0.0800,34.4156
2026-05-09T17:25:59.027,5.0829,0.0800,34.3534
2026-05-09T17:25:59.040,5.0845,0.0800,34.2886
2026-05-09T17:25:59.055,5.0859,0.0800,34.2194
2026-05-09T17:25:59.069,5.0867,0.0800,34.1565
2026-05-09T17:25:59.082,5.0873,0.0800,34.0805
2026-05-09T17:25:59.096,5.0875,0.0800,34.0171
2026-05-09T17:25:59.110,5.0872,0.0800,33.9543
2026-05-09T17:25:59.125,5.0866,0.0800,33.8843
2026-05-09T17:25:59.138,5.0856,0.0800,33.8175
2026-05-09T17:25:59.152,5.0843,0.0800,33.7483
2026-05-09T17:25:59.166,5.0826,0.0800,33.6849
2026-05-09T17:25:59.180,5.0804,0.0800,33.6157
2026-05-09T17:25:59.194,5.0779,0.0800,33.5471
2026-05-09T17:25:59.207,5.0751,0.0800,33.4820
2026-05-09T17:25:59.221,5.0718,0.0800,33.4140
2026-05-09T17:25:59.235,5.0683,0.0800,33.3495
2026-05-09T17:25:59.249,5.0643,0.0800,33.2822
2026-05-09T17:25:59.263,5.0599,0.0800,33.2159
2026-05-09T17:25:59.277,5.0555,0.0800,33.1458
2026-05-09T17:25:59.291,5.0554,0.0800,33.0840
2026-05-09T17:25:59.305,5.0553,0.0800,33.0145
2026-05-09T17:25:59.318,5.0552,0.0800,32.9466
2026-05-09T17:25:59.333,5.0552,0.0800,32.8814
2026-05-09T17:25:59.346,5.0552,0.0800,32.8193
2026-05-09T17:25:59.360,5.0551,0.0800,32.7503
2026-05-09T17:25:59.373,5.0551,0.0800,32.6854
2026-05-09T17:25:59.388,5.0550,0.0800,32.6229
2026-05-09T17:25:59.402,5.0549,0.0800,32.5599
2026-05-09T17:25:59.415,5.0549,0.0800,32.4866
2026-05-09T17:25:59.429,5.0549,0.0800,32.4263
2026-05-09T17:25:59.443,5.0548,0.0800,32.3610
2026-05-09T17:25:59.458,5.0548,0.0800,32.2961
2026-05-09T17:25:59.471,5.0548,0.0800,32.2329
2026-05-09T17:25:59.485,5.0547,0.0800,32.1620
2026-05-09T17:25:59.499,5.0546,0.0800,32.0996
2026-05-09T17:25:59.513,5.0546,0.0800,32.0325
2026-05-09T17:25:59.527,5.0546,0.0800,31.9684
2026-05-09T17:25:59.540,5.0546,0.0800,31.9018
2026-05-09T17:25:59.555,5.0546,0.0800,31.8384
2026-05-09T17:25:59.568,5.0545,0.0800,31.7784
2026-05-09T17:25:59.582,5.0545,0.0800,31.7094
2026-05-09T17:25:59.597,5.0545,0.0800,31.6465
2026-05-09T17:25:59.610,5.0545,0.0800,31.5821
2026-05-09T17:25:59.625,5.0544,0.0800,31.5152
2026-05-09T17:25:59.637,5.0544,0.0800,31.4488
2026-05-09T17:25:59.652,5.0544,0.0800,31.3861
2026-05-09T17:25:59.666,5.0544,0.0800,31.3278
2026-05-09T17:25:59.679,5.0544,0.0800,31.2592
2026-05-09T17:25:59.694,5.0528,0.0800,31.1944
2026-05-09T17:25:59.708,5.0361,0.0800,31.1352
2026-05-09T17:25:59.722,5.0167,0.0800,31.0680
2026-05-09T17:25:59.736,4.9990,0.0800,31.0078
2026-05-09T17:25:59.750,4.9809,0.0800,30.9487
2026-05-09T17:25:59.764,4.9649,0.0800,30.8989
2026-05-09T17:25:59.777,4.9499,0.0800,30.8543
2026-05-09T17:25:59.792,4.9358,0.0800,30.8142
2026-05-09T17:25:59.805,4.9228,0.0800,30.7796
2026-05-09T17:25:59.819,4.9091,0.0800,30.7454
2026-05-09T17:25:59.833,4.8959,0.0800,30.7135
2026-05-09T17:25:59.847,4.8813,0.0800,30.6806
2026-05-09T17:25:59.860,4.8672,0.0800,30.6504
2026-05-09T17:25:59.874,4.8518,0.0800,30.6183
2026-05-09T17:25:59.889,4.8370,0.0800,30.5897
2026-05-09T17:25:59.902,4.8204,0.0800,30.5587
2026-05-09T17:25:59.917,4.8030,0.0800,30.5272
2026-05-09T17:25:59.931,4.7861,0.0800,30.4984
2026-05-09T17:25:59.945,4.7669,0.0800,30.4671
2026-05-09T17:25:59.958,4.7489,0.0800,30.4390
2026-05-09T17:25:59.973,4.7289,0.0800,30.4085
2026-05-09T17:25:59.986,4.7101,0.0800,30.3816
2026-05-09T17:26:00.001,4.6897,0.0800,30.3533
2026-05-09T17:26:00.015,4.6680,0.0800,30.3241
2026-05-09T17:26:00.028,4.6479,0.0800,30.2985
2026-05-09T17:26:00.042,4.6256,0.0800,30.2711
2026-05-09T17:26:00.057,4.6036,0.0800,30.2449
2026-05-09T17:26:00.070,4.5818,0.0800,30.2201
2026-05-09T17:26:00.085,4.5574,0.0800,30.1934
2026-05-09T17:26:00.098,4.5342,0.0800,30.1689
2026-05-09T17:26:00.112,4.5101,0.0800,30.1443
2026-05-09T17:26:00.126,4.4870,0.0800,30.1218
2026-05-09T17:26:00.140,4.4642,0.0800,30.1006
2026-05-09T17:26:00.154,4.4422,0.0800,30.0805
2026-05-09T17:26:00.168,4.4211,0.0800,30.0623
2026-05-09T17:26:00.182,4.3973,0.0800,30.0426
2026-05-09T17:26:00.196,4.3762,0.0800,30.0257
2026-05-09T17:26:00.210,4.3541,0.0800,30.0090
2026-05-09T17:26:00.225,4.3313,0.0800,29.9924
2026-05-09T17:26:00.238,4.3077,0.0800,29.9760
2026-05-09T17:26:00.253,4.2846,0.0800,29.9604
2026-05-09T17:26:00.267,4.2658,0.0800,29.9487
2026-05-09T17:26:00.280,4.2476,0.0800,29.9379
2026-05-09T17:26:00.294,4.2308,0.0800,29.9282
2026-05-09T17:26:00.308,4.2137,0.0800,29.9191
2026-05-09T17:26:00.322,4.1972,0.0800,29.9108
2026-05-09T17:26:00.336,4.1796,0.0800,29.9021
2026-05-09T17:26:00.350,4.1622,0.0800,29.8942
2026-05-09T17:26:00.365,4.1442,0.0800,29.8866
2026-05-09T17:26:00.377,4.1259,0.0800,29.8793
2026-05-09T17:26:00.392,4.1077,0.0800,29.8721
2026-05-09T17:26:00.406,4.0915,0.0800,29.8665
2026-05-09T17:26:00.420,4.0725,0.0800,29.8603
2026-05-09T17:26:00.434,4.0550,0.0800,29.8547
2026-05-09T17:26:00.448,4.0364,0.0800,29.8495
2026-05-09T17:26:00.461,4.0202,0.0800,29.8454
2026-05-09T17:26:00.475,4.0018,0.0800,29.8409
2026-05-09T17:26:00.490,3.9869,0.0800,29.8378
2026-05-09T17:26:00.503,3.9699,0.0800,29.8346
2026-05-09T17:26:00.517,3.9515,0.0800,29.8313
2026-05-09T17:26:00.531,3.9355,0.0800,29.8291
2026-05-09T17:26:00.544,3.9171,0.0800,29.8269
2026-05-09T17:26:00.558,3.9009,0.0800,29.8253
2026-05-09T17:26:00.572,3.8832,0.0800,29.8237
2026-05-09T17:26:00.586,3.8664,0.0800,29.8228
2026-05-09T17:26:00.599,3.8494,0.0800,29.8222
2026-05-09T17:26:00.614,3.8298,0.0800,29.8216
2026-05-09T17:26:00.628,3.8150,0.0800,29.8218
2026-05-09T17:26:00.641,3.7965,0.0800,29.8223
2026-05-09T17:26:00.656,3.7792,0.0800,29.8229
2026-05-09T17:26:00.670,3.7624,0.0800,29.8241
2026-05-09T17:26:00.683,3.7450,0.0800,29.8258
2026-05-09T17:26:00.697,3.7271,0.0800,29.8275
2026-05-09T17:26:00.711,3.7107,0.0800,29.8298
2026-05-09T17:26:00.725,3.6936,0.0800,29.8325
2026-05-09T17:26:00.738,3.6751,0.0800,29.8358
2026-05-09T17:26:00.753,3.6649,0.0800,29.8374
2026-05-09T17:26:00.767,3.6516,0.0800,29.8398
2026-05-09T17:26:00.780,3.6061,0.0800,29.8478
2026-05-09T17:26:00.795,3.5587,0.0800,29.8557
2026-05-09T17:26:00.808,3.5099,0.0800,29.8631
2026-05-09T17:26:00.822,3.4627,0.0800,29.8694
2026-05-09T17:26:00.836,3.4213,0.0800,29.8744
2026-05-09T17:26:00.850,3.3817,0.0800,29.8782
2026-05-09T17:26:00.863,3.3429,0.0800,29.8812
2026-05-09T17:26:00.877,3.3051,0.0800,29.8837
2026-05-09T17:26:00.892,3.2670,0.0800,29.8852
2026-05-09T17:26:00.905,3.2293,0.0800,29.8860
2026-05-09T17:26:00.919,3.1884,0.0800,29.8860
2026-05-09T17:26:00.933,3.1541,0.0800,29.8857
2026-05-09T17:26:00.947,3.1126,0.0800,29.8842
2026-05-09T17:26:00.961,3.0744,0.0800,29.8820
2026-05-09T17:26:00.975,3.0377,0.0800,29.8795
2026-05-09T17:26:00.989,3.0002,0.0800,29.8760
2026-05-09T17:26:01.002,2.9628,0.0800,29.8718
2026-05-09T17:26:01.017,2.9236,0.0800,29.8669
2026-05-09T17:26:01.031,2.8887,0.0800,29.8616
2026-05-09T17:26:01.044,2.8480,0.0800,29.8547
2026-05-09T17:26:01.058,2.8115,0.0800,29.8478
2026-05-09T17:26:01.072,2.7753,0.0800,29.8405
2026-05-09T17:26:01.086,2.7378,0.0800,29.8319
2026-05-09T17:26:01.100,2.7022,0.0800,29.8230
2026-05-09T17:26:01.114,2.6614,0.0800,29.8123
2026-05-09T17:26:01.128,2.6288,0.0800,29.8028
2026-05-09T17:26:01.141,2.5904,0.0800,29.7910
2026-05-09T17:26:01.155,2.5557,0.0800,29.7797
2026-05-09T17:26:01.169,2.5208,0.0800,29.7674
2026-05-09T17:26:01.183,2.4842,0.0800,29.7537
2026-05-09T17:26:01.198,2.4497,0.0800,29.7403
2026-05-09T17:26:01.211,2.4137,0.0800,29.7252
2026-05-09T17:26:01.225,2.3773,0.0800,29.7091
2026-05-09T17:26:01.238,2.3439,0.0800,29.6935
2026-05-09T17:26:01.253,2.3096,0.0800,29.6769
2026-05-09T17:26:01.267,2.2768,0.0800,29.6600
2026-05-09T17:26:01.280,2.2413,0.0800,29.6409
2026-05-09T17:26:01.294,2.2116,0.0800,29.6243
2026-05-09T17:26:01.308,2.1814,0.0800,29.6065
2026-05-09T17:26:01.321,2.1511,0.0800,29.5878
2026-05-09T17:26:01.336,2.1225,0.0800,29.5696
2026-05-09T17:26:01.350,2.0923,0.0800,29.5494
2026-05-09T17:26:01.364,2.0633,0.0800,29.5291
2026-05-09T17:26:01.377,2.0341,0.0800,29.5080
2026-05-09T17:26:01.392,2.0077,0.0800,29.4883
2026-05-09T17:26:01.405,1.9809,0.0800,29.4673
2026-05-09T17:26:01.418,1.9528,0.0800,29.4445
2026-05-09T17:26:01.433,1.9289,0.0800,29.4245
2026-05-09T17:26:01.447,1.9026,0.0800,29.4015
2026-05-09T17:26:01.460,1.8760,0.0800,29.3772
2026-05-09T17:26:01.474,1.8504,0.0800,29.3533
2026-05-09T17:26:01.488,1.8288,0.0800,29.3319
2026-05-09T17:26:01.502,1.8040,0.0800,29.3066
2026-05-09T17:26:01.516,1.7801,0.0800,29.2815
2026-05-09T17:26:01.530,1.7580,0.0800,29.2570
2026-05-09T17:26:01.544,1.7331,0.0800,29.2285
2026-05-09T17:26:01.557,1.7116,0.0800,29.2027
2026-05-09T17:26:01.571,1.6908,0.0800,29.1771
2026-05-09T17:26:01.585,1.6710,0.0800,29.1515
2026-05-09T17:26:01.598,1.6497,0.0800,29.1229
2026-05-09T17:26:01.613,1.6302,0.0800,29.0959
2026-05-09T17:26:01.626,1.6115,0.0800,29.0686
2026-05-09T17:26:01.639,1.5897,0.0800,29.0354
2026-05-09T17:26:01.654,1.5735,0.0800,29.0099
2026-05-09T17:26:01.667,1.5575,0.0800,28.9834
2026-05-09T17:26:01.681,1.5356,0.0800,28.9455
2026-05-09T17:26:01.694,1.5229,0.0800,28.9227
2026-05-09T17:26:01.708,1.5074,0.0800,28.8932
2026-05-09T17:26:01.722,1.4922,0.0800,28.8629
2026-05-09T17:26:01.736,1.4777,0.0800,28.8330
2026-05-09T17:26:01.750,1.4626,0.0800,28.7998
2026-05-09T17:26:01.764,1.4478,0.0800,28.7656
2026-05-09T17:26:01.777,1.4315,0.0800,28.7261
2026-05-09T17:26:01.791,1.4159,0.0800,28.6869
2026-05-09T17:26:01.805,1.4004,0.0800,28.6454
2026-05-09T17:26:01.818,1.3844,0.0800,28.6003
2026-05-09T17:26:01.833,1.3700,0.0800,28.5581
2026-05-09T17:26:01.847,1.3556,0.0800,28.5131
2026-05-09T17:26:01.861,1.3411,0.0800,28.4648
2026-05-09T17:26:01.875,1.3270,0.0800,28.4163
2026-05-09T17:26:01.889,1.3142,0.0800,28.3683
2026-05-09T17:26:01.902,1.3001,0.0800,28.3128
2026-05-09T17:26:01.916,1.2859,0.0800,28.2545
2026-05-09T17:26:01.931,1.2736,0.0800,28.2008
2026-05-09T17:26:01.943,1.2593,0.0800,28.1353
2026-05-09T17:26:01.957,1.2449,0.0800,28.0665
2026-05-09T17:26:01.971,1.2318,0.0800,28.0030
2026-05-09T17:26:01.986,1.2179,0.0800,27.9352
2026-05-09T17:26:01.999,1.2041,0.0800,27.8680
2026-05-09T17:26:02.013,1.1889,0.0800,27.7939
2026-05-09T17:26:02.028,1.1763,0.0800,27.7330
2026-05-09T17:26:02.040,1.1620,0.0800,27.6639
2026-05-09T17:26:02.055,1.1472,0.0800,27.5929
2026-05-09T17:26:02.069,1.1347,0.0800,27.5325
2026-05-09T17:26:02.082,1.1192,0.0800,27.4586
2026-05-09T17:26:02.097,1.1052,0.0800,27.3915
2026-05-09T17:26:02.110,1.0918,0.0800,27.3276
2026-05-09T17:26:02.125,1.0769,0.0800,27.2568
2026-05-09T17:26:02.137,1.0632,0.0800,27.1917
2026-05-09T17:26:02.152,1.0481,0.0800,27.1208
2026-05-09T17:26:02.166,1.0356,0.0800,27.0623
2026-05-09T17:26:02.179,1.0206,0.0800,26.9935
2026-05-09T17:26:02.194,1.0066,0.0800,26.9314
2026-05-09T17:26:02.208,0.9927,0.0800,26.8721
2026-05-09T17:26:02.221,0.9785,0.0800,26.8143
2026-05-09T17:26:02.235,0.9665,0.0800,26.7679
2026-05-09T17:26:02.249,0.9569,0.0800,26.7342
2026-05-09T17:26:02.263,0.9490,0.0800,26.7083
2026-05-09T17:26:02.277,0.9421,0.0800,26.6868
2026-05-09T17:26:02.291,0.9373,0.0800,26.6736
2026-05-09T17:26:02.305,0.9322,0.0800,26.6608
2026-05-09T17:26:02.318,0.9270,0.0800,26.6482
2026-05-09T17:26:02.333,0.9223,0.0800,26.6369
2026-05-09T17:26:02.347,0.9172,0.0800,26.6261
2026-05-09T17:26:02.360,0.9125,0.0800,26.6167
2026-05-09T17:26:02.374,0.9078,0.0800,26.6072
2026-05-09T17:26:02.388,0.9033,0.0800,26.5993
2026-05-09T17:26:02.402,0.8987,0.0800,26.5915
2026-05-09T17:26:02.416,0.8932,0.0800,26.5820
2026-05-09T17:26:02.430,0.8883,0.0800,26.5745
2026-05-09T17:26:02.444,0.8829,0.0800,26.5667
2026-05-09T17:26:02.458,0.8771,0.0800,26.5586
2026-05-09T17:26:02.471,0.8716,0.0800,26.5506
2026-05-09T17:26:02.486,0.8657,0.0800,26.5431
2026-05-09T17:26:02.500,0.8599,0.0800,26.5361
2026-05-09T17:26:02.513,0.8529,0.0800,26.5275
2026-05-09T17:26:02.527,0.8469,0.0800,26.5208
2026-05-09T17:26:02.540,0.8406,0.0800,26.5141
2026-05-09T17:26:02.556,0.8338,0.0800,26.5067
2026-05-09T17:26:02.569,0.8273,0.0800,26.5004
2026-05-09T17:26:02.583,0.8198,0.0800,26.4934
2026-05-09T17:26:02.597,0.8126,0.0800,26.4864
2026-05-09T17:26:02.611,0.8055,0.0800,26.4804
2026-05-09T17:26:02.625,0.7983,0.0800,26.4746
2026-05-09T17:26:02.638,0.7909,0.0800,26.4688
2026-05-09T17:26:02.652,0.7795,0.0800,26.4597
2026-05-09T17:26:02.666,0.7670,0.0800,26.4506
2026-05-09T17:26:02.680,0.7352,0.0800,26.4276
2026-05-09T17:26:02.694,0.6996,0.0800,26.4023
2026-05-09T17:26:02.709,0.6528,0.0800,26.3699
2026-05-09T17:26:02.722,0.5954,0.0800,26.3306
2026-05-09T17:26:02.737,0.5367,0.0800,26.2903
2026-05-09T17:26:02.750,0.4786,0.0800,26.2505
2026-05-09T17:26:02.764,0.4214,0.0800,26.2114
2026-05-09T17:26:02.777,0.3648,0.0800,26.1727
2026-05-09T17:26:02.792,0.3102,0.0800,26.1353
2026-05-09T17:26:02.806,0.2551,0.0800,26.0977
2026-05-09T17:26:02.820,0.1945,0.0800,26.0562
2026-05-09T17:26:02.834,0.1385,0.0800,26.0179
2026-05-09T17:26:02.847,0.0818,0.0800,25.9791
2026-05-09T17:26:02.861,0.0263,0.0800,25.9411
2026-05-09T17:26:02.875,-0.0290,0.0800,25.9034
2026-05-09T17:26:02.889,-0.0863,0.0800,25.8647
2026-05-09T17:26:02.903,-0.1385,0.0800,25.8300
2026-05-09T17:26:02.917,-0.1965,0.0800,25.7916
2026-05-09T17:26:02.931,-0.2524,0.0800,25.7553
2026-05-09T17:26:02.944,-0.3052,0.0800,25.7216
2026-05-09T17:26:02.959,-0.3464,0.0800,25.6962
2026-05-09T17:26:02.972,-0.3757,0.0800,25.6785
2026-05-09T17:26:02.987,-0.3865,0.0800,25.6727
2026-05-09T17:26:03.001,-0.3963,0.0800,25.6677
2026-05-09T17:26:03.014,-0.4049,0.0800,25.6632
2026-05-09T17:26:03.028,-0.4075,0.0800,25.6624
2026-05-09T17:26:03.041,-0.4098,0.0800,25.6617
2026-05-09T17:26:03.056,-0.4121,0.0800,25.6607
2026-05-09T17:26:03.070,-0.4115,0.0800,25.6613
2026-05-09T17:26:03.084,-0.4109,0.0800,25.6620
2026-05-09T17:26:03.098,-0.4081,0.0800,25.6634
2026-05-09T17:26:03.111,-0.4043,0.0800,25.6647
2026-05-09T17:26:03.125,-0.3990,0.0800,25.6667
2026-05-09T17:26:03.139,-0.3933,0.0800,25.6688
2026-05-09T17:26:03.154,-0.3885,0.0800,25.6701
2026-05-09T17:26:03.167,-0.3831,0.0800,25.6718
2026-05-09T17:26:03.181,-0.3764,0.0800,25.6738
2026-05-09T17:26:03.195,-0.3721,0.0800,25.6745
2026-05-09T17:26:03.209,-0.3663,0.0800,25.6760
2026-05-09T17:26:03.223,-0.3603,0.0800,25.6773
2026-05-09T17:26:03.237,-0.3548,0.0800,25.6781
2026-05-09T17:26:03.251,-0.3489,0.0800,25.6792
2026-05-09T17:26:03.266,-0.3426,0.0800,25.6802
2026-05-09T17:26:03.279,-0.3360,0.0800,25.6810
2026-05-09T17:26:03.293,-0.3301,0.0800,25.6813
2026-05-09T17:26:03.307,-0.3239,0.0800,25.6818
2026-05-09T17:26:03.321,-0.3172,0.0800,25.6823
2026-05-09T17:26:03.336,-0.3117,0.0800,25.6821
2026-05-09T17:26:03.349,-0.3047,0.0800,25.6823
2026-05-09T17:26:03.363,-0.2980,0.0800,25.6823
2026-05-09T17:26:03.377,-0.2926,0.0800,25.6818
2026-05-09T17:26:03.391,-0.2886,0.0800,25.6818
2026-05-09T17:26:03.405,-0.2856,0.0800,25.6818
2026-05-09T17:26:03.419,-0.2846,0.0800,25.6821
2026-05-09T17:26:03.433,-0.2857,0.0800,25.6823
2026-05-09T17:26:03.447,-0.2875,0.0800,25.6830
2026-05-09T17:26:03.460,-0.2905,0.0800,25.6841
2026-05-09T17:26:03.474,-0.2948,0.0800,25.6851
2026-05-09T17:26:03.488,-0.2980,0.0800,25.6864
2026-05-09T17:26:03.502,-0.3017,0.0800,25.6879
2026-05-09T17:26:03.516,-0.3067,0.0800,25.6895
2026-05-09T17:26:03.530,-0.3135,0.0800,25.6922
2026-05-09T17:26:03.542,-0.3229,0.0800,25.6961
2026-05-09T17:26:03.558,-0.3338,0.0800,25.7002
2026-05-09T17:26:03.571,-0.3512,0.0800,25.7078
2026-05-09T17:26:03.586,-0.3744,0.0800,25.7183
2026-05-09T17:26:03.599,-0.3973,0.0800,25.7293
2026-05-09T17:26:03.613,-0.4305,0.0800,25.7454
2026-05-09T17:26:03.628,-0.4548,0.0800,25.7583
2026-05-09T17:26:03.640,-0.4838,0.0800,25.7743
2026-05-09T17:26:03.655,-0.5121,0.0800,25.7901
2026-05-09T17:26:03.669,-0.5358,0.0800,25.8044
2026-05-09T17:26:03.682,-0.5669,0.0800,25.8238
2026-05-09T17:26:03.697,-0.5949,0.0800,25.8417
2026-05-09T17:26:03.710,-0.6219,0.0800,25.8602
2026-05-09T17:26:03.725,-0.6509,0.0800,25.8807
2026-05-09T17:26:03.738,-0.6798,0.0800,25.9021
2026-05-09T17:26:03.752,-0.7096,0.0800,25.9245
2026-05-09T17:26:03.766,-0.7358,0.0800,25.9455
2026-05-09T17:26:03.780,-0.7689,0.0800,25.9727
2026-05-09T17:26:03.794,-0.8014,0.0800,26.0001
2026-05-09T17:26:03.807,-0.8326,0.0800,26.0278
2026-05-09T17:26:03.821,-0.8634,0.0800,26.0561
2026-05-09T17:26:03.835,-0.8929,0.0800,26.0837
2026-05-09T17:26:03.849,-0.9219,0.0800,26.1122
2026-05-09T17:26:03.863,-0.9541,0.0800,26.1448
2026-05-09T17:26:03.876,-0.9873,0.0800,26.1790
2026-05-09T17:26:03.891,-1.0279,0.0800,26.2226
2026-05-09T17:26:03.904,-1.0718,0.0800,26.2705
2026-05-09T17:26:03.918,-1.1217,0.0800,26.3254
2026-05-09T17:26:03.933,-1.1646,0.0800,26.3724
2026-05-09T17:26:03.946,-1.2081,0.0800,26.4194
2026-05-09T17:26:03.960,-1.2520,0.0800,26.4659
2026-05-09T17:26:03.974,-1.2941,0.0800,26.5097
2026-05-09T17:26:03.988,-1.3318,0.0800,26.5480
2026-05-09T17:26:04.002,-1.3717,0.0800,26.5874
2026-05-09T17:26:04.016,-1.4112,0.0800,26.6258
2026-05-09T17:26:04.030,-1.4475,0.0800,26.6596
2026-05-09T17:26:04.044,-1.4855,0.0800,26.6939
2026-05-09T17:26:04.057,-1.5258,0.0800,26.7294
2026-05-09T17:26:04.071,-1.5628,0.0800,26.7614
2026-05-09T17:26:04.086,-1.6029,0.0800,26.7947
2026-05-09T17:26:04.099,-1.6420,0.0800,26.8262
2026-05-09T17:26:04.113,-1.6877,0.0800,26.8622
2026-05-09T17:26:04.127,-1.7249,0.0800,26.8904
2026-05-09T17:26:04.140,-1.7678,0.0800,26.9219
2026-05-09T17:26:04.155,-1.8085,0.0800,26.9512
2026-05-09T17:26:04.169,-1.8499,0.0800,26.9798
2026-05-09T17:26:04.182,-1.8983,0.0800,27.0122
2026-05-09T17:26:04.197,-1.9419,0.0800,27.0407
2026-05-09T17:26:04.211,-1.9873,0.0800,27.0693
2026-05-09T17:26:04.225,-2.0385,0.0800,27.1006
2026-05-09T17:26:04.238,-2.0898,0.0800,27.1311
2026-05-09T17:26:04.253,-2.1417,0.0800,27.1613
2026-05-09T17:26:04.266,-2.1760,0.0800,27.1809
2026-05-09T17:26:04.280,-2.2034,0.0800,27.1965
2026-05-09T17:26:04.294,-2.2172,0.0800,27.2043
2026-05-09T17:26:04.307,-2.2330,0.0800,27.2133
2026-05-09T17:26:04.321,-2.2506,0.0800,27.2233
2026-05-09T17:26:04.336,-2.2738,0.0800,27.2368
2026-05-09T17:26:04.349,-2.3010,0.0800,27.2531
2026-05-09T17:26:04.364,-2.3301,0.0800,27.2710
2026-05-09T17:26:04.376,-2.3609,0.0800,27.2906
2026-05-09T17:26:04.391,-2.3905,0.0800,27.3098
2026-05-09T17:26:04.405,-2.4188,0.0800,27.3290
2026-05-09T17:26:04.419,-2.4536,0.0800,27.3532
2026-05-09T17:26:04.433,-2.4848,0.0800,27.3749
2026-05-09T17:26:04.447,-2.5227,0.0800,27.4017
2026-05-09T17:26:04.461,-2.5560,0.0800,27.4252
2026-05-09T17:26:04.474,-2.5980,0.0800,27.4548
2026-05-09T17:26:04.488,-2.6483,0.0800,27.4900
2026-05-09T17:26:04.501,-2.6987,0.0800,27.5246
2026-05-09T17:26:04.516,-2.7522,0.0800,27.5607
2026-05-09T17:26:04.530,-2.7996,0.0800,27.5918
2026-05-09T17:26:04.543,-2.8584,0.0800,27.6297
2026-05-09T17:26:04.558,-2.9105,0.0800,27.6624
2026-05-09T17:26:04.572,-2.9605,0.0800,27.6934
2026-05-09T17:26:04.586,-3.0170,0.0800,27.7274
2026-05-09T17:26:04.600,-3.0715,0.0800,27.7595
2026-05-09T17:26:04.614,-3.1299,0.0800,27.7933
2026-05-09T17:26:04.628,-3.1840,0.0800,27.8238
2026-05-09T17:26:04.641,-3.2454,0.0800,27.8579
2026-05-09T17:26:04.656,-3.3017,0.0800,27.8889
2026-05-09T17:26:04.669,-3.3601,0.0800,27.9208
2026-05-09T17:26:04.683,-3.4042,0.0800,27.9622
2026-05-09T17:26:04.698,-3.4261,0.0800,28.0094
2026-05-09T17:26:04.711,-3.4653,0.0800,28.0580
2026-05-09T17:26:04.725,-3.5185,0.0800,28.0990
2026-05-09T17:26:04.739,-3.5792,0.0800,28.1320
2026-05-09T17:26:04.753,-3.6395,0.0800,28.1649
2026-05-09T17:26:04.767,-3.6957,0.0800,28.1954
2026-05-09T17:26:04.781,-3.7637,0.0800,28.2323
2026-05-09T17:26:04.795,-3.8197,0.0800,28.2625
2026-05-09T17:26:04.809,-3.8801,0.0800,28.2945
2026-05-09T17:26:04.823,-3.9385,0.0800,28.3252
2026-05-09T17:26:04.837,-4.0011,0.0800,28.3578
2026-05-09T17:26:04.851,-4.0598,0.0800,28.3878
2026-05-09T17:26:04.865,-4.1234,0.0800,28.4199
2026-05-09T17:26:04.878,-4.1886,0.0800,28.4524
2026-05-09T17:26:04.893,-4.2439,0.0800,28.4797
2026-05-09T17:26:04.906,-4.3024,0.0800,28.5081
2026-05-09T17:26:04.921,-4.3651,0.0800,28.5381
2026-05-09T17:26:04.935,-4.4261,0.0800,28.5670
2026-05-09T17:26:04.949,-4.4930,0.0800,28.5982
2026-05-09T17:26:04.962,-4.5522,0.0800,28.6253
2026-05-09T17:26:04.976,-4.6109,0.0800,28.6518
2026-05-09T17:26:04.990,-4.6650,0.0800,28.6755
2026-05-09T17:26:05.004,-4.7241,0.0800,28.7009
2026-05-09T17:26:05.018,-4.7832,0.0800,28.7255
2026-05-09T17:26:05.033,-4.8369,0.0800,28.7475
2026-05-09T17:26:05.046,-4.8987,0.0800,28.7718
2026-05-09T17:26:05.060,-4.9519,0.0800,28.7919
2026-05-09T17:26:05.074,-5.0072,0.0800,28.8123
2026-05-09T17:26:05.088,-5.0564,0.0800,28.8296
2026-05-09T17:26:05.102,-5.1114,0.0800,28.8482
2026-05-09T17:26:05.116,-5.1659,0.0800,28.8660
2026-05-09T17:26:05.130,-5.2148,0.0800,28.8810
2026-05-09T17:26:05.143,-5.2664,0.0800,28.8960
2026-05-09T17:26:05.158,-5.3138,0.0800,28.9090
2026-05-09T17:26:05.172,-5.3582,0.0800,28.9206
2026-05-09T17:26:05.186,-5.4093,0.0800,28.9329
2026-05-09T17:26:05.199,-5.4550,0.0800,28.9430
2026-05-09T17:26:05.213,-5.5047,0.0800,28.9534
2026-05-09T17:26:05.228,-5.5479,0.0800,28.9614
2026-05-09T17:26:05.241,-5.5927,0.0800,28.9689
2026-05-09T17:26:05.255,-5.6361,0.0800,28.9756
2026-05-09T17:26:05.269,-5.6770,0.0800,28.9810
2026-05-09T17:26:05.282,-5.7243,0.0800,28.9864
2026-05-09T17:26:05.297,-5.7651,0.0800,28.9906
2026-05-09T17:26:05.311,-5.8063,0.0800,28.9938
2026-05-09T17:26:05.325,-5.8503,0.0800,28.9964
2026-05-09T17:26:05.338,-5.8929,0.0800,28.9981
2026-05-09T17:26:05.353,-5.9358,0.0800,28.9994
2026-05-09T17:26:05.366,-5.9765,0.0800,28.9996
2026-05-09T17:26:05.380,-6.0240,0.0800,28.9990
2026-05-09T17:26:05.394,-6.0623,0.0800,28.9981
2026-05-09T17:26:05.408,-6.1046,0.0800,28.9960
2026-05-09T17:26:05.422,-6.1495,0.0800,28.9931
2026-05-09T17:26:05.436,-6.1897,0.0800,28.9899
2026-05-09T17:26:05.451,-6.2322,0.0800,28.9856
2026-05-09T17:26:05.464,-6.2760,0.0800,28.9803
2026-05-09T17:26:05.476,-6.3209,0.0800,28.9741
2026-05-09T17:26:05.492,-6.3593,0.0800,28.9684
2026-05-09T17:26:05.506,-6.3988,0.0800,28.9615
2026-05-09T17:26:05.519,-6.4439,0.0800,28.9529
2026-05-09T17:26:05.533,-6.4861,0.0800,28.9444
2026-05-09T17:26:05.547,-6.5286,0.0800,28.9347
2026-05-09T17:26:05.560,-6.5689,0.0800,28.9248
2026-05-09T17:26:05.574,-6.6085,0.0800,28.9147
2026-05-09T17:26:05.588,-6.6480,0.0800,28.9035
2026-05-09T17:26:05.602,-6.6897,0.0800,28.8910
2026-05-09T17:26:05.616,-6.7308,0.0800,28.8782
2026-05-09T17:26:05.630,-6.7704,0.0800,28.8648
2026-05-09T17:26:05.644,-6.8128,0.0800,28.8496
2026-05-09T17:26:05.658,-6.8523,0.0800,28.8346
2026-05-09T17:26:05.671,-6.8927,0.0800,28.8189
2026-05-09T17:26:05.686,-6.9307,0.0800,28.8030
2026-05-09T17:26:05.699,-6.9680,0.0800,28.7866
2026-05-09T17:26:05.713,-7.0104,0.0800,28.7675
2026-05-09T17:26:05.727,-7.0461,0.0800,28.7503
2026-05-09T17:26:05.741,-7.0838,0.0800,28.7313
2026-05-09T17:26:05.755,-7.1228,0.0800,28.7112
2026-05-09T17:26:05.769,-7.1577,0.0800,28.6921
2026-05-09T17:26:05.782,-7.1964,0.0800,28.6702
2026-05-09T17:26:05.797,-7.2341,0.0800,28.6484
2026-05-09T17:26:05.810,-7.2692,0.0800,28.6269
2026-05-09T17:26:05.825,-7.3055,0.0800,28.6039
2026-05-09T17:26:05.838,-7.3409,0.0800,28.5806
2026-05-09T17:26:05.852,-7.3776,0.0800,28.5560
2026-05-09T17:26:05.866,-7.4094,0.0800,28.5333
2026-05-09T17:26:05.880,-7.4473,0.0800,28.5054
2026-05-09T17:26:05.894,-7.4785,0.0800,28.4818
2026-05-09T17:26:05.907,-7.5127,0.0800,28.4547
2026-05-09T17:26:05.921,-7.5461,0.0800,28.4272
2026-05-09T17:26:05.935,-7.5775,0.0800,28.4008
2026-05-09T17:26:05.949,-7.6104,0.0800,28.3718
2026-05-09T17:26:05.962,-7.6425,0.0800,28.3425
2026-05-09T17:26:05.977,-7.6784,0.0800,28.3092
2026-05-09T17:26:05.991,-7.7114,0.0800,28.2772
2026-05-09T17:26:06.046,-7.7178,0.0800,28.2710
2026-05-09T17:26:06.060,-7.7271,0.0800,28.2624
2026-05-09T17:26:06.074,-7.7362,0.0800,28.2538
2026-05-09T17:26:06.088,-7.7447,0.0800,28.2465
2026-05-09T17:26:06.101,-7.7513,0.0800,28.2412
2026-05-09T17:26:06.115,-7.7589,0.0800,28.2348
2026-05-09T17:26:06.130,-7.7655,0.0800,28.2300
2026-05-09T17:26:06.143,-7.7725,0.0800,28.2250
2026-05-09T17:26:06.157,-7.7799,0.0800,28.2200
2026-05-09T17:26:06.171,-7.7871,0.0800,28.2149
2026-05-09T17:26:06.185,-7.7948,0.0800,28.2102
2026-05-09T17:26:06.199,-7.8019,0.0800,28.2061
2026-05-09T17:26:06.212,-7.8101,0.0800,28.2011
2026-05-09T17:26:06.226,-7.8169,0.0800,28.1976
2026-05-09T17:26:06.240,-7.8231,0.0800,28.1946
2026-05-09T17:26:06.255,-7.8284,0.0800,28.1918
2026-05-09T17:26:06.269,-7.8330,0.0800,28.1900
2026-05-09T17:26:06.282,-7.8378,0.0800,28.1882
2026-05-09T17:26:06.296,-7.8430,0.0800,28.1858
2026-05-09T17:26:06.310,-7.8472,0.0800,28.1844
2026-05-09T17:26:06.324,-7.8493,0.0800,28.1840
2026-05-09T17:26:06.338,-7.8512,0.0800,28.1836
2026-05-09T17:26:06.352,-7.8540,0.0800,28.1827
2026-05-09T17:26:06.366,-7.8556,0.0800,28.1825
2026-05-09T17:26:06.379,-7.8575,0.0800,28.1823
2026-05-09T17:26:06.393,-7.8601,0.0800,28.1815
2026-05-09T17:26:06.408,-7.8616,0.0800,28.1814
2026-05-09T17:26:06.422,-7.8633,0.0800,28.1814
2026-05-09T17:26:06.436,-7.8659,0.0800,28.1808
2026-05-09T17:26:06.450,-7.8675,0.0800,28.1809
2026-05-09T17:26:06.464,-7.8691,0.0800,28.1809
2026-05-09T17:26:06.476,-7.8707,0.0800,28.1810
2026-05-09T17:26:06.491,-7.8733,0.0800,28.1807
2026-05-09T17:26:06.504,-7.8747,0.0800,28.1808
2026-05-09T17:26:06.519,-7.8764,0.0800,28.1810
2026-05-09T17:26:06.533,-7.8790,0.0800,28.1808
2026-05-09T17:26:06.547,-7.8807,0.0800,28.1811
2026-05-09T17:26:06.560,-7.8823,0.0800,28.1814
2026-05-09T17:26:06.575,-7.8849,0.0800,28.1814
2026-05-09T17:26:06.589,-7.8863,0.0800,28.1817
2026-05-09T17:26:06.602,-7.8880,0.0800,28.1821
2026-05-09T17:26:06.616,-7.8909,0.0800,28.1824
2026-05-09T17:26:06.630,-7.8924,0.0800,28.1828
2026-05-09T17:26:06.644,-7.8941,0.0800,28.1833
2026-05-09T17:26:06.658,-7.8956,0.0800,28.1838
2026-05-09T17:26:06.672,-7.8982,0.0800,28.1843
2026-05-09T17:26:06.686,-7.9023,0.0800,28.1854
2026-05-09T17:26:06.700,-7.9140,0.0800,28.1884
2026-05-09T17:26:06.713,-7.9320,0.0800,28.1930
2026-05-09T17:26:06.727,-7.9555,0.0800,28.1999
2026-05-09T17:26:06.741,-7.9840,0.0800,28.2089
2026-05-09T17:26:06.756,-8.0159,0.0800,28.2195
2026-05-09T17:26:06.769,-8.0540,0.0800,28.2331
2026-05-09T17:26:06.783,-8.0991,0.0800,28.2502
2026-05-09T17:26:06.797,-8.1477,0.0800,28.2692
2026-05-09T17:26:06.811,-8.2011,0.0800,28.2912
2026-05-09T17:26:06.825,-8.2579,0.0800,28.3152
2026-05-09T17:26:06.838,-8.3138,0.0800,28.3395
2026-05-09T17:26:06.853,-8.3753,0.0800,28.3665
2026-05-09T17:26:06.867,-8.4334,0.0800,28.3927
2026-05-09T17:26:06.880,-8.5028,0.0800,28.4244
2026-05-09T17:26:06.894,-8.5590,0.0800,28.4505
2026-05-09T17:26:06.908,-8.6153,0.0800,28.4771
2026-05-09T17:26:06.922,-8.6770,0.0800,28.5066
2026-05-09T17:26:06.937,-8.7372,0.0800,28.5358
2026-05-09T17:26:06.950,-8.8012,0.0800,28.5673
2026-05-09T17:26:06.964,-8.8593,0.0800,28.5964
2026-05-09T17:26:06.977,-8.9192,0.0800,28.6268
2026-05-09T17:26:06.992,-8.9748,0.0800,28.6554
2026-05-09T17:26:07.006,-9.0293,0.0800,28.6840
2026-05-09T17:26:07.019,-9.0805,0.0800,28.7115
2026-05-09T17:26:07.033,-9.1241,0.0800,28.7356
2026-05-09T17:26:07.047,-9.1601,0.0800,28.7564
2026-05-09T17:26:07.061,-9.1876,0.0800,28.7729
2026-05-09T17:26:07.075,-9.2158,0.0800,28.7904
2026-05-09T17:26:07.089,-9.2396,0.0800,28.8061
2026-05-09T17:26:07.103,-9.2625,0.0800,28.8218
2026-05-09T17:26:07.116,-9.2872,0.0800,28.8392
2026-05-09T17:26:07.131,-9.3079,0.0800,28.8548
2026-05-09T17:26:07.145,-9.3295,0.0800,28.8716
2026-05-09T17:26:07.158,-9.3511,0.0800,28.8892
2026-05-09T17:26:07.172,-9.3732,0.0800,28.9077
2026-05-09T17:26:07.186,-9.3916,0.0800,28.9239
2026-05-09T17:26:07.200,-9.4117,0.0800,28.9424
2026-05-09T17:26:07.214,-9.4343,0.0800,28.9637
2026-05-09T17:26:07.228,-9.4510,0.0800,28.9805
2026-05-09T17:26:07.241,-9.4679,0.0800,28.9979
2026-05-09T17:26:07.255,-9.4824,0.0800,29.0134
2026-05-09T17:26:07.269,-9.4963,0.0800,29.0291
2026-05-09T17:26:07.282,-9.5097,0.0800,29.0450
2026-05-09T17:26:07.296,-9.5230,0.0800,29.0610
2026-05-09T17:26:07.310,-9.5354,0.0800,29.0769
2026-05-09T17:26:07.324,-9.5476,0.0800,29.0932
2026-05-09T17:26:07.337,-9.5594,0.0800,29.1097
2026-05-09T17:26:07.352,-9.5718,0.0800,29.1275
2026-05-09T17:26:07.366,-9.5821,0.0800,29.1433
2026-05-09T17:26:07.379,-9.5944,0.0800,29.1628
2026-05-09T17:26:07.393,-9.6045,0.0800,29.1795
2026-05-09T17:26:07.407,-9.6149,0.0800,29.1976
2026-05-09T17:26:07.421,-9.6243,0.0800,29.2150
2026-05-09T17:26:07.435,-9.6343,0.0800,29.2339
2026-05-09T17:26:07.449,-9.6436,0.0800,29.2529
2026-05-09T17:26:07.462,-9.6518,0.0800,29.2705
2026-05-09T17:26:07.476,-9.6607,0.0800,29.2903
2026-05-09T17:26:07.491,-9.6681,0.0800,29.3080
2026-05-09T17:26:07.504,-9.6760,0.0800,29.3280
2026-05-09T17:26:07.518,-9.6832,0.0800,29.3474
2026-05-09T17:26:07.531,-9.6900,0.0800,29.3668
2026-05-09T17:26:07.545,-9.6962,0.0800,29.3858
2026-05-09T17:26:07.559,-9.7020,0.0800,29.4052
2026-05-09T17:26:07.572,-9.7077,0.0800,29.4253
2026-05-09T17:26:07.587,-9.7128,0.0800,29.4448
2026-05-09T17:26:07.600,-9.7175,0.0800,29.4650
2026-05-09T17:26:07.615,-9.7224,0.0800,29.4875
2026-05-09T17:26:07.628,-9.7258,0.0800,29.5056
2026-05-09T17:26:07.642,-9.7294,0.0800,29.5270
2026-05-09T17:26:07.655,-9.7330,0.0800,29.5514
2026-05-09T17:26:07.669,-9.7354,0.0800,29.5707
2026-05-09T17:26:07.683,-9.7377,0.0800,29.5926
2026-05-09T17:26:07.697,-9.7399,0.0800,29.6179
2026-05-09T17:26:07.711,-9.7415,0.0800,29.6430
2026-05-09T17:26:07.725,-9.7425,0.0800,29.6688
2026-05-09T17:26:07.738,-9.7430,0.0800,29.6962
2026-05-09T17:26:07.752,-9.7430,0.0800,29.7230
2026-05-09T17:26:07.766,-9.7423,0.0800,29.7488
2026-05-09T17:26:07.780,-9.7408,0.0800,29.7792
2026-05-09T17:26:07.794,-9.7386,0.0800,29.8127
2026-05-09T17:26:07.808,-9.7353,0.0800,29.8487
2026-05-09T17:26:07.821,-9.7311,0.0800,29.8861
2026-05-09T17:26:07.835,-9.7253,0.0800,29.9316
2026-05-09T17:26:07.849,-9.7183,0.0800,29.9804
2026-05-09T17:26:07.863,-9.7095,0.0800,30.0357
2026-05-09T17:26:07.877,-9.6993,0.0800,30.0954
2026-05-09T17:26:07.891,-9.6887,0.0800,30.1534
2026-05-09T17:26:07.904,-9.6760,0.0800,30.2201
2026-05-09T17:26:07.918,-9.6639,0.0800,30.2801
2026-05-09T17:26:07.932,-9.6515,0.0800,30.3397
2026-05-09T17:26:07.946,-9.6367,0.0800,30.4080
2026-05-09T17:26:07.959,-9.6232,0.0800,30.4680
2026-05-09T17:26:07.974,-9.6075,0.0800,30.5352
2026-05-09T17:26:07.987,-9.5938,0.0800,30.5917
2026-05-09T17:26:08.001,-9.5775,0.0800,30.6566
2026-05-09T17:26:08.015,-9.5605,0.0800,30.7222
2026-05-09T17:26:08.029,-9.5453,0.0800,30.7788
2026-05-09T17:26:08.042,-9.5282,0.0800,30.8405
2026-05-09T17:26:08.057,-9.5115,0.0800,30.8990
2026-05-09T17:26:08.070,-9.4954,0.0800,30.9529
2026-05-09T17:26:08.085,-9.4763,0.0800,31.0150
2026-05-09T17:26:08.098,-9.4609,0.0800,31.0629
2026-05-09T17:26:08.112,-9.4447,0.0800,31.1113
2026-05-09T17:26:08.126,-9.4346,0.0800,31.1398
2026-05-09T17:26:08.140,-9.4221,0.0800,31.1733
2026-05-09T17:26:08.154,-9.4095,0.0800,31.2055
2026-05-09T17:26:08.168,-9.3987,0.0800,31.2314
2026-05-09T17:26:08.181,-9.3859,0.0800,31.2605
2026-05-09T17:26:08.196,-9.3741,0.0800,31.2861
2026-05-09T17:26:08.209,-9.3618,0.0800,31.3113
2026-05-09T17:26:08.223,-9.3487,0.0800,31.3370
2026-05-09T17:26:08.236,-9.3355,0.0800,31.3618
2026-05-09T17:26:08.251,-9.3215,0.0800,31.3867
2026-05-09T17:26:08.264,-9.3076,0.0800,31.4104
2026-05-09T17:26:08.278,-9.2924,0.0800,31.4353
2026-05-09T17:26:08.292,-9.2772,0.0800,31.4592
2026-05-09T17:26:08.306,-9.2616,0.0800,31.4825
2026-05-09T17:26:08.319,-9.2455,0.0800,31.5056
2026-05-09T17:26:08.334,-9.2287,0.0800,31.5290
2026-05-09T17:26:08.348,-9.2109,0.0800,31.5525
2026-05-09T17:26:08.361,-9.1936,0.0800,31.5744
2026-05-09T17:26:08.375,-9.1752,0.0800,31.5969
2026-05-09T17:26:08.390,-9.1577,0.0800,31.6174
2026-05-09T17:26:08.403,-9.1390,0.0800,31.6385
2026-05-09T17:26:08.417,-9.1187,0.0800,31.6604
2026-05-09T17:26:08.431,-9.1005,0.0800,31.6794
2026-05-09T17:26:08.445,-9.0763,0.0800,31.7036
2026-05-09T17:26:08.458,-9.0509,0.0800,31.7280
2026-05-09T17:26:08.472,-9.0250,0.0800,31.7521
2026-05-09T17:26:08.487,-8.9952,0.0800,31.7787
2026-05-09T17:26:08.500,-8.9628,0.0800,31.8065
2026-05-09T17:26:08.514,-8.9225,0.0800,31.8401
2026-05-09T17:26:08.529,-8.8865,0.0800,31.8689
2026-05-09T17:26:08.541,-8.8491,0.0800,31.8980
2026-05-09T17:26:08.556,-8.8079,0.0800,31.9290
2026-05-09T17:26:08.570,-8.7739,0.0800,31.9536
2026-05-09T17:26:08.584,-8.7291,0.0800,31.9852
2026-05-09T17:26:08.598,-8.6946,0.0800,32.0086
2026-05-09T17:26:08.612,-8.6589,0.0800,32.0320
2026-05-09T17:26:08.625,-8.6254,0.0800,32.0530
2026-05-09T17:26:08.638,-8.5920,0.0800,32.0733
2026-05-09T17:26:08.653,-8.5592,0.0800,32.0924
2026-05-09T17:26:08.667,-8.5275,0.0800,32.1101
2026-05-09T17:26:08.680,-8.4886,0.0800,32.1309
2026-05-09T17:26:08.695,-8.4569,0.0800,32.1472
2026-05-09T17:26:08.709,-8.4232,0.0800,32.1636
2026-05-09T17:26:08.722,-8.3873,0.0800,32.1804
2026-05-09T17:26:08.737,-8.3506,0.0800,32.1969
2026-05-09T17:26:08.751,-8.3126,0.0800,32.2130
2026-05-09T17:26:08.764,-8.2770,0.0800,32.2275
2026-05-09T17:26:08.777,-8.2374,0.0800,32.2435
2026-05-09T17:26:08.792,-8.1975,0.0800,32.2596
2026-05-09T17:26:08.806,-8.1518,0.0800,32.2781
2026-05-09T17:26:08.819,-8.1032,0.0800,32.2978
2026-05-09T17:26:08.833,-8.0497,0.0800,32.3196
2026-05-09T17:26:08.847,-7.9920,0.0800,32.3435
2026-05-09T17:26:08.861,-7.9315,0.0800,32.3691
2026-05-09T17:26:08.876,-7.8730,0.0800,32.3944
2026-05-09T17:26:08.890,-7.8142,0.0800,32.4206
2026-05-09T17:26:08.903,-7.7562,0.0800,32.4471
2026-05-09T17:26:08.917,-7.6975,0.0800,32.4746
2026-05-09T17:26:08.931,-7.6460,0.0800,32.4993
2026-05-09T17:26:08.945,-7.5901,0.0800,32.5268
2026-05-09T17:26:08.959,-7.5372,0.0800,32.5537
2026-05-09T17:26:08.973,-7.4810,0.0800,32.5828
2026-05-09T17:26:08.987,-7.4315,0.0800,32.6094
2026-05-09T17:26:09.001,-7.3799,0.0800,32.6378
2026-05-09T17:26:09.014,-7.3238,0.0800,32.6695
2026-05-09T17:26:09.028,-7.2792,0.0800,32.6955
2026-05-09T17:26:09.042,-7.2292,0.0800,32.7255
2026-05-09T17:26:09.056,-7.1813,0.0800,32.7549
2026-05-09T17:26:09.070,-7.1343,0.0800,32.7846
2026-05-09T17:26:09.084,-7.0826,0.0800,32.8183
2026-05-09T17:26:09.098,-7.0327,0.0800,32.8516
2026-05-09T17:26:09.112,-6.9838,0.0800,32.8851
2026-05-09T17:26:09.126,-6.9336,0.0800,32.9204
2026-05-09T17:26:09.139,-6.8786,0.0800,32.9597
2026-05-09T17:26:09.154,-6.8240,0.0800,32.9995
2026-05-09T17:26:09.168,-6.7862,0.0800,33.0274
2026-05-09T17:26:09.181,-6.7380,0.0800,33.0630
2026-05-09T17:26:09.195,-6.6944,0.0800,33.0952
2026-05-09T17:26:09.209,-6.6492,0.0800,33.1285
2026-05-09T17:26:09.222,-6.5991,0.0800,33.1650
2026-05-09T17:26:09.237,-6.5529,0.0800,33.1983
2026-05-09T17:26:09.251,-6.5046,0.0800,33.2325
2026-05-09T17:26:09.264,-6.4558,0.0800,33.2666
2026-05-09T17:26:09.278,-6.4057,0.0800,33.3009
2026-05-09T17:26:09.292,-6.3655,0.0800,33.3279
2026-05-09T17:26:09.306,-6.3246,0.0800,33.3548
2026-05-09T17:26:09.320,-6.2888,0.0800,33.3776
2026-05-09T17:26:09.334,-6.2565,0.0800,33.3977
2026-05-09T17:26:09.348,-6.2233,0.0800,33.4173
2026-05-09T17:26:09.361,-6.1927,0.0800,33.4348
2026-05-09T17:26:09.375,-6.1596,0.0800,33.4531
2026-05-09T17:26:09.390,-6.1288,0.0800,33.4693
2026-05-09T17:26:09.403,-6.0971,0.0800,33.4853
2026-05-09T17:26:09.417,-6.0607,0.0800,33.5028
2026-05-09T17:26:09.431,-6.0298,0.0800,33.5173
2026-05-09T17:26:09.445,-5.9967,0.0800,33.5318
2026-05-09T17:26:09.458,-5.9636,0.0800,33.5457
2026-05-09T17:26:09.472,-5.9285,0.0800,33.5599
2026-05-09T17:26:09.487,-5.8982,0.0800,33.5713
2026-05-09T17:26:09.501,-5.8648,0.0800,33.5834
2026-05-09T17:26:09.514,-5.8251,0.0800,33.5972
2026-05-09T17:26:09.529,-5.7930,0.0800,33.6074
2026-05-09T17:26:09.541,-5.7580,0.0800,33.6180
2026-05-09T17:26:09.557,-5.7244,0.0800,33.6277
2026-05-09T17:26:09.570,-5.7002,0.0800,33.6342
2026-05-09T17:26:09.584,-5.6761,0.0800,33.6403
2026-05-09T17:26:09.598,-5.6585,0.0800,33.6448
2026-05-09T17:26:09.611,-5.6452,0.0800,33.6481
2026-05-09T17:26:09.625,-5.6292,0.0800,33.6522
2026-05-09T17:26:09.638,-5.6092,0.0800,33.6572
2026-05-09T17:26:09.653,-5.5896,0.0800,33.6621
2026-05-09T17:26:09.668,-5.5408,0.0800,33.6745
2026-05-09T17:26:09.680,-5.4846,0.0800,33.6893
2026-05-09T17:26:09.695,-5.4264,0.0800,33.7051
2026-05-09T17:26:09.708,-5.3738,0.0800,33.7202
2026-05-09T17:26:09.722,-5.3186,0.0800,33.7366
2026-05-09T17:26:09.736,-5.2655,0.0800,33.7531
2026-05-09T17:26:09.750,-5.2103,0.0800,33.7712
2026-05-09T17:26:09.764,-5.1581,0.0800,33.7891
2026-05-09T17:26:09.777,-5.1044,0.0800,33.8084
2026-05-09T17:26:09.792,-5.0520,0.0800,33.8278
2026-05-09T17:26:09.806,-5.0016,0.0800,33.8474
2026-05-09T17:26:09.819,-4.9481,0.0800,33.8690
2026-05-09T17:26:09.834,-4.8948,0.0800,33.8912
2026-05-09T17:26:09.847,-4.8381,0.0800,33.9157
2026-05-09T17:26:09.861,-4.7773,0.0800,33.9428
2026-05-09T17:26:09.875,-4.7311,0.0800,33.9637
2026-05-09T17:26:09.890,-4.6835,0.0800,33.9856
2026-05-09T17:26:09.903,-4.6407,0.0800,34.0054
2026-05-09T17:26:09.917,-4.5918,0.0800,34.0280
2026-05-09T17:26:09.931,-4.5465,0.0800,34.0489
2026-05-09T17:26:09.945,-4.4950,0.0800,34.0728
2026-05-09T17:26:09.959,-4.4392,0.0800,34.0987
2026-05-09T17:26:09.973,-4.3811,0.0800,34.1255
2026-05-09T17:26:09.987,-4.3215,0.0800,34.1528
2026-05-09T17:26:10.001,-4.2572,0.0800,34.1818
2026-05-09T17:26:10.015,-4.1930,0.0800,34.2104
2026-05-09T17:26:10.028,-4.1355,0.0800,34.2356
2026-05-09T17:26:10.042,-4.0706,0.0800,34.2635
2026-05-09T17:26:10.057,-4.0170,0.0800,34.2864
2026-05-09T17:26:10.070,-3.9657,0.0800,34.3082
2026-05-09T17:26:10.084,-3.9042,0.0800,34.3344
2026-05-09T17:26:10.098,-3.8499,0.0800,34.3576
2026-05-09T17:26:10.112,-3.7905,0.0800,34.3830
2026-05-09T17:26:10.126,-3.7367,0.0800,34.4060
2026-05-09T17:26:10.139,-3.6726,0.0800,34.4334
2026-05-09T17:26:10.154,-3.6146,0.0800,34.4583
2026-05-09T17:26:10.168,-3.5561,0.0800,34.4834
2026-05-09T17:26:10.182,-3.4898,0.0800,34.5114
2026-05-09T17:26:10.196,-3.4304,0.0800,34.5362
2026-05-09T17:26:10.210,-3.3680,0.0800,34.5616
2026-05-09T17:26:10.224,-3.3048,0.0800,34.5869
2026-05-09T17:26:10.237,-3.2411,0.0800,34.6118
2026-05-09T17:26:10.252,-3.1835,0.0800,34.6341
2026-05-09T17:26:10.265,-3.1251,0.0800,34.6563
2026-05-09T17:26:10.279,-3.0588,0.0800,34.6817
2026-05-09T17:26:10.294,-3.0030,0.0800,34.7034
2026-05-09T17:26:10.307,-2.9466,0.0800,34.7261
2026-05-09T17:26:10.321,-2.8945,0.0800,34.7478
2026-05-09T17:26:10.336,-2.8473,0.0800,34.7681
2026-05-09T17:26:10.349,-2.7981,0.0800,34.7903
2026-05-09T17:26:10.363,-2.7576,0.0800,34.8094
2026-05-09T17:26:10.377,-2.7197,0.0800,34.8280
2026-05-09T17:26:10.391,-2.6836,0.0800,34.8466
2026-05-09T17:26:10.405,-2.6476,0.0800,34.8660
2026-05-09T17:26:10.418,-2.6109,0.0800,34.8866
2026-05-09T17:26:10.433,-2.5771,0.0800,34.9062
2026-05-09T17:26:10.447,-2.5435,0.0800,34.9267
2026-05-09T17:26:10.460,-2.5075,0.0800,34.9496
2026-05-09T17:26:10.473,-2.4747,0.0800,34.9710
2026-05-09T17:26:10.487,-2.4428,0.0800,34.9930
2026-05-09T17:26:10.501,-2.4119,0.0800,35.0150
2026-05-09T17:26:10.515,-2.3776,0.0800,35.0401
2026-05-09T17:26:10.530,-2.3467,0.0800,35.0638
2026-05-09T17:26:10.543,-2.3149,0.0800,35.0891
2026-05-09T17:26:10.557,-2.2824,0.0800,35.1159
2026-05-09T17:26:10.571,-2.2543,0.0800,35.1398
2026-05-09T17:26:10.586,-2.2229,0.0800,35.1677
2026-05-09T17:26:10.599,-2.1933,0.0800,35.1949
2026-05-09T17:26:10.613,-2.1612,0.0800,35.2255
2026-05-09T17:26:10.627,-2.1354,0.0800,35.2512
2026-05-09T17:26:10.640,-2.1068,0.0800,35.2806
2026-05-09T17:26:10.655,-2.0795,0.0800,35.3094
2026-05-09T17:26:10.669,-2.0544,0.0800,35.3371
2026-05-09T17:26:10.682,-2.0253,0.0800,35.3704
2026-05-09T17:26:10.697,-2.0011,0.0800,35.3989
2026-05-09T17:26:10.710,-1.9760,0.0800,35.4298
2026-05-09T17:26:10.724,-1.9495,0.0800,35.4636
2026-05-09T17:26:10.737,-1.9243,0.0800,35.4970
2026-05-09T17:26:10.752,-1.8994,0.0800,35.5309
2026-05-09T17:26:10.766,-1.8761,0.0800,35.5642
2026-05-09T17:26:10.780,-1.8493,0.0800,35.6037
2026-05-09T17:26:10.794,-1.8256,0.0800,35.6400
2026-05-09T17:26:10.807,-1.8002,0.0800,35.6804
2026-05-09T17:26:10.821,-1.7761,0.0800,35.7204
2026-05-09T17:26:10.835,-1.7513,0.0800,35.7626
2026-05-09T17:26:10.849,-1.7246,0.0800,35.8100
2026-05-09T17:26:10.863,-1.6971,0.0800,35.8606
2026-05-09T17:26:10.877,-1.6704,0.0800,35.9110
2026-05-09T17:26:10.891,-1.6446,0.0800,35.9616
2026-05-09T17:26:10.904,-1.6173,0.0800,36.0167
2026-05-09T17:26:10.918,-1.5906,0.0800,36.0721
2026-05-09T17:26:10.932,-1.5676,0.0800,36.1213
2026-05-09T17:26:10.946,-1.5417,0.0800,36.1782
2026-05-09T17:26:10.960,-1.5180,0.0800,36.2319
2026-05-09T17:26:10.974,-1.4925,0.0800,36.2915
2026-05-09T17:26:10.988,-1.4707,0.0800,36.3441
2026-05-09T17:26:11.001,-1.4477,0.0800,36.4014
2026-05-09T17:26:11.015,-1.4244,0.0800,36.4612
2026-05-09T17:26:11.029,-1.4061,0.0800,36.5100
2026-05-09T17:26:11.042,-1.3846,0.0800,36.5692
2026-05-09T17:26:11.057,-1.3646,0.0800,36.6260
2026-05-09T17:26:11.070,-1.3463,0.0800,36.6800
2026-05-09T17:26:11.085,-1.3257,0.0800,36.7431
2026-05-09T17:26:11.098,-1.3087,0.0800,36.7972
2026-05-09T17:26:11.112,-1.2905,0.0800,36.8568
2026-05-09T17:26:11.126,-1.2745,0.0800,36.9122
2026-05-09T17:26:11.140,-1.2583,0.0800,36.9699
2026-05-09T17:26:11.154,-1.2433,0.0800,37.0259
2026-05-09T17:26:11.168,-1.2297,0.0800,37.0793
2026-05-09T17:26:11.181,-1.2150,0.0800,37.1396
2026-05-09T17:26:11.196,-1.2023,0.0800,37.1943
2026-05-09T17:26:11.209,-1.1901,0.0800,37.2505
2026-05-09T17:26:11.223,-1.1786,0.0800,37.3067
2026-05-09T17:26:11.237,-1.1681,0.0800,37.3611
2026-05-09T17:26:11.251,-1.1580,0.0800,37.4175
2026-05-09T17:26:11.265,-1.1486,0.0800,37.4743
2026-05-09T17:26:11.278,-1.1397,0.0800,37.5327
2026-05-09T17:26:11.293,-1.1323,0.0800,37.5853
2026-05-09T17:26:11.306,-1.1254,0.0800,37.6398
2026-05-09T17:26:11.320,-1.1187,0.0800,37.6983
2026-05-09T17:26:11.334,-1.1130,0.0800,37.7541
2026-05-09T17:26:11.349,-1.1080,0.0800,37.8106
2026-05-09T17:26:11.362,-1.1035,0.0800,37.8690
2026-05-09T17:26:11.376,-1.0997,0.0800,37.9279
2026-05-09T17:26:11.390,-1.0969,0.0800,37.9824
2026-05-09T17:26:11.403,-1.0946,0.0800,38.0395
2026-05-09T17:26:11.417,-1.0929,0.0800,38.1011
2026-05-09T17:26:11.431,-1.0921,0.0800,38.1531
2026-05-09T17:26:11.445,-1.0920,0.0800,38.2108
2026-05-09T17:26:11.459,-1.0925,0.0800,38.2720
2026-05-09T17:26:11.473,-1.0937,0.0800,38.3291
2026-05-09T17:26:11.487,-1.0956,0.0800,38.3872
2026-05-09T17:26:11.501,-1.0983,0.0800,38.4481
2026-05-09T17:26:11.515,-1.1018,0.0800,38.5136
2026-05-09T17:26:11.529,-1.1056,0.0800,38.5683
2026-05-09T17:26:11.542,-1.1105,0.0800,38.6299
2026-05-09T17:26:11.557,-1.1159,0.0800,38.6895
2026-05-09T17:26:11.570,-1.1218,0.0800,38.7464
2026-05-09T17:26:11.584,-1.1291,0.0800,38.8098
2026-05-09T17:26:11.597,-1.1364,0.0800,38.8661
2026-05-09T17:26:11.612,-1.1449,0.0800,38.9279
2026-05-09T17:26:11.626,-1.1533,0.0800,38.9833
2026-05-09T17:26:11.639,-1.1641,0.0800,39.0495
2026-05-09T17:26:11.654,-1.1753,0.0800,39.1151
2026-05-09T17:26:11.668,-1.1869,0.0800,39.1797
2026-05-09T17:26:11.681,-1.2001,0.0800,39.2530
2026-05-09T17:26:11.695,-1.2116,0.0800,39.3173
2026-05-09T17:26:11.709,-1.2237,0.0800,39.3847
2026-05-09T17:26:11.723,-1.2361,0.0800,39.4536
2026-05-09T17:26:11.737,-1.2480,0.0800,39.5198
2026-05-09T17:26:11.751,-1.2604,0.0800,39.5891
2026-05-09T17:26:11.765,-1.2727,0.0800,39.6574
2026-05-09T17:26:11.778,-1.2859,0.0800,39.7305
2026-05-09T17:26:11.793,-1.2975,0.0800,39.7947
2026-05-09T17:26:11.806,-1.3093,0.0800,39.8599
2026-05-09T17:26:11.820,-1.3220,0.0800,39.9277
2026-05-09T17:26:11.834,-1.3341,0.0800,39.9907
2026-05-09T17:26:11.848,-1.3473,0.0800,40.0566
2026-05-09T17:26:11.862,-1.3604,0.0800,40.1197
2026-05-09T17:26:11.876,-1.3744,0.0800,40.1848
2026-05-09T17:26:11.890,-1.3881,0.0800,40.2460
2026-05-09T17:26:11.904,-1.4024,0.0800,40.3076
2026-05-09T17:26:11.917,-1.4178,0.0800,40.3710
2026-05-09T17:26:11.932,-1.4325,0.0800,40.4297
2026-05-09T17:26:11.945,-1.4492,0.0800,40.4932
2026-05-09T17:26:11.959,-1.4651,0.0800,40.5514
2026-05-09T17:26:11.973,-1.4821,0.0800,40.6116
2026-05-09T17:26:11.987,-1.4995,0.0800,40.6709
2026-05-09T17:26:12.001,-1.5178,0.0800,40.7306
2026-05-09T17:26:12.015,-1.5371,0.0800,40.7921
2026-05-09T17:26:12.029,-1.5549,0.0800,40.8465
2026-05-09T17:26:12.042,-1.5759,0.0800,40.9088
2026-05-09T17:26:12.057,-1.5962,0.0800,40.9678
2026-05-09T17:26:12.071,-1.6155,0.0800,41.0215
2026-05-09T17:26:12.085,-1.6390,0.0800,41.0853
2026-05-09T17:26:12.098,-1.6603,0.0800,41.1414
2026-05-09T17:26:12.112,-1.6837,0.0800,41.2015
2026-05-09T17:26:12.126,-1.7054,0.0800,41.2555
2026-05-09T17:26:12.139,-1.7311,0.0800,41.3177
2026-05-09T17:26:12.154,-1.7549,0.0800,41.3740
2026-05-09T17:26:12.168,-1.7777,0.0800,41.4262
2026-05-09T17:26:12.181,-1.8065,0.0800,41.4905
2026-05-09T17:26:12.195,-1.8307,0.0800,41.5434
2026-05-09T17:26:12.209,-1.8561,0.0800,41.5972
2026-05-09T17:26:12.223,-1.8846,0.0800,41.6561
2026-05-09T17:26:12.237,-1.9134,0.0800,41.7148
2026-05-09T17:26:12.251,-1.9423,0.0800,41.7723
2026-05-09T17:26:12.265,-1.9728,0.0800,41.8320
2026-05-09T17:26:12.278,-2.0049,0.0800,41.8936
2026-05-09T17:26:12.293,-2.0348,0.0800,41.9504
2026-05-09T17:26:12.306,-2.0652,0.0800,42.0071
2026-05-09T17:26:12.320,-2.0972,0.0800,42.0659
2026-05-09T17:26:12.334,-2.1275,0.0800,42.1209
2026-05-09T17:26:12.348,-2.1614,0.0800,42.1808
2026-05-09T17:26:12.362,-2.1902,0.0800,42.2306
2026-05-09T17:26:12.376,-2.2244,0.0800,42.2886
2026-05-09T17:26:12.390,-2.2539,0.0800,42.3375
2026-05-09T17:26:12.404,-2.2893,0.0800,42.3951
2026-05-09T17:26:12.418,-2.3271,0.0800,42.4555
2026-05-09T17:26:12.432,-2.3349,0.0800,42.4680
2026-05-09T17:26:12.446,-2.3408,0.0800,42.4773
2026-05-09T17:26:12.459,-2.3453,0.0800,42.4843
2026-05-09T17:26:12.473,-2.3504,0.0800,42.4924
2026-05-09T17:26:12.487,-2.3548,0.0800,42.4993
2026-05-09T17:26:12.501,-2.3604,0.0800,42.5082
2026-05-09T17:26:12.515,-2.3688,0.0800,42.5215
2026-05-09T17:26:12.529,-2.3765,0.0800,42.5336
2026-05-09T17:26:12.542,-2.3884,0.0800,42.5525
2026-05-09T17:26:12.557,-2.4002,0.0800,42.5712
2026-05-09T17:26:12.570,-2.4119,0.0800,42.5896
2026-05-09T17:26:12.584,-2.4256,0.0800,42.6114
2026-05-09T17:26:12.598,-2.4375,0.0800,42.6301
2026-05-09T17:26:12.612,-2.4485,0.0800,42.6475
2026-05-09T17:26:12.626,-2.4600,0.0800,42.6656
2026-05-09T17:26:12.639,-2.4716,0.0800,42.6840
2026-05-09T17:26:12.654,-2.4822,0.0800,42.7007
2026-05-09T17:26:12.668,-2.4911,0.0800,42.7148
2026-05-09T17:26:12.681,-2.5011,0.0800,42.7305
2026-05-09T17:26:12.696,-2.5181,0.0800,42.7572
2026-05-09T17:26:12.709,-2.5383,0.0800,42.7886
2026-05-09T17:26:12.723,-2.5640,0.0800,42.8279
2026-05-09T17:26:12.737,-2.5887,0.0800,42.8653
2026-05-09T17:26:12.751,-2.6152,0.0800,42.9044
2026-05-09T17:26:12.765,-2.6170,0.0800,42.9070
2026-05-09T17:26:12.793,-2.6175,0.0800,42.9080
2026-05-09T17:26:12.806,-2.6162,0.0800,42.9064
2026-05-09T17:26:12.820,-2.6148,0.0800,42.9047
2026-05-09T17:26:12.834,-2.6101,0.0800,42.8976
2026-05-09T17:26:12.848,-2.6048,0.0800,42.8896
2026-05-09T17:26:12.862,-2.5996,0.0800,42.8814
2026-05-09T17:26:12.876,-2.5955,0.0800,42.8738
2026-05-09T17:26:12.890,-2.5908,0.0800,42.8656
2026-05-09T17:26:12.904,-2.5863,0.0800,42.8572
2026-05-09T17:26:12.917,-2.5817,0.0800,42.8484
2026-05-09T17:26:12.931,-2.5785,0.0800,42.8410
2026-05-09T17:26:12.946,-2.5742,0.0800,42.8316
2026-05-09T17:26:12.959,-2.5706,0.0800,42.8233
2026-05-09T17:26:12.973,-2.5674,0.0800,42.8148
2026-05-09T17:26:12.987,-2.5644,0.0800,42.8068
2026-05-09T17:26:13.000,-2.5609,0.0800,42.7973
2026-05-09T17:26:13.015,-2.5585,0.0800,42.7889
2026-05-09T17:26:13.029,-2.5559,0.0800,42.7808
2026-05-09T17:26:13.042,-2.5532,0.0800,42.7714
2026-05-09T17:26:13.057,-2.5515,0.0800,42.7635
2026-05-09T17:26:13.071,-2.5494,0.0800,42.7553
2026-05-09T17:26:13.084,-2.5471,0.0800,42.7451
2026-05-09T17:26:13.098,-2.5454,0.0800,42.7362
2026-05-09T17:26:13.112,-2.5444,0.0800,42.7285
2026-05-09T17:26:13.126,-2.5430,0.0800,42.7196
2026-05-09T17:26:13.139,-2.5418,0.0800,42.7104
2026-05-09T17:26:13.154,-2.5412,0.0800,42.7018
2026-05-09T17:26:13.168,-2.5405,0.0800,42.6940
2026-05-09T17:26:13.181,-2.5399,0.0800,42.6839
2026-05-09T17:26:13.196,-2.5400,0.0800,42.6766
2026-05-09T17:26:13.209,-2.5398,0.0800,42.6682
2026-05-09T17:26:13.223,-2.5398,0.0800,42.6587
2026-05-09T17:26:13.237,-2.5403,0.0800,42.6516
2026-05-09T17:26:13.251,-2.5400,0.0800,42.6504
2026-05-09T17:26:13.265,-2.5398,0.0800,42.6493
2026-05-09T17:26:13.278,-2.5370,0.0800,42.6675
2026-05-09T17:26:13.292,-2.5331,0.0800,42.6933
2026-05-09T17:26:13.306,-2.5288,0.0800,42.7174
2026-05-09T17:26:13.320,-2.5232,0.0800,42.7477
2026-05-09T17:26:13.334,-2.5144,0.0800,42.7944
2026-05-09T17:26:13.348,-2.5038,0.0800,42.8486
2026-05-09T17:26:13.361,-2.4919,0.0800,42.9077
2026-05-09T17:26:13.376,-2.4783,0.0800,42.9734
2026-05-09T17:26:13.390,-2.4657,0.0800,43.0307
2026-05-09T17:26:13.403,-2.4517,0.0800,43.0921
2026-05-09T17:26:13.417,-2.4359,0.0800,43.1584
2026-05-09T17:26:13.431,-2.4222,0.0800,43.2143
2026-05-09T17:26:13.445,-2.4081,0.0800,43.2692
2026-05-09T17:26:13.459,-2.3931,0.0800,43.3245
2026-05-09T17:26:13.473,-2.3768,0.0800,43.3831
2026-05-09T17:26:13.487,-2.3617,0.0800,43.4339
2026-05-09T17:26:13.500,-2.3472,0.0800,43.4806
2026-05-09T17:26:13.514,-2.3309,0.0800,43.5309
2026-05-09T17:26:13.529,-2.3169,0.0800,43.5716
2026-05-09T17:26:13.542,-2.3009,0.0800,43.6153
2026-05-09T17:26:13.556,-2.2860,0.0800,43.6548
2026-05-09T17:26:13.570,-2.2712,0.0800,43.6914
2026-05-09T17:26:13.584,-2.2560,0.0800,43.7271
2026-05-09T17:26:13.598,-2.2395,0.0800,43.7642
2026-05-09T17:26:13.612,-2.2251,0.0800,43.7953
2026-05-09T17:26:13.626,-2.2106,0.0800,43.8249
2026-05-09T17:26:13.639,-2.1941,0.0800,43.8569
2026-05-09T17:26:13.654,-2.1782,0.0800,43.8869
2026-05-09T17:26:13.667,-2.1641,0.0800,43.9117
2026-05-09T17:26:13.680,-2.1449,0.0800,43.9445
2026-05-09T17:26:13.695,-2.1299,0.0800,43.9692
2026-05-09T17:26:13.709,-2.1139,0.0800,43.9942
2026-05-09T17:26:13.722,-2.0956,0.0800,44.0215
2026-05-09T17:26:13.737,-2.0781,0.0800,44.0470
2026-05-09T17:26:13.751,-2.0596,0.0800,44.0725
2026-05-09T17:26:13.765,-2.0406,0.0800,44.0976
2026-05-09T17:26:13.777,-2.0211,0.0800,44.1224
2026-05-09T17:26:13.793,-2.0008,0.0800,44.1475
2026-05-09T17:26:13.806,-1.9827,0.0800,44.1687
2026-05-09T17:26:13.820,-1.9596,0.0800,44.1950
2026-05-09T17:26:13.834,-1.9392,0.0800,44.2173
2026-05-09T17:26:13.848,-1.9163,0.0800,44.2412
2026-05-09T17:26:13.861,-1.8959,0.0800,44.2616
2026-05-09T17:26:13.875,-1.8716,0.0800,44.2853
2026-05-09T17:26:13.889,-1.8502,0.0800,44.3051
2026-05-09T17:26:13.903,-1.8272,0.0800,44.3256
2026-05-09T17:26:13.917,-1.8022,0.0800,44.3472
2026-05-09T17:26:13.931,-1.7792,0.0800,44.3661
2026-05-09T17:26:13.945,-1.7537,0.0800,44.3862
2026-05-09T17:26:13.959,-1.7291,0.0800,44.4048
2026-05-09T17:26:13.973,-1.7036,0.0800,44.4234
2026-05-09T17:26:13.986,-1.6779,0.0800,44.4413
2026-05-09T17:26:14.000,-1.6524,0.0800,44.4582
2026-05-09T17:26:14.014,-1.6231,0.0800,44.4770
2026-05-09T17:26:14.029,-1.5988,0.0800,44.4917
2026-05-09T17:26:14.042,-1.5708,0.0800,44.5081
2026-05-09T17:26:14.057,-1.5424,0.0800,44.5240
2026-05-09T17:26:14.070,-1.5152,0.0800,44.5383
2026-05-09T17:26:14.085,-1.4852,0.0800,44.5536
2026-05-09T17:26:14.098,-1.4577,0.0800,44.5668
2026-05-09T17:26:14.112,-1.4250,0.0800,44.5818
2026-05-09T17:26:14.126,-1.3983,0.0800,44.5933
2026-05-09T17:26:14.139,-1.3666,0.0800,44.6064
2026-05-09T17:26:14.153,-1.3353,0.0800,44.6187
2026-05-09T17:26:14.167,-1.3054,0.0800,44.6297
2026-05-09T17:26:14.181,-1.2706,0.0800,44.6418
2026-05-09T17:26:14.196,-1.2388,0.0800,44.6521
2026-05-09T17:26:14.209,-1.2052,0.0800,44.6624
2026-05-09T17:26:14.223,-1.1665,0.0800,44.6734
2026-05-09T17:26:14.237,-1.1290,0.0800,44.6834
2026-05-09T17:26:14.251,-1.0858,0.0800,44.6939
2026-05-09T17:26:14.265,-1.0415,0.0800,44.7040
2026-05-09T17:26:14.279,-0.9922,0.0800,44.7144
2026-05-09T17:26:14.293,-0.9428,0.0800,44.7240
2026-05-09T17:26:14.307,-0.8963,0.0800,44.7323
2026-05-09T17:26:14.321,-0.8459,0.0800,44.7405
2026-05-09T17:26:14.335,-0.7967,0.0800,44.7478
2026-05-09T17:26:14.349,-0.7431,0.0800,44.7549
2026-05-09T17:26:14.362,-0.6889,0.0800,44.7612
2026-05-09T17:26:14.376,-0.6308,0.0800,44.7674
2026-05-09T17:26:14.391,-0.5672,0.0800,44.7733
2026-05-09T17:26:14.404,-0.4948,0.0800,44.7798
2026-05-09T17:26:14.418,-0.4258,0.0800,44.7855
2026-05-09T17:26:14.433,-0.3591,0.0800,44.7910
2026-05-09T17:26:14.447,-0.2894,0.0800,44.7968
2026-05-09T17:26:14.461,-0.2175,0.0800,44.8029
2026-05-09T17:26:14.474,-0.1485,0.0800,44.8086
2026-05-09T17:26:14.488,-0.0804,0.0800,44.8144
2026-05-09T17:26:14.501,-0.0151,0.0800,44.8199
2026-05-09T17:26:14.516,0.0579,0.0800,44.8260
2026-05-09T17:26:14.530,0.1201,0.0800,44.8312
2026-05-09T17:26:14.543,0.1953,0.0800,44.8376
2026-05-09T17:26:14.557,0.2586,0.0800,44.8429
2026-05-09T17:26:14.572,0.3181,0.0800,44.8474
2026-05-09T17:26:14.586,0.3769,0.0800,44.8515
2026-05-09T17:26:14.599,0.4346,0.0800,44.8547
2026-05-09T17:26:14.613,0.4854,0.0800,44.8569
2026-05-09T17:26:14.627,0.5251,0.0800,44.8579
2026-05-09T17:26:14.640,0.5674,0.0800,44.8584
2026-05-09T17:26:14.655,0.6087,0.0800,44.8581
2026-05-09T17:26:14.669,0.6421,0.0800,44.8573
2026-05-09T17:26:14.683,0.6819,0.0800,44.8557
2026-05-09T17:26:14.697,0.7145,0.0800,44.8536
2026-05-09T17:26:14.711,0.7472,0.0800,44.8510
2026-05-09T17:26:14.725,0.7807,0.0800,44.8477
2026-05-09T17:26:14.738,0.8145,0.0800,44.8437
2026-05-09T17:26:14.753,0.8474,0.0800,44.8392
2026-05-09T17:26:14.767,0.8768,0.0800,44.8345
2026-05-09T17:26:14.779,0.9112,0.0800,44.8285
2026-05-09T17:26:14.794,0.9411,0.0800,44.8225
2026-05-09T17:26:14.808,0.9689,0.0800,44.8165
2026-05-09T17:26:14.822,0.9999,0.0800,44.8091
2026-05-09T17:26:14.836,1.0287,0.0800,44.8017
2026-05-09T17:26:14.850,1.0580,0.0800,44.7936
2026-05-09T17:26:14.864,1.0878,0.0800,44.7846
2026-05-09T17:26:14.877,1.1155,0.0800,44.7757
2026-05-09T17:26:14.892,1.1428,0.0800,44.7663
2026-05-09T17:26:14.905,1.1698,0.0800,44.7565
2026-05-09T17:26:14.919,1.1975,0.0800,44.7458
2026-05-09T17:26:14.933,1.2255,0.0800,44.7342
2026-05-09T17:26:14.946,1.2538,0.0800,44.7220
2026-05-09T17:26:14.960,1.2789,0.0800,44.7105
2026-05-09T17:26:14.975,1.3063,0.0800,44.6973
2026-05-09T17:26:14.989,1.3315,0.0800,44.6845
2026-05-09T17:26:15.002,1.3574,0.0800,44.6708
2026-05-09T17:26:15.016,1.3858,0.0800,44.6549
2026-05-09T17:26:15.031,1.4078,0.0800,44.6421
2026-05-09T17:26:15.044,1.4341,0.0800,44.6260
2026-05-09T17:26:15.058,1.4602,0.0800,44.6094
2026-05-09T17:26:15.072,1.4859,0.0800,44.5923
2026-05-09T17:26:15.086,1.5088,0.0800,44.5763
2026-05-09T17:26:15.099,1.5337,0.0800,44.5583
2026-05-09T17:26:15.113,1.5600,0.0800,44.5385
2026-05-09T17:26:15.127,1.5833,0.0800,44.5201
2026-05-09T17:26:15.141,1.6110,0.0800,44.4975
2026-05-09T17:26:15.155,1.6394,0.0800,44.4734
2026-05-09T17:26:15.168,1.6709,0.0800,44.4455
2026-05-09T17:26:15.182,1.7041,0.0800,44.4151
2026-05-09T17:26:15.196,1.7360,0.0800,44.3849
2026-05-09T17:26:15.210,1.7662,0.0800,44.3553
2026-05-09T17:26:15.223,1.7988,0.0800,44.3224
2026-05-09T17:26:15.237,1.8303,0.0800,44.2894
2026-05-09T17:26:15.251,1.8605,0.0800,44.2567
2026-05-09T17:26:15.265,1.8907,0.0800,44.2230
2026-05-09T17:26:15.278,1.9210,0.0800,44.1879
2026-05-09T17:26:15.292,1.9501,0.0800,44.1531
2026-05-09T17:26:15.305,1.9781,0.0800,44.1185
2026-05-09T17:26:15.319,2.0069,0.0800,44.0817
2026-05-09T17:26:15.333,2.0340,0.0800,44.0460
2026-05-09T17:26:15.347,2.0645,0.0800,44.0043
2026-05-09T17:26:15.361,2.0913,0.0800,43.9665
2026-05-09T17:26:15.374,2.1213,0.0800,43.9228
2026-05-09T17:26:15.389,2.1491,0.0800,43.8812
2026-05-09T17:26:15.402,2.1777,0.0800,43.8371
2026-05-09T17:26:15.417,2.2105,0.0800,43.7852
2026-05-09T17:26:15.430,2.2374,0.0800,43.7411
2026-05-09T17:26:15.444,2.2674,0.0800,43.6905
2026-05-09T17:26:15.457,2.2954,0.0800,43.6418
2026-05-09T17:26:15.471,2.3237,0.0800,43.5909
2026-05-09T17:26:15.485,2.3487,0.0800,43.5440
2026-05-09T17:26:15.499,2.3743,0.0800,43.4946
2026-05-09T17:26:15.513,2.4003,0.0800,43.4428
2026-05-09T17:26:15.527,2.4250,0.0800,43.3917
2026-05-09T17:26:15.540,2.4498,0.0800,43.3386
2026-05-09T17:26:15.555,2.4736,0.0800,43.2861
2026-05-09T17:26:15.569,2.4949,0.0800,43.2373
2026-05-09T17:26:15.582,2.5185,0.0800,43.1815
2026-05-09T17:26:15.596,2.5396,0.0800,43.1300
2026-05-09T17:26:15.610,2.5588,0.0800,43.0815
2026-05-09T17:26:15.624,2.5806,0.0800,43.0246
2026-05-09T17:26:15.637,2.6004,0.0800,42.9709
2026-05-09T17:26:15.652,2.6194,0.0800,42.9173
2026-05-09T17:26:15.666,2.6361,0.0800,42.8681
2026-05-09T17:26:15.680,2.6550,0.0800,42.8103
2026-05-09T17:26:15.694,2.6720,0.0800,42.7558
2026-05-09T17:26:15.707,2.6838,0.0800,42.7164
2026-05-09T17:26:15.721,2.6912,0.0800,42.6912
2026-05-09T17:26:15.735,2.6970,0.0800,42.6711
2026-05-09T17:26:15.749,2.7004,0.0800,42.6595
2026-05-09T17:26:15.763,2.7021,0.0800,42.6536
2026-05-09T17:26:15.776,2.7038,0.0800,42.6478
2026-05-09T17:26:16.013,2.7082,0.0800,42.6325
2026-05-09T17:26:16.027,2.7228,0.0800,42.5812
2026-05-09T17:26:16.041,2.7399,0.0800,42.5184
2026-05-09T17:26:16.055,2.7556,0.0800,42.4589
2026-05-09T17:26:16.069,2.7706,0.0800,42.3996
2026-05-09T17:26:16.082,2.7866,0.0800,42.3345
2026-05-09T17:26:16.096,2.8010,0.0800,42.2737
2026-05-09T17:26:16.110,2.8148,0.0800,42.2133
2026-05-09T17:26:16.124,2.8289,0.0800,42.1496
2026-05-09T17:26:16.138,2.8418,0.0800,42.0886
2026-05-09T17:26:16.152,2.8553,0.0800,42.0230
2026-05-09T17:26:16.166,2.8668,0.0800,41.9643
2026-05-09T17:26:16.179,2.8778,0.0800,41.9061
2026-05-09T17:26:16.194,2.8870,0.0800,41.8535
2026-05-09T17:26:16.208,2.8953,0.0800,41.8028
2026-05-09T17:26:16.221,2.9030,0.0800,41.7508
2026-05-09T17:26:16.235,2.9090,0.0800,41.7063
2026-05-09T17:26:16.249,2.9144,0.0800,41.6598
2026-05-09T17:26:16.263,2.9186,0.0800,41.6177
2026-05-09T17:26:16.277,2.9230,0.0800,41.5668
2026-05-09T17:26:16.291,2.9265,0.0800,41.5177
2026-05-09T17:26:16.304,2.9298,0.0800,41.4596
2026-05-09T17:26:16.318,2.9325,0.0800,41.4020
2026-05-09T17:26:16.332,2.9345,0.0800,41.3460
2026-05-09T17:26:16.346,2.9363,0.0800,41.2771
2026-05-09T17:26:16.360,2.9376,0.0800,41.2107
2026-05-09T17:26:16.373,2.9385,0.0800,41.1443
2026-05-09T17:26:16.389,2.9389,0.0800,41.0821
2026-05-09T17:26:16.402,2.9389,0.0800,41.0187
2026-05-09T17:26:16.416,2.9384,0.0800,40.9437
2026-05-09T17:26:16.429,2.9376,0.0800,40.8839
2026-05-09T17:26:16.443,2.9363,0.0800,40.8191
2026-05-09T17:26:16.458,2.9346,0.0800,40.7547
2026-05-09T17:26:16.472,2.9325,0.0800,40.6909
2026-05-09T17:26:16.485,2.9296,0.0800,40.6163
2026-05-09T17:26:16.499,2.9266,0.0800,40.5526
2026-05-09T17:26:16.513,2.9232,0.0800,40.4856
2026-05-09T17:26:16.528,2.9196,0.0800,40.4239
2026-05-09T17:26:16.540,2.9150,0.0800,40.3536
2026-05-09T17:26:16.555,2.9103,0.0800,40.2851
2026-05-09T17:26:16.569,2.9057,0.0800,40.2262
2026-05-09T17:26:16.582,2.8997,0.0800,40.1518
2026-05-09T17:26:16.597,2.8940,0.0800,40.0852
2026-05-09T17:26:16.610,2.8883,0.0800,40.0189
2026-05-09T17:26:16.625,2.8822,0.0800,39.9486
2026-05-09T17:26:16.637,2.8762,0.0800,39.8788
2026-05-09T17:26:16.652,2.8702,0.0800,39.8086
2026-05-09T17:26:16.666,2.8649,0.0800,39.7459
2026-05-09T17:26:16.680,2.8583,0.0800,39.6682
2026-05-09T17:26:16.694,2.8526,0.0800,39.6008
2026-05-09T17:26:16.707,2.8468,0.0800,39.5320
2026-05-09T17:26:16.721,2.8409,0.0800,39.4618
2026-05-09T17:26:16.735,2.8355,0.0800,39.3969
2026-05-09T17:26:16.749,2.8293,0.0800,39.3220
2026-05-09T17:26:16.763,2.8240,0.0800,39.2574
2026-05-09T17:26:16.776,2.8185,0.0800,39.1903
2026-05-09T17:26:16.790,2.8129,0.0800,39.1211
2026-05-09T17:26:16.805,2.8072,0.0800,39.0512
2026-05-09T17:26:16.818,2.8015,0.0800,38.9809
2026-05-09T17:26:16.833,2.7960,0.0800,38.9125
2026-05-09T17:26:16.846,2.7904,0.0800,38.8438
2026-05-09T17:26:16.860,2.7846,0.0800,38.7712
2026-05-09T17:26:16.874,2.7792,0.0800,38.7044
2026-05-09T17:26:16.888,2.7736,0.0800,38.6360
2026-05-09T17:26:16.901,2.7680,0.0800,38.5654
2026-05-09T17:26:16.915,2.7623,0.0800,38.4955
2026-05-09T17:26:16.929,2.7572,0.0800,38.4312
2026-05-09T17:26:16.943,2.7517,0.0800,38.3621
2026-05-09T17:26:16.957,2.7463,0.0800,38.2936
2026-05-09T17:26:16.971,2.7407,0.0800,38.2234
2026-05-09T17:26:16.985,2.7352,0.0800,38.1523
2026-05-09T17:26:16.999,2.7298,0.0800,38.0829
2026-05-09T17:26:17.013,2.7243,0.0800,38.0119
2026-05-09T17:26:17.027,2.7194,0.0800,37.9495
2026-05-09T17:26:17.039,2.7138,0.0800,37.8759
2026-05-09T17:26:17.055,2.7086,0.0800,37.8086
2026-05-09T17:26:17.069,2.7040,0.0800,37.7478
2026-05-09T17:26:17.082,2.6980,0.0800,37.6694
2026-05-09T17:26:17.096,2.6929,0.0800,37.6027
2026-05-09T17:26:17.110,2.6880,0.0800,37.5382
2026-05-09T17:26:17.125,2.6826,0.0800,37.4665
2026-05-09T17:26:17.137,2.6775,0.0800,37.3995
2026-05-09T17:26:17.151,2.6719,0.0800,37.3267
2026-05-09T17:26:17.165,2.6674,0.0800,37.2670
2026-05-09T17:26:17.179,2.6620,0.0800,37.1966
2026-05-09T17:26:17.194,2.6570,0.0800,37.1307
2026-05-09T17:26:17.208,2.6518,0.0800,37.0624
2026-05-09T17:26:17.222,2.6463,0.0800,36.9898
2026-05-09T17:26:17.235,2.6410,0.0800,36.9246
2026-05-09T17:26:17.249,2.6350,0.0800,36.8531
2026-05-09T17:26:17.263,2.6292,0.0800,36.7894
2026-05-09T17:26:17.277,2.6229,0.0800,36.7222
2026-05-09T17:26:17.291,2.6163,0.0800,36.6569
2026-05-09T17:26:17.304,2.6089,0.0800,36.5862
2026-05-09T17:26:17.319,2.6015,0.0800,36.5195
2026-05-09T17:26:17.333,2.5941,0.0800,36.4549
2026-05-09T17:26:17.346,2.5858,0.0800,36.3858
2026-05-09T17:26:17.360,2.5774,0.0800,36.3187
2026-05-09T17:26:17.374,2.5691,0.0800,36.2550
2026-05-09T17:26:17.388,2.5599,0.0800,36.1870
2026-05-09T17:26:17.402,2.5505,0.0800,36.1202
2026-05-09T17:26:17.416,2.5403,0.0800,36.0494
2026-05-09T17:26:17.430,2.5307,0.0800,35.9859
2026-05-09T17:26:17.444,2.5196,0.0800,35.9140
2026-05-09T17:26:17.458,2.5095,0.0800,35.8518
2026-05-09T17:26:17.471,2.4988,0.0800,35.7867
2026-05-09T17:26:17.486,2.4874,0.0800,35.7202
2026-05-09T17:26:17.499,2.4763,0.0800,35.6575
2026-05-09T17:26:17.513,2.4636,0.0800,35.5872
2026-05-09T17:26:17.527,2.4518,0.0800,35.5243
2026-05-09T17:26:17.540,2.4388,0.0800,35.4574
2026-05-09T17:26:17.555,2.4259,0.0800,35.3928
2026-05-09T17:26:17.569,2.4132,0.0800,35.3308
2026-05-09T17:26:17.582,2.3974,0.0800,35.2557
2026-05-09T17:26:17.597,2.3840,0.0800,35.1937
2026-05-09T17:26:17.610,2.3696,0.0800,35.1288
2026-05-09T17:26:17.625,2.3543,0.0800,35.0613
2026-05-09T17:26:17.638,2.3391,0.0800,34.9961
2026-05-09T17:26:17.652,2.3234,0.0800,34.9298
2026-05-09T17:26:17.666,2.3077,0.0800,34.8649
2026-05-09T17:26:17.679,2.2914,0.0800,34.7971
2026-05-09T17:26:17.694,2.2754,0.0800,34.7302
2026-05-09T17:26:17.708,2.2624,0.0800,34.6739
2026-05-09T17:26:17.722,2.2476,0.0800,34.6073
2026-05-09T17:26:17.736,2.2345,0.0800,34.5458
2026-05-09T17:26:17.750,2.2221,0.0800,34.4835
2026-05-09T17:26:17.763,2.2114,0.0800,34.4265
2026-05-09T17:26:17.777,2.2012,0.0800,34.3691
2026-05-09T17:26:17.792,2.1919,0.0800,34.3123
2026-05-09T17:26:17.805,2.1835,0.0800,34.2561
2026-05-09T17:26:17.818,2.1749,0.0800,34.1941
2026-05-09T17:26:17.833,2.1681,0.0800,34.1412
2026-05-09T17:26:17.847,2.1616,0.0800,34.0834
2026-05-09T17:26:17.861,2.1555,0.0800,34.0231
2026-05-09T17:26:17.947,2.1504,0.0800,33.9663
2026-05-09T17:26:17.986,2.1462,0.0800,33.9098
2026-05-09T17:26:17.995,2.1381,0.0800,33.7849
2026-05-09T17:26:18.580,2.1381,0.0800,33.7927
2026-05-09T17:26:18.594,2.1390,0.0800,33.8381
2026-05-09T17:26:18.607,2.1389,0.0800,33.8916
2026-05-09T17:26:18.621,2.1379,0.0800,33.9458
2026-05-09T17:26:18.635,2.1356,0.0800,34.0034
2026-05-09T17:26:18.649,2.1331,0.0800,34.0592
2026-05-09T17:26:18.662,2.1298,0.0800,34.1162
2026-05-09T17:26:18.677,2.1251,0.0800,34.1753
2026-05-09T17:26:18.691,2.1207,0.0800,34.2291
2026-05-09T17:26:18.704,2.1146,0.0800,34.2931
2026-05-09T17:26:18.718,2.1083,0.0800,34.3510
2026-05-09T17:26:18.732,2.1014,0.0800,34.4038
2026-05-09T17:26:18.746,2.0938,0.0800,34.4604
2026-05-09T17:26:18.760,2.0852,0.0800,34.5198
2026-05-09T17:26:18.774,2.0748,0.0800,34.5818
2026-05-09T17:26:18.788,2.0654,0.0800,34.6361
2026-05-09T17:26:18.802,2.0550,0.0800,34.6922
2026-05-09T17:26:18.816,2.0417,0.0800,34.7571
2026-05-09T17:26:18.830,2.0309,0.0800,34.8082
2026-05-09T17:26:18.843,2.0182,0.0800,34.8652
2026-05-09T17:26:18.857,2.0064,0.0800,34.9153
2026-05-09T17:26:18.870,1.9941,0.0800,34.9624
2026-05-09T17:26:18.885,1.9841,0.0800,35.0010
2026-05-09T17:26:18.899,1.9764,0.0800,35.0294
2026-05-09T17:26:18.913,1.9712,0.0800,35.0463
2026-05-09T17:26:18.926,1.9699,0.0800,35.0527
2026-05-09T17:26:18.940,1.9712,0.0800,35.0518
2026-05-09T17:26:18.954,1.9756,0.0800,35.0406
2026-05-09T17:26:18.969,1.9846,0.0800,35.0214
2026-05-09T17:26:18.982,1.9959,0.0800,34.9983
2026-05-09T17:26:18.997,2.0058,0.0800,34.9773
2026-05-09T17:26:19.011,2.0170,0.0800,34.9567
2026-05-09T17:26:19.025,2.0296,0.0800,34.9345
2026-05-09T17:26:19.037,2.0427,0.0800,34.9127
2026-05-09T17:26:19.052,2.0543,0.0800,34.8927
2026-05-09T17:26:19.066,2.0666,0.0800,34.8739
2026-05-09T17:26:19.079,2.0818,0.0800,34.8518
2026-05-09T17:26:19.093,2.0939,0.0800,34.8335
2026-05-09T17:26:19.108,2.1082,0.0800,34.8143
2026-05-09T17:26:19.121,2.1229,0.0800,34.7954
2026-05-09T17:26:19.136,2.1379,0.0800,34.7758
2026-05-09T17:26:19.150,2.1543,0.0800,34.7566
2026-05-09T17:26:19.164,2.1706,0.0800,34.7382
2026-05-09T17:26:19.177,2.1872,0.0800,34.7203
2026-05-09T17:26:19.192,2.2033,0.0800,34.7026
2026-05-09T17:26:19.205,2.2205,0.0800,34.6855
2026-05-09T17:26:19.219,2.2386,0.0800,34.6683
2026-05-09T17:26:19.234,2.2554,0.0800,34.6521
2026-05-09T17:26:19.247,2.2734,0.0800,34.6364
2026-05-09T17:26:19.261,2.2926,0.0800,34.6203
2026-05-09T17:26:19.275,2.3100,0.0800,34.6053
2026-05-09T17:26:19.289,2.3291,0.0800,34.5906
2026-05-09T17:26:19.304,2.3489,0.0800,34.5759
2026-05-09T17:26:19.317,2.3701,0.0800,34.5608
2026-05-09T17:26:19.331,2.3888,0.0800,34.5473
2026-05-09T17:26:19.345,2.4095,0.0800,34.5338
2026-05-09T17:26:19.359,2.4304,0.0800,34.5208
2026-05-09T17:26:19.373,2.4503,0.0800,34.5083
2026-05-09T17:26:19.387,2.4706,0.0800,34.4969
2026-05-09T17:26:19.400,2.4927,0.0800,34.4850
2026-05-09T17:26:19.415,2.5148,0.0800,34.4731
2026-05-09T17:26:19.428,2.5345,0.0800,34.4636
2026-05-09T17:26:19.442,2.5577,0.0800,34.4530
2026-05-09T17:26:19.457,2.5783,0.0800,34.4434
2026-05-09T17:26:19.471,2.6010,0.0800,34.4342
2026-05-09T17:26:19.485,2.6264,0.0800,34.4246
2026-05-09T17:26:19.498,2.6490,0.0800,34.4166
2026-05-09T17:26:19.512,2.6704,0.0800,34.4088
2026-05-09T17:26:19.526,2.6930,0.0800,34.4018
2026-05-09T17:26:19.540,2.7160,0.0800,34.3952
2026-05-09T17:26:19.554,2.7371,0.0800,34.3890
2026-05-09T17:26:19.568,2.7589,0.0800,34.3838
2026-05-09T17:26:19.582,2.7832,0.0800,34.3785
2026-05-09T17:26:19.596,2.8030,0.0800,34.3740
2026-05-09T17:26:19.610,2.8240,0.0800,34.3704
2026-05-09T17:26:19.624,2.8462,0.0800,34.3671
2026-05-09T17:26:19.637,2.8699,0.0800,34.3641
2026-05-09T17:26:19.652,2.8904,0.0800,34.3612
2026-05-09T17:26:19.666,2.9113,0.0800,34.3595
2026-05-09T17:26:19.679,2.9356,0.0800,34.3580
2026-05-09T17:26:19.694,2.9566,0.0800,34.3564
2026-05-09T17:26:19.708,2.9777,0.0800,34.3561
2026-05-09T17:26:19.722,3.0007,0.0800,34.3561
2026-05-09T17:26:19.735,3.0209,0.0800,34.3559
2026-05-09T17:26:19.750,3.0447,0.0800,34.3570
2026-05-09T17:26:19.763,3.0658,0.0800,34.3585
2026-05-09T17:26:19.777,3.0886,0.0800,34.3606
2026-05-09T17:26:19.791,3.1089,0.0800,34.3621
2026-05-09T17:26:19.805,3.1308,0.0800,34.3651
2026-05-09T17:26:19.819,3.1530,0.0800,34.3686
2026-05-09T17:26:19.833,3.1731,0.0800,34.3715
2026-05-09T17:26:19.847,3.1957,0.0800,34.3761
2026-05-09T17:26:19.861,3.2173,0.0800,34.3810
2026-05-09T17:26:19.874,3.2380,0.0800,34.3855
2026-05-09T17:26:19.888,3.2593,0.0800,34.3913
2026-05-09T17:26:19.902,3.2797,0.0800,34.3974
2026-05-09T17:26:19.916,3.3008,0.0800,34.4034
2026-05-09T17:26:19.930,3.3206,0.0800,34.4102
2026-05-09T17:26:19.943,3.3433,0.0800,34.4185
2026-05-09T17:26:19.958,3.3617,0.0800,34.4250
2026-05-09T17:26:19.972,3.3759,0.0800,34.4331
2026-05-09T17:26:19.985,3.3767,0.0800,34.4429
2026-05-09T17:26:19.999,3.3775,0.0800,34.4523
2026-05-09T17:26:20.013,3.3778,0.0800,34.4609
2026-05-09T17:26:20.027,3.3784,0.0800,34.4705
2026-05-09T17:26:20.041,3.3792,0.0800,34.4820
2026-05-09T17:26:20.055,3.3799,0.0800,34.4913
2026-05-09T17:26:20.069,3.3806,0.0800,34.5027
2026-05-09T17:26:20.082,3.3815,0.0800,34.5149
2026-05-09T17:26:20.097,3.3823,0.0800,34.5253
2026-05-09T17:26:20.110,3.3831,0.0800,34.5375
2026-05-09T17:26:20.124,3.3840,0.0800,34.5511
2026-05-09T17:26:20.137,3.3850,0.0800,34.5649
2026-05-09T17:26:20.151,3.3859,0.0800,34.5768
2026-05-09T17:26:20.165,3.3868,0.0800,34.5901
2026-05-09T17:26:20.179,3.3878,0.0800,34.6041
2026-05-09T17:26:20.193,3.3889,0.0800,34.6180
2026-05-09T17:26:20.207,3.3899,0.0800,34.6329
2026-05-09T17:26:20.221,3.3911,0.0800,34.6490
2026-05-09T17:26:20.235,3.3922,0.0800,34.6627
2026-05-09T17:26:20.248,3.3933,0.0800,34.6791
2026-05-09T17:26:20.262,3.3945,0.0800,34.6955
2026-05-09T17:26:20.276,3.3958,0.0800,34.7110
2026-05-09T17:26:20.291,3.3970,0.0800,34.7268
2026-05-09T17:26:20.304,3.3982,0.0800,34.7450
2026-05-09T17:26:20.318,3.3995,0.0800,34.7636
2026-05-09T17:26:20.331,3.4009,0.0800,34.7802
2026-05-09T17:26:20.345,3.4023,0.0800,34.7979
2026-05-09T17:26:20.359,3.4036,0.0800,34.8155
2026-05-09T17:26:20.373,3.4049,0.0800,34.8328
2026-05-09T17:26:20.387,3.4063,0.0800,34.8526
2026-05-09T17:26:20.401,3.4077,0.0800,34.8711
2026-05-09T17:26:20.415,3.4091,0.0800,34.8910
2026-05-09T17:26:20.429,3.4106,0.0800,34.9087
2026-05-09T17:26:20.443,3.4119,0.0800,34.9309
2026-05-09T17:26:20.457,3.4135,0.0800,34.9490
2026-05-09T17:26:20.471,3.4149,0.0800,34.9691
2026-05-09T17:26:20.485,3.4163,0.0800,34.9918
2026-05-09T17:26:20.498,3.4180,0.0800,35.0124
2026-05-09T17:26:20.512,3.4194,0.0800,35.0340
2026-05-09T17:26:20.526,3.4211,0.0800,35.0544
2026-05-09T17:26:20.540,3.4224,0.0800,35.0783
2026-05-09T17:26:20.554,3.4241,0.0800,35.0997
2026-05-09T17:26:20.568,3.4257,0.0800,35.1222
2026-05-09T17:26:20.581,3.4272,0.0800,35.1463
2026-05-09T17:26:20.596,3.4288,0.0800,35.1679
2026-05-09T17:26:20.609,3.4305,0.0800,35.1919
2026-05-09T17:26:20.622,3.4319,0.0800,35.2168
2026-05-09T17:26:20.636,3.4336,0.0800,35.2394
2026-05-09T17:26:20.651,3.4350,0.0800,35.2650
2026-05-09T17:26:20.665,3.4365,0.0800,35.2965
2026-05-09T17:26:20.678,3.4380,0.0800,35.3322
2026-05-09T17:26:20.692,3.4397,0.0800,35.3655
2026-05-09T17:26:20.705,3.4411,0.0800,35.4099
2026-05-09T17:26:20.719,3.4425,0.0800,35.4586
2026-05-09T17:26:20.733,3.4439,0.0800,35.5116
2026-05-09T17:26:20.747,3.4448,0.0800,35.5771
2026-05-09T17:26:20.761,3.4457,0.0800,35.6402
2026-05-09T17:26:20.775,3.4464,0.0800,35.7073
2026-05-09T17:26:20.789,3.4471,0.0800,35.7759
2026-05-09T17:26:20.802,3.4471,0.0800,35.8430
2026-05-09T17:26:20.816,3.4471,0.0800,35.9158
2026-05-09T17:26:20.831,3.4471,0.0800,35.9791
2026-05-09T17:26:20.844,3.4472,0.0800,36.0515
2026-05-09T17:26:20.858,3.4472,0.0800,36.1213
2026-05-09T17:26:20.871,3.4472,0.0800,36.1875
2026-05-09T17:26:20.998,3.4472,0.0800,36.2557
2026-05-09T17:26:21.012,3.4472,0.0800,36.8735
2026-05-09T17:26:21.188,3.4472,0.0800,36.9558
2026-05-09T17:26:21.198,3.4433,0.0800,37.7944
2026-05-09T17:26:21.217,3.4396,0.0800,37.8390
2026-05-09T17:26:21.252,3.4340,0.0800,37.9035
2026-05-09T17:26:21.286,3.4288,0.0800,37.9555
2026-05-09T17:26:21.304,3.4119,0.0800,38.1091
2026-05-09T17:26:21.319,3.3845,0.0800,38.3083
2026-05-09T17:26:21.332,3.3729,0.0800,38.3770
2026-05-09T17:26:21.346,3.3626,0.0800,38.4361
2026-05-09T17:26:21.372,3.3507,0.0800,38.4993
2026-05-09T17:26:21.387,3.3275,0.0800,38.6169
2026-05-09T17:26:21.407,3.3133,0.0800,38.6830
2026-05-09T17:26:21.426,3.2997,0.0800,38.7432
2026-05-09T17:26:21.438,3.2863,0.0800,38.8014
2026-05-09T17:26:21.450,3.2659,0.0800,38.8848
2026-05-09T17:26:21.462,3.2516,0.0800,38.9403
2026-05-09T17:26:21.474,3.2363,0.0800,38.9976
2026-05-09T17:26:21.487,3.2201,0.0800,39.0575
2026-05-09T17:26:21.500,3.2018,0.0800,39.1217
2026-05-09T17:26:21.514,3.1842,0.0800,39.1817
2026-05-09T17:26:21.531,3.1633,0.0800,39.2518
2026-05-09T17:26:21.544,3.1387,0.0800,39.3325
2026-05-09T17:26:21.559,3.1197,0.0800,39.3950
2026-05-09T17:26:21.573,3.1005,0.0800,39.4581
2026-05-09T17:26:21.587,3.0828,0.0800,39.5166
2026-05-09T17:26:21.600,3.0642,0.0800,39.5779
2026-05-09T17:26:21.612,3.0438,0.0800,39.6452
2026-05-09T17:26:21.625,3.0236,0.0800,39.7116
2026-05-09T17:26:21.638,3.0038,0.0800,39.7768
2026-05-09T17:26:21.653,2.9849,0.0800,39.8391
2026-05-09T17:26:21.666,2.9640,0.0800,39.9081
2026-05-09T17:26:21.680,2.9449,0.0800,39.9711
2026-05-09T17:26:21.694,2.9252,0.0800,40.0360
2026-05-09T17:26:21.708,2.9051,0.0800,40.1022
2026-05-09T17:26:21.722,2.8842,0.0800,40.1712
2026-05-09T17:26:21.736,2.8647,0.0800,40.2353
2026-05-09T17:26:21.749,2.8453,0.0800,40.2994
2026-05-09T17:26:21.764,2.8256,0.0800,40.3647
2026-05-09T17:26:21.782,2.8057,0.0800,40.4309
2026-05-09T17:26:21.795,2.7876,0.0800,40.4927
2026-05-09T17:26:21.810,2.7679,0.0800,40.5604
2026-05-09T17:26:21.832,2.7510,0.0800,40.6206
2026-05-09T17:26:21.847,2.7327,0.0800,40.6875
2026-05-09T17:26:21.860,2.7146,0.0800,40.7560
2026-05-09T17:26:21.879,2.6999,0.0800,40.8132
2026-05-09T17:26:21.895,2.6884,0.0800,40.8605
2026-05-09T17:26:21.909,2.6702,0.0800,40.9382
2026-05-09T17:26:21.923,2.6555,0.0800,41.0046
2026-05-09T17:26:21.935,2.6448,0.0800,41.0567
2026-05-09T17:26:21.951,2.6350,0.0800,41.1054
2026-05-09T17:26:21.964,2.6275,0.0800,41.1483
2026-05-09T17:26:21.978,2.6196,0.0800,41.1976
2026-05-09T17:26:21.992,2.6132,0.0800,41.2395
2026-05-09T17:26:22.007,2.6076,0.0800,41.2847
2026-05-09T17:26:22.020,2.6032,0.0800,41.3260
2026-05-09T17:26:22.035,2.5983,0.0800,41.3752
2026-05-09T17:26:22.049,2.5952,0.0800,41.4178
2026-05-09T17:26:22.063,2.5927,0.0800,41.4647
2026-05-09T17:26:22.076,2.5911,0.0800,41.5079
2026-05-09T17:26:22.091,2.5899,0.0800,41.5378
2026-05-09T17:26:22.105,2.5896,0.0800,41.5549
2026-05-09T17:26:22.119,2.5894,0.0800,41.5611
2026-05-09T17:26:22.133,2.5894,0.0800,41.5653
2026-05-09T17:26:22.147,2.5893,0.0800,41.5690
2026-05-09T17:26:22.160,2.5893,0.0800,41.5704
2026-05-09T17:26:27.124,2.4498,0.0800,42.4540
2026-05-09T17:26:27.137,2.4435,0.0800,42.5248
2026-05-09T17:26:27.152,2.4411,0.0800,42.5503
2026-05-09T17:26:34.278,2.4424,0.0800,42.5521
2026-05-09T17:26:34.292,2.4448,0.0800,42.5554
2026-05-09T17:26:34.305,2.4493,0.0800,42.5612
2026-05-09T17:26:34.319,2.4568,0.0800,42.5713
2026-05-09T17:26:34.335,2.4666,0.0800,42.5851
2026-05-09T17:26:34.347,2.4838,0.0800,42.6096
2026-05-09T17:26:34.362,2.4987,0.0800,42.6323
2026-05-09T17:26:34.375,2.5106,0.0800,42.6523
2026-05-09T17:26:34.390,2.5247,0.0800,42.6762
2026-05-09T17:26:34.403,2.5374,0.0800,42.6989
2026-05-09T17:26:34.417,2.5509,0.0800,42.7244
2026-05-09T17:26:34.431,2.5612,0.0800,42.7465
2026-05-09T17:26:34.445,2.5729,0.0800,42.7716
2026-05-09T17:26:34.459,2.5833,0.0800,42.7956
2026-05-09T17:26:34.473,2.5926,0.0800,42.8198
2026-05-09T17:26:34.487,2.6015,0.0800,42.8435
2026-05-09T17:26:34.501,2.6104,0.0800,42.8690
2026-05-09T17:26:34.515,2.6178,0.0800,42.8936
2026-05-09T17:26:34.529,2.6250,0.0800,42.9185
2026-05-09T17:26:34.543,2.6318,0.0800,42.9443
2026-05-09T17:26:34.556,2.6379,0.0800,42.9707
2026-05-09T17:26:34.570,2.6427,0.0800,42.9956
2026-05-09T17:26:34.585,2.6470,0.0800,43.0200
2026-05-09T17:26:34.598,2.6508,0.0800,43.0456
2026-05-09T17:26:34.612,2.6540,0.0800,43.0734
2026-05-09T17:26:34.626,2.6561,0.0800,43.0963
2026-05-09T17:26:34.639,2.6579,0.0800,43.1223
2026-05-09T17:26:34.654,2.6587,0.0800,43.1478
2026-05-09T17:26:34.668,2.6591,0.0800,43.1740
2026-05-09T17:26:34.681,2.6591,0.0800,43.1763
2026-05-09T17:26:34.751,2.6590,0.0800,43.1779
2026-05-09T17:26:34.765,2.6589,0.0800,43.1823
2026-05-09T17:26:34.778,2.6579,0.0800,43.2027
2026-05-09T17:26:34.793,2.6565,0.0800,43.2238
2026-05-09T17:26:34.807,2.6544,0.0800,43.2470
2026-05-09T17:26:34.820,2.6517,0.0800,43.2696
2026-05-09T17:26:34.834,2.6486,0.0800,43.2926
2026-05-09T17:26:34.848,2.6447,0.0800,43.3157
2026-05-09T17:26:34.862,2.6406,0.0800,43.3363
2026-05-09T17:26:34.875,2.6358,0.0800,43.3589
2026-05-09T17:26:34.890,2.6304,0.0800,43.3810
2026-05-09T17:26:34.903,2.6243,0.0800,43.4034
2026-05-09T17:26:34.917,2.6178,0.0800,43.4251
2026-05-09T17:26:34.931,2.6112,0.0800,43.4463
2026-05-09T17:26:34.945,2.6018,0.0800,43.4734
2026-05-09T17:26:34.958,2.5988,0.0800,43.4814
2026-05-09T17:26:34.973,2.5989,0.0800,43.4814
2026-05-09T17:26:35.403,2.5981,0.0800,43.4833
2026-05-09T17:26:35.417,2.5972,0.0800,43.4855
2026-05-09T17:26:35.431,2.5896,0.0800,43.5035
2026-05-09T17:26:35.446,2.5817,0.0800,43.5226
2026-05-09T17:26:35.459,2.5552,0.0800,43.5862
2026-05-09T17:26:35.473,2.5286,0.0800,43.6507
2026-05-09T17:26:35.487,2.5058,0.0800,43.7077
2026-05-09T17:26:35.501,2.4806,0.0800,43.7721
2026-05-09T17:26:35.515,2.4561,0.0800,43.8353
2026-05-09T17:26:35.529,2.4334,0.0800,43.8960
2026-05-09T17:26:35.542,2.4103,0.0800,43.9592
2026-05-09T17:26:35.557,2.3884,0.0800,44.0200
2026-05-09T17:26:35.570,2.3673,0.0800,44.0808
2026-05-09T17:26:35.584,2.3446,0.0800,44.1481
2026-05-09T17:26:35.597,2.3250,0.0800,44.2076
2026-05-09T17:26:35.612,2.3037,0.0800,44.2735
2026-05-09T17:26:35.625,2.2866,0.0800,44.3289
2026-05-09T17:26:35.639,2.2658,0.0800,44.3975
2026-05-09T17:26:35.653,2.2483,0.0800,44.4568
2026-05-09T17:26:35.667,2.2311,0.0800,44.5179
2026-05-09T17:26:35.681,2.2155,0.0800,44.5761
2026-05-09T17:26:35.696,2.2014,0.0800,44.6300
2026-05-09T17:26:35.709,2.1945,0.0800,44.6604
2026-05-09T17:26:35.723,2.1873,0.0800,44.6953
2026-05-09T17:26:35.736,2.1847,0.0800,44.7116
2026-05-09T17:26:35.751,2.1816,0.0800,44.7282
2026-05-09T17:26:35.763,2.1814,0.0800,44.7341
2026-05-09T17:26:35.777,2.1812,0.0800,44.7415
2026-05-09T17:26:35.791,2.1810,0.0800,44.7416
2026-05-09T17:26:35.806,2.1819,0.0800,44.7408
2026-05-09T17:26:35.819,2.1828,0.0800,44.7331
2026-05-09T17:26:35.834,2.1832,0.0800,44.7258
2026-05-09T17:26:36.128,2.1885,0.0800,44.6039
2026-05-09T17:26:36.141,2.1910,0.0800,44.5565
2026-05-09T17:26:36.154,2.1927,0.0800,44.5118
2026-05-09T17:26:36.168,2.1928,0.0800,44.4887
2026-05-09T17:26:36.184,2.1937,0.0800,44.4416
2026-05-09T17:26:36.196,2.1940,0.0800,44.3699
2026-05-09T17:26:36.211,2.1925,0.0800,44.3175
2026-05-09T17:26:36.224,2.1910,0.0800,44.2687
2026-05-09T17:26:36.239,2.1887,0.0800,44.2177
2026-05-09T17:26:36.251,2.1853,0.0800,44.1621
2026-05-09T17:26:36.266,2.1811,0.0800,44.1134
2026-05-09T17:26:36.279,2.1762,0.0800,44.0590
2026-05-09T17:26:36.294,2.1710,0.0800,44.0104
2026-05-09T17:26:36.304,2.1642,0.0800,43.9584
2026-05-09T17:26:36.321,2.1576,0.0800,43.9099
2026-05-09T17:26:36.332,2.1499,0.0800,43.8589
2026-05-09T17:26:36.349,2.1412,0.0800,43.8101
2026-05-09T17:26:36.362,2.1319,0.0800,43.7595
2026-05-09T17:26:36.377,2.1221,0.0800,43.7105
2026-05-09T17:26:36.391,2.1120,0.0800,43.6657
2026-05-09T17:26:36.406,2.1010,0.0800,43.6182
2026-05-09T17:26:36.420,2.0893,0.0800,43.5711
2026-05-09T17:26:36.434,2.0771,0.0800,43.5252
2026-05-09T17:26:36.448,2.0644,0.0800,43.4819
2026-05-09T17:26:36.463,2.0514,0.0800,43.4389
2026-05-09T17:26:36.475,2.0376,0.0800,43.3955
2026-05-09T17:26:36.490,2.0239,0.0800,43.3568
2026-05-09T17:26:36.504,2.0086,0.0800,43.3140
2026-05-09T17:26:36.518,1.9944,0.0800,43.2764
2026-05-09T17:26:36.533,1.9783,0.0800,43.2369
2026-05-09T17:26:36.547,1.9613,0.0800,43.1962
2026-05-09T17:26:36.560,1.9468,0.0800,43.1634
2026-05-09T17:26:36.574,1.9305,0.0800,43.1291
2026-05-09T17:26:36.589,1.9155,0.0800,43.0977
2026-05-09T17:26:36.604,1.8997,0.0800,43.0665
2026-05-09T17:26:36.637,1.8876,0.0800,43.0432
2026-05-09T17:26:36.657,1.8903,0.0800,43.0479
2026-05-09T17:26:36.668,1.9418,0.0800,43.1309
2026-05-09T17:26:36.681,1.9751,0.0800,43.1799
2026-05-09T17:26:36.698,1.9926,0.0800,43.2054
2026-05-09T17:26:36.711,2.0280,0.0800,43.2539
2026-05-09T17:26:36.725,2.0748,0.0800,43.3169
2026-05-09T17:26:36.740,2.1146,0.0800,43.3697
2026-05-09T17:26:36.753,2.1540,0.0800,43.4218
2026-05-09T17:26:36.767,2.2003,0.0800,43.4819
2026-05-09T17:26:36.781,2.2404,0.0800,43.5332
2026-05-09T17:26:36.795,2.2807,0.0800,43.5845
2026-05-09T17:26:36.809,2.3208,0.0800,43.6347
2026-05-09T17:26:36.824,2.3635,0.0800,43.6875
2026-05-09T17:26:36.837,2.4054,0.0800,43.7384
2026-05-09T17:26:36.852,2.4485,0.0800,43.7902
2026-05-09T17:26:36.865,2.4850,0.0800,43.8331
2026-05-09T17:26:36.878,2.5281,0.0800,43.8826
2026-05-09T17:26:36.892,2.5651,0.0800,43.9244
2026-05-09T17:26:36.908,2.6021,0.0800,43.9648
2026-05-09T17:26:36.921,2.6405,0.0800,44.0059
2026-05-09T17:26:36.935,2.6834,0.0800,44.0510
2026-05-09T17:26:36.949,2.7212,0.0800,44.0893
2026-05-09T17:26:36.963,2.7619,0.0800,44.1296
2026-05-09T17:26:36.976,2.7946,0.0800,44.1612
2026-05-09T17:26:36.991,2.8287,0.0800,44.1930
2026-05-09T17:26:37.004,2.8547,0.0800,44.2164
2026-05-09T17:26:37.018,2.8838,0.0800,44.2415
2026-05-09T17:26:37.032,2.9046,0.0800,44.2592
2026-05-09T17:26:37.046,2.9286,0.0800,44.2783
2026-05-09T17:26:37.059,2.9441,0.0800,44.2900
2026-05-09T17:26:37.074,2.9622,0.0800,44.3035
2026-05-09T17:26:37.087,2.9753,0.0800,44.3125
2026-05-09T17:26:37.102,2.9907,0.0800,44.3227
2026-05-09T17:26:37.115,3.0055,0.0800,44.3324
2026-05-09T17:26:37.129,3.0204,0.0800,44.3413
2026-05-09T17:26:37.143,3.0352,0.0800,44.3498
2026-05-09T17:26:37.158,3.0507,0.0800,44.3585
2026-05-09T17:26:37.172,3.0660,0.0800,44.3664
2026-05-09T17:26:37.186,3.0818,0.0800,44.3741
2026-05-09T17:26:37.199,3.0976,0.0800,44.3814
2026-05-09T17:26:37.213,3.1148,0.0800,44.3892
2026-05-09T17:26:37.227,3.1287,0.0800,44.3949
2026-05-09T17:26:37.241,3.1448,0.0800,44.4011
2026-05-09T17:26:37.255,3.1607,0.0800,44.4071
2026-05-09T17:26:37.269,3.1767,0.0800,44.4126
2026-05-09T17:26:37.282,3.1945,0.0800,44.4183
2026-05-09T17:26:37.297,3.2101,0.0800,44.4228
2026-05-09T17:26:37.310,3.2254,0.0800,44.4272
2026-05-09T17:26:37.325,3.2428,0.0800,44.4316
2026-05-09T17:26:37.338,3.2593,0.0800,44.4354
2026-05-09T17:26:37.353,3.2769,0.0800,44.4392
2026-05-09T17:26:37.366,3.2932,0.0800,44.4423
2026-05-09T17:26:37.379,3.3118,0.0800,44.4453
2026-05-09T17:26:37.394,3.3271,0.0800,44.4477
2026-05-09T17:26:37.408,3.3433,0.0800,44.4497
2026-05-09T17:26:37.422,3.3605,0.0800,44.4514
2026-05-09T17:26:37.436,3.3784,0.0800,44.4530
2026-05-09T17:26:37.450,3.3961,0.0800,44.4541
2026-05-09T17:26:37.464,3.4147,0.0800,44.4547
2026-05-09T17:26:37.476,3.4342,0.0800,44.4551
2026-05-09T17:26:37.492,3.4552,0.0800,44.4552
2026-05-09T17:26:37.505,3.4762,0.0800,44.4547
2026-05-09T17:26:37.520,3.5098,0.0800,44.4534
2026-05-09T17:26:37.533,3.5474,0.0800,44.4513
2026-05-09T17:26:37.547,3.5916,0.0800,44.4479
2026-05-09T17:26:37.560,3.6392,0.0800,44.4434
2026-05-09T17:26:37.575,3.7029,0.0800,44.4367
2026-05-09T17:26:37.589,3.7691,0.0800,44.4293
2026-05-09T17:26:37.602,3.8422,0.0800,44.4210
2026-05-09T17:26:37.616,3.9124,0.0800,44.4131
2026-05-09T17:26:37.631,3.9777,0.0800,44.4058
2026-05-09T17:26:37.644,4.0435,0.0800,44.3985
2026-05-09T17:26:37.658,4.1152,0.0800,44.3908
2026-05-09T17:26:37.672,4.1787,0.0800,44.3843
2026-05-09T17:26:37.687,4.2479,0.0800,44.3777
2026-05-09T17:26:37.699,4.3152,0.0800,44.3715
2026-05-09T17:26:37.714,4.3878,0.0800,44.3654
2026-05-09T17:26:37.727,4.4417,0.0800,44.3612
2026-05-09T17:26:37.741,4.5108,0.0800,44.3564
2026-05-09T17:26:37.756,4.5666,0.0800,44.3531
2026-05-09T17:26:37.770,4.6282,0.0800,44.3499
2026-05-09T17:26:37.783,4.6993,0.0800,44.3470
2026-05-09T17:26:37.796,4.7611,0.0800,44.3451
2026-05-09T17:26:37.811,4.8123,0.0800,44.3440
2026-05-09T17:26:37.825,4.8677,0.0800,44.3435
2026-05-09T17:26:37.838,4.9284,0.0800,44.3437
2026-05-09T17:26:37.853,4.9849,0.0800,44.3446
2026-05-09T17:26:37.867,5.0397,0.0800,44.3463
2026-05-09T17:26:37.881,5.1108,0.0800,44.3492
2026-05-09T17:26:37.895,5.1512,0.0800,44.3514
2026-05-09T17:26:37.911,5.1851,0.0800,44.3534
2026-05-09T17:26:37.923,5.1985,0.0800,44.3542
2026-05-09T17:26:37.934,5.2017,0.0800,44.3544
2026-05-09T17:26:37.948,5.2081,0.0800,44.3548
2026-05-09T17:26:37.962,5.2129,0.0800,44.3551
2026-05-09T17:26:37.976,5.2206,0.0800,44.3556
2026-05-09T17:26:37.990,5.2355,0.0800,44.3565
2026-05-09T17:26:38.004,5.2569,0.0800,44.3578
2026-05-09T17:26:38.017,5.2872,0.0800,44.3595
2026-05-09T17:26:38.032,5.3231,0.0800,44.3611
2026-05-09T17:26:38.045,5.3660,0.0800,44.3624
2026-05-09T17:26:38.060,5.4103,0.0800,44.3630
2026-05-09T17:26:38.074,5.4554,0.0800,44.3630
2026-05-09T17:26:38.088,5.5015,0.0800,44.3622
2026-05-09T17:26:38.101,5.5489,0.0800,44.3606
2026-05-09T17:26:38.115,5.5945,0.0800,44.3583
2026-05-09T17:26:38.129,5.6357,0.0800,44.3555
2026-05-09T17:26:38.143,5.6825,0.0800,44.3517
2026-05-09T17:26:38.157,5.7291,0.0800,44.3470
2026-05-09T17:26:38.170,5.7765,0.0800,44.3414
2026-05-09T17:26:38.184,5.8279,0.0800,44.3345
2026-05-09T17:26:38.197,5.8751,0.0800,44.3273
2026-05-09T17:26:38.211,5.9325,0.0800,44.3176
2026-05-09T17:26:38.225,5.9791,0.0800,44.3090
2026-05-09T17:26:38.238,6.0372,0.0800,44.2975
2026-05-09T17:26:38.252,6.0881,0.0800,44.2868
2026-05-09T17:26:38.266,6.1451,0.0800,44.2740
2026-05-09T17:26:38.279,6.2168,0.0800,44.2572
2026-05-09T17:26:38.294,6.2723,0.0800,44.2436
2026-05-09T17:26:38.307,6.3356,0.0800,44.2277
2026-05-09T17:26:38.321,6.4020,0.0800,44.2107
2026-05-09T17:26:38.335,6.4668,0.0800,44.1941
2026-05-09T17:26:38.350,6.5377,0.0800,44.1760
2026-05-09T17:26:38.364,6.6017,0.0800,44.1597
2026-05-09T17:26:38.378,6.6727,0.0800,44.1417
2026-05-09T17:26:38.392,6.7410,0.0800,44.1244
2026-05-09T17:26:38.406,6.8055,0.0800,44.1081
2026-05-09T17:26:38.420,6.8763,0.0800,44.0903
2026-05-09T17:26:38.435,6.9424,0.0800,44.0737
2026-05-09T17:26:38.449,7.0087,0.0800,44.0695
2026-05-09T17:26:38.463,7.0766,0.0800,44.0694
2026-05-09T17:26:38.476,7.1451,0.0800,44.0694
2026-05-09T17:26:38.491,7.2139,0.0800,44.0694
2026-05-09T17:26:38.505,7.2797,0.0800,44.0694
2026-05-09T17:26:38.518,7.3516,0.0800,44.0693
2026-05-09T17:26:38.533,7.4152,0.0800,44.0693
2026-05-09T17:26:38.545,7.4821,0.0800,44.0689
2026-05-09T17:26:38.560,7.5423,0.0800,44.0683
2026-05-09T17:26:38.574,7.5992,0.0800,44.0677
2026-05-09T17:26:38.588,7.6633,0.0800,44.0670
2026-05-09T17:26:38.602,7.7205,0.0800,44.0661
2026-05-09T17:26:38.616,7.7796,0.0800,44.0651
2026-05-09T17:26:38.630,7.8321,0.0800,44.0641
2026-05-09T17:26:38.643,7.8858,0.0800,44.0631
2026-05-09T17:26:38.657,7.9362,0.0800,44.0619
2026-05-09T17:26:38.672,7.9844,0.0800,44.0608
2026-05-09T17:26:38.686,8.0353,0.0800,44.0597
2026-05-09T17:26:38.699,8.0876,0.0800,44.0584
2026-05-09T17:26:38.714,8.1393,0.0800,44.0572
2026-05-09T17:26:38.727,8.1583,0.0800,44.0564
2026-05-09T17:26:38.741,8.1635,0.0800,44.0564
2026-05-09T17:26:38.755,8.1654,0.0800,44.0564
2026-05-09T17:26:38.770,8.1761,0.0800,44.0564
2026-05-09T17:26:38.783,8.1939,0.0800,44.0566
2026-05-09T17:26:38.797,8.2082,0.0800,44.0567
2026-05-09T17:26:38.810,8.2211,0.0800,44.0563
2026-05-09T17:26:38.824,8.2315,0.0800,44.0560
2026-05-09T17:26:38.838,8.2420,0.0800,44.0556
2026-05-09T17:26:38.853,8.2521,0.0800,44.0548
2026-05-09T17:26:38.867,8.2622,0.0800,44.0539
2026-05-09T17:26:38.880,8.2733,0.0800,44.0527
2026-05-09T17:26:38.894,8.2827,0.0800,44.0513
2026-05-09T17:26:38.909,8.2923,0.0800,44.0498
2026-05-09T17:26:38.922,8.3023,0.0800,44.0479
2026-05-09T17:26:38.936,8.3128,0.0800,44.0454
2026-05-09T17:26:38.950,8.3225,0.0800,44.0429
2026-05-09T17:26:38.964,8.3318,0.0800,44.0403
2026-05-09T17:26:38.977,8.3414,0.0800,44.0372
2026-05-09T17:26:38.992,8.3509,0.0800,44.0337
2026-05-09T17:26:39.006,8.3597,0.0800,44.0302
2026-05-09T17:26:39.019,8.3693,0.0800,44.0261
2026-05-09T17:26:39.033,8.3791,0.0800,44.0215
2026-05-09T17:26:39.047,8.3899,0.0800,44.0158
2026-05-09T17:26:39.061,8.4001,0.0800,44.0101
2026-05-09T17:26:39.075,8.4113,0.0800,44.0034
2026-05-09T17:26:39.089,8.4221,0.0800,43.9967
2026-05-09T17:26:39.103,8.4336,0.0800,43.9893
2026-05-09T17:26:39.116,8.4462,0.0800,43.9807
2026-05-09T17:26:39.131,8.4588,0.0800,43.9714
2026-05-09T17:26:39.145,8.4729,0.0800,43.9608
2026-05-09T17:26:39.158,8.4876,0.0800,43.9493
2026-05-09T17:26:39.172,8.5025,0.0800,43.9368
2026-05-09T17:26:39.186,8.5168,0.0800,43.9245
2026-05-09T17:26:39.199,8.5329,0.0800,43.9101
2026-05-09T17:26:39.214,8.5496,0.0800,43.8942
2026-05-09T17:26:39.227,8.5649,0.0800,43.8792
2026-05-09T17:26:39.241,8.5818,0.0800,43.8620
2026-05-09T17:26:39.255,8.5985,0.0800,43.8439
2026-05-09T17:26:39.268,8.6158,0.0800,43.8248
2026-05-09T17:26:39.282,8.6342,0.0800,43.8036
2026-05-09T17:26:39.296,8.6517,0.0800,43.7822
2026-05-09T17:26:39.310,8.6697,0.0800,43.7596
2026-05-09T17:26:39.324,8.6888,0.0800,43.7347
2026-05-09T17:26:39.337,8.7082,0.0800,43.7083
2026-05-09T17:26:39.351,8.7273,0.0800,43.6808
2026-05-09T17:26:39.365,8.7457,0.0800,43.6535
2026-05-09T17:26:39.379,8.7656,0.0800,43.6229
2026-05-09T17:26:39.393,8.7868,0.0800,43.6085
2026-05-09T17:26:39.406,8.8107,0.0800,43.6025
2026-05-09T17:26:39.420,8.8355,0.0800,43.5941
2026-05-09T17:26:39.434,8.8605,0.0800,43.5829
2026-05-09T17:26:39.448,8.8859,0.0800,43.5690
2026-05-09T17:26:39.461,8.9105,0.0800,43.5518
2026-05-09T17:26:39.475,8.9353,0.0800,43.5308
2026-05-09T17:26:39.489,8.9564,0.0800,43.5079
2026-05-09T17:26:39.503,8.9783,0.0800,43.4795
2026-05-09T17:26:39.516,8.9969,0.0800,43.4469
2026-05-09T17:26:39.530,9.0102,0.0800,43.4135
2026-05-09T17:26:39.544,9.0249,0.0800,43.3766
2026-05-09T17:26:39.558,9.0371,0.0800,43.3408
2026-05-09T17:26:39.571,9.0496,0.0800,43.3009
2026-05-09T17:26:39.585,9.0597,0.0800,43.2671
2026-05-09T17:26:39.598,9.0705,0.0800,43.2289
2026-05-09T17:26:39.613,9.0811,0.0800,43.1876
2026-05-09T17:26:39.627,9.0893,0.0800,43.1540
2026-05-09T17:26:39.639,9.0986,0.0800,43.1128
2026-05-09T17:26:39.654,9.1062,0.0800,43.0750
2026-05-09T17:26:39.668,9.1128,0.0800,43.0398
2026-05-09T17:26:39.681,9.1203,0.0800,42.9958
2026-05-09T17:26:39.695,9.1255,0.0800,42.9594
2026-05-09T17:26:39.709,9.1307,0.0800,42.9200
2026-05-09T17:26:39.723,9.1352,0.0800,42.8807
2026-05-09T17:26:39.736,9.1392,0.0800,42.8390
2026-05-09T17:26:39.750,9.1421,0.0800,42.7964
2026-05-09T17:26:39.764,9.1444,0.0800,42.7562
2026-05-09T17:26:39.777,9.1466,0.0800,42.7034
2026-05-09T17:26:39.791,9.1475,0.0800,42.6584
2026-05-09T17:26:39.805,9.1480,0.0800,42.6156
2026-05-09T17:26:39.818,9.1481,0.0800,42.5867
2026-05-09T17:26:39.833,9.1481,0.0800,42.5598
2026-05-09T17:26:39.847,9.1482,0.0800,42.5331
2026-05-09T17:26:39.860,9.1482,0.0800,42.4864
2026-05-09T17:26:39.874,9.1489,0.0800,42.4292
2026-05-09T17:26:39.889,9.1500,0.0800,42.3822
2026-05-09T17:26:39.902,9.1518,0.0800,42.3364
2026-05-09T17:26:39.916,9.1545,0.0800,42.2904
2026-05-09T17:26:39.930,9.1575,0.0800,42.2509
2026-05-09T17:26:39.944,9.1615,0.0800,42.2077
2026-05-09T17:26:39.958,9.1663,0.0800,42.1642
2026-05-09T17:26:39.971,9.1731,0.0800,42.1137
2026-05-09T17:26:39.986,9.1809,0.0800,42.0610
2026-05-09T17:26:39.999,9.1908,0.0800,41.9998
2026-05-09T17:26:40.014,9.2038,0.0800,41.9247
2026-05-09T17:26:40.028,9.2143,0.0800,41.8674
2026-05-09T17:26:40.041,9.2270,0.0800,41.7973
2026-05-09T17:26:40.055,9.2398,0.0800,41.7272
2026-05-09T17:26:40.069,9.2514,0.0800,41.6632
2026-05-09T17:26:40.083,9.2667,0.0800,41.5789
2026-05-09T17:26:40.097,9.2765,0.0800,41.5251
2026-05-09T17:26:40.110,9.2885,0.0800,41.4590
2026-05-09T17:26:40.125,9.3008,0.0800,41.3911
2026-05-09T17:26:40.137,9.3129,0.0800,41.3246
2026-05-09T17:26:40.152,9.3259,0.0800,41.2528
2026-05-09T17:26:40.166,9.3369,0.0800,41.1919
2026-05-09T17:26:40.179,9.3491,0.0800,41.1237
2026-05-09T17:26:40.193,9.3604,0.0800,41.0643
2026-05-09T17:26:40.207,9.3729,0.0800,41.0000
2026-05-09T17:26:40.222,9.3854,0.0800,40.9395
2026-05-09T17:26:40.236,9.3987,0.0800,40.8781
2026-05-09T17:26:40.249,9.4142,0.0800,40.8094
2026-05-09T17:26:40.264,9.4299,0.0800,40.7431
2026-05-09T17:26:40.277,9.4446,0.0800,40.6826
2026-05-09T17:26:40.291,9.4560,0.0800,40.6359
2026-05-09T17:26:40.305,9.4661,0.0800,40.5947
2026-05-09T17:26:40.318,9.4766,0.0800,40.5522
2026-05-09T17:26:40.333,9.4857,0.0800,40.5137
2026-05-09T17:26:40.347,9.4955,0.0800,40.4708
2026-05-09T17:26:40.361,9.5061,0.0800,40.4212
2026-05-09T17:26:40.374,9.5155,0.0800,40.3728
2026-05-09T17:26:40.389,9.5240,0.0800,40.3265
2026-05-09T17:26:40.402,9.5317,0.0800,40.2797
2026-05-09T17:26:40.416,9.5403,0.0800,40.2239
2026-05-09T17:26:40.430,9.5471,0.0800,40.1776
2026-05-09T17:26:40.444,9.5550,0.0800,40.1239
2026-05-09T17:26:40.458,9.5635,0.0800,40.0670
2026-05-09T17:26:40.471,9.5728,0.0800,40.0037
2026-05-09T17:26:40.486,9.5826,0.0800,39.9405
2026-05-09T17:26:40.500,9.5923,0.0800,39.8811
2026-05-09T17:26:40.513,9.6039,0.0800,39.8141
2026-05-09T17:26:40.528,9.6142,0.0800,39.7579
2026-05-09T17:26:40.541,9.6251,0.0800,39.7018
2026-05-09T17:26:40.555,9.6370,0.0800,39.6452
2026-05-09T17:26:40.569,9.6487,0.0800,39.5921
2026-05-09T17:26:40.583,9.6611,0.0800,39.5391
2026-05-09T17:26:40.597,9.6738,0.0800,39.4877
2026-05-09T17:26:40.610,9.6864,0.0800,39.4409
2026-05-09T17:26:40.624,9.6999,0.0800,39.3923
2026-05-09T17:26:40.638,9.7150,0.0800,39.3410
2026-05-09T17:26:40.652,9.7323,0.0800,39.2861
2026-05-09T17:26:40.666,9.7504,0.0800,39.2301
2026-05-09T17:26:40.680,9.7725,0.0800,39.1639
2026-05-09T17:26:40.694,9.7922,0.0800,39.1075
2026-05-09T17:26:40.708,9.8108,0.0800,39.0540
2026-05-09T17:26:40.722,9.8297,0.0800,38.9998
2026-05-09T17:26:40.736,9.8524,0.0800,38.9348
2026-05-09T17:26:40.750,9.8745,0.0800,38.8700
2026-05-09T17:26:40.764,9.8949,0.0800,38.8089
2026-05-09T17:26:40.777,9.9150,0.0800,38.7475
2026-05-09T17:26:40.792,9.9345,0.0800,38.6860
2026-05-09T17:26:40.805,9.9532,0.0800,38.6256
2026-05-09T17:26:40.819,9.9735,0.0800,38.5587
2026-05-09T17:26:40.834,9.9911,0.0800,38.4983
2026-05-09T17:26:40.848,10.0105,0.0800,38.4308
2026-05-09T17:26:40.861,10.0275,0.0800,38.3697
2026-05-09T17:26:40.875,10.0456,0.0800,38.3027
2026-05-09T17:26:40.889,10.0610,0.0800,38.2442
2026-05-09T17:26:40.903,10.0781,0.0800,38.1776
2026-05-09T17:26:40.917,10.0935,0.0800,38.1154
2026-05-09T17:26:40.931,10.1087,0.0800,38.0526
2026-05-09T17:26:40.944,10.1245,0.0800,37.9858
2026-05-09T17:26:40.958,10.1392,0.0800,37.9218
2026-05-09T17:26:40.972,10.1526,0.0800,37.8610
2026-05-09T17:26:40.987,10.1671,0.0800,37.7941
2026-05-09T17:26:41.000,10.1799,0.0800,37.7329
2026-05-09T17:26:41.015,10.1947,0.0800,37.6598
2026-05-09T17:26:41.028,10.2062,0.0800,37.6013
2026-05-09T17:26:41.042,10.2197,0.0800,37.5308
2026-05-09T17:26:41.056,10.2313,0.0800,37.4673
2026-05-09T17:26:41.070,10.2427,0.0800,37.4031
2026-05-09T17:26:41.083,10.2545,0.0800,37.3346
2026-05-09T17:26:41.097,10.2651,0.0800,37.2702
2026-05-09T17:26:41.111,10.2751,0.0800,37.2073
2026-05-09T17:26:41.125,10.2850,0.0800,37.1421
2026-05-09T17:26:41.138,10.2949,0.0800,37.0746
2026-05-09T17:26:41.153,10.3040,0.0800,37.0088
2026-05-09T17:26:41.166,10.3121,0.0800,36.9487
2026-05-09T17:26:41.180,10.3217,0.0800,36.8732
2026-05-09T17:26:41.195,10.3291,0.0800,36.8101
2026-05-09T17:26:41.208,10.3368,0.0800,36.7424
2026-05-09T17:26:41.222,10.3440,0.0800,36.6755
2026-05-09T17:26:41.236,10.3505,0.0800,36.6102
2026-05-09T17:26:41.250,10.3566,0.0800,36.5450
2026-05-09T17:26:41.264,10.3626,0.0800,36.4761
2026-05-09T17:26:41.278,10.3678,0.0800,36.4107
2026-05-09T17:26:41.292,10.3728,0.0800,36.3431
2026-05-09T17:26:41.306,10.3774,0.0800,36.2769
2026-05-09T17:26:41.320,10.3816,0.0800,36.2102
2026-05-09T17:26:41.333,10.3854,0.0800,36.1416
2026-05-09T17:26:41.347,10.3891,0.0800,36.0704
2026-05-09T17:26:41.361,10.3918,0.0800,36.0107
2026-05-09T17:26:41.375,10.3945,0.0800,35.9430
2026-05-09T17:26:41.389,10.3967,0.0800,35.8798
2026-05-09T17:26:41.403,10.3987,0.0800,35.8113
2026-05-09T17:26:41.416,10.4004,0.0800,35.7403
2026-05-09T17:26:41.431,10.4015,0.0800,35.6758
2026-05-09T17:26:41.445,10.4023,0.0800,35.6107
2026-05-09T17:26:41.458,10.4027,0.0800,35.5415
2026-05-09T17:26:41.472,10.4027,0.0800,35.4741
2026-05-09T17:26:41.486,10.4024,0.0800,35.4094
2026-05-09T17:26:41.500,10.4017,0.0800,35.3462
2026-05-09T17:26:41.514,10.4004,0.0800,35.2711
2026-05-09T17:26:41.528,10.3991,0.0800,35.2104
2026-05-09T17:26:41.541,10.3972,0.0800,35.1413
2026-05-09T17:26:41.555,10.3950,0.0800,35.0738
2026-05-09T17:26:41.570,10.3927,0.0800,35.0117
2026-05-09T17:26:41.583,10.3896,0.0800,34.9399
2026-05-09T17:26:41.597,10.3864,0.0800,34.8705
2026-05-09T17:26:41.611,10.3832,0.0800,34.8099
2026-05-09T17:26:41.625,10.3792,0.0800,34.7395
2026-05-09T17:26:41.638,10.3750,0.0800,34.6711
2026-05-09T17:26:41.653,10.3706,0.0800,34.6049
2026-05-09T17:26:41.667,10.3661,0.0800,34.5404
2026-05-09T17:26:41.680,10.3605,0.0800,34.4647
2026-05-09T17:26:41.694,10.3556,0.0800,34.4036
2026-05-09T17:26:41.708,10.3499,0.0800,34.3353
2026-05-09T17:26:41.722,10.3440,0.0800,34.2685
2026-05-09T17:26:41.736,10.3376,0.0800,34.2007
2026-05-09T17:26:41.750,10.3312,0.0800,34.1356
2026-05-09T17:26:41.763,10.3239,0.0800,34.0658
2026-05-09T17:26:41.777,10.3168,0.0800,34.0014
2026-05-09T17:26:41.791,10.3090,0.0800,33.9348
2026-05-09T17:26:41.805,10.3010,0.0800,33.8692
2026-05-09T17:26:41.819,10.2921,0.0800,33.7998
2026-05-09T17:26:41.833,10.2835,0.0800,33.7362
2026-05-09T17:26:41.847,10.2739,0.0800,33.6678
2026-05-09T17:26:41.860,10.2642,0.0800,33.6019
2026-05-09T17:26:41.875,10.2535,0.0800,33.5324
2026-05-09T17:26:41.889,10.2435,0.0800,33.4691
2026-05-09T17:26:41.902,10.2321,0.0800,33.3995
2026-05-09T17:26:41.916,10.2203,0.0800,33.3304
2026-05-09T17:26:41.930,10.2097,0.0800,33.2692
2026-05-09T17:26:41.944,10.1978,0.0800,33.2024
2026-05-09T17:26:41.958,10.1851,0.0800,33.1331
2026-05-09T17:26:41.971,10.1725,0.0800,33.0665
2026-05-09T17:26:41.986,10.1602,0.0800,33.0025
2026-05-09T17:26:41.999,10.1479,0.0800,32.9399
2026-05-09T17:26:42.014,10.1324,0.0800,32.8633
2026-05-09T17:26:42.028,10.1205,0.0800,32.8059
2026-05-09T17:26:42.040,10.1059,0.0800,32.7366
2026-05-09T17:26:42.055,10.0913,0.0800,32.6690
2026-05-09T17:26:42.069,10.0781,0.0800,32.6094
2026-05-09T17:26:42.082,10.0624,0.0800,32.5399
2026-05-09T17:26:42.097,10.0474,0.0800,32.4751
2026-05-09T17:26:42.110,10.0326,0.0800,32.4122
2026-05-09T17:26:42.125,10.0156,0.0800,32.3420
2026-05-09T17:26:42.137,9.9998,0.0800,32.2780
2026-05-09T17:26:42.152,9.9830,0.0800,32.2114
2026-05-09T17:26:42.166,9.9678,0.0800,32.1526
2026-05-09T17:26:42.179,9.9483,0.0800,32.0780
2026-05-09T17:26:42.194,9.9323,0.0800,32.0186
2026-05-09T17:26:42.208,9.9141,0.0800,31.9520
2026-05-09T17:26:42.221,9.8956,0.0800,31.8855
2026-05-09T17:26:42.236,9.8775,0.0800,31.8204
2026-05-09T17:26:42.250,9.8582,0.0800,31.7511
2026-05-09T17:26:42.264,9.8392,0.0800,31.6824
2026-05-09T17:26:42.276,9.8207,0.0800,31.6158
2026-05-09T17:26:42.291,9.8024,0.0800,31.5495
2026-05-09T17:26:42.304,9.7859,0.0800,31.4902
2026-05-09T17:26:42.319,9.7677,0.0800,31.4237
2026-05-09T17:26:42.333,9.7511,0.0800,31.3615
2026-05-09T17:26:42.347,9.7319,0.0800,31.2877
2026-05-09T17:26:42.360,9.7172,0.0800,31.2296
2026-05-09T17:26:42.374,9.7018,0.0800,31.1659
2026-05-09T17:26:42.389,9.6878,0.0800,31.1066
2026-05-09T17:26:42.402,9.6737,0.0800,31.0437
2026-05-09T17:26:42.416,9.6601,0.0800,30.9803
2026-05-09T17:26:42.431,9.6487,0.0800,30.9247
2026-05-09T17:26:42.444,9.6366,0.0800,30.8620
2026-05-09T17:26:42.458,9.6262,0.0800,30.8044
2026-05-09T17:26:42.471,9.6173,0.0800,30.7497
2026-05-09T17:26:42.486,9.6089,0.0800,30.6958
2026-05-09T17:26:42.499,9.6011,0.0800,30.6409
2026-05-09T17:26:42.513,9.5932,0.0800,30.5794
2026-05-09T17:26:42.527,9.5870,0.0800,30.5262
2026-05-09T17:26:42.540,9.5802,0.0800,30.4627
2026-05-09T17:26:42.554,9.5738,0.0800,30.3952
2026-05-09T17:26:42.569,9.5681,0.0800,30.3327
2026-05-09T17:26:42.582,9.5615,0.0800,30.2590
2026-05-09T17:26:42.596,9.5549,0.0800,30.1869
2026-05-09T17:26:42.610,9.5490,0.0800,30.1223
2026-05-09T17:26:42.625,9.5428,0.0800,30.0540
2026-05-09T17:26:42.637,9.5363,0.0800,29.9830
2026-05-09T17:26:42.652,9.5300,0.0800,29.9135
2026-05-09T17:26:42.666,9.5246,0.0800,29.8536
2026-05-09T17:26:42.680,9.5176,0.0800,29.7761
2026-05-09T17:26:42.694,9.5115,0.0800,29.7093
2026-05-09T17:26:42.707,9.5054,0.0800,29.6411
2026-05-09T17:26:42.721,9.4993,0.0800,29.5744
2026-05-09T17:26:42.735,9.4932,0.0800,29.5082
2026-05-09T17:26:42.749,9.4868,0.0800,29.4391
2026-05-09T17:26:42.763,9.4803,0.0800,29.3692
2026-05-09T17:26:42.776,9.4738,0.0800,29.3014
2026-05-09T17:26:42.791,9.4674,0.0800,29.2346
2026-05-09T17:26:42.804,9.4611,0.0800,29.1697
2026-05-09T17:26:42.818,9.4537,0.0800,29.0944
2026-05-09T17:26:42.833,9.4477,0.0800,29.0351
2026-05-09T17:26:42.846,9.4408,0.0800,28.9667
2026-05-09T17:26:42.860,9.4334,0.0800,28.8936
2026-05-09T17:26:42.874,9.4266,0.0800,28.8267
2026-05-09T17:26:42.888,9.4199,0.0800,28.7617
2026-05-09T17:26:42.902,9.4128,0.0800,28.6948
2026-05-09T17:26:42.915,9.4044,0.0800,28.6210
2026-05-09T17:26:42.930,9.3971,0.0800,28.5586
2026-05-09T17:26:42.943,9.3892,0.0800,28.4936
2026-05-09T17:26:42.957,9.3802,0.0800,28.4220
2026-05-09T17:26:42.971,9.3718,0.0800,28.3590
2026-05-09T17:26:42.985,9.3630,0.0800,28.2948
2026-05-09T17:26:42.999,9.3538,0.0800,28.2312
2026-05-09T17:26:43.013,9.3440,0.0800,28.1679
2026-05-09T17:26:43.027,9.3340,0.0800,28.1061
2026-05-09T17:26:43.040,9.3231,0.0800,28.0421
2026-05-09T17:26:43.055,9.3122,0.0800,27.9831
2026-05-09T17:26:43.069,9.3011,0.0800,27.9250
2026-05-09T17:26:43.082,9.2878,0.0800,27.8595
2026-05-09T17:26:43.096,9.2757,0.0800,27.8043
2026-05-09T17:26:43.110,9.2638,0.0800,27.7523
2026-05-09T17:26:43.124,9.2500,0.0800,27.6947
2026-05-09T17:26:43.137,9.2362,0.0800,27.6402
2026-05-09T17:26:43.152,9.2213,0.0800,27.5858
2026-05-09T17:26:43.166,9.2050,0.0800,27.5281
2026-05-09T17:26:43.179,9.1899,0.0800,27.4775
2026-05-09T17:26:43.193,9.1751,0.0800,27.4313
2026-05-09T17:26:43.208,9.1598,0.0800,27.3847
2026-05-09T17:26:43.221,9.1433,0.0800,27.3371
2026-05-09T17:26:43.235,9.1262,0.0800,27.2909
2026-05-09T17:26:43.249,9.1098,0.0800,27.2481
2026-05-09T17:26:43.263,9.0939,0.0800,27.2087
2026-05-09T17:26:43.277,9.0769,0.0800,27.1687
2026-05-09T17:26:43.291,9.0602,0.0800,27.1322
2026-05-09T17:26:43.304,9.0429,0.0800,27.0954
2026-05-09T17:26:43.318,9.0246,0.0800,27.0584
2026-05-09T17:26:43.332,9.0069,0.0800,27.0250
2026-05-09T17:26:43.346,8.9867,0.0800,26.9876
2026-05-09T17:26:43.360,8.9673,0.0800,26.9534
2026-05-09T17:26:43.374,8.9476,0.0800,26.9208
2026-05-09T17:26:43.388,8.9264,0.0800,26.8863
2026-05-09T17:26:43.402,8.9039,0.0800,26.8511
2026-05-09T17:26:43.415,8.8806,0.0800,26.8168
2026-05-09T17:26:43.430,8.8590,0.0800,26.7857
2026-05-09T17:26:43.443,8.8355,0.0800,26.7531
2026-05-09T17:26:43.457,8.8105,0.0800,26.7196
2026-05-09T17:26:43.471,8.7873,0.0800,26.6901
2026-05-09T17:26:43.485,8.7610,0.0800,26.6573
2026-05-09T17:26:43.499,8.7367,0.0800,26.6282
2026-05-09T17:26:43.512,8.7084,0.0800,26.5958
2026-05-09T17:26:43.527,8.6828,0.0800,26.5672
2026-05-09T17:26:43.540,8.6568,0.0800,26.5392
2026-05-09T17:26:43.554,8.6276,0.0800,26.5091
2026-05-09T17:26:43.568,8.6075,0.0800,26.4820
2026-05-09T17:26:43.582,8.6081,0.0800,26.4520
2026-05-09T17:26:43.596,8.6080,0.0800,26.4251
2026-05-09T17:26:43.610,8.6078,0.0800,26.3991
2026-05-09T17:26:43.624,8.6048,0.0800,26.3684
2026-05-09T17:26:43.637,8.5982,0.0800,26.3362
2026-05-09T17:26:43.652,8.5870,0.0800,26.3052
2026-05-09T17:26:43.666,8.5724,0.0800,26.2751
2026-05-09T17:26:43.679,8.5492,0.0800,26.2377
2026-05-09T17:26:43.694,8.5215,0.0800,26.2074
2026-05-09T17:26:43.707,8.4858,0.0800,26.1769
2026-05-09T17:26:43.721,8.4450,0.0800,26.1495
2026-05-09T17:26:43.735,8.4027,0.0800,26.1225
2026-05-09T17:26:43.749,8.3539,0.0800,26.0918
2026-05-09T17:26:43.763,8.3055,0.0800,26.0624
2026-05-09T17:26:43.776,8.2534,0.0800,26.0317
2026-05-09T17:26:43.792,8.2043,0.0800,26.0038
2026-05-09T17:26:43.805,8.1532,0.0800,25.9752
2026-05-09T17:26:43.818,8.0932,0.0800,25.9423
2026-05-09T17:26:43.833,8.0406,0.0800,25.9145
2026-05-09T17:26:43.846,7.9810,0.0800,25.8834
2026-05-09T17:26:43.861,7.9260,0.0800,25.8553
2026-05-09T17:26:43.874,7.8679,0.0800,25.8264
2026-05-09T17:26:43.888,7.8079,0.0800,25.7969
2026-05-09T17:26:43.902,7.7491,0.0800,25.7686
2026-05-09T17:26:43.916,7.6893,0.0800,25.7405
2026-05-09T17:26:43.930,7.6347,0.0800,25.7152
2026-05-09T17:26:43.944,7.5719,0.0800,25.6867
2026-05-09T17:26:43.958,7.5123,0.0800,25.6603
2026-05-09T17:26:43.971,7.4518,0.0800,25.6341
2026-05-09T17:26:43.986,7.3949,0.0800,25.6099
2026-05-09T17:26:44.000,7.3331,0.0800,25.5841
2026-05-09T17:26:44.013,7.2677,0.0800,25.5576
2026-05-09T17:26:44.027,7.2128,0.0800,25.5357
2026-05-09T17:26:44.041,7.1510,0.0800,25.5116
2026-05-09T17:26:44.056,7.0910,0.0800,25.4889
2026-05-09T17:26:44.070,7.0321,0.0800,25.4668
2026-05-09T17:26:44.086,6.9667,0.0800,25.4429
2026-05-09T17:26:44.097,6.9124,0.0800,25.4237
2026-05-09T17:26:44.111,6.8438,0.0800,25.4004
2026-05-09T17:26:44.125,6.8065,0.0800,25.3881
2026-05-09T17:26:44.139,6.7564,0.0800,25.3722
2026-05-09T17:26:44.153,6.7110,0.0800,25.3588
2026-05-09T17:26:44.167,6.6639,0.0800,25.3454
2026-05-09T17:26:44.182,6.6305,0.0800,25.3365
2026-05-09T17:26:44.196,6.5985,0.0800,25.3289
2026-05-09T17:26:44.210,6.5662,0.0800,25.3214
2026-05-09T17:26:44.224,6.5407,0.0800,25.3160
2026-05-09T17:26:44.238,6.5194,0.0800,25.3118
2026-05-09T17:26:44.252,6.5009,0.0800,25.3090
2026-05-09T17:26:44.266,6.4882,0.0800,25.3069
2026-05-09T17:26:44.279,6.4752,0.0800,25.3050
2026-05-09T17:26:44.294,6.4643,0.0800,25.3042
2026-05-09T17:26:44.307,6.4582,0.0800,25.3033
2026-05-09T17:26:44.322,6.4541,0.0800,25.3027
2026-05-09T17:26:44.350,6.4548,0.0800,25.3022
2026-05-09T17:26:44.364,6.4564,0.0800,25.3018
2026-05-09T17:26:44.377,6.4586,0.0800,25.3013
2026-05-09T17:26:44.391,6.4605,0.0800,25.3011
2026-05-09T17:26:44.405,6.4635,0.0800,25.3005
2026-05-09T17:26:44.419,6.4670,0.0800,25.2997
2026-05-09T17:26:44.433,6.4700,0.0800,25.2993
2026-05-09T17:26:44.446,6.4738,0.0800,25.2983
2026-05-09T17:26:44.460,6.4774,0.0800,25.2972
2026-05-09T17:26:44.474,6.4803,0.0800,25.2966
2026-05-09T17:26:44.489,6.4837,0.0800,25.2955
2026-05-09T17:26:44.502,6.4871,0.0800,25.2942
2026-05-09T17:26:44.516,6.4905,0.0800,25.2933
2026-05-09T17:26:44.530,6.4937,0.0800,25.2919
2026-05-09T17:26:44.543,6.4973,0.0800,25.2903
2026-05-09T17:26:44.557,6.5006,0.0800,25.2888
2026-05-09T17:26:44.571,6.5034,0.0800,25.2877
2026-05-09T17:26:44.585,6.5066,0.0800,25.2861
2026-05-09T17:26:44.599,6.5098,0.0800,25.2843
2026-05-09T17:26:44.613,6.5128,0.0800,25.2829
2026-05-09T17:26:44.627,6.5159,0.0800,25.2811
2026-05-09T17:26:44.641,6.5191,0.0800,25.2790
2026-05-09T17:26:44.654,6.5212,0.0800,25.2779
2026-05-09T17:26:44.668,6.5234,0.0800,25.2763
2026-05-09T17:26:44.681,6.5253,0.0800,25.2748
2026-05-09T17:26:44.709,6.5256,0.0800,25.2742
2026-05-09T17:26:44.723,6.5244,0.0800,25.2746
2026-05-09T17:26:44.737,6.5217,0.0800,25.2761
2026-05-09T17:26:44.751,6.5180,0.0800,25.2789
2026-05-09T17:26:44.765,6.5141,0.0800,25.2816
2026-05-09T17:26:44.778,6.5068,0.0800,25.2871
2026-05-09T17:26:44.792,6.4988,0.0800,25.2941
2026-05-09T17:26:44.806,6.4890,0.0800,25.3024
2026-05-09T17:26:44.820,6.4785,0.0800,25.3118
2026-05-09T17:26:44.834,6.4673,0.0800,25.3228
2026-05-09T17:26:44.848,6.4543,0.0800,25.3357
2026-05-09T17:26:44.861,6.4417,0.0800,25.3487
2026-05-09T17:26:44.875,6.4287,0.0800,25.3632
2026-05-09T17:26:44.889,6.4162,0.0800,25.3772
2026-05-09T17:26:44.902,6.4035,0.0800,25.3921
2026-05-09T17:26:44.916,6.3914,0.0800,25.4076
2026-05-09T17:26:44.930,6.3802,0.0800,25.4219
2026-05-09T17:26:44.944,6.3682,0.0800,25.4378
2026-05-09T17:26:44.958,6.3556,0.0800,25.4554
2026-05-09T17:26:44.972,6.3432,0.0800,25.4742
2026-05-09T17:26:44.986,6.3319,0.0800,25.4916
2026-05-09T17:26:44.999,6.3191,0.0800,25.5121
2026-05-09T17:26:45.014,6.3067,0.0800,25.5339
2026-05-09T17:26:45.028,6.2964,0.0800,25.5520
2026-05-09T17:26:45.041,6.2835,0.0800,25.5759
2026-05-09T17:26:45.055,6.2707,0.0800,25.6021
2026-05-09T17:26:45.069,6.2571,0.0800,25.6301
2026-05-09T17:26:45.082,6.2423,0.0800,25.6625
2026-05-09T17:26:45.097,6.2295,0.0800,25.6930
2026-05-09T17:26:45.110,6.2161,0.0800,25.7253
2026-05-09T17:26:45.125,6.2022,0.0800,25.7609
2026-05-09T17:26:45.138,6.1889,0.0800,25.7967
2026-05-09T17:26:45.152,6.1758,0.0800,25.8351
2026-05-09T17:26:45.167,6.1639,0.0800,25.8707
2026-05-09T17:26:45.179,6.1511,0.0800,25.9118
2026-05-09T17:26:45.193,6.1399,0.0800,25.9514
2026-05-09T17:26:45.208,6.1300,0.0800,25.9873
2026-05-09T17:26:45.222,6.1197,0.0800,26.0042
2026-05-09T17:26:45.236,6.1099,0.0800,26.0042
2026-05-09T17:26:45.250,6.1003,0.0800,26.0036
2026-05-09T17:26:45.264,6.0917,0.0800,26.0033
2026-05-09T17:26:45.277,6.0838,0.0800,26.0030
2026-05-09T17:26:45.292,6.0776,0.0800,26.0030
2026-05-09T17:26:45.305,6.0722,0.0800,26.0026
2026-05-09T17:26:45.319,6.0722,0.0800,26.0030
2026-05-09T17:26:45.361,6.0731,0.0800,25.9954
2026-05-09T17:26:45.374,6.0806,0.0800,25.9348
2026-05-09T17:26:45.389,6.0885,0.0800,25.8752
2026-05-09T17:26:45.402,6.0972,0.0800,25.8132
2026-05-09T17:26:45.416,6.1071,0.0800,25.7454
2026-05-09T17:26:45.431,6.1165,0.0800,25.6854
2026-05-09T17:26:45.445,6.1272,0.0800,25.6206
2026-05-09T17:26:45.458,6.1385,0.0800,25.5551
2026-05-09T17:26:45.472,6.1506,0.0800,25.4880
2026-05-09T17:26:45.486,6.1618,0.0800,25.4291
2026-05-09T17:26:45.500,6.1739,0.0800,25.3681
2026-05-09T17:26:45.514,6.1884,0.0800,25.2975
2026-05-09T17:26:45.528,6.2008,0.0800,25.2406
2026-05-09T17:26:45.541,6.2154,0.0800,25.1760
2026-05-09T17:26:45.555,6.2303,0.0800,25.1119
2026-05-09T17:26:45.569,6.2452,0.0800,25.0510
2026-05-09T17:26:45.582,6.2617,0.0800,24.9861
2026-05-09T17:26:45.596,6.2770,0.0800,24.9275
2026-05-09T17:26:45.610,6.2932,0.0800,24.8678
2026-05-09T17:26:45.625,6.3114,0.0800,24.8029
2026-05-09T17:26:45.638,6.3305,0.0800,24.7366
2026-05-09T17:26:45.652,6.3497,0.0800,24.6708
2026-05-09T17:26:45.666,6.3686,0.0800,24.6079
2026-05-09T17:26:45.679,6.3902,0.0800,24.5368
2026-05-09T17:26:45.694,6.4090,0.0800,24.4749
2026-05-09T17:26:45.707,6.4273,0.0800,24.4144
2026-05-09T17:26:45.722,6.4453,0.0800,24.3530
2026-05-09T17:26:45.736,6.4599,0.0800,24.3017
2026-05-09T17:26:45.749,6.4724,0.0800,24.2538
2026-05-09T17:26:45.764,6.4793,0.0800,24.2247
2026-05-09T17:26:45.777,6.4847,0.0800,24.1992
2026-05-09T17:26:45.791,6.4889,0.0800,24.1789
2026-05-09T17:26:45.805,6.4910,0.0800,24.1645
2026-05-09T17:26:45.819,6.4925,0.0800,24.1520
2026-05-09T17:26:45.833,6.4935,0.0800,24.1451
2026-05-09T17:26:45.847,6.4937,0.0800,24.1383
2026-05-09T17:26:45.860,6.4938,0.0800,24.1327
2026-05-09T17:26:45.874,6.4940,0.0800,24.1291
2026-05-09T17:26:45.888,6.4935,0.0800,24.1284
2026-05-09T17:26:45.902,6.4930,0.0800,24.1277
2026-05-09T17:26:45.930,6.4925,0.0800,24.1272
2026-05-09T17:26:45.944,6.4919,0.0800,24.1265
2026-05-09T17:26:45.958,6.4914,0.0800,24.1259
2026-05-09T17:26:45.985,6.4908,0.0800,24.1253
2026-05-09T17:26:46.000,6.4902,0.0800,24.1247
2026-05-09T17:26:46.027,6.4895,0.0800,24.1241
2026-05-09T17:26:46.040,6.4888,0.0800,24.1236
2026-05-09T17:26:46.069,6.4881,0.0800,24.1231
2026-05-09T17:26:46.083,6.4861,0.0800,24.1226
2026-05-09T17:26:46.097,6.4843,0.0800,24.1222
2026-05-09T17:26:46.111,6.4830,0.0800,24.1222
2026-05-09T17:26:46.124,6.4811,0.0800,24.1217
2026-05-09T17:26:46.138,6.4792,0.0800,24.1213
2026-05-09T17:26:46.153,6.4779,0.0800,24.1214
2026-05-09T17:26:46.167,6.4760,0.0800,24.1210
2026-05-09T17:26:46.180,6.4737,0.0800,24.1206
2026-05-09T17:26:46.194,6.4727,0.0800,24.1207
2026-05-09T17:26:46.208,6.4708,0.0800,24.1204
2026-05-09T17:26:46.223,6.4700,0.0800,24.1201
2026-05-09T17:26:46.237,6.4718,0.0800,24.1235
2026-05-09T17:26:46.251,6.4738,0.0800,24.1283
2026-05-09T17:26:46.265,6.4776,0.0800,24.1359
2026-05-09T17:26:46.278,6.4852,0.0800,24.1492
2026-05-09T17:26:46.292,6.4955,0.0800,24.1649
2026-05-09T17:26:46.306,6.5065,0.0800,24.1819
2026-05-09T17:26:46.320,6.5207,0.0800,24.2029
2026-05-09T17:26:46.335,6.5340,0.0800,24.2205
2026-05-09T17:26:46.349,6.5490,0.0800,24.2407
2026-05-09T17:26:46.362,6.5631,0.0800,24.2589
2026-05-09T17:26:46.377,6.5790,0.0800,24.2777
2026-05-09T17:26:46.391,6.5940,0.0800,24.2955
2026-05-09T17:26:46.405,6.6108,0.0800,24.3148
2026-05-09T17:26:46.419,6.6272,0.0800,24.3327
2026-05-09T17:26:46.433,6.6441,0.0800,24.3496
2026-05-09T17:26:46.447,6.6624,0.0800,24.3681
2026-05-09T17:26:46.460,6.6789,0.0800,24.3841
2026-05-09T17:26:46.474,6.6972,0.0800,24.4003
2026-05-09T17:26:46.489,6.7179,0.0800,24.4186
2026-05-09T17:26:46.502,6.7411,0.0800,24.4384
2026-05-09T17:26:46.517,6.7691,0.0800,24.4604
2026-05-09T17:26:46.531,6.7986,0.0800,24.4834
2026-05-09T17:26:46.544,6.8337,0.0800,24.5096
2026-05-09T17:26:46.558,6.8689,0.0800,24.5346
2026-05-09T17:26:46.572,6.9104,0.0800,24.5625
2026-05-09T17:26:46.586,6.9523,0.0800,24.5902
2026-05-09T17:26:46.600,7.0022,0.0800,24.6219
2026-05-09T17:26:46.615,7.0559,0.0800,24.6546
2026-05-09T17:26:46.628,7.1044,0.0800,24.6835
2026-05-09T17:26:46.642,7.1619,0.0800,24.7171
2026-05-09T17:26:46.656,7.2161,0.0800,24.7475
2026-05-09T17:26:46.670,7.2714,0.0800,24.7782
2026-05-09T17:26:46.684,7.3305,0.0800,24.8103
2026-05-09T17:26:46.698,7.3847,0.0800,24.8391
2026-05-09T17:26:46.712,7.4453,0.0800,24.8705
2026-05-09T17:26:46.726,7.5015,0.0800,24.8993
2026-05-09T17:26:46.740,7.5640,0.0800,24.9307
2026-05-09T17:26:46.755,7.6227,0.0800,24.9594
2026-05-09T17:26:46.768,7.6792,0.0800,24.9869
2026-05-09T17:26:46.782,7.7448,0.0800,25.0183
2026-05-09T17:26:46.796,7.8034,0.0800,25.0458
2026-05-09T17:26:46.810,7.8653,0.0800,25.0746
2026-05-09T17:26:46.824,7.9251,0.0800,25.1021
2026-05-09T17:26:46.838,7.9872,0.0800,25.1302
2026-05-09T17:26:46.852,8.0473,0.0800,25.1568
2026-05-09T17:26:46.866,8.1070,0.0800,25.1831
2026-05-09T17:26:46.879,8.1753,0.0800,25.2129
2026-05-09T17:26:46.894,8.2340,0.0800,25.2378
2026-05-09T17:26:46.908,8.2947,0.0800,25.2634
2026-05-09T17:26:46.922,8.3565,0.0800,25.2890
2026-05-09T17:26:46.936,8.4221,0.0800,25.3163
2026-05-09T17:26:46.949,8.4921,0.0800,25.3453
2026-05-09T17:26:46.963,8.5505,0.0800,25.3695
2026-05-09T17:26:46.977,8.6139,0.0800,25.3958
2026-05-09T17:26:46.992,8.6752,0.0800,25.4213
2026-05-09T17:26:47.005,8.7439,0.0800,25.4497
2026-05-09T17:26:47.019,8.8082,0.0800,25.4762
2026-05-09T17:26:47.033,8.8655,0.0800,25.5002
2026-05-09T17:26:47.047,8.9317,0.0800,25.5281
2026-05-09T17:26:47.061,8.9878,0.0800,25.5523
2026-05-09T17:26:47.074,9.0466,0.0800,25.5784
2026-05-09T17:26:47.088,9.1022,0.0800,25.6035
2026-05-09T17:26:47.102,9.1593,0.0800,25.6298
2026-05-09T17:26:47.117,9.2169,0.0800,25.6574
2026-05-09T17:26:47.131,9.2717,0.0800,25.6840
2026-05-09T17:26:47.145,9.3339,0.0800,25.7149
2026-05-09T17:26:47.158,9.3835,0.0800,25.7403
2026-05-09T17:26:47.172,9.4358,0.0800,25.7682
2026-05-09T17:26:47.186,9.4848,0.0800,25.7947
2026-05-09T17:26:47.200,9.5380,0.0800,25.8242
2026-05-09T17:26:47.214,9.5929,0.0800,25.8559
2026-05-09T17:26:47.228,9.6382,0.0800,25.8825
2026-05-09T17:26:47.241,9.6920,0.0800,25.9149
2026-05-09T17:26:47.256,9.7398,0.0800,25.9450
2026-05-09T17:26:47.269,9.7856,0.0800,25.9743
2026-05-09T17:26:47.283,9.8382,0.0800,26.0086
2026-05-09T17:26:47.297,9.8845,0.0800,26.0397
2026-05-09T17:26:47.310,9.9307,0.0800,26.0720
2026-05-09T17:26:47.325,9.9771,0.0800,26.1049
2026-05-09T17:26:47.338,10.0254,0.0800,26.1399
2026-05-09T17:26:47.352,10.0728,0.0800,26.1757
2026-05-09T17:26:47.367,10.1153,0.0800,26.2082
2026-05-09T17:26:47.380,10.1653,0.0800,26.2473
2026-05-09T17:26:47.394,10.2095,0.0800,26.2833
2026-05-09T17:26:47.408,10.2558,0.0800,26.3214
2026-05-09T17:26:47.422,10.3006,0.0800,26.3590
2026-05-09T17:26:47.436,10.3428,0.0800,26.3959
2026-05-09T17:26:47.449,10.3895,0.0800,26.4371
2026-05-09T17:26:47.464,10.4315,0.0800,26.4750
2026-05-09T17:26:47.477,10.4764,0.0800,26.5165
2026-05-09T17:26:47.492,10.5159,0.0800,26.5544
2026-05-09T17:26:47.505,10.5580,0.0800,26.5952
2026-05-09T17:26:47.519,10.5960,0.0800,26.6331
2026-05-09T17:26:47.533,10.6301,0.0800,26.6683
2026-05-09T17:26:47.546,10.6693,0.0800,26.7094
2026-05-09T17:26:47.560,10.7016,0.0800,26.7444
2026-05-09T17:26:47.574,10.7316,0.0800,26.7784
2026-05-09T17:26:47.589,10.7619,0.0800,26.8131
2026-05-09T17:26:47.602,10.7911,0.0800,26.8476
2026-05-09T17:26:47.616,10.8200,0.0800,26.8836
2026-05-09T17:26:47.630,10.8436,0.0800,26.9134
2026-05-09T17:26:47.643,10.8687,0.0800,26.9461
2026-05-09T17:26:47.657,10.8941,0.0800,26.9805
2026-05-09T17:26:47.671,10.9158,0.0800,27.0119
2026-05-09T17:26:47.685,10.9393,0.0800,27.0461
2026-05-09T17:26:47.699,10.9608,0.0800,27.0787
2026-05-09T17:26:47.713,10.9834,0.0800,27.1151
2026-05-09T17:26:47.727,11.0019,0.0800,27.1454
2026-05-09T17:26:47.741,11.0240,0.0800,27.1829
2026-05-09T17:26:47.755,11.0427,0.0800,27.2174
2026-05-09T17:26:47.768,11.0607,0.0800,27.2508
2026-05-09T17:26:47.782,11.0808,0.0800,27.2897
2026-05-09T17:26:47.796,11.0964,0.0800,27.3226
2026-05-09T17:26:47.810,11.1135,0.0800,27.3589
2026-05-09T17:26:47.824,11.1296,0.0800,27.3949
2026-05-09T17:26:47.837,11.1461,0.0800,27.4334
2026-05-09T17:26:47.851,11.1598,0.0800,27.4684
2026-05-09T17:26:47.865,11.1731,0.0800,27.5029
2026-05-09T17:26:47.878,11.1885,0.0800,27.5449
2026-05-09T17:26:47.892,11.1996,0.0800,27.5787
2026-05-09T17:26:47.906,11.2129,0.0800,27.6197
2026-05-09T17:26:47.920,11.2235,0.0800,27.6542
2026-05-09T17:26:47.934,11.2345,0.0800,27.6941
2026-05-09T17:26:47.948,11.2449,0.0800,27.7331
2026-05-09T17:26:47.961,11.2541,0.0800,27.7704
2026-05-09T17:26:47.976,11.2626,0.0800,27.8093
2026-05-09T17:26:47.989,11.2707,0.0800,27.8479
2026-05-09T17:26:48.003,11.2784,0.0800,27.8883
2026-05-09T17:26:48.016,11.2855,0.0800,27.9294
2026-05-09T17:26:48.030,11.2911,0.0800,27.9688
2026-05-09T17:26:48.044,11.2971,0.0800,28.0139
2026-05-09T17:26:48.058,11.3026,0.0800,28.0606
2026-05-09T17:26:48.071,11.3074,0.0800,28.1127
2026-05-09T17:26:48.086,11.3115,0.0800,28.1613
2026-05-09T17:26:48.099,11.3152,0.0800,28.2169
2026-05-09T17:26:48.113,11.3187,0.0800,28.2843
2026-05-09T17:26:48.128,11.3211,0.0800,28.3421
2026-05-09T17:26:48.141,11.3235,0.0800,28.4122
2026-05-09T17:26:48.155,11.3250,0.0800,28.4816
2026-05-09T17:26:48.169,11.3266,0.0800,28.5479
2026-05-09T17:26:48.182,11.3283,0.0800,28.6179
2026-05-09T17:26:48.197,11.3299,0.0800,28.6870
2026-05-09T17:26:48.210,11.3315,0.0800,28.7576
2026-05-09T17:26:48.224,11.3331,0.0800,28.8263
2026-05-09T17:26:48.238,11.3347,0.0800,28.8951
2026-05-09T17:26:48.252,11.3362,0.0800,28.9649
2026-05-09T17:26:48.266,11.3377,0.0800,29.0309
2026-05-09T17:26:48.279,11.3394,0.0800,29.1065
2026-05-09T17:26:48.294,11.3410,0.0800,29.1745
2026-05-09T17:26:48.307,11.3426,0.0800,29.2428
2026-05-09T17:26:48.321,11.3442,0.0800,29.3120
2026-05-09T17:26:48.335,11.3459,0.0800,29.3797
2026-05-09T17:26:48.349,11.3477,0.0800,29.4500
2026-05-09T17:26:48.363,11.3496,0.0800,29.5183
2026-05-09T17:26:48.376,11.3515,0.0800,29.5866
2026-05-09T17:26:48.391,11.3535,0.0800,29.6556
2026-05-09T17:26:48.404,11.3556,0.0800,29.7265
2026-05-09T17:26:48.418,11.3577,0.0800,29.7963
2026-05-09T17:26:48.433,11.3597,0.0800,29.8623
2026-05-09T17:26:48.446,11.3618,0.0800,29.9347
2026-05-09T17:26:48.460,11.3640,0.0800,30.0060
2026-05-09T17:26:48.473,11.3659,0.0800,30.0699
2026-05-09T17:26:48.488,11.3679,0.0800,30.1395
2026-05-09T17:26:48.501,11.3698,0.0800,30.2067
2026-05-09T17:26:48.516,11.3719,0.0800,30.2815
2026-05-09T17:26:48.530,11.3736,0.0800,30.3457
2026-05-09T17:26:48.543,11.3760,0.0800,30.4349
2026-05-09T17:26:48.557,11.3774,0.0800,30.4906
2026-05-09T17:26:48.571,11.3791,0.0800,30.5574
2026-05-09T17:26:48.585,11.3809,0.0800,30.6262
2026-05-09T17:26:48.599,11.3827,0.0800,30.6947
2026-05-09T17:26:48.613,11.3845,0.0800,30.7632
2026-05-09T17:26:48.627,11.3863,0.0800,30.8332
2026-05-09T17:26:48.640,11.3881,0.0800,30.9005
2026-05-09T17:26:48.655,11.3899,0.0800,30.9680
2026-05-09T17:26:48.669,11.3917,0.0800,31.0356
2026-05-09T17:26:48.682,11.3934,0.0800,31.1061
2026-05-09T17:26:48.696,11.3943,0.0800,31.1725
2026-05-09T17:26:48.710,11.3949,0.0800,31.2365
2026-05-09T17:26:48.724,11.3950,0.0800,31.3004
2026-05-09T17:26:48.738,11.3945,0.0800,31.3660
2026-05-09T17:26:48.752,11.3932,0.0800,31.4303
2026-05-09T17:26:48.766,11.3916,0.0800,31.4883
2026-05-09T17:26:48.780,11.3893,0.0800,31.5546
2026-05-09T17:26:48.793,11.3863,0.0800,31.6157
2026-05-09T17:26:48.807,11.3829,0.0800,31.6768
2026-05-09T17:26:48.821,11.3790,0.0800,31.7341
2026-05-09T17:26:48.835,11.3743,0.0800,31.7924
2026-05-09T17:26:48.849,11.3689,0.0800,31.8542
2026-05-09T17:26:48.862,11.3633,0.0800,31.9110
2026-05-09T17:26:48.876,11.3567,0.0800,31.9686
2026-05-09T17:26:48.891,11.3495,0.0800,32.0267
2026-05-09T17:26:48.904,11.3420,0.0800,32.0827
2026-05-09T17:26:48.917,11.3331,0.0800,32.1446
2026-05-09T17:26:48.932,11.3245,0.0800,32.1972
2026-05-09T17:26:48.945,11.3144,0.0800,32.2569
2026-05-09T17:26:48.959,11.3035,0.0800,32.3169
2026-05-09T17:26:48.973,11.2917,0.0800,32.3769
2026-05-09T17:26:48.987,11.2787,0.0800,32.4409
2026-05-09T17:26:49.001,11.2647,0.0800,32.5075
2026-05-09T17:26:49.015,11.2490,0.0800,32.5788
2026-05-09T17:26:49.028,11.2354,0.0800,32.6407
2026-05-09T17:26:49.042,11.2204,0.0800,32.7088
2026-05-09T17:26:49.056,11.2056,0.0800,32.7764
2026-05-09T17:26:49.070,11.1908,0.0800,32.8436
2026-05-09T17:26:49.084,11.1748,0.0800,32.9166
2026-05-09T17:26:49.097,11.1609,0.0800,32.9795
2026-05-09T17:26:49.112,11.1451,0.0800,33.0509
2026-05-09T17:26:49.126,11.1314,0.0800,33.1123
2026-05-09T17:26:49.139,11.1152,0.0800,33.1848
2026-05-09T17:26:49.153,11.1003,0.0800,33.2511
2026-05-09T17:26:49.167,11.0859,0.0800,33.3149
2026-05-09T17:26:49.181,11.0694,0.0800,33.3878
2026-05-09T17:26:49.195,11.0550,0.0800,33.4511
2026-05-09T17:26:49.209,11.0396,0.0800,33.5187
2026-05-09T17:26:49.222,11.0244,0.0800,33.5857
2026-05-09T17:26:49.236,11.0091,0.0800,33.6522
2026-05-09T17:26:49.250,10.9947,0.0800,33.7164
2026-05-09T17:26:49.264,10.9798,0.0800,33.7838
2026-05-09T17:26:49.278,10.9648,0.0800,33.8537
2026-05-09T17:26:49.292,10.9523,0.0800,33.9136
2026-05-09T17:26:49.305,10.9385,0.0800,33.9809
2026-05-09T17:26:49.319,10.9251,0.0800,34.0478
2026-05-09T17:26:49.334,10.9130,0.0800,34.1098
2026-05-09T17:26:49.348,10.8988,0.0800,34.1837
2026-05-09T17:26:49.361,10.8871,0.0800,34.2469
2026-05-09T17:26:49.375,10.8750,0.0800,34.3134
2026-05-09T17:26:49.390,10.8632,0.0800,34.3795
2026-05-09T17:26:49.403,10.8515,0.0800,34.4468
2026-05-09T17:26:49.417,10.8397,0.0800,34.5173
2026-05-09T17:26:49.431,10.8301,0.0800,34.5766
2026-05-09T17:26:49.445,10.8191,0.0800,34.6455
2026-05-09T17:26:49.458,10.8087,0.0800,34.7132
2026-05-09T17:26:49.472,10.7985,0.0800,34.7828
2026-05-09T17:26:49.486,10.7896,0.0800,34.8450
2026-05-09T17:26:49.500,10.7805,0.0800,34.9117
2026-05-09T17:26:49.514,10.7711,0.0800,34.9831
2026-05-09T17:26:49.528,10.7630,0.0800,35.0474
2026-05-09T17:26:49.541,10.7549,0.0800,35.1143
2026-05-09T17:26:49.556,10.7472,0.0800,35.1823
2026-05-09T17:26:49.570,10.7401,0.0800,35.2462
2026-05-09T17:26:49.584,10.7326,0.0800,35.3178
2026-05-09T17:26:49.597,10.7261,0.0800,35.3823
2026-05-09T17:26:49.611,10.7192,0.0800,35.4542
2026-05-09T17:26:49.625,10.7136,0.0800,35.5160
2026-05-09T17:26:49.638,10.7076,0.0800,35.5855
2026-05-09T17:26:49.654,10.7023,0.0800,35.6503
2026-05-09T17:26:49.668,10.6971,0.0800,35.7180
2026-05-09T17:26:49.681,10.6909,0.0800,35.7976
2026-05-09T17:26:49.695,10.6860,0.0800,35.8599
2026-05-09T17:26:49.709,10.6807,0.0800,35.9273
2026-05-09T17:26:49.723,10.6752,0.0800,35.9978
2026-05-09T17:26:49.737,10.6697,0.0800,36.0675
2026-05-09T17:26:49.751,10.6642,0.0800,36.1375
2026-05-09T17:26:49.765,10.6589,0.0800,36.2056
2026-05-09T17:26:49.778,10.6534,0.0800,36.2780
2026-05-09T17:26:49.793,10.6482,0.0800,36.3401
2026-05-09T17:26:49.806,10.6426,0.0800,36.4056
2026-05-09T17:26:49.820,10.6365,0.0800,36.4714
2026-05-09T17:26:49.834,10.6303,0.0800,36.5337
2026-05-09T17:26:49.848,10.6230,0.0800,36.6047
2026-05-09T17:26:49.862,10.6160,0.0800,36.6673
2026-05-09T17:26:49.876,10.6083,0.0800,36.7310
2026-05-09T17:26:49.890,10.6005,0.0800,36.7927
2026-05-09T17:26:49.904,10.5916,0.0800,36.8583
2026-05-09T17:26:49.918,10.5824,0.0800,36.9208
2026-05-09T17:26:49.932,10.5730,0.0800,36.9804
2026-05-09T17:26:49.945,10.5613,0.0800,37.0520
2026-05-09T17:26:49.959,10.5515,0.0800,37.1081
2026-05-09T17:26:49.973,10.5407,0.0800,37.1667
2026-05-09T17:26:49.987,10.5291,0.0800,37.2272
2026-05-09T17:26:50.001,10.5160,0.0800,37.2923
2026-05-09T17:26:50.015,10.5015,0.0800,37.3612
2026-05-09T17:26:50.029,10.4884,0.0800,37.4217
2026-05-09T17:26:50.043,10.4736,0.0800,37.4878
2026-05-09T17:26:50.056,10.4576,0.0800,37.5576
2026-05-09T17:26:50.070,10.4418,0.0800,37.6267
2026-05-09T17:26:50.085,10.4273,0.0800,37.6900
2026-05-09T17:26:50.098,10.4124,0.0800,37.7552
2026-05-09T17:26:50.112,10.3962,0.0800,37.8260
2026-05-09T17:26:50.126,10.3810,0.0800,37.8920
2026-05-09T17:26:50.140,10.3657,0.0800,37.9587
2026-05-09T17:26:50.154,10.3500,0.0800,38.0270
2026-05-09T17:26:50.168,10.3353,0.0800,38.0912
2026-05-09T17:26:50.182,10.3187,0.0800,38.1633
2026-05-09T17:26:50.196,10.3034,0.0800,38.2299
2026-05-09T17:26:50.210,10.2882,0.0800,38.2961
2026-05-09T17:26:50.224,10.2721,0.0800,38.3664
2026-05-09T17:26:50.237,10.2564,0.0800,38.4350
2026-05-09T17:26:50.252,10.2416,0.0800,38.4999
2026-05-09T17:26:50.265,10.2266,0.0800,38.5654
2026-05-09T17:26:50.279,10.2104,0.0800,38.6362
2026-05-09T17:26:50.293,10.1956,0.0800,38.7012
2026-05-09T17:26:50.307,10.1800,0.0800,38.7696
2026-05-09T17:26:50.321,10.1651,0.0800,38.8348
2026-05-09T17:26:50.335,10.1499,0.0800,38.9011
2026-05-09T17:26:50.349,10.1331,0.0800,38.9740
2026-05-09T17:26:50.362,10.1180,0.0800,39.0397
2026-05-09T17:26:50.376,10.1031,0.0800,39.1043
2026-05-09T17:26:50.391,10.0877,0.0800,39.1712
2026-05-09T17:26:50.404,10.0719,0.0800,39.2395
2026-05-09T17:26:50.418,10.0560,0.0800,39.3080
2026-05-09T17:26:50.432,10.0410,0.0800,39.3730
2026-05-09T17:26:50.446,10.0243,0.0800,39.4452
2026-05-09T17:26:50.460,10.0093,0.0800,39.5098
2026-05-09T17:26:50.473,9.9941,0.0800,39.5756
2026-05-09T17:26:50.488,9.9785,0.0800,39.6428
2026-05-09T17:26:50.501,9.9636,0.0800,39.7072
2026-05-09T17:26:50.515,9.9465,0.0800,39.7809
2026-05-09T17:26:50.529,9.9327,0.0800,39.8404
2026-05-09T17:26:50.543,9.9165,0.0800,39.9102
2026-05-09T17:26:50.557,9.9006,0.0800,39.9786
2026-05-09T17:26:50.571,9.8846,0.0800,40.0472
2026-05-09T17:26:50.585,9.8695,0.0800,40.1122
2026-05-09T17:26:50.598,9.8538,0.0800,40.1796
2026-05-09T17:26:50.613,9.8373,0.0800,40.2503
2026-05-09T17:26:50.627,9.8229,0.0800,40.3118
2026-05-09T17:26:50.640,9.8060,0.0800,40.3839
2026-05-09T17:26:50.655,9.7910,0.0800,40.4481
2026-05-09T17:26:50.668,9.7758,0.0800,40.5128
2026-05-09T17:26:50.682,9.7592,0.0800,40.5839
2026-05-09T17:26:50.696,9.7439,0.0800,40.6492
2026-05-09T17:26:50.710,9.7285,0.0800,40.7148
2026-05-09T17:26:50.724,9.7125,0.0800,40.7835
2026-05-09T17:26:50.737,9.6960,0.0800,40.8539
2026-05-09T17:26:50.751,9.6807,0.0800,40.9189
2026-05-09T17:26:50.765,9.6660,0.0800,40.9821
2026-05-09T17:26:50.778,9.6485,0.0800,41.0572
2026-05-09T17:26:50.793,9.6347,0.0800,41.1161
2026-05-09T17:26:50.806,9.6188,0.0800,41.1845
2026-05-09T17:26:50.820,9.6030,0.0800,41.2527
2026-05-09T17:26:50.834,9.5884,0.0800,41.3159
2026-05-09T17:26:50.848,9.5724,0.0800,41.3851
2026-05-09T17:26:50.861,9.5575,0.0800,41.4500
2026-05-09T17:26:50.875,9.5419,0.0800,41.5176
2026-05-09T17:26:50.889,9.5272,0.0800,41.5818
2026-05-09T17:26:50.903,9.5116,0.0800,41.6502
2026-05-09T17:26:50.916,9.4957,0.0800,41.7201
2026-05-09T17:26:50.931,9.4804,0.0800,41.7870
2026-05-09T17:26:50.944,9.4656,0.0800,41.8520
2026-05-09T17:26:50.958,9.4504,0.0800,41.9189
2026-05-09T17:26:50.972,9.4349,0.0800,41.9868
2026-05-09T17:26:50.987,9.4197,0.0800,42.0532
2026-05-09T17:26:51.000,9.4038,0.0800,42.1227
2026-05-09T17:26:51.014,9.3861,0.0800,42.1990
2026-05-09T17:26:51.028,9.3728,0.0800,42.2567
2026-05-09T17:26:51.042,9.3562,0.0800,42.3277
2026-05-09T17:26:51.056,9.3402,0.0800,42.3962
2026-05-09T17:26:51.070,9.3243,0.0800,42.4637
2026-05-09T17:26:51.083,9.3082,0.0800,42.5316
2026-05-09T17:26:51.097,9.2926,0.0800,42.5971
2026-05-09T17:26:51.111,9.2765,0.0800,42.6648
2026-05-09T17:26:51.125,9.2610,0.0800,42.7298
2026-05-09T17:26:51.139,9.2443,0.0800,42.7999
2026-05-09T17:26:51.153,9.2280,0.0800,42.8679
2026-05-09T17:26:51.167,9.2132,0.0800,42.9307
2026-05-09T17:26:51.180,9.1974,0.0800,42.9959
2026-05-09T17:26:51.195,9.1819,0.0800,43.0575
2026-05-09T17:26:51.208,9.1665,0.0800,43.1175
2026-05-09T17:26:51.222,9.1505,0.0800,43.1772
2026-05-09T17:26:51.236,9.1361,0.0800,43.2281
2026-05-09T17:26:51.250,9.1211,0.0800,43.2793
2026-05-09T17:26:51.264,9.1054,0.0800,43.3304
2026-05-09T17:26:51.277,9.0906,0.0800,43.3759
2026-05-09T17:26:51.291,9.0755,0.0800,43.4186
2026-05-09T17:26:51.305,9.0612,0.0800,43.4585
2026-05-09T17:26:51.319,9.0444,0.0800,43.5029
2026-05-09T17:26:51.333,9.0281,0.0800,43.5423
2026-05-09T17:26:51.347,9.0098,0.0800,43.5860
2026-05-09T17:26:51.361,8.9933,0.0800,43.6235
2026-05-09T17:26:51.374,8.9750,0.0800,43.6624
2026-05-09T17:26:51.389,8.9572,0.0800,43.6994
2026-05-09T17:26:51.403,8.9387,0.0800,43.7366
2026-05-09T17:26:51.416,8.9167,0.0800,43.7788
2026-05-09T17:26:51.431,8.8979,0.0800,43.8122
2026-05-09T17:26:51.444,8.8780,0.0800,43.8474
2026-05-09T17:26:51.458,8.8553,0.0800,43.8860
2026-05-09T17:26:51.472,8.8330,0.0800,43.9213
2026-05-09T17:26:51.486,8.8105,0.0800,43.9565
2026-05-09T17:26:51.499,8.7875,0.0800,43.9913
2026-05-09T17:26:51.513,8.7622,0.0800,44.0271
2026-05-09T17:26:51.528,8.7383,0.0800,44.0605
2026-05-09T17:26:51.541,8.7132,0.0800,44.0943
2026-05-09T17:26:51.555,8.6865,0.0800,44.1281
2026-05-09T17:26:51.569,8.6605,0.0800,44.1604
2026-05-09T17:26:51.583,8.6329,0.0800,44.1938
2026-05-09T17:26:51.597,8.6041,0.0800,44.2273
2026-05-09T17:26:51.610,8.5775,0.0800,44.2562
2026-05-09T17:26:51.625,8.5488,0.0800,44.2874
2026-05-09T17:26:51.638,8.5196,0.0800,44.3179
2026-05-09T17:26:51.653,8.4882,0.0800,44.3490
2026-05-09T17:26:51.666,8.4588,0.0800,44.3776
2026-05-09T17:26:51.680,8.4214,0.0800,44.4128
2026-05-09T17:26:51.695,8.3925,0.0800,44.4382
2026-05-09T17:26:51.708,8.3574,0.0800,44.4691
2026-05-09T17:26:51.722,8.3217,0.0800,44.4994
2026-05-09T17:26:51.736,8.2874,0.0800,44.5267
2026-05-09T17:26:51.749,8.2504,0.0800,44.5560
2026-05-09T17:26:51.763,8.2154,0.0800,44.5828
2026-05-09T17:26:51.777,8.1782,0.0800,44.6097
2026-05-09T17:26:51.792,8.1379,0.0800,44.6385
2026-05-09T17:26:51.805,8.0944,0.0800,44.6685
2026-05-09T17:26:51.819,8.0496,0.0800,44.6984
2026-05-09T17:26:51.833,8.0066,0.0800,44.7255
2026-05-09T17:26:51.847,7.9581,0.0800,44.7559
2026-05-09T17:26:51.860,7.9083,0.0800,44.7860
2026-05-09T17:26:51.875,7.8573,0.0800,44.8156
2026-05-09T17:26:51.889,7.8038,0.0800,44.8463
2026-05-09T17:26:51.902,7.7476,0.0800,44.8778
2026-05-09T17:26:51.916,7.6904,0.0800,44.9087
2026-05-09T17:26:51.930,7.6350,0.0800,44.9382
2026-05-09T17:26:51.944,7.5734,0.0800,44.9705
2026-05-09T17:26:51.958,7.5143,0.0800,45.0007
2026-05-09T17:26:51.972,7.4533,0.0800,45.0314
2026-05-09T17:26:51.986,7.3914,0.0800,45.0625
2026-05-09T17:26:51.999,7.3299,0.0800,45.0935
2026-05-09T17:26:52.014,7.2624,0.0800,45.1276
2026-05-09T17:26:52.027,7.2096,0.0800,45.1542
2026-05-09T17:26:52.040,7.1443,0.0800,45.1872
2026-05-09T17:26:52.055,7.0850,0.0800,45.2171
2026-05-09T17:26:52.069,7.0267,0.0800,45.2466
2026-05-09T17:26:52.083,6.9590,0.0800,45.2808
2026-05-09T17:26:52.096,6.8992,0.0800,45.3113
2026-05-09T17:26:52.110,6.8416,0.0800,45.3401
2026-05-09T17:26:52.124,6.7905,0.0800,45.3654
2026-05-09T17:26:52.137,6.7320,0.0800,45.3938
2026-05-09T17:26:52.152,6.6770,0.0800,45.4196
2026-05-09T17:26:52.166,6.6270,0.0800,45.4427
2026-05-09T17:26:52.179,6.5699,0.0800,45.4685
2026-05-09T17:26:52.194,6.5191,0.0800,45.4900
2026-05-09T17:26:52.207,6.4686,0.0800,45.5112
2026-05-09T17:26:52.221,6.4165,0.0800,45.5323
2026-05-09T17:26:52.236,6.3690,0.0800,45.5503
2026-05-09T17:26:52.250,6.3158,0.0800,45.5702
2026-05-09T17:26:52.263,6.2636,0.0800,45.5889
2026-05-09T17:26:52.276,6.2132,0.0800,45.6061
2026-05-09T17:26:52.291,6.1671,0.0800,45.6204
2026-05-09T17:26:52.305,6.1240,0.0800,45.6336
2026-05-09T17:26:52.318,6.0716,0.0800,45.6489
2026-05-09T17:26:52.333,6.0221,0.0800,45.6619
2026-05-09T17:26:52.346,5.9717,0.0800,45.6749
2026-05-09T17:26:52.360,5.9246,0.0800,45.6862
2026-05-09T17:26:52.374,5.8761,0.0800,45.6966
2026-05-09T17:26:52.388,5.8254,0.0800,45.7073
2026-05-09T17:26:52.402,5.7750,0.0800,45.7170
2026-05-09T17:26:52.416,5.7246,0.0800,45.7254
2026-05-09T17:26:52.430,5.6781,0.0800,45.7330
2026-05-09T17:26:52.444,5.6260,0.0800,45.7406
2026-05-09T17:26:52.458,5.5756,0.0800,45.7472
2026-05-09T17:26:52.471,5.5258,0.0800,45.7524
2026-05-09T17:26:52.486,5.4750,0.0800,45.7574
2026-05-09T17:26:52.500,5.4267,0.0800,45.7614
2026-05-09T17:26:52.514,5.3700,0.0800,45.7647
2026-05-09T17:26:52.528,5.3225,0.0800,45.7672
2026-05-09T17:26:52.541,5.2693,0.0800,45.7691
2026-05-09T17:26:52.556,5.2206,0.0800,45.7695
2026-05-09T17:26:52.569,5.1729,0.0800,45.7698
2026-05-09T17:26:52.583,5.1179,0.0800,45.7693
2026-05-09T17:26:52.597,5.0702,0.0800,45.7675
2026-05-09T17:26:52.611,5.0214,0.0800,45.7656
2026-05-09T17:26:52.625,4.9686,0.0800,45.7627
2026-05-09T17:26:52.638,4.9181,0.0800,45.7592
2026-05-09T17:26:52.653,4.8674,0.0800,45.7543
2026-05-09T17:26:52.666,4.8206,0.0800,45.7497
2026-05-09T17:26:52.680,4.7652,0.0800,45.7434
2026-05-09T17:26:52.695,4.7192,0.0800,45.7368
2026-05-09T17:26:52.709,4.6676,0.0800,45.7293
2026-05-09T17:26:52.722,4.6177,0.0800,45.7213
2026-05-09T17:26:52.736,4.5669,0.0800,45.7118
2026-05-09T17:26:52.750,4.5174,0.0800,45.7023
2026-05-09T17:26:52.764,4.4645,0.0800,45.6913
2026-05-09T17:26:52.777,4.4118,0.0800,45.6796
2026-05-09T17:26:52.791,4.3584,0.0800,45.6664
2026-05-09T17:26:52.806,4.3106,0.0800,45.6544
2026-05-09T17:26:52.819,4.2545,0.0800,45.6395
2026-05-09T17:26:52.834,4.2021,0.0800,45.6243
2026-05-09T17:26:52.848,4.1435,0.0800,45.6070
2026-05-09T17:26:52.861,4.0865,0.0800,45.5894
2026-05-09T17:26:52.875,4.0307,0.0800,45.5708
2026-05-09T17:26:52.890,3.9750,0.0800,45.5522
2026-05-09T17:26:52.904,3.9137,0.0800,45.5310
2026-05-09T17:26:52.917,3.8538,0.0800,45.5096
2026-05-09T17:26:52.932,3.7966,0.0800,45.4880
2026-05-09T17:26:52.945,3.7372,0.0800,45.4652
2026-05-09T17:26:52.959,3.6756,0.0800,45.4410
2026-05-09T17:26:52.973,3.6184,0.0800,45.4174
2026-05-09T17:26:52.988,3.5571,0.0800,45.3918
2026-05-09T17:26:53.001,3.4804,0.0800,45.3591
2026-05-09T17:26:53.015,3.4228,0.0800,45.3345
2026-05-09T17:26:53.029,3.3650,0.0800,45.3098
2026-05-09T17:26:53.042,3.2985,0.0800,45.2815
2026-05-09T17:26:53.057,3.2362,0.0800,45.2550
2026-05-09T17:26:53.071,3.1765,0.0800,45.2298
2026-05-09T17:26:53.085,3.1116,0.0800,45.2024
2026-05-09T17:26:53.098,3.0477,0.0800,45.1760
2026-05-09T17:26:53.112,2.9839,0.0800,45.1504
2026-05-09T17:26:53.126,2.9247,0.0800,45.1271
2026-05-09T17:26:53.140,2.8612,0.0800,45.1027
2026-05-09T17:26:53.155,2.7974,0.0800,45.0789
2026-05-09T17:26:53.168,2.7368,0.0800,45.0568
2026-05-09T17:26:53.182,2.6667,0.0800,45.0318
2026-05-09T17:26:53.196,2.6065,0.0800,45.0110
2026-05-09T17:26:53.210,2.5437,0.0800,44.9897
2026-05-09T17:26:53.224,2.4816,0.0800,44.9691
2026-05-09T17:26:53.238,2.4154,0.0800,44.9476
2026-05-09T17:26:53.252,2.3516,0.0800,44.9276
2026-05-09T17:26:53.266,2.2894,0.0800,44.9083
2026-05-09T17:26:53.279,2.2191,0.0800,44.8870
2026-05-09T17:26:53.294,2.1595,0.0800,44.8697
2026-05-09T17:26:53.307,2.0976,0.0800,44.8518
2026-05-09T17:26:53.321,2.0322,0.0800,44.8333
2026-05-09T17:26:53.335,1.9685,0.0800,44.8160
2026-05-09T17:26:53.349,1.9028,0.0800,44.7983
2026-05-09T17:26:53.363,1.8404,0.0800,44.7819
2026-05-09T17:26:53.376,1.7732,0.0800,44.7647
2026-05-09T17:26:53.391,1.7107,0.0800,44.7493
2026-05-09T17:26:53.405,1.6502,0.0800,44.7345
2026-05-09T17:26:53.418,1.5828,0.0800,44.7184
2026-05-09T17:26:53.433,1.5179,0.0800,44.7035
2026-05-09T17:26:53.446,1.4499,0.0800,44.6881
2026-05-09T17:26:53.460,1.3888,0.0800,44.6746
2026-05-09T17:26:53.474,1.3244,0.0800,44.6610
2026-05-09T17:26:53.488,1.2617,0.0800,44.6480
2026-05-09T17:26:53.502,1.1927,0.0800,44.6340
2026-05-09T17:26:53.516,1.1277,0.0800,44.6217
2026-05-09T17:26:53.530,1.0631,0.0800,44.6096
2026-05-09T17:26:53.544,0.9940,0.0800,44.5971
2026-05-09T17:26:53.557,0.9320,0.0800,44.5864
2026-05-09T17:26:53.572,0.8677,0.0800,44.5761
2026-05-09T17:26:53.586,0.8048,0.0800,44.5662
2026-05-09T17:26:53.600,0.7371,0.0800,44.5560
2026-05-09T17:26:53.614,0.6626,0.0800,44.5456
2026-05-09T17:26:53.628,0.6042,0.0800,44.5378
2026-05-09T17:26:53.641,0.5336,0.0800,44.5288
2026-05-09T17:26:53.656,0.4707,0.0800,44.5214
2026-05-09T17:26:53.669,0.4083,0.0800,44.5143
2026-05-09T17:26:53.683,0.3375,0.0800,44.5066
2026-05-09T17:26:53.697,0.2739,0.0800,44.5004
2026-05-09T17:26:53.711,0.2088,0.0800,44.4942
2026-05-09T17:26:53.725,0.1413,0.0800,44.4881
2026-05-09T17:26:53.738,0.0748,0.0800,44.4825
2026-05-09T17:26:53.753,0.0060,0.0800,44.4773
2026-05-09T17:26:53.767,-0.0556,0.0800,44.4728
2026-05-09T17:26:53.781,-0.1284,0.0800,44.4681
2026-05-09T17:26:53.795,-0.1980,0.0800,44.4636
2026-05-09T17:26:53.808,-0.2704,0.0800,44.4588
2026-05-09T17:26:53.822,-0.3321,0.0800,44.4550
2026-05-09T17:26:53.836,-0.3959,0.0800,44.4505
2026-05-09T17:26:53.850,-0.4604,0.0800,44.4457
2026-05-09T17:26:53.864,-0.5224,0.0800,44.4405
2026-05-09T17:26:53.877,-0.5925,0.0800,44.4339
2026-05-09T17:26:53.892,-0.6494,0.0800,44.4278
2026-05-09T17:26:53.905,-0.7122,0.0800,44.4208
2026-05-09T17:26:53.919,-0.7776,0.0800,44.4129
2026-05-09T17:26:53.933,-0.8398,0.0800,44.4045
2026-05-09T17:26:53.948,-0.9068,0.0800,44.3952
2026-05-09T17:26:53.961,-0.9661,0.0800,44.3864
2026-05-09T17:26:53.975,-1.0341,0.0800,44.3756
2026-05-09T17:26:53.989,-1.0970,0.0800,44.3654
2026-05-09T17:26:54.003,-1.1650,0.0800,44.3539
2026-05-09T17:26:54.017,-1.2369,0.0800,44.3413
2026-05-09T17:26:54.031,-1.2993,0.0800,44.3298
2026-05-09T17:26:54.045,-1.3666,0.0800,44.3171
2026-05-09T17:26:54.058,-1.4342,0.0800,44.3040
2026-05-09T17:26:54.073,-1.5019,0.0800,44.2909
2026-05-09T17:26:54.087,-1.5663,0.0800,44.2783
2026-05-09T17:26:54.100,-1.6368,0.0800,44.2645
2026-05-09T17:26:54.115,-1.7071,0.0800,44.2508
2026-05-09T17:26:54.128,-1.7734,0.0800,44.2378
2026-05-09T17:26:54.142,-1.8432,0.0800,44.2241
2026-05-09T17:26:54.157,-1.9085,0.0800,44.2113
2026-05-09T17:26:54.170,-1.9780,0.0800,44.1975
2026-05-09T17:26:54.185,-2.0480,0.0800,44.1836
2026-05-09T17:26:54.198,-2.1142,0.0800,44.1705
2026-05-09T17:26:54.212,-2.1827,0.0800,44.1567
2026-05-09T17:26:54.226,-2.2469,0.0800,44.1438
2026-05-09T17:26:54.239,-2.3135,0.0800,44.1304
2026-05-09T17:26:54.254,-2.3794,0.0800,44.1170
2026-05-09T17:26:54.268,-2.4441,0.0800,44.1038
2026-05-09T17:26:54.281,-2.5186,0.0800,44.0886
2026-05-09T17:26:54.296,-2.5823,0.0800,44.0755
2026-05-09T17:26:54.310,-2.6473,0.0800,44.0620
2026-05-09T17:26:54.324,-2.7153,0.0800,44.0479
2026-05-09T17:26:54.337,-2.7863,0.0800,44.0331
2026-05-09T17:26:54.351,-2.8539,0.0800,44.0188
2026-05-09T17:26:54.365,-2.9158,0.0800,44.0057
2026-05-09T17:26:54.379,-2.9862,0.0800,43.9908
2026-05-09T17:26:54.393,-3.0493,0.0800,43.9774
2026-05-09T17:26:54.407,-3.1109,0.0800,43.9637
2026-05-09T17:26:54.421,-3.1735,0.0800,43.9491
2026-05-09T17:26:54.435,-3.2355,0.0800,43.9338
2026-05-09T17:26:54.449,-3.2986,0.0800,43.9176
2026-05-09T17:26:54.463,-3.3587,0.0800,43.9014
2026-05-09T17:26:54.476,-3.4261,0.0800,43.8825
2026-05-09T17:26:54.490,-3.4822,0.0800,43.8658
2026-05-09T17:26:54.505,-3.5383,0.0800,43.8485
2026-05-09T17:26:54.518,-3.6001,0.0800,43.8288
2026-05-09T17:26:54.533,-3.6632,0.0800,43.8077
2026-05-09T17:26:54.547,-3.7268,0.0800,43.7856
2026-05-09T17:26:54.560,-3.7836,0.0800,43.7652
2026-05-09T17:26:54.573,-3.8453,0.0800,43.7421
2026-05-09T17:26:54.587,-3.9005,0.0800,43.7208
2026-05-09T17:26:54.601,-3.9550,0.0800,43.6992
2026-05-09T17:26:54.616,-4.0169,0.0800,43.6738
2026-05-09T17:26:54.629,-4.0742,0.0800,43.6496
2026-05-09T17:26:54.643,-4.1338,0.0800,43.6237
2026-05-09T17:26:54.657,-4.1933,0.0800,43.5971
2026-05-09T17:26:54.671,-4.2479,0.0800,43.5833
2026-05-09T17:26:54.685,-4.3050,0.0800,43.5832
2026-05-09T17:26:54.699,-4.3634,0.0800,43.5830
2026-05-09T17:26:54.712,-4.4265,0.0800,43.5667
2026-05-09T17:26:54.728,-4.4821,0.0800,43.5386
2026-05-09T17:26:54.740,-4.5359,0.0800,43.5106
2026-05-09T17:26:54.755,-4.5952,0.0800,43.4790
2026-05-09T17:26:54.768,-4.6458,0.0800,43.4515
2026-05-09T17:26:54.782,-4.7068,0.0800,43.4176
2026-05-09T17:26:54.797,-4.7601,0.0800,43.3873
2026-05-09T17:26:54.810,-4.8201,0.0800,43.3528
2026-05-09T17:26:54.824,-4.8795,0.0800,43.3180
2026-05-09T17:26:54.837,-4.9343,0.0800,43.2855
2026-05-09T17:26:54.852,-4.9927,0.0800,43.2503
2026-05-09T17:26:54.866,-5.0459,0.0800,43.2179
2026-05-09T17:26:54.880,-5.1076,0.0800,43.1799
2026-05-09T17:26:54.894,-5.1628,0.0800,43.1454
2026-05-09T17:26:54.907,-5.2207,0.0800,43.1088
2026-05-09T17:26:54.921,-5.2739,0.0800,43.0747
2026-05-09T17:26:54.936,-5.3236,0.0800,43.0423
2026-05-09T17:26:54.949,-5.3823,0.0800,43.0034
2026-05-09T17:26:54.963,-5.4330,0.0800,42.9691
2026-05-09T17:26:54.976,-5.4822,0.0800,42.9353
2026-05-09T17:26:54.991,-5.5337,0.0800,42.8993
2026-05-09T17:26:55.005,-5.5857,0.0800,42.8622
2026-05-09T17:26:55.018,-5.6391,0.0800,42.8235
2026-05-09T17:26:55.033,-5.6879,0.0800,42.7874
2026-05-09T17:26:55.047,-5.7428,0.0800,42.7460
2026-05-09T17:26:55.060,-5.7914,0.0800,42.7088
2026-05-09T17:26:55.074,-5.8421,0.0800,42.6692
2026-05-09T17:26:55.088,-5.8881,0.0800,42.6328
2026-05-09T17:26:55.102,-5.9367,0.0800,42.5935
2026-05-09T17:26:55.116,-5.9878,0.0800,42.5515
2026-05-09T17:26:55.130,-6.0351,0.0800,42.5120
2026-05-09T17:26:55.144,-6.0863,0.0800,42.4684
2026-05-09T17:26:55.157,-6.1328,0.0800,42.4281
2026-05-09T17:26:55.171,-6.1806,0.0800,42.3857
2026-05-09T17:26:55.186,-6.2250,0.0800,42.3457
2026-05-09T17:26:55.199,-6.2719,0.0800,42.3025
2026-05-09T17:26:55.213,-6.3238,0.0800,42.2538
2026-05-09T17:26:55.227,-6.3634,0.0800,42.2157
2026-05-09T17:26:55.241,-6.4098,0.0800,42.1705
2026-05-09T17:26:55.255,-6.4530,0.0800,42.1272
2026-05-09T17:26:55.269,-6.4990,0.0800,42.0805
2026-05-09T17:26:55.282,-6.5458,0.0800,42.0319
2026-05-09T17:26:55.296,-6.5857,0.0800,41.9894
2026-05-09T17:26:55.310,-6.6302,0.0800,41.9414
2026-05-09T17:26:55.324,-6.6708,0.0800,41.8967
2026-05-09T17:26:55.337,-6.7138,0.0800,41.8484
2026-05-09T17:26:55.351,-6.7557,0.0800,41.8002
2026-05-09T17:26:55.366,-6.7920,0.0800,41.7577
2026-05-09T17:26:55.379,-6.8349,0.0800,41.7068
2026-05-09T17:26:55.393,-6.8744,0.0800,41.6584
2026-05-09T17:26:55.407,-6.9133,0.0800,41.6100
2026-05-09T17:26:55.420,-6.9513,0.0800,41.5617
2026-05-09T17:26:55.434,-6.9872,0.0800,41.5146
2026-05-09T17:26:55.449,-7.0224,0.0800,41.4677
2026-05-09T17:26:55.462,-7.0591,0.0800,41.4177
2026-05-09T17:26:55.476,-7.0950,0.0800,41.3673
2026-05-09T17:26:55.490,-7.1299,0.0800,41.3174
2026-05-09T17:26:55.503,-7.1661,0.0800,41.2643
2026-05-09T17:26:55.517,-7.2001,0.0800,41.2133
2026-05-09T17:26:55.532,-7.2317,0.0800,41.1643
2026-05-09T17:26:55.545,-7.2673,0.0800,41.1082
2026-05-09T17:26:55.559,-7.3004,0.0800,41.0550
2026-05-09T17:26:55.573,-7.3359,0.0800,40.9964
2026-05-09T17:26:55.587,-7.3665,0.0800,40.9448
2026-05-09T17:26:55.601,-7.4003,0.0800,40.8867
2026-05-09T17:26:55.614,-7.4334,0.0800,40.8282
2026-05-09T17:26:55.629,-7.4638,0.0800,40.7738
2026-05-09T17:26:55.642,-7.4960,0.0800,40.7156
2026-05-09T17:26:55.657,-7.5271,0.0800,40.6586
2026-05-09T17:26:55.670,-7.5576,0.0800,40.6028
2026-05-09T17:26:55.684,-7.5904,0.0800,40.5431
2026-05-09T17:26:55.698,-7.6202,0.0800,40.4886
2026-05-09T17:26:55.712,-7.6508,0.0800,40.4321
2026-05-09T17:26:55.726,-7.6796,0.0800,40.3790
2026-05-09T17:26:55.739,-7.7109,0.0800,40.3209
2026-05-09T17:26:55.754,-7.7400,0.0800,40.2656
2026-05-09T17:26:55.767,-7.7659,0.0800,40.2161
2026-05-09T17:26:55.781,-7.7964,0.0800,40.1564
2026-05-09T17:26:55.795,-7.8219,0.0800,40.1042
2026-05-09T17:26:55.809,-7.8622,0.0800,40.0872
2026-05-09T17:26:55.822,-7.9030,0.0800,40.0619
2026-05-09T17:26:55.836,-7.9415,0.0800,40.0282
2026-05-09T17:26:55.850,-7.9761,0.0800,39.9847
2026-05-09T17:26:55.864,-8.0023,0.0800,39.9316
2026-05-09T17:26:55.877,-8.0263,0.0800,39.8720
2026-05-09T17:26:55.891,-8.0448,0.0800,39.8233
2026-05-09T17:26:55.905,-8.0654,0.0800,39.7682
2026-05-09T17:26:55.918,-8.0849,0.0800,39.7139
2026-05-09T17:26:55.932,-8.1021,0.0800,39.6629
2026-05-09T17:26:55.946,-8.1197,0.0800,39.6094
2026-05-09T17:26:55.960,-8.1355,0.0800,39.5591
2026-05-09T17:26:55.973,-8.1519,0.0800,39.5034
2026-05-09T17:26:55.988,-8.1660,0.0800,39.4539
2026-05-09T17:26:56.001,-8.1797,0.0800,39.4035
2026-05-09T17:26:56.015,-8.1932,0.0800,39.3496
2026-05-09T17:26:56.029,-8.2047,0.0800,39.3021
2026-05-09T17:26:56.042,-8.2166,0.0800,39.2503
2026-05-09T17:26:56.057,-8.2270,0.0800,39.1995
2026-05-09T17:26:56.070,-8.2367,0.0800,39.1510
2026-05-09T17:26:56.084,-8.2463,0.0800,39.0993
2026-05-09T17:26:56.098,-8.2544,0.0800,39.0515
2026-05-09T17:26:56.112,-8.2616,0.0800,39.0019
2026-05-09T17:26:56.126,-8.2684,0.0800,38.9531
2026-05-09T17:26:56.139,-8.2748,0.0800,38.9015
2026-05-09T17:26:56.153,-8.2796,0.0800,38.8531
2026-05-09T17:26:56.167,-8.2841,0.0800,38.8057
2026-05-09T17:26:56.181,-8.2883,0.0800,38.7513
2026-05-09T17:26:56.195,-8.2907,0.0800,38.7048
2026-05-09T17:26:56.208,-8.2931,0.0800,38.6544
2026-05-09T17:26:56.222,-8.2947,0.0800,38.6026
2026-05-09T17:26:56.236,-8.2951,0.0800,38.5546
2026-05-09T17:26:56.250,-8.2951,0.0800,38.5040
2026-05-09T17:26:56.263,-8.2944,0.0800,38.4539
2026-05-09T17:26:56.277,-8.2930,0.0800,38.4035
2026-05-09T17:26:56.291,-8.2904,0.0800,38.3553
2026-05-09T17:26:56.305,-8.2874,0.0800,38.3047
2026-05-09T17:26:56.319,-8.2835,0.0800,38.2531
2026-05-09T17:26:56.333,-8.2786,0.0800,38.2035
2026-05-09T17:26:56.347,-8.2732,0.0800,38.1527
2026-05-09T17:26:56.360,-8.2671,0.0800,38.1029
2026-05-09T17:26:56.374,-8.2597,0.0800,38.0524
2026-05-09T17:26:56.389,-8.2525,0.0800,38.0058
2026-05-09T17:26:56.402,-8.2442,0.0800,37.9561
2026-05-09T17:26:56.416,-8.2340,0.0800,37.9032
2026-05-09T17:26:56.430,-8.2247,0.0800,37.8570
2026-05-09T17:26:56.444,-8.2140,0.0800,37.8078
2026-05-09T17:26:56.457,-8.2019,0.0800,37.7558
2026-05-09T17:26:56.471,-8.1900,0.0800,37.7102
2026-05-09T17:26:56.486,-8.1774,0.0800,37.6628
2026-05-09T17:26:56.499,-8.1645,0.0800,37.6174
2026-05-09T17:26:56.513,-8.1477,0.0800,37.5629
2026-05-09T17:26:56.528,-8.1352,0.0800,37.5240
2026-05-09T17:26:56.540,-8.1199,0.0800,37.4786
2026-05-09T17:26:56.555,-8.1038,0.0800,37.4346
2026-05-09T17:26:56.569,-8.0884,0.0800,37.3934
2026-05-09T17:26:56.582,-8.0695,0.0800,37.3452
2026-05-09T17:26:56.597,-8.0523,0.0800,37.3049
2026-05-09T17:26:56.610,-8.0342,0.0800,37.2628
2026-05-09T17:26:56.625,-8.0142,0.0800,37.2185
2026-05-09T17:26:56.638,-7.9954,0.0800,37.1783
2026-05-09T17:26:56.652,-7.9749,0.0800,37.1377
2026-05-09T17:26:56.666,-7.9554,0.0800,37.0995
2026-05-09T17:26:56.679,-7.9328,0.0800,37.0567
2026-05-09T17:26:56.694,-7.9122,0.0800,37.0208
2026-05-09T17:26:56.707,-7.8907,0.0800,36.9832
2026-05-09T17:26:56.721,-7.8671,0.0800,36.9435
2026-05-09T17:26:56.735,-7.8443,0.0800,36.9078
2026-05-09T17:26:56.749,-7.8199,0.0800,36.8697
2026-05-09T17:26:56.763,-7.7966,0.0800,36.8348
2026-05-09T17:26:56.777,-7.7721,0.0800,36.8002
2026-05-09T17:26:56.791,-7.7470,0.0800,36.7650
2026-05-09T17:26:56.805,-7.7213,0.0800,36.7304
2026-05-09T17:26:56.818,-7.6952,0.0800,36.6963
2026-05-09T17:26:56.833,-7.6689,0.0800,36.6641
2026-05-09T17:26:56.847,-7.6398,0.0800,36.6287
2026-05-09T17:26:56.861,-7.6123,0.0800,36.5965
2026-05-09T17:26:56.874,-7.5841,0.0800,36.5654
2026-05-09T17:26:56.888,-7.5555,0.0800,36.5340
2026-05-09T17:26:56.902,-7.5257,0.0800,36.5024
2026-05-09T17:26:56.916,-7.4960,0.0800,36.4728
2026-05-09T17:26:56.930,-7.4681,0.0800,36.4452
2026-05-09T17:26:56.944,-7.4395,0.0800,36.4179
2026-05-09T17:26:56.958,-7.4092,0.0800,36.3898
2026-05-09T17:26:56.972,-7.3794,0.0800,36.3642
2026-05-09T17:26:56.985,-7.3492,0.0800,36.3382
2026-05-09T17:26:56.999,-7.3186,0.0800,36.3128
2026-05-09T17:26:57.013,-7.2866,0.0800,36.2880
2026-05-09T17:26:57.027,-7.2560,0.0800,36.2645
2026-05-09T17:26:57.041,-7.2245,0.0800,36.2412
2026-05-09T17:26:57.055,-7.1924,0.0800,36.2190
2026-05-09T17:26:57.069,-7.1590,0.0800,36.1960
2026-05-09T17:26:57.082,-7.1224,0.0800,36.1718
2026-05-09T17:26:57.096,-7.0924,0.0800,36.1536
2026-05-09T17:26:57.110,-7.0613,0.0800,36.1346
2026-05-09T17:26:57.125,-7.0268,0.0800,36.1143
2026-05-09T17:26:57.138,-6.9931,0.0800,36.0953
2026-05-09T17:26:57.152,-6.9620,0.0800,36.0856
2026-05-09T17:26:57.166,-6.9313,0.0800,36.0843
2026-05-09T17:26:57.179,-6.8959,0.0800,36.0828
2026-05-09T17:26:57.194,-6.8679,0.0800,36.0815
2026-05-09T17:26:57.208,-6.8353,0.0800,36.0801
2026-05-09T17:26:57.222,-6.8034,0.0800,36.0786
2026-05-09T17:26:57.236,-6.7721,0.0800,36.0772
2026-05-09T17:26:57.250,-6.7381,0.0800,36.0757
2026-05-09T17:26:57.264,-6.7051,0.0800,36.0742
2026-05-09T17:26:57.277,-6.6746,0.0800,36.0727
2026-05-09T17:26:57.292,-6.6429,0.0800,36.0713
2026-05-09T17:26:57.305,-6.6109,0.0800,36.0698
2026-05-09T17:26:57.320,-6.5767,0.0800,36.0683
2026-05-09T17:26:57.334,-6.5472,0.0800,36.0668
2026-05-09T17:26:57.348,-6.5123,0.0800,36.0653
2026-05-09T17:26:57.361,-6.4814,0.0800,36.0639
2026-05-09T17:26:57.375,-6.4477,0.0800,36.0624
2026-05-09T17:26:57.389,-6.4168,0.0800,36.0609
2026-05-09T17:26:57.403,-6.3826,0.0800,36.0594
2026-05-09T17:26:57.417,-6.3496,0.0800,36.0579
2026-05-09T17:26:57.431,-6.3173,0.0800,36.0563
2026-05-09T17:26:57.444,-6.2859,0.0800,36.0548
2026-05-09T17:26:57.459,-6.2521,0.0800,36.0533
2026-05-09T17:26:57.472,-6.2213,0.0800,36.0524
2026-05-09T17:26:57.486,-6.1876,0.0800,36.0512
2026-05-09T17:26:57.500,-6.1577,0.0800,36.0507
2026-05-09T17:26:57.514,-6.1225,0.0800,36.0515
2026-05-09T17:26:57.528,-6.0881,0.0800,36.0523
2026-05-09T17:26:57.541,-6.0598,0.0800,36.0536
2026-05-09T17:26:57.556,-6.0279,0.0800,36.0562
2026-05-09T17:26:57.570,-5.9981,0.0800,36.0587
2026-05-09T17:26:57.584,-5.9629,0.0800,36.0622
2026-05-09T17:26:57.597,-5.9305,0.0800,36.0661
2026-05-09T17:26:57.611,-5.9011,0.0800,36.0711
2026-05-09T17:26:57.626,-5.8695,0.0800,36.0762
2026-05-09T17:26:57.639,-5.8378,0.0800,36.0819
2026-05-09T17:26:57.654,-5.8064,0.0800,36.0890
2026-05-09T17:26:57.668,-5.7772,0.0800,36.0955
2026-05-09T17:26:57.681,-5.7420,0.0800,36.1040
2026-05-09T17:26:57.695,-5.7154,0.0800,36.1120
2026-05-09T17:26:57.710,-5.6845,0.0800,36.1207
2026-05-09T17:26:57.723,-5.6528,0.0800,36.1304
2026-05-09T17:26:57.737,-5.6207,0.0800,36.1409
2026-05-09T17:26:57.751,-5.5932,0.0800,36.1514
2026-05-09T17:26:57.765,-5.5642,0.0800,36.1622
2026-05-09T17:26:57.778,-5.5326,0.0800,36.1746
2026-05-09T17:26:57.792,-5.5064,0.0800,36.1864
2026-05-09T17:26:57.806,-5.4793,0.0800,36.1983
2026-05-09T17:26:57.820,-5.4475,0.0800,36.2130
2026-05-09T17:26:57.835,-5.4233,0.0800,36.2258
2026-05-09T17:26:57.849,-5.3917,0.0800,36.2418
2026-05-09T17:26:57.862,-5.3637,0.0800,36.2569
2026-05-09T17:26:57.877,-5.3369,0.0800,36.2729
2026-05-09T17:26:57.891,-5.3101,0.0800,36.2888
2026-05-09T17:26:57.904,-5.2812,0.0800,36.3066
2026-05-09T17:26:57.918,-5.2548,0.0800,36.3236
2026-05-09T17:26:57.932,-5.2304,0.0800,36.3411
2026-05-09T17:26:57.946,-5.2036,0.0800,36.3599
2026-05-09T17:26:57.960,-5.1789,0.0800,36.3780
2026-05-09T17:26:57.973,-5.1563,0.0800,36.3962
2026-05-09T17:26:57.987,-5.1314,0.0800,36.4160
2026-05-09T17:26:58.001,-5.1087,0.0800,36.4348
2026-05-09T17:26:58.016,-5.0856,0.0800,36.4557
2026-05-09T17:26:58.029,-5.0633,0.0800,36.4756
2026-05-09T17:26:58.043,-5.0392,0.0800,36.4979
2026-05-09T17:26:58.057,-5.0185,0.0800,36.5192
2026-05-09T17:26:58.071,-4.9970,0.0800,36.5409
2026-05-09T17:26:58.085,-4.9746,0.0800,36.5643
2026-05-09T17:26:58.099,-4.9539,0.0800,36.5869
2026-05-09T17:26:58.112,-4.9344,0.0800,36.6103
2026-05-09T17:26:58.127,-4.9154,0.0800,36.6327
2026-05-09T17:26:58.140,-4.8967,0.0800,36.6556
2026-05-09T17:26:58.155,-4.8783,0.0800,36.6803
2026-05-09T17:26:58.169,-4.8618,0.0800,36.7023
2026-05-09T17:26:58.181,-4.8435,0.0800,36.7276
2026-05-09T17:26:58.195,-4.8290,0.0800,36.7501
2026-05-09T17:26:58.209,-4.8143,0.0800,36.7723
2026-05-09T17:26:58.223,-4.8007,0.0800,36.7934
2026-05-09T17:26:58.238,-4.7868,0.0800,36.8158
2026-05-09T17:26:58.251,-4.7775,0.0800,36.8331
2026-05-09T17:26:58.265,-4.7665,0.0800,36.8524
2026-05-09T17:26:58.278,-4.7586,0.0800,36.8665
2026-05-09T17:26:58.294,-4.7525,0.0800,36.8798
2026-05-09T17:26:58.306,-4.7485,0.0800,36.8866
2026-05-09T17:26:58.321,-4.7443,0.0800,36.8941
2026-05-09T17:26:58.335,-4.7460,0.0800,36.8904
2026-05-09T17:26:58.349,-4.7479,0.0800,36.8821
2026-05-09T17:26:58.362,-4.7525,0.0800,36.8658
2026-05-09T17:26:58.376,-4.7601,0.0800,36.8417
2026-05-09T17:26:58.391,-4.7676,0.0800,36.8135
2026-05-09T17:26:58.405,-4.7770,0.0800,36.7763
2026-05-09T17:26:58.418,-4.7860,0.0800,36.7376
2026-05-09T17:26:58.432,-4.7964,0.0800,36.6939
2026-05-09T17:26:58.446,-4.8055,0.0800,36.6491
2026-05-09T17:26:58.460,-4.8148,0.0800,36.6000
2026-05-09T17:26:58.473,-4.8249,0.0800,36.5464
2026-05-09T17:26:58.488,-4.8333,0.0800,36.4939
2026-05-09T17:26:58.501,-4.8407,0.0800,36.4437
2026-05-09T17:26:58.516,-4.8497,0.0800,36.3816
2026-05-09T17:26:58.529,-4.8561,0.0800,36.3295
2026-05-09T17:26:58.542,-4.8631,0.0800,36.2674
2026-05-09T17:26:58.557,-4.8690,0.0800,36.2131
2026-05-09T17:26:58.571,-4.8741,0.0800,36.1567
2026-05-09T17:26:58.584,-4.8795,0.0800,36.1303
2026-05-09T17:26:58.598,-4.8836,0.0800,36.1303
2026-05-09T17:26:58.612,-4.8876,0.0800,36.1303
2026-05-09T17:26:58.626,-4.8905,0.0800,36.1304
2026-05-09T17:26:58.639,-4.8928,0.0800,36.1305
2026-05-09T17:26:58.655,-4.8949,0.0800,36.1305
2026-05-09T17:26:58.668,-4.8958,0.0800,36.1305
2026-05-09T17:26:58.682,-4.8953,0.0800,36.1306
2026-05-09T17:26:58.696,-4.8954,0.0800,36.1305
2026-05-09T17:26:58.710,-4.8950,0.0800,36.1305
2026-05-09T17:26:58.724,-4.8933,0.0800,36.1307
2026-05-09T17:26:58.737,-4.8910,0.0800,36.1307
2026-05-09T17:26:58.751,-4.8892,0.0800,36.1307
2026-05-09T17:26:58.766,-4.8892,0.0800,36.1299
2026-05-09T17:26:58.834,-4.8904,0.0800,36.1512
2026-05-09T17:26:58.849,-4.8928,0.0800,36.2001
2026-05-09T17:26:58.862,-4.8963,0.0800,36.2600
2026-05-09T17:26:58.876,-4.9015,0.0800,36.3308
2026-05-09T17:26:58.890,-4.9064,0.0800,36.3950
2026-05-09T17:26:58.905,-4.9121,0.0800,36.4628
2026-05-09T17:26:58.918,-4.9181,0.0800,36.5314
2026-05-09T17:26:58.932,-4.9255,0.0800,36.6057
2026-05-09T17:26:58.946,-4.9314,0.0800,36.6677
2026-05-09T17:26:58.959,-4.9381,0.0800,36.7385
2026-05-09T17:26:58.973,-4.9441,0.0800,36.8029
2026-05-09T17:26:58.988,-4.9502,0.0800,36.8684
2026-05-09T17:26:59.002,-4.9564,0.0800,36.9373
2026-05-09T17:26:59.015,-4.9636,0.0800,37.0156
2026-05-09T17:26:59.029,-4.9694,0.0800,37.0710
2026-05-09T17:26:59.043,-4.9758,0.0800,37.1335
2026-05-09T17:26:59.061,-4.9830,0.0800,37.1949
2026-05-09T17:26:59.071,-4.9903,0.0800,37.2575
2026-05-09T17:26:59.085,-4.9997,0.0800,37.3335
2026-05-09T17:26:59.099,-5.0045,0.0800,37.3677
2026-05-09T17:26:59.112,-5.0123,0.0800,37.4178
2026-05-09T17:26:59.127,-5.0189,0.0800,37.4597
2026-05-09T17:26:59.139,-5.0260,0.0800,37.5009
2026-05-09T17:26:59.155,-5.0344,0.0800,37.5403
2026-05-09T17:26:59.168,-5.0407,0.0800,37.5714
2026-05-09T17:26:59.182,-5.0492,0.0800,37.6096
2026-05-09T17:26:59.196,-5.0569,0.0800,37.6372
2026-05-09T17:26:59.210,-5.0652,0.0800,37.6689
2026-05-09T17:26:59.224,-5.0741,0.0800,37.7005
2026-05-09T17:26:59.238,-5.0833,0.0800,37.7310
2026-05-09T17:26:59.252,-5.0930,0.0800,37.7580
2026-05-09T17:26:59.266,-5.1034,0.0800,37.7882
2026-05-09T17:26:59.279,-5.1161,0.0800,37.8229
2026-05-09T17:26:59.294,-5.1264,0.0800,37.8460
2026-05-09T17:26:59.307,-5.1385,0.0800,37.8753
2026-05-09T17:26:59.322,-5.1509,0.0800,37.9039
2026-05-09T17:26:59.336,-5.1638,0.0800,37.9299
2026-05-09T17:26:59.350,-5.1791,0.0800,37.9617
2026-05-09T17:26:59.364,-5.1912,0.0800,37.9856
2026-05-09T17:26:59.376,-5.2062,0.0800,38.0138
2026-05-09T17:26:59.391,-5.2199,0.0800,38.0152
2026-05-09T17:26:59.405,-5.2320,0.0800,38.0165
2026-05-09T17:26:59.419,-5.2402,0.0800,38.0181
2026-05-09T17:26:59.433,-5.2439,0.0800,38.0181
2026-05-09T17:26:59.446,-5.2437,0.0800,38.0196
2026-05-09T17:26:59.460,-5.2392,0.0800,38.0155
2026-05-09T17:26:59.473,-5.2314,0.0800,38.0055
2026-05-09T17:26:59.488,-5.2192,0.0800,37.9925
2026-05-09T17:26:59.501,-5.2003,0.0800,37.9720
2026-05-09T17:26:59.516,-5.1761,0.0800,37.9452
2026-05-09T17:26:59.530,-5.1528,0.0800,37.9217
2026-05-09T17:26:59.544,-5.1212,0.0800,37.8907
2026-05-09T17:26:59.557,-5.0938,0.0800,37.8648
2026-05-09T17:26:59.571,-5.0610,0.0800,37.8336
2026-05-09T17:26:59.586,-5.0282,0.0800,37.8043
2026-05-09T17:26:59.600,-4.9905,0.0800,37.7716
2026-05-09T17:26:59.614,-4.9454,0.0800,37.7326
2026-05-09T17:26:59.628,-4.9102,0.0800,37.7038
2026-05-09T17:26:59.641,-4.8676,0.0800,37.6697
2026-05-09T17:26:59.656,-4.8235,0.0800,37.6345
2026-05-09T17:26:59.670,-4.7825,0.0800,37.6033
2026-05-09T17:26:59.683,-4.7313,0.0800,37.5653
2026-05-09T17:26:59.698,-4.6876,0.0800,37.5338
2026-05-09T17:26:59.711,-4.6422,0.0800,37.5012
2026-05-09T17:26:59.725,-4.6158,0.0800,37.4713
2026-05-09T17:26:59.739,-4.6161,0.0800,37.4393
2026-05-09T17:26:59.754,-4.6161,0.0800,37.4082
2026-05-09T17:26:59.768,-4.6164,0.0800,37.3813
2026-05-09T17:26:59.781,-4.6168,0.0800,37.3494
2026-05-09T17:26:59.795,-4.6167,0.0800,37.3207
2026-05-09T17:26:59.810,-4.6171,0.0800,37.2929
2026-05-09T17:26:59.824,-4.6175,0.0800,37.2651
2026-05-09T17:26:59.837,-4.6179,0.0800,37.2387
2026-05-09T17:26:59.851,-4.6179,0.0800,37.2134
2026-05-09T17:26:59.865,-4.6183,0.0800,37.1900
2026-05-09T17:26:59.878,-4.6188,0.0800,37.1643
2026-05-09T17:26:59.893,-4.6188,0.0800,37.1426
2026-05-09T17:26:59.907,-4.6192,0.0800,37.1229
2026-05-09T17:26:59.921,-4.6198,0.0800,37.1021
2026-05-09T17:26:59.935,-4.6198,0.0800,37.0822
2026-05-09T17:26:59.949,-4.6204,0.0800,37.0636
2026-05-09T17:26:59.963,-4.6211,0.0800,37.0474
2026-05-09T17:26:59.977,-4.6211,0.0800,37.0315
2026-05-09T17:26:59.991,-4.6217,0.0800,37.0171
2026-05-09T17:27:00.005,-4.6225,0.0800,37.0032
2026-05-09T17:27:00.018,-4.6232,0.0800,36.9903
2026-05-09T17:27:00.033,-4.6232,0.0800,36.9777
2026-05-09T17:27:00.046,-4.6239,0.0800,36.9676
2026-05-09T17:27:00.060,-4.6248,0.0800,36.9567
2026-05-09T17:27:00.074,-4.6247,0.0800,36.9469
2026-05-09T17:27:00.089,-4.6256,0.0800,36.9387
2026-05-09T17:27:00.102,-4.6265,0.0800,36.9315
2026-05-09T17:27:00.116,-4.6266,0.0800,36.9236
2026-05-09T17:27:00.130,-4.6275,0.0800,36.9183
2026-05-09T17:27:00.143,-4.6284,0.0800,36.9134
2026-05-09T17:27:00.157,-4.6287,0.0800,36.9123
2026-05-09T17:27:00.172,-4.6284,0.0800,36.9121
2026-05-09T17:27:00.269,-4.6418,0.0800,36.9139
2026-05-09T17:27:00.282,-4.6996,0.0800,36.9216
2026-05-09T17:27:00.297,-4.7584,0.0800,36.9304
2026-05-09T17:27:00.311,-4.8157,0.0800,36.9391
2026-05-09T17:27:00.325,-4.8822,0.0800,36.9499
2026-05-09T17:27:00.338,-4.9466,0.0800,36.9611
2026-05-09T17:27:00.352,-5.0060,0.0800,36.9724
2026-05-09T17:27:00.366,-5.0639,0.0800,36.9835
2026-05-09T17:27:00.379,-5.1316,0.0800,36.9972
2026-05-09T17:27:00.394,-5.1915,0.0800,37.0103
2026-05-09T17:27:00.408,-5.2522,0.0800,37.0237
2026-05-09T17:27:00.421,-5.3163,0.0800,37.0384
2026-05-09T17:27:00.436,-5.3758,0.0800,37.0530
2026-05-09T17:27:00.450,-5.4380,0.0800,37.0685
2026-05-09T17:27:00.464,-5.4996,0.0800,37.0843
2026-05-09T17:27:00.477,-5.5666,0.0800,37.1022
2026-05-09T17:27:00.492,-5.6256,0.0800,37.1190
2026-05-09T17:27:00.505,-5.6902,0.0800,37.1374
2026-05-09T17:27:00.519,-5.7490,0.0800,37.1547
2026-05-09T17:27:00.533,-5.8103,0.0800,37.1736
2026-05-09T17:27:00.546,-5.8760,0.0800,37.1940
2026-05-09T17:27:00.561,-5.9362,0.0800,37.2133
2026-05-09T17:27:00.575,-5.9937,0.0800,37.2325
2026-05-09T17:27:00.589,-6.0582,0.0800,37.2541
2026-05-09T17:27:00.602,-6.1199,0.0800,37.2754
2026-05-09T17:27:00.617,-6.1841,0.0800,37.2984
2026-05-09T17:27:00.631,-6.2425,0.0800,37.3194
2026-05-09T17:27:00.644,-6.3083,0.0800,37.3437
2026-05-09T17:27:00.658,-6.3671,0.0800,37.3658
2026-05-09T17:27:00.672,-6.4273,0.0800,37.3893
2026-05-09T17:27:00.686,-6.4870,0.0800,37.4127
2026-05-09T17:27:00.700,-6.5471,0.0800,37.4367
2026-05-09T17:27:00.713,-6.6149,0.0800,37.4648
2026-05-09T17:27:00.727,-6.6713,0.0800,37.4883
2026-05-09T17:27:00.740,-6.7323,0.0800,37.5143
2026-05-09T17:27:00.756,-6.7880,0.0800,37.5390
2026-05-09T17:27:00.770,-6.8465,0.0800,37.5649
2026-05-09T17:27:00.784,-6.9128,0.0800,37.5948
2026-05-09T17:27:00.797,-6.9705,0.0800,37.6215
2026-05-09T17:27:00.811,-7.0314,0.0800,37.6505
2026-05-09T17:27:00.825,-7.0878,0.0800,37.6776
2026-05-09T17:27:00.838,-7.1481,0.0800,37.7071
2026-05-09T17:27:00.853,-7.2023,0.0800,37.7346
2026-05-09T17:27:00.867,-7.2592,0.0800,37.7634
2026-05-09T17:27:00.880,-7.3251,0.0800,37.7974
2026-05-09T17:27:00.895,-7.3806,0.0800,37.8272
2026-05-09T17:27:00.909,-7.4352,0.0800,37.8565
2026-05-09T17:27:00.923,-7.4948,0.0800,37.8890
2026-05-09T17:27:00.937,-7.5524,0.0800,37.9214
2026-05-09T17:27:00.950,-7.6107,0.0800,37.9544
2026-05-09T17:27:00.964,-7.6667,0.0800,37.9866
2026-05-09T17:27:00.977,-7.7237,0.0800,38.0199
2026-05-09T17:27:00.992,-7.7781,0.0800,38.0526
2026-05-09T17:27:01.005,-7.8386,0.0800,38.0804
2026-05-09T17:27:01.019,-7.8950,0.0800,38.1149
2026-05-09T17:27:01.034,-7.9469,0.0800,38.1476
2026-05-09T17:27:01.047,-8.0072,0.0800,38.1857
2026-05-09T17:27:01.061,-8.0594,0.0800,38.2191
2026-05-09T17:27:01.075,-8.1116,0.0800,38.2537
2026-05-09T17:27:01.089,-8.1608,0.0800,38.2863
2026-05-09T17:27:01.103,-8.2111,0.0800,38.3204
2026-05-09T17:27:01.117,-8.2648,0.0800,38.3579
2026-05-09T17:27:01.131,-8.3150,0.0800,38.3934
2026-05-09T17:27:01.145,-8.3666,0.0800,38.4305
2026-05-09T17:27:01.158,-8.4144,0.0800,38.4658
2026-05-09T17:27:01.172,-8.4646,0.0800,38.5040
2026-05-09T17:27:01.187,-8.5108,0.0800,38.5395
2026-05-09T17:27:01.200,-8.5581,0.0800,38.5765
2026-05-09T17:27:01.215,-8.6115,0.0800,38.6198
2026-05-09T17:27:01.228,-8.6562,0.0800,38.6563
2026-05-09T17:27:01.242,-8.7062,0.0800,38.6980
2026-05-09T17:27:01.256,-8.7513,0.0800,38.7370
2026-05-09T17:27:01.269,-8.7975,0.0800,38.7771
2026-05-09T17:27:01.283,-8.8448,0.0800,38.8191
2026-05-09T17:27:01.296,-8.8886,0.0800,38.8588
2026-05-09T17:27:01.310,-8.9318,0.0800,38.8991
2026-05-09T17:27:01.325,-8.9747,0.0800,38.9396
2026-05-09T17:27:01.338,-9.0205,0.0800,38.9836
2026-05-09T17:27:01.352,-9.0671,0.0800,39.0298
2026-05-09T17:27:01.367,-9.1070,0.0800,39.0698
2026-05-09T17:27:01.380,-9.1520,0.0800,39.1157
2026-05-09T17:27:01.395,-9.1951,0.0800,39.1613
2026-05-09T17:27:01.408,-9.2355,0.0800,39.2044
2026-05-09T17:27:01.422,-9.2777,0.0800,39.2502
2026-05-09T17:27:01.436,-9.3181,0.0800,39.2957
2026-05-09T17:27:01.450,-9.3584,0.0800,39.3413
2026-05-09T17:27:01.464,-9.4010,0.0800,39.3907
2026-05-09T17:27:01.477,-9.4409,0.0800,39.4380
2026-05-09T17:27:01.491,-9.4747,0.0800,39.4796
2026-05-09T17:27:07.728,-9.4772,0.0800,39.4841
2026-05-09T17:27:07.741,-9.4919,0.0800,39.5081
2026-05-09T17:27:07.755,-9.5057,0.0800,39.5343
2026-05-09T17:27:07.769,-9.5209,0.0800,39.5624
2026-05-09T17:27:07.782,-9.5370,0.0800,39.5942
2026-05-09T17:27:07.797,-9.5524,0.0800,39.6288
2026-05-09T17:27:07.810,-9.5686,0.0800,39.6653
2026-05-09T17:27:07.824,-9.5857,0.0800,39.7062
2026-05-09T17:27:07.838,-9.6010,0.0800,39.7457
2026-05-09T17:27:07.852,-9.6127,0.0800,39.7802
2026-05-09T17:27:07.866,-9.6236,0.0800,39.8116
2026-05-09T17:27:07.880,-9.6329,0.0800,39.8401
2026-05-09T17:27:07.894,-9.6389,0.0800,39.8630
2026-05-09T17:27:07.907,-9.6452,0.0800,39.8849
2026-05-09T17:27:07.921,-9.6503,0.0800,39.9033
2026-05-09T17:27:07.935,-9.6539,0.0800,39.9215
2026-05-09T17:27:07.949,-9.6585,0.0800,39.9415
2026-05-09T17:27:07.962,-9.6619,0.0800,39.9582
2026-05-09T17:27:07.977,-9.6645,0.0800,39.9773
2026-05-09T17:27:07.991,-9.6672,0.0800,39.9947
2026-05-09T17:27:08.004,-9.6700,0.0800,40.0163
2026-05-09T17:27:08.017,-9.6725,0.0800,40.0434
2026-05-09T17:27:08.032,-9.6740,0.0800,40.0770
2026-05-09T17:27:08.046,-9.6757,0.0800,40.1152
2026-05-09T17:27:08.059,-9.6766,0.0800,40.1529
2026-05-09T17:27:08.073,-9.6761,0.0800,40.1685
2026-05-09T17:27:08.087,-9.6760,0.0800,40.1781
2026-05-09T17:27:08.101,-9.6759,0.0800,40.1870
2026-05-09T17:27:08.115,-9.6759,0.0800,40.1949
2026-05-09T17:27:08.129,-9.6759,0.0800,40.2002
2026-05-09T17:27:08.142,-9.6759,0.0800,40.2015
2026-05-09T17:27:08.489,-9.6758,0.0800,40.2030
2026-05-09T17:27:08.503,-9.6754,0.0800,40.2177
2026-05-09T17:27:08.517,-9.6744,0.0800,40.2474
2026-05-09T17:27:08.531,-9.6728,0.0800,40.2939
2026-05-09T17:27:08.545,-9.6704,0.0800,40.3639
2026-05-09T17:27:08.558,-9.6679,0.0800,40.4281
2026-05-09T17:27:08.572,-9.6646,0.0800,40.4983
2026-05-09T17:27:08.587,-9.6614,0.0800,40.5597
2026-05-09T17:27:08.600,-9.6576,0.0800,40.6288
2026-05-09T17:27:08.614,-9.6531,0.0800,40.7010
2026-05-09T17:27:08.628,-9.6488,0.0800,40.7654
2026-05-09T17:27:08.641,-9.6439,0.0800,40.8344
2026-05-09T17:27:08.656,-9.6388,0.0800,40.8992
2026-05-09T17:27:08.670,-9.6338,0.0800,40.9620
2026-05-09T17:27:08.684,-9.6271,0.0800,41.0391
2026-05-09T17:27:08.697,-9.6218,0.0800,41.1015
2026-05-09T17:27:08.711,-9.6157,0.0800,41.1726
2026-05-09T17:27:08.725,-9.6103,0.0800,41.2381
2026-05-09T17:27:08.739,-9.6045,0.0800,41.3083
2026-05-09T17:27:08.753,-9.5990,0.0800,41.3769
2026-05-09T17:27:08.767,-9.5938,0.0800,41.4437
2026-05-09T17:27:08.780,-9.5879,0.0800,41.5190
2026-05-09T17:27:08.795,-9.5828,0.0800,41.5856
2026-05-09T17:27:08.808,-9.5777,0.0800,41.6522
2026-05-09T17:27:08.822,-9.5722,0.0800,41.7249
2026-05-09T17:27:08.836,-9.5672,0.0800,41.7929
2026-05-09T17:27:08.850,-9.5621,0.0800,41.8608
2026-05-09T17:27:08.864,-9.5570,0.0800,41.9311
2026-05-09T17:27:08.877,-9.5517,0.0800,42.0019
2026-05-09T17:27:08.892,-9.5474,0.0800,42.0646
2026-05-09T17:27:08.905,-9.5432,0.0800,42.1275
2026-05-09T17:27:08.919,-9.5393,0.0800,42.1952
2026-05-09T17:27:08.933,-9.5363,0.0800,42.2572
2026-05-09T17:27:08.947,-9.5335,0.0800,42.3242
2026-05-09T17:27:08.961,-9.5315,0.0800,42.3852
2026-05-09T17:27:08.975,-9.5303,0.0800,42.4497
2026-05-09T17:27:08.989,-9.5296,0.0800,42.5119
2026-05-09T17:27:09.002,-9.5294,0.0800,42.5758
2026-05-09T17:27:09.016,-9.5302,0.0800,42.6430
2026-05-09T17:27:09.031,-9.5313,0.0800,42.6999
2026-05-09T17:27:09.044,-9.5331,0.0800,42.7687
2026-05-09T17:27:09.058,-9.5356,0.0800,42.8337
2026-05-09T17:27:09.072,-9.5388,0.0800,42.8970
2026-05-09T17:27:09.086,-9.5424,0.0800,42.9596
2026-05-09T17:27:09.100,-9.5466,0.0800,43.0233
2026-05-09T17:27:09.114,-9.5521,0.0800,43.0931
2026-05-09T17:27:09.128,-9.5570,0.0800,43.1519
2026-05-09T17:27:09.141,-9.5634,0.0800,43.2219
2026-05-09T17:27:09.156,-9.5702,0.0800,43.2888
2026-05-09T17:27:09.169,-9.5771,0.0800,43.3539
2026-05-09T17:27:09.183,-9.5849,0.0800,43.4233
2026-05-09T17:27:09.197,-9.5927,0.0800,43.4859
2026-05-09T17:27:09.211,-9.6015,0.0800,43.5548
2026-05-09T17:27:09.225,-9.6107,0.0800,43.6250
2026-05-09T17:27:09.238,-9.6197,0.0800,43.6937
2026-05-09T17:27:09.252,-9.6289,0.0800,43.7631
2026-05-09T17:27:09.266,-9.6373,0.0800,43.8256
2026-05-09T17:27:09.280,-9.6473,0.0800,43.8997
2026-05-09T17:27:09.294,-9.6564,0.0800,43.9655
2026-05-09T17:27:09.308,-9.6653,0.0800,44.0303
2026-05-09T17:27:09.322,-9.6751,0.0800,44.1006
2026-05-09T17:27:09.336,-9.6848,0.0800,44.1696
2026-05-09T17:27:09.350,-9.6944,0.0800,44.2375
2026-05-09T17:27:09.364,-9.7034,0.0800,44.3007
2026-05-09T17:27:09.377,-9.7133,0.0800,44.3705
2026-05-09T17:27:09.391,-9.7233,0.0800,44.4402
2026-05-09T17:27:09.404,-9.7329,0.0800,44.5070
2026-05-09T17:27:09.418,-9.7423,0.0800,44.5726
2026-05-09T17:27:09.433,-9.7517,0.0800,44.6379
2026-05-09T17:27:09.447,-9.7624,0.0800,44.7122
2026-05-09T17:27:09.461,-9.7716,0.0800,44.7762
2026-05-09T17:27:09.475,-9.7818,0.0800,44.8478
2026-05-09T17:27:09.489,-9.7913,0.0800,44.9145
2026-05-09T17:27:09.502,-9.8011,0.0800,44.9834
2026-05-09T17:27:09.517,-9.8116,0.0800,45.0570
2026-05-09T17:27:09.531,-9.8206,0.0800,45.1205
2026-05-09T17:27:09.544,-9.8310,0.0800,45.1946
2026-05-09T17:27:09.558,-9.8403,0.0800,45.2611
2026-05-09T17:27:09.572,-9.8495,0.0800,45.3265
2026-05-09T17:27:09.586,-9.8590,0.0800,45.3940
2026-05-09T17:27:09.600,-9.8682,0.0800,45.4596
2026-05-09T17:27:09.614,-9.8786,0.0800,45.5329
2026-05-09T17:27:09.628,-9.8870,0.0800,45.5919
2026-05-09T17:27:09.641,-9.8947,0.0800,45.6452
2026-05-09T17:27:09.656,-9.9031,0.0800,45.7031
2026-05-09T17:27:09.669,-9.9108,0.0800,45.7557
2026-05-09T17:27:09.683,-9.9203,0.0800,45.8196
2026-05-09T17:27:09.697,-9.9285,0.0800,45.8746
2026-05-09T17:27:09.711,-9.9394,0.0800,45.9452
2026-05-09T17:27:09.725,-9.9489,0.0800,46.0082
2026-05-09T17:27:09.738,-9.9587,0.0800,46.0755
2026-05-09T17:27:09.753,-9.9677,0.0800,46.1401
2026-05-09T17:27:09.767,-9.9763,0.0800,46.2032
2026-05-09T17:27:09.780,-9.9861,0.0800,46.2781
2026-05-09T17:27:09.795,-9.9937,0.0800,46.3402
2026-05-09T17:27:09.808,-10.0014,0.0800,46.4049
2026-05-09T17:27:09.822,-10.0092,0.0800,46.4742
2026-05-09T17:27:09.836,-10.0161,0.0800,46.5414
2026-05-09T17:27:09.850,-10.0226,0.0800,46.6073
2026-05-09T17:27:09.864,-10.0286,0.0800,46.6731
2026-05-09T17:27:09.878,-10.0344,0.0800,46.7421
2026-05-09T17:27:09.892,-10.0394,0.0800,46.8085
2026-05-09T17:27:09.906,-10.0438,0.0800,46.8714
2026-05-09T17:27:09.920,-10.0480,0.0800,46.9378
2026-05-09T17:27:09.934,-10.0516,0.0800,47.0042
2026-05-09T17:27:09.948,-10.0542,0.0800,47.0609
2026-05-09T17:27:09.962,-10.0559,0.0800,47.1084
2026-05-09T17:27:09.975,-10.0564,0.0800,47.1527
2026-05-09T17:27:09.990,-10.0566,0.0800,47.1894
2026-05-09T17:27:10.004,-10.0564,0.0800,47.2188
2026-05-09T17:27:10.017,-10.0556,0.0800,47.2450
2026-05-09T17:27:10.032,-10.0544,0.0800,47.2642
2026-05-09T17:27:10.045,-10.0532,0.0800,47.2833
2026-05-09T17:27:10.059,-10.0516,0.0800,47.3017
2026-05-09T17:27:10.073,-10.0491,0.0800,47.3210
2026-05-09T17:27:10.087,-10.0467,0.0800,47.3391
2026-05-09T17:27:10.100,-10.0440,0.0800,47.3576
2026-05-09T17:27:10.115,-10.0381,0.0800,47.3874
2026-05-09T17:27:10.129,-10.0318,0.0800,47.4181
2026-05-09T17:27:10.142,-10.0222,0.0800,47.4602
2026-05-09T17:27:10.156,-10.0107,0.0800,47.5060
2026-05-09T17:27:10.170,-9.9978,0.0800,47.5521
2026-05-09T17:27:10.184,-9.9820,0.0800,47.6070
2026-05-09T17:27:10.198,-9.9660,0.0800,47.6601
2026-05-09T17:27:10.215,-9.9470,0.0800,47.7188
2026-05-09T17:27:10.226,-9.9284,0.0800,47.7750
2026-05-09T17:27:10.240,-9.9017,0.0800,47.8524
2026-05-09T17:27:10.254,-9.8862,0.0800,47.8947
2026-05-09T17:27:10.268,-9.8648,0.0800,47.9529
2026-05-09T17:27:10.281,-9.8405,0.0800,48.0172
2026-05-09T17:27:10.296,-9.8169,0.0800,48.0780
2026-05-09T17:27:10.309,-9.7929,0.0800,48.1391
2026-05-09T17:27:10.323,-9.7675,0.0800,48.2027
2026-05-09T17:27:10.337,-9.7430,0.0800,48.2629
2026-05-09T17:27:10.351,-9.7164,0.0800,48.3274
2026-05-09T17:27:10.365,-9.6903,0.0800,48.3911
2026-05-09T17:27:10.379,-9.6611,0.0800,48.4623
2026-05-09T17:27:10.393,-9.6372,0.0800,48.5210
2026-05-09T17:27:10.407,-9.6114,0.0800,48.5842
2026-05-09T17:27:10.421,-9.5846,0.0800,48.6499
2026-05-09T17:27:10.435,-9.5596,0.0800,48.7115
2026-05-09T17:27:10.449,-9.5320,0.0800,48.7794
2026-05-09T17:27:10.462,-9.5071,0.0800,48.8410
2026-05-09T17:27:10.476,-9.4804,0.0800,48.9070
2026-05-09T17:27:10.490,-9.4549,0.0800,48.9704
2026-05-09T17:27:10.504,-9.4302,0.0800,49.0317
2026-05-09T17:27:10.517,-9.4035,0.0800,49.0983
2026-05-09T17:27:10.532,-9.3798,0.0800,49.1573
2026-05-09T17:27:10.545,-9.3547,0.0800,49.2203
2026-05-09T17:27:10.559,-9.3296,0.0800,49.2846
2026-05-09T17:27:10.573,-9.3062,0.0800,49.3460
2026-05-09T17:27:10.587,-9.2828,0.0800,49.4082
2026-05-09T17:27:10.601,-9.2609,0.0800,49.4680
2026-05-09T17:27:10.615,-9.2375,0.0800,49.5338
2026-05-09T17:27:10.629,-9.2176,0.0800,49.5910
2026-05-09T17:27:10.642,-9.1956,0.0800,49.6558
2026-05-09T17:27:10.657,-9.1755,0.0800,49.7175
2026-05-09T17:27:10.671,-9.1559,0.0800,49.7786
2026-05-09T17:27:10.684,-9.1348,0.0800,49.8466
2026-05-09T17:27:10.698,-9.1172,0.0800,49.9051
2026-05-09T17:27:10.713,-9.0992,0.0800,49.9678
2026-05-09T17:27:10.727,-9.0819,0.0800,50.0290
2026-05-09T17:27:10.739,-9.0637,0.0800,50.0957
2026-05-09T17:27:10.754,-9.0487,0.0800,50.1537
2026-05-09T17:27:10.767,-9.0349,0.0800,50.2083
2026-05-09T17:27:10.781,-9.0173,0.0800,50.2800
2026-05-09T17:27:10.796,-9.0044,0.0800,50.3367
2026-05-09T17:27:10.809,-8.9906,0.0800,50.3979
2026-05-09T17:27:10.824,-8.9766,0.0800,50.4633
2026-05-09T17:27:10.837,-8.9638,0.0800,50.5262
2026-05-09T17:27:10.852,-8.9520,0.0800,50.5892
2026-05-09T17:27:10.865,-8.9409,0.0800,50.6504
2026-05-09T17:27:10.879,-8.9288,0.0800,50.7216
2026-05-09T17:27:10.893,-8.9199,0.0800,50.7795
2026-05-09T17:27:10.907,-8.9107,0.0800,50.8419
2026-05-09T17:27:10.921,-8.9019,0.0800,50.9066
2026-05-09T17:27:10.935,-8.8944,0.0800,50.9680
2026-05-09T17:27:10.949,-8.8869,0.0800,51.0326
2026-05-09T17:27:10.962,-8.8804,0.0800,51.0944
2026-05-09T17:27:10.976,-8.8745,0.0800,51.1577
2026-05-09T17:27:10.990,-8.8691,0.0800,51.2205
2026-05-09T17:27:11.004,-8.8637,0.0800,51.2891
2026-05-09T17:27:11.018,-8.8588,0.0800,51.3585
2026-05-09T17:27:11.032,-8.8546,0.0800,51.4249
2026-05-09T17:27:11.046,-8.8501,0.0800,51.4954
2026-05-09T17:27:11.060,-8.8457,0.0800,51.5631
2026-05-09T17:27:11.073,-8.8410,0.0800,51.6346
2026-05-09T17:27:11.087,-8.8365,0.0800,51.7022
2026-05-09T17:27:11.101,-8.8320,0.0800,51.7689
2026-05-09T17:27:11.115,-8.8270,0.0800,51.8422
2026-05-09T17:27:11.129,-8.8226,0.0800,51.9059
2026-05-09T17:27:11.143,-8.8175,0.0800,51.9796
2026-05-09T17:27:11.157,-8.8127,0.0800,52.0474
2026-05-09T17:27:11.171,-8.8076,0.0800,52.1186
2026-05-09T17:27:11.185,-8.8029,0.0800,52.1849
2026-05-09T17:27:11.198,-8.7980,0.0800,52.2536
2026-05-09T17:27:11.213,-8.7931,0.0800,52.3238
2026-05-09T17:27:11.227,-8.7885,0.0800,52.3897
2026-05-09T17:27:11.239,-8.7835,0.0800,52.4627
2026-05-09T17:27:11.255,-8.7790,0.0800,52.5306
2026-05-09T17:27:11.268,-8.7750,0.0800,52.5911
2026-05-09T17:27:11.282,-8.7700,0.0800,52.6677
2026-05-09T17:27:11.296,-8.7659,0.0800,52.7320
2026-05-09T17:27:11.310,-8.7617,0.0800,52.8002
2026-05-09T17:27:11.324,-8.7574,0.0800,52.8711
2026-05-09T17:27:11.337,-8.7532,0.0800,52.9407
2026-05-09T17:27:11.351,-8.7490,0.0800,53.0114
2026-05-09T17:27:11.365,-8.7454,0.0800,53.0745
2026-05-09T17:27:11.378,-8.7410,0.0800,53.1498
2026-05-09T17:27:11.393,-8.7373,0.0800,53.2161
2026-05-09T17:27:11.407,-8.7335,0.0800,53.2828
2026-05-09T17:27:11.421,-8.7294,0.0800,53.3560
2026-05-09T17:27:11.435,-8.7256,0.0800,53.4239
2026-05-09T17:27:11.449,-8.7217,0.0800,53.4938
2026-05-09T17:27:11.462,-8.7179,0.0800,53.5627
2026-05-09T17:27:11.476,-8.7139,0.0800,53.6333
2026-05-09T17:27:11.491,-8.7101,0.0800,53.7004
2026-05-09T17:27:11.504,-8.7062,0.0800,53.7697
2026-05-09T17:27:11.518,-8.7021,0.0800,53.8413
2026-05-09T17:27:11.532,-8.6982,0.0800,53.9086
2026-05-09T17:27:11.545,-8.6939,0.0800,53.9845
2026-05-09T17:27:11.560,-8.6900,0.0800,54.0501
2026-05-09T17:27:11.574,-8.6859,0.0800,54.1197
2026-05-09T17:27:11.588,-8.6820,0.0800,54.1863
2026-05-09T17:27:11.601,-8.6778,0.0800,54.2562
2026-05-09T17:27:11.615,-8.6734,0.0800,54.3304
2026-05-09T17:27:11.630,-8.6697,0.0800,54.3920
2026-05-09T17:27:11.643,-8.6654,0.0800,54.4609
2026-05-09T17:27:11.657,-8.6612,0.0800,54.5312
2026-05-09T17:27:11.671,-8.6580,0.0800,54.5963
2026-05-09T17:27:11.685,-8.6551,0.0800,54.6598
2026-05-09T17:27:11.699,-8.6527,0.0800,54.7232
2026-05-09T17:27:11.713,-8.6508,0.0800,54.7946
2026-05-09T17:27:11.727,-8.6497,0.0800,54.8519
2026-05-09T17:27:11.740,-8.6489,0.0800,54.9211
2026-05-09T17:27:11.754,-8.6489,0.0800,54.9838
2026-05-09T17:27:11.768,-8.6503,0.0800,55.0426
2026-05-09T17:27:11.782,-8.6765,0.0800,55.1004
2026-05-09T17:27:11.796,-8.6783,0.0800,55.1629
2026-05-09T17:27:11.810,-8.6804,0.0800,55.2262
2026-05-09T17:27:11.824,-8.6833,0.0800,55.2926
2026-05-09T17:27:11.837,-8.6869,0.0800,55.3584
2026-05-09T17:27:11.851,-8.6914,0.0800,55.4243
2026-05-09T17:27:11.865,-8.6956,0.0800,55.4807
2026-05-09T17:27:11.878,-8.7012,0.0800,55.5462
2026-05-09T17:27:11.893,-8.7074,0.0800,55.6092
2026-05-09T17:27:11.908,-8.7138,0.0800,55.6706
2026-05-09T17:27:11.922,-8.7215,0.0800,55.7382
2026-05-09T17:27:11.935,-8.7309,0.0800,55.8132
2026-05-09T17:27:11.948,-8.7392,0.0800,55.8735
2026-05-09T17:27:11.962,-8.7469,0.0800,55.9263
2026-05-09T17:27:11.976,-8.7567,0.0800,55.9894
2026-05-09T17:27:11.991,-8.7665,0.0800,56.0504
2026-05-09T17:27:12.004,-8.7784,0.0800,56.1208
2026-05-09T17:27:12.018,-8.7906,0.0800,56.1903
2026-05-09T17:27:12.033,-8.8026,0.0800,56.2553
2026-05-09T17:27:12.045,-8.8162,0.0800,56.3277
2026-05-09T17:27:12.059,-8.8284,0.0800,56.3899
2026-05-09T17:27:12.074,-8.8411,0.0800,56.4528
2026-05-09T17:27:12.089,-8.8541,0.0800,56.5172
2026-05-09T17:27:12.102,-8.8689,0.0800,56.5905
2026-05-09T17:27:12.116,-8.8833,0.0800,56.6616
2026-05-09T17:27:12.130,-8.8963,0.0800,56.7252
2026-05-09T17:27:12.143,-8.9109,0.0800,56.7976
2026-05-09T17:27:12.157,-8.9245,0.0800,56.8646
2026-05-09T17:27:12.171,-8.9372,0.0800,56.9277
2026-05-09T17:27:12.186,-8.9501,0.0800,56.9915
2026-05-09T17:27:12.199,-8.9634,0.0800,57.0588
2026-05-09T17:27:12.213,-8.9781,0.0800,57.1370
2026-05-09T17:27:12.227,-8.9889,0.0800,57.1957
2026-05-09T17:27:12.241,-8.9998,0.0800,57.2576
2026-05-09T17:27:12.255,-9.0114,0.0800,57.3262
2026-05-09T17:27:12.269,-9.0216,0.0800,57.3896
2026-05-09T17:27:12.282,-9.0318,0.0800,57.4569
2026-05-09T17:27:12.297,-9.0407,0.0800,57.5189
2026-05-09T17:27:12.310,-9.0491,0.0800,57.5812
2026-05-09T17:27:12.325,-9.0573,0.0800,57.6468
2026-05-09T17:27:12.338,-9.0648,0.0800,57.7110
2026-05-09T17:27:12.352,-9.0718,0.0800,57.7765
2026-05-09T17:27:12.366,-9.0772,0.0800,57.8317
2026-05-09T17:27:12.378,-9.0835,0.0800,57.9010
2026-05-09T17:27:12.394,-9.0884,0.0800,57.9624
2026-05-09T17:27:12.408,-9.0926,0.0800,58.0204
2026-05-09T17:27:12.421,-9.0972,0.0800,58.0918
2026-05-09T17:27:12.435,-9.1004,0.0800,58.1526
2026-05-09T17:27:12.450,-9.1033,0.0800,58.2153
2026-05-09T17:27:12.463,-9.1058,0.0800,58.2807
2026-05-09T17:27:12.476,-9.1075,0.0800,58.3440
2026-05-09T17:27:12.491,-9.1085,0.0800,58.4035
2026-05-09T17:27:12.505,-9.1090,0.0800,58.4635
2026-05-09T17:27:12.519,-9.1089,0.0800,58.5238
2026-05-09T17:27:12.533,-9.1080,0.0800,58.5763
2026-05-09T17:27:12.547,-9.1065,0.0800,58.6285
2026-05-09T17:27:12.560,-9.1049,0.0800,58.6637
2026-05-09T17:27:12.574,-9.1028,0.0800,58.6995
2026-05-09T17:27:12.589,-9.1005,0.0800,58.7297
2026-05-09T17:27:12.602,-9.0976,0.0800,58.7606
2026-05-09T17:27:12.616,-9.0940,0.0800,58.7946
2026-05-09T17:27:12.629,-9.0904,0.0800,58.8232
2026-05-09T17:27:12.643,-9.0857,0.0800,58.8569
2026-05-09T17:27:12.657,-9.0806,0.0800,58.8891
2026-05-09T17:27:12.671,-9.0745,0.0800,58.9246
2026-05-09T17:27:12.686,-9.0678,0.0800,58.9595
2026-05-09T17:27:12.699,-9.0601,0.0800,58.9964
2026-05-09T17:27:12.713,-9.0503,0.0800,59.0391
2026-05-09T17:27:12.727,-9.0423,0.0800,59.0708
2026-05-09T17:27:12.741,-9.0316,0.0800,59.1106
2026-05-09T17:27:12.755,-9.0210,0.0800,59.1470
2026-05-09T17:27:12.769,-9.0098,0.0800,59.1833
2026-05-09T17:27:12.782,-8.9973,0.0800,59.2212
2026-05-09T17:27:12.796,-8.9844,0.0800,59.2578
2026-05-09T17:27:12.810,-8.9707,0.0800,59.2946
2026-05-09T17:27:12.824,-8.9557,0.0800,59.3327
2026-05-09T17:27:12.837,-8.9404,0.0800,59.3696
2026-05-09T17:27:12.852,-8.9232,0.0800,59.4088
2026-05-09T17:27:12.866,-8.9059,0.0800,59.4464
2026-05-09T17:27:12.879,-8.8846,0.0800,59.4905
2026-05-09T17:27:12.893,-8.8645,0.0800,59.5300
2026-05-09T17:27:12.907,-8.8421,0.0800,59.5723
2026-05-09T17:27:12.921,-8.8190,0.0800,59.6144
2026-05-09T17:27:12.935,-8.7946,0.0800,59.6568
2026-05-09T17:27:12.949,-8.7674,0.0800,59.7025
2026-05-09T17:27:12.962,-8.7408,0.0800,59.7458
2026-05-09T17:27:12.976,-8.7115,0.0800,59.7918
2026-05-09T17:27:12.990,-8.6828,0.0800,59.8358
2026-05-09T17:27:13.004,-8.6509,0.0800,59.8835
2026-05-09T17:27:13.017,-8.6164,0.0800,59.9338
2026-05-09T17:27:13.032,-8.5835,0.0800,59.9806
2026-05-09T17:27:13.046,-8.5459,0.0800,60.0336
2026-05-09T17:27:13.059,-8.5085,0.0800,60.0851
2026-05-09T17:27:13.073,-8.4679,0.0800,60.1404
2026-05-09T17:27:13.088,-8.4293,0.0800,60.1924
2026-05-09T17:27:13.101,-8.3905,0.0800,60.2440
2026-05-09T17:27:13.115,-8.3455,0.0800,60.3028
2026-05-09T17:27:13.129,-8.3080,0.0800,60.3519
2026-05-09T17:27:13.142,-8.2628,0.0800,60.4107
2026-05-09T17:27:13.157,-8.2224,0.0800,60.4632
2026-05-09T17:27:13.170,-8.1758,0.0800,60.5236
2026-05-09T17:27:13.184,-8.1357,0.0800,60.5752
2026-05-09T17:27:13.197,-8.0958,0.0800,60.6266
2026-05-09T17:27:13.212,-8.0533,0.0800,60.6811
2026-05-09T17:27:13.226,-8.0134,0.0800,60.7323
2026-05-09T17:27:13.239,-7.9693,0.0800,60.7887
2026-05-09T17:27:13.254,-7.9278,0.0800,60.8418
2026-05-09T17:27:13.267,-7.8880,0.0800,60.8929
2026-05-09T17:27:13.281,-7.8412,0.0800,60.9538
2026-05-09T17:27:13.295,-7.8035,0.0800,61.0036
2026-05-09T17:27:13.309,-7.7633,0.0800,61.0570
2026-05-09T17:27:13.323,-7.7213,0.0800,61.1134
2026-05-09T17:27:13.336,-7.6844,0.0800,61.1637
2026-05-09T17:27:13.351,-7.6424,0.0800,61.2213
2026-05-09T17:27:13.364,-7.6059,0.0800,61.2720
2026-05-09T17:27:13.378,-7.5645,0.0800,61.3301
2026-05-09T17:27:13.392,-7.5289,0.0800,61.3810
2026-05-09T17:27:13.406,-7.4915,0.0800,61.4350
2026-05-09T17:27:13.420,-7.4558,0.0800,61.4873
2026-05-09T17:27:13.434,-7.4217,0.0800,61.5384
2026-05-09T17:27:13.448,-7.3840,0.0800,61.5956
2026-05-09T17:27:13.461,-7.3527,0.0800,61.6442
2026-05-09T17:27:13.475,-7.3178,0.0800,61.6994
2026-05-09T17:27:13.489,-7.2861,0.0800,61.7507
2026-05-09T17:27:13.503,-7.2525,0.0800,61.8062
2026-05-09T17:27:13.517,-7.2195,0.0800,61.8620
2026-05-09T17:27:13.531,-7.1888,0.0800,61.9154
2026-05-09T17:27:13.545,-7.1577,0.0800,61.9707
2026-05-09T17:27:13.558,-7.1273,0.0800,62.0259
2026-05-09T17:27:13.572,-7.0989,0.0800,62.0794
2026-05-09T17:27:13.587,-7.0711,0.0800,62.1325
2026-05-09T17:27:13.600,-7.0426,0.0800,62.1886
2026-05-09T17:27:13.615,-7.0126,0.0800,62.2494
2026-05-09T17:27:13.629,-6.9871,0.0800,62.3025
2026-05-09T17:27:13.642,-6.9586,0.0800,62.3630
2026-05-09T17:27:13.657,-6.9332,0.0800,62.4190
2026-05-09T17:27:13.670,-6.9088,0.0800,62.4738
2026-05-09T17:27:13.685,-6.8836,0.0800,62.5320
2026-05-09T17:27:13.698,-6.8607,0.0800,62.5862
2026-05-09T17:27:13.712,-6.8355,0.0800,62.6481
2026-05-09T17:27:13.726,-6.8142,0.0800,62.7017
2026-05-09T17:27:13.740,-6.7916,0.0800,62.7604
2026-05-09T17:27:13.754,-6.7718,0.0800,62.8140
2026-05-09T17:27:13.768,-6.7509,0.0800,62.8716
2026-05-09T17:27:13.782,-6.7299,0.0800,62.9317
2026-05-09T17:27:13.796,-6.7107,0.0800,62.9895
2026-05-09T17:27:13.810,-6.6918,0.0800,63.0477
2026-05-09T17:27:13.824,-6.6733,0.0800,63.1071
2026-05-09T17:27:13.838,-6.6563,0.0800,63.1641
2026-05-09T17:27:13.852,-6.6395,0.0800,63.2234
2026-05-09T17:27:13.866,-6.6237,0.0800,63.2814
2026-05-09T17:27:13.879,-6.6072,0.0800,63.3444
2026-05-09T17:27:13.893,-6.5939,0.0800,63.3988
2026-05-09T17:27:13.907,-6.5818,0.0800,63.4499
2026-05-09T17:27:13.921,-6.5784,0.0800,63.4654
2026-05-09T17:27:13.976,-6.5842,0.0800,63.4405
2026-05-09T17:27:13.990,-6.5907,0.0800,63.4150
2026-05-09T17:27:14.004,-6.5989,0.0800,63.3851
2026-05-09T17:27:14.018,-6.6079,0.0800,63.3549
2026-05-09T17:27:14.033,-6.6173,0.0800,63.3240
2026-05-09T17:27:14.046,-6.6289,0.0800,63.2898
2026-05-09T17:27:14.060,-6.6403,0.0800,63.2583
2026-05-09T17:27:14.074,-6.6516,0.0800,63.2283
2026-05-09T17:27:14.088,-6.6642,0.0800,63.1971
2026-05-09T17:27:14.102,-6.6771,0.0800,63.1673
2026-05-09T17:27:14.116,-6.6923,0.0800,63.1331
2026-05-09T17:27:14.130,-6.7055,0.0800,63.1059
2026-05-09T17:27:14.144,-6.7222,0.0800,63.0729
2026-05-09T17:27:14.157,-6.7371,0.0800,63.0450
2026-05-09T17:27:14.171,-6.7532,0.0800,63.0155
2026-05-09T17:27:14.185,-6.7688,0.0800,62.9888
2026-05-09T17:27:14.199,-6.7866,0.0800,62.9597
2026-05-09T17:27:14.213,-6.8048,0.0800,62.9306
2026-05-09T17:27:14.227,-6.8226,0.0800,62.9040
2026-05-09T17:27:14.240,-6.8414,0.0800,62.8770
2026-05-09T17:27:14.255,-6.8613,0.0800,62.8491
2026-05-09T17:27:14.269,-6.8793,0.0800,62.8252
2026-05-09T17:27:14.282,-6.9005,0.0800,62.7984
2026-05-09T17:27:14.296,-6.9203,0.0800,62.7737
2026-05-09T17:27:14.310,-6.9394,0.0800,62.7515
2026-05-09T17:27:14.325,-6.9596,0.0800,62.7289
2026-05-09T17:27:14.337,-6.9804,0.0800,62.7067
2026-05-09T17:27:14.352,-7.0002,0.0800,62.6858
2026-05-09T17:27:14.366,-7.0182,0.0800,62.6682
2026-05-09T17:27:14.380,-7.0396,0.0800,62.6480
2026-05-09T17:27:14.394,-7.0570,0.0800,62.6318
2026-05-09T17:27:14.407,-7.0754,0.0800,62.6161
2026-05-09T17:27:14.421,-7.0901,0.0800,62.6041
2026-05-09T17:27:14.435,-7.1037,0.0800,62.5931
2026-05-09T17:27:14.449,-7.1170,0.0800,62.5832
2026-05-09T17:27:14.463,-7.1295,0.0800,62.5745
2026-05-09T17:27:14.476,-7.1409,0.0800,62.5671
2026-05-09T17:27:14.491,-7.1502,0.0800,62.5608
2026-05-09T17:27:14.504,-7.1586,0.0800,62.5559
2026-05-09T17:27:14.518,-7.1672,0.0800,62.5512
2026-05-09T17:27:14.532,-7.1733,0.0800,62.5476
2026-05-09T17:27:14.546,-7.1797,0.0800,62.5448
2026-05-09T17:27:14.560,-7.1836,0.0800,62.5433
2026-05-09T17:27:14.573,-7.1870,0.0800,62.5417
2026-05-09T17:27:14.588,-7.1905,0.0800,62.5407
2026-05-09T17:27:14.601,-7.1934,0.0800,62.5400
2026-05-09T17:27:14.615,-7.1960,0.0800,62.5391
2026-05-09T17:27:14.630,-7.1986,0.0800,62.5386
2026-05-09T17:27:14.644,-7.2015,0.0800,62.5383
2026-05-09T17:27:14.657,-7.2043,0.0800,62.5380
2026-05-09T17:27:14.670,-7.2061,0.0800,62.5374
2026-05-09T17:27:14.685,-7.2085,0.0800,62.5373
2026-05-09T17:27:14.698,-7.2109,0.0800,62.5373
2026-05-09T17:27:14.712,-7.2129,0.0800,62.5369
2026-05-09T17:27:14.727,-7.2149,0.0800,62.5371
2026-05-09T17:27:14.740,-7.2172,0.0800,62.5373
2026-05-09T17:27:14.754,-7.2188,0.0800,62.5371
2026-05-09T17:27:14.768,-7.2207,0.0800,62.5374
2026-05-09T17:27:14.781,-7.2230,0.0800,62.5378
2026-05-09T17:27:14.796,-7.2245,0.0800,62.5377
2026-05-09T17:27:14.809,-7.2265,0.0800,62.5382
2026-05-09T17:27:14.824,-7.2287,0.0800,62.5388
2026-05-09T17:27:14.837,-7.2307,0.0800,62.5394
2026-05-09T17:27:14.851,-7.2323,0.0800,62.5394
2026-05-09T17:27:14.865,-7.2342,0.0800,62.5400
2026-05-09T17:27:14.879,-7.2364,0.0800,62.5409
2026-05-09T17:27:14.893,-7.2379,0.0800,62.5409
2026-05-09T17:27:14.906,-7.2398,0.0800,62.5418
2026-05-09T17:27:14.920,-7.2417,0.0800,62.5427
2026-05-09T17:27:14.934,-7.2432,0.0800,62.5429
2026-05-09T17:27:14.948,-7.2452,0.0800,62.5440
2026-05-09T17:27:14.962,-7.2469,0.0800,62.5449
2026-05-09T17:27:14.976,-7.2485,0.0800,62.5453
2026-05-09T17:27:14.990,-7.2501,0.0800,62.5464
2026-05-09T17:27:15.004,-7.2518,0.0800,62.5476
2026-05-09T17:27:15.017,-7.2532,0.0800,62.5488
2026-05-09T17:27:15.046,-7.2534,0.0800,62.5496
2026-05-09T17:27:15.059,-7.2536,0.0800,62.5504
2026-05-09T17:27:15.073,-7.2511,0.0800,62.5496
2026-05-09T17:27:15.087,-7.2479,0.0800,62.5491
2026-05-09T17:27:15.100,-7.2404,0.0800,62.5468
2026-05-09T17:27:15.114,-7.2304,0.0800,62.5424
2026-05-09T17:27:15.128,-7.2194,0.0800,62.5379
2026-05-09T17:27:15.142,-7.2002,0.0800,62.5293
2026-05-09T17:27:15.156,-7.1809,0.0800,62.5192
2026-05-09T17:27:15.170,-7.1562,0.0800,62.5065
2026-05-09T17:27:15.183,-7.1291,0.0800,62.4918
2026-05-09T17:27:15.197,-7.1016,0.0800,62.4762
2026-05-09T17:27:15.211,-7.0705,0.0800,62.4568
2026-05-09T17:27:15.225,-7.0397,0.0800,62.4375
2026-05-09T17:27:15.238,-7.0047,0.0800,62.4146
2026-05-09T17:27:15.252,-6.9709,0.0800,62.3909
2026-05-09T17:27:15.266,-6.9364,0.0800,62.3665
2026-05-09T17:27:15.279,-6.8965,0.0800,62.3373
2026-05-09T17:27:15.294,-6.8623,0.0800,62.3105
2026-05-09T17:27:15.307,-6.8248,0.0800,62.2810
2026-05-09T17:27:15.321,-6.7857,0.0800,62.2493
2026-05-09T17:27:15.334,-6.7514,0.0800,62.2198
2026-05-09T17:27:15.349,-6.7114,0.0800,62.1853
2026-05-09T17:27:15.361,-6.6773,0.0800,62.1548
2026-05-09T17:27:15.376,-6.6382,0.0800,62.1183
2026-05-09T17:27:15.389,-6.6057,0.0800,62.0873
2026-05-09T17:27:15.403,-6.5687,0.0800,62.0513
2026-05-09T17:27:15.417,-6.5336,0.0800,62.0159
2026-05-09T17:27:15.431,-6.4967,0.0800,61.9768
2026-05-09T17:27:15.444,-6.4663,0.0800,61.9442
2026-05-09T17:27:15.458,-6.4331,0.0800,61.9076
2026-05-09T17:27:15.471,-6.4004,0.0800,61.8696
2026-05-09T17:27:15.486,-6.3687,0.0800,61.8326
2026-05-09T17:27:15.499,-6.3375,0.0800,61.7949
2026-05-09T17:27:15.514,-6.3033,0.0800,61.7515
2026-05-09T17:27:15.528,-6.2769,0.0800,61.7175
2026-05-09T17:27:15.541,-6.2461,0.0800,61.6767
2026-05-09T17:27:15.555,-6.2195,0.0800,61.6393
2026-05-09T17:27:15.569,-6.1929,0.0800,61.6015
2026-05-09T17:27:15.582,-6.1679,0.0800,61.5649
2026-05-09T17:27:15.597,-6.1461,0.0800,61.5309
2026-05-09T17:27:15.610,-6.1258,0.0800,61.4991
2026-05-09T17:27:15.624,-6.1063,0.0800,61.4674
2026-05-09T17:27:15.638,-6.0883,0.0800,61.4367
2026-05-09T17:27:15.652,-6.0707,0.0800,61.4044
2026-05-09T17:27:15.666,-6.0547,0.0800,61.3748
2026-05-09T17:27:15.680,-6.0379,0.0800,61.3424
2026-05-09T17:27:15.693,-6.0232,0.0800,61.3110
2026-05-09T17:27:15.707,-6.0091,0.0800,61.2811
2026-05-09T17:27:15.721,-5.9959,0.0800,61.2519
2026-05-09T17:27:15.735,-5.9837,0.0800,61.2219
2026-05-09T17:27:15.749,-5.9711,0.0800,61.1907
2026-05-09T17:27:15.763,-5.9602,0.0800,61.1624
2026-05-09T17:27:15.777,-5.9502,0.0800,61.1331
2026-05-09T17:27:15.792,-5.9402,0.0800,61.1037
2026-05-09T17:27:15.805,-5.9302,0.0800,61.0727
2026-05-09T17:27:15.818,-5.9207,0.0800,61.0408
2026-05-09T17:27:15.833,-5.9134,0.0800,61.0116
2026-05-09T17:27:15.846,-5.9054,0.0800,60.9806
2026-05-09T17:27:15.860,-5.8983,0.0800,60.9510
2026-05-09T17:27:15.874,-5.8917,0.0800,60.9173
2026-05-09T17:27:15.888,-5.8853,0.0800,60.8849
2026-05-09T17:27:15.901,-5.8787,0.0800,60.8475
2026-05-09T17:27:15.916,-5.8733,0.0800,60.8086
2026-05-09T17:27:15.930,-5.8683,0.0800,60.7727
2026-05-09T17:27:15.943,-5.8630,0.0800,60.7300
2026-05-09T17:27:15.958,-5.8583,0.0800,60.6841
2026-05-09T17:27:15.971,-5.8547,0.0800,60.6385
2026-05-09T17:27:15.986,-5.8508,0.0800,60.5855
2026-05-09T17:27:15.998,-5.8476,0.0800,60.5308
2026-05-09T17:27:16.013,-5.8452,0.0800,60.4665
2026-05-09T17:27:16.027,-5.8436,0.0800,60.4134
2026-05-09T17:27:16.040,-5.8419,0.0800,60.3419
2026-05-09T17:27:16.055,-5.8411,0.0800,60.2782
2026-05-09T17:27:16.069,-5.8404,0.0800,60.2109
2026-05-09T17:27:16.082,-5.8401,0.0800,60.1390
2026-05-09T17:27:16.097,-5.8404,0.0800,60.0737
2026-05-09T17:27:16.110,-5.8409,0.0800,60.0111
2026-05-09T17:27:16.125,-5.8419,0.0800,59.9406
2026-05-09T17:27:16.137,-5.8432,0.0800,59.8744
2026-05-09T17:27:16.152,-5.8451,0.0800,59.8029
2026-05-09T17:27:16.165,-5.8470,0.0800,59.7431
2026-05-09T17:27:16.179,-5.8498,0.0800,59.6664
2026-05-09T17:27:16.194,-5.8526,0.0800,59.6068
2026-05-09T17:27:16.208,-5.8557,0.0800,59.5412
2026-05-09T17:27:16.221,-5.8597,0.0800,59.4687
2026-05-09T17:27:16.235,-5.8639,0.0800,59.4005
2026-05-09T17:27:16.250,-5.8680,0.0800,59.3335
2026-05-09T17:27:16.264,-5.8720,0.0800,59.2666
2026-05-09T17:27:16.277,-5.8765,0.0800,59.1920
2026-05-09T17:27:16.291,-5.8806,0.0800,59.1233
2026-05-09T17:27:16.305,-5.8846,0.0800,59.0549
2026-05-09T17:27:16.318,-5.8886,0.0800,58.9855
2026-05-09T17:27:16.333,-5.8925,0.0800,58.9190
2026-05-09T17:27:16.346,-5.8967,0.0800,58.8456
2026-05-09T17:27:16.360,-5.9005,0.0800,58.7793
2026-05-09T17:27:16.374,-5.9044,0.0800,58.7113
2026-05-09T17:27:16.388,-5.9084,0.0800,58.6430
2026-05-09T17:27:16.402,-5.9122,0.0800,58.5758
2026-05-09T17:27:16.416,-5.9163,0.0800,58.5030
2026-05-09T17:27:16.430,-5.9201,0.0800,58.4378
2026-05-09T17:27:16.444,-5.9238,0.0800,58.3714
2026-05-09T17:27:16.457,-5.9280,0.0800,58.2982
2026-05-09T17:27:16.471,-5.9319,0.0800,58.2297
2026-05-09T17:27:16.485,-5.9355,0.0800,58.1645
2026-05-09T17:27:16.499,-5.9395,0.0800,58.0967
2026-05-09T17:27:16.513,-5.9431,0.0800,58.0268
2026-05-09T17:27:16.527,-5.9461,0.0800,57.9645
2026-05-09T17:27:16.540,-5.9489,0.0800,57.8971
2026-05-09T17:27:16.555,-5.9511,0.0800,57.8324
2026-05-09T17:27:16.569,-5.9530,0.0800,57.7682
2026-05-09T17:27:16.583,-5.9546,0.0800,57.6981
2026-05-09T17:27:16.596,-5.9556,0.0800,57.6300
2026-05-09T17:27:16.610,-5.9559,0.0800,57.5664
2026-05-09T17:27:16.625,-5.9560,0.0800,57.5019
2026-05-09T17:27:16.637,-5.9556,0.0800,57.4360
2026-05-09T17:27:16.652,-5.9543,0.0800,57.3593
2026-05-09T17:27:16.666,-5.9532,0.0800,57.3101
2026-05-09T17:27:16.679,-5.9512,0.0800,57.2362
2026-05-09T17:27:16.693,-5.9489,0.0800,57.1769
2026-05-09T17:27:16.708,-5.9462,0.0800,57.1124
2026-05-09T17:27:16.722,-5.9429,0.0800,57.0469
2026-05-09T17:27:16.736,-5.9390,0.0800,56.9801
2026-05-09T17:27:16.749,-5.9346,0.0800,56.9119
2026-05-09T17:27:16.764,-5.9300,0.0800,56.8481
2026-05-09T17:27:16.777,-5.9249,0.0800,56.7825
2026-05-09T17:27:16.791,-5.9191,0.0800,56.7167
2026-05-09T17:27:16.805,-5.9132,0.0800,56.6535
2026-05-09T17:27:16.819,-5.9064,0.0800,56.5859
2026-05-09T17:27:16.833,-5.8994,0.0800,56.5234
2026-05-09T17:27:16.847,-5.8915,0.0800,56.4551
2026-05-09T17:27:16.860,-5.8835,0.0800,56.3915
2026-05-09T17:27:16.874,-5.8749,0.0800,56.3276
2026-05-09T17:27:16.889,-5.8660,0.0800,56.2638
2026-05-09T17:27:16.902,-5.8565,0.0800,56.1996
2026-05-09T17:27:16.916,-5.8457,0.0800,56.1306
2026-05-09T17:27:16.930,-5.8353,0.0800,56.0659
2026-05-09T17:27:16.944,-5.8243,0.0800,56.0001
2026-05-09T17:27:16.958,-5.8130,0.0800,55.9348
2026-05-09T17:27:16.972,-5.8011,0.0800,55.8685
2026-05-09T17:27:16.986,-5.7889,0.0800,55.8013
2026-05-09T17:27:16.999,-5.7758,0.0800,55.7321
2026-05-09T17:27:17.013,-5.7613,0.0800,55.6550
2026-05-09T17:27:17.027,-5.7504,0.0800,55.5974
2026-05-09T17:27:17.040,-5.7377,0.0800,55.5299
2026-05-09T17:27:17.055,-5.7246,0.0800,55.4608
2026-05-09T17:27:17.069,-5.7126,0.0800,55.3970
2026-05-09T17:27:17.082,-5.6987,0.0800,55.3243
2026-05-09T17:27:17.097,-5.6867,0.0800,55.2589
2026-05-09T17:27:17.110,-5.6753,0.0800,55.1962
2026-05-09T17:27:17.125,-5.6641,0.0800,55.1322
2026-05-09T17:27:17.138,-5.6534,0.0800,55.0683
2026-05-09T17:27:17.152,-5.6445,0.0800,55.0114
2026-05-09T17:27:17.166,-5.6371,0.0800,54.9621
2026-05-09T17:27:17.179,-5.6307,0.0800,54.9152
2026-05-09T17:27:17.194,-5.6273,0.0800,54.8846
2026-05-09T17:27:17.207,-5.6249,0.0800,54.8624
2026-05-09T17:27:17.221,-5.6232,0.0800,54.8442
2026-05-09T17:27:17.235,-5.6225,0.0800,54.8308
2026-05-09T17:27:17.249,-5.6217,0.0800,54.8179
2026-05-09T17:27:17.263,-5.6212,0.0800,54.8100
2026-05-09T17:27:17.276,-5.6213,0.0800,54.8049
2026-05-09T17:27:17.291,-5.6209,0.0800,54.8042
2026-05-09T17:27:17.304,-5.6202,0.0800,54.8094
2026-05-09T17:27:17.318,-5.6192,0.0800,54.8179
2026-05-09T17:27:17.333,-5.6179,0.0800,54.8311
2026-05-09T17:27:17.346,-5.6150,0.0800,54.8511
2026-05-09T17:27:17.360,-5.6112,0.0800,54.8750
2026-05-09T17:27:17.374,-5.6063,0.0800,54.9045
2026-05-09T17:27:17.388,-5.5994,0.0800,54.9393
2026-05-09T17:27:17.402,-5.5921,0.0800,54.9726
2026-05-09T17:27:17.416,-5.5838,0.0800,55.0086
2026-05-09T17:27:17.430,-5.5749,0.0800,55.0429
2026-05-09T17:27:17.443,-5.5651,0.0800,55.0777
2026-05-09T17:27:17.458,-5.5548,0.0800,55.1118
2026-05-09T17:27:17.471,-5.5441,0.0800,55.1460
2026-05-09T17:27:17.485,-5.5320,0.0800,55.1814
2026-05-09T17:27:17.500,-5.5208,0.0800,55.2121
2026-05-09T17:27:17.513,-5.5159,0.0800,55.2246
2026-05-09T17:27:17.527,-5.5107,0.0800,55.2368
2026-05-09T17:27:17.540,-5.5085,0.0800,55.2408
2026-05-09T17:27:17.555,-5.5103,0.0800,55.2371
2026-05-09T17:27:17.569,-5.5202,0.0800,55.2155
2026-05-09T17:27:17.583,-5.5452,0.0800,55.1647
2026-05-09T17:27:17.597,-5.5780,0.0800,55.0994
2026-05-09T17:27:17.611,-5.6091,0.0800,55.0371
2026-05-09T17:27:17.625,-5.6396,0.0800,54.9763
2026-05-09T17:27:17.637,-5.6708,0.0800,54.9138
2026-05-09T17:27:17.653,-5.7012,0.0800,54.8529
2026-05-09T17:27:17.666,-5.7300,0.0800,54.7953
2026-05-09T17:27:17.680,-5.7652,0.0800,54.7245
2026-05-09T17:27:17.694,-5.7942,0.0800,54.6663
2026-05-09T17:27:17.708,-5.8256,0.0800,54.6030
2026-05-09T17:27:17.722,-5.8571,0.0800,54.5395
2026-05-09T17:27:17.736,-5.8871,0.0800,54.4788
2026-05-09T17:27:17.750,-5.9162,0.0800,54.4204
2026-05-09T17:27:17.764,-5.9448,0.0800,54.3618
2026-05-09T17:27:17.777,-5.9703,0.0800,54.3082
2026-05-09T17:27:17.792,-5.9949,0.0800,54.2549
2026-05-09T17:27:17.805,-6.0170,0.0800,54.2061
2026-05-09T17:27:17.818,-6.0405,0.0800,54.1522
2026-05-09T17:27:17.833,-6.0590,0.0800,54.1076
2026-05-09T17:27:17.847,-6.0765,0.0800,54.0646
2026-05-09T17:27:17.860,-6.0921,0.0800,54.0244
2026-05-09T17:27:17.874,-6.1056,0.0800,53.9869
2026-05-09T17:27:17.889,-6.1159,0.0800,53.9579
2026-05-09T17:27:17.902,-6.1256,0.0800,53.9289
2026-05-09T17:27:17.916,-6.1347,0.0800,53.8986
2026-05-09T17:27:17.930,-6.1427,0.0800,53.8713
2026-05-09T17:27:17.946,-6.1489,0.0800,53.8486
2026-05-09T17:27:17.958,-6.1525,0.0800,53.8349
2026-05-09T17:27:17.972,-6.1521,0.0800,53.8352
2026-05-09T17:27:18.027,-6.1487,0.0800,53.8505
2026-05-09T17:27:18.041,-6.1388,0.0800,53.8935
2026-05-09T17:27:18.055,-6.1291,0.0800,53.9340
2026-05-09T17:27:18.069,-6.1187,0.0800,53.9730
2026-05-09T17:27:18.083,-6.1066,0.0800,54.0153
2026-05-09T17:27:18.097,-6.0939,0.0800,54.0565
2026-05-09T17:27:18.110,-6.0825,0.0800,54.0923
2026-05-09T17:27:18.124,-6.0700,0.0800,54.1281
2026-05-09T17:27:18.138,-6.0587,0.0800,54.1584
2026-05-09T17:27:18.152,-6.0495,0.0800,54.1822
2026-05-09T17:27:18.167,-6.0428,0.0800,54.1975
2026-05-09T17:27:18.180,-6.0476,0.0800,54.1849
2026-05-09T17:27:18.194,-6.0527,0.0800,54.1740
2026-05-09T17:27:18.208,-6.0636,0.0800,54.1505
2026-05-09T17:27:18.222,-6.0752,0.0800,54.1267
2026-05-09T17:27:18.236,-6.0809,0.0800,54.1162
2026-05-09T17:27:18.250,-6.0860,0.0800,54.1060
2026-05-09T17:27:18.264,-6.0873,0.0800,54.1027
2026-05-09T17:27:18.277,-6.0827,0.0800,54.1091
2026-05-09T17:27:18.291,-6.0789,0.0800,54.1151
2026-05-09T17:27:18.305,-6.0719,0.0800,54.1244
2026-05-09T17:27:18.319,-6.0560,0.0800,54.1458
2026-05-09T17:27:18.333,-6.0372,0.0800,54.1708
2026-05-09T17:27:18.347,-6.0141,0.0800,54.1996
2026-05-09T17:27:18.361,-5.9909,0.0800,54.2275
2026-05-09T17:27:18.375,-5.9660,0.0800,54.2569
2026-05-09T17:27:18.389,-5.9395,0.0800,54.2865
2026-05-09T17:27:18.402,-5.9114,0.0800,54.3169
2026-05-09T17:27:18.417,-5.8824,0.0800,54.3477
2026-05-09T17:27:18.431,-5.8553,0.0800,54.3751
2026-05-09T17:27:18.445,-5.8228,0.0800,54.4069
2026-05-09T17:27:18.459,-5.7947,0.0800,54.4334
2026-05-09T17:27:18.473,-5.7641,0.0800,54.4620
2026-05-09T17:27:18.487,-5.7342,0.0800,54.4884
2026-05-09T17:27:18.501,-5.7027,0.0800,54.5154
2026-05-09T17:27:18.516,-5.6692,0.0800,54.5436
2026-05-09T17:27:18.530,-5.6369,0.0800,54.5693
2026-05-09T17:27:18.544,-5.5974,0.0800,54.5996
2026-05-09T17:27:18.557,-5.5602,0.0800,54.6270
2026-05-09T17:27:18.572,-5.5219,0.0800,54.6547
2026-05-09T17:27:18.586,-5.4829,0.0800,54.6814
2026-05-09T17:27:18.600,-5.4405,0.0800,54.7095
2026-05-09T17:27:18.614,-5.3969,0.0800,54.7377
2026-05-09T17:27:18.628,-5.3591,0.0800,54.7608
2026-05-09T17:27:18.642,-5.3131,0.0800,54.7879
2026-05-09T17:27:18.656,-5.2695,0.0800,54.8132
2026-05-09T17:27:18.670,-5.2235,0.0800,54.8385
2026-05-09T17:27:18.684,-5.1786,0.0800,54.8625
2026-05-09T17:27:18.698,-5.1335,0.0800,54.8860
2026-05-09T17:27:18.712,-5.0859,0.0800,54.9107
2026-05-09T17:27:18.726,-5.0412,0.0800,54.9327
2026-05-09T17:27:18.739,-4.9930,0.0800,54.9557
2026-05-09T17:27:18.754,-4.9482,0.0800,54.9766
2026-05-09T17:27:18.768,-4.9024,0.0800,54.9966
2026-05-09T17:27:18.782,-4.8537,0.0800,55.0169
2026-05-09T17:27:18.796,-4.8113,0.0800,55.0341
2026-05-09T17:27:18.810,-4.7665,0.0800,55.0508
2026-05-09T17:27:18.824,-4.7255,0.0800,55.0652
2026-05-09T17:27:18.837,-4.6829,0.0800,55.0793
2026-05-09T17:27:18.852,-4.6467,0.0800,55.0909
2026-05-09T17:27:18.865,-4.6261,0.0800,55.1004
2026-05-09T17:27:18.879,-4.6255,0.0800,55.1099
2026-05-09T17:27:18.893,-4.6256,0.0800,55.1167
2026-05-09T17:27:18.907,-4.6251,0.0800,55.1222
2026-05-09T17:27:18.921,-4.6245,0.0800,55.1269
2026-05-09T17:27:18.936,-4.6245,0.0800,55.1306
2026-05-09T17:27:18.950,-4.6239,0.0800,55.1331
2026-05-09T17:27:18.963,-4.6234,0.0800,55.1344
2026-05-09T17:27:18.976,-4.6229,0.0800,55.1350
2026-05-09T17:27:19.005,-4.6224,0.0800,55.1345
2026-05-09T17:27:19.018,-4.6218,0.0800,55.1339
2026-05-09T17:27:19.033,-4.6235,0.0800,55.1339
2026-05-09T17:27:19.046,-4.6275,0.0800,55.1333
2026-05-09T17:27:19.060,-4.6322,0.0800,55.1328
2026-05-09T17:27:19.074,-4.6382,0.0800,55.1330
2026-05-09T17:27:19.088,-4.6448,0.0800,55.1328
2026-05-09T17:27:19.102,-4.6523,0.0800,55.1328
2026-05-09T17:27:19.116,-4.6610,0.0800,55.1336
2026-05-09T17:27:19.130,-4.6689,0.0800,55.1341
2026-05-09T17:27:19.144,-4.6780,0.0800,55.1348
2026-05-09T17:27:19.158,-4.6863,0.0800,55.1356
2026-05-09T17:27:19.171,-4.6953,0.0800,55.1374
2026-05-09T17:27:19.186,-4.7034,0.0800,55.1386
2026-05-09T17:27:19.199,-4.7117,0.0800,55.1400
2026-05-09T17:27:19.214,-4.7215,0.0800,55.1425
2026-05-09T17:27:19.228,-4.7291,0.0800,55.1441
2026-05-09T17:27:19.240,-4.7378,0.0800,55.1461
2026-05-09T17:27:19.255,-4.7462,0.0800,55.1490
2026-05-09T17:27:19.269,-4.7538,0.0800,55.1511
2026-05-09T17:27:19.282,-4.7628,0.0800,55.1538
2026-05-09T17:27:19.297,-4.7707,0.0800,55.1570
2026-05-09T17:27:19.310,-4.7785,0.0800,55.1597
2026-05-09T17:27:19.325,-4.7866,0.0800,55.1627
2026-05-09T17:27:19.338,-4.7936,0.0800,55.1654
2026-05-09T17:27:19.352,-4.8008,0.0800,55.1690
2026-05-09T17:27:19.367,-4.8060,0.0800,55.1711
2026-05-09T17:27:19.380,-4.8113,0.0800,55.1734
2026-05-09T17:27:19.394,-4.8164,0.0800,55.1765
2026-05-09T17:27:19.407,-4.8213,0.0800,55.1789
2026-05-09T17:27:19.421,-4.8260,0.0800,55.1813
2026-05-09T17:27:19.435,-4.8305,0.0800,55.1845
2026-05-09T17:27:19.450,-4.8353,0.0800,55.1872
2026-05-09T17:27:19.463,-4.8400,0.0800,55.1900
2026-05-09T17:27:19.477,-4.8448,0.0800,55.1931
2026-05-09T17:27:19.491,-4.8490,0.0800,55.1967
2026-05-09T17:27:19.505,-4.8535,0.0800,55.1998
2026-05-09T17:27:19.519,-4.8582,0.0800,55.2033
2026-05-09T17:27:19.533,-4.8637,0.0800,55.2086
2026-05-09T17:27:19.547,-4.8707,0.0800,55.2147
2026-05-09T17:27:19.560,-4.8772,0.0800,55.2207
2026-05-09T17:27:19.575,-4.8850,0.0800,55.2292
2026-05-09T17:27:19.588,-4.8938,0.0800,55.2383
2026-05-09T17:27:19.602,-4.9040,0.0800,55.2496
2026-05-09T17:27:19.616,-4.9150,0.0800,55.2634
2026-05-09T17:27:19.629,-4.9281,0.0800,55.2797
2026-05-09T17:27:19.643,-4.9434,0.0800,55.2995
2026-05-09T17:27:19.657,-4.9620,0.0800,55.3251
2026-05-09T17:27:19.671,-4.9815,0.0800,55.3541
2026-05-09T17:27:19.686,-5.0010,0.0800,55.3832
2026-05-09T17:27:19.699,-5.0228,0.0800,55.4175
2026-05-09T17:27:19.713,-5.0458,0.0800,55.4561
2026-05-09T17:27:19.727,-5.0638,0.0800,55.4870
2026-05-09T17:27:19.740,-5.0865,0.0800,55.5270
2026-05-09T17:27:19.754,-5.1062,0.0800,55.5648
2026-05-09T17:27:19.768,-5.1240,0.0800,55.5990
2026-05-09T17:27:19.782,-5.1449,0.0800,55.6406
2026-05-09T17:27:19.797,-5.1635,0.0800,55.6807
2026-05-09T17:27:19.810,-5.1825,0.0800,55.7221
2026-05-09T17:27:19.824,-5.2019,0.0800,55.7659
2026-05-09T17:27:19.837,-5.2205,0.0800,55.8100
2026-05-09T17:27:19.852,-5.2383,0.0800,55.8553
2026-05-09T17:27:19.866,-5.2544,0.0800,55.8969
2026-05-09T17:27:19.880,-5.2740,0.0800,55.9495
2026-05-09T17:27:19.894,-5.2878,0.0800,55.9907
2026-05-09T17:27:19.907,-5.3037,0.0800,56.0379
2026-05-09T17:27:19.921,-5.3179,0.0800,56.0823
2026-05-09T17:27:19.935,-5.3305,0.0800,56.1255
2026-05-09T17:27:19.949,-5.3450,0.0800,56.1758
2026-05-09T17:27:19.963,-5.3570,0.0800,56.2199
2026-05-09T17:27:19.976,-5.3689,0.0800,56.2685
2026-05-09T17:27:19.991,-5.3796,0.0800,56.3136
2026-05-09T17:27:20.004,-5.3900,0.0800,56.3603
2026-05-09T17:27:20.018,-5.4004,0.0800,56.4106
2026-05-09T17:27:20.032,-5.4085,0.0800,56.4562
2026-05-09T17:27:20.046,-5.4167,0.0800,56.5026
2026-05-09T17:27:20.060,-5.4245,0.0800,56.5520
2026-05-09T17:27:20.073,-5.4313,0.0800,56.6037
2026-05-09T17:27:20.088,-5.4379,0.0800,56.6564
2026-05-09T17:27:20.101,-5.4443,0.0800,56.7139
2026-05-09T17:27:20.115,-5.4510,0.0800,56.7846
2026-05-09T17:27:20.129,-5.4562,0.0800,56.8434
2026-05-09T17:27:20.143,-5.4623,0.0800,56.9155
2026-05-09T17:27:20.157,-5.4671,0.0800,56.9807
2026-05-09T17:27:20.171,-5.4721,0.0800,57.0482
2026-05-09T17:27:20.185,-5.4767,0.0800,57.1169
2026-05-09T17:27:20.199,-5.4814,0.0800,57.1871
2026-05-09T17:27:20.213,-5.4866,0.0800,57.2642
2026-05-09T17:27:20.227,-5.4906,0.0800,57.3225
2026-05-09T17:27:20.240,-5.4956,0.0800,57.3944
2026-05-09T17:27:20.255,-5.5003,0.0800,57.4624
2026-05-09T17:27:20.268,-5.5047,0.0800,57.5255
2026-05-09T17:27:20.281,-5.5102,0.0800,57.6039
2026-05-09T17:27:20.296,-5.5146,0.0800,57.6671
2026-05-09T17:27:20.310,-5.5194,0.0800,57.7340
2026-05-09T17:27:20.324,-5.5243,0.0800,57.8028
2026-05-09T17:27:20.337,-5.5292,0.0800,57.8733
2026-05-09T17:27:20.352,-5.5346,0.0800,57.9435
2026-05-09T17:27:20.365,-5.5396,0.0800,58.0055
2026-05-09T17:27:20.378,-5.5461,0.0800,58.0814
2026-05-09T17:27:20.394,-5.5522,0.0800,58.1444
2026-05-09T17:27:20.407,-5.5584,0.0800,58.2092
2026-05-09T17:27:20.421,-5.5654,0.0800,58.2821
2026-05-09T17:27:20.435,-5.5718,0.0800,58.3477
2026-05-09T17:27:20.449,-5.5788,0.0800,58.4201
2026-05-09T17:27:20.463,-5.5855,0.0800,58.4879
2026-05-09T17:27:20.476,-5.5926,0.0800,58.5585
2026-05-09T17:27:20.490,-5.5993,0.0800,58.6242
2026-05-09T17:27:20.504,-5.6060,0.0800,58.6913
2026-05-09T17:27:20.518,-5.6124,0.0800,58.7592
2026-05-09T17:27:20.532,-5.6185,0.0800,58.8269
2026-05-09T17:27:20.546,-5.6246,0.0800,58.8955
2026-05-09T17:27:20.560,-5.6301,0.0800,58.9615
2026-05-09T17:27:20.574,-5.6356,0.0800,59.0317
2026-05-09T17:27:20.588,-5.6405,0.0800,59.0956
2026-05-09T17:27:20.601,-5.6453,0.0800,59.1635
2026-05-09T17:27:20.615,-5.6500,0.0800,59.2354
2026-05-09T17:27:20.630,-5.6538,0.0800,59.2972
2026-05-09T17:27:20.643,-5.6576,0.0800,59.3632
2026-05-09T17:27:20.657,-5.6612,0.0800,59.4327
2026-05-09T17:27:20.671,-5.6640,0.0800,59.4967
2026-05-09T17:27:20.685,-5.6670,0.0800,59.5661
2026-05-09T17:27:20.699,-5.6694,0.0800,59.6326
2026-05-09T17:27:20.712,-5.6717,0.0800,59.7070
2026-05-09T17:27:20.727,-5.6733,0.0800,59.7665
2026-05-09T17:27:20.740,-5.6748,0.0800,59.8342
2026-05-09T17:27:20.755,-5.6759,0.0800,59.9064
2026-05-09T17:27:20.768,-5.6768,0.0800,59.9689
2026-05-09T17:27:20.782,-5.6774,0.0800,60.0402
2026-05-09T17:27:20.796,-5.6774,0.0800,60.1070
2026-05-09T17:27:20.810,-5.6773,0.0800,60.1743
2026-05-09T17:27:20.824,-5.6769,0.0800,60.2421
2026-05-09T17:27:20.837,-5.6761,0.0800,60.3101
2026-05-09T17:27:20.852,-5.6748,0.0800,60.3771
2026-05-09T17:27:20.866,-5.6733,0.0800,60.4407
2026-05-09T17:27:20.879,-5.6712,0.0800,60.5182
2026-05-09T17:27:20.893,-5.6690,0.0800,60.5801
2026-05-09T17:27:20.907,-5.6663,0.0800,60.6472
2026-05-09T17:27:20.921,-5.6634,0.0800,60.7138
2026-05-09T17:27:20.935,-5.6600,0.0800,60.7810
2026-05-09T17:27:20.949,-5.6562,0.0800,60.8508
2026-05-09T17:27:20.962,-5.6523,0.0800,60.9157
2026-05-09T17:27:20.977,-5.6477,0.0800,60.9860
2026-05-09T17:27:20.991,-5.6433,0.0800,61.0493
2026-05-09T17:27:21.004,-5.6378,0.0800,61.1230
2026-05-09T17:27:21.018,-5.6328,0.0800,61.1905
2026-05-09T17:27:21.032,-5.6281,0.0800,61.2545
2026-05-09T17:27:21.046,-5.6226,0.0800,61.3290
2026-05-09T17:27:21.060,-5.6178,0.0800,61.3951
2026-05-09T17:27:21.073,-5.6128,0.0800,61.4623
2026-05-09T17:27:21.088,-5.6082,0.0800,61.5288
2026-05-09T17:27:21.101,-5.6039,0.0800,61.5951
2026-05-09T17:27:21.116,-5.5998,0.0800,61.6644
2026-05-09T17:27:21.129,-5.5961,0.0800,61.7305
2026-05-09T17:27:21.143,-5.5923,0.0800,61.8036
2026-05-09T17:27:21.157,-5.5893,0.0800,61.8693
2026-05-09T17:27:21.171,-5.5867,0.0800,61.9333
2026-05-09T17:27:21.185,-5.5842,0.0800,62.0026
2026-05-09T17:27:21.199,-5.5821,0.0800,62.0667
2026-05-09T17:27:21.212,-5.5805,0.0800,62.1389
2026-05-09T17:27:21.226,-5.5796,0.0800,62.1961
2026-05-09T17:27:21.239,-5.5792,0.0800,62.2588
2026-05-09T17:27:21.255,-5.5795,0.0800,62.3206
2026-05-09T17:27:21.268,-5.5801,0.0800,62.3808
2026-05-09T17:27:21.281,-5.5816,0.0800,62.4527
2026-05-09T17:27:21.296,-5.5836,0.0800,62.5109
2026-05-09T17:27:21.310,-5.5860,0.0800,62.5716
2026-05-09T17:27:21.324,-5.5891,0.0800,62.6356
2026-05-09T17:27:21.337,-5.5928,0.0800,62.7004
2026-05-09T17:27:21.352,-5.5973,0.0800,62.7652
2026-05-09T17:27:21.366,-5.6017,0.0800,62.8235
2026-05-09T17:27:21.378,-5.6073,0.0800,62.8890
2026-05-09T17:27:21.394,-5.6132,0.0800,62.9502
2026-05-09T17:27:21.407,-5.6195,0.0800,63.0107
2026-05-09T17:27:21.421,-5.6268,0.0800,63.0762
2026-05-09T17:27:21.435,-5.6343,0.0800,63.1361
2026-05-09T17:27:21.449,-5.6427,0.0800,63.2004
2026-05-09T17:27:21.463,-5.6516,0.0800,63.2637
2026-05-09T17:27:21.476,-5.6613,0.0800,63.3277
2026-05-09T17:27:21.491,-5.6710,0.0800,63.3875
2026-05-09T17:27:21.505,-5.6810,0.0800,63.4460
2026-05-09T17:27:21.518,-5.6926,0.0800,63.5110
2026-05-09T17:27:21.533,-5.7043,0.0800,63.5717
2026-05-09T17:27:21.546,-5.7177,0.0800,63.6386
2026-05-09T17:27:21.559,-5.7321,0.0800,63.7069
2026-05-09T17:27:21.574,-5.7429,0.0800,63.7549
2026-05-09T17:27:21.588,-5.7560,0.0800,63.8118
2026-05-09T17:27:21.602,-5.7718,0.0800,63.8778
2026-05-09T17:27:21.616,-5.7878,0.0800,63.9409
2026-05-09T17:27:21.630,-5.8033,0.0800,63.9999
2026-05-09T17:27:21.643,-5.8205,0.0800,64.0631
2026-05-09T17:27:21.657,-5.8373,0.0800,64.1222
2026-05-09T17:27:21.672,-5.8545,0.0800,64.1804
2026-05-09T17:27:21.685,-5.8728,0.0800,64.2405
2026-05-09T17:27:21.699,-5.8917,0.0800,64.3006
2026-05-09T17:27:21.713,-5.9132,0.0800,64.3660
2026-05-09T17:27:21.727,-5.9310,0.0800,64.4186
2026-05-09T17:27:21.740,-5.9531,0.0800,64.4822
2026-05-09T17:27:21.755,-5.9732,0.0800,64.5377
2026-05-09T17:27:21.769,-5.9942,0.0800,64.5945
2026-05-09T17:27:21.782,-6.0218,0.0800,64.6674
2026-05-09T17:27:21.797,-6.0451,0.0800,64.7271
2026-05-09T17:27:21.810,-6.0700,0.0800,64.7915
2026-05-09T17:27:21.825,-6.0960,0.0800,64.8584
2026-05-09T17:27:21.838,-6.1196,0.0800,64.9190
2026-05-09T17:27:21.852,-6.1445,0.0800,64.9839
2026-05-09T17:27:21.866,-6.1673,0.0800,65.0441
2026-05-09T17:27:21.879,-6.1941,0.0800,65.1160
2026-05-09T17:27:21.893,-6.2154,0.0800,65.1742
2026-05-09T17:27:21.908,-6.2366,0.0800,65.2327
2026-05-09T17:27:21.922,-6.2592,0.0800,65.2961
2026-05-09T17:27:21.935,-6.2833,0.0800,65.3651
2026-05-09T17:27:21.950,-6.3054,0.0800,65.4294
2026-05-09T17:27:21.963,-6.3257,0.0800,65.4893
2026-05-09T17:27:21.977,-6.3487,0.0800,65.5585
2026-05-09T17:27:21.991,-6.3686,0.0800,65.6195
2026-05-09T17:27:22.005,-6.3891,0.0800,65.6833
2026-05-09T17:27:22.019,-6.4092,0.0800,65.7471
2026-05-09T17:27:22.033,-6.4286,0.0800,65.8098
2026-05-09T17:27:22.047,-6.4499,0.0800,65.8796
2026-05-09T17:27:22.061,-6.4687,0.0800,65.9425
2026-05-09T17:27:22.074,-6.4873,0.0800,66.0062
2026-05-09T17:27:22.089,-6.5059,0.0800,66.0706
2026-05-09T17:27:22.102,-6.5238,0.0800,66.1338
2026-05-09T17:27:22.117,-6.5423,0.0800,66.2008
2026-05-09T17:27:22.131,-6.5596,0.0800,66.2643
2026-05-09T17:27:22.144,-6.5783,0.0800,66.3342
2026-05-09T17:27:22.158,-6.5950,0.0800,66.3977
2026-05-09T17:27:22.172,-6.6116,0.0800,66.4627
2026-05-09T17:27:22.186,-6.6273,0.0800,66.5246
2026-05-09T17:27:22.200,-6.6439,0.0800,66.5922
2026-05-09T17:27:22.214,-6.6624,0.0800,66.6670
2026-05-09T17:27:22.228,-6.6776,0.0800,66.7282
2026-05-09T17:27:22.241,-6.6948,0.0800,66.7975
2026-05-09T17:27:22.256,-6.7101,0.0800,66.8600
2026-05-09T17:27:22.269,-6.7247,0.0800,66.9174
2026-05-09T17:27:22.283,-6.7423,0.0800,66.9846
2026-05-09T17:27:22.297,-6.7574,0.0800,67.0402
2026-05-09T17:27:22.310,-6.7742,0.0800,67.0993
2026-05-09T17:27:22.325,-6.7898,0.0800,67.1523
2026-05-09T17:27:22.338,-6.8072,0.0800,67.2091
2026-05-09T17:27:22.353,-6.8251,0.0800,67.2643
2026-05-09T17:27:22.367,-6.8418,0.0800,67.3145
2026-05-09T17:27:22.380,-6.8609,0.0800,67.3693
2026-05-09T17:27:22.395,-6.8784,0.0800,67.4170
2026-05-09T17:27:22.409,-6.8970,0.0800,67.4661
2026-05-09T17:27:22.423,-6.9168,0.0800,67.5163
2026-05-09T17:27:22.435,-6.9379,0.0800,67.5677
2026-05-09T17:27:22.450,-6.9575,0.0800,67.6126
2026-05-09T17:27:22.464,-6.9744,0.0800,67.6503
2026-05-09T17:27:22.477,-6.9968,0.0800,67.6988
2026-05-09T17:27:22.492,-7.0161,0.0800,67.7379
2026-05-09T17:27:22.506,-7.0360,0.0800,67.7775
2026-05-09T17:27:22.520,-7.0587,0.0800,67.8207
2026-05-09T17:27:22.534,-7.0819,0.0800,67.8626
2026-05-09T17:27:22.547,-7.1053,0.0800,67.9038
2026-05-09T17:27:22.561,-7.1283,0.0800,67.9426
2026-05-09T17:27:22.574,-7.1521,0.0800,67.9808
2026-05-09T17:27:22.589,-7.1768,0.0800,68.0197
2026-05-09T17:27:22.603,-7.2007,0.0800,68.0560
2026-05-09T17:27:22.617,-7.2282,0.0800,68.0958
2026-05-09T17:27:22.631,-7.2547,0.0800,68.1334
2026-05-09T17:27:22.644,-7.2840,0.0800,68.1733
2026-05-09T17:27:22.659,-7.3103,0.0800,68.2080
2026-05-09T17:27:22.672,-7.3382,0.0800,68.2433
2026-05-09T17:27:22.687,-7.3685,0.0800,68.2806
2026-05-09T17:27:22.700,-7.3977,0.0800,68.3154
2026-05-09T17:27:22.714,-7.4292,0.0800,68.3513
2026-05-09T17:27:22.728,-7.4585,0.0800,68.3838
2026-05-09T17:27:22.741,-7.4912,0.0800,68.4191
2026-05-09T17:27:22.756,-7.5220,0.0800,68.4509
2026-05-09T17:27:22.770,-7.5517,0.0800,68.4808
2026-05-09T17:27:22.784,-7.5894,0.0800,68.5178
2026-05-09T17:27:22.797,-7.6234,0.0800,68.5499
2026-05-09T17:27:22.811,-7.6575,0.0800,68.5807
2026-05-09T17:27:22.825,-7.6898,0.0800,68.6093
2026-05-09T17:27:22.839,-7.7251,0.0800,68.6396
2026-05-09T17:27:22.854,-7.7604,0.0800,68.6686
2026-05-09T17:27:22.867,-7.7959,0.0800,68.6972
2026-05-09T17:27:22.881,-7.8378,0.0800,68.7299
2026-05-09T17:27:22.895,-7.8717,0.0800,68.7550
2026-05-09T17:27:22.908,-7.9079,0.0800,68.7814
2026-05-09T17:27:22.923,-7.9457,0.0800,68.8080
2026-05-09T17:27:22.936,-7.9832,0.0800,68.8333
2026-05-09T17:27:22.950,-8.0239,0.0800,68.8601
2026-05-09T17:27:22.964,-8.0611,0.0800,68.8837
2026-05-09T17:27:22.977,-8.1019,0.0800,68.9086
2026-05-09T17:27:22.992,-8.1408,0.0800,68.9311
2026-05-09T17:27:23.006,-8.1799,0.0800,68.9532
2026-05-09T17:27:23.019,-8.2225,0.0800,68.9763
2026-05-09T17:27:23.034,-8.2632,0.0800,68.9971
2026-05-09T17:27:23.047,-8.3036,0.0800,69.0173
2026-05-09T17:27:23.061,-8.3454,0.0800,69.0373
2026-05-09T17:27:23.075,-8.3839,0.0800,69.0545
2026-05-09T17:27:23.090,-8.4259,0.0800,69.0729
2026-05-09T17:27:23.103,-8.4669,0.0800,69.0899
2026-05-09T17:27:23.117,-8.5109,0.0800,69.1074
2026-05-09T17:27:23.131,-8.5504,0.0800,69.1220
2026-05-09T17:27:23.145,-8.5944,0.0800,69.1377
2026-05-09T17:27:23.158,-8.6357,0.0800,69.1517
2026-05-09T17:27:23.172,-8.6780,0.0800,69.1649
2026-05-09T17:27:23.186,-8.7173,0.0800,69.1768
2026-05-09T17:27:23.200,-8.7610,0.0800,69.1892
2026-05-09T17:27:23.214,-8.8069,0.0800,69.2010
2026-05-09T17:27:23.228,-8.8471,0.0800,69.2109
2026-05-09T17:27:23.241,-8.8924,0.0800,69.2212
2026-05-09T17:27:23.256,-8.9334,0.0800,69.2295
2026-05-09T17:27:23.270,-8.9719,0.0800,69.2369
2026-05-09T17:27:23.283,-9.0213,0.0800,69.2455
2026-05-09T17:27:23.297,-9.0636,0.0800,69.2520
2026-05-09T17:27:23.311,-9.1093,0.0800,69.2579
2026-05-09T17:27:23.325,-9.1489,0.0800,69.2625
2026-05-09T17:27:23.338,-9.1965,0.0800,69.2672
2026-05-09T17:27:23.353,-9.2379,0.0800,69.2702
2026-05-09T17:27:23.367,-9.2790,0.0800,69.2728
2026-05-09T17:27:23.380,-9.3276,0.0800,69.2750
2026-05-09T17:27:23.395,-9.3693,0.0800,69.2757
2026-05-09T17:27:23.408,-9.4117,0.0800,69.2761
2026-05-09T17:27:23.422,-9.4580,0.0800,69.2757
2026-05-09T17:27:23.436,-9.5002,0.0800,69.2743
2026-05-09T17:27:23.450,-9.5462,0.0800,69.2724
2026-05-09T17:27:23.464,-9.5895,0.0800,69.2699
2026-05-09T17:27:23.477,-9.6352,0.0800,69.2664
2026-05-09T17:27:23.492,-9.6780,0.0800,69.2622
2026-05-09T17:27:23.506,-9.7183,0.0800,69.2578
2026-05-09T17:27:23.519,-9.7651,0.0800,69.2521
2026-05-09T17:27:23.534,-9.8088,0.0800,69.2456
2026-05-09T17:27:23.547,-9.8530,0.0800,69.2387
2026-05-09T17:27:23.561,-9.8949,0.0800,69.2314
2026-05-09T17:27:23.575,-9.9364,0.0800,69.2231
2026-05-09T17:27:23.590,-9.9797,0.0800,69.2141
2026-05-09T17:27:23.603,-10.0209,0.0800,69.2049
2026-05-09T17:27:23.617,-10.0677,0.0800,69.1936
2026-05-09T17:27:23.631,-10.1073,0.0800,69.1828
2026-05-09T17:27:23.645,-10.1468,0.0800,69.1718
2026-05-09T17:27:23.658,-10.1879,0.0800,69.1595
2026-05-09T17:27:23.672,-10.2286,0.0800,69.1463
2026-05-09T17:27:23.687,-10.2690,0.0800,69.1327
2026-05-09T17:27:23.700,-10.3095,0.0800,69.1183
2026-05-09T17:27:23.714,-10.3511,0.0800,69.1023
2026-05-09T17:27:23.728,-10.3878,0.0800,69.0878
2026-05-09T17:27:23.742,-10.4297,0.0800,69.0704
2026-05-09T17:27:23.756,-10.4668,0.0800,69.0538
2026-05-09T17:27:23.770,-10.5060,0.0800,69.0359
2026-05-09T17:27:23.784,-10.5455,0.0800,69.0171
2026-05-09T17:27:23.797,-10.5817,0.0800,68.9991
2026-05-09T17:27:23.812,-10.6206,0.0800,68.9785
2026-05-09T17:27:23.825,-10.6568,0.0800,68.9588
2026-05-09T17:27:23.839,-10.6952,0.0800,68.9372
2026-05-09T17:27:23.853,-10.7307,0.0800,68.9158
2026-05-09T17:27:23.867,-10.7646,0.0800,68.8951
2026-05-09T17:27:23.880,-10.8050,0.0800,68.8695
2026-05-09T17:27:23.895,-10.8381,0.0800,68.8470
2026-05-09T17:27:23.908,-10.8706,0.0800,68.8247
2026-05-09T17:27:23.922,-10.8860,0.0800,68.7983
2026-05-09T17:27:23.936,-10.8869,0.0800,68.7712
2026-05-09T17:27:23.950,-10.8878,0.0800,68.7459
2026-05-09T17:27:23.964,-10.8886,0.0800,68.7211
2026-05-09T17:27:23.977,-10.8896,0.0800,68.6929
2026-05-09T17:27:23.992,-10.8905,0.0800,68.6664
2026-05-09T17:27:24.005,-10.8915,0.0800,68.6372
2026-05-09T17:27:24.018,-10.8924,0.0800,68.6083
2026-05-09T17:27:24.033,-10.8934,0.0800,68.5792
2026-05-09T17:27:24.046,-10.8944,0.0800,68.5499
2026-05-09T17:27:24.060,-10.8953,0.0800,68.5191
2026-05-09T17:27:24.074,-10.8963,0.0800,68.4882
2026-05-09T17:27:24.088,-10.8973,0.0800,68.4582
2026-05-09T17:27:24.101,-10.8983,0.0800,68.4253
2026-05-09T17:27:24.115,-10.8993,0.0800,68.3932
2026-05-09T17:27:24.129,-10.9003,0.0800,68.3613
2026-05-09T17:27:24.143,-10.9013,0.0800,68.3272
2026-05-09T17:27:24.157,-10.9023,0.0800,68.2951
2026-05-09T17:27:24.171,-10.9034,0.0800,68.2598
2026-05-09T17:27:24.184,-10.9046,0.0800,68.2264
2026-05-09T17:27:24.198,-10.9057,0.0800,68.1908
2026-05-09T17:27:24.212,-10.9069,0.0800,68.1546
2026-05-09T17:27:24.226,-10.9080,0.0800,68.1228
2026-05-09T17:27:24.239,-10.9092,0.0800,68.0849
2026-05-09T17:27:24.253,-10.9105,0.0800,68.0485
2026-05-09T17:27:24.267,-10.9117,0.0800,68.0134
2026-05-09T17:27:24.281,-10.9130,0.0800,67.9717
2026-05-09T17:27:24.295,-10.9143,0.0800,67.9377
2026-05-09T17:27:24.308,-10.9155,0.0800,67.9010
2026-05-09T17:27:24.322,-10.9168,0.0800,67.8618
2026-05-09T17:27:24.336,-10.9180,0.0800,67.8246
2026-05-09T17:27:24.350,-10.9193,0.0800,67.7854
2026-05-09T17:27:24.364,-10.9206,0.0800,67.7445
2026-05-09T17:27:24.377,-10.9220,0.0800,67.7057
2026-05-09T17:27:24.391,-10.9232,0.0800,67.6679
2026-05-09T17:27:24.404,-10.9245,0.0800,67.6274
2026-05-09T17:27:24.418,-10.9257,0.0800,67.5868
2026-05-09T17:27:24.433,-10.9270,0.0800,67.5503
2026-05-09T17:27:24.446,-10.9282,0.0800,67.5090
2026-05-09T17:27:24.460,-10.9295,0.0800,67.4671
2026-05-09T17:27:24.474,-10.9308,0.0800,67.4258
2026-05-09T17:27:24.488,-10.9321,0.0800,67.3867
2026-05-09T17:27:24.501,-10.9334,0.0800,67.3444
2026-05-09T17:27:24.515,-10.9347,0.0800,67.3017
2026-05-09T17:27:24.529,-10.9361,0.0800,67.2626
2026-05-09T17:27:24.543,-10.9374,0.0800,67.2198
2026-05-09T17:27:24.557,-10.9388,0.0800,67.1772
2026-05-09T17:27:24.571,-10.9402,0.0800,67.1344
2026-05-09T17:27:24.585,-10.9415,0.0800,67.0942
2026-05-09T17:27:24.598,-10.9428,0.0800,67.0524
2026-05-09T17:27:24.612,-10.9442,0.0800,67.0064
2026-05-09T17:27:24.626,-10.9456,0.0800,66.9698
2026-05-09T17:27:24.640,-10.9469,0.0800,66.9231
2026-05-09T17:27:24.654,-10.9480,0.0800,66.8832
2026-05-09T17:27:24.667,-10.9491,0.0800,66.8428
2026-05-09T17:27:24.681,-10.9496,0.0800,66.7984
2026-05-09T17:27:24.695,-10.9487,0.0800,66.7588
2026-05-09T17:27:24.708,-10.9478,0.0800,66.7171
2026-05-09T17:27:24.722,-10.9462,0.0800,66.6749
2026-05-09T17:27:24.735,-10.9433,0.0800,66.6327
2026-05-09T17:27:24.750,-10.9404,0.0800,66.5912
2026-05-09T17:27:24.763,-10.9368,0.0800,66.5504
2026-05-09T17:27:24.777,-10.9323,0.0800,66.5059
2026-05-09T17:27:24.791,-10.9267,0.0800,66.4645
2026-05-09T17:27:24.805,-10.9210,0.0800,66.4233
2026-05-09T17:27:24.819,-10.9144,0.0800,66.3802
2026-05-09T17:27:24.833,-10.9069,0.0800,66.3396
2026-05-09T17:27:24.847,-10.8986,0.0800,66.2955
2026-05-09T17:27:24.860,-10.8902,0.0800,66.2548
2026-05-09T17:27:24.875,-10.8804,0.0800,66.2137
2026-05-09T17:27:24.888,-10.8708,0.0800,66.1739
2026-05-09T17:27:24.902,-10.8597,0.0800,66.1310
2026-05-09T17:27:24.916,-10.8478,0.0800,66.0906
2026-05-09T17:27:24.930,-10.8363,0.0800,66.0515
2026-05-09T17:27:24.944,-10.8236,0.0800,66.0109
2026-05-09T17:27:24.957,-10.8095,0.0800,65.9681
2026-05-09T17:27:24.971,-10.7949,0.0800,65.9284
2026-05-09T17:27:24.986,-10.7815,0.0800,65.8919
2026-05-09T17:27:24.998,-10.7659,0.0800,65.8515
2026-05-09T17:27:25.013,-10.7470,0.0800,65.8065
2026-05-09T17:27:25.027,-10.7332,0.0800,65.7744
2026-05-09T17:27:25.040,-10.7144,0.0800,65.7321
2026-05-09T17:27:25.055,-10.6946,0.0800,65.6916
2026-05-09T17:27:25.068,-10.6729,0.0800,65.6473
2026-05-09T17:27:25.081,-10.6709,0.0800,65.6436
2026-05-09T17:27:25.137,-10.6834,0.0800,65.6693
2026-05-09T17:27:25.152,-10.6947,0.0800,65.6921
2026-05-09T17:27:25.166,-10.7060,0.0800,65.7179
2026-05-09T17:27:25.179,-10.7185,0.0800,65.7483
2026-05-09T17:27:25.193,-10.7302,0.0800,65.7760
2026-05-09T17:27:25.207,-10.7408,0.0800,65.8049
2026-05-09T17:27:25.221,-10.7514,0.0800,65.8355
2026-05-09T17:27:25.235,-10.7612,0.0800,65.8634
2026-05-09T17:27:25.249,-10.7706,0.0800,65.8946
2026-05-09T17:27:25.263,-10.7794,0.0800,65.9261
2026-05-09T17:27:25.276,-10.7884,0.0800,65.9577
2026-05-09T17:27:25.290,-10.7964,0.0800,65.9910
2026-05-09T17:27:25.304,-10.8040,0.0800,66.0254
2026-05-09T17:27:25.318,-10.8109,0.0800,66.0598
2026-05-09T17:27:25.332,-10.8176,0.0800,66.0929
2026-05-09T17:27:25.346,-10.8233,0.0800,66.1284
2026-05-09T17:27:25.359,-10.8275,0.0800,66.1592
2026-05-09T17:27:25.374,-10.8302,0.0800,66.1770
2026-05-09T17:27:25.388,-10.8304,0.0800,66.1786
2026-05-09T17:27:25.430,-10.8280,0.0800,66.1533
2026-05-09T17:27:25.443,-10.8245,0.0800,66.1233
2026-05-09T17:27:25.457,-10.8209,0.0800,66.0971
2026-05-09T17:27:25.471,-10.8156,0.0800,66.0695
2026-05-09T17:27:25.486,-10.8089,0.0800,66.0339
2026-05-09T17:27:25.540,-10.8085,0.0800,66.0322
2026-05-09T17:27:25.555,-10.8081,0.0800,66.0305
2026-05-09T17:27:25.610,-10.8057,0.0800,66.0184
2026-05-09T17:27:25.624,-10.8004,0.0800,65.9925
2026-05-09T17:27:25.638,-10.7949,0.0800,65.9681
2026-05-09T17:27:25.652,-10.7880,0.0800,65.9433
2026-05-09T17:27:25.666,-10.7813,0.0800,65.9186
2026-05-09T17:27:25.679,-10.7734,0.0800,65.8915
2026-05-09T17:27:25.694,-10.7649,0.0800,65.8669
2026-05-09T17:27:25.708,-10.7569,0.0800,65.8433
2026-05-09T17:27:25.721,-10.7472,0.0800,65.8162
2026-05-09T17:27:25.735,-10.7370,0.0800,65.7919
2026-05-09T17:27:25.749,-10.7261,0.0800,65.7650
2026-05-09T17:27:25.762,-10.7141,0.0800,65.7375
2026-05-09T17:27:25.776,-10.7002,0.0800,65.7089
2026-05-09T17:27:25.790,-10.6859,0.0800,65.6792
2026-05-09T17:27:25.804,-10.6712,0.0800,65.6502
2026-05-09T17:27:25.818,-10.6556,0.0800,65.6207
2026-05-09T17:27:25.832,-10.6399,0.0800,65.5940
2026-05-09T17:27:25.846,-10.6217,0.0800,65.5627
2026-05-09T17:27:25.860,-10.6051,0.0800,65.5356
2026-05-09T17:27:25.874,-10.5861,0.0800,65.5070
2026-05-09T17:27:25.888,-10.5672,0.0800,65.4785
2026-05-09T17:27:25.901,-10.5480,0.0800,65.4508
2026-05-09T17:27:25.915,-10.5269,0.0800,65.4227
2026-05-09T17:27:25.930,-10.5073,0.0800,65.3965
2026-05-09T17:27:25.944,-10.4849,0.0800,65.3678
2026-05-09T17:27:25.957,-10.4624,0.0800,65.3400
2026-05-09T17:27:25.979,-10.4396,0.0800,65.3141
2026-05-09T17:27:25.987,-10.4177,0.0800,65.2891
2026-05-09T17:27:25.998,-10.3771,0.0800,65.2445
2026-05-09T17:27:26.013,-10.3669,0.0800,65.2358
2026-05-09T17:27:26.025,-10.3462,0.0800,65.2148
2026-05-09T17:27:26.038,-10.3200,0.0800,65.1891
2026-05-09T17:27:26.051,-10.2986,0.0800,65.1700
2026-05-09T17:27:26.064,-10.2739,0.0800,65.1477
2026-05-09T17:27:26.078,-10.2489,0.0800,65.1258
2026-05-09T17:27:26.093,-10.2237,0.0800,65.1054
2026-05-09T17:27:26.107,-10.1965,0.0800,65.0834
2026-05-09T17:27:26.120,-10.1678,0.0800,65.0611
2026-05-09T17:27:26.135,-10.1398,0.0800,65.0412
2026-05-09T17:27:26.149,-10.1106,0.0800,65.0203
2026-05-09T17:27:26.163,-10.0819,0.0800,65.0005
2026-05-09T17:27:26.176,-10.0541,0.0800,64.9831
2026-05-09T17:27:26.192,-10.0248,0.0800,64.9646
2026-05-09T17:27:26.204,-9.9973,0.0800,64.9479
2026-05-09T17:27:26.218,-9.9672,0.0800,64.9303
2026-05-09T17:27:26.233,-9.9455,0.0800,64.9192
2026-05-09T17:27:26.246,-9.9181,0.0800,64.9044
2026-05-09T17:27:26.260,-9.8925,0.0800,64.8913
2026-05-09T17:27:26.274,-9.8699,0.0800,64.8811
2026-05-09T17:27:26.288,-9.8481,0.0800,64.8709
2026-05-09T17:27:26.302,-9.8212,0.0800,64.8588
2026-05-09T17:27:26.316,-9.8088,0.0800,64.8546
2026-05-09T17:27:26.330,-9.7945,0.0800,64.8486
2026-05-09T17:27:26.343,-9.7841,0.0800,64.8442
2026-05-09T17:27:26.357,-9.7804,0.0800,64.8422
2026-05-09T17:27:26.371,-9.7794,0.0800,64.8419
2026-05-09T17:27:26.387,-9.7820,0.0800,64.8417
2026-05-09T17:27:26.400,-9.7861,0.0800,64.8418
2026-05-09T17:27:26.415,-9.7929,0.0800,64.8432
2026-05-09T17:27:26.428,-9.7999,0.0800,64.8437
2026-05-09T17:27:26.443,-9.8090,0.0800,64.8444
2026-05-09T17:27:26.457,-9.8229,0.0800,64.8465
2026-05-09T17:27:26.471,-9.8402,0.0800,64.8478
2026-05-09T17:27:26.486,-9.8592,0.0800,64.8490
2026-05-09T17:27:26.499,-9.8911,0.0800,64.8509
2026-05-09T17:27:26.514,-9.9356,0.0800,64.8538
2026-05-09T17:27:26.527,-9.9786,0.0800,64.8552
2026-05-09T17:27:26.541,-10.0301,0.0800,64.8561
2026-05-09T17:27:26.555,-10.0785,0.0800,64.8569
2026-05-09T17:27:26.569,-10.1309,0.0800,64.8565
2026-05-09T17:27:26.583,-10.1914,0.0800,64.8553
2026-05-09T17:27:26.597,-10.2500,0.0800,64.8539
2026-05-09T17:27:26.611,-10.3113,0.0800,64.8513
2026-05-09T17:27:26.625,-10.3719,0.0800,64.8481
2026-05-09T17:27:26.639,-10.4374,0.0800,64.8441
2026-05-09T17:27:26.653,-10.5001,0.0800,64.8402
2026-05-09T17:27:26.667,-10.5644,0.0800,64.8352
2026-05-09T17:27:26.680,-10.6339,0.0800,64.8293
2026-05-09T17:27:26.696,-10.6941,0.0800,64.8240
2026-05-09T17:27:26.709,-10.7572,0.0800,64.8177
2026-05-09T17:27:26.723,-10.8277,0.0800,64.8101
2026-05-09T17:27:26.737,-10.8701,0.0800,64.8034
2026-05-09T17:27:26.752,-10.8700,0.0800,64.7962
2026-05-09T17:27:26.766,-10.8700,0.0800,64.7912
2026-05-09T17:27:26.780,-10.8699,0.0800,64.7859
2026-05-09T17:27:26.795,-10.8704,0.0800,64.7825
2026-05-09T17:27:26.809,-10.8705,0.0800,64.7798
2026-05-09T17:27:26.823,-10.8710,0.0800,64.7789
2026-05-09T17:27:26.837,-10.8694,0.0800,64.7793
2026-05-09T17:27:26.852,-10.8613,0.0800,64.7807
2026-05-09T17:27:26.866,-10.8510,0.0800,64.7829
2026-05-09T17:27:26.880,-10.8372,0.0800,64.7864
2026-05-09T17:27:26.893,-10.8239,0.0800,64.7913
2026-05-09T17:27:26.908,-10.8065,0.0800,64.7969
2026-05-09T17:27:26.922,-10.7887,0.0800,64.8033
2026-05-09T17:27:26.936,-10.7670,0.0800,64.8123
2026-05-09T17:27:26.950,-10.7454,0.0800,64.8211
2026-05-09T17:27:26.964,-10.7226,0.0800,64.8311
2026-05-09T17:27:26.977,-10.6994,0.0800,64.8418
2026-05-09T17:27:26.991,-10.6773,0.0800,64.8533
2026-05-09T17:27:27.005,-10.6552,0.0800,64.8647
2026-05-09T17:27:27.019,-10.6311,0.0800,64.8776
2026-05-09T17:27:27.033,-10.6093,0.0800,64.8908
2026-05-09T17:27:27.048,-10.5858,0.0800,64.9048
2026-05-09T17:27:27.061,-10.5639,0.0800,64.9185
2026-05-09T17:27:27.074,-10.5420,0.0800,64.9335
2026-05-09T17:27:27.088,-10.5217,0.0800,64.9474
2026-05-09T17:27:27.102,-10.5007,0.0800,64.9623
2026-05-09T17:27:27.116,-10.4805,0.0800,64.9781
2026-05-09T17:27:27.130,-10.4596,0.0800,64.9943
2026-05-09T17:27:27.143,-10.4387,0.0800,65.0112
2026-05-09T17:27:27.158,-10.4189,0.0800,65.0278
2026-05-09T17:27:27.171,-10.4012,0.0800,65.0441
2026-05-09T17:27:27.186,-10.3813,0.0800,65.0622
2026-05-09T17:27:27.199,-10.3624,0.0800,65.0798
2026-05-09T17:27:27.213,-10.3423,0.0800,65.1004
2026-05-09T17:27:27.228,-10.3265,0.0800,65.1165
2026-05-09T17:27:27.240,-10.3072,0.0800,65.1368
2026-05-09T17:27:27.255,-10.2886,0.0800,65.1584
2026-05-09T17:27:27.269,-10.2729,0.0800,65.1765
2026-05-09T17:27:27.282,-10.2664,0.0800,65.1842
2026-05-09T17:27:27.297,-10.2639,0.0800,65.1877
2026-05-09T17:27:27.310,-10.2625,0.0800,65.1894
2026-05-09T17:27:27.324,-10.2614,0.0800,65.1908
2026-05-09T17:27:27.337,-10.2603,0.0800,65.1922
2026-05-09T17:27:27.351,-10.2590,0.0800,65.1939
2026-05-09T17:27:27.365,-10.2555,0.0800,65.1981
2026-05-09T17:27:27.379,-10.2493,0.0800,65.2058
2026-05-09T17:27:27.393,-10.2369,0.0800,65.2210
2026-05-09T17:27:27.406,-10.2181,0.0800,65.2440
2026-05-09T17:27:27.420,-10.1954,0.0800,65.2715
2026-05-09T17:27:27.434,-10.1641,0.0800,65.3094
2026-05-09T17:27:27.448,-10.1279,0.0800,65.3529
2026-05-09T17:27:27.462,-10.0823,0.0800,65.4076
2026-05-09T17:27:27.476,-10.0391,0.0800,65.4590
2026-05-09T17:27:27.490,-9.9949,0.0800,65.5113
2026-05-09T17:27:27.503,-9.9481,0.0800,65.5663
2026-05-09T17:27:27.517,-9.9034,0.0800,65.6186
2026-05-09T17:27:27.531,-9.8604,0.0800,65.6687
2026-05-09T17:27:27.545,-9.8139,0.0800,65.7227
2026-05-09T17:27:27.559,-9.7704,0.0800,65.7730
2026-05-09T17:27:27.573,-9.7256,0.0800,65.8242
2026-05-09T17:27:27.587,-9.6835,0.0800,65.8726
2026-05-09T17:27:27.601,-9.6383,0.0800,65.9250
2026-05-09T17:27:27.614,-9.5938,0.0800,65.9772
2026-05-09T17:27:27.629,-9.5523,0.0800,66.0260
2026-05-09T17:27:27.642,-9.5094,0.0800,66.0766
2026-05-09T17:27:27.657,-9.4671,0.0800,66.1275
2026-05-09T17:27:27.670,-9.4280,0.0800,66.1746
2026-05-09T17:27:27.684,-9.3847,0.0800,66.2274
2026-05-09T17:27:27.697,-9.3476,0.0800,66.2734
2026-05-09T17:27:27.712,-9.3060,0.0800,66.3262
2026-05-09T17:27:27.725,-9.2715,0.0800,66.3701
2026-05-09T17:27:27.739,-9.2332,0.0800,66.4197
2026-05-09T17:27:27.753,-9.2014,0.0800,66.4618
2026-05-09T17:27:27.767,-9.1732,0.0800,66.4991
2026-05-09T17:27:27.781,-9.1434,0.0800,66.5389
2026-05-09T17:27:27.795,-9.1230,0.0800,66.5666
2026-05-09T17:27:27.809,-9.1043,0.0800,66.5918
2026-05-09T17:27:27.822,-9.0861,0.0800,66.6164
2026-05-09T17:27:27.836,-9.0723,0.0800,66.6355
2026-05-09T17:27:27.851,-9.0582,0.0800,66.6546
2026-05-09T17:27:27.864,-9.0483,0.0800,66.6680
2026-05-09T17:27:27.878,-9.0410,0.0800,66.6777
2026-05-09T17:27:27.892,-9.0375,0.0800,66.6824
2026-05-09T17:27:29.740,-9.0382,0.0800,66.6807
2026-05-09T17:27:29.755,-9.0394,0.0800,66.6781
2026-05-09T17:27:29.769,-9.0426,0.0800,66.6712
2026-05-09T17:27:29.782,-9.0476,0.0800,66.6603
2026-05-09T17:27:29.797,-9.0563,0.0800,66.6412
2026-05-09T17:27:29.810,-9.0683,0.0800,66.6147
2026-05-09T17:27:29.824,-9.0862,0.0800,66.5751
2026-05-09T17:27:29.838,-9.1129,0.0800,66.5161
2026-05-09T17:27:29.852,-9.1413,0.0800,66.4532
2026-05-09T17:27:29.866,-9.1680,0.0800,66.3936
2026-05-09T17:27:29.879,-9.1992,0.0800,66.3237
2026-05-09T17:27:29.893,-9.2251,0.0800,66.2652
2026-05-09T17:27:29.908,-9.2510,0.0800,66.2061
2026-05-09T17:27:29.921,-9.2791,0.0800,66.1414
2026-05-09T17:27:29.935,-9.3075,0.0800,66.0754
2026-05-09T17:27:29.949,-9.3343,0.0800,66.0124
2026-05-09T17:27:29.963,-9.3596,0.0800,65.9524
2026-05-09T17:27:29.977,-9.3867,0.0800,65.8873
2026-05-09T17:27:29.991,-9.4126,0.0800,65.8245
2026-05-09T17:27:30.004,-9.4406,0.0800,65.7563
2026-05-09T17:27:30.018,-9.4672,0.0800,65.6910
2026-05-09T17:27:30.032,-9.4910,0.0800,65.6321
2026-05-09T17:27:30.046,-9.5194,0.0800,65.5618
2026-05-09T17:27:30.060,-9.5432,0.0800,65.5031
2026-05-09T17:27:30.074,-9.5703,0.0800,65.4360
2026-05-09T17:27:30.088,-9.5925,0.0800,65.3810
2026-05-09T17:27:30.101,-9.6077,0.0800,65.3435
2026-05-09T17:27:30.116,-9.6163,0.0800,65.3222
2026-05-09T17:27:30.324,-9.6171,0.0800,65.3202
2026-05-09T17:27:30.337,-9.6197,0.0800,65.3138
2026-05-09T17:27:30.351,-9.6279,0.0800,65.2943
2026-05-09T17:27:30.365,-9.6375,0.0800,65.2713
2026-05-09T17:27:30.378,-9.6499,0.0800,65.2417
2026-05-09T17:27:30.393,-9.6644,0.0800,65.2072
2026-05-09T17:27:30.407,-9.6785,0.0800,65.1740
2026-05-09T17:27:30.420,-9.6942,0.0800,65.1368
2026-05-09T17:27:30.435,-9.7096,0.0800,65.1003
2026-05-09T17:27:30.449,-9.7254,0.0800,65.0632
2026-05-09T17:27:30.462,-9.7415,0.0800,65.0253
2026-05-09T17:27:30.476,-9.7558,0.0800,64.9919
2026-05-09T17:27:30.491,-9.7661,0.0800,64.9677
2026-05-09T17:27:30.504,-9.7754,0.0800,64.9460
2026-05-09T17:27:30.518,-9.7812,0.0800,64.9327
2026-05-09T17:27:30.532,-9.7822,0.0800,64.9303
2026-05-09T17:27:30.865,-9.7826,0.0800,64.9293
2026-05-09T17:27:30.879,-9.7832,0.0800,64.9282
2026-05-09T17:27:30.893,-9.7838,0.0800,64.9266
2026-05-09T17:27:30.907,-9.7846,0.0800,64.9248
2026-05-09T17:27:30.921,-9.7855,0.0800,64.9228
2026-05-09T17:27:30.934,-9.7864,0.0800,64.9207
2026-05-09T17:27:30.948,-9.7873,0.0800,64.9186
2026-05-09T17:27:30.962,-9.7882,0.0800,64.9166
2026-05-09T17:27:30.976,-9.7891,0.0800,64.9145
2026-05-09T17:27:30.991,-9.7899,0.0800,64.9125
2026-05-09T17:27:31.004,-9.7909,0.0800,64.9103
2026-05-09T17:27:31.018,-9.7918,0.0800,64.9081
2026-05-09T17:27:31.032,-9.7926,0.0800,64.9062
2026-05-09T17:27:31.045,-9.7934,0.0800,64.9042
2026-05-09T17:27:31.059,-9.7943,0.0800,64.9021
2026-05-09T17:27:31.074,-9.7951,0.0800,64.9000
2026-05-09T17:27:31.088,-9.7960,0.0800,64.8980
2026-05-09T17:27:31.101,-9.7968,0.0800,64.8958
2026-05-09T17:27:31.115,-9.7977,0.0800,64.8937
2026-05-09T17:27:31.129,-9.7983,0.0800,64.8920
2026-05-09T17:27:31.142,-9.7988,0.0800,64.8908
2026-05-09T17:27:31.906,-9.7998,0.0800,64.8883
2026-05-09T17:27:31.920,-9.8011,0.0800,64.8852
2026-05-09T17:27:31.934,-9.8025,0.0800,64.8820
2026-05-09T17:27:31.948,-9.8043,0.0800,64.8777
2026-05-09T17:27:31.961,-9.8065,0.0800,64.8724
2026-05-09T17:27:31.975,-9.8105,0.0800,64.8629
2026-05-09T17:27:31.990,-9.8155,0.0800,64.8511
2026-05-09T17:27:32.003,-9.8205,0.0800,64.8393
2026-05-09T17:27:32.017,-9.8274,0.0800,64.8232
2026-05-09T17:27:32.031,-9.8344,0.0800,64.8067
2026-05-09T17:27:32.045,-9.8412,0.0800,64.7907
2026-05-09T17:27:32.058,-9.8482,0.0800,64.7742
2026-05-09T17:27:32.073,-9.8557,0.0800,64.7568
2026-05-09T17:27:32.086,-9.8624,0.0800,64.7411
2026-05-09T17:27:32.100,-9.8692,0.0800,64.7251
2026-05-09T17:27:32.114,-9.8750,0.0800,64.7117
2026-05-09T17:27:32.133,-9.8812,0.0800,64.6973
2026-05-09T17:27:32.141,-9.8855,0.0800,64.6871
2026-05-09T17:27:32.155,-9.8926,0.0800,64.6708
2026-05-09T17:27:32.169,-9.8954,0.0800,64.6643
2026-05-09T17:27:32.183,-9.8999,0.0800,64.6539
2026-05-09T17:27:32.196,-9.9033,0.0800,64.6462
2026-05-09T17:27:32.210,-9.9062,0.0800,64.6395
2026-05-09T17:27:32.225,-9.9090,0.0800,64.6331
2026-05-09T17:27:32.238,-9.9111,0.0800,64.6283
2026-05-09T17:27:32.252,-9.9131,0.0800,64.6238
2026-05-09T17:27:32.266,-9.9143,0.0800,64.6210
2026-05-09T17:27:32.279,-9.9150,0.0800,64.6195
2026-05-09T17:27:32.613,-9.9004,0.0800,64.6484
2026-05-09T17:27:32.627,-9.8802,0.0800,64.6884
2026-05-09T17:27:32.640,-9.8477,0.0800,64.7533
2026-05-09T17:27:32.655,-9.8200,0.0800,64.8094
2026-05-09T17:27:32.669,-9.7910,0.0800,64.8689
2026-05-09T17:27:32.683,-9.7597,0.0800,64.9343
2026-05-09T17:27:32.696,-9.7284,0.0800,64.9996
2026-05-09T17:27:32.710,-9.7003,0.0800,65.0583
2026-05-09T17:27:32.724,-9.6710,0.0800,65.1196
2026-05-09T17:27:32.737,-9.6417,0.0800,65.1811
2026-05-09T17:27:32.752,-9.6117,0.0800,65.2441
2026-05-09T17:27:32.765,-9.5840,0.0800,65.3022
2026-05-09T17:27:32.780,-9.5495,0.0800,65.3746
2026-05-09T17:27:32.794,-9.5230,0.0800,65.4301
2026-05-09T17:27:32.808,-9.4925,0.0800,65.4943
2026-05-09T17:27:32.821,-9.4635,0.0800,65.5552
2026-05-09T17:27:32.836,-9.4325,0.0800,65.6206
2026-05-09T17:27:32.850,-9.4042,0.0800,65.6802
2026-05-09T17:27:32.863,-9.3735,0.0800,65.7453
2026-05-09T17:27:32.876,-9.3448,0.0800,65.8063
2026-05-09T17:27:32.891,-9.3165,0.0800,65.8665
2026-05-09T17:27:32.905,-9.2895,0.0800,65.9244
2026-05-09T17:27:32.919,-9.2594,0.0800,65.9881
2026-05-09T17:27:32.933,-9.2404,0.0800,66.0281
2026-05-09T17:27:32.947,-9.2229,0.0800,66.0648
2026-05-09T17:27:32.961,-9.2124,0.0800,66.0869
2026-05-09T17:27:32.975,-9.2068,0.0800,66.0985
2026-05-09T17:27:32.989,-9.2035,0.0800,66.1056
2026-05-09T17:27:33.002,-9.2017,0.0800,66.1094
2026-05-09T17:27:33.017,-9.2002,0.0800,66.1124
2026-05-09T17:27:33.031,-9.1991,0.0800,66.1148
2026-05-09T17:27:33.045,-9.1964,0.0800,66.1203
2026-05-09T17:27:33.058,-9.1928,0.0800,66.1278
2026-05-09T17:27:33.072,-9.1858,0.0800,66.1425
2026-05-09T17:27:33.087,-9.1781,0.0800,66.1581
2026-05-09T17:27:33.100,-9.1668,0.0800,66.1807
2026-05-09T17:27:33.114,-9.1521,0.0800,66.2089
2026-05-09T17:27:33.129,-9.1382,0.0800,66.2346
2026-05-09T17:27:33.142,-9.1226,0.0800,66.2624
2026-05-09T17:27:33.156,-9.1062,0.0800,66.2905
2026-05-09T17:27:33.170,-9.0899,0.0800,66.3175
2026-05-09T17:27:33.184,-9.0682,0.0800,66.3521
2026-05-09T17:27:33.197,-9.0465,0.0800,66.3854
2026-05-09T17:27:33.212,-9.0222,0.0800,66.4213
2026-05-09T17:27:33.225,-9.0003,0.0800,66.4526
2026-05-09T17:27:33.239,-8.9728,0.0800,66.4907
2026-05-09T17:27:33.254,-8.9488,0.0800,66.5227
2026-05-09T17:27:33.268,-8.9214,0.0800,66.5581
2026-05-09T17:27:33.281,-8.8925,0.0800,66.5942
2026-05-09T17:27:33.295,-8.8656,0.0800,66.6264
2026-05-09T17:27:33.309,-8.8394,0.0800,66.6569
2026-05-09T17:27:33.323,-8.8097,0.0800,66.6905
2026-05-09T17:27:33.336,-8.7801,0.0800,66.7227
2026-05-09T17:27:33.351,-8.7462,0.0800,66.7585
2026-05-09T17:27:33.364,-8.7123,0.0800,66.7931
2026-05-09T17:27:33.378,-8.6718,0.0800,66.8333
2026-05-09T17:27:33.392,-8.6417,0.0800,66.8627
2026-05-09T17:27:33.406,-8.6072,0.0800,66.9012
2026-05-09T17:27:33.419,-8.6072,0.0800,66.9372
2026-05-09T17:27:33.434,-8.6071,0.0800,66.9788
2026-05-09T17:27:33.448,-8.6071,0.0800,67.0251
2026-05-09T17:27:33.462,-8.6071,0.0800,67.0731
2026-05-09T17:27:33.476,-8.6071,0.0800,67.1173
2026-05-09T17:27:33.490,-8.6071,0.0800,67.1607
2026-05-09T17:27:33.504,-8.6071,0.0800,67.2061
2026-05-09T17:27:33.517,-8.6052,0.0800,67.2465
2026-05-09T17:27:33.532,-8.5949,0.0800,67.2869
2026-05-09T17:27:33.545,-8.5780,0.0800,67.3291
2026-05-09T17:27:33.558,-8.5551,0.0800,67.3654
2026-05-09T17:27:33.573,-8.5244,0.0800,67.4022
2026-05-09T17:27:33.587,-8.4964,0.0800,67.4307
2026-05-09T17:27:33.601,-8.4614,0.0800,67.4666
2026-05-09T17:27:33.615,-8.4275,0.0800,67.5019
2026-05-09T17:27:33.629,-8.3957,0.0800,67.5354
2026-05-09T17:27:33.642,-8.3608,0.0800,67.5726
2026-05-09T17:27:33.657,-8.3287,0.0800,67.6073
2026-05-09T17:27:33.670,-8.2966,0.0800,67.6424
2026-05-09T17:27:33.684,-8.2633,0.0800,67.6792
2026-05-09T17:27:33.698,-8.2316,0.0800,67.7147
2026-05-09T17:27:33.712,-8.1968,0.0800,67.7539
2026-05-09T17:27:33.726,-8.1708,0.0800,67.7836
2026-05-09T17:27:33.740,-8.1607,0.0800,67.7952
2026-05-09T17:27:33.755,-8.1594,0.0800,67.7967
2026-05-09T17:27:33.865,-8.1615,0.0800,67.7943
2026-05-09T17:27:33.879,-8.1645,0.0800,67.7909
2026-05-09T17:27:33.893,-8.1667,0.0800,67.7886
2026-05-09T17:27:33.906,-8.1701,0.0800,67.7850
2026-05-09T17:27:33.921,-8.1744,0.0800,67.7809
2026-05-09T17:27:33.935,-8.1792,0.0800,67.7763
2026-05-09T17:27:33.949,-8.1856,0.0800,67.7705
2026-05-09T17:27:33.962,-8.1920,0.0800,67.7650
2026-05-09T17:27:33.976,-8.1983,0.0800,67.7598
2026-05-09T17:27:33.991,-8.2052,0.0800,67.7544
2026-05-09T17:27:34.004,-8.2123,0.0800,67.7490
2026-05-09T17:27:34.018,-8.2200,0.0800,67.7433
2026-05-09T17:27:34.032,-8.2268,0.0800,67.7386
2026-05-09T17:27:34.045,-8.2347,0.0800,67.7333
2026-05-09T17:27:34.059,-8.2424,0.0800,67.7284
2026-05-09T17:27:34.073,-8.2499,0.0800,67.7238
2026-05-09T17:27:34.088,-8.2578,0.0800,67.7192
2026-05-09T17:27:34.101,-8.2659,0.0800,67.7146
2026-05-09T17:27:34.115,-8.2744,0.0800,67.7102
2026-05-09T17:27:34.129,-8.2824,0.0800,67.7061
2026-05-09T17:27:34.142,-8.2912,0.0800,67.7019
2026-05-09T17:27:34.157,-8.2988,0.0800,67.6984
2026-05-09T17:27:34.170,-8.3074,0.0800,67.6947
2026-05-09T17:27:34.185,-8.3158,0.0800,67.6912
2026-05-09T17:27:34.198,-8.3240,0.0800,67.6881
2026-05-09T17:27:34.212,-8.3301,0.0800,67.6859
2026-05-09T17:27:34.226,-8.3334,0.0800,67.6848
2026-05-09T17:27:34.239,-8.3367,0.0800,67.6837
2026-05-09T17:27:34.254,-8.3383,0.0800,67.6833
2026-05-09T17:27:34.267,-8.3387,0.0800,67.6832
2026-05-09T17:27:34.281,-8.3374,0.0800,67.6835
2026-05-09T17:27:34.295,-8.3345,0.0800,67.6841
2026-05-09T17:27:34.309,-8.3304,0.0800,67.6849
2026-05-09T17:27:34.323,-8.3218,0.0800,67.6863
2026-05-09T17:27:34.336,-8.3113,0.0800,67.6878
2026-05-09T17:27:34.350,-8.2948,0.0800,67.6897
2026-05-09T17:27:34.364,-8.2754,0.0800,67.6915
2026-05-09T17:27:34.377,-8.2521,0.0800,67.6932
2026-05-09T17:27:34.392,-8.2282,0.0800,67.6944
2026-05-09T17:27:34.405,-8.1994,0.0800,67.6953
2026-05-09T17:27:34.419,-8.1710,0.0800,67.6956
2026-05-09T17:27:34.433,-8.1401,0.0800,67.6953
2026-05-09T17:27:34.446,-8.1048,0.0800,67.6943
2026-05-09T17:27:34.460,-8.0698,0.0800,67.6926
2026-05-09T17:27:34.474,-8.0310,0.0800,67.6899
2026-05-09T17:27:34.487,-7.9942,0.0800,67.6866
2026-05-09T17:27:34.501,-7.9523,0.0800,67.6822
2026-05-09T17:27:34.515,-7.9117,0.0800,67.6771
2026-05-09T17:27:34.528,-7.8737,0.0800,67.6717
2026-05-09T17:27:34.542,-7.8308,0.0800,67.6648
2026-05-09T17:27:34.556,-7.7931,0.0800,67.6580
2026-05-09T17:27:34.569,-7.7520,0.0800,67.6499
2026-05-09T17:27:34.584,-7.7119,0.0800,67.6412
2026-05-09T17:27:34.596,-7.6741,0.0800,67.6324
2026-05-09T17:27:34.611,-7.6289,0.0800,67.6210
2026-05-09T17:27:34.625,-7.5952,0.0800,67.6118
2026-05-09T17:27:34.638,-7.5469,0.0800,67.5980
2026-05-09T17:27:34.652,-7.5075,0.0800,67.5858
2026-05-09T17:27:34.666,-7.4660,0.0800,67.5749
2026-05-09T17:27:34.679,-7.4193,0.0800,67.5751
2026-05-09T17:27:34.694,-7.3816,0.0800,67.5751
2026-05-09T17:27:34.707,-7.3403,0.0800,67.5752
2026-05-09T17:27:34.721,-7.2991,0.0800,67.5753
2026-05-09T17:27:34.735,-7.2597,0.0800,67.5739
2026-05-09T17:27:34.749,-7.2163,0.0800,67.5658
2026-05-09T17:27:34.762,-7.1761,0.0800,67.5471
2026-05-09T17:27:34.776,-7.1341,0.0800,67.5299
2026-05-09T17:27:34.790,-7.0998,0.0800,67.5123
2026-05-09T17:27:34.804,-7.0656,0.0800,67.4940
2026-05-09T17:27:34.817,-7.0323,0.0800,67.4754
2026-05-09T17:27:34.831,-6.9997,0.0800,67.4564
2026-05-09T17:27:34.845,-6.9693,0.0800,67.4378
2026-05-09T17:27:34.858,-6.9393,0.0800,67.4186
2026-05-09T17:27:34.873,-6.9084,0.0800,67.3980
2026-05-09T17:27:34.887,-6.8792,0.0800,67.3775
2026-05-09T17:27:34.899,-6.8494,0.0800,67.3557
2026-05-09T17:27:34.914,-6.8206,0.0800,67.3336
2026-05-09T17:27:34.928,-6.7980,0.0800,67.3154
2026-05-09T17:27:34.942,-6.7714,0.0800,67.2932
2026-05-09T17:27:34.956,-6.7491,0.0800,67.2733
2026-05-09T17:27:34.970,-6.7274,0.0800,67.2532
2026-05-09T17:27:34.983,-6.7099,0.0800,67.2362
2026-05-09T17:27:34.997,-6.6953,0.0800,67.2215
2026-05-09T17:27:35.011,-6.6847,0.0800,67.2102
2026-05-09T17:27:35.025,-6.6783,0.0800,67.2032
2026-05-09T17:27:35.038,-6.6714,0.0800,67.1954
2026-05-09T17:27:35.053,-6.6660,0.0800,67.1890
2026-05-09T17:27:35.066,-6.6610,0.0800,67.1831
2026-05-09T17:27:35.079,-6.6566,0.0800,67.1776
2026-05-09T17:27:35.093,-6.6533,0.0800,67.1734
2026-05-09T17:27:35.107,-6.6508,0.0800,67.1701
2026-05-09T17:27:35.121,-6.6487,0.0800,67.1672
2026-05-09T17:27:35.135,-6.6467,0.0800,67.1644
2026-05-09T17:27:35.149,-6.6449,0.0800,67.1619
2026-05-09T17:27:35.163,-6.6432,0.0800,67.1595
2026-05-09T17:27:35.177,-6.6411,0.0800,67.1565
2026-05-09T17:27:35.191,-6.6384,0.0800,67.1525
2026-05-09T17:27:35.204,-6.6335,0.0800,67.1449
2026-05-09T17:27:35.218,-6.6286,0.0800,67.1369
2026-05-09T17:27:35.232,-6.6234,0.0800,67.1278
2026-05-09T17:27:35.246,-6.6174,0.0800,67.1167
2026-05-09T17:27:35.260,-6.6106,0.0800,67.1033
2026-05-09T17:27:35.274,-6.6007,0.0800,67.0820
2026-05-09T17:27:35.288,-6.5910,0.0800,67.0601
2026-05-09T17:27:35.301,-6.5788,0.0800,67.0305
2026-05-09T17:27:35.316,-6.5674,0.0800,67.0007
2026-05-09T17:27:35.329,-6.5556,0.0800,66.9677
2026-05-09T17:27:35.342,-6.5454,0.0800,66.9374
2026-05-09T17:27:35.357,-6.5361,0.0800,66.9073
2026-05-09T17:27:35.371,-6.5254,0.0800,66.8710
2026-05-09T17:27:35.386,-6.5150,0.0800,66.8334
2026-05-09T17:27:35.399,-6.5059,0.0800,66.7974
2026-05-09T17:27:35.414,-6.4963,0.0800,66.7558
2026-05-09T17:27:35.427,-6.4889,0.0800,66.7211
2026-05-09T17:27:35.440,-6.4809,0.0800,66.6803
2026-05-09T17:27:35.455,-6.4743,0.0800,66.6424
2026-05-09T17:27:35.469,-6.4681,0.0800,66.6033
2026-05-09T17:27:35.484,-6.4618,0.0800,66.5591
2026-05-09T17:27:35.497,-6.4567,0.0800,66.5182
2026-05-09T17:27:35.511,-6.4518,0.0800,66.4714
2026-05-09T17:27:35.525,-6.4481,0.0800,66.4297
2026-05-09T17:27:35.538,-6.4448,0.0800,66.3827
2026-05-09T17:27:35.553,-6.4423,0.0800,66.3373
2026-05-09T17:27:35.567,-6.4404,0.0800,66.2881
2026-05-09T17:27:35.581,-6.4391,0.0800,66.2337
2026-05-09T17:27:35.595,-6.4386,0.0800,66.1789
2026-05-09T17:27:35.609,-6.4389,0.0800,66.1268
2026-05-09T17:27:35.623,-6.4400,0.0800,66.0713
2026-05-09T17:27:35.637,-6.4418,0.0800,66.0139
2026-05-09T17:27:35.651,-6.4444,0.0800,65.9571
2026-05-09T17:27:35.666,-6.4475,0.0800,65.9039
2026-05-09T17:27:35.679,-6.4522,0.0800,65.8365
2026-05-09T17:27:35.694,-6.4569,0.0800,65.7816
2026-05-09T17:27:35.707,-6.4624,0.0800,65.7231
2026-05-09T17:27:35.721,-6.4688,0.0800,65.6615
2026-05-09T17:27:35.735,-6.4757,0.0800,65.6027
2026-05-09T17:27:35.749,-6.4834,0.0800,65.5410
2026-05-09T17:27:35.763,-6.4916,0.0800,65.4809
2026-05-09T17:27:35.776,-6.5007,0.0800,65.4190
2026-05-09T17:27:35.791,-6.5100,0.0800,65.3602
2026-05-09T17:27:35.804,-6.5197,0.0800,65.3018
2026-05-09T17:27:35.818,-6.5305,0.0800,65.2402
2026-05-09T17:27:35.833,-6.5417,0.0800,65.1796
2026-05-09T17:27:35.847,-6.5541,0.0800,65.1157
2026-05-09T17:27:35.860,-6.5665,0.0800,65.0547
2026-05-09T17:27:35.874,-6.5801,0.0800,64.9909
2026-05-09T17:27:35.888,-6.5937,0.0800,64.9291
2026-05-09T17:27:35.902,-6.6083,0.0800,64.8652
2026-05-09T17:27:35.917,-6.6240,0.0800,64.7985
2026-05-09T17:27:35.930,-6.6385,0.0800,64.7390
2026-05-09T17:27:35.944,-6.6555,0.0800,64.6708
2026-05-09T17:27:35.957,-6.6713,0.0800,64.6088
2026-05-09T17:27:35.972,-6.6884,0.0800,64.5441
2026-05-09T17:27:35.986,-6.7046,0.0800,64.4841
2026-05-09T17:27:36.000,-6.7230,0.0800,64.4171
2026-05-09T17:27:36.014,-6.7431,0.0800,64.3461
2026-05-09T17:27:36.028,-6.7594,0.0800,64.2895
2026-05-09T17:27:36.041,-6.7793,0.0800,64.2220
2026-05-09T17:27:36.056,-6.7980,0.0800,64.1597
2026-05-09T17:27:36.070,-6.8173,0.0800,64.0967
2026-05-09T17:27:36.083,-6.8385,0.0800,64.0284
2026-05-09T17:27:36.097,-6.8583,0.0800,63.9656
2026-05-09T17:27:36.111,-6.8792,0.0800,63.9006
2026-05-09T17:27:36.125,-6.8998,0.0800,63.8375
2026-05-09T17:27:36.139,-6.9218,0.0800,63.7710
2026-05-09T17:27:36.154,-6.9244,0.0800,63.7105
2026-05-09T17:27:36.167,-6.9244,0.0800,63.6478
2026-05-09T17:27:36.181,-6.9243,0.0800,63.5770
2026-05-09T17:27:36.196,-6.9243,0.0800,63.5156
2026-05-09T17:27:36.210,-6.9242,0.0800,63.4522
2026-05-09T17:27:36.224,-6.9242,0.0800,63.3875
2026-05-09T17:27:36.237,-6.9241,0.0800,63.3232
2026-05-09T17:27:36.252,-6.9241,0.0800,63.2591
2026-05-09T17:27:36.266,-6.9466,0.0800,63.1988
2026-05-09T17:27:36.280,-6.9746,0.0800,63.1247
2026-05-09T17:27:36.294,-6.9966,0.0800,63.0673
2026-05-09T17:27:36.308,-7.0215,0.0800,63.0031
2026-05-09T17:27:36.322,-7.0457,0.0800,62.9401
2026-05-09T17:27:36.337,-7.0674,0.0800,62.8838
2026-05-09T17:27:36.351,-7.0858,0.0800,62.8358
2026-05-09T17:27:36.365,-7.0989,0.0800,62.8016
2026-05-09T17:27:36.378,-7.1100,0.0800,62.7726
2026-05-09T17:27:36.393,-7.1170,0.0800,62.7543
2026-05-09T17:27:36.406,-7.1228,0.0800,62.7390
2026-05-09T17:27:36.421,-7.1281,0.0800,62.7252
2026-05-09T17:27:36.435,-7.1314,0.0800,62.7165
2026-05-09T17:27:36.449,-7.1339,0.0800,62.7098
2026-05-09T17:27:36.462,-7.1351,0.0800,62.7068
2026-05-09T17:27:36.587,-7.1342,0.0800,62.7089
2026-05-09T17:27:36.601,-7.1314,0.0800,62.7164
2026-05-09T17:27:36.615,-7.1210,0.0800,62.7428
2026-05-09T17:27:36.629,-7.1121,0.0800,62.7643
2026-05-09T17:27:36.642,-7.1013,0.0800,62.7889
2026-05-09T17:27:36.657,-7.0913,0.0800,62.8107
2026-05-09T17:27:36.671,-7.0801,0.0800,62.8336
2026-05-09T17:27:36.685,-7.0679,0.0800,62.8572
2026-05-09T17:27:36.698,-7.0562,0.0800,62.8786
2026-05-09T17:27:36.712,-7.0435,0.0800,62.9012
2026-05-09T17:27:36.727,-7.0313,0.0800,62.9215
2026-05-09T17:27:36.739,-7.0176,0.0800,62.9434
2026-05-09T17:27:36.754,-7.0049,0.0800,62.9631
2026-05-09T17:27:36.768,-6.9922,0.0800,62.9816
2026-05-09T17:27:36.781,-6.9770,0.0800,63.0027
2026-05-09T17:27:36.796,-6.9637,0.0800,63.0210
2026-05-09T17:27:36.809,-6.9489,0.0800,63.0399
2026-05-09T17:27:36.824,-6.9337,0.0800,63.0586
2026-05-09T17:27:36.837,-6.9180,0.0800,63.0771
2026-05-09T17:27:36.852,-6.9023,0.0800,63.0953
2026-05-09T17:27:36.865,-6.8868,0.0800,63.1122
2026-05-09T17:27:36.879,-6.8673,0.0800,63.1325
2026-05-09T17:27:36.894,-6.8566,0.0800,63.1436
2026-05-09T17:27:36.907,-6.8558,0.0800,63.1444
2026-05-09T17:27:37.129,-6.8702,0.0800,63.1302
2026-05-09T17:27:37.142,-6.8888,0.0800,63.1113
2026-05-09T17:27:37.156,-6.9041,0.0800,63.0946
2026-05-09T17:27:37.170,-6.9212,0.0800,63.0755
2026-05-09T17:27:37.184,-6.9373,0.0800,63.0568
2026-05-09T17:27:37.197,-6.9527,0.0800,63.0381
2026-05-09T17:27:37.211,-6.9679,0.0800,63.0183
2026-05-09T17:27:37.225,-6.9818,0.0800,62.9999
2026-05-09T17:27:37.238,-6.9976,0.0800,62.9779
2026-05-09T17:27:37.252,-7.0100,0.0800,62.9592
2026-05-09T17:27:37.266,-7.0230,0.0800,62.9392
2026-05-09T17:27:37.279,-7.0377,0.0800,62.9157
2026-05-09T17:27:37.293,-7.0482,0.0800,62.8969
2026-05-09T17:27:37.306,-7.0602,0.0800,62.8755
2026-05-09T17:27:37.320,-7.0717,0.0800,62.8538
2026-05-09T17:27:37.334,-7.0818,0.0800,62.8328
2026-05-09T17:27:37.347,-7.0933,0.0800,62.8084
2026-05-09T17:27:37.361,-7.1026,0.0800,62.7874
2026-05-09T17:27:37.374,-7.1126,0.0800,62.7627
2026-05-09T17:27:37.388,-7.1210,0.0800,62.7412
2026-05-09T17:27:37.401,-7.1247,0.0800,62.7312
2026-05-09T17:27:37.415,-7.1245,0.0800,62.7313
2026-05-09T17:27:37.845,-7.1283,0.0800,62.7192
2026-05-09T17:27:37.859,-7.1315,0.0800,62.7087
2026-05-09T17:27:37.873,-7.1420,0.0800,62.6753
2026-05-09T17:27:37.888,-7.1623,0.0800,62.6095
2026-05-09T17:27:37.901,-7.1817,0.0800,62.5481
2026-05-09T17:27:37.915,-7.2042,0.0800,62.4790
2026-05-09T17:27:37.929,-7.2240,0.0800,62.4189
2026-05-09T17:27:37.942,-7.2445,0.0800,62.3583
2026-05-09T17:27:37.957,-7.2667,0.0800,62.2942
2026-05-09T17:27:37.971,-7.2888,0.0800,62.2314
2026-05-09T17:27:37.984,-7.3114,0.0800,62.1686
2026-05-09T17:27:37.997,-7.3343,0.0800,62.1061
2026-05-09T17:27:38.011,-7.3570,0.0800,62.0457
2026-05-09T17:27:38.025,-7.3789,0.0800,61.9879
2026-05-09T17:27:38.039,-7.4029,0.0800,61.9259
2026-05-09T17:27:38.055,-7.4262,0.0800,61.8670
2026-05-09T17:27:38.068,-7.4437,0.0800,61.8229
2026-05-09T17:27:38.081,-7.4624,0.0800,61.7757
2026-05-09T17:27:38.095,-7.4777,0.0800,61.7368
2026-05-09T17:27:38.110,-7.4902,0.0800,61.7048
2026-05-09T17:27:38.124,-7.4979,0.0800,61.6847
2026-05-09T17:27:38.137,-7.4994,0.0800,61.6809
2026-05-09T17:27:39.219,-7.5013,0.0800,61.6691
2026-05-09T17:27:39.233,-7.5029,0.0800,61.6591
2026-05-09T17:27:39.249,-7.5096,0.0800,61.6180
2026-05-09T17:27:39.262,-7.5197,0.0800,61.5594
2026-05-09T17:27:39.276,-7.5321,0.0800,61.4937
2026-05-09T17:27:39.290,-7.5436,0.0800,61.4356
2026-05-09T17:27:39.304,-7.5565,0.0800,61.3742
2026-05-09T17:27:39.317,-7.5695,0.0800,61.3158
2026-05-09T17:27:39.332,-7.5834,0.0800,61.2574
2026-05-09T17:27:39.346,-7.5980,0.0800,61.1977
2026-05-09T17:27:39.359,-7.6141,0.0800,61.1352
2026-05-09T17:27:39.374,-7.6303,0.0800,61.0761
2026-05-09T17:27:39.388,-7.6462,0.0800,61.0197
2026-05-09T17:27:39.402,-7.6645,0.0800,60.9572
2026-05-09T17:27:39.416,-7.6833,0.0800,60.8963
2026-05-09T17:27:39.429,-7.7015,0.0800,60.8390
2026-05-09T17:27:39.443,-7.7213,0.0800,60.7791
2026-05-09T17:27:39.457,-7.7410,0.0800,60.7212
2026-05-09T17:27:39.471,-7.7621,0.0800,60.6623
2026-05-09T17:27:39.485,-7.7831,0.0800,60.6045
2026-05-09T17:27:39.499,-7.8033,0.0800,60.5507
2026-05-09T17:27:39.513,-7.8274,0.0800,60.4890
2026-05-09T17:27:39.527,-7.8497,0.0800,60.4332
2026-05-09T17:27:39.540,-7.8736,0.0800,60.3748
2026-05-09T17:27:39.555,-7.8974,0.0800,60.3188
2026-05-09T17:27:39.569,-7.9204,0.0800,60.2654
2026-05-09T17:27:39.582,-7.9476,0.0800,60.2039
2026-05-09T17:27:39.597,-7.9737,0.0800,60.1470
2026-05-09T17:27:39.610,-8.0027,0.0800,60.0845
2026-05-09T17:27:39.624,-8.0301,0.0800,60.0268
2026-05-09T17:27:39.637,-8.0597,0.0800,59.9654
2026-05-09T17:27:39.652,-8.0892,0.0800,59.9041
2026-05-09T17:27:39.667,-8.1174,0.0800,59.8453
2026-05-09T17:27:39.680,-8.1507,0.0800,59.7762
2026-05-09T17:27:39.694,-8.1778,0.0800,59.7189
2026-05-09T17:27:39.707,-8.2028,0.0800,59.6651
2026-05-09T17:27:39.722,-8.2297,0.0800,59.6227
2026-05-09T17:27:39.735,-8.2539,0.0800,59.6227
2026-05-09T17:27:39.749,-8.2758,0.0800,59.6224
2026-05-09T17:27:39.763,-8.2966,0.0800,59.6221
2026-05-09T17:27:39.776,-8.3182,0.0800,59.6217
2026-05-09T17:27:39.791,-8.3368,0.0800,59.6217
2026-05-09T17:27:39.804,-8.3552,0.0800,59.6213
2026-05-09T17:27:39.818,-8.3740,0.0800,59.6209
2026-05-09T17:27:39.833,-8.3930,0.0800,59.6198
2026-05-09T17:27:39.846,-8.4155,0.0800,59.6167
2026-05-09T17:27:39.860,-8.4425,0.0800,59.6111
2026-05-09T17:27:39.874,-8.4695,0.0800,59.6033
2026-05-09T17:27:39.888,-8.4995,0.0800,59.5913
2026-05-09T17:27:39.901,-8.5315,0.0800,59.5743
2026-05-09T17:27:39.915,-8.5663,0.0800,59.5503
2026-05-09T17:27:39.929,-8.5954,0.0800,59.5207
2026-05-09T17:27:39.943,-8.6239,0.0800,59.4833
2026-05-09T17:27:39.957,-8.6461,0.0800,59.4403
2026-05-09T17:27:39.971,-8.6622,0.0800,59.3912
2026-05-09T17:27:39.985,-8.6711,0.0800,59.3395
2026-05-09T17:27:39.998,-8.6790,0.0800,59.2887
2026-05-09T17:27:40.012,-8.6863,0.0800,59.2353
2026-05-09T17:27:40.027,-8.6923,0.0800,59.1879
2026-05-09T17:27:40.041,-8.6986,0.0800,59.1319
2026-05-09T17:27:40.054,-8.7054,0.0800,59.0628
2026-05-09T17:27:40.068,-8.7087,0.0800,59.0179
2026-05-09T17:27:40.082,-8.7123,0.0800,58.9666
2026-05-09T17:27:40.096,-8.7155,0.0800,58.9083
2026-05-09T17:27:40.109,-8.7182,0.0800,58.8515
2026-05-09T17:27:40.124,-8.7202,0.0800,58.7947
2026-05-09T17:27:40.136,-8.7214,0.0800,58.7381
2026-05-09T17:27:40.151,-8.7218,0.0800,58.6804
2026-05-09T17:27:40.165,-8.7216,0.0800,58.6320
2026-05-09T17:27:40.179,-8.7209,0.0800,58.5775
2026-05-09T17:27:40.193,-8.7193,0.0800,58.5300
2026-05-09T17:27:40.206,-8.7173,0.0800,58.4861
2026-05-09T17:27:40.220,-8.7146,0.0800,58.4416
2026-05-09T17:27:40.234,-8.7115,0.0800,58.4049
2026-05-09T17:27:40.249,-8.7081,0.0800,58.3678
2026-05-09T17:27:40.262,-8.7043,0.0800,58.3337
2026-05-09T17:27:40.275,-8.6997,0.0800,58.3006
2026-05-09T17:27:40.289,-8.6959,0.0800,58.2747
2026-05-09T17:27:40.303,-8.6953,0.0800,58.2715
2026-05-09T17:27:40.372,-8.6957,0.0800,58.2737
2026-05-09T17:27:40.387,-8.6961,0.0800,58.2758
2026-05-09T17:27:40.401,-8.6978,0.0800,58.2858
2026-05-09T17:27:40.414,-8.7057,0.0800,58.3317
2026-05-09T17:27:40.429,-8.7149,0.0800,58.3864
2026-05-09T17:27:40.442,-8.7256,0.0800,58.4521
2026-05-09T17:27:40.457,-8.7363,0.0800,58.5208
2026-05-09T17:27:40.470,-8.7462,0.0800,58.5868
2026-05-09T17:27:40.484,-8.7562,0.0800,58.6563
2026-05-09T17:27:40.498,-8.7650,0.0800,58.7197
2026-05-09T17:27:40.512,-8.7746,0.0800,58.7878
2026-05-09T17:27:40.526,-8.7842,0.0800,58.8559
2026-05-09T17:27:40.539,-8.7944,0.0800,58.9288
2026-05-09T17:27:40.554,-8.8034,0.0800,58.9927
2026-05-09T17:27:40.568,-8.8126,0.0800,59.0580
2026-05-09T17:27:40.580,-8.8229,0.0800,59.1309
2026-05-09T17:27:40.595,-8.8322,0.0800,59.1972
2026-05-09T17:27:40.609,-8.8407,0.0800,59.2583
2026-05-09T17:27:40.623,-8.8500,0.0800,59.3274
2026-05-09T17:27:40.637,-8.8595,0.0800,59.4007
2026-05-09T17:27:40.651,-8.8676,0.0800,59.4651
2026-05-09T17:27:40.665,-8.8748,0.0800,59.5267
2026-05-09T17:27:40.677,-8.8797,0.0800,59.5717
2026-05-09T17:27:40.693,-8.8827,0.0800,59.5987
2026-05-09T17:27:40.790,-8.8820,0.0800,59.5923
2026-05-09T17:27:40.803,-8.8755,0.0800,59.5328
2026-05-09T17:27:40.817,-8.8693,0.0800,59.4730
2026-05-09T17:27:40.832,-8.8637,0.0800,59.4132
2026-05-09T17:27:40.845,-8.8578,0.0800,59.3477
2026-05-09T17:27:40.859,-8.8518,0.0800,59.2768
2026-05-09T17:27:40.872,-8.8467,0.0800,59.2082
2026-05-09T17:27:40.886,-8.8421,0.0800,59.1442
2026-05-09T17:27:40.900,-8.8380,0.0800,59.0811
2026-05-09T17:27:40.915,-8.8342,0.0800,59.0134
2026-05-09T17:27:40.928,-8.8309,0.0800,58.9509
2026-05-09T17:27:40.941,-8.8274,0.0800,58.8786
2026-05-09T17:27:40.957,-8.8249,0.0800,58.8129
2026-05-09T17:27:40.971,-8.8228,0.0800,58.7520
2026-05-09T17:27:40.984,-8.8207,0.0800,58.6775
2026-05-09T17:27:40.997,-8.8192,0.0800,58.6133
2026-05-09T17:27:41.012,-8.8184,0.0800,58.5496
2026-05-09T17:27:41.025,-8.8181,0.0800,58.5066
2026-05-09T17:27:41.039,-8.8180,0.0800,58.4741
2026-05-09T17:27:41.054,-8.8185,0.0800,58.4433
2026-05-09T17:27:41.068,-8.8190,0.0800,58.4137
2026-05-09T17:27:41.081,-8.8201,0.0800,58.3793
2026-05-09T17:27:41.096,-8.8220,0.0800,58.3487
2026-05-09T17:27:41.109,-8.8240,0.0800,58.3190
2026-05-09T17:27:41.123,-8.8266,0.0800,58.2867
2026-05-09T17:27:41.137,-8.8300,0.0800,58.2556
2026-05-09T17:27:41.151,-8.8336,0.0800,58.2250
2026-05-09T17:27:41.165,-8.8379,0.0800,58.1923
2026-05-09T17:27:41.179,-8.8442,0.0800,58.1507
2026-05-09T17:27:41.193,-8.8520,0.0800,58.1074
2026-05-09T17:27:41.207,-8.8603,0.0800,58.0632
2026-05-09T17:27:41.220,-8.8721,0.0800,58.0061
2026-05-09T17:27:41.235,-8.8857,0.0800,57.9457
2026-05-09T17:27:41.248,-8.9010,0.0800,57.8805
2026-05-09T17:27:41.262,-8.9169,0.0800,57.8143
2026-05-09T17:27:41.276,-8.9332,0.0800,57.7489
2026-05-09T17:27:41.290,-8.9494,0.0800,57.6833
2026-05-09T17:27:41.304,-8.9660,0.0800,57.6167
2026-05-09T17:27:41.318,-8.9824,0.0800,57.5492
2026-05-09T17:27:41.332,-8.9968,0.0800,57.4883
2026-05-09T17:27:41.345,-9.0116,0.0800,57.4233
2026-05-09T17:27:41.359,-9.0245,0.0800,57.3644
2026-05-09T17:27:41.373,-9.0368,0.0800,57.3051
2026-05-09T17:27:41.387,-9.0493,0.0800,57.2423
2026-05-09T17:27:41.401,-9.0606,0.0800,57.1829
2026-05-09T17:27:41.415,-9.0714,0.0800,57.1217
2026-05-09T17:27:41.429,-9.0811,0.0800,57.0639
2026-05-09T17:27:41.443,-9.0905,0.0800,57.0045
2026-05-09T17:27:41.457,-9.0999,0.0800,56.9413
2026-05-09T17:27:41.470,-9.1074,0.0800,56.8841
2026-05-09T17:27:41.485,-9.1149,0.0800,56.8240
2026-05-09T17:27:41.498,-9.1199,0.0800,56.7802
2026-05-09T17:27:41.513,-9.1242,0.0800,56.7379
2026-05-09T17:27:41.527,-9.1277,0.0800,56.7020
2026-05-09T17:27:41.540,-9.1309,0.0800,56.6669
2026-05-09T17:27:41.554,-9.1334,0.0800,56.6354
2026-05-09T17:27:41.568,-9.1358,0.0800,56.6038
2026-05-09T17:27:41.581,-9.1382,0.0800,56.5706
2026-05-09T17:27:41.596,-9.1401,0.0800,56.5396
2026-05-09T17:27:41.610,-9.1419,0.0800,56.5087
2026-05-09T17:27:41.624,-9.1440,0.0800,56.4740
2026-05-09T17:27:41.637,-9.1461,0.0800,56.4391
2026-05-09T17:27:41.651,-9.1482,0.0800,56.4043
2026-05-09T17:27:41.665,-9.1504,0.0800,56.3676
2026-05-09T17:27:41.679,-9.1535,0.0800,56.3174
2026-05-09T17:27:41.693,-9.1567,0.0800,56.2637
2026-05-09T17:27:41.707,-9.1604,0.0800,56.2032
2026-05-09T17:27:41.720,-9.1645,0.0800,56.1380
2026-05-09T17:27:41.735,-9.1683,0.0800,56.0710
2026-05-09T17:27:41.749,-9.1721,0.0800,56.0001
2026-05-09T17:27:41.762,-9.1754,0.0800,55.9311
2026-05-09T17:27:41.776,-9.1781,0.0800,55.8649
2026-05-09T17:27:41.790,-9.1805,0.0800,55.8010
2026-05-09T17:27:41.804,-9.1827,0.0800,55.7296
2026-05-09T17:27:41.817,-9.1848,0.0800,55.6591
2026-05-09T17:27:41.832,-9.1869,0.0800,55.5925
2026-05-09T17:27:41.846,-9.1889,0.0800,55.5250
2026-05-09T17:27:41.859,-9.1909,0.0800,55.4558
2026-05-09T17:27:41.873,-9.1929,0.0800,55.3852
2026-05-09T17:27:41.888,-9.1948,0.0800,55.3199
2026-05-09T17:27:41.901,-9.1966,0.0800,55.2531
2026-05-09T17:27:41.915,-9.1987,0.0800,55.1766
2026-05-09T17:27:41.929,-9.2005,0.0800,55.1123
2026-05-09T17:27:41.942,-9.2024,0.0800,55.0420
2026-05-09T17:27:41.957,-9.2043,0.0800,54.9738
2026-05-09T17:27:41.970,-9.2061,0.0800,54.9048
2026-05-09T17:27:41.984,-9.2081,0.0800,54.8347
2026-05-09T17:27:41.998,-9.2100,0.0800,54.7668
2026-05-09T17:27:42.011,-9.2120,0.0800,54.6953
2026-05-09T17:27:42.026,-9.2138,0.0800,54.6310
2026-05-09T17:27:42.039,-9.2159,0.0800,54.5597
2026-05-09T17:27:42.053,-9.2180,0.0800,54.4884
2026-05-09T17:27:42.068,-9.2200,0.0800,54.4229
2026-05-09T17:27:42.081,-9.2222,0.0800,54.3506
2026-05-09T17:27:42.096,-9.2244,0.0800,54.2822
2026-05-09T17:27:42.109,-9.2265,0.0800,54.2150
2026-05-09T17:27:42.123,-9.2288,0.0800,54.1435
2026-05-09T17:27:42.136,-9.2312,0.0800,54.0731
2026-05-09T17:27:42.150,-9.2335,0.0800,54.0017
2026-05-09T17:27:42.165,-9.2357,0.0800,53.9380
2026-05-09T17:27:42.179,-9.2381,0.0800,53.8675
2026-05-09T17:27:42.193,-9.2405,0.0800,53.7955
2026-05-09T17:27:42.207,-9.2429,0.0800,53.7268
2026-05-09T17:27:42.220,-9.2454,0.0800,53.6557
2026-05-09T17:27:42.235,-9.2477,0.0800,53.5889
2026-05-09T17:27:42.248,-9.2501,0.0800,53.5176
2026-05-09T17:27:42.262,-9.2525,0.0800,53.4491
2026-05-09T17:27:42.276,-9.2549,0.0800,53.3791
2026-05-09T17:27:42.290,-9.2573,0.0800,53.3111
2026-05-09T17:27:42.304,-9.2596,0.0800,53.2436
2026-05-09T17:27:42.317,-9.2620,0.0800,53.1711
2026-05-09T17:27:42.332,-9.2643,0.0800,53.1024
2026-05-09T17:27:42.345,-9.2667,0.0800,53.0316
2026-05-09T17:27:42.358,-9.2690,0.0800,52.9632
2026-05-09T17:27:42.373,-9.2713,0.0800,52.8954
2026-05-09T17:27:42.388,-9.2736,0.0800,52.8296
2026-05-09T17:27:42.401,-9.2761,0.0800,52.7561
2026-05-09T17:27:42.415,-9.2787,0.0800,52.6813
2026-05-09T17:27:42.429,-9.2811,0.0800,52.6154
2026-05-09T17:27:42.442,-9.2835,0.0800,52.5470
2026-05-09T17:27:42.457,-9.2860,0.0800,52.4801
2026-05-09T17:27:42.471,-9.2886,0.0800,52.4080
2026-05-09T17:27:42.485,-9.2912,0.0800,52.3341
2026-05-09T17:27:42.498,-9.2937,0.0800,52.2668
2026-05-09T17:27:42.511,-9.2962,0.0800,52.1954
2026-05-09T17:27:42.527,-9.2985,0.0800,52.1299
2026-05-09T17:27:42.540,-9.3007,0.0800,52.0642
2026-05-09T17:27:42.554,-9.3033,0.0800,51.9865
2026-05-09T17:27:42.568,-9.3054,0.0800,51.9235
2026-05-09T17:27:42.581,-9.3078,0.0800,51.8507
2026-05-09T17:27:42.596,-9.3100,0.0800,51.7808
2026-05-09T17:27:42.609,-9.3120,0.0800,51.7167
2026-05-09T17:27:42.624,-9.3143,0.0800,51.6438
2026-05-09T17:27:42.637,-9.3165,0.0800,51.5733
2026-05-09T17:27:42.652,-9.3187,0.0800,51.5043
2026-05-09T17:27:42.666,-9.3208,0.0800,51.4383
2026-05-09T17:27:42.679,-9.3233,0.0800,51.3604
2026-05-09T17:27:42.693,-9.3254,0.0800,51.2940
2026-05-09T17:27:42.707,-9.3275,0.0800,51.2282
2026-05-09T17:27:42.721,-9.3298,0.0800,51.1574
2026-05-09T17:27:42.735,-9.3320,0.0800,51.0887
2026-05-09T17:27:42.749,-9.3345,0.0800,51.0131
2026-05-09T17:27:42.762,-9.3366,0.0800,50.9469
2026-05-09T17:27:42.776,-9.3389,0.0800,50.8793
2026-05-09T17:27:42.790,-9.3412,0.0800,50.8128
2026-05-09T17:27:42.804,-9.3436,0.0800,50.7410
2026-05-09T17:27:42.818,-9.3460,0.0800,50.6715
2026-05-09T17:27:42.832,-9.3483,0.0800,50.6056
2026-05-09T17:27:42.846,-9.3509,0.0800,50.5304
2026-05-09T17:27:42.860,-9.3532,0.0800,50.4648
2026-05-09T17:27:42.873,-9.3557,0.0800,50.3942
2026-05-09T17:27:42.888,-9.3581,0.0800,50.3249
2026-05-09T17:27:42.901,-9.3606,0.0800,50.2560
2026-05-09T17:27:42.915,-9.3633,0.0800,50.1820
2026-05-09T17:27:42.930,-9.3657,0.0800,50.1152
2026-05-09T17:27:42.943,-9.3683,0.0800,50.0468
2026-05-09T17:27:42.957,-9.3710,0.0800,49.9749
2026-05-09T17:27:42.971,-9.3734,0.0800,49.9089
2026-05-09T17:27:42.985,-9.3761,0.0800,49.8395
2026-05-09T17:27:42.999,-9.3788,0.0800,49.7686
2026-05-09T17:27:43.013,-9.3818,0.0800,49.6901
2026-05-09T17:27:43.026,-9.3841,0.0800,49.6305
2026-05-09T17:27:43.040,-9.3867,0.0800,49.5605
2026-05-09T17:27:43.055,-9.3893,0.0800,49.4923
2026-05-09T17:27:43.069,-9.3919,0.0800,49.4241
2026-05-09T17:27:43.082,-9.3947,0.0800,49.3487
2026-05-09T17:27:43.096,-9.3971,0.0800,49.2810
2026-05-09T17:27:43.110,-9.3995,0.0800,49.2137
2026-05-09T17:27:43.124,-9.4019,0.0800,49.1456
2026-05-09T17:27:43.138,-9.4044,0.0800,49.0732
2026-05-09T17:27:43.151,-9.4068,0.0800,49.0008
2026-05-09T17:27:43.165,-9.4089,0.0800,48.9365
2026-05-09T17:27:43.178,-9.4115,0.0800,48.8535
2026-05-09T17:27:43.194,-9.4132,0.0800,48.7987
2026-05-09T17:27:43.207,-9.4151,0.0800,48.7320
2026-05-09T17:27:43.221,-9.4172,0.0800,48.6569
2026-05-09T17:27:43.235,-9.4190,0.0800,48.5879
2026-05-09T17:27:43.249,-9.4207,0.0800,48.5189
2026-05-09T17:27:43.263,-9.4223,0.0800,48.4474
2026-05-09T17:27:43.276,-9.4239,0.0800,48.3758
2026-05-09T17:27:43.290,-9.4253,0.0800,48.3113
2026-05-09T17:27:43.305,-9.4267,0.0800,48.2422
2026-05-09T17:27:43.318,-9.4282,0.0800,48.1720
2026-05-09T17:27:43.332,-9.4296,0.0800,48.1028
2026-05-09T17:27:43.346,-9.4311,0.0800,48.0286
2026-05-09T17:27:43.360,-9.4324,0.0800,47.9631
2026-05-09T17:27:43.374,-9.4339,0.0800,47.8917
2026-05-09T17:27:43.388,-9.4353,0.0800,47.8251
2026-05-09T17:27:43.402,-9.4369,0.0800,47.7558
2026-05-09T17:27:43.416,-9.4385,0.0800,47.6858
2026-05-09T17:27:43.430,-9.4401,0.0800,47.6175
2026-05-09T17:27:43.443,-9.4420,0.0800,47.5422
2026-05-09T17:27:43.457,-9.4437,0.0800,47.4748
2026-05-09T17:27:43.471,-9.4455,0.0800,47.4047
2026-05-09T17:27:43.485,-9.4473,0.0800,47.3366
2026-05-09T17:27:43.499,-9.4491,0.0800,47.2699
2026-05-09T17:27:43.513,-9.4511,0.0800,47.1975
2026-05-09T17:27:43.527,-9.4528,0.0800,47.1329
2026-05-09T17:27:43.540,-9.4548,0.0800,47.0603
2026-05-09T17:27:43.555,-9.4566,0.0800,46.9925
2026-05-09T17:27:43.569,-9.4583,0.0800,46.9275
2026-05-09T17:27:43.582,-9.4603,0.0800,46.8512
2026-05-09T17:27:43.597,-9.4622,0.0800,46.7813
2026-05-09T17:27:43.610,-9.4640,0.0800,46.7127
2026-05-09T17:27:43.625,-9.4658,0.0800,46.6454
2026-05-09T17:27:43.638,-9.4677,0.0800,46.5758
2026-05-09T17:27:43.652,-9.4692,0.0800,46.5111
2026-05-09T17:27:43.666,-9.4702,0.0800,46.4486
2026-05-09T17:27:43.680,-9.4707,0.0800,46.3823
2026-05-09T17:27:43.694,-9.4704,0.0800,46.3277
2026-05-09T17:27:43.708,-9.4696,0.0800,46.2712
2026-05-09T17:27:43.722,-9.4682,0.0800,46.2155
2026-05-09T17:27:43.735,-9.4660,0.0800,46.1649
2026-05-09T17:27:43.750,-9.4632,0.0800,46.1121
2026-05-09T17:27:43.763,-9.4601,0.0800,46.0666
2026-05-09T17:27:43.777,-9.4564,0.0800,46.0218
2026-05-09T17:27:43.791,-9.4533,0.0800,45.9928
2026-05-09T17:27:43.804,-9.4499,0.0800,45.9634
2026-05-09T17:27:43.819,-9.4466,0.0800,45.9388
2026-05-09T17:27:43.833,-9.4446,0.0800,45.9270
2026-05-09T17:27:43.847,-9.4440,0.0800,45.9218
2026-05-09T17:27:43.860,-9.4459,0.0800,45.9289
2026-05-09T17:27:43.874,-9.4532,0.0800,45.9603
2026-05-09T17:27:43.889,-9.4641,0.0800,46.0029
2026-05-09T17:27:43.902,-9.4802,0.0800,46.0636
2026-05-09T17:27:43.916,-9.4992,0.0800,46.1336
2026-05-09T17:27:43.930,-9.5156,0.0800,46.1927
2026-05-09T17:27:43.944,-9.5360,0.0800,46.2646
2026-05-09T17:27:43.957,-9.5533,0.0800,46.3240
2026-05-09T17:27:43.972,-9.5720,0.0800,46.3878
2026-05-09T17:27:43.986,-9.5909,0.0800,46.4503
2026-05-09T17:27:43.999,-9.6115,0.0800,46.5173
2026-05-09T17:27:44.013,-9.6336,0.0800,46.5881
2026-05-09T17:27:44.027,-9.6508,0.0800,46.6418
2026-05-09T17:27:44.040,-9.6729,0.0800,46.7098
2026-05-09T17:27:44.055,-9.6941,0.0800,46.7740
2026-05-09T17:27:44.069,-9.7134,0.0800,46.8314
2026-05-09T17:27:44.082,-9.7370,0.0800,46.9007
2026-05-09T17:27:44.097,-9.7578,0.0800,46.9607
2026-05-09T17:27:44.110,-9.7800,0.0800,47.0238
2026-05-09T17:27:44.124,-9.8037,0.0800,47.0901
2026-05-09T17:27:44.138,-9.8269,0.0800,47.1539
2026-05-09T17:27:44.152,-9.8498,0.0800,47.2165
2026-05-09T17:27:44.166,-9.8721,0.0800,47.2761
2026-05-09T17:27:44.179,-9.8968,0.0800,47.3416
2026-05-09T17:27:44.194,-9.9202,0.0800,47.4028
2026-05-09T17:27:44.207,-9.9436,0.0800,47.4629
2026-05-09T17:27:44.221,-9.9696,0.0800,47.5289
2026-05-09T17:27:44.235,-9.9951,0.0800,47.5932
2026-05-09T17:27:44.249,-10.0196,0.0800,47.6539
2026-05-09T17:27:44.263,-10.0446,0.0800,47.7149
2026-05-09T17:27:44.276,-10.0722,0.0800,47.7815
2026-05-09T17:27:44.291,-10.0968,0.0800,47.8403
2026-05-09T17:27:44.304,-10.1227,0.0800,47.9011
2026-05-09T17:27:44.318,-10.1499,0.0800,47.9643
2026-05-09T17:27:44.333,-10.1761,0.0800,48.0245
2026-05-09T17:27:44.347,-10.2065,0.0800,48.0933
2026-05-09T17:27:44.360,-10.2330,0.0800,48.1522
2026-05-09T17:27:44.374,-10.2611,0.0800,48.2142
2026-05-09T17:27:44.388,-10.2877,0.0800,48.2719
2026-05-09T17:27:44.401,-10.3166,0.0800,48.3338
2026-05-09T17:27:44.416,-10.3479,0.0800,48.4000
2026-05-09T17:27:44.430,-10.3732,0.0800,48.4526
2026-05-09T17:27:44.444,-10.4042,0.0800,48.5163
2026-05-09T17:27:44.457,-10.4338,0.0800,48.5761
2026-05-09T17:27:44.471,-10.4649,0.0800,48.6383
2026-05-09T17:27:44.485,-10.4923,0.0800,48.6921
2026-05-09T17:27:44.498,-10.5238,0.0800,48.7532
2026-05-09T17:27:44.513,-10.5546,0.0800,48.8124
2026-05-09T17:27:44.527,-10.5849,0.0800,48.8693
2026-05-09T17:27:44.540,-10.6175,0.0800,48.9298
2026-05-09T17:27:44.554,-10.6497,0.0800,48.9888
2026-05-09T17:27:44.568,-10.6798,0.0800,49.0428
2026-05-09T17:27:44.581,-10.7106,0.0800,49.0968
2026-05-09T17:27:44.596,-10.7387,0.0800,49.1455
2026-05-09T17:27:44.609,-10.7679,0.0800,49.1940
2026-05-09T17:27:44.623,-10.7962,0.0800,49.2396
2026-05-09T17:27:44.637,-10.8242,0.0800,49.2833
2026-05-09T17:27:44.651,-10.8527,0.0800,49.3270
2026-05-09T17:27:44.666,-10.8811,0.0800,49.3686
2026-05-09T17:27:44.678,-10.9043,0.0800,49.4132
2026-05-09T17:27:44.693,-10.9043,0.0800,49.4534
2026-05-09T17:27:44.707,-10.9041,0.0800,49.4852
2026-05-09T17:27:44.720,-10.9039,0.0800,49.5070
2026-05-09T17:27:44.734,-10.9039,0.0800,49.5256
2026-05-09T17:27:44.748,-10.9036,0.0800,49.5365
2026-05-09T17:27:44.762,-10.9033,0.0800,49.5445
2026-05-09T17:27:44.776,-10.9033,0.0800,49.5481
2026-05-09T17:27:44.790,-10.9030,0.0800,49.5502
2026-05-09T17:27:44.803,-10.9026,0.0800,49.5488
2026-05-09T17:27:44.818,-10.8997,0.0800,49.5451
2026-05-09T17:27:44.832,-10.8862,0.0800,49.5326
2026-05-09T17:27:44.846,-10.8667,0.0800,49.5144
2026-05-09T17:27:44.860,-10.8492,0.0800,49.4988
2026-05-09T17:27:44.873,-10.8305,0.0800,49.4836
2026-05-09T17:27:44.888,-10.8117,0.0800,49.4681
2026-05-09T17:27:44.902,-10.7923,0.0800,49.4528
2026-05-09T17:27:44.916,-10.7720,0.0800,49.4383
2026-05-09T17:27:44.930,-10.7519,0.0800,49.4237
2026-05-09T17:27:44.944,-10.7308,0.0800,49.4090
2026-05-09T17:27:44.957,-10.7108,0.0800,49.3958
2026-05-09T17:27:44.972,-10.6893,0.0800,49.3829
2026-05-09T17:27:44.985,-10.6693,0.0800,49.3708
2026-05-09T17:27:44.999,-10.6464,0.0800,49.3574
2026-05-09T17:27:45.013,-10.6238,0.0800,49.3458
2026-05-09T17:27:45.027,-10.6025,0.0800,49.3346
2026-05-09T17:27:45.041,-10.5788,0.0800,49.3228
2026-05-09T17:27:45.055,-10.5569,0.0800,49.3133
2026-05-09T17:27:45.069,-10.5340,0.0800,49.3030
2026-05-09T17:27:45.083,-10.5087,0.0800,49.2922
2026-05-09T17:27:45.097,-10.4860,0.0800,49.2840
2026-05-09T17:27:45.112,-10.4602,0.0800,49.2743
2026-05-09T17:27:45.126,-10.4346,0.0800,49.2653
2026-05-09T17:27:45.139,-10.4083,0.0800,49.2567
2026-05-09T17:27:45.154,-10.3832,0.0800,49.2498
2026-05-09T17:27:45.168,-10.3583,0.0800,49.2427
2026-05-09T17:27:45.181,-10.3290,0.0800,49.2351
2026-05-09T17:27:45.196,-10.2989,0.0800,49.2288
2026-05-09T17:27:45.210,-10.2671,0.0800,49.2221
2026-05-09T17:27:45.224,-10.2296,0.0800,49.2149
2026-05-09T17:27:45.237,-10.1924,0.0800,49.2087
2026-05-09T17:27:45.252,-10.1453,0.0800,49.2026
2026-05-09T17:27:45.266,-10.0921,0.0800,49.1961
2026-05-09T17:27:45.280,-10.0160,0.0800,49.1880
2026-05-09T17:27:45.294,-9.9557,0.0800,49.1827
2026-05-09T17:27:45.308,-9.8836,0.0800,49.1764
2026-05-09T17:27:45.322,-9.8146,0.0800,49.1704
2026-05-09T17:27:45.336,-9.7457,0.0800,49.1644
2026-05-09T17:27:45.351,-9.6764,0.0800,49.1583
2026-05-09T17:27:45.364,-9.6043,0.0800,49.1519
2026-05-09T17:27:45.378,-9.5307,0.0800,49.1453
2026-05-09T17:27:45.392,-9.4661,0.0800,49.1395
2026-05-09T17:27:45.406,-9.3942,0.0800,49.1330
2026-05-09T17:27:45.420,-9.3266,0.0800,49.1269
2026-05-09T17:27:45.435,-9.2563,0.0800,49.1205
2026-05-09T17:27:45.449,-9.1836,0.0800,49.1138
2026-05-09T17:27:45.463,-9.1140,0.0800,49.1074
2026-05-09T17:27:45.475,-9.0421,0.0800,49.1007
2026-05-09T17:27:45.490,-8.9743,0.0800,49.0944
2026-05-09T17:27:45.504,-8.9145,0.0800,49.0888
2026-05-09T17:27:45.518,-8.8422,0.0800,49.0821
2026-05-09T17:27:45.532,-8.7712,0.0800,49.0754
2026-05-09T17:27:45.546,-8.6991,0.0800,49.0687
2026-05-09T17:27:45.559,-8.6304,0.0800,49.0623
2026-05-09T17:27:45.572,-8.5602,0.0800,49.0557
2026-05-09T17:27:45.587,-8.4957,0.0800,49.0497
2026-05-09T17:27:45.600,-8.4318,0.0800,49.0437
2026-05-09T17:27:45.614,-8.3536,0.0800,49.0364
2026-05-09T17:27:45.628,-8.2936,0.0800,49.0309
2026-05-09T17:27:45.641,-8.2169,0.0800,49.0237
2026-05-09T17:27:45.656,-8.1538,0.0800,49.0179
2026-05-09T17:27:45.670,-8.0883,0.0800,49.0119
2026-05-09T17:27:45.683,-8.0134,0.0800,49.0050
2026-05-09T17:27:45.697,-7.9464,0.0800,48.9989
2026-05-09T17:27:45.711,-7.8753,0.0800,48.9924
2026-05-09T17:27:45.725,-7.8116,0.0800,48.9866
2026-05-09T17:27:45.738,-7.7382,0.0800,48.9799
2026-05-09T17:27:45.753,-7.6693,0.0800,48.9737
2026-05-09T17:27:45.766,-7.6056,0.0800,48.9679
2026-05-09T17:27:45.780,-7.5280,0.0800,48.9609
2026-05-09T17:27:45.794,-7.4649,0.0800,48.9552
2026-05-09T17:27:45.808,-7.3991,0.0800,48.9492
2026-05-09T17:27:45.821,-7.3302,0.0800,48.9429
2026-05-09T17:27:45.835,-7.2641,0.0800,48.9369
2026-05-09T17:27:45.849,-7.1938,0.0800,48.9305
2026-05-09T17:27:45.863,-7.1284,0.0800,48.9246
2026-05-09T17:27:45.877,-7.0607,0.0800,48.9184
2026-05-09T17:27:45.891,-6.9936,0.0800,48.9123
2026-05-09T17:27:45.904,-6.9225,0.0800,48.9058
2026-05-09T17:27:45.918,-6.8559,0.0800,48.8996
2026-05-09T17:27:45.931,-6.7938,0.0800,48.8942
2026-05-09T17:27:45.945,-6.7202,0.0800,48.8879
2026-05-09T17:27:45.958,-6.6614,0.0800,48.8832
2026-05-09T17:27:45.972,-6.5930,0.0800,48.8782
2026-05-09T17:27:45.986,-6.5268,0.0800,48.8735
2026-05-09T17:27:45.999,-6.4522,0.0800,48.8686
2026-05-09T17:27:46.015,-6.3873,0.0800,48.8649
2026-05-09T17:27:46.030,-6.3291,0.0800,48.8617
2026-05-09T17:27:46.043,-6.2522,0.0800,48.8578
2026-05-09T17:27:46.057,-6.1795,0.0800,48.8545
2026-05-09T17:27:46.072,-6.1128,0.0800,48.8520
2026-05-09T17:27:46.086,-6.0440,0.0800,48.8495
2026-05-09T17:27:46.100,-5.9748,0.0800,48.8474
2026-05-09T17:27:46.114,-5.9011,0.0800,48.8456
2026-05-09T17:27:46.128,-5.8383,0.0800,48.8442
2026-05-09T17:27:46.141,-5.7659,0.0800,48.8430
2026-05-09T17:27:46.155,-5.7013,0.0800,48.8426
2026-05-09T17:27:46.170,-5.6424,0.0800,48.8424
2026-05-09T17:27:46.183,-5.5720,0.0800,48.8427
2026-05-09T17:27:46.197,-5.5064,0.0800,48.8434
2026-05-09T17:27:46.211,-5.4419,0.0800,48.8449
2026-05-09T17:27:46.225,-5.3805,0.0800,48.8467
2026-05-09T17:27:46.238,-5.3163,0.0800,48.8490
2026-05-09T17:27:46.253,-5.2503,0.0800,48.8523
2026-05-09T17:27:46.267,-5.1928,0.0800,48.8555
2026-05-09T17:27:46.281,-5.1188,0.0800,48.8601
2026-05-09T17:27:46.295,-5.0610,0.0800,48.8647
2026-05-09T17:27:46.308,-4.9968,0.0800,48.8699
2026-05-09T17:27:46.322,-4.9319,0.0800,48.8759
2026-05-09T17:27:46.336,-4.8705,0.0800,48.8823
2026-05-09T17:27:46.350,-4.8078,0.0800,48.8892
2026-05-09T17:27:46.364,-4.7435,0.0800,48.8968
2026-05-09T17:27:46.377,-4.6777,0.0800,48.9052
2026-05-09T17:27:46.392,-4.6154,0.0800,48.9140
2026-05-09T17:27:46.405,-4.5531,0.0800,48.9231
2026-05-09T17:27:46.420,-4.4914,0.0800,48.9327
2026-05-09T17:27:46.434,-4.4293,0.0800,48.9431
2026-05-09T17:27:46.448,-4.3598,0.0800,48.9551
2026-05-09T17:27:46.462,-4.2937,0.0800,48.9672
2026-05-09T17:27:46.476,-4.2338,0.0800,48.9790
2026-05-09T17:27:46.490,-4.1725,0.0800,48.9913
2026-05-09T17:27:46.504,-4.1076,0.0800,49.0049
2026-05-09T17:27:46.518,-4.0461,0.0800,49.0184
2026-05-09T17:27:46.532,-3.9832,0.0800,49.0329
2026-05-09T17:27:46.546,-3.9182,0.0800,49.0483
2026-05-09T17:27:46.559,-3.8563,0.0800,49.0636
2026-05-09T17:27:46.573,-3.7937,0.0800,49.0798
2026-05-09T17:27:46.588,-3.7327,0.0800,49.0959
2026-05-09T17:27:46.601,-3.6701,0.0800,49.1131
2026-05-09T17:27:46.616,-3.6063,0.0800,49.1313
2026-05-09T17:27:46.630,-3.5438,0.0800,49.1495
2026-05-09T17:27:46.643,-3.4742,0.0800,49.1704
2026-05-09T17:27:46.656,-3.4164,0.0800,49.1882
2026-05-09T17:27:46.671,-3.3545,0.0800,49.2079
2026-05-09T17:27:46.685,-3.2911,0.0800,49.2283
2026-05-09T17:27:46.699,-3.2224,0.0800,49.2503
2026-05-09T17:27:46.713,-3.1503,0.0800,49.2734
2026-05-09T17:27:46.727,-3.0884,0.0800,49.2932
2026-05-09T17:27:46.740,-3.0226,0.0800,49.3143
2026-05-09T17:27:46.755,-2.9591,0.0800,49.3346
2026-05-09T17:27:46.768,-2.8987,0.0800,49.3537
2026-05-09T17:27:46.781,-2.8283,0.0800,49.3755
2026-05-09T17:27:46.796,-2.7662,0.0800,49.3942
2026-05-09T17:27:46.810,-2.7037,0.0800,49.4128
2026-05-09T17:27:46.824,-2.6342,0.0800,49.4332
2026-05-09T17:27:46.836,-2.5696,0.0800,49.4518
2026-05-09T17:27:46.851,-2.5128,0.0800,49.4677
2026-05-09T17:27:46.865,-2.4608,0.0800,49.4821
2026-05-09T17:27:46.878,-2.4015,0.0800,49.4979
2026-05-09T17:27:46.892,-2.3593,0.0800,49.5082
2026-05-09T17:27:46.906,-2.3150,0.0800,49.5189
2026-05-09T17:27:46.920,-2.2735,0.0800,49.5282
2026-05-09T17:27:46.933,-2.2320,0.0800,49.5363
2026-05-09T17:27:46.947,-2.1913,0.0800,49.5440
2026-05-09T17:27:46.961,-2.1522,0.0800,49.5507
2026-05-09T17:27:46.975,-2.1107,0.0800,49.5567
2026-05-09T17:27:46.989,-2.0721,0.0800,49.5619
2026-05-09T17:27:47.002,-2.0306,0.0800,49.5669
2026-05-09T17:27:47.016,-1.9864,0.0800,49.5709
2026-05-09T17:27:47.030,-1.9434,0.0800,49.5744
2026-05-09T17:27:47.044,-1.8927,0.0800,49.5778
2026-05-09T17:27:47.058,-1.8422,0.0800,49.5802
2026-05-09T17:27:47.072,-1.7862,0.0800,49.5817
2026-05-09T17:27:47.086,-1.7341,0.0800,49.5827
2026-05-09T17:27:47.099,-1.6768,0.0800,49.5829
2026-05-09T17:27:47.113,-1.6130,0.0800,49.5821
2026-05-09T17:27:47.128,-1.5582,0.0800,49.5809
2026-05-09T17:27:47.141,-1.4874,0.0800,49.5786
2026-05-09T17:27:47.155,-1.4314,0.0800,49.5757
2026-05-09T17:27:47.169,-1.3688,0.0800,49.5723
2026-05-09T17:27:47.182,-1.3033,0.0800,49.5681
2026-05-09T17:27:47.197,-1.2396,0.0800,49.5633
2026-05-09T17:27:47.211,-1.1695,0.0800,49.5579
2026-05-09T17:27:47.225,-1.1020,0.0800,49.5521
2026-05-09T17:27:47.238,-1.0304,0.0800,49.5460
2026-05-09T17:27:47.252,-0.9651,0.0800,49.5405
2026-05-09T17:27:47.267,-0.9019,0.0800,49.5352
2026-05-09T17:27:47.280,-0.8294,0.0800,49.5289
2026-05-09T17:27:47.294,-0.7653,0.0800,49.5241
2026-05-09T17:27:47.308,-0.7028,0.0800,49.5196
2026-05-09T17:27:47.322,-0.6374,0.0800,49.5155
2026-05-09T17:27:47.336,-0.5778,0.0800,49.5125
2026-05-09T17:27:47.350,-0.5071,0.0800,49.5092
2026-05-09T17:27:47.364,-0.4476,0.0800,49.5071
2026-05-09T17:27:47.377,-0.3776,0.0800,49.5053
2026-05-09T17:27:47.391,-0.3213,0.0800,49.5046
2026-05-09T17:27:47.404,-0.2586,0.0800,49.5041
2026-05-09T17:27:47.419,-0.1947,0.0800,49.5042
2026-05-09T17:27:47.433,-0.1359,0.0800,49.5051
2026-05-09T17:27:47.447,-0.0643,0.0800,49.5064
2026-05-09T17:27:47.461,-0.0027,0.0800,49.5081
2026-05-09T17:27:47.474,0.0612,0.0800,49.5107
2026-05-09T17:27:47.489,0.1202,0.0800,49.5134
2026-05-09T17:27:47.502,0.1790,0.0800,49.5165
2026-05-09T17:27:47.517,0.2409,0.0800,49.5208
2026-05-09T17:27:47.530,0.2985,0.0800,49.5252
2026-05-09T17:27:47.544,0.3622,0.0800,49.5308
2026-05-09T17:27:47.557,0.4156,0.0800,49.5362
2026-05-09T17:27:47.572,0.4727,0.0800,49.5430
2026-05-09T17:27:47.586,0.5270,0.0800,49.5499
2026-05-09T17:27:47.599,0.5857,0.0800,49.5580
2026-05-09T17:27:47.614,0.6454,0.0800,49.5676
2026-05-09T17:27:47.628,0.6953,0.0800,49.5761
2026-05-09T17:27:47.641,0.7578,0.0800,49.5874
2026-05-09T17:27:47.656,0.8107,0.0800,49.5982
2026-05-09T17:27:47.670,0.8645,0.0800,49.6095
2026-05-09T17:27:47.684,0.9241,0.0800,49.6228
2026-05-09T17:27:47.697,0.9767,0.0800,49.6352
2026-05-09T17:27:47.711,1.0278,0.0800,49.6485
2026-05-09T17:27:47.725,1.0718,0.0800,49.6603
2026-05-09T17:27:47.739,1.1223,0.0800,49.6745
2026-05-09T17:27:47.754,1.1646,0.0800,49.6877
2026-05-09T17:27:47.768,1.2079,0.0800,49.7013
2026-05-09T17:27:47.782,1.2511,0.0800,49.7157
2026-05-09T17:27:47.796,1.2850,0.0800,49.7282
2026-05-09T17:27:47.810,1.3198,0.0800,49.7410
2026-05-09T17:27:47.824,1.3530,0.0800,49.7539
2026-05-09T17:27:47.837,1.3830,0.0800,49.7662
2026-05-09T17:27:47.852,1.4104,0.0800,49.7788
2026-05-09T17:27:47.866,1.4377,0.0800,49.7912
2026-05-09T17:27:47.879,1.4690,0.0800,49.8061
2026-05-09T17:27:47.893,1.4934,0.0800,49.8192
2026-05-09T17:27:47.907,1.5190,0.0800,49.8327
2026-05-09T17:27:47.921,1.5465,0.0800,49.8479
2026-05-09T17:27:47.935,1.5724,0.0800,49.8635
2026-05-09T17:27:47.948,1.6020,0.0800,49.8813
2026-05-09T17:27:47.962,1.6250,0.0800,49.8958
2026-05-09T17:27:47.976,1.6490,0.0800,49.9122
2026-05-09T17:27:47.991,1.6727,0.0800,49.9284
2026-05-09T17:27:48.004,1.6997,0.0800,49.9474
2026-05-09T17:27:48.018,1.7257,0.0800,49.9666
2026-05-09T17:27:48.032,1.7477,0.0800,49.9845
2026-05-09T17:27:48.046,1.7721,0.0800,50.0040
2026-05-09T17:27:48.060,1.7957,0.0800,50.0237
2026-05-09T17:27:48.073,1.8181,0.0800,50.0441
2026-05-09T17:27:48.088,1.8402,0.0800,50.0642
2026-05-09T17:27:48.101,1.8618,0.0800,50.0845
2026-05-09T17:27:48.116,1.8830,0.0800,50.1062
2026-05-09T17:27:48.130,1.9046,0.0800,50.1282
2026-05-09T17:27:48.144,1.9272,0.0800,50.1523
2026-05-09T17:27:48.157,1.9476,0.0800,50.1751
2026-05-09T17:27:48.171,1.9663,0.0800,50.1978
2026-05-09T17:27:48.185,1.9848,0.0800,50.2200
2026-05-09T17:27:48.199,2.0038,0.0800,50.2438
2026-05-09T17:27:48.213,2.0239,0.0800,50.2712
2026-05-09T17:27:48.227,2.0398,0.0800,50.2930
2026-05-09T17:27:48.240,2.0583,0.0800,50.3194
2026-05-09T17:27:48.255,2.0743,0.0800,50.3446
2026-05-09T17:27:48.268,2.0888,0.0800,50.3672
2026-05-09T17:27:48.282,2.1068,0.0800,50.3964
2026-05-09T17:27:48.296,2.1207,0.0800,50.4216
2026-05-09T17:27:48.310,2.1350,0.0800,50.4471
2026-05-09T17:27:48.324,2.1499,0.0800,50.4749
2026-05-09T17:27:48.337,2.1647,0.0800,50.5041
2026-05-09T17:27:48.352,2.1818,0.0800,50.5415
2026-05-09T17:27:48.366,2.1967,0.0800,50.5749
2026-05-09T17:27:48.379,2.2065,0.0800,50.5978
2026-05-09T17:27:48.393,2.2145,0.0800,50.6175
2026-05-09T17:27:48.406,2.2225,0.0800,50.6368
2026-05-09T17:27:48.421,2.2309,0.0800,50.6572
2026-05-09T17:27:48.435,2.2400,0.0800,50.6788
2026-05-09T17:27:48.449,2.2522,0.0800,50.7080
2026-05-09T17:27:48.463,2.2683,0.0800,50.7472
2026-05-09T17:27:48.476,2.2889,0.0800,50.7985
2026-05-09T17:27:48.491,2.3049,0.0800,50.8418
2026-05-09T17:27:48.504,2.3219,0.0800,50.8880
2026-05-09T17:27:48.518,2.3384,0.0800,50.9350
2026-05-09T17:27:48.532,2.3524,0.0800,50.9788
2026-05-09T17:27:48.545,2.3665,0.0800,51.0233
2026-05-09T17:27:48.559,2.3800,0.0800,51.0685
2026-05-09T17:27:48.574,2.3915,0.0800,51.1117
2026-05-09T17:27:48.588,2.4035,0.0800,51.1571
2026-05-09T17:27:48.601,2.4168,0.0800,51.2113
2026-05-09T17:27:48.615,2.4286,0.0800,51.2660
2026-05-09T17:27:48.629,2.4385,0.0800,51.3127
2026-05-09T17:27:48.643,2.4495,0.0800,51.3667
2026-05-09T17:27:48.657,2.4585,0.0800,51.4153
2026-05-09T17:27:48.671,2.4679,0.0800,51.4663
2026-05-09T17:27:48.685,2.4770,0.0800,51.5186
2026-05-09T17:27:48.698,2.4852,0.0800,51.5687
2026-05-09T17:27:48.712,2.4935,0.0800,51.6246
2026-05-09T17:27:48.726,2.4999,0.0800,51.6691
2026-05-09T17:27:48.740,2.5073,0.0800,51.7236
2026-05-09T17:27:48.754,2.5130,0.0800,51.7720
2026-05-09T17:27:48.768,2.5189,0.0800,51.8235
2026-05-09T17:27:48.781,2.5245,0.0800,51.8772
2026-05-09T17:27:48.795,2.5287,0.0800,51.9258
2026-05-09T17:27:48.809,2.5330,0.0800,51.9769
2026-05-09T17:27:48.823,2.5364,0.0800,52.0222
2026-05-09T17:27:48.836,2.5389,0.0800,52.0602
2026-05-09T17:27:48.851,2.5398,0.0800,52.0828
2026-05-09T17:27:48.865,2.5407,0.0800,52.1002
2026-05-09T17:27:48.878,2.5415,0.0800,52.1156
2026-05-09T17:27:48.892,2.5418,0.0800,52.1202
2026-05-09T17:27:48.906,2.5419,0.0800,52.1229
2026-05-09T17:27:49.294,2.5421,0.0800,52.1261
2026-05-09T17:27:49.308,2.5427,0.0800,52.1366
2026-05-09T17:27:49.322,2.5444,0.0800,52.1647
2026-05-09T17:27:49.336,2.5481,0.0800,52.2284
2026-05-09T17:27:49.350,2.5525,0.0800,52.2979
2026-05-09T17:27:49.364,2.5572,0.0800,52.3667
2026-05-09T17:27:49.377,2.5624,0.0800,52.4376
2026-05-09T17:27:49.392,2.5675,0.0800,52.5001
2026-05-09T17:27:49.405,2.5730,0.0800,52.5671
2026-05-09T17:27:49.418,2.5792,0.0800,52.6374
2026-05-09T17:27:49.433,2.5853,0.0800,52.7015
2026-05-09T17:27:49.447,2.5918,0.0800,52.7687
2026-05-09T17:27:49.461,2.5991,0.0800,52.8397
2026-05-09T17:27:49.474,2.6063,0.0800,52.9058
2026-05-09T17:27:49.489,2.6136,0.0800,52.9709
2026-05-09T17:27:49.503,2.6235,0.0800,53.0554
2026-05-09T17:27:49.516,2.6322,0.0800,53.1271
2026-05-09T17:27:49.530,2.6397,0.0800,53.1847
2026-05-09T17:27:49.544,2.6473,0.0800,53.2421
2026-05-09T17:27:49.558,2.6562,0.0800,53.3091
2026-05-09T17:27:49.572,2.6654,0.0800,53.3783
2026-05-09T17:27:49.586,2.6736,0.0800,53.4407
2026-05-09T17:27:49.599,2.6829,0.0800,53.5108
2026-05-09T17:27:49.614,2.6924,0.0800,53.5832
2026-05-09T17:27:49.628,2.7004,0.0800,53.6432
2026-05-09T17:27:49.641,2.7101,0.0800,53.7162
2026-05-09T17:27:49.656,2.7189,0.0800,53.7830
2026-05-09T17:27:49.669,2.7270,0.0800,53.8445
2026-05-09T17:27:49.684,2.7372,0.0800,53.9213
2026-05-09T17:27:49.697,2.7459,0.0800,53.9870
2026-05-09T17:27:49.711,2.7556,0.0800,54.0600
2026-05-09T17:27:49.725,2.7638,0.0800,54.1222
2026-05-09T17:27:49.738,2.7731,0.0800,54.1924
2026-05-09T17:27:49.753,2.7818,0.0800,54.2587
2026-05-09T17:27:49.767,2.7909,0.0800,54.3276
2026-05-09T17:27:49.780,2.8004,0.0800,54.4000
2026-05-09T17:27:49.795,2.8092,0.0800,54.4666
2026-05-09T17:27:49.808,2.8181,0.0800,54.5344
2026-05-09T17:27:49.822,2.8274,0.0800,54.6053
2026-05-09T17:27:49.836,2.8361,0.0800,54.6711
2026-05-09T17:27:49.850,2.8451,0.0800,54.7392
2026-05-09T17:27:49.864,2.8540,0.0800,54.8074
2026-05-09T17:27:49.877,2.8641,0.0800,54.8836
2026-05-09T17:27:49.892,2.8727,0.0800,54.9486
2026-05-09T17:27:49.905,2.8815,0.0800,55.0149
2026-05-09T17:27:49.919,2.8904,0.0800,55.0820
2026-05-09T17:27:49.933,2.8993,0.0800,55.1489
2026-05-09T17:27:49.947,2.9089,0.0800,55.2210
2026-05-09T17:27:49.961,2.9181,0.0800,55.2898
2026-05-09T17:27:49.974,2.9268,0.0800,55.3546
2026-05-09T17:27:49.989,2.9361,0.0800,55.4239
2026-05-09T17:27:50.003,2.9448,0.0800,55.4892
2026-05-09T17:27:50.017,2.9549,0.0800,55.5645
2026-05-09T17:27:50.031,2.9642,0.0800,55.6336
2026-05-09T17:27:50.044,2.9733,0.0800,55.7014
2026-05-09T17:27:50.058,2.9828,0.0800,55.7726
2026-05-09T17:27:50.072,2.9916,0.0800,55.8378
2026-05-09T17:27:50.086,3.0002,0.0800,55.9019
2026-05-09T17:27:50.100,3.0093,0.0800,55.9695
2026-05-09T17:27:50.114,3.0192,0.0800,56.0426
2026-05-09T17:27:50.128,3.0275,0.0800,56.1040
2026-05-09T17:27:50.141,3.0373,0.0800,56.1765
2026-05-09T17:27:50.155,3.0465,0.0800,56.2453
2026-05-09T17:27:50.169,3.0548,0.0800,56.3066
2026-05-09T17:27:50.183,3.0648,0.0800,56.3806
2026-05-09T17:27:50.197,3.0738,0.0800,56.4473
2026-05-09T17:27:50.211,3.0830,0.0800,56.5155
2026-05-09T17:27:50.225,3.0927,0.0800,56.5878
2026-05-09T17:27:50.239,3.1016,0.0800,56.6533
2026-05-09T17:27:50.253,3.1106,0.0800,56.7200
2026-05-09T17:27:50.267,3.1201,0.0800,56.7902
2026-05-09T17:27:50.281,3.1301,0.0800,56.8631
2026-05-09T17:27:50.295,3.1383,0.0800,56.9261
2026-05-09T17:27:50.309,3.1468,0.0800,56.9929
2026-05-09T17:27:50.322,3.1551,0.0800,57.0603
2026-05-09T17:27:50.336,3.1632,0.0800,57.1295
2026-05-09T17:27:50.350,3.1704,0.0800,57.1935
2026-05-09T17:27:50.364,3.1777,0.0800,57.2620
2026-05-09T17:27:50.377,3.1845,0.0800,57.3292
2026-05-09T17:27:50.392,3.1907,0.0800,57.3958
2026-05-09T17:27:50.406,3.1964,0.0800,57.4595
2026-05-09T17:27:50.420,3.2021,0.0800,57.5278
2026-05-09T17:27:50.434,3.2071,0.0800,57.5966
2026-05-09T17:27:50.448,3.2115,0.0800,57.6616
2026-05-09T17:27:50.461,3.2155,0.0800,57.7262
2026-05-09T17:27:50.475,3.2190,0.0800,57.7950
2026-05-09T17:27:50.490,3.2220,0.0800,57.8568
2026-05-09T17:27:50.504,3.2249,0.0800,57.9282
2026-05-09T17:27:50.517,3.2271,0.0800,57.9923
2026-05-09T17:27:50.532,3.2287,0.0800,58.0592
2026-05-09T17:27:50.545,3.2300,0.0800,58.1251
2026-05-09T17:27:50.559,3.2310,0.0800,58.1925
2026-05-09T17:27:50.573,3.2311,0.0800,58.2572
2026-05-09T17:27:50.587,3.2311,0.0800,58.3220
2026-05-09T17:27:50.601,3.2307,0.0800,58.3824
2026-05-09T17:27:50.615,3.2297,0.0800,58.4315
2026-05-09T17:27:50.629,3.2290,0.0800,58.4690
2026-05-09T17:27:50.643,3.2285,0.0800,58.4985
2026-05-09T17:27:50.657,3.2281,0.0800,58.5218
2026-05-09T17:27:50.671,3.2278,0.0800,58.5406
2026-05-09T17:27:50.685,3.2276,0.0800,58.5552
2026-05-09T17:27:50.698,3.2271,0.0800,58.5716
2026-05-09T17:27:50.712,3.2265,0.0800,58.5976
2026-05-09T17:27:50.726,3.2262,0.0800,58.6192
2026-05-09T17:27:50.740,3.2262,0.0800,58.6426
2026-05-09T17:27:50.755,3.2272,0.0800,58.6631
2026-05-09T17:27:50.768,3.2278,0.0800,58.6805
2026-05-09T17:27:50.782,3.2288,0.0800,58.6986
2026-05-09T17:27:50.796,3.2308,0.0800,58.7158
2026-05-09T17:27:50.810,3.2324,0.0800,58.7321
2026-05-09T17:27:50.824,3.2337,0.0800,58.7446
2026-05-09T17:27:50.838,3.2352,0.0800,58.7562
2026-05-09T17:27:50.852,3.2374,0.0800,58.7673
2026-05-09T17:27:50.866,3.2391,0.0800,58.7778
2026-05-09T17:27:50.879,3.2413,0.0800,58.7893
2026-05-09T17:27:50.894,3.2442,0.0800,58.7998
2026-05-09T17:27:50.907,3.2465,0.0800,58.8096
2026-05-09T17:27:50.921,3.2491,0.0800,58.8198
2026-05-09T17:27:50.935,3.2527,0.0800,58.8302
2026-05-09T17:27:50.949,3.2558,0.0800,58.8406
2026-05-09T17:27:50.963,3.2590,0.0800,58.8502
2026-05-09T17:27:50.976,3.2625,0.0800,58.8602
2026-05-09T17:27:50.991,3.2672,0.0800,58.8707
2026-05-09T17:27:51.005,3.2709,0.0800,58.8799
2026-05-09T17:27:51.018,3.2751,0.0800,58.8897
2026-05-09T17:27:51.033,3.2802,0.0800,58.8995
2026-05-09T17:27:51.046,3.2860,0.0800,58.9112
2026-05-09T17:27:51.060,3.2938,0.0800,58.9257
2026-05-09T17:27:51.074,3.3072,0.0800,58.9475
2026-05-09T17:27:51.088,3.3228,0.0800,58.9730
2026-05-09T17:27:51.101,3.3412,0.0800,59.0016
2026-05-09T17:27:51.116,3.3646,0.0800,59.0354
2026-05-09T17:27:51.129,3.3862,0.0800,59.0660
2026-05-09T17:27:51.144,3.4011,0.0800,59.1026
2026-05-09T17:27:51.157,3.4003,0.0800,59.1363
2026-05-09T17:27:51.171,3.4002,0.0800,59.1736
2026-05-09T17:27:51.185,3.3993,0.0800,59.2103
2026-05-09T17:27:51.199,3.4012,0.0800,59.2495
2026-05-09T17:27:51.213,3.4129,0.0800,59.3005
2026-05-09T17:27:51.227,3.4334,0.0800,59.3407
2026-05-09T17:27:51.240,3.4641,0.0800,59.3896
2026-05-09T17:27:51.255,3.5041,0.0800,59.4316
2026-05-09T17:27:51.269,3.5433,0.0800,59.4721
2026-05-09T17:27:51.282,3.5917,0.0800,59.5211
2026-05-09T17:27:51.296,3.6332,0.0800,59.5616
2026-05-09T17:27:51.310,3.6739,0.0800,59.6010
2026-05-09T17:27:51.324,3.7199,0.0800,59.6446
2026-05-09T17:27:51.338,3.7660,0.0800,59.6874
2026-05-09T17:27:51.352,3.8117,0.0800,59.7284
2026-05-09T17:27:51.366,3.8545,0.0800,59.7665
2026-05-09T17:27:51.379,3.9085,0.0800,59.8136
2026-05-09T17:27:51.394,3.9514,0.0800,59.8497
2026-05-09T17:27:51.407,4.0007,0.0800,59.8909
2026-05-09T17:27:51.421,4.0501,0.0800,59.9314
2026-05-09T17:27:51.435,4.1007,0.0800,59.9720
2026-05-09T17:27:51.450,4.1514,0.0800,60.0122
2026-05-09T17:27:51.463,4.2017,0.0800,60.0516
2026-05-09T17:27:51.477,4.2595,0.0800,60.0961
2026-05-09T17:27:51.491,4.3072,0.0800,60.1321
2026-05-09T17:27:51.505,4.3613,0.0800,60.1726
2026-05-09T17:27:51.518,4.4151,0.0800,60.2125
2026-05-09T17:27:51.533,4.4695,0.0800,60.2521
2026-05-09T17:27:51.546,4.5257,0.0800,60.2928
2026-05-09T17:27:51.560,4.5797,0.0800,60.3314
2026-05-09T17:27:51.574,4.6320,0.0800,60.3689
2026-05-09T17:27:51.589,4.6908,0.0800,60.4109
2026-05-09T17:27:51.602,4.7473,0.0800,60.4513
2026-05-09T17:27:51.616,4.8085,0.0800,60.4951
2026-05-09T17:27:51.629,4.8594,0.0800,60.5316
2026-05-09T17:27:51.643,4.9182,0.0800,60.5736
2026-05-09T17:27:51.657,4.9602,0.0800,60.6040
2026-05-09T17:27:51.671,4.9949,0.0800,60.6284
2026-05-09T17:27:51.686,5.0243,0.0800,60.6488
2026-05-09T17:27:51.699,5.0484,0.0800,60.6650
2026-05-09T17:27:51.712,5.0712,0.0800,60.6791
2026-05-09T17:27:51.726,5.0850,0.0800,60.6879
2026-05-09T17:27:51.740,5.0962,0.0800,60.6948
2026-05-09T17:27:51.755,5.1079,0.0800,60.7011
2026-05-09T17:27:51.769,5.1176,0.0800,60.7067
2026-05-09T17:27:51.782,5.1284,0.0800,60.7126
2026-05-09T17:27:51.796,5.1391,0.0800,60.7173
2026-05-09T17:27:51.810,5.1481,0.0800,60.7219
2026-05-09T17:27:51.824,5.1575,0.0800,60.7263
2026-05-09T17:27:51.838,5.1669,0.0800,60.7306
2026-05-09T17:27:51.852,5.1781,0.0800,60.7345
2026-05-09T17:27:51.866,5.1876,0.0800,60.7383
2026-05-09T17:27:51.880,5.1986,0.0800,60.7424
2026-05-09T17:27:51.894,5.2076,0.0800,60.7448
2026-05-09T17:27:51.907,5.2140,0.0800,60.7471
2026-05-09T17:27:51.921,5.2189,0.0800,60.7489
2026-05-09T17:27:51.935,5.2245,0.0800,60.7501
2026-05-09T17:27:51.949,5.2291,0.0800,60.7517
2026-05-09T17:27:51.963,5.2333,0.0800,60.7531
2026-05-09T17:27:51.976,5.2375,0.0800,60.7544
2026-05-09T17:27:51.991,5.2427,0.0800,60.7549
2026-05-09T17:27:52.005,5.2469,0.0800,60.7561
2026-05-09T17:27:52.018,5.2513,0.0800,60.7571
2026-05-09T17:27:52.033,5.2566,0.0800,60.7573
2026-05-09T17:27:52.046,5.2608,0.0800,60.7581
2026-05-09T17:27:52.060,5.2652,0.0800,60.7589
2026-05-09T17:27:52.074,5.2705,0.0800,60.7587
2026-05-09T17:27:52.088,5.2746,0.0800,60.7592
2026-05-09T17:27:52.101,5.2786,0.0800,60.7596
2026-05-09T17:27:52.116,5.2841,0.0800,60.7592
2026-05-09T17:27:52.130,5.2880,0.0800,60.7594
2026-05-09T17:27:52.143,5.2925,0.0800,60.7596
2026-05-09T17:27:52.157,5.2966,0.0800,60.7597
2026-05-09T17:27:52.171,5.3019,0.0800,60.7589
2026-05-09T17:27:52.186,5.3061,0.0800,60.7589
2026-05-09T17:27:52.199,5.3105,0.0800,60.7589
2026-05-09T17:27:52.214,5.3166,0.0800,60.7576
2026-05-09T17:27:52.227,5.3206,0.0800,60.7573
2026-05-09T17:27:52.241,5.3254,0.0800,60.7569
2026-05-09T17:27:52.255,5.3309,0.0800,60.7552
2026-05-09T17:27:52.269,5.3353,0.0800,60.7545
2026-05-09T17:27:52.282,5.3401,0.0800,60.7537
2026-05-09T17:27:52.296,5.3454,0.0800,60.7516
2026-05-09T17:27:52.310,5.3495,0.0800,60.7506
2026-05-09T17:27:52.324,5.3537,0.0800,60.7494
2026-05-09T17:27:52.338,5.3583,0.0800,60.7481
2026-05-09T17:27:52.352,5.3634,0.0800,60.7455
2026-05-09T17:27:52.366,5.3672,0.0800,60.7441
2026-05-09T17:27:52.379,5.3716,0.0800,60.7425
2026-05-09T17:27:52.394,5.3786,0.0800,60.7382
2026-05-09T17:27:52.407,5.3873,0.0800,60.7335
2026-05-09T17:27:52.421,5.3984,0.0800,60.7270
2026-05-09T17:27:52.434,5.4112,0.0800,60.7182
2026-05-09T17:27:52.448,5.4270,0.0800,60.7077
2026-05-09T17:27:52.462,5.4445,0.0800,60.6954
2026-05-09T17:27:52.476,5.4649,0.0800,60.6795
2026-05-09T17:27:52.490,5.4840,0.0800,60.6648
2026-05-09T17:27:52.504,5.5082,0.0800,60.6452
2026-05-09T17:27:52.517,5.5314,0.0800,60.6257
2026-05-09T17:27:52.531,5.5557,0.0800,60.6034
2026-05-09T17:27:52.545,5.5794,0.0800,60.5818
2026-05-09T17:27:52.559,5.6035,0.0800,60.5589
2026-05-09T17:27:52.573,5.6280,0.0800,60.5338
2026-05-09T17:27:52.587,5.6503,0.0800,60.5108
2026-05-09T17:27:52.600,5.6731,0.0800,60.4865
2026-05-09T17:27:52.614,5.6959,0.0800,60.4601
2026-05-09T17:27:52.628,5.7197,0.0800,60.4326
2026-05-09T17:27:52.641,5.7378,0.0800,60.4108
2026-05-09T17:27:52.656,5.7580,0.0800,60.3845
2026-05-09T17:27:52.669,5.7777,0.0800,60.3590
2026-05-09T17:27:52.682,5.7990,0.0800,60.3303
2026-05-09T17:27:52.696,5.8162,0.0800,60.3048
2026-05-09T17:27:52.710,5.8349,0.0800,60.2773
2026-05-09T17:27:52.724,5.8525,0.0800,60.2505
2026-05-09T17:27:52.737,5.8706,0.0800,60.2217
2026-05-09T17:27:52.751,5.8872,0.0800,60.1927
2026-05-09T17:27:52.765,5.9024,0.0800,60.1664
2026-05-09T17:27:52.779,5.9204,0.0800,60.1338
2026-05-09T17:27:52.793,5.9341,0.0800,60.1062
2026-05-09T17:27:52.807,5.9490,0.0800,60.0767
2026-05-09T17:27:52.820,5.9638,0.0800,60.0458
2026-05-09T17:27:52.834,5.9766,0.0800,60.0160
2026-05-09T17:27:52.848,5.9899,0.0800,59.9853
2026-05-09T17:27:52.861,6.0017,0.0800,59.9564
2026-05-09T17:27:52.875,6.0138,0.0800,59.9234
2026-05-09T17:27:52.889,6.0247,0.0800,59.8937
2026-05-09T17:27:52.902,6.0355,0.0800,59.8623
2026-05-09T17:27:52.916,6.0459,0.0800,59.8302
2026-05-09T17:27:52.930,6.0543,0.0800,59.7999
2026-05-09T17:27:52.944,6.0638,0.0800,59.7662
2026-05-09T17:27:52.958,6.0718,0.0800,59.7355
2026-05-09T17:27:52.972,6.0792,0.0800,59.7022
2026-05-09T17:27:52.986,6.0861,0.0800,59.6710
2026-05-09T17:27:52.999,6.0927,0.0800,59.6381
2026-05-09T17:27:53.013,6.0987,0.0800,59.6019
2026-05-09T17:27:53.027,6.1036,0.0800,59.5712
2026-05-09T17:27:53.040,6.1090,0.0800,59.5335
2026-05-09T17:27:53.055,6.1134,0.0800,59.4918
2026-05-09T17:27:53.069,6.1174,0.0800,59.4531
2026-05-09T17:27:53.082,6.1217,0.0800,59.4018
2026-05-09T17:27:53.096,6.1244,0.0800,59.3508
2026-05-09T17:27:53.110,6.1273,0.0800,59.2906
2026-05-09T17:27:53.124,6.1297,0.0800,59.2240
2026-05-09T17:27:53.138,6.1315,0.0800,59.1522
2026-05-09T17:27:53.152,6.1333,0.0800,59.0832
2026-05-09T17:27:53.167,6.1350,0.0800,59.0183
2026-05-09T17:27:53.180,6.1365,0.0800,58.9490
2026-05-09T17:27:53.194,6.1385,0.0800,58.8844
2026-05-09T17:27:53.207,6.1407,0.0800,58.8228
2026-05-09T17:27:53.221,6.1434,0.0800,58.7645
2026-05-09T17:27:53.235,6.1471,0.0800,58.7050
2026-05-09T17:27:53.249,6.1511,0.0800,58.6463
2026-05-09T17:27:53.263,6.1555,0.0800,58.5912
2026-05-09T17:27:53.277,6.1614,0.0800,58.5299
2026-05-09T17:27:53.291,6.1676,0.0800,58.4705
2026-05-09T17:27:53.305,6.1752,0.0800,58.4042
2026-05-09T17:27:53.318,6.1831,0.0800,58.3419
2026-05-09T17:27:53.333,6.1922,0.0800,58.2767
2026-05-09T17:27:53.346,6.2019,0.0800,58.2098
2026-05-09T17:27:53.360,6.2119,0.0800,58.1404
2026-05-09T17:27:53.374,6.2215,0.0800,58.0743
2026-05-09T17:27:53.388,6.2312,0.0800,58.0076
2026-05-09T17:27:53.401,6.2392,0.0800,57.9538
2026-05-09T17:27:53.418,6.2445,0.0800,57.9126
2026-05-09T17:27:53.429,6.2478,0.0800,57.8875
2026-05-09T17:27:53.444,6.2496,0.0800,57.8784
2026-05-09T17:27:53.458,6.2498,0.0800,57.8828
2026-05-09T17:27:53.471,6.2488,0.0800,57.9087
2026-05-09T17:27:53.486,6.2475,0.0800,57.9696
2026-05-09T17:27:53.499,6.2468,0.0800,58.0340
2026-05-09T17:27:53.513,6.2461,0.0800,58.1107
2026-05-09T17:27:53.527,6.2456,0.0800,58.1731
2026-05-09T17:27:53.540,6.2452,0.0800,58.2428
2026-05-09T17:27:53.555,6.2446,0.0800,58.3117
2026-05-09T17:27:53.569,6.2437,0.0800,58.3730
2026-05-09T17:27:53.582,6.2425,0.0800,58.4459
2026-05-09T17:27:53.597,6.2411,0.0800,58.5146
2026-05-09T17:27:53.610,6.2393,0.0800,58.5786
2026-05-09T17:27:53.624,6.2370,0.0800,58.6454
2026-05-09T17:27:53.637,6.2345,0.0800,58.7095
2026-05-09T17:27:53.652,6.2315,0.0800,58.7792
2026-05-09T17:27:53.666,6.2282,0.0800,58.8409
2026-05-09T17:27:53.679,6.2240,0.0800,58.9136
2026-05-09T17:27:53.694,6.2200,0.0800,58.9769
2026-05-09T17:27:53.708,6.2154,0.0800,59.0414
2026-05-09T17:27:53.722,6.2101,0.0800,59.1096
2026-05-09T17:27:53.736,6.2047,0.0800,59.1754
2026-05-09T17:27:53.749,6.1984,0.0800,59.2447
2026-05-09T17:27:53.763,6.1922,0.0800,59.3090
2026-05-09T17:27:53.776,6.1851,0.0800,59.3777
2026-05-09T17:27:53.791,6.1786,0.0800,59.4395
2026-05-09T17:27:53.804,6.1713,0.0800,59.5034
2026-05-09T17:27:53.818,6.1629,0.0800,59.5737
2026-05-09T17:27:53.833,6.1552,0.0800,59.6357
2026-05-09T17:27:53.847,6.1461,0.0800,59.7051
2026-05-09T17:27:53.860,6.1369,0.0800,59.7717
2026-05-09T17:27:53.874,6.1275,0.0800,59.8385
2026-05-09T17:27:53.889,6.1179,0.0800,59.9038
2026-05-09T17:27:53.901,6.1080,0.0800,59.9725
2026-05-09T17:27:53.916,6.0975,0.0800,60.0447
2026-05-09T17:27:53.930,6.0885,0.0800,60.1069
2026-05-09T17:27:53.943,6.0781,0.0800,60.1794
2026-05-09T17:27:53.957,6.0682,0.0800,60.2483
2026-05-09T17:27:53.971,6.0590,0.0800,60.3134
2026-05-09T17:27:53.986,6.0511,0.0800,60.3727
2026-05-09T17:27:53.999,6.0440,0.0800,60.4314
2026-05-09T17:27:54.013,6.0379,0.0800,60.4856
2026-05-09T17:27:54.027,6.0350,0.0800,60.5208
2026-05-09T17:27:54.040,6.0330,0.0800,60.5523
2026-05-09T17:27:54.055,6.0324,0.0800,60.5636
2026-05-09T17:27:54.069,6.0329,0.0800,60.5677
2026-05-09T17:27:54.082,6.0336,0.0800,60.5655
2026-05-09T17:27:54.097,6.0336,0.0800,60.5603
2026-05-09T17:27:54.110,6.0342,0.0800,60.5551
2026-05-09T17:27:54.124,6.0346,0.0800,60.5500
2026-05-09T17:27:54.138,6.0349,0.0800,60.5451
2026-05-09T17:27:54.152,6.0343,0.0800,60.5387
2026-05-09T17:27:54.166,6.0344,0.0800,60.5338
2026-05-09T17:27:54.179,6.0344,0.0800,60.5282
2026-05-09T17:27:54.194,6.0334,0.0800,60.5222
2026-05-09T17:27:54.207,6.0331,0.0800,60.5172
2026-05-09T17:27:54.221,6.0327,0.0800,60.5119
2026-05-09T17:27:54.235,6.0313,0.0800,60.5061
2026-05-09T17:27:54.249,6.0307,0.0800,60.5010
2026-05-09T17:27:54.263,6.0301,0.0800,60.4962
2026-05-09T17:27:54.277,6.0292,0.0800,60.4906
2026-05-09T17:27:54.291,6.0272,0.0800,60.4848
2026-05-09T17:27:54.304,6.0262,0.0800,60.4800
2026-05-09T17:27:54.319,6.0250,0.0800,60.4750
2026-05-09T17:27:54.333,6.0228,0.0800,60.4696
2026-05-09T17:27:54.346,6.0212,0.0800,60.4638
2026-05-09T17:27:54.360,6.0198,0.0800,60.4594
2026-05-09T17:27:54.374,6.0173,0.0800,60.4540
2026-05-09T17:27:54.388,6.0156,0.0800,60.4490
2026-05-09T17:27:54.401,6.0138,0.0800,60.4443
2026-05-09T17:27:54.415,6.0107,0.0800,60.4385
2026-05-09T17:27:54.429,6.0088,0.0800,60.4340
2026-05-09T17:27:54.443,6.0068,0.0800,60.4293
2026-05-09T17:27:54.457,6.0045,0.0800,60.4245
2026-05-09T17:27:54.471,6.0011,0.0800,60.4195
2026-05-09T17:27:54.485,5.9985,0.0800,60.4145
2026-05-09T17:27:54.499,5.9943,0.0800,60.4077
2026-05-09T17:27:54.513,5.9875,0.0800,60.3989
2026-05-09T17:27:54.527,5.9819,0.0800,60.3910
2026-05-09T17:27:54.540,5.9752,0.0800,60.3819
2026-05-09T17:27:54.555,5.9670,0.0800,60.3728
2026-05-09T17:27:54.569,5.9597,0.0800,60.3638
2026-05-09T17:27:54.582,5.9517,0.0800,60.3543
2026-05-09T17:27:54.597,5.9428,0.0800,60.3456
2026-05-09T17:27:54.610,5.9347,0.0800,60.3368
2026-05-09T17:27:54.624,5.9264,0.0800,60.3281
2026-05-09T17:27:54.638,5.9181,0.0800,60.3198
2026-05-09T17:27:54.652,5.9085,0.0800,60.3118
2026-05-09T17:27:54.667,5.8999,0.0800,60.3040
2026-05-09T17:27:54.680,5.8901,0.0800,60.2953
2026-05-09T17:27:54.694,5.8791,0.0800,60.2874
2026-05-09T17:27:54.708,5.8711,0.0800,60.2810
2026-05-09T17:27:54.722,5.8615,0.0800,60.2736
2026-05-09T17:27:54.736,5.8504,0.0800,60.2666
2026-05-09T17:27:54.750,5.8407,0.0800,60.2598
2026-05-09T17:27:54.764,5.8310,0.0800,60.2534
2026-05-09T17:27:54.777,5.8207,0.0800,60.2469
2026-05-09T17:27:54.792,5.8093,0.0800,60.2412
2026-05-09T17:27:54.805,5.7993,0.0800,60.2355
2026-05-09T17:27:54.820,5.7887,0.0800,60.2297
2026-05-09T17:27:54.834,5.7771,0.0800,60.2249
2026-05-09T17:27:54.848,5.7657,0.0800,60.2194
2026-05-09T17:27:54.862,5.7551,0.0800,60.2147
2026-05-09T17:27:54.876,5.7422,0.0800,60.2102
2026-05-09T17:27:54.890,5.7319,0.0800,60.2061
2026-05-09T17:27:54.904,5.7202,0.0800,60.2018
2026-05-09T17:27:54.918,5.7088,0.0800,60.1979
2026-05-09T17:27:54.933,5.6949,0.0800,60.1945
2026-05-09T17:27:54.946,5.6784,0.0800,60.1901
2026-05-09T17:27:54.960,5.6582,0.0800,60.1854
2026-05-09T17:27:54.974,5.6351,0.0800,60.1816
2026-05-09T17:27:54.988,5.6123,0.0800,60.1775
2026-05-09T17:27:55.002,5.5866,0.0800,60.1734
2026-05-09T17:27:55.017,5.5560,0.0800,60.1703
2026-05-09T17:27:55.030,5.5290,0.0800,60.1674
2026-05-09T17:27:55.044,5.4932,0.0800,60.1642
2026-05-09T17:27:55.057,5.4634,0.0800,60.1622
2026-05-09T17:27:55.072,5.4292,0.0800,60.1614
2026-05-09T17:27:55.085,5.3939,0.0800,60.1604
2026-05-09T17:27:55.100,5.3550,0.0800,60.1601
2026-05-09T17:27:55.113,5.3108,0.0800,60.1614
2026-05-09T17:27:55.127,5.2698,0.0800,60.1627
2026-05-09T17:27:55.140,5.2243,0.0800,60.1650
2026-05-09T17:27:55.155,5.1741,0.0800,60.1691
2026-05-09T17:27:55.169,5.1229,0.0800,60.1734
2026-05-09T17:27:55.184,5.0632,0.0800,60.1793
2026-05-09T17:27:55.197,4.9911,0.0800,60.1876
2026-05-09T17:27:55.211,4.9303,0.0800,60.1958
2026-05-09T17:27:55.225,4.8700,0.0800,60.2040
2026-05-09T17:27:55.238,4.8038,0.0800,60.2134
2026-05-09T17:27:55.253,4.7363,0.0800,60.2237
2026-05-09T17:27:55.267,4.6753,0.0800,60.2332
2026-05-09T17:27:55.280,4.5992,0.0800,60.2451
2026-05-09T17:27:55.295,4.5346,0.0800,60.2552
2026-05-09T17:27:55.308,4.4668,0.0800,60.2657
2026-05-09T17:27:55.322,4.3961,0.0800,60.2766
2026-05-09T17:27:55.336,4.3322,0.0800,60.2864
2026-05-09T17:27:55.350,4.2558,0.0800,60.2981
2026-05-09T17:27:55.364,4.1902,0.0800,60.3081
2026-05-09T17:27:55.377,4.1213,0.0800,60.3189
2026-05-09T17:27:55.392,4.0616,0.0800,60.3275
2026-05-09T17:27:55.405,4.0004,0.0800,60.3363
2026-05-09T17:27:55.419,3.9354,0.0800,60.3450
2026-05-09T17:27:55.434,3.8773,0.0800,60.3518
2026-05-09T17:27:55.448,3.8102,0.0800,60.3595
2026-05-09T17:27:55.461,3.7527,0.0800,60.3654
2026-05-09T17:27:55.475,3.6970,0.0800,60.3701
2026-05-09T17:27:55.489,3.6431,0.0800,60.3744
2026-05-09T17:27:55.502,3.5881,0.0800,60.3782
2026-05-09T17:27:55.517,3.5392,0.0800,60.3803
2026-05-09T17:27:55.531,3.4921,0.0800,60.3822
2026-05-09T17:27:55.544,3.4372,0.0800,60.3837
2026-05-09T17:27:55.558,3.3893,0.0800,60.3841
2026-05-09T17:27:55.572,3.3450,0.0800,60.3833
2026-05-09T17:27:55.586,3.2988,0.0800,60.3823
2026-05-09T17:27:55.600,3.2544,0.0800,60.3806
2026-05-09T17:27:55.614,3.2080,0.0800,60.3775
2026-05-09T17:27:55.628,3.1685,0.0800,60.3747
2026-05-09T17:27:55.641,3.1248,0.0800,60.3710
2026-05-09T17:27:55.656,3.0837,0.0800,60.3660
2026-05-09T17:27:55.670,3.0465,0.0800,60.3615
2026-05-09T17:27:55.684,3.0009,0.0800,60.3552
2026-05-09T17:27:55.697,2.9627,0.0800,60.3493
2026-05-09T17:27:55.711,2.9202,0.0800,60.3411
2026-05-09T17:27:55.726,2.8848,0.0800,60.3343
2026-05-09T17:27:55.738,2.8424,0.0800,60.3254
2026-05-09T17:27:55.752,2.8043,0.0800,60.3158
2026-05-09T17:27:55.767,2.7690,0.0800,60.3071
2026-05-09T17:27:55.780,2.7271,0.0800,60.2959
2026-05-09T17:27:55.794,2.6897,0.0800,60.2844
2026-05-09T17:27:55.808,2.6521,0.0800,60.2729
2026-05-09T17:27:55.822,2.6124,0.0800,60.2600
2026-05-09T17:27:55.836,2.5756,0.0800,60.2464
2026-05-09T17:27:55.850,2.5381,0.0800,60.2327
2026-05-09T17:27:55.864,2.5010,0.0800,60.2183
2026-05-09T17:27:55.877,2.4620,0.0800,60.2024
2026-05-09T17:27:55.891,2.4270,0.0800,60.1864
2026-05-09T17:27:55.905,2.3892,0.0800,60.1692
2026-05-09T17:27:55.918,2.3546,0.0800,60.1526
2026-05-09T17:27:55.933,2.3210,0.0800,60.1350
2026-05-09T17:27:55.947,2.2838,0.0800,60.1155
2026-05-09T17:27:55.960,2.2486,0.0800,60.0961
2026-05-09T17:27:55.974,2.2059,0.0800,60.0717
2026-05-09T17:27:55.988,2.1833,0.0800,60.0569
2026-05-09T17:27:56.001,2.1505,0.0800,60.0364
2026-05-09T17:27:56.016,2.1167,0.0800,60.0137
2026-05-09T17:27:56.029,2.0857,0.0800,59.9929
2026-05-09T17:27:56.043,2.0514,0.0800,59.9690
2026-05-09T17:27:56.057,2.0223,0.0800,59.9470
2026-05-09T17:27:56.071,1.9890,0.0800,59.9221
2026-05-09T17:27:56.085,1.9587,0.0800,59.8986
2026-05-09T17:27:56.099,1.9266,0.0800,59.8729
2026-05-09T17:27:56.113,1.8974,0.0800,59.8476
2026-05-09T17:27:56.127,1.8689,0.0800,59.8229
2026-05-09T17:27:56.140,1.8381,0.0800,59.7954
2026-05-09T17:27:56.155,1.8109,0.0800,59.7688
2026-05-09T17:27:56.168,1.7834,0.0800,59.7422
2026-05-09T17:27:56.182,1.7523,0.0800,59.7106
2026-05-09T17:27:56.195,1.7279,0.0800,59.6835
2026-05-09T17:27:56.209,1.6970,0.0800,59.6493
2026-05-09T17:27:56.223,1.6687,0.0800,59.6166
2026-05-09T17:27:56.236,1.6388,0.0800,59.5806
2026-05-09T17:27:56.250,1.6117,0.0800,59.5455
2026-05-09T17:27:56.264,1.5859,0.0800,59.5118
2026-05-09T17:27:56.277,1.5567,0.0800,59.4724
2026-05-09T17:27:56.292,1.5329,0.0800,59.4372
2026-05-09T17:27:56.305,1.5071,0.0800,59.3992
2026-05-09T17:27:56.319,1.4822,0.0800,59.3610
2026-05-09T17:27:56.333,1.4602,0.0800,59.3243
2026-05-09T17:27:56.347,1.4340,0.0800,59.2807
2026-05-09T17:27:56.360,1.4137,0.0800,59.2452
2026-05-09T17:27:56.375,1.3928,0.0800,59.2058
2026-05-09T17:27:56.388,1.3720,0.0800,59.1666
2026-05-09T17:27:56.402,1.3504,0.0800,59.1241
2026-05-09T17:27:56.415,1.3308,0.0800,59.0817
2026-05-09T17:27:56.430,1.3118,0.0800,59.0409
2026-05-09T17:27:56.443,1.2933,0.0800,58.9995
2026-05-09T17:27:56.457,1.2746,0.0800,58.9557
2026-05-09T17:27:56.471,1.2573,0.0800,58.9112
2026-05-09T17:27:56.486,1.2397,0.0800,58.8662
2026-05-09T17:27:56.499,1.2223,0.0800,58.8197
2026-05-09T17:27:56.513,1.2046,0.0800,58.7677
2026-05-09T17:27:56.527,1.2034,0.0800,58.7233
2026-05-09T17:27:56.541,1.2024,0.0800,58.6731
2026-05-09T17:27:56.554,1.2013,0.0800,58.6227
2026-05-09T17:27:56.568,1.2003,0.0800,58.5719
2026-05-09T17:27:56.581,1.1994,0.0800,58.5216
2026-05-09T17:27:56.596,1.1985,0.0800,58.4698
2026-05-09T17:27:56.610,1.1977,0.0800,58.4209
2026-05-09T17:27:56.624,1.1967,0.0800,58.3676
2026-05-09T17:27:56.637,1.1957,0.0800,58.3137
2026-05-09T17:27:56.652,1.1946,0.0800,58.2594
2026-05-09T17:27:56.666,1.1936,0.0800,58.2114
2026-05-09T17:27:56.679,1.1924,0.0800,58.1518
2026-05-09T17:27:56.693,1.1913,0.0800,58.1008
2026-05-09T17:27:56.707,1.1902,0.0800,58.0496
2026-05-09T17:27:56.721,1.1891,0.0800,57.9915
2026-05-09T17:27:56.735,1.1880,0.0800,57.9342
2026-05-09T17:27:56.749,1.1869,0.0800,57.8751
2026-05-09T17:27:56.762,1.1860,0.0800,57.8140
2026-05-09T17:27:56.776,1.1851,0.0800,57.7542
2026-05-09T17:27:56.791,1.1842,0.0800,57.6993
2026-05-09T17:27:56.804,1.1834,0.0800,57.6393
2026-05-09T17:27:56.818,1.1826,0.0800,57.5726
2026-05-09T17:27:56.832,1.1819,0.0800,57.5105
2026-05-09T17:27:56.846,1.1814,0.0800,57.4376
2026-05-09T17:27:56.859,1.1810,0.0800,57.3733
2026-05-09T17:27:56.873,1.1808,0.0800,57.3047
2026-05-09T17:27:56.888,1.1808,0.0800,57.2367
2026-05-09T17:27:56.901,1.1808,0.0800,57.1696
2026-05-09T17:27:56.915,1.1808,0.0800,57.0938
2026-05-09T17:27:56.929,1.1808,0.0800,57.0297
2026-05-09T17:27:56.942,1.1808,0.0800,56.9596
2026-05-09T17:27:56.958,1.1808,0.0800,56.8906
2026-05-09T17:27:56.971,1.1808,0.0800,56.8234
2026-05-09T17:27:56.985,1.1808,0.0800,56.7495
2026-05-09T17:27:56.998,1.1808,0.0800,56.6799
2026-05-09T17:27:57.012,1.1808,0.0800,56.6107
2026-05-09T17:27:57.026,1.1808,0.0800,56.5484
2026-05-09T17:27:57.040,1.1810,0.0800,56.4801
2026-05-09T17:27:57.054,1.1810,0.0800,56.4130
2026-05-09T17:27:57.069,1.1811,0.0800,56.3467
2026-05-09T17:27:57.081,1.1813,0.0800,56.2726
2026-05-09T17:27:57.096,1.1813,0.0800,56.2042
2026-05-09T17:27:57.110,1.1813,0.0800,56.1437
2026-05-09T17:27:57.125,1.1813,0.0800,56.0699
2026-05-09T17:27:57.137,1.1813,0.0800,56.0010
2026-05-09T17:27:57.152,1.1813,0.0800,55.9269
2026-05-09T17:27:57.165,1.1813,0.0800,55.8665
2026-05-09T17:27:57.179,1.1813,0.0800,55.7916
2026-05-09T17:27:57.193,1.1813,0.0800,55.7283
2026-05-09T17:27:57.207,1.1811,0.0800,55.6582
2026-05-09T17:27:57.221,1.1810,0.0800,55.5914
2026-05-09T17:27:57.235,1.1810,0.0800,55.5218
2026-05-09T17:27:57.249,1.1808,0.0800,55.4522
2026-05-09T17:27:57.263,1.1804,0.0800,55.3859
2026-05-09T17:27:57.276,1.1800,0.0800,55.3173
2026-05-09T17:27:57.291,1.1799,0.0800,55.2496
2026-05-09T17:27:57.305,1.1801,0.0800,55.1848
2026-05-09T17:27:57.318,1.1807,0.0800,55.1118
2026-05-09T17:27:57.332,1.1816,0.0800,55.0459
2026-05-09T17:27:57.346,1.1828,0.0800,54.9720
2026-05-09T17:27:57.359,1.1843,0.0800,54.9028
2026-05-09T17:27:57.373,1.1860,0.0800,54.8405
2026-05-09T17:27:57.388,1.1877,0.0800,54.7802
2026-05-09T17:27:57.401,1.1900,0.0800,54.7079
2026-05-09T17:27:57.415,1.1929,0.0800,54.6339
2026-05-09T17:27:57.430,1.1955,0.0800,54.5715
2026-05-09T17:27:57.443,1.1986,0.0800,54.5025
2026-05-09T17:27:57.457,1.2022,0.0800,54.4299
2026-05-09T17:27:57.471,1.2058,0.0800,54.3655
2026-05-09T17:27:57.485,1.2097,0.0800,54.2976
2026-05-09T17:27:57.499,1.2138,0.0800,54.2300
2026-05-09T17:27:57.513,1.2187,0.0800,54.1581
2026-05-09T17:27:57.527,1.2232,0.0800,54.0945
2026-05-09T17:27:57.541,1.2284,0.0800,54.0254
2026-05-09T17:27:57.555,1.2342,0.0800,53.9559
2026-05-09T17:27:57.568,1.2396,0.0800,53.8924
2026-05-09T17:27:57.582,1.2457,0.0800,53.8250
2026-05-09T17:27:57.596,1.2519,0.0800,53.7630
2026-05-09T17:27:57.610,1.2586,0.0800,53.6974
2026-05-09T17:27:57.624,1.2659,0.0800,53.6300
2026-05-09T17:27:57.638,1.2736,0.0800,53.5634
2026-05-09T17:27:57.652,1.2819,0.0800,53.4998
2026-05-09T17:27:57.666,1.2899,0.0800,53.4397
2026-05-09T17:27:57.679,1.2989,0.0800,53.3768
2026-05-09T17:27:57.693,1.3084,0.0800,53.3158
2026-05-09T17:27:57.707,1.3184,0.0800,53.2535
2026-05-09T17:27:57.721,1.3290,0.0800,53.1913
2026-05-09T17:27:57.735,1.3402,0.0800,53.1309
2026-05-09T17:27:57.749,1.3523,0.0800,53.0671
2026-05-09T17:27:57.763,1.3647,0.0800,53.0052
2026-05-09T17:27:57.776,1.3777,0.0800,52.9444
2026-05-09T17:27:57.790,1.3908,0.0800,52.8845
2026-05-09T17:27:57.804,1.4051,0.0800,52.8226
2026-05-09T17:27:57.818,1.4193,0.0800,52.7632
2026-05-09T17:27:57.832,1.4343,0.0800,52.7042
2026-05-09T17:27:57.846,1.4506,0.0800,52.6419
2026-05-09T17:27:57.860,1.4669,0.0800,52.5817
2026-05-09T17:27:57.874,1.4837,0.0800,52.5236
2026-05-09T17:27:57.888,1.5007,0.0800,52.4659
2026-05-09T17:27:57.902,1.5185,0.0800,52.4080
2026-05-09T17:27:57.916,1.5372,0.0800,52.3503
2026-05-09T17:27:57.930,1.5567,0.0800,52.2913
2026-05-09T17:27:57.944,1.5774,0.0800,52.2313
2026-05-09T17:27:57.958,1.5973,0.0800,52.1755
2026-05-09T17:27:57.971,1.6187,0.0800,52.1188
2026-05-09T17:27:57.985,1.6404,0.0800,52.0620
2026-05-09T17:27:57.999,1.6612,0.0800,52.0096
2026-05-09T17:27:58.013,1.6855,0.0800,51.9509
2026-05-09T17:27:58.027,1.7087,0.0800,51.8963
2026-05-09T17:27:58.040,1.7326,0.0800,51.8416
2026-05-09T17:27:58.055,1.7577,0.0800,51.7868
2026-05-09T17:27:58.069,1.7822,0.0800,51.7339
2026-05-09T17:27:58.082,1.8102,0.0800,51.6754
2026-05-09T17:27:58.096,1.8354,0.0800,51.6253
2026-05-09T17:27:58.111,1.8611,0.0800,51.5744
2026-05-09T17:27:58.125,1.8899,0.0800,51.5192
2026-05-09T17:27:58.138,1.9211,0.0800,51.4610
2026-05-09T17:27:58.152,1.9503,0.0800,51.4089
2026-05-09T17:27:58.166,1.9783,0.0800,51.3596
2026-05-09T17:27:58.179,2.0103,0.0800,51.3048
2026-05-09T17:27:58.194,2.0404,0.0800,51.2554
2026-05-09T17:27:58.208,2.0706,0.0800,51.2062
2026-05-09T17:27:58.221,2.1044,0.0800,51.1525
2026-05-09T17:27:58.235,2.1361,0.0800,51.1044
2026-05-09T17:27:58.249,2.1683,0.0800,51.0558
2026-05-09T17:27:58.263,2.2021,0.0800,51.0061
2026-05-09T17:27:58.276,2.2372,0.0800,50.9557
2026-05-09T17:27:58.290,2.2696,0.0800,50.9112
2026-05-09T17:27:58.305,2.3022,0.0800,50.8668
2026-05-09T17:27:58.319,2.3366,0.0800,50.8211
2026-05-09T17:27:58.333,2.3731,0.0800,50.7749
2026-05-09T17:27:58.346,2.4111,0.0800,50.7273
2026-05-09T17:27:58.360,2.4466,0.0800,50.6841
2026-05-09T17:27:58.374,2.4824,0.0800,50.6424
2026-05-09T17:27:58.388,2.5182,0.0800,50.6012
2026-05-09T17:27:58.402,2.5566,0.0800,50.5582
2026-05-09T17:27:58.416,2.5973,0.0800,50.5144
2026-05-09T17:27:58.430,2.6344,0.0800,50.4751
2026-05-09T17:27:58.443,2.6764,0.0800,50.4317
2026-05-09T17:27:58.457,2.7157,0.0800,50.3923
2026-05-09T17:27:58.471,2.7553,0.0800,50.3541
2026-05-09T17:27:58.485,2.7951,0.0800,50.3163
2026-05-09T17:27:58.500,2.8364,0.0800,50.2779
2026-05-09T17:27:58.513,2.8825,0.0800,50.2369
2026-05-09T17:27:58.528,2.9246,0.0800,50.1999
2026-05-09T17:27:58.541,2.9663,0.0800,50.1644
2026-05-09T17:27:58.556,3.0114,0.0800,50.1274
2026-05-09T17:27:58.570,3.0532,0.0800,50.0937
2026-05-09T17:27:58.583,3.1014,0.0800,50.0558
2026-05-09T17:27:58.597,3.1454,0.0800,50.0224
2026-05-09T17:27:58.611,3.1896,0.0800,49.9903
2026-05-09T17:27:58.625,3.2340,0.0800,49.9583
2026-05-09T17:27:58.639,3.2798,0.0800,49.9264
2026-05-09T17:27:58.653,3.3260,0.0800,49.8957
2026-05-09T17:27:58.667,3.3723,0.0800,49.8652
2026-05-09T17:27:58.681,3.4247,0.0800,49.8318
2026-05-09T17:27:58.695,3.4690,0.0800,49.8049
2026-05-09T17:27:58.709,3.5182,0.0800,49.7754
2026-05-09T17:27:58.723,3.5674,0.0800,49.7467
2026-05-09T17:27:58.737,3.6161,0.0800,49.7198
2026-05-09T17:27:58.751,3.6653,0.0800,49.6929
2026-05-09T17:27:58.765,3.7155,0.0800,49.6662
2026-05-09T17:27:58.778,3.7681,0.0800,49.6392
2026-05-09T17:27:58.792,3.8155,0.0800,49.6162
2026-05-09T17:27:58.806,3.8694,0.0800,49.5903
2026-05-09T17:27:58.820,3.9256,0.0800,49.5641
2026-05-09T17:27:58.834,3.9811,0.0800,49.5394
2026-05-09T17:27:58.849,4.0011,0.0800,49.5307
2026-05-09T17:27:58.862,4.0164,0.0800,49.5240
2026-05-09T17:27:58.876,4.0356,0.0800,49.5159
2026-05-09T17:27:58.891,4.0618,0.0800,49.5049
2026-05-09T17:27:58.904,4.0903,0.0800,49.4925
2026-05-09T17:27:58.918,4.1133,0.0800,49.4820
2026-05-09T17:27:58.933,4.1358,0.0800,49.4705
2026-05-09T17:27:58.946,4.1596,0.0800,49.4586
2026-05-09T17:27:58.959,4.1804,0.0800,49.4475
2026-05-09T17:27:58.974,4.2023,0.0800,49.4345
2026-05-09T17:27:58.988,4.2193,0.0800,49.4243
2026-05-09T17:27:59.001,4.2278,0.0800,49.4189
2026-05-09T17:27:59.016,4.2357,0.0800,49.4140
2026-05-09T17:27:59.029,4.2483,0.0800,49.4060
2026-05-09T17:27:59.042,4.2789,0.0800,49.3863
2026-05-09T17:27:59.057,4.3258,0.0800,49.3568
2026-05-09T17:27:59.070,4.3719,0.0800,49.3283
2026-05-09T17:27:59.085,4.4197,0.0800,49.2995
2026-05-09T17:27:59.098,4.4589,0.0800,49.2766
2026-05-09T17:27:59.112,4.5037,0.0800,49.2517
2026-05-09T17:27:59.126,4.5394,0.0800,49.2323
2026-05-09T17:27:59.140,4.5809,0.0800,49.2104
2026-05-09T17:27:59.155,4.6196,0.0800,49.1916
2026-05-09T17:27:59.168,4.6555,0.0800,49.1743
2026-05-09T17:27:59.182,4.6985,0.0800,49.1545
2026-05-09T17:27:59.196,4.7358,0.0800,49.1388
2026-05-09T17:27:59.210,4.7762,0.0800,49.1219
2026-05-09T17:27:59.224,4.8152,0.0800,49.1064
2026-05-09T17:27:59.237,4.8551,0.0800,49.0915
2026-05-09T17:27:59.252,4.8929,0.0800,49.0786
2026-05-09T17:27:59.266,4.9314,0.0800,49.0657
2026-05-09T17:27:59.279,4.9779,0.0800,49.0510
2026-05-09T17:27:59.293,5.0141,0.0800,49.0409
2026-05-09T17:27:59.307,5.0526,0.0800,49.0302
2026-05-09T17:27:59.321,5.0945,0.0800,49.0193
2026-05-09T17:27:59.335,5.1356,0.0800,49.0101
2026-05-09T17:27:59.349,5.1770,0.0800,49.0009
2026-05-09T17:27:59.363,5.2193,0.0800,48.9923
2026-05-09T17:27:59.376,5.2630,0.0800,48.9843
2026-05-09T17:27:59.391,5.2997,0.0800,48.9789
2026-05-09T17:27:59.405,5.3386,0.0800,48.9731
2026-05-09T17:27:59.419,5.3836,0.0800,48.9674
2026-05-09T17:27:59.433,5.4164,0.0800,48.9645
2026-05-09T17:27:59.447,5.4589,0.0800,48.9606
2026-05-09T17:27:59.461,5.4962,0.0800,48.9579
2026-05-09T17:27:59.475,5.5322,0.0800,48.9565
2026-05-09T17:27:59.489,5.5692,0.0800,48.9551
2026-05-09T17:27:59.502,5.6071,0.0800,48.9544
2026-05-09T17:27:59.517,5.6446,0.0800,48.9551
2026-05-09T17:27:59.530,5.6801,0.0800,48.9558
2026-05-09T17:27:59.544,5.7195,0.0800,48.9572
2026-05-09T17:27:59.558,5.7562,0.0800,48.9593
2026-05-09T17:27:59.572,5.7913,0.0800,48.9626
2026-05-09T17:27:59.586,5.8262,0.0800,48.9659
2026-05-09T17:27:59.600,5.8622,0.0800,48.9699
2026-05-09T17:27:59.614,5.9006,0.0800,48.9756
2026-05-09T17:27:59.628,5.9344,0.0800,48.9807
2026-05-09T17:27:59.641,5.9704,0.0800,48.9868
2026-05-09T17:27:59.656,6.0059,0.0800,48.9942
2026-05-09T17:27:59.670,6.0390,0.0800,49.0012
2026-05-09T17:27:59.684,6.0783,0.0800,49.0102
2026-05-09T17:27:59.698,6.1133,0.0800,49.0191
2026-05-09T17:27:59.711,6.1472,0.0800,49.0291
2026-05-09T17:27:59.726,6.1813,0.0800,49.0391
2026-05-09T17:27:59.739,6.2156,0.0800,49.0499
2026-05-09T17:27:59.754,6.2481,0.0800,49.0616
2026-05-09T17:27:59.768,6.2811,0.0800,49.0735
2026-05-09T17:27:59.782,6.3176,0.0800,49.0873
2026-05-09T17:27:59.796,6.3492,0.0800,49.1008
2026-05-09T17:27:59.810,6.3827,0.0800,49.1151
2026-05-09T17:27:59.824,6.4153,0.0800,49.1297
2026-05-09T17:27:59.837,6.4508,0.0800,49.1464
2026-05-09T17:27:59.852,6.4813,0.0800,49.1624
2026-05-09T17:27:59.866,6.5126,0.0800,49.1786
2026-05-09T17:27:59.879,6.5477,0.0800,49.1976
2026-05-09T17:27:59.893,6.5746,0.0800,49.2139
2026-05-09T17:27:59.907,6.6046,0.0800,49.2316
2026-05-09T17:27:59.921,6.6362,0.0800,49.2511
2026-05-09T17:27:59.935,6.6662,0.0800,49.2713
2026-05-09T17:27:59.949,6.6969,0.0800,49.2920
2026-05-09T17:27:59.963,6.7273,0.0800,49.3132
2026-05-09T17:27:59.976,6.7564,0.0800,49.3344
2026-05-09T17:27:59.991,6.7833,0.0800,49.3557
2026-05-09T17:28:00.005,6.8110,0.0800,49.3775
2026-05-09T17:28:00.018,6.8391,0.0800,49.4005
2026-05-09T17:28:00.033,6.8657,0.0800,49.4241
2026-05-09T17:28:00.046,6.8943,0.0800,49.4493
2026-05-09T17:28:00.060,6.9200,0.0800,49.4729
2026-05-09T17:28:00.073,6.9442,0.0800,49.4969
2026-05-09T17:28:00.088,6.9700,0.0800,49.5223
2026-05-09T17:28:00.101,6.9947,0.0800,49.5476
2026-05-09T17:28:00.116,7.0227,0.0800,49.5785
2026-05-09T17:28:00.130,7.0491,0.0800,49.6078
2026-05-09T17:28:00.144,7.0775,0.0800,49.6404
2026-05-09T17:28:00.157,7.1016,0.0800,49.6691
2026-05-09T17:28:00.171,7.1270,0.0800,49.7016
2026-05-09T17:28:00.186,7.1511,0.0800,49.7326
2026-05-09T17:28:00.199,7.1765,0.0800,49.7662
2026-05-09T17:28:00.213,7.2023,0.0800,49.8031
2026-05-09T17:28:00.227,7.2233,0.0800,49.8333
2026-05-09T17:28:00.241,7.2475,0.0800,49.8691
2026-05-09T17:28:00.255,7.2686,0.0800,49.9031
2026-05-09T17:28:00.269,7.2902,0.0800,49.9377
2026-05-09T17:28:00.282,7.3118,0.0800,49.9738
2026-05-09T17:28:00.296,7.3312,0.0800,50.0088
2026-05-09T17:28:00.310,7.3525,0.0800,50.0475
2026-05-09T17:28:00.324,7.3741,0.0800,50.0883
2026-05-09T17:28:00.338,7.3975,0.0800,50.1347
2026-05-09T17:28:00.352,7.4200,0.0800,50.1828
2026-05-09T17:28:00.366,7.4422,0.0800,50.2306
2026-05-09T17:28:00.380,7.4663,0.0800,50.2843
2026-05-09T17:28:00.393,7.4874,0.0800,50.3346
2026-05-09T17:28:00.407,7.5100,0.0800,50.3889
2026-05-09T17:28:00.421,7.5286,0.0800,50.4355
2026-05-09T17:28:00.435,7.5480,0.0800,50.4871
2026-05-09T17:28:00.449,7.5682,0.0800,50.5416
2026-05-09T17:28:00.463,7.5874,0.0800,50.5954
2026-05-09T17:28:00.477,7.6090,0.0800,50.6582
2026-05-09T17:28:00.491,7.6263,0.0800,50.7124
2026-05-09T17:28:00.504,7.6453,0.0800,50.7718
2026-05-09T17:28:00.518,7.6636,0.0800,50.8322
2026-05-09T17:28:00.532,7.6821,0.0800,50.8957
2026-05-09T17:28:00.546,7.7023,0.0800,50.9664
2026-05-09T17:28:00.560,7.7202,0.0800,51.0289
2026-05-09T17:28:00.573,7.7394,0.0800,51.0962
2026-05-09T17:28:00.588,7.7582,0.0800,51.1622
2026-05-09T17:28:00.601,7.7761,0.0800,51.2248
2026-05-09T17:28:00.616,7.7970,0.0800,51.2980
2026-05-09T17:28:00.630,7.8136,0.0800,51.3571
2026-05-09T17:28:00.642,7.8340,0.0800,51.4280
2026-05-09T17:28:00.657,7.8519,0.0800,51.4892
2026-05-09T17:28:00.671,7.8704,0.0800,51.5505
2026-05-09T17:28:00.685,7.8900,0.0800,51.6151
2026-05-09T17:28:00.698,7.9097,0.0800,51.6783
2026-05-09T17:28:00.712,7.9315,0.0800,51.7457
2026-05-09T17:28:00.727,7.9496,0.0800,51.8010
2026-05-09T17:28:00.740,7.9705,0.0800,51.8633
2026-05-09T17:28:00.755,7.9930,0.0800,51.9274
2026-05-09T17:28:00.768,8.0125,0.0800,51.9823
2026-05-09T17:28:00.782,8.0354,0.0800,52.0453
2026-05-09T17:28:00.796,8.0569,0.0800,52.1013
2026-05-09T17:28:00.810,8.0787,0.0800,52.1580
2026-05-09T17:28:00.824,8.1008,0.0800,52.2136
2026-05-09T17:28:00.837,8.1217,0.0800,52.2646
2026-05-09T17:28:00.851,8.1449,0.0800,52.3181
2026-05-09T17:28:00.865,8.1646,0.0800,52.3629
2026-05-09T17:28:00.878,8.1878,0.0800,52.4140
2026-05-09T17:28:00.894,8.2099,0.0800,52.4595
2026-05-09T17:28:00.907,8.2322,0.0800,52.5050
2026-05-09T17:28:00.921,8.2580,0.0800,52.5557
2026-05-09T17:28:00.935,8.2817,0.0800,52.5996
2026-05-09T17:28:00.950,8.3083,0.0800,52.6483
2026-05-09T17:28:00.963,8.3372,0.0800,52.6993
2026-05-09T17:28:00.977,8.3744,0.0800,52.7629
2026-05-09T17:28:00.991,8.4063,0.0800,52.8150
2026-05-09T17:28:01.005,8.4428,0.0800,52.8754
2026-05-09T17:28:01.018,8.4786,0.0800,52.9346
2026-05-09T17:28:01.033,8.5113,0.0800,52.9882
2026-05-09T17:28:01.046,8.5449,0.0800,53.0442
2026-05-09T17:28:01.060,8.5770,0.0800,53.0989
2026-05-09T17:28:01.073,8.6054,0.0800,53.1491
2026-05-09T17:28:01.088,8.6343,0.0800,53.2006
2026-05-09T17:28:01.101,8.6615,0.0800,53.2504
2026-05-09T17:28:01.116,8.6899,0.0800,53.3047
2026-05-09T17:28:01.130,8.7152,0.0800,53.3539
2026-05-09T17:28:01.143,8.7422,0.0800,53.4078
2026-05-09T17:28:01.157,8.7672,0.0800,53.4594
2026-05-09T17:28:01.171,8.7903,0.0800,53.5101
2026-05-09T17:28:01.185,8.8129,0.0800,53.5601
2026-05-09T17:28:01.199,8.8353,0.0800,53.6113
2026-05-09T17:28:01.213,8.8599,0.0800,53.6711
2026-05-09T17:28:01.227,8.8782,0.0800,53.7163
2026-05-09T17:28:01.240,8.8996,0.0800,53.7712
2026-05-09T17:28:01.255,8.9189,0.0800,53.8240
2026-05-09T17:28:01.268,8.9363,0.0800,53.8723
2026-05-09T17:28:01.282,8.9563,0.0800,53.9298
2026-05-09T17:28:01.296,8.9724,0.0800,53.9803
2026-05-09T17:28:01.310,8.9888,0.0800,54.0321
2026-05-09T17:28:01.324,9.0051,0.0800,54.0860
2026-05-09T17:28:01.337,9.0214,0.0800,54.1425
2026-05-09T17:28:01.351,9.0350,0.0800,54.1945
2026-05-09T17:28:01.366,9.0473,0.0800,54.2424
2026-05-09T17:28:01.379,9.0619,0.0800,54.3019
2026-05-09T17:28:01.393,9.0732,0.0800,54.3537
2026-05-09T17:28:01.407,9.0844,0.0800,54.4057
2026-05-09T17:28:01.421,9.0956,0.0800,54.4613
2026-05-09T17:28:01.435,9.1047,0.0800,54.5126
2026-05-09T17:28:01.449,9.1146,0.0800,54.5697
2026-05-09T17:28:01.462,9.1232,0.0800,54.6242
2026-05-09T17:28:01.476,9.1317,0.0800,54.6822
2026-05-09T17:28:01.490,9.1377,0.0800,54.7321
2026-05-09T17:28:01.504,9.1442,0.0800,54.7872
2026-05-09T17:28:01.518,9.1498,0.0800,54.8408
2026-05-09T17:28:01.532,9.1546,0.0800,54.8986
2026-05-09T17:28:01.546,9.1589,0.0800,54.9544
2026-05-09T17:28:01.560,9.1623,0.0800,55.0069
2026-05-09T17:28:01.573,9.1646,0.0800,55.0615
2026-05-09T17:28:01.588,9.1736,0.0800,55.1132
2026-05-09T17:28:01.601,9.1833,0.0800,55.1688
2026-05-09T17:28:01.615,9.1835,0.0800,55.2256
2026-05-09T17:28:01.629,9.1834,0.0800,55.2744
2026-05-09T17:28:01.643,9.1825,0.0800,55.3324
2026-05-09T17:28:01.657,9.1825,0.0800,55.3900
2026-05-09T17:28:01.671,9.1828,0.0800,55.4487
2026-05-09T17:28:01.684,9.1832,0.0800,55.5113
2026-05-09T17:28:01.698,9.1835,0.0800,55.5724
2026-05-09T17:28:01.712,9.1835,0.0800,55.6320
2026-05-09T17:28:01.727,9.1838,0.0800,55.6907
2026-05-09T17:28:01.739,9.1842,0.0800,55.7547
2026-05-09T17:28:01.754,9.1841,0.0800,55.8161
2026-05-09T17:28:01.768,9.1844,0.0800,55.8729
2026-05-09T17:28:01.781,9.1847,0.0800,55.9394
2026-05-09T17:28:01.795,9.1847,0.0800,55.9952
2026-05-09T17:28:01.809,9.1850,0.0800,56.0553
2026-05-09T17:28:01.823,9.1852,0.0800,56.1144
2026-05-09T17:28:01.837,9.1855,0.0800,56.1777
2026-05-09T17:28:01.851,9.1855,0.0800,56.2363
2026-05-09T17:28:01.865,9.1857,0.0800,56.2975
2026-05-09T17:28:01.878,9.1859,0.0800,56.3618
2026-05-09T17:28:01.893,9.1859,0.0800,56.4260
2026-05-09T17:28:01.906,9.1859,0.0800,56.4905
2026-05-09T17:28:01.920,9.1859,0.0800,56.5597
2026-05-09T17:28:01.934,9.1859,0.0800,56.6247
2026-05-09T17:28:01.948,9.1859,0.0800,56.6940
2026-05-09T17:28:01.961,9.1859,0.0800,56.7585
2026-05-09T17:28:01.976,9.1857,0.0800,56.8264
2026-05-09T17:28:01.989,9.1856,0.0800,56.8830
2026-05-09T17:28:02.003,9.1853,0.0800,56.9500
2026-05-09T17:28:02.017,9.1853,0.0800,57.0053
2026-05-09T17:28:02.031,9.1851,0.0800,57.0646
2026-05-09T17:28:02.045,9.1848,0.0800,57.1229
2026-05-09T17:28:02.059,9.1845,0.0800,57.1768
2026-05-09T17:28:02.072,9.1844,0.0800,57.2333
2026-05-09T17:28:02.086,9.1841,0.0800,57.2873
2026-05-09T17:28:02.100,9.1837,0.0800,57.3404
2026-05-09T17:28:02.114,9.1837,0.0800,57.3976
2026-05-09T17:28:02.128,9.1833,0.0800,57.4479
2026-05-09T17:28:02.142,9.1829,0.0800,57.5036
2026-05-09T17:28:02.157,9.1829,0.0800,57.5599
2026-05-09T17:28:02.170,9.1825,0.0800,57.6166
2026-05-09T17:28:02.184,9.1821,0.0800,57.6700
2026-05-09T17:28:02.198,9.1816,0.0800,57.7238
2026-05-09T17:28:02.212,9.1815,0.0800,57.7822
2026-05-09T17:28:02.226,9.1804,0.0800,57.8344
2026-05-09T17:28:02.239,9.1799,0.0800,57.8882
2026-05-09T17:28:02.254,9.1805,0.0800,57.9439
2026-05-09T17:28:02.268,9.1814,0.0800,57.9945
2026-05-09T17:28:02.281,9.1833,0.0800,58.0550
2026-05-09T17:28:02.296,9.1861,0.0800,58.1058
2026-05-09T17:28:02.309,9.1893,0.0800,58.1607
2026-05-09T17:28:02.324,9.1932,0.0800,58.2143
2026-05-09T17:28:02.337,9.1979,0.0800,58.2704
2026-05-09T17:28:02.352,9.2038,0.0800,58.3255
2026-05-09T17:28:02.365,9.2097,0.0800,58.3783
2026-05-09T17:28:02.379,9.2169,0.0800,58.4367
2026-05-09T17:28:02.393,9.2245,0.0800,58.4883
2026-05-09T17:28:02.407,9.2324,0.0800,58.5411
2026-05-09T17:28:02.421,9.2414,0.0800,58.5959
2026-05-09T17:28:02.435,9.2520,0.0800,58.6532
2026-05-09T17:28:02.449,9.2618,0.0800,58.7045
2026-05-09T17:28:02.463,9.2723,0.0800,58.7556
2026-05-09T17:28:02.477,9.2851,0.0800,58.8121
2026-05-09T17:28:02.490,9.2972,0.0800,58.8645
2026-05-09T17:28:02.504,9.3108,0.0800,58.9194
2026-05-09T17:28:02.518,9.3240,0.0800,58.9702
2026-05-09T17:28:02.533,9.3393,0.0800,59.0242
2026-05-09T17:28:02.545,9.3568,0.0800,59.0845
2026-05-09T17:28:02.559,9.3720,0.0800,59.1343
2026-05-09T17:28:02.573,9.3897,0.0800,59.1887
2026-05-09T17:28:02.588,9.4076,0.0800,59.2431
2026-05-09T17:28:02.601,9.4294,0.0800,59.3070
2026-05-09T17:28:02.616,9.4533,0.0800,59.3738
2026-05-09T17:28:02.630,9.4758,0.0800,59.4359
2026-05-09T17:28:02.643,9.5009,0.0800,59.5054
2026-05-09T17:28:02.657,9.5230,0.0800,59.5670
2026-05-09T17:28:02.671,9.5464,0.0800,59.6315
2026-05-09T17:28:02.686,9.5680,0.0800,59.6924
2026-05-09T17:28:02.699,9.5904,0.0800,59.7567
2026-05-09T17:28:02.713,9.6138,0.0800,59.8267
2026-05-09T17:28:02.727,9.6332,0.0800,59.8856
2026-05-09T17:28:02.741,9.6530,0.0800,59.9470
2026-05-09T17:28:02.755,9.6723,0.0800,60.0096
2026-05-09T17:28:02.769,9.6917,0.0800,60.0734
2026-05-09T17:28:02.783,9.7121,0.0800,60.1419
2026-05-09T17:28:02.797,9.7298,0.0800,60.2043
2026-05-09T17:28:02.811,9.7489,0.0800,60.2720
2026-05-09T17:28:02.825,9.7646,0.0800,60.3295
2026-05-09T17:28:02.838,9.7818,0.0800,60.3945
2026-05-09T17:28:02.852,9.7969,0.0800,60.4547
2026-05-09T17:28:02.866,9.8117,0.0800,60.5142
2026-05-09T17:28:02.880,9.8284,0.0800,60.5841
2026-05-09T17:28:02.894,9.8411,0.0800,60.6413
2026-05-09T17:28:02.908,9.8546,0.0800,60.7023
2026-05-09T17:28:02.922,9.8680,0.0800,60.7655
2026-05-09T17:28:02.935,9.8826,0.0800,60.8372
2026-05-09T17:28:02.949,9.8931,0.0800,60.8940
2026-05-09T17:28:02.964,9.9037,0.0800,60.9512
2026-05-09T17:28:02.977,9.9149,0.0800,61.0147
2026-05-09T17:28:02.991,9.9253,0.0800,61.0793
2026-05-09T17:28:03.005,9.9346,0.0800,61.1387
2026-05-09T17:28:03.018,9.9444,0.0800,61.2046
2026-05-09T17:28:03.033,9.9525,0.0800,61.2658
2026-05-09T17:28:03.047,9.9613,0.0800,61.3333
2026-05-09T17:28:03.060,9.9692,0.0800,61.3981
2026-05-09T17:28:03.074,9.9759,0.0800,61.4605
2026-05-09T17:28:03.088,9.9827,0.0800,61.5245
2026-05-09T17:28:03.102,9.9891,0.0800,61.5896
2026-05-09T17:28:03.117,9.9948,0.0800,61.6545
2026-05-09T17:28:03.130,10.0004,0.0800,61.7220
2026-05-09T17:28:03.144,10.0057,0.0800,61.7910
2026-05-09T17:28:03.158,10.0100,0.0800,61.8536
2026-05-09T17:28:03.172,10.0138,0.0800,61.9203
2026-05-09T17:28:03.186,10.0172,0.0800,61.9814
2026-05-09T17:28:03.200,10.0204,0.0800,62.0480
2026-05-09T17:28:03.212,10.0230,0.0800,62.1209
2026-05-09T17:28:03.228,10.0249,0.0800,62.1798
2026-05-09T17:28:03.240,10.0265,0.0800,62.2430
2026-05-09T17:28:03.255,10.0276,0.0800,62.3134
2026-05-09T17:28:03.269,10.0283,0.0800,62.3745
2026-05-09T17:28:03.282,10.0286,0.0800,62.4477
2026-05-09T17:28:03.297,10.0280,0.0800,62.5084
2026-05-09T17:28:03.311,10.0273,0.0800,62.5711
2026-05-09T17:28:03.325,10.0260,0.0800,62.6408
2026-05-09T17:28:03.338,10.0242,0.0800,62.7074
2026-05-09T17:28:03.352,10.0216,0.0800,62.7725
2026-05-09T17:28:03.367,10.0190,0.0800,62.8347
2026-05-09T17:28:03.379,10.0156,0.0800,62.9034
2026-05-09T17:28:03.394,10.0115,0.0800,62.9693
2026-05-09T17:28:03.407,10.0074,0.0800,63.0313
2026-05-09T17:28:03.422,10.0025,0.0800,63.0992
2026-05-09T17:28:03.435,9.9971,0.0800,63.1621
2026-05-09T17:28:03.450,9.9912,0.0800,63.2291
2026-05-09T17:28:03.463,9.9850,0.0800,63.2942
2026-05-09T17:28:03.477,9.9775,0.0800,63.3665
2026-05-09T17:28:03.491,9.9706,0.0800,63.4253
2026-05-09T17:28:03.505,9.9628,0.0800,63.4903
2026-05-09T17:28:03.519,9.9545,0.0800,63.5560
2026-05-09T17:28:03.533,9.9454,0.0800,63.6219
2026-05-09T17:28:03.547,9.9356,0.0800,63.6916
2026-05-09T17:28:03.560,9.9265,0.0800,63.7527
2026-05-09T17:28:03.573,9.9160,0.0800,63.8178
2026-05-09T17:28:03.589,9.9061,0.0800,63.8781
2026-05-09T17:28:03.602,9.8956,0.0800,63.9401
2026-05-09T17:28:03.616,9.8825,0.0800,64.0125
2026-05-09T17:28:03.630,9.8712,0.0800,64.0730
2026-05-09T17:28:03.644,9.8581,0.0800,64.1411
2026-05-09T17:28:03.658,9.8458,0.0800,64.2027
2026-05-09T17:28:03.671,9.8316,0.0800,64.2697
2026-05-09T17:28:03.686,9.8180,0.0800,64.3327
2026-05-09T17:28:03.699,9.8044,0.0800,64.3937
2026-05-09T17:28:03.713,9.7877,0.0800,64.4646
2026-05-09T17:28:03.727,9.7735,0.0800,64.5240
2026-05-09T17:28:03.740,9.7582,0.0800,64.5859
2026-05-09T17:28:03.755,9.7413,0.0800,64.6513
2026-05-09T17:28:03.769,9.7260,0.0800,64.7099
2026-05-09T17:28:03.782,9.7077,0.0800,64.7779
2026-05-09T17:28:03.796,9.6900,0.0800,64.8406
2026-05-09T17:28:03.810,9.6725,0.0800,64.9021
2026-05-09T17:28:03.824,9.6544,0.0800,64.9640
2026-05-09T17:28:03.837,9.6355,0.0800,65.0269
2026-05-09T17:28:03.852,9.6157,0.0800,65.0899
2026-05-09T17:28:03.866,9.5964,0.0800,65.1509
2026-05-09T17:28:03.879,9.5739,0.0800,65.2203
2026-05-09T17:28:03.894,9.5533,0.0800,65.2812
2026-05-09T17:28:03.907,9.5329,0.0800,65.3410
2026-05-09T17:28:03.921,9.5112,0.0800,65.4033
2026-05-09T17:28:03.935,9.4907,0.0800,65.4596
2026-05-09T17:28:03.949,9.4669,0.0800,65.5249
2026-05-09T17:28:03.963,9.4439,0.0800,65.5864
2026-05-09T17:28:03.977,9.4203,0.0800,65.6475
2026-05-09T17:28:03.991,9.3962,0.0800,65.7092
2026-05-09T17:28:04.005,9.3698,0.0800,65.7752
2026-05-09T17:28:04.018,9.3461,0.0800,65.8332
2026-05-09T17:28:04.033,9.3212,0.0800,65.8924
2026-05-09T17:28:04.047,9.2944,0.0800,65.9554
2026-05-09T17:28:04.060,9.2688,0.0800,66.0142
2026-05-09T17:28:04.074,9.2414,0.0800,66.0757
2026-05-09T17:28:04.089,9.2161,0.0800,66.1318
2026-05-09T17:28:04.102,9.1890,0.0800,66.1909
2026-05-09T17:28:04.116,9.1584,0.0800,66.2556
2026-05-09T17:28:04.130,9.1317,0.0800,66.3118
2026-05-09T17:28:04.144,9.1007,0.0800,66.3756
2026-05-09T17:28:04.157,9.0858,0.0800,66.4346
2026-05-09T17:28:04.171,9.0858,0.0800,66.4933
2026-05-09T17:28:04.185,9.0859,0.0800,66.5456
2026-05-09T17:28:04.199,9.0860,0.0800,66.6019
2026-05-09T17:28:04.213,9.0860,0.0800,66.6616
2026-05-09T17:28:04.227,9.0860,0.0800,66.7138
2026-05-09T17:28:04.240,9.0861,0.0800,66.7702
2026-05-09T17:28:04.255,9.0861,0.0800,66.8242
2026-05-09T17:28:04.269,9.0861,0.0800,66.8796
2026-05-09T17:28:04.282,9.0862,0.0800,66.9365
2026-05-09T17:28:04.297,9.0862,0.0800,66.9912
2026-05-09T17:28:04.311,9.0750,0.0800,67.0477
2026-05-09T17:28:04.325,9.0402,0.0800,67.1033
2026-05-09T17:28:04.338,9.0067,0.0800,67.1601
2026-05-09T17:28:04.352,8.9713,0.0800,67.2138
2026-05-09T17:28:04.366,8.9387,0.0800,67.2626
2026-05-09T17:28:04.380,8.9002,0.0800,67.3195
2026-05-09T17:28:04.394,8.8661,0.0800,67.3680
2026-05-09T17:28:04.407,8.8279,0.0800,67.4220
2026-05-09T17:28:04.422,8.7914,0.0800,67.4727
2026-05-09T17:28:04.436,8.7549,0.0800,67.5217
2026-05-09T17:28:04.450,8.7161,0.0800,67.5735
2026-05-09T17:28:04.464,8.6757,0.0800,67.6262
2026-05-09T17:28:04.477,8.6351,0.0800,67.6783
2026-05-09T17:28:04.491,8.5987,0.0800,67.7234
2026-05-09T17:28:04.505,8.5926,0.0800,67.7745
2026-05-09T17:28:04.519,8.5718,0.0800,67.8274
2026-05-09T17:28:04.533,8.5405,0.0800,67.8775
2026-05-09T17:28:04.546,8.4974,0.0800,67.9274
2026-05-09T17:28:04.560,8.4594,0.0800,67.9703
2026-05-09T17:28:04.574,8.4208,0.0800,68.0124
2026-05-09T17:28:04.588,8.3797,0.0800,68.0569
2026-05-09T17:28:04.602,8.3377,0.0800,68.1014
2026-05-09T17:28:04.617,8.2962,0.0800,68.1438
2026-05-09T17:28:04.630,8.2528,0.0800,68.1879
2026-05-09T17:28:04.644,8.2080,0.0800,68.2323
2026-05-09T17:28:04.658,8.1649,0.0800,68.2740
2026-05-09T17:28:04.672,8.1213,0.0800,68.3149
2026-05-09T17:28:04.686,8.0782,0.0800,68.3549
2026-05-09T17:28:04.700,8.0339,0.0800,68.3952
2026-05-09T17:28:04.714,7.9855,0.0800,68.4377
2026-05-09T17:28:04.727,7.9425,0.0800,68.4750
2026-05-09T17:28:04.741,7.8932,0.0800,68.5169
2026-05-09T17:28:04.755,7.8495,0.0800,68.5526
2026-05-09T17:28:04.770,7.8039,0.0800,68.5897
2026-05-09T17:28:04.783,7.7545,0.0800,68.6289
2026-05-09T17:28:04.797,7.7048,0.0800,68.6674
2026-05-09T17:28:04.811,7.6566,0.0800,68.7035
2026-05-09T17:28:04.825,7.6099,0.0800,68.7380
2026-05-09T17:28:04.838,7.5589,0.0800,68.7749
2026-05-09T17:28:04.853,7.5098,0.0800,68.8092
2026-05-09T17:28:04.866,7.4640,0.0800,68.8408
2026-05-09T17:28:04.880,7.4085,0.0800,68.8783
2026-05-09T17:28:04.894,7.3617,0.0800,68.9086
2026-05-09T17:28:04.907,7.3109,0.0800,68.9413
2026-05-09T17:28:04.922,7.2579,0.0800,68.9745
2026-05-09T17:28:04.936,7.2098,0.0800,69.0036
2026-05-09T17:28:04.949,7.1534,0.0800,69.0374
2026-05-09T17:28:04.963,7.1013,0.0800,69.0678
2026-05-09T17:28:04.976,7.0509,0.0800,69.0965
2026-05-09T17:28:04.991,6.9986,0.0800,69.1251
2026-05-09T17:28:05.005,6.9469,0.0800,69.1531
2026-05-09T17:28:05.019,6.8899,0.0800,69.1831
2026-05-09T17:28:05.033,6.8365,0.0800,69.2100
2026-05-09T17:28:05.047,6.7812,0.0800,69.2375
2026-05-09T17:28:05.060,6.7276,0.0800,69.2634
2026-05-09T17:28:05.075,6.6729,0.0800,69.2888
2026-05-09T17:28:05.089,6.6211,0.0800,69.3124
2026-05-09T17:28:05.102,6.5624,0.0800,69.3385
2026-05-09T17:28:05.116,6.5054,0.0800,69.3627
2026-05-09T17:28:05.131,6.4549,0.0800,69.3837
2026-05-09T17:28:05.144,6.3936,0.0800,69.4086
2026-05-09T17:28:05.158,6.3371,0.0800,69.4307
2026-05-09T17:28:05.172,6.2795,0.0800,69.4522
2026-05-09T17:28:05.186,6.2259,0.0800,69.4718
2026-05-09T17:28:05.199,6.1685,0.0800,69.4921
2026-05-09T17:28:05.213,6.1071,0.0800,69.5128
2026-05-09T17:28:05.227,6.0541,0.0800,69.5302
2026-05-09T17:28:05.241,5.9966,0.0800,69.5485
2026-05-09T17:28:05.255,5.9386,0.0800,69.5658
2026-05-09T17:28:05.269,5.8809,0.0800,69.5827
2026-05-09T17:28:05.282,5.8209,0.0800,69.5995
2026-05-09T17:28:05.297,5.7637,0.0800,69.6145
2026-05-09T17:28:05.310,5.7073,0.0800,69.6289
2026-05-09T17:28:05.325,5.6461,0.0800,69.6439
2026-05-09T17:28:05.338,5.5848,0.0800,69.6580
2026-05-09T17:28:05.352,5.5257,0.0800,69.6707
2026-05-09T17:28:05.366,5.4684,0.0800,69.6825
2026-05-09T17:28:05.379,5.4074,0.0800,69.6945
2026-05-09T17:28:05.393,5.3487,0.0800,69.7049
2026-05-09T17:28:05.407,5.2905,0.0800,69.7149
2026-05-09T17:28:05.420,5.2313,0.0800,69.7244
2026-05-09T17:28:05.435,5.1780,0.0800,69.7321
2026-05-09T17:28:05.449,5.1184,0.0800,69.7404
2026-05-09T17:28:05.463,5.0564,0.0800,69.7483
2026-05-09T17:28:05.476,4.9918,0.0800,69.7558
2026-05-09T17:28:05.490,4.9317,0.0800,69.7617
2026-05-09T17:28:05.504,4.8787,0.0800,69.7666
2026-05-09T17:28:05.518,4.8176,0.0800,69.7717
2026-05-09T17:28:05.532,4.7589,0.0800,69.7756
2026-05-09T17:28:05.546,4.6927,0.0800,69.7796
2026-05-09T17:28:05.560,4.6362,0.0800,69.7824
2026-05-09T17:28:05.573,4.5744,0.0800,69.7845
2026-05-09T17:28:05.588,4.5155,0.0800,69.7861
2026-05-09T17:28:05.601,4.4570,0.0800,69.7870
2026-05-09T17:28:05.616,4.3934,0.0800,69.7872
2026-05-09T17:28:05.630,4.3374,0.0800,69.7869
2026-05-09T17:28:05.643,4.2712,0.0800,69.7858
2026-05-09T17:28:05.657,4.2122,0.0800,69.7842
2026-05-09T17:28:05.671,4.1560,0.0800,69.7817
2026-05-09T17:28:05.685,4.0950,0.0800,69.7787
2026-05-09T17:28:05.698,4.0358,0.0800,69.7751
2026-05-09T17:28:05.712,3.9713,0.0800,69.7702
2026-05-09T17:28:05.727,3.9172,0.0800,69.7657
2026-05-09T17:28:05.739,3.8544,0.0800,69.7598
2026-05-09T17:28:05.755,3.7952,0.0800,69.7532
2026-05-09T17:28:05.768,3.7402,0.0800,69.7468
2026-05-09T17:28:05.782,3.6750,0.0800,69.7386
2026-05-09T17:28:05.796,3.6191,0.0800,69.7306
2026-05-09T17:28:05.809,3.5595,0.0800,69.7217
2026-05-09T17:28:05.824,3.4973,0.0800,69.7117
2026-05-09T17:28:05.837,3.4391,0.0800,69.7017
2026-05-09T17:28:05.852,3.3789,0.0800,69.6904
2026-05-09T17:28:05.865,3.3237,0.0800,69.6797
2026-05-09T17:28:05.878,3.2565,0.0800,69.6659
2026-05-09T17:28:05.893,3.2053,0.0800,69.6545
2026-05-09T17:28:05.906,3.1468,0.0800,69.6411
2026-05-09T17:28:05.920,3.0863,0.0800,69.6267
2026-05-09T17:28:05.934,3.0307,0.0800,69.6124
2026-05-09T17:28:05.948,2.9669,0.0800,69.5956
2026-05-09T17:28:05.962,2.9127,0.0800,69.5806
2026-05-09T17:28:05.976,2.8544,0.0800,69.5637
2026-05-09T17:28:05.990,2.7982,0.0800,69.5468
2026-05-09T17:28:06.003,2.7384,0.0800,69.5282
2026-05-09T17:28:06.018,2.6792,0.0800,69.5090
2026-05-09T17:28:06.031,2.6267,0.0800,69.4911
2026-05-09T17:28:06.045,2.5675,0.0800,69.4704
2026-05-09T17:28:06.059,2.5140,0.0800,69.4511
2026-05-09T17:28:06.073,2.4563,0.0800,69.4293
2026-05-09T17:28:06.087,2.4035,0.0800,69.4089
2026-05-09T17:28:06.100,2.3461,0.0800,69.3861
2026-05-09T17:28:06.114,2.2888,0.0800,69.3622
2026-05-09T17:28:06.128,2.2379,0.0800,69.3406
2026-05-09T17:28:06.142,2.1777,0.0800,69.3142
2026-05-09T17:28:06.156,2.1273,0.0800,69.2912
2026-05-09T17:28:06.169,2.0719,0.0800,69.2655
2026-05-09T17:28:06.183,2.0158,0.0800,69.2387
2026-05-09T17:28:06.197,1.9669,0.0800,69.2144
2026-05-09T17:28:06.211,1.9111,0.0800,69.1862
2026-05-09T17:28:06.225,1.8575,0.0800,69.1584
2026-05-09T17:28:06.238,1.8030,0.0800,69.1293
2026-05-09T17:28:06.252,1.7535,0.0800,69.1019
2026-05-09T17:28:06.266,1.7039,0.0800,69.0741
2026-05-09T17:28:06.280,1.6456,0.0800,69.0404
2026-05-09T17:28:06.294,1.5993,0.0800,69.0127
2026-05-09T17:28:06.308,1.5474,0.0800,68.9812
2026-05-09T17:28:06.321,1.4956,0.0800,68.9490
2026-05-09T17:28:06.335,1.4456,0.0800,68.9168
2026-05-09T17:28:06.349,1.3936,0.0800,68.8828
2026-05-09T17:28:06.363,1.3456,0.0800,68.8506
2026-05-09T17:28:06.377,1.2967,0.0800,68.8167
2026-05-09T17:28:06.391,1.2477,0.0800,68.7822
2026-05-09T17:28:06.404,1.1958,0.0800,68.7448
2026-05-09T17:28:06.418,1.1482,0.0800,68.7097
2026-05-09T17:28:06.432,1.1031,0.0800,68.6753
2026-05-09T17:28:06.446,1.0534,0.0800,68.6369
2026-05-09T17:28:06.459,1.0075,0.0800,68.6005
2026-05-09T17:28:06.473,0.9601,0.0800,68.5619
2026-05-09T17:28:06.487,0.9167,0.0800,68.5259
2026-05-09T17:28:06.501,0.8688,0.0800,68.4854
2026-05-09T17:28:06.515,0.8244,0.0800,68.4466
2026-05-09T17:28:06.528,0.7750,0.0800,68.4028
2026-05-09T17:28:06.542,0.7356,0.0800,68.3670
2026-05-09T17:28:06.556,0.6930,0.0800,68.3273
2026-05-09T17:28:06.569,0.6505,0.0800,68.2870
2026-05-09T17:28:06.583,0.6060,0.0800,68.2439
2026-05-09T17:28:06.597,0.5653,0.0800,68.2034
2026-05-09T17:28:06.611,0.5210,0.0800,68.1585
2026-05-09T17:28:06.625,0.4810,0.0800,68.1171
2026-05-09T17:28:06.638,0.4353,0.0800,68.0843
2026-05-09T17:28:06.652,0.3858,0.0800,68.0630
2026-05-09T17:28:06.667,0.3428,0.0800,68.0267
2026-05-09T17:28:06.680,0.2994,0.0800,67.9777
2026-05-09T17:28:06.694,0.2609,0.0800,67.9327
2026-05-09T17:28:06.708,0.2225,0.0800,67.8872
2026-05-09T17:28:06.722,0.1837,0.0800,67.8402
2026-05-09T17:28:06.736,0.1474,0.0800,67.7949
2026-05-09T17:28:06.750,0.1091,0.0800,67.7463
2026-05-09T17:28:06.764,0.0738,0.0800,67.7004
2026-05-09T17:28:06.777,0.0363,0.0800,67.6507
2026-05-09T17:28:06.792,0.0008,0.0800,67.6142
2026-05-09T17:28:06.805,-0.0341,0.0800,67.6137
2026-05-09T17:28:06.819,-0.0693,0.0800,67.6133
2026-05-09T17:28:06.833,-0.1018,0.0800,67.6133
2026-05-09T17:28:06.847,-0.1377,0.0800,67.6128
2026-05-09T17:28:06.860,-0.1687,0.0800,67.6124
2026-05-09T17:28:06.874,-0.2012,0.0800,67.6123
2026-05-09T17:28:06.888,-0.2313,0.0800,67.6119
2026-05-09T17:28:06.902,-0.2664,0.0800,67.6092
2026-05-09T17:28:06.916,-0.3040,0.0800,67.6024
2026-05-09T17:28:06.930,-0.3464,0.0800,67.5884
2026-05-09T17:28:06.944,-0.3929,0.0800,67.5638
2026-05-09T17:28:06.957,-0.4322,0.0800,67.5288
2026-05-09T17:28:06.971,-0.4703,0.0800,67.4827
2026-05-09T17:28:06.985,-0.4971,0.0800,67.4308
2026-05-09T17:28:06.998,-0.5245,0.0800,67.3765
2026-05-09T17:28:07.012,-0.5527,0.0800,67.3185
2026-05-09T17:28:07.027,-0.5752,0.0800,67.2711
2026-05-09T17:28:07.040,-0.6007,0.0800,67.2160
2026-05-09T17:28:07.054,-0.6258,0.0800,67.1596
2026-05-09T17:28:07.069,-0.6484,0.0800,67.1077
2026-05-09T17:28:07.082,-0.6735,0.0800,67.0484
2026-05-09T17:28:07.096,-0.6970,0.0800,66.9905
2026-05-09T17:28:07.110,-0.7177,0.0800,66.9383
2026-05-09T17:28:07.124,-0.7397,0.0800,66.8811
2026-05-09T17:28:07.136,-0.7611,0.0800,66.8236
2026-05-09T17:28:07.151,-0.7819,0.0800,66.7653
2026-05-09T17:28:07.165,-0.7994,0.0800,66.7149
2026-05-09T17:28:07.178,-0.8200,0.0800,66.6536
2026-05-09T17:28:07.194,-0.8371,0.0800,66.6003
2026-05-09T17:28:07.207,-0.8545,0.0800,66.5443
2026-05-09T17:28:07.220,-0.8740,0.0800,66.4796
2026-05-09T17:28:07.235,-0.8897,0.0800,66.4241
2026-05-09T17:28:07.249,-0.9051,0.0800,66.3680
2026-05-09T17:28:07.263,-0.9208,0.0800,66.3081
2026-05-09T17:28:07.276,-0.9358,0.0800,66.2478
2026-05-09T17:28:07.290,-0.9494,0.0800,66.1910
2026-05-09T17:28:07.304,-0.9620,0.0800,66.1354
2026-05-09T17:28:07.318,-0.9750,0.0800,66.0755
2026-05-09T17:28:07.331,-0.9870,0.0800,66.0159
2026-05-09T17:28:07.345,-1.0000,0.0800,65.9491
2026-05-09T17:28:07.360,-1.0089,0.0800,65.8998
2026-05-09T17:28:07.374,-1.0193,0.0800,65.8380
2026-05-09T17:28:07.388,-1.0290,0.0800,65.7772
2026-05-09T17:28:07.401,-1.0378,0.0800,65.7178
2026-05-09T17:28:07.415,-1.0462,0.0800,65.6553
2026-05-09T17:28:07.429,-1.0530,0.0800,65.6008
2026-05-09T17:28:07.442,-1.0598,0.0800,65.5408
2026-05-09T17:28:07.457,-1.0659,0.0800,65.4796
2026-05-09T17:28:07.471,-1.0713,0.0800,65.4203
2026-05-09T17:28:07.485,-1.0764,0.0800,65.3575
2026-05-09T17:28:07.499,-1.0803,0.0800,65.3004
2026-05-09T17:28:07.513,-1.0840,0.0800,65.2340
2026-05-09T17:28:07.526,-1.0865,0.0800,65.1794
2026-05-09T17:28:07.540,-1.0887,0.0800,65.1171
2026-05-09T17:28:07.555,-1.0898,0.0800,65.0594
2026-05-09T17:28:07.568,-1.0906,0.0800,64.9994
2026-05-09T17:28:07.582,-1.0907,0.0800,64.9348
2026-05-09T17:28:07.596,-1.0899,0.0800,64.8772
2026-05-09T17:28:07.609,-1.0886,0.0800,64.8161
2026-05-09T17:28:07.624,-1.0866,0.0800,64.7525
2026-05-09T17:28:07.637,-1.0842,0.0800,64.6946
2026-05-09T17:28:07.652,-1.0806,0.0800,64.6294
2026-05-09T17:28:07.666,-1.0770,0.0800,64.5706
2026-05-09T17:28:07.679,-1.0717,0.0800,64.4973
2026-05-09T17:28:07.694,-1.0666,0.0800,64.4382
2026-05-09T17:28:07.707,-1.0609,0.0800,64.3760
2026-05-09T17:28:07.721,-1.0541,0.0800,64.3063
2026-05-09T17:28:07.735,-1.0468,0.0800,64.2396
2026-05-09T17:28:07.749,-1.0386,0.0800,64.1627
2026-05-09T17:28:07.763,-1.0322,0.0800,64.1030
2026-05-09T17:28:07.777,-1.0247,0.0800,64.0337
2026-05-09T17:28:07.791,-1.0173,0.0800,63.9656
2026-05-09T17:28:07.804,-1.0097,0.0800,63.8947
2026-05-09T17:28:07.818,-1.0022,0.0800,63.8249
2026-05-09T17:28:07.832,-0.9951,0.0800,63.7590
2026-05-09T17:28:07.847,-0.9874,0.0800,63.6877
2026-05-09T17:28:07.860,-0.9802,0.0800,63.6202
2026-05-09T17:28:07.874,-0.9726,0.0800,63.5486
2026-05-09T17:28:07.888,-0.9658,0.0800,63.4839
2026-05-09T17:28:07.901,-0.9583,0.0800,63.4128
2026-05-09T17:28:07.915,-0.9513,0.0800,63.3463
2026-05-09T17:28:07.929,-0.9448,0.0800,63.2840
2026-05-09T17:28:07.942,-0.9374,0.0800,63.2124
2026-05-09T17:28:07.957,-0.9302,0.0800,63.1438
2026-05-09T17:28:07.970,-0.9234,0.0800,63.0785
2026-05-09T17:28:07.985,-0.9163,0.0800,63.0107
2026-05-09T17:28:07.998,-0.9094,0.0800,62.9427
2026-05-09T17:28:08.012,-0.9022,0.0800,62.8678
2026-05-09T17:28:08.027,-0.8968,0.0800,62.8100
2026-05-09T17:28:08.040,-0.8908,0.0800,62.7417
2026-05-09T17:28:08.054,-0.8848,0.0800,62.6700
2026-05-09T17:28:08.068,-0.8798,0.0800,62.6068
2026-05-09T17:28:08.081,-0.8744,0.0800,62.5359
2026-05-09T17:28:08.096,-0.8698,0.0800,62.4680
2026-05-09T17:28:08.110,-0.8655,0.0800,62.4039
2026-05-09T17:28:08.124,-0.8611,0.0800,62.3313
2026-05-09T17:28:08.137,-0.8573,0.0800,62.2646
2026-05-09T17:28:08.152,-0.8538,0.0800,62.1949
2026-05-09T17:28:08.165,-0.8510,0.0800,62.1355
2026-05-09T17:28:08.178,-0.8478,0.0800,62.0612
2026-05-09T17:28:08.193,-0.8456,0.0800,61.9975
2026-05-09T17:28:08.207,-0.8435,0.0800,61.9320
2026-05-09T17:28:08.221,-0.8416,0.0800,61.8604
2026-05-09T17:28:08.235,-0.8403,0.0800,61.7917
2026-05-09T17:28:08.249,-0.8392,0.0800,61.7251
2026-05-09T17:28:08.263,-0.8386,0.0800,61.6586
2026-05-09T17:28:08.277,-0.8383,0.0800,61.5903
2026-05-09T17:28:08.291,-0.8383,0.0800,61.5253
2026-05-09T17:28:08.304,-0.8386,0.0800,61.4548
2026-05-09T17:28:08.318,-0.8393,0.0800,61.3874
2026-05-09T17:28:08.332,-0.8402,0.0800,61.3262
2026-05-09T17:28:08.346,-0.8416,0.0800,61.2535
2026-05-09T17:28:08.360,-0.8431,0.0800,61.1875
2026-05-09T17:28:08.374,-0.8452,0.0800,61.1192
2026-05-09T17:28:08.388,-0.8473,0.0800,61.0554
2026-05-09T17:28:08.401,-0.8500,0.0800,60.9861
2026-05-09T17:28:08.415,-0.8530,0.0800,60.9181
2026-05-09T17:28:08.430,-0.8562,0.0800,60.8527
2026-05-09T17:28:08.443,-0.8599,0.0800,60.7831
2026-05-09T17:28:08.457,-0.8639,0.0800,60.7154
2026-05-09T17:28:08.470,-0.8681,0.0800,60.6496
2026-05-09T17:28:08.485,-0.8726,0.0800,60.5843
2026-05-09T17:28:08.499,-0.8773,0.0800,60.5206
2026-05-09T17:28:08.513,-0.8830,0.0800,60.4490
2026-05-09T17:28:08.527,-0.8887,0.0800,60.3817
2026-05-09T17:28:08.540,-0.8947,0.0800,60.3137
2026-05-09T17:28:08.555,-0.9013,0.0800,60.2451
2026-05-09T17:28:08.569,-0.9073,0.0800,60.1845
2026-05-09T17:28:08.582,-0.9149,0.0800,60.1114
2026-05-09T17:28:08.597,-0.9223,0.0800,60.0444
2026-05-09T17:28:08.610,-0.9302,0.0800,59.9754
2026-05-09T17:28:08.624,-0.9377,0.0800,59.9116
2026-05-09T17:28:08.637,-0.9457,0.0800,59.8470
2026-05-09T17:28:08.652,-0.9547,0.0800,59.7777
2026-05-09T17:28:08.666,-0.9629,0.0800,59.7158
2026-05-09T17:28:08.680,-0.9731,0.0800,59.6420
2026-05-09T17:28:08.694,-0.9824,0.0800,59.5779
2026-05-09T17:28:08.708,-0.9919,0.0800,59.5134
2026-05-09T17:28:08.722,-1.0020,0.0800,59.4476
2026-05-09T17:28:08.735,-1.0132,0.0800,59.3777
2026-05-09T17:28:08.749,-1.0243,0.0800,59.3100
2026-05-09T17:28:08.764,-1.0348,0.0800,59.2485
2026-05-09T17:28:08.776,-1.0469,0.0800,59.1794
2026-05-09T17:28:08.791,-1.0596,0.0800,59.1111
2026-05-09T17:28:08.805,-1.0709,0.0800,59.0493
2026-05-09T17:28:08.819,-1.0848,0.0800,58.9744
2026-05-09T17:28:08.833,-1.0970,0.0800,58.9083
2026-05-09T17:28:08.847,-1.1099,0.0800,58.8385
2026-05-09T17:28:08.861,-1.1220,0.0800,58.7738
2026-05-09T17:28:08.874,-1.1350,0.0800,58.7039
2026-05-09T17:28:08.889,-1.1474,0.0800,58.6388
2026-05-09T17:28:08.902,-1.1585,0.0800,58.5778
2026-05-09T17:28:08.916,-1.1700,0.0800,58.5108
2026-05-09T17:28:08.930,-1.1799,0.0800,58.4514
2026-05-09T17:28:08.943,-1.1900,0.0800,58.3871
2026-05-09T17:28:08.958,-1.1994,0.0800,58.3228
2026-05-09T17:28:08.971,-1.2072,0.0800,58.2648
2026-05-09T17:28:08.986,-1.2157,0.0800,58.1985
2026-05-09T17:28:08.999,-1.2227,0.0800,58.1393
2026-05-09T17:28:09.014,-1.2300,0.0800,58.0710
2026-05-09T17:28:09.027,-1.2360,0.0800,58.0120
2026-05-09T17:28:09.041,-1.2420,0.0800,57.9461
2026-05-09T17:28:09.055,-1.2469,0.0800,57.8848
2026-05-09T17:28:09.069,-1.2515,0.0800,57.8230
2026-05-09T17:28:09.082,-1.2561,0.0800,57.7548
2026-05-09T17:28:09.097,-1.2593,0.0800,57.6944
2026-05-09T17:28:09.110,-1.2625,0.0800,57.6298
2026-05-09T17:28:09.125,-1.2655,0.0800,57.5586
2026-05-09T17:28:09.138,-1.2677,0.0800,57.4955
2026-05-09T17:28:09.153,-1.2695,0.0800,57.4268
2026-05-09T17:28:09.166,-1.2710,0.0800,57.3649
2026-05-09T17:28:09.180,-1.2725,0.0800,57.2895
2026-05-09T17:28:09.194,-1.2741,0.0800,57.2228
2026-05-09T17:28:09.208,-1.2761,0.0800,57.1522
2026-05-09T17:28:09.222,-1.2783,0.0800,57.0833
2026-05-09T17:28:09.235,-1.2807,0.0800,57.0127
2026-05-09T17:28:09.249,-1.2831,0.0800,56.9457
2026-05-09T17:28:09.264,-1.2855,0.0800,56.8761
2026-05-09T17:28:09.276,-1.2876,0.0800,56.8079
2026-05-09T17:28:09.291,-1.2896,0.0800,56.7349
2026-05-09T17:28:09.305,-1.2911,0.0800,56.6720
2026-05-09T17:28:09.319,-1.2926,0.0800,56.5974
2026-05-09T17:28:09.333,-1.2937,0.0800,56.5312
2026-05-09T17:28:09.347,-1.2947,0.0800,56.4560
2026-05-09T17:28:09.361,-1.2956,0.0800,56.3902
2026-05-09T17:28:09.374,-1.2964,0.0800,56.3179
2026-05-09T17:28:09.388,-1.2972,0.0800,56.2533
2026-05-09T17:28:09.402,-1.2980,0.0800,56.1849
2026-05-09T17:28:09.416,-1.2989,0.0800,56.1131
2026-05-09T17:28:09.430,-1.2997,0.0800,56.0487
2026-05-09T17:28:09.444,-1.3007,0.0800,55.9758
2026-05-09T17:28:09.458,-1.3016,0.0800,55.9091
2026-05-09T17:28:09.472,-1.3027,0.0800,55.8373
2026-05-09T17:28:09.486,-1.3036,0.0800,55.7707
2026-05-09T17:28:09.500,-1.3046,0.0800,55.7018
2026-05-09T17:28:09.514,-1.3056,0.0800,55.6272
2026-05-09T17:28:09.528,-1.3065,0.0800,55.5610
2026-05-09T17:28:09.541,-1.3075,0.0800,55.4882
2026-05-09T17:28:09.555,-1.3084,0.0800,55.4202
2026-05-09T17:28:09.570,-1.3092,0.0800,55.3565
2026-05-09T17:28:09.583,-1.3101,0.0800,55.2844
2026-05-09T17:28:09.597,-1.3110,0.0800,55.2142
2026-05-09T17:28:09.611,-1.3119,0.0800,55.1467
2026-05-09T17:28:09.625,-1.3127,0.0800,55.0800
2026-05-09T17:28:09.638,-1.3138,0.0800,55.0150
2026-05-09T17:28:09.653,-1.3155,0.0800,54.9479
2026-05-09T17:28:09.666,-1.3172,0.0800,54.8928
2026-05-09T17:28:09.680,-1.3199,0.0800,54.8258
2026-05-09T17:28:09.694,-1.3229,0.0800,54.7739
2026-05-09T17:28:09.708,-1.3264,0.0800,54.7189
2026-05-09T17:28:09.722,-1.3306,0.0800,54.6645
2026-05-09T17:28:09.736,-1.3358,0.0800,54.6116
2026-05-09T17:28:09.750,-1.3413,0.0800,54.5601
2026-05-09T17:28:09.764,-1.3475,0.0800,54.5092
2026-05-09T17:28:09.777,-1.3550,0.0800,54.4546
2026-05-09T17:28:09.792,-1.3626,0.0800,54.4075
2026-05-09T17:28:09.805,-1.3701,0.0800,54.3628
2026-05-09T17:28:09.819,-1.3779,0.0800,54.3199
2026-05-09T17:28:09.833,-1.3856,0.0800,54.2836
2026-05-09T17:28:09.847,-1.3932,0.0800,54.2486
2026-05-09T17:28:09.861,-1.4001,0.0800,54.2195
2026-05-09T17:28:09.874,-1.4075,0.0800,54.1920
2026-05-09T17:28:09.888,-1.4136,0.0800,54.1700
2026-05-09T17:28:09.902,-1.4193,0.0800,54.1503
2026-05-09T17:28:09.917,-1.4253,0.0800,54.1326
2026-05-09T17:28:09.930,-1.4303,0.0800,54.1176
2026-05-09T17:28:09.944,-1.4364,0.0800,54.1003
2026-05-09T17:28:09.958,-1.4420,0.0800,54.0856
2026-05-09T17:28:09.972,-1.4488,0.0800,54.0701
2026-05-09T17:28:09.986,-1.4548,0.0800,54.0562
2026-05-09T17:28:10.000,-1.4611,0.0800,54.0423
2026-05-09T17:28:10.014,-1.4690,0.0800,54.0270
2026-05-09T17:28:10.028,-1.4755,0.0800,54.0142
2026-05-09T17:28:10.041,-1.4826,0.0800,54.0011
2026-05-09T17:28:10.056,-1.4913,0.0800,53.9867
2026-05-09T17:28:10.069,-1.4986,0.0800,53.9744
2026-05-09T17:28:10.083,-1.5068,0.0800,53.9613
2026-05-09T17:28:10.100,-1.5153,0.0800,53.9491
2026-05-09T17:28:10.111,-1.5234,0.0800,53.9373
2026-05-09T17:28:10.125,-1.5342,0.0800,53.9222
2026-05-09T17:28:10.138,-1.5434,0.0800,53.9101
2026-05-09T17:28:10.153,-1.5514,0.0800,53.9009
2026-05-09T17:28:10.168,-1.5600,0.0800,53.8903
2026-05-09T17:28:10.181,-1.5701,0.0800,53.8785
2026-05-09T17:28:10.195,-1.5812,0.0800,53.8669
2026-05-09T17:28:10.209,-1.5908,0.0800,53.8565
2026-05-09T17:28:10.224,-1.6012,0.0800,53.8459
2026-05-09T17:28:10.237,-1.6120,0.0800,53.8353
2026-05-09T17:28:10.252,-1.6236,0.0800,53.8251
2026-05-09T17:28:10.266,-1.6342,0.0800,53.8155
2026-05-09T17:28:10.280,-1.6469,0.0800,53.8046
2026-05-09T17:28:10.295,-1.6583,0.0800,53.7959
2026-05-09T17:28:10.308,-1.6698,0.0800,53.7869
2026-05-09T17:28:10.322,-1.6818,0.0800,53.7778
2026-05-09T17:28:10.336,-1.6946,0.0800,53.7692
2026-05-09T17:28:10.351,-1.7071,0.0800,53.7606
2026-05-09T17:28:10.364,-1.7181,0.0800,53.7533
2026-05-09T17:28:10.378,-1.7319,0.0800,53.7446
2026-05-09T17:28:10.392,-1.7438,0.0800,53.7382
2026-05-09T17:28:10.407,-1.7561,0.0800,53.7312
2026-05-09T17:28:10.419,-1.7689,0.0800,53.7242
2026-05-09T17:28:10.434,-1.7836,0.0800,53.7173
2026-05-09T17:28:10.449,-1.7953,0.0800,53.7116
2026-05-09T17:28:10.462,-1.8081,0.0800,53.7057
2026-05-09T17:28:10.476,-1.8233,0.0800,53.6996
2026-05-09T17:28:10.489,-1.8352,0.0800,53.6947
2026-05-09T17:28:10.504,-1.8488,0.0800,53.6895
2026-05-09T17:28:10.518,-1.8625,0.0800,53.6851
2026-05-09T17:28:10.532,-1.8760,0.0800,53.6806
2026-05-09T17:28:10.545,-1.8898,0.0800,53.6763
2026-05-09T17:28:10.559,-1.9029,0.0800,53.6725
2026-05-09T17:28:10.573,-1.9173,0.0800,53.6692
2026-05-09T17:28:10.588,-1.9298,0.0800,53.6662
2026-05-09T17:28:10.601,-1.9431,0.0800,53.6632
2026-05-09T17:28:10.616,-1.9580,0.0800,53.6609
2026-05-09T17:28:10.630,-1.9704,0.0800,53.6587
2026-05-09T17:28:10.643,-1.9835,0.0800,53.6566
2026-05-09T17:28:10.657,-1.9960,0.0800,53.6549
2026-05-09T17:28:10.671,-2.0097,0.0800,53.6540
2026-05-09T17:28:10.685,-2.0217,0.0800,53.6529
2026-05-09T17:28:10.699,-2.0344,0.0800,53.6520
2026-05-09T17:28:10.713,-2.0488,0.0800,53.6518
2026-05-09T17:28:10.727,-2.0605,0.0800,53.6515
2026-05-09T17:28:10.741,-2.0727,0.0800,53.6514
2026-05-09T17:28:10.755,-2.0857,0.0800,53.6522
2026-05-09T17:28:10.769,-2.0973,0.0800,53.6526
2026-05-09T17:28:10.782,-2.1096,0.0800,53.6532
2026-05-09T17:28:10.797,-2.1220,0.0800,53.6548
2026-05-09T17:28:10.810,-2.1340,0.0800,53.6559
2026-05-09T17:28:10.824,-2.1450,0.0800,53.6572
2026-05-09T17:28:10.838,-2.1556,0.0800,53.6587
2026-05-09T17:28:10.852,-2.1682,0.0800,53.6613
2026-05-09T17:28:10.866,-2.1790,0.0800,53.6632
2026-05-09T17:28:10.879,-2.1913,0.0800,53.6658
2026-05-09T17:28:10.894,-2.2027,0.0800,53.6690
2026-05-09T17:28:10.907,-2.2131,0.0800,53.6716
2026-05-09T17:28:10.922,-2.2245,0.0800,53.6747
2026-05-09T17:28:10.935,-2.2361,0.0800,53.6788
2026-05-09T17:28:10.949,-2.2473,0.0800,53.6824
2026-05-09T17:28:10.962,-2.2576,0.0800,53.6859
2026-05-09T17:28:10.977,-2.2683,0.0800,53.6905
2026-05-09T17:28:10.991,-2.2786,0.0800,53.6945
2026-05-09T17:28:11.004,-2.2893,0.0800,53.6989
2026-05-09T17:28:11.018,-2.2992,0.0800,53.7033
2026-05-09T17:28:11.033,-2.3095,0.0800,53.7087
2026-05-09T17:28:11.047,-2.3194,0.0800,53.7135
2026-05-09T17:28:11.060,-2.3297,0.0800,53.7189
2026-05-09T17:28:11.074,-2.3402,0.0800,53.7253
2026-05-09T17:28:11.088,-2.3488,0.0800,53.7302
2026-05-09T17:28:11.102,-2.3575,0.0800,53.7354
2026-05-09T17:28:11.116,-2.3672,0.0800,53.7421
2026-05-09T17:28:11.129,-2.3748,0.0800,53.7471
2026-05-09T17:28:11.143,-2.3831,0.0800,53.7526
2026-05-09T17:28:11.157,-2.3911,0.0800,53.7592
2026-05-09T17:28:11.171,-2.3984,0.0800,53.7646
2026-05-09T17:28:11.185,-2.4056,0.0800,53.7700
2026-05-09T17:28:11.199,-2.4115,0.0800,53.7746
2026-05-09T17:28:11.213,-2.4180,0.0800,53.7806
2026-05-09T17:28:11.227,-2.4222,0.0800,53.7841
2026-05-09T17:28:11.240,-2.4272,0.0800,53.7884
2026-05-09T17:28:11.254,-2.4324,0.0800,53.7941
2026-05-09T17:28:11.268,-2.4367,0.0800,53.7980
2026-05-09T17:28:11.281,-2.4416,0.0800,53.8028
2026-05-09T17:28:11.296,-2.4461,0.0800,53.8085
2026-05-09T17:28:11.309,-2.4503,0.0800,53.8130
2026-05-09T17:28:11.324,-2.4548,0.0800,53.8178
2026-05-09T17:28:11.337,-2.4589,0.0800,53.8238
2026-05-09T17:28:11.352,-2.4632,0.0800,53.8289
2026-05-09T17:28:11.365,-2.4669,0.0800,53.8336
2026-05-09T17:28:11.379,-2.4714,0.0800,53.8393
2026-05-09T17:28:11.393,-2.4746,0.0800,53.8452
2026-05-09T17:28:11.407,-2.4783,0.0800,53.8505
2026-05-09T17:28:11.420,-2.4820,0.0800,53.8560
2026-05-09T17:28:11.435,-2.4851,0.0800,53.8624
2026-05-09T17:28:11.449,-2.4885,0.0800,53.8679
2026-05-09T17:28:11.462,-2.4918,0.0800,53.8737
2026-05-09T17:28:11.476,-2.4949,0.0800,53.8810
2026-05-09T17:28:11.490,-2.4979,0.0800,53.8867
2026-05-09T17:28:11.504,-2.5008,0.0800,53.8926
2026-05-09T17:28:11.518,-2.5037,0.0800,53.8988
2026-05-09T17:28:11.532,-2.5060,0.0800,53.9059
2026-05-09T17:28:11.546,-2.5088,0.0800,53.9125
2026-05-09T17:28:11.560,-2.5111,0.0800,53.9185
2026-05-09T17:28:11.573,-2.5131,0.0800,53.9261
2026-05-09T17:28:11.588,-2.5151,0.0800,53.9321
2026-05-09T17:28:11.601,-2.5172,0.0800,53.9383
2026-05-09T17:28:11.615,-2.5189,0.0800,53.9469
2026-05-09T17:28:11.629,-2.5205,0.0800,53.9534
2026-05-09T17:28:11.642,-2.5226,0.0800,53.9624
2026-05-09T17:28:11.657,-2.5236,0.0800,53.9717
2026-05-09T17:28:11.670,-2.5251,0.0800,53.9805
2026-05-09T17:28:11.684,-2.5266,0.0800,53.9904
2026-05-09T17:28:11.698,-2.5278,0.0800,54.0001
2026-05-09T17:28:11.712,-2.5282,0.0800,54.0122
2026-05-09T17:28:11.726,-2.5289,0.0800,54.0223
2026-05-09T17:28:11.739,-2.5295,0.0800,54.0357
2026-05-09T17:28:11.754,-2.5287,0.0800,54.0521
2026-05-09T17:28:11.767,-2.5283,0.0800,54.0697
2026-05-09T17:28:11.781,-2.5266,0.0800,54.0993
2026-05-09T17:28:11.795,-2.5233,0.0800,54.1299
2026-05-09T17:28:11.809,-2.5198,0.0800,54.1629
2026-05-09T17:28:11.823,-2.5141,0.0800,54.2068
2026-05-09T17:28:11.837,-2.5064,0.0800,54.2538
2026-05-09T17:28:11.851,-2.4976,0.0800,54.3050
2026-05-09T17:28:11.865,-2.4871,0.0800,54.3613
2026-05-09T17:28:11.878,-2.4744,0.0800,54.4245
2026-05-09T17:28:11.893,-2.4618,0.0800,54.4807
2026-05-09T17:28:11.906,-2.4483,0.0800,54.5405
2026-05-09T17:28:11.920,-2.4339,0.0800,54.6015
2026-05-09T17:28:11.934,-2.4186,0.0800,54.6622
2026-05-09T17:28:11.948,-2.4026,0.0800,54.7244
2026-05-09T17:28:11.961,-2.3863,0.0800,54.7856
2026-05-09T17:28:11.976,-2.3687,0.0800,54.8485
2026-05-09T17:28:11.990,-2.3512,0.0800,54.9099
2026-05-09T17:28:12.003,-2.3320,0.0800,54.9758
2026-05-09T17:28:12.017,-2.3125,0.0800,55.0416
2026-05-09T17:28:12.031,-2.2928,0.0800,55.1056
2026-05-09T17:28:12.045,-2.2726,0.0800,55.1703
2026-05-09T17:28:12.059,-2.2525,0.0800,55.2348
2026-05-09T17:28:12.073,-2.2307,0.0800,55.3048
2026-05-09T17:28:12.087,-2.2119,0.0800,55.3649
2026-05-09T17:28:12.100,-2.1915,0.0800,55.4302
2026-05-09T17:28:12.115,-2.1699,0.0800,55.4996
2026-05-09T17:28:12.128,-2.1506,0.0800,55.5613
2026-05-09T17:28:12.142,-2.1287,0.0800,55.6308
2026-05-09T17:28:12.156,-2.1103,0.0800,55.6910
2026-05-09T17:28:12.170,-2.0909,0.0800,55.7549
2026-05-09T17:28:12.184,-2.0736,0.0800,55.8139
2026-05-09T17:28:12.198,-2.0567,0.0800,55.8733
2026-05-09T17:28:12.211,-2.0411,0.0800,55.9319
2026-05-09T17:28:12.226,-2.0276,0.0800,55.9838
2026-05-09T17:28:12.239,-2.0138,0.0800,56.0393
2026-05-09T17:28:12.254,-2.0019,0.0800,56.0918
2026-05-09T17:28:12.267,-1.9913,0.0800,56.1401
2026-05-09T17:28:12.281,-1.9789,0.0800,56.2004
2026-05-09T17:28:12.295,-1.9699,0.0800,56.2505
2026-05-09T17:28:12.309,-1.9609,0.0800,56.3018
2026-05-09T17:28:12.323,-1.9523,0.0800,56.3558
2026-05-09T17:28:12.336,-1.9452,0.0800,56.4072
2026-05-09T17:28:12.351,-1.9379,0.0800,56.4625
2026-05-09T17:28:12.364,-1.9321,0.0800,56.5124
2026-05-09T17:28:12.378,-1.9261,0.0800,56.5701
2026-05-09T17:28:12.392,-1.9223,0.0800,56.6177
2026-05-09T17:28:12.406,-1.9184,0.0800,56.6699
2026-05-09T17:28:12.419,-1.9149,0.0800,56.7259
2026-05-09T17:28:12.433,-1.9128,0.0800,56.7812
2026-05-09T17:28:12.448,-1.9110,0.0800,56.8350
2026-05-09T17:28:12.461,-1.9098,0.0800,56.8944
2026-05-09T17:28:12.475,-1.9099,0.0800,56.9574
2026-05-09T17:28:12.490,-1.9102,0.0800,57.0137
2026-05-09T17:28:12.503,-1.9113,0.0800,57.0804
2026-05-09T17:28:12.517,-1.9132,0.0800,57.1431
2026-05-09T17:28:12.531,-1.9160,0.0800,57.2083
2026-05-09T17:28:12.545,-1.9194,0.0800,57.2812
2026-05-09T17:28:12.558,-1.9229,0.0800,57.3459
2026-05-09T17:28:12.572,-1.9269,0.0800,57.4121
2026-05-09T17:28:12.587,-1.9308,0.0800,57.4767
2026-05-09T17:28:12.600,-1.9349,0.0800,57.5462
2026-05-09T17:28:12.615,-1.9393,0.0800,57.6220
2026-05-09T17:28:12.629,-1.9429,0.0800,57.6852
2026-05-09T17:28:12.642,-1.9470,0.0800,57.7584
2026-05-09T17:28:12.656,-1.9507,0.0800,57.8260
2026-05-09T17:28:12.670,-1.9544,0.0800,57.8961
2026-05-09T17:28:12.684,-1.9581,0.0800,57.9659
2026-05-09T17:28:12.698,-1.9616,0.0800,58.0346
2026-05-09T17:28:12.712,-1.9652,0.0800,58.1060
2026-05-09T17:28:12.726,-1.9684,0.0800,58.1703
2026-05-09T17:28:12.740,-1.9720,0.0800,58.2437
2026-05-09T17:28:12.754,-1.9755,0.0800,58.3124
2026-05-09T17:28:12.768,-1.9790,0.0800,58.3825
2026-05-09T17:28:12.782,-1.9827,0.0800,58.4542
2026-05-09T17:28:12.796,-1.9863,0.0800,58.5229
2026-05-09T17:28:12.809,-1.9899,0.0800,58.5906
2026-05-09T17:28:12.823,-1.9937,0.0800,58.6616
2026-05-09T17:28:12.837,-1.9975,0.0800,58.7301
2026-05-09T17:28:12.851,-2.0013,0.0800,58.7972
2026-05-09T17:28:12.865,-2.0051,0.0800,58.8647
2026-05-09T17:28:12.879,-2.0095,0.0800,58.9405
2026-05-09T17:28:12.893,-2.0133,0.0800,59.0052
2026-05-09T17:28:12.907,-2.0174,0.0800,59.0739
2026-05-09T17:28:12.921,-2.0214,0.0800,59.1424
2026-05-09T17:28:12.935,-2.0254,0.0800,59.2089
2026-05-09T17:28:12.948,-2.0299,0.0800,59.2842
2026-05-09T17:28:12.962,-2.0338,0.0800,59.3492
2026-05-09T17:28:12.976,-2.0378,0.0800,59.4157
2026-05-09T17:28:12.990,-2.0419,0.0800,59.4837
2026-05-09T17:28:13.004,-2.0460,0.0800,59.5523
2026-05-09T17:28:13.018,-2.0504,0.0800,59.6254
2026-05-09T17:28:13.032,-2.0544,0.0800,59.6913
2026-05-09T17:28:13.046,-2.0587,0.0800,59.7605
2026-05-09T17:28:13.059,-2.0627,0.0800,59.8290
2026-05-09T17:28:13.074,-2.0662,0.0800,59.8976
2026-05-09T17:28:13.088,-2.0693,0.0800,59.9607
2026-05-09T17:28:13.101,-2.0725,0.0800,60.0296
2026-05-09T17:28:13.116,-2.0751,0.0800,60.0988
2026-05-09T17:28:13.130,-2.0774,0.0800,60.1642
2026-05-09T17:28:13.144,-2.0797,0.0800,60.2382
2026-05-09T17:28:13.157,-2.0813,0.0800,60.3024
2026-05-09T17:28:13.171,-2.0826,0.0800,60.3718
2026-05-09T17:28:13.185,-2.0836,0.0800,60.4433
2026-05-09T17:28:13.198,-2.0841,0.0800,60.5022
2026-05-09T17:28:13.212,-2.0843,0.0800,60.5735
2026-05-09T17:28:13.227,-2.0842,0.0800,60.6335
2026-05-09T17:28:13.240,-2.0837,0.0800,60.7002
2026-05-09T17:28:13.254,-2.0825,0.0800,60.7624
2026-05-09T17:28:13.268,-2.0811,0.0800,60.8186
2026-05-09T17:28:13.281,-2.0790,0.0800,60.8812
2026-05-09T17:28:13.296,-2.0760,0.0800,60.9390
2026-05-09T17:28:13.309,-2.0728,0.0800,60.9953
2026-05-09T17:28:13.324,-2.0685,0.0800,61.0566
2026-05-09T17:28:13.337,-2.0635,0.0800,61.1133
2026-05-09T17:28:13.352,-2.0578,0.0800,61.1730
2026-05-09T17:28:13.366,-2.0518,0.0800,61.2293
2026-05-09T17:28:13.379,-2.0440,0.0800,61.2946
2026-05-09T17:28:13.394,-2.0366,0.0800,61.3470
2026-05-09T17:28:13.407,-2.0287,0.0800,61.4018
2026-05-09T17:28:13.421,-2.0193,0.0800,61.4616
2026-05-09T17:28:13.435,-2.0090,0.0800,61.5199
2026-05-09T17:28:13.449,-1.9989,0.0800,61.5750
2026-05-09T17:28:13.463,-1.9877,0.0800,61.6319
2026-05-09T17:28:13.476,-1.9753,0.0800,61.6899
2026-05-09T17:28:13.490,-1.9629,0.0800,61.7449
2026-05-09T17:28:13.504,-1.9492,0.0800,61.8029
2026-05-09T17:28:13.518,-1.9351,0.0800,61.8590
2026-05-09T17:28:13.533,-1.9183,0.0800,61.9217
2026-05-09T17:28:13.546,-1.8988,0.0800,61.9928
2026-05-09T17:28:13.560,-1.8815,0.0800,62.0538
2026-05-09T17:28:13.573,-1.8634,0.0800,62.1159
2026-05-09T17:28:13.587,-1.8480,0.0800,62.1692
2026-05-09T17:28:13.601,-1.8338,0.0800,62.2181
2026-05-09T17:28:13.616,-1.8188,0.0800,62.2698
2026-05-09T17:28:13.630,-1.8049,0.0800,62.3174
2026-05-09T17:28:13.643,-1.7902,0.0800,62.3682
2026-05-09T17:28:13.657,-1.7771,0.0800,62.4133
2026-05-09T17:28:13.671,-1.7634,0.0800,62.4607
2026-05-09T17:28:13.686,-1.7497,0.0800,62.5080
2026-05-09T17:28:13.699,-1.7360,0.0800,62.5558
2026-05-09T17:28:13.713,-1.7213,0.0800,62.6068
2026-05-09T17:28:13.727,-1.7078,0.0800,62.6537
2026-05-09T17:28:13.740,-1.6922,0.0800,62.7087
2026-05-09T17:28:13.754,-1.6766,0.0800,62.7660
2026-05-09T17:28:13.769,-1.6620,0.0800,62.8213
2026-05-09T17:28:13.783,-1.6474,0.0800,62.8795
2026-05-09T17:28:13.796,-1.6313,0.0800,62.9473
2026-05-09T17:28:13.810,-1.6219,0.0800,62.9914
2026-05-09T17:28:13.825,-1.6121,0.0800,63.0390
2026-05-09T17:28:13.838,-1.6022,0.0800,63.0909
2026-05-09T17:28:13.852,-1.5935,0.0800,63.1418
2026-05-09T17:28:13.866,-1.5858,0.0800,63.1904
2026-05-09T17:28:13.879,-1.5779,0.0800,63.2457
2026-05-09T17:28:13.894,-1.5719,0.0800,63.2950
2026-05-09T17:28:13.907,-1.5665,0.0800,63.3439
2026-05-09T17:28:13.921,-1.5609,0.0800,63.4026
2026-05-09T17:28:13.935,-1.5562,0.0800,63.4634
2026-05-09T17:28:13.949,-1.5522,0.0800,63.5219
2026-05-09T17:28:13.963,-1.5488,0.0800,63.5798
2026-05-09T17:28:13.976,-1.5459,0.0800,63.6370
2026-05-09T17:28:13.991,-1.5429,0.0800,63.6969
2026-05-09T17:28:14.004,-1.5394,0.0800,63.7652
2026-05-09T17:28:14.018,-1.5358,0.0800,63.8377
2026-05-09T17:28:14.032,-1.5325,0.0800,63.9036
2026-05-09T17:28:14.046,-1.5290,0.0800,63.9754
2026-05-09T17:28:14.060,-1.5259,0.0800,64.0404
2026-05-09T17:28:14.074,-1.5225,0.0800,64.1067
2026-05-09T17:28:14.088,-1.5200,0.0800,64.1543
2026-05-09T17:28:14.102,-1.5173,0.0800,64.1947
2026-05-09T17:28:14.116,-1.5143,0.0800,64.2301
2026-05-09T17:28:14.130,-1.5114,0.0800,64.2600
2026-05-09T17:28:14.143,-1.5085,0.0800,64.2860
2026-05-09T17:28:14.158,-1.5060,0.0800,64.3052
2026-05-09T17:28:14.171,-1.5028,0.0800,64.3245
2026-05-09T17:28:14.186,-1.4995,0.0800,64.3436
2026-05-09T17:28:14.199,-1.4961,0.0800,64.3615
2026-05-09T17:28:14.213,-1.4913,0.0800,64.3819
2026-05-09T17:28:14.227,-1.4872,0.0800,64.3989
2026-05-09T17:28:14.240,-1.4821,0.0800,64.4185
2026-05-09T17:28:14.255,-1.4734,0.0800,64.4466
2026-05-09T17:28:14.269,-1.4639,0.0800,64.4765
2026-05-09T17:28:14.282,-1.4516,0.0800,64.5125
2026-05-09T17:28:14.297,-1.4404,0.0800,64.5422
2026-05-09T17:28:14.311,-1.4306,0.0800,64.5678
2026-05-09T17:28:14.325,-1.4215,0.0800,64.5907
2026-05-09T17:28:14.338,-1.4124,0.0800,64.6134
2026-05-09T17:28:14.352,-1.4015,0.0800,64.6396
2026-05-09T17:28:14.366,-1.3901,0.0800,64.6673
2026-05-09T17:28:14.379,-1.3742,0.0800,64.7061
2026-05-09T17:28:14.394,-1.3592,0.0800,64.7428
2026-05-09T17:28:14.407,-1.3394,0.0800,64.7910
2026-05-09T17:28:14.422,-1.3177,0.0800,64.8444
2026-05-09T17:28:14.436,-1.2914,0.0800,64.9089
2026-05-09T17:28:14.450,-1.2641,0.0800,64.9759
2026-05-09T17:28:14.464,-1.2382,0.0800,65.0396
2026-05-09T17:28:14.477,-1.2101,0.0800,65.1086
2026-05-09T17:28:14.491,-1.1851,0.0800,65.1700
2026-05-09T17:28:14.505,-1.1600,0.0800,65.2314
2026-05-09T17:28:14.519,-1.1347,0.0800,65.2935
2026-05-09T17:28:14.533,-1.1090,0.0800,65.3565
2026-05-09T17:28:14.546,-1.0808,0.0800,65.4255
2026-05-09T17:28:14.560,-1.0561,0.0800,65.4856
2026-05-09T17:28:14.574,-1.0312,0.0800,65.5470
2026-05-09T17:28:14.589,-1.0066,0.0800,65.6083
2026-05-09T17:28:14.602,-0.9807,0.0800,65.6737
2026-05-09T17:28:14.616,-0.9551,0.0800,65.7393
2026-05-09T17:28:14.630,-0.9316,0.0800,65.8004
2026-05-09T17:28:14.643,-0.9074,0.0800,65.8641
2026-05-09T17:28:14.658,-0.8837,0.0800,65.9275
2026-05-09T17:28:14.671,-0.8599,0.0800,65.9925
2026-05-09T17:28:14.686,-0.8363,0.0800,66.0565
2026-05-09T17:28:14.699,-0.8137,0.0800,66.1180
2026-05-09T17:28:14.713,-0.7862,0.0800,66.1928
2026-05-09T17:28:14.727,-0.7646,0.0800,66.2515
2026-05-09T17:28:14.740,-0.7409,0.0800,66.3159
2026-05-09T17:28:14.755,-0.7165,0.0800,66.3824
2026-05-09T17:28:14.769,-0.6941,0.0800,66.4431
2026-05-09T17:28:14.782,-0.6685,0.0800,66.5126
2026-05-09T17:28:14.797,-0.6447,0.0800,66.5774
2026-05-09T17:28:14.810,-0.6207,0.0800,66.6427
2026-05-09T17:28:14.824,-0.5970,0.0800,66.7072
2026-05-09T17:28:14.838,-0.5776,0.0800,66.7692
2026-05-09T17:28:14.853,-0.5776,0.0800,66.8320
2026-05-09T17:28:14.866,-0.5776,0.0800,66.8930
2026-05-09T17:28:14.880,-0.5776,0.0800,66.9668
2026-05-09T17:28:14.894,-0.5776,0.0800,67.0268
2026-05-09T17:28:14.908,-0.5776,0.0800,67.0875
2026-05-09T17:28:14.922,-0.5776,0.0800,67.1516
2026-05-09T17:28:14.936,-0.5776,0.0800,67.2183
2026-05-09T17:28:14.950,-0.5612,0.0800,67.2863
2026-05-09T17:28:14.964,-0.5377,0.0800,67.3502
2026-05-09T17:28:14.977,-0.5144,0.0800,67.4130
2026-05-09T17:28:14.992,-0.4900,0.0800,67.4773
2026-05-09T17:28:15.006,-0.4668,0.0800,67.5378
2026-05-09T17:28:15.019,-0.4415,0.0800,67.6029
2026-05-09T17:28:15.033,-0.4175,0.0800,67.6633
2026-05-09T17:28:15.048,-0.3922,0.0800,67.7261
2026-05-09T17:28:15.061,-0.3691,0.0800,67.7825
2026-05-09T17:28:15.074,-0.3441,0.0800,67.8416
2026-05-09T17:28:15.088,-0.3219,0.0800,67.8935
2026-05-09T17:28:15.103,-0.3006,0.0800,67.9418
2026-05-09T17:28:15.117,-0.2798,0.0800,67.9867
2026-05-09T17:28:15.131,-0.2610,0.0800,68.0269
2026-05-09T17:28:15.144,-0.2445,0.0800,68.0607
2026-05-09T17:28:15.158,-0.2290,0.0800,68.0912
2026-05-09T17:28:15.172,-0.2166,0.0800,68.1136
2026-05-09T17:28:15.187,-0.2051,0.0800,68.1348
2026-05-09T17:28:15.200,-0.1952,0.0800,68.1523
2026-05-09T17:28:15.214,-0.1838,0.0800,68.1704
2026-05-09T17:28:15.228,-0.1749,0.0800,68.1848
2026-05-09T17:28:15.241,-0.1651,0.0800,68.2000
2026-05-09T17:28:15.256,-0.1541,0.0800,68.2152
2026-05-09T17:28:15.270,-0.1440,0.0800,68.2294
2026-05-09T17:28:15.283,-0.1327,0.0800,68.2448
2026-05-09T17:28:15.297,-0.1219,0.0800,68.2588
2026-05-09T17:28:15.311,-0.1096,0.0800,68.2731
2026-05-09T17:28:15.325,-0.0982,0.0800,68.2866
2026-05-09T17:28:15.338,-0.0862,0.0800,68.3003
2026-05-09T17:28:15.353,-0.0731,0.0800,68.3136
2026-05-09T17:28:15.367,-0.0619,0.0800,68.3254
2026-05-09T17:28:15.380,-0.0476,0.0800,68.3398
2026-05-09T17:28:15.395,-0.0345,0.0800,68.3514
2026-05-09T17:28:15.408,-0.0219,0.0800,68.3630
2026-05-09T17:28:15.422,-0.0077,0.0800,68.3756
2026-05-09T17:28:15.436,0.0067,0.0800,68.3868
2026-05-09T17:28:15.450,0.0203,0.0800,68.3978
2026-05-09T17:28:15.464,0.0350,0.0800,68.4092
2026-05-09T17:28:15.477,0.0501,0.0800,68.4204
2026-05-09T17:28:15.492,0.0650,0.0800,68.4300
2026-05-09T17:28:15.505,0.0797,0.0800,68.4400
2026-05-09T17:28:15.519,0.0948,0.0800,68.4497
2026-05-09T17:28:15.533,0.1110,0.0800,68.4590
2026-05-09T17:28:15.547,0.1268,0.0800,68.4683
2026-05-09T17:28:15.561,0.1419,0.0800,68.4768
2026-05-09T17:28:15.575,0.1595,0.0800,68.4855
2026-05-09T17:28:15.589,0.1776,0.0800,68.4946
2026-05-09T17:28:15.602,0.2034,0.0800,68.5067
2026-05-09T17:28:15.616,0.2318,0.0800,68.5186
2026-05-09T17:28:15.630,0.2606,0.0800,68.5306
2026-05-09T17:28:15.644,0.2951,0.0800,68.5442
2026-05-09T17:28:15.658,0.3302,0.0800,68.5573
2026-05-09T17:28:15.671,0.3695,0.0800,68.5704
2026-05-09T17:28:15.686,0.4066,0.0800,68.5827
2026-05-09T17:28:15.699,0.4450,0.0800,68.5946
2026-05-09T17:28:15.713,0.4927,0.0800,68.6079
2026-05-09T17:28:15.728,0.5324,0.0800,68.6186
2026-05-09T17:28:15.741,0.5802,0.0800,68.6308
2026-05-09T17:28:15.755,0.6298,0.0800,68.6419
2026-05-09T17:28:15.769,0.6780,0.0800,68.6524
2026-05-09T17:28:15.782,0.7283,0.0800,68.6625
2026-05-09T17:28:15.797,0.7798,0.0800,68.6716
2026-05-09T17:28:15.810,0.8297,0.0800,68.6801
2026-05-09T17:28:15.825,0.8830,0.0800,68.6885
2026-05-09T17:28:15.838,0.9348,0.0800,68.6958
2026-05-09T17:28:15.853,0.9872,0.0800,68.7020
2026-05-09T17:28:15.866,1.0369,0.0800,68.7076
2026-05-09T17:28:15.880,1.0977,0.0800,68.7136
2026-05-09T17:28:15.894,1.1475,0.0800,68.7172
2026-05-09T17:28:15.908,1.2018,0.0800,68.7210
2026-05-09T17:28:15.921,1.2545,0.0800,68.7239
2026-05-09T17:28:15.935,1.3091,0.0800,68.7257
2026-05-09T17:28:15.950,1.3637,0.0800,68.7272
2026-05-09T17:28:15.963,1.4185,0.0800,68.7279
2026-05-09T17:28:15.977,1.4771,0.0800,68.7278
2026-05-09T17:28:15.991,1.5297,0.0800,68.7264
2026-05-09T17:28:16.005,1.5842,0.0800,68.7248
2026-05-09T17:28:16.018,1.6386,0.0800,68.7224
2026-05-09T17:28:16.033,1.6937,0.0800,68.7188
2026-05-09T17:28:16.047,1.7541,0.0800,68.7146
2026-05-09T17:28:16.060,1.8074,0.0800,68.7100
2026-05-09T17:28:16.074,1.8658,0.0800,68.7038
2026-05-09T17:28:16.088,1.9160,0.0800,68.6982
2026-05-09T17:28:16.102,1.9747,0.0800,68.6909
2026-05-09T17:28:16.116,2.0297,0.0800,68.6828
2026-05-09T17:28:16.130,2.0821,0.0800,68.6749
2026-05-09T17:28:16.144,2.1414,0.0800,68.6651
2026-05-09T17:28:16.157,2.1989,0.0800,68.6549
2026-05-09T17:28:16.171,2.2572,0.0800,68.6432
2026-05-09T17:28:16.186,2.3075,0.0800,68.6329
2026-05-09T17:28:16.199,2.3625,0.0800,68.6210
2026-05-09T17:28:16.213,2.4235,0.0800,68.6065
2026-05-09T17:28:16.227,2.4751,0.0800,68.5939
2026-05-09T17:28:16.241,2.5338,0.0800,68.5787
2026-05-09T17:28:16.255,2.5889,0.0800,68.5631
2026-05-09T17:28:16.269,2.6432,0.0800,68.5474
2026-05-09T17:28:16.282,2.7050,0.0800,68.5287
2026-05-09T17:28:16.296,2.7654,0.0800,68.5091
2026-05-09T17:28:16.310,2.8260,0.0800,68.4891
2026-05-09T17:28:16.324,2.8912,0.0800,68.4668
2026-05-09T17:28:16.337,2.9533,0.0800,68.4449
2026-05-09T17:28:16.352,3.0219,0.0800,68.4205
2026-05-09T17:28:16.366,3.0789,0.0800,68.3997
2026-05-09T17:28:16.379,3.1439,0.0800,68.3764
2026-05-09T17:28:16.393,3.1942,0.0800,68.3592
2026-05-09T17:28:16.407,3.2487,0.0800,68.3405
2026-05-09T17:28:16.421,3.2940,0.0800,68.3255
2026-05-09T17:28:16.435,3.3354,0.0800,68.3128
2026-05-09T17:28:16.449,3.3765,0.0800,68.3001
2026-05-09T17:28:16.463,3.4131,0.0800,68.2894
2026-05-09T17:28:16.477,3.4490,0.0800,68.2795
2026-05-09T17:28:16.491,3.4775,0.0800,68.2730
2026-05-09T17:28:16.504,3.5075,0.0800,68.2658
2026-05-09T17:28:16.518,3.5366,0.0800,68.2594
2026-05-09T17:28:16.533,3.5649,0.0800,68.2545
2026-05-09T17:28:16.546,3.5951,0.0800,68.2491
2026-05-09T17:28:16.560,3.6235,0.0800,68.2446
2026-05-09T17:28:16.574,3.6493,0.0800,68.2417
2026-05-09T17:28:16.588,3.6752,0.0800,68.2385
2026-05-09T17:28:16.602,3.7002,0.0800,68.2360
2026-05-09T17:28:16.616,3.7250,0.0800,68.2347
2026-05-09T17:28:16.630,3.7495,0.0800,68.2332
2026-05-09T17:28:16.643,3.7748,0.0800,68.2322
2026-05-09T17:28:16.657,3.7986,0.0800,68.2318
2026-05-09T17:28:16.671,3.8219,0.0800,68.2326
2026-05-09T17:28:16.686,3.8454,0.0800,68.2332
2026-05-09T17:28:16.699,3.8691,0.0800,68.2343
2026-05-09T17:28:16.713,3.8959,0.0800,68.2369
2026-05-09T17:28:16.727,3.9186,0.0800,68.2391
2026-05-09T17:28:16.740,3.9466,0.0800,68.2424
2026-05-09T17:28:16.755,3.9687,0.0800,68.2465
2026-05-09T17:28:16.769,3.9933,0.0800,68.2506
2026-05-09T17:28:16.783,4.0199,0.0800,68.2558
2026-05-09T17:28:16.797,4.0453,0.0800,68.2622
2026-05-09T17:28:16.810,4.0751,0.0800,68.2697
